{
"type": "FeatureCollection",
"name": "lqv_quebrada_polygon",
"crs": { "type": "name", "properties": { "name": "urn:ogc:def:crs:OGC:1.3:CRS84" } },
"features": [
{ "type": "Feature", "properties": { "type": "stream", "flow_acc_threshold_cells": 50 }, "geometry": { "type": "Polygon", "coordinates": [ [ [ -57.041111111093961, -25.595000000015588 ], [ -57.041111111093961, -25.595277777793367 ], [ -57.040833333316179, -25.595277777793367 ], [ -57.040833333316179, -25.595000000015588 ], [ -57.041111111093961, -25.595000000015588 ] ] ] } },
{ "type": "Feature", "properties": { "type": "stream", "flow_acc_threshold_cells": 50 }, "geometry": { "type": "Polygon", "coordinates": [ [ [ -57.036666666649516, -25.595000000015588 ], [ -57.036666666649516, -25.595277777793367 ], [ -57.036388888871734, -25.595277777793367 ], [ -57.036388888871734, -25.595000000015588 ], [ -57.036666666649516, -25.595000000015588 ] ] ] } },
{ "type": "Feature", "properties": { "type": "stream", "flow_acc_threshold_cells": 50 }, "geometry": { "type": "Polygon", "coordinates": [ [ [ -57.034166666649512, -25.595000000015588 ], [ -57.034166666649512, -25.595277777793367 ], [ -57.033888888871736, -25.595277777793367 ], [ -57.033888888871736, -25.595000000015588 ], [ -57.034166666649512, -25.595000000015588 ] ] ] } },
{ "type": "Feature", "properties": { "type": "stream", "flow_acc_threshold_cells": 50 }, "geometry": { "type": "Polygon", "coordinates": [ [ [ -57.033333333316179, -25.595000000015588 ], [ -57.033333333316179, -25.595277777793367 ], [ -57.032777777760629, -25.595277777793367 ], [ -57.032777777760629, -25.595000000015588 ], [ -57.033333333316179, -25.595000000015588 ] ] ] } },
{ "type": "Feature", "properties": { "type": "stream", "flow_acc_threshold_cells": 50 }, "geometry": { "type": "Polygon", "coordinates": [ [ [ -57.017777777760621, -25.595000000015588 ], [ -57.017777777760621, -25.595277777793367 ], [ -57.017499999982846, -25.595277777793367 ], [ -57.017499999982846, -25.595000000015588 ], [ -57.017777777760621, -25.595000000015588 ] ] ] } },
{ "type": "Feature", "properties": { "type": "stream", "flow_acc_threshold_cells": 50 }, "geometry": { "type": "Polygon", "coordinates": [ [ [ -57.024166666649514, -25.595000000015588 ], [ -57.024166666649514, -25.595555555571142 ], [ -57.023888888871738, -25.595555555571142 ], [ -57.023888888871738, -25.595000000015588 ], [ -57.024166666649514, -25.595000000015588 ] ] ] } },
{ "type": "Feature", "properties": { "type": "stream", "flow_acc_threshold_cells": 50 }, "geometry": { "type": "Polygon", "coordinates": [ [ [ -57.043055555538402, -25.595000000015588 ], [ -57.043055555538402, -25.595833333348921 ], [ -57.042777777760627, -25.595833333348921 ], [ -57.042777777760627, -25.595000000015588 ], [ -57.043055555538402, -25.595000000015588 ] ] ] } },
{ "type": "Feature", "properties": { "type": "stream", "flow_acc_threshold_cells": 50 }, "geometry": { "type": "Polygon", "coordinates": [ [ [ -57.039999999982847, -25.595000000015588 ], [ -57.039999999982847, -25.595833333348921 ], [ -57.039722222205071, -25.595833333348921 ], [ -57.039722222205071, -25.595000000015588 ], [ -57.039999999982847, -25.595000000015588 ] ] ] } },
{ "type": "Feature", "properties": { "type": "stream", "flow_acc_threshold_cells": 50 }, "geometry": { "type": "Polygon", "coordinates": [ [ [ -57.020833333316176, -25.595000000015588 ], [ -57.020833333316176, -25.595833333348921 ], [ -57.020555555538401, -25.595833333348921 ], [ -57.020555555538401, -25.595000000015588 ], [ -57.020833333316176, -25.595000000015588 ] ] ] } },
{ "type": "Feature", "properties": { "type": "stream", "flow_acc_threshold_cells": 50 }, "geometry": { "type": "Polygon", "coordinates": [ [ [ -57.021111111093958, -25.595833333348921 ], [ -57.021111111093958, -25.596111111126699 ], [ -57.020833333316176, -25.596111111126699 ], [ -57.020833333316176, -25.595833333348921 ], [ -57.021111111093958, -25.595833333348921 ] ] ] } },
{ "type": "Feature", "properties": { "type": "stream", "flow_acc_threshold_cells": 50 }, "geometry": { "type": "Polygon", "coordinates": [ [ [ -57.024444444427289, -25.595555555571142 ], [ -57.024444444427289, -25.596388888904478 ], [ -57.024166666649514, -25.596388888904478 ], [ -57.024166666649514, -25.595555555571142 ], [ -57.024444444427289, -25.595555555571142 ] ] ] } },
{ "type": "Feature", "properties": { "type": "stream", "flow_acc_threshold_cells": 50 }, "geometry": { "type": "Polygon", "coordinates": [ [ [ -57.043333333316184, -25.595833333348921 ], [ -57.043333333316184, -25.596388888904478 ], [ -57.043055555538402, -25.596388888904478 ], [ -57.043055555538402, -25.595833333348921 ], [ -57.043333333316184, -25.595833333348921 ] ] ] } },
{ "type": "Feature", "properties": { "type": "stream", "flow_acc_threshold_cells": 50 }, "geometry": { "type": "Polygon", "coordinates": [ [ [ -57.021388888871734, -25.596111111126699 ], [ -57.021388888871734, -25.596388888904478 ], [ -57.021111111093958, -25.596388888904478 ], [ -57.021111111093958, -25.596111111126699 ], [ -57.021388888871734, -25.596111111126699 ] ] ] } },
{ "type": "Feature", "properties": { "type": "stream", "flow_acc_threshold_cells": 50 }, "geometry": { "type": "Polygon", "coordinates": [ [ [ -57.040277777760629, -25.595833333348921 ], [ -57.040277777760629, -25.596666666682253 ], [ -57.039999999982847, -25.596666666682253 ], [ -57.039999999982847, -25.595833333348921 ], [ -57.040277777760629, -25.595833333348921 ] ] ] } },
{ "type": "Feature", "properties": { "type": "stream", "flow_acc_threshold_cells": 50 }, "geometry": { "type": "Polygon", "coordinates": [ [ [ -57.043611111093959, -25.596388888904478 ], [ -57.043611111093959, -25.596666666682253 ], [ -57.043333333316184, -25.596666666682253 ], [ -57.043333333316184, -25.596388888904478 ], [ -57.043611111093959, -25.596388888904478 ] ] ] } },
{ "type": "Feature", "properties": { "type": "stream", "flow_acc_threshold_cells": 50 }, "geometry": { "type": "Polygon", "coordinates": [ [ [ -57.025277777760621, -25.596388888904478 ], [ -57.025277777760621, -25.596666666682253 ], [ -57.024444444427289, -25.596666666682253 ], [ -57.024444444427289, -25.596388888904478 ], [ -57.025277777760621, -25.596388888904478 ] ] ] } },
{ "type": "Feature", "properties": { "type": "stream", "flow_acc_threshold_cells": 50 }, "geometry": { "type": "Polygon", "coordinates": [ [ [ -57.021666666649516, -25.596388888904478 ], [ -57.021666666649516, -25.596666666682253 ], [ -57.021388888871734, -25.596666666682253 ], [ -57.021388888871734, -25.596388888904478 ], [ -57.021666666649516, -25.596388888904478 ] ] ] } },
{ "type": "Feature", "properties": { "type": "stream", "flow_acc_threshold_cells": 50 }, "geometry": { "type": "Polygon", "coordinates": [ [ [ -57.018055555538403, -25.595277777793367 ], [ -57.018055555538403, -25.596944444460032 ], [ -57.017777777760621, -25.596944444460032 ], [ -57.017777777760621, -25.595277777793367 ], [ -57.018055555538403, -25.595277777793367 ] ] ] } },
{ "type": "Feature", "properties": { "type": "stream", "flow_acc_threshold_cells": 50 }, "geometry": { "type": "Polygon", "coordinates": [ [ [ -57.025555555538403, -25.596666666682253 ], [ -57.025555555538403, -25.596944444460032 ], [ -57.025277777760621, -25.596944444460032 ], [ -57.025277777760621, -25.596666666682253 ], [ -57.025555555538403, -25.596666666682253 ] ] ] } },
{ "type": "Feature", "properties": { "type": "stream", "flow_acc_threshold_cells": 50 }, "geometry": { "type": "Polygon", "coordinates": [ [ [ -57.025833333316179, -25.596944444460032 ], [ -57.025833333316179, -25.597222222237811 ], [ -57.025555555538403, -25.597222222237811 ], [ -57.025555555538403, -25.596944444460032 ], [ -57.025833333316179, -25.596944444460032 ] ] ] } },
{ "type": "Feature", "properties": { "type": "stream", "flow_acc_threshold_cells": 50 }, "geometry": { "type": "Polygon", "coordinates": [ [ [ -57.018333333316178, -25.596944444460032 ], [ -57.018333333316178, -25.597222222237811 ], [ -57.018611111093954, -25.597222222237811 ], [ -57.018611111093954, -25.597500000015589 ], [ -57.018055555538403, -25.597500000015589 ], [ -57.018055555538403, -25.596944444460032 ], [ -57.018333333316178, -25.596944444460032 ] ] ] } },
{ "type": "Feature", "properties": { "type": "stream", "flow_acc_threshold_cells": 50 }, "geometry": { "type": "Polygon", "coordinates": [ [ [ -57.018055555538403, -25.597500000015589 ], [ -57.018055555538403, -25.598333333348922 ], [ -57.017499999982846, -25.598333333348922 ], [ -57.017499999982846, -25.597777777793365 ], [ -57.017777777760621, -25.597777777793365 ], [ -57.017777777760621, -25.597500000015589 ], [ -57.018055555538403, -25.597500000015589 ] ] ] } },
{ "type": "Feature", "properties": { "type": "stream", "flow_acc_threshold_cells": 50 }, "geometry": { "type": "Polygon", "coordinates": [ [ [ -57.020555555538401, -25.598055555571143 ], [ -57.020555555538401, -25.598333333348922 ], [ -57.020277777760626, -25.598333333348922 ], [ -57.020277777760626, -25.598055555571143 ], [ -57.020555555538401, -25.598055555571143 ] ] ] } },
{ "type": "Feature", "properties": { "type": "stream", "flow_acc_threshold_cells": 50 }, "geometry": { "type": "Polygon", "coordinates": [ [ [ -57.020833333316176, -25.598333333348922 ], [ -57.020833333316176, -25.598611111126701 ], [ -57.020555555538401, -25.598611111126701 ], [ -57.020555555538401, -25.598333333348922 ], [ -57.020833333316176, -25.598333333348922 ] ] ] } },
{ "type": "Feature", "properties": { "type": "stream", "flow_acc_threshold_cells": 50 }, "geometry": { "type": "Polygon", "coordinates": [ [ [ -57.021111111093958, -25.598611111126701 ], [ -57.021111111093958, -25.598888888904476 ], [ -57.020833333316176, -25.598888888904476 ], [ -57.020833333316176, -25.598611111126701 ], [ -57.021111111093958, -25.598611111126701 ] ] ] } },
{ "type": "Feature", "properties": { "type": "stream", "flow_acc_threshold_cells": 50 }, "geometry": { "type": "Polygon", "coordinates": [ [ [ -57.021388888871734, -25.598888888904476 ], [ -57.021388888871734, -25.599166666682255 ], [ -57.021111111093958, -25.599166666682255 ], [ -57.021111111093958, -25.598888888904476 ], [ -57.021388888871734, -25.598888888904476 ] ] ] } },
{ "type": "Feature", "properties": { "type": "stream", "flow_acc_threshold_cells": 50 }, "geometry": { "type": "Polygon", "coordinates": [ [ [ -57.019722222205068, -25.598888888904476 ], [ -57.019722222205068, -25.599166666682255 ], [ -57.019444444427293, -25.599166666682255 ], [ -57.019444444427293, -25.598888888904476 ], [ -57.019722222205068, -25.598888888904476 ] ] ] } },
{ "type": "Feature", "properties": { "type": "stream", "flow_acc_threshold_cells": 50 }, "geometry": { "type": "Polygon", "coordinates": [ [ [ -57.021666666649516, -25.599166666682255 ], [ -57.021666666649516, -25.599444444460033 ], [ -57.021388888871734, -25.599444444460033 ], [ -57.021388888871734, -25.599166666682255 ], [ -57.021666666649516, -25.599166666682255 ] ] ] } },
{ "type": "Feature", "properties": { "type": "stream", "flow_acc_threshold_cells": 50 }, "geometry": { "type": "Polygon", "coordinates": [ [ [ -57.021944444427291, -25.599444444460033 ], [ -57.021944444427291, -25.599722222237812 ], [ -57.021666666649516, -25.599722222237812 ], [ -57.021666666649516, -25.599444444460033 ], [ -57.021944444427291, -25.599444444460033 ] ] ] } },
{ "type": "Feature", "properties": { "type": "stream", "flow_acc_threshold_cells": 50 }, "geometry": { "type": "Polygon", "coordinates": [ [ [ -57.033333333316179, -25.598611111126701 ], [ -57.033333333316179, -25.600000000015587 ], [ -57.033055555538404, -25.600000000015587 ], [ -57.033055555538404, -25.598611111126701 ], [ -57.033333333316179, -25.598611111126701 ] ] ] } },
{ "type": "Feature", "properties": { "type": "stream", "flow_acc_threshold_cells": 50 }, "geometry": { "type": "Polygon", "coordinates": [ [ [ -57.036388888871734, -25.599722222237812 ], [ -57.036388888871734, -25.600000000015587 ], [ -57.035833333316184, -25.600000000015587 ], [ -57.035833333316184, -25.599722222237812 ], [ -57.036388888871734, -25.599722222237812 ] ] ] } },
{ "type": "Feature", "properties": { "type": "stream", "flow_acc_threshold_cells": 50 }, "geometry": { "type": "Polygon", "coordinates": [ [ [ -57.022222222205066, -25.599722222237812 ], [ -57.022222222205066, -25.600000000015587 ], [ -57.021944444427291, -25.600000000015587 ], [ -57.021944444427291, -25.599722222237812 ], [ -57.022222222205066, -25.599722222237812 ] ] ] } },
{ "type": "Feature", "properties": { "type": "stream", "flow_acc_threshold_cells": 50 }, "geometry": { "type": "Polygon", "coordinates": [ [ [ -57.035833333316184, -25.600000000015587 ], [ -57.035833333316184, -25.600277777793366 ], [ -57.035555555538402, -25.600277777793366 ], [ -57.035555555538402, -25.600000000015587 ], [ -57.035833333316184, -25.600000000015587 ] ] ] } },
{ "type": "Feature", "properties": { "type": "stream", "flow_acc_threshold_cells": 50 }, "geometry": { "type": "Polygon", "coordinates": [ [ [ -57.033055555538404, -25.600000000015587 ], [ -57.033055555538404, -25.600555555571145 ], [ -57.032777777760629, -25.600555555571145 ], [ -57.032777777760629, -25.600000000015587 ], [ -57.033055555538404, -25.600000000015587 ] ] ] } },
{ "type": "Feature", "properties": { "type": "stream", "flow_acc_threshold_cells": 50 }, "geometry": { "type": "Polygon", "coordinates": [ [ [ -57.035555555538402, -25.600277777793366 ], [ -57.035555555538402, -25.600555555571145 ], [ -57.035277777760626, -25.600555555571145 ], [ -57.035277777760626, -25.600277777793366 ], [ -57.035555555538402, -25.600277777793366 ] ] ] } },
{ "type": "Feature", "properties": { "type": "stream", "flow_acc_threshold_cells": 50 }, "geometry": { "type": "Polygon", "coordinates": [ [ [ -57.018888888871736, -25.597500000015589 ], [ -57.018888888871736, -25.597777777793365 ], [ -57.020277777760626, -25.597777777793365 ], [ -57.020277777760626, -25.598055555571143 ], [ -57.018888888871736, -25.598055555571143 ], [ -57.018888888871736, -25.598611111126701 ], [ -57.019444444427293, -25.598611111126701 ], [ -57.019444444427293, -25.598888888904476 ], [ -57.018611111093954, -25.598888888904476 ], [ -57.018611111093954, -25.599722222237812 ], [ -57.019166666649511, -25.599722222237812 ], [ -57.019166666649511, -25.600000000015587 ], [ -57.018611111093954, -25.600000000015587 ], [ -57.018611111093954, -25.600833333348923 ], [ -57.018333333316178, -25.600833333348923 ], [ -57.018333333316178, -25.600277777793366 ], [ -57.018055555538403, -25.600277777793366 ], [ -57.018055555538403, -25.599722222237812 ], [ -57.018333333316178, -25.599722222237812 ], [ -57.018333333316178, -25.598611111126701 ], [ -57.018611111093954, -25.598611111126701 ], [ -57.018611111093954, -25.597500000015589 ], [ -57.018888888871736, -25.597500000015589 ] ] ] } },
{ "type": "Feature", "properties": { "type": "stream", "flow_acc_threshold_cells": 50 }, "geometry": { "type": "Polygon", "coordinates": [ [ [ -57.035277777760626, -25.600555555571145 ], [ -57.035277777760626, -25.600833333348923 ], [ -57.034999999982851, -25.600833333348923 ], [ -57.034999999982851, -25.600555555571145 ], [ -57.035277777760626, -25.600555555571145 ] ] ] } },
{ "type": "Feature", "properties": { "type": "stream", "flow_acc_threshold_cells": 50 }, "geometry": { "type": "Polygon", "coordinates": [ [ [ -57.032499999982846, -25.600555555571145 ], [ -57.032499999982846, -25.600833333348923 ], [ -57.032222222205071, -25.600833333348923 ], [ -57.032222222205071, -25.600555555571145 ], [ -57.032499999982846, -25.600555555571145 ] ] ] } },
{ "type": "Feature", "properties": { "type": "stream", "flow_acc_threshold_cells": 50 }, "geometry": { "type": "Polygon", "coordinates": [ [ [ -57.018055555538403, -25.600277777793366 ], [ -57.018055555538403, -25.601111111126698 ], [ -57.017777777760621, -25.601111111126698 ], [ -57.017777777760621, -25.600277777793366 ], [ -57.018055555538403, -25.600277777793366 ] ] ] } },
{ "type": "Feature", "properties": { "type": "stream", "flow_acc_threshold_cells": 50 }, "geometry": { "type": "Polygon", "coordinates": [ [ [ -57.033333333316179, -25.600555555571145 ], [ -57.033333333316179, -25.601111111126698 ], [ -57.033055555538404, -25.601111111126698 ], [ -57.033055555538404, -25.600555555571145 ], [ -57.033333333316179, -25.600555555571145 ] ] ] } },
{ "type": "Feature", "properties": { "type": "stream", "flow_acc_threshold_cells": 50 }, "geometry": { "type": "Polygon", "coordinates": [ [ [ -57.034999999982851, -25.600833333348923 ], [ -57.034999999982851, -25.601111111126698 ], [ -57.034722222205069, -25.601111111126698 ], [ -57.034722222205069, -25.600833333348923 ], [ -57.034999999982851, -25.600833333348923 ] ] ] } },
{ "type": "Feature", "properties": { "type": "stream", "flow_acc_threshold_cells": 50 }, "geometry": { "type": "Polygon", "coordinates": [ [ [ -57.032777777760629, -25.600833333348923 ], [ -57.032777777760629, -25.601111111126698 ], [ -57.032499999982846, -25.601111111126698 ], [ -57.032499999982846, -25.600833333348923 ], [ -57.032777777760629, -25.600833333348923 ] ] ] } },
{ "type": "Feature", "properties": { "type": "stream", "flow_acc_threshold_cells": 50 }, "geometry": { "type": "Polygon", "coordinates": [ [ [ -57.033611111093961, -25.601111111126698 ], [ -57.033611111093961, -25.601388888904477 ], [ -57.033333333316179, -25.601388888904477 ], [ -57.033333333316179, -25.601111111126698 ], [ -57.033611111093961, -25.601111111126698 ] ] ] } },
{ "type": "Feature", "properties": { "type": "stream", "flow_acc_threshold_cells": 50 }, "geometry": { "type": "Polygon", "coordinates": [ [ [ -57.032499999982846, -25.601111111126698 ], [ -57.032499999982846, -25.601388888904477 ], [ -57.032222222205071, -25.601388888904477 ], [ -57.032222222205071, -25.601111111126698 ], [ -57.032499999982846, -25.601111111126698 ] ] ] } },
{ "type": "Feature", "properties": { "type": "stream", "flow_acc_threshold_cells": 50 }, "geometry": { "type": "Polygon", "coordinates": [ [ [ -57.032777777760629, -25.601388888904477 ], [ -57.032777777760629, -25.601666666682256 ], [ -57.032499999982846, -25.601666666682256 ], [ -57.032499999982846, -25.601388888904477 ], [ -57.032777777760629, -25.601388888904477 ] ] ] } },
{ "type": "Feature", "properties": { "type": "stream", "flow_acc_threshold_cells": 50 }, "geometry": { "type": "Polygon", "coordinates": [ [ [ -57.019444444427293, -25.601388888904477 ], [ -57.019444444427293, -25.601666666682256 ], [ -57.019166666649511, -25.601666666682256 ], [ -57.019166666649511, -25.601388888904477 ], [ -57.019444444427293, -25.601388888904477 ] ] ] } },
{ "type": "Feature", "properties": { "type": "stream", "flow_acc_threshold_cells": 50 }, "geometry": { "type": "Polygon", "coordinates": [ [ [ -57.041944444427294, -25.601111111126698 ], [ -57.041944444427294, -25.601944444460035 ], [ -57.041666666649519, -25.601944444460035 ], [ -57.041666666649519, -25.601111111126698 ], [ -57.041944444427294, -25.601111111126698 ] ] ] } },
{ "type": "Feature", "properties": { "type": "stream", "flow_acc_threshold_cells": 50 }, "geometry": { "type": "Polygon", "coordinates": [ [ [ -57.017777777760621, -25.601111111126698 ], [ -57.017777777760621, -25.601944444460035 ], [ -57.017499999982846, -25.601944444460035 ], [ -57.017499999982846, -25.601111111126698 ], [ -57.017777777760621, -25.601111111126698 ] ] ] } },
{ "type": "Feature", "properties": { "type": "stream", "flow_acc_threshold_cells": 50 }, "geometry": { "type": "Polygon", "coordinates": [ [ [ -57.041666666649519, -25.601944444460035 ], [ -57.041666666649519, -25.60222222223781 ], [ -57.041388888871737, -25.60222222223781 ], [ -57.041388888871737, -25.601944444460035 ], [ -57.041666666649519, -25.601944444460035 ] ] ] } },
{ "type": "Feature", "properties": { "type": "stream", "flow_acc_threshold_cells": 50 }, "geometry": { "type": "Polygon", "coordinates": [ [ [ -57.018888888871736, -25.600833333348923 ], [ -57.018888888871736, -25.601111111126698 ], [ -57.019166666649511, -25.601111111126698 ], [ -57.019166666649511, -25.601388888904477 ], [ -57.018888888871736, -25.601388888904477 ], [ -57.018888888871736, -25.602500000015588 ], [ -57.018611111093954, -25.602500000015588 ], [ -57.018611111093954, -25.600833333348923 ], [ -57.018888888871736, -25.600833333348923 ] ] ] } },
{ "type": "Feature", "properties": { "type": "stream", "flow_acc_threshold_cells": 50 }, "geometry": { "type": "Polygon", "coordinates": [ [ [ -57.017499999982846, -25.601944444460035 ], [ -57.017499999982846, -25.602500000015588 ], [ -57.017222222205071, -25.602500000015588 ], [ -57.017222222205071, -25.601944444460035 ], [ -57.017499999982846, -25.601944444460035 ] ] ] } },
{ "type": "Feature", "properties": { "type": "stream", "flow_acc_threshold_cells": 50 }, "geometry": { "type": "Polygon", "coordinates": [ [ [ -57.041388888871737, -25.60222222223781 ], [ -57.041388888871737, -25.602500000015588 ], [ -57.041111111093961, -25.602500000015588 ], [ -57.041111111093961, -25.60222222223781 ], [ -57.041388888871737, -25.60222222223781 ] ] ] } },
{ "type": "Feature", "properties": { "type": "stream", "flow_acc_threshold_cells": 50 }, "geometry": { "type": "Polygon", "coordinates": [ [ [ -57.034722222205069, -25.601111111126698 ], [ -57.034722222205069, -25.601944444460035 ], [ -57.034444444427294, -25.601944444460035 ], [ -57.034444444427294, -25.602777777793367 ], [ -57.034166666649512, -25.602777777793367 ], [ -57.034166666649512, -25.60222222223781 ], [ -57.033888888871736, -25.60222222223781 ], [ -57.033888888871736, -25.601666666682256 ], [ -57.033611111093961, -25.601666666682256 ], [ -57.033611111093961, -25.601388888904477 ], [ -57.033888888871736, -25.601388888904477 ], [ -57.033888888871736, -25.601111111126698 ], [ -57.034166666649512, -25.601111111126698 ], [ -57.034166666649512, -25.601666666682256 ], [ -57.034444444427294, -25.601666666682256 ], [ -57.034444444427294, -25.601111111126698 ], [ -57.034722222205069, -25.601111111126698 ] ] ] } },
{ "type": "Feature", "properties": { "type": "stream", "flow_acc_threshold_cells": 50 }, "geometry": { "type": "Polygon", "coordinates": [ [ [ -57.033055555538404, -25.601666666682256 ], [ -57.033055555538404, -25.602777777793367 ], [ -57.032777777760629, -25.602777777793367 ], [ -57.032777777760629, -25.601666666682256 ], [ -57.033055555538404, -25.601666666682256 ] ] ] } },
{ "type": "Feature", "properties": { "type": "stream", "flow_acc_threshold_cells": 50 }, "geometry": { "type": "Polygon", "coordinates": [ [ [ -57.041111111093961, -25.602500000015588 ], [ -57.041111111093961, -25.602777777793367 ], [ -57.040833333316179, -25.602777777793367 ], [ -57.040833333316179, -25.602500000015588 ], [ -57.041111111093961, -25.602500000015588 ] ] ] } },
{ "type": "Feature", "properties": { "type": "stream", "flow_acc_threshold_cells": 50 }, "geometry": { "type": "Polygon", "coordinates": [ [ [ -57.018611111093954, -25.602500000015588 ], [ -57.018611111093954, -25.603055555571146 ], [ -57.018333333316178, -25.603055555571146 ], [ -57.018333333316178, -25.602500000015588 ], [ -57.018611111093954, -25.602500000015588 ] ] ] } },
{ "type": "Feature", "properties": { "type": "stream", "flow_acc_threshold_cells": 50 }, "geometry": { "type": "Polygon", "coordinates": [ [ [ -57.040833333316179, -25.602777777793367 ], [ -57.040833333316179, -25.603055555571146 ], [ -57.040555555538404, -25.603055555571146 ], [ -57.040555555538404, -25.602777777793367 ], [ -57.040833333316179, -25.602777777793367 ] ] ] } },
{ "type": "Feature", "properties": { "type": "stream", "flow_acc_threshold_cells": 50 }, "geometry": { "type": "Polygon", "coordinates": [ [ [ -57.034166666649512, -25.602777777793367 ], [ -57.034166666649512, -25.603055555571146 ], [ -57.033888888871736, -25.603055555571146 ], [ -57.033888888871736, -25.602777777793367 ], [ -57.034166666649512, -25.602777777793367 ] ] ] } },
{ "type": "Feature", "properties": { "type": "stream", "flow_acc_threshold_cells": 50 }, "geometry": { "type": "Polygon", "coordinates": [ [ [ -57.032777777760629, -25.602777777793367 ], [ -57.032777777760629, -25.603055555571146 ], [ -57.032499999982846, -25.603055555571146 ], [ -57.032499999982846, -25.602777777793367 ], [ -57.032777777760629, -25.602777777793367 ] ] ] } },
{ "type": "Feature", "properties": { "type": "stream", "flow_acc_threshold_cells": 50 }, "geometry": { "type": "Polygon", "coordinates": [ [ [ -57.027777777760626, -25.600833333348923 ], [ -57.027777777760626, -25.603333333348921 ], [ -57.027499999982844, -25.603333333348921 ], [ -57.027499999982844, -25.600833333348923 ], [ -57.027777777760626, -25.600833333348923 ] ] ] } },
{ "type": "Feature", "properties": { "type": "stream", "flow_acc_threshold_cells": 50 }, "geometry": { "type": "Polygon", "coordinates": [ [ [ -57.040555555538404, -25.603055555571146 ], [ -57.040555555538404, -25.603333333348921 ], [ -57.039999999982847, -25.603333333348921 ], [ -57.039999999982847, -25.603055555571146 ], [ -57.040555555538404, -25.603055555571146 ] ] ] } },
{ "type": "Feature", "properties": { "type": "stream", "flow_acc_threshold_cells": 50 }, "geometry": { "type": "Polygon", "coordinates": [ [ [ -57.028055555538401, -25.603333333348921 ], [ -57.028055555538401, -25.6036111111267 ], [ -57.027777777760626, -25.6036111111267 ], [ -57.027777777760626, -25.603333333348921 ], [ -57.028055555538401, -25.603333333348921 ] ] ] } },
{ "type": "Feature", "properties": { "type": "stream", "flow_acc_threshold_cells": 50 }, "geometry": { "type": "Polygon", "coordinates": [ [ [ -57.039444444427296, -25.601111111126698 ], [ -57.039444444427296, -25.603888888904478 ], [ -57.039166666649514, -25.603888888904478 ], [ -57.039166666649514, -25.601111111126698 ], [ -57.039444444427296, -25.601111111126698 ] ] ] } },
{ "type": "Feature", "properties": { "type": "stream", "flow_acc_threshold_cells": 50 }, "geometry": { "type": "Polygon", "coordinates": [ [ [ -57.018888888871736, -25.603055555571146 ], [ -57.018888888871736, -25.603888888904478 ], [ -57.018611111093954, -25.603888888904478 ], [ -57.018611111093954, -25.603055555571146 ], [ -57.018888888871736, -25.603055555571146 ] ] ] } },
{ "type": "Feature", "properties": { "type": "stream", "flow_acc_threshold_cells": 50 }, "geometry": { "type": "Polygon", "coordinates": [ [ [ -57.039999999982847, -25.603333333348921 ], [ -57.039999999982847, -25.603888888904478 ], [ -57.039722222205071, -25.603888888904478 ], [ -57.039722222205071, -25.603333333348921 ], [ -57.039999999982847, -25.603333333348921 ] ] ] } },
{ "type": "Feature", "properties": { "type": "stream", "flow_acc_threshold_cells": 50 }, "geometry": { "type": "Polygon", "coordinates": [ [ [ -57.032222222205071, -25.603333333348921 ], [ -57.032222222205071, -25.603888888904478 ], [ -57.031944444427289, -25.603888888904478 ], [ -57.031944444427289, -25.603333333348921 ], [ -57.032222222205071, -25.603333333348921 ] ] ] } },
{ "type": "Feature", "properties": { "type": "stream", "flow_acc_threshold_cells": 50 }, "geometry": { "type": "Polygon", "coordinates": [ [ [ -57.034444444427294, -25.603055555571146 ], [ -57.034444444427294, -25.604166666682257 ], [ -57.034166666649512, -25.604166666682257 ], [ -57.034166666649512, -25.603055555571146 ], [ -57.034444444427294, -25.603055555571146 ] ] ] } },
{ "type": "Feature", "properties": { "type": "stream", "flow_acc_threshold_cells": 50 }, "geometry": { "type": "Polygon", "coordinates": [ [ [ -57.044166666649517, -25.603888888904478 ], [ -57.044166666649517, -25.604166666682257 ], [ -57.043333333316184, -25.604166666682257 ], [ -57.043333333316184, -25.603888888904478 ], [ -57.044166666649517, -25.603888888904478 ] ] ] } },
{ "type": "Feature", "properties": { "type": "stream", "flow_acc_threshold_cells": 50 }, "geometry": { "type": "Polygon", "coordinates": [ [ [ -57.042777777760627, -25.603888888904478 ], [ -57.042777777760627, -25.604166666682257 ], [ -57.042222222205069, -25.604166666682257 ], [ -57.042222222205069, -25.603888888904478 ], [ -57.042777777760627, -25.603888888904478 ] ] ] } },
{ "type": "Feature", "properties": { "type": "stream", "flow_acc_threshold_cells": 50 }, "geometry": { "type": "Polygon", "coordinates": [ [ [ -57.024166666649514, -25.603888888904478 ], [ -57.024166666649514, -25.604166666682257 ], [ -57.023333333316181, -25.604166666682257 ], [ -57.023333333316181, -25.603888888904478 ], [ -57.024166666649514, -25.603888888904478 ] ] ] } },
{ "type": "Feature", "properties": { "type": "stream", "flow_acc_threshold_cells": 50 }, "geometry": { "type": "Polygon", "coordinates": [ [ [ -57.027777777760626, -25.6036111111267 ], [ -57.027777777760626, -25.604444444460032 ], [ -57.027499999982844, -25.604444444460032 ], [ -57.027499999982844, -25.6036111111267 ], [ -57.027777777760626, -25.6036111111267 ] ] ] } },
{ "type": "Feature", "properties": { "type": "stream", "flow_acc_threshold_cells": 50 }, "geometry": { "type": "Polygon", "coordinates": [ [ [ -57.039722222205071, -25.603888888904478 ], [ -57.039722222205071, -25.604444444460032 ], [ -57.039444444427296, -25.604444444460032 ], [ -57.039444444427296, -25.603888888904478 ], [ -57.039722222205071, -25.603888888904478 ] ] ] } },
{ "type": "Feature", "properties": { "type": "stream", "flow_acc_threshold_cells": 50 }, "geometry": { "type": "Polygon", "coordinates": [ [ [ -57.038888888871739, -25.603888888904478 ], [ -57.038888888871739, -25.604444444460032 ], [ -57.038611111093957, -25.604444444460032 ], [ -57.038611111093957, -25.603888888904478 ], [ -57.038888888871739, -25.603888888904478 ] ] ] } },
{ "type": "Feature", "properties": { "type": "stream", "flow_acc_threshold_cells": 50 }, "geometry": { "type": "Polygon", "coordinates": [ [ [ -57.032499999982846, -25.603888888904478 ], [ -57.032499999982846, -25.604444444460032 ], [ -57.032222222205071, -25.604444444460032 ], [ -57.032222222205071, -25.603888888904478 ], [ -57.032499999982846, -25.603888888904478 ] ] ] } },
{ "type": "Feature", "properties": { "type": "stream", "flow_acc_threshold_cells": 50 }, "geometry": { "type": "Polygon", "coordinates": [ [ [ -57.043333333316184, -25.604166666682257 ], [ -57.043333333316184, -25.604444444460032 ], [ -57.042777777760627, -25.604444444460032 ], [ -57.042777777760627, -25.604166666682257 ], [ -57.043333333316184, -25.604166666682257 ] ] ] } },
{ "type": "Feature", "properties": { "type": "stream", "flow_acc_threshold_cells": 50 }, "geometry": { "type": "Polygon", "coordinates": [ [ [ -57.025833333316179, -25.604166666682257 ], [ -57.025833333316179, -25.604444444460032 ], [ -57.025555555538403, -25.604444444460032 ], [ -57.025555555538403, -25.604166666682257 ], [ -57.025833333316179, -25.604166666682257 ] ] ] } },
{ "type": "Feature", "properties": { "type": "stream", "flow_acc_threshold_cells": 50 }, "geometry": { "type": "Polygon", "coordinates": [ [ [ -57.024999999982846, -25.604166666682257 ], [ -57.024999999982846, -25.604444444460032 ], [ -57.024166666649514, -25.604444444460032 ], [ -57.024166666649514, -25.604166666682257 ], [ -57.024999999982846, -25.604166666682257 ] ] ] } },
{ "type": "Feature", "properties": { "type": "stream", "flow_acc_threshold_cells": 50 }, "geometry": { "type": "Polygon", "coordinates": [ [ [ -57.036944444427292, -25.603888888904478 ], [ -57.036944444427292, -25.604722222237811 ], [ -57.036666666649516, -25.604722222237811 ], [ -57.036666666649516, -25.603888888904478 ], [ -57.036944444427292, -25.603888888904478 ] ] ] } },
{ "type": "Feature", "properties": { "type": "stream", "flow_acc_threshold_cells": 50 }, "geometry": { "type": "Polygon", "coordinates": [ [ [ -57.041666666649519, -25.603888888904478 ], [ -57.041666666649519, -25.604166666682257 ], [ -57.042222222205069, -25.604166666682257 ], [ -57.042222222205069, -25.604444444460032 ], [ -57.040833333316179, -25.604444444460032 ], [ -57.040833333316179, -25.604722222237811 ], [ -57.039999999982847, -25.604722222237811 ], [ -57.039999999982847, -25.604444444460032 ], [ -57.040555555538404, -25.604444444460032 ], [ -57.040555555538404, -25.604166666682257 ], [ -57.040833333316179, -25.604166666682257 ], [ -57.040833333316179, -25.603888888904478 ], [ -57.041666666649519, -25.603888888904478 ] ] ] } },
{ "type": "Feature", "properties": { "type": "stream", "flow_acc_threshold_cells": 50 }, "geometry": { "type": "Polygon", "coordinates": [ [ [ -57.032777777760629, -25.604444444460032 ], [ -57.032777777760629, -25.604722222237811 ], [ -57.032499999982846, -25.604722222237811 ], [ -57.032499999982846, -25.604444444460032 ], [ -57.032777777760629, -25.604444444460032 ] ] ] } },
{ "type": "Feature", "properties": { "type": "stream", "flow_acc_threshold_cells": 50 }, "geometry": { "type": "Polygon", "coordinates": [ [ [ -57.028055555538401, -25.604444444460032 ], [ -57.028055555538401, -25.604722222237811 ], [ -57.027777777760626, -25.604722222237811 ], [ -57.027777777760626, -25.604444444460032 ], [ -57.028055555538401, -25.604444444460032 ] ] ] } },
{ "type": "Feature", "properties": { "type": "stream", "flow_acc_threshold_cells": 50 }, "geometry": { "type": "Polygon", "coordinates": [ [ [ -57.025277777760621, -25.604444444460032 ], [ -57.025277777760621, -25.604722222237811 ], [ -57.024999999982846, -25.604722222237811 ], [ -57.024999999982846, -25.604444444460032 ], [ -57.025277777760621, -25.604444444460032 ] ] ] } },
{ "type": "Feature", "properties": { "type": "stream", "flow_acc_threshold_cells": 50 }, "geometry": { "type": "Polygon", "coordinates": [ [ [ -57.034999999982851, -25.604166666682257 ], [ -57.034999999982851, -25.60500000001559 ], [ -57.034722222205069, -25.60500000001559 ], [ -57.034722222205069, -25.604444444460032 ], [ -57.034444444427294, -25.604444444460032 ], [ -57.034444444427294, -25.604166666682257 ], [ -57.034999999982851, -25.604166666682257 ] ] ] } },
{ "type": "Feature", "properties": { "type": "stream", "flow_acc_threshold_cells": 50 }, "geometry": { "type": "Polygon", "coordinates": [ [ [ -57.039999999982847, -25.604722222237811 ], [ -57.039999999982847, -25.60500000001559 ], [ -57.039722222205071, -25.60500000001559 ], [ -57.039722222205071, -25.604722222237811 ], [ -57.039999999982847, -25.604722222237811 ] ] ] } },
{ "type": "Feature", "properties": { "type": "stream", "flow_acc_threshold_cells": 50 }, "geometry": { "type": "Polygon", "coordinates": [ [ [ -57.028333333316183, -25.604722222237811 ], [ -57.028333333316183, -25.60500000001559 ], [ -57.028055555538401, -25.60500000001559 ], [ -57.028055555538401, -25.604722222237811 ], [ -57.028333333316183, -25.604722222237811 ] ] ] } },
{ "type": "Feature", "properties": { "type": "stream", "flow_acc_threshold_cells": 50 }, "geometry": { "type": "Polygon", "coordinates": [ [ [ -57.025555555538403, -25.604722222237811 ], [ -57.025555555538403, -25.60500000001559 ], [ -57.025277777760621, -25.60500000001559 ], [ -57.025277777760621, -25.604722222237811 ], [ -57.025555555538403, -25.604722222237811 ] ] ] } },
{ "type": "Feature", "properties": { "type": "stream", "flow_acc_threshold_cells": 50 }, "geometry": { "type": "Polygon", "coordinates": [ [ [ -57.035277777760626, -25.60500000001559 ], [ -57.035277777760626, -25.605277777793368 ], [ -57.034999999982851, -25.605277777793368 ], [ -57.034999999982851, -25.60500000001559 ], [ -57.035277777760626, -25.60500000001559 ] ] ] } },
{ "type": "Feature", "properties": { "type": "stream", "flow_acc_threshold_cells": 50 }, "geometry": { "type": "Polygon", "coordinates": [ [ [ -57.028611111093959, -25.60500000001559 ], [ -57.028611111093959, -25.605277777793368 ], [ -57.028333333316183, -25.605277777793368 ], [ -57.028333333316183, -25.60500000001559 ], [ -57.028611111093959, -25.60500000001559 ] ] ] } },
{ "type": "Feature", "properties": { "type": "stream", "flow_acc_threshold_cells": 50 }, "geometry": { "type": "Polygon", "coordinates": [ [ [ -57.033333333316179, -25.602777777793367 ], [ -57.033333333316179, -25.605555555571144 ], [ -57.033055555538404, -25.605555555571144 ], [ -57.033055555538404, -25.605277777793368 ], [ -57.032777777760629, -25.605277777793368 ], [ -57.032777777760629, -25.604722222237811 ], [ -57.033055555538404, -25.604722222237811 ], [ -57.033055555538404, -25.603333333348921 ], [ -57.032777777760629, -25.603333333348921 ], [ -57.032777777760629, -25.603055555571146 ], [ -57.033055555538404, -25.603055555571146 ], [ -57.033055555538404, -25.602777777793367 ], [ -57.033333333316179, -25.602777777793367 ] ] ] } },
{ "type": "Feature", "properties": { "type": "stream", "flow_acc_threshold_cells": 50 }, "geometry": { "type": "Polygon", "coordinates": [ [ [ -57.036666666649516, -25.604722222237811 ], [ -57.036666666649516, -25.605555555571144 ], [ -57.036388888871734, -25.605555555571144 ], [ -57.036388888871734, -25.604722222237811 ], [ -57.036666666649516, -25.604722222237811 ] ] ] } },
{ "type": "Feature", "properties": { "type": "stream", "flow_acc_threshold_cells": 50 }, "geometry": { "type": "Polygon", "coordinates": [ [ [ -57.035555555538402, -25.605277777793368 ], [ -57.035555555538402, -25.605555555571144 ], [ -57.035277777760626, -25.605555555571144 ], [ -57.035277777760626, -25.605277777793368 ], [ -57.035555555538402, -25.605277777793368 ] ] ] } },
{ "type": "Feature", "properties": { "type": "stream", "flow_acc_threshold_cells": 50 }, "geometry": { "type": "Polygon", "coordinates": [ [ [ -57.028888888871734, -25.605277777793368 ], [ -57.028888888871734, -25.605555555571144 ], [ -57.028611111093959, -25.605555555571144 ], [ -57.028611111093959, -25.605277777793368 ], [ -57.028888888871734, -25.605277777793368 ] ] ] } },
{ "type": "Feature", "properties": { "type": "stream", "flow_acc_threshold_cells": 50 }, "geometry": { "type": "Polygon", "coordinates": [ [ [ -57.039722222205071, -25.605555555571144 ], [ -57.039722222205071, -25.605833333348922 ], [ -57.039444444427296, -25.605833333348922 ], [ -57.039444444427296, -25.605555555571144 ], [ -57.039722222205071, -25.605555555571144 ] ] ] } },
{ "type": "Feature", "properties": { "type": "stream", "flow_acc_threshold_cells": 50 }, "geometry": { "type": "Polygon", "coordinates": [ [ [ -57.029166666649516, -25.605555555571144 ], [ -57.029166666649516, -25.605833333348922 ], [ -57.028888888871734, -25.605833333348922 ], [ -57.028888888871734, -25.605555555571144 ], [ -57.029166666649516, -25.605555555571144 ] ] ] } },
{ "type": "Feature", "properties": { "type": "stream", "flow_acc_threshold_cells": 50 }, "geometry": { "type": "Polygon", "coordinates": [ [ [ -57.027222222205069, -25.605555555571144 ], [ -57.027222222205069, -25.605833333348922 ], [ -57.026944444427293, -25.605833333348922 ], [ -57.026944444427293, -25.605555555571144 ], [ -57.027222222205069, -25.605555555571144 ] ] ] } },
{ "type": "Feature", "properties": { "type": "stream", "flow_acc_threshold_cells": 50 }, "geometry": { "type": "Polygon", "coordinates": [ [ [ -57.039444444427296, -25.604444444460032 ], [ -57.039444444427296, -25.604722222237811 ], [ -57.039166666649514, -25.604722222237811 ], [ -57.039166666649514, -25.60500000001559 ], [ -57.039722222205071, -25.60500000001559 ], [ -57.039722222205071, -25.605277777793368 ], [ -57.039444444427296, -25.605277777793368 ], [ -57.039444444427296, -25.605555555571144 ], [ -57.039166666649514, -25.605555555571144 ], [ -57.039166666649514, -25.605277777793368 ], [ -57.038888888871739, -25.605277777793368 ], [ -57.038888888871739, -25.605833333348922 ], [ -57.038611111093957, -25.605833333348922 ], [ -57.038611111093957, -25.606111111126701 ], [ -57.038333333316181, -25.606111111126701 ], [ -57.038333333316181, -25.60500000001559 ], [ -57.038888888871739, -25.60500000001559 ], [ -57.038888888871739, -25.604444444460032 ], [ -57.039444444427296, -25.604444444460032 ] ] ] } },
{ "type": "Feature", "properties": { "type": "stream", "flow_acc_threshold_cells": 50 }, "geometry": { "type": "Polygon", "coordinates": [ [ [ -57.033611111093961, -25.605555555571144 ], [ -57.033611111093961, -25.606111111126701 ], [ -57.033333333316179, -25.606111111126701 ], [ -57.033333333316179, -25.605555555571144 ], [ -57.033611111093961, -25.605555555571144 ] ] ] } },
{ "type": "Feature", "properties": { "type": "stream", "flow_acc_threshold_cells": 50 }, "geometry": { "type": "Polygon", "coordinates": [ [ [ -57.040555555538404, -25.605833333348922 ], [ -57.040555555538404, -25.606111111126701 ], [ -57.039722222205071, -25.606111111126701 ], [ -57.039722222205071, -25.605833333348922 ], [ -57.040555555538404, -25.605833333348922 ] ] ] } },
{ "type": "Feature", "properties": { "type": "stream", "flow_acc_threshold_cells": 50 }, "geometry": { "type": "Polygon", "coordinates": [ [ [ -57.031111111093956, -25.605833333348922 ], [ -57.031111111093956, -25.606111111126701 ], [ -57.030833333316181, -25.606111111126701 ], [ -57.030833333316181, -25.605833333348922 ], [ -57.031111111093956, -25.605833333348922 ] ] ] } },
{ "type": "Feature", "properties": { "type": "stream", "flow_acc_threshold_cells": 50 }, "geometry": { "type": "Polygon", "coordinates": [ [ [ -57.027499999982844, -25.605833333348922 ], [ -57.027499999982844, -25.606111111126701 ], [ -57.027222222205069, -25.606111111126701 ], [ -57.027222222205069, -25.605833333348922 ], [ -57.027499999982844, -25.605833333348922 ] ] ] } },
{ "type": "Feature", "properties": { "type": "stream", "flow_acc_threshold_cells": 50 }, "geometry": { "type": "Polygon", "coordinates": [ [ [ -57.036944444427292, -25.605555555571144 ], [ -57.036944444427292, -25.60638888890448 ], [ -57.036666666649516, -25.60638888890448 ], [ -57.036666666649516, -25.605555555571144 ], [ -57.036944444427292, -25.605555555571144 ] ] ] } },
{ "type": "Feature", "properties": { "type": "stream", "flow_acc_threshold_cells": 50 }, "geometry": { "type": "Polygon", "coordinates": [ [ [ -57.035833333316184, -25.605555555571144 ], [ -57.035833333316184, -25.60638888890448 ], [ -57.035555555538402, -25.60638888890448 ], [ -57.035555555538402, -25.605555555571144 ], [ -57.035833333316184, -25.605555555571144 ] ] ] } },
{ "type": "Feature", "properties": { "type": "stream", "flow_acc_threshold_cells": 50 }, "geometry": { "type": "Polygon", "coordinates": [ [ [ -57.040833333316179, -25.606111111126701 ], [ -57.040833333316179, -25.60638888890448 ], [ -57.040555555538404, -25.60638888890448 ], [ -57.040555555538404, -25.606111111126701 ], [ -57.040833333316179, -25.606111111126701 ] ] ] } },
{ "type": "Feature", "properties": { "type": "stream", "flow_acc_threshold_cells": 50 }, "geometry": { "type": "Polygon", "coordinates": [ [ [ -57.038333333316181, -25.606111111126701 ], [ -57.038333333316181, -25.60638888890448 ], [ -57.038055555538406, -25.60638888890448 ], [ -57.038055555538406, -25.606111111126701 ], [ -57.038333333316181, -25.606111111126701 ] ] ] } },
{ "type": "Feature", "properties": { "type": "stream", "flow_acc_threshold_cells": 50 }, "geometry": { "type": "Polygon", "coordinates": [ [ [ -57.037777777760624, -25.606111111126701 ], [ -57.037777777760624, -25.60638888890448 ], [ -57.037499999982849, -25.60638888890448 ], [ -57.037499999982849, -25.606111111126701 ], [ -57.037777777760624, -25.606111111126701 ] ] ] } },
{ "type": "Feature", "properties": { "type": "stream", "flow_acc_threshold_cells": 50 }, "geometry": { "type": "Polygon", "coordinates": [ [ [ -57.033333333316179, -25.606111111126701 ], [ -57.033333333316179, -25.60638888890448 ], [ -57.033055555538404, -25.60638888890448 ], [ -57.033055555538404, -25.606111111126701 ], [ -57.033333333316179, -25.606111111126701 ] ] ] } },
{ "type": "Feature", "properties": { "type": "stream", "flow_acc_threshold_cells": 50 }, "geometry": { "type": "Polygon", "coordinates": [ [ [ -57.031388888871739, -25.606111111126701 ], [ -57.031388888871739, -25.60638888890448 ], [ -57.031111111093956, -25.60638888890448 ], [ -57.031111111093956, -25.606111111126701 ], [ -57.031388888871739, -25.606111111126701 ] ] ] } },
{ "type": "Feature", "properties": { "type": "stream", "flow_acc_threshold_cells": 50 }, "geometry": { "type": "Polygon", "coordinates": [ [ [ -57.027777777760626, -25.606111111126701 ], [ -57.027777777760626, -25.60638888890448 ], [ -57.027499999982844, -25.60638888890448 ], [ -57.027499999982844, -25.606111111126701 ], [ -57.027777777760626, -25.606111111126701 ] ] ] } },
{ "type": "Feature", "properties": { "type": "stream", "flow_acc_threshold_cells": 50 }, "geometry": { "type": "Polygon", "coordinates": [ [ [ -57.026111111093961, -25.604444444460032 ], [ -57.026111111093961, -25.606666666682255 ], [ -57.025833333316179, -25.606666666682255 ], [ -57.025833333316179, -25.605555555571144 ], [ -57.025555555538403, -25.605555555571144 ], [ -57.025555555538403, -25.60500000001559 ], [ -57.025833333316179, -25.60500000001559 ], [ -57.025833333316179, -25.604444444460032 ], [ -57.026111111093961, -25.604444444460032 ] ] ] } },
{ "type": "Feature", "properties": { "type": "stream", "flow_acc_threshold_cells": 50 }, "geometry": { "type": "Polygon", "coordinates": [ [ [ -57.029444444427291, -25.605833333348922 ], [ -57.029444444427291, -25.606666666682255 ], [ -57.029166666649516, -25.606666666682255 ], [ -57.029166666649516, -25.605833333348922 ], [ -57.029444444427291, -25.605833333348922 ] ] ] } },
{ "type": "Feature", "properties": { "type": "stream", "flow_acc_threshold_cells": 50 }, "geometry": { "type": "Polygon", "coordinates": [ [ [ -57.041944444427294, -25.60638888890448 ], [ -57.041944444427294, -25.606666666682255 ], [ -57.041666666649519, -25.606666666682255 ], [ -57.041666666649519, -25.60638888890448 ], [ -57.041944444427294, -25.60638888890448 ] ] ] } },
{ "type": "Feature", "properties": { "type": "stream", "flow_acc_threshold_cells": 50 }, "geometry": { "type": "Polygon", "coordinates": [ [ [ -57.038055555538406, -25.60638888890448 ], [ -57.038055555538406, -25.606666666682255 ], [ -57.037777777760624, -25.606666666682255 ], [ -57.037777777760624, -25.60638888890448 ], [ -57.038055555538406, -25.60638888890448 ] ] ] } },
{ "type": "Feature", "properties": { "type": "stream", "flow_acc_threshold_cells": 50 }, "geometry": { "type": "Polygon", "coordinates": [ [ [ -57.036666666649516, -25.60638888890448 ], [ -57.036666666649516, -25.606666666682255 ], [ -57.036388888871734, -25.606666666682255 ], [ -57.036388888871734, -25.60638888890448 ], [ -57.036666666649516, -25.60638888890448 ] ] ] } },
{ "type": "Feature", "properties": { "type": "stream", "flow_acc_threshold_cells": 50 }, "geometry": { "type": "Polygon", "coordinates": [ [ [ -57.036111111093959, -25.60638888890448 ], [ -57.036111111093959, -25.606666666682255 ], [ -57.035833333316184, -25.606666666682255 ], [ -57.035833333316184, -25.60638888890448 ], [ -57.036111111093959, -25.60638888890448 ] ] ] } },
{ "type": "Feature", "properties": { "type": "stream", "flow_acc_threshold_cells": 50 }, "geometry": { "type": "Polygon", "coordinates": [ [ [ -57.033055555538404, -25.60638888890448 ], [ -57.033055555538404, -25.606666666682255 ], [ -57.032777777760629, -25.606666666682255 ], [ -57.032777777760629, -25.60638888890448 ], [ -57.033055555538404, -25.60638888890448 ] ] ] } },
{ "type": "Feature", "properties": { "type": "stream", "flow_acc_threshold_cells": 50 }, "geometry": { "type": "Polygon", "coordinates": [ [ [ -57.032499999982846, -25.60638888890448 ], [ -57.032499999982846, -25.606666666682255 ], [ -57.031388888871739, -25.606666666682255 ], [ -57.031388888871739, -25.60638888890448 ], [ -57.032499999982846, -25.60638888890448 ] ] ] } },
{ "type": "Feature", "properties": { "type": "stream", "flow_acc_threshold_cells": 50 }, "geometry": { "type": "Polygon", "coordinates": [ [ [ -57.037499999982849, -25.60638888890448 ], [ -57.037499999982849, -25.606944444460034 ], [ -57.037222222205074, -25.606944444460034 ], [ -57.037222222205074, -25.60638888890448 ], [ -57.037499999982849, -25.60638888890448 ] ] ] } },
{ "type": "Feature", "properties": { "type": "stream", "flow_acc_threshold_cells": 50 }, "geometry": { "type": "Polygon", "coordinates": [ [ [ -57.042222222205069, -25.606666666682255 ], [ -57.042222222205069, -25.606944444460034 ], [ -57.041944444427294, -25.606944444460034 ], [ -57.041944444427294, -25.606666666682255 ], [ -57.042222222205069, -25.606666666682255 ] ] ] } },
{ "type": "Feature", "properties": { "type": "stream", "flow_acc_threshold_cells": 50 }, "geometry": { "type": "Polygon", "coordinates": [ [ [ -57.041388888871737, -25.60638888890448 ], [ -57.041388888871737, -25.606666666682255 ], [ -57.041666666649519, -25.606666666682255 ], [ -57.041666666649519, -25.606944444460034 ], [ -57.041111111093961, -25.606944444460034 ], [ -57.041111111093961, -25.606666666682255 ], [ -57.040833333316179, -25.606666666682255 ], [ -57.040833333316179, -25.60638888890448 ], [ -57.041388888871737, -25.60638888890448 ] ] ] } },
{ "type": "Feature", "properties": { "type": "stream", "flow_acc_threshold_cells": 50 }, "geometry": { "type": "Polygon", "coordinates": [ [ [ -57.036388888871734, -25.606666666682255 ], [ -57.036388888871734, -25.606944444460034 ], [ -57.036111111093959, -25.606944444460034 ], [ -57.036111111093959, -25.606666666682255 ], [ -57.036388888871734, -25.606666666682255 ] ] ] } },
{ "type": "Feature", "properties": { "type": "stream", "flow_acc_threshold_cells": 50 }, "geometry": { "type": "Polygon", "coordinates": [ [ [ -57.032777777760629, -25.606666666682255 ], [ -57.032777777760629, -25.606944444460034 ], [ -57.032499999982846, -25.606944444460034 ], [ -57.032499999982846, -25.606666666682255 ], [ -57.032777777760629, -25.606666666682255 ] ] ] } },
{ "type": "Feature", "properties": { "type": "stream", "flow_acc_threshold_cells": 50 }, "geometry": { "type": "Polygon", "coordinates": [ [ [ -57.026666666649511, -25.606666666682255 ], [ -57.026666666649511, -25.606944444460034 ], [ -57.026111111093961, -25.606944444460034 ], [ -57.026111111093961, -25.606666666682255 ], [ -57.026666666649511, -25.606666666682255 ] ] ] } },
{ "type": "Feature", "properties": { "type": "stream", "flow_acc_threshold_cells": 50 }, "geometry": { "type": "Polygon", "coordinates": [ [ [ -57.028055555538401, -25.60638888890448 ], [ -57.028055555538401, -25.607222222237812 ], [ -57.027777777760626, -25.607222222237812 ], [ -57.027777777760626, -25.60638888890448 ], [ -57.028055555538401, -25.60638888890448 ] ] ] } },
{ "type": "Feature", "properties": { "type": "stream", "flow_acc_threshold_cells": 50 }, "geometry": { "type": "Polygon", "coordinates": [ [ [ -57.029722222205066, -25.606666666682255 ], [ -57.029722222205066, -25.607222222237812 ], [ -57.029444444427291, -25.607222222237812 ], [ -57.029444444427291, -25.606666666682255 ], [ -57.029722222205066, -25.606666666682255 ] ] ] } },
{ "type": "Feature", "properties": { "type": "stream", "flow_acc_threshold_cells": 50 }, "geometry": { "type": "Polygon", "coordinates": [ [ [ -57.043055555538402, -25.606944444460034 ], [ -57.043055555538402, -25.607222222237812 ], [ -57.042222222205069, -25.607222222237812 ], [ -57.042222222205069, -25.606944444460034 ], [ -57.043055555538402, -25.606944444460034 ] ] ] } },
{ "type": "Feature", "properties": { "type": "stream", "flow_acc_threshold_cells": 50 }, "geometry": { "type": "Polygon", "coordinates": [ [ [ -57.033055555538404, -25.606944444460034 ], [ -57.033055555538404, -25.607222222237812 ], [ -57.032777777760629, -25.607222222237812 ], [ -57.032777777760629, -25.606944444460034 ], [ -57.033055555538404, -25.606944444460034 ] ] ] } },
{ "type": "Feature", "properties": { "type": "stream", "flow_acc_threshold_cells": 50 }, "geometry": { "type": "Polygon", "coordinates": [ [ [ -57.026944444427293, -25.606944444460034 ], [ -57.026944444427293, -25.607500000015591 ], [ -57.026666666649511, -25.607500000015591 ], [ -57.026666666649511, -25.606944444460034 ], [ -57.026944444427293, -25.606944444460034 ] ] ] } },
{ "type": "Feature", "properties": { "type": "stream", "flow_acc_threshold_cells": 50 }, "geometry": { "type": "Polygon", "coordinates": [ [ [ -57.033333333316179, -25.607222222237812 ], [ -57.033333333316179, -25.607777777793366 ], [ -57.033055555538404, -25.607777777793366 ], [ -57.033055555538404, -25.607222222237812 ], [ -57.033333333316179, -25.607222222237812 ] ] ] } },
{ "type": "Feature", "properties": { "type": "stream", "flow_acc_threshold_cells": 50 }, "geometry": { "type": "Polygon", "coordinates": [ [ [ -57.028333333316183, -25.607222222237812 ], [ -57.028333333316183, -25.607777777793366 ], [ -57.028055555538401, -25.607777777793366 ], [ -57.028055555538401, -25.607222222237812 ], [ -57.028333333316183, -25.607222222237812 ] ] ] } },
{ "type": "Feature", "properties": { "type": "stream", "flow_acc_threshold_cells": 50 }, "geometry": { "type": "Polygon", "coordinates": [ [ [ -57.024999999982846, -25.607222222237812 ], [ -57.024999999982846, -25.607777777793366 ], [ -57.024722222205071, -25.607777777793366 ], [ -57.024722222205071, -25.607222222237812 ], [ -57.024999999982846, -25.607222222237812 ] ] ] } },
{ "type": "Feature", "properties": { "type": "stream", "flow_acc_threshold_cells": 50 }, "geometry": { "type": "Polygon", "coordinates": [ [ [ -57.036944444427292, -25.606666666682255 ], [ -57.036944444427292, -25.606944444460034 ], [ -57.037222222205074, -25.606944444460034 ], [ -57.037222222205074, -25.607222222237812 ], [ -57.036944444427292, -25.607222222237812 ], [ -57.036944444427292, -25.607500000015591 ], [ -57.036666666649516, -25.607500000015591 ], [ -57.036666666649516, -25.608055555571145 ], [ -57.036111111093959, -25.608055555571145 ], [ -57.036111111093959, -25.607777777793366 ], [ -57.036388888871734, -25.607777777793366 ], [ -57.036388888871734, -25.606944444460034 ], [ -57.036666666649516, -25.606944444460034 ], [ -57.036666666649516, -25.606666666682255 ], [ -57.036944444427292, -25.606666666682255 ] ] ] } },
{ "type": "Feature", "properties": { "type": "stream", "flow_acc_threshold_cells": 50 }, "geometry": { "type": "Polygon", "coordinates": [ [ [ -57.029999999982849, -25.607222222237812 ], [ -57.029999999982849, -25.608055555571145 ], [ -57.029722222205066, -25.608055555571145 ], [ -57.029722222205066, -25.607222222237812 ], [ -57.029999999982849, -25.607222222237812 ] ] ] } },
{ "type": "Feature", "properties": { "type": "stream", "flow_acc_threshold_cells": 50 }, "geometry": { "type": "Polygon", "coordinates": [ [ [ -57.027222222205069, -25.607500000015591 ], [ -57.027222222205069, -25.608055555571145 ], [ -57.026944444427293, -25.608055555571145 ], [ -57.026944444427293, -25.607500000015591 ], [ -57.027222222205069, -25.607500000015591 ] ] ] } },
{ "type": "Feature", "properties": { "type": "stream", "flow_acc_threshold_cells": 50 }, "geometry": { "type": "Polygon", "coordinates": [ [ [ -57.025277777760621, -25.607777777793366 ], [ -57.025277777760621, -25.608333333348924 ], [ -57.024999999982846, -25.608333333348924 ], [ -57.024999999982846, -25.607777777793366 ], [ -57.025277777760621, -25.607777777793366 ] ] ] } },
{ "type": "Feature", "properties": { "type": "stream", "flow_acc_threshold_cells": 50 }, "geometry": { "type": "Polygon", "coordinates": [ [ [ -57.036944444427292, -25.608055555571145 ], [ -57.036944444427292, -25.608333333348924 ], [ -57.036666666649516, -25.608333333348924 ], [ -57.036666666649516, -25.608055555571145 ], [ -57.036944444427292, -25.608055555571145 ] ] ] } },
{ "type": "Feature", "properties": { "type": "stream", "flow_acc_threshold_cells": 50 }, "geometry": { "type": "Polygon", "coordinates": [ [ [ -57.027499999982844, -25.608055555571145 ], [ -57.027499999982844, -25.608611111126702 ], [ -57.027222222205069, -25.608611111126702 ], [ -57.027222222205069, -25.608055555571145 ], [ -57.027499999982844, -25.608055555571145 ] ] ] } },
{ "type": "Feature", "properties": { "type": "stream", "flow_acc_threshold_cells": 50 }, "geometry": { "type": "Polygon", "coordinates": [ [ [ -57.037499999982849, -25.608333333348924 ], [ -57.037499999982849, -25.608611111126702 ], [ -57.036944444427292, -25.608611111126702 ], [ -57.036944444427292, -25.608333333348924 ], [ -57.037499999982849, -25.608333333348924 ] ] ] } },
{ "type": "Feature", "properties": { "type": "stream", "flow_acc_threshold_cells": 50 }, "geometry": { "type": "Polygon", "coordinates": [ [ [ -57.019166666649511, -25.608333333348924 ], [ -57.019166666649511, -25.608611111126702 ], [ -57.018055555538403, -25.608611111126702 ], [ -57.018055555538403, -25.608333333348924 ], [ -57.019166666649511, -25.608333333348924 ] ] ] } },
{ "type": "Feature", "properties": { "type": "stream", "flow_acc_threshold_cells": 50 }, "geometry": { "type": "Polygon", "coordinates": [ [ [ -57.035555555538402, -25.607777777793366 ], [ -57.035555555538402, -25.608055555571145 ], [ -57.036111111093959, -25.608055555571145 ], [ -57.036111111093959, -25.608333333348924 ], [ -57.035555555538402, -25.608333333348924 ], [ -57.035555555538402, -25.608888888904477 ], [ -57.035277777760626, -25.608888888904477 ], [ -57.035277777760626, -25.607777777793366 ], [ -57.035555555538402, -25.607777777793366 ] ] ] } },
{ "type": "Feature", "properties": { "type": "stream", "flow_acc_threshold_cells": 50 }, "geometry": { "type": "Polygon", "coordinates": [ [ [ -57.030277777760624, -25.608055555571145 ], [ -57.030277777760624, -25.608888888904477 ], [ -57.029999999982849, -25.608888888904477 ], [ -57.029999999982849, -25.608055555571145 ], [ -57.030277777760624, -25.608055555571145 ] ] ] } },
{ "type": "Feature", "properties": { "type": "stream", "flow_acc_threshold_cells": 50 }, "geometry": { "type": "Polygon", "coordinates": [ [ [ -57.038055555538406, -25.608611111126702 ], [ -57.038055555538406, -25.608888888904477 ], [ -57.037499999982849, -25.608888888904477 ], [ -57.037499999982849, -25.608611111126702 ], [ -57.038055555538406, -25.608611111126702 ] ] ] } },
{ "type": "Feature", "properties": { "type": "stream", "flow_acc_threshold_cells": 50 }, "geometry": { "type": "Polygon", "coordinates": [ [ [ -57.025555555538403, -25.608333333348924 ], [ -57.025555555538403, -25.608611111126702 ], [ -57.025833333316179, -25.608611111126702 ], [ -57.025833333316179, -25.608888888904477 ], [ -57.025277777760621, -25.608888888904477 ], [ -57.025277777760621, -25.608333333348924 ], [ -57.025555555538403, -25.608333333348924 ] ] ] } },
{ "type": "Feature", "properties": { "type": "stream", "flow_acc_threshold_cells": 50 }, "geometry": { "type": "Polygon", "coordinates": [ [ [ -57.021111111093958, -25.608611111126702 ], [ -57.021111111093958, -25.608888888904477 ], [ -57.020833333316176, -25.608888888904477 ], [ -57.020833333316176, -25.608611111126702 ], [ -57.021111111093958, -25.608611111126702 ] ] ] } },
{ "type": "Feature", "properties": { "type": "stream", "flow_acc_threshold_cells": 50 }, "geometry": { "type": "Polygon", "coordinates": [ [ [ -57.019722222205068, -25.608611111126702 ], [ -57.019722222205068, -25.608888888904477 ], [ -57.019166666649511, -25.608888888904477 ], [ -57.019166666649511, -25.608611111126702 ], [ -57.019722222205068, -25.608611111126702 ] ] ] } },
{ "type": "Feature", "properties": { "type": "stream", "flow_acc_threshold_cells": 50 }, "geometry": { "type": "Polygon", "coordinates": [ [ [ -57.018055555538403, -25.608611111126702 ], [ -57.018055555538403, -25.608888888904477 ], [ -57.017222222205071, -25.608888888904477 ], [ -57.017222222205071, -25.608611111126702 ], [ -57.018055555538403, -25.608611111126702 ] ] ] } },
{ "type": "Feature", "properties": { "type": "stream", "flow_acc_threshold_cells": 50 }, "geometry": { "type": "Polygon", "coordinates": [ [ [ -57.028611111093959, -25.607777777793366 ], [ -57.028611111093959, -25.609166666682256 ], [ -57.028333333316183, -25.609166666682256 ], [ -57.028333333316183, -25.607777777793366 ], [ -57.028611111093959, -25.607777777793366 ] ] ] } },
{ "type": "Feature", "properties": { "type": "stream", "flow_acc_threshold_cells": 50 }, "geometry": { "type": "Polygon", "coordinates": [ [ [ -57.027777777760626, -25.608611111126702 ], [ -57.027777777760626, -25.609166666682256 ], [ -57.027499999982844, -25.609166666682256 ], [ -57.027499999982844, -25.608611111126702 ], [ -57.027777777760626, -25.608611111126702 ] ] ] } },
{ "type": "Feature", "properties": { "type": "stream", "flow_acc_threshold_cells": 50 }, "geometry": { "type": "Polygon", "coordinates": [ [ [ -57.026111111093961, -25.608888888904477 ], [ -57.026111111093961, -25.609166666682256 ], [ -57.025833333316179, -25.609166666682256 ], [ -57.025833333316179, -25.608888888904477 ], [ -57.026111111093961, -25.608888888904477 ] ] ] } },
{ "type": "Feature", "properties": { "type": "stream", "flow_acc_threshold_cells": 50 }, "geometry": { "type": "Polygon", "coordinates": [ [ [ -57.023888888871738, -25.608888888904477 ], [ -57.023888888871738, -25.609166666682256 ], [ -57.023611111093956, -25.609166666682256 ], [ -57.023611111093956, -25.608888888904477 ], [ -57.023888888871738, -25.608888888904477 ] ] ] } },
{ "type": "Feature", "properties": { "type": "stream", "flow_acc_threshold_cells": 50 }, "geometry": { "type": "Polygon", "coordinates": [ [ [ -57.017222222205071, -25.608888888904477 ], [ -57.017222222205071, -25.609166666682256 ], [ -57.016944444427288, -25.609166666682256 ], [ -57.016944444427288, -25.608888888904477 ], [ -57.017222222205071, -25.608888888904477 ] ] ] } },
{ "type": "Feature", "properties": { "type": "stream", "flow_acc_threshold_cells": 50 }, "geometry": { "type": "Polygon", "coordinates": [ [ [ -57.035277777760626, -25.608888888904477 ], [ -57.035277777760626, -25.609444444460035 ], [ -57.034999999982851, -25.609444444460035 ], [ -57.034999999982851, -25.608888888904477 ], [ -57.035277777760626, -25.608888888904477 ] ] ] } },
{ "type": "Feature", "properties": { "type": "stream", "flow_acc_threshold_cells": 50 }, "geometry": { "type": "Polygon", "coordinates": [ [ [ -57.019999999982844, -25.608888888904477 ], [ -57.019999999982844, -25.609444444460035 ], [ -57.019722222205068, -25.609444444460035 ], [ -57.019722222205068, -25.608888888904477 ], [ -57.019999999982844, -25.608888888904477 ] ] ] } },
{ "type": "Feature", "properties": { "type": "stream", "flow_acc_threshold_cells": 50 }, "geometry": { "type": "Polygon", "coordinates": [ [ [ -57.026388888871736, -25.609166666682256 ], [ -57.026388888871736, -25.609444444460035 ], [ -57.026111111093961, -25.609444444460035 ], [ -57.026111111093961, -25.609166666682256 ], [ -57.026388888871736, -25.609166666682256 ] ] ] } },
{ "type": "Feature", "properties": { "type": "stream", "flow_acc_threshold_cells": 50 }, "geometry": { "type": "Polygon", "coordinates": [ [ [ -57.016944444427288, -25.609166666682256 ], [ -57.016944444427288, -25.609444444460035 ], [ -57.016666666649513, -25.609444444460035 ], [ -57.016666666649513, -25.609166666682256 ], [ -57.016944444427288, -25.609166666682256 ] ] ] } },
{ "type": "Feature", "properties": { "type": "stream", "flow_acc_threshold_cells": 50 }, "geometry": { "type": "Polygon", "coordinates": [ [ [ -57.030555555538406, -25.608888888904477 ], [ -57.030555555538406, -25.609722222237814 ], [ -57.030277777760624, -25.609722222237814 ], [ -57.030277777760624, -25.608888888904477 ], [ -57.030555555538406, -25.608888888904477 ] ] ] } },
{ "type": "Feature", "properties": { "type": "stream", "flow_acc_threshold_cells": 50 }, "geometry": { "type": "Polygon", "coordinates": [ [ [ -57.024722222205071, -25.609166666682256 ], [ -57.024722222205071, -25.609722222237814 ], [ -57.024444444427289, -25.609722222237814 ], [ -57.024444444427289, -25.609444444460035 ], [ -57.023888888871738, -25.609444444460035 ], [ -57.023888888871738, -25.609166666682256 ], [ -57.024722222205071, -25.609166666682256 ] ] ] } },
{ "type": "Feature", "properties": { "type": "stream", "flow_acc_threshold_cells": 50 }, "geometry": { "type": "Polygon", "coordinates": [ [ [ -57.034999999982851, -25.609444444460035 ], [ -57.034999999982851, -25.609722222237814 ], [ -57.034722222205069, -25.609722222237814 ], [ -57.034722222205069, -25.609444444460035 ], [ -57.034999999982851, -25.609444444460035 ] ] ] } },
{ "type": "Feature", "properties": { "type": "stream", "flow_acc_threshold_cells": 50 }, "geometry": { "type": "Polygon", "coordinates": [ [ [ -57.033888888871736, -25.609444444460035 ], [ -57.033888888871736, -25.609722222237814 ], [ -57.033333333316179, -25.609722222237814 ], [ -57.033333333316179, -25.609444444460035 ], [ -57.033888888871736, -25.609444444460035 ] ] ] } },
{ "type": "Feature", "properties": { "type": "stream", "flow_acc_threshold_cells": 50 }, "geometry": { "type": "Polygon", "coordinates": [ [ [ -57.026666666649511, -25.609444444460035 ], [ -57.026666666649511, -25.609722222237814 ], [ -57.026388888871736, -25.609722222237814 ], [ -57.026388888871736, -25.609444444460035 ], [ -57.026666666649511, -25.609444444460035 ] ] ] } },
{ "type": "Feature", "properties": { "type": "stream", "flow_acc_threshold_cells": 50 }, "geometry": { "type": "Polygon", "coordinates": [ [ [ -57.020277777760626, -25.609444444460035 ], [ -57.020277777760626, -25.609722222237814 ], [ -57.019999999982844, -25.609722222237814 ], [ -57.019999999982844, -25.609444444460035 ], [ -57.020277777760626, -25.609444444460035 ] ] ] } },
{ "type": "Feature", "properties": { "type": "stream", "flow_acc_threshold_cells": 50 }, "geometry": { "type": "Polygon", "coordinates": [ [ [ -57.021388888871734, -25.608888888904477 ], [ -57.021388888871734, -25.610000000015589 ], [ -57.020833333316176, -25.610000000015589 ], [ -57.020833333316176, -25.609722222237814 ], [ -57.021111111093958, -25.609722222237814 ], [ -57.021111111093958, -25.608888888904477 ], [ -57.021388888871734, -25.608888888904477 ] ] ] } },
{ "type": "Feature", "properties": { "type": "stream", "flow_acc_threshold_cells": 50 }, "geometry": { "type": "Polygon", "coordinates": [ [ [ -57.028333333316183, -25.609166666682256 ], [ -57.028333333316183, -25.610000000015589 ], [ -57.028055555538401, -25.610000000015589 ], [ -57.028055555538401, -25.609444444460035 ], [ -57.027777777760626, -25.609444444460035 ], [ -57.027777777760626, -25.609166666682256 ], [ -57.028333333316183, -25.609166666682256 ] ] ] } },
{ "type": "Feature", "properties": { "type": "stream", "flow_acc_threshold_cells": 50 }, "geometry": { "type": "Polygon", "coordinates": [ [ [ -57.016666666649513, -25.609444444460035 ], [ -57.016666666649513, -25.610000000015589 ], [ -57.016388888871731, -25.610000000015589 ], [ -57.016388888871731, -25.609444444460035 ], [ -57.016666666649513, -25.609444444460035 ] ] ] } },
{ "type": "Feature", "properties": { "type": "stream", "flow_acc_threshold_cells": 50 }, "geometry": { "type": "Polygon", "coordinates": [ [ [ -57.034722222205069, -25.609722222237814 ], [ -57.034722222205069, -25.610000000015589 ], [ -57.034444444427294, -25.610000000015589 ], [ -57.034444444427294, -25.609722222237814 ], [ -57.034722222205069, -25.609722222237814 ] ] ] } },
{ "type": "Feature", "properties": { "type": "stream", "flow_acc_threshold_cells": 50 }, "geometry": { "type": "Polygon", "coordinates": [ [ [ -57.026944444427293, -25.609722222237814 ], [ -57.026944444427293, -25.610000000015589 ], [ -57.026666666649511, -25.610000000015589 ], [ -57.026666666649511, -25.609722222237814 ], [ -57.026944444427293, -25.609722222237814 ] ] ] } },
{ "type": "Feature", "properties": { "type": "stream", "flow_acc_threshold_cells": 50 }, "geometry": { "type": "Polygon", "coordinates": [ [ [ -57.020555555538401, -25.609722222237814 ], [ -57.020555555538401, -25.610000000015589 ], [ -57.020277777760626, -25.610000000015589 ], [ -57.020277777760626, -25.609722222237814 ], [ -57.020555555538401, -25.609722222237814 ] ] ] } },
{ "type": "Feature", "properties": { "type": "stream", "flow_acc_threshold_cells": 50 }, "geometry": { "type": "Polygon", "coordinates": [ [ [ -57.030833333316181, -25.609722222237814 ], [ -57.030833333316181, -25.610277777793367 ], [ -57.030555555538406, -25.610277777793367 ], [ -57.030555555538406, -25.609722222237814 ], [ -57.030833333316181, -25.609722222237814 ] ] ] } },
{ "type": "Feature", "properties": { "type": "stream", "flow_acc_threshold_cells": 50 }, "geometry": { "type": "Polygon", "coordinates": [ [ [ -57.032499999982846, -25.610000000015589 ], [ -57.032499999982846, -25.610277777793367 ], [ -57.032222222205071, -25.610277777793367 ], [ -57.032222222205071, -25.610000000015589 ], [ -57.032499999982846, -25.610000000015589 ] ] ] } },
{ "type": "Feature", "properties": { "type": "stream", "flow_acc_threshold_cells": 50 }, "geometry": { "type": "Polygon", "coordinates": [ [ [ -57.028611111093959, -25.610000000015589 ], [ -57.028611111093959, -25.610277777793367 ], [ -57.028333333316183, -25.610277777793367 ], [ -57.028333333316183, -25.610000000015589 ], [ -57.028611111093959, -25.610000000015589 ] ] ] } },
{ "type": "Feature", "properties": { "type": "stream", "flow_acc_threshold_cells": 50 }, "geometry": { "type": "Polygon", "coordinates": [ [ [ -57.021666666649516, -25.610000000015589 ], [ -57.021666666649516, -25.610277777793367 ], [ -57.021388888871734, -25.610277777793367 ], [ -57.021388888871734, -25.610000000015589 ], [ -57.021666666649516, -25.610000000015589 ] ] ] } },
{ "type": "Feature", "properties": { "type": "stream", "flow_acc_threshold_cells": 50 }, "geometry": { "type": "Polygon", "coordinates": [ [ [ -57.033055555538404, -25.607777777793366 ], [ -57.033055555538404, -25.609722222237814 ], [ -57.033333333316179, -25.609722222237814 ], [ -57.033333333316179, -25.610000000015589 ], [ -57.033055555538404, -25.610000000015589 ], [ -57.033055555538404, -25.610555555571146 ], [ -57.032499999982846, -25.610555555571146 ], [ -57.032499999982846, -25.610277777793367 ], [ -57.032777777760629, -25.610277777793367 ], [ -57.032777777760629, -25.607777777793366 ], [ -57.033055555538404, -25.607777777793366 ] ] ] } },
{ "type": "Feature", "properties": { "type": "stream", "flow_acc_threshold_cells": 50 }, "geometry": { "type": "Polygon", "coordinates": [ [ [ -57.024999999982846, -25.609722222237814 ], [ -57.024999999982846, -25.610555555571146 ], [ -57.024722222205071, -25.610555555571146 ], [ -57.024722222205071, -25.609722222237814 ], [ -57.024999999982846, -25.609722222237814 ] ] ] } },
{ "type": "Feature", "properties": { "type": "stream", "flow_acc_threshold_cells": 50 }, "geometry": { "type": "Polygon", "coordinates": [ [ [ -57.034444444427294, -25.610000000015589 ], [ -57.034444444427294, -25.610555555571146 ], [ -57.034166666649512, -25.610555555571146 ], [ -57.034166666649512, -25.610000000015589 ], [ -57.034444444427294, -25.610000000015589 ] ] ] } },
{ "type": "Feature", "properties": { "type": "stream", "flow_acc_threshold_cells": 50 }, "geometry": { "type": "Polygon", "coordinates": [ [ [ -57.027222222205069, -25.610000000015589 ], [ -57.027222222205069, -25.610555555571146 ], [ -57.026944444427293, -25.610555555571146 ], [ -57.026944444427293, -25.610000000015589 ], [ -57.027222222205069, -25.610000000015589 ] ] ] } },
{ "type": "Feature", "properties": { "type": "stream", "flow_acc_threshold_cells": 50 }, "geometry": { "type": "Polygon", "coordinates": [ [ [ -57.020833333316176, -25.610000000015589 ], [ -57.020833333316176, -25.610555555571146 ], [ -57.020555555538401, -25.610555555571146 ], [ -57.020555555538401, -25.610000000015589 ], [ -57.020833333316176, -25.610000000015589 ] ] ] } },
{ "type": "Feature", "properties": { "type": "stream", "flow_acc_threshold_cells": 50 }, "geometry": { "type": "Polygon", "coordinates": [ [ [ -57.031111111093956, -25.610277777793367 ], [ -57.031111111093956, -25.610555555571146 ], [ -57.030833333316181, -25.610555555571146 ], [ -57.030833333316181, -25.610277777793367 ], [ -57.031111111093956, -25.610277777793367 ] ] ] } },
{ "type": "Feature", "properties": { "type": "stream", "flow_acc_threshold_cells": 50 }, "geometry": { "type": "Polygon", "coordinates": [ [ [ -57.028888888871734, -25.610277777793367 ], [ -57.028888888871734, -25.610555555571146 ], [ -57.028611111093959, -25.610555555571146 ], [ -57.028611111093959, -25.610277777793367 ], [ -57.028888888871734, -25.610277777793367 ] ] ] } },
{ "type": "Feature", "properties": { "type": "stream", "flow_acc_threshold_cells": 50 }, "geometry": { "type": "Polygon", "coordinates": [ [ [ -57.021944444427291, -25.610277777793367 ], [ -57.021944444427291, -25.610555555571146 ], [ -57.021666666649516, -25.610555555571146 ], [ -57.021666666649516, -25.610277777793367 ], [ -57.021944444427291, -25.610277777793367 ] ] ] } },
{ "type": "Feature", "properties": { "type": "stream", "flow_acc_threshold_cells": 50 }, "geometry": { "type": "Polygon", "coordinates": [ [ [ -57.035555555538402, -25.610555555571146 ], [ -57.035555555538402, -25.610833333348925 ], [ -57.035277777760626, -25.610833333348925 ], [ -57.035277777760626, -25.610555555571146 ], [ -57.035555555538402, -25.610555555571146 ] ] ] } },
{ "type": "Feature", "properties": { "type": "stream", "flow_acc_threshold_cells": 50 }, "geometry": { "type": "Polygon", "coordinates": [ [ [ -57.034166666649512, -25.610555555571146 ], [ -57.034166666649512, -25.610833333348925 ], [ -57.033888888871736, -25.610833333348925 ], [ -57.033888888871736, -25.610555555571146 ], [ -57.034166666649512, -25.610555555571146 ] ] ] } },
{ "type": "Feature", "properties": { "type": "stream", "flow_acc_threshold_cells": 50 }, "geometry": { "type": "Polygon", "coordinates": [ [ [ -57.032499999982846, -25.610555555571146 ], [ -57.032499999982846, -25.610833333348925 ], [ -57.032222222205071, -25.610833333348925 ], [ -57.032222222205071, -25.610555555571146 ], [ -57.032499999982846, -25.610555555571146 ] ] ] } },
{ "type": "Feature", "properties": { "type": "stream", "flow_acc_threshold_cells": 50 }, "geometry": { "type": "Polygon", "coordinates": [ [ [ -57.029166666649516, -25.610555555571146 ], [ -57.029166666649516, -25.610833333348925 ], [ -57.028888888871734, -25.610833333348925 ], [ -57.028888888871734, -25.610555555571146 ], [ -57.029166666649516, -25.610555555571146 ] ] ] } },
{ "type": "Feature", "properties": { "type": "stream", "flow_acc_threshold_cells": 50 }, "geometry": { "type": "Polygon", "coordinates": [ [ [ -57.025277777760621, -25.610555555571146 ], [ -57.025277777760621, -25.610833333348925 ], [ -57.024999999982846, -25.610833333348925 ], [ -57.024999999982846, -25.610555555571146 ], [ -57.025277777760621, -25.610555555571146 ] ] ] } },
{ "type": "Feature", "properties": { "type": "stream", "flow_acc_threshold_cells": 50 }, "geometry": { "type": "Polygon", "coordinates": [ [ [ -57.022222222205066, -25.610555555571146 ], [ -57.022222222205066, -25.610833333348925 ], [ -57.021944444427291, -25.610833333348925 ], [ -57.021944444427291, -25.610555555571146 ], [ -57.022222222205066, -25.610555555571146 ] ] ] } },
{ "type": "Feature", "properties": { "type": "stream", "flow_acc_threshold_cells": 50 }, "geometry": { "type": "Polygon", "coordinates": [ [ [ -57.020555555538401, -25.610555555571146 ], [ -57.020555555538401, -25.610833333348925 ], [ -57.020277777760626, -25.610833333348925 ], [ -57.020277777760626, -25.610555555571146 ], [ -57.020555555538401, -25.610555555571146 ] ] ] } },
{ "type": "Feature", "properties": { "type": "stream", "flow_acc_threshold_cells": 50 }, "geometry": { "type": "Polygon", "coordinates": [ [ [ -57.030277777760624, -25.610555555571146 ], [ -57.030277777760624, -25.6111111111267 ], [ -57.029999999982849, -25.6111111111267 ], [ -57.029999999982849, -25.610555555571146 ], [ -57.030277777760624, -25.610555555571146 ] ] ] } },
{ "type": "Feature", "properties": { "type": "stream", "flow_acc_threshold_cells": 50 }, "geometry": { "type": "Polygon", "coordinates": [ [ [ -57.027499999982844, -25.610555555571146 ], [ -57.027499999982844, -25.6111111111267 ], [ -57.027222222205069, -25.6111111111267 ], [ -57.027222222205069, -25.610555555571146 ], [ -57.027499999982844, -25.610555555571146 ] ] ] } },
{ "type": "Feature", "properties": { "type": "stream", "flow_acc_threshold_cells": 50 }, "geometry": { "type": "Polygon", "coordinates": [ [ [ -57.033888888871736, -25.610833333348925 ], [ -57.033888888871736, -25.6111111111267 ], [ -57.033055555538404, -25.6111111111267 ], [ -57.033055555538404, -25.610833333348925 ], [ -57.033888888871736, -25.610833333348925 ] ] ] } },
{ "type": "Feature", "properties": { "type": "stream", "flow_acc_threshold_cells": 50 }, "geometry": { "type": "Polygon", "coordinates": [ [ [ -57.031388888871739, -25.610555555571146 ], [ -57.031388888871739, -25.610833333348925 ], [ -57.032222222205071, -25.610833333348925 ], [ -57.032222222205071, -25.6111111111267 ], [ -57.031111111093956, -25.6111111111267 ], [ -57.031111111093956, -25.610555555571146 ], [ -57.031388888871739, -25.610555555571146 ] ] ] } },
{ "type": "Feature", "properties": { "type": "stream", "flow_acc_threshold_cells": 50 }, "geometry": { "type": "Polygon", "coordinates": [ [ [ -57.029444444427291, -25.610833333348925 ], [ -57.029444444427291, -25.6111111111267 ], [ -57.029166666649516, -25.6111111111267 ], [ -57.029166666649516, -25.610833333348925 ], [ -57.029444444427291, -25.610833333348925 ] ] ] } },
{ "type": "Feature", "properties": { "type": "stream", "flow_acc_threshold_cells": 50 }, "geometry": { "type": "Polygon", "coordinates": [ [ [ -57.022499999982848, -25.610833333348925 ], [ -57.022499999982848, -25.6111111111267 ], [ -57.022222222205066, -25.6111111111267 ], [ -57.022222222205066, -25.610833333348925 ], [ -57.022499999982848, -25.610833333348925 ] ] ] } },
{ "type": "Feature", "properties": { "type": "stream", "flow_acc_threshold_cells": 50 }, "geometry": { "type": "Polygon", "coordinates": [ [ [ -57.035277777760626, -25.610833333348925 ], [ -57.035277777760626, -25.611388888904479 ], [ -57.034999999982851, -25.611388888904479 ], [ -57.034999999982851, -25.610833333348925 ], [ -57.035277777760626, -25.610833333348925 ] ] ] } },
{ "type": "Feature", "properties": { "type": "stream", "flow_acc_threshold_cells": 50 }, "geometry": { "type": "Polygon", "coordinates": [ [ [ -57.033055555538404, -25.6111111111267 ], [ -57.033055555538404, -25.611388888904479 ], [ -57.032777777760629, -25.611388888904479 ], [ -57.032777777760629, -25.6111111111267 ], [ -57.033055555538404, -25.6111111111267 ] ] ] } },
{ "type": "Feature", "properties": { "type": "stream", "flow_acc_threshold_cells": 50 }, "geometry": { "type": "Polygon", "coordinates": [ [ [ -57.032499999982846, -25.6111111111267 ], [ -57.032499999982846, -25.611388888904479 ], [ -57.032222222205071, -25.611388888904479 ], [ -57.032222222205071, -25.6111111111267 ], [ -57.032499999982846, -25.6111111111267 ] ] ] } },
{ "type": "Feature", "properties": { "type": "stream", "flow_acc_threshold_cells": 50 }, "geometry": { "type": "Polygon", "coordinates": [ [ [ -57.027777777760626, -25.6111111111267 ], [ -57.027777777760626, -25.611388888904479 ], [ -57.027499999982844, -25.611388888904479 ], [ -57.027499999982844, -25.6111111111267 ], [ -57.027777777760626, -25.6111111111267 ] ] ] } },
{ "type": "Feature", "properties": { "type": "stream", "flow_acc_threshold_cells": 50 }, "geometry": { "type": "Polygon", "coordinates": [ [ [ -57.022777777760624, -25.6111111111267 ], [ -57.022777777760624, -25.611388888904479 ], [ -57.022499999982848, -25.611388888904479 ], [ -57.022499999982848, -25.6111111111267 ], [ -57.022777777760624, -25.6111111111267 ] ] ] } },
{ "type": "Feature", "properties": { "type": "stream", "flow_acc_threshold_cells": 50 }, "geometry": { "type": "Polygon", "coordinates": [ [ [ -57.025555555538403, -25.610833333348925 ], [ -57.025555555538403, -25.611666666682257 ], [ -57.025277777760621, -25.611666666682257 ], [ -57.025277777760621, -25.610833333348925 ], [ -57.025555555538403, -25.610833333348925 ] ] ] } },
{ "type": "Feature", "properties": { "type": "stream", "flow_acc_threshold_cells": 50 }, "geometry": { "type": "Polygon", "coordinates": [ [ [ -57.020833333316176, -25.610833333348925 ], [ -57.020833333316176, -25.611666666682257 ], [ -57.020555555538401, -25.611666666682257 ], [ -57.020555555538401, -25.610833333348925 ], [ -57.020833333316176, -25.610833333348925 ] ] ] } },
{ "type": "Feature", "properties": { "type": "stream", "flow_acc_threshold_cells": 50 }, "geometry": { "type": "Polygon", "coordinates": [ [ [ -57.030555555538406, -25.6111111111267 ], [ -57.030555555538406, -25.611666666682257 ], [ -57.027777777760626, -25.611666666682257 ], [ -57.027777777760626, -25.611388888904479 ], [ -57.029444444427291, -25.611388888904479 ], [ -57.029444444427291, -25.6111111111267 ], [ -57.029722222205066, -25.6111111111267 ], [ -57.029722222205066, -25.611388888904479 ], [ -57.030277777760624, -25.611388888904479 ], [ -57.030277777760624, -25.6111111111267 ], [ -57.030555555538406, -25.6111111111267 ] ] ] } },
{ "type": "Feature", "properties": { "type": "stream", "flow_acc_threshold_cells": 50 }, "geometry": { "type": "Polygon", "coordinates": [ [ [ -57.034999999982851, -25.611388888904479 ], [ -57.034999999982851, -25.611666666682257 ], [ -57.034722222205069, -25.611666666682257 ], [ -57.034722222205069, -25.611388888904479 ], [ -57.034999999982851, -25.611388888904479 ] ] ] } },
{ "type": "Feature", "properties": { "type": "stream", "flow_acc_threshold_cells": 50 }, "geometry": { "type": "Polygon", "coordinates": [ [ [ -57.023333333316181, -25.611388888904479 ], [ -57.023333333316181, -25.611666666682257 ], [ -57.022777777760624, -25.611666666682257 ], [ -57.022777777760624, -25.611388888904479 ], [ -57.023333333316181, -25.611388888904479 ] ] ] } },
{ "type": "Feature", "properties": { "type": "stream", "flow_acc_threshold_cells": 50 }, "geometry": { "type": "Polygon", "coordinates": [ [ [ -57.034722222205069, -25.611666666682257 ], [ -57.034722222205069, -25.611944444460036 ], [ -57.034444444427294, -25.611944444460036 ], [ -57.034444444427294, -25.611666666682257 ], [ -57.034722222205069, -25.611666666682257 ] ] ] } },
{ "type": "Feature", "properties": { "type": "stream", "flow_acc_threshold_cells": 50 }, "geometry": { "type": "Polygon", "coordinates": [ [ [ -57.030833333316181, -25.611666666682257 ], [ -57.030833333316181, -25.611944444460036 ], [ -57.030555555538406, -25.611944444460036 ], [ -57.030555555538406, -25.611666666682257 ], [ -57.030833333316181, -25.611666666682257 ] ] ] } },
{ "type": "Feature", "properties": { "type": "stream", "flow_acc_threshold_cells": 50 }, "geometry": { "type": "Polygon", "coordinates": [ [ [ -57.025833333316179, -25.611666666682257 ], [ -57.025833333316179, -25.611944444460036 ], [ -57.025555555538403, -25.611944444460036 ], [ -57.025555555538403, -25.611666666682257 ], [ -57.025833333316179, -25.611666666682257 ] ] ] } },
{ "type": "Feature", "properties": { "type": "stream", "flow_acc_threshold_cells": 50 }, "geometry": { "type": "Polygon", "coordinates": [ [ [ -57.023611111093956, -25.611666666682257 ], [ -57.023611111093956, -25.611944444460036 ], [ -57.023333333316181, -25.611944444460036 ], [ -57.023333333316181, -25.611666666682257 ], [ -57.023611111093956, -25.611666666682257 ] ] ] } },
{ "type": "Feature", "properties": { "type": "stream", "flow_acc_threshold_cells": 50 }, "geometry": { "type": "Polygon", "coordinates": [ [ [ -57.021666666649516, -25.611666666682257 ], [ -57.021666666649516, -25.611944444460036 ], [ -57.020833333316176, -25.611944444460036 ], [ -57.020833333316176, -25.611666666682257 ], [ -57.021666666649516, -25.611666666682257 ] ] ] } },
{ "type": "Feature", "properties": { "type": "stream", "flow_acc_threshold_cells": 50 }, "geometry": { "type": "Polygon", "coordinates": [ [ [ -57.042499999982851, -25.611388888904479 ], [ -57.042499999982851, -25.612222222237811 ], [ -57.042222222205069, -25.612222222237811 ], [ -57.042222222205069, -25.611388888904479 ], [ -57.042499999982851, -25.611388888904479 ] ] ] } },
{ "type": "Feature", "properties": { "type": "stream", "flow_acc_threshold_cells": 50 }, "geometry": { "type": "Polygon", "coordinates": [ [ [ -57.026111111093961, -25.611944444460036 ], [ -57.026111111093961, -25.612222222237811 ], [ -57.025833333316179, -25.612222222237811 ], [ -57.025833333316179, -25.611944444460036 ], [ -57.026111111093961, -25.611944444460036 ] ] ] } },
{ "type": "Feature", "properties": { "type": "stream", "flow_acc_threshold_cells": 50 }, "geometry": { "type": "Polygon", "coordinates": [ [ [ -57.023888888871738, -25.611944444460036 ], [ -57.023888888871738, -25.612222222237811 ], [ -57.023611111093956, -25.612222222237811 ], [ -57.023611111093956, -25.611944444460036 ], [ -57.023888888871738, -25.611944444460036 ] ] ] } },
{ "type": "Feature", "properties": { "type": "stream", "flow_acc_threshold_cells": 50 }, "geometry": { "type": "Polygon", "coordinates": [ [ [ -57.022222222205066, -25.611944444460036 ], [ -57.022222222205066, -25.612222222237811 ], [ -57.021666666649516, -25.612222222237811 ], [ -57.021666666649516, -25.611944444460036 ], [ -57.022222222205066, -25.611944444460036 ] ] ] } },
{ "type": "Feature", "properties": { "type": "stream", "flow_acc_threshold_cells": 50 }, "geometry": { "type": "Polygon", "coordinates": [ [ [ -57.032222222205071, -25.611388888904479 ], [ -57.032222222205071, -25.611944444460036 ], [ -57.031944444427289, -25.611944444460036 ], [ -57.031944444427289, -25.61250000001559 ], [ -57.031666666649514, -25.61250000001559 ], [ -57.031666666649514, -25.612222222237811 ], [ -57.030833333316181, -25.612222222237811 ], [ -57.030833333316181, -25.611944444460036 ], [ -57.031666666649514, -25.611944444460036 ], [ -57.031666666649514, -25.611666666682257 ], [ -57.031944444427289, -25.611666666682257 ], [ -57.031944444427289, -25.611388888904479 ], [ -57.032222222205071, -25.611388888904479 ] ] ] } },
{ "type": "Feature", "properties": { "type": "stream", "flow_acc_threshold_cells": 50 }, "geometry": { "type": "Polygon", "coordinates": [ [ [ -57.042777777760627, -25.612222222237811 ], [ -57.042777777760627, -25.61250000001559 ], [ -57.042499999982851, -25.61250000001559 ], [ -57.042499999982851, -25.612222222237811 ], [ -57.042777777760627, -25.612222222237811 ] ] ] } },
{ "type": "Feature", "properties": { "type": "stream", "flow_acc_threshold_cells": 50 }, "geometry": { "type": "Polygon", "coordinates": [ [ [ -57.042222222205069, -25.612222222237811 ], [ -57.042222222205069, -25.61250000001559 ], [ -57.041944444427294, -25.61250000001559 ], [ -57.041944444427294, -25.612222222237811 ], [ -57.042222222205069, -25.612222222237811 ] ] ] } },
{ "type": "Feature", "properties": { "type": "stream", "flow_acc_threshold_cells": 50 }, "geometry": { "type": "Polygon", "coordinates": [ [ [ -57.026388888871736, -25.612222222237811 ], [ -57.026388888871736, -25.61250000001559 ], [ -57.026111111093961, -25.61250000001559 ], [ -57.026111111093961, -25.612222222237811 ], [ -57.026388888871736, -25.612222222237811 ] ] ] } },
{ "type": "Feature", "properties": { "type": "stream", "flow_acc_threshold_cells": 50 }, "geometry": { "type": "Polygon", "coordinates": [ [ [ -57.024166666649514, -25.612222222237811 ], [ -57.024166666649514, -25.61250000001559 ], [ -57.023888888871738, -25.61250000001559 ], [ -57.023888888871738, -25.612222222237811 ], [ -57.024166666649514, -25.612222222237811 ] ] ] } },
{ "type": "Feature", "properties": { "type": "stream", "flow_acc_threshold_cells": 50 }, "geometry": { "type": "Polygon", "coordinates": [ [ [ -57.022499999982848, -25.612222222237811 ], [ -57.022499999982848, -25.61250000001559 ], [ -57.022222222205066, -25.61250000001559 ], [ -57.022222222205066, -25.612222222237811 ], [ -57.022499999982848, -25.612222222237811 ] ] ] } },
{ "type": "Feature", "properties": { "type": "stream", "flow_acc_threshold_cells": 50 }, "geometry": { "type": "Polygon", "coordinates": [ [ [ -57.033333333316179, -25.611388888904479 ], [ -57.033333333316179, -25.611944444460036 ], [ -57.034444444427294, -25.611944444460036 ], [ -57.034444444427294, -25.612222222237811 ], [ -57.033333333316179, -25.612222222237811 ], [ -57.033333333316179, -25.612777777793369 ], [ -57.033055555538404, -25.612777777793369 ], [ -57.033055555538404, -25.611388888904479 ], [ -57.033333333316179, -25.611388888904479 ] ] ] } },
{ "type": "Feature", "properties": { "type": "stream", "flow_acc_threshold_cells": 50 }, "geometry": { "type": "Polygon", "coordinates": [ [ [ -57.041944444427294, -25.61250000001559 ], [ -57.041944444427294, -25.612777777793369 ], [ -57.040833333316179, -25.612777777793369 ], [ -57.040833333316179, -25.61250000001559 ], [ -57.041944444427294, -25.61250000001559 ] ] ] } },
{ "type": "Feature", "properties": { "type": "stream", "flow_acc_threshold_cells": 50 }, "geometry": { "type": "Polygon", "coordinates": [ [ [ -57.036944444427292, -25.61250000001559 ], [ -57.036944444427292, -25.612777777793369 ], [ -57.036388888871734, -25.612777777793369 ], [ -57.036388888871734, -25.61250000001559 ], [ -57.036944444427292, -25.61250000001559 ] ] ] } },
{ "type": "Feature", "properties": { "type": "stream", "flow_acc_threshold_cells": 50 }, "geometry": { "type": "Polygon", "coordinates": [ [ [ -57.032222222205071, -25.61250000001559 ], [ -57.032222222205071, -25.612777777793369 ], [ -57.031944444427289, -25.612777777793369 ], [ -57.031944444427289, -25.61250000001559 ], [ -57.032222222205071, -25.61250000001559 ] ] ] } },
{ "type": "Feature", "properties": { "type": "stream", "flow_acc_threshold_cells": 50 }, "geometry": { "type": "Polygon", "coordinates": [ [ [ -57.026666666649511, -25.61250000001559 ], [ -57.026666666649511, -25.612777777793369 ], [ -57.026388888871736, -25.612777777793369 ], [ -57.026388888871736, -25.61250000001559 ], [ -57.026666666649511, -25.61250000001559 ] ] ] } },
{ "type": "Feature", "properties": { "type": "stream", "flow_acc_threshold_cells": 50 }, "geometry": { "type": "Polygon", "coordinates": [ [ [ -57.024444444427289, -25.61250000001559 ], [ -57.024444444427289, -25.612777777793369 ], [ -57.024166666649514, -25.612777777793369 ], [ -57.024166666649514, -25.61250000001559 ], [ -57.024444444427289, -25.61250000001559 ] ] ] } },
{ "type": "Feature", "properties": { "type": "stream", "flow_acc_threshold_cells": 50 }, "geometry": { "type": "Polygon", "coordinates": [ [ [ -57.022777777760624, -25.61250000001559 ], [ -57.022777777760624, -25.612777777793369 ], [ -57.022499999982848, -25.612777777793369 ], [ -57.022499999982848, -25.61250000001559 ], [ -57.022777777760624, -25.61250000001559 ] ] ] } },
{ "type": "Feature", "properties": { "type": "stream", "flow_acc_threshold_cells": 50 }, "geometry": { "type": "Polygon", "coordinates": [ [ [ -57.040833333316179, -25.612777777793369 ], [ -57.040833333316179, -25.613055555571147 ], [ -57.040555555538404, -25.613055555571147 ], [ -57.040555555538404, -25.612777777793369 ], [ -57.040833333316179, -25.612777777793369 ] ] ] } },
{ "type": "Feature", "properties": { "type": "stream", "flow_acc_threshold_cells": 50 }, "geometry": { "type": "Polygon", "coordinates": [ [ [ -57.036388888871734, -25.612777777793369 ], [ -57.036388888871734, -25.613055555571147 ], [ -57.035555555538402, -25.613055555571147 ], [ -57.035555555538402, -25.612777777793369 ], [ -57.036388888871734, -25.612777777793369 ] ] ] } },
{ "type": "Feature", "properties": { "type": "stream", "flow_acc_threshold_cells": 50 }, "geometry": { "type": "Polygon", "coordinates": [ [ [ -57.033055555538404, -25.612777777793369 ], [ -57.033055555538404, -25.613055555571147 ], [ -57.032777777760629, -25.613055555571147 ], [ -57.032777777760629, -25.612777777793369 ], [ -57.033055555538404, -25.612777777793369 ] ] ] } },
{ "type": "Feature", "properties": { "type": "stream", "flow_acc_threshold_cells": 50 }, "geometry": { "type": "Polygon", "coordinates": [ [ [ -57.032499999982846, -25.612777777793369 ], [ -57.032499999982846, -25.613055555571147 ], [ -57.032222222205071, -25.613055555571147 ], [ -57.032222222205071, -25.612777777793369 ], [ -57.032499999982846, -25.612777777793369 ] ] ] } },
{ "type": "Feature", "properties": { "type": "stream", "flow_acc_threshold_cells": 50 }, "geometry": { "type": "Polygon", "coordinates": [ [ [ -57.026944444427293, -25.612777777793369 ], [ -57.026944444427293, -25.613055555571147 ], [ -57.026666666649511, -25.613055555571147 ], [ -57.026666666649511, -25.612777777793369 ], [ -57.026944444427293, -25.612777777793369 ] ] ] } },
{ "type": "Feature", "properties": { "type": "stream", "flow_acc_threshold_cells": 50 }, "geometry": { "type": "Polygon", "coordinates": [ [ [ -57.024722222205071, -25.612777777793369 ], [ -57.024722222205071, -25.613055555571147 ], [ -57.024444444427289, -25.613055555571147 ], [ -57.024444444427289, -25.612777777793369 ], [ -57.024722222205071, -25.612777777793369 ] ] ] } },
{ "type": "Feature", "properties": { "type": "stream", "flow_acc_threshold_cells": 50 }, "geometry": { "type": "Polygon", "coordinates": [ [ [ -57.023055555538399, -25.612777777793369 ], [ -57.023055555538399, -25.613055555571147 ], [ -57.022777777760624, -25.613055555571147 ], [ -57.022777777760624, -25.612777777793369 ], [ -57.023055555538399, -25.612777777793369 ] ] ] } },
{ "type": "Feature", "properties": { "type": "stream", "flow_acc_threshold_cells": 50 }, "geometry": { "type": "Polygon", "coordinates": [ [ [ -57.040555555538404, -25.613055555571147 ], [ -57.040555555538404, -25.613333333348923 ], [ -57.040277777760629, -25.613333333348923 ], [ -57.040277777760629, -25.613055555571147 ], [ -57.040555555538404, -25.613055555571147 ] ] ] } },
{ "type": "Feature", "properties": { "type": "stream", "flow_acc_threshold_cells": 50 }, "geometry": { "type": "Polygon", "coordinates": [ [ [ -57.036666666649516, -25.613055555571147 ], [ -57.036666666649516, -25.613333333348923 ], [ -57.036388888871734, -25.613333333348923 ], [ -57.036388888871734, -25.613055555571147 ], [ -57.036666666649516, -25.613055555571147 ] ] ] } },
{ "type": "Feature", "properties": { "type": "stream", "flow_acc_threshold_cells": 50 }, "geometry": { "type": "Polygon", "coordinates": [ [ [ -57.034166666649512, -25.613055555571147 ], [ -57.034166666649512, -25.613333333348923 ], [ -57.033888888871736, -25.613333333348923 ], [ -57.033888888871736, -25.613055555571147 ], [ -57.034166666649512, -25.613055555571147 ] ] ] } },
{ "type": "Feature", "properties": { "type": "stream", "flow_acc_threshold_cells": 50 }, "geometry": { "type": "Polygon", "coordinates": [ [ [ -57.027222222205069, -25.613055555571147 ], [ -57.027222222205069, -25.613333333348923 ], [ -57.026944444427293, -25.613333333348923 ], [ -57.026944444427293, -25.613055555571147 ], [ -57.027222222205069, -25.613055555571147 ] ] ] } },
{ "type": "Feature", "properties": { "type": "stream", "flow_acc_threshold_cells": 50 }, "geometry": { "type": "Polygon", "coordinates": [ [ [ -57.024999999982846, -25.613055555571147 ], [ -57.024999999982846, -25.613333333348923 ], [ -57.024722222205071, -25.613333333348923 ], [ -57.024722222205071, -25.613055555571147 ], [ -57.024999999982846, -25.613055555571147 ] ] ] } },
{ "type": "Feature", "properties": { "type": "stream", "flow_acc_threshold_cells": 50 }, "geometry": { "type": "Polygon", "coordinates": [ [ [ -57.023333333316181, -25.613055555571147 ], [ -57.023333333316181, -25.613333333348923 ], [ -57.023055555538399, -25.613333333348923 ], [ -57.023055555538399, -25.613055555571147 ], [ -57.023333333316181, -25.613055555571147 ] ] ] } },
{ "type": "Feature", "properties": { "type": "stream", "flow_acc_threshold_cells": 50 }, "geometry": { "type": "Polygon", "coordinates": [ [ [ -57.035555555538402, -25.613055555571147 ], [ -57.035555555538402, -25.613611111126701 ], [ -57.034166666649512, -25.613611111126701 ], [ -57.034166666649512, -25.613333333348923 ], [ -57.034722222205069, -25.613333333348923 ], [ -57.034722222205069, -25.613055555571147 ], [ -57.035555555538402, -25.613055555571147 ] ] ] } },
{ "type": "Feature", "properties": { "type": "stream", "flow_acc_threshold_cells": 50 }, "geometry": { "type": "Polygon", "coordinates": [ [ [ -57.036944444427292, -25.613333333348923 ], [ -57.036944444427292, -25.613611111126701 ], [ -57.036666666649516, -25.613611111126701 ], [ -57.036666666649516, -25.613333333348923 ], [ -57.036944444427292, -25.613333333348923 ] ] ] } },
{ "type": "Feature", "properties": { "type": "stream", "flow_acc_threshold_cells": 50 }, "geometry": { "type": "Polygon", "coordinates": [ [ [ -57.033888888871736, -25.613333333348923 ], [ -57.033888888871736, -25.613611111126701 ], [ -57.033611111093961, -25.613611111126701 ], [ -57.033611111093961, -25.613333333348923 ], [ -57.033888888871736, -25.613333333348923 ] ] ] } },
{ "type": "Feature", "properties": { "type": "stream", "flow_acc_threshold_cells": 50 }, "geometry": { "type": "Polygon", "coordinates": [ [ [ -57.028055555538401, -25.613333333348923 ], [ -57.028055555538401, -25.613611111126701 ], [ -57.027222222205069, -25.613611111126701 ], [ -57.027222222205069, -25.613333333348923 ], [ -57.028055555538401, -25.613333333348923 ] ] ] } },
{ "type": "Feature", "properties": { "type": "stream", "flow_acc_threshold_cells": 50 }, "geometry": { "type": "Polygon", "coordinates": [ [ [ -57.025277777760621, -25.613333333348923 ], [ -57.025277777760621, -25.613611111126701 ], [ -57.024999999982846, -25.613611111126701 ], [ -57.024999999982846, -25.613333333348923 ], [ -57.025277777760621, -25.613333333348923 ] ] ] } },
{ "type": "Feature", "properties": { "type": "stream", "flow_acc_threshold_cells": 50 }, "geometry": { "type": "Polygon", "coordinates": [ [ [ -57.023611111093956, -25.613333333348923 ], [ -57.023611111093956, -25.613611111126701 ], [ -57.023333333316181, -25.613611111126701 ], [ -57.023333333316181, -25.613333333348923 ], [ -57.023611111093956, -25.613333333348923 ] ] ] } },
{ "type": "Feature", "properties": { "type": "stream", "flow_acc_threshold_cells": 50 }, "geometry": { "type": "Polygon", "coordinates": [ [ [ -57.040277777760629, -25.613333333348923 ], [ -57.040277777760629, -25.613611111126701 ], [ -57.039999999982847, -25.613611111126701 ], [ -57.039999999982847, -25.61388888890448 ], [ -57.039722222205071, -25.61388888890448 ], [ -57.039722222205071, -25.613611111126701 ], [ -57.039166666649514, -25.613611111126701 ], [ -57.039166666649514, -25.613333333348923 ], [ -57.040277777760629, -25.613333333348923 ] ] ] } },
{ "type": "Feature", "properties": { "type": "stream", "flow_acc_threshold_cells": 50 }, "geometry": { "type": "Polygon", "coordinates": [ [ [ -57.039166666649514, -25.613611111126701 ], [ -57.039166666649514, -25.61388888890448 ], [ -57.036944444427292, -25.61388888890448 ], [ -57.036944444427292, -25.613611111126701 ], [ -57.039166666649514, -25.613611111126701 ] ] ] } },
{ "type": "Feature", "properties": { "type": "stream", "flow_acc_threshold_cells": 50 }, "geometry": { "type": "Polygon", "coordinates": [ [ [ -57.036111111093959, -25.613611111126701 ], [ -57.036111111093959, -25.61388888890448 ], [ -57.035555555538402, -25.61388888890448 ], [ -57.035555555538402, -25.613611111126701 ], [ -57.036111111093959, -25.613611111126701 ] ] ] } },
{ "type": "Feature", "properties": { "type": "stream", "flow_acc_threshold_cells": 50 }, "geometry": { "type": "Polygon", "coordinates": [ [ [ -57.023888888871738, -25.613611111126701 ], [ -57.023888888871738, -25.61388888890448 ], [ -57.023611111093956, -25.61388888890448 ], [ -57.023611111093956, -25.613611111126701 ], [ -57.023888888871738, -25.613611111126701 ] ] ] } },
{ "type": "Feature", "properties": { "type": "stream", "flow_acc_threshold_cells": 50 }, "geometry": { "type": "Polygon", "coordinates": [ [ [ -57.022222222205066, -25.613611111126701 ], [ -57.022222222205066, -25.61388888890448 ], [ -57.021944444427291, -25.61388888890448 ], [ -57.021944444427291, -25.613611111126701 ], [ -57.022222222205066, -25.613611111126701 ] ] ] } },
{ "type": "Feature", "properties": { "type": "stream", "flow_acc_threshold_cells": 50 }, "geometry": { "type": "Polygon", "coordinates": [ [ [ -57.028333333316183, -25.613611111126701 ], [ -57.028333333316183, -25.614166666682259 ], [ -57.028055555538401, -25.614166666682259 ], [ -57.028055555538401, -25.613611111126701 ], [ -57.028333333316183, -25.613611111126701 ] ] ] } },
{ "type": "Feature", "properties": { "type": "stream", "flow_acc_threshold_cells": 50 }, "geometry": { "type": "Polygon", "coordinates": [ [ [ -57.040555555538404, -25.61388888890448 ], [ -57.040555555538404, -25.614166666682259 ], [ -57.039999999982847, -25.614166666682259 ], [ -57.039999999982847, -25.61388888890448 ], [ -57.040555555538404, -25.61388888890448 ] ] ] } },
{ "type": "Feature", "properties": { "type": "stream", "flow_acc_threshold_cells": 50 }, "geometry": { "type": "Polygon", "coordinates": [ [ [ -57.036388888871734, -25.61388888890448 ], [ -57.036388888871734, -25.614166666682259 ], [ -57.036111111093959, -25.614166666682259 ], [ -57.036111111093959, -25.61388888890448 ], [ -57.036388888871734, -25.61388888890448 ] ] ] } },
{ "type": "Feature", "properties": { "type": "stream", "flow_acc_threshold_cells": 50 }, "geometry": { "type": "Polygon", "coordinates": [ [ [ -57.026388888871736, -25.613333333348923 ], [ -57.026388888871736, -25.613611111126701 ], [ -57.026666666649511, -25.613611111126701 ], [ -57.026666666649511, -25.61388888890448 ], [ -57.027499999982844, -25.61388888890448 ], [ -57.027499999982844, -25.614166666682259 ], [ -57.026388888871736, -25.614166666682259 ], [ -57.026388888871736, -25.61388888890448 ], [ -57.025277777760621, -25.61388888890448 ], [ -57.025277777760621, -25.613611111126701 ], [ -57.026111111093961, -25.613611111126701 ], [ -57.026111111093961, -25.613333333348923 ], [ -57.026388888871736, -25.613333333348923 ] ] ] } },
{ "type": "Feature", "properties": { "type": "stream", "flow_acc_threshold_cells": 50 }, "geometry": { "type": "Polygon", "coordinates": [ [ [ -57.024166666649514, -25.61388888890448 ], [ -57.024166666649514, -25.614166666682259 ], [ -57.023888888871738, -25.614166666682259 ], [ -57.023888888871738, -25.61388888890448 ], [ -57.024166666649514, -25.61388888890448 ] ] ] } },
{ "type": "Feature", "properties": { "type": "stream", "flow_acc_threshold_cells": 50 }, "geometry": { "type": "Polygon", "coordinates": [ [ [ -57.023055555538399, -25.61388888890448 ], [ -57.023055555538399, -25.614166666682259 ], [ -57.022222222205066, -25.614166666682259 ], [ -57.022222222205066, -25.61388888890448 ], [ -57.023055555538399, -25.61388888890448 ] ] ] } },
{ "type": "Feature", "properties": { "type": "stream", "flow_acc_threshold_cells": 50 }, "geometry": { "type": "Polygon", "coordinates": [ [ [ -57.036944444427292, -25.614166666682259 ], [ -57.036944444427292, -25.614444444460034 ], [ -57.036388888871734, -25.614444444460034 ], [ -57.036388888871734, -25.614166666682259 ], [ -57.036944444427292, -25.614166666682259 ] ] ] } },
{ "type": "Feature", "properties": { "type": "stream", "flow_acc_threshold_cells": 50 }, "geometry": { "type": "Polygon", "coordinates": [ [ [ -57.030833333316181, -25.614166666682259 ], [ -57.030833333316181, -25.614444444460034 ], [ -57.030555555538406, -25.614444444460034 ], [ -57.030555555538406, -25.614166666682259 ], [ -57.030833333316181, -25.614166666682259 ] ] ] } },
{ "type": "Feature", "properties": { "type": "stream", "flow_acc_threshold_cells": 50 }, "geometry": { "type": "Polygon", "coordinates": [ [ [ -57.028611111093959, -25.614166666682259 ], [ -57.028611111093959, -25.614444444460034 ], [ -57.028333333316183, -25.614444444460034 ], [ -57.028333333316183, -25.614166666682259 ], [ -57.028611111093959, -25.614166666682259 ] ] ] } },
{ "type": "Feature", "properties": { "type": "stream", "flow_acc_threshold_cells": 50 }, "geometry": { "type": "Polygon", "coordinates": [ [ [ -57.023333333316181, -25.614166666682259 ], [ -57.023333333316181, -25.614444444460034 ], [ -57.023055555538399, -25.614444444460034 ], [ -57.023055555538399, -25.614166666682259 ], [ -57.023333333316181, -25.614166666682259 ] ] ] } },
{ "type": "Feature", "properties": { "type": "stream", "flow_acc_threshold_cells": 50 }, "geometry": { "type": "Polygon", "coordinates": [ [ [ -57.023611111093956, -25.614444444460034 ], [ -57.023611111093956, -25.614722222237813 ], [ -57.023333333316181, -25.614722222237813 ], [ -57.023333333316181, -25.614444444460034 ], [ -57.023611111093956, -25.614444444460034 ] ] ] } },
{ "type": "Feature", "properties": { "type": "stream", "flow_acc_threshold_cells": 50 }, "geometry": { "type": "Polygon", "coordinates": [ [ [ -57.019999999982844, -25.614444444460034 ], [ -57.019999999982844, -25.614722222237813 ], [ -57.019722222205068, -25.614722222237813 ], [ -57.019722222205068, -25.614444444460034 ], [ -57.019999999982844, -25.614444444460034 ] ] ] } },
{ "type": "Feature", "properties": { "type": "stream", "flow_acc_threshold_cells": 50 }, "geometry": { "type": "Polygon", "coordinates": [ [ [ -57.024444444427289, -25.614166666682259 ], [ -57.024444444427289, -25.615000000015591 ], [ -57.023611111093956, -25.615000000015591 ], [ -57.023611111093956, -25.614722222237813 ], [ -57.024166666649514, -25.614722222237813 ], [ -57.024166666649514, -25.614166666682259 ], [ -57.024444444427289, -25.614166666682259 ] ] ] } },
{ "type": "Feature", "properties": { "type": "stream", "flow_acc_threshold_cells": 50 }, "geometry": { "type": "Polygon", "coordinates": [ [ [ -57.037499999982849, -25.614444444460034 ], [ -57.037499999982849, -25.614722222237813 ], [ -57.037222222205074, -25.614722222237813 ], [ -57.037222222205074, -25.615000000015591 ], [ -57.036944444427292, -25.615000000015591 ], [ -57.036944444427292, -25.614444444460034 ], [ -57.037499999982849, -25.614444444460034 ] ] ] } },
{ "type": "Feature", "properties": { "type": "stream", "flow_acc_threshold_cells": 50 }, "geometry": { "type": "Polygon", "coordinates": [ [ [ -57.028888888871734, -25.614444444460034 ], [ -57.028888888871734, -25.615000000015591 ], [ -57.028611111093959, -25.615000000015591 ], [ -57.028611111093959, -25.614444444460034 ], [ -57.028888888871734, -25.614444444460034 ] ] ] } },
{ "type": "Feature", "properties": { "type": "stream", "flow_acc_threshold_cells": 50 }, "geometry": { "type": "Polygon", "coordinates": [ [ [ -57.038333333316181, -25.614722222237813 ], [ -57.038333333316181, -25.615000000015591 ], [ -57.037499999982849, -25.615000000015591 ], [ -57.037499999982849, -25.614722222237813 ], [ -57.038333333316181, -25.614722222237813 ] ] ] } },
{ "type": "Feature", "properties": { "type": "stream", "flow_acc_threshold_cells": 50 }, "geometry": { "type": "Polygon", "coordinates": [ [ [ -57.020277777760626, -25.614722222237813 ], [ -57.020277777760626, -25.615000000015591 ], [ -57.019999999982844, -25.615000000015591 ], [ -57.019999999982844, -25.614722222237813 ], [ -57.020277777760626, -25.614722222237813 ] ] ] } },
{ "type": "Feature", "properties": { "type": "stream", "flow_acc_threshold_cells": 50 }, "geometry": { "type": "Polygon", "coordinates": [ [ [ -57.027777777760626, -25.614166666682259 ], [ -57.027777777760626, -25.61527777779337 ], [ -57.027499999982844, -25.61527777779337 ], [ -57.027499999982844, -25.614166666682259 ], [ -57.027777777760626, -25.614166666682259 ] ] ] } },
{ "type": "Feature", "properties": { "type": "stream", "flow_acc_threshold_cells": 50 }, "geometry": { "type": "Polygon", "coordinates": [ [ [ -57.037499999982849, -25.615000000015591 ], [ -57.037499999982849, -25.61527777779337 ], [ -57.037222222205074, -25.61527777779337 ], [ -57.037222222205074, -25.615000000015591 ], [ -57.037499999982849, -25.615000000015591 ] ] ] } },
{ "type": "Feature", "properties": { "type": "stream", "flow_acc_threshold_cells": 50 }, "geometry": { "type": "Polygon", "coordinates": [ [ [ -57.030555555538406, -25.615000000015591 ], [ -57.030555555538406, -25.61527777779337 ], [ -57.029722222205066, -25.61527777779337 ], [ -57.029722222205066, -25.615000000015591 ], [ -57.030555555538406, -25.615000000015591 ] ] ] } },
{ "type": "Feature", "properties": { "type": "stream", "flow_acc_threshold_cells": 50 }, "geometry": { "type": "Polygon", "coordinates": [ [ [ -57.029444444427291, -25.615000000015591 ], [ -57.029444444427291, -25.61527777779337 ], [ -57.028888888871734, -25.61527777779337 ], [ -57.028888888871734, -25.615000000015591 ], [ -57.029444444427291, -25.615000000015591 ] ] ] } },
{ "type": "Feature", "properties": { "type": "stream", "flow_acc_threshold_cells": 50 }, "geometry": { "type": "Polygon", "coordinates": [ [ [ -57.028611111093959, -25.615000000015591 ], [ -57.028611111093959, -25.61527777779337 ], [ -57.028055555538401, -25.61527777779337 ], [ -57.028055555538401, -25.615000000015591 ], [ -57.028611111093959, -25.615000000015591 ] ] ] } },
{ "type": "Feature", "properties": { "type": "stream", "flow_acc_threshold_cells": 50 }, "geometry": { "type": "Polygon", "coordinates": [ [ [ -57.024722222205071, -25.615000000015591 ], [ -57.024722222205071, -25.61527777779337 ], [ -57.024444444427289, -25.61527777779337 ], [ -57.024444444427289, -25.615000000015591 ], [ -57.024722222205071, -25.615000000015591 ] ] ] } },
{ "type": "Feature", "properties": { "type": "stream", "flow_acc_threshold_cells": 50 }, "geometry": { "type": "Polygon", "coordinates": [ [ [ -57.032777777760629, -25.613055555571147 ], [ -57.032777777760629, -25.613611111126701 ], [ -57.033611111093961, -25.613611111126701 ], [ -57.033611111093961, -25.61388888890448 ], [ -57.032777777760629, -25.61388888890448 ], [ -57.032777777760629, -25.615555555571145 ], [ -57.032499999982846, -25.615555555571145 ], [ -57.032499999982846, -25.61527777779337 ], [ -57.032222222205071, -25.61527777779337 ], [ -57.032222222205071, -25.615000000015591 ], [ -57.032499999982846, -25.615000000015591 ], [ -57.032499999982846, -25.613055555571147 ], [ -57.032777777760629, -25.613055555571147 ] ] ] } },
{ "type": "Feature", "properties": { "type": "stream", "flow_acc_threshold_cells": 50 }, "geometry": { "type": "Polygon", "coordinates": [ [ [ -57.029722222205066, -25.61527777779337 ], [ -57.029722222205066, -25.615555555571145 ], [ -57.029444444427291, -25.615555555571145 ], [ -57.029444444427291, -25.61527777779337 ], [ -57.029722222205066, -25.61527777779337 ] ] ] } },
{ "type": "Feature", "properties": { "type": "stream", "flow_acc_threshold_cells": 50 }, "geometry": { "type": "Polygon", "coordinates": [ [ [ -57.028055555538401, -25.61527777779337 ], [ -57.028055555538401, -25.615555555571145 ], [ -57.027777777760626, -25.615555555571145 ], [ -57.027777777760626, -25.61527777779337 ], [ -57.028055555538401, -25.61527777779337 ] ] ] } },
{ "type": "Feature", "properties": { "type": "stream", "flow_acc_threshold_cells": 50 }, "geometry": { "type": "Polygon", "coordinates": [ [ [ -57.018333333316178, -25.61527777779337 ], [ -57.018333333316178, -25.615555555571145 ], [ -57.018055555538403, -25.615555555571145 ], [ -57.018055555538403, -25.61527777779337 ], [ -57.018333333316178, -25.61527777779337 ] ] ] } },
{ "type": "Feature", "properties": { "type": "stream", "flow_acc_threshold_cells": 50 }, "geometry": { "type": "Polygon", "coordinates": [ [ [ -57.018611111093954, -25.615555555571145 ], [ -57.018611111093954, -25.615833333348924 ], [ -57.018333333316178, -25.615833333348924 ], [ -57.018333333316178, -25.615555555571145 ], [ -57.018611111093954, -25.615555555571145 ] ] ] } },
{ "type": "Feature", "properties": { "type": "stream", "flow_acc_threshold_cells": 50 }, "geometry": { "type": "Polygon", "coordinates": [ [ [ -57.032222222205071, -25.61527777779337 ], [ -57.032222222205071, -25.616111111126703 ], [ -57.031944444427289, -25.616111111126703 ], [ -57.031944444427289, -25.61527777779337 ], [ -57.032222222205071, -25.61527777779337 ] ] ] } },
{ "type": "Feature", "properties": { "type": "stream", "flow_acc_threshold_cells": 50 }, "geometry": { "type": "Polygon", "coordinates": [ [ [ -57.024999999982846, -25.61527777779337 ], [ -57.024999999982846, -25.616111111126703 ], [ -57.024722222205071, -25.616111111126703 ], [ -57.024722222205071, -25.61527777779337 ], [ -57.024999999982846, -25.61527777779337 ] ] ] } },
{ "type": "Feature", "properties": { "type": "stream", "flow_acc_threshold_cells": 50 }, "geometry": { "type": "Polygon", "coordinates": [ [ [ -57.018888888871736, -25.615833333348924 ], [ -57.018888888871736, -25.616111111126703 ], [ -57.018611111093954, -25.616111111126703 ], [ -57.018611111093954, -25.615833333348924 ], [ -57.018888888871736, -25.615833333348924 ] ] ] } },
{ "type": "Feature", "properties": { "type": "stream", "flow_acc_threshold_cells": 50 }, "geometry": { "type": "Polygon", "coordinates": [ [ [ -57.020555555538401, -25.615000000015591 ], [ -57.020555555538401, -25.616388888904481 ], [ -57.020277777760626, -25.616388888904481 ], [ -57.020277777760626, -25.615000000015591 ], [ -57.020555555538401, -25.615000000015591 ] ] ] } },
{ "type": "Feature", "properties": { "type": "stream", "flow_acc_threshold_cells": 50 }, "geometry": { "type": "Polygon", "coordinates": [ [ [ -57.025277777760621, -25.616111111126703 ], [ -57.025277777760621, -25.616388888904481 ], [ -57.024999999982846, -25.616388888904481 ], [ -57.024999999982846, -25.616111111126703 ], [ -57.025277777760621, -25.616111111126703 ] ] ] } },
{ "type": "Feature", "properties": { "type": "stream", "flow_acc_threshold_cells": 50 }, "geometry": { "type": "Polygon", "coordinates": [ [ [ -57.019166666649511, -25.616111111126703 ], [ -57.019166666649511, -25.616388888904481 ], [ -57.018888888871736, -25.616388888904481 ], [ -57.018888888871736, -25.616111111126703 ], [ -57.019166666649511, -25.616111111126703 ] ] ] } },
{ "type": "Feature", "properties": { "type": "stream", "flow_acc_threshold_cells": 50 }, "geometry": { "type": "Polygon", "coordinates": [ [ [ -57.017222222205071, -25.616111111126703 ], [ -57.017222222205071, -25.616388888904481 ], [ -57.016944444427288, -25.616388888904481 ], [ -57.016944444427288, -25.616111111126703 ], [ -57.017222222205071, -25.616111111126703 ] ] ] } },
{ "type": "Feature", "properties": { "type": "stream", "flow_acc_threshold_cells": 50 }, "geometry": { "type": "Polygon", "coordinates": [ [ [ -57.031111111093956, -25.614444444460034 ], [ -57.031111111093956, -25.615833333348924 ], [ -57.030833333316181, -25.615833333348924 ], [ -57.030833333316181, -25.616666666682256 ], [ -57.030555555538406, -25.616666666682256 ], [ -57.030555555538406, -25.61527777779337 ], [ -57.030833333316181, -25.61527777779337 ], [ -57.030833333316181, -25.614444444460034 ], [ -57.031111111093956, -25.614444444460034 ] ] ] } },
{ "type": "Feature", "properties": { "type": "stream", "flow_acc_threshold_cells": 50 }, "geometry": { "type": "Polygon", "coordinates": [ [ [ -57.034999999982851, -25.616388888904481 ], [ -57.034999999982851, -25.616666666682256 ], [ -57.033333333316179, -25.616666666682256 ], [ -57.033333333316179, -25.616388888904481 ], [ -57.034999999982851, -25.616388888904481 ] ] ] } },
{ "type": "Feature", "properties": { "type": "stream", "flow_acc_threshold_cells": 50 }, "geometry": { "type": "Polygon", "coordinates": [ [ [ -57.025555555538403, -25.616388888904481 ], [ -57.025555555538403, -25.616666666682256 ], [ -57.025277777760621, -25.616666666682256 ], [ -57.025277777760621, -25.616388888904481 ], [ -57.025555555538403, -25.616388888904481 ] ] ] } },
{ "type": "Feature", "properties": { "type": "stream", "flow_acc_threshold_cells": 50 }, "geometry": { "type": "Polygon", "coordinates": [ [ [ -57.019444444427293, -25.616388888904481 ], [ -57.019444444427293, -25.616666666682256 ], [ -57.019166666649511, -25.616666666682256 ], [ -57.019166666649511, -25.616388888904481 ], [ -57.019444444427293, -25.616388888904481 ] ] ] } },
{ "type": "Feature", "properties": { "type": "stream", "flow_acc_threshold_cells": 50 }, "geometry": { "type": "Polygon", "coordinates": [ [ [ -57.017499999982846, -25.616388888904481 ], [ -57.017499999982846, -25.616666666682256 ], [ -57.017222222205071, -25.616666666682256 ], [ -57.017222222205071, -25.616388888904481 ], [ -57.017499999982846, -25.616388888904481 ] ] ] } },
{ "type": "Feature", "properties": { "type": "stream", "flow_acc_threshold_cells": 50 }, "geometry": { "type": "Polygon", "coordinates": [ [ [ -57.020833333316176, -25.616388888904481 ], [ -57.020833333316176, -25.616944444460035 ], [ -57.020555555538401, -25.616944444460035 ], [ -57.020555555538401, -25.616388888904481 ], [ -57.020833333316176, -25.616388888904481 ] ] ] } },
{ "type": "Feature", "properties": { "type": "stream", "flow_acc_threshold_cells": 50 }, "geometry": { "type": "Polygon", "coordinates": [ [ [ -57.035277777760626, -25.616666666682256 ], [ -57.035277777760626, -25.616944444460035 ], [ -57.034999999982851, -25.616944444460035 ], [ -57.034999999982851, -25.616666666682256 ], [ -57.035277777760626, -25.616666666682256 ] ] ] } },
{ "type": "Feature", "properties": { "type": "stream", "flow_acc_threshold_cells": 50 }, "geometry": { "type": "Polygon", "coordinates": [ [ [ -57.033333333316179, -25.616666666682256 ], [ -57.033333333316179, -25.616944444460035 ], [ -57.032499999982846, -25.616944444460035 ], [ -57.032499999982846, -25.616666666682256 ], [ -57.033333333316179, -25.616666666682256 ] ] ] } },
{ "type": "Feature", "properties": { "type": "stream", "flow_acc_threshold_cells": 50 }, "geometry": { "type": "Polygon", "coordinates": [ [ [ -57.026388888871736, -25.616666666682256 ], [ -57.026388888871736, -25.616944444460035 ], [ -57.026111111093961, -25.616944444460035 ], [ -57.026111111093961, -25.616666666682256 ], [ -57.026388888871736, -25.616666666682256 ] ] ] } },
{ "type": "Feature", "properties": { "type": "stream", "flow_acc_threshold_cells": 50 }, "geometry": { "type": "Polygon", "coordinates": [ [ [ -57.025833333316179, -25.616666666682256 ], [ -57.025833333316179, -25.616944444460035 ], [ -57.025555555538403, -25.616944444460035 ], [ -57.025555555538403, -25.616666666682256 ], [ -57.025833333316179, -25.616666666682256 ] ] ] } },
{ "type": "Feature", "properties": { "type": "stream", "flow_acc_threshold_cells": 50 }, "geometry": { "type": "Polygon", "coordinates": [ [ [ -57.019722222205068, -25.616666666682256 ], [ -57.019722222205068, -25.616944444460035 ], [ -57.019444444427293, -25.616944444460035 ], [ -57.019444444427293, -25.616666666682256 ], [ -57.019722222205068, -25.616666666682256 ] ] ] } },
{ "type": "Feature", "properties": { "type": "stream", "flow_acc_threshold_cells": 50 }, "geometry": { "type": "Polygon", "coordinates": [ [ [ -57.017777777760621, -25.616666666682256 ], [ -57.017777777760621, -25.617222222237814 ], [ -57.017499999982846, -25.617222222237814 ], [ -57.017499999982846, -25.616666666682256 ], [ -57.017777777760621, -25.616666666682256 ] ] ] } },
{ "type": "Feature", "properties": { "type": "stream", "flow_acc_threshold_cells": 50 }, "geometry": { "type": "Polygon", "coordinates": [ [ [ -57.031944444427289, -25.616111111126703 ], [ -57.031944444427289, -25.616944444460035 ], [ -57.032499999982846, -25.616944444460035 ], [ -57.032499999982846, -25.617222222237814 ], [ -57.031111111093956, -25.617222222237814 ], [ -57.031111111093956, -25.616944444460035 ], [ -57.031666666649514, -25.616944444460035 ], [ -57.031666666649514, -25.616111111126703 ], [ -57.031944444427289, -25.616111111126703 ] ] ] } },
{ "type": "Feature", "properties": { "type": "stream", "flow_acc_threshold_cells": 50 }, "geometry": { "type": "Polygon", "coordinates": [ [ [ -57.026111111093961, -25.616944444460035 ], [ -57.026111111093961, -25.617222222237814 ], [ -57.025833333316179, -25.617222222237814 ], [ -57.025833333316179, -25.616944444460035 ], [ -57.026111111093961, -25.616944444460035 ] ] ] } },
{ "type": "Feature", "properties": { "type": "stream", "flow_acc_threshold_cells": 50 }, "geometry": { "type": "Polygon", "coordinates": [ [ [ -57.021111111093958, -25.616944444460035 ], [ -57.021111111093958, -25.617222222237814 ], [ -57.020833333316176, -25.617222222237814 ], [ -57.020833333316176, -25.616944444460035 ], [ -57.021111111093958, -25.616944444460035 ] ] ] } },
{ "type": "Feature", "properties": { "type": "stream", "flow_acc_threshold_cells": 50 }, "geometry": { "type": "Polygon", "coordinates": [ [ [ -57.019999999982844, -25.616944444460035 ], [ -57.019999999982844, -25.617222222237814 ], [ -57.019722222205068, -25.617222222237814 ], [ -57.019722222205068, -25.616944444460035 ], [ -57.019999999982844, -25.616944444460035 ] ] ] } },
{ "type": "Feature", "properties": { "type": "stream", "flow_acc_threshold_cells": 50 }, "geometry": { "type": "Polygon", "coordinates": [ [ [ -57.030555555538406, -25.616666666682256 ], [ -57.030555555538406, -25.617500000015593 ], [ -57.030277777760624, -25.617500000015593 ], [ -57.030277777760624, -25.616666666682256 ], [ -57.030555555538406, -25.616666666682256 ] ] ] } },
{ "type": "Feature", "properties": { "type": "stream", "flow_acc_threshold_cells": 50 }, "geometry": { "type": "Polygon", "coordinates": [ [ [ -57.031111111093956, -25.617222222237814 ], [ -57.031111111093956, -25.617500000015593 ], [ -57.030833333316181, -25.617500000015593 ], [ -57.030833333316181, -25.617222222237814 ], [ -57.031111111093956, -25.617222222237814 ] ] ] } },
{ "type": "Feature", "properties": { "type": "stream", "flow_acc_threshold_cells": 50 }, "geometry": { "type": "Polygon", "coordinates": [ [ [ -57.020833333316176, -25.617222222237814 ], [ -57.020833333316176, -25.617500000015593 ], [ -57.020555555538401, -25.617500000015593 ], [ -57.020555555538401, -25.617222222237814 ], [ -57.020833333316176, -25.617222222237814 ] ] ] } },
{ "type": "Feature", "properties": { "type": "stream", "flow_acc_threshold_cells": 50 }, "geometry": { "type": "Polygon", "coordinates": [ [ [ -57.026666666649511, -25.616944444460035 ], [ -57.026666666649511, -25.617777777793368 ], [ -57.026388888871736, -25.617777777793368 ], [ -57.026388888871736, -25.617500000015593 ], [ -57.026111111093961, -25.617500000015593 ], [ -57.026111111093961, -25.617222222237814 ], [ -57.026388888871736, -25.617222222237814 ], [ -57.026388888871736, -25.616944444460035 ], [ -57.026666666649511, -25.616944444460035 ] ] ] } },
{ "type": "Feature", "properties": { "type": "stream", "flow_acc_threshold_cells": 50 }, "geometry": { "type": "Polygon", "coordinates": [ [ [ -57.023055555538399, -25.617222222237814 ], [ -57.023055555538399, -25.617500000015593 ], [ -57.022777777760624, -25.617500000015593 ], [ -57.022777777760624, -25.617777777793368 ], [ -57.022222222205066, -25.617777777793368 ], [ -57.022222222205066, -25.617500000015593 ], [ -57.022499999982848, -25.617500000015593 ], [ -57.022499999982848, -25.617222222237814 ], [ -57.023055555538399, -25.617222222237814 ] ] ] } },
{ "type": "Feature", "properties": { "type": "stream", "flow_acc_threshold_cells": 50 }, "geometry": { "type": "Polygon", "coordinates": [ [ [ -57.030833333316181, -25.617500000015593 ], [ -57.030833333316181, -25.617777777793368 ], [ -57.030555555538406, -25.617777777793368 ], [ -57.030555555538406, -25.617500000015593 ], [ -57.030833333316181, -25.617500000015593 ] ] ] } },
{ "type": "Feature", "properties": { "type": "stream", "flow_acc_threshold_cells": 50 }, "geometry": { "type": "Polygon", "coordinates": [ [ [ -57.021666666649516, -25.617500000015593 ], [ -57.021666666649516, -25.617777777793368 ], [ -57.021111111093958, -25.617777777793368 ], [ -57.021111111093958, -25.617500000015593 ], [ -57.021666666649516, -25.617500000015593 ] ] ] } },
{ "type": "Feature", "properties": { "type": "stream", "flow_acc_threshold_cells": 50 }, "geometry": { "type": "Polygon", "coordinates": [ [ [ -57.016944444427288, -25.617500000015593 ], [ -57.016944444427288, -25.617777777793368 ], [ -57.016388888871731, -25.617777777793368 ], [ -57.016388888871731, -25.617500000015593 ], [ -57.016944444427288, -25.617500000015593 ] ] ] } },
{ "type": "Feature", "properties": { "type": "stream", "flow_acc_threshold_cells": 50 }, "geometry": { "type": "Polygon", "coordinates": [ [ [ -57.023611111093956, -25.617222222237814 ], [ -57.023611111093956, -25.617500000015593 ], [ -57.024444444427289, -25.617500000015593 ], [ -57.024444444427289, -25.618055555571146 ], [ -57.024166666649514, -25.618055555571146 ], [ -57.024166666649514, -25.617777777793368 ], [ -57.023055555538399, -25.617777777793368 ], [ -57.023055555538399, -25.617500000015593 ], [ -57.023333333316181, -25.617500000015593 ], [ -57.023333333316181, -25.617222222237814 ], [ -57.023611111093956, -25.617222222237814 ] ] ] } },
{ "type": "Feature", "properties": { "type": "stream", "flow_acc_threshold_cells": 50 }, "geometry": { "type": "Polygon", "coordinates": [ [ [ -57.022222222205066, -25.617777777793368 ], [ -57.022222222205066, -25.618055555571146 ], [ -57.021666666649516, -25.618055555571146 ], [ -57.021666666649516, -25.617777777793368 ], [ -57.022222222205066, -25.617777777793368 ] ] ] } },
{ "type": "Feature", "properties": { "type": "stream", "flow_acc_threshold_cells": 50 }, "geometry": { "type": "Polygon", "coordinates": [ [ [ -57.016388888871731, -25.617777777793368 ], [ -57.016388888871731, -25.618055555571146 ], [ -57.016111111093956, -25.618055555571146 ], [ -57.016111111093956, -25.617777777793368 ], [ -57.016388888871731, -25.617777777793368 ] ] ] } },
{ "type": "Feature", "properties": { "type": "stream", "flow_acc_threshold_cells": 50 }, "geometry": { "type": "Polygon", "coordinates": [ [ [ -57.026388888871736, -25.617777777793368 ], [ -57.026388888871736, -25.618333333348925 ], [ -57.026111111093961, -25.618333333348925 ], [ -57.026111111093961, -25.617777777793368 ], [ -57.026388888871736, -25.617777777793368 ] ] ] } },
{ "type": "Feature", "properties": { "type": "stream", "flow_acc_threshold_cells": 50 }, "geometry": { "type": "Polygon", "coordinates": [ [ [ -57.020277777760626, -25.617222222237814 ], [ -57.020277777760626, -25.617500000015593 ], [ -57.020555555538401, -25.617500000015593 ], [ -57.020555555538401, -25.617777777793368 ], [ -57.021111111093958, -25.617777777793368 ], [ -57.021111111093958, -25.618055555571146 ], [ -57.020277777760626, -25.618055555571146 ], [ -57.020277777760626, -25.618333333348925 ], [ -57.019722222205068, -25.618333333348925 ], [ -57.019722222205068, -25.618055555571146 ], [ -57.019999999982844, -25.618055555571146 ], [ -57.019999999982844, -25.617222222237814 ], [ -57.020277777760626, -25.617222222237814 ] ] ] } },
{ "type": "Feature", "properties": { "type": "stream", "flow_acc_threshold_cells": 50 }, "geometry": { "type": "Polygon", "coordinates": [ [ [ -57.024722222205071, -25.618055555571146 ], [ -57.024722222205071, -25.618611111126704 ], [ -57.024444444427289, -25.618611111126704 ], [ -57.024444444427289, -25.618055555571146 ], [ -57.024722222205071, -25.618055555571146 ] ] ] } },
{ "type": "Feature", "properties": { "type": "stream", "flow_acc_threshold_cells": 50 }, "geometry": { "type": "Polygon", "coordinates": [ [ [ -57.044444444427292, -25.618333333348925 ], [ -57.044444444427292, -25.618611111126704 ], [ -57.044166666649517, -25.618611111126704 ], [ -57.044166666649517, -25.618333333348925 ], [ -57.044444444427292, -25.618333333348925 ] ] ] } },
{ "type": "Feature", "properties": { "type": "stream", "flow_acc_threshold_cells": 50 }, "geometry": { "type": "Polygon", "coordinates": [ [ [ -57.019722222205068, -25.618333333348925 ], [ -57.019722222205068, -25.618611111126704 ], [ -57.019166666649511, -25.618611111126704 ], [ -57.019166666649511, -25.618333333348925 ], [ -57.019722222205068, -25.618333333348925 ] ] ] } },
{ "type": "Feature", "properties": { "type": "stream", "flow_acc_threshold_cells": 50 }, "geometry": { "type": "Polygon", "coordinates": [ [ [ -57.018055555538403, -25.617222222237814 ], [ -57.018055555538403, -25.618055555571146 ], [ -57.018333333316178, -25.618055555571146 ], [ -57.018333333316178, -25.618333333348925 ], [ -57.018888888871736, -25.618333333348925 ], [ -57.018888888871736, -25.618611111126704 ], [ -57.018055555538403, -25.618611111126704 ], [ -57.018055555538403, -25.618333333348925 ], [ -57.017777777760621, -25.618333333348925 ], [ -57.017777777760621, -25.618055555571146 ], [ -57.016944444427288, -25.618055555571146 ], [ -57.016944444427288, -25.617777777793368 ], [ -57.017777777760621, -25.617777777793368 ], [ -57.017777777760621, -25.617222222237814 ], [ -57.018055555538403, -25.617222222237814 ] ] ] } },
{ "type": "Feature", "properties": { "type": "stream", "flow_acc_threshold_cells": 50 }, "geometry": { "type": "Polygon", "coordinates": [ [ [ -57.026111111093961, -25.618333333348925 ], [ -57.026111111093961, -25.618888888904479 ], [ -57.025833333316179, -25.618888888904479 ], [ -57.025833333316179, -25.618333333348925 ], [ -57.026111111093961, -25.618333333348925 ] ] ] } },
{ "type": "Feature", "properties": { "type": "stream", "flow_acc_threshold_cells": 50 }, "geometry": { "type": "Polygon", "coordinates": [ [ [ -57.033055555538404, -25.618611111126704 ], [ -57.033055555538404, -25.618888888904479 ], [ -57.032777777760629, -25.618888888904479 ], [ -57.032777777760629, -25.618611111126704 ], [ -57.033055555538404, -25.618611111126704 ] ] ] } },
{ "type": "Feature", "properties": { "type": "stream", "flow_acc_threshold_cells": 50 }, "geometry": { "type": "Polygon", "coordinates": [ [ [ -57.024999999982846, -25.618611111126704 ], [ -57.024999999982846, -25.618888888904479 ], [ -57.024722222205071, -25.618888888904479 ], [ -57.024722222205071, -25.618611111126704 ], [ -57.024999999982846, -25.618611111126704 ] ] ] } },
{ "type": "Feature", "properties": { "type": "stream", "flow_acc_threshold_cells": 50 }, "geometry": { "type": "Polygon", "coordinates": [ [ [ -57.019166666649511, -25.618611111126704 ], [ -57.019166666649511, -25.618888888904479 ], [ -57.018888888871736, -25.618888888904479 ], [ -57.018888888871736, -25.618611111126704 ], [ -57.019166666649511, -25.618611111126704 ] ] ] } },
{ "type": "Feature", "properties": { "type": "stream", "flow_acc_threshold_cells": 50 }, "geometry": { "type": "Polygon", "coordinates": [ [ [ -57.032777777760629, -25.618333333348925 ], [ -57.032777777760629, -25.618611111126704 ], [ -57.032222222205071, -25.618611111126704 ], [ -57.032222222205071, -25.619166666682258 ], [ -57.031944444427289, -25.619166666682258 ], [ -57.031944444427289, -25.618333333348925 ], [ -57.032777777760629, -25.618333333348925 ] ] ] } },
{ "type": "Feature", "properties": { "type": "stream", "flow_acc_threshold_cells": 50 }, "geometry": { "type": "Polygon", "coordinates": [ [ [ -57.044166666649517, -25.618611111126704 ], [ -57.044166666649517, -25.619166666682258 ], [ -57.043888888871741, -25.619166666682258 ], [ -57.043888888871741, -25.618611111126704 ], [ -57.044166666649517, -25.618611111126704 ] ] ] } },
{ "type": "Feature", "properties": { "type": "stream", "flow_acc_threshold_cells": 50 }, "geometry": { "type": "Polygon", "coordinates": [ [ [ -57.025277777760621, -25.618888888904479 ], [ -57.025277777760621, -25.619166666682258 ], [ -57.024999999982846, -25.619166666682258 ], [ -57.024999999982846, -25.618888888904479 ], [ -57.025277777760621, -25.618888888904479 ] ] ] } },
{ "type": "Feature", "properties": { "type": "stream", "flow_acc_threshold_cells": 50 }, "geometry": { "type": "Polygon", "coordinates": [ [ [ -57.024444444427289, -25.618888888904479 ], [ -57.024444444427289, -25.619444444460036 ], [ -57.024166666649514, -25.619444444460036 ], [ -57.024166666649514, -25.619166666682258 ], [ -57.022777777760624, -25.619166666682258 ], [ -57.022777777760624, -25.618888888904479 ], [ -57.024444444427289, -25.618888888904479 ] ] ] } },
{ "type": "Feature", "properties": { "type": "stream", "flow_acc_threshold_cells": 50 }, "geometry": { "type": "Polygon", "coordinates": [ [ [ -57.043888888871741, -25.619166666682258 ], [ -57.043888888871741, -25.619444444460036 ], [ -57.043611111093959, -25.619444444460036 ], [ -57.043611111093959, -25.619166666682258 ], [ -57.043888888871741, -25.619166666682258 ] ] ] } },
{ "type": "Feature", "properties": { "type": "stream", "flow_acc_threshold_cells": 50 }, "geometry": { "type": "Polygon", "coordinates": [ [ [ -57.030555555538406, -25.617777777793368 ], [ -57.030555555538406, -25.618055555571146 ], [ -57.030277777760624, -25.618055555571146 ], [ -57.030277777760624, -25.619722222237815 ], [ -57.029999999982849, -25.619722222237815 ], [ -57.029999999982849, -25.617777777793368 ], [ -57.030555555538406, -25.617777777793368 ] ] ] } },
{ "type": "Feature", "properties": { "type": "stream", "flow_acc_threshold_cells": 50 }, "geometry": { "type": "Polygon", "coordinates": [ [ [ -57.026388888871736, -25.618888888904479 ], [ -57.026388888871736, -25.619722222237815 ], [ -57.026111111093961, -25.619722222237815 ], [ -57.026111111093961, -25.618888888904479 ], [ -57.026388888871736, -25.618888888904479 ] ] ] } },
{ "type": "Feature", "properties": { "type": "stream", "flow_acc_threshold_cells": 50 }, "geometry": { "type": "Polygon", "coordinates": [ [ [ -57.031944444427289, -25.619166666682258 ], [ -57.031944444427289, -25.619722222237815 ], [ -57.031666666649514, -25.619722222237815 ], [ -57.031666666649514, -25.619166666682258 ], [ -57.031944444427289, -25.619166666682258 ] ] ] } },
{ "type": "Feature", "properties": { "type": "stream", "flow_acc_threshold_cells": 50 }, "geometry": { "type": "Polygon", "coordinates": [ [ [ -57.025555555538403, -25.619166666682258 ], [ -57.025555555538403, -25.619722222237815 ], [ -57.024444444427289, -25.619722222237815 ], [ -57.024444444427289, -25.619444444460036 ], [ -57.025277777760621, -25.619444444460036 ], [ -57.025277777760621, -25.619166666682258 ], [ -57.025555555538403, -25.619166666682258 ] ] ] } },
{ "type": "Feature", "properties": { "type": "stream", "flow_acc_threshold_cells": 50 }, "geometry": { "type": "Polygon", "coordinates": [ [ [ -57.043611111093959, -25.619444444460036 ], [ -57.043611111093959, -25.619722222237815 ], [ -57.043333333316184, -25.619722222237815 ], [ -57.043333333316184, -25.619444444460036 ], [ -57.043611111093959, -25.619444444460036 ] ] ] } },
{ "type": "Feature", "properties": { "type": "stream", "flow_acc_threshold_cells": 50 }, "geometry": { "type": "Polygon", "coordinates": [ [ [ -57.030555555538406, -25.619722222237815 ], [ -57.030555555538406, -25.62000000001559 ], [ -57.030277777760624, -25.62000000001559 ], [ -57.030277777760624, -25.619722222237815 ], [ -57.030555555538406, -25.619722222237815 ] ] ] } },
{ "type": "Feature", "properties": { "type": "stream", "flow_acc_threshold_cells": 50 }, "geometry": { "type": "Polygon", "coordinates": [ [ [ -57.026666666649511, -25.619722222237815 ], [ -57.026666666649511, -25.62000000001559 ], [ -57.026388888871736, -25.62000000001559 ], [ -57.026388888871736, -25.619722222237815 ], [ -57.026666666649511, -25.619722222237815 ] ] ] } },
{ "type": "Feature", "properties": { "type": "stream", "flow_acc_threshold_cells": 50 }, "geometry": { "type": "Polygon", "coordinates": [ [ [ -57.031666666649514, -25.619722222237815 ], [ -57.031666666649514, -25.620277777793369 ], [ -57.031388888871739, -25.620277777793369 ], [ -57.031388888871739, -25.619722222237815 ], [ -57.031666666649514, -25.619722222237815 ] ] ] } },
{ "type": "Feature", "properties": { "type": "stream", "flow_acc_threshold_cells": 50 }, "geometry": { "type": "Polygon", "coordinates": [ [ [ -57.025833333316179, -25.619722222237815 ], [ -57.025833333316179, -25.620277777793369 ], [ -57.025555555538403, -25.620277777793369 ], [ -57.025555555538403, -25.619722222237815 ], [ -57.025833333316179, -25.619722222237815 ] ] ] } },
{ "type": "Feature", "properties": { "type": "stream", "flow_acc_threshold_cells": 50 }, "geometry": { "type": "Polygon", "coordinates": [ [ [ -57.030833333316181, -25.62000000001559 ], [ -57.030833333316181, -25.620555555571148 ], [ -57.030555555538406, -25.620555555571148 ], [ -57.030555555538406, -25.62000000001559 ], [ -57.030833333316181, -25.62000000001559 ] ] ] } },
{ "type": "Feature", "properties": { "type": "stream", "flow_acc_threshold_cells": 50 }, "geometry": { "type": "Polygon", "coordinates": [ [ [ -57.026944444427293, -25.62000000001559 ], [ -57.026944444427293, -25.620555555571148 ], [ -57.026666666649511, -25.620555555571148 ], [ -57.026666666649511, -25.62000000001559 ], [ -57.026944444427293, -25.62000000001559 ] ] ] } },
{ "type": "Feature", "properties": { "type": "stream", "flow_acc_threshold_cells": 50 }, "geometry": { "type": "Polygon", "coordinates": [ [ [ -57.026111111093961, -25.620277777793369 ], [ -57.026111111093961, -25.620555555571148 ], [ -57.025833333316179, -25.620555555571148 ], [ -57.025833333316179, -25.620277777793369 ], [ -57.026111111093961, -25.620277777793369 ] ] ] } },
{ "type": "Feature", "properties": { "type": "stream", "flow_acc_threshold_cells": 50 }, "geometry": { "type": "Polygon", "coordinates": [ [ [ -57.042222222205069, -25.620555555571148 ], [ -57.042222222205069, -25.620833333348926 ], [ -57.041944444427294, -25.620833333348926 ], [ -57.041944444427294, -25.620555555571148 ], [ -57.042222222205069, -25.620555555571148 ] ] ] } },
{ "type": "Feature", "properties": { "type": "stream", "flow_acc_threshold_cells": 50 }, "geometry": { "type": "Polygon", "coordinates": [ [ [ -57.038055555538406, -25.620555555571148 ], [ -57.038055555538406, -25.620833333348926 ], [ -57.037499999982849, -25.620833333348926 ], [ -57.037499999982849, -25.620555555571148 ], [ -57.038055555538406, -25.620555555571148 ] ] ] } },
{ "type": "Feature", "properties": { "type": "stream", "flow_acc_threshold_cells": 50 }, "geometry": { "type": "Polygon", "coordinates": [ [ [ -57.028055555538401, -25.620555555571148 ], [ -57.028055555538401, -25.620833333348926 ], [ -57.027499999982844, -25.620833333348926 ], [ -57.027499999982844, -25.620555555571148 ], [ -57.028055555538401, -25.620555555571148 ] ] ] } },
{ "type": "Feature", "properties": { "type": "stream", "flow_acc_threshold_cells": 50 }, "geometry": { "type": "Polygon", "coordinates": [ [ [ -57.026388888871736, -25.620555555571148 ], [ -57.026388888871736, -25.620833333348926 ], [ -57.026111111093961, -25.620833333348926 ], [ -57.026111111093961, -25.620555555571148 ], [ -57.026388888871736, -25.620555555571148 ] ] ] } },
{ "type": "Feature", "properties": { "type": "stream", "flow_acc_threshold_cells": 50 }, "geometry": { "type": "Polygon", "coordinates": [ [ [ -57.042499999982851, -25.620833333348926 ], [ -57.042499999982851, -25.621111111126702 ], [ -57.042222222205069, -25.621111111126702 ], [ -57.042222222205069, -25.620833333348926 ], [ -57.042499999982851, -25.620833333348926 ] ] ] } },
{ "type": "Feature", "properties": { "type": "stream", "flow_acc_threshold_cells": 50 }, "geometry": { "type": "Polygon", "coordinates": [ [ [ -57.037499999982849, -25.620833333348926 ], [ -57.037499999982849, -25.621111111126702 ], [ -57.037222222205074, -25.621111111126702 ], [ -57.037222222205074, -25.620833333348926 ], [ -57.037499999982849, -25.620833333348926 ] ] ] } },
{ "type": "Feature", "properties": { "type": "stream", "flow_acc_threshold_cells": 50 }, "geometry": { "type": "Polygon", "coordinates": [ [ [ -57.027222222205069, -25.620555555571148 ], [ -57.027222222205069, -25.620833333348926 ], [ -57.027499999982844, -25.620833333348926 ], [ -57.027499999982844, -25.621111111126702 ], [ -57.026388888871736, -25.621111111126702 ], [ -57.026388888871736, -25.620833333348926 ], [ -57.026944444427293, -25.620833333348926 ], [ -57.026944444427293, -25.620555555571148 ], [ -57.027222222205069, -25.620555555571148 ] ] ] } },
{ "type": "Feature", "properties": { "type": "stream", "flow_acc_threshold_cells": 50 }, "geometry": { "type": "Polygon", "coordinates": [ [ [ -57.025555555538403, -25.620833333348926 ], [ -57.025555555538403, -25.621111111126702 ], [ -57.025277777760621, -25.621111111126702 ], [ -57.025277777760621, -25.620833333348926 ], [ -57.025555555538403, -25.620833333348926 ] ] ] } },
{ "type": "Feature", "properties": { "type": "stream", "flow_acc_threshold_cells": 50 }, "geometry": { "type": "Polygon", "coordinates": [ [ [ -57.043333333316184, -25.619722222237815 ], [ -57.043333333316184, -25.62138888890448 ], [ -57.042777777760627, -25.62138888890448 ], [ -57.042777777760627, -25.621111111126702 ], [ -57.043055555538402, -25.621111111126702 ], [ -57.043055555538402, -25.619722222237815 ], [ -57.043333333316184, -25.619722222237815 ] ] ] } },
{ "type": "Feature", "properties": { "type": "stream", "flow_acc_threshold_cells": 50 }, "geometry": { "type": "Polygon", "coordinates": [ [ [ -57.028333333316183, -25.620833333348926 ], [ -57.028333333316183, -25.62138888890448 ], [ -57.028055555538401, -25.62138888890448 ], [ -57.028055555538401, -25.620833333348926 ], [ -57.028333333316183, -25.620833333348926 ] ] ] } },
{ "type": "Feature", "properties": { "type": "stream", "flow_acc_threshold_cells": 50 }, "geometry": { "type": "Polygon", "coordinates": [ [ [ -57.037222222205074, -25.621111111126702 ], [ -57.037222222205074, -25.62138888890448 ], [ -57.036944444427292, -25.62138888890448 ], [ -57.036944444427292, -25.621111111126702 ], [ -57.037222222205074, -25.621111111126702 ] ] ] } },
{ "type": "Feature", "properties": { "type": "stream", "flow_acc_threshold_cells": 50 }, "geometry": { "type": "Polygon", "coordinates": [ [ [ -57.026111111093961, -25.621111111126702 ], [ -57.026111111093961, -25.62138888890448 ], [ -57.025555555538403, -25.62138888890448 ], [ -57.025555555538403, -25.621111111126702 ], [ -57.026111111093961, -25.621111111126702 ] ] ] } },
{ "type": "Feature", "properties": { "type": "stream", "flow_acc_threshold_cells": 50 }, "geometry": { "type": "Polygon", "coordinates": [ [ [ -57.040833333316179, -25.620555555571148 ], [ -57.040833333316179, -25.621666666682259 ], [ -57.040555555538404, -25.621666666682259 ], [ -57.040555555538404, -25.620555555571148 ], [ -57.040833333316179, -25.620555555571148 ] ] ] } },
{ "type": "Feature", "properties": { "type": "stream", "flow_acc_threshold_cells": 50 }, "geometry": { "type": "Polygon", "coordinates": [ [ [ -57.042777777760627, -25.62138888890448 ], [ -57.042777777760627, -25.621666666682259 ], [ -57.042499999982851, -25.621666666682259 ], [ -57.042499999982851, -25.62138888890448 ], [ -57.042777777760627, -25.62138888890448 ] ] ] } },
{ "type": "Feature", "properties": { "type": "stream", "flow_acc_threshold_cells": 50 }, "geometry": { "type": "Polygon", "coordinates": [ [ [ -57.036944444427292, -25.62138888890448 ], [ -57.036944444427292, -25.621666666682259 ], [ -57.036666666649516, -25.621666666682259 ], [ -57.036666666649516, -25.62138888890448 ], [ -57.036944444427292, -25.62138888890448 ] ] ] } },
{ "type": "Feature", "properties": { "type": "stream", "flow_acc_threshold_cells": 50 }, "geometry": { "type": "Polygon", "coordinates": [ [ [ -57.026388888871736, -25.62138888890448 ], [ -57.026388888871736, -25.621666666682259 ], [ -57.026111111093961, -25.621666666682259 ], [ -57.026111111093961, -25.62138888890448 ], [ -57.026388888871736, -25.62138888890448 ] ] ] } },
{ "type": "Feature", "properties": { "type": "stream", "flow_acc_threshold_cells": 50 }, "geometry": { "type": "Polygon", "coordinates": [ [ [ -57.031388888871739, -25.620277777793369 ], [ -57.031388888871739, -25.620833333348926 ], [ -57.031111111093956, -25.620833333348926 ], [ -57.031111111093956, -25.621944444460038 ], [ -57.030833333316181, -25.621944444460038 ], [ -57.030833333316181, -25.620555555571148 ], [ -57.031111111093956, -25.620555555571148 ], [ -57.031111111093956, -25.620277777793369 ], [ -57.031388888871739, -25.620277777793369 ] ] ] } },
{ "type": "Feature", "properties": { "type": "stream", "flow_acc_threshold_cells": 50 }, "geometry": { "type": "Polygon", "coordinates": [ [ [ -57.031944444427289, -25.620833333348926 ], [ -57.031944444427289, -25.621944444460038 ], [ -57.031666666649514, -25.621944444460038 ], [ -57.031666666649514, -25.621111111126702 ], [ -57.031388888871739, -25.621111111126702 ], [ -57.031388888871739, -25.620833333348926 ], [ -57.031944444427289, -25.620833333348926 ] ] ] } },
{ "type": "Feature", "properties": { "type": "stream", "flow_acc_threshold_cells": 50 }, "geometry": { "type": "Polygon", "coordinates": [ [ [ -57.036666666649516, -25.621666666682259 ], [ -57.036666666649516, -25.621944444460038 ], [ -57.036388888871734, -25.621944444460038 ], [ -57.036388888871734, -25.621666666682259 ], [ -57.036666666649516, -25.621666666682259 ] ] ] } },
{ "type": "Feature", "properties": { "type": "stream", "flow_acc_threshold_cells": 50 }, "geometry": { "type": "Polygon", "coordinates": [ [ [ -57.028611111093959, -25.62138888890448 ], [ -57.028611111093959, -25.622222222237813 ], [ -57.028333333316183, -25.622222222237813 ], [ -57.028333333316183, -25.62138888890448 ], [ -57.028611111093959, -25.62138888890448 ] ] ] } },
{ "type": "Feature", "properties": { "type": "stream", "flow_acc_threshold_cells": 50 }, "geometry": { "type": "Polygon", "coordinates": [ [ [ -57.026666666649511, -25.621666666682259 ], [ -57.026666666649511, -25.622222222237813 ], [ -57.026388888871736, -25.622222222237813 ], [ -57.026388888871736, -25.621666666682259 ], [ -57.026666666649511, -25.621666666682259 ] ] ] } },
{ "type": "Feature", "properties": { "type": "stream", "flow_acc_threshold_cells": 50 }, "geometry": { "type": "Polygon", "coordinates": [ [ [ -57.036944444427292, -25.621944444460038 ], [ -57.036944444427292, -25.622222222237813 ], [ -57.036666666649516, -25.622222222237813 ], [ -57.036666666649516, -25.621944444460038 ], [ -57.036944444427292, -25.621944444460038 ] ] ] } },
{ "type": "Feature", "properties": { "type": "stream", "flow_acc_threshold_cells": 50 }, "geometry": { "type": "Polygon", "coordinates": [ [ [ -57.032222222205071, -25.621944444460038 ], [ -57.032222222205071, -25.622222222237813 ], [ -57.031944444427289, -25.622222222237813 ], [ -57.031944444427289, -25.621944444460038 ], [ -57.032222222205071, -25.621944444460038 ] ] ] } },
{ "type": "Feature", "properties": { "type": "stream", "flow_acc_threshold_cells": 50 }, "geometry": { "type": "Polygon", "coordinates": [ [ [ -57.030833333316181, -25.621944444460038 ], [ -57.030833333316181, -25.622222222237813 ], [ -57.030555555538406, -25.622222222237813 ], [ -57.030555555538406, -25.621944444460038 ], [ -57.030833333316181, -25.621944444460038 ] ] ] } },
{ "type": "Feature", "properties": { "type": "stream", "flow_acc_threshold_cells": 50 }, "geometry": { "type": "Polygon", "coordinates": [ [ [ -57.037222222205074, -25.622222222237813 ], [ -57.037222222205074, -25.622500000015592 ], [ -57.036944444427292, -25.622500000015592 ], [ -57.036944444427292, -25.622222222237813 ], [ -57.037222222205074, -25.622222222237813 ] ] ] } },
{ "type": "Feature", "properties": { "type": "stream", "flow_acc_threshold_cells": 50 }, "geometry": { "type": "Polygon", "coordinates": [ [ [ -57.034999999982851, -25.622222222237813 ], [ -57.034999999982851, -25.622500000015592 ], [ -57.034722222205069, -25.622500000015592 ], [ -57.034722222205069, -25.622222222237813 ], [ -57.034999999982851, -25.622222222237813 ] ] ] } },
{ "type": "Feature", "properties": { "type": "stream", "flow_acc_threshold_cells": 50 }, "geometry": { "type": "Polygon", "coordinates": [ [ [ -57.032777777760629, -25.622222222237813 ], [ -57.032777777760629, -25.622500000015592 ], [ -57.032222222205071, -25.622500000015592 ], [ -57.032222222205071, -25.622222222237813 ], [ -57.032777777760629, -25.622222222237813 ] ] ] } },
{ "type": "Feature", "properties": { "type": "stream", "flow_acc_threshold_cells": 50 }, "geometry": { "type": "Polygon", "coordinates": [ [ [ -57.028888888871734, -25.622222222237813 ], [ -57.028888888871734, -25.622500000015592 ], [ -57.028611111093959, -25.622500000015592 ], [ -57.028611111093959, -25.622222222237813 ], [ -57.028888888871734, -25.622222222237813 ] ] ] } },
{ "type": "Feature", "properties": { "type": "stream", "flow_acc_threshold_cells": 50 }, "geometry": { "type": "Polygon", "coordinates": [ [ [ -57.027499999982844, -25.622222222237813 ], [ -57.027499999982844, -25.622500000015592 ], [ -57.026666666649511, -25.622500000015592 ], [ -57.026666666649511, -25.622222222237813 ], [ -57.027499999982844, -25.622222222237813 ] ] ] } },
{ "type": "Feature", "properties": { "type": "stream", "flow_acc_threshold_cells": 50 }, "geometry": { "type": "Polygon", "coordinates": [ [ [ -57.042222222205069, -25.621111111126702 ], [ -57.042222222205069, -25.621666666682259 ], [ -57.042499999982851, -25.621666666682259 ], [ -57.042499999982851, -25.621944444460038 ], [ -57.042222222205069, -25.621944444460038 ], [ -57.042222222205069, -25.62277777779337 ], [ -57.041944444427294, -25.62277777779337 ], [ -57.041944444427294, -25.621111111126702 ], [ -57.042222222205069, -25.621111111126702 ] ] ] } },
{ "type": "Feature", "properties": { "type": "stream", "flow_acc_threshold_cells": 50 }, "geometry": { "type": "Polygon", "coordinates": [ [ [ -57.030555555538406, -25.622222222237813 ], [ -57.030555555538406, -25.62277777779337 ], [ -57.030277777760624, -25.62277777779337 ], [ -57.030277777760624, -25.622222222237813 ], [ -57.030555555538406, -25.622222222237813 ] ] ] } },
{ "type": "Feature", "properties": { "type": "stream", "flow_acc_threshold_cells": 50 }, "geometry": { "type": "Polygon", "coordinates": [ [ [ -57.036944444427292, -25.622500000015592 ], [ -57.036944444427292, -25.62277777779337 ], [ -57.036388888871734, -25.62277777779337 ], [ -57.036388888871734, -25.622500000015592 ], [ -57.036944444427292, -25.622500000015592 ] ] ] } },
{ "type": "Feature", "properties": { "type": "stream", "flow_acc_threshold_cells": 50 }, "geometry": { "type": "Polygon", "coordinates": [ [ [ -57.034722222205069, -25.622500000015592 ], [ -57.034722222205069, -25.62277777779337 ], [ -57.034444444427294, -25.62277777779337 ], [ -57.034444444427294, -25.622500000015592 ], [ -57.034722222205069, -25.622500000015592 ] ] ] } },
{ "type": "Feature", "properties": { "type": "stream", "flow_acc_threshold_cells": 50 }, "geometry": { "type": "Polygon", "coordinates": [ [ [ -57.034166666649512, -25.622500000015592 ], [ -57.034166666649512, -25.62277777779337 ], [ -57.033888888871736, -25.62277777779337 ], [ -57.033888888871736, -25.622500000015592 ], [ -57.034166666649512, -25.622500000015592 ] ] ] } },
{ "type": "Feature", "properties": { "type": "stream", "flow_acc_threshold_cells": 50 }, "geometry": { "type": "Polygon", "coordinates": [ [ [ -57.033055555538404, -25.622500000015592 ], [ -57.033055555538404, -25.62277777779337 ], [ -57.032777777760629, -25.62277777779337 ], [ -57.032777777760629, -25.622500000015592 ], [ -57.033055555538404, -25.622500000015592 ] ] ] } },
{ "type": "Feature", "properties": { "type": "stream", "flow_acc_threshold_cells": 50 }, "geometry": { "type": "Polygon", "coordinates": [ [ [ -57.029166666649516, -25.622500000015592 ], [ -57.029166666649516, -25.62277777779337 ], [ -57.028888888871734, -25.62277777779337 ], [ -57.028888888871734, -25.622500000015592 ], [ -57.029166666649516, -25.622500000015592 ] ] ] } },
{ "type": "Feature", "properties": { "type": "stream", "flow_acc_threshold_cells": 50 }, "geometry": { "type": "Polygon", "coordinates": [ [ [ -57.027777777760626, -25.622500000015592 ], [ -57.027777777760626, -25.62277777779337 ], [ -57.027499999982844, -25.62277777779337 ], [ -57.027499999982844, -25.622500000015592 ], [ -57.027777777760626, -25.622500000015592 ] ] ] } },
{ "type": "Feature", "properties": { "type": "stream", "flow_acc_threshold_cells": 50 }, "geometry": { "type": "Polygon", "coordinates": [ [ [ -57.041944444427294, -25.62277777779337 ], [ -57.041944444427294, -25.623055555571149 ], [ -57.041666666649519, -25.623055555571149 ], [ -57.041666666649519, -25.62277777779337 ], [ -57.041944444427294, -25.62277777779337 ] ] ] } },
{ "type": "Feature", "properties": { "type": "stream", "flow_acc_threshold_cells": 50 }, "geometry": { "type": "Polygon", "coordinates": [ [ [ -57.030277777760624, -25.62277777779337 ], [ -57.030277777760624, -25.623055555571149 ], [ -57.029999999982849, -25.623055555571149 ], [ -57.029999999982849, -25.62277777779337 ], [ -57.030277777760624, -25.62277777779337 ] ] ] } },
{ "type": "Feature", "properties": { "type": "stream", "flow_acc_threshold_cells": 50 }, "geometry": { "type": "Polygon", "coordinates": [ [ [ -57.029444444427291, -25.62277777779337 ], [ -57.029444444427291, -25.623055555571149 ], [ -57.029166666649516, -25.623055555571149 ], [ -57.029166666649516, -25.62277777779337 ], [ -57.029444444427291, -25.62277777779337 ] ] ] } },
{ "type": "Feature", "properties": { "type": "stream", "flow_acc_threshold_cells": 50 }, "geometry": { "type": "Polygon", "coordinates": [ [ [ -57.028055555538401, -25.62277777779337 ], [ -57.028055555538401, -25.623055555571149 ], [ -57.027777777760626, -25.623055555571149 ], [ -57.027777777760626, -25.62277777779337 ], [ -57.028055555538401, -25.62277777779337 ] ] ] } },
{ "type": "Feature", "properties": { "type": "stream", "flow_acc_threshold_cells": 50 }, "geometry": { "type": "Polygon", "coordinates": [ [ [ -57.021388888871734, -25.62277777779337 ], [ -57.021388888871734, -25.623055555571149 ], [ -57.019999999982844, -25.623055555571149 ], [ -57.019999999982844, -25.62277777779337 ], [ -57.021388888871734, -25.62277777779337 ] ] ] } },
{ "type": "Feature", "properties": { "type": "stream", "flow_acc_threshold_cells": 50 }, "geometry": { "type": "Polygon", "coordinates": [ [ [ -57.034444444427294, -25.62277777779337 ], [ -57.034444444427294, -25.623333333348924 ], [ -57.033888888871736, -25.623333333348924 ], [ -57.033888888871736, -25.623055555571149 ], [ -57.034166666649512, -25.623055555571149 ], [ -57.034166666649512, -25.62277777779337 ], [ -57.034444444427294, -25.62277777779337 ] ] ] } },
{ "type": "Feature", "properties": { "type": "stream", "flow_acc_threshold_cells": 50 }, "geometry": { "type": "Polygon", "coordinates": [ [ [ -57.033888888871736, -25.62277777779337 ], [ -57.033888888871736, -25.623055555571149 ], [ -57.033611111093961, -25.623055555571149 ], [ -57.033611111093961, -25.623333333348924 ], [ -57.033333333316179, -25.623333333348924 ], [ -57.033333333316179, -25.623055555571149 ], [ -57.033055555538404, -25.623055555571149 ], [ -57.033055555538404, -25.62277777779337 ], [ -57.033888888871736, -25.62277777779337 ] ] ] } },
{ "type": "Feature", "properties": { "type": "stream", "flow_acc_threshold_cells": 50 }, "geometry": { "type": "Polygon", "coordinates": [ [ [ -57.041666666649519, -25.623055555571149 ], [ -57.041666666649519, -25.623333333348924 ], [ -57.041388888871737, -25.623333333348924 ], [ -57.041388888871737, -25.623055555571149 ], [ -57.041666666649519, -25.623055555571149 ] ] ] } },
{ "type": "Feature", "properties": { "type": "stream", "flow_acc_threshold_cells": 50 }, "geometry": { "type": "Polygon", "coordinates": [ [ [ -57.035277777760626, -25.623055555571149 ], [ -57.035277777760626, -25.623333333348924 ], [ -57.034999999982851, -25.623333333348924 ], [ -57.034999999982851, -25.623055555571149 ], [ -57.035277777760626, -25.623055555571149 ] ] ] } },
{ "type": "Feature", "properties": { "type": "stream", "flow_acc_threshold_cells": 50 }, "geometry": { "type": "Polygon", "coordinates": [ [ [ -57.022222222205066, -25.623055555571149 ], [ -57.022222222205066, -25.623333333348924 ], [ -57.021388888871734, -25.623333333348924 ], [ -57.021388888871734, -25.623055555571149 ], [ -57.022222222205066, -25.623055555571149 ] ] ] } },
{ "type": "Feature", "properties": { "type": "stream", "flow_acc_threshold_cells": 50 }, "geometry": { "type": "Polygon", "coordinates": [ [ [ -57.015277777760623, -25.623055555571149 ], [ -57.015277777760623, -25.623333333348924 ], [ -57.014999999982848, -25.623333333348924 ], [ -57.014999999982848, -25.623055555571149 ], [ -57.015277777760623, -25.623055555571149 ] ] ] } },
{ "type": "Feature", "properties": { "type": "stream", "flow_acc_threshold_cells": 50 }, "geometry": { "type": "Polygon", "coordinates": [ [ [ -57.038333333316181, -25.622500000015592 ], [ -57.038333333316181, -25.623611111126703 ], [ -57.038055555538406, -25.623611111126703 ], [ -57.038055555538406, -25.622500000015592 ], [ -57.038333333316181, -25.622500000015592 ] ] ] } },
{ "type": "Feature", "properties": { "type": "stream", "flow_acc_threshold_cells": 50 }, "geometry": { "type": "Polygon", "coordinates": [ [ [ -57.036388888871734, -25.62277777779337 ], [ -57.036388888871734, -25.623611111126703 ], [ -57.035833333316184, -25.623611111126703 ], [ -57.035833333316184, -25.623333333348924 ], [ -57.036111111093959, -25.623333333348924 ], [ -57.036111111093959, -25.62277777779337 ], [ -57.036388888871734, -25.62277777779337 ] ] ] } },
{ "type": "Feature", "properties": { "type": "stream", "flow_acc_threshold_cells": 50 }, "geometry": { "type": "Polygon", "coordinates": [ [ [ -57.029999999982849, -25.623055555571149 ], [ -57.029999999982849, -25.623333333348924 ], [ -57.029722222205066, -25.623333333348924 ], [ -57.029722222205066, -25.623611111126703 ], [ -57.029444444427291, -25.623611111126703 ], [ -57.029444444427291, -25.623055555571149 ], [ -57.029999999982849, -25.623055555571149 ] ] ] } },
{ "type": "Feature", "properties": { "type": "stream", "flow_acc_threshold_cells": 50 }, "geometry": { "type": "Polygon", "coordinates": [ [ [ -57.028333333316183, -25.623055555571149 ], [ -57.028333333316183, -25.623611111126703 ], [ -57.028055555538401, -25.623611111126703 ], [ -57.028055555538401, -25.623055555571149 ], [ -57.028333333316183, -25.623055555571149 ] ] ] } },
{ "type": "Feature", "properties": { "type": "stream", "flow_acc_threshold_cells": 50 }, "geometry": { "type": "Polygon", "coordinates": [ [ [ -57.041388888871737, -25.623333333348924 ], [ -57.041388888871737, -25.623611111126703 ], [ -57.041111111093961, -25.623611111126703 ], [ -57.041111111093961, -25.623333333348924 ], [ -57.041388888871737, -25.623333333348924 ] ] ] } },
{ "type": "Feature", "properties": { "type": "stream", "flow_acc_threshold_cells": 50 }, "geometry": { "type": "Polygon", "coordinates": [ [ [ -57.035555555538402, -25.623333333348924 ], [ -57.035555555538402, -25.623611111126703 ], [ -57.035277777760626, -25.623611111126703 ], [ -57.035277777760626, -25.623333333348924 ], [ -57.035555555538402, -25.623333333348924 ] ] ] } },
{ "type": "Feature", "properties": { "type": "stream", "flow_acc_threshold_cells": 50 }, "geometry": { "type": "Polygon", "coordinates": [ [ [ -57.034999999982851, -25.623333333348924 ], [ -57.034999999982851, -25.623611111126703 ], [ -57.034444444427294, -25.623611111126703 ], [ -57.034444444427294, -25.623333333348924 ], [ -57.034999999982851, -25.623333333348924 ] ] ] } },
{ "type": "Feature", "properties": { "type": "stream", "flow_acc_threshold_cells": 50 }, "geometry": { "type": "Polygon", "coordinates": [ [ [ -57.033888888871736, -25.623333333348924 ], [ -57.033888888871736, -25.623611111126703 ], [ -57.033611111093961, -25.623611111126703 ], [ -57.033611111093961, -25.623333333348924 ], [ -57.033888888871736, -25.623333333348924 ] ] ] } },
{ "type": "Feature", "properties": { "type": "stream", "flow_acc_threshold_cells": 50 }, "geometry": { "type": "Polygon", "coordinates": [ [ [ -57.041111111093961, -25.623611111126703 ], [ -57.041111111093961, -25.623888888904482 ], [ -57.040833333316179, -25.623888888904482 ], [ -57.040833333316179, -25.623611111126703 ], [ -57.041111111093961, -25.623611111126703 ] ] ] } },
{ "type": "Feature", "properties": { "type": "stream", "flow_acc_threshold_cells": 50 }, "geometry": { "type": "Polygon", "coordinates": [ [ [ -57.035833333316184, -25.623611111126703 ], [ -57.035833333316184, -25.623888888904482 ], [ -57.035555555538402, -25.623888888904482 ], [ -57.035555555538402, -25.623611111126703 ], [ -57.035833333316184, -25.623611111126703 ] ] ] } },
{ "type": "Feature", "properties": { "type": "stream", "flow_acc_threshold_cells": 50 }, "geometry": { "type": "Polygon", "coordinates": [ [ [ -57.034444444427294, -25.623611111126703 ], [ -57.034444444427294, -25.623888888904482 ], [ -57.033888888871736, -25.623888888904482 ], [ -57.033888888871736, -25.623611111126703 ], [ -57.034444444427294, -25.623611111126703 ] ] ] } },
{ "type": "Feature", "properties": { "type": "stream", "flow_acc_threshold_cells": 50 }, "geometry": { "type": "Polygon", "coordinates": [ [ [ -57.029444444427291, -25.623611111126703 ], [ -57.029444444427291, -25.623888888904482 ], [ -57.029166666649516, -25.623888888904482 ], [ -57.029166666649516, -25.623611111126703 ], [ -57.029444444427291, -25.623611111126703 ] ] ] } },
{ "type": "Feature", "properties": { "type": "stream", "flow_acc_threshold_cells": 50 }, "geometry": { "type": "Polygon", "coordinates": [ [ [ -57.032499999982846, -25.623888888904482 ], [ -57.032499999982846, -25.62416666668226 ], [ -57.032222222205071, -25.62416666668226 ], [ -57.032222222205071, -25.623888888904482 ], [ -57.032499999982846, -25.623888888904482 ] ] ] } },
{ "type": "Feature", "properties": { "type": "stream", "flow_acc_threshold_cells": 50 }, "geometry": { "type": "Polygon", "coordinates": [ [ [ -57.029166666649516, -25.623888888904482 ], [ -57.029166666649516, -25.62416666668226 ], [ -57.028888888871734, -25.62416666668226 ], [ -57.028888888871734, -25.623888888904482 ], [ -57.029166666649516, -25.623888888904482 ] ] ] } },
{ "type": "Feature", "properties": { "type": "stream", "flow_acc_threshold_cells": 50 }, "geometry": { "type": "Polygon", "coordinates": [ [ [ -57.024166666649514, -25.623888888904482 ], [ -57.024166666649514, -25.62416666668226 ], [ -57.023888888871738, -25.62416666668226 ], [ -57.023888888871738, -25.623888888904482 ], [ -57.024166666649514, -25.623888888904482 ] ] ] } },
{ "type": "Feature", "properties": { "type": "stream", "flow_acc_threshold_cells": 50 }, "geometry": { "type": "Polygon", "coordinates": [ [ [ -57.022499999982848, -25.623333333348924 ], [ -57.022499999982848, -25.624444444460035 ], [ -57.022222222205066, -25.624444444460035 ], [ -57.022222222205066, -25.623333333348924 ], [ -57.022499999982848, -25.623333333348924 ] ] ] } },
{ "type": "Feature", "properties": { "type": "stream", "flow_acc_threshold_cells": 50 }, "geometry": { "type": "Polygon", "coordinates": [ [ [ -57.034722222205069, -25.623888888904482 ], [ -57.034722222205069, -25.624444444460035 ], [ -57.034444444427294, -25.624444444460035 ], [ -57.034444444427294, -25.623888888904482 ], [ -57.034722222205069, -25.623888888904482 ] ] ] } },
{ "type": "Feature", "properties": { "type": "stream", "flow_acc_threshold_cells": 50 }, "geometry": { "type": "Polygon", "coordinates": [ [ [ -57.039166666649514, -25.62416666668226 ], [ -57.039166666649514, -25.624444444460035 ], [ -57.038333333316181, -25.624444444460035 ], [ -57.038333333316181, -25.62416666668226 ], [ -57.039166666649514, -25.62416666668226 ] ] ] } },
{ "type": "Feature", "properties": { "type": "stream", "flow_acc_threshold_cells": 50 }, "geometry": { "type": "Polygon", "coordinates": [ [ [ -57.032777777760629, -25.62416666668226 ], [ -57.032777777760629, -25.624444444460035 ], [ -57.032499999982846, -25.624444444460035 ], [ -57.032499999982846, -25.62416666668226 ], [ -57.032777777760629, -25.62416666668226 ] ] ] } },
{ "type": "Feature", "properties": { "type": "stream", "flow_acc_threshold_cells": 50 }, "geometry": { "type": "Polygon", "coordinates": [ [ [ -57.032222222205071, -25.62416666668226 ], [ -57.032222222205071, -25.624444444460035 ], [ -57.030277777760624, -25.624444444460035 ], [ -57.030277777760624, -25.62416666668226 ], [ -57.032222222205071, -25.62416666668226 ] ] ] } },
{ "type": "Feature", "properties": { "type": "stream", "flow_acc_threshold_cells": 50 }, "geometry": { "type": "Polygon", "coordinates": [ [ [ -57.027222222205069, -25.62416666668226 ], [ -57.027222222205069, -25.624444444460035 ], [ -57.026944444427293, -25.624444444460035 ], [ -57.026944444427293, -25.62416666668226 ], [ -57.027222222205069, -25.62416666668226 ] ] ] } },
{ "type": "Feature", "properties": { "type": "stream", "flow_acc_threshold_cells": 50 }, "geometry": { "type": "Polygon", "coordinates": [ [ [ -57.025555555538403, -25.62416666668226 ], [ -57.025555555538403, -25.624444444460035 ], [ -57.025277777760621, -25.624444444460035 ], [ -57.025277777760621, -25.62416666668226 ], [ -57.025555555538403, -25.62416666668226 ] ] ] } },
{ "type": "Feature", "properties": { "type": "stream", "flow_acc_threshold_cells": 50 }, "geometry": { "type": "Polygon", "coordinates": [ [ [ -57.024444444427289, -25.62416666668226 ], [ -57.024444444427289, -25.624444444460035 ], [ -57.024166666649514, -25.624444444460035 ], [ -57.024166666649514, -25.62416666668226 ], [ -57.024444444427289, -25.62416666668226 ] ] ] } },
{ "type": "Feature", "properties": { "type": "stream", "flow_acc_threshold_cells": 50 }, "geometry": { "type": "Polygon", "coordinates": [ [ [ -57.039722222205071, -25.624444444460035 ], [ -57.039722222205071, -25.624722222237814 ], [ -57.039166666649514, -25.624722222237814 ], [ -57.039166666649514, -25.624444444460035 ], [ -57.039722222205071, -25.624444444460035 ] ] ] } },
{ "type": "Feature", "properties": { "type": "stream", "flow_acc_threshold_cells": 50 }, "geometry": { "type": "Polygon", "coordinates": [ [ [ -57.038055555538406, -25.623611111126703 ], [ -57.038055555538406, -25.624444444460035 ], [ -57.038333333316181, -25.624444444460035 ], [ -57.038333333316181, -25.624722222237814 ], [ -57.036111111093959, -25.624722222237814 ], [ -57.036111111093959, -25.624444444460035 ], [ -57.037777777760624, -25.624444444460035 ], [ -57.037777777760624, -25.623611111126703 ], [ -57.038055555538406, -25.623611111126703 ] ] ] } },
{ "type": "Feature", "properties": { "type": "stream", "flow_acc_threshold_cells": 50 }, "geometry": { "type": "Polygon", "coordinates": [ [ [ -57.034999999982851, -25.624444444460035 ], [ -57.034999999982851, -25.624722222237814 ], [ -57.034722222205069, -25.624722222237814 ], [ -57.034722222205069, -25.624444444460035 ], [ -57.034999999982851, -25.624444444460035 ] ] ] } },
{ "type": "Feature", "properties": { "type": "stream", "flow_acc_threshold_cells": 50 }, "geometry": { "type": "Polygon", "coordinates": [ [ [ -57.030277777760624, -25.624444444460035 ], [ -57.030277777760624, -25.624722222237814 ], [ -57.029722222205066, -25.624722222237814 ], [ -57.029722222205066, -25.624444444460035 ], [ -57.030277777760624, -25.624444444460035 ] ] ] } },
{ "type": "Feature", "properties": { "type": "stream", "flow_acc_threshold_cells": 50 }, "geometry": { "type": "Polygon", "coordinates": [ [ [ -57.027777777760626, -25.624444444460035 ], [ -57.027777777760626, -25.624722222237814 ], [ -57.027222222205069, -25.624722222237814 ], [ -57.027222222205069, -25.624444444460035 ], [ -57.027777777760626, -25.624444444460035 ] ] ] } },
{ "type": "Feature", "properties": { "type": "stream", "flow_acc_threshold_cells": 50 }, "geometry": { "type": "Polygon", "coordinates": [ [ [ -57.026388888871736, -25.624444444460035 ], [ -57.026388888871736, -25.624722222237814 ], [ -57.025555555538403, -25.624722222237814 ], [ -57.025555555538403, -25.624444444460035 ], [ -57.026388888871736, -25.624444444460035 ] ] ] } },
{ "type": "Feature", "properties": { "type": "stream", "flow_acc_threshold_cells": 50 }, "geometry": { "type": "Polygon", "coordinates": [ [ [ -57.025277777760621, -25.624444444460035 ], [ -57.025277777760621, -25.624722222237814 ], [ -57.024444444427289, -25.624722222237814 ], [ -57.024444444427289, -25.624444444460035 ], [ -57.025277777760621, -25.624444444460035 ] ] ] } },
{ "type": "Feature", "properties": { "type": "stream", "flow_acc_threshold_cells": 50 }, "geometry": { "type": "Polygon", "coordinates": [ [ [ -57.026944444427293, -25.624444444460035 ], [ -57.026944444427293, -25.625000000015593 ], [ -57.026388888871736, -25.625000000015593 ], [ -57.026388888871736, -25.624722222237814 ], [ -57.026666666649511, -25.624722222237814 ], [ -57.026666666649511, -25.624444444460035 ], [ -57.026944444427293, -25.624444444460035 ] ] ] } },
{ "type": "Feature", "properties": { "type": "stream", "flow_acc_threshold_cells": 50 }, "geometry": { "type": "Polygon", "coordinates": [ [ [ -57.022777777760624, -25.624444444460035 ], [ -57.022777777760624, -25.625000000015593 ], [ -57.022499999982848, -25.625000000015593 ], [ -57.022499999982848, -25.624444444460035 ], [ -57.022777777760624, -25.624444444460035 ] ] ] } },
{ "type": "Feature", "properties": { "type": "stream", "flow_acc_threshold_cells": 50 }, "geometry": { "type": "Polygon", "coordinates": [ [ [ -57.041111111093961, -25.624722222237814 ], [ -57.041111111093961, -25.625000000015593 ], [ -57.040833333316179, -25.625000000015593 ], [ -57.040833333316179, -25.624722222237814 ], [ -57.041111111093961, -25.624722222237814 ] ] ] } },
{ "type": "Feature", "properties": { "type": "stream", "flow_acc_threshold_cells": 50 }, "geometry": { "type": "Polygon", "coordinates": [ [ [ -57.040555555538404, -25.621666666682259 ], [ -57.040555555538404, -25.623888888904482 ], [ -57.040833333316179, -25.623888888904482 ], [ -57.040833333316179, -25.624722222237814 ], [ -57.040555555538404, -25.624722222237814 ], [ -57.040555555538404, -25.625000000015593 ], [ -57.039722222205071, -25.625000000015593 ], [ -57.039722222205071, -25.624722222237814 ], [ -57.039999999982847, -25.624722222237814 ], [ -57.039999999982847, -25.62416666668226 ], [ -57.040277777760629, -25.62416666668226 ], [ -57.040277777760629, -25.621666666682259 ], [ -57.040555555538404, -25.621666666682259 ] ], [ [ -57.040555555538404, -25.624444444460035 ], [ -57.040277777760629, -25.624444444460035 ], [ -57.040277777760629, -25.624722222237814 ], [ -57.040555555538404, -25.624722222237814 ], [ -57.040555555538404, -25.624444444460035 ] ] ] } },
{ "type": "Feature", "properties": { "type": "stream", "flow_acc_threshold_cells": 50 }, "geometry": { "type": "Polygon", "coordinates": [ [ [ -57.036111111093959, -25.624722222237814 ], [ -57.036111111093959, -25.625000000015593 ], [ -57.034999999982851, -25.625000000015593 ], [ -57.034999999982851, -25.624722222237814 ], [ -57.036111111093959, -25.624722222237814 ] ] ] } },
{ "type": "Feature", "properties": { "type": "stream", "flow_acc_threshold_cells": 50 }, "geometry": { "type": "Polygon", "coordinates": [ [ [ -57.029722222205066, -25.624722222237814 ], [ -57.029722222205066, -25.625000000015593 ], [ -57.028888888871734, -25.625000000015593 ], [ -57.028888888871734, -25.624722222237814 ], [ -57.029722222205066, -25.624722222237814 ] ] ] } },
{ "type": "Feature", "properties": { "type": "stream", "flow_acc_threshold_cells": 50 }, "geometry": { "type": "Polygon", "coordinates": [ [ [ -57.028055555538401, -25.624722222237814 ], [ -57.028055555538401, -25.625277777793372 ], [ -57.027777777760626, -25.625277777793372 ], [ -57.027777777760626, -25.624722222237814 ], [ -57.028055555538401, -25.624722222237814 ] ] ] } },
{ "type": "Feature", "properties": { "type": "stream", "flow_acc_threshold_cells": 50 }, "geometry": { "type": "Polygon", "coordinates": [ [ [ -57.023611111093956, -25.625000000015593 ], [ -57.023611111093956, -25.625277777793372 ], [ -57.022777777760624, -25.625277777793372 ], [ -57.022777777760624, -25.625000000015593 ], [ -57.023611111093956, -25.625000000015593 ] ] ] } },
{ "type": "Feature", "properties": { "type": "stream", "flow_acc_threshold_cells": 50 }, "geometry": { "type": "Polygon", "coordinates": [ [ [ -57.023888888871738, -25.625277777793372 ], [ -57.023888888871738, -25.625555555571147 ], [ -57.023611111093956, -25.625555555571147 ], [ -57.023611111093956, -25.625277777793372 ], [ -57.023888888871738, -25.625277777793372 ] ] ] } },
{ "type": "Feature", "properties": { "type": "stream", "flow_acc_threshold_cells": 50 }, "geometry": { "type": "Polygon", "coordinates": [ [ [ -57.044166666649517, -25.625555555571147 ], [ -57.044166666649517, -25.625833333348925 ], [ -57.043888888871741, -25.625833333348925 ], [ -57.043888888871741, -25.625555555571147 ], [ -57.044166666649517, -25.625555555571147 ] ] ] } },
{ "type": "Feature", "properties": { "type": "stream", "flow_acc_threshold_cells": 50 }, "geometry": { "type": "Polygon", "coordinates": [ [ [ -57.031111111093956, -25.625555555571147 ], [ -57.031111111093956, -25.625833333348925 ], [ -57.030833333316181, -25.625833333348925 ], [ -57.030833333316181, -25.625555555571147 ], [ -57.031111111093956, -25.625555555571147 ] ] ] } },
{ "type": "Feature", "properties": { "type": "stream", "flow_acc_threshold_cells": 50 }, "geometry": { "type": "Polygon", "coordinates": [ [ [ -57.024444444427289, -25.625555555571147 ], [ -57.024444444427289, -25.625833333348925 ], [ -57.023888888871738, -25.625833333348925 ], [ -57.023888888871738, -25.625555555571147 ], [ -57.024444444427289, -25.625555555571147 ] ] ] } },
{ "type": "Feature", "properties": { "type": "stream", "flow_acc_threshold_cells": 50 }, "geometry": { "type": "Polygon", "coordinates": [ [ [ -57.043888888871741, -25.625833333348925 ], [ -57.043888888871741, -25.626111111126704 ], [ -57.043611111093959, -25.626111111126704 ], [ -57.043611111093959, -25.625833333348925 ], [ -57.043888888871741, -25.625833333348925 ] ] ] } },
{ "type": "Feature", "properties": { "type": "stream", "flow_acc_threshold_cells": 50 }, "geometry": { "type": "Polygon", "coordinates": [ [ [ -57.030833333316181, -25.625833333348925 ], [ -57.030833333316181, -25.626111111126704 ], [ -57.030555555538406, -25.626111111126704 ], [ -57.030555555538406, -25.625833333348925 ], [ -57.030833333316181, -25.625833333348925 ] ] ] } },
{ "type": "Feature", "properties": { "type": "stream", "flow_acc_threshold_cells": 50 }, "geometry": { "type": "Polygon", "coordinates": [ [ [ -57.024722222205071, -25.625833333348925 ], [ -57.024722222205071, -25.626111111126704 ], [ -57.024444444427289, -25.626111111126704 ], [ -57.024444444427289, -25.625833333348925 ], [ -57.024722222205071, -25.625833333348925 ] ] ] } },
{ "type": "Feature", "properties": { "type": "stream", "flow_acc_threshold_cells": 50 }, "geometry": { "type": "Polygon", "coordinates": [ [ [ -57.028611111093959, -25.623611111126703 ], [ -57.028611111093959, -25.62416666668226 ], [ -57.028888888871734, -25.62416666668226 ], [ -57.028888888871734, -25.624722222237814 ], [ -57.028611111093959, -25.624722222237814 ], [ -57.028611111093959, -25.625000000015593 ], [ -57.028888888871734, -25.625000000015593 ], [ -57.028888888871734, -25.625277777793372 ], [ -57.028611111093959, -25.625277777793372 ], [ -57.028611111093959, -25.626666666682258 ], [ -57.028333333316183, -25.626666666682258 ], [ -57.028333333316183, -25.625833333348925 ], [ -57.028055555538401, -25.625833333348925 ], [ -57.028055555538401, -25.625277777793372 ], [ -57.028333333316183, -25.625277777793372 ], [ -57.028333333316183, -25.623611111126703 ], [ -57.028611111093959, -25.623611111126703 ] ] ] } },
{ "type": "Feature", "properties": { "type": "stream", "flow_acc_threshold_cells": 50 }, "geometry": { "type": "Polygon", "coordinates": [ [ [ -57.030555555538406, -25.626111111126704 ], [ -57.030555555538406, -25.626388888904483 ], [ -57.029722222205066, -25.626388888904483 ], [ -57.029722222205066, -25.626666666682258 ], [ -57.029166666649516, -25.626666666682258 ], [ -57.029166666649516, -25.626111111126704 ], [ -57.030555555538406, -25.626111111126704 ] ] ] } },
{ "type": "Feature", "properties": { "type": "stream", "flow_acc_threshold_cells": 50 }, "geometry": { "type": "Polygon", "coordinates": [ [ [ -57.024999999982846, -25.626111111126704 ], [ -57.024999999982846, -25.626666666682258 ], [ -57.024722222205071, -25.626666666682258 ], [ -57.024722222205071, -25.626111111126704 ], [ -57.024999999982846, -25.626111111126704 ] ] ] } },
{ "type": "Feature", "properties": { "type": "stream", "flow_acc_threshold_cells": 50 }, "geometry": { "type": "Polygon", "coordinates": [ [ [ -57.031944444427289, -25.626666666682258 ], [ -57.031944444427289, -25.626944444460037 ], [ -57.029722222205066, -25.626944444460037 ], [ -57.029722222205066, -25.626666666682258 ], [ -57.031944444427289, -25.626666666682258 ] ] ] } },
{ "type": "Feature", "properties": { "type": "stream", "flow_acc_threshold_cells": 50 }, "geometry": { "type": "Polygon", "coordinates": [ [ [ -57.025277777760621, -25.626666666682258 ], [ -57.025277777760621, -25.626944444460037 ], [ -57.024999999982846, -25.626944444460037 ], [ -57.024999999982846, -25.626666666682258 ], [ -57.025277777760621, -25.626666666682258 ] ] ] } },
{ "type": "Feature", "properties": { "type": "stream", "flow_acc_threshold_cells": 50 }, "geometry": { "type": "Polygon", "coordinates": [ [ [ -57.032777777760629, -25.626944444460037 ], [ -57.032777777760629, -25.627222222237815 ], [ -57.031944444427289, -25.627222222237815 ], [ -57.031944444427289, -25.626944444460037 ], [ -57.032777777760629, -25.626944444460037 ] ] ] } },
{ "type": "Feature", "properties": { "type": "stream", "flow_acc_threshold_cells": 50 }, "geometry": { "type": "Polygon", "coordinates": [ [ [ -57.025833333316179, -25.626944444460037 ], [ -57.025833333316179, -25.627222222237815 ], [ -57.025277777760621, -25.627222222237815 ], [ -57.025277777760621, -25.626944444460037 ], [ -57.025833333316179, -25.626944444460037 ] ] ] } },
{ "type": "Feature", "properties": { "type": "stream", "flow_acc_threshold_cells": 50 }, "geometry": { "type": "Polygon", "coordinates": [ [ [ -57.031388888871739, -25.627222222237815 ], [ -57.031388888871739, -25.627500000015594 ], [ -57.030833333316181, -25.627500000015594 ], [ -57.030833333316181, -25.627222222237815 ], [ -57.031388888871739, -25.627222222237815 ] ] ] } },
{ "type": "Feature", "properties": { "type": "stream", "flow_acc_threshold_cells": 50 }, "geometry": { "type": "Polygon", "coordinates": [ [ [ -57.026388888871736, -25.627222222237815 ], [ -57.026388888871736, -25.627500000015594 ], [ -57.025833333316179, -25.627500000015594 ], [ -57.025833333316179, -25.627222222237815 ], [ -57.026388888871736, -25.627222222237815 ] ] ] } },
{ "type": "Feature", "properties": { "type": "stream", "flow_acc_threshold_cells": 50 }, "geometry": { "type": "Polygon", "coordinates": [ [ [ -57.030833333316181, -25.627500000015594 ], [ -57.030833333316181, -25.627777777793369 ], [ -57.030555555538406, -25.627777777793369 ], [ -57.030555555538406, -25.627500000015594 ], [ -57.030833333316181, -25.627500000015594 ] ] ] } },
{ "type": "Feature", "properties": { "type": "stream", "flow_acc_threshold_cells": 50 }, "geometry": { "type": "Polygon", "coordinates": [ [ [ -57.029722222205066, -25.627500000015594 ], [ -57.029722222205066, -25.627777777793369 ], [ -57.029444444427291, -25.627777777793369 ], [ -57.029444444427291, -25.627500000015594 ], [ -57.029722222205066, -25.627500000015594 ] ] ] } },
{ "type": "Feature", "properties": { "type": "stream", "flow_acc_threshold_cells": 50 }, "geometry": { "type": "Polygon", "coordinates": [ [ [ -57.026666666649511, -25.627500000015594 ], [ -57.026666666649511, -25.627777777793369 ], [ -57.026388888871736, -25.627777777793369 ], [ -57.026388888871736, -25.627500000015594 ], [ -57.026666666649511, -25.627500000015594 ] ] ] } },
{ "type": "Feature", "properties": { "type": "stream", "flow_acc_threshold_cells": 50 }, "geometry": { "type": "Polygon", "coordinates": [ [ [ -57.015277777760623, -25.625833333348925 ], [ -57.015277777760623, -25.628055555571148 ], [ -57.014999999982848, -25.628055555571148 ], [ -57.014999999982848, -25.625833333348925 ], [ -57.015277777760623, -25.625833333348925 ] ] ] } },
{ "type": "Feature", "properties": { "type": "stream", "flow_acc_threshold_cells": 50 }, "geometry": { "type": "Polygon", "coordinates": [ [ [ -57.031666666649514, -25.627500000015594 ], [ -57.031666666649514, -25.628055555571148 ], [ -57.031388888871739, -25.628055555571148 ], [ -57.031388888871739, -25.627500000015594 ], [ -57.031666666649514, -25.627500000015594 ] ] ] } },
{ "type": "Feature", "properties": { "type": "stream", "flow_acc_threshold_cells": 50 }, "geometry": { "type": "Polygon", "coordinates": [ [ [ -57.030555555538406, -25.627777777793369 ], [ -57.030555555538406, -25.628055555571148 ], [ -57.029722222205066, -25.628055555571148 ], [ -57.029722222205066, -25.627777777793369 ], [ -57.030555555538406, -25.627777777793369 ] ] ] } },
{ "type": "Feature", "properties": { "type": "stream", "flow_acc_threshold_cells": 50 }, "geometry": { "type": "Polygon", "coordinates": [ [ [ -57.027222222205069, -25.627777777793369 ], [ -57.027222222205069, -25.628055555571148 ], [ -57.026666666649511, -25.628055555571148 ], [ -57.026666666649511, -25.627777777793369 ], [ -57.027222222205069, -25.627777777793369 ] ] ] } },
{ "type": "Feature", "properties": { "type": "stream", "flow_acc_threshold_cells": 50 }, "geometry": { "type": "Polygon", "coordinates": [ [ [ -57.024722222205071, -25.627777777793369 ], [ -57.024722222205071, -25.628055555571148 ], [ -57.024444444427289, -25.628055555571148 ], [ -57.024444444427289, -25.627777777793369 ], [ -57.024722222205071, -25.627777777793369 ] ] ] } },
{ "type": "Feature", "properties": { "type": "stream", "flow_acc_threshold_cells": 50 }, "geometry": { "type": "Polygon", "coordinates": [ [ [ -57.019999999982844, -25.627777777793369 ], [ -57.019999999982844, -25.628055555571148 ], [ -57.019722222205068, -25.628055555571148 ], [ -57.019722222205068, -25.627777777793369 ], [ -57.019999999982844, -25.627777777793369 ] ] ] } },
{ "type": "Feature", "properties": { "type": "stream", "flow_acc_threshold_cells": 50 }, "geometry": { "type": "Polygon", "coordinates": [ [ [ -57.043611111093959, -25.626111111126704 ], [ -57.043611111093959, -25.628333333348927 ], [ -57.043333333316184, -25.628333333348927 ], [ -57.043333333316184, -25.626111111126704 ], [ -57.043611111093959, -25.626111111126704 ] ] ] } },
{ "type": "Feature", "properties": { "type": "stream", "flow_acc_threshold_cells": 50 }, "geometry": { "type": "Polygon", "coordinates": [ [ [ -57.032777777760629, -25.628055555571148 ], [ -57.032777777760629, -25.628333333348927 ], [ -57.031666666649514, -25.628333333348927 ], [ -57.031666666649514, -25.628055555571148 ], [ -57.032777777760629, -25.628055555571148 ] ] ] } },
{ "type": "Feature", "properties": { "type": "stream", "flow_acc_threshold_cells": 50 }, "geometry": { "type": "Polygon", "coordinates": [ [ [ -57.028055555538401, -25.628055555571148 ], [ -57.028055555538401, -25.628333333348927 ], [ -57.027222222205069, -25.628333333348927 ], [ -57.027222222205069, -25.628055555571148 ], [ -57.028055555538401, -25.628055555571148 ] ] ] } },
{ "type": "Feature", "properties": { "type": "stream", "flow_acc_threshold_cells": 50 }, "geometry": { "type": "Polygon", "coordinates": [ [ [ -57.025277777760621, -25.628055555571148 ], [ -57.025277777760621, -25.628333333348927 ], [ -57.024722222205071, -25.628333333348927 ], [ -57.024722222205071, -25.628055555571148 ], [ -57.025277777760621, -25.628055555571148 ] ] ] } },
{ "type": "Feature", "properties": { "type": "stream", "flow_acc_threshold_cells": 50 }, "geometry": { "type": "Polygon", "coordinates": [ [ [ -57.020277777760626, -25.628055555571148 ], [ -57.020277777760626, -25.628611111126705 ], [ -57.019999999982844, -25.628611111126705 ], [ -57.019999999982844, -25.628055555571148 ], [ -57.020277777760626, -25.628055555571148 ] ] ] } },
{ "type": "Feature", "properties": { "type": "stream", "flow_acc_threshold_cells": 50 }, "geometry": { "type": "Polygon", "coordinates": [ [ [ -57.043888888871741, -25.628333333348927 ], [ -57.043888888871741, -25.628611111126705 ], [ -57.043611111093959, -25.628611111126705 ], [ -57.043611111093959, -25.628333333348927 ], [ -57.043888888871741, -25.628333333348927 ] ] ] } },
{ "type": "Feature", "properties": { "type": "stream", "flow_acc_threshold_cells": 50 }, "geometry": { "type": "Polygon", "coordinates": [ [ [ -57.029166666649516, -25.626666666682258 ], [ -57.029166666649516, -25.627777777793369 ], [ -57.029444444427291, -25.627777777793369 ], [ -57.029444444427291, -25.628888888904481 ], [ -57.028888888871734, -25.628888888904481 ], [ -57.028888888871734, -25.628055555571148 ], [ -57.028055555538401, -25.628055555571148 ], [ -57.028055555538401, -25.627777777793369 ], [ -57.028888888871734, -25.627777777793369 ], [ -57.028888888871734, -25.627500000015594 ], [ -57.028611111093959, -25.627500000015594 ], [ -57.028611111093959, -25.626666666682258 ], [ -57.029166666649516, -25.626666666682258 ] ] ] } },
{ "type": "Feature", "properties": { "type": "stream", "flow_acc_threshold_cells": 50 }, "geometry": { "type": "Polygon", "coordinates": [ [ [ -57.025555555538403, -25.628333333348927 ], [ -57.025555555538403, -25.628888888904481 ], [ -57.025277777760621, -25.628888888904481 ], [ -57.025277777760621, -25.628333333348927 ], [ -57.025555555538403, -25.628333333348927 ] ] ] } },
{ "type": "Feature", "properties": { "type": "stream", "flow_acc_threshold_cells": 50 }, "geometry": { "type": "Polygon", "coordinates": [ [ [ -57.022777777760624, -25.628611111126705 ], [ -57.022777777760624, -25.628888888904481 ], [ -57.022499999982848, -25.628888888904481 ], [ -57.022499999982848, -25.628611111126705 ], [ -57.022777777760624, -25.628611111126705 ] ] ] } },
{ "type": "Feature", "properties": { "type": "stream", "flow_acc_threshold_cells": 50 }, "geometry": { "type": "Polygon", "coordinates": [ [ [ -57.020555555538401, -25.628611111126705 ], [ -57.020555555538401, -25.628888888904481 ], [ -57.020277777760626, -25.628888888904481 ], [ -57.020277777760626, -25.628611111126705 ], [ -57.020555555538401, -25.628611111126705 ] ] ] } },
{ "type": "Feature", "properties": { "type": "stream", "flow_acc_threshold_cells": 50 }, "geometry": { "type": "Polygon", "coordinates": [ [ [ -57.019444444427293, -25.628611111126705 ], [ -57.019444444427293, -25.628888888904481 ], [ -57.019166666649511, -25.628888888904481 ], [ -57.019166666649511, -25.628611111126705 ], [ -57.019444444427293, -25.628611111126705 ] ] ] } },
{ "type": "Feature", "properties": { "type": "stream", "flow_acc_threshold_cells": 50 }, "geometry": { "type": "Polygon", "coordinates": [ [ [ -57.028888888871734, -25.628888888904481 ], [ -57.028888888871734, -25.629166666682259 ], [ -57.028611111093959, -25.629166666682259 ], [ -57.028611111093959, -25.628888888904481 ], [ -57.028888888871734, -25.628888888904481 ] ] ] } },
{ "type": "Feature", "properties": { "type": "stream", "flow_acc_threshold_cells": 50 }, "geometry": { "type": "Polygon", "coordinates": [ [ [ -57.025833333316179, -25.628888888904481 ], [ -57.025833333316179, -25.629166666682259 ], [ -57.025555555538403, -25.629166666682259 ], [ -57.025555555538403, -25.628888888904481 ], [ -57.025833333316179, -25.628888888904481 ] ] ] } },
{ "type": "Feature", "properties": { "type": "stream", "flow_acc_threshold_cells": 50 }, "geometry": { "type": "Polygon", "coordinates": [ [ [ -57.023055555538399, -25.628888888904481 ], [ -57.023055555538399, -25.629166666682259 ], [ -57.022777777760624, -25.629166666682259 ], [ -57.022777777760624, -25.628888888904481 ], [ -57.023055555538399, -25.628888888904481 ] ] ] } },
{ "type": "Feature", "properties": { "type": "stream", "flow_acc_threshold_cells": 50 }, "geometry": { "type": "Polygon", "coordinates": [ [ [ -57.020833333316176, -25.628888888904481 ], [ -57.020833333316176, -25.629166666682259 ], [ -57.020555555538401, -25.629166666682259 ], [ -57.020555555538401, -25.628888888904481 ], [ -57.020833333316176, -25.628888888904481 ] ] ] } },
{ "type": "Feature", "properties": { "type": "stream", "flow_acc_threshold_cells": 50 }, "geometry": { "type": "Polygon", "coordinates": [ [ [ -57.019722222205068, -25.628888888904481 ], [ -57.019722222205068, -25.629166666682259 ], [ -57.019444444427293, -25.629166666682259 ], [ -57.019444444427293, -25.628888888904481 ], [ -57.019722222205068, -25.628888888904481 ] ] ] } },
{ "type": "Feature", "properties": { "type": "stream", "flow_acc_threshold_cells": 50 }, "geometry": { "type": "Polygon", "coordinates": [ [ [ -57.037499999982849, -25.629166666682259 ], [ -57.037499999982849, -25.629444444460038 ], [ -57.037222222205074, -25.629444444460038 ], [ -57.037222222205074, -25.629166666682259 ], [ -57.037499999982849, -25.629166666682259 ] ] ] } },
{ "type": "Feature", "properties": { "type": "stream", "flow_acc_threshold_cells": 50 }, "geometry": { "type": "Polygon", "coordinates": [ [ [ -57.028611111093959, -25.629166666682259 ], [ -57.028611111093959, -25.629444444460038 ], [ -57.028333333316183, -25.629444444460038 ], [ -57.028333333316183, -25.629166666682259 ], [ -57.028611111093959, -25.629166666682259 ] ] ] } },
{ "type": "Feature", "properties": { "type": "stream", "flow_acc_threshold_cells": 50 }, "geometry": { "type": "Polygon", "coordinates": [ [ [ -57.027222222205069, -25.629166666682259 ], [ -57.027222222205069, -25.629444444460038 ], [ -57.026666666649511, -25.629444444460038 ], [ -57.026666666649511, -25.629166666682259 ], [ -57.027222222205069, -25.629166666682259 ] ] ] } },
{ "type": "Feature", "properties": { "type": "stream", "flow_acc_threshold_cells": 50 }, "geometry": { "type": "Polygon", "coordinates": [ [ [ -57.026111111093961, -25.629166666682259 ], [ -57.026111111093961, -25.629444444460038 ], [ -57.025833333316179, -25.629444444460038 ], [ -57.025833333316179, -25.629166666682259 ], [ -57.026111111093961, -25.629166666682259 ] ] ] } },
{ "type": "Feature", "properties": { "type": "stream", "flow_acc_threshold_cells": 50 }, "geometry": { "type": "Polygon", "coordinates": [ [ [ -57.023333333316181, -25.629166666682259 ], [ -57.023333333316181, -25.629444444460038 ], [ -57.023055555538399, -25.629444444460038 ], [ -57.023055555538399, -25.629166666682259 ], [ -57.023333333316181, -25.629166666682259 ] ] ] } },
{ "type": "Feature", "properties": { "type": "stream", "flow_acc_threshold_cells": 50 }, "geometry": { "type": "Polygon", "coordinates": [ [ [ -57.021111111093958, -25.629166666682259 ], [ -57.021111111093958, -25.629722222237817 ], [ -57.020833333316176, -25.629722222237817 ], [ -57.020833333316176, -25.629166666682259 ], [ -57.021111111093958, -25.629166666682259 ] ] ] } },
{ "type": "Feature", "properties": { "type": "stream", "flow_acc_threshold_cells": 50 }, "geometry": { "type": "Polygon", "coordinates": [ [ [ -57.019999999982844, -25.629166666682259 ], [ -57.019999999982844, -25.629722222237817 ], [ -57.019722222205068, -25.629722222237817 ], [ -57.019722222205068, -25.629166666682259 ], [ -57.019999999982844, -25.629166666682259 ] ] ] } },
{ "type": "Feature", "properties": { "type": "stream", "flow_acc_threshold_cells": 50 }, "geometry": { "type": "Polygon", "coordinates": [ [ [ -57.037222222205074, -25.629444444460038 ], [ -57.037222222205074, -25.629722222237817 ], [ -57.036944444427292, -25.629722222237817 ], [ -57.036944444427292, -25.629444444460038 ], [ -57.037222222205074, -25.629444444460038 ] ] ] } },
{ "type": "Feature", "properties": { "type": "stream", "flow_acc_threshold_cells": 50 }, "geometry": { "type": "Polygon", "coordinates": [ [ [ -57.027777777760626, -25.629444444460038 ], [ -57.027777777760626, -25.629722222237817 ], [ -57.027222222205069, -25.629722222237817 ], [ -57.027222222205069, -25.629444444460038 ], [ -57.027777777760626, -25.629444444460038 ] ] ] } },
{ "type": "Feature", "properties": { "type": "stream", "flow_acc_threshold_cells": 50 }, "geometry": { "type": "Polygon", "coordinates": [ [ [ -57.026666666649511, -25.629444444460038 ], [ -57.026666666649511, -25.629722222237817 ], [ -57.026111111093961, -25.629722222237817 ], [ -57.026111111093961, -25.629444444460038 ], [ -57.026666666649511, -25.629444444460038 ] ] ] } },
{ "type": "Feature", "properties": { "type": "stream", "flow_acc_threshold_cells": 50 }, "geometry": { "type": "Polygon", "coordinates": [ [ [ -57.025833333316179, -25.629444444460038 ], [ -57.025833333316179, -25.629722222237817 ], [ -57.024999999982846, -25.629722222237817 ], [ -57.024999999982846, -25.629444444460038 ], [ -57.025833333316179, -25.629444444460038 ] ] ] } },
{ "type": "Feature", "properties": { "type": "stream", "flow_acc_threshold_cells": 50 }, "geometry": { "type": "Polygon", "coordinates": [ [ [ -57.023611111093956, -25.629444444460038 ], [ -57.023611111093956, -25.629722222237817 ], [ -57.023333333316181, -25.629722222237817 ], [ -57.023333333316181, -25.629444444460038 ], [ -57.023611111093956, -25.629444444460038 ] ] ] } },
{ "type": "Feature", "properties": { "type": "stream", "flow_acc_threshold_cells": 50 }, "geometry": { "type": "Polygon", "coordinates": [ [ [ -57.044166666649517, -25.628611111126705 ], [ -57.044166666649517, -25.630000000015592 ], [ -57.043888888871741, -25.630000000015592 ], [ -57.043888888871741, -25.628611111126705 ], [ -57.044166666649517, -25.628611111126705 ] ] ] } },
{ "type": "Feature", "properties": { "type": "stream", "flow_acc_threshold_cells": 50 }, "geometry": { "type": "Polygon", "coordinates": [ [ [ -57.039444444427296, -25.628888888904481 ], [ -57.039444444427296, -25.630000000015592 ], [ -57.039166666649514, -25.630000000015592 ], [ -57.039166666649514, -25.628888888904481 ], [ -57.039444444427296, -25.628888888904481 ] ] ] } },
{ "type": "Feature", "properties": { "type": "stream", "flow_acc_threshold_cells": 50 }, "geometry": { "type": "Polygon", "coordinates": [ [ [ -57.036944444427292, -25.629722222237817 ], [ -57.036944444427292, -25.630000000015592 ], [ -57.036666666649516, -25.630000000015592 ], [ -57.036666666649516, -25.629722222237817 ], [ -57.036944444427292, -25.629722222237817 ] ] ] } },
{ "type": "Feature", "properties": { "type": "stream", "flow_acc_threshold_cells": 50 }, "geometry": { "type": "Polygon", "coordinates": [ [ [ -57.024999999982846, -25.629722222237817 ], [ -57.024999999982846, -25.630000000015592 ], [ -57.023611111093956, -25.630000000015592 ], [ -57.023611111093956, -25.629722222237817 ], [ -57.024999999982846, -25.629722222237817 ] ] ] } },
{ "type": "Feature", "properties": { "type": "stream", "flow_acc_threshold_cells": 50 }, "geometry": { "type": "Polygon", "coordinates": [ [ [ -57.020277777760626, -25.629722222237817 ], [ -57.020277777760626, -25.630000000015592 ], [ -57.019999999982844, -25.630000000015592 ], [ -57.019999999982844, -25.629722222237817 ], [ -57.020277777760626, -25.629722222237817 ] ] ] } },
{ "type": "Feature", "properties": { "type": "stream", "flow_acc_threshold_cells": 50 }, "geometry": { "type": "Polygon", "coordinates": [ [ [ -57.021388888871734, -25.629722222237817 ], [ -57.021388888871734, -25.630277777793371 ], [ -57.021111111093958, -25.630277777793371 ], [ -57.021111111093958, -25.629722222237817 ], [ -57.021388888871734, -25.629722222237817 ] ] ] } },
{ "type": "Feature", "properties": { "type": "stream", "flow_acc_threshold_cells": 50 }, "geometry": { "type": "Polygon", "coordinates": [ [ [ -57.044444444427292, -25.630000000015592 ], [ -57.044444444427292, -25.630277777793371 ], [ -57.044166666649517, -25.630277777793371 ], [ -57.044166666649517, -25.630000000015592 ], [ -57.044444444427292, -25.630000000015592 ] ] ] } },
{ "type": "Feature", "properties": { "type": "stream", "flow_acc_threshold_cells": 50 }, "geometry": { "type": "Polygon", "coordinates": [ [ [ -57.039166666649514, -25.630000000015592 ], [ -57.039166666649514, -25.630555555571149 ], [ -57.038888888871739, -25.630555555571149 ], [ -57.038888888871739, -25.630000000015592 ], [ -57.039166666649514, -25.630000000015592 ] ] ] } },
{ "type": "Feature", "properties": { "type": "stream", "flow_acc_threshold_cells": 50 }, "geometry": { "type": "Polygon", "coordinates": [ [ [ -57.034444444427294, -25.630277777793371 ], [ -57.034444444427294, -25.630555555571149 ], [ -57.034166666649512, -25.630555555571149 ], [ -57.034166666649512, -25.630277777793371 ], [ -57.034444444427294, -25.630277777793371 ] ] ] } },
{ "type": "Feature", "properties": { "type": "stream", "flow_acc_threshold_cells": 50 }, "geometry": { "type": "Polygon", "coordinates": [ [ [ -57.030833333316181, -25.630277777793371 ], [ -57.030833333316181, -25.630555555571149 ], [ -57.030277777760624, -25.630555555571149 ], [ -57.030277777760624, -25.630277777793371 ], [ -57.030833333316181, -25.630277777793371 ] ] ] } },
{ "type": "Feature", "properties": { "type": "stream", "flow_acc_threshold_cells": 50 }, "geometry": { "type": "Polygon", "coordinates": [ [ [ -57.029999999982849, -25.630277777793371 ], [ -57.029999999982849, -25.630555555571149 ], [ -57.028888888871734, -25.630555555571149 ], [ -57.028888888871734, -25.630277777793371 ], [ -57.029999999982849, -25.630277777793371 ] ] ] } },
{ "type": "Feature", "properties": { "type": "stream", "flow_acc_threshold_cells": 50 }, "geometry": { "type": "Polygon", "coordinates": [ [ [ -57.021666666649516, -25.630277777793371 ], [ -57.021666666649516, -25.630555555571149 ], [ -57.021388888871734, -25.630555555571149 ], [ -57.021388888871734, -25.630277777793371 ], [ -57.021666666649516, -25.630277777793371 ] ] ] } },
{ "type": "Feature", "properties": { "type": "stream", "flow_acc_threshold_cells": 50 }, "geometry": { "type": "Polygon", "coordinates": [ [ [ -57.028333333316183, -25.629444444460038 ], [ -57.028333333316183, -25.630833333348928 ], [ -57.028055555538401, -25.630833333348928 ], [ -57.028055555538401, -25.630000000015592 ], [ -57.027777777760626, -25.630000000015592 ], [ -57.027777777760626, -25.629722222237817 ], [ -57.028055555538401, -25.629722222237817 ], [ -57.028055555538401, -25.629444444460038 ], [ -57.028333333316183, -25.629444444460038 ] ] ] } },
{ "type": "Feature", "properties": { "type": "stream", "flow_acc_threshold_cells": 50 }, "geometry": { "type": "Polygon", "coordinates": [ [ [ -57.036666666649516, -25.630000000015592 ], [ -57.036666666649516, -25.630833333348928 ], [ -57.036388888871734, -25.630833333348928 ], [ -57.036388888871734, -25.630000000015592 ], [ -57.036666666649516, -25.630000000015592 ] ] ] } },
{ "type": "Feature", "properties": { "type": "stream", "flow_acc_threshold_cells": 50 }, "geometry": { "type": "Polygon", "coordinates": [ [ [ -57.019999999982844, -25.630000000015592 ], [ -57.019999999982844, -25.630833333348928 ], [ -57.019722222205068, -25.630833333348928 ], [ -57.019722222205068, -25.630000000015592 ], [ -57.019999999982844, -25.630000000015592 ] ] ] } },
{ "type": "Feature", "properties": { "type": "stream", "flow_acc_threshold_cells": 50 }, "geometry": { "type": "Polygon", "coordinates": [ [ [ -57.044722222205074, -25.630277777793371 ], [ -57.044722222205074, -25.630833333348928 ], [ -57.044444444427292, -25.630833333348928 ], [ -57.044444444427292, -25.630277777793371 ], [ -57.044722222205074, -25.630277777793371 ] ] ] } },
{ "type": "Feature", "properties": { "type": "stream", "flow_acc_threshold_cells": 50 }, "geometry": { "type": "Polygon", "coordinates": [ [ [ -57.034166666649512, -25.630555555571149 ], [ -57.034166666649512, -25.630833333348928 ], [ -57.033333333316179, -25.630833333348928 ], [ -57.033333333316179, -25.630555555571149 ], [ -57.034166666649512, -25.630555555571149 ] ] ] } },
{ "type": "Feature", "properties": { "type": "stream", "flow_acc_threshold_cells": 50 }, "geometry": { "type": "Polygon", "coordinates": [ [ [ -57.032499999982846, -25.630555555571149 ], [ -57.032499999982846, -25.630833333348928 ], [ -57.031666666649514, -25.630833333348928 ], [ -57.031666666649514, -25.630555555571149 ], [ -57.032499999982846, -25.630555555571149 ] ] ] } },
{ "type": "Feature", "properties": { "type": "stream", "flow_acc_threshold_cells": 50 }, "geometry": { "type": "Polygon", "coordinates": [ [ [ -57.030277777760624, -25.630555555571149 ], [ -57.030277777760624, -25.630833333348928 ], [ -57.029999999982849, -25.630833333348928 ], [ -57.029999999982849, -25.630555555571149 ], [ -57.030277777760624, -25.630555555571149 ] ] ] } },
{ "type": "Feature", "properties": { "type": "stream", "flow_acc_threshold_cells": 50 }, "geometry": { "type": "Polygon", "coordinates": [ [ [ -57.017777777760621, -25.630555555571149 ], [ -57.017777777760621, -25.630833333348928 ], [ -57.017499999982846, -25.630833333348928 ], [ -57.017499999982846, -25.630555555571149 ], [ -57.017777777760621, -25.630555555571149 ] ] ] } },
{ "type": "Feature", "properties": { "type": "stream", "flow_acc_threshold_cells": 50 }, "geometry": { "type": "Polygon", "coordinates": [ [ [ -57.040833333316179, -25.630555555571149 ], [ -57.040833333316179, -25.631111111126703 ], [ -57.040555555538404, -25.631111111126703 ], [ -57.040555555538404, -25.630555555571149 ], [ -57.040833333316179, -25.630555555571149 ] ] ] } },
{ "type": "Feature", "properties": { "type": "stream", "flow_acc_threshold_cells": 50 }, "geometry": { "type": "Polygon", "coordinates": [ [ [ -57.039444444427296, -25.630555555571149 ], [ -57.039444444427296, -25.631111111126703 ], [ -57.039166666649514, -25.631111111126703 ], [ -57.039166666649514, -25.630555555571149 ], [ -57.039444444427296, -25.630555555571149 ] ] ] } },
{ "type": "Feature", "properties": { "type": "stream", "flow_acc_threshold_cells": 50 }, "geometry": { "type": "Polygon", "coordinates": [ [ [ -57.021944444427291, -25.630555555571149 ], [ -57.021944444427291, -25.631111111126703 ], [ -57.021666666649516, -25.631111111126703 ], [ -57.021666666649516, -25.630555555571149 ], [ -57.021944444427291, -25.630555555571149 ] ] ] } },
{ "type": "Feature", "properties": { "type": "stream", "flow_acc_threshold_cells": 50 }, "geometry": { "type": "Polygon", "coordinates": [ [ [ -57.044999999982849, -25.630833333348928 ], [ -57.044999999982849, -25.631111111126703 ], [ -57.044722222205074, -25.631111111126703 ], [ -57.044722222205074, -25.630833333348928 ], [ -57.044999999982849, -25.630833333348928 ] ] ] } },
{ "type": "Feature", "properties": { "type": "stream", "flow_acc_threshold_cells": 50 }, "geometry": { "type": "Polygon", "coordinates": [ [ [ -57.036944444427292, -25.630833333348928 ], [ -57.036944444427292, -25.631111111126703 ], [ -57.036666666649516, -25.631111111126703 ], [ -57.036666666649516, -25.630833333348928 ], [ -57.036944444427292, -25.630833333348928 ] ] ] } },
{ "type": "Feature", "properties": { "type": "stream", "flow_acc_threshold_cells": 50 }, "geometry": { "type": "Polygon", "coordinates": [ [ [ -57.033333333316179, -25.630833333348928 ], [ -57.033333333316179, -25.631111111126703 ], [ -57.032499999982846, -25.631111111126703 ], [ -57.032499999982846, -25.630833333348928 ], [ -57.033333333316179, -25.630833333348928 ] ] ] } },
{ "type": "Feature", "properties": { "type": "stream", "flow_acc_threshold_cells": 50 }, "geometry": { "type": "Polygon", "coordinates": [ [ [ -57.026111111093961, -25.629722222237817 ], [ -57.026111111093961, -25.630833333348928 ], [ -57.026388888871736, -25.630833333348928 ], [ -57.026388888871736, -25.631111111126703 ], [ -57.025277777760621, -25.631111111126703 ], [ -57.025277777760621, -25.630833333348928 ], [ -57.025833333316179, -25.630833333348928 ], [ -57.025833333316179, -25.629722222237817 ], [ -57.026111111093961, -25.629722222237817 ] ] ] } },
{ "type": "Feature", "properties": { "type": "stream", "flow_acc_threshold_cells": 50 }, "geometry": { "type": "Polygon", "coordinates": [ [ [ -57.019722222205068, -25.630833333348928 ], [ -57.019722222205068, -25.631111111126703 ], [ -57.019444444427293, -25.631111111126703 ], [ -57.019444444427293, -25.630833333348928 ], [ -57.019722222205068, -25.630833333348928 ] ] ] } },
{ "type": "Feature", "properties": { "type": "stream", "flow_acc_threshold_cells": 50 }, "geometry": { "type": "Polygon", "coordinates": [ [ [ -57.018055555538403, -25.630833333348928 ], [ -57.018055555538403, -25.631111111126703 ], [ -57.017777777760621, -25.631111111126703 ], [ -57.017777777760621, -25.630833333348928 ], [ -57.018055555538403, -25.630833333348928 ] ] ] } },
{ "type": "Feature", "properties": { "type": "stream", "flow_acc_threshold_cells": 50 }, "geometry": { "type": "Polygon", "coordinates": [ [ [ -57.017222222205071, -25.630833333348928 ], [ -57.017222222205071, -25.631111111126703 ], [ -57.016666666649513, -25.631111111126703 ], [ -57.016666666649513, -25.630833333348928 ], [ -57.017222222205071, -25.630833333348928 ] ] ] } },
{ "type": "Feature", "properties": { "type": "stream", "flow_acc_threshold_cells": 50 }, "geometry": { "type": "Polygon", "coordinates": [ [ [ -57.031111111093956, -25.630555555571149 ], [ -57.031111111093956, -25.630833333348928 ], [ -57.031666666649514, -25.630833333348928 ], [ -57.031666666649514, -25.631388888904482 ], [ -57.031388888871739, -25.631388888904482 ], [ -57.031388888871739, -25.631111111126703 ], [ -57.030833333316181, -25.631111111126703 ], [ -57.030833333316181, -25.630555555571149 ], [ -57.031111111093956, -25.630555555571149 ] ] ] } },
{ "type": "Feature", "properties": { "type": "stream", "flow_acc_threshold_cells": 50 }, "geometry": { "type": "Polygon", "coordinates": [ [ [ -57.025277777760621, -25.631111111126703 ], [ -57.025277777760621, -25.631388888904482 ], [ -57.024722222205071, -25.631388888904482 ], [ -57.024722222205071, -25.631111111126703 ], [ -57.025277777760621, -25.631111111126703 ] ] ] } },
{ "type": "Feature", "properties": { "type": "stream", "flow_acc_threshold_cells": 50 }, "geometry": { "type": "Polygon", "coordinates": [ [ [ -57.022222222205066, -25.631111111126703 ], [ -57.022222222205066, -25.631388888904482 ], [ -57.021944444427291, -25.631388888904482 ], [ -57.021944444427291, -25.631111111126703 ], [ -57.022222222205066, -25.631111111126703 ] ] ] } },
{ "type": "Feature", "properties": { "type": "stream", "flow_acc_threshold_cells": 50 }, "geometry": { "type": "Polygon", "coordinates": [ [ [ -57.019444444427293, -25.631111111126703 ], [ -57.019444444427293, -25.631388888904482 ], [ -57.019166666649511, -25.631388888904482 ], [ -57.019166666649511, -25.631111111126703 ], [ -57.019444444427293, -25.631111111126703 ] ] ] } },
{ "type": "Feature", "properties": { "type": "stream", "flow_acc_threshold_cells": 50 }, "geometry": { "type": "Polygon", "coordinates": [ [ [ -57.017499999982846, -25.631111111126703 ], [ -57.017499999982846, -25.631388888904482 ], [ -57.017222222205071, -25.631388888904482 ], [ -57.017222222205071, -25.631111111126703 ], [ -57.017499999982846, -25.631111111126703 ] ] ] } },
{ "type": "Feature", "properties": { "type": "stream", "flow_acc_threshold_cells": 50 }, "geometry": { "type": "Polygon", "coordinates": [ [ [ -57.026944444427293, -25.631111111126703 ], [ -57.026944444427293, -25.631666666682261 ], [ -57.026666666649511, -25.631666666682261 ], [ -57.026666666649511, -25.631388888904482 ], [ -57.026388888871736, -25.631388888904482 ], [ -57.026388888871736, -25.631111111126703 ], [ -57.026944444427293, -25.631111111126703 ] ] ] } },
{ "type": "Feature", "properties": { "type": "stream", "flow_acc_threshold_cells": 50 }, "geometry": { "type": "Polygon", "coordinates": [ [ [ -57.032222222205071, -25.631388888904482 ], [ -57.032222222205071, -25.631666666682261 ], [ -57.031666666649514, -25.631666666682261 ], [ -57.031666666649514, -25.631388888904482 ], [ -57.032222222205071, -25.631388888904482 ] ] ] } },
{ "type": "Feature", "properties": { "type": "stream", "flow_acc_threshold_cells": 50 }, "geometry": { "type": "Polygon", "coordinates": [ [ [ -57.028888888871734, -25.630555555571149 ], [ -57.028888888871734, -25.631944444460039 ], [ -57.028611111093959, -25.631944444460039 ], [ -57.028611111093959, -25.631111111126703 ], [ -57.028333333316183, -25.631111111126703 ], [ -57.028333333316183, -25.630833333348928 ], [ -57.028611111093959, -25.630833333348928 ], [ -57.028611111093959, -25.630555555571149 ], [ -57.028888888871734, -25.630555555571149 ] ] ] } },
{ "type": "Feature", "properties": { "type": "stream", "flow_acc_threshold_cells": 50 }, "geometry": { "type": "Polygon", "coordinates": [ [ [ -57.039722222205071, -25.631111111126703 ], [ -57.039722222205071, -25.631944444460039 ], [ -57.039444444427296, -25.631944444460039 ], [ -57.039444444427296, -25.631111111126703 ], [ -57.039722222205071, -25.631111111126703 ] ] ] } },
{ "type": "Feature", "properties": { "type": "stream", "flow_acc_threshold_cells": 50 }, "geometry": { "type": "Polygon", "coordinates": [ [ [ -57.018333333316178, -25.631111111126703 ], [ -57.018333333316178, -25.631388888904482 ], [ -57.019166666649511, -25.631388888904482 ], [ -57.019166666649511, -25.631666666682261 ], [ -57.018055555538403, -25.631666666682261 ], [ -57.018055555538403, -25.631944444460039 ], [ -57.017222222205071, -25.631944444460039 ], [ -57.017222222205071, -25.631666666682261 ], [ -57.017499999982846, -25.631666666682261 ], [ -57.017499999982846, -25.631388888904482 ], [ -57.018055555538403, -25.631388888904482 ], [ -57.018055555538403, -25.631111111126703 ], [ -57.018333333316178, -25.631111111126703 ] ] ] } },
{ "type": "Feature", "properties": { "type": "stream", "flow_acc_threshold_cells": 50 }, "geometry": { "type": "Polygon", "coordinates": [ [ [ -57.027222222205069, -25.631666666682261 ], [ -57.027222222205069, -25.631944444460039 ], [ -57.026944444427293, -25.631944444460039 ], [ -57.026944444427293, -25.631666666682261 ], [ -57.027222222205069, -25.631666666682261 ] ] ] } },
{ "type": "Feature", "properties": { "type": "stream", "flow_acc_threshold_cells": 50 }, "geometry": { "type": "Polygon", "coordinates": [ [ [ -57.019444444427293, -25.631666666682261 ], [ -57.019444444427293, -25.631944444460039 ], [ -57.019166666649511, -25.631944444460039 ], [ -57.019166666649511, -25.631666666682261 ], [ -57.019444444427293, -25.631666666682261 ] ] ] } },
{ "type": "Feature", "properties": { "type": "stream", "flow_acc_threshold_cells": 50 }, "geometry": { "type": "Polygon", "coordinates": [ [ [ -57.037222222205074, -25.631111111126703 ], [ -57.037222222205074, -25.632222222237814 ], [ -57.036944444427292, -25.632222222237814 ], [ -57.036944444427292, -25.631111111126703 ], [ -57.037222222205074, -25.631111111126703 ] ] ] } },
{ "type": "Feature", "properties": { "type": "stream", "flow_acc_threshold_cells": 50 }, "geometry": { "type": "Polygon", "coordinates": [ [ [ -57.028611111093959, -25.631944444460039 ], [ -57.028611111093959, -25.632222222237814 ], [ -57.028333333316183, -25.632222222237814 ], [ -57.028333333316183, -25.631944444460039 ], [ -57.028611111093959, -25.631944444460039 ] ] ] } },
{ "type": "Feature", "properties": { "type": "stream", "flow_acc_threshold_cells": 50 }, "geometry": { "type": "Polygon", "coordinates": [ [ [ -57.019999999982844, -25.631944444460039 ], [ -57.019999999982844, -25.632222222237814 ], [ -57.019444444427293, -25.632222222237814 ], [ -57.019444444427293, -25.631944444460039 ], [ -57.019999999982844, -25.631944444460039 ] ] ] } },
{ "type": "Feature", "properties": { "type": "stream", "flow_acc_threshold_cells": 50 }, "geometry": { "type": "Polygon", "coordinates": [ [ [ -57.022499999982848, -25.631388888904482 ], [ -57.022499999982848, -25.632500000015593 ], [ -57.022222222205066, -25.632500000015593 ], [ -57.022222222205066, -25.631388888904482 ], [ -57.022499999982848, -25.631388888904482 ] ] ] } },
{ "type": "Feature", "properties": { "type": "stream", "flow_acc_threshold_cells": 50 }, "geometry": { "type": "Polygon", "coordinates": [ [ [ -57.027499999982844, -25.631944444460039 ], [ -57.027499999982844, -25.632500000015593 ], [ -57.027222222205069, -25.632500000015593 ], [ -57.027222222205069, -25.631944444460039 ], [ -57.027499999982844, -25.631944444460039 ] ] ] } },
{ "type": "Feature", "properties": { "type": "stream", "flow_acc_threshold_cells": 50 }, "geometry": { "type": "Polygon", "coordinates": [ [ [ -57.023055555538399, -25.631944444460039 ], [ -57.023055555538399, -25.632500000015593 ], [ -57.022777777760624, -25.632500000015593 ], [ -57.022777777760624, -25.631944444460039 ], [ -57.023055555538399, -25.631944444460039 ] ] ] } },
{ "type": "Feature", "properties": { "type": "stream", "flow_acc_threshold_cells": 50 }, "geometry": { "type": "Polygon", "coordinates": [ [ [ -57.028333333316183, -25.632222222237814 ], [ -57.028333333316183, -25.632500000015593 ], [ -57.028055555538401, -25.632500000015593 ], [ -57.028055555538401, -25.632222222237814 ], [ -57.028333333316183, -25.632222222237814 ] ] ] } },
{ "type": "Feature", "properties": { "type": "stream", "flow_acc_threshold_cells": 50 }, "geometry": { "type": "Polygon", "coordinates": [ [ [ -57.020277777760626, -25.632222222237814 ], [ -57.020277777760626, -25.632500000015593 ], [ -57.019999999982844, -25.632500000015593 ], [ -57.019999999982844, -25.632222222237814 ], [ -57.020277777760626, -25.632222222237814 ] ] ] } },
{ "type": "Feature", "properties": { "type": "stream", "flow_acc_threshold_cells": 50 }, "geometry": { "type": "Polygon", "coordinates": [ [ [ -57.041111111093961, -25.631111111126703 ], [ -57.041111111093961, -25.632777777793372 ], [ -57.040833333316179, -25.632777777793372 ], [ -57.040833333316179, -25.631111111126703 ], [ -57.041111111093961, -25.631111111126703 ] ] ] } },
{ "type": "Feature", "properties": { "type": "stream", "flow_acc_threshold_cells": 50 }, "geometry": { "type": "Polygon", "coordinates": [ [ [ -57.039999999982847, -25.631944444460039 ], [ -57.039999999982847, -25.632777777793372 ], [ -57.039722222205071, -25.632777777793372 ], [ -57.039722222205071, -25.631944444460039 ], [ -57.039999999982847, -25.631944444460039 ] ] ] } },
{ "type": "Feature", "properties": { "type": "stream", "flow_acc_threshold_cells": 50 }, "geometry": { "type": "Polygon", "coordinates": [ [ [ -57.041944444427294, -25.632222222237814 ], [ -57.041944444427294, -25.632777777793372 ], [ -57.041666666649519, -25.632777777793372 ], [ -57.041666666649519, -25.632222222237814 ], [ -57.041944444427294, -25.632222222237814 ] ] ] } },
{ "type": "Feature", "properties": { "type": "stream", "flow_acc_threshold_cells": 50 }, "geometry": { "type": "Polygon", "coordinates": [ [ [ -57.020555555538401, -25.632500000015593 ], [ -57.020555555538401, -25.632777777793372 ], [ -57.020277777760626, -25.632777777793372 ], [ -57.020277777760626, -25.632500000015593 ], [ -57.020555555538401, -25.632500000015593 ] ] ] } },
{ "type": "Feature", "properties": { "type": "stream", "flow_acc_threshold_cells": 50 }, "geometry": { "type": "Polygon", "coordinates": [ [ [ -57.041666666649519, -25.632777777793372 ], [ -57.041666666649519, -25.633055555571151 ], [ -57.041388888871737, -25.633055555571151 ], [ -57.041388888871737, -25.632777777793372 ], [ -57.041666666649519, -25.632777777793372 ] ] ] } },
{ "type": "Feature", "properties": { "type": "stream", "flow_acc_threshold_cells": 50 }, "geometry": { "type": "Polygon", "coordinates": [ [ [ -57.044722222205074, -25.631111111126703 ], [ -57.044722222205074, -25.633333333348926 ], [ -57.044444444427292, -25.633333333348926 ], [ -57.044444444427292, -25.631111111126703 ], [ -57.044722222205074, -25.631111111126703 ] ] ] } },
{ "type": "Feature", "properties": { "type": "stream", "flow_acc_threshold_cells": 50 }, "geometry": { "type": "Polygon", "coordinates": [ [ [ -57.037499999982849, -25.632222222237814 ], [ -57.037499999982849, -25.633333333348926 ], [ -57.037222222205074, -25.633333333348926 ], [ -57.037222222205074, -25.632222222237814 ], [ -57.037499999982849, -25.632222222237814 ] ] ] } },
{ "type": "Feature", "properties": { "type": "stream", "flow_acc_threshold_cells": 50 }, "geometry": { "type": "Polygon", "coordinates": [ [ [ -57.028055555538401, -25.632500000015593 ], [ -57.028055555538401, -25.632777777793372 ], [ -57.027777777760626, -25.632777777793372 ], [ -57.027777777760626, -25.633333333348926 ], [ -57.027499999982844, -25.633333333348926 ], [ -57.027499999982844, -25.632500000015593 ], [ -57.028055555538401, -25.632500000015593 ] ] ] } },
{ "type": "Feature", "properties": { "type": "stream", "flow_acc_threshold_cells": 50 }, "geometry": { "type": "Polygon", "coordinates": [ [ [ -57.040277777760629, -25.632777777793372 ], [ -57.040277777760629, -25.633333333348926 ], [ -57.039999999982847, -25.633333333348926 ], [ -57.039999999982847, -25.632777777793372 ], [ -57.040277777760629, -25.632777777793372 ] ] ] } },
{ "type": "Feature", "properties": { "type": "stream", "flow_acc_threshold_cells": 50 }, "geometry": { "type": "Polygon", "coordinates": [ [ [ -57.020833333316176, -25.632777777793372 ], [ -57.020833333316176, -25.633611111126704 ], [ -57.020277777760626, -25.633611111126704 ], [ -57.020277777760626, -25.633333333348926 ], [ -57.020555555538401, -25.633333333348926 ], [ -57.020555555538401, -25.632777777793372 ], [ -57.020833333316176, -25.632777777793372 ] ] ] } },
{ "type": "Feature", "properties": { "type": "stream", "flow_acc_threshold_cells": 50 }, "geometry": { "type": "Polygon", "coordinates": [ [ [ -57.031388888871739, -25.633333333348926 ], [ -57.031388888871739, -25.633611111126704 ], [ -57.030277777760624, -25.633611111126704 ], [ -57.030277777760624, -25.633333333348926 ], [ -57.031388888871739, -25.633333333348926 ] ] ] } },
{ "type": "Feature", "properties": { "type": "stream", "flow_acc_threshold_cells": 50 }, "geometry": { "type": "Polygon", "coordinates": [ [ [ -57.021944444427291, -25.633333333348926 ], [ -57.021944444427291, -25.633611111126704 ], [ -57.021666666649516, -25.633611111126704 ], [ -57.021666666649516, -25.633333333348926 ], [ -57.021944444427291, -25.633333333348926 ] ] ] } },
{ "type": "Feature", "properties": { "type": "stream", "flow_acc_threshold_cells": 50 }, "geometry": { "type": "Polygon", "coordinates": [ [ [ -57.022777777760624, -25.632500000015593 ], [ -57.022777777760624, -25.633888888904483 ], [ -57.021944444427291, -25.633888888904483 ], [ -57.021944444427291, -25.633611111126704 ], [ -57.022499999982848, -25.633611111126704 ], [ -57.022499999982848, -25.632500000015593 ], [ -57.022777777760624, -25.632500000015593 ] ] ] } },
{ "type": "Feature", "properties": { "type": "stream", "flow_acc_threshold_cells": 50 }, "geometry": { "type": "Polygon", "coordinates": [ [ [ -57.041388888871737, -25.633055555571151 ], [ -57.041388888871737, -25.633888888904483 ], [ -57.041111111093961, -25.633888888904483 ], [ -57.041111111093961, -25.633055555571151 ], [ -57.041388888871737, -25.633055555571151 ] ] ] } },
{ "type": "Feature", "properties": { "type": "stream", "flow_acc_threshold_cells": 50 }, "geometry": { "type": "Polygon", "coordinates": [ [ [ -57.044444444427292, -25.633333333348926 ], [ -57.044444444427292, -25.633888888904483 ], [ -57.044166666649517, -25.633888888904483 ], [ -57.044166666649517, -25.633333333348926 ], [ -57.044444444427292, -25.633333333348926 ] ] ] } },
{ "type": "Feature", "properties": { "type": "stream", "flow_acc_threshold_cells": 50 }, "geometry": { "type": "Polygon", "coordinates": [ [ [ -57.030277777760624, -25.633611111126704 ], [ -57.030277777760624, -25.633888888904483 ], [ -57.028611111093959, -25.633888888904483 ], [ -57.028611111093959, -25.633611111126704 ], [ -57.030277777760624, -25.633611111126704 ] ] ] } },
{ "type": "Feature", "properties": { "type": "stream", "flow_acc_threshold_cells": 50 }, "geometry": { "type": "Polygon", "coordinates": [ [ [ -57.021666666649516, -25.633611111126704 ], [ -57.021666666649516, -25.633888888904483 ], [ -57.021388888871734, -25.633888888904483 ], [ -57.021388888871734, -25.633611111126704 ], [ -57.021666666649516, -25.633611111126704 ] ] ] } },
{ "type": "Feature", "properties": { "type": "stream", "flow_acc_threshold_cells": 50 }, "geometry": { "type": "Polygon", "coordinates": [ [ [ -57.037777777760624, -25.633333333348926 ], [ -57.037777777760624, -25.634166666682262 ], [ -57.037499999982849, -25.634166666682262 ], [ -57.037499999982849, -25.633333333348926 ], [ -57.037777777760624, -25.633333333348926 ] ] ] } },
{ "type": "Feature", "properties": { "type": "stream", "flow_acc_threshold_cells": 50 }, "geometry": { "type": "Polygon", "coordinates": [ [ [ -57.023055555538399, -25.633888888904483 ], [ -57.023055555538399, -25.634166666682262 ], [ -57.022777777760624, -25.634166666682262 ], [ -57.022777777760624, -25.633888888904483 ], [ -57.023055555538399, -25.633888888904483 ] ] ] } },
{ "type": "Feature", "properties": { "type": "stream", "flow_acc_threshold_cells": 50 }, "geometry": { "type": "Polygon", "coordinates": [ [ [ -57.021111111093958, -25.633611111126704 ], [ -57.021111111093958, -25.633888888904483 ], [ -57.021388888871734, -25.633888888904483 ], [ -57.021388888871734, -25.634166666682262 ], [ -57.020833333316176, -25.634166666682262 ], [ -57.020833333316176, -25.633611111126704 ], [ -57.021111111093958, -25.633611111126704 ] ] ] } },
{ "type": "Feature", "properties": { "type": "stream", "flow_acc_threshold_cells": 50 }, "geometry": { "type": "Polygon", "coordinates": [ [ [ -57.040833333316179, -25.632777777793372 ], [ -57.040833333316179, -25.633888888904483 ], [ -57.041111111093961, -25.633888888904483 ], [ -57.041111111093961, -25.634444444460037 ], [ -57.040555555538404, -25.634444444460037 ], [ -57.040555555538404, -25.633611111126704 ], [ -57.040277777760629, -25.633611111126704 ], [ -57.040277777760629, -25.633333333348926 ], [ -57.040555555538404, -25.633333333348926 ], [ -57.040555555538404, -25.632777777793372 ], [ -57.040833333316179, -25.632777777793372 ] ] ] } },
{ "type": "Feature", "properties": { "type": "stream", "flow_acc_threshold_cells": 50 }, "geometry": { "type": "Polygon", "coordinates": [ [ [ -57.038055555538406, -25.634166666682262 ], [ -57.038055555538406, -25.634444444460037 ], [ -57.037777777760624, -25.634444444460037 ], [ -57.037777777760624, -25.634166666682262 ], [ -57.038055555538406, -25.634166666682262 ] ] ] } },
{ "type": "Feature", "properties": { "type": "stream", "flow_acc_threshold_cells": 50 }, "geometry": { "type": "Polygon", "coordinates": [ [ [ -57.036666666649516, -25.634166666682262 ], [ -57.036666666649516, -25.634444444460037 ], [ -57.036388888871734, -25.634444444460037 ], [ -57.036388888871734, -25.634166666682262 ], [ -57.036666666649516, -25.634166666682262 ] ] ] } },
{ "type": "Feature", "properties": { "type": "stream", "flow_acc_threshold_cells": 50 }, "geometry": { "type": "Polygon", "coordinates": [ [ [ -57.027499999982844, -25.634166666682262 ], [ -57.027499999982844, -25.634444444460037 ], [ -57.027222222205069, -25.634444444460037 ], [ -57.027222222205069, -25.634166666682262 ], [ -57.027499999982844, -25.634166666682262 ] ] ] } },
{ "type": "Feature", "properties": { "type": "stream", "flow_acc_threshold_cells": 50 }, "geometry": { "type": "Polygon", "coordinates": [ [ [ -57.023611111093956, -25.634166666682262 ], [ -57.023611111093956, -25.634444444460037 ], [ -57.023055555538399, -25.634444444460037 ], [ -57.023055555538399, -25.634166666682262 ], [ -57.023611111093956, -25.634166666682262 ] ] ] } },
{ "type": "Feature", "properties": { "type": "stream", "flow_acc_threshold_cells": 50 }, "geometry": { "type": "Polygon", "coordinates": [ [ [ -57.038333333316181, -25.634444444460037 ], [ -57.038333333316181, -25.634722222237816 ], [ -57.038055555538406, -25.634722222237816 ], [ -57.038055555538406, -25.634444444460037 ], [ -57.038333333316181, -25.634444444460037 ] ] ] } },
{ "type": "Feature", "properties": { "type": "stream", "flow_acc_threshold_cells": 50 }, "geometry": { "type": "Polygon", "coordinates": [ [ [ -57.025555555538403, -25.634444444460037 ], [ -57.025555555538403, -25.634722222237816 ], [ -57.023611111093956, -25.634722222237816 ], [ -57.023611111093956, -25.634444444460037 ], [ -57.025555555538403, -25.634444444460037 ] ] ] } },
{ "type": "Feature", "properties": { "type": "stream", "flow_acc_threshold_cells": 50 }, "geometry": { "type": "Polygon", "coordinates": [ [ [ -57.028611111093959, -25.633333333348926 ], [ -57.028611111093959, -25.633611111126704 ], [ -57.028333333316183, -25.633611111126704 ], [ -57.028333333316183, -25.635000000015594 ], [ -57.028055555538401, -25.635000000015594 ], [ -57.028055555538401, -25.634722222237816 ], [ -57.027499999982844, -25.634722222237816 ], [ -57.027499999982844, -25.634444444460037 ], [ -57.028055555538401, -25.634444444460037 ], [ -57.028055555538401, -25.633611111126704 ], [ -57.027777777760626, -25.633611111126704 ], [ -57.027777777760626, -25.633333333348926 ], [ -57.028611111093959, -25.633333333348926 ] ] ] } },
{ "type": "Feature", "properties": { "type": "stream", "flow_acc_threshold_cells": 50 }, "geometry": { "type": "Polygon", "coordinates": [ [ [ -57.040555555538404, -25.634444444460037 ], [ -57.040555555538404, -25.635000000015594 ], [ -57.040277777760629, -25.635000000015594 ], [ -57.040277777760629, -25.634444444460037 ], [ -57.040555555538404, -25.634444444460037 ] ] ] } },
{ "type": "Feature", "properties": { "type": "stream", "flow_acc_threshold_cells": 50 }, "geometry": { "type": "Polygon", "coordinates": [ [ [ -57.036944444427292, -25.634444444460037 ], [ -57.036944444427292, -25.635000000015594 ], [ -57.036666666649516, -25.635000000015594 ], [ -57.036666666649516, -25.634444444460037 ], [ -57.036944444427292, -25.634444444460037 ] ] ] } },
{ "type": "Feature", "properties": { "type": "stream", "flow_acc_threshold_cells": 50 }, "geometry": { "type": "Polygon", "coordinates": [ [ [ -57.025833333316179, -25.634722222237816 ], [ -57.025833333316179, -25.635000000015594 ], [ -57.025555555538403, -25.635000000015594 ], [ -57.025555555538403, -25.634722222237816 ], [ -57.025833333316179, -25.634722222237816 ] ] ] } },
{ "type": "Feature", "properties": { "type": "stream", "flow_acc_threshold_cells": 50 }, "geometry": { "type": "Polygon", "coordinates": [ [ [ -57.026666666649511, -25.635000000015594 ], [ -57.026666666649511, -25.635277777793373 ], [ -57.025833333316179, -25.635277777793373 ], [ -57.025833333316179, -25.635000000015594 ], [ -57.026666666649511, -25.635000000015594 ] ] ] } },
{ "type": "Feature", "properties": { "type": "stream", "flow_acc_threshold_cells": 50 }, "geometry": { "type": "Polygon", "coordinates": [ [ [ -57.040833333316179, -25.635000000015594 ], [ -57.040833333316179, -25.635555555571148 ], [ -57.040555555538404, -25.635555555571148 ], [ -57.040555555538404, -25.635000000015594 ], [ -57.040833333316179, -25.635000000015594 ] ] ] } },
{ "type": "Feature", "properties": { "type": "stream", "flow_acc_threshold_cells": 50 }, "geometry": { "type": "Polygon", "coordinates": [ [ [ -57.033333333316179, -25.635000000015594 ], [ -57.033333333316179, -25.635555555571148 ], [ -57.033055555538404, -25.635555555571148 ], [ -57.033055555538404, -25.635000000015594 ], [ -57.033333333316179, -25.635000000015594 ] ] ] } },
{ "type": "Feature", "properties": { "type": "stream", "flow_acc_threshold_cells": 50 }, "geometry": { "type": "Polygon", "coordinates": [ [ [ -57.028611111093959, -25.635000000015594 ], [ -57.028611111093959, -25.635555555571148 ], [ -57.028333333316183, -25.635555555571148 ], [ -57.028333333316183, -25.635000000015594 ], [ -57.028611111093959, -25.635000000015594 ] ] ] } },
{ "type": "Feature", "properties": { "type": "stream", "flow_acc_threshold_cells": 50 }, "geometry": { "type": "Polygon", "coordinates": [ [ [ -57.044722222205074, -25.633888888904483 ], [ -57.044722222205074, -25.635833333348927 ], [ -57.044444444427292, -25.635833333348927 ], [ -57.044444444427292, -25.633888888904483 ], [ -57.044722222205074, -25.633888888904483 ] ] ] } },
{ "type": "Feature", "properties": { "type": "stream", "flow_acc_threshold_cells": 50 }, "geometry": { "type": "Polygon", "coordinates": [ [ [ -57.038611111093957, -25.634722222237816 ], [ -57.038611111093957, -25.635833333348927 ], [ -57.038333333316181, -25.635833333348927 ], [ -57.038333333316181, -25.634722222237816 ], [ -57.038611111093957, -25.634722222237816 ] ] ] } },
{ "type": "Feature", "properties": { "type": "stream", "flow_acc_threshold_cells": 50 }, "geometry": { "type": "Polygon", "coordinates": [ [ [ -57.026944444427293, -25.635277777793373 ], [ -57.026944444427293, -25.635833333348927 ], [ -57.026666666649511, -25.635833333348927 ], [ -57.026666666649511, -25.635277777793373 ], [ -57.026944444427293, -25.635277777793373 ] ] ] } },
{ "type": "Feature", "properties": { "type": "stream", "flow_acc_threshold_cells": 50 }, "geometry": { "type": "Polygon", "coordinates": [ [ [ -57.040555555538404, -25.635555555571148 ], [ -57.040555555538404, -25.635833333348927 ], [ -57.040277777760629, -25.635833333348927 ], [ -57.040277777760629, -25.635555555571148 ], [ -57.040555555538404, -25.635555555571148 ] ] ] } },
{ "type": "Feature", "properties": { "type": "stream", "flow_acc_threshold_cells": 50 }, "geometry": { "type": "Polygon", "coordinates": [ [ [ -57.033055555538404, -25.635555555571148 ], [ -57.033055555538404, -25.635833333348927 ], [ -57.032222222205071, -25.635833333348927 ], [ -57.032222222205071, -25.635555555571148 ], [ -57.033055555538404, -25.635555555571148 ] ] ] } },
{ "type": "Feature", "properties": { "type": "stream", "flow_acc_threshold_cells": 50 }, "geometry": { "type": "Polygon", "coordinates": [ [ [ -57.031666666649514, -25.635555555571148 ], [ -57.031666666649514, -25.635833333348927 ], [ -57.031388888871739, -25.635833333348927 ], [ -57.031388888871739, -25.635555555571148 ], [ -57.031666666649514, -25.635555555571148 ] ] ] } },
{ "type": "Feature", "properties": { "type": "stream", "flow_acc_threshold_cells": 50 }, "geometry": { "type": "Polygon", "coordinates": [ [ [ -57.028888888871734, -25.635555555571148 ], [ -57.028888888871734, -25.636111111126706 ], [ -57.028611111093959, -25.636111111126706 ], [ -57.028611111093959, -25.635555555571148 ], [ -57.028888888871734, -25.635555555571148 ] ] ] } },
{ "type": "Feature", "properties": { "type": "stream", "flow_acc_threshold_cells": 50 }, "geometry": { "type": "Polygon", "coordinates": [ [ [ -57.044999999982849, -25.635833333348927 ], [ -57.044999999982849, -25.636111111126706 ], [ -57.044722222205074, -25.636111111126706 ], [ -57.044722222205074, -25.635833333348927 ], [ -57.044999999982849, -25.635833333348927 ] ] ] } },
{ "type": "Feature", "properties": { "type": "stream", "flow_acc_threshold_cells": 50 }, "geometry": { "type": "Polygon", "coordinates": [ [ [ -57.040277777760629, -25.635833333348927 ], [ -57.040277777760629, -25.636111111126706 ], [ -57.039444444427296, -25.636111111126706 ], [ -57.039444444427296, -25.635833333348927 ], [ -57.040277777760629, -25.635833333348927 ] ] ] } },
{ "type": "Feature", "properties": { "type": "stream", "flow_acc_threshold_cells": 50 }, "geometry": { "type": "Polygon", "coordinates": [ [ [ -57.038333333316181, -25.635833333348927 ], [ -57.038333333316181, -25.636111111126706 ], [ -57.038055555538406, -25.636111111126706 ], [ -57.038055555538406, -25.635833333348927 ], [ -57.038333333316181, -25.635833333348927 ] ] ] } },
{ "type": "Feature", "properties": { "type": "stream", "flow_acc_threshold_cells": 50 }, "geometry": { "type": "Polygon", "coordinates": [ [ [ -57.027222222205069, -25.635833333348927 ], [ -57.027222222205069, -25.636111111126706 ], [ -57.026944444427293, -25.636111111126706 ], [ -57.026944444427293, -25.635833333348927 ], [ -57.027222222205069, -25.635833333348927 ] ] ] } },
{ "type": "Feature", "properties": { "type": "stream", "flow_acc_threshold_cells": 50 }, "geometry": { "type": "Polygon", "coordinates": [ [ [ -57.036666666649516, -25.635000000015594 ], [ -57.036666666649516, -25.636388888904484 ], [ -57.036388888871734, -25.636388888904484 ], [ -57.036388888871734, -25.635000000015594 ], [ -57.036666666649516, -25.635000000015594 ] ] ] } },
{ "type": "Feature", "properties": { "type": "stream", "flow_acc_threshold_cells": 50 }, "geometry": { "type": "Polygon", "coordinates": [ [ [ -57.032222222205071, -25.635833333348927 ], [ -57.032222222205071, -25.636111111126706 ], [ -57.031944444427289, -25.636111111126706 ], [ -57.031944444427289, -25.636388888904484 ], [ -57.031666666649514, -25.636388888904484 ], [ -57.031666666649514, -25.635833333348927 ], [ -57.032222222205071, -25.635833333348927 ] ] ] } },
{ "type": "Feature", "properties": { "type": "stream", "flow_acc_threshold_cells": 50 }, "geometry": { "type": "Polygon", "coordinates": [ [ [ -57.042499999982851, -25.636111111126706 ], [ -57.042499999982851, -25.636388888904484 ], [ -57.042222222205069, -25.636388888904484 ], [ -57.042222222205069, -25.636111111126706 ], [ -57.042499999982851, -25.636111111126706 ] ] ] } },
{ "type": "Feature", "properties": { "type": "stream", "flow_acc_threshold_cells": 50 }, "geometry": { "type": "Polygon", "coordinates": [ [ [ -57.039444444427296, -25.636111111126706 ], [ -57.039444444427296, -25.636388888904484 ], [ -57.038611111093957, -25.636388888904484 ], [ -57.038611111093957, -25.636111111126706 ], [ -57.039444444427296, -25.636111111126706 ] ] ] } },
{ "type": "Feature", "properties": { "type": "stream", "flow_acc_threshold_cells": 50 }, "geometry": { "type": "Polygon", "coordinates": [ [ [ -57.029166666649516, -25.636111111126706 ], [ -57.029166666649516, -25.636388888904484 ], [ -57.028888888871734, -25.636388888904484 ], [ -57.028888888871734, -25.636111111126706 ], [ -57.029166666649516, -25.636111111126706 ] ] ] } },
{ "type": "Feature", "properties": { "type": "stream", "flow_acc_threshold_cells": 50 }, "geometry": { "type": "Polygon", "coordinates": [ [ [ -57.027499999982844, -25.636111111126706 ], [ -57.027499999982844, -25.636388888904484 ], [ -57.027222222205069, -25.636388888904484 ], [ -57.027222222205069, -25.636111111126706 ], [ -57.027499999982844, -25.636111111126706 ] ] ] } },
{ "type": "Feature", "properties": { "type": "stream", "flow_acc_threshold_cells": 50 }, "geometry": { "type": "Polygon", "coordinates": [ [ [ -57.042777777760627, -25.636388888904484 ], [ -57.042777777760627, -25.63666666668226 ], [ -57.042499999982851, -25.63666666668226 ], [ -57.042499999982851, -25.636388888904484 ], [ -57.042777777760627, -25.636388888904484 ] ] ] } },
{ "type": "Feature", "properties": { "type": "stream", "flow_acc_threshold_cells": 50 }, "geometry": { "type": "Polygon", "coordinates": [ [ [ -57.038055555538406, -25.636111111126706 ], [ -57.038055555538406, -25.636388888904484 ], [ -57.038611111093957, -25.636388888904484 ], [ -57.038611111093957, -25.63666666668226 ], [ -57.037777777760624, -25.63666666668226 ], [ -57.037777777760624, -25.636111111126706 ], [ -57.038055555538406, -25.636111111126706 ] ] ] } },
{ "type": "Feature", "properties": { "type": "stream", "flow_acc_threshold_cells": 50 }, "geometry": { "type": "Polygon", "coordinates": [ [ [ -57.029444444427291, -25.636388888904484 ], [ -57.029444444427291, -25.63666666668226 ], [ -57.029166666649516, -25.63666666668226 ], [ -57.029166666649516, -25.636388888904484 ], [ -57.029444444427291, -25.636388888904484 ] ] ] } },
{ "type": "Feature", "properties": { "type": "stream", "flow_acc_threshold_cells": 50 }, "geometry": { "type": "Polygon", "coordinates": [ [ [ -57.027777777760626, -25.636388888904484 ], [ -57.027777777760626, -25.63666666668226 ], [ -57.027499999982844, -25.63666666668226 ], [ -57.027499999982844, -25.636388888904484 ], [ -57.027777777760626, -25.636388888904484 ] ] ] } },
{ "type": "Feature", "properties": { "type": "stream", "flow_acc_threshold_cells": 50 }, "geometry": { "type": "Polygon", "coordinates": [ [ [ -57.024166666649514, -25.636388888904484 ], [ -57.024166666649514, -25.63666666668226 ], [ -57.023611111093956, -25.63666666668226 ], [ -57.023611111093956, -25.636388888904484 ], [ -57.024166666649514, -25.636388888904484 ] ] ] } },
{ "type": "Feature", "properties": { "type": "stream", "flow_acc_threshold_cells": 50 }, "geometry": { "type": "Polygon", "coordinates": [ [ [ -57.036944444427292, -25.636388888904484 ], [ -57.036944444427292, -25.636944444460038 ], [ -57.036666666649516, -25.636944444460038 ], [ -57.036666666649516, -25.636388888904484 ], [ -57.036944444427292, -25.636388888904484 ] ] ] } },
{ "type": "Feature", "properties": { "type": "stream", "flow_acc_threshold_cells": 50 }, "geometry": { "type": "Polygon", "coordinates": [ [ [ -57.032222222205071, -25.636388888904484 ], [ -57.032222222205071, -25.636944444460038 ], [ -57.031944444427289, -25.636944444460038 ], [ -57.031944444427289, -25.636388888904484 ], [ -57.032222222205071, -25.636388888904484 ] ] ] } },
{ "type": "Feature", "properties": { "type": "stream", "flow_acc_threshold_cells": 50 }, "geometry": { "type": "Polygon", "coordinates": [ [ [ -57.043055555538402, -25.63666666668226 ], [ -57.043055555538402, -25.636944444460038 ], [ -57.042777777760627, -25.636944444460038 ], [ -57.042777777760627, -25.63666666668226 ], [ -57.043055555538402, -25.63666666668226 ] ] ] } },
{ "type": "Feature", "properties": { "type": "stream", "flow_acc_threshold_cells": 50 }, "geometry": { "type": "Polygon", "coordinates": [ [ [ -57.037777777760624, -25.63666666668226 ], [ -57.037777777760624, -25.636944444460038 ], [ -57.037499999982849, -25.636944444460038 ], [ -57.037499999982849, -25.63666666668226 ], [ -57.037777777760624, -25.63666666668226 ] ] ] } },
{ "type": "Feature", "properties": { "type": "stream", "flow_acc_threshold_cells": 50 }, "geometry": { "type": "Polygon", "coordinates": [ [ [ -57.044722222205074, -25.636111111126706 ], [ -57.044722222205074, -25.637222222237817 ], [ -57.044444444427292, -25.637222222237817 ], [ -57.044444444427292, -25.636111111126706 ], [ -57.044722222205074, -25.636111111126706 ] ] ] } },
{ "type": "Feature", "properties": { "type": "stream", "flow_acc_threshold_cells": 50 }, "geometry": { "type": "Polygon", "coordinates": [ [ [ -57.024722222205071, -25.63666666668226 ], [ -57.024722222205071, -25.637222222237817 ], [ -57.024444444427289, -25.637222222237817 ], [ -57.024444444427289, -25.636944444460038 ], [ -57.024166666649514, -25.636944444460038 ], [ -57.024166666649514, -25.63666666668226 ], [ -57.024722222205071, -25.63666666668226 ] ] ] } },
{ "type": "Feature", "properties": { "type": "stream", "flow_acc_threshold_cells": 50 }, "geometry": { "type": "Polygon", "coordinates": [ [ [ -57.037499999982849, -25.636944444460038 ], [ -57.037499999982849, -25.637222222237817 ], [ -57.037222222205074, -25.637222222237817 ], [ -57.037222222205074, -25.636944444460038 ], [ -57.037499999982849, -25.636944444460038 ] ] ] } },
{ "type": "Feature", "properties": { "type": "stream", "flow_acc_threshold_cells": 50 }, "geometry": { "type": "Polygon", "coordinates": [ [ [ -57.031944444427289, -25.636944444460038 ], [ -57.031944444427289, -25.637222222237817 ], [ -57.031666666649514, -25.637222222237817 ], [ -57.031666666649514, -25.636944444460038 ], [ -57.031944444427289, -25.636944444460038 ] ] ] } },
{ "type": "Feature", "properties": { "type": "stream", "flow_acc_threshold_cells": 50 }, "geometry": { "type": "Polygon", "coordinates": [ [ [ -57.029722222205066, -25.63666666668226 ], [ -57.029722222205066, -25.637500000015596 ], [ -57.029444444427291, -25.637500000015596 ], [ -57.029444444427291, -25.63666666668226 ], [ -57.029722222205066, -25.63666666668226 ] ] ] } },
{ "type": "Feature", "properties": { "type": "stream", "flow_acc_threshold_cells": 50 }, "geometry": { "type": "Polygon", "coordinates": [ [ [ -57.043333333316184, -25.636944444460038 ], [ -57.043333333316184, -25.637500000015596 ], [ -57.043055555538402, -25.637500000015596 ], [ -57.043055555538402, -25.636944444460038 ], [ -57.043333333316184, -25.636944444460038 ] ] ] } },
{ "type": "Feature", "properties": { "type": "stream", "flow_acc_threshold_cells": 50 }, "geometry": { "type": "Polygon", "coordinates": [ [ [ -57.044444444427292, -25.637222222237817 ], [ -57.044444444427292, -25.637500000015596 ], [ -57.044166666649517, -25.637500000015596 ], [ -57.044166666649517, -25.637222222237817 ], [ -57.044444444427292, -25.637222222237817 ] ] ] } },
{ "type": "Feature", "properties": { "type": "stream", "flow_acc_threshold_cells": 50 }, "geometry": { "type": "Polygon", "coordinates": [ [ [ -57.037222222205074, -25.637222222237817 ], [ -57.037222222205074, -25.637500000015596 ], [ -57.036944444427292, -25.637500000015596 ], [ -57.036944444427292, -25.637222222237817 ], [ -57.037222222205074, -25.637222222237817 ] ] ] } },
{ "type": "Feature", "properties": { "type": "stream", "flow_acc_threshold_cells": 50 }, "geometry": { "type": "Polygon", "coordinates": [ [ [ -57.031666666649514, -25.637222222237817 ], [ -57.031666666649514, -25.637500000015596 ], [ -57.031388888871739, -25.637500000015596 ], [ -57.031388888871739, -25.637222222237817 ], [ -57.031666666649514, -25.637222222237817 ] ] ] } },
{ "type": "Feature", "properties": { "type": "stream", "flow_acc_threshold_cells": 50 }, "geometry": { "type": "Polygon", "coordinates": [ [ [ -57.024999999982846, -25.637222222237817 ], [ -57.024999999982846, -25.637500000015596 ], [ -57.024722222205071, -25.637500000015596 ], [ -57.024722222205071, -25.637222222237817 ], [ -57.024999999982846, -25.637222222237817 ] ] ] } },
{ "type": "Feature", "properties": { "type": "stream", "flow_acc_threshold_cells": 50 }, "geometry": { "type": "Polygon", "coordinates": [ [ [ -57.036666666649516, -25.636944444460038 ], [ -57.036666666649516, -25.637222222237817 ], [ -57.036388888871734, -25.637222222237817 ], [ -57.036388888871734, -25.637777777793371 ], [ -57.035833333316184, -25.637777777793371 ], [ -57.035833333316184, -25.637500000015596 ], [ -57.036111111093959, -25.637500000015596 ], [ -57.036111111093959, -25.636944444460038 ], [ -57.036666666649516, -25.636944444460038 ] ] ] } },
{ "type": "Feature", "properties": { "type": "stream", "flow_acc_threshold_cells": 50 }, "geometry": { "type": "Polygon", "coordinates": [ [ [ -57.036944444427292, -25.637500000015596 ], [ -57.036944444427292, -25.63805555557115 ], [ -57.036388888871734, -25.63805555557115 ], [ -57.036388888871734, -25.637777777793371 ], [ -57.036666666649516, -25.637777777793371 ], [ -57.036666666649516, -25.637500000015596 ], [ -57.036944444427292, -25.637500000015596 ] ] ] } },
{ "type": "Feature", "properties": { "type": "stream", "flow_acc_threshold_cells": 50 }, "geometry": { "type": "Polygon", "coordinates": [ [ [ -57.031388888871739, -25.637500000015596 ], [ -57.031388888871739, -25.63805555557115 ], [ -57.030833333316181, -25.63805555557115 ], [ -57.030833333316181, -25.637777777793371 ], [ -57.031111111093956, -25.637777777793371 ], [ -57.031111111093956, -25.637500000015596 ], [ -57.031388888871739, -25.637500000015596 ] ] ] } },
{ "type": "Feature", "properties": { "type": "stream", "flow_acc_threshold_cells": 50 }, "geometry": { "type": "Polygon", "coordinates": [ [ [ -57.025277777760621, -25.637500000015596 ], [ -57.025277777760621, -25.63805555557115 ], [ -57.024999999982846, -25.63805555557115 ], [ -57.024999999982846, -25.637500000015596 ], [ -57.025277777760621, -25.637500000015596 ] ] ] } },
{ "type": "Feature", "properties": { "type": "stream", "flow_acc_threshold_cells": 50 }, "geometry": { "type": "Polygon", "coordinates": [ [ [ -57.035833333316184, -25.637777777793371 ], [ -57.035833333316184, -25.63805555557115 ], [ -57.035555555538402, -25.63805555557115 ], [ -57.035555555538402, -25.637777777793371 ], [ -57.035833333316184, -25.637777777793371 ] ] ] } },
{ "type": "Feature", "properties": { "type": "stream", "flow_acc_threshold_cells": 50 }, "geometry": { "type": "Polygon", "coordinates": [ [ [ -57.028055555538401, -25.63666666668226 ], [ -57.028055555538401, -25.638333333348928 ], [ -57.027777777760626, -25.638333333348928 ], [ -57.027777777760626, -25.63666666668226 ], [ -57.028055555538401, -25.63666666668226 ] ] ] } },
{ "type": "Feature", "properties": { "type": "stream", "flow_acc_threshold_cells": 50 }, "geometry": { "type": "Polygon", "coordinates": [ [ [ -57.044722222205074, -25.637500000015596 ], [ -57.044722222205074, -25.638333333348928 ], [ -57.044444444427292, -25.638333333348928 ], [ -57.044444444427292, -25.637500000015596 ], [ -57.044722222205074, -25.637500000015596 ] ] ] } },
{ "type": "Feature", "properties": { "type": "stream", "flow_acc_threshold_cells": 50 }, "geometry": { "type": "Polygon", "coordinates": [ [ [ -57.043611111093959, -25.637500000015596 ], [ -57.043611111093959, -25.638333333348928 ], [ -57.043333333316184, -25.638333333348928 ], [ -57.043333333316184, -25.637500000015596 ], [ -57.043611111093959, -25.637500000015596 ] ] ] } },
{ "type": "Feature", "properties": { "type": "stream", "flow_acc_threshold_cells": 50 }, "geometry": { "type": "Polygon", "coordinates": [ [ [ -57.036388888871734, -25.63805555557115 ], [ -57.036388888871734, -25.638333333348928 ], [ -57.036111111093959, -25.638333333348928 ], [ -57.036111111093959, -25.63805555557115 ], [ -57.036388888871734, -25.63805555557115 ] ] ] } },
{ "type": "Feature", "properties": { "type": "stream", "flow_acc_threshold_cells": 50 }, "geometry": { "type": "Polygon", "coordinates": [ [ [ -57.035555555538402, -25.63805555557115 ], [ -57.035555555538402, -25.638333333348928 ], [ -57.035277777760626, -25.638333333348928 ], [ -57.035277777760626, -25.63805555557115 ], [ -57.035555555538402, -25.63805555557115 ] ] ] } },
{ "type": "Feature", "properties": { "type": "stream", "flow_acc_threshold_cells": 50 }, "geometry": { "type": "Polygon", "coordinates": [ [ [ -57.025555555538403, -25.63805555557115 ], [ -57.025555555538403, -25.638611111126707 ], [ -57.025277777760621, -25.638611111126707 ], [ -57.025277777760621, -25.63805555557115 ], [ -57.025555555538403, -25.63805555557115 ] ] ] } },
{ "type": "Feature", "properties": { "type": "stream", "flow_acc_threshold_cells": 50 }, "geometry": { "type": "Polygon", "coordinates": [ [ [ -57.022222222205066, -25.63805555557115 ], [ -57.022222222205066, -25.638611111126707 ], [ -57.021944444427291, -25.638611111126707 ], [ -57.021944444427291, -25.63805555557115 ], [ -57.022222222205066, -25.63805555557115 ] ] ] } },
{ "type": "Feature", "properties": { "type": "stream", "flow_acc_threshold_cells": 50 }, "geometry": { "type": "Polygon", "coordinates": [ [ [ -57.044999999982849, -25.638333333348928 ], [ -57.044999999982849, -25.638611111126707 ], [ -57.044722222205074, -25.638611111126707 ], [ -57.044722222205074, -25.638333333348928 ], [ -57.044999999982849, -25.638333333348928 ] ] ] } },
{ "type": "Feature", "properties": { "type": "stream", "flow_acc_threshold_cells": 50 }, "geometry": { "type": "Polygon", "coordinates": [ [ [ -57.035277777760626, -25.638333333348928 ], [ -57.035277777760626, -25.638611111126707 ], [ -57.034999999982851, -25.638611111126707 ], [ -57.034999999982851, -25.638333333348928 ], [ -57.035277777760626, -25.638333333348928 ] ] ] } },
{ "type": "Feature", "properties": { "type": "stream", "flow_acc_threshold_cells": 50 }, "geometry": { "type": "Polygon", "coordinates": [ [ [ -57.028333333316183, -25.638333333348928 ], [ -57.028333333316183, -25.638611111126707 ], [ -57.028055555538401, -25.638611111126707 ], [ -57.028055555538401, -25.638333333348928 ], [ -57.028333333316183, -25.638333333348928 ] ] ] } },
{ "type": "Feature", "properties": { "type": "stream", "flow_acc_threshold_cells": 50 }, "geometry": { "type": "Polygon", "coordinates": [ [ [ -57.029444444427291, -25.637500000015596 ], [ -57.029444444427291, -25.63805555557115 ], [ -57.030833333316181, -25.63805555557115 ], [ -57.030833333316181, -25.638888888904482 ], [ -57.030555555538406, -25.638888888904482 ], [ -57.030555555538406, -25.638611111126707 ], [ -57.030277777760624, -25.638611111126707 ], [ -57.030277777760624, -25.638333333348928 ], [ -57.029166666649516, -25.638333333348928 ], [ -57.029166666649516, -25.637500000015596 ], [ -57.029444444427291, -25.637500000015596 ] ] ] } },
{ "type": "Feature", "properties": { "type": "stream", "flow_acc_threshold_cells": 50 }, "geometry": { "type": "Polygon", "coordinates": [ [ [ -57.036111111093959, -25.638333333348928 ], [ -57.036111111093959, -25.638888888904482 ], [ -57.035277777760626, -25.638888888904482 ], [ -57.035277777760626, -25.638611111126707 ], [ -57.035833333316184, -25.638611111126707 ], [ -57.035833333316184, -25.638333333348928 ], [ -57.036111111093959, -25.638333333348928 ] ] ] } },
{ "type": "Feature", "properties": { "type": "stream", "flow_acc_threshold_cells": 50 }, "geometry": { "type": "Polygon", "coordinates": [ [ [ -57.034999999982851, -25.638611111126707 ], [ -57.034999999982851, -25.638888888904482 ], [ -57.034722222205069, -25.638888888904482 ], [ -57.034722222205069, -25.638611111126707 ], [ -57.034999999982851, -25.638611111126707 ] ] ] } },
{ "type": "Feature", "properties": { "type": "stream", "flow_acc_threshold_cells": 50 }, "geometry": { "type": "Polygon", "coordinates": [ [ [ -57.028611111093959, -25.638611111126707 ], [ -57.028611111093959, -25.638888888904482 ], [ -57.028333333316183, -25.638888888904482 ], [ -57.028333333316183, -25.638611111126707 ], [ -57.028611111093959, -25.638611111126707 ] ] ] } },
{ "type": "Feature", "properties": { "type": "stream", "flow_acc_threshold_cells": 50 }, "geometry": { "type": "Polygon", "coordinates": [ [ [ -57.023055555538399, -25.638611111126707 ], [ -57.023055555538399, -25.638888888904482 ], [ -57.022222222205066, -25.638888888904482 ], [ -57.022222222205066, -25.638611111126707 ], [ -57.023055555538399, -25.638611111126707 ] ] ] } },
{ "type": "Feature", "properties": { "type": "stream", "flow_acc_threshold_cells": 50 }, "geometry": { "type": "Polygon", "coordinates": [ [ [ -57.016944444427288, -25.638611111126707 ], [ -57.016944444427288, -25.638888888904482 ], [ -57.016666666649513, -25.638888888904482 ], [ -57.016666666649513, -25.638611111126707 ], [ -57.016944444427288, -25.638611111126707 ] ] ] } },
{ "type": "Feature", "properties": { "type": "stream", "flow_acc_threshold_cells": 50 }, "geometry": { "type": "Polygon", "coordinates": [ [ [ -57.034722222205069, -25.638888888904482 ], [ -57.034722222205069, -25.639166666682261 ], [ -57.034444444427294, -25.639166666682261 ], [ -57.034444444427294, -25.638888888904482 ], [ -57.034722222205069, -25.638888888904482 ] ] ] } },
{ "type": "Feature", "properties": { "type": "stream", "flow_acc_threshold_cells": 50 }, "geometry": { "type": "Polygon", "coordinates": [ [ [ -57.031111111093956, -25.638888888904482 ], [ -57.031111111093956, -25.639166666682261 ], [ -57.030833333316181, -25.639166666682261 ], [ -57.030833333316181, -25.638888888904482 ], [ -57.031111111093956, -25.638888888904482 ] ] ] } },
{ "type": "Feature", "properties": { "type": "stream", "flow_acc_threshold_cells": 50 }, "geometry": { "type": "Polygon", "coordinates": [ [ [ -57.028888888871734, -25.638888888904482 ], [ -57.028888888871734, -25.639166666682261 ], [ -57.028611111093959, -25.639166666682261 ], [ -57.028611111093959, -25.638888888904482 ], [ -57.028888888871734, -25.638888888904482 ] ] ] } },
{ "type": "Feature", "properties": { "type": "stream", "flow_acc_threshold_cells": 50 }, "geometry": { "type": "Polygon", "coordinates": [ [ [ -57.025833333316179, -25.638611111126707 ], [ -57.025833333316179, -25.638888888904482 ], [ -57.026388888871736, -25.638888888904482 ], [ -57.026388888871736, -25.639166666682261 ], [ -57.024722222205071, -25.639166666682261 ], [ -57.024722222205071, -25.638888888904482 ], [ -57.025555555538403, -25.638888888904482 ], [ -57.025555555538403, -25.638611111126707 ], [ -57.025833333316179, -25.638611111126707 ] ] ] } },
{ "type": "Feature", "properties": { "type": "stream", "flow_acc_threshold_cells": 50 }, "geometry": { "type": "Polygon", "coordinates": [ [ [ -57.023333333316181, -25.638888888904482 ], [ -57.023333333316181, -25.639166666682261 ], [ -57.023055555538399, -25.639166666682261 ], [ -57.023055555538399, -25.638888888904482 ], [ -57.023333333316181, -25.638888888904482 ] ] ] } },
{ "type": "Feature", "properties": { "type": "stream", "flow_acc_threshold_cells": 50 }, "geometry": { "type": "Polygon", "coordinates": [ [ [ -57.016666666649513, -25.638888888904482 ], [ -57.016666666649513, -25.639166666682261 ], [ -57.016388888871731, -25.639166666682261 ], [ -57.016388888871731, -25.638888888904482 ], [ -57.016666666649513, -25.638888888904482 ] ] ] } },
{ "type": "Feature", "properties": { "type": "stream", "flow_acc_threshold_cells": 50 }, "geometry": { "type": "Polygon", "coordinates": [ [ [ -57.044166666649517, -25.638333333348928 ], [ -57.044166666649517, -25.638611111126707 ], [ -57.044722222205074, -25.638611111126707 ], [ -57.044722222205074, -25.638888888904482 ], [ -57.044444444427292, -25.638888888904482 ], [ -57.044444444427292, -25.63944444446004 ], [ -57.044166666649517, -25.63944444446004 ], [ -57.044166666649517, -25.638888888904482 ], [ -57.043055555538402, -25.638888888904482 ], [ -57.043055555538402, -25.638611111126707 ], [ -57.043611111093959, -25.638611111126707 ], [ -57.043611111093959, -25.638333333348928 ], [ -57.044166666649517, -25.638333333348928 ] ] ] } },
{ "type": "Feature", "properties": { "type": "stream", "flow_acc_threshold_cells": 50 }, "geometry": { "type": "Polygon", "coordinates": [ [ [ -57.034444444427294, -25.639166666682261 ], [ -57.034444444427294, -25.63944444446004 ], [ -57.034166666649512, -25.63944444446004 ], [ -57.034166666649512, -25.639166666682261 ], [ -57.034444444427294, -25.639166666682261 ] ] ] } },
{ "type": "Feature", "properties": { "type": "stream", "flow_acc_threshold_cells": 50 }, "geometry": { "type": "Polygon", "coordinates": [ [ [ -57.031388888871739, -25.639166666682261 ], [ -57.031388888871739, -25.63944444446004 ], [ -57.031111111093956, -25.63944444446004 ], [ -57.031111111093956, -25.639166666682261 ], [ -57.031388888871739, -25.639166666682261 ] ] ] } },
{ "type": "Feature", "properties": { "type": "stream", "flow_acc_threshold_cells": 50 }, "geometry": { "type": "Polygon", "coordinates": [ [ [ -57.029166666649516, -25.639166666682261 ], [ -57.029166666649516, -25.63944444446004 ], [ -57.028888888871734, -25.63944444446004 ], [ -57.028888888871734, -25.639166666682261 ], [ -57.029166666649516, -25.639166666682261 ] ] ] } },
{ "type": "Feature", "properties": { "type": "stream", "flow_acc_threshold_cells": 50 }, "geometry": { "type": "Polygon", "coordinates": [ [ [ -57.026666666649511, -25.639166666682261 ], [ -57.026666666649511, -25.63944444446004 ], [ -57.026388888871736, -25.63944444446004 ], [ -57.026388888871736, -25.639166666682261 ], [ -57.026666666649511, -25.639166666682261 ] ] ] } },
{ "type": "Feature", "properties": { "type": "stream", "flow_acc_threshold_cells": 50 }, "geometry": { "type": "Polygon", "coordinates": [ [ [ -57.018333333316178, -25.639166666682261 ], [ -57.018333333316178, -25.63944444446004 ], [ -57.018055555538403, -25.63944444446004 ], [ -57.018055555538403, -25.639166666682261 ], [ -57.018333333316178, -25.639166666682261 ] ] ] } },
{ "type": "Feature", "properties": { "type": "stream", "flow_acc_threshold_cells": 50 }, "geometry": { "type": "Polygon", "coordinates": [ [ [ -57.016388888871731, -25.639166666682261 ], [ -57.016388888871731, -25.63944444446004 ], [ -57.016111111093956, -25.63944444446004 ], [ -57.016111111093956, -25.639166666682261 ], [ -57.016388888871731, -25.639166666682261 ] ] ] } },
{ "type": "Feature", "properties": { "type": "stream", "flow_acc_threshold_cells": 50 }, "geometry": { "type": "Polygon", "coordinates": [ [ [ -57.024722222205071, -25.639166666682261 ], [ -57.024722222205071, -25.63944444446004 ], [ -57.023611111093956, -25.63944444446004 ], [ -57.023611111093956, -25.639722222237818 ], [ -57.023055555538399, -25.639722222237818 ], [ -57.023055555538399, -25.63944444446004 ], [ -57.023333333316181, -25.63944444446004 ], [ -57.023333333316181, -25.639166666682261 ], [ -57.024722222205071, -25.639166666682261 ] ] ] } },
{ "type": "Feature", "properties": { "type": "stream", "flow_acc_threshold_cells": 50 }, "geometry": { "type": "Polygon", "coordinates": [ [ [ -57.044722222205074, -25.63944444446004 ], [ -57.044722222205074, -25.639722222237818 ], [ -57.044444444427292, -25.639722222237818 ], [ -57.044444444427292, -25.63944444446004 ], [ -57.044722222205074, -25.63944444446004 ] ] ] } },
{ "type": "Feature", "properties": { "type": "stream", "flow_acc_threshold_cells": 50 }, "geometry": { "type": "Polygon", "coordinates": [ [ [ -57.029722222205066, -25.63944444446004 ], [ -57.029722222205066, -25.639722222237818 ], [ -57.029166666649516, -25.639722222237818 ], [ -57.029166666649516, -25.63944444446004 ], [ -57.029722222205066, -25.63944444446004 ] ] ] } },
{ "type": "Feature", "properties": { "type": "stream", "flow_acc_threshold_cells": 50 }, "geometry": { "type": "Polygon", "coordinates": [ [ [ -57.027499999982844, -25.63944444446004 ], [ -57.027499999982844, -25.639722222237818 ], [ -57.026666666649511, -25.639722222237818 ], [ -57.026666666649511, -25.63944444446004 ], [ -57.027499999982844, -25.63944444446004 ] ] ] } },
{ "type": "Feature", "properties": { "type": "stream", "flow_acc_threshold_cells": 50 }, "geometry": { "type": "Polygon", "coordinates": [ [ [ -57.031666666649514, -25.63944444446004 ], [ -57.031666666649514, -25.640000000015593 ], [ -57.031388888871739, -25.640000000015593 ], [ -57.031388888871739, -25.63944444446004 ], [ -57.031666666649514, -25.63944444446004 ] ] ] } },
{ "type": "Feature", "properties": { "type": "stream", "flow_acc_threshold_cells": 50 }, "geometry": { "type": "Polygon", "coordinates": [ [ [ -57.018611111093954, -25.63944444446004 ], [ -57.018611111093954, -25.640000000015593 ], [ -57.018333333316178, -25.640000000015593 ], [ -57.018333333316178, -25.63944444446004 ], [ -57.018611111093954, -25.63944444446004 ] ] ] } },
{ "type": "Feature", "properties": { "type": "stream", "flow_acc_threshold_cells": 50 }, "geometry": { "type": "Polygon", "coordinates": [ [ [ -57.044999999982849, -25.639722222237818 ], [ -57.044999999982849, -25.640000000015593 ], [ -57.044722222205074, -25.640000000015593 ], [ -57.044722222205074, -25.639722222237818 ], [ -57.044999999982849, -25.639722222237818 ] ] ] } },
{ "type": "Feature", "properties": { "type": "stream", "flow_acc_threshold_cells": 50 }, "geometry": { "type": "Polygon", "coordinates": [ [ [ -57.029999999982849, -25.639722222237818 ], [ -57.029999999982849, -25.640000000015593 ], [ -57.029722222205066, -25.640000000015593 ], [ -57.029722222205066, -25.639722222237818 ], [ -57.029999999982849, -25.639722222237818 ] ] ] } },
{ "type": "Feature", "properties": { "type": "stream", "flow_acc_threshold_cells": 50 }, "geometry": { "type": "Polygon", "coordinates": [ [ [ -57.020555555538401, -25.639722222237818 ], [ -57.020555555538401, -25.640000000015593 ], [ -57.020277777760626, -25.640000000015593 ], [ -57.020277777760626, -25.639722222237818 ], [ -57.020555555538401, -25.639722222237818 ] ] ] } },
{ "type": "Feature", "properties": { "type": "stream", "flow_acc_threshold_cells": 50 }, "geometry": { "type": "Polygon", "coordinates": [ [ [ -57.023055555538399, -25.639722222237818 ], [ -57.023055555538399, -25.640277777793372 ], [ -57.022777777760624, -25.640277777793372 ], [ -57.022777777760624, -25.639722222237818 ], [ -57.023055555538399, -25.639722222237818 ] ] ] } },
{ "type": "Feature", "properties": { "type": "stream", "flow_acc_threshold_cells": 50 }, "geometry": { "type": "Polygon", "coordinates": [ [ [ -57.034166666649512, -25.63944444446004 ], [ -57.034166666649512, -25.640000000015593 ], [ -57.034444444427294, -25.640000000015593 ], [ -57.034444444427294, -25.640277777793372 ], [ -57.033888888871736, -25.640277777793372 ], [ -57.033888888871736, -25.63944444446004 ], [ -57.034166666649512, -25.63944444446004 ] ] ] } },
{ "type": "Feature", "properties": { "type": "stream", "flow_acc_threshold_cells": 50 }, "geometry": { "type": "Polygon", "coordinates": [ [ [ -57.031388888871739, -25.640000000015593 ], [ -57.031388888871739, -25.640277777793372 ], [ -57.031111111093956, -25.640277777793372 ], [ -57.031111111093956, -25.640000000015593 ], [ -57.031388888871739, -25.640000000015593 ] ] ] } },
{ "type": "Feature", "properties": { "type": "stream", "flow_acc_threshold_cells": 50 }, "geometry": { "type": "Polygon", "coordinates": [ [ [ -57.030277777760624, -25.640000000015593 ], [ -57.030277777760624, -25.640277777793372 ], [ -57.029999999982849, -25.640277777793372 ], [ -57.029999999982849, -25.640000000015593 ], [ -57.030277777760624, -25.640000000015593 ] ] ] } },
{ "type": "Feature", "properties": { "type": "stream", "flow_acc_threshold_cells": 50 }, "geometry": { "type": "Polygon", "coordinates": [ [ [ -57.020277777760626, -25.640000000015593 ], [ -57.020277777760626, -25.640277777793372 ], [ -57.019999999982844, -25.640277777793372 ], [ -57.019999999982844, -25.640000000015593 ], [ -57.020277777760626, -25.640000000015593 ] ] ] } },
{ "type": "Feature", "properties": { "type": "stream", "flow_acc_threshold_cells": 50 }, "geometry": { "type": "Polygon", "coordinates": [ [ [ -57.027777777760626, -25.639722222237818 ], [ -57.027777777760626, -25.640555555571151 ], [ -57.027499999982844, -25.640555555571151 ], [ -57.027499999982844, -25.639722222237818 ], [ -57.027777777760626, -25.639722222237818 ] ] ] } },
{ "type": "Feature", "properties": { "type": "stream", "flow_acc_threshold_cells": 50 }, "geometry": { "type": "Polygon", "coordinates": [ [ [ -57.040555555538404, -25.640277777793372 ], [ -57.040555555538404, -25.640555555571151 ], [ -57.040277777760629, -25.640555555571151 ], [ -57.040277777760629, -25.640277777793372 ], [ -57.040555555538404, -25.640277777793372 ] ] ] } },
{ "type": "Feature", "properties": { "type": "stream", "flow_acc_threshold_cells": 50 }, "geometry": { "type": "Polygon", "coordinates": [ [ [ -57.034722222205069, -25.640277777793372 ], [ -57.034722222205069, -25.640555555571151 ], [ -57.034444444427294, -25.640555555571151 ], [ -57.034444444427294, -25.640277777793372 ], [ -57.034722222205069, -25.640277777793372 ] ] ] } },
{ "type": "Feature", "properties": { "type": "stream", "flow_acc_threshold_cells": 50 }, "geometry": { "type": "Polygon", "coordinates": [ [ [ -57.033888888871736, -25.640277777793372 ], [ -57.033888888871736, -25.640555555571151 ], [ -57.033611111093961, -25.640555555571151 ], [ -57.033611111093961, -25.640277777793372 ], [ -57.033888888871736, -25.640277777793372 ] ] ] } },
{ "type": "Feature", "properties": { "type": "stream", "flow_acc_threshold_cells": 50 }, "geometry": { "type": "Polygon", "coordinates": [ [ [ -57.031666666649514, -25.640277777793372 ], [ -57.031666666649514, -25.640555555571151 ], [ -57.031388888871739, -25.640555555571151 ], [ -57.031388888871739, -25.640277777793372 ], [ -57.031666666649514, -25.640277777793372 ] ] ] } },
{ "type": "Feature", "properties": { "type": "stream", "flow_acc_threshold_cells": 50 }, "geometry": { "type": "Polygon", "coordinates": [ [ [ -57.030555555538406, -25.640277777793372 ], [ -57.030555555538406, -25.640555555571151 ], [ -57.030277777760624, -25.640555555571151 ], [ -57.030277777760624, -25.640277777793372 ], [ -57.030555555538406, -25.640277777793372 ] ] ] } },
{ "type": "Feature", "properties": { "type": "stream", "flow_acc_threshold_cells": 50 }, "geometry": { "type": "Polygon", "coordinates": [ [ [ -57.018888888871736, -25.640000000015593 ], [ -57.018888888871736, -25.64083333334893 ], [ -57.018611111093954, -25.64083333334893 ], [ -57.018611111093954, -25.640000000015593 ], [ -57.018888888871736, -25.640000000015593 ] ] ] } },
{ "type": "Feature", "properties": { "type": "stream", "flow_acc_threshold_cells": 50 }, "geometry": { "type": "Polygon", "coordinates": [ [ [ -57.040833333316179, -25.640555555571151 ], [ -57.040833333316179, -25.64083333334893 ], [ -57.040555555538404, -25.64083333334893 ], [ -57.040555555538404, -25.640555555571151 ], [ -57.040833333316179, -25.640555555571151 ] ] ] } },
{ "type": "Feature", "properties": { "type": "stream", "flow_acc_threshold_cells": 50 }, "geometry": { "type": "Polygon", "coordinates": [ [ [ -57.030277777760624, -25.640555555571151 ], [ -57.030277777760624, -25.64083333334893 ], [ -57.029999999982849, -25.64083333334893 ], [ -57.029999999982849, -25.640555555571151 ], [ -57.030277777760624, -25.640555555571151 ] ] ] } },
{ "type": "Feature", "properties": { "type": "stream", "flow_acc_threshold_cells": 50 }, "geometry": { "type": "Polygon", "coordinates": [ [ [ -57.016111111093956, -25.63944444446004 ], [ -57.016111111093956, -25.641111111126705 ], [ -57.015833333316181, -25.641111111126705 ], [ -57.015833333316181, -25.63944444446004 ], [ -57.016111111093956, -25.63944444446004 ] ] ] } },
{ "type": "Feature", "properties": { "type": "stream", "flow_acc_threshold_cells": 50 }, "geometry": { "type": "Polygon", "coordinates": [ [ [ -57.033611111093961, -25.640555555571151 ], [ -57.033611111093961, -25.641388888904483 ], [ -57.033333333316179, -25.641388888904483 ], [ -57.033333333316179, -25.640555555571151 ], [ -57.033611111093961, -25.640555555571151 ] ] ] } },
{ "type": "Feature", "properties": { "type": "stream", "flow_acc_threshold_cells": 50 }, "geometry": { "type": "Polygon", "coordinates": [ [ [ -57.041111111093961, -25.64083333334893 ], [ -57.041111111093961, -25.641388888904483 ], [ -57.040833333316179, -25.641388888904483 ], [ -57.040833333316179, -25.64083333334893 ], [ -57.041111111093961, -25.64083333334893 ] ] ] } },
{ "type": "Feature", "properties": { "type": "stream", "flow_acc_threshold_cells": 50 }, "geometry": { "type": "Polygon", "coordinates": [ [ [ -57.030555555538406, -25.64083333334893 ], [ -57.030555555538406, -25.641388888904483 ], [ -57.030277777760624, -25.641388888904483 ], [ -57.030277777760624, -25.64083333334893 ], [ -57.030555555538406, -25.64083333334893 ] ] ] } },
{ "type": "Feature", "properties": { "type": "stream", "flow_acc_threshold_cells": 50 }, "geometry": { "type": "Polygon", "coordinates": [ [ [ -57.015833333316181, -25.641111111126705 ], [ -57.015833333316181, -25.641388888904483 ], [ -57.015555555538398, -25.641388888904483 ], [ -57.015555555538398, -25.641111111126705 ], [ -57.015833333316181, -25.641111111126705 ] ] ] } },
{ "type": "Feature", "properties": { "type": "stream", "flow_acc_threshold_cells": 50 }, "geometry": { "type": "Polygon", "coordinates": [ [ [ -57.019999999982844, -25.640277777793372 ], [ -57.019999999982844, -25.641666666682262 ], [ -57.019722222205068, -25.641666666682262 ], [ -57.019722222205068, -25.640277777793372 ], [ -57.019999999982844, -25.640277777793372 ] ] ] } },
{ "type": "Feature", "properties": { "type": "stream", "flow_acc_threshold_cells": 50 }, "geometry": { "type": "Polygon", "coordinates": [ [ [ -57.031944444427289, -25.640555555571151 ], [ -57.031944444427289, -25.641666666682262 ], [ -57.031666666649514, -25.641666666682262 ], [ -57.031666666649514, -25.640555555571151 ], [ -57.031944444427289, -25.640555555571151 ] ] ] } },
{ "type": "Feature", "properties": { "type": "stream", "flow_acc_threshold_cells": 50 }, "geometry": { "type": "Polygon", "coordinates": [ [ [ -57.018611111093954, -25.64083333334893 ], [ -57.018611111093954, -25.641666666682262 ], [ -57.018333333316178, -25.641666666682262 ], [ -57.018333333316178, -25.64083333334893 ], [ -57.018611111093954, -25.64083333334893 ] ] ] } },
{ "type": "Feature", "properties": { "type": "stream", "flow_acc_threshold_cells": 50 }, "geometry": { "type": "Polygon", "coordinates": [ [ [ -57.033333333316179, -25.641388888904483 ], [ -57.033333333316179, -25.641666666682262 ], [ -57.032777777760629, -25.641666666682262 ], [ -57.032777777760629, -25.641388888904483 ], [ -57.033333333316179, -25.641388888904483 ] ] ] } },
{ "type": "Feature", "properties": { "type": "stream", "flow_acc_threshold_cells": 50 }, "geometry": { "type": "Polygon", "coordinates": [ [ [ -57.015555555538398, -25.641388888904483 ], [ -57.015555555538398, -25.641666666682262 ], [ -57.015277777760623, -25.641666666682262 ], [ -57.015277777760623, -25.641388888904483 ], [ -57.015555555538398, -25.641388888904483 ] ] ] } },
{ "type": "Feature", "properties": { "type": "stream", "flow_acc_threshold_cells": 50 }, "geometry": { "type": "Polygon", "coordinates": [ [ [ -57.027499999982844, -25.640555555571151 ], [ -57.027499999982844, -25.641944444460041 ], [ -57.027222222205069, -25.641944444460041 ], [ -57.027222222205069, -25.640555555571151 ], [ -57.027499999982844, -25.640555555571151 ] ] ] } },
{ "type": "Feature", "properties": { "type": "stream", "flow_acc_threshold_cells": 50 }, "geometry": { "type": "Polygon", "coordinates": [ [ [ -57.040833333316179, -25.641388888904483 ], [ -57.040833333316179, -25.641944444460041 ], [ -57.040555555538404, -25.641944444460041 ], [ -57.040555555538404, -25.641388888904483 ], [ -57.040833333316179, -25.641388888904483 ] ] ] } },
{ "type": "Feature", "properties": { "type": "stream", "flow_acc_threshold_cells": 50 }, "geometry": { "type": "Polygon", "coordinates": [ [ [ -57.039444444427296, -25.641666666682262 ], [ -57.039444444427296, -25.641944444460041 ], [ -57.039166666649514, -25.641944444460041 ], [ -57.039166666649514, -25.641666666682262 ], [ -57.039444444427296, -25.641666666682262 ] ] ] } },
{ "type": "Feature", "properties": { "type": "stream", "flow_acc_threshold_cells": 50 }, "geometry": { "type": "Polygon", "coordinates": [ [ [ -57.032777777760629, -25.641666666682262 ], [ -57.032777777760629, -25.641944444460041 ], [ -57.032499999982846, -25.641944444460041 ], [ -57.032499999982846, -25.641666666682262 ], [ -57.032777777760629, -25.641666666682262 ] ] ] } },
{ "type": "Feature", "properties": { "type": "stream", "flow_acc_threshold_cells": 50 }, "geometry": { "type": "Polygon", "coordinates": [ [ [ -57.031666666649514, -25.641666666682262 ], [ -57.031666666649514, -25.641944444460041 ], [ -57.031388888871739, -25.641944444460041 ], [ -57.031388888871739, -25.641666666682262 ], [ -57.031666666649514, -25.641666666682262 ] ] ] } },
{ "type": "Feature", "properties": { "type": "stream", "flow_acc_threshold_cells": 50 }, "geometry": { "type": "Polygon", "coordinates": [ [ [ -57.018888888871736, -25.641666666682262 ], [ -57.018888888871736, -25.641944444460041 ], [ -57.018611111093954, -25.641944444460041 ], [ -57.018611111093954, -25.641666666682262 ], [ -57.018888888871736, -25.641666666682262 ] ] ] } },
{ "type": "Feature", "properties": { "type": "stream", "flow_acc_threshold_cells": 50 }, "geometry": { "type": "Polygon", "coordinates": [ [ [ -57.015277777760623, -25.641666666682262 ], [ -57.015277777760623, -25.641944444460041 ], [ -57.014999999982848, -25.641944444460041 ], [ -57.014999999982848, -25.641666666682262 ], [ -57.015277777760623, -25.641666666682262 ] ] ] } },
{ "type": "Feature", "properties": { "type": "stream", "flow_acc_threshold_cells": 50 }, "geometry": { "type": "Polygon", "coordinates": [ [ [ -57.040555555538404, -25.641944444460041 ], [ -57.040555555538404, -25.642222222237816 ], [ -57.040277777760629, -25.642222222237816 ], [ -57.040277777760629, -25.641944444460041 ], [ -57.040555555538404, -25.641944444460041 ] ] ] } },
{ "type": "Feature", "properties": { "type": "stream", "flow_acc_threshold_cells": 50 }, "geometry": { "type": "Polygon", "coordinates": [ [ [ -57.039722222205071, -25.641944444460041 ], [ -57.039722222205071, -25.642222222237816 ], [ -57.039444444427296, -25.642222222237816 ], [ -57.039444444427296, -25.641944444460041 ], [ -57.039722222205071, -25.641944444460041 ] ] ] } },
{ "type": "Feature", "properties": { "type": "stream", "flow_acc_threshold_cells": 50 }, "geometry": { "type": "Polygon", "coordinates": [ [ [ -57.032499999982846, -25.641944444460041 ], [ -57.032499999982846, -25.642222222237816 ], [ -57.032222222205071, -25.642222222237816 ], [ -57.032222222205071, -25.641944444460041 ], [ -57.032499999982846, -25.641944444460041 ] ] ] } },
{ "type": "Feature", "properties": { "type": "stream", "flow_acc_threshold_cells": 50 }, "geometry": { "type": "Polygon", "coordinates": [ [ [ -57.027777777760626, -25.641944444460041 ], [ -57.027777777760626, -25.642222222237816 ], [ -57.027499999982844, -25.642222222237816 ], [ -57.027499999982844, -25.641944444460041 ], [ -57.027777777760626, -25.641944444460041 ] ] ] } },
{ "type": "Feature", "properties": { "type": "stream", "flow_acc_threshold_cells": 50 }, "geometry": { "type": "Polygon", "coordinates": [ [ [ -57.019166666649511, -25.641944444460041 ], [ -57.019166666649511, -25.642222222237816 ], [ -57.018888888871736, -25.642222222237816 ], [ -57.018888888871736, -25.641944444460041 ], [ -57.019166666649511, -25.641944444460041 ] ] ] } },
{ "type": "Feature", "properties": { "type": "stream", "flow_acc_threshold_cells": 50 }, "geometry": { "type": "Polygon", "coordinates": [ [ [ -57.017222222205071, -25.641944444460041 ], [ -57.017222222205071, -25.642222222237816 ], [ -57.016944444427288, -25.642222222237816 ], [ -57.016944444427288, -25.641944444460041 ], [ -57.017222222205071, -25.641944444460041 ] ] ] } },
{ "type": "Feature", "properties": { "type": "stream", "flow_acc_threshold_cells": 50 }, "geometry": { "type": "Polygon", "coordinates": [ [ [ -57.030833333316181, -25.641388888904483 ], [ -57.030833333316181, -25.641944444460041 ], [ -57.031388888871739, -25.641944444460041 ], [ -57.031388888871739, -25.642222222237816 ], [ -57.030833333316181, -25.642222222237816 ], [ -57.030833333316181, -25.642500000015595 ], [ -57.030555555538406, -25.642500000015595 ], [ -57.030555555538406, -25.641388888904483 ], [ -57.030833333316181, -25.641388888904483 ] ] ] } },
{ "type": "Feature", "properties": { "type": "stream", "flow_acc_threshold_cells": 50 }, "geometry": { "type": "Polygon", "coordinates": [ [ [ -57.032222222205071, -25.642222222237816 ], [ -57.032222222205071, -25.642500000015595 ], [ -57.031944444427289, -25.642500000015595 ], [ -57.031944444427289, -25.642222222237816 ], [ -57.032222222205071, -25.642222222237816 ] ] ] } },
{ "type": "Feature", "properties": { "type": "stream", "flow_acc_threshold_cells": 50 }, "geometry": { "type": "Polygon", "coordinates": [ [ [ -57.019444444427293, -25.642222222237816 ], [ -57.019444444427293, -25.642500000015595 ], [ -57.019166666649511, -25.642500000015595 ], [ -57.019166666649511, -25.642222222237816 ], [ -57.019444444427293, -25.642222222237816 ] ] ] } },
{ "type": "Feature", "properties": { "type": "stream", "flow_acc_threshold_cells": 50 }, "geometry": { "type": "Polygon", "coordinates": [ [ [ -57.020277777760626, -25.641666666682262 ], [ -57.020277777760626, -25.642777777793373 ], [ -57.019999999982844, -25.642777777793373 ], [ -57.019999999982844, -25.641666666682262 ], [ -57.020277777760626, -25.641666666682262 ] ] ] } },
{ "type": "Feature", "properties": { "type": "stream", "flow_acc_threshold_cells": 50 }, "geometry": { "type": "Polygon", "coordinates": [ [ [ -57.028055555538401, -25.642222222237816 ], [ -57.028055555538401, -25.642777777793373 ], [ -57.027777777760626, -25.642777777793373 ], [ -57.027777777760626, -25.642222222237816 ], [ -57.028055555538401, -25.642222222237816 ] ] ] } },
{ "type": "Feature", "properties": { "type": "stream", "flow_acc_threshold_cells": 50 }, "geometry": { "type": "Polygon", "coordinates": [ [ [ -57.016944444427288, -25.642222222237816 ], [ -57.016944444427288, -25.642777777793373 ], [ -57.016666666649513, -25.642777777793373 ], [ -57.016666666649513, -25.642222222237816 ], [ -57.016944444427288, -25.642222222237816 ] ] ] } },
{ "type": "Feature", "properties": { "type": "stream", "flow_acc_threshold_cells": 50 }, "geometry": { "type": "Polygon", "coordinates": [ [ [ -57.019722222205068, -25.642500000015595 ], [ -57.019722222205068, -25.642777777793373 ], [ -57.019444444427293, -25.642777777793373 ], [ -57.019444444427293, -25.642500000015595 ], [ -57.019722222205068, -25.642500000015595 ] ] ] } },
{ "type": "Feature", "properties": { "type": "stream", "flow_acc_threshold_cells": 50 }, "geometry": { "type": "Polygon", "coordinates": [ [ [ -57.040277777760629, -25.642222222237816 ], [ -57.040277777760629, -25.643055555571152 ], [ -57.039999999982847, -25.643055555571152 ], [ -57.039999999982847, -25.642500000015595 ], [ -57.039722222205071, -25.642500000015595 ], [ -57.039722222205071, -25.642222222237816 ], [ -57.040277777760629, -25.642222222237816 ] ] ] } },
{ "type": "Feature", "properties": { "type": "stream", "flow_acc_threshold_cells": 50 }, "geometry": { "type": "Polygon", "coordinates": [ [ [ -57.031944444427289, -25.642500000015595 ], [ -57.031944444427289, -25.643055555571152 ], [ -57.031666666649514, -25.643055555571152 ], [ -57.031666666649514, -25.642500000015595 ], [ -57.031944444427289, -25.642500000015595 ] ] ] } },
{ "type": "Feature", "properties": { "type": "stream", "flow_acc_threshold_cells": 50 }, "geometry": { "type": "Polygon", "coordinates": [ [ [ -57.026111111093961, -25.642500000015595 ], [ -57.026111111093961, -25.643055555571152 ], [ -57.025833333316179, -25.643055555571152 ], [ -57.025833333316179, -25.642500000015595 ], [ -57.026111111093961, -25.642500000015595 ] ] ] } },
{ "type": "Feature", "properties": { "type": "stream", "flow_acc_threshold_cells": 50 }, "geometry": { "type": "Polygon", "coordinates": [ [ [ -57.027777777760626, -25.642777777793373 ], [ -57.027777777760626, -25.643055555571152 ], [ -57.026388888871736, -25.643055555571152 ], [ -57.026388888871736, -25.642777777793373 ], [ -57.027777777760626, -25.642777777793373 ] ] ] } },
{ "type": "Feature", "properties": { "type": "stream", "flow_acc_threshold_cells": 50 }, "geometry": { "type": "Polygon", "coordinates": [ [ [ -57.016666666649513, -25.642777777793373 ], [ -57.016666666649513, -25.643055555571152 ], [ -57.016388888871731, -25.643055555571152 ], [ -57.016388888871731, -25.642777777793373 ], [ -57.016666666649513, -25.642777777793373 ] ] ] } },
{ "type": "Feature", "properties": { "type": "stream", "flow_acc_threshold_cells": 50 }, "geometry": { "type": "Polygon", "coordinates": [ [ [ -57.019999999982844, -25.642777777793373 ], [ -57.019999999982844, -25.643333333348927 ], [ -57.019722222205068, -25.643333333348927 ], [ -57.019722222205068, -25.642777777793373 ], [ -57.019999999982844, -25.642777777793373 ] ] ] } },
{ "type": "Feature", "properties": { "type": "stream", "flow_acc_threshold_cells": 50 }, "geometry": { "type": "Polygon", "coordinates": [ [ [ -57.040555555538404, -25.643055555571152 ], [ -57.040555555538404, -25.643333333348927 ], [ -57.040277777760629, -25.643333333348927 ], [ -57.040277777760629, -25.643055555571152 ], [ -57.040555555538404, -25.643055555571152 ] ] ] } },
{ "type": "Feature", "properties": { "type": "stream", "flow_acc_threshold_cells": 50 }, "geometry": { "type": "Polygon", "coordinates": [ [ [ -57.028333333316183, -25.642777777793373 ], [ -57.028333333316183, -25.643055555571152 ], [ -57.028611111093959, -25.643055555571152 ], [ -57.028611111093959, -25.643333333348927 ], [ -57.028055555538401, -25.643333333348927 ], [ -57.028055555538401, -25.642777777793373 ], [ -57.028333333316183, -25.642777777793373 ] ] ] } },
{ "type": "Feature", "properties": { "type": "stream", "flow_acc_threshold_cells": 50 }, "geometry": { "type": "Polygon", "coordinates": [ [ [ -57.026388888871736, -25.643055555571152 ], [ -57.026388888871736, -25.643333333348927 ], [ -57.026111111093961, -25.643333333348927 ], [ -57.026111111093961, -25.643055555571152 ], [ -57.026388888871736, -25.643055555571152 ] ] ] } },
{ "type": "Feature", "properties": { "type": "stream", "flow_acc_threshold_cells": 50 }, "geometry": { "type": "Polygon", "coordinates": [ [ [ -57.016388888871731, -25.643055555571152 ], [ -57.016388888871731, -25.643333333348927 ], [ -57.016111111093956, -25.643333333348927 ], [ -57.016111111093956, -25.643055555571152 ], [ -57.016388888871731, -25.643055555571152 ] ] ] } },
{ "type": "Feature", "properties": { "type": "stream", "flow_acc_threshold_cells": 50 }, "geometry": { "type": "Polygon", "coordinates": [ [ [ -57.039166666649514, -25.643333333348927 ], [ -57.039166666649514, -25.643611111126706 ], [ -57.038611111093957, -25.643611111126706 ], [ -57.038611111093957, -25.643333333348927 ], [ -57.039166666649514, -25.643333333348927 ] ] ] } },
{ "type": "Feature", "properties": { "type": "stream", "flow_acc_threshold_cells": 50 }, "geometry": { "type": "Polygon", "coordinates": [ [ [ -57.016111111093956, -25.643333333348927 ], [ -57.016111111093956, -25.643611111126706 ], [ -57.014999999982848, -25.643611111126706 ], [ -57.014999999982848, -25.643333333348927 ], [ -57.016111111093956, -25.643333333348927 ] ] ] } },
{ "type": "Feature", "properties": { "type": "stream", "flow_acc_threshold_cells": 50 }, "geometry": { "type": "Polygon", "coordinates": [ [ [ -57.031666666649514, -25.643055555571152 ], [ -57.031666666649514, -25.643888888904485 ], [ -57.031388888871739, -25.643888888904485 ], [ -57.031388888871739, -25.643055555571152 ], [ -57.031666666649514, -25.643055555571152 ] ] ] } },
{ "type": "Feature", "properties": { "type": "stream", "flow_acc_threshold_cells": 50 }, "geometry": { "type": "Polygon", "coordinates": [ [ [ -57.028888888871734, -25.643333333348927 ], [ -57.028888888871734, -25.643888888904485 ], [ -57.028611111093959, -25.643888888904485 ], [ -57.028611111093959, -25.643333333348927 ], [ -57.028888888871734, -25.643333333348927 ] ] ] } },
{ "type": "Feature", "properties": { "type": "stream", "flow_acc_threshold_cells": 50 }, "geometry": { "type": "Polygon", "coordinates": [ [ [ -57.030555555538406, -25.642500000015595 ], [ -57.030555555538406, -25.644166666682263 ], [ -57.030277777760624, -25.644166666682263 ], [ -57.030277777760624, -25.642500000015595 ], [ -57.030555555538406, -25.642500000015595 ] ] ] } },
{ "type": "Feature", "properties": { "type": "stream", "flow_acc_threshold_cells": 50 }, "geometry": { "type": "Polygon", "coordinates": [ [ [ -57.020277777760626, -25.643333333348927 ], [ -57.020277777760626, -25.644166666682263 ], [ -57.019999999982844, -25.644166666682263 ], [ -57.019999999982844, -25.643333333348927 ], [ -57.020277777760626, -25.643333333348927 ] ] ] } },
{ "type": "Feature", "properties": { "type": "stream", "flow_acc_threshold_cells": 50 }, "geometry": { "type": "Polygon", "coordinates": [ [ [ -57.040833333316179, -25.643333333348927 ], [ -57.040833333316179, -25.643888888904485 ], [ -57.041111111093961, -25.643888888904485 ], [ -57.041111111093961, -25.644166666682263 ], [ -57.040555555538404, -25.644166666682263 ], [ -57.040555555538404, -25.643333333348927 ], [ -57.040833333316179, -25.643333333348927 ] ] ] } },
{ "type": "Feature", "properties": { "type": "stream", "flow_acc_threshold_cells": 50 }, "geometry": { "type": "Polygon", "coordinates": [ [ [ -57.031944444427289, -25.643888888904485 ], [ -57.031944444427289, -25.644166666682263 ], [ -57.031666666649514, -25.644166666682263 ], [ -57.031666666649514, -25.643888888904485 ], [ -57.031944444427289, -25.643888888904485 ] ] ] } },
{ "type": "Feature", "properties": { "type": "stream", "flow_acc_threshold_cells": 50 }, "geometry": { "type": "Polygon", "coordinates": [ [ [ -57.029444444427291, -25.643888888904485 ], [ -57.029444444427291, -25.644166666682263 ], [ -57.028888888871734, -25.644166666682263 ], [ -57.028888888871734, -25.643888888904485 ], [ -57.029444444427291, -25.643888888904485 ] ] ] } },
{ "type": "Feature", "properties": { "type": "stream", "flow_acc_threshold_cells": 50 }, "geometry": { "type": "Polygon", "coordinates": [ [ [ -57.042777777760627, -25.644166666682263 ], [ -57.042777777760627, -25.644444444460039 ], [ -57.042499999982851, -25.644444444460039 ], [ -57.042499999982851, -25.644166666682263 ], [ -57.042777777760627, -25.644166666682263 ] ] ] } },
{ "type": "Feature", "properties": { "type": "stream", "flow_acc_threshold_cells": 50 }, "geometry": { "type": "Polygon", "coordinates": [ [ [ -57.041388888871737, -25.644166666682263 ], [ -57.041388888871737, -25.644444444460039 ], [ -57.041111111093961, -25.644444444460039 ], [ -57.041111111093961, -25.644166666682263 ], [ -57.041388888871737, -25.644166666682263 ] ] ] } },
{ "type": "Feature", "properties": { "type": "stream", "flow_acc_threshold_cells": 50 }, "geometry": { "type": "Polygon", "coordinates": [ [ [ -57.039444444427296, -25.643611111126706 ], [ -57.039444444427296, -25.644166666682263 ], [ -57.040277777760629, -25.644166666682263 ], [ -57.040277777760629, -25.644444444460039 ], [ -57.039166666649514, -25.644444444460039 ], [ -57.039166666649514, -25.643611111126706 ], [ -57.039444444427296, -25.643611111126706 ] ] ] } },
{ "type": "Feature", "properties": { "type": "stream", "flow_acc_threshold_cells": 50 }, "geometry": { "type": "Polygon", "coordinates": [ [ [ -57.029722222205066, -25.644166666682263 ], [ -57.029722222205066, -25.644444444460039 ], [ -57.029444444427291, -25.644444444460039 ], [ -57.029444444427291, -25.644166666682263 ], [ -57.029722222205066, -25.644166666682263 ] ] ] } },
{ "type": "Feature", "properties": { "type": "stream", "flow_acc_threshold_cells": 50 }, "geometry": { "type": "Polygon", "coordinates": [ [ [ -57.032222222205071, -25.644166666682263 ], [ -57.032222222205071, -25.644722222237817 ], [ -57.031944444427289, -25.644722222237817 ], [ -57.031944444427289, -25.644166666682263 ], [ -57.032222222205071, -25.644166666682263 ] ] ] } },
{ "type": "Feature", "properties": { "type": "stream", "flow_acc_threshold_cells": 50 }, "geometry": { "type": "Polygon", "coordinates": [ [ [ -57.043055555538402, -25.644444444460039 ], [ -57.043055555538402, -25.644722222237817 ], [ -57.042777777760627, -25.644722222237817 ], [ -57.042777777760627, -25.644444444460039 ], [ -57.043055555538402, -25.644444444460039 ] ] ] } },
{ "type": "Feature", "properties": { "type": "stream", "flow_acc_threshold_cells": 50 }, "geometry": { "type": "Polygon", "coordinates": [ [ [ -57.040555555538404, -25.644444444460039 ], [ -57.040555555538404, -25.644722222237817 ], [ -57.040277777760629, -25.644722222237817 ], [ -57.040277777760629, -25.644444444460039 ], [ -57.040555555538404, -25.644444444460039 ] ] ] } },
{ "type": "Feature", "properties": { "type": "stream", "flow_acc_threshold_cells": 50 }, "geometry": { "type": "Polygon", "coordinates": [ [ [ -57.030277777760624, -25.644166666682263 ], [ -57.030277777760624, -25.645000000015596 ], [ -57.029999999982849, -25.645000000015596 ], [ -57.029999999982849, -25.644722222237817 ], [ -57.029722222205066, -25.644722222237817 ], [ -57.029722222205066, -25.644444444460039 ], [ -57.029999999982849, -25.644444444460039 ], [ -57.029999999982849, -25.644166666682263 ], [ -57.030277777760624, -25.644166666682263 ] ] ] } },
{ "type": "Feature", "properties": { "type": "stream", "flow_acc_threshold_cells": 50 }, "geometry": { "type": "Polygon", "coordinates": [ [ [ -57.019999999982844, -25.644166666682263 ], [ -57.019999999982844, -25.645000000015596 ], [ -57.019722222205068, -25.645000000015596 ], [ -57.019722222205068, -25.644166666682263 ], [ -57.019999999982844, -25.644166666682263 ] ] ] } },
{ "type": "Feature", "properties": { "type": "stream", "flow_acc_threshold_cells": 50 }, "geometry": { "type": "Polygon", "coordinates": [ [ [ -57.041666666649519, -25.644444444460039 ], [ -57.041666666649519, -25.645000000015596 ], [ -57.041388888871737, -25.645000000015596 ], [ -57.041388888871737, -25.644444444460039 ], [ -57.041666666649519, -25.644444444460039 ] ] ] } },
{ "type": "Feature", "properties": { "type": "stream", "flow_acc_threshold_cells": 50 }, "geometry": { "type": "Polygon", "coordinates": [ [ [ -57.021666666649516, -25.644444444460039 ], [ -57.021666666649516, -25.645000000015596 ], [ -57.021388888871734, -25.645000000015596 ], [ -57.021388888871734, -25.644444444460039 ], [ -57.021666666649516, -25.644444444460039 ] ] ] } },
{ "type": "Feature", "properties": { "type": "stream", "flow_acc_threshold_cells": 50 }, "geometry": { "type": "Polygon", "coordinates": [ [ [ -57.043333333316184, -25.644722222237817 ], [ -57.043333333316184, -25.645000000015596 ], [ -57.043055555538402, -25.645000000015596 ], [ -57.043055555538402, -25.644722222237817 ], [ -57.043333333316184, -25.644722222237817 ] ] ] } },
{ "type": "Feature", "properties": { "type": "stream", "flow_acc_threshold_cells": 50 }, "geometry": { "type": "Polygon", "coordinates": [ [ [ -57.040833333316179, -25.644722222237817 ], [ -57.040833333316179, -25.645000000015596 ], [ -57.040555555538404, -25.645000000015596 ], [ -57.040555555538404, -25.644722222237817 ], [ -57.040833333316179, -25.644722222237817 ] ] ] } },
{ "type": "Feature", "properties": { "type": "stream", "flow_acc_threshold_cells": 50 }, "geometry": { "type": "Polygon", "coordinates": [ [ [ -57.032499999982846, -25.644722222237817 ], [ -57.032499999982846, -25.645000000015596 ], [ -57.032222222205071, -25.645000000015596 ], [ -57.032222222205071, -25.644722222237817 ], [ -57.032499999982846, -25.644722222237817 ] ] ] } }
]
}
