{"type":"FeatureCollection","name":"lqv_20km_waterways","crs":{"type":"name","properties":{"name":"urn:ogc:def:crs:OGC:1.3:CRS84"}},"metadata":{"source":"OpenStreetMap via Overpass API","centroid_lon":-57.035502,"centroid_lat":-25.607336,"bbox":[-25.697136,-57.135102,-25.517536,-56.935902],"radius_km":20,"category":"waterways","feature_count":187,"element_count":187,"pulled_at":"2026-07-05T19:14:08Z"},"features":[{"type":"Feature","geometry":{"type":"LineString","coordinates":[[-57.0605491,-25.5201458],[-57.0604663,-25.5200549],[-57.0604447,-25.5199737],[-57.0603116,-25.5199412],[-57.0602144,-25.5199315],[-57.0600273,-25.5198892],[-57.0599445,-25.5198503],[-57.0598689,-25.5197463],[-57.0598617,-25.5196522],[-57.0598365,-25.5195905],[-57.0597862,-25.5195515],[-57.059707,-25.519584],[-57.0596494,-25.5196554],[-57.0595739,-25.5197074],[-57.0594947,-25.5197334],[-57.0593903,-25.5197106],[-57.0593543,-25.5196489],[-57.0593184,-25.5195547],[-57.0593184,-25.519493],[-57.0593723,-25.5194086],[-57.0593687,-25.5193567],[-57.0593399,-25.5193404],[-57.0592752,-25.5193209],[-57.059196,-25.5193437],[-57.0591214,-25.5194153],[-57.0590579,-25.5194414],[-57.059006,-25.5194831],[-57.0589194,-25.5194987],[-57.0588501,-25.5194726],[-57.0587462,-25.5195404],[-57.0587,-25.5196289],[-57.058648,-25.5196967],[-57.0585787,-25.5197488],[-57.0585152,-25.5197748],[-57.0584459,-25.5197852],[-57.0583305,-25.5198009],[-57.0582554,-25.5198113],[-57.0581573,-25.5198217],[-57.0580476,-25.5198373],[-57.0579783,-25.5198842],[-57.0579899,-25.5199468],[-57.0580245,-25.5200093],[-57.0580303,-25.5200979],[-57.0579552,-25.5201395],[-57.0578686,-25.5201291],[-57.0577474,-25.5200666],[-57.0577416,-25.5200041],[-57.0577705,-25.5199363],[-57.0577878,-25.5198738],[-57.0577762,-25.5198061],[-57.0577012,-25.5197748],[-57.0576319,-25.5197852],[-57.0575742,-25.5198321],[-57.0574702,-25.5199207],[-57.057401,-25.519952],[-57.0573086,-25.5199832],[-57.0571816,-25.5200197],[-57.0570372,-25.5200353],[-57.0569218,-25.5200145],[-57.0567717,-25.5198373],[-57.056558,-25.5197071],[-57.0560749,-25.5197071],[-57.0554957,-25.5197071],[-57.054445,-25.5197957],[-57.0529554,-25.5201343],[-57.0528862,-25.5201447],[-57.0527591,-25.5201447],[-57.0526783,-25.5201395],[-57.0526264,-25.5200926],[-57.0525629,-25.5200405],[-57.0524936,-25.5199989],[-57.0524243,-25.5199468],[-57.0523146,-25.5198894],[-57.0522453,-25.5198478],[-57.0521703,-25.5198113],[-57.0520432,-25.5197905],[-57.051922,-25.5197905],[-57.0518123,-25.5197905],[-57.0517315,-25.5197488],[-57.0516911,-25.5196863],[-57.0516853,-25.5196081],[-57.0516853,-25.5195299],[-57.051668,-25.5194414],[-57.0516333,-25.5193632],[-57.0515756,-25.5193111],[-57.0515063,-25.5192799],[-57.0514255,-25.5192799],[-57.0513216,-25.5192903],[-57.0511715,-25.5193059],[-57.0510502,-25.5193268],[-57.0509174,-25.5193476],[-57.0507731,-25.5193997],[-57.050623,-25.5194518],[-57.0504325,-25.5195195],[-57.0503055,-25.5195299],[-57.0502246,-25.5195299],[-57.0501323,-25.5195299],[-57.0499533,-25.5195299],[-57.0497454,-25.5195456],[-57.0495087,-25.519556],[-57.0493413,-25.5195821],[-57.0492316,-25.5196342],[-57.0491623,-25.5196654],[-57.0490873,-25.5197175],[-57.0489083,-25.5199363],[-57.0485619,-25.5203063],[-57.0481924,-25.5204938],[-57.0481116,-25.5205199],[-57.0480423,-25.5205459],[-57.047921,-25.5205876],[-57.0478344,-25.5206137],[-57.0477363,-25.5206449],[-57.0476035,-25.5207231],[-57.0474649,-25.520796],[-57.0472802,-25.520895],[-57.047055,-25.5210305],[-57.0468761,-25.5211659],[-57.0467144,-25.5212805],[-57.0465932,-25.5213587],[-57.0464892,-25.5214264],[-57.04642,-25.5214577],[-57.0463507,-25.5214733],[-57.0462352,-25.5214733],[-57.0461544,-25.5214629],[-57.0460447,-25.5214629],[-57.0459292,-25.5214733],[-57.0457907,-25.5214889],[-57.0456117,-25.5214994],[-57.0454327,-25.5214994],[-57.0451902,-25.5215046],[-57.0449015,-25.5215358],[-57.0446129,-25.5215984],[-57.04433,-25.5216505],[-57.0441048,-25.5216765],[-57.0438797,-25.5217078],[-57.0436487,-25.5217338],[-57.0433716,-25.5217338],[-57.0431811,-25.5217338],[-57.042979,-25.5217338],[-57.0427365,-25.5217338],[-57.0425575,-25.5217338],[-57.0424825,-25.5216973],[-57.0423728,-25.5216452],[-57.0420841,-25.5216452],[-57.0418359,-25.521911],[-57.0418012,-25.52201],[-57.0417666,-25.5220777],[-57.041732,-25.5221558],[-57.0416915,-25.5222861],[-57.0416396,-25.5224111],[-57.0415934,-25.5225049],[-57.041553,-25.5226352],[-57.0415357,-25.5227498],[-57.0414837,-25.5228383],[-57.0413798,-25.5229269],[-57.0412354,-25.5230155],[-57.0411719,-25.5231041],[-57.0411777,-25.523177],[-57.0412181,-25.523276],[-57.0412701,-25.5233802],[-57.0413047,-25.5234844],[-57.0412816,-25.5235938],[-57.0412239,-25.5237345],[-57.0411431,-25.5237866],[-57.0410738,-25.5237918],[-57.0409525,-25.5237918],[-57.0408198,-25.5237657],[-57.0407332,-25.5237449],[-57.040583,-25.523724],[-57.0397401,-25.5235886],[-57.0387933,-25.5232656],[-57.0380427,-25.5231457],[-57.0374423,-25.5231562],[-57.0371479,-25.5229478],[-57.0369804,-25.522953],[-57.0366052,-25.5231353],[-57.0364031,-25.523177],[-57.0361318,-25.5230884],[-57.0360451,-25.5229321],[-57.0358142,-25.5229738],[-57.0354967,-25.5231093],[-57.0353292,-25.5233177],[-57.0347057,-25.5238803],[-57.034163,-25.5243701],[-57.0339263,-25.524667],[-57.03373,-25.5248754],[-57.0333432,-25.5249067],[-57.0330141,-25.5248754],[-57.0326619,-25.5250578],[-57.0319922,-25.5252141],[-57.0315996,-25.5251932],[-57.0311435,-25.5251047],[-57.0304103,-25.5248494],[-57.0297983,-25.5244899],[-57.0294577,-25.5243701],[-57.0292736,-25.5243735],[-57.0289471,-25.5243795],[-57.0286148,-25.5243857],[-57.0275698,-25.5246722],[-57.027258,-25.5248859],[-57.0256761,-25.5250265],[-57.025018,-25.5252922],[-57.0244175,-25.5258862],[-57.023794,-25.5265947],[-57.0234418,-25.5273189],[-57.0230492,-25.5279857],[-57.0229857,-25.5280378],[-57.0228818,-25.5280534],[-57.0227201,-25.5280534],[-57.0226335,-25.5280691],[-57.0225585,-25.5281733],[-57.0225238,-25.5282827],[-57.0224661,-25.5284025],[-57.0224026,-25.5285484],[-57.022316,-25.5286942],[-57.0222121,-25.5288193],[-57.0221082,-25.5289287],[-57.0220389,-25.5289912],[-57.0219523,-25.529111],[-57.0218484,-25.5292673],[-57.0217733,-25.5294288],[-57.0217387,-25.5295122],[-57.0217156,-25.5296111],[-57.0217098,-25.5296893],[-57.0217098,-25.5298247],[-57.0217098,-25.5299758],[-57.0217098,-25.5300904],[-57.0217329,-25.5302259],[-57.0217502,-25.5303509],[-57.0217675,-25.530476],[-57.0217848,-25.5305854],[-57.0218253,-25.5307573],[-57.021883,-25.5309084],[-57.0220793,-25.5311011],[-57.0221024,-25.5313876],[-57.0220735,-25.5315075],[-57.0220558,-25.531597],[-57.0220447,-25.5316533],[-57.0220158,-25.5317523],[-57.0219696,-25.5318982],[-57.0219292,-25.532018],[-57.0219003,-25.5321118],[-57.0218426,-25.5322368],[-57.0217848,-25.532315],[-57.0217329,-25.5323618],[-57.0216636,-25.5323983],[-57.0215886,-25.5324191],[-57.0214962,-25.5324191],[-57.0214096,-25.5324139],[-57.0212826,-25.5324139],[-57.0211729,-25.5324139],[-57.0209535,-25.5324139],[-57.0207052,-25.5323931],[-57.0205898,-25.5323827],[-57.020353,-25.5323514],[-57.0201337,-25.5323254],[-57.0199662,-25.5322993],[-57.0197873,-25.5322785],[-57.0196545,-25.5322629],[-57.0194755,-25.5322629],[-57.0192792,-25.5322576],[-57.0191637,-25.5322316],[-57.0190656,-25.5322056],[-57.0189212,-25.5321587],[-57.0187827,-25.5321066],[-57.0186499,-25.5320649],[-57.0185344,-25.5320388],[-57.0183785,-25.5319867],[-57.0182458,-25.531919],[-57.0181361,-25.5318461],[-57.0180552,-25.5317888],[-57.017934,-25.5317002],[-57.0178185,-25.5316117],[-57.01768,-25.5315231],[-57.0175298,-25.5314658],[-57.0173624,-25.5314189],[-57.0172527,-25.5313929],[-57.0171488,-25.5313564],[-57.0170333,-25.5313147],[-57.0164618,-25.5311011],[-57.0163983,-25.5310699],[-57.016329,-25.5310282],[-57.0162655,-25.5309917],[-57.0161731,-25.5309657],[-57.0160576,-25.53095],[-57.0159941,-25.5309188],[-57.0159364,-25.5308667],[-57.0159075,-25.5308094],[-57.0159075,-25.5307416],[-57.015896,-25.5306322],[-57.0158382,-25.5303509],[-57.0157516,-25.5300904],[-57.0156939,-25.529955],[-57.0156419,-25.5298768],[-57.0155669,-25.5297674],[-57.0155092,-25.529658],[-57.0154687,-25.5295903],[-57.0154168,-25.5294965],[-57.0153475,-25.5294028],[-57.0153013,-25.529335],[-57.0152436,-25.5292777],[-57.0151916,-25.5292204],[-57.0151281,-25.5291735],[-57.0150242,-25.5291631],[-57.0149145,-25.5291787],[-57.0147933,-25.5292152],[-57.0147182,-25.5292569],[-57.0146374,-25.5292934],[-57.0144873,-25.5293455],[-57.0143833,-25.5293715],[-57.0142967,-25.5293767],[-57.0141062,-25.5293767],[-57.0134711,-25.529335],[-57.0125647,-25.5291319],[-57.0123222,-25.5290641],[-57.0113581,-25.5291371],[-57.0109597,-25.5290641],[-57.0101976,-25.5289391],[-57.0097242,-25.5289964],[-57.0089852,-25.5292204],[-57.008558,-25.5292152],[-57.0082751,-25.5292465],[-57.0079749,-25.529533],[-57.0077613,-25.5298039],[-57.0075881,-25.53008],[-57.0070569,-25.530627],[-57.0068433,-25.5311376],[-57.0068086,-25.5312001],[-57.0067451,-25.5312782],[-57.0067047,-25.5313512],[-57.0066643,-25.5314241],[-57.0066066,-25.5315075],[-57.0065546,-25.53157],[-57.0064911,-25.5316429],[-57.0064334,-25.5317367],[-57.0063814,-25.5317836],[-57.0061851,-25.5317836],[-57.006087,-25.5317836],[-57.005983,-25.5317627],[-57.0059022,-25.5317211],[-57.0058445,-25.531669],[-57.0058098,-25.5316064],[-57.0057579,-25.5315335],[-57.0056828,-25.5315023],[-57.0055847,-25.5315335],[-57.0055269,-25.5315856],[-57.0054461,-25.5316481],[-57.0053768,-25.5317002],[-57.0053018,-25.5317315],[-57.0052325,-25.5317523],[-57.0050997,-25.5317679],[-57.0048976,-25.5318148],[-57.0047764,-25.53182],[-57.004684,-25.53182],[-57.0044877,-25.5318305],[-57.0043723,-25.5318461],[-57.0041991,-25.5318669],[-57.0041356,-25.531893],[-57.0040605,-25.5319294],[-57.0039162,-25.5319867],[-57.0037314,-25.5320388],[-57.0036275,-25.5320805],[-57.0034658,-25.532143],[-57.0033908,-25.5321691],[-57.0032926,-25.5322003],[-57.0031772,-25.5322212],[-57.0030097,-25.5322212],[-57.0027846,-25.5322212],[-57.0025132,-25.5322212],[-57.00234,-25.532216],[-57.0021668,-25.5322108],[-57.0020109,-25.5322056],[-57.0018782,-25.5322056],[-57.001728,-25.5322056],[-57.0015837,-25.5322056],[-57.0014625,-25.5322264],[-57.001295,-25.5322524],[-57.0011565,-25.5322837],[-57.0009544,-25.532341],[-57.000787,-25.5323566],[-57.0006831,-25.5323566],[-57.0005965,-25.5323306],[-57.000481,-25.5322993],[-57.0003771,-25.5322524],[-57.0002962,-25.5322264],[-57.0002154,-25.5322003],[-57.0001173,-25.5321691],[-57.0000538,-25.532143],[-56.9999037,-25.532117],[-56.9997016,-25.5320701],[-56.999384,-25.531893],[-56.999055,-25.5315387],[-56.9989453,-25.5315179],[-56.9988702,-25.5315075],[-56.9987894,-25.5314918],[-56.9986681,-25.5314554],[-56.9985758,-25.5314293],[-56.9984488,-25.5313772],[-56.9983679,-25.5313408],[-56.9982929,-25.5312991],[-56.9982178,-25.5312678],[-56.998085,-25.5311845],[-56.9980215,-25.5311167],[-56.9979292,-25.5310386],[-56.9978599,-25.5309969],[-56.9977559,-25.5309396],[-56.9976289,-25.5308823],[-56.9975654,-25.530851],[-56.9974788,-25.530799],[-56.9973749,-25.5307521],[-56.9972883,-25.5307052],[-56.9971959,-25.5306583],[-56.9971093,-25.5306062],[-56.9970516,-25.5305437],[-56.9970054,-25.5304864],[-56.9969073,-25.5303457],[-56.9968438,-25.5302728],[-56.9967687,-25.5301894],[-56.9966936,-25.5301425],[-56.9965955,-25.5300956],[-56.9965262,-25.5300592],[-56.9964454,-25.5300227],[-56.9963357,-25.529981],[-56.9962491,-25.5299394],[-56.996174,-25.5299029],[-56.9960182,-25.529856],[-56.9959431,-25.5298404],[-56.9958738,-25.52983],[-56.9954639,-25.5296789],[-56.9949443,-25.5293246],[-56.9944362,-25.5287515],[-56.9939397,-25.5283035],[-56.9937377,-25.5279805],[-56.9932758,-25.5276419],[-56.9925195,-25.5266103],[-56.992352,-25.5261779],[-56.9923174,-25.5257194],[-56.9922654,-25.5255475],[-56.9919999,-25.5255058],[-56.9914687,-25.5255527],[-56.9912666,-25.5254329],[-56.9908741,-25.5255163],[-56.990314,-25.5256361],[-56.989448,-25.5257455],[-56.9880566,-25.5255944],[-56.9879469,-25.5253652],[-56.9878026,-25.5250474],[-56.9874793,-25.5248702],[-56.9869308,-25.5250057],[-56.9859436,-25.5252245],[-56.9854413,-25.525162],[-56.985118,-25.5249901],[-56.9848697,-25.5246827],[-56.9848235,-25.5246201],[-56.9847716,-25.5245524],[-56.9847023,-25.5245107],[-56.984558,-25.524417],[-56.9844656,-25.5243857],[-56.9843963,-25.5243492],[-56.9843559,-25.5242919],[-56.9842866,-25.5241929],[-56.984252,-25.5241304],[-56.9841942,-25.5240366],[-56.9841654,-25.5239533],[-56.9841307,-25.5238543],[-56.9840845,-25.5237657],[-56.9840557,-25.523698],[-56.9840383,-25.5235886],[-56.9840082,-25.5234233],[-56.9839691,-25.5233229],[-56.9839056,-25.5231822],[-56.9838767,-25.5231249],[-56.983842,-25.523052],[-56.9838247,-25.5229894],[-56.983819,-25.5229217],[-56.9837439,-25.5229061],[-56.9836515,-25.5228904],[-56.9835649,-25.5228696],[-56.9834668,-25.5228279],[-56.983386,-25.5227915],[-56.9831781,-25.5227237],[-56.9830338,-25.5226873],[-56.9829414,-25.5226404],[-56.9828548,-25.5225935],[-56.9827451,-25.5225362],[-56.9826758,-25.5224997],[-56.982595,-25.5224372],[-56.9825488,-25.5223799],[-56.9823525,-25.5220621],[-56.9820638,-25.5217599],[-56.9820177,-25.521713],[-56.9819484,-25.5216973],[-56.9818445,-25.5216973],[-56.9817348,-25.5216973],[-56.9816424,-25.5217078],[-56.9815442,-25.521713],[-56.9814461,-25.5217182],[-56.9813595,-25.5217182],[-56.981244,-25.5217182],[-56.9811343,-25.5217182],[-56.9810419,-25.5217182],[-56.9809553,-25.5217182],[-56.9808283,-25.5217182],[-56.9807475,-25.5217182],[-56.9807225,-25.5217209],[-56.9806032,-25.5217338],[-56.9804704,-25.5217442],[-56.9803318,-25.5217651],[-56.9802568,-25.5217859],[-56.9801528,-25.5218172],[-56.9800432,-25.5218484],[-56.9799277,-25.5218536],[-56.9798353,-25.5218536],[-56.979639,-25.5218536],[-56.9794369,-25.5218068],[-56.9793734,-25.5217703],[-56.9793272,-25.5217182],[-56.9792811,-25.52164],[-56.9792002,-25.5215046],[-56.979154,-25.5214421],[-56.9791194,-25.5213379],[-56.9790963,-25.5212337],[-56.9790617,-25.5211555],[-56.9789982,-25.5210878],[-56.9789289,-25.5210357],[-56.9788596,-25.5209992],[-56.9787903,-25.5209784],[-56.9787153,-25.5209679],[-56.978646,-25.5209575],[-56.9785536,-25.5209471],[-56.9784843,-25.5209419],[-56.9783804,-25.5209263],[-56.9782765,-25.5209054],[-56.9782014,-25.5208794],[-56.9781322,-25.5208273],[-56.9781091,-25.5207543],[-56.9781033,-25.5206814],[-56.9780686,-25.5206084],[-56.9780167,-25.5205251],[-56.9779416,-25.520499],[-56.977855,-25.520473],[-56.9777396,-25.5204469],[-56.9774163,-25.5203636],[-56.9771103,-25.5201604],[-56.9764636,-25.5198321],[-56.9764117,-25.5197905],[-56.9763539,-25.5197488],[-56.9762789,-25.5196758],[-56.9762269,-25.5196185],[-56.9761692,-25.5195508],[-56.9761115,-25.5194883],[-56.9760711,-25.5194362],[-56.9760422,-25.5193372],[-56.9759787,-25.5192799],[-56.9759094,-25.519233],[-56.9757997,-25.5191652],[-56.9757073,-25.5191288],[-56.9755745,-25.5190715],[-56.9754533,-25.5190194],[-56.9752281,-25.5189099],[-56.9751646,-25.5188735],[-56.9751069,-25.5188318],[-56.9750549,-25.5187745],[-56.9750145,-25.5187224],[-56.9749568,-25.5186494],[-56.9749279,-25.5185921],[-56.9748529,-25.5185088],[-56.9747951,-25.5184462],[-56.9747374,-25.5183993],[-56.9746797,-25.5183368],[-56.9745815,-25.5182691],[-56.9744834,-25.5182118],[-56.9744083,-25.5182066],[-56.9743621,-25.5182587],[-56.9743275,-25.5183368],[-56.9742582,-25.5183837],[-56.9741831,-25.518415],[-56.9740619,-25.5184671],[-56.9739984,-25.5184931],[-56.9739176,-25.5185348],[-56.9738483,-25.5185661],[-56.9737386,-25.5185973],[-56.9736693,-25.5186182],[-56.9735769,-25.5186755],[-56.9735019,-25.5187276],[-56.9734095,-25.5187849],[-56.973346,-25.5188214],[-56.973219,-25.5189047],[-56.973167,-25.5189829],[-56.9731093,-25.5190558],[-56.9729938,-25.5191548],[-56.9729303,-25.5191913],[-56.9728322,-25.5192226],[-56.9727571,-25.5192434],[-56.9726821,-25.5192642],[-56.9726012,-25.5192747],[-56.9725031,-25.5192955],[-56.9723645,-25.5193268],[-56.9722722,-25.5193372],[-56.9721971,-25.5193476],[-56.9720759,-25.5193736],[-56.9718911,-25.5194153],[-56.9716775,-25.5194153],[-56.9715505,-25.5193945],[-56.9714581,-25.5193789],[-56.9713888,-25.519358],[-56.9713022,-25.5193372],[-56.9709443,-25.5192121],[-56.9706671,-25.519061],[-56.9704997,-25.518712],[-56.9702976,-25.5182222],[-56.9701418,-25.5179356],[-56.9697896,-25.5178314],[-56.9694605,-25.517597],[-56.9691949,-25.5172166],[-56.9687735,-25.5169613],[-56.9681268,-25.5170447],[-56.9674975,-25.517102],[-56.9664295,-25.5171645],[-56.9656327,-25.5174042],[-56.9654884,-25.5176543],[-56.9654422,-25.5177429],[-56.9654134,-25.517894],[-56.9654307,-25.5180346],[-56.9655,-25.5182378],[-56.9655519,-25.5183577],[-56.9656096,-25.5184462],[-56.9656501,-25.5185504],[-56.9656789,-25.5186338],[-56.9656962,-25.5187588],[-56.9656962,-25.5188318],[-56.9656905,-25.5189099],[-56.9656789,-25.5189725],[-56.9656327,-25.5190923],[-56.9655981,-25.5191704],[-56.9655519,-25.5192538],[-56.9655057,-25.5193215],[-56.9654538,-25.5194153],[-56.9654076,-25.5194674],[-56.9653729,-25.5195456],[-56.9653152,-25.5196394],[-56.9652806,-25.5196967],[-56.9651882,-25.5197905],[-56.9651131,-25.5198321],[-56.9650208,-25.5198738],[-56.9649573,-25.5198999],[-56.9648822,-25.5199103],[-56.964761,-25.5199415],[-56.9646628,-25.5199415],[-56.9645935,-25.5199259],[-56.9645531,-25.5198634],[-56.9645242,-25.5198009],[-56.9644723,-25.5197227],[-56.9644088,-25.519681],[-56.9643453,-25.5196498],[-56.9642587,-25.5196342],[-56.9638834,-25.5197331],[-56.9635139,-25.5197331],[-56.9630867,-25.5197331],[-56.9629481,-25.5197331],[-56.9626941,-25.5197279],[-56.962544,-25.5197175],[-56.962365,-25.5197123],[-56.9622668,-25.5197123],[-56.9621687,-25.5197123],[-56.9619955,-25.5197123],[-56.9619089,-25.5197123],[-56.961805,-25.5197123],[-56.9617357,-25.5197331],[-56.9616491,-25.519754],[-56.9614817,-25.5198113],[-56.9613431,-25.5198478],[-56.9611353,-25.5198634],[-56.9610487,-25.5198634],[-56.9609794,-25.5198426],[-56.960939,-25.5197852],[-56.9609101,-25.5197279],[-56.9608755,-25.5196394],[-56.9608812,-25.5195352],[-56.9609101,-25.5194257],[-56.9609794,-25.5192486],[-56.9610775,-25.5190819],[-56.9611179,-25.5190246],[-56.9611757,-25.5189256],[-56.9612045,-25.5188318],[-56.9612045,-25.5187432],[-56.9611872,-25.5186755],[-56.961141,-25.5186078],[-56.9610544,-25.5185609],[-56.9607889,-25.5183837],[-56.9604078,-25.5180815],[-56.9601596,-25.5175136],[-56.9597496,-25.5164038],[-56.9596746,-25.515466],[-56.9596053,-25.5148772],[-56.9598536,-25.5139967],[-56.9598305,-25.5135538],[-56.9596919,-25.5131578],[-56.9595303,-25.512991],[-56.9588894,-25.5127409],[-56.9585199,-25.5126003],[-56.9584449,-25.5126003],[-56.9583756,-25.5126107],[-56.9583063,-25.5126159],[-56.9582139,-25.5126472],[-56.9581331,-25.512668],[-56.9580638,-25.5126732],[-56.9579252,-25.5127149],[-56.9578329,-25.5127409],[-56.9577694,-25.512767],[-56.9576597,-25.5128295],[-56.9575788,-25.5128973],[-56.9575038,-25.512965],[-56.9574576,-25.5130379],[-56.9574172,-25.5131161],[-56.9573825,-25.513189],[-56.9573248,-25.5132724],[-56.9572555,-25.5133662],[-56.9571747,-25.5134704],[-56.9571285,-25.5135277],[-56.9570881,-25.5135798],[-56.9569553,-25.513783],[-56.9568514,-25.5139289],[-56.9567763,-25.5141009],[-56.9567532,-25.5141634],[-56.9566955,-25.5143093],[-56.9566666,-25.5143718],[-56.9566031,-25.5145073],[-56.9565512,-25.5145542],[-56.9564819,-25.5146063],[-56.9564126,-25.5146375],[-56.9563087,-25.5146688],[-56.9562105,-25.5146636],[-56.9561297,-25.5146532],[-56.9560547,-25.5146479],[-56.9559507,-25.5146375],[-56.9558526,-25.5146219],[-56.9557775,-25.5145958],[-56.9556794,-25.5145646],[-56.9555928,-25.5145229],[-56.9554946,-25.5144656],[-56.9554254,-25.5144031],[-56.9553619,-25.5143249],[-56.9553503,-25.5142468],[-56.9553503,-25.5141686],[-56.9553619,-25.5140957],[-56.9554254,-25.5136215],[-56.9555928,-25.513288],[-56.9555928,-25.5132099],[-56.9555582,-25.5131057],[-56.9555293,-25.5130223],[-56.9555235,-25.5129181],[-56.9555062,-25.5128452],[-56.95546,-25.512793],[-56.9553676,-25.5127409],[-56.9553041,-25.5126993],[-56.9552348,-25.5126576],[-56.955154,-25.5126159],[-56.9550674,-25.5125794],[-56.9548942,-25.5125065],[-56.9548076,-25.5124752],[-56.9546055,-25.5123658],[-56.954542,-25.5123293],[-56.9544612,-25.5122772],[-56.9544035,-25.5122355],[-56.9543342,-25.5121886],[-56.9542303,-25.5121157],[-56.9540917,-25.5120323],[-56.954034,-25.5119959],[-56.9539301,-25.5119333],[-56.9538665,-25.5118864],[-56.9537453,-25.5118083],[-56.9536183,-25.5117457],[-56.9535259,-25.5117145],[-56.9534393,-25.5116884],[-56.9533238,-25.5116467],[-56.9532546,-25.5116259],[-56.9531737,-25.5116103],[-56.9530987,-25.5115946],[-56.9529601,-25.5115738],[-56.9528908,-25.5115634],[-56.9527465,-25.511553],[-56.9526484,-25.511553],[-56.9525329,-25.5115582],[-56.9523943,-25.5115686],[-56.9521403,-25.5115946],[-56.9520191,-25.5116259],[-56.951817,-25.5116884],[-56.9517188,-25.5117301],[-56.9515976,-25.5117718],[-56.9514821,-25.5118083],[-56.9512974,-25.5118656],[-56.9512281,-25.511876],[-56.95113,-25.511876],[-56.9510434,-25.511876],[-56.9509394,-25.5118604],[-56.9508413,-25.51185],[-56.9506392,-25.5118343],[-56.9505468,-25.5118343],[-56.9504083,-25.5118291],[-56.9503159,-25.5118187],[-56.9502235,-25.5118187],[-56.9501369,-25.5118187],[-56.9500619,-25.5118187],[-56.9499522,-25.5118239],[-56.9498656,-25.5118343],[-56.9496635,-25.5118604],[-56.9495827,-25.5118656],[-56.9494845,-25.5118656],[-56.9494037,-25.5118656],[-56.9493887,-25.5118656],[-56.9493113,-25.5118656],[-56.9491843,-25.5118552],[-56.9490573,-25.5118343],[-56.9489476,-25.5118135],[-56.9488264,-25.5117822],[-56.9486012,-25.5117197],[-56.9484742,-25.5116676],[-56.9483876,-25.5116415],[-56.9482952,-25.5115999],[-56.9482259,-25.5115842],[-56.948122,-25.5115842],[-56.9475966,-25.5116572],[-56.9468519,-25.5117093],[-56.9462341,-25.5115373],[-56.9459166,-25.5115634],[-56.9455009,-25.5117093],[-56.944912,-25.5116832],[-56.9446002,-25.5117405],[-56.9438093,-25.512173],[-56.9434629,-25.5122303],[-56.9431396,-25.5121782],[-56.9427643,-25.5116572],[-56.9424179,-25.5114904],[-56.9422331,-25.5113445],[-56.9423024,-25.5110319],[-56.9421985,-25.5107401],[-56.9417366,-25.5097605],[-56.9409803,-25.5092707],[-56.9399296,-25.5085204],[-56.9388846,-25.5076398],[-56.9388326,-25.5075825],[-56.9387691,-25.5075252],[-56.9386825,-25.5074679],[-56.938567,-25.5074001],[-56.9384573,-25.5073428],[-56.9383072,-25.5072907],[-56.9382437,-25.5072594],[-56.9381571,-25.5071917],[-56.9380763,-25.5071396],[-56.9379839,-25.5070666],[-56.9379031,-25.5070145],[-56.9378107,-25.5069364],[-56.9377126,-25.5068478],[-56.9376664,-25.5068009],[-56.9375856,-25.5067071],[-56.9374932,-25.5066237],[-56.9374412,-25.5065821],[-56.9372969,-25.5065247],[-56.9372161,-25.506483],[-56.9371352,-25.5064414],[-56.9370717,-25.5063736],[-56.9370082,-25.5063319],[-56.9369216,-25.5063267],[-56.9367946,-25.5063163],[-56.9365463,-25.5063007],[-56.9364424,-25.5063007],[-56.9363443,-25.5062955],[-56.936223,-25.5062903],[-56.9361307,-25.5062746],[-56.9360556,-25.5062746],[-56.9359459,-25.5062642],[-56.935842,-25.5062017],[-56.9357843,-25.50616],[-56.9357092,-25.5061496],[-56.935611,-25.5061548],[-56.9355187,-25.5061548],[-56.9354205,-25.5061704],[-56.9352935,-25.5061912],[-56.9352185,-25.5062225],[-56.9351665,-25.5062798],[-56.9351261,-25.5063476],[-56.9350741,-25.5064205],[-56.9350164,-25.506483],[-56.9349587,-25.5065456],[-56.9348951,-25.5066029],[-56.9348374,-25.5066915],[-56.9347912,-25.5067488],[-56.9347162,-25.5068009],[-56.9346642,-25.5068426],[-56.9345372,-25.5069312],[-56.9344564,-25.5069833],[-56.934364,-25.5070562],[-56.9342889,-25.5071396],[-56.9341966,-25.5072125],[-56.9341388,-25.5072647],[-56.9340176,-25.5073949],[-56.9339541,-25.5074783],[-56.9338848,-25.5075721],[-56.933879,-25.5076555],[-56.9338906,-25.5077649],[-56.9338906,-25.5078326],[-56.9339137,-25.5079004],[-56.9339656,-25.5079785],[-56.9340407,-25.5080358],[-56.9341157,-25.5080671],[-56.9343351,-25.508114],[-56.9346226,-25.508169],[-56.9347615,-25.5083266],[-56.9348043,-25.508526],[-56.9347544,-25.5088444],[-56.93448,-25.5094202],[-56.934423,-25.50955],[-56.9343945,-25.5096148],[-56.9343196,-25.5098061],[-56.9341913,-25.510176],[-56.9339989,-25.5107518],[-56.9338171,-25.5110927],[-56.9336461,-25.5113371],[-56.9330188,-25.5118968],[-56.9328121,-25.5121058],[-56.9323203,-25.5123278],[-56.9319105,-25.5125658],[-56.9315791,-25.5127877],[-56.9312191,-25.5130128],[-56.9310873,-25.5130836],[-56.9304066,-25.5131351],[-56.9300537,-25.5131383],[-56.9299433,-25.5132155],[-56.9297972,-25.5132058],[-56.929619,-25.5130096],[-56.929423,-25.5128906],[-56.9290096,-25.5123181],[-56.9288135,-25.5121251],[-56.9285427,-25.5119],[-56.9282754,-25.5115366],[-56.9281293,-25.5111924],[-56.9280972,-25.5110573],[-56.9281863,-25.5108515],[-56.9281222,-25.5107614],[-56.9277693,-25.5105845],[-56.9274914,-25.5104623],[-56.9273203,-25.5101825],[-56.9271314,-25.509774],[-56.9270815,-25.5090985],[-56.9269996,-25.5087898],[-56.9270138,-25.5085003],[-56.9269853,-25.5081593],[-56.9269247,-25.5076415],[-56.9269996,-25.5071269],[-56.9270673,-25.5068535],[-56.9270601,-25.5067087],[-56.926775,-25.5063067],[-56.9266396,-25.5062488],[-56.9259447,-25.5062488],[-56.9254529,-25.5061812],[-56.9247651,-25.5061233],[-56.923924,-25.5060719],[-56.9236068,-25.5060236],[-56.9228727,-25.5061555],[-56.9216752,-25.5063453],[-56.9199717,-25.5066637],[-56.9193623,-25.506728],[-56.9188919,-25.506638],[-56.9186709,-25.5064032],[-56.918646,-25.5061651],[-56.9187101,-25.505509],[-56.9189097,-25.5045408],[-56.9189845,-25.504068],[-56.9189453,-25.5037881],[-56.9187743,-25.5038589],[-56.9186032,-25.5038332],[-56.9181756,-25.5035823],[-56.9179902,-25.503325],[-56.9177978,-25.5032381],[-56.9169995,-25.5029937],[-56.9167892,-25.5029004],[-56.9165861,-25.5026881],[-56.916415,-25.5023471],[-56.9161727,-25.5021766],[-56.9159838,-25.5020223],[-56.915631,-25.5020094],[-56.9152532,-25.5020576],[-56.9149539,-25.5020962],[-56.9145725,-25.5019515],[-56.9141306,-25.5016588],[-56.9136531,-25.5016298],[-56.9133929,-25.5015462],[-56.9131043,-25.5013982],[-56.9130259,-25.5011216],[-56.9130864,-25.5006584],[-56.9125839,-25.4999186],[-56.9123238,-25.4995229],[-56.912224,-25.4992527],[-56.9118142,-25.4987381],[-56.9115362,-25.49841],[-56.9113188,-25.4984132],[-56.9108911,-25.4984807],[-56.9103851,-25.4987767],[-56.9098184,-25.498886],[-56.9096295,-25.4988603],[-56.9092268,-25.4986576],[-56.9087172,-25.4980819],[-56.9083074,-25.4975318],[-56.9077977,-25.4972069],[-56.9073273,-25.4967148],[-56.9067749,-25.4961936],[-56.9058519,-25.4956532],[-56.9053245,-25.4948716],[-56.9046046,-25.4943376],[-56.9030579,-25.4935848],[-56.9023986,-25.493112],[-56.9021847,-25.4928932],[-56.901725,-25.4923431],[-56.9013829,-25.4919539],[-56.901194,-25.4917738],[-56.9012688,-25.4915228],[-56.9014435,-25.4913781],[-56.9018034,-25.4913137],[-56.901946,-25.4911915],[-56.9020101,-25.4910564],[-56.901946,-25.4907926],[-56.9019709,-25.4903069],[-56.9017891,-25.4900205],[-56.9009766,-25.4891552],[-56.900638,-25.4887338],[-56.9002139,-25.488708],[-56.8992339,-25.4886598],[-56.8981648,-25.4886212],[-56.8974662,-25.4886308],[-56.8970386,-25.4885729],[-56.8965147,-25.4882931],[-56.8962153,-25.4881998],[-56.8960799,-25.4880647],[-56.8960336,-25.4878555],[-56.896194,-25.4873247],[-56.8963757,-25.4867939],[-56.8971241,-25.4860315],[-56.8977656,-25.4854524],[-56.8978832,-25.485179],[-56.8978939,-25.4848991],[-56.8977015,-25.4845999],[-56.8972952,-25.4840466],[-56.8972809,-25.4837699],[-56.8973059,-25.483638],[-56.8978761,-25.4833324],[-56.8982503,-25.4831072],[-56.8983821,-25.4828144],[-56.8982788,-25.4824767],[-56.8981113,-25.4821389],[-56.8978725,-25.4815501],[-56.8978511,-25.4815115],[-56.8978369,-25.4814697],[-56.8978226,-25.4814311],[-56.8974895,-25.4811502],[-56.8972407,-25.4810259],[-56.8971874,-25.4810058],[-56.897103,-25.4809657],[-56.8970231,-25.4809377],[-56.8969475,-25.4809136],[-56.8968276,-25.4808895],[-56.8967343,-25.4808655],[-56.8966676,-25.4808575],[-56.896561,-25.4808575],[-56.8964944,-25.4808575],[-56.8963966,-25.4808575],[-56.8963167,-25.4808575],[-56.8962323,-25.4808575],[-56.8961434,-25.4808615],[-56.8960901,-25.4808655],[-56.896019,-25.4809016],[-56.895939,-25.4809296],[-56.8958902,-25.4809537],[-56.8958457,-25.4810179],[-56.8958191,-25.481078],[-56.8958191,-25.4811582],[-56.8958191,-25.4812144],[-56.8958369,-25.4812746],[-56.8958724,-25.4813427],[-56.8959213,-25.4814029],[-56.8959835,-25.4814671],[-56.8960457,-25.4815232],[-56.8961034,-25.4815793],[-56.896139,-25.4816275],[-56.8961701,-25.4816756],[-56.8962278,-25.4819122],[-56.8962989,-25.4820766],[-56.8962989,-25.4821328],[-56.8962989,-25.482197],[-56.8962767,-25.4822411],[-56.8962323,-25.4822972],[-56.8961923,-25.4823413],[-56.8961434,-25.4823935],[-56.8960901,-25.4824256],[-56.8959701,-25.4824617],[-56.8958768,-25.4824697],[-56.8958102,-25.4824697],[-56.895748,-25.4824376],[-56.8956814,-25.4824055],[-56.8956192,-25.4823734],[-56.8955303,-25.4823534],[-56.8954459,-25.4823373],[-56.8953926,-25.4823052],[-56.8953482,-25.4822371],[-56.8953126,-25.4821689],[-56.8952638,-25.4820887],[-56.8952282,-25.4820285],[-56.8951927,-25.4819563],[-56.895166,-25.4819002],[-56.8951216,-25.481832],[-56.8951083,-25.4817398],[-56.8951172,-25.4816275],[-56.8951394,-25.4815513],[-56.8951527,-25.4814871],[-56.8951571,-25.481439],[-56.8951571,-25.4813748],[-56.8951571,-25.4813147],[-56.8951571,-25.4812385],[-56.895126,-25.4811582],[-56.8950816,-25.4810941],[-56.8950016,-25.4810299],[-56.8948461,-25.4809537],[-56.8947706,-25.4809216],[-56.8946418,-25.4808855],[-56.8945796,-25.4808735],[-56.8945085,-25.4808695],[-56.8944463,-25.4808494],[-56.894393,-25.4808294],[-56.8943308,-25.4807933],[-56.8942464,-25.4807331],[-56.8941709,-25.480673],[-56.8941042,-25.4806008],[-56.894042,-25.4805206],[-56.8939843,-25.4804524],[-56.8939221,-25.4803842],[-56.8938865,-25.4803321],[-56.8938732,-25.4802679],[-56.8938554,-25.4801837],[-56.8938421,-25.4800914],[-56.8935933,-25.4794257],[-56.8934867,-25.479153],[-56.8928247,-25.4789003],[-56.8924293,-25.4786236],[-56.892225,-25.4783469],[-56.8922916,-25.4781263],[-56.8928336,-25.4780781],[-56.8929047,-25.4779097],[-56.8928425,-25.4776169],[-56.892456,-25.4766865],[-56.8920295,-25.4761811],[-56.8912965,-25.4753148],[-56.8904035,-25.4745889],[-56.8894172,-25.4739832],[-56.8890618,-25.4736463],[-56.8889063,-25.4733616],[-56.8890396,-25.4730327],[-56.8890041,-25.4726637],[-56.8888308,-25.4723428],[-56.8885909,-25.4721583],[-56.8878623,-25.4721383],[-56.8873603,-25.4719458],[-56.8870671,-25.4716129],[-56.8868849,-25.4711797],[-56.8869249,-25.470903],[-56.887107,-25.4706703],[-56.8875558,-25.4706984],[-56.8877868,-25.4707104],[-56.8879378,-25.4705741],[-56.8878312,-25.4703775],[-56.8875735,-25.4701168],[-56.8871559,-25.4698321],[-56.886334,-25.4696716],[-56.8857743,-25.4695754],[-56.8854928,-25.4695739],[-56.8852901,-25.4696368],[-56.8851882,-25.4696949],[-56.8850917,-25.4697627],[-56.8849575,-25.4698111],[-56.8848288,-25.4698498],[-56.8847108,-25.4698789],[-56.8845928,-25.4698789],[-56.8844747,-25.4698353],[-56.8843782,-25.4697578],[-56.8843245,-25.4696561],[-56.8842602,-25.4694624],[-56.8842173,-25.4692541],[-56.8842065,-25.4690362],[-56.8842119,-25.4688619],[-56.8842333,-25.4686924],[-56.8843084,-25.4685713],[-56.8844318,-25.4683485],[-56.8847591,-25.4680918],[-56.8849361,-25.4678787],[-56.8850595,-25.467685],[-56.8851346,-25.4675445],[-56.8851936,-25.4673556],[-56.8852043,-25.4672152],[-56.8851668,-25.4670747],[-56.8851238,-25.4670021],[-56.8849844,-25.4669682],[-56.8848073,-25.4670021],[-56.8846464,-25.4669827],[-56.8844908,-25.466973],[-56.8843621,-25.4669052],[-56.8842494,-25.4667938],[-56.884228,-25.4666534],[-56.8842655,-25.4664984],[-56.8843996,-25.4663725],[-56.8845338,-25.4662901],[-56.8845928,-25.4661497],[-56.8845284,-25.4660092],[-56.8844479,-25.4658543],[-56.8844104,-25.4656944],[-56.8843514,-25.4655491],[-56.8842763,-25.4653312],[-56.8841851,-25.4651859],[-56.8841153,-25.4650454],[-56.8840134,-25.4648808],[-56.8838847,-25.4646919],[-56.8837881,-25.4645999],[-56.8836969,-25.4645369],[-56.8836272,-25.4644497],[-56.8835628,-25.4643383],[-56.8835574,-25.4642221],[-56.8835735,-25.4641058],[-56.8836272,-25.464009],[-56.8837452,-25.4639412],[-56.8839776,-25.463778]]},"properties":{"name":"R\u00edo Yhaguy","waterway":"stream"}},{"type":"Feature","geometry":{"type":"LineString","coordinates":[[-57.093291,-25.5750366],[-57.0935726,-25.5749822],[-57.0938541,-25.5748872],[-57.0942482,-25.5747515],[-57.0945858,-25.5746926],[-57.0949641,-25.5746111],[-57.0951326,-25.5744575],[-57.0953176,-25.5743129],[-57.095559,-25.5742676],[-57.0958483,-25.5741635],[-57.0960735,-25.5740505],[-57.0963469,-25.5739374],[-57.09654,-25.573838],[-57.0966927,-25.5737927],[-57.0970708,-25.5737654],[-57.0972718,-25.5737607],[-57.0974568,-25.5736884],[-57.0976497,-25.5735979],[-57.0979712,-25.573381],[-57.0981883,-25.5732544],[-57.0985742,-25.5730284],[-57.0987832,-25.572956],[-57.0989201,-25.5728746],[-57.0997484,-25.5725671],[-57.1001984,-25.5723545],[-57.1004077,-25.5722054],[-57.1008176,-25.572011],[-57.1010829,-25.5718482],[-57.1011715,-25.5717669],[-57.101662,-25.5715408],[-57.1017903,-25.5712969],[-57.1017982,-25.5711298],[-57.10179,-25.5709628],[-57.1018863,-25.5707505],[-57.1022,-25.570538],[-57.1024091,-25.5705108],[-57.1026182,-25.5705107],[-57.1028674,-25.5705331],[-57.1031409,-25.57056],[-57.1033342,-25.5706095],[-57.1036639,-25.5705686],[-57.1038167,-25.5706001],[-57.104074,-25.5705503],[-57.1043474,-25.5704959],[-57.1045487,-25.5704461],[-57.1047416,-25.5704098],[-57.1050312,-25.5704096],[-57.1052322,-25.5703598],[-57.1055136,-25.5702467],[-57.1056826,-25.570215],[-57.1057871,-25.5702601],[-57.1058981,-25.5704082],[-57.1059559,-25.5705209],[-57.1060365,-25.5705666],[-57.1061655,-25.5706255],[-57.1063585,-25.5706976],[-57.1064987,-25.5707385],[-57.1066049,-25.5707426]]},"properties":{"name":"Arroyo Mbaiovi","waterway":"stream"}},{"type":"Feature","geometry":{"type":"LineString","coordinates":[[-57.1308542,-25.5360736],[-57.1315008,-25.5365555],[-57.1323149,-25.5368446],[-57.1328431,-25.5370504],[-57.1331087,-25.5373369],[-57.1332538,-25.5376921],[-57.1334625,-25.5382608],[-57.1335629,-25.5384955],[-57.1335633,-25.538807],[-57.133697,-25.5390914],[-57.1337887,-25.5392719],[-57.1339058,-25.5394163],[-57.1341726,-25.5396192],[-57.134406,-25.5397274],[-57.1345564,-25.5398311],[-57.1349399,-25.5401333],[-57.135132,-25.540255],[-57.1351903,-25.5403452],[-57.1352654,-25.5405122],[-57.1353072,-25.5406386],[-57.1354741,-25.5407694],[-57.1357412,-25.5409182],[-57.1360912,-25.5409946],[-57.1362747,-25.5410125],[-57.1365571,-25.5410638],[-57.1365811,-25.5410602],[-57.1365998,-25.5410447],[-57.1366203,-25.5410404],[-57.1366399,-25.541046],[-57.1367221,-25.5410714],[-57.1368277,-25.5410501],[-57.1369187,-25.5410492],[-57.1370078,-25.5410645],[-57.1370906,-25.5410744],[-57.1371515,-25.5410656],[-57.1372094,-25.5410272],[-57.1373073,-25.540851],[-57.1374467,-25.5406295],[-57.1374911,-25.5405553],[-57.1376577,-25.5404513],[-57.1377494,-25.5404196],[-57.1378576,-25.5404195],[-57.1380577,-25.5404871],[-57.1381744,-25.5405231],[-57.1383496,-25.5405635],[-57.1385164,-25.540613],[-57.1388161,-25.5405225],[-57.1389996,-25.5404546],[-57.1392329,-25.5404543],[-57.1394581,-25.5404722],[-57.1396746,-25.5404946],[-57.1398498,-25.5405079],[-57.1399916,-25.5405529],[-57.1401085,-25.5406973],[-57.1402252,-25.540774],[-57.1403587,-25.5407964],[-57.1405002,-25.5407737],[-57.1406668,-25.5406968],[-57.1408503,-25.540674],[-57.1410584,-25.5406603],[-57.1413693,-25.5405661],[-57.1415668,-25.5405063],[-57.1417835,-25.5404248],[-57.1421248,-25.5402258],[-57.1422831,-25.5401579],[-57.1424333,-25.5401262],[-57.1426666,-25.540135],[-57.1428501,-25.5401664],[-57.1431167,-25.5402023],[-57.1433252,-25.5402698],[-57.1435753,-25.5403011],[-57.1439922,-25.5402917],[-57.1443088,-25.5402914],[-57.144559,-25.5403589],[-57.1447675,-25.5404806],[-57.1448511,-25.540616],[-57.1448846,-25.5408417],[-57.1448849,-25.5410629],[-57.14491,-25.5412525],[-57.1449945,-25.5414348],[-57.1450824,-25.5415007],[-57.1452345,-25.5416217],[-57.1453043,-25.5417014],[-57.1453793,-25.5418722],[-57.1454305,-25.5419117],[-57.1458345,-25.5420875],[-57.1461021,-25.5421495],[-57.146304,-25.5421751],[-57.1463781,-25.5421812],[-57.1466809,-25.5421067],[-57.1467563,-25.5420995],[-57.1469426,-25.5421428],[-57.1470948,-25.5422022],[-57.1472953,-25.5423293],[-57.1474705,-25.5424375],[-57.1476038,-25.5425277],[-57.1478038,-25.5425636],[-57.1480706,-25.5424865],[-57.1482205,-25.5424593],[-57.1484373,-25.5424726],[-57.1487124,-25.5425581],[-57.148904,-25.5425625],[-57.1491377,-25.5425712],[-57.1492793,-25.5426163],[-57.1495546,-25.5426927],[-57.1497796,-25.5427602],[-57.1500632,-25.5429406],[-57.1501299,-25.5430443],[-57.1501887,-25.5432565],[-57.1503473,-25.5434685],[-57.150531,-25.5436264],[-57.1506895,-25.5437481],[-57.1508396,-25.5438699],[-57.1510481,-25.5439374],[-57.1512148,-25.5439824],[-57.1513483,-25.5440048],[-57.1515401,-25.5441175],[-57.1516236,-25.5442077],[-57.1517571,-25.5442843],[-57.1520073,-25.5443834],[-57.152349,-25.5444734],[-57.1524908,-25.5444822],[-57.1525657,-25.5444054],[-57.1526822,-25.5442924],[-57.1527823,-25.5442291],[-57.1529322,-25.5442244],[-57.1530906,-25.5442468],[-57.1532822,-25.5442692],[-57.1534405,-25.5442374],[-57.1534821,-25.5441787],[-57.1535344,-25.5441467],[-57.1536303,-25.5441317],[-57.1536832,-25.5441255],[-57.1537705,-25.5441125],[-57.1539279,-25.5440144],[-57.154057,-25.5439794],[-57.1542405,-25.5439476],[-57.1546904,-25.543753],[-57.1549483,-25.543554],[-57.1551646,-25.5431791],[-57.1554228,-25.5429259],[-57.1556642,-25.5427089],[-57.1560557,-25.5425731],[-57.1561891,-25.5425323],[-57.1564224,-25.5425275],[-57.1565475,-25.5425771],[-57.1566392,-25.5425544],[-57.1568306,-25.5423871],[-57.1570223,-25.5422244],[-57.1571554,-25.542152],[-57.1573219,-25.5420344],[-57.1574551,-25.5418221],[-57.1575715,-25.5416323],[-57.1577296,-25.5414741],[-57.157863,-25.5414514],[-57.158013,-25.5415009],[-57.1580885,-25.5416092],[-57.1582385,-25.5416993],[-57.158397,-25.5417985],[-57.1586387,-25.5418343],[-57.1588641,-25.5419786],[-57.1589641,-25.5420913],[-57.1591811,-25.542204],[-57.1595062,-25.5422894],[-57.1597644,-25.5422891],[-57.1599896,-25.5422889],[-57.1601563,-25.5422481],[-57.1603061,-25.5421486],[-57.160431,-25.542031],[-57.1605559,-25.5419],[-57.1606475,-25.541787],[-57.160764,-25.5417191],[-57.1608974,-25.5416603],[-57.1610056,-25.5416511],[-57.1611724,-25.5416735],[-57.1612308,-25.5416373],[-57.1612889,-25.5415379],[-57.1613888,-25.5414069],[-57.1615054,-25.5413119],[-57.1617135,-25.5411221],[-57.1619048,-25.540878],[-57.1619547,-25.540729],[-57.1620045,-25.5405077],[-57.1620624,-25.5403044],[-57.1621206,-25.5401509],[-57.162187,-25.5400153],[-57.1622786,-25.5398933],[-57.1624536,-25.5398209],[-57.1626119,-25.5397755],[-57.1628451,-25.5397076],[-57.1630203,-25.5397345],[-57.1630786,-25.5398563],[-57.1631287,-25.5399014],[-57.1630956,-25.5400369],[-57.1630706,-25.5401588],[-57.1630708,-25.5402717],[-57.1630793,-25.540371],[-57.1631543,-25.5404026],[-57.1632295,-25.5403844],[-57.163371,-25.540312],[-57.1635044,-25.5402848],[-57.1637461,-25.5403251],[-57.1639629,-25.5403249],[-57.1641377,-25.5402615],[-57.1642462,-25.5402252],[-57.1643793,-25.5402386],[-57.1645044,-25.5403017],[-57.164638,-25.5403467],[-57.1648463,-25.5403149],[-57.164988,-25.5402334],[-57.1651126,-25.5400888],[-57.1651957,-25.5398991],[-57.1652455,-25.5397274],[-57.1653123,-25.539619],[-57.1654287,-25.539506],[-57.1655452,-25.539384],[-57.1656032,-25.5392349],[-57.1656366,-25.5390994],[-57.1656614,-25.5390136],[-57.1657695,-25.5389322],[-57.1658528,-25.538914],[-57.166028,-25.5389138],[-57.1662031,-25.5389001],[-57.1664531,-25.5388411],[-57.1666614,-25.5387551],[-57.166836,-25.5386646],[-57.1669694,-25.5385741],[-57.1671107,-25.5384746],[-57.1673108,-25.5383164],[-57.1674774,-25.5382123],[-57.1675939,-25.5381219],[-57.1676772,-25.5380224],[-57.1678269,-25.5378552],[-57.1680599,-25.5376879],[-57.1682765,-25.5375522],[-57.1684595,-25.5374165],[-57.1686096,-25.5372583],[-57.1686676,-25.5371499],[-57.1687175,-25.5370279],[-57.1687341,-25.5368924],[-57.1687004,-25.5368247],[-57.1686254,-25.5367706],[-57.1685254,-25.5366985],[-57.168442,-25.5366309],[-57.1683918,-25.5365632],[-57.1683416,-25.5364549],[-57.1683498,-25.536333],[-57.1684745,-25.5361206],[-57.168824,-25.5357726],[-57.1690906,-25.5356368],[-57.1693239,-25.5356004],[-57.1695237,-25.5354918],[-57.1696903,-25.5353742],[-57.1697485,-25.5352071],[-57.1698818,-25.5350941],[-57.17004,-25.5350307],[-57.1701482,-25.5349718],[-57.1702561,-25.5347505],[-57.170356,-25.5345833],[-57.1704893,-25.5344477],[-57.1705888,-25.5341902],[-57.1705886,-25.5340954],[-57.1706218,-25.5340412],[-57.1707967,-25.5338965],[-57.1709385,-25.533815],[-57.1710633,-25.5336839],[-57.171163,-25.5335393],[-57.1713127,-25.5334353],[-57.1713794,-25.5333224],[-57.1714293,-25.5332004],[-57.1715875,-25.5330693],[-57.1716707,-25.5329879],[-57.1717705,-25.5329742],[-57.1718538,-25.5329335],[-57.1719787,-25.5328295],[-57.1720787,-25.5326939],[-57.1721283,-25.5325855],[-57.1722452,-25.5325267],[-57.1723782,-25.5324723],[-57.1725199,-25.5323457],[-57.1726279,-25.5321876],[-57.1727111,-25.5320927],[-57.1728694,-25.5320473],[-57.1730027,-25.5319794],[-57.1733859,-25.5317848],[-57.1736107,-25.5317439],[-57.1739109,-25.5317842],[-57.1740441,-25.5318111],[-57.1742277,-25.5318741],[-57.174386,-25.5318649],[-57.1745278,-25.5318647],[-57.1746778,-25.5318646],[-57.1748027,-25.5318283],[-57.1750194,-25.5317377],[-57.175194,-25.5316292],[-57.1754522,-25.5314121],[-57.175596,-25.5312859],[-57.1758509,-25.5311648],[-57.1763106,-25.5310878],[-57.1764805,-25.5310089],[-57.1764858,-25.531018],[-57.1766415,-25.5311398],[-57.176818,-25.5312163],[-57.1769424,-25.5312162],[-57.1770876,-25.5311979],[-57.1773988,-25.5310756],[-57.1775438,-25.530931],[-57.1775464,-25.5309257],[-57.1776266,-25.5307638],[-57.1777924,-25.5305469],[-57.1779685,-25.5304248],[-57.1780826,-25.5303569],[-57.1782483,-25.5303386],[-57.1784561,-25.5303384],[-57.1786014,-25.5303472],[-57.1787259,-25.5304238],[-57.1788504,-25.5304779],[-57.1788701,-25.5304982],[-57.1789336,-25.5305636],[-57.1790168,-25.5306583],[-57.1791102,-25.530771],[-57.1792972,-25.5307889],[-57.1794424,-25.53073],[-57.1795459,-25.5306847],[-57.1796494,-25.5304951],[-57.1798358,-25.5303006],[-57.1800638,-25.5301107],[-57.1803333,-25.5299794],[-57.1807689,-25.5299021],[-57.1809972,-25.5299018],[-57.1813295,-25.5299782],[-57.18134,-25.5301091],[-57.1813565,-25.5301844],[-57.1813818,-25.5304477],[-57.1814859,-25.5305694],[-57.1816521,-25.5306279],[-57.1817453,-25.5305601],[-57.1817865,-25.5304743],[-57.1817862,-25.5302846],[-57.1817964,-25.5299866],[-57.1818209,-25.529892],[-57.181848,-25.5297879],[-57.1819412,-25.5297426],[-57.1821697,-25.5298236],[-57.1823045,-25.5299363],[-57.1826471,-25.5300307],[-57.1828545,-25.5299853],[-57.183062,-25.5299941],[-57.1833112,-25.5300795],[-57.1834566,-25.5301516],[-57.1835919,-25.5303501],[-57.1836646,-25.5305216],[-57.18381,-25.5306433],[-57.1840281,-25.5306972],[-57.1843807,-25.5306245],[-57.1848368,-25.5304795],[-57.1851895,-25.5302533],[-57.1853968,-25.5301672],[-57.186009,-25.5302432],[-57.1862375,-25.5303468],[-57.186414,-25.5304504],[-57.1865177,-25.5305631],[-57.1866322,-25.5307436],[-57.1867883,-25.5309285],[-57.1869649,-25.5310818],[-57.1871621,-25.5311267],[-57.1873074,-25.5311085],[-57.1874939,-25.5310315],[-57.1876078,-25.5308913],[-57.1876697,-25.5307107],[-57.1880013,-25.5303264],[-57.1883536,-25.5300641],[-57.1887785,-25.529883],[-57.1893743,-25.5297964],[-57.1896219,-25.5297818]]},"properties":{"waterway":"stream"}},{"type":"Feature","geometry":{"type":"LineString","coordinates":[[-57.1054303,-25.5677332],[-57.1057127,-25.5679282],[-57.1059985,-25.5680162],[-57.1061554,-25.5680665],[-57.1063192,-25.5681703],[-57.1065249,-25.5683621],[-57.1073406,-25.5685979],[-57.1083654,-25.5686451],[-57.1090451,-25.5686231],[-57.1093304,-25.5685357],[-57.109446,-25.5685147],[-57.1095794,-25.568461],[-57.109724,-25.5682746],[-57.1098497,-25.5681708],[-57.1099767,-25.5680041],[-57.1100714,-25.5678231],[-57.1101892,-25.56775],[-57.1103166,-25.5677219],[-57.1104413,-25.5677217],[-57.1105166,-25.5676946],[-57.1105725,-25.5676377],[-57.1106679,-25.5675618],[-57.1107175,-25.567524],[-57.1108583,-25.5674673],[-57.1110111,-25.5673537],[-57.1112761,-25.5672014],[-57.1114223,-25.5671675],[-57.1116655,-25.5671365],[-57.1119551,-25.5670503],[-57.1120705,-25.5669386],[-57.1121384,-25.5667291],[-57.1122462,-25.5665598],[-57.1123979,-25.5664814],[-57.1125125,-25.5664244],[-57.1126364,-25.5664023],[-57.112742,-25.5664079],[-57.1128412,-25.5663446],[-57.11294,-25.5661956],[-57.1130392,-25.5661052],[-57.1132041,-25.5660825],[-57.1134023,-25.5660823],[-57.113559,-25.5660596],[-57.1137736,-25.5659556],[-57.1138889,-25.5658517],[-57.1140375,-25.5657251],[-57.1141778,-25.5656708],[-57.1142518,-25.5656572],[-57.11445,-25.5656255],[-57.1145987,-25.5656118],[-57.1147636,-25.565571],[-57.1148708,-25.5654987],[-57.1149945,-25.5653722],[-57.1154154,-25.5652635],[-57.1156465,-25.5651866],[-57.116026,-25.5651095],[-57.1162241,-25.5650597],[-57.1164717,-25.5650143],[-57.1167028,-25.5649916],[-57.1168761,-25.565005],[-57.117028,-25.5650536],[-57.1171818,-25.5651402],[-57.1173138,-25.5652439],[-57.1174461,-25.565307],[-57.1176604,-25.5652843],[-57.1179081,-25.565248],[-57.1181476,-25.5652478],[-57.1183044,-25.5652612],[-57.1184858,-25.5652023],[-57.118618,-25.5651797],[-57.1187005,-25.5652473],[-57.1187585,-25.5653827],[-57.118841,-25.5654504],[-57.1190392,-25.5654593],[-57.1191795,-25.5654411],[-57.1194601,-25.5653957],[-57.1196252,-25.5652782],[-57.1197486,-25.5652013],[-57.1199138,-25.5652283],[-57.1200626,-25.5652598],[-57.1201864,-25.5652055],[-57.1203101,-25.5651693],[-57.1204669,-25.5651511],[-57.1205155,-25.5651656],[-57.1206484,-25.5652051],[-57.1207807,-25.5653269],[-57.1209211,-25.5654442],[-57.1210697,-25.5655569],[-57.1212265,-25.5655929],[-57.1213833,-25.5655702],[-57.1215071,-25.5655656],[-57.1216473,-25.5654707],[-57.1217794,-25.5652899],[-57.1219361,-25.5651724],[-57.1220843,-25.5650368],[-57.122208,-25.5649013],[-57.1223895,-25.5646483],[-57.1225874,-25.5644043],[-57.1227606,-25.5642868],[-57.1228843,-25.5642415],[-57.1230906,-25.5642729],[-57.123297,-25.5643811],[-57.123454,-25.5645255],[-57.1235944,-25.5646608],[-57.1238257,-25.5647283],[-57.1241064,-25.5647958],[-57.1243296,-25.5649582],[-57.1244864,-25.5649716],[-57.1246268,-25.5650663],[-57.1247094,-25.5651701],[-57.1248084,-25.5652242],[-57.1249737,-25.5653008],[-57.1250184,-25.5652782],[-57.1251741,-25.5653819],[-57.1253194,-25.5653998],[-57.1256308,-25.5653815],[-57.1260047,-25.5655437],[-57.1261811,-25.5656158],[-57.1263678,-25.5656382],[-57.1265339,-25.5655975],[-57.126783,-25.5654844],[-57.1270526,-25.5653171],[-57.1272287,-25.5650234],[-57.1274359,-25.5647523],[-57.1276227,-25.5645625],[-57.1278714,-25.5643546],[-57.1282241,-25.5642414],[-57.1285353,-25.5641012],[-57.1289502,-25.5639383],[-57.1294899,-25.5638159],[-57.130154,-25.5637024],[-57.1305577,-25.5636801],[-57.1307982,-25.5634757],[-57.1309629,-25.5631463],[-57.131191,-25.5628842],[-57.1313048,-25.5625997],[-57.1314393,-25.5623377],[-57.1317505,-25.5621884],[-57.1320411,-25.5621881],[-57.1324562,-25.5622329],[-57.1329338,-25.5622867],[-57.1332866,-25.5622864],[-57.1336811,-25.5622995],[-57.1340544,-25.5622495],[-57.1343243,-25.5621364],[-57.1346978,-25.5620322],[-57.1349363,-25.5618559],[-57.135102,-25.5617609],[-57.1352785,-25.5615802],[-57.1355891,-25.5611464],[-57.1359003,-25.5609565],[-57.1360455,-25.5609022],[-57.1361908,-25.560902],[-57.1362429,-25.5609697],[-57.136243,-25.5611187],[-57.1362223,-25.5612316],[-57.1362016,-25.5613626],[-57.1361813,-25.5615703],[-57.1361815,-25.5617193],[-57.1362332,-25.5618141],[-57.1363683,-25.561841],[-57.1365758,-25.5618634],[-57.1368041,-25.5618226],[-57.1370324,-25.5617185],[-57.1371567,-25.5613963],[-57.1372962,-25.5610382],[-57.1373225,-25.5605526],[-57.1373912,-25.560441],[-57.1376157,-25.5598445],[-57.1378241,-25.5596072],[-57.1387205,-25.5590783],[-57.1394902,-25.5588169],[-57.1399138,-25.558659],[-57.1403289,-25.5585051],[-57.140806,-25.5583556],[-57.1425283,-25.5579238]]},"properties":{"name":"Arroyo Mbaiovi","waterway":"stream"}},{"type":"Feature","geometry":{"type":"LineString","coordinates":[[-57.1155514,-25.5482396],[-57.1157874,-25.5481191],[-57.1162732,-25.547818],[-57.1171029,-25.5471729],[-57.1172562,-25.5468732],[-57.1173477,-25.5467676],[-57.1174265,-25.546735],[-57.1174648,-25.5467484],[-57.1174967,-25.5468003],[-57.1175329,-25.5468867],[-57.1176245,-25.5469405],[-57.1177224,-25.5469347],[-57.1177799,-25.5468925],[-57.1178544,-25.5467676],[-57.1180098,-25.5465794],[-57.1182035,-25.5464123],[-57.1183653,-25.5463297],[-57.1185079,-25.5462701],[-57.1186612,-25.5462317],[-57.1189392,-25.5461849],[-57.1190976,-25.5461924],[-57.119231,-25.5462301],[-57.1193723,-25.5463123],[-57.1196044,-25.5464369],[-57.1198806,-25.5466039],[-57.1200523,-25.546691],[-57.1202025,-25.5467491],[-57.1203715,-25.546766],[-57.1205378,-25.546737],[-57.1206692,-25.5467031],[-57.1208516,-25.5466862],[-57.1210018,-25.5466934],[-57.121152,-25.5467491],[-57.1213907,-25.5468895],[-57.1217515,-25.547062],[-57.1220409,-25.547152],[-57.122869,-25.5471581],[-57.1230601,-25.5472224],[-57.1234019,-25.5474547],[-57.1235702,-25.5474949],[-57.1237103,-25.547482],[-57.1238252,-25.5474352],[-57.1239357,-25.5474428],[-57.1240837,-25.5474969],[-57.1242807,-25.5476205],[-57.1246275,-25.5477934],[-57.1250525,-25.5480845],[-57.1251483,-25.5481156],[-57.1253979,-25.5481011],[-57.1255967,-25.5480809],[-57.1258839,-25.5480406],[-57.1260538,-25.5479834],[-57.1262399,-25.5478875],[-57.1264647,-25.5478189],[-57.1266797,-25.5477737],[-57.1268065,-25.547779],[-57.1268879,-25.5478122],[-57.1269181,-25.5478245],[-57.1270547,-25.5479193],[-57.1274525,-25.5480793],[-57.1276737,-25.5482595],[-57.1280069,-25.5482881],[-57.1284321,-25.5483357]]},"properties":{"name":"Arroyo Tairy","waterway":"stream"}},{"type":"Feature","geometry":{"type":"LineString","coordinates":[[-57.0983654,-25.5787267],[-57.0987284,-25.5785052],[-57.0989345,-25.5782838],[-57.0991241,-25.5780625],[-57.0993056,-25.577814],[-57.0994872,-25.5776333],[-57.099784,-25.5771906],[-57.0999569,-25.5767976],[-57.1001957,-25.5761518],[-57.100435,-25.5758536],[-57.1006491,-25.5755149],[-57.100905,-25.5752302],[-57.1009958,-25.5751715],[-57.1014494,-25.574828],[-57.1017627,-25.5744485],[-57.1019358,-25.5742],[-57.1020679,-25.5739968],[-57.1021916,-25.573789],[-57.1023233,-25.5735993],[-57.1026287,-25.573432],[-57.1028928,-25.5732828],[-57.1031733,-25.573111],[-57.103404,-25.5729302],[-57.1036434,-25.5727269],[-57.1038495,-25.5725687],[-57.1041631,-25.5724646],[-57.1043528,-25.5723516],[-57.1046003,-25.5722341],[-57.1051781,-25.5721704],[-57.1054751,-25.5720935],[-57.1057063,-25.5720391],[-57.1059787,-25.5719441],[-57.1061435,-25.5718401],[-57.1063745,-25.5715736],[-57.1064403,-25.5714245],[-57.106498,-25.5712303],[-57.1065062,-25.5710316],[-57.1065061,-25.570914],[-57.1066049,-25.5707426]]},"properties":{"name":"Arroyo Mbaiovi","waterway":"stream"}},{"type":"Feature","geometry":{"type":"LineString","coordinates":[[-57.106677,-25.5959364],[-57.1069753,-25.5957701],[-57.1076761,-25.5953145],[-57.1079006,-25.5950788],[-57.1080434,-25.5947273],[-57.1081444,-25.5942645],[-57.1082278,-25.5934921],[-57.1084154,-25.593051],[-57.1088388,-25.5927501],[-57.1097497,-25.5925433],[-57.1105997,-25.592335],[-57.1110118,-25.5923784],[-57.1117447,-25.5925679],[-57.1120943,-25.5926084],[-57.11297,-25.5929295],[-57.1132426,-25.5929613],[-57.1138504,-25.5928658],[-57.1141375,-25.5927212],[-57.1143187,-25.592552],[-57.114431,-25.592497],[-57.1147357,-25.592429],[-57.1149538,-25.5922974],[-57.1155295,-25.5920732],[-57.1155428,-25.5920603],[-57.1156273,-25.5919778],[-57.1157701,-25.5916885],[-57.1157861,-25.5915323],[-57.1158182,-25.5912661],[-57.1159497,-25.5911172],[-57.1163522,-25.5908655],[-57.1163843,-25.5908409],[-57.1165415,-25.5906182],[-57.1168125,-25.590284],[-57.1169969,-25.5899904],[-57.1171942,-25.5896245],[-57.1172583,-25.5895493],[-57.1176849,-25.589179],[-57.1179415,-25.5887827],[-57.1182655,-25.5885556],[-57.1182987,-25.5885405],[-57.1189759,-25.588233],[-57.1193704,-25.5880739],[-57.1196318,-25.5880667],[-57.1201194,-25.5880638],[-57.1204305,-25.5880305],[-57.1209437,-25.5879582],[-57.1214601,-25.5880377],[-57.1216798,-25.588113],[-57.1217037,-25.588114],[-57.1218514,-25.5881202],[-57.1220903,-25.5880667],[-57.1223132,-25.5880667],[-57.1225121,-25.5880623],[-57.1226677,-25.5880016],[-57.1228713,-25.5879032],[-57.1229307,-25.5878917],[-57.1232429,-25.5877713],[-57.1235592,-25.5877752],[-57.1239272,-25.5878295],[-57.1243747,-25.5877907],[-57.1248072,-25.5876782],[-57.125315,-25.5877247],[-57.1257582,-25.5878761],[-57.1258313,-25.5878683],[-57.1260121,-25.5878082],[-57.1262229,-25.5876646],[-57.1265758,-25.5875637],[-57.126877,-25.5875423],[-57.1270578,-25.5876025],[-57.1271826,-25.5876879],[-57.1272536,-25.5878121],[-57.1273289,-25.5880081],[-57.127473,-25.58814],[-57.1276796,-25.5882603],[-57.1278388,-25.5883768],[-57.1279356,-25.5884253],[-57.1280592,-25.5884479],[-57.129234,-25.5882318],[-57.129874,-25.5881813],[-57.1301031,-25.5882804],[-57.1303641,-25.5884743],[-57.13057,-25.5887225],[-57.1307757,-25.5889751],[-57.1311636,-25.5893902],[-57.1313455,-25.5895842],[-57.1315593,-25.5899045],[-57.1319733,-25.5902529],[-57.1320186,-25.5903156],[-57.1320462,-25.5903765],[-57.1320518,-25.5904942],[-57.1320275,-25.5909314],[-57.1321277,-25.5912446],[-57.1322012,-25.5914617],[-57.1323076,-25.5916588],[-57.1323596,-25.591755],[-57.1325731,-25.5918452],[-57.1327313,-25.5919263],[-57.132945,-25.5921564],[-57.133127,-25.5923549],[-57.1333722,-25.5925985],[-57.1336095,-25.5928059],[-57.1339575,-25.5928282],[-57.1341866,-25.5926338],[-57.1342733,-25.5925118],[-57.1344077,-25.592453],[-57.1345577,-25.592498],[-57.1347159,-25.5925837],[-57.1348982,-25.5928048],[-57.1350801,-25.5929626],[-57.1353173,-25.5930256],[-57.1355545,-25.5930705],[-57.1359656,-25.5931334],[-57.1363132,-25.5931421],[-57.1365662,-25.5931419],[-57.1371196,-25.5932045],[-57.1375227,-25.593317],[-57.1377126,-25.5933485],[-57.1378312,-25.5933529],[-57.137891,-25.5933589],[-57.1380143,-25.5933203],[-57.1380496,-25.5933155],[-57.1380861,-25.5933198],[-57.1381598,-25.5933551],[-57.1383609,-25.5934337],[-57.1385191,-25.5934967],[-57.1388036,-25.5935687],[-57.1393098,-25.5937849],[-57.139373,-25.5937758],[-57.1395074,-25.5937035],[-57.1396542,-25.5936843],[-57.1398473,-25.5937664],[-57.1399582,-25.5939423],[-57.1401798,-25.5941634],[-57.1403299,-25.5942626],[-57.1405199,-25.594443],[-57.1407019,-25.594637],[-57.1407653,-25.594813],[-57.1408842,-25.595156],[-57.141106,-25.595359],[-57.1413511,-25.5954717],[-57.1417388,-25.595679],[-57.1420156,-25.5958232],[-57.1422212,-25.595972],[-57.1423954,-25.5961795],[-57.1425538,-25.5964683],[-57.1426883,-25.596554],[-57.142862,-25.5966035],[-57.1430755,-25.5965536],[-57.1432571,-25.5964225],[-57.1433995,-25.596323],[-57.1436048,-25.5962596],[-57.1438496,-25.596142],[-57.1440864,-25.5958844],[-57.1441811,-25.5957443],[-57.1443154,-25.5956042],[-57.1444734,-25.5954912],[-57.1446549,-25.595333],[-57.1447656,-25.5952245],[-57.1450892,-25.5949623],[-57.1452314,-25.5949035],[-57.1453658,-25.5948943],[-57.1455398,-25.5949754],[-57.1457534,-25.5950835],[-57.1460776,-25.5952232],[-57.1461648,-25.5953044],[-57.14622,-25.5953811],[-57.1462837,-25.5955345],[-57.1463234,-25.5957106],[-57.1464342,-25.5959994],[-57.1465216,-25.5961709],[-57.1466085,-25.5962566],[-57.1468535,-25.5963693],[-57.1470907,-25.5964187],[-57.1472648,-25.5964998],[-57.1474153,-25.5966441],[-57.1475972,-25.5967433],[-57.1477475,-25.5967567],[-57.1479369,-25.5966842],[-57.1480082,-25.5966796],[-57.1481345,-25.5966931],[-57.1482296,-25.5968013],[-57.148293,-25.5969774],[-57.1483408,-25.5971083],[-57.1483564,-25.5972166],[-57.1484356,-25.5973294],[-57.1486257,-25.5974872],[-57.1487998,-25.5976361],[-57.1490212,-25.5977307],[-57.1491557,-25.5977892],[-57.1492902,-25.5978297],[-57.1494088,-25.5978386],[-57.1495746,-25.5977798],[-57.1497722,-25.5977705],[-57.1498749,-25.5977704],[-57.1500488,-25.5977206],[-57.1501989,-25.5975985],[-57.1503883,-25.597499],[-57.1505544,-25.5974401],[-57.1507679,-25.5973857],[-57.1509573,-25.5973539],[-57.1511314,-25.5973898],[-57.1514399,-25.5974708],[-57.1516849,-25.5975473],[-57.1518747,-25.5975561],[-57.1520878,-25.5974972],[-57.1522853,-25.5973706],[-57.1524984,-25.5970949],[-57.152514,-25.5969098],[-57.1526164,-25.5966388],[-57.1528296,-25.5963857],[-57.1529402,-25.5962772],[-57.1531848,-25.5960106],[-57.1532242,-25.5959564],[-57.1535259,-25.5953975],[-57.1536318,-25.5952294],[-57.1537011,-25.5951165],[-57.1537304,-25.5950678],[-57.1540055,-25.5948313],[-57.1541079,-25.5946551],[-57.154171,-25.5945421],[-57.154242,-25.5943569],[-57.1543128,-25.594262],[-57.1544097,-25.59406],[-57.1545329,-25.5938391],[-57.1547563,-25.5935688],[-57.1548826,-25.593421],[-57.1550066,-25.5932067],[-57.1551453,-25.5929199],[-57.1551786,-25.5929048],[-57.1552069,-25.5929161],[-57.1553264,-25.5929633],[-57.1554233,-25.5929757],[-57.1555855,-25.5929279],[-57.1557498,-25.5929285],[-57.155987,-25.5930276],[-57.1563191,-25.5930905],[-57.1566117,-25.5931579],[-57.1568885,-25.5932434],[-57.1571888,-25.5932069],[-57.1572913,-25.593112],[-57.1573466,-25.59299],[-57.1574413,-25.5928274],[-57.1575596,-25.5926873],[-57.1578439,-25.592547],[-57.1580177,-25.5924159],[-57.1581201,-25.5922216],[-57.1581516,-25.5920365],[-57.1582145,-25.5918197],[-57.1583011,-25.5916706],[-57.1584431,-25.5915259],[-57.1585775,-25.5914761],[-57.1587592,-25.5914759],[-57.1588711,-25.5914888],[-57.1590116,-25.5914983],[-57.1591703,-25.5914981],[-57.1594075,-25.5914888],[-57.1597236,-25.5914749],[-57.1599293,-25.5914746],[-57.1601978,-25.5914608],[-57.1604507,-25.5913747],[-57.1606009,-25.5912798],[-57.1607349,-25.5911893],[-57.160885,-25.5910718],[-57.1611536,-25.5908502],[-57.1612957,-25.5907507],[-57.1615009,-25.5906331],[-57.1615799,-25.5905924],[-57.1619743,-25.5900185],[-57.1620613,-25.5898965],[-57.1621951,-25.5896435],[-57.1623134,-25.5894583],[-57.1624871,-25.5892955],[-57.1626373,-25.5892141],[-57.1627715,-25.5890559],[-57.1628027,-25.5888843],[-57.1628026,-25.5887624],[-57.1627074,-25.5885999],[-57.1625969,-25.5885278],[-57.1624465,-25.5884919],[-57.1622725,-25.5884424],[-57.162225,-25.5883205],[-57.1622721,-25.588167],[-57.1624064,-25.5880268],[-57.1625484,-25.5879228],[-57.1626168,-25.5878254],[-57.1627026,-25.5877106],[-57.1627992,-25.5876456],[-57.1629518,-25.5875864],[-57.163085,-25.5875025],[-57.1631509,-25.5874254],[-57.1631882,-25.5873202],[-57.1632393,-25.5872534],[-57.1632827,-25.587159],[-57.1634639,-25.5867253],[-57.1636132,-25.5862826],[-57.1637556,-25.586138],[-57.164008,-25.5859887],[-57.1641899,-25.5858666],[-57.1642765,-25.5857356],[-57.1642526,-25.5855279],[-57.1641892,-25.5853564],[-57.1639278,-25.5851399],[-57.1637855,-25.5850498],[-57.1636431,-25.5848964],[-57.1635956,-25.584743],[-57.1635873,-25.5845624],[-57.1636187,-25.5843095],[-57.1637132,-25.5840746],[-57.1638075,-25.5838578],[-57.1638944,-25.5836951],[-57.1640285,-25.5834376],[-57.1642572,-25.5832206],[-57.1643124,-25.5830761],[-57.164344,-25.582927],[-57.1644933,-25.5824483],[-57.1645801,-25.5822089],[-57.1646349,-25.5820011],[-57.1647611,-25.5817165],[-57.1648559,-25.581599],[-57.1649743,-25.5815086],[-57.1651163,-25.5813775],[-57.1652743,-25.5812689],[-57.165448,-25.5811604],[-57.1655901,-25.5810564],[-57.1657481,-25.5809884],[-57.1658901,-25.5808528],[-57.1660403,-25.5808165],[-57.1661744,-25.5808164],[-57.1664115,-25.580789],[-57.166712,-25.5806939],[-57.1668699,-25.5805853],[-57.1670277,-25.5804091],[-57.1670748,-25.5802555],[-57.1670745,-25.5800478],[-57.1670425,-25.5798717],[-57.1670423,-25.5797047],[-57.167042,-25.5795331],[-57.1670972,-25.579375],[-57.1672078,-25.5792123],[-57.1675234,-25.5788824],[-57.1676337,-25.5787423],[-57.1677601,-25.5785434],[-57.1678389,-25.5783763],[-57.1679019,-25.5782633],[-57.1680044,-25.5781413],[-57.1681387,-25.5780418],[-57.1682649,-25.5779694],[-57.1683678,-25.5779332],[-57.1685414,-25.5779059],[-57.1687234,-25.5779102],[-57.1688816,-25.5779823],[-57.1690239,-25.5780634],[-57.1692216,-25.5781399],[-57.1695538,-25.5782524],[-57.1697515,-25.5783199],[-57.1698364,-25.5783459],[-57.1699569,-25.5783829],[-57.1701705,-25.5784549],[-57.1703051,-25.5786037],[-57.1705898,-25.5788246],[-57.1707162,-25.5788967],[-57.1708743,-25.5789327],[-57.1710168,-25.5789054],[-57.1710798,-25.5787744],[-57.1710954,-25.5785802],[-57.1711348,-25.5784899],[-57.1712609,-25.5783723],[-57.1713558,-25.5783451],[-57.1714585,-25.578354],[-57.1716087,-25.5783223],[-57.1717191,-25.5782454],[-57.1717585,-25.5782002],[-57.1718059,-25.578015],[-57.1718134,-25.577866],[-57.1717655,-25.5776626],[-57.1717585,-25.5775879],[-57.1718051,-25.5775481],[-57.1719869,-25.5775226],[-57.1721034,-25.5774811],[-57.1723186,-25.577382],[-57.1723675,-25.5773521],[-57.1724487,-25.5773065],[-57.1726583,-25.577278],[-57.1727846,-25.5772553],[-57.1729427,-25.5772416],[-57.1730848,-25.5771872],[-57.1732508,-25.5771238],[-57.1734402,-25.5770017],[-57.1735745,-25.5769247],[-57.1736771,-25.5768885],[-57.1738903,-25.5767302],[-57.1739928,-25.5765946],[-57.1740876,-25.5765268],[-57.174222,-25.5764905],[-57.1744433,-25.576558],[-57.1745223,-25.5765579],[-57.1746725,-25.5764719],[-57.1747908,-25.5763183],[-57.1748616,-25.5762143],[-57.1749168,-25.5761285],[-57.1750352,-25.5759703],[-57.1750826,-25.5758528],[-57.1751849,-25.5756089],[-57.1751294,-25.5755006],[-57.1749789,-25.5753969],[-57.1748603,-25.5753294],[-57.1747656,-25.5752437],[-57.1746624,-25.5750948],[-57.1745912,-25.5749098],[-57.1745356,-25.5747879],[-57.174401,-25.5746571],[-57.1742122,-25.5744546],[-57.1740927,-25.5742963],[-57.1740134,-25.5742557],[-57.1739473,-25.5742133],[-57.1739265,-25.5741304],[-57.1739418,-25.5740075],[-57.1739745,-25.5739616],[-57.1739382,-25.5738999],[-57.1738631,-25.5738682],[-57.1737648,-25.5738768],[-57.1736337,-25.5738862],[-57.1734796,-25.5738167],[-57.1733429,-25.5737177],[-57.1731459,-25.5736182],[-57.17299,-25.5735933],[-57.1729558,-25.5735333],[-57.1730162,-25.5733654],[-57.1729505,-25.5728603],[-57.172987,-25.572759],[-57.1732792,-25.5725064],[-57.1734693,-25.5722772],[-57.1735164,-25.5721629],[-57.1735413,-25.572071],[-57.1735418,-25.5720689]]},"properties":{"name":"Arroyo Zanja Moroti","waterway":"stream"}},{"type":"Feature","geometry":{"type":"LineString","coordinates":[[-57.1258941,-25.5773252],[-57.1264512,-25.5772843],[-57.1267168,-25.5772201],[-57.1270341,-25.5771207],[-57.1272738,-25.5768578],[-57.1277272,-25.5765832],[-57.1280381,-25.5764488],[-57.1283406,-25.5761163],[-57.1285838,-25.575949],[-57.1287308,-25.575845],[-57.1291024,-25.5756099],[-57.1291232,-25.5755918],[-57.1292382,-25.5754156],[-57.1292868,-25.5752305],[-57.129318,-25.5750092],[-57.1293921,-25.5747879],[-57.1295273,-25.5746207],[-57.1296719,-25.5745258],[-57.1298697,-25.5744533],[-57.1301285,-25.574426],[-57.1305732,-25.5744482],[-57.1308072,-25.5744661],[-57.1310256,-25.5744433],[-57.1312187,-25.5743618],[-57.1313987,-25.5742488],[-57.1315532,-25.5740997],[-57.1316638,-25.5739009],[-57.1317162,-25.5737518],[-57.1317598,-25.573517],[-57.1317599,-25.5732822],[-57.1317798,-25.5730655],[-57.1318907,-25.5725958],[-57.1320362,-25.5721487],[-57.1320912,-25.5718822],[-57.1321033,-25.5714894],[-57.1320873,-25.5711553],[-57.132089,-25.5710018],[-57.1320571,-25.5708483],[-57.1320542,-25.5706993],[-57.132102,-25.5705954],[-57.1322329,-25.5705456],[-57.132585,-25.5704911],[-57.1326918,-25.5704042],[-57.1327894,-25.5702988],[-57.1329376,-25.5702323],[-57.1330399,-25.5701477],[-57.133123,-25.5699706],[-57.1331874,-25.5698036],[-57.1335442,-25.5695917],[-57.1337024,-25.56942],[-57.1338288,-25.5692709],[-57.1339565,-25.5690946],[-57.1342573,-25.5687602],[-57.134523,-25.5684439],[-57.1348273,-25.5681637],[-57.1350816,-25.56801],[-57.1355393,-25.5678018],[-57.1357418,-25.5676978],[-57.1359545,-25.5676073],[-57.1361629,-25.5675439],[-57.1363657,-25.5675121],[-57.1365374,-25.5675165],[-57.1369382,-25.5675928],[-57.1373285,-25.5676647],[-57.1375158,-25.5676962],[-57.1377249,-25.5677095],[-57.1382311,-25.5677],[-57.1386829,-25.5677176],[-57.1388914,-25.5677761],[-57.1390549,-25.5679069],[-57.1392085,-25.5681145],[-57.1393845,-25.5683085],[-57.1396529,-25.5684437],[-57.1399111,-25.5684344],[-57.1401721,-25.568398],[-57.1404194,-25.5683707],[-57.1406586,-25.5683163],[-57.141062,-25.5681759],[-57.1412685,-25.5681035],[-57.1414377,-25.5681033],[-57.1415602,-25.5682793],[-57.1416809,-25.5684823],[-57.1417694,-25.5685906],[-57.1419235,-25.5687485],[-57.1420778,-25.568938],[-57.1421754,-25.569132],[-57.1422438,-25.5693171],[-57.1423485,-25.569466],[-57.1425446,-25.5695471],[-57.1427599,-25.5695649],[-57.1430412,-25.5695692],[-57.1432098,-25.5695419],[-57.1433538,-25.5694966],[-57.1436198,-25.5692435],[-57.1437854,-25.5690627],[-57.1439669,-25.5688955],[-57.1442356,-25.5687598],[-57.144425,-25.568737],[-57.1446702,-25.5687232],[-57.144915,-25.5686959],[-57.1452152,-25.5686234],[-57.1455075,-25.5685237],[-57.1458471,-25.5684241],[-57.146163,-25.5682206],[-57.1463999,-25.5680939],[-57.1465896,-25.5680215],[-57.1468425,-25.5679625],[-57.1470873,-25.5679126],[-57.1473325,-25.5679259],[-57.1476247,-25.5680204],[-57.1478622,-25.5681195],[-57.1480913,-25.5681599],[-57.1484391,-25.5681776],[-57.1486921,-25.5681774],[-57.1489765,-25.5681816],[-57.1491504,-25.568213],[-57.1493086,-25.5683258],[-57.1494432,-25.5684746],[-57.1495303,-25.5687274],[-57.1496256,-25.5690072],[-57.1497285,-25.5692013],[-57.1498945,-25.569305],[-57.1501316,-25.5693408],[-57.1503609,-25.5693406],[-57.1505662,-25.5693404],[-57.1507955,-25.5692905],[-57.1510039,-25.5692197],[-57.1511812,-25.5691561],[-57.1512657,-25.5691514],[-57.1513912,-25.5691756],[-57.1515003,-25.5692279],[-57.1516369,-25.5692886],[-57.1517043,-25.5693257],[-57.1517977,-25.5693436],[-57.1519256,-25.569348],[-57.1523024,-25.5693566],[-57.1525233,-25.5693474],[-57.1527317,-25.5693156],[-57.1528924,-25.5692477],[-57.153032,-25.5691392],[-57.1531516,-25.5690036],[-57.1532632,-25.5688951],[-57.1533906,-25.5687956],[-57.1535377,-25.5687187],[-57.1535925,-25.5686623],[-57.1536987,-25.5686129],[-57.1538804,-25.5685861],[-57.1541133,-25.568618],[-57.1542433,-25.5686709],[-57.1543874,-25.56881],[-57.1545415,-25.5688645],[-57.1546905,-25.5688621],[-57.1548409,-25.5688091],[-57.1551131,-25.5687939],[-57.155406,-25.5687403],[-57.1555406,-25.5686668],[-57.1556676,-25.5686401],[-57.1557957,-25.5686538],[-57.1560037,-25.5687687],[-57.1561837,-25.5688077],[-57.1562895,-25.5688799],[-57.1564347,-25.5689768],[-57.1565688,-25.5690665],[-57.156705,-25.5692036],[-57.1568387,-25.5694345],[-57.157082,-25.5696574],[-57.157142,-25.5697985],[-57.1571936,-25.569878],[-57.1572581,-25.5699181],[-57.1573793,-25.5699611],[-57.1575424,-25.569955],[-57.157708,-25.5698792],[-57.1578364,-25.5698316],[-57.1580852,-25.5697179],[-57.1582115,-25.5697342],[-57.1584003,-25.5696798],[-57.1587506,-25.5696626],[-57.1588626,-25.5696787],[-57.1589553,-25.569759],[-57.1590362,-25.5698501],[-57.1590493,-25.570006],[-57.1591353,-25.5701101],[-57.1592446,-25.5701979],[-57.1593781,-25.5702413],[-57.1595715,-25.5702137],[-57.1597135,-25.5701367],[-57.1598613,-25.5700398],[-57.1600462,-25.5699735],[-57.1602903,-25.5699074],[-57.160423,-25.5699003],[-57.1605928,-25.5699013],[-57.1606973,-25.5699207],[-57.1608234,-25.5699927],[-57.1609537,-25.5700731],[-57.1613352,-25.5702453],[-57.1614543,-25.5702795],[-57.161518,-25.5702693],[-57.1616084,-25.5702288],[-57.1619067,-25.569852],[-57.1620255,-25.5696725],[-57.1621858,-25.5695281],[-57.1623334,-25.5694223],[-57.1625087,-25.5693502],[-57.1626142,-25.5693048],[-57.1627223,-25.5692988],[-57.16291,-25.569255],[-57.1630307,-25.5692576],[-57.1631358,-25.5692907],[-57.1631737,-25.5693522],[-57.1632764,-25.5694166],[-57.1634173,-25.5694629],[-57.1635754,-25.5695238],[-57.1636074,-25.5695662],[-57.1636072,-25.5696022],[-57.1635244,-25.5697411],[-57.1634824,-25.5701287],[-57.1635228,-25.57021],[-57.1638042,-25.5704027],[-57.1639119,-25.5704967],[-57.1640973,-25.5705693],[-57.1642465,-25.5706879],[-57.1644352,-25.5707101],[-57.1646914,-25.5708453],[-57.1648012,-25.570835],[-57.1648963,-25.5707576],[-57.1649758,-25.570705],[-57.1650864,-25.5706865],[-57.1652737,-25.5707315],[-57.1655559,-25.5707342],[-57.1658992,-25.5708183],[-57.1689671,-25.571723],[-57.1718015,-25.5719482],[-57.1722677,-25.5720566],[-57.1727683,-25.5721262],[-57.1729187,-25.5721905]]},"properties":{"waterway":"stream"}},{"type":"Feature","geometry":{"type":"LineString","coordinates":[[-57.1256488,-25.5802545],[-57.1259479,-25.5802678],[-57.1261119,-25.5802812],[-57.1262849,-25.5803082],[-57.1266102,-25.5804162],[-57.1268122,-25.5804703],[-57.1269974,-25.5805378],[-57.1272125,-25.5806008],[-57.1276665,-25.5806546],[-57.1280418,-25.5806769],[-57.128371,-25.5806856],[-57.1286038,-25.5806899],[-57.1287136,-25.5806898],[-57.1288533,-25.5807078],[-57.1289944,-25.580807],[-57.1292679,-25.581037],[-57.1294708,-25.581091],[-57.1299678,-25.5811267],[-57.130293,-25.581167],[-57.1306098,-25.5812119],[-57.1311432,-25.5812837],[-57.1314335,-25.5813241],[-57.1317236,-25.5813825],[-57.1319879,-25.5814545],[-57.1322773,-25.5815084],[-57.1325832,-25.5815578],[-57.1330165,-25.5816342],[-57.1335876,-25.5817556],[-57.13408,-25.5818635],[-57.1343339,-25.5819039],[-57.1345486,-25.5819263],[-57.1348548,-25.581935],[-57.1351094,-25.5819393],[-57.1357473,-25.5819568],[-57.1360899,-25.5819564],[-57.1363235,-25.5819246],[-57.1365543,-25.5818657],[-57.1367453,-25.5817707],[-57.1369508,-25.5816531],[-57.1371772,-25.5815445],[-57.1374752,-25.5814585],[-57.1378411,-25.581404],[-57.1381186,-25.5813856],[-57.1384469,-25.581392],[-57.1390191,-25.581423],[-57.1393232,-25.5814251],[-57.1398105,-25.5814698],[-57.1400847,-25.5814786],[-57.1403513,-25.5814783],[-57.1406158,-25.5814555],[-57.1408715,-25.5814146],[-57.1411434,-25.5813331],[-57.1414233,-25.581238],[-57.1416852,-25.5811474],[-57.1419766,-25.5810252],[-57.1422323,-25.5809211],[-57.142483,-25.5808712],[-57.1427179,-25.5808484],[-57.1431028,-25.5808526],[-57.1433262,-25.5808343],[-57.1435168,-25.5807573],[-57.1436776,-25.5806353],[-57.143969,-25.5802557],[-57.1441256,-25.5800795],[-57.1444964,-25.5797405],[-57.1446618,-25.5795868],[-57.1448253,-25.5794512],[-57.1450171,-25.579311],[-57.1451489,-25.5792296],[-57.1454042,-25.5791255],[-57.1456543,-25.579062],[-57.1461516,-25.5788448],[-57.1464085,-25.5787226],[-57.1465981,-25.5785915],[-57.1467575,-25.5784288],[-57.1469137,-25.5781668],[-57.1470277,-25.577977],[-57.1471775,-25.5778053],[-57.1476095,-25.5775527],[-57.147772,-25.5774959],[-57.1479424,-25.5774956],[-57.1481543,-25.5775314],[-57.1483942,-25.5776551],[-57.148678,-25.5776819],[-57.1489079,-25.5776365],[-57.1491492,-25.5775279],[-57.1494011,-25.5773922],[-57.1498083,-25.5771163],[-57.150017,-25.5770348],[-57.1502202,-25.5770527],[-57.1504049,-25.5771518],[-57.1504279,-25.5771834],[-57.1505668,-25.5775264],[-57.1507098,-25.5776572],[-57.1509485,-25.5777021],[-57.1512369,-25.5776838],[-57.1515748,-25.5776473],[-57.1521136,-25.5775609],[-57.152466,-25.5774793],[-57.1529509,-25.5773072],[-57.153214,-25.5772392],[-57.1534741,-25.5771802],[-57.1537183,-25.5771484],[-57.1539439,-25.5771481],[-57.1541909,-25.5770937],[-57.1543389,-25.5770303],[-57.1546827,-25.576741],[-57.1549032,-25.576655],[-57.1551589,-25.5766231],[-57.155442,-25.5766228],[-57.1556738,-25.5765684],[-57.1558441,-25.5764372],[-57.1560324,-25.5762158],[-57.1562164,-25.5760666],[-57.156453,-25.575967],[-57.1567141,-25.5759532],[-57.1569845,-25.5759484],[-57.1572554,-25.5758939],[-57.1574992,-25.5758079],[-57.1577094,-25.5756812],[-57.1579276,-25.575532],[-57.158116,-25.5754144],[-57.1583547,-25.5754006],[-57.1585598,-25.5754861],[-57.1587346,-25.575635],[-57.1589093,-25.5758018],[-57.1590714,-25.5759868],[-57.1592387,-25.5761401],[-57.1594714,-25.5763927],[-57.159549,-25.5764694],[-57.1596524,-25.5765325],[-57.1598005,-25.5765684],[-57.1599782,-25.5765366],[-57.160181,-25.5764687],[-57.1604101,-25.5763736],[-57.160622,-25.5763418],[-57.1606491,-25.5763463],[-57.1608714,-25.5764408],[-57.1612977,-25.5767339],[-57.1614675,-25.5769188],[-57.161587,-25.5771038],[-57.1616473,-25.5772934],[-57.1616167,-25.5776952],[-57.161629,-25.5778262],[-57.1617378,-25.5779886],[-57.16191,-25.5781058],[-57.1623437,-25.5783085],[-57.1627768,-25.5785078],[-57.1629838,-25.5785742],[-57.1632266,-25.5786371],[-57.1634133,-25.578655],[-57.1636105,-25.5786096],[-57.1637816,-25.5785191],[-57.1639339,-25.5784015],[-57.1640678,-25.5782659],[-57.1642745,-25.5779045],[-57.1643738,-25.5776876],[-57.1644672,-25.577516],[-57.1647276,-25.5772132],[-57.165018,-25.5768697],[-57.165169,-25.576707],[-57.1654284,-25.5763725],[-57.1656026,-25.5761556],[-57.1657271,-25.5759658],[-57.1658043,-25.5757851],[-57.1658863,-25.5754509],[-57.1659347,-25.5753064],[-57.1659865,-25.5752025],[-57.1660428,-25.5751618],[-57.1662572,-25.5751706],[-57.1663602,-25.575184],[-57.1666658,-25.5753095],[-57.1670774,-25.5755814],[-57.167221,-25.5756952],[-57.1673589,-25.575697],[-57.1674318,-25.5757199],[-57.1674716,-25.5757577],[-57.167672,-25.5758498],[-57.1678892,-25.5760893],[-57.1679941,-25.5762126],[-57.1681121,-25.5762508],[-57.1682192,-25.576242],[-57.1683007,-25.5761947],[-57.1683728,-25.5760656],[-57.1684225,-25.5760393],[-57.1685583,-25.5760495],[-57.1687342,-25.5761058],[-57.1687774,-25.5760841],[-57.1687835,-25.5759468],[-57.1688441,-25.575899],[-57.1689693,-25.575893],[-57.1690689,-25.5759428],[-57.1692486,-25.5760287],[-57.1692856,-25.5760291],[-57.1693143,-25.5759958],[-57.1693381,-25.5758919],[-57.169423,-25.5757114],[-57.169413,-25.5755317],[-57.1694314,-25.575386],[-57.1694518,-25.5752675],[-57.1695154,-25.5752461],[-57.1696291,-25.5752466],[-57.1697069,-25.5751975],[-57.1697085,-25.5751293],[-57.169634,-25.5750492],[-57.1696174,-25.574971],[-57.1696519,-25.5749153],[-57.1698043,-25.5748681],[-57.1699725,-25.5748344],[-57.1701679,-25.5748309],[-57.1703052,-25.5748648],[-57.1703597,-25.5748495],[-57.1704389,-25.5747861],[-57.1705146,-25.5747428],[-57.170613,-25.5747264],[-57.1707783,-25.5747342],[-57.1708739,-25.5747197],[-57.1709546,-25.5746574],[-57.1710266,-25.5746224],[-57.1710944,-25.5746271],[-57.1711929,-25.5746687],[-57.1713208,-25.5747376],[-57.1714321,-25.5747054],[-57.1715531,-25.5746529],[-57.1715745,-25.5745889],[-57.1715278,-25.5745255],[-57.1714842,-25.5744753],[-57.171487,-25.574437],[-57.1715059,-25.5744233],[-57.1715697,-25.574425],[-57.1716444,-25.5744358],[-57.1717117,-25.5743929],[-57.1717243,-25.5742828],[-57.1717602,-25.5742209],[-57.1719634,-25.5740144],[-57.1720781,-25.5738589],[-57.1721784,-25.5735292],[-57.1722159,-25.5734344],[-57.1722695,-25.5732447],[-57.172306,-25.5731182],[-57.1723371,-25.5728879],[-57.1723878,-25.5726621],[-57.1724275,-25.5725762],[-57.1725586,-25.5724],[-57.1726732,-25.572305],[-57.172774,-25.5722507],[-57.1729187,-25.5721905],[-57.172959,-25.5721737],[-57.1731683,-25.5721238],[-57.1735388,-25.5720692],[-57.1735418,-25.5720689],[-57.1739809,-25.5720281],[-57.1743557,-25.5720005],[-57.1745959,-25.5719686],[-57.1747722,-25.5719142],[-57.1749271,-25.5718463],[-57.1750971,-25.5717558],[-57.17526,-25.5716427],[-57.1754048,-25.5715252],[-57.1755297,-25.5713896],[-57.1756465,-25.5712269],[-57.1757128,-25.5710823],[-57.1757843,-25.5707842],[-57.1758302,-25.5704997],[-57.1758717,-25.5703326],[-57.1759564,-25.5701699],[-57.1761774,-25.5698717],[-57.1762984,-25.5696938],[-57.1763556,-25.5696096],[-57.1764911,-25.5694965],[-57.1766444,-25.5694241],[-57.1768061,-25.5693652],[-57.176956,-25.5692973],[-57.1770722,-25.5691662],[-57.1771186,-25.5690172],[-57.1771124,-25.5688366],[-57.1770786,-25.5686786],[-57.1770248,-25.5685206],[-57.1769586,-25.5683536],[-57.1769307,-25.568164],[-57.1769569,-25.5679924],[-57.1770356,-25.5678253],[-57.1772402,-25.5675225],[-57.1773707,-25.5673553],[-57.1774806,-25.5672016],[-57.1775774,-25.5670299],[-57.1776654,-25.5668221],[-57.1777604,-25.5664698],[-57.1778348,-25.566253],[-57.1779413,-25.5660858],[-57.1780559,-25.5659593],[-57.1781904,-25.5658417],[-57.178467,-25.5656382],[-57.1786063,-25.5655432],[-57.1787355,-25.5654392],[-57.1788498,-25.565281],[-57.1789304,-25.5651184],[-57.1789828,-25.5649512],[-57.1790196,-25.5646035],[-57.1791084,-25.5642964],[-57.179148,-25.5641112],[-57.179256,-25.5637454],[-57.1793613,-25.5634021],[-57.1793925,-25.563253],[-57.1793901,-25.5631085],[-57.1793479,-25.5629596],[-57.1792761,-25.5628062],[-57.1791313,-25.5625625],[-57.1790658,-25.5624317],[-57.1790301,-25.5622872],[-57.1790203,-25.5621473],[-57.1790652,-25.5620163],[-57.179183,-25.5619258],[-57.1793365,-25.5618444],[-57.1794705,-25.5617494],[-57.1795838,-25.5616093],[-57.1796505,-25.5614647],[-57.1797032,-25.5613066],[-57.1797331,-25.5611711],[-57.1797221,-25.5610447],[-57.1796802,-25.5609274],[-57.1795342,-25.5606837],[-57.1794863,-25.560628],[-57.1794116,-25.5606105],[-57.1792966,-25.5606272],[-57.1791742,-25.5606918],[-57.1791095,-25.560724],[-57.1790683,-25.5607021],[-57.1790434,-25.5606547],[-57.1790244,-25.5605704],[-57.1790217,-25.5604204],[-57.1790328,-25.5602644],[-57.1790613,-25.560176],[-57.1791657,-25.5601041],[-57.1792433,-25.5600132],[-57.1793086,-25.5598194],[-57.1793842,-25.5596969],[-57.1794381,-25.5595408],[-57.1796398,-25.5593943],[-57.1797903,-25.5592437],[-57.1798701,-25.5590683],[-57.1799812,-25.5589571],[-57.1802213,-25.5587827],[-57.1803769,-25.5586622],[-57.1804999,-25.5586169],[-57.180625,-25.5585753],[-57.1808863,-25.558553],[-57.1810012,-25.558483],[-57.1810772,-25.5583159],[-57.1811837,-25.5581848],[-57.1813161,-25.5580672],[-57.1814397,-25.5579316],[-57.1815428,-25.5578005],[-57.181616,-25.557674],[-57.1816528,-25.5575385],[-57.1814562,-25.5571885],[-57.1814354,-25.5570617],[-57.1814721,-25.5569613],[-57.1815637,-25.5567175],[-57.1815287,-25.5566087],[-57.1814743,-25.556496],[-57.1814755,-25.5563939],[-57.181532,-25.5562944],[-57.1816053,-25.5562086],[-57.1817049,-25.5561691],[-57.1818543,-25.556166],[-57.1819824,-25.5562124],[-57.1821488,-25.5563252],[-57.1822984,-25.556307],[-57.1824414,-25.5562074],[-57.1825625,-25.5560899],[-57.1826987,-25.5560356],[-57.1828483,-25.5560173],[-57.182991,-25.555981],[-57.1831241,-25.5559131],[-57.1832797,-25.5557594],[-57.183563,-25.5556894],[-57.1836707,-25.5555809],[-57.1837944,-25.5554905],[-57.1839215,-25.555409],[-57.1840676,-25.5553366],[-57.1843876,-25.5552278],[-57.1846,-25.5551438],[-57.1847502,-25.5550524],[-57.1848814,-25.5549588],[-57.1849708,-25.5548898],[-57.1850814,-25.5548083],[-57.1851168,-25.5547348],[-57.1851515,-25.5545993],[-57.1851001,-25.554413],[-57.1851607,-25.5542251],[-57.1852495,-25.5540737],[-57.1853608,-25.5539965],[-57.1854599,-25.5538939],[-57.1855601,-25.5536099],[-57.1856684,-25.5532305],[-57.1857277,-25.5529731],[-57.1857741,-25.5525757],[-57.1857856,-25.5523634],[-57.1858226,-25.5519932],[-57.1858522,-25.5515913],[-57.1858818,-25.5514151],[-57.1859364,-25.5513202],[-57.186029,-25.5512479],[-57.1861462,-25.5511845],[-57.1862802,-25.5511482],[-57.1864123,-25.5510894],[-57.1865117,-25.5509673],[-57.1865574,-25.5507959],[-57.1866274,-25.5506275],[-57.1868049,-25.5504082],[-57.1870208,-25.5502804],[-57.1871784,-25.5501853],[-57.1873422,-25.5501174],[-57.1876289,-25.5500403],[-57.1877305,-25.5499679],[-57.1879714,-25.549647],[-57.1881731,-25.5493533],[-57.1883578,-25.5490731],[-57.1884391,-25.5489375],[-57.1884949,-25.548802],[-57.1884884,-25.548653],[-57.1884787,-25.5486259],[-57.1884082,-25.5484996],[-57.1883412,-25.5484187],[-57.1882389,-25.5483657],[-57.1881264,-25.5482781],[-57.1879565,-25.5480797],[-57.1877646,-25.5479972],[-57.187541,-25.5479166],[-57.1874532,-25.5478735],[-57.18729,-25.5477688],[-57.1871858,-25.5476448],[-57.1871734,-25.5475422],[-57.1872566,-25.5473949],[-57.1874353,-25.547041],[-57.187488,-25.546917],[-57.1875763,-25.5467873],[-57.1876591,-25.5465479],[-57.1877544,-25.5462883],[-57.1878338,-25.5461251],[-57.1879937,-25.5459661],[-57.1882707,-25.5457139],[-57.1883816,-25.5455873],[-57.1884552,-25.5455285],[-57.1885938,-25.5454606],[-57.1887596,-25.5454424],[-57.1891273,-25.5455472],[-57.1892918,-25.5455281],[-57.1894913,-25.5455158],[-57.1896801,-25.5454823],[-57.1899264,-25.5453957],[-57.1901042,-25.5453323],[-57.190254,-25.5452553],[-57.1903967,-25.5451693],[-57.1905255,-25.5450427],[-57.1906149,-25.5448936],[-57.1906678,-25.544731],[-57.1907021,-25.5445549],[-57.190706,-25.5442975],[-57.1906858,-25.5439182],[-57.1906674,-25.5434984],[-57.1906501,-25.5431417],[-57.1906295,-25.5429295],[-57.1905859,-25.5426993],[-57.1905315,-25.5425368],[-57.1903606,-25.5422255],[-57.1902043,-25.5419548],[-57.1901712,-25.5418329],[-57.1901931,-25.5417426],[-57.1904449,-25.5416158],[-57.1905561,-25.5415344],[-57.1906116,-25.5414034],[-57.1906365,-25.5412589],[-57.1906388,-25.5411099],[-57.1906242,-25.5409609],[-57.1905907,-25.5407984],[-57.1905513,-25.540663],[-57.1905493,-25.5405727],[-57.1905929,-25.5404462],[-57.1906972,-25.5403106],[-57.1908174,-25.5401885],[-57.1910796,-25.5399715],[-57.1912064,-25.5398855],[-57.1914606,-25.5397407],[-57.1914836,-25.5397226],[-57.1915559,-25.5396232],[-57.1916019,-25.5393928],[-57.1917515,-25.539194],[-57.1918225,-25.539081],[-57.1918821,-25.53895],[-57.1919938,-25.5386292],[-57.1922306,-25.5383161],[-57.1922968,-25.5381943],[-57.1922929,-25.5381125],[-57.1922186,-25.5379788],[-57.1921467,-25.5377834],[-57.1921168,-25.5376217],[-57.1921456,-25.5375366],[-57.1922117,-25.5374895],[-57.1923207,-25.5374376]]},"properties":{"name":"Arroyo Zanja Moroti","waterway":"river"}},{"type":"Feature","geometry":{"type":"LineString","coordinates":[[-57.1284321,-25.5483357],[-57.1287678,-25.5484649],[-57.1291633,-25.5486873],[-57.1292749,-25.5487498],[-57.1293285,-25.5488211],[-57.1293908,-25.5489519],[-57.1294532,-25.5490738],[-57.1294639,-25.5492273],[-57.129464,-25.5493221],[-57.1295472,-25.5494124],[-57.129713,-25.5494799],[-57.1299,-25.5494798],[-57.1301489,-25.5494796],[-57.1304024,-25.5495472],[-57.1306091,-25.5496826],[-57.1307505,-25.5498419],[-57.130794,-25.5500428],[-57.1308607,-25.5501248],[-57.1309043,-25.5503056],[-57.1309591,-25.5504457],[-57.1310884,-25.5505665],[-57.1312123,-25.5506414],[-57.131378,-25.5506378],[-57.1315169,-25.5506608],[-57.1318696,-25.5507292],[-57.1322652,-25.5508363],[-57.1328694,-25.5510032],[-57.1331702,-25.5510301],[-57.1335025,-25.5510839],[-57.133814,-25.5511514],[-57.134042,-25.5511602],[-57.134229,-25.551133],[-57.1343741,-25.5509838],[-57.1344776,-25.5509431],[-57.134706,-25.5509429],[-57.1349343,-25.5509517],[-57.1352872,-25.5510372],[-57.1359305,-25.5510546],[-57.1363666,-25.5510271],[-57.1365534,-25.5511127],[-57.1366885,-25.5512345],[-57.1368029,-25.5513834],[-57.1369687,-25.5514013],[-57.1371348,-25.5513831],[-57.1376015,-25.5512246],[-57.1378712,-25.5511657],[-57.1382034,-25.5511654],[-57.1384523,-25.5511651],[-57.1387016,-25.5512597],[-57.1388989,-25.5513634],[-57.1389946,-25.5514918],[-57.139044,-25.5515994],[-57.1390771,-25.5518544],[-57.1391034,-25.5520751],[-57.1391271,-25.5522753],[-57.1392153,-25.5525489],[-57.13941,-25.5528642],[-57.1397924,-25.553163],[-57.1400385,-25.5534417],[-57.1401878,-25.5537897],[-57.1404905,-25.5548747],[-57.1407923,-25.5554659],[-57.1408863,-25.5560663],[-57.1411612,-25.5569164],[-57.1414401,-25.5573487],[-57.1418864,-25.5576867],[-57.1425283,-25.5579238]]},"properties":{"name":"Arroyo Tairy","waterway":"stream"}},{"type":"Feature","geometry":{"type":"LineString","coordinates":[[-57.1253066,-25.6513415],[-57.1254883,-25.6514633],[-57.1256332,-25.6515851],[-57.125751,-25.6517249],[-57.1257917,-25.6519236],[-57.1257863,-25.6521539],[-57.1258059,-25.6523796],[-57.1258804,-25.6527723],[-57.1259099,-25.6530161],[-57.1259179,-25.6532419],[-57.1259117,-25.6534947],[-57.1258917,-25.6537341],[-57.1258186,-25.6541495],[-57.1257896,-25.6543934],[-57.1257836,-25.6546462],[-57.1258059,-25.6551248],[-57.1258288,-25.6555537],[-57.1258207,-25.6558021],[-57.1257779,-25.6560098],[-57.1256944,-25.6562176],[-57.12552,-25.6565022],[-57.125271,-25.65685],[-57.1251419,-25.6569901],[-57.1250001,-25.6571167],[-57.1249273,-25.6572251],[-57.1248894,-25.6573064],[-57.124867,-25.6576089],[-57.1248605,-25.6579024],[-57.1248722,-25.658092],[-57.1249272,-25.6582861],[-57.1249999,-25.6584847],[-57.1250421,-25.6585976],[-57.1250933,-25.6587736],[-57.1251647,-25.6591077],[-57.1251658,-25.6592657],[-57.1251177,-25.6594825],[-57.1250172,-25.6598573],[-57.125004,-25.6600154],[-57.1250341,-25.6601734],[-57.1250925,-25.6603539],[-57.1251633,-25.6605209],[-57.1253434,-25.6609271],[-57.1254565,-25.6613199],[-57.1254514,-25.6614779],[-57.1254036,-25.661636],[-57.1253886,-25.661803],[-57.1254513,-25.66197],[-57.125544,-25.6621325],[-57.1257663,-25.6624664],[-57.1258865,-25.6627147],[-57.1260196,-25.6629358],[-57.1262102,-25.6632065],[-57.126412,-25.6635179],[-57.1265826,-25.6638474],[-57.1266398,-25.664046],[-57.1266442,-25.6640956],[-57.1266661,-25.6644884],[-57.1267034,-25.6646645],[-57.1268088,-25.6648179],[-57.12709,-25.6651292],[-57.1272116,-25.6652736],[-57.1273646,-25.6653773],[-57.1276839,-25.665526],[-57.1280045,-25.6656928],[-57.128021,-25.6657018],[-57.1281335,-25.6658146],[-57.1282053,-25.6659365],[-57.1283295,-25.6661937],[-57.1284224,-25.6663562],[-57.1285241,-25.6665051],[-57.1286603,-25.6666449],[-57.1288155,-25.6667757],[-57.1289483,-25.6669156],[-57.1290385,-25.6670735],[-57.1292248,-25.6674481],[-57.1293162,-25.6675745],[-57.1294437,-25.6676782],[-57.1295985,-25.6677774],[-57.1299668,-25.6679486],[-57.1303301,-25.6681696],[-57.1304987,-25.6683049],[-57.1305863,-25.6683951],[-57.1308998,-25.6686567],[-57.131162,-25.6689319],[-57.1312385,-25.6690853],[-57.1313267,-25.6692297],[-57.1314184,-25.669347],[-57.1316619,-25.6696177],[-57.1317878,-25.6697034],[-57.1319255,-25.669762],[-57.1322002,-25.6698249],[-57.1323681,-25.6698474],[-57.1325216,-25.6698608],[-57.1328121,-25.6698289],[-57.1331157,-25.6698376],[-57.1334256,-25.6698735],[-57.1335904,-25.669914],[-57.1337253,-25.6699635],[-57.1337951,-25.6699996],[-57.1340241,-25.6701529],[-57.1341086,-25.6702341],[-57.1343312,-25.6704551],[-57.1344527,-25.6705363],[-57.134567,-25.6705949],[-57.1346935,-25.6706489],[-57.1349942,-25.6707751],[-57.1351434,-25.6708517],[-57.1353002,-25.6709509],[-57.1354563,-25.6710591],[-57.1356305,-25.6711944],[-57.1357826,-25.6713026],[-57.1359232,-25.6714244],[-57.1360516,-25.6715597],[-57.1362927,-25.6718439],[-57.1365568,-25.6721643],[-57.1367477,-25.6724576],[-57.1368239,-25.6726246],[-57.1368315,-25.6728142],[-57.1367738,-25.6729768],[-57.1366902,-25.6731304],[-57.136596,-25.6732795],[-57.136537,-25.6734285],[-57.1365349,-25.6734601],[-57.1365992,-25.6735684],[-57.1367089,-25.6736496],[-57.1369706,-25.6737803],[-57.1371121,-25.6738569],[-57.1372448,-25.6739561],[-57.1374849,-25.6741907],[-57.1375476,-25.6742855],[-57.1376623,-25.6744027],[-57.1377951,-25.6744749],[-57.1379355,-25.6744883],[-57.1382123,-25.6744293],[-57.1383424,-25.6744156],[-57.1385003,-25.674429],[-57.1386745,-25.6744921],[-57.1388612,-25.6746228],[-57.1390067,-25.6747536],[-57.1392577,-25.6750379],[-57.1394086,-25.6751506],[-57.1395706,-25.6752227],[-57.13992,-25.6752404],[-57.1401141,-25.6752628],[-57.1402263,-25.675362],[-57.1403808,-25.6756599],[-57.1404865,-25.6758178],[-57.1406277,-25.675935],[-57.1407901,-25.6760026],[-57.1412261,-25.6760474],[-57.1414354,-25.6761058],[-57.1416003,-25.6762095],[-57.1417343,-25.6763449],[-57.1419851,-25.6766336],[-57.1423644,-25.6769267],[-57.1426795,-25.6771567],[-57.1427671,-25.6772649],[-57.1427928,-25.6773823],[-57.142783,-25.6774907],[-57.1426675,-25.6778114],[-57.1426103,-25.6779017],[-57.142542,-25.6780643],[-57.1425777,-25.6782268],[-57.1426694,-25.6783712],[-57.1427338,-25.6785247],[-57.1427673,-25.6786917],[-57.1428453,-25.6788406],[-57.1429806,-25.6789308],[-57.1432494,-25.6790344],[-57.1433354,-25.6790704],[-57.1434654,-25.6791741],[-57.143569,-25.679323],[-57.1438071,-25.6797066],[-57.1439322,-25.6798871],[-57.1440517,-25.6800811],[-57.1442038,-25.6802074],[-57.144243,-25.6802164],[-57.1444224,-25.6802433],[-57.1448411,-25.6802925],[-57.1450386,-25.6803781],[-57.145207,-25.6805315],[-57.1455542,-25.6808382],[-57.1459109,-25.681199],[-57.1462314,-25.6814606],[-57.146358,-25.6816049],[-57.1464541,-25.6817764],[-57.1465519,-25.681975],[-57.146765,-25.6823269],[-57.1468109,-25.6824307],[-57.1468622,-25.6826068],[-57.1468983,-25.682828],[-57.1469794,-25.6832297],[-57.1470818,-25.6836495],[-57.1471552,-25.6838165],[-57.1472528,-25.6839699],[-57.147279,-25.6840015],[-57.1474287,-25.6841052],[-57.1476166,-25.6842134],[-57.1479821,-25.6844027],[-57.1481392,-25.6844973],[-57.1482779,-25.684601],[-57.1483952,-25.6847228],[-57.1485479,-25.68484],[-57.1487458,-25.6849437],[-57.1491061,-25.6851646],[-57.1493167,-25.6852772],[-57.1495436,-25.6853899],[-57.1497512,-25.6855071],[-57.1501915,-25.6857188],[-57.1504754,-25.685854],[-57.1506985,-25.6859802],[-57.1511498,-25.68621],[-57.1513636,-25.6863362],[-57.1515823,-25.6864443],[-57.1520084,-25.6866787],[-57.1522789,-25.6868229],[-57.1525054,-25.686931],[-57.1527064,-25.6870346],[-57.1531196,-25.6872238],[-57.1535104,-25.6873814],[-57.153697,-25.6874715],[-57.1539728,-25.6876067],[-57.1542757,-25.6877373],[-57.1542985,-25.6877418],[-57.1544172,-25.6878184],[-57.1547451,-25.6880168],[-57.1549044,-25.688125],[-57.1553177,-25.6883503],[-57.1555854,-25.6884945],[-57.1559294,-25.6886702],[-57.1562277,-25.6888189],[-57.1565069,-25.6889721],[-57.1568067,-25.6891298],[-57.1570907,-25.689274],[-57.1573746,-25.6894136],[-57.1576734,-25.6895533],[-57.157947,-25.689693],[-57.158287,-25.6898551],[-57.1588265,-25.6901209],[-57.159092,-25.6902471],[-57.1593806,-25.6903777],[-57.1596284,-25.6905129],[-57.1601357,-25.6907381],[-57.1603841,-25.6908958],[-57.1608579,-25.6911301],[-57.1613114,-25.6913915],[-57.1615386,-25.6915357],[-57.1617877,-25.691698],[-57.1620037,-25.6918558],[-57.1623622,-25.6921127],[-57.1625849,-25.6922931],[-57.1627879,-25.692478],[-57.1630027,-25.6926583],[-57.1633891,-25.6930327],[-57.1635531,-25.6931815],[-57.1637134,-25.6933393],[-57.1638817,-25.6936055],[-57.163981,-25.6937996],[-57.1640261,-25.6939982],[-57.1640705,-25.6941426],[-57.1641461,-25.6943096],[-57.1642356,-25.6944088],[-57.1644203,-25.6946344],[-57.1645525,-25.69472],[-57.1649379,-25.6948279],[-57.1651305,-25.6948999],[-57.1653661,-25.6950035],[-57.1656925,-25.6952109],[-57.1658636,-25.6952964],[-57.1660506,-25.6953549],[-57.1662455,-25.6953728],[-57.1664499,-25.6953635],[-57.1666435,-25.6953362],[-57.1668242,-25.6953315],[-57.1670469,-25.6953583],[-57.1672177,-25.6954484],[-57.1673773,-25.6955701],[-57.167522,-25.6957009],[-57.1678027,-25.6959715],[-57.1679371,-25.6960842],[-57.1680905,-25.6961608],[-57.1682092,-25.6961832],[-57.1683652,-25.6961785],[-57.1686707,-25.6961059],[-57.1688426,-25.6960922],[-57.169036,-25.6961055],[-57.1692099,-25.6961595],[-57.1693523,-25.6962451],[-57.1696025,-25.6964932],[-57.1697518,-25.6965878],[-57.1700257,-25.6966642],[-57.1701048,-25.6966867],[-57.170219,-25.6967859],[-57.1702796,-25.6969213],[-57.1703446,-25.6970702],[-57.1703903,-25.6972327],[-57.1703925,-25.6972688],[-57.1703731,-25.6974224],[-57.1703014,-25.6975715],[-57.1702695,-25.697734],[-57.1703305,-25.697901],[-57.170458,-25.6980047],[-57.1708008,-25.6981488],[-57.170976,-25.6982344],[-57.171168,-25.6983425],[-57.1713033,-25.6984462],[-57.1713967,-25.6985951],[-57.1714614,-25.6987621],[-57.1714794,-25.6989066],[-57.171381,-25.6991324],[-57.1713805,-25.6992453],[-57.1713893,-25.6992995],[-57.1714049,-25.6993491],[-57.1716398,-25.6996017],[-57.1717758,-25.6997505],[-57.171922,-25.6998181],[-57.1721415,-25.6999307],[-57.1722042,-25.7000435],[-57.172194,-25.7002693],[-57.1723196,-25.7005942],[-57.1725081,-25.7008378],[-57.1725085,-25.7010861],[-57.1724876,-25.70133],[-57.1726237,-25.7014698],[-57.1728117,-25.701605],[-57.1730833,-25.7016318],[-57.1733863,-25.7018211],[-57.1736998,-25.7021413],[-57.1740657,-25.7025111],[-57.1746298,-25.7027361],[-57.1748281,-25.7028668],[-57.1748913,-25.7030383],[-57.1748603,-25.7033725],[-57.1747671,-25.703937],[-57.1746637,-25.7046189],[-57.1745391,-25.7050525],[-57.1744559,-25.7052151],[-57.1743518,-25.7053959],[-57.1743417,-25.7057345],[-57.1743007,-25.7062538],[-57.1743221,-25.7065789],[-57.1744586,-25.7070799],[-57.1745077,-25.7072017],[-57.1746052,-25.7074364],[-57.174731,-25.7077974],[-57.1749925,-25.7081177],[-57.1755992,-25.7089297],[-57.1757983,-25.7093855],[-57.1760289,-25.710085],[-57.1760188,-25.7104056],[-57.1759357,-25.7106721],[-57.175863,-25.7108393],[-57.175811,-25.711029],[-57.1758844,-25.7111598],[-57.1760725,-25.7113402],[-57.1762813,-25.7114438],[-57.1765741,-25.7115969],[-57.1768247,-25.7117276],[-57.1772528,-25.7118038],[-57.177681,-25.7119342],[-57.1782034,-25.7121322],[-57.1784332,-25.7123216],[-57.1786216,-25.71266],[-57.1787369,-25.7129263],[-57.1788522,-25.7131428],[-57.1789462,-25.7133324],[-57.1790405,-25.7134361],[-57.1791658,-25.7134856],[-57.1793119,-25.7134854],[-57.1796562,-25.7133586],[-57.1800422,-25.7132091],[-57.1803343,-25.7131229],[-57.1806785,-25.7129419],[-57.1808768,-25.7128559],[-57.1812111,-25.7128374],[-57.1813572,-25.7128688],[-57.181399,-25.712932],[-57.1815036,-25.7130447],[-57.1815873,-25.7131982],[-57.181713,-25.7135186],[-57.1817866,-25.713812],[-57.1818704,-25.7139834],[-57.1818184,-25.7142454],[-57.1817563,-25.7145705],[-57.1818402,-25.7147962],[-57.1819243,-25.7150038],[-57.1820393,-25.71527],[-57.1821963,-25.7154956],[-57.1823952,-25.7157888],[-57.1825103,-25.7160912],[-57.1828659,-25.7163661],[-57.1832732,-25.7164966],[-57.1837639,-25.7165321],[-57.1839517,-25.7165228],[-57.1840979,-25.7165813],[-57.1842765,-25.7166481],[-57.184401,-25.7168067],[-57.1844639,-25.7169601],[-57.1845893,-25.7170999],[-57.1849862,-25.7170723],[-57.1852157,-25.717063],[-57.1854875,-25.7171349],[-57.1859159,-25.7173917],[-57.1861352,-25.7175901],[-57.1864592,-25.7177793],[-57.187086,-25.7180133],[-57.1874308,-25.7181935],[-57.1878699,-25.7184593],[-57.1886222,-25.7188827],[-57.1888728,-25.7189772],[-57.1893531,-25.718927],[-57.1896555,-25.7188408],[-57.1899164,-25.7187456],[-57.190188,-25.7187272],[-57.1905636,-25.7186725],[-57.1907932,-25.7186813],[-57.1909921,-25.7189835],[-57.1911805,-25.7193038],[-57.1916933,-25.7199172],[-57.191871,-25.7202195],[-57.1920071,-25.7203638],[-57.1922158,-25.7203635],[-57.1923201,-25.7203318],[-57.1925079,-25.7201238],[-57.1929872,-25.719622],[-57.1932268,-25.719265],[-57.1935603,-25.7190253],[-57.1938318,-25.718912],[-57.1941343,-25.7187626],[-57.1943429,-25.7186359],[-57.194593,-25.7184595],[-57.1948537,-25.7182515],[-57.1955527,-25.7179932],[-57.1958243,-25.7179747],[-57.1960122,-25.7180287],[-57.1963256,-25.7182359],[-57.1964518,-25.718597],[-57.1964312,-25.7187957],[-57.1963584,-25.7190035],[-57.1962547,-25.7194371],[-57.1962134,-25.7197216],[-57.1962244,-25.7201189],[-57.1964864,-25.7207145],[-57.1968942,-25.7211113],[-57.1970827,-25.7215084],[-57.1971883,-25.7220771],[-57.1975022,-25.7225598],[-57.1975237,-25.7229345],[-57.1975768,-25.7234085],[-57.1981937,-25.7239766],[-57.1985104,-25.7242118],[-57.1991344,-25.7246752],[-57.1996047,-25.7250041],[-57.1999398,-25.7254597],[-57.2000548,-25.7256672],[-57.2001702,-25.7259289],[-57.2003377,-25.7262628],[-57.200735,-25.7265242],[-57.2010378,-25.7266682],[-57.2012677,-25.726686],[-57.2014764,-25.7266405],[-57.2016539,-25.7265726],[-57.2017893,-25.7265137],[-57.2019148,-25.7265225],[-57.2020506,-25.7266397],[-57.2021551,-25.7267705],[-57.2023146,-25.7269238]]},"properties":{"name":"Arroyo Tuyuti","waterway":"stream"}},{"type":"Feature","geometry":{"type":"LineString","coordinates":[[-57.1147152,-25.6344746],[-57.1147167,-25.6345677],[-57.1146951,-25.6346219],[-57.1146443,-25.634651],[-57.1146104,-25.6346844],[-57.1145904,-25.6347371],[-57.1145133,-25.6347996],[-57.1144517,-25.6348566],[-57.114407,-25.634933],[-57.1143916,-25.635033],[-57.1143747,-25.6350913],[-57.1143963,-25.6351663],[-57.1144548,-25.6352219],[-57.1145056,-25.6352371],[-57.1146181,-25.6352219],[-57.1146951,-25.6352191],[-57.1147644,-25.635251],[-57.1148908,-25.6352955],[-57.1149909,-25.6353066],[-57.1150726,-25.6353038],[-57.1151588,-25.6352983],[-57.1152297,-25.635326],[-57.115299,-25.635401],[-57.1153914,-25.6354663],[-57.115547,-25.6355413],[-57.1156117,-25.6355635],[-57.1157042,-25.6355649],[-57.1157612,-25.6355594],[-57.1158182,-25.6355927],[-57.1158782,-25.6356649],[-57.1159245,-25.635783],[-57.115946,-25.6358899],[-57.115983,-25.635976],[-57.1160539,-25.6360733],[-57.1161186,-25.636108],[-57.1162079,-25.6361246],[-57.1163004,-25.6361385],[-57.1164482,-25.6361996],[-57.1165052,-25.6362496],[-57.1165746,-25.6363163],[-57.1166824,-25.6363899],[-57.1167409,-25.636433],[-57.116764,-25.6364885],[-57.116858,-25.6365538],[-57.1169689,-25.6366052],[-57.1170398,-25.636626],[-57.1170999,-25.636651],[-57.1171538,-25.6366607],[-57.1172262,-25.6366621],[-57.1172817,-25.6366982],[-57.117314,-25.6367316],[-57.1173387,-25.636808],[-57.1173541,-25.6368427],[-57.1174172,-25.6368844],[-57.1175081,-25.6368857],[-57.1175513,-25.6368649],[-57.1175913,-25.6368246],[-57.1176622,-25.6368024],[-57.11777,-25.6367635],[-57.117847,-25.6367663],[-57.1179025,-25.6367885],[-57.1179395,-25.6368357],[-57.1179487,-25.6368871],[-57.1179533,-25.636951],[-57.1179934,-25.6369927],[-57.1180596,-25.6370149],[-57.1181151,-25.6370705],[-57.1181628,-25.6371607],[-57.118206,-25.6372468],[-57.1182183,-25.6373121],[-57.1182676,-25.6373885],[-57.1183246,-25.6374232],[-57.1184032,-25.6374538],[-57.1184648,-25.637476],[-57.1185233,-25.6375329],[-57.1185526,-25.6376149],[-57.1186004,-25.6376691],[-57.1186912,-25.6376885],[-57.118776,-25.6376774],[-57.1188752,-25.637709],[-57.1189369,-25.6377671],[-57.1189985,-25.6378275],[-57.1190415,-25.6379121],[-57.1190817,-25.6379968],[-57.1191595,-25.6380597],[-57.1192238,-25.6380766],[-57.1192641,-25.6380669],[-57.1193097,-25.6380524],[-57.1193633,-25.6380621],[-57.119417,-25.6380476],[-57.1194733,-25.6380451],[-57.1195055,-25.6380742],[-57.1195108,-25.6381322],[-57.1195913,-25.6381806],[-57.1196879,-25.6382338],[-57.1197791,-25.6382821],[-57.119932,-25.6383305],[-57.1201492,-25.6383643],[-57.1203879,-25.6383934],[-57.1204711,-25.6384151],[-57.120522,-25.6384586],[-57.1205301,-25.6385167],[-57.120522,-25.6385844],[-57.1205435,-25.6386473],[-57.1206079,-25.6387198],[-57.1207098,-25.638831],[-57.1207768,-25.6389399],[-57.120801,-25.6390342],[-57.1208761,-25.6391212],[-57.1209861,-25.639172],[-57.1210531,-25.6391938],[-57.1211363,-25.6392421],[-57.1212275,-25.6392784],[-57.121324,-25.6392832],[-57.1214072,-25.6392687],[-57.1214608,-25.6392421],[-57.1215118,-25.6392228],[-57.1215681,-25.6392276],[-57.1215976,-25.6392518],[-57.1216164,-25.6393098],[-57.1216593,-25.6393485],[-57.1217693,-25.6393896],[-57.1218524,-25.6394211],[-57.1219436,-25.6394428],[-57.122008,-25.6394525],[-57.1220643,-25.6394863],[-57.1220965,-25.6395468],[-57.1221206,-25.6396169],[-57.1221528,-25.6396846],[-57.1222199,-25.6397306],[-57.1223433,-25.6397789],[-57.1224425,-25.6398176],[-57.1225015,-25.6398491],[-57.1225391,-25.639895],[-57.1225417,-25.6399458],[-57.1225471,-25.6400207],[-57.1225873,-25.6400546],[-57.1226544,-25.6400522],[-57.1227644,-25.6400014],[-57.1228851,-25.6399917],[-57.1229816,-25.6400087],[-57.1231104,-25.640057],[-57.1232177,-25.6401054],[-57.1232686,-25.6401828],[-57.1232847,-25.6402601],[-57.1233437,-25.640294],[-57.1234296,-25.6402916],[-57.12351,-25.6403375],[-57.1235556,-25.6404221],[-57.1236495,-25.6404947],[-57.1237916,-25.640514],[-57.1239311,-25.6404753],[-57.1240411,-25.640427],[-57.1241672,-25.6404246],[-57.1243361,-25.6404705],[-57.1244837,-25.6405092],[-57.124599,-25.6405406],[-57.1247116,-25.6405576],[-57.1248619,-25.6405116],[-57.1250094,-25.6404512],[-57.1251274,-25.6404512],[-57.1252266,-25.6404608],[-57.1253768,-25.6404391],[-57.1254734,-25.6403931],[-57.1255244,-25.6403278],[-57.1255941,-25.6402601],[-57.1256638,-25.6402214],[-57.1257363,-25.6401973],[-57.1258435,-25.6401537],[-57.1259857,-25.640028],[-57.126042,-25.6399893],[-57.1261144,-25.6399675],[-57.1262137,-25.6399966],[-57.1263719,-25.6400594],[-57.1265302,-25.6401416],[-57.1266428,-25.6401997],[-57.1267501,-25.6402722],[-57.1269969,-25.6405068],[-57.1270639,-25.6406543],[-57.1271283,-25.6407969],[-57.1271739,-25.640855],[-57.127249,-25.6408961],[-57.1273268,-25.6409324],[-57.1273724,-25.6409976],[-57.1274099,-25.6410968],[-57.127426,-25.6411838],[-57.1274797,-25.6412709],[-57.1275387,-25.6413313],[-57.1276192,-25.6413845],[-57.1276996,-25.6413894],[-57.1277318,-25.6413362],[-57.127756,-25.6412757],[-57.1278445,-25.6412395],[-57.1279947,-25.641283],[-57.1281234,-25.6413604],[-57.1282951,-25.641474],[-57.128433,-25.6416042],[-57.1286857,-25.6418252],[-57.1287547,-25.6419967],[-57.1287872,-25.6421186],[-57.1288059,-25.6424121],[-57.1288524,-25.64257],[-57.1289208,-25.64271],[-57.128942,-25.6427325],[-57.1290669,-25.6428137],[-57.1292133,-25.6428632],[-57.1293242,-25.6429534],[-57.1293844,-25.6430888],[-57.1294789,-25.6432197],[-57.1296104,-25.6433144],[-57.1297767,-25.643391],[-57.1299976,-25.6435217],[-57.130186,-25.6436028],[-57.1303523,-25.6436072],[-57.1305225,-25.6435348],[-57.1308701,-25.64339],[-57.1310354,-25.6434034],[-57.1311697,-25.6435071],[-57.1313376,-25.6435792],[-57.1313812,-25.6435837],[-57.1317396,-25.6436421],[-57.1319009,-25.6437232],[-57.1320206,-25.643845],[-57.1321092,-25.6439804],[-57.1321458,-25.6441293],[-57.1322017,-25.6442918],[-57.1323008,-25.6444498],[-57.1325125,-25.6446889],[-57.1326279,-25.6448468],[-57.1327293,-25.6450454],[-57.1328496,-25.6452394],[-57.1329815,-25.6454199],[-57.1331305,-25.6455597],[-57.1332723,-25.6457131],[-57.1333774,-25.6458846],[-57.1335031,-25.6460696],[-57.1335584,-25.6462276],[-57.1335798,-25.6464172],[-57.1335781,-25.6466114],[-57.1335562,-25.6467784],[-57.1336034,-25.6469364],[-57.1336005,-25.6471216],[-57.1334778,-25.6473474],[-57.1334711,-25.6475055],[-57.1336906,-25.6477762],[-57.1337443,-25.6479567],[-57.1337638,-25.6481238],[-57.1338303,-25.6482817],[-57.1339792,-25.6483809],[-57.1342075,-25.6484665],[-57.1343705,-25.6485747],[-57.1344581,-25.6487236],[-57.1345153,-25.6488907],[-57.1345628,-25.6490712],[-57.1345864,-25.6492699],[-57.1345941,-25.6494866],[-57.1345694,-25.6496717],[-57.1344821,-25.6498479],[-57.1343781,-25.6501054],[-57.1343491,-25.650304],[-57.1343462,-25.6504847],[-57.1343678,-25.6509],[-57.1343446,-25.6510807],[-57.134096,-25.6514331],[-57.1340267,-25.651555],[-57.1339792,-25.6517267],[-57.1339716,-25.6518937],[-57.1339454,-25.6520834],[-57.1338839,-25.6522731],[-57.1338066,-25.6524357],[-57.1336637,-25.6527248],[-57.1336209,-25.6528919],[-57.1335641,-25.6530455],[-57.1334864,-25.653172],[-57.1334256,-25.653312],[-57.1333856,-25.653461],[-57.1333599,-25.6536281],[-57.1333246,-25.6537816],[-57.1331936,-25.6541746],[-57.1330708,-25.6545856],[-57.133052,-25.6547662],[-57.1330855,-25.6549693],[-57.1331555,-25.6551544],[-57.1332785,-25.655511],[-57.1333118,-25.6557141],[-57.1333276,-25.6559625],[-57.1333182,-25.6561521],[-57.133278,-25.6563779],[-57.1332006,-25.6567753],[-57.1331061,-25.6572088],[-57.1330677,-25.6574482],[-57.1331177,-25.6578409],[-57.1331219,-25.6580261],[-57.1330988,-25.6582112],[-57.1330074,-25.6583783],[-57.1328535,-25.6585184],[-57.1326699,-25.6586225],[-57.1323004,-25.6587312],[-57.13212,-25.6588668],[-57.1319828,-25.6590385],[-57.1317404,-25.659427],[-57.1315787,-25.6595987],[-57.1314082,-25.6597569],[-57.1312163,-25.6599196],[-57.1310664,-25.6600778],[-57.1310415,-25.6601184],[-57.1309695,-25.6602901],[-57.1309597,-25.6604572],[-57.1309727,-25.6606468],[-57.1309657,-25.6608184],[-57.130839,-25.6611345],[-57.1307149,-25.66155],[-57.1306261,-25.6617804],[-57.1304874,-25.6619385],[-57.1303291,-25.6620741],[-57.1301972,-25.6622097],[-57.1300506,-25.6625575],[-57.1298702,-25.6630137],[-57.1297177,-25.6634112],[-57.1295871,-25.6635738],[-57.129286,-25.663854],[-57.1291277,-25.6640303],[-57.1288519,-25.6643917],[-57.1286452,-25.6646809],[-57.128368,-25.6649836],[-57.1281651,-25.665345],[-57.1281216,-25.6654534],[-57.1280045,-25.6656928]]},"properties":{"name":"Arroyo Tuyuti","waterway":"stream"}},{"type":"Feature","geometry":{"type":"LineString","coordinates":[[-57.0954074,-25.6118385],[-57.0954003,-25.6118972],[-57.095372,-25.611992],[-57.0953566,-25.6121049],[-57.0953561,-25.6122539],[-57.0954023,-25.612448],[-57.0954871,-25.6126602],[-57.0956175,-25.6129942],[-57.0957043,-25.6133825],[-57.0957309,-25.6135585],[-57.0957444,-25.6137527],[-57.0957431,-25.6139784],[-57.0957403,-25.6144119],[-57.0957291,-25.6148228],[-57.0957398,-25.6150034],[-57.0957875,-25.6153826],[-57.0958223,-25.6157032],[-57.0958601,-25.6159199],[-57.0959228,-25.6161366],[-57.0960048,-25.6163126],[-57.096103,-25.616457],[-57.0962251,-25.6165472],[-57.0964007,-25.6166149],[-57.0965878,-25.6166418],[-57.0969893,-25.6166551],[-57.0972025,-25.6166821],[-57.0975873,-25.6167631],[-57.0977492,-25.6168217],[-57.0979008,-25.6168983],[-57.0979965,-25.6169931],[-57.0981305,-25.6172774],[-57.0982254,-25.617373],[-57.0983357,-25.6174331],[-57.0984103,-25.6174655],[-57.0984715,-25.6175027],[-57.0984906,-25.6175355],[-57.0986324,-25.6178313],[-57.0988439,-25.6180174],[-57.0988935,-25.6181167],[-57.0989971,-25.6184147],[-57.0991574,-25.6187713],[-57.0992862,-25.6191775],[-57.0994528,-25.6195477],[-57.0995308,-25.6197734],[-57.0996637,-25.6201751],[-57.099685,-25.6204009],[-57.0997186,-25.6206537],[-57.0998089,-25.6210826],[-57.0998399,-25.6213083],[-57.0998541,-25.6215115],[-57.0998396,-25.6217102],[-57.0997909,-25.621936],[-57.0997341,-25.6221301],[-57.0996441,-25.6224553],[-57.0996132,-25.6226675],[-57.0996102,-25.6228391],[-57.0996377,-25.6230107],[-57.0997666,-25.6233808],[-57.0997801,-25.6235388],[-57.0996575,-25.6239227],[-57.0996402,-25.6241214],[-57.0997023,-25.6242839],[-57.0998008,-25.6244328],[-57.0999086,-25.6245502],[-57.1000101,-25.6246404],[-57.1000908,-25.6247442],[-57.1001865,-25.6249067],[-57.1002149,-25.6250105],[-57.1002224,-25.6250331],[-57.100335,-25.6253355],[-57.1003464,-25.6254845],[-57.1003312,-25.6256335],[-57.1003179,-25.6256606],[-57.1000946,-25.625891],[-57.1000094,-25.626022],[-57.0999021,-25.6261305],[-57.0997521,-25.6261848],[-57.0993569,-25.6262844],[-57.099149,-25.6263613],[-57.0990358,-25.6264381],[-57.0989527,-25.626551],[-57.0989061,-25.6266775],[-57.0988452,-25.6268085],[-57.0987722,-25.6269304],[-57.0987179,-25.6272014],[-57.098731,-25.6272465],[-57.0988143,-25.6273819],[-57.0989803,-25.6275669],[-57.0991648,-25.6278287],[-57.0993425,-25.6281356],[-57.0994625,-25.6283116],[-57.0995825,-25.628465],[-57.0996657,-25.6285959],[-57.0996652,-25.6287359],[-57.0995117,-25.629052],[-57.0992744,-25.6293818],[-57.0992589,-25.6294179],[-57.0991758,-25.6297521],[-57.0990729,-25.6299192],[-57.0989469,-25.6300638],[-57.0986149,-25.6302808],[-57.0984809,-25.6304299],[-57.0984138,-25.630606],[-57.0983804,-25.6308092],[-57.0982569,-25.6309131],[-57.0979139,-25.6309901],[-57.097724,-25.6310489],[-57.0973559,-25.6312208],[-57.0970462,-25.6312481],[-57.0968314,-25.6312843],[-57.0966223,-25.6313477],[-57.0964518,-25.6314336],[-57.0963364,-25.6315375],[-57.0962935,-25.6316685],[-57.0962734,-25.6318491],[-57.0962582,-25.6322284],[-57.0962244,-25.6323819],[-57.0961205,-25.6325355],[-57.0959669,-25.6326756],[-57.095656,-25.6328835],[-57.0953613,-25.632992],[-57.0952655,-25.6330688],[-57.095256,-25.6332585],[-57.095268,-25.6334255],[-57.0953068,-25.6337235],[-57.0953063,-25.633859],[-57.0952581,-25.6339628],[-57.0950565,-25.6341255],[-57.0949616,-25.6341753],[-57.0949661,-25.6343378],[-57.0949404,-25.6344958],[-57.0948208,-25.6348053]]},"properties":{"name":"Arroyo Yacare","waterway":"stream"}},{"type":"Feature","geometry":{"type":"LineString","coordinates":[[-57.1107992,-25.6915966],[-57.1110956,-25.6915964],[-57.1114474,-25.6914381],[-57.1117475,-25.6912843],[-57.1121303,-25.6910131],[-57.1131339,-25.6904976],[-57.1134857,-25.6903077],[-57.1139822,-25.6900816],[-57.1144065,-25.6898284],[-57.114727,-25.6895843],[-57.1150685,-25.6893719],[-57.1154616,-25.6891052],[-57.1165483,-25.6888515],[-57.1175728,-25.6887107],[-57.1182352,-25.688683],[-57.1188357,-25.6887593],[-57.1193327,-25.6889711],[-57.1198193,-25.6891694],[-57.1201401,-25.6891962],[-57.1206163,-25.6891687],[-57.1210715,-25.6890374],[-57.121558,-25.6887842],[-57.1219615,-25.6886709],[-57.1221719,-25.68866],[-57.1223135,-25.6886526],[-57.1226031,-25.6886885],[-57.1228723,-25.6887244],[-57.1230793,-25.68867],[-57.1233584,-25.688426],[-57.1237619,-25.6880102],[-57.1240513,-25.6877391],[-57.1243825,-25.6875627],[-57.1246306,-25.6874857],[-57.1249928,-25.6874944],[-57.1252019,-25.6876071],[-57.1254106,-25.687625],[-57.1255358,-25.6875888],[-57.1259117,-25.6876065],[-57.1261205,-25.6877192],[-57.126225,-25.6879449],[-57.1263088,-25.6882519],[-57.1263301,-25.6886266],[-57.1264556,-25.6888929],[-57.1267063,-25.6889694],[-57.1268941,-25.6888925],[-57.1268939,-25.6887029],[-57.1271024,-25.6886259],[-57.1273532,-25.6889102],[-57.1275417,-25.6892893],[-57.1276673,-25.6897045],[-57.1278346,-25.690025],[-57.1281269,-25.6901782],[-57.128503,-25.6904036],[-57.1287329,-25.690706],[-57.1288167,-25.6909723],[-57.1288796,-25.6913109],[-57.1289216,-25.6915772],[-57.1291308,-25.6917667],[-57.1294646,-25.6917077],[-57.1297988,-25.6916712],[-57.1300701,-25.6917478],[-57.1302793,-25.692163],[-57.1302797,-25.6925784],[-57.1302175,-25.6929577],[-57.1300719,-25.6933732],[-57.1300304,-25.6935809],[-57.1301558,-25.6937298],[-57.1305729,-25.6935398],[-57.1307818,-25.6934854],[-57.1309316,-25.6935112],[-57.1309905,-25.6935214],[-57.1311785,-25.6936567],[-57.1315756,-25.6939588],[-57.1321613,-25.69492],[-57.1326211,-25.6955652],[-57.132851,-25.6958856],[-57.1330187,-25.6962647],[-57.1329982,-25.696644],[-57.1327269,-25.6969242],[-57.1325606,-25.6974933],[-57.1325401,-25.6977958],[-57.1324778,-25.6980984],[-57.1324783,-25.6985905],[-57.1325622,-25.6988929],[-57.1326877,-25.6991953],[-57.1328759,-25.6995338],[-57.1330226,-25.6998001],[-57.1330854,-25.7000258],[-57.1331068,-25.7004818],[-57.1332743,-25.7009331],[-57.1335669,-25.7013302],[-57.1340268,-25.7018038],[-57.1342903,-25.7020926]]},"properties":{"name":"Arroyo Mbaey","waterway":"stream"}},{"type":"Feature","geometry":{"type":"LineString","coordinates":[[-57.0336964,-25.5153336],[-57.0336258,-25.5155884],[-57.0335976,-25.5159006],[-57.0335976,-25.5160853],[-57.0336399,-25.5161617],[-57.0335482,-25.5163274],[-57.0333223,-25.5165376],[-57.0330682,-25.5167988],[-57.0327717,-25.5168561],[-57.0323905,-25.5169708],[-57.0321223,-25.5170217],[-57.0319458,-25.5171746],[-57.0318047,-25.5173402],[-57.0317052,-25.5174027],[-57.0316705,-25.5175568],[-57.0316361,-25.5177543],[-57.0313741,-25.5180091],[-57.0312611,-25.5181429],[-57.03112,-25.5183085],[-57.031007,-25.5184996],[-57.0309393,-25.5186554],[-57.0308919,-25.5187196],[-57.0308851,-25.5188113],[-57.0309224,-25.5189029],[-57.0310239,-25.518964],[-57.0311154,-25.5190099],[-57.0311357,-25.5190893],[-57.0311086,-25.5191504],[-57.0308953,-25.519349],[-57.0307734,-25.5194987],[-57.0306718,-25.5196668],[-57.0306549,-25.5198165],[-57.0306922,-25.5199448],[-57.0307565,-25.5201006],[-57.0307294,-25.5201648],[-57.0306278,-25.520232],[-57.0305127,-25.5202564],[-57.0304348,-25.5203695],[-57.0304281,-25.5204489],[-57.0304653,-25.5205222],[-57.0306854,-25.5206353],[-57.0307734,-25.520675],[-57.0307937,-25.5208064],[-57.0307633,-25.5209041],[-57.0307328,-25.5210569],[-57.0307362,-25.5212616],[-57.0307396,-25.5214572],[-57.0306786,-25.5215916],[-57.030577,-25.5217199],[-57.0304856,-25.5218971],[-57.0304281,-25.5220315],[-57.0302893,-25.5222851],[-57.0302723,-25.5224593],[-57.0302859,-25.5228106],[-57.0302351,-25.5229603],[-57.0302114,-25.5232872],[-57.0300997,-25.5235347],[-57.03012,-25.523718],[-57.0299101,-25.523935],[-57.0298187,-25.5240205],[-57.0297103,-25.5241519],[-57.0295681,-25.5242405],[-57.029453,-25.5242985],[-57.029365,-25.5243291],[-57.0292736,-25.5243735]]},"properties":{"waterway":"stream"}},{"type":"Feature","geometry":{"type":"LineString","coordinates":[[-57.0597848,-25.5178436],[-57.0596457,-25.5178922],[-57.0594393,-25.5179125],[-57.0592734,-25.5179651],[-57.0591792,-25.5180137],[-57.0590894,-25.5181027],[-57.0590446,-25.5181392],[-57.0589907,-25.5181837],[-57.0588965,-25.5182606],[-57.0588921,-25.5183375],[-57.0588337,-25.518378],[-57.0587216,-25.5184225],[-57.0586812,-25.5184711],[-57.0586453,-25.5185521],[-57.0586498,-25.5186938],[-57.0586678,-25.5188193],[-57.0586274,-25.518876],[-57.0585332,-25.5189812],[-57.0584165,-25.5191229],[-57.0583044,-25.5192039],[-57.0582595,-25.5193091],[-57.0581833,-25.5193901],[-57.058125,-25.5194954],[-57.0580891,-25.5195723],[-57.0580532,-25.5196573],[-57.0580532,-25.5197504],[-57.0580476,-25.5198373]]},"properties":{"waterway":"stream"}},{"type":"Feature","geometry":{"type":"LineString","coordinates":[[-57.0579455,-25.516204],[-57.0579365,-25.5163903],[-57.0580128,-25.5166129],[-57.0580666,-25.5167991],[-57.058116,-25.5169368],[-57.0580173,-25.5172323],[-57.0579276,-25.5173781],[-57.0579276,-25.5174874],[-57.0579635,-25.5175926],[-57.0580307,-25.51771],[-57.0580397,-25.5177546],[-57.0580621,-25.517872],[-57.0579859,-25.5179975],[-57.057959,-25.5180987],[-57.0579096,-25.5182363],[-57.0579007,-25.5183173],[-57.0579007,-25.5184064],[-57.0578693,-25.5185076],[-57.0577795,-25.5185926],[-57.0577033,-25.5186452],[-57.0573803,-25.5188274],[-57.0571874,-25.518965],[-57.0570304,-25.5190743],[-57.0569137,-25.5192241],[-57.056824,-25.5193658],[-57.0567208,-25.5194346],[-57.0565324,-25.5195196],[-57.0564248,-25.5195156],[-57.0563036,-25.5195237],[-57.0562274,-25.5195439],[-57.0561646,-25.5196006],[-57.0561107,-25.5196573],[-57.0560749,-25.5197071]]},"properties":{"waterway":"stream"}},{"type":"Feature","geometry":{"type":"LineString","coordinates":[[-57.0564831,-25.5146373],[-57.0563575,-25.5147223],[-57.0562139,-25.5147506],[-57.0560569,-25.514783],[-57.0558864,-25.514868],[-57.055716,-25.5149895],[-57.0555455,-25.5152405],[-57.0553795,-25.5153174],[-57.0552808,-25.5153984],[-57.0551597,-25.5154915],[-57.0550835,-25.5155846],[-57.0550924,-25.5157344],[-57.0549893,-25.5158761],[-57.054895,-25.5159814],[-57.0547964,-25.5161231],[-57.0547022,-25.5162486],[-57.0546663,-25.5163619],[-57.0546977,-25.5164753],[-57.0546887,-25.5165319],[-57.0546124,-25.5165724],[-57.0544509,-25.5165886],[-57.054424,-25.5166777],[-57.0544285,-25.5168072],[-57.0543792,-25.5169287],[-57.0543388,-25.5170178],[-57.0543119,-25.5170987],[-57.0542625,-25.5172607],[-57.0542087,-25.5174185],[-57.0541549,-25.5175481],[-57.0541683,-25.5176938],[-57.0541818,-25.5178598],[-57.0541459,-25.5179691],[-57.0540517,-25.5180622],[-57.0539261,-25.5181108],[-57.0538139,-25.5181756],[-57.0537691,-25.5182728],[-57.0537377,-25.5184064],[-57.0538408,-25.5185157],[-57.0539036,-25.5186816],[-57.0539126,-25.5188193],[-57.0539575,-25.5190177],[-57.0539171,-25.5191512],[-57.0538767,-25.5193172],[-57.0539081,-25.5194954],[-57.0539216,-25.5196047],[-57.0538184,-25.5196775],[-57.0536883,-25.5197302],[-57.0534506,-25.5198395],[-57.0532891,-25.5198637],[-57.0531455,-25.519888],[-57.0530244,-25.5199326],[-57.0528943,-25.5199812],[-57.052827,-25.5200459],[-57.0527866,-25.5201026],[-57.0527591,-25.5201447]]},"properties":{"waterway":"stream"}},{"type":"Feature","geometry":{"type":"LineString","coordinates":[[-57.1139295,-25.5166165],[-57.1138,-25.51671],[-57.1136121,-25.5168094],[-57.1133919,-25.5167626],[-57.1132235,-25.5167217],[-57.1130615,-25.5166983],[-57.112919,-25.5167159],[-57.1127312,-25.5168036],[-57.112485,-25.5168503],[-57.1122259,-25.5168912],[-57.1120251,-25.5168737],[-57.1117725,-25.5169555],[-57.1116624,-25.5170783],[-57.1115912,-25.5172478],[-57.1115264,-25.5173823],[-57.1114551,-25.5174466],[-57.111345,-25.5174875],[-57.1111507,-25.5175401],[-57.1110211,-25.5176512],[-57.1109434,-25.5177038],[-57.1107815,-25.5177389],[-57.1106649,-25.5177096],[-57.1104252,-25.517657],[-57.1102698,-25.5176044],[-57.1101726,-25.5175518],[-57.1099977,-25.5175226],[-57.1098876,-25.5175109],[-57.109771,-25.5175109],[-57.1095961,-25.5175226],[-57.10935,-25.517581],[-57.1090973,-25.5176219],[-57.1089225,-25.5176453],[-57.1087864,-25.5177447],[-57.1086569,-25.5177505],[-57.1084043,-25.5176219],[-57.1082229,-25.5176044],[-57.1080933,-25.5176395],[-57.1080156,-25.5177096],[-57.1079249,-25.5177213],[-57.1078083,-25.5176979],[-57.1076903,-25.5176739],[-57.1075199,-25.5176704],[-57.1073649,-25.5176494],[-57.1072139,-25.5176005],[-57.1070783,-25.517555],[-57.1069389,-25.5175026],[-57.1068421,-25.5175271],[-57.1067375,-25.5175306],[-57.1066175,-25.5175061],[-57.1065361,-25.5174991],[-57.106478,-25.5175236],[-57.1063347,-25.5175515],[-57.1062263,-25.5175306],[-57.1059513,-25.5174956],[-57.1058274,-25.5174397],[-57.1057306,-25.5173838],[-57.1056028,-25.5173768],[-57.1054401,-25.5173628],[-57.1053317,-25.5173663],[-57.1052232,-25.5172894],[-57.1052155,-25.517223],[-57.1051806,-25.5171321],[-57.1051341,-25.5170517],[-57.1050373,-25.5170063],[-57.1049715,-25.5169609],[-57.1049056,-25.516891],[-57.104863,-25.5167966],[-57.1047778,-25.5167162],[-57.1047081,-25.5166568],[-57.1046113,-25.5166044],[-57.104499,-25.5164995],[-57.1043828,-25.5164715],[-57.1042279,-25.5164331],[-57.1041659,-25.5164226],[-57.1040652,-25.5164436],[-57.1039025,-25.5165379],[-57.1038057,-25.5165799],[-57.1037321,-25.5165694],[-57.1036469,-25.5166113],[-57.1035888,-25.5166917],[-57.1035385,-25.5167162],[-57.1034262,-25.5167407],[-57.1033371,-25.5167616],[-57.1032558,-25.5167896],[-57.1031977,-25.5167931],[-57.103097,-25.5167651],[-57.1029614,-25.5167337],[-57.1028569,-25.5167197],[-57.1026981,-25.5167477],[-57.1025703,-25.5167686],[-57.1024347,-25.5167721],[-57.102303,-25.5167861],[-57.1021597,-25.5167686],[-57.1020823,-25.5167756],[-57.1020087,-25.5167407],[-57.1019119,-25.5166917],[-57.1018809,-25.5166882],[-57.1017957,-25.5166847],[-57.1016253,-25.5167057],[-57.1015362,-25.5167442],[-57.10142,-25.5167861],[-57.1011838,-25.5168385],[-57.1010676,-25.5168595],[-57.1009514,-25.516849],[-57.100812,-25.5168071],[-57.1006493,-25.5167791],[-57.100537,-25.5167267],[-57.1003046,-25.5167337],[-57.1001613,-25.5167581],[-57.1000838,-25.5167686],[-57.0999832,-25.5167686],[-57.0998941,-25.5167372],[-57.0998205,-25.5167127],[-57.0997494,-25.5167148],[-57.0996343,-25.5166888],[-57.0995011,-25.5166791],[-57.0994004,-25.5167083],[-57.0993248,-25.5167213],[-57.099206,-25.5167375],[-57.0990189,-25.5167408],[-57.0989397,-25.516731],[-57.0987958,-25.5167245],[-57.0987166,-25.5166856],[-57.0986662,-25.5166888],[-57.0985979,-25.516731],[-57.0984791,-25.5167505],[-57.098382,-25.516783],[-57.098292,-25.5168285],[-57.0981624,-25.5168382],[-57.0980761,-25.5168837],[-57.0979825,-25.5169486],[-57.0978638,-25.5170071],[-57.0977738,-25.5170525],[-57.0976838,-25.5170785],[-57.0976155,-25.5171175],[-57.0975363,-25.5171694],[-57.0974247,-25.5171792],[-57.0972844,-25.5171889],[-57.0971656,-25.5171727],[-57.0971189,-25.5171045],[-57.0970433,-25.5170298],[-57.0969677,-25.5170006],[-57.0969497,-25.5169389],[-57.0969533,-25.5168512],[-57.0969317,-25.5168025],[-57.0968706,-25.5167473],[-57.0967266,-25.5167278],[-57.0965791,-25.516731],[-57.0964999,-25.516718],[-57.0964315,-25.5167473],[-57.0963884,-25.5167862],[-57.0963476,-25.5168171],[-57.0962432,-25.5168853],[-57.0960525,-25.5168983],[-57.0959517,-25.5169178],[-57.0958942,-25.5169762],[-57.095797,-25.5170704],[-57.0956891,-25.5170672],[-57.0956279,-25.5170477],[-57.0955055,-25.5170314],[-57.0953904,-25.5170477],[-57.09525,-25.5170607],[-57.0951097,-25.5170834],[-57.0949873,-25.5170931],[-57.0949262,-25.5171289],[-57.0948758,-25.5171873],[-57.0948218,-25.517314],[-57.094721,-25.5174146],[-57.0946383,-25.5174471],[-57.0945447,-25.5174536],[-57.0944116,-25.5173887],[-57.0942928,-25.5173107],[-57.09421,-25.517262],[-57.0941237,-25.517236],[-57.0940301,-25.5172588],[-57.0938574,-25.5172977],[-57.0937026,-25.5173107],[-57.0935767,-25.5173367],[-57.0934399,-25.5173367],[-57.0933212,-25.5173497],[-57.093188,-25.5173334],[-57.0931197,-25.5173172],[-57.0930441,-25.517301],[-57.0926195,-25.5173529],[-57.0924467,-25.5173757],[-57.0922524,-25.5173594],[-57.0920437,-25.5173302],[-57.0918386,-25.5173302],[-57.0916407,-25.5173075],[-57.0914607,-25.5172328],[-57.0913348,-25.5171646],[-57.091234,-25.5170607],[-57.09118,-25.5169795],[-57.0910793,-25.516895],[-57.0909425,-25.5168463],[-57.090777,-25.5167879],[-57.0906762,-25.5167067],[-57.0905543,-25.5166531],[-57.0904612,-25.516567],[-57.0902966,-25.5165053],[-57.0900825,-25.5164599],[-57.0898198,-25.5163722],[-57.0896615,-25.5163267],[-57.0893952,-25.5162845],[-57.0892224,-25.5162423],[-57.0890857,-25.5161708],[-57.0888554,-25.5161546],[-57.088402,-25.5161676],[-57.0880781,-25.516213],[-57.0879126,-25.5162358],[-57.0877938,-25.5162618],[-57.0877038,-25.5163267],[-57.0876175,-25.5163852],[-57.0874663,-25.5164111],[-57.0873008,-25.5164079],[-57.087182,-25.5163949],[-57.0870129,-25.5164436],[-57.0869301,-25.5164923],[-57.086833,-25.5165086],[-57.086743,-25.5165021],[-57.0866387,-25.5164858],[-57.0865487,-25.5164858],[-57.0864911,-25.5165021],[-57.086376,-25.5165703],[-57.0861708,-25.5167132],[-57.0859873,-25.5168691],[-57.0855483,-25.5173042],[-57.0853396,-25.5173529],[-57.085174,-25.5173984],[-57.0850157,-25.5173952],[-57.0849257,-25.5173529],[-57.084807,-25.517314],[-57.0846774,-25.5172717],[-57.0844939,-25.5172782],[-57.0844147,-25.517314],[-57.0843176,-25.5173724],[-57.0842492,-25.5174146],[-57.0841772,-25.5174374],[-57.0841053,-25.5174406],[-57.0840657,-25.5174309],[-57.0839541,-25.5173562],[-57.0838642,-25.5172653],[-57.0837994,-25.5171938],[-57.0837274,-25.5171224],[-57.0836195,-25.5170736],[-57.0835007,-25.5170347],[-57.0834179,-25.5170282],[-57.0832812,-25.5170314],[-57.08322,-25.5170542],[-57.0831337,-25.5170996],[-57.0830401,-25.5171353],[-57.0829321,-25.5171938],[-57.0828566,-25.5172653],[-57.0827882,-25.517314],[-57.0827126,-25.5173399],[-57.0826371,-25.5173302],[-57.0825579,-25.5172782],[-57.0824643,-25.5171938],[-57.0823096,-25.5170931],[-57.0822052,-25.5170607],[-57.0820937,-25.5169827],[-57.0818922,-25.5168983],[-57.0817266,-25.5167846],[-57.0815971,-25.5166937],[-57.0814891,-25.5165735],[-57.0814351,-25.5164501],[-57.0814099,-25.5163365],[-57.0813991,-25.516278],[-57.0814027,-25.5162065],[-57.0814351,-25.5161351],[-57.0815035,-25.5160539],[-57.0815899,-25.5159695],[-57.0815827,-25.5159175],[-57.0816259,-25.5158656],[-57.0817014,-25.5158168],[-57.0817374,-25.5157032],[-57.081723,-25.5156252],[-57.0816906,-25.5155733],[-57.0816367,-25.5155375],[-57.0816007,-25.5154564],[-57.0815863,-25.5153947],[-57.0815395,-25.5153622],[-57.0814423,-25.5153622],[-57.0813164,-25.5153622],[-57.0811904,-25.5154141],[-57.0811113,-25.5154336],[-57.0810357,-25.5154596],[-57.0809601,-25.5154758],[-57.0808918,-25.5154791],[-57.0808198,-25.5154791],[-57.080719,-25.5154661],[-57.0806255,-25.5154823],[-57.0805499,-25.5154141],[-57.0804923,-25.5153394],[-57.0804455,-25.5152842],[-57.0803376,-25.5152193],[-57.080244,-25.5151868],[-57.080172,-25.5151478],[-57.0800569,-25.5150731],[-57.0800065,-25.5150147],[-57.0799993,-25.5149465],[-57.0800029,-25.5148685],[-57.0800245,-25.5147809],[-57.0800605,-25.5146964],[-57.0800893,-25.5145795],[-57.0800533,-25.514521],[-57.0799597,-25.5144756],[-57.0798014,-25.5144334],[-57.0797006,-25.5143846],[-57.0796071,-25.5143424],[-57.0794811,-25.5142937],[-57.0794235,-25.5142158],[-57.0793444,-25.5141703],[-57.0792652,-25.5141378],[-57.0791788,-25.5140859],[-57.0791249,-25.5140404],[-57.0789629,-25.5139625],[-57.0788945,-25.5139592],[-57.0787974,-25.5139917],[-57.0786355,-25.5140859],[-57.0785671,-25.5141963],[-57.0785275,-25.5142612],[-57.0784339,-25.5143197],[-57.078308,-25.5143944],[-57.0782468,-25.5144269],[-57.0781784,-25.5144269],[-57.0780993,-25.5144528],[-57.0780633,-25.5143976],[-57.0780993,-25.5143035],[-57.0780633,-25.5142645],[-57.0779481,-25.514245],[-57.0778258,-25.5142775],[-57.0777466,-25.5143619],[-57.077725,-25.5144821],[-57.0776602,-25.5145763],[-57.0775775,-25.514638],[-57.0775091,-25.5146639],[-57.0774191,-25.5146672],[-57.0773148,-25.5146639],[-57.0772212,-25.5146445],[-57.0771528,-25.5146055],[-57.0770665,-25.514534],[-57.0769729,-25.5144951],[-57.0769009,-25.5145048],[-57.0767066,-25.5145795],[-57.0764583,-25.514638],[-57.0761416,-25.5147159],[-57.0757386,-25.5148555],[-57.0754507,-25.5149075],[-57.0753644,-25.5149302],[-57.0751916,-25.5149627],[-57.0750369,-25.5150017],[-57.0748965,-25.5150147],[-57.0746806,-25.5150049],[-57.0745763,-25.5150114],[-57.0744647,-25.5150472],[-57.07431,-25.5150796],[-57.0742452,-25.5150699],[-57.0741516,-25.5150439],[-57.0740545,-25.5149822],[-57.0740077,-25.5149205],[-57.0739177,-25.5148555],[-57.0738566,-25.5147938],[-57.0738062,-25.5147744],[-57.0737018,-25.5147971],[-57.0736298,-25.5148913],[-57.0734679,-25.5149725],[-57.0733672,-25.5149595],[-57.0732556,-25.5148848],[-57.0731872,-25.5148101],[-57.073162,-25.5147516],[-57.0731009,-25.5147094],[-57.0730433,-25.5147062],[-57.0729317,-25.5147029],[-57.0728022,-25.5146412],[-57.0726222,-25.5145438],[-57.0723919,-25.5144431],[-57.072302,-25.5143327],[-57.0721436,-25.5142677],[-57.0720213,-25.5141865],[-57.0719277,-25.5141573],[-57.071827,-25.5141671],[-57.071737,-25.5142677],[-57.0716254,-25.5143327],[-57.0715175,-25.5143781],[-57.0714311,-25.5143944],[-57.0713412,-25.5143944],[-57.0712548,-25.5143489],[-57.0710785,-25.5142742],[-57.0709849,-25.514245],[-57.0708949,-25.5141703],[-57.0708446,-25.5141541],[-57.0706898,-25.5141703],[-57.0704739,-25.5141216],[-57.0703012,-25.5140859],[-57.0701968,-25.5140729],[-57.0701644,-25.5140404],[-57.0699557,-25.5139787],[-57.0698729,-25.5139397],[-57.0697686,-25.5139657],[-57.0696678,-25.5139917],[-57.0694915,-25.5139917],[-57.0693044,-25.5141151],[-57.0692288,-25.514232],[-57.0691676,-25.5143229],[-57.0691029,-25.5143781],[-57.0689841,-25.5144658],[-57.0687502,-25.514625],[-57.0686063,-25.5146932],[-57.0684659,-25.5147581],[-57.0684407,-25.5148783],[-57.0684479,-25.5149855],[-57.0684695,-25.5150666],[-57.0684479,-25.5151024],[-57.0684551,-25.5151868],[-57.0684479,-25.5152615],[-57.0684299,-25.5153427],[-57.0684299,-25.5153947],[-57.0684479,-25.5154531],[-57.0684911,-25.5155018],[-57.0684947,-25.5155635],[-57.0684623,-25.5156025],[-57.0683759,-25.5156739],[-57.0682788,-25.5156837],[-57.0681528,-25.5156674],[-57.0680413,-25.5156025],[-57.0679873,-25.5155343],[-57.0679693,-25.5154693],[-57.0679657,-25.5153979],[-57.0679477,-25.5153524],[-57.0678793,-25.5152972],[-57.067811,-25.5152972],[-57.0677498,-25.5152518],[-57.0676778,-25.515216],[-57.0675951,-25.5151738],[-57.0674979,-25.5151543],[-57.0674331,-25.5151738],[-57.0674043,-25.5152095],[-57.0674223,-25.5152712],[-57.0674331,-25.5152972],[-57.0674799,-25.5153817],[-57.0674979,-25.5154434],[-57.0674547,-25.515531],[-57.0674043,-25.5156415],[-57.0673827,-25.5157519],[-57.0673288,-25.5157876],[-57.0672316,-25.5158233],[-57.0671632,-25.5158298],[-57.0670409,-25.5158201],[-57.0669113,-25.5158103],[-57.0668034,-25.5157714],[-57.066699,-25.5157486],[-57.066627,-25.5157616],[-57.0665695,-25.5158006],[-57.0665623,-25.5158656],[-57.0665623,-25.51595],[-57.0665623,-25.5160182],[-57.0665587,-25.5160442],[-57.0665335,-25.5160994],[-57.0665047,-25.5161903],[-57.0664615,-25.5162845],[-57.0664039,-25.5163072],[-57.0662996,-25.5163137],[-57.0661952,-25.5163137],[-57.0660549,-25.5163365],[-57.0659433,-25.516317],[-57.0659037,-25.5162715],[-57.0658821,-25.5162228],[-57.0658821,-25.5161643],[-57.0658749,-25.5161059],[-57.0658677,-25.5160507],[-57.0658318,-25.5160117],[-57.0657814,-25.5159825],[-57.0657382,-25.5159955],[-57.0656662,-25.5160831],[-57.065623,-25.5161448],[-57.0655835,-25.5162358],[-57.0655511,-25.5162618],[-57.0654575,-25.5162715],[-57.0653819,-25.5162553],[-57.0652992,-25.5162065],[-57.065256,-25.5161741],[-57.06513,-25.5161806],[-57.0650905,-25.5162423],[-57.0650509,-25.516291],[-57.0649717,-25.5163137],[-57.0649429,-25.51633],[-57.0649357,-25.5163917],[-57.0649789,-25.5164404],[-57.0650293,-25.5164956],[-57.0650473,-25.5165508],[-57.0650329,-25.5166255],[-57.0649501,-25.5166872],[-57.0648817,-25.5167002],[-57.0648565,-25.5167229],[-57.064817,-25.5167846],[-57.0648098,-25.5168333],[-57.0648098,-25.5169178],[-57.0647954,-25.5170087],[-57.064763,-25.5170866],[-57.0647486,-25.5171256],[-57.0647342,-25.5171841],[-57.0646442,-25.5172425],[-57.0645723,-25.5173367],[-57.0645471,-25.5174146],[-57.0645723,-25.5174893],[-57.0645939,-25.5175218],[-57.0646118,-25.5176127],[-57.0645795,-25.5176712],[-57.0644751,-25.5177037],[-57.0643096,-25.5177816],[-57.0641872,-25.517866],[-57.0641296,-25.5179407],[-57.0640829,-25.5179635],[-57.0640361,-25.5180641],[-57.0639785,-25.5180576],[-57.0639157,-25.518076],[-57.0639038,-25.5181409],[-57.0638938,-25.5182371],[-57.0638235,-25.5182671],[-57.0637621,-25.5182752],[-57.0635746,-25.518285],[-57.0633865,-25.518311],[-57.06314,-25.5184214],[-57.0630573,-25.5184896],[-57.0629601,-25.518626],[-57.0629205,-25.5186974],[-57.0627298,-25.5188013],[-57.0626398,-25.5188598],[-57.0625679,-25.5189475],[-57.0625499,-25.5190027],[-57.0625139,-25.5190969],[-57.0624743,-25.5191326],[-57.0624203,-25.5191553],[-57.0623304,-25.5192138],[-57.062244,-25.5192917],[-57.0622404,-25.5193599],[-57.0623483,-25.5194378],[-57.0624275,-25.5195158],[-57.0624563,-25.519584],[-57.0624059,-25.5196782],[-57.0623088,-25.5197366],[-57.0621684,-25.5197593],[-57.0620677,-25.5197528],[-57.0620209,-25.5197204],[-57.0619741,-25.5196652],[-57.0619273,-25.5196587],[-57.0618445,-25.5197593],[-57.0617294,-25.5198665],[-57.0616826,-25.5199444],[-57.061661,-25.5200126],[-57.0616142,-25.5201068],[-57.0615926,-25.5201393],[-57.0615027,-25.5201685],[-57.0613731,-25.520188],[-57.06124,-25.520201],[-57.0611104,-25.5202205],[-57.0610241,-25.5202367],[-57.0609809,-25.5201945],[-57.0609269,-25.5201848],[-57.0608693,-25.5201815],[-57.0608369,-25.5201653],[-57.0607902,-25.5200971],[-57.0607254,-25.5200792],[-57.060639,-25.5201425],[-57.0605491,-25.5201458]]},"properties":{"waterway":"stream"}},{"type":"Feature","geometry":{"type":"LineString","coordinates":[[-56.9774404,-25.6557774],[-56.9774162,-25.6557041],[-56.977513,-25.6555851],[-56.9775218,-25.6555474],[-56.9774947,-25.6554776]]},"properties":{"waterway":"stream"}},{"type":"Feature","geometry":{"type":"LineString","coordinates":[[-57.0313484,-25.6426161],[-57.0313185,-25.6424394],[-57.0312887,-25.6420821],[-57.0312589,-25.6418669]]},"properties":{"waterway":"stream"}},{"type":"Feature","geometry":{"type":"LineString","coordinates":[[-57.1239035,-25.6233301],[-57.1241771,-25.6232237],[-57.125014,-25.6228465],[-57.1254431,-25.6225949],[-57.1257864,-25.6222564],[-57.1260701,-25.621855],[-57.1261351,-25.6217581],[-57.1263282,-25.6217266],[-57.1264328,-25.6216734],[-57.1265347,-25.6215912],[-57.1267359,-25.6215525],[-57.1269344,-25.6215815],[-57.1272482,-25.6216275],[-57.1275727,-25.6216516],[-57.1277685,-25.6216589],[-57.1278552,-25.621659],[-57.1280984,-25.6215731],[-57.12815,-25.621563],[-57.1283017,-25.6215698],[-57.1284307,-25.6217237],[-57.1286734,-25.6217682],[-57.1292386,-25.6216793],[-57.1295497,-25.6215459],[-57.129929,-25.6213407],[-57.1302666,-25.621091],[-57.130498,-25.6209303],[-57.1307407,-25.6207387],[-57.1310821,-25.6205848],[-57.1319963,-25.6202291],[-57.1324401,-25.6198289],[-57.1327094,-25.619634],[-57.1331494,-25.6194322],[-57.1337108,-25.6191928],[-57.1341357,-25.6189978],[-57.1345415,-25.6188473],[-57.1347122,-25.6187584],[-57.1349778,-25.6186831],[-57.1353685,-25.6186763],[-57.1355619,-25.6189294],[-57.1358578,-25.6191141],[-57.1362371,-25.6191483],[-57.1365899,-25.6193877],[-57.1367282,-25.6195567]]},"properties":{"name":"Yukyry","waterway":"stream"}},{"type":"Feature","geometry":{"type":"LineString","coordinates":[[-56.9774519,-25.6553673],[-56.9774448,-25.6553491],[-56.9773326,-25.6551012],[-56.9773414,-25.655016]]},"properties":{"waterway":"stream"}},{"type":"Feature","geometry":{"type":"LineString","coordinates":[[-56.9774947,-25.6554776],[-56.9774519,-25.6553673]]},"properties":{"layer":"-1","tunnel":"culvert","waterway":"stream"}},{"type":"Feature","geometry":{"type":"LineString","coordinates":[[-57.071064,-25.606745],[-57.0710459,-25.6067561],[-57.071029,-25.6067708],[-57.0709992,-25.6067961],[-57.0709841,-25.6068156],[-57.0709555,-25.6068556],[-57.0709181,-25.6069009],[-57.0708796,-25.6069403],[-57.0708445,-25.606973],[-57.0708189,-25.6069988],[-57.0707885,-25.6070267],[-57.0707669,-25.6070625],[-57.0707406,-25.607103],[-57.0707155,-25.6071367],[-57.0706963,-25.6071699],[-57.0706694,-25.6071972],[-57.0706326,-25.6072335],[-57.0706099,-25.6072504],[-57.0705766,-25.6072657],[-57.0705398,-25.6072583],[-57.0705007,-25.6072462],[-57.0704412,-25.6072309],[-57.0703822,-25.6072904],[-57.0703612,-25.6073194],[-57.07037,-25.6073457],[-57.0703752,-25.6073862],[-57.0703711,-25.6074194],[-57.070363,-25.6074557],[-57.0703268,-25.6074704],[-57.0702882,-25.6074741],[-57.0702485,-25.6074746],[-57.0702118,-25.607481],[-57.0701884,-25.6074925],[-57.070161,-25.607511],[-57.0701493,-25.6075357],[-57.0701411,-25.6075673],[-57.070116,-25.6076015],[-57.0700968,-25.6076289],[-57.0700687,-25.6076731],[-57.0700588,-25.6077147],[-57.0700594,-25.60775],[-57.0700623,-25.6077926],[-57.0700629,-25.6078321],[-57.0700635,-25.6078631],[-57.0700506,-25.6078937],[-57.070029,-25.6079205],[-57.0699929,-25.6079421],[-57.0699672,-25.6079589],[-57.0699391,-25.6079774],[-57.0699193,-25.6079963],[-57.0698936,-25.6080226],[-57.0698749,-25.608039],[-57.0698364,-25.6080574],[-57.0698125,-25.6080763],[-57.0697915,-25.6080953],[-57.0697827,-25.6081153],[-57.0697722,-25.6081395],[-57.0697588,-25.6081827],[-57.0697518,-25.6082285],[-57.0697471,-25.6082911],[-57.0697523,-25.608348],[-57.0697623,-25.608399],[-57.0697815,-25.6084417],[-57.0698084,-25.6084864],[-57.0698428,-25.6085296],[-57.0698539,-25.608559],[-57.0698533,-25.6086017],[-57.0698615,-25.608658],[-57.0698895,-25.6087264],[-57.0698969,-25.6087655],[-57.0699016,-25.6088163],[-57.0699063,-25.6088507],[-57.0699076,-25.6088931],[-57.069911,-25.6089233],[-57.0699304,-25.6089535],[-57.0699392,-25.6089832],[-57.0699304,-25.6090067],[-57.0698989,-25.6090255],[-57.069858,-25.6090467],[-57.0698064,-25.6090733],[-57.0697739,-25.6091023],[-57.0697474,-25.6091295]]},"properties":{"name:ca":"Soledat. Rierol Envoltat - 0","name:de":"Einsamkeit. Umgebener Bach - 0","name:el":"\u039c\u03bf\u03bd\u03b1\u03be\u03b9\u03ac. \u03a0\u03b5\u03c1\u03b9\u03c4\u03c1\u03b9\u03b3\u03c5\u03c1\u03b9\u03c3\u03bc\u03ad\u03bd\u03bf\u03c2 \u03ba\u03bf\u03bb\u03c0\u03af\u03c3\u03ba\u03bf\u03c2 - 0","name:en":"Loneliness. Surrounded Creek - 0","name:es":"Soledad. Arroyo Rodeado - 0","name:fr":"Solitude. Ruisseau entour\u00e9 - 0","name:ig":"owu \u1ecdm\u1ee5ma. Creek gbara ya gburugburu - 0","name:it":"Solitudine. Insenatura Circondata - 0","name:ja":"\u5b64\u72ec\u3002 \u56f2\u307e\u308c\u305f\u30af\u30ea\u30fc\u30af - 0","name:ka":"\u10db\u10d0\u10e0\u10e2\u10dd\u10dd\u10d1\u10d0. \u10d2\u10d0\u10e0\u10e8\u10d4\u10db\u10dd\u10e0\u10e2\u10e7\u10db\u10e3\u10da\u10d8 \u10d9\u10e0\u10d8\u10d9\u10d8 - 0","name:ko":"\uc678\ub85c\uc6c0. \ub458\ub7ec\uc2f8\uc778 \ud06c\ub9ad - 0","name:la":"Solitudo. Circumdederunt Creek - 0","name:lb":"Einsamkeet. \u00cbmginn Creek - 0","name:nl":"Eenzaamheid. Omringde Kreek - 0","name:no":"Ensomhet. Omgitt Creek - 0","name:pl":"Samotno\u015b\u0107. Otoczony potok - 0","name:pt":"Solid\u00e3o. Riacho Cercado - 0","name:sv":"Ensamhet. Surrounded Creek - 0","name:uk":"\u0421\u0430\u043c\u043e\u0442\u043d\u0456\u0441\u0442\u044c. \u041e\u0442\u043e\u0447\u0435\u043d\u0438\u0439 \u0441\u0442\u0440\u0443\u043c\u043e\u043a - 0","name:zh-Hant":"\u5b64\u7368\u3002 \u74b0\u7e5e\u5c0f\u6eaa - 0","name:zu":"Isizungu. UCreek Ozungezwe - 0","waterway":"stream"}},{"type":"Feature","geometry":{"type":"LineString","coordinates":[[-57.0715849,-25.6046449],[-57.0715345,-25.6048013],[-57.0715097,-25.6048899],[-57.0714549,-25.6050239],[-57.0714077,-25.6051218],[-57.0713485,-25.6052367],[-57.0713893,-25.605417],[-57.0713913,-25.6054756],[-57.0713974,-25.6055315],[-57.0713934,-25.6055856],[-57.0713842,-25.6056388],[-57.0713801,-25.6056929],[-57.0713954,-25.6057414],[-57.0714167,-25.6058019],[-57.0714005,-25.6058267],[-57.0713974,-25.6058642],[-57.0713862,-25.6059082],[-57.0713649,-25.6059339],[-57.0713354,-25.6059651],[-57.0713171,-25.6059962],[-57.0713222,-25.606043],[-57.0713242,-25.6060943],[-57.0713151,-25.6061374],[-57.07131,-25.6061887],[-57.0712856,-25.6062254],[-57.0712572,-25.6062744],[-57.0712379,-25.6063175],[-57.0712338,-25.6063606],[-57.0712297,-25.6064238],[-57.0712338,-25.6064623],[-57.0712297,-25.6065072],[-57.0712053,-25.6065347],[-57.0711759,-25.6065604],[-57.0711545,-25.6065861],[-57.0711387,-25.6066181],[-57.0711265,-25.6066511],[-57.071096,-25.6066704],[-57.0710746,-25.6066841],[-57.0710685,-25.6067135],[-57.071064,-25.606745]]},"properties":{"name:ca":"Soledat. Rierol Envoltat - 2","name:de":"Einsamkeit. Umgebener Bach - 2","name:el":"\u039c\u03bf\u03bd\u03b1\u03be\u03b9\u03ac. \u03a0\u03b5\u03c1\u03b9\u03c4\u03c1\u03b9\u03b3\u03c5\u03c1\u03b9\u03c3\u03bc\u03ad\u03bd\u03bf\u03c2 \u03ba\u03bf\u03bb\u03c0\u03af\u03c3\u03ba\u03bf\u03c2 - 2","name:en":"Loneliness. Surrounded Creek - 2","name:es":"Soledad. Arroyo Rodeado - 2","name:fr":"Solitude. Ruisseau Entour\u00e9 - 2","name:ig":"owu \u1ecdm\u1ee5ma. Creek gbara ya gburugburu - 2","name:it":"Solitudine. Insenatura Circondata - 2","name:ja":"\u5b64\u72ec\u3002 \u56f2\u307e\u308c\u305f\u30af\u30ea\u30fc\u30af - 2","name:ka":"\u10db\u10d0\u10e0\u10e2\u10dd\u10dd\u10d1\u10d0. \u10d2\u10d0\u10e0\u10e8\u10d4\u10db\u10dd\u10e0\u10e2\u10e7\u10db\u10e3\u10da\u10d8 \u10d9\u10e0\u10d8\u10d9\u10d8 - 2","name:ko":"\uc678\ub85c\uc6c0. \ub458\ub7ec\uc2f8\uc778 \ud06c\ub9ad - 2","name:la":"Solitudo. Circumdederunt Creek - 2","name:lb":"Einsamkeet. \u00cbmginn Creek - 2","name:nl":"Eenzaamheid. Omringde Kreek - 2","name:no":"Ensomhet. Omgitt bekk - 2","name:pl":"Samotno\u015b\u0107. Otoczony potok \u2013 2","name:pt":"Solid\u00e3o. Riacho Cercado - 2","name:uk":"\u0421\u0430\u043c\u043e\u0442\u043d\u0456\u0441\u0442\u044c. \u041e\u0442\u043e\u0447\u0435\u043d\u0438\u0439 \u0441\u0442\u0440\u0443\u043c\u043e\u043a - 2","name:zh-Hant":"\u5b64\u7368\u3002 \u74b0\u7e5e\u6eaa - 2","name:zu":"Isizungu. I-Srounded Creek - 2","waterway":"stream"}},{"type":"Feature","geometry":{"type":"LineString","coordinates":[[-57.0619921,-25.619392],[-57.0620507,-25.61943],[-57.0620914,-25.6194575],[-57.0620771,-25.6195052],[-57.0620528,-25.6195345],[-57.0620467,-25.619562],[-57.0620446,-25.6195986],[-57.0620304,-25.6196298],[-57.0620182,-25.6196665],[-57.0620304,-25.6196976],[-57.0620771,-25.6197049],[-57.0621361,-25.6197141],[-57.0621808,-25.6197214],[-57.0622093,-25.6197526],[-57.0622215,-25.6197764],[-57.0622235,-25.6198021],[-57.0622642,-25.6198241],[-57.0622784,-25.6198497],[-57.0622845,-25.6198685],[-57.0622845,-25.6198829],[-57.0622845,-25.6199212],[-57.0622906,-25.6199744],[-57.0623068,-25.6200092],[-57.0623231,-25.6200385],[-57.0623211,-25.6200642],[-57.0623312,-25.6200953],[-57.0623536,-25.6201338],[-57.0623739,-25.6201632],[-57.0623943,-25.6201815],[-57.0624146,-25.6202236],[-57.0624349,-25.6202511],[-57.0624756,-25.6202768]]},"properties":{"waterway":"ditch"}},{"type":"Feature","geometry":{"type":"LineString","coordinates":[[-57.0721798,-25.606449],[-57.0721486,-25.6064876],[-57.0721241,-25.6065113],[-57.0721019,-25.6065303],[-57.0720786,-25.6065355],[-57.0720512,-25.6065324],[-57.0720284,-25.6065413],[-57.0720132,-25.6065513],[-57.0719969,-25.6065597],[-57.0719764,-25.6065592],[-57.071956,-25.6065518],[-57.0719362,-25.6065482],[-57.0719146,-25.6065476],[-57.0718918,-25.606545],[-57.0718708,-25.6065455],[-57.0718521,-25.6065429],[-57.0718363,-25.6065424],[-57.0718223,-25.6065487],[-57.0717791,-25.6065834],[-57.0717406,-25.606614],[-57.0717225,-25.6066282],[-57.0717091,-25.6066429],[-57.0716968,-25.6066603],[-57.0716869,-25.6066745],[-57.0716741,-25.6066819],[-57.0716583,-25.6066908],[-57.0716495,-25.6067003],[-57.0716361,-25.6067135],[-57.0716285,-25.6067329],[-57.0716244,-25.6067477],[-57.0716081,-25.6067608],[-57.0715807,-25.6067677],[-57.0715474,-25.6067745],[-57.0715217,-25.6067766],[-57.0714913,-25.6067787],[-57.071468,-25.606785],[-57.0714446,-25.6067945],[-57.0714265,-25.6068019],[-57.071395,-25.6067993],[-57.0713664,-25.6067929],[-57.0713425,-25.6067856],[-57.0713238,-25.6067766],[-57.0712993,-25.606764],[-57.0712736,-25.6067593],[-57.0712397,-25.6067593],[-57.0712117,-25.6067619],[-57.0711884,-25.6067608],[-57.0711668,-25.6067566],[-57.0711434,-25.6067519],[-57.0711166,-25.606744],[-57.071095,-25.6067419],[-57.071064,-25.606745]]},"properties":{"intermittent":"yes","name":"Soledad, Arroyo Rodeado - 1","name:ca":"Soledat. Rierol Envoltat - 1","name:de":"Einsamkeit. Umgebener Bach - 1","name:el":"\u039c\u03bf\u03bd\u03b1\u03be\u03b9\u03ac. \u03a0\u03b5\u03c1\u03b9\u03c4\u03c1\u03b9\u03b3\u03c5\u03c1\u03b9\u03c3\u03bc\u03ad\u03bd\u03bf\u03c2 \u03ba\u03bf\u03bb\u03c0\u03af\u03c3\u03ba\u03bf\u03c2 - 1","name:en":"Loneliness. Surrounded Creek - 1","name:es":"Soledad. Arroyo Rodeado - 1","name:fr":"Solitude. Ruisseau Entour\u00e9 - 1","name:ig":"owu \u1ecdm\u1ee5ma. Creek gbara ya gburugburu - 1","name:it":"Solitudine. Insenatura Circondata - 1","name:ja":"\u5b64\u72ec\u3002 \u56f2\u307e\u308c\u305f\u30af\u30ea\u30fc\u30af - 1","name:ka":"\u10db\u10d0\u10e0\u10e2\u10dd\u10dd\u10d1\u10d0. \u10d2\u10d0\u10e0\u10e8\u10d4\u10db\u10dd\u10e0\u10e2\u10e7\u10db\u10e3\u10da\u10d8 \u10d9\u10e0\u10d8\u10d9\u10d8 - 1","name:ko":"\uc678\ub85c\uc6c0. \ub458\ub7ec\uc2f8\uc778 \ud06c\ub9ad - 1","name:la":"Solitudo. Circumdederunt Creek - 1","name:lb":"Einsamkeet. \u00cbmginn Creek - 1","name:nl":"Eenzaamheid. Omringde Kreek - 1","name:no":"Ensomhet. Omgitt bekk - 1","name:pl":"Samotno\u015b\u0107. Otoczony potok \u2013 1","name:pt":"Solid\u00e3o. Riacho Cercado - 1","name:uk":"\u0421\u0430\u043c\u043e\u0442\u043d\u0456\u0441\u0442\u044c. \u041e\u0442\u043e\u0447\u0435\u043d\u0438\u0439 \u0441\u0442\u0440\u0443\u043c\u043e\u043a - 1","name:zh-Hant":"\u5b64\u7368\u3002 \u74b0\u7e5e\u6eaa - 1","name:zu":"Isizungu. I-Srounded Creek - 1","waterway":"stream"}},{"type":"Feature","geometry":{"type":"LineString","coordinates":[[-57.0822506,-25.6146731],[-57.0821816,-25.6147449],[-57.0821498,-25.6148343],[-57.082102,-25.6149013],[-57.0820666,-25.6149683],[-57.08201,-25.6150577],[-57.0819286,-25.6151391],[-57.0818737,-25.6152157],[-57.0818471,-25.6152783],[-57.0818153,-25.6153278],[-57.081725,-25.6154443],[-57.0816206,-25.6155608],[-57.0815782,-25.615615],[-57.0815658,-25.6156485],[-57.0815693,-25.6156789],[-57.0815764,-25.6157044],[-57.0815817,-25.6157267],[-57.0815817,-25.6157554],[-57.0815711,-25.6157906],[-57.0815597,-25.6158195],[-57.0815443,-25.6158359],[-57.0815316,-25.6158564],[-57.0815195,-25.6159048],[-57.0815016,-25.6159831],[-57.0814866,-25.6160142],[-57.0814558,-25.6160529],[-57.081274,-25.6161775],[-57.0812304,-25.616215],[-57.0811975,-25.6162404],[-57.0811479,-25.6162646],[-57.0811023,-25.6162863],[-57.0810547,-25.6163147],[-57.0810105,-25.6163462],[-57.0809588,-25.6163631],[-57.0808455,-25.6164345],[-57.0807818,-25.6164641],[-57.0806598,-25.6165445],[-57.0805578,-25.616628],[-57.0804438,-25.6166824],[-57.0802231,-25.6168511],[-57.0800032,-25.6170349],[-57.0798979,-25.6171358],[-57.0797205,-25.6173127],[-57.0794905,-25.6174845],[-57.0792588,-25.61771],[-57.0791962,-25.6177607],[-57.0791535,-25.6177928],[-57.078981,-25.6179385],[-57.0787992,-25.618083],[-57.0786474,-25.6182261],[-57.078522,-25.6182823]]},"properties":{"waterway":"ditch"}},{"type":"Feature","geometry":{"type":"LineString","coordinates":[[-57.0847947,-25.6129658],[-57.0847691,-25.6129814],[-57.0847116,-25.6129972],[-57.0846069,-25.6129972],[-57.0845265,-25.612973],[-57.0844487,-25.6129779],[-57.0843951,-25.6129972],[-57.084379,-25.6130674],[-57.0843816,-25.6131351],[-57.084387,-25.6132028],[-57.0843629,-25.6132609],[-57.0843307,-25.6133576],[-57.0842958,-25.6134713],[-57.0842502,-25.6135559],[-57.0841966,-25.6136551],[-57.0841483,-25.6137325],[-57.0841081,-25.6138341],[-57.0840866,-25.6138945],[-57.0840973,-25.6139598],[-57.0841081,-25.6140542],[-57.0841161,-25.614117],[-57.0841295,-25.614209],[-57.0841139,-25.6143033],[-57.0840946,-25.6144024],[-57.0840678,-25.6145089],[-57.0840705,-25.6146298],[-57.0840732,-25.6147773]]},"properties":{"waterway":"ditch"}},{"type":"Feature","geometry":{"type":"LineString","coordinates":[[-57.0783934,-25.6183318],[-57.0781801,-25.6185058],[-57.0780507,-25.618553],[-57.0778381,-25.6185974],[-57.0776594,-25.6186419],[-57.0775023,-25.6187391],[-57.0773174,-25.6188364],[-57.0770863,-25.6188836],[-57.0769107,-25.6188447],[-57.0767135,-25.6187641],[-57.0765225,-25.6186058],[-57.0764331,-25.6185058],[-57.0763345,-25.618428],[-57.0761959,-25.6183891],[-57.0760326,-25.6183335],[-57.0758724,-25.6182529],[-57.0757306,-25.6181779],[-57.0756043,-25.6181335],[-57.0753825,-25.618114],[-57.0751237,-25.618114],[-57.0748556,-25.6180863],[-57.0744921,-25.6180585]]},"properties":{"waterway":"ditch"}},{"type":"Feature","geometry":{"type":"LineString","coordinates":[[-57.0694652,-25.6028308],[-57.0694164,-25.6028858],[-57.0693757,-25.6029463],[-57.0693188,-25.6030324]]},"properties":{"layer":"-1","tunnel":"flooded","waterway":"stream"}},{"type":"Feature","geometry":{"type":"LineString","coordinates":[[-57.0416263,-25.5517477],[-57.0415051,-25.5517983],[-57.0414078,-25.5517668],[-57.0412444,-25.5516824],[-57.0410902,-25.5516393],[-57.0408627,-25.5516571],[-57.0407088,-25.5516657],[-57.0405422,-25.5516524],[-57.0404024,-25.5516118],[-57.0403504,-25.5515921],[-57.0402752,-25.5515261],[-57.0401919,-25.5513849],[-57.0401431,-25.5512382],[-57.0399743,-25.551174],[-57.0398382,-25.5511776],[-57.0396755,-25.5510933],[-57.0395312,-25.5509044],[-57.0394377,-25.5507375],[-57.0394235,-25.5505963],[-57.0395028,-25.5502882],[-57.0396024,-25.5500919],[-57.0396125,-25.5499067],[-57.0395739,-25.549793],[-57.0394723,-25.5496811],[-57.0392792,-25.5495271],[-57.0390901,-25.549351],[-57.0389722,-25.5490998],[-57.0388848,-25.5487623],[-57.0389336,-25.5484946],[-57.038956,-25.5482378],[-57.0389336,-25.547926],[-57.0387974,-25.5475464],[-57.0386449,-25.5473006],[-57.0385738,-25.546954],[-57.0385087,-25.5463726],[-57.0386043,-25.5458096],[-57.0386632,-25.5455877],[-57.0389031,-25.5451108],[-57.0394418,-25.5443149],[-57.0396857,-25.5438233],[-57.0396999,-25.543451],[-57.039645,-25.5432823],[-57.0396369,-25.5431246],[-57.0396085,-25.5428366],[-57.0396369,-25.5425743],[-57.039578,-25.5423488],[-57.039519,-25.542202],[-57.039582,-25.5420278],[-57.0396186,-25.5418774],[-57.0396105,-25.5415619],[-57.039145,-25.5406852],[-57.0388645,-25.540434],[-57.0386327,-25.5400763],[-57.0382343,-25.5396838],[-57.0380839,-25.5395206],[-57.0379193,-25.5393207],[-57.0375198,-25.5389959],[-57.0373904,-25.5388013],[-57.0372795,-25.5385872],[-57.0371244,-25.5383504],[-57.0370713,-25.5382578],[-57.0370023,-25.5381173],[-57.036912,-25.5380119],[-57.0368855,-25.5378475],[-57.0368519,-25.5376942],[-57.0367935,-25.5375473],[-57.0366837,-25.5374547],[-57.0365953,-25.5373381],[-57.0365528,-25.5371673],[-57.036574,-25.5369405],[-57.0365846,-25.5367713],[-57.0364962,-25.5366356],[-57.0362962,-25.5365717],[-57.0361635,-25.536519],[-57.0361334,-25.5364136],[-57.0361316,-25.5362667],[-57.0360927,-25.536048],[-57.0360343,-25.5358356],[-57.035983,-25.5356631],[-57.035852,-25.535561],[-57.0355583,-25.5354428],[-57.0354079,-25.5353326],[-57.0351477,-25.5351841],[-57.0349248,-25.535058],[-57.0345301,-25.5349606],[-57.0344647,-25.5348536],[-57.0342802,-25.534778],[-57.0340817,-25.5347175],[-57.0337357,-25.5346256],[-57.033438,-25.5345893],[-57.0331403,-25.5345578],[-57.0328586,-25.5344949],[-57.0325448,-25.5344513],[-57.0321237,-25.5344586],[-57.0318769,-25.5344465],[-57.031539,-25.5343932],[-57.0312815,-25.5343254],[-57.0310508,-25.5342165],[-57.0304875,-25.5339067],[-57.0300262,-25.5337373],[-57.0290579,-25.5335243],[-57.0284732,-25.5333448],[-57.0282774,-25.5332847],[-57.0267968,-25.5325514],[-57.0258178,-25.5319512],[-57.0249515,-25.5314647],[-57.0245786,-25.5313074],[-57.024356,-25.531259],[-57.0239617,-25.5312275],[-57.023664,-25.5312469],[-57.0235621,-25.5312977],[-57.0234763,-25.5313945],[-57.0233019,-25.5317309],[-57.0232214,-25.5318035],[-57.0231088,-25.5318398],[-57.0227628,-25.531835],[-57.02227,-25.5316265],[-57.0220558,-25.531597]]},"properties":{"waterway":"stream"}},{"type":"Feature","geometry":{"type":"LineString","coordinates":[[-57.0381348,-25.6876034],[-57.0382039,-25.6876437],[-57.038275,-25.6876583],[-57.0383401,-25.6876583],[-57.0384153,-25.6876821],[-57.0384539,-25.6877206],[-57.0384925,-25.6877499],[-57.0385271,-25.6877591],[-57.0385718,-25.6877517],[-57.0386186,-25.6877499],[-57.0386592,-25.6877572],[-57.0387039,-25.6877774],[-57.0387243,-25.6877994],[-57.0387669,-25.687814],[-57.03883,-25.6878232],[-57.0389418,-25.6878378],[-57.0390088,-25.6878433],[-57.0390495,-25.6878342],[-57.03908,-25.6878232],[-57.0391288,-25.6878213],[-57.0391654,-25.6878104],[-57.0391877,-25.6877902],[-57.0392162,-25.6877719],[-57.039269,-25.6877591],[-57.0393178,-25.6877627],[-57.0393524,-25.6877847],[-57.0394012,-25.6878067],[-57.0394621,-25.6878232],[-57.0395048,-25.6878415],[-57.0395313,-25.6878616],[-57.0395678,-25.6878855],[-57.0396451,-25.6879166],[-57.0397081,-25.6879441],[-57.0397244,-25.6879697],[-57.0397325,-25.6880228],[-57.0397305,-25.6880522],[-57.0397514,-25.6880812],[-57.0397932,-25.6881047],[-57.0398138,-25.6881163],[-57.0398667,-25.6881547],[-57.0399378,-25.6881987],[-57.0400964,-25.6882903],[-57.0402407,-25.6883599],[-57.0403423,-25.6883654],[-57.04045,-25.6883709],[-57.0405212,-25.6883727],[-57.0405781,-25.6883727],[-57.040631,-25.6883892],[-57.0406858,-25.6884185],[-57.0407224,-25.688457],[-57.0407387,-25.6884973],[-57.0407509,-25.6885413],[-57.0407692,-25.6885632],[-57.0407976,-25.6885724],[-57.0409135,-25.6885834],[-57.0410619,-25.6885797],[-57.0411981,-25.6885944],[-57.0413079,-25.6886475],[-57.0413953,-25.6887006],[-57.0414969,-25.6887501],[-57.0415477,-25.6887519],[-57.0416046,-25.6887226],[-57.041686,-25.6887189],[-57.0417347,-25.6887318],[-57.0417693,-25.6887446],[-57.0429773,-25.6887422],[-57.0431688,-25.6886706],[-57.0432762,-25.6885949],[-57.0433696,-25.6886033],[-57.0435144,-25.6886243],[-57.0436265,-25.6886454],[-57.0437152,-25.6886286],[-57.0437572,-25.6885781],[-57.0438273,-25.6885738],[-57.0439113,-25.6885865],[-57.0439837,-25.6885549],[-57.0440234,-25.6885065],[-57.0441028,-25.6884834],[-57.0441845,-25.6884707],[-57.0442359,-25.6884476],[-57.0442826,-25.6884329],[-57.044334,-25.6884329],[-57.0444087,-25.6884266],[-57.0444577,-25.6884097],[-57.0445114,-25.6883908],[-57.0445254,-25.688355],[-57.0445208,-25.6883171],[-57.0445394,-25.6882729],[-57.0445581,-25.6882414],[-57.0446048,-25.6882182],[-57.0446445,-25.6882014],[-57.0447169,-25.6881993],[-57.0447893,-25.6882245],[-57.0448757,-25.6882793],[-57.0449621,-25.6883192],[-57.0450181,-25.6883655],[-57.0450812,-25.6884034],[-57.0451489,-25.688435],[-57.0452096,-25.6884413],[-57.0452423,-25.6884097],[-57.045289,-25.6883655],[-57.0453357,-25.6883424],[-57.0454007,-25.6883072],[-57.0454291,-25.6883024],[-57.0455015,-25.6882477],[-57.0455536,-25.6881893],[-57.0456065,-25.6881299],[-57.0456836,-25.6880625],[-57.045756,-25.688031],[-57.0459348,-25.6881026],[-57.0460866,-25.6882078],[-57.046257,-25.6883004],[-57.0463458,-25.6883761],[-57.0464252,-25.6884056],[-57.0465326,-25.6884266],[-57.0466236,-25.6884582],[-57.0467591,-25.6884855]]},"properties":{"intermittent":"yes","waterway":"stream","width":"1"}},{"type":"Feature","geometry":{"type":"LineString","coordinates":[[-57.0455568,-25.6961821],[-57.0454915,-25.6962242],[-57.0454401,-25.6962558],[-57.0453946,-25.6962642],[-57.0453584,-25.6962768],[-57.045335,-25.6962873],[-57.0453187,-25.6963042],[-57.0453257,-25.6963305],[-57.045293,-25.6963715],[-57.0452428,-25.6964157],[-57.0451821,-25.6964609],[-57.0451167,-25.6965009],[-57.0450385,-25.6965325],[-57.0449824,-25.6965682],[-57.0449229,-25.6966082],[-57.0448739,-25.6966314],[-57.0448412,-25.6966608],[-57.0448097,-25.6966966],[-57.0447781,-25.6967492],[-57.0447174,-25.6967902],[-57.0446614,-25.6968228],[-57.0446334,-25.6968554],[-57.0446077,-25.6969112],[-57.0446042,-25.6969417],[-57.0446007,-25.6969827],[-57.0445516,-25.6970606],[-57.0445283,-25.6970974],[-57.0444711,-25.6971363],[-57.044429,-25.6971626],[-57.0443812,-25.6972005],[-57.0443613,-25.6972342],[-57.0443602,-25.6972784],[-57.0443251,-25.6973152],[-57.0442714,-25.6973604],[-57.0442236,-25.6973993],[-57.0441453,-25.6974014],[-57.0440951,-25.6973951],[-57.0440321,-25.6973815],[-57.0439831,-25.6973499],[-57.04394,-25.6973142],[-57.0439237,-25.6973307],[-57.0438973,-25.6973673],[-57.043879,-25.6973912],[-57.0438587,-25.6974461],[-57.0438444,-25.6974937],[-57.0438221,-25.6975743],[-57.04382,-25.6976055],[-57.0438404,-25.6976439],[-57.0438953,-25.6976696],[-57.04394,-25.6977044],[-57.0439501,-25.697752],[-57.0439583,-25.6978289],[-57.0439623,-25.6979224],[-57.0439806,-25.6979663],[-57.0440192,-25.6979938],[-57.0441046,-25.6979956],[-57.0441534,-25.6980121],[-57.0441798,-25.6980652],[-57.0441961,-25.6981495],[-57.044251,-25.6982191],[-57.0442632,-25.6982942],[-57.0442693,-25.6983436],[-57.0442408,-25.6984206],[-57.0442144,-25.6985012],[-57.0441798,-25.6985396],[-57.0441229,-25.6985708],[-57.0440782,-25.6986239],[-57.0440497,-25.698721],[-57.0440274,-25.6987979],[-57.0440213,-25.698862],[-57.044005,-25.6989682],[-57.0440111,-25.6990159],[-57.0440253,-25.699047],[-57.0440253,-25.6990946],[-57.0439847,-25.6991386],[-57.0439501,-25.6991734],[-57.0438892,-25.6991862],[-57.0438424,-25.6991917],[-57.0438017,-25.6992393],[-57.0437692,-25.6992869],[-57.0437286,-25.6993437],[-57.0436818,-25.6994207],[-57.0436595,-25.6994921],[-57.0436249,-25.6995928],[-57.0435944,-25.6996569],[-57.0435924,-25.6997229],[-57.0436066,-25.6998053],[-57.0436249,-25.6998603],[-57.0436188,-25.6999207],[-57.0435863,-25.7000104],[-57.04357,-25.7000855],[-57.0435314,-25.7001368],[-57.0434968,-25.7001423],[-57.043442,-25.7001277],[-57.0434338,-25.7001863],[-57.0434318,-25.7002357],[-57.0434338,-25.7002925],[-57.0434298,-25.7003548],[-57.0433972,-25.7003951],[-57.043381,-25.700461],[-57.0433566,-25.7005801],[-57.0433464,-25.7007468],[-57.0433484,-25.7008237],[-57.0433566,-25.7008768],[-57.0433708,-25.7009244],[-57.0433606,-25.7009592],[-57.0433098,-25.7009849],[-57.0432651,-25.7009757],[-57.0432184,-25.7009794],[-57.043196,-25.7010032],[-57.043194,-25.7010453],[-57.0431919,-25.7010948],[-57.0432163,-25.7011534],[-57.0432224,-25.7012157],[-57.0432224,-25.7012816],[-57.0431899,-25.7013329],[-57.0431513,-25.7013787],[-57.0431472,-25.7014373],[-57.0431655,-25.7014996],[-57.0432001,-25.7015472],[-57.0432245,-25.7016095],[-57.0432224,-25.7016406],[-57.0432082,-25.7016974],[-57.0432123,-25.7017413],[-57.0432245,-25.7018128],[-57.0432245,-25.7018769],[-57.0432041,-25.7019428],[-57.0430801,-25.7020344],[-57.0430374,-25.702071],[-57.0430496,-25.7021058],[-57.0430862,-25.7021388],[-57.0431675,-25.7021443],[-57.0432062,-25.7021242],[-57.0432448,-25.702115],[-57.043259,-25.7021535],[-57.0432529,-25.7022102],[-57.0432753,-25.7022579],[-57.0432951,-25.7022912],[-57.0433301,-25.7023122],[-57.0433721,-25.7023395],[-57.0433838,-25.7023753],[-57.0433931,-25.7024174],[-57.0433838,-25.7024889],[-57.0433488,-25.7025563],[-57.0433371,-25.7026004],[-57.0433511,-25.7026425],[-57.0433885,-25.7026741],[-57.0434515,-25.7026972],[-57.0434772,-25.7027393],[-57.0434702,-25.7027793],[-57.0434211,-25.7028003],[-57.0433488,-25.7028087],[-57.0433067,-25.7028361],[-57.0433161,-25.7028718],[-57.0433161,-25.7029223],[-57.0432765,-25.7029461],[-57.0432517,-25.7030035],[-57.0432765,-25.7030386],[-57.0433756,-25.7030481],[-57.043457,-25.7030481],[-57.0435278,-25.703096],[-57.0436622,-25.7031693],[-57.0437684,-25.703265],[-57.0438055,-25.7033041],[-57.0439277,-25.7034372],[-57.0441365,-25.7036764],[-57.044271,-25.7039123],[-57.0444586,-25.7041356],[-57.0446037,-25.7042695],[-57.0447346,-25.7044672],[-57.0447806,-25.7046426],[-57.0448337,-25.7047415]]},"properties":{"intermittent":"yes","waterway":"stream","width":"1"}},{"type":"Feature","geometry":{"type":"LineString","coordinates":[[-57.0429314,-25.693693],[-57.0429529,-25.6937293],[-57.0429931,-25.6937824],[-57.0430655,-25.6937994],[-57.0431111,-25.6938574],[-57.0430977,-25.6939033],[-57.0430897,-25.694],[-57.0430977,-25.6940821],[-57.0431246,-25.6941305],[-57.0431085,-25.6942054],[-57.043087,-25.6942828],[-57.0431192,-25.694348],[-57.0431567,-25.6944133],[-57.0431461,-25.694433],[-57.0430745,-25.6945798],[-57.0430468,-25.6946187],[-57.0429502,-25.6947686],[-57.0428912,-25.6948749],[-57.0427571,-25.695003],[-57.0425664,-25.6952114],[-57.0425248,-25.6952877],[-57.042514,-25.6953446],[-57.0424354,-25.6954377],[-57.0424447,-25.6954793],[-57.0424832,-25.6955057],[-57.0424909,-25.6955487],[-57.0424709,-25.6955917],[-57.0424185,-25.6956389],[-57.0423723,-25.6957417],[-57.0422783,-25.6958209],[-57.0422768,-25.6958222],[-57.0422675,-25.6958735],[-57.0422891,-25.6959499],[-57.0423199,-25.696029],[-57.0423692,-25.6961429],[-57.0423985,-25.696265],[-57.0424585,-25.6964191],[-57.0425464,-25.6965149],[-57.0427158,-25.6965968],[-57.0428617,-25.6967265],[-57.0430369,-25.6968134],[-57.0431404,-25.6968756],[-57.0431856,-25.6969195],[-57.0432218,-25.6969657],[-57.0432723,-25.6970247],[-57.0433466,-25.6970678],[-57.0434351,-25.6971028],[-57.0434828,-25.6971874],[-57.0435333,-25.6972208],[-57.0435881,-25.6972719],[-57.0436881,-25.6972615],[-57.0437456,-25.6972121],[-57.0437828,-25.6972073],[-57.0438527,-25.6972312],[-57.0439005,-25.6972703],[-57.04394,-25.6973142]]},"properties":{"intermittent":"yes","waterway":"stream","width":"1"}},{"type":"Feature","geometry":{"type":"LineString","coordinates":[[-57.0397841,-25.6915299],[-57.0397117,-25.6915657],[-57.0396136,-25.6916225],[-57.0395553,-25.6917677],[-57.0394595,-25.6918834],[-57.0393661,-25.6920181],[-57.0393311,-25.6921444],[-57.0393194,-25.692298],[-57.0393148,-25.6923443],[-57.0393148,-25.6923905],[-57.0393404,-25.6924642],[-57.0393731,-25.6925294],[-57.0393778,-25.6926115],[-57.0393685,-25.692683],[-57.0393895,-25.6927314],[-57.0394152,-25.6927504],[-57.0394642,-25.6927735],[-57.0395016,-25.6927882],[-57.0395156,-25.6928135],[-57.0395553,-25.692824],[-57.039595,-25.6928556],[-57.039616,-25.6928871],[-57.039658,-25.6929397],[-57.039693,-25.6929818],[-57.0397024,-25.6930702],[-57.0396907,-25.6931312],[-57.0397421,-25.6931754],[-57.0398121,-25.6931628],[-57.0398635,-25.6931817],[-57.0398892,-25.6932553],[-57.0399195,-25.6933458],[-57.0400106,-25.6934405],[-57.040104,-25.6935373],[-57.040125,-25.6935773],[-57.0401694,-25.6936299],[-57.0401997,-25.6936972],[-57.0402558,-25.6937456],[-57.0403188,-25.6938129],[-57.0403422,-25.693895],[-57.0403608,-25.6939497],[-57.0404099,-25.6939686],[-57.0404916,-25.6939939],[-57.0405173,-25.6940149],[-57.0405827,-25.6940528],[-57.040634,-25.6940823],[-57.0406457,-25.6941475],[-57.0407087,-25.694238],[-57.0408815,-25.6943032],[-57.0409586,-25.6943285],[-57.0410237,-25.6944448],[-57.0410216,-25.6944952],[-57.0410308,-25.6945584],[-57.0410054,-25.6946005],[-57.0409251,-25.6946252],[-57.0409047,-25.6947086],[-57.0409261,-25.6947791],[-57.0409383,-25.6948414],[-57.0409678,-25.6948807],[-57.0410552,-25.6948844],[-57.0411395,-25.6948826],[-57.0411893,-25.6948936],[-57.0412269,-25.6949302],[-57.0412635,-25.6949668],[-57.0413103,-25.6949861],[-57.0413316,-25.6950181],[-57.0413723,-25.6950502],[-57.0414078,-25.6950841],[-57.0414068,-25.6951189],[-57.041417,-25.6951454],[-57.0414404,-25.6951756],[-57.0414475,-25.6952279],[-57.0414455,-25.6952801],[-57.0414475,-25.6953259],[-57.0415003,-25.6953781],[-57.0415532,-25.6954156],[-57.0415979,-25.6954449],[-57.0416518,-25.6954724],[-57.0417107,-25.6954861],[-57.0417666,-25.6955109],[-57.0417849,-25.6955612],[-57.04179,-25.6956079],[-57.0418164,-25.6956519],[-57.041887,-25.6956759],[-57.0419597,-25.6957133],[-57.0419801,-25.6957261],[-57.0420604,-25.6957691],[-57.0421396,-25.6957893],[-57.0422291,-25.6957929],[-57.0422783,-25.6958209]]},"properties":{"intermittent":"yes","waterway":"stream","width":"1"}},{"type":"Feature","geometry":{"type":"LineString","coordinates":[[-57.0437187,-25.6895855],[-57.0437958,-25.6895055],[-57.0438728,-25.6894403],[-57.0439756,-25.689415],[-57.04409,-25.689434],[-57.0441787,-25.6894929],[-57.0442161,-25.6895434],[-57.0442908,-25.6895812],[-57.0443655,-25.6896044],[-57.0444472,-25.689636],[-57.0445383,-25.6896865],[-57.0446154,-25.6897138],[-57.0447274,-25.6897706],[-57.0448419,-25.6897748],[-57.0449002,-25.6897243],[-57.0449516,-25.6896991],[-57.045059,-25.6896844],[-57.0451501,-25.6896991],[-57.0452365,-25.6896991],[-57.0453859,-25.6897201],[-57.045477,-25.6896738],[-57.0455494,-25.6896507],[-57.0456264,-25.6896444],[-57.0456614,-25.6895981],[-57.0456755,-25.6895244],[-57.0457128,-25.689516],[-57.0457595,-25.6895392],[-57.0458132,-25.6895623],[-57.0458412,-25.6895434],[-57.0458482,-25.6894866],[-57.0458482,-25.6894403],[-57.0458809,-25.6894129],[-57.0459393,-25.6894213],[-57.046021,-25.6894297],[-57.0460514,-25.6893919],[-57.0460444,-25.6893498],[-57.0460304,-25.6893098],[-57.0460444,-25.6892803],[-57.0460887,-25.6892509],[-57.0461378,-25.6892341],[-57.0462102,-25.6892298],[-57.0463012,-25.6892025],[-57.0463806,-25.689192],[-57.046383,-25.6891415],[-57.046397,-25.6890783],[-57.046474,-25.6890257],[-57.0465511,-25.6889879],[-57.0466632,-25.6889626],[-57.0467986,-25.6889332],[-57.0468943,-25.6888932],[-57.0470274,-25.6889016],[-57.0470861,-25.6889051],[-57.0471699,-25.68891],[-57.0472399,-25.6889079],[-57.0472889,-25.6889647],[-57.0473006,-25.6890194],[-57.047331,-25.6890552],[-57.0474034,-25.689091],[-57.0478493,-25.6893435],[-57.0478774,-25.6893982],[-57.0479171,-25.6894676],[-57.0479964,-25.6895497],[-57.0480315,-25.6896002],[-57.0480724,-25.6896404],[-57.0481085,-25.6896759],[-57.0482229,-25.6897306],[-57.0482556,-25.6897517],[-57.0482813,-25.6897875],[-57.0483303,-25.6898443],[-57.0483887,-25.6899053],[-57.0483911,-25.6899432],[-57.0483654,-25.6899747],[-57.0483654,-25.6900273],[-57.0483654,-25.6900947],[-57.0483841,-25.6901578],[-57.0484121,-25.690242],[-57.0484424,-25.6902988],[-57.0485055,-25.6903598],[-57.0485101,-25.690385],[-57.0485615,-25.6904334],[-57.049185,-25.6911762],[-57.049234,-25.6912436],[-57.0492886,-25.6913307],[-57.0493196,-25.691379],[-57.0493367,-25.6914056],[-57.0494208,-25.6915045],[-57.0495235,-25.6916013],[-57.0495842,-25.6916938],[-57.0496566,-25.6918054],[-57.0496823,-25.6918874],[-57.0497127,-25.6919905],[-57.0497967,-25.6922346],[-57.0498971,-25.6923019],[-57.0500489,-25.6924029],[-57.0501026,-25.6924808],[-57.0501797,-25.6925713],[-57.0502731,-25.6926891],[-57.0503338,-25.6928006],[-57.0504062,-25.6929058],[-57.0504669,-25.6929942],[-57.0505346,-25.6930994],[-57.050621,-25.6931436],[-57.0507798,-25.6931562],[-57.0508662,-25.6931646],[-57.0509666,-25.6931815],[-57.0510226,-25.6932383],[-57.0510366,-25.6933098],[-57.0510716,-25.6933961],[-57.0510997,-25.6934571],[-57.051151,-25.6935329],[-57.0512187,-25.6935728],[-57.0513262,-25.6935981],[-57.0514172,-25.6935981],[-57.0515013,-25.693556],[-57.051534,-25.6934929],[-57.0515036,-25.6934213],[-57.0514592,-25.6933435],[-57.0514663,-25.6932151],[-57.051513,-25.6931625],[-57.0516134,-25.6931078],[-57.0517021,-25.6931078],[-57.0518422,-25.6931373],[-57.0519192,-25.6932404],[-57.0519916,-25.6933225],[-57.0521154,-25.6934256],[-57.0522461,-25.6934908],[-57.0523349,-25.6935202],[-57.0524259,-25.6935202],[-57.0525497,-25.6935181],[-57.0526805,-25.6934782],[-57.0527412,-25.6934634],[-57.0527832,-25.6934718],[-57.0528416,-25.6934403],[-57.0529023,-25.6934403],[-57.052998,-25.6934192],[-57.0531054,-25.6933877],[-57.0532502,-25.6933814],[-57.0533389,-25.6933414],[-57.053388,-25.6932656],[-57.053409,-25.6931689],[-57.0534206,-25.6930489],[-57.0535,-25.6928869],[-57.0536448,-25.6928111],[-57.0538059,-25.6927922],[-57.0538853,-25.6927333],[-57.0540044,-25.6927228],[-57.0540861,-25.6927606],[-57.0541935,-25.6928196],[-57.0543733,-25.6928869],[-57.0544924,-25.6929416],[-57.0545461,-25.6930279],[-57.0546348,-25.6931415],[-57.0547656,-25.6932004],[-57.0549431,-25.6931962],[-57.0551065,-25.6932025],[-57.0552069,-25.6931962],[-57.0553517,-25.6932215],[-57.0554498,-25.693253],[-57.0555432,-25.6932215],[-57.0556249,-25.6932109],[-57.0556879,-25.6932677],[-57.055765,-25.693333],[-57.0559238,-25.6933793],[-57.0560218,-25.6934403],[-57.0560685,-25.6934824],[-57.0560942,-25.6935434],[-57.0560895,-25.6936191],[-57.0560755,-25.6936823],[-57.0560452,-25.6938043],[-57.0560452,-25.6938885],[-57.0560475,-25.693981],[-57.0561152,-25.6940841],[-57.0561876,-25.6941389],[-57.0562834,-25.694223],[-57.0563301,-25.694263],[-57.0563884,-25.6942672],[-57.0564678,-25.6942483],[-57.0565379,-25.6942041],[-57.0566616,-25.6941515],[-57.05679,-25.6940799],[-57.0569185,-25.6940358],[-57.0570539,-25.6939621],[-57.0571707,-25.6938569],[-57.0572033,-25.6938001],[-57.0572874,-25.693779],[-57.0573528,-25.6938043],[-57.0574555,-25.693798],[-57.0574905,-25.693758],[-57.0575466,-25.6936865],[-57.0575419,-25.6935665],[-57.0575629,-25.6934803],[-57.0576236,-25.6933919],[-57.0576844,-25.6933267],[-57.0577754,-25.6932362],[-57.0578571,-25.6931583],[-57.0578805,-25.6930552],[-57.0578875,-25.6929626],[-57.0579412,-25.6929016],[-57.0580416,-25.6928406],[-57.0582588,-25.692767],[-57.0583825,-25.6927186],[-57.0584853,-25.6926996],[-57.0585973,-25.692666],[-57.0586651,-25.6926218],[-57.0587281,-25.6926155],[-57.0587795,-25.6926197],[-57.0588752,-25.6925965],[-57.0589219,-25.692546],[-57.0589616,-25.6924934],[-57.0590176,-25.6924724],[-57.059062,-25.692525],[-57.059104,-25.6925755],[-57.0591904,-25.6926028],[-57.0592418,-25.6925986],[-57.0592605,-25.6925523],[-57.0592535,-25.6925039],[-57.0591998,-25.6924598],[-57.0591507,-25.6924114],[-57.0591064,-25.692363],[-57.0590924,-25.692283],[-57.0590783,-25.6922073],[-57.0590994,-25.6921526],[-57.0591297,-25.6921105],[-57.0592044,-25.6921042],[-57.0592955,-25.6921336],[-57.0594029,-25.6921967],[-57.0595127,-25.6922304],[-57.0596481,-25.6922851],[-57.0597532,-25.6922599],[-57.0598512,-25.6922472],[-57.059926,-25.6921589],[-57.0599727,-25.6920894],[-57.0600474,-25.6920494],[-57.0601384,-25.6920305],[-57.0602575,-25.6919947],[-57.0603439,-25.691919],[-57.0603953,-25.691818],[-57.0603976,-25.6917401],[-57.0604467,-25.6916286],[-57.0604864,-25.691576],[-57.0605938,-25.6915444],[-57.0606965,-25.6915087],[-57.0607432,-25.6914477],[-57.0607829,-25.691374],[-57.0608214,-25.691302],[-57.0608703,-25.6911962],[-57.0609294,-25.6910712],[-57.0609894,-25.691009],[-57.0610413,-25.6909647],[-57.0611094,-25.6909295],[-57.0611822,-25.6909213],[-57.0612831,-25.6909123],[-57.0613531,-25.6909074],[-57.0614213,-25.6908713],[-57.0614658,-25.6908369],[-57.0614995,-25.6908173],[-57.0616295,-25.6907624],[-57.0617322,-25.6907247],[-57.0618277,-25.6907001],[-57.061974,-25.690678],[-57.0620622,-25.6906665],[-57.0621586,-25.6906001],[-57.0622186,-25.6905231],[-57.0622577,-25.6904248],[-57.0622677,-25.6903634],[-57.0622741,-25.6902798],[-57.0622931,-25.6902184],[-57.0623341,-25.6901676],[-57.062385,-25.6901356],[-57.0624286,-25.6900963],[-57.0624559,-25.6900357],[-57.0624732,-25.6899562],[-57.062465,-25.6898849],[-57.0624304,-25.6898112],[-57.0623795,-25.6897342],[-57.0623568,-25.6896801],[-57.0623541,-25.6896113],[-57.0623568,-25.6895523],[-57.0623941,-25.6894654],[-57.0624386,-25.6894015]]},"properties":{"intermittent":"yes","waterway":"stream","width":"1"}},{"type":"Feature","geometry":{"type":"LineString","coordinates":[[-57.0485211,-25.6916568],[-57.0486238,-25.6916336],[-57.0487756,-25.6915957],[-57.0488924,-25.6915852],[-57.0490395,-25.6915495],[-57.0491095,-25.6914947],[-57.0491912,-25.6914295],[-57.0492702,-25.6913709],[-57.0493196,-25.691379]]},"properties":{"intermittent":"yes","waterway":"stream","width":"1"}},{"type":"Feature","geometry":{"type":"LineString","coordinates":[[-57.0562305,-25.698637],[-57.0562871,-25.69857],[-57.0562871,-25.6984839],[-57.056319,-25.6983819],[-57.0563579,-25.6983245],[-57.0564039,-25.6982288],[-57.0563791,-25.6981108],[-57.056326,-25.6980055],[-57.0562836,-25.6978939],[-57.0562553,-25.6978046],[-57.0561774,-25.6976165],[-57.0560712,-25.6975017],[-57.0560146,-25.6973837],[-57.0559792,-25.6972529],[-57.0559757,-25.6970839],[-57.0559863,-25.6969659],[-57.0560146,-25.6968638],[-57.0560854,-25.6967937],[-57.0561845,-25.6967586],[-57.0562128,-25.6966693],[-57.0561809,-25.6965959],[-57.0561774,-25.6965385],[-57.056188,-25.696462],[-57.0562163,-25.6963663],[-57.0562623,-25.6963025],[-57.0562659,-25.6962292],[-57.0562623,-25.6961112],[-57.0562623,-25.696057],[-57.0562305,-25.6959581],[-57.0561668,-25.6958847],[-57.0560783,-25.6957667],[-57.0559615,-25.6955754],[-57.055919,-25.6954638],[-57.0558305,-25.6953745],[-57.0557031,-25.6953075],[-57.0556961,-25.6951576],[-57.0557562,-25.6950747],[-57.0559332,-25.6949886],[-57.0560571,-25.6948291],[-57.0562482,-25.6946952],[-57.0563473,-25.6945899],[-57.0563862,-25.6945006],[-57.056372,-25.6944305],[-57.0563614,-25.6943539],[-57.0563884,-25.6942672]]},"properties":{"intermittent":"yes","waterway":"stream","width":"1"}},{"type":"Feature","geometry":{"type":"LineString","coordinates":[[-57.0526457,-25.6951388],[-57.0528552,-25.6951888],[-57.0531448,-25.6951832],[-57.0534406,-25.6951555],[-57.0536316,-25.6950888],[-57.0537302,-25.6950111],[-57.0538534,-25.6949223],[-57.0539952,-25.6948889],[-57.0541985,-25.6948945],[-57.0544142,-25.6949445],[-57.0546052,-25.69495],[-57.0547654,-25.6949722],[-57.0548887,-25.695],[-57.0549996,-25.6950167],[-57.0550797,-25.6950111],[-57.055129,-25.6949833],[-57.0552091,-25.6949611],[-57.0552769,-25.6949611],[-57.0553878,-25.6949833],[-57.0554541,-25.6949988],[-57.0555517,-25.6949896],[-57.0556513,-25.6950208],[-57.0556879,-25.6950519],[-57.0557562,-25.6950747]]},"properties":{"intermittent":"yes","waterway":"stream","width":"1"}},{"type":"Feature","geometry":{"type":"LineString","coordinates":[[-57.0356901,-25.7016263],[-57.0357169,-25.7014934],[-57.0357598,-25.701387],[-57.0358,-25.7012614],[-57.0358269,-25.7011719],[-57.0358376,-25.7010753],[-57.0358664,-25.700856],[-57.0358738,-25.7006318],[-57.035867,-25.7004687],[-57.0358376,-25.7003502],[-57.0357705,-25.7001931],[-57.0357491,-25.7001496],[-57.035733,-25.7001158],[-57.035741,-25.7000529],[-57.0357598,-25.6999611],[-57.0357893,-25.6999007],[-57.0358322,-25.6998499],[-57.0358751,-25.6997822],[-57.03591,-25.6997266],[-57.0359368,-25.699688],[-57.0359744,-25.699659],[-57.0360012,-25.6995913],[-57.036036,-25.6994584],[-57.036028,-25.6993013],[-57.0360334,-25.6992191],[-57.0360334,-25.6990668],[-57.0360441,-25.6990088],[-57.0360468,-25.6989532],[-57.0360334,-25.6989049],[-57.036028,-25.6988735],[-57.0360331,-25.6988408],[-57.0360103,-25.6987175],[-57.0359982,-25.6986644],[-57.0359875,-25.69861],[-57.0359607,-25.6985894],[-57.0359326,-25.6985725],[-57.0359071,-25.6985266],[-57.0358977,-25.6984843],[-57.0358963,-25.6984541],[-57.0359057,-25.6984226],[-57.035899,-25.6983852],[-57.0358977,-25.698326],[-57.0359178,-25.6982861],[-57.0359419,-25.6982474],[-57.0359527,-25.6982063],[-57.0359661,-25.6981665],[-57.0359996,-25.6981024],[-57.0360425,-25.6980722],[-57.0360734,-25.6979949],[-57.036076,-25.6979356],[-57.0360693,-25.6978813],[-57.0360559,-25.6978293],[-57.0360532,-25.6977773],[-57.0360573,-25.6976903],[-57.0360492,-25.6976299],[-57.0360291,-25.6976021],[-57.0360278,-25.6975719],[-57.0360345,-25.6975501],[-57.0360425,-25.6975187],[-57.0360425,-25.6974921],[-57.0360304,-25.697445],[-57.0359808,-25.6973894],[-57.0359312,-25.6973604],[-57.0359124,-25.6973145],[-57.0359138,-25.6972323],[-57.0359097,-25.6971791],[-57.0359299,-25.6971344],[-57.0359379,-25.6970921],[-57.0359191,-25.6970414],[-57.0358977,-25.6969749],[-57.035899,-25.6969157],[-57.0359057,-25.6968251],[-57.0359205,-25.6967876],[-57.0358869,-25.6967622],[-57.0358735,-25.6967368],[-57.0358843,-25.6966982],[-57.0359607,-25.6966305],[-57.0360023,-25.696587],[-57.036131,-25.6964649],[-57.0362034,-25.6964154],[-57.0363013,-25.6963707],[-57.0363858,-25.6963102],[-57.0364288,-25.6962559],[-57.0365194,-25.696155],[-57.0365744,-25.6960863],[-57.0367588,-25.6959878],[-57.0368851,-25.6959178],[-57.0370004,-25.6957873],[-57.0372311,-25.695461],[-57.0373223,-25.6952556],[-57.0373357,-25.6949704],[-57.0372821,-25.6946417],[-57.0372016,-25.6943299],[-57.0370809,-25.6940858]]},"properties":{"intermittent":"yes","waterway":"ditch"}},{"type":"Feature","geometry":{"type":"LineString","coordinates":[[-57.0678646,-25.7000291],[-57.0679073,-25.6999888],[-57.0679357,-25.6998789],[-57.0679723,-25.6998129],[-57.0679723,-25.699714],[-57.0679032,-25.6996463],[-57.0679032,-25.6996005],[-57.0679967,-25.6995803],[-57.0680699,-25.6995437],[-57.0680861,-25.699507],[-57.0680983,-25.6994558],[-57.0680821,-25.699399],[-57.0680191,-25.6993788],[-57.0679845,-25.6993312],[-57.0679926,-25.6992634],[-57.0680495,-25.6992195],[-57.0681187,-25.6992085],[-57.0681878,-25.6992524],[-57.068263,-25.6992653],[-57.0683484,-25.6992524],[-57.0684297,-25.6992048],[-57.0684846,-25.6991572],[-57.0685089,-25.6990986],[-57.068572,-25.6990528],[-57.0686411,-25.6990675],[-57.0687041,-25.6990656],[-57.0687447,-25.6989887],[-57.0687712,-25.6988953],[-57.0688261,-25.6988513],[-57.0688423,-25.6987579],[-57.068883,-25.6986938],[-57.0688789,-25.6986443],[-57.0688261,-25.6986022],[-57.0687407,-25.6985528],[-57.0686573,-25.6984978],[-57.0685882,-25.6984264],[-57.0685577,-25.6983787],[-57.0685577,-25.6983055],[-57.0685964,-25.6982615],[-57.0686248,-25.6982157],[-57.0685842,-25.6981864],[-57.0685455,-25.698126],[-57.0685333,-25.6980857],[-57.0685577,-25.6980527],[-57.0686268,-25.6980307],[-57.0686451,-25.6979849],[-57.068635,-25.6979245],[-57.0685943,-25.6978659],[-57.068576,-25.6978274],[-57.0685659,-25.6977834],[-57.0685537,-25.6977248],[-57.0685659,-25.6976699],[-57.0686512,-25.6976314],[-57.0687102,-25.6975783],[-57.068696,-25.6974354],[-57.0686939,-25.6973493],[-57.0687325,-25.6972962],[-57.0688281,-25.6972632],[-57.0688667,-25.6972321],[-57.0688876,-25.6971975],[-57.0689292,-25.6971697],[-57.0690003,-25.6971745],[-57.0690432,-25.6971951],[-57.0690727,-25.6971818],[-57.0690807,-25.6971371],[-57.0691223,-25.6971153],[-57.0691693,-25.6971117],[-57.0692242,-25.6971177],[-57.0692766,-25.6971407],[-57.0693248,-25.6971697],[-57.0693584,-25.6971926],[-57.069412,-25.6971987],[-57.0694764,-25.6971818],[-57.069526,-25.6971661],[-57.0695676,-25.6971516],[-57.0696132,-25.6971479],[-57.0696494,-25.6971407],[-57.0697044,-25.6971516],[-57.069758,-25.6971661],[-57.0697379,-25.6972192],[-57.0697151,-25.6972265],[-57.0696856,-25.6972277],[-57.0696574,-25.6972591],[-57.0696628,-25.6972954],[-57.0696775,-25.6973256],[-57.0697084,-25.6973594],[-57.06975,-25.6973812],[-57.0697929,-25.6973836],[-57.0698345,-25.6973642],[-57.0698666,-25.6973304],[-57.0698961,-25.6972845],[-57.0699203,-25.6972422],[-57.0699391,-25.6971975],[-57.0699337,-25.6971685],[-57.0699015,-25.6971322],[-57.0698707,-25.6971008],[-57.0698599,-25.6970718],[-57.0698572,-25.6970343],[-57.0698868,-25.6969969],[-57.0699203,-25.6969642],[-57.0699686,-25.696934],[-57.0706852,-25.6971981],[-57.0707178,-25.6971676],[-57.0706992,-25.697115],[-57.0706887,-25.6970729],[-57.070691,-25.697033],[-57.0706793,-25.6969846],[-57.0706536,-25.6969425],[-57.0706046,-25.6969025],[-57.0705439,-25.6968846],[-57.0704505,-25.6968636],[-57.0704061,-25.696791],[-57.0703886,-25.6967068],[-57.0703629,-25.6966037],[-57.0703209,-25.6965553],[-57.0702754,-25.6965133],[-57.0702368,-25.6964743],[-57.0702135,-25.6964154],[-57.07021,-25.6963291],[-57.070238,-25.6962692],[-57.0702625,-25.696226],[-57.0702684,-25.6961808],[-57.0702508,-25.6961345],[-57.0702427,-25.6960956],[-57.0702737,-25.6959469],[-57.0702797,-25.695911],[-57.0702838,-25.6958689],[-57.0703001,-25.6957744]]},"properties":{"intermittent":"yes","waterway":"stream","width":"1"}},{"type":"Feature","geometry":{"type":"LineString","coordinates":[[-57.0366043,-25.6786089],[-57.0367176,-25.6786503],[-57.036937,-25.6786376],[-57.0370573,-25.6786184],[-57.0372166,-25.678628],[-57.0373935,-25.6785929],[-57.0374891,-25.6785802],[-57.0376413,-25.6785514],[-57.0377581,-25.67851],[-57.0378324,-25.678494],[-57.037928,-25.6785227],[-57.0380023,-25.678561],[-57.0380624,-25.6785929],[-57.038112,-25.6785998],[-57.038171,-25.6785869],[-57.0382198,-25.6785485],[-57.0382523,-25.6785448],[-57.038299,-25.6785686],[-57.0383336,-25.6786291],[-57.0383478,-25.6786877],[-57.038356,-25.6788049],[-57.0384251,-25.6788782],[-57.0385044,-25.6789405],[-57.0385491,-25.6790175],[-57.0386304,-25.6790779],[-57.0387239,-25.6790944],[-57.0388113,-25.6791127],[-57.0389373,-25.6791695],[-57.0390288,-25.6792061],[-57.0391264,-25.6792043],[-57.0392117,-25.6792098],[-57.039289,-25.6792611],[-57.0393967,-25.6793435],[-57.0394557,-25.6794113],[-57.0394801,-25.6794681],[-57.0395309,-25.6795048],[-57.039598,-25.679578],[-57.039663,-25.6796348],[-57.0396894,-25.6796916],[-57.0397403,-25.6797979],[-57.0397829,-25.679917],[-57.0398297,-25.6800012],[-57.0398886,-25.6800672],[-57.0399313,-25.6801661],[-57.03997,-25.6802394],[-57.040033,-25.6803493]]},"properties":{"intermittent":"yes","waterway":"stream"}},{"type":"Feature","geometry":{"type":"LineString","coordinates":[[-57.0383336,-25.6786291],[-57.0384149,-25.6785668],[-57.0384454,-25.6785155],[-57.0385105,-25.6784642],[-57.0385938,-25.6784605],[-57.0386609,-25.6784972],[-57.0386975,-25.6785631],[-57.0387137,-25.6786456],[-57.038728,-25.678728],[-57.03873,-25.6788068],[-57.0387402,-25.6788947],[-57.0387788,-25.6790449],[-57.0388113,-25.6791127]]},"properties":{"intermittent":"yes","waterway":"stream"}},{"type":"Feature","geometry":{"type":"LineString","coordinates":[[-57.0431108,-25.685049],[-57.0432979,-25.6851052],[-57.0434942,-25.6851376],[-57.0436189,-25.6851549],[-57.0438229,-25.6852047],[-57.0439764,-25.6852198],[-57.0441276,-25.685222],[-57.0443291,-25.6852285],[-57.0444826,-25.6852912],[-57.0451592,-25.6860479],[-57.0453152,-25.6860587],[-57.0454879,-25.6860587],[-57.0456439,-25.6861214],[-57.045903,-25.6862058],[-57.0460781,-25.6861755],[-57.0463133,-25.6861149],[-57.046546,-25.6860674],[-57.0467484,-25.6859974],[-57.0468608,-25.6859289],[-57.0469177,-25.6858505],[-57.0469352,-25.6857421],[-57.0469447,-25.6856336],[-57.0470254,-25.6855252],[-57.047209,-25.6853469],[-57.0473008,-25.6853098],[-57.0475145,-25.6852742],[-57.0476396,-25.6852542],[-57.0477045,-25.6851772],[-57.0477678,-25.6850488],[-57.0477773,-25.6849461],[-57.0477804,-25.6848876],[-57.0478058,-25.6848434],[-57.0478517,-25.6848277],[-57.0478944,-25.6847749],[-57.047934,-25.6847193],[-57.04801,-25.6846508],[-57.048167,-25.6843583],[-57.048249,-25.6842054],[-57.0484263,-25.6839858],[-57.0485656,-25.6838973],[-57.0487112,-25.6838831],[-57.0488315,-25.6838174],[-57.0489771,-25.683709],[-57.0491766,-25.6836149],[-57.0492652,-25.6836149]]},"properties":{"intermittent":"yes","waterway":"stream"}},{"type":"Feature","geometry":{"type":"LineString","coordinates":[[-57.0355741,-25.674199],[-57.0354994,-25.6743126],[-57.0355414,-25.6744052],[-57.0357329,-25.6745525],[-57.0357236,-25.6747377],[-57.0355648,-25.6748977],[-57.0352612,-25.6751544],[-57.0348729,-25.6754359],[-57.0348387,-25.6754606],[-57.0348184,-25.6755229],[-57.034794,-25.6755705],[-57.034729,-25.6756401],[-57.0347493,-25.6757281],[-57.0347534,-25.6757794],[-57.0346883,-25.6758343],[-57.0345623,-25.6758856],[-57.0344647,-25.6759479],[-57.03442,-25.6760505],[-57.0344119,-25.6761531],[-57.03442,-25.6762557],[-57.0345135,-25.6763656],[-57.0346233,-25.6764646],[-57.0347452,-25.6765195],[-57.0348957,-25.6765268],[-57.0350176,-25.6765268],[-57.0351762,-25.6765598],[-57.0352575,-25.6766331],[-57.0353022,-25.6767503],[-57.0352656,-25.6768566],[-57.0352209,-25.6769519],[-57.0352494,-25.6770545],[-57.0353103,-25.6771607],[-57.035416,-25.6773219],[-57.0354933,-25.6774429],[-57.0355746,-25.6775967],[-57.0357088,-25.6777433],[-57.0357982,-25.6779082],[-57.0358145,-25.6781207],[-57.0358023,-25.6782966],[-57.0357331,-25.6785017],[-57.0357006,-25.678652],[-57.0357941,-25.6789268],[-57.0358673,-25.6791173],[-57.0359527,-25.6793481],[-57.0360584,-25.6796119],[-57.036156,-25.6798061],[-57.0361766,-25.6800114],[-57.0360832,-25.6801671],[-57.035901,-25.6803313]]},"properties":{"intermittent":"yes","waterway":"stream"}},{"type":"Feature","geometry":{"type":"LineString","coordinates":[[-57.0316371,-25.673614],[-57.031818,-25.6743438],[-57.031842,-25.6744442],[-57.0318635,-25.6745691],[-57.0318697,-25.6746885],[-57.0318605,-25.6747774],[-57.0318142,-25.6749412],[-57.0317765,-25.6750583],[-57.0317617,-25.6751164],[-57.0317483,-25.6751877],[-57.0317362,-25.6752723],[-57.031747,-25.6753823],[-57.0317617,-25.6754681],[-57.0318006,-25.6755744],[-57.031861,-25.6756542],[-57.0319186,-25.6757134],[-57.032046,-25.6757944],[-57.0321386,-25.6758259],[-57.0322325,-25.6758416]]},"properties":{"intermittent":"yes","waterway":"ditch"}},{"type":"Feature","geometry":{"type":"LineString","coordinates":[[-57.0300419,-25.675183],[-57.0306894,-25.6745481],[-57.0316371,-25.673614],[-57.0336272,-25.6716313]]},"properties":{"intermittent":"yes","waterway":"ditch"}},{"type":"Feature","geometry":{"type":"LineString","coordinates":[[-57.0338568,-25.6726834],[-57.0372062,-25.6693834]]},"properties":{"intermittent":"yes","waterway":"ditch"}},{"type":"Feature","geometry":{"type":"LineString","coordinates":[[-57.0377585,-25.6680205],[-57.0378399,-25.6679854],[-57.0379036,-25.6679376],[-57.037978,-25.6678897],[-57.0380452,-25.6678419],[-57.0381125,-25.6677877],[-57.0381691,-25.6677653],[-57.0382363,-25.6677239],[-57.0383,-25.6676313],[-57.038392,-25.6675644],[-57.0384593,-25.6675197],[-57.038477,-25.6674431],[-57.0384522,-25.667373],[-57.0384522,-25.6673187],[-57.0383967,-25.6672632],[-57.0382735,-25.6672521],[-57.0381503,-25.6672076],[-57.0380332,-25.6670799],[-57.0379469,-25.6669466],[-57.0378976,-25.6668688],[-57.0378914,-25.6667688],[-57.0379654,-25.66668],[-57.0380886,-25.6666467],[-57.0382427,-25.6667189],[-57.0383906,-25.6668466],[-57.0385508,-25.6669799],[-57.038748,-25.6670854],[-57.0389328,-25.6671299],[-57.0390561,-25.6671354],[-57.0391917,-25.6670132],[-57.0392533,-25.6669133],[-57.0393087,-25.6667355],[-57.0393642,-25.6665967],[-57.0395429,-25.6663245]]},"properties":{"waterway":"stream"}},{"type":"Feature","geometry":{"type":"LineString","coordinates":[[-57.034242,-25.6687263],[-57.0343584,-25.6687573],[-57.0344619,-25.668778],[-57.0345826,-25.6687819],[-57.0346953,-25.6687433],[-57.0347731,-25.6686852],[-57.0348374,-25.6685692],[-57.0348964,-25.6684822],[-57.034985,-25.6684386],[-57.0350547,-25.6684314],[-57.035111,-25.6684024],[-57.0351405,-25.6683444],[-57.0351486,-25.6682743],[-57.0351861,-25.6682162],[-57.035229,-25.6681655],[-57.0352854,-25.6681389],[-57.0353336,-25.6681219],[-57.0354007,-25.6680929],[-57.0354731,-25.6680204],[-57.0355133,-25.66796],[-57.0355482,-25.667885],[-57.0356045,-25.6677666],[-57.0356501,-25.6676771],[-57.0357038,-25.6676239],[-57.0357628,-25.6675635],[-57.0358513,-25.6675393],[-57.0359774,-25.667491],[-57.0361222,-25.6674112],[-57.0362429,-25.6673387]]},"properties":{"intermittent":"no","waterway":"stream"}},{"type":"Feature","geometry":{"type":"LineString","coordinates":[[-57.0317662,-25.6683411],[-57.0318783,-25.6682948],[-57.0319623,-25.6682948],[-57.0320324,-25.6683579],[-57.0320978,-25.6684337],[-57.0321585,-25.6684379],[-57.0322425,-25.668421],[-57.0323266,-25.6684379],[-57.0323593,-25.6684842],[-57.0324013,-25.6685263],[-57.032462,-25.6685641],[-57.0325601,-25.6685515],[-57.0326675,-25.6685263],[-57.0327375,-25.6684968],[-57.0328076,-25.6684968],[-57.0329103,-25.6684842],[-57.0329524,-25.6684507],[-57.0330325,-25.6684062],[-57.0331126,-25.6683729],[-57.0331742,-25.6683535],[-57.0332512,-25.6683535],[-57.0333467,-25.6683396],[-57.0334515,-25.6683201],[-57.0335449,-25.6682983],[-57.0336458,-25.6682601],[-57.0337413,-25.6682186],[-57.0338192,-25.6681963],[-57.0338758,-25.6681867],[-57.0339289,-25.6681883],[-57.033959,-25.6682106],[-57.0339908,-25.6682425],[-57.0340439,-25.6682585],[-57.0341076,-25.6682585],[-57.0341536,-25.668225],[-57.0341802,-25.6681739],[-57.0341713,-25.6681133],[-57.0341572,-25.6680575],[-57.0341572,-25.6680144],[-57.034189,-25.667949],[-57.0342156,-25.6678789],[-57.034228,-25.6678422],[-57.0342704,-25.6677991],[-57.0343129,-25.6677927],[-57.0343748,-25.6678342],[-57.0344102,-25.6678565],[-57.0344616,-25.6678549],[-57.0346173,-25.6678454],[-57.0347058,-25.6678549],[-57.0347925,-25.6678884],[-57.0348739,-25.6679267],[-57.0349712,-25.6679666],[-57.0350668,-25.6679873],[-57.0351552,-25.6679666],[-57.0352225,-25.6679299],[-57.035249,-25.6678565],[-57.0352756,-25.6677624],[-57.0353127,-25.6676859],[-57.0353393,-25.6675966],[-57.0353658,-25.6675631],[-57.0354419,-25.6675072],[-57.0355481,-25.6674546],[-57.0357109,-25.6674211],[-57.0359321,-25.6673637],[-57.036017,-25.667327],[-57.0361781,-25.6673142],[-57.0362429,-25.6673387],[-57.0363479,-25.6673254],[-57.0364276,-25.6673238],[-57.0368204,-25.6672154]]},"properties":{"intermittent":"no","waterway":"stream"}},{"type":"Feature","geometry":{"type":"LineString","coordinates":[[-57.031546,-25.6693267],[-57.0317001,-25.6692383],[-57.0318543,-25.669091],[-57.0321158,-25.6688721],[-57.0323493,-25.668628],[-57.032462,-25.6685641]]},"properties":{"waterway":"stream"}},{"type":"Feature","geometry":{"type":"LineString","coordinates":[[-57.0299863,-25.6654164],[-57.0302898,-25.6653532],[-57.0304486,-25.6653238],[-57.0307101,-25.665349],[-57.030981,-25.6654079],[-57.0313125,-25.6655048],[-57.0315367,-25.6656226],[-57.0318449,-25.6657994],[-57.0321018,-25.665972],[-57.0322372,-25.6660983],[-57.032466,-25.6661782],[-57.0327929,-25.666334],[-57.0330218,-25.666456],[-57.0331992,-25.6664981],[-57.0333813,-25.6665108],[-57.0335962,-25.6664518],[-57.0336863,-25.6662739],[-57.0337749,-25.6661502],[-57.0338874,-25.666049],[-57.0339974,-25.6659717],[-57.0342495,-25.6658436],[-57.034448,-25.6657541],[-57.0346921,-25.6656501],[-57.0350006,-25.6656042],[-57.035199,-25.665609],[-57.0353868,-25.6656429],[-57.0356443,-25.6657686],[-57.0357999,-25.6658798],[-57.0359232,-25.6659838],[-57.0362746,-25.6662545],[-57.0364168,-25.6663682],[-57.0365348,-25.6665277],[-57.0366126,-25.6666559],[-57.0367252,-25.6668783],[-57.0367869,-25.6670886],[-57.0368204,-25.6672154],[-57.0368593,-25.6673594],[-57.0369586,-25.6675576],[-57.0370685,-25.6677075],[-57.0373019,-25.6678719],[-57.0375031,-25.6679782],[-57.0376104,-25.6680048],[-57.0377585,-25.6680205]]},"properties":{"waterway":"stream"}},{"type":"Feature","geometry":{"type":"LineString","coordinates":[[-57.0372062,-25.6693834],[-57.037263,-25.6692997],[-57.0373657,-25.6692231],[-57.0374435,-25.6691817],[-57.0375143,-25.6690924],[-57.0375108,-25.6689743],[-57.0375391,-25.6688786],[-57.0374789,-25.6687702],[-57.037486,-25.6686904],[-57.037532,-25.668566],[-57.0375072,-25.6684863],[-57.0375497,-25.6684033],[-57.0375391,-25.6683331],[-57.0374966,-25.668263],[-57.0374294,-25.6682087],[-57.0374152,-25.6681449],[-57.0374577,-25.6680652],[-57.0375072,-25.6680397],[-57.0375851,-25.6680333],[-57.0376594,-25.6680365],[-57.0377585,-25.6680205]]},"properties":{"intermittent":"yes","waterway":"stream"}},{"type":"Feature","geometry":{"type":"LineString","coordinates":[[-57.0310781,-25.6677674],[-57.0312836,-25.6677632],[-57.0314144,-25.6677674],[-57.0315031,-25.6677253],[-57.0316105,-25.6676285],[-57.03176,-25.6676201],[-57.0318767,-25.6676832],[-57.0319841,-25.6677422],[-57.0320635,-25.6677674],[-57.0321616,-25.6677211],[-57.0322363,-25.6676832],[-57.0323484,-25.6676832],[-57.0324791,-25.6676917],[-57.0326192,-25.6677295],[-57.0326846,-25.6677338],[-57.0327827,-25.6678179],[-57.0328481,-25.6678474],[-57.0329134,-25.6678264],[-57.0330115,-25.6676959],[-57.0330629,-25.6675822],[-57.0331049,-25.667477],[-57.0331189,-25.6673339],[-57.0331703,-25.667195],[-57.0332497,-25.6671445],[-57.0333898,-25.6671108],[-57.0334925,-25.6670771],[-57.0335719,-25.6670056],[-57.0336933,-25.6669593],[-57.0337914,-25.666934]]},"properties":{"waterway":"stream"}},{"type":"Feature","geometry":{"type":"LineString","coordinates":[[-57.0454007,-25.6737698],[-57.045448,-25.6737194],[-57.0454597,-25.6737069],[-57.0455402,-25.6736368],[-57.0455885,-25.6735571],[-57.0456502,-25.6735208],[-57.0458245,-25.6734942],[-57.0459238,-25.6734773],[-57.0459801,-25.6734362],[-57.0460176,-25.6733782],[-57.0460954,-25.6733516],[-57.0461839,-25.6733467],[-57.0462751,-25.6733226],[-57.0463824,-25.6732549],[-57.0464924,-25.6731969],[-57.0465702,-25.6731364],[-57.0466345,-25.6730712],[-57.0466962,-25.6730276],[-57.0467418,-25.672972],[-57.0468303,-25.6728898],[-57.0469269,-25.6727883],[-57.0470154,-25.6726868],[-57.0470637,-25.6725925],[-57.0471147,-25.6724692],[-57.0471308,-25.6723532],[-57.0471522,-25.6722323],[-57.0471468,-25.6721646],[-57.0472461,-25.6721791],[-57.0473668,-25.6721767],[-57.0475089,-25.6721598],[-57.0476189,-25.6721018],[-57.0477101,-25.6720075],[-57.0477664,-25.6719205],[-57.0478281,-25.6717657],[-57.0478979,-25.6714781],[-57.048032,-25.6710139],[-57.0481178,-25.6706392],[-57.0481768,-25.6703588],[-57.0481786,-25.6702221],[-57.0481795,-25.6701533],[-57.048158,-25.6700469],[-57.048158,-25.6699405],[-57.0482224,-25.6698535],[-57.0483377,-25.6697786],[-57.0484477,-25.6697206],[-57.0485201,-25.6696359],[-57.0485791,-25.6695199],[-57.0486221,-25.6693555],[-57.0486757,-25.6692346],[-57.0487749,-25.669121]]},"properties":{"waterway":"ditch"}},{"type":"Feature","geometry":{"type":"LineString","coordinates":[[-57.0471468,-25.6721646],[-57.0471505,-25.6720993],[-57.0471151,-25.6719622],[-57.0470957,-25.6717644],[-57.0470939,-25.6716224],[-57.047101,-25.6714869],[-57.0471222,-25.6713481],[-57.0471293,-25.6711998],[-57.0471328,-25.6710802],[-57.0471364,-25.6709621],[-57.0472018,-25.6708441],[-57.0473257,-25.6707564],[-57.0474337,-25.6706798],[-57.0475115,-25.6705857],[-57.0475929,-25.6704502],[-57.0476584,-25.6703816],[-57.0478247,-25.6703114],[-57.0479805,-25.6702604],[-57.0480796,-25.6702364],[-57.0481786,-25.6702221]]},"properties":{"intermittent":"yes","waterway":"ditch"}},{"type":"Feature","geometry":{"type":"LineString","coordinates":[[-57.0408918,-25.6706921],[-57.0488132,-25.6688121],[-57.0531945,-25.6677763],[-57.0532511,-25.6677611],[-57.0548028,-25.6673431],[-57.0549045,-25.6673042],[-57.0549562,-25.6672002],[-57.0549544,-25.667164],[-57.0548774,-25.667139],[-57.0537266,-25.6669571],[-57.0536696,-25.6669182],[-57.053645,-25.6668765],[-57.0536435,-25.6668335]]},"properties":{"intermittent":"yes","waterway":"ditch"}},{"type":"Feature","geometry":{"type":"LineString","coordinates":[[-57.0535603,-25.666939],[-57.0536435,-25.6668335],[-57.0538906,-25.6664758],[-57.0539467,-25.6664439]]},"properties":{"intermittent":"yes","waterway":"ditch"}},{"type":"Feature","geometry":{"type":"LineString","coordinates":[[-57.0539467,-25.6664439],[-57.0539789,-25.6663658],[-57.0540005,-25.6663005],[-57.0541946,-25.6659812],[-57.0542639,-25.665827],[-57.0543194,-25.6657118],[-57.0543533,-25.6656021],[-57.0543487,-25.6654924],[-57.0543671,-25.6653994]]},"properties":{"intermittent":"yes","waterway":"stream"}},{"type":"Feature","geometry":{"type":"LineString","coordinates":[[-57.0483996,-25.6752203],[-57.0484153,-25.6751881],[-57.0488981,-25.6748236],[-57.0492223,-25.6744874],[-57.0501909,-25.6732975],[-57.0503627,-25.6731207],[-57.0505161,-25.6729778],[-57.0507702,-25.6727561],[-57.0522673,-25.6714333],[-57.05243,-25.671273],[-57.0525316,-25.6711594],[-57.052618,-25.6710422],[-57.0527765,-25.6708091],[-57.0528676,-25.6706481],[-57.0529318,-25.6705229],[-57.0530521,-25.6702304],[-57.0531922,-25.6698874],[-57.0532645,-25.6696716],[-57.0533288,-25.6694349],[-57.0533708,-25.6692686],[-57.0533801,-25.6691024],[-57.0533708,-25.6689445],[-57.0533264,-25.6685489],[-57.0532902,-25.6683005],[-57.0532622,-25.6679185],[-57.0532547,-25.6678118],[-57.0532511,-25.6677611]]},"properties":{"intermittent":"yes","waterway":"ditch"}},{"type":"Feature","geometry":{"type":"LineString","coordinates":[[-57.0512142,-25.6796475],[-57.0513912,-25.6797683],[-57.0514972,-25.6798155],[-57.0517117,-25.6798916],[-57.0518888,-25.6799726],[-57.0519987,-25.6800355],[-57.0521194,-25.6800729],[-57.0522147,-25.6800971],[-57.0523273,-25.6801261],[-57.0524426,-25.680195],[-57.0524936,-25.6802591],[-57.05257,-25.680334],[-57.052672,-25.6804162],[-57.0527498,-25.680502],[-57.0527913,-25.6806011],[-57.0528342,-25.6806797],[-57.0528959,-25.6807594],[-57.0530368,-25.680896],[-57.0531612,-25.6810105],[-57.0534512,-25.6812477],[-57.053824,-25.6815523],[-57.0541083,-25.6818025],[-57.0544932,-25.6822074],[-57.0543269,-25.68235],[-57.0541753,-25.6824974],[-57.0540345,-25.6825893],[-57.0538012,-25.6826485],[-57.0535853,-25.6827198],[-57.0534243,-25.6827464],[-57.0532835,-25.6827948],[-57.0532102,-25.6828174],[-57.0531387,-25.6828395]]},"properties":{"intermittent":"yes","waterway":"ditch"}},{"type":"Feature","geometry":{"type":"LineString","coordinates":[[-57.0457009,-25.6805997],[-57.0457036,-25.6806794],[-57.0456982,-25.6807495],[-57.0457518,-25.680839],[-57.0458001,-25.6809163],[-57.045843,-25.6810058],[-57.0459047,-25.6810686],[-57.0460093,-25.6811121],[-57.0461917,-25.6812499],[-57.0463446,-25.6813587],[-57.0464653,-25.6813974],[-57.0465538,-25.6814554],[-57.0468381,-25.6816391],[-57.0469293,-25.681714],[-57.0470232,-25.6818107],[-57.0471171,-25.6819219],[-57.047219,-25.6820597],[-57.047278,-25.682183],[-57.0473397,-25.6822579],[-57.0474497,-25.6823715],[-57.0476052,-25.6824561],[-57.0476911,-25.6825407],[-57.0477903,-25.6825794],[-57.0479191,-25.6825987],[-57.0479995,-25.6826568],[-57.0480505,-25.6827075],[-57.0481175,-25.6827607],[-57.0482141,-25.6828042],[-57.0483026,-25.6828139],[-57.0483777,-25.6828284],[-57.0484287,-25.6828574],[-57.0484555,-25.6828888],[-57.0484984,-25.6829033],[-57.0485467,-25.6828985],[-57.0486111,-25.6828912],[-57.0486647,-25.6828961],[-57.048705,-25.6829251],[-57.0487398,-25.6829613],[-57.0487452,-25.6830024],[-57.0487479,-25.6830556],[-57.0487666,-25.6831064],[-57.0488149,-25.6831765],[-57.048882,-25.6832732],[-57.048941,-25.6833578],[-57.0490161,-25.6834424],[-57.049118,-25.6835439],[-57.0491851,-25.6835874],[-57.0492652,-25.6836149],[-57.0494104,-25.6836261],[-57.0495284,-25.6835922],[-57.0496759,-25.6835656],[-57.0498529,-25.6835584],[-57.0499415,-25.6835681],[-57.0500622,-25.6835656],[-57.0501399,-25.6835439],[-57.0502231,-25.6835318],[-57.0503009,-25.6835439],[-57.0503652,-25.6835826],[-57.0504028,-25.6836309],[-57.0504833,-25.6836768],[-57.0505879,-25.6836913],[-57.0506978,-25.6836696],[-57.0507917,-25.6836406],[-57.0508963,-25.6836091],[-57.0510814,-25.6835729]]},"properties":{"intermittent":"yes","waterway":"stream"}},{"type":"Feature","geometry":{"type":"LineString","coordinates":[[-57.0556237,-25.6773416],[-57.0557256,-25.6774093],[-57.0558731,-25.6774818],[-57.0559992,-25.6775833],[-57.0560797,-25.6776728],[-57.0561655,-25.6777719],[-57.056312,-25.677884],[-57.0563694,-25.6779142],[-57.0564525,-25.677958],[-57.0565437,-25.6780281],[-57.0566724,-25.6780692],[-57.0568736,-25.6780861],[-57.0570533,-25.6781345],[-57.0571579,-25.6781587],[-57.0573028,-25.6782263],[-57.0575495,-25.6783351],[-57.0576434,-25.6784028],[-57.0577453,-25.6784463],[-57.0578875,-25.6784439],[-57.0580538,-25.6784342],[-57.0581664,-25.6784439],[-57.0582791,-25.6784681],[-57.0583166,-25.6785092],[-57.0583166,-25.678572],[-57.0583354,-25.6786421],[-57.0583864,-25.6786929],[-57.0584642,-25.6787388],[-57.0585419,-25.6787533],[-57.058668,-25.6787654],[-57.0587404,-25.6787654],[-57.0588665,-25.6787962],[-57.0590677,-25.6788186],[-57.0592366,-25.6787847],[-57.0593109,-25.6787562],[-57.0594539,-25.6786808],[-57.0595505,-25.6786252],[-57.0595961,-25.6785793],[-57.0596577,-25.6785503],[-57.059883,-25.6784681],[-57.0599984,-25.6784512],[-57.0600949,-25.6784463],[-57.060221,-25.6784608],[-57.0604007,-25.6785188],[-57.0605214,-25.6785841]]},"properties":{"intermittent":"yes","waterway":"ditch"}},{"type":"Feature","geometry":{"type":"LineString","coordinates":[[-57.0601493,-25.6774918],[-57.0601981,-25.6776713],[-57.060251,-25.6778362],[-57.0602794,-25.6779607],[-57.0603119,-25.6781073],[-57.0603526,-25.6782099],[-57.0604054,-25.6783565],[-57.0604624,-25.6784737],[-57.0605214,-25.6785841],[-57.0606412,-25.6786496],[-57.0607917,-25.6787412],[-57.0609218,-25.6788108],[-57.0610397,-25.6788987],[-57.0611494,-25.679005],[-57.0612511,-25.6790783],[-57.061336,-25.6790978],[-57.0614148,-25.6791188],[-57.0615759,-25.6791798],[-57.0617533,-25.6792535],[-57.0618281,-25.6793061],[-57.0619191,-25.6793966],[-57.0619542,-25.679445],[-57.0619939,-25.6795439],[-57.0620802,-25.6796301],[-57.0621783,-25.6796975],[-57.0622951,-25.6797396],[-57.0624468,-25.679769],[-57.0625519,-25.6798027],[-57.062664,-25.6798658],[-57.0628699,-25.6799653],[-57.0629043,-25.6799889],[-57.0629214,-25.6800007]]},"properties":{"intermittent":"yes","waterway":"ditch"}},{"type":"Feature","geometry":{"type":"LineString","coordinates":[[-57.0622685,-25.6675951],[-57.0621471,-25.6677214],[-57.0620677,-25.6678014],[-57.0619859,-25.6678498],[-57.0618342,-25.6679045],[-57.0616987,-25.6679361],[-57.0616334,-25.6679697],[-57.0616044,-25.6679865],[-57.0615893,-25.6680138]]},"properties":{"intermittent":"yes","waterway":"ditch"}},{"type":"Feature","geometry":{"type":"LineString","coordinates":[[-57.0629214,-25.6800007],[-57.0629725,-25.6800472],[-57.0630557,-25.6800902],[-57.0631543,-25.6801458],[-57.0632421,-25.680186],[-57.0633145,-25.6802166],[-57.0633977,-25.680218],[-57.0634516,-25.6801888],[-57.0634593,-25.6801402],[-57.063447,-25.6801041],[-57.0634609,-25.6800791],[-57.0634963,-25.6800611],[-57.0635795,-25.6800569],[-57.0636273,-25.68005],[-57.0637012,-25.6800236],[-57.0638537,-25.67995],[-57.0640434,-25.6798681],[-57.0640877,-25.6798434],[-57.0641279,-25.6798209]]},"properties":{"intermittent":"yes","waterway":"stream","width":"1"}},{"type":"Feature","geometry":{"type":"LineString","coordinates":[[-57.0738047,-25.6721719],[-57.0739328,-25.6735789],[-57.0740019,-25.6743008],[-57.0740385,-25.6748046],[-57.0740527,-25.6753487],[-57.0740507,-25.6755905],[-57.0740283,-25.6761566],[-57.0740344,-25.6763856],[-57.0740446,-25.6765487],[-57.0741117,-25.6767593],[-57.0741482,-25.6769609],[-57.0743231,-25.6774885],[-57.0745162,-25.678082],[-57.0745995,-25.6783532],[-57.074691,-25.6786903],[-57.0747987,-25.6792032],[-57.0748475,-25.6793846],[-57.0748841,-25.6795018],[-57.0751097,-25.6799305],[-57.0753984,-25.6804032],[-57.0756748,-25.6806889],[-57.0758029,-25.6808556],[-57.0759777,-25.6810938],[-57.0761546,-25.68144],[-57.0762704,-25.6816434],[-57.0764432,-25.6818852],[-57.0765143,-25.6821343],[-57.0765611,-25.6826363],[-57.0765733,-25.6829697],[-57.0765631,-25.6833471],[-57.0765408,-25.6835449],[-57.0765428,-25.6836457],[-57.076555,-25.6837574],[-57.0766221,-25.6841494],[-57.0767278,-25.6848492],[-57.0767603,-25.6849665],[-57.0768721,-25.6851716],[-57.0770551,-25.6853603],[-57.077175,-25.6854336],[-57.0772969,-25.6854812],[-57.0775327,-25.6856443],[-57.0777706,-25.6858641],[-57.0779515,-25.6860088],[-57.0781324,-25.6861004],[-57.0784272,-25.6862158],[-57.0785532,-25.6862854],[-57.0786548,-25.6863495],[-57.0787321,-25.6864136],[-57.0788093,-25.6865803],[-57.0788317,-25.6866518],[-57.0788804,-25.6867305],[-57.0790573,-25.6868771],[-57.079165,-25.6869559],[-57.0792748,-25.68702],[-57.0795126,-25.6870548],[-57.0797098,-25.6870548],[-57.0799415,-25.6870841],[-57.080031,-25.6870969],[-57.0800905,-25.6871244],[-57.0801855,-25.6871684],[-57.0802277,-25.6871758],[-57.0802586,-25.6871812]]},"properties":{"intermittent":"yes","waterway":"ditch"}},{"type":"Feature","geometry":{"type":"LineString","coordinates":[[-57.0710638,-25.6760703],[-57.0714232,-25.6758672],[-57.0718658,-25.6756098],[-57.0722105,-25.6754007],[-57.072472,-25.6752822],[-57.0729735,-25.6750381],[-57.0730996,-25.6749643],[-57.0733316,-25.6748012],[-57.0735931,-25.6745691],[-57.0738305,-25.674389],[-57.0739324,-25.6743261],[-57.0740019,-25.6743008]]},"properties":{"intermittent":"yes","waterway":"ditch"}},{"type":"Feature","geometry":{"type":"LineString","coordinates":[[-57.0740396,-25.6903962],[-57.074063,-25.6903752],[-57.0740893,-25.6903373],[-57.074116,-25.6903083],[-57.0741355,-25.6902493],[-57.0741762,-25.6901871],[-57.0742293,-25.6901249],[-57.0742824,-25.6900723],[-57.0743089,-25.6900164],[-57.0743372,-25.6899622],[-57.0743921,-25.6898968],[-57.074424,-25.6898267],[-57.074447,-25.6897422],[-57.0744717,-25.6896098],[-57.074493,-25.6894822],[-57.0745124,-25.6894216],[-57.0745531,-25.6893499],[-57.0746186,-25.6892909],[-57.0746912,-25.6892542],[-57.0755003,-25.6886833],[-57.0755707,-25.6886336]]},"properties":{"intermittent":"no","waterway":"ditch"}},{"type":"Feature","geometry":{"type":"LineString","coordinates":[[-57.0693878,-25.6881288],[-57.0695112,-25.6880878],[-57.0696399,-25.6880781],[-57.0697311,-25.688066],[-57.0697901,-25.6880418],[-57.0698223,-25.6879959],[-57.0698491,-25.6879379],[-57.0698947,-25.6879065],[-57.0699323,-25.6878654],[-57.0699645,-25.6878364],[-57.0700074,-25.6878074],[-57.0700637,-25.6877687],[-57.0700879,-25.6877276],[-57.0700986,-25.6876696],[-57.0700986,-25.6876188],[-57.0700959,-25.6875391],[-57.0700932,-25.6874714],[-57.0701147,-25.6874206],[-57.0701442,-25.6873892],[-57.0701871,-25.6873747],[-57.070222,-25.6873747],[-57.0702649,-25.6873602],[-57.0702971,-25.6873264],[-57.0703319,-25.6872901],[-57.0703829,-25.6872732],[-57.0704178,-25.6872563],[-57.0704473,-25.6872321],[-57.0704553,-25.6871862],[-57.0704553,-25.6871354],[-57.0704607,-25.6870774],[-57.0704821,-25.6870266],[-57.0705197,-25.6869855],[-57.0705613,-25.6869517],[-57.070609,-25.6868823],[-57.0706321,-25.6868448],[-57.0706768,-25.6868018],[-57.070701,-25.6867846]]},"properties":{"intermittent":"yes","waterway":"stream"}},{"type":"Feature","geometry":{"type":"LineString","coordinates":[[-57.070701,-25.6867846],[-57.0707395,-25.6867409],[-57.0707492,-25.6866852],[-57.0707307,-25.6865672],[-57.0707076,-25.6864894],[-57.0707045,-25.6863672],[-57.0707431,-25.6862603],[-57.0708047,-25.6861784],[-57.0709233,-25.6860937],[-57.0710373,-25.6860354],[-57.0710647,-25.686029]]},"properties":{"intermittent":"yes","waterway":"ditch"}},{"type":"Feature","geometry":{"type":"LineString","coordinates":[[-57.0701754,-25.6860446],[-57.0702699,-25.6860491],[-57.070336,-25.6860555],[-57.0704244,-25.6860913],[-57.0704925,-25.6861362],[-57.070588,-25.6861636],[-57.0706653,-25.6861691],[-57.0707293,-25.6861563],[-57.0708139,-25.6861437],[-57.0709233,-25.6860937]]},"properties":{"intermittent":"yes","waterway":"ditch"}},{"type":"Feature","geometry":{"type":"LineString","coordinates":[[-57.0685689,-25.6897937],[-57.0685713,-25.6896275],[-57.068611,-25.6894339],[-57.0687114,-25.689255],[-57.0688585,-25.6891667],[-57.0690219,-25.689114],[-57.0692344,-25.6891077],[-57.0694679,-25.6891751],[-57.0695753,-25.6892235],[-57.0696617,-25.6893203],[-57.0697248,-25.6894823],[-57.0697645,-25.6896317],[-57.0697434,-25.6897958],[-57.0697341,-25.689941],[-57.0697878,-25.6901283],[-57.0699209,-25.6902819],[-57.070089,-25.6904607],[-57.0703622,-25.6906122],[-57.0704463,-25.6906733],[-57.070598,-25.6907722],[-57.0708245,-25.6907911],[-57.0710207,-25.6908184],[-57.0710907,-25.6908248],[-57.0712518,-25.6909026],[-57.0713826,-25.6909826],[-57.0716044,-25.6910604],[-57.0717982,-25.6911109],[-57.071936,-25.6911509],[-57.0721041,-25.6911698],[-57.0722629,-25.6911509],[-57.0724614,-25.6910625],[-57.0725571,-25.6909952],[-57.0727066,-25.6909742],[-57.0727929,-25.6909657],[-57.0729517,-25.6909868],[-57.0730591,-25.6910015],[-57.0731806,-25.6909847],[-57.073337,-25.6909426],[-57.0734514,-25.6909047],[-57.0735612,-25.6908458],[-57.0737106,-25.6907322],[-57.0738017,-25.6906417],[-57.0739161,-25.6905533],[-57.0740025,-25.6904271],[-57.0740396,-25.6903962]]},"properties":{"waterway":"stream","width":"1"}},{"type":"Feature","geometry":{"type":"LineString","coordinates":[[-57.0650609,-25.6930551],[-57.065069,-25.6929729],[-57.0650556,-25.6929076],[-57.0650716,-25.6928037],[-57.0650716,-25.6927312],[-57.0650716,-25.6926683],[-57.0650985,-25.6925692],[-57.065136,-25.6924895],[-57.0651548,-25.6924291],[-57.0651575,-25.6923735],[-57.0651441,-25.6923203],[-57.0650985,-25.6922623],[-57.0650904,-25.6922115],[-57.0650904,-25.6921293],[-57.0650743,-25.6920641],[-57.0650582,-25.691994],[-57.0650609,-25.691936],[-57.0651226,-25.6918055],[-57.0651575,-25.6917064],[-57.0651628,-25.6916194],[-57.0651468,-25.6915613],[-57.0651092,-25.6915178],[-57.0650609,-25.6914937],[-57.0650314,-25.6914526],[-57.0650126,-25.6913946],[-57.0650073,-25.6913076],[-57.0650046,-25.6912423],[-57.0649697,-25.691206],[-57.0649295,-25.6911867],[-57.0649054,-25.6911577],[-57.0648973,-25.6911166]]},"properties":{"waterway":"stream","width":"1"}},{"type":"Feature","geometry":{"type":"LineString","coordinates":[[-57.0626496,-25.6910127],[-57.0627381,-25.6909619],[-57.0628266,-25.6908652],[-57.0628669,-25.6907976],[-57.0629312,-25.6906912],[-57.0629876,-25.6906235],[-57.0630198,-25.690551],[-57.0630841,-25.6904978],[-57.0631592,-25.6904785],[-57.0632558,-25.6905003],[-57.0633363,-25.6905583],[-57.0634006,-25.6906259],[-57.0634731,-25.6906985],[-57.0635535,-25.6907613],[-57.0636098,-25.6907758],[-57.0636957,-25.6907782],[-57.0638083,-25.6907565],[-57.0639103,-25.6907202],[-57.0639854,-25.6906598],[-57.0640497,-25.6906066],[-57.0641409,-25.6905728],[-57.0642241,-25.6905583],[-57.0643233,-25.6905873],[-57.0643743,-25.6906284],[-57.0644413,-25.690725],[-57.0644842,-25.6908169],[-57.0645272,-25.6908846],[-57.0645969,-25.6909958],[-57.0646479,-25.6910949],[-57.0647149,-25.6911553],[-57.0648142,-25.6911698],[-57.0648973,-25.6911166],[-57.06501,-25.6910441],[-57.0650797,-25.6910296],[-57.0651253,-25.6909909],[-57.065128,-25.6909232],[-57.0651628,-25.6908676],[-57.0652004,-25.6908338],[-57.065246,-25.6908217],[-57.0652916,-25.6907927],[-57.0652996,-25.6907444],[-57.0653372,-25.6907154],[-57.0654445,-25.6906912],[-57.0655813,-25.6907105],[-57.0656617,-25.6907347],[-57.0657288,-25.6907347],[-57.0657851,-25.6906936],[-57.0658414,-25.6906549],[-57.0659219,-25.6906646],[-57.0659756,-25.690684],[-57.0660131,-25.6906767],[-57.0660775,-25.6906404],[-57.0661311,-25.6905873],[-57.0661848,-25.6905703],[-57.0662491,-25.6905921],[-57.0663242,-25.6906622],[-57.0663698,-25.6907057],[-57.0663672,-25.6907468],[-57.0663591,-25.6908217],[-57.0663672,-25.6908749],[-57.0664235,-25.6909329],[-57.0664637,-25.6909692],[-57.0664959,-25.6909426],[-57.0665469,-25.6909232],[-57.06663,-25.6909329],[-57.0666783,-25.6909788],[-57.0667158,-25.6910513],[-57.066748,-25.6911214],[-57.0668446,-25.6911819],[-57.0669197,-25.6912254],[-57.0670216,-25.6912592],[-57.0671182,-25.6912616],[-57.0672147,-25.691235],[-57.0673328,-25.6911577],[-57.0674159,-25.6911094],[-57.067499,-25.6910949],[-57.0676171,-25.6911021],[-57.0677029,-25.6911263],[-57.067829,-25.6911529],[-57.067888,-25.6911722],[-57.0679604,-25.6911674],[-57.0680355,-25.6911456],[-57.0681267,-25.6911553],[-57.0681884,-25.6911746],[-57.0682554,-25.6912205],[-57.0683198,-25.6913003],[-57.0683574,-25.6913921],[-57.0684056,-25.6914477],[-57.0684566,-25.6915057],[-57.0685102,-25.6915517],[-57.0685827,-25.6916218],[-57.0686336,-25.6916556],[-57.0686926,-25.6916967],[-57.0687436,-25.6917064],[-57.068816,-25.6917064],[-57.0688965,-25.6916725],[-57.0689555,-25.6916],[-57.0690306,-25.6915033],[-57.0690681,-25.6914429],[-57.0690708,-25.6913704],[-57.0690547,-25.6913293],[-57.069052,-25.6912761],[-57.0690735,-25.6912326],[-57.0691406,-25.691194],[-57.0692237,-25.6911625],[-57.0692827,-25.691148],[-57.0693256,-25.6911553],[-57.0693712,-25.691177],[-57.0694383,-25.6911794],[-57.0695402,-25.6911794],[-57.0696126,-25.691177],[-57.0696475,-25.6911915],[-57.0697146,-25.6912157],[-57.0697897,-25.6912133],[-57.069846,-25.6912109],[-57.0698916,-25.6912278],[-57.0699479,-25.691235],[-57.0700015,-25.6912375],[-57.0700552,-25.691235],[-57.0701088,-25.6912205],[-57.0701598,-25.6911867],[-57.0702725,-25.6911142],[-57.0704012,-25.6909861],[-57.070598,-25.6907722]]},"properties":{"waterway":"stream","width":"1"}},{"type":"Feature","geometry":{"type":"LineString","coordinates":[[-57.0606608,-25.6907205],[-57.0607734,-25.6907592],[-57.0608968,-25.690764],[-57.0610094,-25.6907278],[-57.0611355,-25.6906673],[-57.061275,-25.6906069],[-57.0613849,-25.690561],[-57.061511,-25.6904933],[-57.0616424,-25.6904256],[-57.0617631,-25.6903966],[-57.0618973,-25.6904039],[-57.0620448,-25.6904256],[-57.0621467,-25.6904522],[-57.0622577,-25.6904248]]},"properties":{"waterway":"stream","width":"1"}},{"type":"Feature","geometry":{"type":"LineString","coordinates":[[-57.0703001,-25.6957744],[-57.0703235,-25.6957364],[-57.0703611,-25.6957062],[-57.0703987,-25.6956604],[-57.0704334,-25.6955897],[-57.0704688,-25.6955231],[-57.0705013,-25.695453],[-57.0705089,-25.6954079],[-57.0704673,-25.695351],[-57.0703933,-25.695301],[-57.0703332,-25.695251],[-57.0703163,-25.6952038],[-57.0703348,-25.6951108],[-57.0703194,-25.6949069],[-57.0702855,-25.6947153],[-57.0702978,-25.694496],[-57.0703009,-25.6942544],[-57.0703933,-25.6940629],[-57.0706121,-25.6937713],[-57.0708308,-25.6935825],[-57.0709048,-25.6934048],[-57.0710157,-25.6930078],[-57.0711297,-25.6927385],[-57.0712622,-25.6925136],[-57.0715888,-25.6921888],[-57.0719827,-25.691773],[-57.0722724,-25.6914636],[-57.0724614,-25.6910625]]},"properties":{"waterway":"stream","width":"1"}},{"type":"Feature","geometry":{"type":"LineString","coordinates":[[-57.0802586,-25.6871812],[-57.0803467,-25.6871938],[-57.080454,-25.6872215],[-57.0806525,-25.6873014],[-57.0808323,-25.6874172],[-57.0809957,-25.6875245]]},"properties":{"waterway":"stream"}},{"type":"Feature","geometry":{"type":"LineString","coordinates":[[-57.1310403,-25.515864],[-57.1313301,-25.5158387],[-57.131564,-25.5157611],[-57.1319319,-25.515615],[-57.1327436,-25.5155266],[-57.1330714,-25.5155446],[-57.1332494,-25.515689],[-57.1333133,-25.5158802],[-57.1332174,-25.5162429],[-57.1332354,-25.5164792],[-57.1333173,-25.5166687],[-57.1334393,-25.5167462],[-57.1338231,-25.5168563],[-57.134197,-25.5170548],[-57.1345289,-25.5173308],[-57.1348027,-25.517421],[-57.1349727,-25.5175329],[-57.1351526,-25.5177566],[-57.1352266,-25.5178702],[-57.1352426,-25.5181012],[-57.1353065,-25.5181625],[-57.1354405,-25.5181932],[-57.1356044,-25.5181643],[-57.1360862,-25.5180092],[-57.1364161,-25.5178576],[-57.1368679,-25.5177674],[-57.1370439,-25.5176754],[-57.1371998,-25.5174336],[-57.1373857,-25.516914],[-57.1375936,-25.5166163],[-57.1377516,-25.516407],[-57.1378175,-25.5162302],[-57.1381574,-25.515965],[-57.1384813,-25.5156565],[-57.1389231,-25.515375],[-57.1396428,-25.5150575],[-57.1398387,-25.5149186],[-57.1401326,-25.5145523],[-57.1406724,-25.5140489],[-57.1408703,-25.513919],[-57.1412841,-25.5137224],[-57.1415021,-25.5136538],[-57.141674,-25.5136646],[-57.141758,-25.5137296],[-57.1418499,-25.5138162],[-57.1420179,-25.5138847],[-57.1424937,-25.5140381],[-57.1426896,-25.5142745],[-57.1428035,-25.5145234],[-57.1428315,-25.5149059],[-57.1428835,-25.5151369],[-57.1430454,-25.5153732],[-57.1431834,-25.5154147],[-57.1433513,-25.5153877],[-57.144057,-25.515265],[-57.1442222,-25.5152421],[-57.1443829,-25.5152199],[-57.1448767,-25.5150773],[-57.1453945,-25.5149998],[-57.1455924,-25.5150106],[-57.1463561,-25.5151982],[-57.1468879,-25.5152596],[-57.1470478,-25.5152668],[-57.1473497,-25.5151964],[-57.1476016,-25.5152127],[-57.1477871,-25.5152478],[-57.1481354,-25.5153137],[-57.1483393,-25.5152812],[-57.1487592,-25.515099],[-57.149129,-25.5150954],[-57.1494729,-25.515034],[-57.1498427,-25.514915],[-57.1500706,-25.5147382],[-57.1501726,-25.514601],[-57.1502566,-25.5144296],[-57.1504885,-25.5141464],[-57.1506124,-25.5138847],[-57.1506724,-25.5137783],[-57.1508303,-25.5137061],[-57.1510023,-25.5136863],[-57.1512621,-25.5136845],[-57.151556,-25.5137603],[-57.1520059,-25.5137314],[-57.1524017,-25.5136141],[-57.1529315,-25.5133669],[-57.1532214,-25.5130548],[-57.1536252,-25.5125352],[-57.1538571,-25.512223],[-57.1539111,-25.5121851],[-57.154185,-25.5120823],[-57.1543029,-25.5120173],[-57.1544029,-25.5118496],[-57.1544929,-25.5116096],[-57.1546588,-25.5114364],[-57.1548307,-25.5113714],[-57.1550786,-25.5113606],[-57.1553125,-25.511348],[-57.1554745,-25.5112758],[-57.1557024,-25.5111224],[-57.1558283,-25.5110322],[-57.1559423,-25.5109997],[-57.1560502,-25.5110088],[-57.1562202,-25.5110448],[-57.1564521,-25.5110936],[-57.156664,-25.5110647],[-57.1568359,-25.511007],[-57.1568959,-25.5109276],[-57.1569799,-25.5107742],[-57.1571118,-25.5106894],[-57.1572677,-25.5106858],[-57.1574697,-25.5107471],[-57.1577136,-25.5108698],[-57.1577695,-25.5108644],[-57.1579275,-25.5108355],[-57.1580874,-25.5108319],[-57.1584393,-25.5109041],[-57.1587292,-25.5108716],[-57.1589051,-25.5108283],[-57.159061,-25.510841],[-57.1593489,-25.5109023],[-57.1594249,-25.5108951],[-57.1594988,-25.5108734],[-57.1596868,-25.5107183],[-57.1597507,-25.510684],[-57.1598165,-25.5106575],[-57.1598553,-25.5106604],[-57.1599467,-25.5106912],[-57.1600066,-25.5107724],[-57.1600986,-25.5109005],[-57.1602006,-25.5109673],[-57.1603005,-25.5109655],[-57.1604461,-25.5109303],[-57.1605829,-25.5107536],[-57.1607358,-25.5105599],[-57.1608189,-25.5105188],[-57.1609799,-25.5104946],[-57.1612964,-25.5104631],[-57.1614991,-25.5104257],[-57.1615441,-25.5104292],[-57.1616522,-25.5104722],[-57.1617216,-25.5105151],[-57.1617409,-25.5105511],[-57.1617422,-25.5106161],[-57.1617126,-25.5106672],[-57.161665,-25.5107125],[-57.1615171,-25.5108065],[-57.1614489,-25.5108843],[-57.1614077,-25.5109505],[-57.1613691,-25.5110016],[-57.1613717,-25.511048],[-57.1613884,-25.5111061],[-57.1614347,-25.5111293],[-57.1615209,-25.5111409],[-57.1615891,-25.5111293],[-57.1617242,-25.5111421],[-57.1619159,-25.5112175],[-57.1620291,-25.5112199],[-57.1621256,-25.5111862],[-57.1622208,-25.5110956],[-57.1623185,-25.5109958],[-57.1623661,-25.5108994],[-57.162361,-25.5108193],[-57.1623456,-25.5107264],[-57.1623533,-25.5106719],[-57.1624112,-25.5106324],[-57.1625025,-25.5105976],[-57.1626736,-25.5105349],[-57.1628434,-25.5104849],[-57.1630454,-25.5104594],[-57.1631493,-25.51047],[-57.1632847,-25.5104838],[-57.1637491,-25.5105662],[-57.1639176,-25.5105697],[-57.1640334,-25.5105523],[-57.1643537,-25.5104838],[-57.1647641,-25.5104664],[-57.1650767,-25.5104466],[-57.1653469,-25.5104025],[-57.1654987,-25.5103143],[-57.165563,-25.5102388],[-57.1656003,-25.5102074],[-57.1656878,-25.5101854],[-57.165783,-25.5101877],[-57.1660056,-25.510233],[-57.1661201,-25.5102156],[-57.1661986,-25.5101738],[-57.1662873,-25.5101436],[-57.1663774,-25.510067],[-57.1664571,-25.509858],[-57.1665034,-25.5097767],[-57.1666064,-25.5096896],[-57.1666514,-25.5095816],[-57.1666938,-25.5095004],[-57.1668276,-25.5094098],[-57.1670605,-25.5093018],[-57.1671338,-25.5092496],[-57.1671956,-25.509195],[-57.1672264,-25.5091195],[-57.1672277,-25.5090162],[-57.1672213,-25.5088734],[-57.1672509,-25.5087503],[-57.1672728,-25.5087341],[-57.1673191,-25.5087329],[-57.1673564,-25.508741],[-57.1674258,-25.5087735],[-57.1675249,-25.5087782],[-57.1676587,-25.508741],[-57.1679006,-25.5087097],[-57.1680086,-25.5087097],[-57.1681613,-25.5087876],[-57.168279,-25.5088266],[-57.1683312,-25.508832],[-57.1684295,-25.5087889],[-57.1685383,-25.508754],[-57.1686575,-25.5087419],[-57.1687738,-25.5088064],[-57.1688676,-25.5088858],[-57.1689123,-25.5089086],[-57.168969,-25.5089113],[-57.1691075,-25.5088521],[-57.1692238,-25.5088145],[-57.1692759,-25.5087701],[-57.1693176,-25.5086302],[-57.1693996,-25.5085401],[-57.1695009,-25.5084823],[-57.1696842,-25.5084581],[-57.1697841,-25.5084971],[-57.1699495,-25.5086101],[-57.1702728,-25.5087432],[-57.1705038,-25.5088777],[-57.1706215,-25.5090243],[-57.1708256,-25.5093282],[-57.1709583,-25.5095488],[-57.1710745,-25.5096026],[-57.1711401,-25.5096079],[-57.1711937,-25.509577],[-57.171225,-25.5095152],[-57.1711997,-25.5094452],[-57.1711371,-25.509339],[-57.1711147,-25.5092596],[-57.1711535,-25.5092233],[-57.1713397,-25.50907],[-57.1714038,-25.5090592],[-57.1714724,-25.5090942],[-57.1715573,-25.5092139],[-57.1716929,-25.5093215],[-57.1720103,-25.5094573],[-57.1720669,-25.5095111],[-57.1721474,-25.5095905],[-57.1721787,-25.5096927],[-57.17221,-25.5097532],[-57.172277,-25.5097787],[-57.172356,-25.5097572],[-57.1724588,-25.509694],[-57.1727419,-25.5095649],[-57.173104,-25.5094412],[-57.1732158,-25.5094237],[-57.1732963,-25.5094277],[-57.1734006,-25.5094883],[-57.1734333,-25.5095663],[-57.1734512,-25.5097344],[-57.1735064,-25.5098339],[-57.1736658,-25.5098917],[-57.1737239,-25.5099307],[-57.1737373,-25.5099778],[-57.1737329,-25.5100437],[-57.1736688,-25.5100907],[-57.1735108,-25.5101768],[-57.1734766,-25.5102373],[-57.1734706,-25.5102763],[-57.1734766,-25.5103436],[-57.1735436,-25.5104498],[-57.1737388,-25.5105614],[-57.1739176,-25.5106179],[-57.1739892,-25.5106031],[-57.1741411,-25.5105117],[-57.1742693,-25.5104633],[-57.174396,-25.5104485],[-57.1745032,-25.5104821],[-57.1746582,-25.5105937],[-57.1748251,-25.5106784],[-57.1750024,-25.5106838],[-57.1750591,-25.5106435],[-57.1750769,-25.5105023],[-57.1750963,-25.5104081],[-57.1751574,-25.5103153],[-57.1753794,-25.5102158],[-57.175591,-25.5101714],[-57.1757043,-25.510084],[-57.1758294,-25.5099213],[-57.1759054,-25.5098594],[-57.176047,-25.5098272],[-57.17619,-25.5097747],[-57.1762988,-25.5097801],[-57.1763987,-25.5097935],[-57.1764642,-25.5097935],[-57.17657,-25.5097182],[-57.176646,-25.5096483],[-57.1767026,-25.5096133],[-57.176795,-25.5095905],[-57.1768874,-25.5096187],[-57.1769619,-25.5097007],[-57.1770037,-25.509807],[-57.1770528,-25.5098514],[-57.177178,-25.5098783],[-57.1772763,-25.5099536],[-57.1775103,-25.510154],[-57.177631,-25.5101728],[-57.1777085,-25.5101701],[-57.1777919,-25.5101566],[-57.1778649,-25.5101069],[-57.1779484,-25.5100894],[-57.178087,-25.5101217],[-57.1783209,-25.5102172],[-57.1784297,-25.5102467],[-57.1785429,-25.5102104],[-57.1786279,-25.5101203],[-57.1786934,-25.5099294],[-57.1787739,-25.5098298],[-57.1789393,-25.509772],[-57.1790928,-25.5097249],[-57.1791703,-25.5096469],[-57.1792329,-25.509538],[-57.1792671,-25.5094762],[-57.1793714,-25.5094103],[-57.1795175,-25.5094008],[-57.1796322,-25.5094856],[-57.1796695,-25.5096295],[-57.1796903,-25.5097882],[-57.179741,-25.5098621],[-57.1798408,-25.5098863],[-57.1800181,-25.5098917],[-57.1802208,-25.5099401],[-57.1803162,-25.509963],[-57.1804115,-25.5100329],[-57.1805218,-25.5100706],[-57.1806872,-25.5100638],[-57.1808377,-25.5099912],[-57.1809092,-25.5099011],[-57.1809361,-25.5097787],[-57.1809539,-25.5097155],[-57.1810433,-25.5096644],[-57.1811685,-25.5096429],[-57.1812922,-25.5096416],[-57.1813503,-25.5096429],[-57.1814069,-25.5096886],[-57.1814248,-25.5097787],[-57.1814278,-25.5098971],[-57.181553,-25.5100854],[-57.1815768,-25.5101526],[-57.1815768,-25.5102481],[-57.1815455,-25.5103086],[-57.1814859,-25.5103395],[-57.1814114,-25.5103597],[-57.181322,-25.5104001],[-57.1812996,-25.5104619],[-57.1813101,-25.5105547],[-57.1814159,-25.510622],[-57.1815753,-25.5106717],[-57.1817154,-25.5106892],[-57.1817854,-25.5106717],[-57.1819687,-25.5105413],[-57.1820566,-25.5104552],[-57.182082,-25.5103826],[-57.1820879,-25.51031],[-57.1821043,-25.5102467],[-57.1821386,-25.5101903],[-57.1821937,-25.5101674],[-57.1823606,-25.510154],[-57.1824724,-25.5101566],[-57.1825126,-25.5101553],[-57.1825737,-25.5101176],[-57.1827138,-25.5099495],[-57.1827898,-25.5098097],[-57.182824,-25.5096873],[-57.1827763,-25.5094923],[-57.1827257,-25.5092341],[-57.1827719,-25.5091211],[-57.1828941,-25.5090229],[-57.1830774,-25.5089691],[-57.1831787,-25.5089705],[-57.1832472,-25.5090055],[-57.1832606,-25.5090552],[-57.1832442,-25.5091588],[-57.1833038,-25.5092435],[-57.1833709,-25.509261],[-57.1834514,-25.5092502],[-57.1838716,-25.509148],[-57.1840668,-25.5090552],[-57.1843395,-25.5089786],[-57.184405,-25.5089234],[-57.1844453,-25.5088589],[-57.1844974,-25.508715],[-57.1845406,-25.5086854],[-57.1846777,-25.5086128],[-57.1849668,-25.5084702],[-57.1851114,-25.5083411],[-57.1851561,-25.5082133],[-57.185159,-25.5081084],[-57.1851426,-25.5079645],[-57.1851754,-25.5078623],[-57.1853021,-25.5077749],[-57.1857044,-25.5077265],[-57.1859115,-25.507822],[-57.186147,-25.5079121],[-57.1862394,-25.5080412],[-57.1862528,-25.5081542],[-57.186226,-25.5082402],[-57.1861962,-25.5083236],[-57.1861827,-25.5083855],[-57.1862185,-25.5084608],[-57.1862856,-25.5085132],[-57.1865195,-25.5084594],[-57.1868086,-25.5083196],[-57.1870545,-25.5080425],[-57.1872318,-25.507861],[-57.1873823,-25.5077964],[-57.1875209,-25.5077198],[-57.1875969,-25.5076229],[-57.1876192,-25.5074642],[-57.1876788,-25.5072249],[-57.1877593,-25.507128],[-57.1879262,-25.5069451],[-57.1881497,-25.5069102],[-57.1883166,-25.5069102],[-57.1884432,-25.5069505],[-57.1885118,-25.5070473],[-57.1885654,-25.5071482],[-57.1886742,-25.5071966],[-57.1888262,-25.507198],[-57.1891242,-25.5070675],[-57.1892315,-25.5069814],[-57.1893999,-25.5069115],[-57.1896368,-25.5069559],[-57.1897814,-25.5070137],[-57.1899274,-25.5069976],[-57.1901003,-25.5068079],[-57.1901852,-25.5066735],[-57.1903133,-25.5065793],[-57.1905562,-25.5065941],[-57.1907037,-25.5066129],[-57.1908334,-25.5065659],[-57.1908975,-25.5064986],[-57.1909958,-25.5063157],[-57.1912074,-25.5060266],[-57.1913013,-25.5059808],[-57.1913743,-25.5059741],[-57.1915352,-25.5060535],[-57.1917155,-25.5060804],[-57.1918243,-25.50604],[-57.1919346,-25.5059674],[-57.1919763,-25.5058746],[-57.1920121,-25.5057858],[-57.1921864,-25.5057051],[-57.1925336,-25.5056097],[-57.1929344,-25.5055572],[-57.1932131,-25.5054886],[-57.1934247,-25.5054536],[-57.1937168,-25.5054375],[-57.1938717,-25.5054066],[-57.1939731,-25.5053151],[-57.194064,-25.5051887],[-57.1940908,-25.5050825],[-57.1942279,-25.5048794],[-57.1943217,-25.5047852],[-57.1945453,-25.5046951],[-57.1947271,-25.504679],[-57.1948209,-25.5046978],[-57.1948612,-25.5047368],[-57.1949997,-25.5047449],[-57.195195,-25.5046333],[-57.1954796,-25.504523],[-57.1957701,-25.5045378],[-57.1958759,-25.5045647],[-57.1961114,-25.5045727],[-57.1964377,-25.5046144],[-57.1966717,-25.5046884],[-57.1970501,-25.5047677],[-57.197454,-25.5048054],[-57.197679,-25.5048363],[-57.1977654,-25.504839],[-57.197831,-25.5048256],[-57.1978995,-25.5047704],[-57.198208,-25.5044167],[-57.1983793,-25.5042432],[-57.1985984,-25.5041047],[-57.1988323,-25.5039406],[-57.1989471,-25.5038989],[-57.1992793,-25.5038774],[-57.1993643,-25.5038989],[-57.1998724,-25.5042325],[-57.2001019,-25.504484],[-57.2003388,-25.5048404],[-57.2005161,-25.5049964],[-57.2007233,-25.5050313],[-57.2008544,-25.5049412],[-57.2010734,-25.5047503],[-57.201364,-25.5047422],[-57.2015399,-25.5048094],[-57.2017365,-25.5049466],[-57.2018379,-25.5049453],[-57.2019705,-25.5048955],[-57.2021925,-25.5047731],[-57.2024384,-25.504605],[-57.2026768,-25.5044665],[-57.203024,-25.5043723],[-57.2033041,-25.5043038],[-57.2035783,-25.5042715],[-57.2038361,-25.5043428],[-57.2040581,-25.5044692],[-57.2042876,-25.5044961],[-57.2045573,-25.5044477],[-57.204903,-25.5042715],[-57.2051042,-25.5040428],[-57.2052741,-25.5039191],[-57.2055244,-25.5037913],[-57.2058269,-25.5037739],[-57.2060936,-25.5037792],[-57.2063545,-25.5037695]]},"properties":{"waterway":"stream"}},{"type":"Feature","geometry":{"type":"LineString","coordinates":[[-57.1323636,-25.520381],[-57.1334051,-25.5200852],[-57.1339749,-25.5200112],[-57.1347646,-25.5199679],[-57.1355123,-25.5198344],[-57.1370317,-25.5198867],[-57.1376474,-25.5198687],[-57.1385751,-25.5195277],[-57.138823,-25.5193797],[-57.1397286,-25.5185354],[-57.1398766,-25.5183279],[-57.1403983,-25.5177542],[-57.1404923,-25.5176892],[-57.141156,-25.5173609],[-57.1415619,-25.5170505],[-57.1417378,-25.516973],[-57.1420417,-25.5169549],[-57.1423496,-25.5168214],[-57.1426075,-25.5166608],[-57.1433791,-25.5164461],[-57.1435991,-25.5162874],[-57.143689,-25.5161827],[-57.1438769,-25.5157768],[-57.1440229,-25.515508],[-57.1441029,-25.5153528],[-57.1442222,-25.5152421]]},"properties":{"waterway":"stream"}},{"type":"Feature","geometry":{"type":"LineString","coordinates":[[-57.1224985,-25.5381592],[-57.1226584,-25.538828],[-57.1231381,-25.5393395],[-57.1234578,-25.5398772],[-57.1235886,-25.5404411],[-57.1238357,-25.5411099],[-57.1239872,-25.5413896],[-57.1241555,-25.5417001],[-57.1241051,-25.5418867],[-57.1241778,-25.5421289],[-57.1241778,-25.5423863],[-57.1240548,-25.5431027],[-57.1240213,-25.5433096],[-57.1238871,-25.5435518],[-57.1238759,-25.5437536],[-57.1239877,-25.5438949],[-57.1242282,-25.5439302],[-57.1245357,-25.543905],[-57.1248881,-25.5439302],[-57.1251173,-25.544016],[-57.1254249,-25.5443036],[-57.1259003,-25.5448435],[-57.1261456,-25.5452937],[-57.1261369,-25.5462044],[-57.1264045,-25.5467523],[-57.1265214,-25.5472262],[-57.1267812,-25.5475059],[-57.1268879,-25.5478122]]},"properties":{"name":"Arroyo Tairy","waterway":"stream"}},{"type":"Feature","geometry":{"type":"LineString","coordinates":[[-57.1194753,-25.5406903],[-57.1200131,-25.5405722],[-57.1208125,-25.5406509],[-57.1218009,-25.5409657],[-57.1225276,-25.5412804],[-57.12292,-25.5412804],[-57.123516,-25.5413722],[-57.1239872,-25.5413896]]},"properties":{"waterway":"stream"}},{"type":"Feature","geometry":{"type":"LineString","coordinates":[[-57.1064467,-25.6149274],[-57.1066134,-25.6152114],[-57.1066991,-25.6155309],[-57.1069677,-25.6157481]]},"properties":{"waterway":"stream"}},{"type":"Feature","geometry":{"type":"LineString","coordinates":[[-57.089753,-25.6200944],[-57.0895684,-25.6201462],[-57.0895107,-25.6202087],[-57.0895107,-25.6203388],[-57.0895511,-25.6204898],[-57.0896781,-25.620875],[-57.0898253,-25.6211535]]},"properties":{"waterway":"stream"}},{"type":"Feature","geometry":{"type":"LineString","coordinates":[[-57.1147806,-25.5934545],[-57.1148604,-25.5933965],[-57.1149581,-25.5933211],[-57.1152695,-25.5931285],[-57.1153467,-25.5929986],[-57.1153981,-25.5928118],[-57.1154715,-25.5925484],[-57.1155203,-25.592162],[-57.1155428,-25.5920603]]},"properties":{"waterway":"stream"}},{"type":"Feature","geometry":{"type":"LineString","coordinates":[[-57.1093726,-25.5896669],[-57.1104845,-25.5894949],[-57.111924,-25.5890308],[-57.113752,-25.5885764],[-57.114245,-25.5883427],[-57.1147164,-25.5881804],[-57.1155261,-25.588109],[-57.1159903,-25.587976],[-57.1164114,-25.587937],[-57.1167784,-25.5879857],[-57.1175017,-25.5882973],[-57.1178328,-25.5883979],[-57.1181351,-25.5884466],[-57.1182987,-25.5885405]]},"properties":{"waterway":"stream"}},{"type":"Feature","geometry":{"type":"LineString","coordinates":[[-57.1190969,-25.5895969],[-57.1192888,-25.5893474],[-57.1193361,-25.5891766],[-57.1193436,-25.5890665],[-57.1194059,-25.5889766],[-57.1195231,-25.588844],[-57.1197972,-25.5886484],[-57.1198969,-25.5886372],[-57.1201935,-25.5886484],[-57.1204402,-25.5886956],[-57.1206321,-25.5886754],[-57.1207991,-25.5885855],[-57.1209262,-25.5884146],[-57.1210607,-25.5883494],[-57.1213872,-25.588318],[-57.1215766,-25.5882191],[-57.1217037,-25.588114]]},"properties":{"waterway":"stream"}},{"type":"Feature","geometry":{"type":"LineString","coordinates":[[-57.1277774,-25.5921722],[-57.1279464,-25.59207],[-57.128173,-25.5919895],[-57.1288622,-25.5919895],[-57.1294325,-25.5920532],[-57.129739,-25.5920649],[-57.1298709,-25.5920549],[-57.1299805,-25.5920214],[-57.1300622,-25.5919761],[-57.1301941,-25.5917751],[-57.130378,-25.5916109],[-57.1306417,-25.5914484],[-57.1311396,-25.5913295],[-57.1316746,-25.5913278],[-57.1317749,-25.5913546],[-57.1321222,-25.5915556],[-57.1322876,-25.5916461],[-57.1323076,-25.5916588]]},"properties":{"waterway":"stream"}},{"type":"Feature","geometry":{"type":"LineString","coordinates":[[-57.1066049,-25.5707426],[-57.1068195,-25.570598],[-57.1069927,-25.5705527],[-57.1071246,-25.570539],[-57.1073558,-25.5705073],[-57.1075459,-25.5704845],[-57.1077026,-25.5703941],[-57.1079253,-25.570254],[-57.1080571,-25.570132],[-57.1081068,-25.5700281],[-57.1081287,-25.5699245],[-57.1081785,-25.5698383],[-57.1082704,-25.5697693],[-57.1083463,-25.5697285],[-57.108432,-25.5697152],[-57.1086359,-25.5696908],[-57.1092265,-25.5697878],[-57.1093259,-25.5698274],[-57.1093961,-25.5698554],[-57.1094969,-25.5698848],[-57.1096348,-25.5698991],[-57.1097264,-25.5699117],[-57.110314,-25.5695262],[-57.1108267,-25.5693812],[-57.1110527,-25.569342],[-57.1113047,-25.5692009],[-57.1116089,-25.5689147],[-57.1119609,-25.5685737],[-57.1120608,-25.5683581],[-57.1121521,-25.5682052],[-57.1122433,-25.5680876],[-57.1124389,-25.5679073],[-57.1126996,-25.5678054],[-57.1128865,-25.567676],[-57.1131472,-25.5675976],[-57.1138946,-25.567578],[-57.1142162,-25.5675388],[-57.1145004,-25.5674881],[-57.1149853,-25.5674016],[-57.1151591,-25.5672841],[-57.1154068,-25.5671861],[-57.1155937,-25.5671351],[-57.115824,-25.5670724],[-57.1160325,-25.5668999],[-57.1165931,-25.5660493],[-57.1167365,-25.5658729],[-57.1170146,-25.5656534],[-57.1171537,-25.5654966],[-57.1174461,-25.565307]]},"properties":{"name":"Arroyo Mbaiovi","waterway":"stream"}},{"type":"Feature","geometry":{"type":"LineString","coordinates":[[-57.1140119,-25.570439],[-57.1142946,-25.5701047],[-57.1144506,-25.5696825],[-57.1145286,-25.5694802],[-57.1145481,-25.5689173],[-57.1143239,-25.5683544],[-57.1143434,-25.567809],[-57.1145004,-25.5674881]]},"properties":{"waterway":"stream"}},{"type":"Feature","geometry":{"type":"LineString","coordinates":[[-57.116079,-25.5707204],[-57.1169468,-25.5697089],[-57.1171321,-25.5693659],[-57.1173661,-25.5688645],[-57.1175611,-25.5684775],[-57.1175513,-25.5681697],[-57.1178244,-25.5676331],[-57.1185167,-25.5669646],[-57.1195405,-25.5663225],[-57.1202328,-25.5660059],[-57.1207301,-25.5658475],[-57.1212265,-25.5655929]]},"properties":{"waterway":"stream"}},{"type":"Feature","geometry":{"type":"LineString","coordinates":[[-57.1085027,-25.5599541],[-57.1095168,-25.56013],[-57.1103846,-25.5605962],[-57.1120325,-25.5620564],[-57.112559,-25.5624083],[-57.113105,-25.5626546],[-57.1136449,-25.5628461],[-57.1138158,-25.563075],[-57.1140497,-25.563622],[-57.1145673,-25.5642044],[-57.1149064,-25.5643901],[-57.1151527,-25.5647507],[-57.1151608,-25.5649256],[-57.1154154,-25.5652635]]},"properties":{"waterway":"stream"}},{"type":"Feature","geometry":{"type":"LineString","coordinates":[[-57.1133146,-25.5605005],[-57.1140255,-25.5608],[-57.1148626,-25.5617071],[-57.1152648,-25.5619982],[-57.1154519,-25.5621712],[-57.1156062,-25.5623864],[-57.1156577,-25.5625931],[-57.1157393,-25.5627719],[-57.1167833,-25.5627052],[-57.1171288,-25.5627475],[-57.1173373,-25.5628697],[-57.1176436,-25.5634394],[-57.1182178,-25.5639915],[-57.1184374,-25.5642292],[-57.118618,-25.5651797]]},"properties":{"waterway":"stream"}},{"type":"Feature","geometry":{"type":"LineString","coordinates":[[-57.1069883,-25.5729287],[-57.107544,-25.5723108],[-57.1078993,-25.5720133],[-57.1081634,-25.5718457],[-57.108761,-25.5710634],[-57.1093003,-25.5703518],[-57.1093149,-25.5702417],[-57.109262,-25.5700971],[-57.1092584,-25.5699935],[-57.1092912,-25.5699114],[-57.1093259,-25.5698274]]},"properties":{"waterway":"stream"}},{"type":"Feature","geometry":{"type":"LineString","coordinates":[[-57.1321278,-25.5442595],[-57.1323702,-25.5444432],[-57.132656,-25.5444901],[-57.1331424,-25.5444549],[-57.1337328,-25.5444614],[-57.1337963,-25.5444783],[-57.1340431,-25.5446216],[-57.1346724,-25.5451229],[-57.1356568,-25.5458757],[-57.1357058,-25.545903],[-57.1363063,-25.5460423],[-57.1367378,-25.5460515],[-57.1373787,-25.5461934],[-57.1379474,-25.5464799],[-57.1387715,-25.5466049],[-57.1407446,-25.5472287],[-57.1416914,-25.547467],[-57.1424477,-25.5478824],[-57.1427479,-25.5479332],[-57.1433527,-25.5483004],[-57.143943,-25.5485491],[-57.144721,-25.5487028],[-57.1451367,-25.5490974],[-57.1456332,-25.5493318],[-57.146121,-25.549432],[-57.1465613,-25.5494919],[-57.1472844,-25.5495349],[-57.1477174,-25.5495662],[-57.14825,-25.5495388],[-57.1485502,-25.5495193],[-57.1487797,-25.5495245],[-57.1490987,-25.5496261],[-57.1494956,-25.5498357],[-57.1498377,-25.5501587],[-57.1501826,-25.5503618],[-57.1513546,-25.5503618],[-57.1516794,-25.5504295],[-57.1523881,-25.5507564],[-57.15272,-25.5508462],[-57.1539339,-25.5510403],[-57.154298,-25.5511458],[-57.1545282,-25.5511487],[-57.1551091,-25.5512952],[-57.1554856,-25.5513001],[-57.1559945,-25.551071],[-57.1566066,-25.5507071],[-57.1568982,-25.5505896],[-57.1572328,-25.5506236],[-57.1575856,-25.5507857],[-57.1577954,-25.5508119],[-57.1582548,-25.55071],[-57.1588723,-25.5503441],[-57.1593607,-25.5501024],[-57.1596028,-25.5500665],[-57.1598868,-25.5501014],[-57.160117,-25.5500519],[-57.1603483,-25.5498988],[-57.1605027,-25.549761],[-57.1606785,-25.5497161],[-57.1608866,-25.5496853],[-57.1611274,-25.549583],[-57.1616586,-25.5494583],[-57.1621728,-25.549227],[-57.1624478,-25.5490743],[-57.1626901,-25.5490532]]},"properties":{"waterway":"stream"}},{"type":"Feature","geometry":{"type":"LineString","coordinates":[[-57.1301326,-25.5473357],[-57.130458,-25.5474144],[-57.1305219,-25.5474476],[-57.1308859,-25.5479385],[-57.1309924,-25.5480433],[-57.1310815,-25.548101],[-57.1312209,-25.5481656],[-57.1313139,-25.5481848],[-57.1316121,-25.5482128],[-57.1319622,-25.5483098],[-57.1320678,-25.5483812],[-57.1324344,-25.5486966],[-57.1328896,-25.5492179],[-57.133048,-25.5495445],[-57.1331428,-25.5496566],[-57.1337144,-25.5500546],[-57.1338294,-25.5501275],[-57.1341758,-25.5502424],[-57.1344259,-25.5503167],[-57.1347707,-25.5505493],[-57.1352181,-25.5506727],[-57.1361563,-25.5508605],[-57.1363666,-25.5510271]]},"properties":{"waterway":"stream"}},{"type":"Feature","geometry":{"type":"LineString","coordinates":[[-57.1273323,-25.5530957],[-57.1275928,-25.5535056],[-57.1277074,-25.5540923],[-57.1277575,-25.5547334],[-57.1280367,-25.5556735],[-57.128218,-25.5559762],[-57.1288766,-25.5567001],[-57.1294414,-25.5570216],[-57.1298707,-25.5571626],[-57.1306794,-25.5571025],[-57.1313921,-25.5572435],[-57.1316563,-25.5572208],[-57.1318298,-25.5572059],[-57.1323258,-25.557016],[-57.1326405,-25.5568825],[-57.1334074,-25.5568938],[-57.1342515,-25.5570555],[-57.1346808,-25.5570555],[-57.1351352,-25.55711],[-57.1355186,-25.5571833],[-57.1363356,-25.5574465],[-57.1367795,-25.5575406],[-57.1368441,-25.5575406],[-57.1377132,-25.557251],[-57.1380446,-25.557219],[-57.1383738,-25.5572435],[-57.1385114,-25.5572698],[-57.1388282,-25.5573789],[-57.1400891,-25.5580407],[-57.140806,-25.5583556]]},"properties":{"waterway":"stream"}},{"type":"Feature","geometry":{"type":"LineString","coordinates":[[-57.1123664,-25.5578142],[-57.1126222,-25.5578332],[-57.1132,-25.5580232],[-57.1135039,-25.5582078],[-57.1138921,-25.5586286],[-57.1142201,-25.5589218],[-57.1147468,-25.5590331],[-57.1152975,-25.5591173],[-57.1154539,-25.5592232],[-57.1155533,-25.5594811],[-57.1155653,-25.5595598],[-57.1156452,-25.5598225],[-57.1158798,-25.5599793],[-57.116204,-25.5602882],[-57.1164387,-25.5607116],[-57.1167907,-25.5609726],[-57.1173773,-25.5611843],[-57.1179639,-25.5614721],[-57.11866,-25.5614383],[-57.1199739,-25.5612549],[-57.1211002,-25.5613184],[-57.1217103,-25.5614948],[-57.1222813,-25.5615371],[-57.1230712,-25.5613678],[-57.1236004,-25.56112],[-57.1244869,-25.5607257],[-57.1257227,-25.5605352],[-57.126364,-25.560387],[-57.1270601,-25.5602953],[-57.1274903,-25.5601259],[-57.1279205,-25.5598437],[-57.1283907,-25.5593953],[-57.1285149,-25.5592722],[-57.1285791,-25.5591951],[-57.1287114,-25.5591061],[-57.1291397,-25.5589113],[-57.1294887,-25.5587247],[-57.1299691,-25.5586273],[-57.1302498,-25.558525],[-57.1305611,-25.5583513],[-57.1310163,-25.558176],[-57.1312808,-25.5579049],[-57.1313924,-25.5577459],[-57.1316563,-25.5572208]]},"properties":{"waterway":"stream"}},{"type":"Feature","geometry":{"type":"LineString","coordinates":[[-57.1121195,-25.5559404],[-57.1129634,-25.5562862],[-57.1135931,-25.5570881],[-57.1141581,-25.5577163],[-57.1149174,-25.5582876],[-57.1152975,-25.5591173]]},"properties":{"waterway":"stream"}},{"type":"Feature","geometry":{"type":"LineString","coordinates":[[-57.1244862,-25.5579249],[-57.1260259,-25.5588932],[-57.1262232,-25.5590485],[-57.1266077,-25.5596292],[-57.1270601,-25.5602953]]},"properties":{"waterway":"stream"}},{"type":"Feature","geometry":{"type":"LineString","coordinates":[[-57.0838214,-25.6899741],[-57.0837844,-25.6899117],[-57.0837644,-25.6898506],[-57.0838291,-25.6895854],[-57.0838722,-25.6894924],[-57.0838815,-25.6894272],[-57.0838984,-25.6892162]]},"properties":{"waterway":"tidal_channel"}},{"type":"Feature","geometry":{"type":"LineString","coordinates":[[-57.0838784,-25.6904461],[-57.083906,-25.6903369],[-57.0839169,-25.6902351],[-57.0839123,-25.6901268],[-57.0838738,-25.6900324]]},"properties":{"waterway":"tidal_channel"}},{"type":"Feature","geometry":{"type":"LineString","coordinates":[[-57.0838738,-25.6900324],[-57.0838214,-25.6899741]]},"properties":{"layer":"-1","tunnel":"culvert","waterway":"tidal_channel"}},{"type":"Feature","geometry":{"type":"LineString","coordinates":[[-57.0783336,-25.6944753],[-57.0784165,-25.6944168],[-57.0785345,-25.694279],[-57.0785935,-25.6942283],[-57.0787008,-25.6941534],[-57.0787866,-25.6940132],[-57.0787812,-25.6938851],[-57.0788161,-25.6937328],[-57.0789314,-25.693537],[-57.0783494,-25.6919104],[-57.0783682,-25.6917823],[-57.0784379,-25.6916542],[-57.0784996,-25.6914801],[-57.0785264,-25.6913279],[-57.0784781,-25.6911683],[-57.0783735,-25.6910088]]},"properties":{"waterway":"tidal_channel"}},{"type":"Feature","geometry":{"type":"LineString","coordinates":[[-57.0770834,-25.6953546],[-57.0772497,-25.6953353],[-57.0773141,-25.6952966],[-57.0773194,-25.6951951],[-57.0773489,-25.6951032],[-57.077424,-25.6950235],[-57.0774938,-25.6949679],[-57.0775692,-25.6948858],[-57.0777298,-25.6946996],[-57.0779793,-25.6946368],[-57.0781938,-25.6945739],[-57.0782539,-25.6945316]]},"properties":{"waterway":"tidal_channel"}},{"type":"Feature","geometry":{"type":"LineString","coordinates":[[-57.0782539,-25.6945316],[-57.0783336,-25.6944753]]},"properties":{"layer":"-1","tunnel":"culvert","waterway":"tidal_channel"}},{"type":"Feature","geometry":{"type":"LineString","coordinates":[[-57.0958965,-25.6901507],[-57.0963799,-25.6911586],[-57.096555,-25.6914385],[-57.0968866,-25.6917751],[-57.0978805,-25.692913],[-57.0989999,-25.6941945],[-57.1001416,-25.6955016],[-57.101183,-25.6969365],[-57.101664,-25.6978497],[-57.101748,-25.6979212],[-57.1018274,-25.6979402],[-57.1019325,-25.6979402],[-57.1020026,-25.697917],[-57.1021777,-25.6978034],[-57.1034199,-25.6964736]]},"properties":{"waterway":"ditch"}},{"type":"Feature","geometry":{"type":"LineString","coordinates":[[-57.1034199,-25.6964736],[-57.1037775,-25.696177],[-57.1042163,-25.6958262],[-57.104641,-25.6956986],[-57.1051507,-25.6957114],[-57.1054763,-25.6956348],[-57.1058514,-25.6956221],[-57.1061416,-25.695807],[-57.1061983,-25.6960558],[-57.1063681,-25.6962535],[-57.1067433,-25.6963811],[-57.1070689,-25.6964066]]},"properties":{"waterway":"tidal_channel"}},{"type":"Feature","geometry":{"type":"LineString","coordinates":[[-57.081937,-25.6809447],[-57.0826526,-25.6802576],[-57.0827519,-25.6801619],[-57.0828523,-25.6800251],[-57.0829749,-25.6798536],[-57.0830075,-25.6797968],[-57.0830216,-25.6797389],[-57.0830134,-25.6796863],[-57.0829608,-25.6796126],[-57.0828266,-25.6795127],[-57.0827577,-25.6794643],[-57.082732,-25.6794348],[-57.0827052,-25.6793875],[-57.0826982,-25.679338],[-57.082704,-25.6792886],[-57.0827332,-25.679197],[-57.0827822,-25.6791034],[-57.0828581,-25.6789887],[-57.0829188,-25.6789129],[-57.0829702,-25.6788971],[-57.0830566,-25.678894],[-57.0831488,-25.6789056],[-57.0833625,-25.6789498],[-57.0859044,-25.6795087]]},"properties":{"waterway":"ditch"}},{"type":"Feature","geometry":{"type":"LineString","coordinates":[[-57.0829188,-25.6789129],[-57.0834801,-25.6780965],[-57.0844801,-25.6783111],[-57.0852056,-25.6785072]]},"properties":{"waterway":"ditch"}},{"type":"Feature","geometry":{"type":"LineString","coordinates":[[-57.1020836,-25.6884636],[-57.1020979,-25.6884271],[-57.1021056,-25.6883563],[-57.1021642,-25.6881286],[-57.1021903,-25.6879634],[-57.1022119,-25.6878246],[-57.1022212,-25.6877038],[-57.1022212,-25.6875928],[-57.1021996,-25.6874859],[-57.1021626,-25.6874109],[-57.1021179,-25.6873582],[-57.102101,-25.6872971],[-57.1021072,-25.6872554],[-57.1021457,-25.6871971],[-57.1022273,-25.6870777],[-57.1022705,-25.6870097],[-57.1022782,-25.6869306],[-57.1022566,-25.6867529],[-57.1020502,-25.684937],[-57.1018427,-25.6831211],[-57.1017389,-25.6822127],[-57.1016333,-25.6812879],[-57.101522,-25.6803141],[-57.1014129,-25.6793588],[-57.1013056,-25.6784196],[-57.1012121,-25.677601],[-57.101132,-25.6768998],[-57.1011181,-25.6767804],[-57.1010796,-25.6767137],[-57.1010118,-25.6766874],[-57.095238,-25.67536]]},"properties":{"intermittent":"no","waterway":"ditch"}},{"type":"Feature","geometry":{"type":"LineString","coordinates":[[-57.101522,-25.6803141],[-57.0979257,-25.6795223],[-57.0975776,-25.6794556],[-57.0974512,-25.6794529],[-57.0974143,-25.679489],[-57.0972787,-25.679986],[-57.097137,-25.6804886],[-57.0970261,-25.6807885],[-57.0969614,-25.6808912],[-57.0969275,-25.6809689],[-57.0969151,-25.6810606],[-57.0969059,-25.6811522]]},"properties":{"waterway":"ditch"}},{"type":"Feature","geometry":{"type":"LineString","coordinates":[[-57.0969059,-25.6811522],[-57.0969891,-25.6811828],[-57.0976684,-25.6811981],[-57.1016333,-25.6812879]]},"properties":{"waterway":"ditch"}},{"type":"Feature","geometry":{"type":"LineString","coordinates":[[-57.1017389,-25.6822127],[-57.1005015,-25.6822018],[-57.0998884,-25.6822157],[-57.0975899,-25.6821713]]},"properties":{"waterway":"ditch"}},{"type":"Feature","geometry":{"type":"LineString","coordinates":[[-57.1018427,-25.6831211],[-57.0996727,-25.6831931],[-57.0982862,-25.6832292],[-57.0982492,-25.6832097],[-57.098203,-25.6831209],[-57.0981568,-25.6828043],[-57.0981044,-25.6826488],[-57.0980336,-25.6825544],[-57.0979257,-25.6825461],[-57.0977439,-25.6825267],[-57.0976176,-25.6824711],[-57.0975776,-25.6823295],[-57.0975899,-25.6821713],[-57.0975406,-25.6820352],[-57.0975252,-25.6818658],[-57.0975468,-25.6817881],[-57.0975745,-25.6817409],[-57.0976885,-25.6817075],[-57.0977809,-25.6816826],[-57.0978241,-25.681627],[-57.0978487,-25.6815632],[-57.0978302,-25.6815021],[-57.0977797,-25.6814491],[-57.0977113,-25.6814152],[-57.0976751,-25.6813621],[-57.0976724,-25.6812823],[-57.0976684,-25.6811981]]},"properties":{"waterway":"ditch"}},{"type":"Feature","geometry":{"type":"LineString","coordinates":[[-57.0864213,-25.6788788],[-57.0859044,-25.6795087],[-57.0853383,-25.6802743],[-57.0848216,-25.680984]]},"properties":{"waterway":"ditch"}},{"type":"Feature","geometry":{"type":"LineString","coordinates":[[-57.0872672,-25.6779794],[-57.0867098,-25.6787481],[-57.0900366,-25.6795184],[-57.0927299,-25.6801467],[-57.0928857,-25.6801595],[-57.0929972,-25.6801324],[-57.093114,-25.6800558],[-57.0932431,-25.679941],[-57.0933334,-25.6798947],[-57.0934307,-25.6798708],[-57.0935351,-25.6798549],[-57.0936466,-25.6798628],[-57.0937439,-25.6798915],[-57.0938501,-25.6799187]]},"properties":{"waterway":"ditch"}},{"type":"Feature","geometry":{"type":"LineString","coordinates":[[-57.0864691,-25.6787927],[-57.0852056,-25.6785072],[-57.0851773,-25.6783797],[-57.0838519,-25.6780623],[-57.0837315,-25.6778215],[-57.0837298,-25.6777832],[-57.0837475,-25.6777465],[-57.0841102,-25.677233],[-57.0852959,-25.67752],[-57.0872672,-25.6779794],[-57.0881591,-25.6781771],[-57.0902631,-25.678654]]},"properties":{"waterway":"ditch"}},{"type":"Feature","geometry":{"type":"LineString","coordinates":[[-57.0841102,-25.677233],[-57.0846793,-25.6764481],[-57.0855514,-25.6766002],[-57.0863096,-25.6767706],[-57.0876105,-25.6770637],[-57.0910194,-25.6778588],[-57.094841,-25.678718]]},"properties":{"waterway":"ditch"}},{"type":"Feature","geometry":{"type":"LineString","coordinates":[[-57.0846793,-25.6764481],[-57.0851835,-25.675763],[-57.0853379,-25.6758161],[-57.0875374,-25.6763327],[-57.0913487,-25.6772047],[-57.0951317,-25.6780768]]},"properties":{"waterway":"ditch"}},{"type":"Feature","geometry":{"type":"LineString","coordinates":[[-57.1014129,-25.6793588],[-57.1011736,-25.6793227],[-57.0977995,-25.6785378],[-57.0977154,-25.6784852],[-57.0976594,-25.6784683],[-57.0975566,-25.6784662],[-57.0970383,-25.6783568],[-57.0955625,-25.6780117]]},"properties":{"waterway":"ditch"}},{"type":"Feature","geometry":{"type":"LineString","coordinates":[[-57.1013056,-25.6784196],[-57.0973652,-25.6775361],[-57.0955229,-25.6771278]]},"properties":{"waterway":"ditch"}},{"type":"Feature","geometry":{"type":"LineString","coordinates":[[-57.1012121,-25.677601],[-57.1008513,-25.6775466],[-57.0956349,-25.6763155]]},"properties":{"waterway":"ditch"}},{"type":"Feature","geometry":{"type":"LineString","coordinates":[[-57.0813145,-25.6659761],[-57.0813145,-25.666119],[-57.0812982,-25.6662253],[-57.0812819,-25.6663169],[-57.0812372,-25.6664085],[-57.0812047,-25.6665074],[-57.0811396,-25.6665881],[-57.0810746,-25.666676],[-57.0810177,-25.6668006],[-57.0809567,-25.6670974],[-57.0809404,-25.6672037],[-57.0808876,-25.6672953],[-57.0808266,-25.6673869],[-57.0808063,-25.6674602],[-57.0808144,-25.6675738],[-57.0808225,-25.6677496],[-57.0807616,-25.6679842],[-57.0805501,-25.6683359],[-57.080355,-25.6687756],[-57.0802859,-25.6690248],[-57.0803672,-25.6693546],[-57.0803306,-25.6694499],[-57.0803022,-25.6695268],[-57.0803103,-25.6696147],[-57.0803387,-25.669699],[-57.0803753,-25.6697723],[-57.0803591,-25.6698383],[-57.0804079,-25.6699115],[-57.0805136,-25.6699958],[-57.0805827,-25.6700874],[-57.0806396,-25.6701424],[-57.0806193,-25.6702193],[-57.0806193,-25.6703366],[-57.0806355,-25.6704245],[-57.0806884,-25.6705418],[-57.0807006,-25.6706627],[-57.080725,-25.6707983],[-57.0807575,-25.6709558],[-57.0808347,-25.6710291],[-57.0809242,-25.6710804],[-57.0809201,-25.6711537],[-57.080916,-25.671227],[-57.080973,-25.6713039],[-57.0810461,-25.6713699],[-57.0811315,-25.6714029],[-57.0812331,-25.6714432],[-57.0813267,-25.6715165],[-57.0813348,-25.6716191],[-57.0813145,-25.671751],[-57.0813185,-25.6718316],[-57.0813592,-25.6718902],[-57.0813958,-25.6720441],[-57.0814771,-25.672242],[-57.0814933,-25.6723959],[-57.0814649,-25.6724801],[-57.0813795,-25.6725608],[-57.0812535,-25.6726707],[-57.0811559,-25.6727989],[-57.0811152,-25.6729345],[-57.0811152,-25.6730774],[-57.0811518,-25.673213],[-57.0811559,-25.6734145],[-57.0811396,-25.6735317],[-57.0810583,-25.6736087],[-57.0809689,-25.67366],[-57.0809038,-25.6737369],[-57.0808551,-25.6738872],[-57.0807819,-25.6740704],[-57.0806437,-25.6742059],[-57.0805623,-25.6743195],[-57.0805136,-25.6744478],[-57.0805217,-25.6745833],[-57.0805014,-25.6747006],[-57.080416,-25.6747702],[-57.0802615,-25.6748105],[-57.0801802,-25.6749204],[-57.0802127,-25.6751476],[-57.0796752,-25.6755786]]},"properties":{"intermittent":"yes","waterway":"stream"}},{"type":"Feature","geometry":{"type":"LineString","coordinates":[[-57.0798796,-25.6665085],[-57.0799664,-25.6665244],[-57.0799982,-25.6665723],[-57.0800301,-25.6666472],[-57.0800354,-25.6666935],[-57.0800601,-25.6667382],[-57.080092,-25.666778],[-57.0800991,-25.6668753],[-57.0800938,-25.6669519],[-57.0800743,-25.6670364],[-57.0800796,-25.6670906],[-57.0801185,-25.6671927],[-57.0801239,-25.6672677],[-57.0801451,-25.6673538],[-57.0801522,-25.6674511],[-57.0801416,-25.6675069],[-57.0801469,-25.6675915],[-57.0801522,-25.6676569],[-57.0801345,-25.6677223],[-57.0800832,-25.6678211],[-57.0800548,-25.6679232],[-57.0800548,-25.6680253],[-57.0800725,-25.6681689],[-57.0800601,-25.6682374],[-57.080023,-25.6683283],[-57.0800389,-25.6684384],[-57.0800531,-25.6685197],[-57.080092,-25.6685867],[-57.0800955,-25.6686745],[-57.080115,-25.6687797],[-57.0801964,-25.6688993],[-57.0802859,-25.6690248]]},"properties":{"intermittent":"yes","waterway":"stream"}},{"type":"Feature","geometry":{"type":"LineString","coordinates":[[-57.0304116,-25.6613486],[-57.0303674,-25.6613655],[-57.0303271,-25.6613667],[-57.0302829,-25.6612845],[-57.0301944,-25.6611165],[-57.0300442,-25.6608457],[-57.0299557,-25.6606862],[-57.0298967,-25.6605568],[-57.0298484,-25.6604698],[-57.0297786,-25.6603694],[-57.0297644,-25.6603506],[-57.0296794,-25.6602377],[-57.0295761,-25.6601301]]},"properties":{"waterway":"ditch"}},{"type":"Feature","geometry":{"type":"LineString","coordinates":[[-57.0303271,-25.6613667],[-57.0302413,-25.6613752],[-57.0301919,-25.6613746],[-57.0301394,-25.661374],[-57.0300777,-25.6613595],[-57.0300442,-25.6613329],[-57.0300227,-25.661287],[-57.0299932,-25.6612072],[-57.0299557,-25.6611346],[-57.0299087,-25.6610669],[-57.0298953,-25.6609763],[-57.0298926,-25.6608747],[-57.0298819,-25.6607406],[-57.0298376,-25.6606028],[-57.0297652,-25.6604722],[-57.0297585,-25.6604275],[-57.0297644,-25.6603506]]},"properties":{"waterway":"ditch"}},{"type":"Feature","geometry":{"type":"LineString","coordinates":[[-57.0297263,-25.6600527],[-57.0295761,-25.6601301],[-57.0293803,-25.6602546],[-57.0291269,-25.6604371],[-57.028699,-25.6607647],[-57.0280446,-25.6612555],[-57.0279333,-25.6613413],[-57.027822,-25.6614368],[-57.0276382,-25.6616049],[-57.0272418,-25.6619841],[-57.0272088,-25.6620157]]},"properties":{"waterway":"ditch"}},{"type":"Feature","geometry":{"type":"LineString","coordinates":[[-57.0323985,-25.6601638],[-57.0321861,-25.6603536],[-57.0319331,-25.6605514],[-57.0318163,-25.6606376],[-57.0316712,-25.6607524],[-57.0315579,-25.6608242],[-57.0314518,-25.6608609],[-57.0313367,-25.6608864],[-57.031204,-25.6609087],[-57.0310589,-25.6609518],[-57.0309156,-25.6610236],[-57.0306785,-25.6611703]]},"properties":{"waterway":"ditch"}},{"type":"Feature","geometry":{"type":"LineString","coordinates":[[-57.0306785,-25.6611703],[-57.0305248,-25.661273],[-57.0304116,-25.6613486]]},"properties":{"layer":"-1","tunnel":"culvert","waterway":"ditch"}},{"type":"Feature","geometry":{"type":"LineString","coordinates":[[-57.0296711,-25.6652206],[-57.0292554,-25.664742],[-57.0276541,-25.6626193],[-57.0272088,-25.6620157],[-57.0269353,-25.661645],[-57.0268977,-25.6615241],[-57.026828,-25.6611518],[-57.0264525,-25.6589154],[-57.0262647,-25.6577646],[-57.026085,-25.6567733]]},"properties":{"waterway":"ditch"}},{"type":"Feature","geometry":{"type":"LineString","coordinates":[[-57.029081,-25.6586108],[-57.0288542,-25.6585451],[-57.0263505,-25.6578202]]},"properties":{"waterway":"ditch"}},{"type":"Feature","geometry":{"type":"LineString","coordinates":[[-57.0288542,-25.6585451],[-57.0287967,-25.6582239],[-57.0287216,-25.6579507],[-57.0286975,-25.6573802],[-57.0287109,-25.6572883],[-57.0287377,-25.6572109],[-57.0287833,-25.657136],[-57.0291454,-25.6565509],[-57.0294136,-25.6561544],[-57.0295585,-25.6559029],[-57.0293003,-25.6554704],[-57.0292742,-25.6554266],[-57.0293841,-25.6552501]]},"properties":{"waterway":"ditch"}},{"type":"Feature","geometry":{"type":"LineString","coordinates":[[-57.026769,-25.6530547],[-57.0267422,-25.6540799],[-57.0267073,-25.6552211]]},"properties":{"waterway":"ditch"}},{"type":"Feature","geometry":{"type":"LineString","coordinates":[[-57.0255888,-25.6538671],[-57.026769,-25.6530547],[-57.0271579,-25.6527404],[-57.0273456,-25.6525905],[-57.0274878,-25.6524624],[-57.0276326,-25.6522907],[-57.0277319,-25.6521577],[-57.0278767,-25.6520102],[-57.0284024,-25.6515484]]},"properties":{"waterway":"ditch"}},{"type":"Feature","geometry":{"type":"LineString","coordinates":[[-57.032887,-25.6629293],[-57.0320337,-25.6625542],[-57.0318128,-25.6624571]]},"properties":{"waterway":"ditch"}},{"type":"Feature","geometry":{"type":"LineString","coordinates":[[-57.0279182,-25.6918305],[-57.0279853,-25.6918598],[-57.0280321,-25.6918616],[-57.0280951,-25.6918616],[-57.0281398,-25.6918397],[-57.0281865,-25.6917994],[-57.028217,-25.6917609],[-57.0282638,-25.6917334],[-57.0282983,-25.6916803],[-57.0283268,-25.6916583],[-57.0283532,-25.6916107],[-57.0283878,-25.6915612],[-57.0284732,-25.6915374],[-57.0285443,-25.6915411],[-57.0286358,-25.6915411],[-57.0287029,-25.6915301],[-57.0287801,-25.6915356],[-57.0288289,-25.6915063],[-57.0288573,-25.6914623],[-57.0288899,-25.6914239],[-57.028959,-25.6913781]]},"properties":{"intermittent":"yes","waterway":"stream"}},{"type":"Feature","geometry":{"type":"LineString","coordinates":[[-57.0312648,-25.6913574],[-57.0312343,-25.6914106],[-57.031155,-25.6915003],[-57.0310615,-25.6915626],[-57.0309924,-25.6916175],[-57.0309416,-25.691645],[-57.0309253,-25.6916945],[-57.0308887,-25.6917659],[-57.0308318,-25.6918355],[-57.0307261,-25.6918978],[-57.0306488,-25.6919198],[-57.0305838,-25.6919583],[-57.0305228,-25.6919912],[-57.0304801,-25.6920389],[-57.0304334,-25.6920846],[-57.0303419,-25.692092],[-57.030283,-25.692103],[-57.0302382,-25.6921323],[-57.0301854,-25.6921762],[-57.0301346,-25.6922055],[-57.0301142,-25.6922422],[-57.030098,-25.6923081],[-57.0300431,-25.6923704],[-57.0300024,-25.6924309],[-57.0299394,-25.6925389],[-57.0299089,-25.6926104],[-57.0298683,-25.6926562],[-57.0297829,-25.6927294],[-57.0297443,-25.6927734],[-57.0297544,-25.6928265],[-57.0297036,-25.692898],[-57.0296853,-25.6929401],[-57.0296589,-25.6929602],[-57.029667,-25.6930115],[-57.0296528,-25.6930555],[-57.0296589,-25.6931141],[-57.0297016,-25.6931654],[-57.0297118,-25.6932258],[-57.0297118,-25.6932826],[-57.0297036,-25.6933449],[-57.0297158,-25.6934182],[-57.0297443,-25.6935262],[-57.0297422,-25.6935739],[-57.0296996,-25.6937277],[-57.0296569,-25.693823],[-57.0295552,-25.6939274],[-57.0295024,-25.6940062],[-57.0294414,-25.6940703],[-57.0294028,-25.6941472],[-57.0293723,-25.6942205],[-57.0293235,-25.6942663],[-57.0292625,-25.6942956],[-57.0292158,-25.6943322],[-57.0291786,-25.6943836],[-57.0291548,-25.6944165],[-57.029108,-25.69453]]},"properties":{"intermittent":"yes","waterway":"stream"}},{"type":"Feature","geometry":{"type":"LineString","coordinates":[[-57.0300594,-25.6912585],[-57.0300472,-25.6913208],[-57.0300187,-25.6914032],[-57.0300329,-25.6914618],[-57.0300451,-25.6915058],[-57.0300451,-25.6915388],[-57.0300248,-25.6915882],[-57.0300106,-25.691623],[-57.0300126,-25.6916725],[-57.0300004,-25.6917238],[-57.029976,-25.6917696],[-57.0299536,-25.691808],[-57.0299557,-25.6918575],[-57.0299984,-25.691907],[-57.0300004,-25.6919509],[-57.0300268,-25.692004],[-57.0300451,-25.6920627],[-57.0300533,-25.6921213],[-57.0300573,-25.6921707],[-57.0300675,-25.6922184],[-57.0301142,-25.6922422]]},"properties":{"intermittent":"yes","waterway":"stream"}},{"type":"Feature","geometry":{"type":"LineString","coordinates":[[-57.0316891,-25.6853993],[-57.0318185,-25.685205],[-57.0318924,-25.6850689],[-57.0319294,-25.6849745],[-57.0319879,-25.6848884],[-57.0320619,-25.6847357],[-57.0321235,-25.6846052],[-57.032179,-25.684508],[-57.0323299,-25.6842942],[-57.0324008,-25.6841471],[-57.0324532,-25.6840638],[-57.0325055,-25.684011],[-57.0325518,-25.6839277],[-57.0325579,-25.6838222],[-57.0325641,-25.6837223]]},"properties":{"intermittent":"yes","waterway":"stream"}},{"type":"Feature","geometry":{"type":"LineString","coordinates":[[-57.0385242,-25.6891688],[-57.0386628,-25.6892799],[-57.0387814,-25.6893826],[-57.0389047,-25.6894826],[-57.0390371,-25.6895589],[-57.0391635,-25.6896547],[-57.0392621,-25.6897199],[-57.0393144,-25.6898019],[-57.0393791,-25.6898935],[-57.0394485,-25.6899601],[-57.0395394,-25.689999],[-57.0397196,-25.6900615],[-57.0398321,-25.6901295],[-57.0399461,-25.6901878],[-57.0400616,-25.6902253],[-57.0401617,-25.6902766],[-57.0403296,-25.6903627],[-57.0404513,-25.6903974],[-57.0405931,-25.6903919],[-57.0407517,-25.6903558],[-57.0414743,-25.6900073],[-57.0438621,-25.6889037],[-57.0438775,-25.6888217],[-57.043899,-25.6887537],[-57.0439453,-25.6886843],[-57.0439838,-25.6885927],[-57.0439837,-25.6885549]]},"properties":{"intermittent":"yes","waterway":"stream"}},{"type":"Feature","geometry":{"type":"LineString","coordinates":[[-57.0302028,-25.6517186],[-57.0297945,-25.6513409],[-57.0296774,-25.6512617],[-57.0292553,-25.6509881],[-57.0286545,-25.6505271],[-57.0283156,-25.6506659],[-57.028294,-25.650702],[-57.0282863,-25.6507548],[-57.0283086,-25.6508412],[-57.0284758,-25.6514881]]},"properties":{"intermittent":"no","waterway":"ditch"}},{"type":"Feature","geometry":{"type":"LineString","coordinates":[[-57.0292831,-25.6475649],[-57.0293342,-25.6479127],[-57.0293616,-25.6480996],[-57.0293709,-25.648812],[-57.0293524,-25.6494369],[-57.0293524,-25.6498119],[-57.0293046,-25.6505282],[-57.0292921,-25.6507157],[-57.02928,-25.6508965],[-57.0292553,-25.6509881]]},"properties":{"waterway":"ditch"}},{"type":"Feature","geometry":{"type":"LineString","coordinates":[[-57.0286545,-25.6505271],[-57.0286299,-25.6504146],[-57.0283218,-25.6499577],[-57.0281061,-25.6497591],[-57.0279829,-25.6496938],[-57.0279613,-25.6497022],[-57.0279505,-25.6497107],[-57.027855,-25.6497855],[-57.027761,-25.6498272],[-57.0276609,-25.6498522],[-57.0275577,-25.6498633],[-57.0274575,-25.6498744],[-57.027421,-25.6498822],[-57.0273944,-25.6498883],[-57.0273266,-25.6499202],[-57.0272619,-25.6499674],[-57.0272034,-25.6500257],[-57.0271525,-25.6500924],[-57.0271504,-25.6500963],[-57.0271017,-25.6501896],[-57.0270913,-25.6502289],[-57.0270755,-25.6502938],[-57.0270478,-25.650516],[-57.0270539,-25.6506382]]},"properties":{"waterway":"ditch"}},{"type":"Feature","geometry":{"type":"LineString","coordinates":[[-57.0213521,-25.6495121],[-57.0215453,-25.6495084],[-57.0218423,-25.6495026],[-57.0234951,-25.6495743],[-57.0238721,-25.6495935],[-57.0239074,-25.6497131],[-57.0239181,-25.6498264],[-57.0239234,-25.6499572],[-57.0239128,-25.6500992],[-57.0239004,-25.6503943],[-57.0239163,-25.6506256],[-57.0239552,-25.6508569]]},"properties":{"waterway":"ditch"}},{"type":"Feature","geometry":{"type":"LineString","coordinates":[[-57.0225069,-25.654503],[-57.0223293,-25.6543058],[-57.021832,-25.6536925],[-57.0215236,-25.6532857],[-57.02141,-25.6531358]]},"properties":{"waterway":"ditch"}},{"type":"Feature","geometry":{"type":"LineString","coordinates":[[-57.0210941,-25.6536972],[-57.0210971,-25.6536208],[-57.0211295,-25.6535236],[-57.0212057,-25.6534292],[-57.0212851,-25.6533535],[-57.0213536,-25.6532973],[-57.0213829,-25.6532327],[-57.02141,-25.6531358],[-57.0215333,-25.6528247],[-57.0215762,-25.6526579],[-57.0216338,-25.6525382],[-57.0216942,-25.6524125],[-57.0217197,-25.6522662],[-57.021725,-25.6520969],[-57.0216794,-25.6519821],[-57.0216258,-25.6519023],[-57.0216164,-25.6518588],[-57.0216526,-25.6517923],[-57.0217331,-25.6517524],[-57.0217894,-25.651698],[-57.0218444,-25.6516001],[-57.021839,-25.6515336],[-57.0217881,-25.6514647],[-57.0217881,-25.6513776],[-57.0218015,-25.6512773],[-57.0218149,-25.651183],[-57.0219047,-25.6511274],[-57.0219946,-25.65105],[-57.0220187,-25.650969],[-57.0219892,-25.6508699],[-57.0218189,-25.6507514],[-57.0216982,-25.6506486],[-57.0215386,-25.6504214],[-57.0214045,-25.6500817],[-57.0213764,-25.6499076],[-57.0213589,-25.6497214],[-57.0213521,-25.6495121],[-57.0213549,-25.6493986],[-57.0213857,-25.6492837],[-57.0213777,-25.6492003],[-57.0212771,-25.6490673],[-57.021206,-25.6489452],[-57.0211309,-25.6489053],[-57.0210625,-25.6488582],[-57.0210679,-25.6487748],[-57.0211819,-25.6487155],[-57.0213187,-25.6486636],[-57.0214126,-25.6485366],[-57.0214729,-25.6483698],[-57.0215266,-25.6481763],[-57.0215614,-25.6480579],[-57.0216701,-25.647833],[-57.0217277,-25.6477085],[-57.0217197,-25.6475682],[-57.0216888,-25.6473893]]},"properties":{"waterway":"stream"}},{"type":"Feature","geometry":{"type":"LineString","coordinates":[[-57.0216888,-25.6473893],[-57.0218726,-25.6473042],[-57.0221649,-25.6471737],[-57.0226826,-25.6469754],[-57.0230608,-25.6468376]]},"properties":{"waterway":"ditch"}},{"type":"Feature","geometry":{"type":"LineString","coordinates":[[-57.0235336,-25.6574898],[-57.0233727,-25.6573568],[-57.0231259,-25.6572226],[-57.0229838,-25.6571803],[-57.0228805,-25.6568152],[-57.0223481,-25.6562447],[-57.0215863,-25.6562289],[-57.0205456,-25.6565614]]},"properties":{"waterway":"ditch"}},{"type":"Feature","geometry":{"type":"LineString","coordinates":[[-57.0229838,-25.6571803],[-57.0217636,-25.657249],[-57.0217079,-25.6572653],[-57.0208168,-25.6576811]]},"properties":{"waterway":"ditch"}},{"type":"Feature","geometry":{"type":"LineString","coordinates":[[-57.0208168,-25.6576811],[-57.0199358,-25.655228]]},"properties":{"waterway":"ditch"}},{"type":"Feature","geometry":{"type":"LineString","coordinates":[[-57.0208168,-25.6576811],[-57.021062,-25.6583371]]},"properties":{"waterway":"ditch"}},{"type":"Feature","geometry":{"type":"LineString","coordinates":[[-57.0222469,-25.6656954],[-57.0221889,-25.6656652],[-57.0220822,-25.6656505],[-57.0220283,-25.6656102],[-57.0220141,-25.6655534],[-57.0219812,-25.665517],[-57.0219297,-25.6654838],[-57.0218495,-25.665449],[-57.0217915,-25.6653995]]},"properties":{"waterway":"stream"}},{"type":"Feature","geometry":{"type":"LineString","coordinates":[[-57.0262501,-25.6635444],[-57.0263102,-25.6633435],[-57.0263244,-25.6630595],[-57.0263916,-25.6627948],[-57.0264872,-25.6626289],[-57.0264943,-25.6624789],[-57.0264447,-25.6623482],[-57.0263562,-25.6622875],[-57.0262359,-25.6622429],[-57.026112,-25.6622269],[-57.0260519,-25.662144],[-57.0260377,-25.6620004],[-57.0260448,-25.6617388],[-57.0260625,-25.66149],[-57.026066,-25.661187],[-57.0258961,-25.6609605],[-57.0258643,-25.6608137],[-57.0258431,-25.6606574],[-57.02579,-25.6605362],[-57.0258926,-25.6603735],[-57.0259174,-25.6601438],[-57.0257652,-25.6601055],[-57.0256307,-25.6600736],[-57.0254927,-25.6599875],[-57.0253688,-25.6598822],[-57.0252485,-25.6598248],[-57.0251352,-25.6597195],[-57.0251034,-25.6595983],[-57.0250397,-25.6594547],[-57.0249512,-25.6593718],[-57.0248733,-25.6593367],[-57.0246504,-25.6592537],[-57.0244734,-25.6591899],[-57.024254,-25.6591261],[-57.0240275,-25.6590049],[-57.0238788,-25.6588645],[-57.0237939,-25.6587529],[-57.0237054,-25.6586029],[-57.0236877,-25.6585136],[-57.0236742,-25.6583223],[-57.0236548,-25.6582728],[-57.0236477,-25.6581468],[-57.0236229,-25.6579506],[-57.0236707,-25.6578405],[-57.0236866,-25.6577002],[-57.0236636,-25.6575534],[-57.0235336,-25.6574898]]},"properties":{"waterway":"stream"}},{"type":"Feature","geometry":{"type":"LineString","coordinates":[[-57.0235336,-25.6574898],[-57.0235168,-25.6574312],[-57.0235383,-25.6573451],[-57.0236647,-25.6573035],[-57.0237972,-25.6572674],[-57.0238957,-25.6571729],[-57.0239081,-25.6570396],[-57.023831,-25.6569258],[-57.023754,-25.6567897],[-57.0237263,-25.6566453],[-57.0237324,-25.6565397],[-57.0238126,-25.6563842],[-57.0238341,-25.6561953],[-57.0238557,-25.6561398],[-57.0238773,-25.6559982],[-57.0238095,-25.6559121],[-57.0236908,-25.6558431],[-57.0235869,-25.6557842],[-57.0233978,-25.6556074],[-57.0233009,-25.655499],[-57.0232542,-25.6554148],[-57.0231888,-25.6553232],[-57.0230195,-25.655138],[-57.0229168,-25.6550454],[-57.022751,-25.6549507],[-57.0226973,-25.6548539],[-57.0226809,-25.6547539],[-57.0226084,-25.6546216]]},"properties":{"waterway":"stream"}},{"type":"Feature","geometry":{"type":"LineString","coordinates":[[-57.0282911,-25.6658537],[-57.0280833,-25.6658264],[-57.0279292,-25.6658601],[-57.0278311,-25.6660011],[-57.0277144,-25.6660558],[-57.0274949,-25.66606],[-57.0273034,-25.6659127],[-57.0270115,-25.6657738],[-57.0267383,-25.665759],[-57.0265562,-25.6657653],[-57.0263997,-25.6657317],[-57.0262947,-25.6656349],[-57.0262083,-25.6655549],[-57.0260448,-25.6654791],[-57.0260191,-25.6653844],[-57.0260285,-25.6652518],[-57.0259654,-25.6651382],[-57.025879,-25.6651003],[-57.025844,-25.6650982],[-57.0256781,-25.665135]]},"properties":{"waterway":"stream"}},{"type":"Feature","geometry":{"type":"LineString","coordinates":[[-57.0222189,-25.6614287],[-57.0223357,-25.6614329],[-57.0224898,-25.6615087],[-57.0226906,-25.6616181],[-57.0228961,-25.6616855],[-57.0231763,-25.6617528],[-57.0234051,-25.6618244],[-57.0235826,-25.6619591],[-57.0236666,-25.6620938],[-57.0236526,-25.6622537],[-57.0235966,-25.6623969],[-57.0236013,-25.6624895],[-57.0237881,-25.6625863],[-57.0242597,-25.6625863],[-57.0245259,-25.6625147],[-57.0247734,-25.6622495],[-57.0251143,-25.6621359],[-57.0256654,-25.6619633],[-57.0259129,-25.661938],[-57.0260377,-25.6620004]]},"properties":{"waterway":"stream"}},{"type":"Feature","geometry":{"type":"LineString","coordinates":[[-57.0074943,-25.6711258],[-57.0069345,-25.6714027],[-57.0067047,-25.6715729]]},"properties":{"waterway":"stream"}},{"type":"Feature","geometry":{"type":"LineString","coordinates":[[-57.0099015,-25.6668553],[-57.01006,-25.6668535],[-57.0102796,-25.6669469],[-57.0105703,-25.6670019],[-57.0108162,-25.6670422],[-57.0110114,-25.6670165],[-57.0112187,-25.6670165],[-57.0113996,-25.6669872],[-57.0115155,-25.6669524],[-57.011611,-25.6669048],[-57.0117899,-25.6668187],[-57.0120521,-25.6666391]]},"properties":{"waterway":"stream"}},{"type":"Feature","geometry":{"type":"LineString","coordinates":[[-57.0120521,-25.6666391],[-57.0121497,-25.6665585]]},"properties":{"layer":"-1","tunnel":"culvert","waterway":"stream"}},{"type":"Feature","geometry":{"type":"LineString","coordinates":[[-57.0121497,-25.6665585],[-57.0126518,-25.6660858],[-57.0128673,-25.6657707],[-57.0130014,-25.6656681],[-57.0132555,-25.6655801],[-57.0134933,-25.6655288],[-57.0136986,-25.665527],[-57.0138999,-25.6656149],[-57.0140259,-25.6656259],[-57.0141865,-25.6655343],[-57.014339,-25.6654555],[-57.0144812,-25.6654097],[-57.0146479,-25.6653822],[-57.0147821,-25.6653786],[-57.0149081,-25.6653163],[-57.0150545,-25.6652155],[-57.0152618,-25.6651074],[-57.0153655,-25.6649883],[-57.0154712,-25.6648949],[-57.0156257,-25.6648692],[-57.0158025,-25.6648399],[-57.015957,-25.6648381],[-57.0161704,-25.6648014],[-57.0163493,-25.6648271],[-57.0165384,-25.6648656],[-57.016762,-25.6648766],[-57.0169734,-25.6648601],[-57.0171868,-25.6648857],[-57.0174389,-25.6649425],[-57.0175974,-25.664981],[-57.0178109,-25.6649993],[-57.0179918,-25.664981],[-57.0181442,-25.6648582],[-57.018256,-25.6647813],[-57.0184166,-25.6648161],[-57.0185284,-25.6649059],[-57.0186443,-25.6649535],[-57.0188577,-25.6649645],[-57.019002,-25.6649279],[-57.0190834,-25.6648656],[-57.0191952,-25.6648124],[-57.0192948,-25.6647923],[-57.0194432,-25.6647538],[-57.0195773,-25.6647062],[-57.019746,-25.6646127],[-57.0199452,-25.6645999],[-57.0201526,-25.6645999]]},"properties":{"waterway":"stream"}},{"type":"Feature","geometry":{"type":"LineString","coordinates":[[-57.0109545,-25.6639715],[-57.0110317,-25.6639733],[-57.0110561,-25.663933],[-57.0111374,-25.6639293],[-57.0112167,-25.6639348],[-57.0112817,-25.6639531],[-57.0113488,-25.6639806],[-57.0113956,-25.6639898],[-57.0114281,-25.6640063],[-57.0114972,-25.6640191],[-57.01155,-25.6640191],[-57.0116029,-25.6640173],[-57.0117086,-25.6640173],[-57.0117696,-25.6640283],[-57.0117919,-25.6640851],[-57.0118387,-25.664129],[-57.0119586,-25.664239],[-57.0121029,-25.6642518],[-57.0121822,-25.664239],[-57.0123855,-25.6642884],[-57.0124668,-25.6643544],[-57.0125806,-25.6643984],[-57.0126437,-25.6644625],[-57.0127148,-25.6645504],[-57.0127697,-25.6645981],[-57.0128571,-25.6646439],[-57.0129425,-25.6646549],[-57.0129811,-25.6647062],[-57.0130136,-25.6647575],[-57.0130848,-25.6647721],[-57.0131579,-25.6647776],[-57.0132514,-25.6648308],[-57.013284,-25.6649022],[-57.0133368,-25.664948],[-57.0133714,-25.665003],[-57.0133632,-25.6650653],[-57.013351,-25.6651111],[-57.0133836,-25.6651679],[-57.0134649,-25.665254],[-57.0134893,-25.6654079],[-57.0134527,-25.6654812],[-57.0134933,-25.6655288]]},"properties":{"waterway":"stream"}},{"type":"Feature","geometry":{"type":"LineString","coordinates":[[-57.0226084,-25.6546216],[-57.0225069,-25.654503]]},"properties":{"layer":"-1","tunnel":"culvert","waterway":"ditch"}},{"type":"Feature","geometry":{"type":"LineString","coordinates":[[-57.0258916,-25.6470171],[-57.0258942,-25.6469596],[-57.0258986,-25.6469397],[-57.0259331,-25.6469277],[-57.0260154,-25.6469118],[-57.0260667,-25.6468942],[-57.0260951,-25.6468679],[-57.0261048,-25.646832],[-57.0261021,-25.6467778],[-57.0260703,-25.6466214],[-57.0259676,-25.6461086]]},"properties":{"waterway":"ditch"}},{"type":"Feature","geometry":{"type":"LineString","coordinates":[[-57.0264645,-25.6679042],[-57.026869,-25.6692343],[-57.0274721,-25.670986],[-57.027512,-25.6710896]]},"properties":{"waterway":"ditch"}},{"type":"Feature","geometry":{"type":"LineString","coordinates":[[-57.026869,-25.6692343],[-57.026848,-25.6693417],[-57.0267926,-25.6693972],[-57.0260901,-25.6697277],[-57.0228581,-25.6711745]]},"properties":{"waterway":"ditch"}},{"type":"Feature","geometry":{"type":"LineString","coordinates":[[-57.0233266,-25.6682432],[-57.0222939,-25.6690978]]},"properties":{"waterway":"ditch"}},{"type":"Feature","geometry":{"type":"LineString","coordinates":[[-57.0131946,-25.6780162],[-57.0131092,-25.6780289]]},"properties":{"layer":"-1","tunnel":"culvert","waterway":"stream"}},{"type":"Feature","geometry":{"type":"LineString","coordinates":[[-57.0131092,-25.6780289],[-57.0127509,-25.6780457]]},"properties":{"waterway":"stream"}},{"type":"Feature","geometry":{"type":"LineString","coordinates":[[-57.0134222,-25.6778657],[-57.0131946,-25.6780162]]},"properties":{"waterway":"stream"}},{"type":"Feature","geometry":{"type":"LineString","coordinates":[[-57.0253109,-25.6675998],[-57.0251822,-25.6680193],[-57.0249515,-25.6687034],[-57.0248992,-25.6687929],[-57.0248321,-25.6688702],[-57.0246658,-25.6690249],[-57.0243239,-25.669303]]},"properties":{"waterway":"ditch"}},{"type":"Feature","geometry":{"type":"LineString","coordinates":[[-57.0243667,-25.6723556],[-57.0242922,-25.6723203],[-57.024103,-25.6722081],[-57.023681,-25.6719768],[-57.0231713,-25.6719106]]},"properties":{"waterway":"ditch"}},{"type":"Feature","geometry":{"type":"LineString","coordinates":[[-57.0211476,-25.6735514],[-57.021115,-25.6734807],[-57.0206269,-25.6721635],[-57.0203397,-25.6712217]]},"properties":{"waterway":"ditch"}},{"type":"Feature","geometry":{"type":"LineString","coordinates":[[-57.0203696,-25.6737453],[-57.0202344,-25.6736708],[-57.0197688,-25.6733815],[-57.0195053,-25.6732226],[-57.0189245,-25.6732365],[-57.0181705,-25.6731011]]},"properties":{"waterway":"ditch"}},{"type":"Feature","geometry":{"type":"LineString","coordinates":[[-57.0313116,-25.6468336],[-57.0314555,-25.647015]]},"properties":{"waterway":"stream"}},{"type":"Feature","geometry":{"type":"LineString","coordinates":[[-57.0315346,-25.6470947],[-57.0316736,-25.6472515]]},"properties":{"waterway":"stream"}},{"type":"Feature","geometry":{"type":"LineString","coordinates":[[-57.0314555,-25.647015],[-57.0315346,-25.6470947]]},"properties":{"layer":"-1","tunnel":"culvert","waterway":"stream"}},{"type":"Feature","geometry":{"type":"LineString","coordinates":[[-57.0301967,-25.6461955],[-57.0302971,-25.6462797],[-57.0302924,-25.6463408],[-57.0302457,-25.6464523],[-57.0302037,-25.6465807],[-57.0302037,-25.6466986],[-57.03022,-25.6468354],[-57.0303531,-25.6472227]]},"properties":{"waterway":"ditch"}},{"type":"Feature","geometry":{"type":"LineString","coordinates":[[-57.0294545,-25.6472399],[-57.0293669,-25.6473077],[-57.0293164,-25.6473866],[-57.0292925,-25.6474656]]},"properties":{"waterway":"ditch"}},{"type":"Feature","geometry":{"type":"LineString","coordinates":[[-57.0292925,-25.6474656],[-57.0292831,-25.6475649]]},"properties":{"layer":"-1","tunnel":"culvert","waterway":"ditch"}},{"type":"Feature","geometry":{"type":"LineString","coordinates":[[-57.0116715,-25.6548473],[-57.0116701,-25.6549029],[-57.0116567,-25.6549646],[-57.0116299,-25.6550214],[-57.011595,-25.6550686],[-57.0115709,-25.6551205],[-57.01154,-25.6552064],[-57.0115387,-25.655262],[-57.0115655,-25.6554602]]},"properties":{"waterway":"ditch"}},{"type":"Feature","geometry":{"type":"LineString","coordinates":[[-57.0114094,-25.6554128],[-57.0115655,-25.6554602],[-57.0116353,-25.6554893],[-57.0116902,-25.6555316],[-57.0116902,-25.6556234],[-57.011709,-25.6557431],[-57.0117184,-25.6558011],[-57.0117358,-25.655887],[-57.0117157,-25.6559885],[-57.0117278,-25.6560731],[-57.0117881,-25.6561324],[-57.0118793,-25.6561747],[-57.011992,-25.656194],[-57.0120926,-25.6561928],[-57.0121583,-25.6561747],[-57.0122843,-25.6561215],[-57.012346,-25.6561118],[-57.0124386,-25.656217],[-57.0125077,-25.6563145],[-57.0125333,-25.6564387],[-57.012559,-25.6566492],[-57.012573,-25.6566934],[-57.0125975,-25.6567884],[-57.0126767,-25.6569383],[-57.0127142,-25.6569878],[-57.0127451,-25.6571099],[-57.0127451,-25.6572163],[-57.0128617,-25.6572357],[-57.0129999,-25.6572381],[-57.0131394,-25.6572671],[-57.0132426,-25.6573094],[-57.0133003,-25.6574061],[-57.0133714,-25.6574375],[-57.0136195,-25.6577637],[-57.0137611,-25.65777],[-57.013846,-25.657703],[-57.0139947,-25.6577062],[-57.0141486,-25.6577222],[-57.0142548,-25.6577605],[-57.0143822,-25.6578019],[-57.0144742,-25.6577828],[-57.0145733,-25.6577557],[-57.014722,-25.6577397],[-57.0148529,-25.6577477],[-57.0149273,-25.6577605],[-57.0150193,-25.6578035]]},"properties":{"waterway":"stream"}},{"type":"Feature","geometry":{"type":"LineString","coordinates":[[-57.0109285,-25.6552668],[-57.0113405,-25.6553919]]},"properties":{"waterway":"stream"}},{"type":"Feature","geometry":{"type":"LineString","coordinates":[[-57.0113405,-25.6553919],[-57.0113733,-25.6554019],[-57.0114094,-25.6554128]]},"properties":{"layer":"-1","tunnel":"culvert","waterway":"stream"}}]}