lon,lat,elevation_m
-57.045000,-25.615000,266
-57.044722,-25.615000,258
-57.044444,-25.615000,255
-57.044167,-25.615000,253
-57.043889,-25.615000,250
-57.043611,-25.615000,247
-57.043333,-25.615000,246
-57.043056,-25.615000,244
-57.042778,-25.615000,242
-57.042500,-25.615000,240
-57.042222,-25.615000,238
-57.041944,-25.615000,234
-57.041667,-25.615000,230
-57.041389,-25.615000,228
-57.041111,-25.615000,227
-57.040833,-25.615000,222
-57.040556,-25.615000,216
-57.040278,-25.615000,212
-57.040000,-25.615000,209
-57.039722,-25.615000,204
-57.039444,-25.615000,199
-57.039167,-25.615000,196
-57.038889,-25.615000,192
-57.038611,-25.615000,191
-57.038333,-25.615000,189
-57.038056,-25.615000,190
-57.037778,-25.615000,187
-57.037500,-25.615000,184
-57.037222,-25.615000,187
-57.036944,-25.615000,191
-57.036667,-25.615000,191
-57.036389,-25.615000,190
-57.036111,-25.615000,188
-57.035833,-25.615000,184
-57.035556,-25.615000,182
-57.035278,-25.615000,180
-57.035000,-25.615000,170
-57.034722,-25.615000,168
-57.034444,-25.615000,167
-57.034167,-25.615000,160
-57.033889,-25.615000,163
-57.033611,-25.615000,163
-57.033333,-25.615000,158
-57.033056,-25.615000,153
-57.032778,-25.615000,146
-57.032500,-25.615000,147
-57.032222,-25.615000,147
-57.031944,-25.615000,153
-57.031667,-25.615000,158
-57.031389,-25.615000,153
-57.031111,-25.615000,149
-57.030833,-25.615000,148
-57.030556,-25.615000,150
-57.030278,-25.615000,153
-57.030000,-25.615000,159
-57.029722,-25.615000,161
-57.029444,-25.615000,158
-57.029167,-25.615000,160
-57.028889,-25.615000,161
-57.028611,-25.615000,163
-57.028333,-25.615000,165
-57.028056,-25.615000,168
-57.027778,-25.615000,168
-57.027500,-25.615000,169
-57.027222,-25.615000,172
-57.026944,-25.615000,179
-57.026667,-25.615000,184
-57.026389,-25.615000,190
-57.026111,-25.615000,193
-57.025833,-25.615000,193
-57.025556,-25.615000,191
-57.025278,-25.615000,192
-57.025000,-25.615000,193
-57.024722,-25.615000,194
-57.024444,-25.615000,197
-57.024167,-25.615000,199
-57.023889,-25.615000,203
-57.023611,-25.615000,205
-57.023333,-25.615000,209
-57.023056,-25.615000,209
-57.022778,-25.615000,211
-57.022500,-25.615000,215
-57.022222,-25.615000,219
-57.021944,-25.615000,220
-57.021667,-25.615000,222
-57.021389,-25.615000,228
-57.021111,-25.615000,233
-57.020833,-25.615000,234
-57.020556,-25.615000,231
-57.020278,-25.615000,234
-57.020000,-25.615000,242
-57.019722,-25.615000,245
-57.019444,-25.615000,247
-57.019167,-25.615000,253
-57.018889,-25.615000,255
-57.018611,-25.615000,258
-57.018333,-25.615000,257
-57.018056,-25.615000,261
-57.017778,-25.615000,262
-57.017500,-25.615000,264
-57.017222,-25.615000,270
-57.016944,-25.615000,274
-57.016667,-25.615000,276
-57.016389,-25.615000,283
-57.016111,-25.615000,288
-57.015833,-25.615000,290
-57.015556,-25.615000,297
-57.015278,-25.615000,299
-57.045000,-25.615278,272
-57.044722,-25.615278,260
-57.044444,-25.615278,256
-57.044167,-25.615278,253
-57.043889,-25.615278,252
-57.043611,-25.615278,248
-57.043333,-25.615278,247
-57.043056,-25.615278,246
-57.042778,-25.615278,243
-57.042500,-25.615278,242
-57.042222,-25.615278,239
-57.041944,-25.615278,236
-57.041667,-25.615278,234
-57.041389,-25.615278,235
-57.041111,-25.615278,234
-57.040833,-25.615278,230
-57.040556,-25.615278,229
-57.040278,-25.615278,220
-57.040000,-25.615278,211
-57.039722,-25.615278,208
-57.039444,-25.615278,205
-57.039167,-25.615278,200
-57.038889,-25.615278,195
-57.038611,-25.615278,193
-57.038333,-25.615278,192
-57.038056,-25.615278,190
-57.037778,-25.615278,188
-57.037500,-25.615278,187
-57.037222,-25.615278,188
-57.036944,-25.615278,194
-57.036667,-25.615278,195
-57.036389,-25.615278,192
-57.036111,-25.615278,189
-57.035833,-25.615278,187
-57.035556,-25.615278,182
-57.035278,-25.615278,179
-57.035000,-25.615278,169
-57.034722,-25.615278,170
-57.034444,-25.615278,170
-57.034167,-25.615278,162
-57.033889,-25.615278,160
-57.033611,-25.615278,161
-57.033333,-25.615278,156
-57.033056,-25.615278,152
-57.032778,-25.615278,149
-57.032500,-25.615278,151
-57.032222,-25.615278,146
-57.031944,-25.615278,154
-57.031667,-25.615278,156
-57.031389,-25.615278,151
-57.031111,-25.615278,146
-57.030833,-25.615278,145
-57.030556,-25.615278,154
-57.030278,-25.615278,154
-57.030000,-25.615278,161
-57.029722,-25.615278,159
-57.029444,-25.615278,160
-57.029167,-25.615278,167
-57.028889,-25.615278,167
-57.028611,-25.615278,167
-57.028333,-25.615278,166
-57.028056,-25.615278,167
-57.027778,-25.615278,169
-57.027500,-25.615278,170
-57.027222,-25.615278,170
-57.026944,-25.615278,174
-57.026667,-25.615278,179
-57.026389,-25.615278,185
-57.026111,-25.615278,188
-57.025833,-25.615278,187
-57.025556,-25.615278,189
-57.025278,-25.615278,190
-57.025000,-25.615278,190
-57.024722,-25.615278,192
-57.024444,-25.615278,194
-57.024167,-25.615278,199
-57.023889,-25.615278,200
-57.023611,-25.615278,201
-57.023333,-25.615278,206
-57.023056,-25.615278,208
-57.022778,-25.615278,209
-57.022500,-25.615278,212
-57.022222,-25.615278,216
-57.021944,-25.615278,219
-57.021667,-25.615278,220
-57.021389,-25.615278,221
-57.021111,-25.615278,224
-57.020833,-25.615278,227
-57.020556,-25.615278,228
-57.020278,-25.615278,232
-57.020000,-25.615278,236
-57.019722,-25.615278,238
-57.019444,-25.615278,239
-57.019167,-25.615278,244
-57.018889,-25.615278,249
-57.018611,-25.615278,254
-57.018333,-25.615278,254
-57.018056,-25.615278,258
-57.017778,-25.615278,262
-57.017500,-25.615278,262
-57.017222,-25.615278,264
-57.016944,-25.615278,269
-57.016667,-25.615278,272
-57.016389,-25.615278,282
-57.016111,-25.615278,288
-57.015833,-25.615278,290
-57.015556,-25.615278,294
-57.015278,-25.615278,299
-57.045000,-25.615556,272
-57.044722,-25.615556,263
-57.044444,-25.615556,258
-57.044167,-25.615556,255
-57.043889,-25.615556,253
-57.043611,-25.615556,251
-57.043333,-25.615556,249
-57.043056,-25.615556,247
-57.042778,-25.615556,245
-57.042500,-25.615556,243
-57.042222,-25.615556,240
-57.041944,-25.615556,237
-57.041667,-25.615556,235
-57.041389,-25.615556,237
-57.041111,-25.615556,239
-57.040833,-25.615556,237
-57.040556,-25.615556,230
-57.040278,-25.615556,226
-57.040000,-25.615556,219
-57.039722,-25.615556,218
-57.039444,-25.615556,213
-57.039167,-25.615556,203
-57.038889,-25.615556,199
-57.038611,-25.615556,197
-57.038333,-25.615556,195
-57.038056,-25.615556,192
-57.037778,-25.615556,191
-57.037500,-25.615556,189
-57.037222,-25.615556,189
-57.036944,-25.615556,196
-57.036667,-25.615556,195
-57.036389,-25.615556,190
-57.036111,-25.615556,191
-57.035833,-25.615556,189
-57.035556,-25.615556,184
-57.035278,-25.615556,176
-57.035000,-25.615556,171
-57.034722,-25.615556,167
-57.034444,-25.615556,170
-57.034167,-25.615556,165
-57.033889,-25.615556,158
-57.033611,-25.615556,156
-57.033333,-25.615556,154
-57.033056,-25.615556,152
-57.032778,-25.615556,148
-57.032500,-25.615556,153
-57.032222,-25.615556,148
-57.031944,-25.615556,153
-57.031667,-25.615556,154
-57.031389,-25.615556,148
-57.031111,-25.615556,144
-57.030833,-25.615556,144
-57.030556,-25.615556,156
-57.030278,-25.615556,157
-57.030000,-25.615556,162
-57.029722,-25.615556,163
-57.029444,-25.615556,165
-57.029167,-25.615556,169
-57.028889,-25.615556,170
-57.028611,-25.615556,170
-57.028333,-25.615556,167
-57.028056,-25.615556,169
-57.027778,-25.615556,171
-57.027500,-25.615556,170
-57.027222,-25.615556,170
-57.026944,-25.615556,172
-57.026667,-25.615556,171
-57.026389,-25.615556,179
-57.026111,-25.615556,185
-57.025833,-25.615556,184
-57.025556,-25.615556,188
-57.025278,-25.615556,189
-57.025000,-25.615556,189
-57.024722,-25.615556,190
-57.024444,-25.615556,192
-57.024167,-25.615556,197
-57.023889,-25.615556,196
-57.023611,-25.615556,198
-57.023333,-25.615556,201
-57.023056,-25.615556,204
-57.022778,-25.615556,206
-57.022500,-25.615556,209
-57.022222,-25.615556,213
-57.021944,-25.615556,215
-57.021667,-25.615556,216
-57.021389,-25.615556,218
-57.021111,-25.615556,221
-57.020833,-25.615556,224
-57.020556,-25.615556,225
-57.020278,-25.615556,229
-57.020000,-25.615556,231
-57.019722,-25.615556,231
-57.019444,-25.615556,235
-57.019167,-25.615556,244
-57.018889,-25.615556,248
-57.018611,-25.615556,251
-57.018333,-25.615556,252
-57.018056,-25.615556,257
-57.017778,-25.615556,259
-57.017500,-25.615556,260
-57.017222,-25.615556,260
-57.016944,-25.615556,264
-57.016667,-25.615556,265
-57.016389,-25.615556,275
-57.016111,-25.615556,288
-57.015833,-25.615556,292
-57.015556,-25.615556,289
-57.015278,-25.615556,294
-57.045000,-25.615833,267
-57.044722,-25.615833,263
-57.044444,-25.615833,257
-57.044167,-25.615833,254
-57.043889,-25.615833,253
-57.043611,-25.615833,251
-57.043333,-25.615833,250
-57.043056,-25.615833,247
-57.042778,-25.615833,246
-57.042500,-25.615833,244
-57.042222,-25.615833,242
-57.041944,-25.615833,240
-57.041667,-25.615833,237
-57.041389,-25.615833,238
-57.041111,-25.615833,239
-57.040833,-25.615833,237
-57.040556,-25.615833,227
-57.040278,-25.615833,225
-57.040000,-25.615833,224
-57.039722,-25.615833,220
-57.039444,-25.615833,213
-57.039167,-25.615833,206
-57.038889,-25.615833,204
-57.038611,-25.615833,201
-57.038333,-25.615833,202
-57.038056,-25.615833,195
-57.037778,-25.615833,193
-57.037500,-25.615833,191
-57.037222,-25.615833,190
-57.036944,-25.615833,191
-57.036667,-25.615833,194
-57.036389,-25.615833,187
-57.036111,-25.615833,189
-57.035833,-25.615833,190
-57.035556,-25.615833,185
-57.035278,-25.615833,175
-57.035000,-25.615833,171
-57.034722,-25.615833,167
-57.034444,-25.615833,167
-57.034167,-25.615833,164
-57.033889,-25.615833,160
-57.033611,-25.615833,158
-57.033333,-25.615833,157
-57.033056,-25.615833,154
-57.032778,-25.615833,149
-57.032500,-25.615833,153
-57.032222,-25.615833,146
-57.031944,-25.615833,148
-57.031667,-25.615833,148
-57.031389,-25.615833,145
-57.031111,-25.615833,145
-57.030833,-25.615833,144
-57.030556,-25.615833,155
-57.030278,-25.615833,158
-57.030000,-25.615833,162
-57.029722,-25.615833,165
-57.029444,-25.615833,169
-57.029167,-25.615833,170
-57.028889,-25.615833,169
-57.028611,-25.615833,169
-57.028333,-25.615833,169
-57.028056,-25.615833,173
-57.027778,-25.615833,174
-57.027500,-25.615833,174
-57.027222,-25.615833,173
-57.026944,-25.615833,172
-57.026667,-25.615833,168
-57.026389,-25.615833,172
-57.026111,-25.615833,176
-57.025833,-25.615833,182
-57.025556,-25.615833,188
-57.025278,-25.615833,188
-57.025000,-25.615833,186
-57.024722,-25.615833,188
-57.024444,-25.615833,189
-57.024167,-25.615833,192
-57.023889,-25.615833,195
-57.023611,-25.615833,197
-57.023333,-25.615833,198
-57.023056,-25.615833,200
-57.022778,-25.615833,204
-57.022500,-25.615833,207
-57.022222,-25.615833,209
-57.021944,-25.615833,209
-57.021667,-25.615833,212
-57.021389,-25.615833,216
-57.021111,-25.615833,217
-57.020833,-25.615833,220
-57.020556,-25.615833,221
-57.020278,-25.615833,224
-57.020000,-25.615833,226
-57.019722,-25.615833,227
-57.019444,-25.615833,232
-57.019167,-25.615833,236
-57.018889,-25.615833,240
-57.018611,-25.615833,245
-57.018333,-25.615833,251
-57.018056,-25.615833,254
-57.017778,-25.615833,258
-57.017500,-25.615833,257
-57.017222,-25.615833,257
-57.016944,-25.615833,260
-57.016667,-25.615833,264
-57.016389,-25.615833,267
-57.016111,-25.615833,280
-57.015833,-25.615833,287
-57.015556,-25.615833,291
-57.015278,-25.615833,290
-57.045000,-25.616111,255
-57.044722,-25.616111,253
-57.044444,-25.616111,248
-57.044167,-25.616111,251
-57.043889,-25.616111,251
-57.043611,-25.616111,252
-57.043333,-25.616111,251
-57.043056,-25.616111,248
-57.042778,-25.616111,246
-57.042500,-25.616111,244
-57.042222,-25.616111,242
-57.041944,-25.616111,240
-57.041667,-25.616111,239
-57.041389,-25.616111,237
-57.041111,-25.616111,234
-57.040833,-25.616111,240
-57.040556,-25.616111,235
-57.040278,-25.616111,229
-57.040000,-25.616111,226
-57.039722,-25.616111,226
-57.039444,-25.616111,218
-57.039167,-25.616111,211
-57.038889,-25.616111,208
-57.038611,-25.616111,205
-57.038333,-25.616111,205
-57.038056,-25.616111,199
-57.037778,-25.616111,196
-57.037500,-25.616111,194
-57.037222,-25.616111,193
-57.036944,-25.616111,191
-57.036667,-25.616111,189
-57.036389,-25.616111,186
-57.036111,-25.616111,185
-57.035833,-25.616111,188
-57.035556,-25.616111,186
-57.035278,-25.616111,176
-57.035000,-25.616111,170
-57.034722,-25.616111,168
-57.034444,-25.616111,166
-57.034167,-25.616111,164
-57.033889,-25.616111,163
-57.033611,-25.616111,158
-57.033333,-25.616111,156
-57.033056,-25.616111,154
-57.032778,-25.616111,149
-57.032500,-25.616111,153
-57.032222,-25.616111,147
-57.031944,-25.616111,145
-57.031667,-25.616111,146
-57.031389,-25.616111,144
-57.031111,-25.616111,143
-57.030833,-25.616111,143
-57.030556,-25.616111,152
-57.030278,-25.616111,157
-57.030000,-25.616111,159
-57.029722,-25.616111,162
-57.029444,-25.616111,165
-57.029167,-25.616111,166
-57.028889,-25.616111,166
-57.028611,-25.616111,166
-57.028333,-25.616111,166
-57.028056,-25.616111,168
-57.027778,-25.616111,170
-57.027500,-25.616111,171
-57.027222,-25.616111,173
-57.026944,-25.616111,171
-57.026667,-25.616111,165
-57.026389,-25.616111,170
-57.026111,-25.616111,171
-57.025833,-25.616111,177
-57.025556,-25.616111,181
-57.025278,-25.616111,181
-57.025000,-25.616111,188
-57.024722,-25.616111,186
-57.024444,-25.616111,186
-57.024167,-25.616111,189
-57.023889,-25.616111,191
-57.023611,-25.616111,194
-57.023333,-25.616111,194
-57.023056,-25.616111,196
-57.022778,-25.616111,199
-57.022500,-25.616111,203
-57.022222,-25.616111,203
-57.021944,-25.616111,206
-57.021667,-25.616111,211
-57.021389,-25.616111,212
-57.021111,-25.616111,213
-57.020833,-25.616111,216
-57.020556,-25.616111,217
-57.020278,-25.616111,222
-57.020000,-25.616111,221
-57.019722,-25.616111,227
-57.019444,-25.616111,227
-57.019167,-25.616111,229
-57.018889,-25.616111,236
-57.018611,-25.616111,244
-57.018333,-25.616111,249
-57.018056,-25.616111,252
-57.017778,-25.616111,253
-57.017500,-25.616111,255
-57.017222,-25.616111,254
-57.016944,-25.616111,262
-57.016667,-25.616111,269
-57.016389,-25.616111,264
-57.016111,-25.616111,269
-57.015833,-25.616111,281
-57.015556,-25.616111,291
-57.015278,-25.616111,295
-57.045000,-25.616389,241
-57.044722,-25.616389,239
-57.044444,-25.616389,235
-57.044167,-25.616389,241
-57.043889,-25.616389,243
-57.043611,-25.616389,249
-57.043333,-25.616389,253
-57.043056,-25.616389,251
-57.042778,-25.616389,248
-57.042500,-25.616389,245
-57.042222,-25.616389,242
-57.041944,-25.616389,242
-57.041667,-25.616389,241
-57.041389,-25.616389,238
-57.041111,-25.616389,235
-57.040833,-25.616389,238
-57.040556,-25.616389,238
-57.040278,-25.616389,230
-57.040000,-25.616389,225
-57.039722,-25.616389,223
-57.039444,-25.616389,220
-57.039167,-25.616389,217
-57.038889,-25.616389,213
-57.038611,-25.616389,208
-57.038333,-25.616389,206
-57.038056,-25.616389,202
-57.037778,-25.616389,199
-57.037500,-25.616389,198
-57.037222,-25.616389,195
-57.036944,-25.616389,192
-57.036667,-25.616389,190
-57.036389,-25.616389,188
-57.036111,-25.616389,185
-57.035833,-25.616389,185
-57.035556,-25.616389,180
-57.035278,-25.616389,175
-57.035000,-25.616389,170
-57.034722,-25.616389,168
-57.034444,-25.616389,166
-57.034167,-25.616389,164
-57.033889,-25.616389,160
-57.033611,-25.616389,157
-57.033333,-25.616389,156
-57.033056,-25.616389,153
-57.032778,-25.616389,148
-57.032500,-25.616389,154
-57.032222,-25.616389,148
-57.031944,-25.616389,145
-57.031667,-25.616389,149
-57.031389,-25.616389,144
-57.031111,-25.616389,143
-57.030833,-25.616389,144
-57.030556,-25.616389,149
-57.030278,-25.616389,152
-57.030000,-25.616389,156
-57.029722,-25.616389,163
-57.029444,-25.616389,165
-57.029167,-25.616389,164
-57.028889,-25.616389,164
-57.028611,-25.616389,166
-57.028333,-25.616389,166
-57.028056,-25.616389,168
-57.027778,-25.616389,168
-57.027500,-25.616389,171
-57.027222,-25.616389,172
-57.026944,-25.616389,172
-57.026667,-25.616389,167
-57.026389,-25.616389,164
-57.026111,-25.616389,168
-57.025833,-25.616389,171
-57.025556,-25.616389,173
-57.025278,-25.616389,177
-57.025000,-25.616389,184
-57.024722,-25.616389,183
-57.024444,-25.616389,186
-57.024167,-25.616389,187
-57.023889,-25.616389,189
-57.023611,-25.616389,192
-57.023333,-25.616389,192
-57.023056,-25.616389,194
-57.022778,-25.616389,194
-57.022500,-25.616389,199
-57.022222,-25.616389,199
-57.021944,-25.616389,203
-57.021667,-25.616389,209
-57.021389,-25.616389,210
-57.021111,-25.616389,212
-57.020833,-25.616389,213
-57.020556,-25.616389,215
-57.020278,-25.616389,220
-57.020000,-25.616389,221
-57.019722,-25.616389,220
-57.019444,-25.616389,222
-57.019167,-25.616389,225
-57.018889,-25.616389,235
-57.018611,-25.616389,241
-57.018333,-25.616389,245
-57.018056,-25.616389,246
-57.017778,-25.616389,251
-57.017500,-25.616389,251
-57.017222,-25.616389,254
-57.016944,-25.616389,261
-57.016667,-25.616389,268
-57.016389,-25.616389,265
-57.016111,-25.616389,265
-57.015833,-25.616389,276
-57.015556,-25.616389,287
-57.015278,-25.616389,292
-57.045000,-25.616667,238
-57.044722,-25.616667,236
-57.044444,-25.616667,228
-57.044167,-25.616667,229
-57.043889,-25.616667,231
-57.043611,-25.616667,235
-57.043333,-25.616667,242
-57.043056,-25.616667,247
-57.042778,-25.616667,248
-57.042500,-25.616667,246
-57.042222,-25.616667,245
-57.041944,-25.616667,243
-57.041667,-25.616667,248
-57.041389,-25.616667,241
-57.041111,-25.616667,238
-57.040833,-25.616667,236
-57.040556,-25.616667,235
-57.040278,-25.616667,232
-57.040000,-25.616667,234
-57.039722,-25.616667,232
-57.039444,-25.616667,229
-57.039167,-25.616667,223
-57.038889,-25.616667,215
-57.038611,-25.616667,214
-57.038333,-25.616667,211
-57.038056,-25.616667,206
-57.037778,-25.616667,203
-57.037500,-25.616667,200
-57.037222,-25.616667,197
-57.036944,-25.616667,193
-57.036667,-25.616667,189
-57.036389,-25.616667,187
-57.036111,-25.616667,185
-57.035833,-25.616667,182
-57.035556,-25.616667,179
-57.035278,-25.616667,176
-57.035000,-25.616667,173
-57.034722,-25.616667,169
-57.034444,-25.616667,167
-57.034167,-25.616667,164
-57.033889,-25.616667,159
-57.033611,-25.616667,157
-57.033333,-25.616667,155
-57.033056,-25.616667,153
-57.032778,-25.616667,148
-57.032500,-25.616667,148
-57.032222,-25.616667,145
-57.031944,-25.616667,145
-57.031667,-25.616667,149
-57.031389,-25.616667,144
-57.031111,-25.616667,144
-57.030833,-25.616667,145
-57.030556,-25.616667,144
-57.030278,-25.616667,147
-57.030000,-25.616667,156
-57.029722,-25.616667,161
-57.029444,-25.616667,164
-57.029167,-25.616667,166
-57.028889,-25.616667,161
-57.028611,-25.616667,161
-57.028333,-25.616667,166
-57.028056,-25.616667,166
-57.027778,-25.616667,166
-57.027500,-25.616667,170
-57.027222,-25.616667,170
-57.026944,-25.616667,168
-57.026667,-25.616667,166
-57.026389,-25.616667,163
-57.026111,-25.616667,165
-57.025833,-25.616667,164
-57.025556,-25.616667,167
-57.025278,-25.616667,175
-57.025000,-25.616667,180
-57.024722,-25.616667,183
-57.024444,-25.616667,185
-57.024167,-25.616667,186
-57.023889,-25.616667,186
-57.023611,-25.616667,187
-57.023333,-25.616667,188
-57.023056,-25.616667,190
-57.022778,-25.616667,190
-57.022500,-25.616667,193
-57.022222,-25.616667,194
-57.021944,-25.616667,198
-57.021667,-25.616667,206
-57.021389,-25.616667,205
-57.021111,-25.616667,206
-57.020833,-25.616667,207
-57.020556,-25.616667,213
-57.020278,-25.616667,215
-57.020000,-25.616667,215
-57.019722,-25.616667,218
-57.019444,-25.616667,223
-57.019167,-25.616667,223
-57.018889,-25.616667,229
-57.018611,-25.616667,233
-57.018333,-25.616667,240
-57.018056,-25.616667,244
-57.017778,-25.616667,248
-57.017500,-25.616667,251
-57.017222,-25.616667,254
-57.016944,-25.616667,253
-57.016667,-25.616667,264
-57.016389,-25.616667,265
-57.016111,-25.616667,269
-57.015833,-25.616667,273
-57.015556,-25.616667,281
-57.015278,-25.616667,282
-57.045000,-25.616944,228
-57.044722,-25.616944,230
-57.044444,-25.616944,224
-57.044167,-25.616944,226
-57.043889,-25.616944,228
-57.043611,-25.616944,230
-57.043333,-25.616944,231
-57.043056,-25.616944,236
-57.042778,-25.616944,244
-57.042500,-25.616944,247
-57.042222,-25.616944,245
-57.041944,-25.616944,247
-57.041667,-25.616944,250
-57.041389,-25.616944,247
-57.041111,-25.616944,242
-57.040833,-25.616944,241
-57.040556,-25.616944,235
-57.040278,-25.616944,233
-57.040000,-25.616944,235
-57.039722,-25.616944,235
-57.039444,-25.616944,229
-57.039167,-25.616944,223
-57.038889,-25.616944,227
-57.038611,-25.616944,229
-57.038333,-25.616944,225
-57.038056,-25.616944,218
-57.037778,-25.616944,211
-57.037500,-25.616944,204
-57.037222,-25.616944,200
-57.036944,-25.616944,197
-57.036667,-25.616944,194
-57.036389,-25.616944,189
-57.036111,-25.616944,186
-57.035833,-25.616944,182
-57.035556,-25.616944,179
-57.035278,-25.616944,177
-57.035000,-25.616944,176
-57.034722,-25.616944,171
-57.034444,-25.616944,168
-57.034167,-25.616944,167
-57.033889,-25.616944,162
-57.033611,-25.616944,159
-57.033333,-25.616944,157
-57.033056,-25.616944,154
-57.032778,-25.616944,149
-57.032500,-25.616944,146
-57.032222,-25.616944,143
-57.031944,-25.616944,145
-57.031667,-25.616944,143
-57.031389,-25.616944,139
-57.031111,-25.616944,142
-57.030833,-25.616944,142
-57.030556,-25.616944,142
-57.030278,-25.616944,143
-57.030000,-25.616944,149
-57.029722,-25.616944,156
-57.029444,-25.616944,160
-57.029167,-25.616944,159
-57.028889,-25.616944,160
-57.028611,-25.616944,160
-57.028333,-25.616944,163
-57.028056,-25.616944,167
-57.027778,-25.616944,169
-57.027500,-25.616944,168
-57.027222,-25.616944,163
-57.026944,-25.616944,159
-57.026667,-25.616944,161
-57.026389,-25.616944,162
-57.026111,-25.616944,163
-57.025833,-25.616944,164
-57.025556,-25.616944,167
-57.025278,-25.616944,168
-57.025000,-25.616944,172
-57.024722,-25.616944,175
-57.024444,-25.616944,177
-57.024167,-25.616944,181
-57.023889,-25.616944,184
-57.023611,-25.616944,186
-57.023333,-25.616944,184
-57.023056,-25.616944,185
-57.022778,-25.616944,184
-57.022500,-25.616944,189
-57.022222,-25.616944,191
-57.021944,-25.616944,194
-57.021667,-25.616944,198
-57.021389,-25.616944,201
-57.021111,-25.616944,200
-57.020833,-25.616944,204
-57.020556,-25.616944,208
-57.020278,-25.616944,209
-57.020000,-25.616944,208
-57.019722,-25.616944,216
-57.019444,-25.616944,221
-57.019167,-25.616944,227
-57.018889,-25.616944,226
-57.018611,-25.616944,227
-57.018333,-25.616944,231
-57.018056,-25.616944,240
-57.017778,-25.616944,242
-57.017500,-25.616944,243
-57.017222,-25.616944,244
-57.016944,-25.616944,251
-57.016667,-25.616944,263
-57.016389,-25.616944,267
-57.016111,-25.616944,265
-57.015833,-25.616944,270
-57.015556,-25.616944,276
-57.015278,-25.616944,275
-57.045000,-25.617222,221
-57.044722,-25.617222,222
-57.044444,-25.617222,221
-57.044167,-25.617222,224
-57.043889,-25.617222,225
-57.043611,-25.617222,227
-57.043333,-25.617222,227
-57.043056,-25.617222,229
-57.042778,-25.617222,232
-57.042500,-25.617222,239
-57.042222,-25.617222,243
-57.041944,-25.617222,249
-57.041667,-25.617222,251
-57.041389,-25.617222,248
-57.041111,-25.617222,243
-57.040833,-25.617222,245
-57.040556,-25.617222,239
-57.040278,-25.617222,240
-57.040000,-25.617222,235
-57.039722,-25.617222,232
-57.039444,-25.617222,229
-57.039167,-25.617222,232
-57.038889,-25.617222,239
-57.038611,-25.617222,239
-57.038333,-25.617222,238
-57.038056,-25.617222,230
-57.037778,-25.617222,221
-57.037500,-25.617222,209
-57.037222,-25.617222,203
-57.036944,-25.617222,197
-57.036667,-25.617222,194
-57.036389,-25.617222,190
-57.036111,-25.617222,188
-57.035833,-25.617222,184
-57.035556,-25.617222,183
-57.035278,-25.617222,179
-57.035000,-25.617222,178
-57.034722,-25.617222,174
-57.034444,-25.617222,169
-57.034167,-25.617222,164
-57.033889,-25.617222,162
-57.033611,-25.617222,165
-57.033333,-25.617222,160
-57.033056,-25.617222,156
-57.032778,-25.617222,149
-57.032500,-25.617222,146
-57.032222,-25.617222,145
-57.031944,-25.617222,151
-57.031667,-25.617222,148
-57.031389,-25.617222,139
-57.031111,-25.617222,140
-57.030833,-25.617222,141
-57.030556,-25.617222,141
-57.030278,-25.617222,141
-57.030000,-25.617222,143
-57.029722,-25.617222,152
-57.029444,-25.617222,156
-57.029167,-25.617222,159
-57.028889,-25.617222,161
-57.028611,-25.617222,162
-57.028333,-25.617222,164
-57.028056,-25.617222,165
-57.027778,-25.617222,169
-57.027500,-25.617222,166
-57.027222,-25.617222,161
-57.026944,-25.617222,154
-57.026667,-25.617222,156
-57.026389,-25.617222,160
-57.026111,-25.617222,162
-57.025833,-25.617222,161
-57.025556,-25.617222,162
-57.025278,-25.617222,164
-57.025000,-25.617222,165
-57.024722,-25.617222,166
-57.024444,-25.617222,168
-57.024167,-25.617222,173
-57.023889,-25.617222,178
-57.023611,-25.617222,181
-57.023333,-25.617222,182
-57.023056,-25.617222,183
-57.022778,-25.617222,182
-57.022500,-25.617222,183
-57.022222,-25.617222,189
-57.021944,-25.617222,193
-57.021667,-25.617222,195
-57.021389,-25.617222,199
-57.021111,-25.617222,202
-57.020833,-25.617222,199
-57.020556,-25.617222,199
-57.020278,-25.617222,201
-57.020000,-25.617222,204
-57.019722,-25.617222,210
-57.019444,-25.617222,217
-57.019167,-25.617222,222
-57.018889,-25.617222,225
-57.018611,-25.617222,226
-57.018333,-25.617222,228
-57.018056,-25.617222,231
-57.017778,-25.617222,236
-57.017500,-25.617222,239
-57.017222,-25.617222,243
-57.016944,-25.617222,249
-57.016667,-25.617222,258
-57.016389,-25.617222,266
-57.016111,-25.617222,264
-57.015833,-25.617222,266
-57.015556,-25.617222,268
-57.015278,-25.617222,274
-57.045000,-25.617500,224
-57.044722,-25.617500,219
-57.044444,-25.617500,219
-57.044167,-25.617500,220
-57.043889,-25.617500,221
-57.043611,-25.617500,223
-57.043333,-25.617500,225
-57.043056,-25.617500,225
-57.042778,-25.617500,226
-57.042500,-25.617500,230
-57.042222,-25.617500,236
-57.041944,-25.617500,243
-57.041667,-25.617500,240
-57.041389,-25.617500,239
-57.041111,-25.617500,242
-57.040833,-25.617500,248
-57.040556,-25.617500,249
-57.040278,-25.617500,248
-57.040000,-25.617500,242
-57.039722,-25.617500,238
-57.039444,-25.617500,236
-57.039167,-25.617500,237
-57.038889,-25.617500,245
-57.038611,-25.617500,249
-57.038333,-25.617500,248
-57.038056,-25.617500,241
-57.037778,-25.617500,233
-57.037500,-25.617500,221
-57.037222,-25.617500,210
-57.036944,-25.617500,204
-57.036667,-25.617500,196
-57.036389,-25.617500,191
-57.036111,-25.617500,190
-57.035833,-25.617500,187
-57.035556,-25.617500,185
-57.035278,-25.617500,183
-57.035000,-25.617500,178
-57.034722,-25.617500,178
-57.034444,-25.617500,173
-57.034167,-25.617500,168
-57.033889,-25.617500,164
-57.033611,-25.617500,164
-57.033333,-25.617500,159
-57.033056,-25.617500,153
-57.032778,-25.617500,147
-57.032500,-25.617500,145
-57.032222,-25.617500,150
-57.031944,-25.617500,152
-57.031667,-25.617500,152
-57.031389,-25.617500,142
-57.031111,-25.617500,140
-57.030833,-25.617500,140
-57.030556,-25.617500,141
-57.030278,-25.617500,141
-57.030000,-25.617500,143
-57.029722,-25.617500,148
-57.029444,-25.617500,155
-57.029167,-25.617500,160
-57.028889,-25.617500,160
-57.028611,-25.617500,162
-57.028333,-25.617500,166
-57.028056,-25.617500,165
-57.027778,-25.617500,165
-57.027500,-25.617500,163
-57.027222,-25.617500,160
-57.026944,-25.617500,156
-57.026667,-25.617500,158
-57.026389,-25.617500,160
-57.026111,-25.617500,161
-57.025833,-25.617500,158
-57.025556,-25.617500,158
-57.025278,-25.617500,164
-57.025000,-25.617500,163
-57.024722,-25.617500,161
-57.024444,-25.617500,162
-57.024167,-25.617500,168
-57.023889,-25.617500,174
-57.023611,-25.617500,178
-57.023333,-25.617500,180
-57.023056,-25.617500,185
-57.022778,-25.617500,181
-57.022500,-25.617500,182
-57.022222,-25.617500,186
-57.021944,-25.617500,189
-57.021667,-25.617500,190
-57.021389,-25.617500,191
-57.021111,-25.617500,197
-57.020833,-25.617500,198
-57.020556,-25.617500,196
-57.020278,-25.617500,194
-57.020000,-25.617500,199
-57.019722,-25.617500,204
-57.019444,-25.617500,208
-57.019167,-25.617500,212
-57.018889,-25.617500,217
-57.018611,-25.617500,224
-57.018333,-25.617500,224
-57.018056,-25.617500,224
-57.017778,-25.617500,227
-57.017500,-25.617500,232
-57.017222,-25.617500,240
-57.016944,-25.617500,247
-57.016667,-25.617500,256
-57.016389,-25.617500,262
-57.016111,-25.617500,261
-57.015833,-25.617500,257
-57.015556,-25.617500,261
-57.015278,-25.617500,263
-57.045000,-25.617778,221
-57.044722,-25.617778,216
-57.044444,-25.617778,214
-57.044167,-25.617778,216
-57.043889,-25.617778,220
-57.043611,-25.617778,219
-57.043333,-25.617778,220
-57.043056,-25.617778,221
-57.042778,-25.617778,221
-57.042500,-25.617778,226
-57.042222,-25.617778,229
-57.041944,-25.617778,234
-57.041667,-25.617778,233
-57.041389,-25.617778,234
-57.041111,-25.617778,236
-57.040833,-25.617778,246
-57.040556,-25.617778,254
-57.040278,-25.617778,255
-57.040000,-25.617778,253
-57.039722,-25.617778,250
-57.039444,-25.617778,244
-57.039167,-25.617778,239
-57.038889,-25.617778,243
-57.038611,-25.617778,251
-57.038333,-25.617778,254
-57.038056,-25.617778,252
-57.037778,-25.617778,250
-57.037500,-25.617778,240
-57.037222,-25.617778,225
-57.036944,-25.617778,217
-57.036667,-25.617778,207
-57.036389,-25.617778,198
-57.036111,-25.617778,196
-57.035833,-25.617778,189
-57.035556,-25.617778,187
-57.035278,-25.617778,185
-57.035000,-25.617778,180
-57.034722,-25.617778,177
-57.034444,-25.617778,174
-57.034167,-25.617778,170
-57.033889,-25.617778,167
-57.033611,-25.617778,161
-57.033333,-25.617778,158
-57.033056,-25.617778,152
-57.032778,-25.617778,145
-57.032500,-25.617778,144
-57.032222,-25.617778,144
-57.031944,-25.617778,146
-57.031667,-25.617778,145
-57.031389,-25.617778,143
-57.031111,-25.617778,140
-57.030833,-25.617778,141
-57.030556,-25.617778,140
-57.030278,-25.617778,139
-57.030000,-25.617778,142
-57.029722,-25.617778,149
-57.029444,-25.617778,154
-57.029167,-25.617778,158
-57.028889,-25.617778,163
-57.028611,-25.617778,166
-57.028333,-25.617778,164
-57.028056,-25.617778,164
-57.027778,-25.617778,165
-57.027500,-25.617778,164
-57.027222,-25.617778,162
-57.026944,-25.617778,159
-57.026667,-25.617778,158
-57.026389,-25.617778,157
-57.026111,-25.617778,158
-57.025833,-25.617778,158
-57.025556,-25.617778,161
-57.025278,-25.617778,161
-57.025000,-25.617778,162
-57.024722,-25.617778,160
-57.024444,-25.617778,160
-57.024167,-25.617778,166
-57.023889,-25.617778,175
-57.023611,-25.617778,180
-57.023333,-25.617778,178
-57.023056,-25.617778,184
-57.022778,-25.617778,184
-57.022500,-25.617778,185
-57.022222,-25.617778,186
-57.021944,-25.617778,188
-57.021667,-25.617778,190
-57.021389,-25.617778,193
-57.021111,-25.617778,194
-57.020833,-25.617778,196
-57.020556,-25.617778,197
-57.020278,-25.617778,198
-57.020000,-25.617778,202
-57.019722,-25.617778,207
-57.019444,-25.617778,207
-57.019167,-25.617778,213
-57.018889,-25.617778,214
-57.018611,-25.617778,222
-57.018333,-25.617778,225
-57.018056,-25.617778,222
-57.017778,-25.617778,222
-57.017500,-25.617778,228
-57.017222,-25.617778,237
-57.016944,-25.617778,247
-57.016667,-25.617778,257
-57.016389,-25.617778,257
-57.016111,-25.617778,255
-57.015833,-25.617778,259
-57.015556,-25.617778,259
-57.015278,-25.617778,259
-57.045000,-25.618056,218
-57.044722,-25.618056,213
-57.044444,-25.618056,212
-57.044167,-25.618056,214
-57.043889,-25.618056,217
-57.043611,-25.618056,217
-57.043333,-25.618056,217
-57.043056,-25.618056,218
-57.042778,-25.618056,219
-57.042500,-25.618056,222
-57.042222,-25.618056,225
-57.041944,-25.618056,228
-57.041667,-25.618056,229
-57.041389,-25.618056,232
-57.041111,-25.618056,231
-57.040833,-25.618056,237
-57.040556,-25.618056,252
-57.040278,-25.618056,261
-57.040000,-25.618056,259
-57.039722,-25.618056,259
-57.039444,-25.618056,255
-57.039167,-25.618056,248
-57.038889,-25.618056,242
-57.038611,-25.618056,244
-57.038333,-25.618056,250
-57.038056,-25.618056,255
-57.037778,-25.618056,260
-57.037500,-25.618056,253
-57.037222,-25.618056,236
-57.036944,-25.618056,225
-57.036667,-25.618056,215
-57.036389,-25.618056,204
-57.036111,-25.618056,203
-57.035833,-25.618056,194
-57.035556,-25.618056,189
-57.035278,-25.618056,186
-57.035000,-25.618056,182
-57.034722,-25.618056,176
-57.034444,-25.618056,171
-57.034167,-25.618056,168
-57.033889,-25.618056,167
-57.033611,-25.618056,162
-57.033333,-25.618056,158
-57.033056,-25.618056,150
-57.032778,-25.618056,144
-57.032500,-25.618056,142
-57.032222,-25.618056,141
-57.031944,-25.618056,142
-57.031667,-25.618056,142
-57.031389,-25.618056,144
-57.031111,-25.618056,141
-57.030833,-25.618056,141
-57.030556,-25.618056,140
-57.030278,-25.618056,139
-57.030000,-25.618056,144
-57.029722,-25.618056,153
-57.029444,-25.618056,158
-57.029167,-25.618056,159
-57.028889,-25.618056,167
-57.028611,-25.618056,170
-57.028333,-25.618056,166
-57.028056,-25.618056,168
-57.027778,-25.618056,172
-57.027500,-25.618056,169
-57.027222,-25.618056,163
-57.026944,-25.618056,160
-57.026667,-25.618056,157
-57.026389,-25.618056,157
-57.026111,-25.618056,157
-57.025833,-25.618056,157
-57.025556,-25.618056,162
-57.025278,-25.618056,160
-57.025000,-25.618056,160
-57.024722,-25.618056,159
-57.024444,-25.618056,160
-57.024167,-25.618056,166
-57.023889,-25.618056,176
-57.023611,-25.618056,181
-57.023333,-25.618056,183
-57.023056,-25.618056,186
-57.022778,-25.618056,186
-57.022500,-25.618056,187
-57.022222,-25.618056,188
-57.021944,-25.618056,190
-57.021667,-25.618056,192
-57.021389,-25.618056,194
-57.021111,-25.618056,196
-57.020833,-25.618056,199
-57.020556,-25.618056,199
-57.020278,-25.618056,200
-57.020000,-25.618056,202
-57.019722,-25.618056,207
-57.019444,-25.618056,209
-57.019167,-25.618056,214
-57.018889,-25.618056,217
-57.018611,-25.618056,221
-57.018333,-25.618056,220
-57.018056,-25.618056,221
-57.017778,-25.618056,224
-57.017500,-25.618056,228
-57.017222,-25.618056,234
-57.016944,-25.618056,251
-57.016667,-25.618056,262
-57.016389,-25.618056,260
-57.016111,-25.618056,257
-57.015833,-25.618056,260
-57.015556,-25.618056,259
-57.015278,-25.618056,262
-57.045000,-25.618333,216
-57.044722,-25.618333,212
-57.044444,-25.618333,211
-57.044167,-25.618333,212
-57.043889,-25.618333,213
-57.043611,-25.618333,214
-57.043333,-25.618333,214
-57.043056,-25.618333,216
-57.042778,-25.618333,216
-57.042500,-25.618333,216
-57.042222,-25.618333,219
-57.041944,-25.618333,223
-57.041667,-25.618333,225
-57.041389,-25.618333,227
-57.041111,-25.618333,226
-57.040833,-25.618333,231
-57.040556,-25.618333,242
-57.040278,-25.618333,254
-57.040000,-25.618333,261
-57.039722,-25.618333,262
-57.039444,-25.618333,262
-57.039167,-25.618333,255
-57.038889,-25.618333,250
-57.038611,-25.618333,250
-57.038333,-25.618333,250
-57.038056,-25.618333,251
-57.037778,-25.618333,261
-57.037500,-25.618333,263
-57.037222,-25.618333,252
-57.036944,-25.618333,238
-57.036667,-25.618333,227
-57.036389,-25.618333,217
-57.036111,-25.618333,211
-57.035833,-25.618333,201
-57.035556,-25.618333,189
-57.035278,-25.618333,183
-57.035000,-25.618333,181
-57.034722,-25.618333,177
-57.034444,-25.618333,172
-57.034167,-25.618333,167
-57.033889,-25.618333,163
-57.033611,-25.618333,164
-57.033333,-25.618333,154
-57.033056,-25.618333,150
-57.032778,-25.618333,146
-57.032500,-25.618333,141
-57.032222,-25.618333,139
-57.031944,-25.618333,140
-57.031667,-25.618333,140
-57.031389,-25.618333,144
-57.031111,-25.618333,142
-57.030833,-25.618333,140
-57.030556,-25.618333,140
-57.030278,-25.618333,139
-57.030000,-25.618333,147
-57.029722,-25.618333,154
-57.029444,-25.618333,159
-57.029167,-25.618333,160
-57.028889,-25.618333,167
-57.028611,-25.618333,173
-57.028333,-25.618333,179
-57.028056,-25.618333,176
-57.027778,-25.618333,174
-57.027500,-25.618333,168
-57.027222,-25.618333,163
-57.026944,-25.618333,161
-57.026667,-25.618333,159
-57.026389,-25.618333,157
-57.026111,-25.618333,156
-57.025833,-25.618333,157
-57.025556,-25.618333,157
-57.025278,-25.618333,159
-57.025000,-25.618333,162
-57.024722,-25.618333,159
-57.024444,-25.618333,160
-57.024167,-25.618333,164
-57.023889,-25.618333,171
-57.023611,-25.618333,176
-57.023333,-25.618333,185
-57.023056,-25.618333,185
-57.022778,-25.618333,185
-57.022500,-25.618333,189
-57.022222,-25.618333,189
-57.021944,-25.618333,191
-57.021667,-25.618333,194
-57.021389,-25.618333,196
-57.021111,-25.618333,200
-57.020833,-25.618333,202
-57.020556,-25.618333,202
-57.020278,-25.618333,203
-57.020000,-25.618333,204
-57.019722,-25.618333,207
-57.019444,-25.618333,208
-57.019167,-25.618333,215
-57.018889,-25.618333,217
-57.018611,-25.618333,219
-57.018333,-25.618333,219
-57.018056,-25.618333,222
-57.017778,-25.618333,227
-57.017500,-25.618333,233
-57.017222,-25.618333,240
-57.016944,-25.618333,255
-57.016667,-25.618333,266
-57.016389,-25.618333,266
-57.016111,-25.618333,263
-57.015833,-25.618333,262
-57.015556,-25.618333,262
-57.015278,-25.618333,264
-57.045000,-25.618611,215
-57.044722,-25.618611,211
-57.044444,-25.618611,210
-57.044167,-25.618611,209
-57.043889,-25.618611,210
-57.043611,-25.618611,210
-57.043333,-25.618611,211
-57.043056,-25.618611,212
-57.042778,-25.618611,212
-57.042500,-25.618611,211
-57.042222,-25.618611,211
-57.041944,-25.618611,215
-57.041667,-25.618611,222
-57.041389,-25.618611,228
-57.041111,-25.618611,227
-57.040833,-25.618611,227
-57.040556,-25.618611,232
-57.040278,-25.618611,238
-57.040000,-25.618611,253
-57.039722,-25.618611,254
-57.039444,-25.618611,252
-57.039167,-25.618611,250
-57.038889,-25.618611,251
-57.038611,-25.618611,251
-57.038333,-25.618611,253
-57.038056,-25.618611,250
-57.037778,-25.618611,254
-57.037500,-25.618611,262
-57.037222,-25.618611,260
-57.036944,-25.618611,249
-57.036667,-25.618611,237
-57.036389,-25.618611,227
-57.036111,-25.618611,219
-57.035833,-25.618611,205
-57.035556,-25.618611,191
-57.035278,-25.618611,184
-57.035000,-25.618611,180
-57.034722,-25.618611,179
-57.034444,-25.618611,173
-57.034167,-25.618611,170
-57.033889,-25.618611,161
-57.033611,-25.618611,159
-57.033333,-25.618611,154
-57.033056,-25.618611,149
-57.032778,-25.618611,154
-57.032500,-25.618611,142
-57.032222,-25.618611,138
-57.031944,-25.618611,139
-57.031667,-25.618611,140
-57.031389,-25.618611,142
-57.031111,-25.618611,140
-57.030833,-25.618611,142
-57.030556,-25.618611,140
-57.030278,-25.618611,139
-57.030000,-25.618611,145
-57.029722,-25.618611,152
-57.029444,-25.618611,154
-57.029167,-25.618611,158
-57.028889,-25.618611,165
-57.028611,-25.618611,177
-57.028333,-25.618611,183
-57.028056,-25.618611,184
-57.027778,-25.618611,179
-57.027500,-25.618611,169
-57.027222,-25.618611,165
-57.026944,-25.618611,161
-57.026667,-25.618611,155
-57.026389,-25.618611,155
-57.026111,-25.618611,155
-57.025833,-25.618611,155
-57.025556,-25.618611,157
-57.025278,-25.618611,159
-57.025000,-25.618611,159
-57.024722,-25.618611,160
-57.024444,-25.618611,160
-57.024167,-25.618611,163
-57.023889,-25.618611,165
-57.023611,-25.618611,169
-57.023333,-25.618611,177
-57.023056,-25.618611,185
-57.022778,-25.618611,186
-57.022500,-25.618611,189
-57.022222,-25.618611,191
-57.021944,-25.618611,193
-57.021667,-25.618611,195
-57.021389,-25.618611,200
-57.021111,-25.618611,201
-57.020833,-25.618611,205
-57.020556,-25.618611,205
-57.020278,-25.618611,208
-57.020000,-25.618611,209
-57.019722,-25.618611,211
-57.019444,-25.618611,212
-57.019167,-25.618611,214
-57.018889,-25.618611,221
-57.018611,-25.618611,224
-57.018333,-25.618611,225
-57.018056,-25.618611,226
-57.017778,-25.618611,228
-57.017500,-25.618611,239
-57.017222,-25.618611,247
-57.016944,-25.618611,250
-57.016667,-25.618611,262
-57.016389,-25.618611,274
-57.016111,-25.618611,273
-57.015833,-25.618611,271
-57.015556,-25.618611,269
-57.015278,-25.618611,270
-57.045000,-25.618889,214
-57.044722,-25.618889,211
-57.044444,-25.618889,210
-57.044167,-25.618889,208
-57.043889,-25.618889,208
-57.043611,-25.618889,207
-57.043333,-25.618889,209
-57.043056,-25.618889,208
-57.042778,-25.618889,208
-57.042500,-25.618889,209
-57.042222,-25.618889,208
-57.041944,-25.618889,208
-57.041667,-25.618889,215
-57.041389,-25.618889,225
-57.041111,-25.618889,229
-57.040833,-25.618889,228
-57.040556,-25.618889,228
-57.040278,-25.618889,231
-57.040000,-25.618889,239
-57.039722,-25.618889,240
-57.039444,-25.618889,242
-57.039167,-25.618889,239
-57.038889,-25.618889,238
-57.038611,-25.618889,239
-57.038333,-25.618889,237
-57.038056,-25.618889,241
-57.037778,-25.618889,246
-57.037500,-25.618889,251
-57.037222,-25.618889,253
-57.036944,-25.618889,251
-57.036667,-25.618889,242
-57.036389,-25.618889,233
-57.036111,-25.618889,223
-57.035833,-25.618889,208
-57.035556,-25.618889,194
-57.035278,-25.618889,186
-57.035000,-25.618889,181
-57.034722,-25.618889,177
-57.034444,-25.618889,174
-57.034167,-25.618889,168
-57.033889,-25.618889,164
-57.033611,-25.618889,161
-57.033333,-25.618889,155
-57.033056,-25.618889,147
-57.032778,-25.618889,153
-57.032500,-25.618889,146
-57.032222,-25.618889,138
-57.031944,-25.618889,139
-57.031667,-25.618889,141
-57.031389,-25.618889,139
-57.031111,-25.618889,140
-57.030833,-25.618889,141
-57.030556,-25.618889,140
-57.030278,-25.618889,138
-57.030000,-25.618889,140
-57.029722,-25.618889,149
-57.029444,-25.618889,151
-57.029167,-25.618889,155
-57.028889,-25.618889,159
-57.028611,-25.618889,166
-57.028333,-25.618889,172
-57.028056,-25.618889,180
-57.027778,-25.618889,178
-57.027500,-25.618889,165
-57.027222,-25.618889,161
-57.026944,-25.618889,157
-57.026667,-25.618889,156
-57.026389,-25.618889,153
-57.026111,-25.618889,155
-57.025833,-25.618889,155
-57.025556,-25.618889,153
-57.025278,-25.618889,155
-57.025000,-25.618889,159
-57.024722,-25.618889,159
-57.024444,-25.618889,157
-57.024167,-25.618889,161
-57.023889,-25.618889,163
-57.023611,-25.618889,166
-57.023333,-25.618889,176
-57.023056,-25.618889,183
-57.022778,-25.618889,188
-57.022500,-25.618889,191
-57.022222,-25.618889,192
-57.021944,-25.618889,195
-57.021667,-25.618889,197
-57.021389,-25.618889,200
-57.021111,-25.618889,203
-57.020833,-25.618889,207
-57.020556,-25.618889,208
-57.020278,-25.618889,211
-57.020000,-25.618889,210
-57.019722,-25.618889,214
-57.019444,-25.618889,214
-57.019167,-25.618889,218
-57.018889,-25.618889,230
-57.018611,-25.618889,229
-57.018333,-25.618889,226
-57.018056,-25.618889,229
-57.017778,-25.618889,231
-57.017500,-25.618889,244
-57.017222,-25.618889,251
-57.016944,-25.618889,258
-57.016667,-25.618889,275
-57.016389,-25.618889,286
-57.016111,-25.618889,284
-57.015833,-25.618889,282
-57.015556,-25.618889,277
-57.015278,-25.618889,275
-57.045000,-25.619167,213
-57.044722,-25.619167,210
-57.044444,-25.619167,209
-57.044167,-25.619167,207
-57.043889,-25.619167,205
-57.043611,-25.619167,205
-57.043333,-25.619167,206
-57.043056,-25.619167,206
-57.042778,-25.619167,206
-57.042500,-25.619167,207
-57.042222,-25.619167,206
-57.041944,-25.619167,206
-57.041667,-25.619167,208
-57.041389,-25.619167,214
-57.041111,-25.619167,221
-57.040833,-25.619167,226
-57.040556,-25.619167,226
-57.040278,-25.619167,229
-57.040000,-25.619167,232
-57.039722,-25.619167,229
-57.039444,-25.619167,225
-57.039167,-25.619167,221
-57.038889,-25.619167,224
-57.038611,-25.619167,222
-57.038333,-25.619167,222
-57.038056,-25.619167,226
-57.037778,-25.619167,230
-57.037500,-25.619167,236
-57.037222,-25.619167,242
-57.036944,-25.619167,244
-57.036667,-25.619167,247
-57.036389,-25.619167,243
-57.036111,-25.619167,232
-57.035833,-25.619167,217
-57.035556,-25.619167,205
-57.035278,-25.619167,191
-57.035000,-25.619167,182
-57.034722,-25.619167,176
-57.034444,-25.619167,175
-57.034167,-25.619167,171
-57.033889,-25.619167,169
-57.033611,-25.619167,163
-57.033333,-25.619167,159
-57.033056,-25.619167,152
-57.032778,-25.619167,151
-57.032500,-25.619167,148
-57.032222,-25.619167,140
-57.031944,-25.619167,139
-57.031667,-25.619167,140
-57.031389,-25.619167,137
-57.031111,-25.619167,138
-57.030833,-25.619167,140
-57.030556,-25.619167,138
-57.030278,-25.619167,136
-57.030000,-25.619167,138
-57.029722,-25.619167,142
-57.029444,-25.619167,147
-57.029167,-25.619167,150
-57.028889,-25.619167,154
-57.028611,-25.619167,156
-57.028333,-25.619167,157
-57.028056,-25.619167,161
-57.027778,-25.619167,159
-57.027500,-25.619167,158
-57.027222,-25.619167,156
-57.026944,-25.619167,154
-57.026667,-25.619167,154
-57.026389,-25.619167,153
-57.026111,-25.619167,155
-57.025833,-25.619167,155
-57.025556,-25.619167,149
-57.025278,-25.619167,152
-57.025000,-25.619167,156
-57.024722,-25.619167,158
-57.024444,-25.619167,158
-57.024167,-25.619167,162
-57.023889,-25.619167,165
-57.023611,-25.619167,168
-57.023333,-25.619167,176
-57.023056,-25.619167,183
-57.022778,-25.619167,189
-57.022500,-25.619167,191
-57.022222,-25.619167,193
-57.021944,-25.619167,196
-57.021667,-25.619167,198
-57.021389,-25.619167,204
-57.021111,-25.619167,208
-57.020833,-25.619167,212
-57.020556,-25.619167,214
-57.020278,-25.619167,220
-57.020000,-25.619167,221
-57.019722,-25.619167,221
-57.019444,-25.619167,222
-57.019167,-25.619167,233
-57.018889,-25.619167,243
-57.018611,-25.619167,244
-57.018333,-25.619167,235
-57.018056,-25.619167,234
-57.017778,-25.619167,238
-57.017500,-25.619167,252
-57.017222,-25.619167,265
-57.016944,-25.619167,279
-57.016667,-25.619167,293
-57.016389,-25.619167,303
-57.016111,-25.619167,302
-57.015833,-25.619167,297
-57.015556,-25.619167,294
-57.015278,-25.619167,288
-57.045000,-25.619444,211
-57.044722,-25.619444,210
-57.044444,-25.619444,208
-57.044167,-25.619444,206
-57.043889,-25.619444,204
-57.043611,-25.619444,203
-57.043333,-25.619444,203
-57.043056,-25.619444,204
-57.042778,-25.619444,204
-57.042500,-25.619444,204
-57.042222,-25.619444,203
-57.041944,-25.619444,204
-57.041667,-25.619444,205
-57.041389,-25.619444,206
-57.041111,-25.619444,209
-57.040833,-25.619444,214
-57.040556,-25.619444,219
-57.040278,-25.619444,224
-57.040000,-25.619444,225
-57.039722,-25.619444,223
-57.039444,-25.619444,218
-57.039167,-25.619444,215
-57.038889,-25.619444,215
-57.038611,-25.619444,213
-57.038333,-25.619444,213
-57.038056,-25.619444,214
-57.037778,-25.619444,214
-57.037500,-25.619444,220
-57.037222,-25.619444,224
-57.036944,-25.619444,231
-57.036667,-25.619444,240
-57.036389,-25.619444,241
-57.036111,-25.619444,237
-57.035833,-25.619444,225
-57.035556,-25.619444,216
-57.035278,-25.619444,199
-57.035000,-25.619444,184
-57.034722,-25.619444,176
-57.034444,-25.619444,173
-57.034167,-25.619444,171
-57.033889,-25.619444,166
-57.033611,-25.619444,162
-57.033333,-25.619444,161
-57.033056,-25.619444,159
-57.032778,-25.619444,155
-57.032500,-25.619444,150
-57.032222,-25.619444,140
-57.031944,-25.619444,139
-57.031667,-25.619444,139
-57.031389,-25.619444,139
-57.031111,-25.619444,139
-57.030833,-25.619444,139
-57.030556,-25.619444,136
-57.030278,-25.619444,136
-57.030000,-25.619444,136
-57.029722,-25.619444,138
-57.029444,-25.619444,139
-57.029167,-25.619444,148
-57.028889,-25.619444,151
-57.028611,-25.619444,153
-57.028333,-25.619444,155
-57.028056,-25.619444,155
-57.027778,-25.619444,155
-57.027500,-25.619444,153
-57.027222,-25.619444,152
-57.026944,-25.619444,154
-57.026667,-25.619444,153
-57.026389,-25.619444,152
-57.026111,-25.619444,152
-57.025833,-25.619444,150
-57.025556,-25.619444,149
-57.025278,-25.619444,152
-57.025000,-25.619444,154
-57.024722,-25.619444,157
-57.024444,-25.619444,160
-57.024167,-25.619444,164
-57.023889,-25.619444,170
-57.023611,-25.619444,178
-57.023333,-25.619444,184
-57.023056,-25.619444,188
-57.022778,-25.619444,191
-57.022500,-25.619444,195
-57.022222,-25.619444,198
-57.021944,-25.619444,200
-57.021667,-25.619444,203
-57.021389,-25.619444,212
-57.021111,-25.619444,220
-57.020833,-25.619444,225
-57.020556,-25.619444,231
-57.020278,-25.619444,238
-57.020000,-25.619444,241
-57.019722,-25.619444,233
-57.019444,-25.619444,232
-57.019167,-25.619444,239
-57.018889,-25.619444,252
-57.018611,-25.619444,261
-57.018333,-25.619444,257
-57.018056,-25.619444,251
-57.017778,-25.619444,253
-57.017500,-25.619444,262
-57.017222,-25.619444,280
-57.016944,-25.619444,293
-57.016667,-25.619444,309
-57.016389,-25.619444,319
-57.016111,-25.619444,322
-57.015833,-25.619444,316
-57.015556,-25.619444,311
-57.015278,-25.619444,307
-57.045000,-25.619722,209
-57.044722,-25.619722,208
-57.044444,-25.619722,207
-57.044167,-25.619722,206
-57.043889,-25.619722,203
-57.043611,-25.619722,201
-57.043333,-25.619722,200
-57.043056,-25.619722,201
-57.042778,-25.619722,203
-57.042500,-25.619722,201
-57.042222,-25.619722,201
-57.041944,-25.619722,204
-57.041667,-25.619722,203
-57.041389,-25.619722,203
-57.041111,-25.619722,205
-57.040833,-25.619722,207
-57.040556,-25.619722,209
-57.040278,-25.619722,213
-57.040000,-25.619722,217
-57.039722,-25.619722,221
-57.039444,-25.619722,217
-57.039167,-25.619722,210
-57.038889,-25.619722,209
-57.038611,-25.619722,213
-57.038333,-25.619722,210
-57.038056,-25.619722,209
-57.037778,-25.619722,209
-57.037500,-25.619722,210
-57.037222,-25.619722,217
-57.036944,-25.619722,222
-57.036667,-25.619722,229
-57.036389,-25.619722,234
-57.036111,-25.619722,237
-57.035833,-25.619722,222
-57.035556,-25.619722,215
-57.035278,-25.619722,204
-57.035000,-25.619722,188
-57.034722,-25.619722,181
-57.034444,-25.619722,175
-57.034167,-25.619722,172
-57.033889,-25.619722,161
-57.033611,-25.619722,159
-57.033333,-25.619722,157
-57.033056,-25.619722,158
-57.032778,-25.619722,156
-57.032500,-25.619722,151
-57.032222,-25.619722,143
-57.031944,-25.619722,140
-57.031667,-25.619722,138
-57.031389,-25.619722,138
-57.031111,-25.619722,141
-57.030833,-25.619722,137
-57.030556,-25.619722,136
-57.030278,-25.619722,136
-57.030000,-25.619722,137
-57.029722,-25.619722,137
-57.029444,-25.619722,137
-57.029167,-25.619722,141
-57.028889,-25.619722,143
-57.028611,-25.619722,146
-57.028333,-25.619722,150
-57.028056,-25.619722,151
-57.027778,-25.619722,153
-57.027500,-25.619722,148
-57.027222,-25.619722,147
-57.026944,-25.619722,150
-57.026667,-25.619722,150
-57.026389,-25.619722,154
-57.026111,-25.619722,151
-57.025833,-25.619722,147
-57.025556,-25.619722,149
-57.025278,-25.619722,152
-57.025000,-25.619722,155
-57.024722,-25.619722,158
-57.024444,-25.619722,160
-57.024167,-25.619722,164
-57.023889,-25.619722,175
-57.023611,-25.619722,183
-57.023333,-25.619722,189
-57.023056,-25.619722,195
-57.022778,-25.619722,203
-57.022500,-25.619722,209
-57.022222,-25.619722,211
-57.021944,-25.619722,209
-57.021667,-25.619722,213
-57.021389,-25.619722,221
-57.021111,-25.619722,227
-57.020833,-25.619722,236
-57.020556,-25.619722,243
-57.020278,-25.619722,254
-57.020000,-25.619722,258
-57.019722,-25.619722,248
-57.019444,-25.619722,245
-57.019167,-25.619722,244
-57.018889,-25.619722,250
-57.018611,-25.619722,260
-57.018333,-25.619722,270
-57.018056,-25.619722,268
-57.017778,-25.619722,266
-57.017500,-25.619722,271
-57.017222,-25.619722,284
-57.016944,-25.619722,297
-57.016667,-25.619722,317
-57.016389,-25.619722,329
-57.016111,-25.619722,334
-57.015833,-25.619722,331
-57.015556,-25.619722,322
-57.015278,-25.619722,313
-57.045000,-25.620000,207
-57.044722,-25.620000,205
-57.044444,-25.620000,205
-57.044167,-25.620000,205
-57.043889,-25.620000,203
-57.043611,-25.620000,201
-57.043333,-25.620000,199
-57.043056,-25.620000,199
-57.042778,-25.620000,201
-57.042500,-25.620000,199
-57.042222,-25.620000,199
-57.041944,-25.620000,202
-57.041667,-25.620000,201
-57.041389,-25.620000,200
-57.041111,-25.620000,202
-57.040833,-25.620000,203
-57.040556,-25.620000,202
-57.040278,-25.620000,201
-57.040000,-25.620000,203
-57.039722,-25.620000,206
-57.039444,-25.620000,212
-57.039167,-25.620000,206
-57.038889,-25.620000,204
-57.038611,-25.620000,207
-57.038333,-25.620000,204
-57.038056,-25.620000,203
-57.037778,-25.620000,206
-57.037500,-25.620000,210
-57.037222,-25.620000,213
-57.036944,-25.620000,214
-57.036667,-25.620000,216
-57.036389,-25.620000,220
-57.036111,-25.620000,219
-57.035833,-25.620000,213
-57.035556,-25.620000,207
-57.035278,-25.620000,201
-57.035000,-25.620000,190
-57.034722,-25.620000,182
-57.034444,-25.620000,174
-57.034167,-25.620000,167
-57.033889,-25.620000,162
-57.033611,-25.620000,157
-57.033333,-25.620000,154
-57.033056,-25.620000,153
-57.032778,-25.620000,152
-57.032500,-25.620000,148
-57.032222,-25.620000,142
-57.031944,-25.620000,140
-57.031667,-25.620000,138
-57.031389,-25.620000,139
-57.031111,-25.620000,139
-57.030833,-25.620000,138
-57.030556,-25.620000,139
-57.030278,-25.620000,136
-57.030000,-25.620000,136
-57.029722,-25.620000,136
-57.029444,-25.620000,137
-57.029167,-25.620000,139
-57.028889,-25.620000,140
-57.028611,-25.620000,142
-57.028333,-25.620000,143
-57.028056,-25.620000,145
-57.027778,-25.620000,144
-57.027500,-25.620000,143
-57.027222,-25.620000,143
-57.026944,-25.620000,142
-57.026667,-25.620000,146
-57.026389,-25.620000,152
-57.026111,-25.620000,148
-57.025833,-25.620000,147
-57.025556,-25.620000,150
-57.025278,-25.620000,153
-57.025000,-25.620000,155
-57.024722,-25.620000,158
-57.024444,-25.620000,161
-57.024167,-25.620000,165
-57.023889,-25.620000,172
-57.023611,-25.620000,184
-57.023333,-25.620000,193
-57.023056,-25.620000,205
-57.022778,-25.620000,217
-57.022500,-25.620000,228
-57.022222,-25.620000,231
-57.021944,-25.620000,229
-57.021667,-25.620000,231
-57.021389,-25.620000,230
-57.021111,-25.620000,230
-57.020833,-25.620000,238
-57.020556,-25.620000,247
-57.020278,-25.620000,267
-57.020000,-25.620000,270
-57.019722,-25.620000,267
-57.019444,-25.620000,265
-57.019167,-25.620000,263
-57.018889,-25.620000,261
-57.018611,-25.620000,266
-57.018333,-25.620000,276
-57.018056,-25.620000,282
-57.017778,-25.620000,279
-57.017500,-25.620000,281
-57.017222,-25.620000,296
-57.016944,-25.620000,310
-57.016667,-25.620000,326
-57.016389,-25.620000,339
-57.016111,-25.620000,347
-57.015833,-25.620000,344
-57.015556,-25.620000,336
-57.015278,-25.620000,326
-57.045000,-25.620278,205
-57.044722,-25.620278,204
-57.044444,-25.620278,203
-57.044167,-25.620278,202
-57.043889,-25.620278,202
-57.043611,-25.620278,200
-57.043333,-25.620278,199
-57.043056,-25.620278,200
-57.042778,-25.620278,200
-57.042500,-25.620278,199
-57.042222,-25.620278,199
-57.041944,-25.620278,201
-57.041667,-25.620278,198
-57.041389,-25.620278,199
-57.041111,-25.620278,198
-57.040833,-25.620278,198
-57.040556,-25.620278,200
-57.040278,-25.620278,200
-57.040000,-25.620278,197
-57.039722,-25.620278,197
-57.039444,-25.620278,200
-57.039167,-25.620278,203
-57.038889,-25.620278,201
-57.038611,-25.620278,198
-57.038333,-25.620278,195
-57.038056,-25.620278,200
-57.037778,-25.620278,201
-57.037500,-25.620278,202
-57.037222,-25.620278,201
-57.036944,-25.620278,202
-57.036667,-25.620278,204
-57.036389,-25.620278,203
-57.036111,-25.620278,203
-57.035833,-25.620278,203
-57.035556,-25.620278,197
-57.035278,-25.620278,194
-57.035000,-25.620278,190
-57.034722,-25.620278,181
-57.034444,-25.620278,173
-57.034167,-25.620278,168
-57.033889,-25.620278,161
-57.033611,-25.620278,156
-57.033333,-25.620278,153
-57.033056,-25.620278,151
-57.032778,-25.620278,149
-57.032500,-25.620278,145
-57.032222,-25.620278,141
-57.031944,-25.620278,139
-57.031667,-25.620278,138
-57.031389,-25.620278,137
-57.031111,-25.620278,139
-57.030833,-25.620278,138
-57.030556,-25.620278,138
-57.030278,-25.620278,137
-57.030000,-25.620278,136
-57.029722,-25.620278,137
-57.029444,-25.620278,138
-57.029167,-25.620278,138
-57.028889,-25.620278,138
-57.028611,-25.620278,139
-57.028333,-25.620278,140
-57.028056,-25.620278,140
-57.027778,-25.620278,140
-57.027500,-25.620278,141
-57.027222,-25.620278,141
-57.026944,-25.620278,141
-57.026667,-25.620278,145
-57.026389,-25.620278,148
-57.026111,-25.620278,146
-57.025833,-25.620278,148
-57.025556,-25.620278,150
-57.025278,-25.620278,153
-57.025000,-25.620278,156
-57.024722,-25.620278,159
-57.024444,-25.620278,162
-57.024167,-25.620278,165
-57.023889,-25.620278,173
-57.023611,-25.620278,184
-57.023333,-25.620278,196
-57.023056,-25.620278,211
-57.022778,-25.620278,226
-57.022500,-25.620278,236
-57.022222,-25.620278,240
-57.021944,-25.620278,240
-57.021667,-25.620278,243
-57.021389,-25.620278,237
-57.021111,-25.620278,235
-57.020833,-25.620278,237
-57.020556,-25.620278,246
-57.020278,-25.620278,265
-57.020000,-25.620278,277
-57.019722,-25.620278,285
-57.019444,-25.620278,285
-57.019167,-25.620278,282
-57.018889,-25.620278,282
-57.018611,-25.620278,283
-57.018333,-25.620278,284
-57.018056,-25.620278,292
-57.017778,-25.620278,295
-57.017500,-25.620278,299
-57.017222,-25.620278,310
-57.016944,-25.620278,322
-57.016667,-25.620278,335
-57.016389,-25.620278,352
-57.016111,-25.620278,360
-57.015833,-25.620278,360
-57.015556,-25.620278,353
-57.015278,-25.620278,343
-57.045000,-25.620556,204
-57.044722,-25.620556,203
-57.044444,-25.620556,201
-57.044167,-25.620556,201
-57.043889,-25.620556,201
-57.043611,-25.620556,199
-57.043333,-25.620556,198
-57.043056,-25.620556,202
-57.042778,-25.620556,200
-57.042500,-25.620556,199
-57.042222,-25.620556,198
-57.041944,-25.620556,200
-57.041667,-25.620556,196
-57.041389,-25.620556,197
-57.041111,-25.620556,197
-57.040833,-25.620556,196
-57.040556,-25.620556,198
-57.040278,-25.620556,198
-57.040000,-25.620556,195
-57.039722,-25.620556,195
-57.039444,-25.620556,194
-57.039167,-25.620556,195
-57.038889,-25.620556,197
-57.038611,-25.620556,199
-57.038333,-25.620556,197
-57.038056,-25.620556,195
-57.037778,-25.620556,192
-57.037500,-25.620556,191
-57.037222,-25.620556,192
-57.036944,-25.620556,191
-57.036667,-25.620556,195
-57.036389,-25.620556,194
-57.036111,-25.620556,193
-57.035833,-25.620556,191
-57.035556,-25.620556,191
-57.035278,-25.620556,188
-57.035000,-25.620556,187
-57.034722,-25.620556,181
-57.034444,-25.620556,174
-57.034167,-25.620556,169
-57.033889,-25.620556,164
-57.033611,-25.620556,161
-57.033333,-25.620556,154
-57.033056,-25.620556,149
-57.032778,-25.620556,147
-57.032500,-25.620556,144
-57.032222,-25.620556,142
-57.031944,-25.620556,139
-57.031667,-25.620556,137
-57.031389,-25.620556,136
-57.031111,-25.620556,137
-57.030833,-25.620556,138
-57.030556,-25.620556,140
-57.030278,-25.620556,138
-57.030000,-25.620556,136
-57.029722,-25.620556,136
-57.029444,-25.620556,137
-57.029167,-25.620556,137
-57.028889,-25.620556,137
-57.028611,-25.620556,138
-57.028333,-25.620556,139
-57.028056,-25.620556,139
-57.027778,-25.620556,139
-57.027500,-25.620556,142
-57.027222,-25.620556,141
-57.026944,-25.620556,141
-57.026667,-25.620556,144
-57.026389,-25.620556,146
-57.026111,-25.620556,148
-57.025833,-25.620556,148
-57.025556,-25.620556,150
-57.025278,-25.620556,153
-57.025000,-25.620556,154
-57.024722,-25.620556,159
-57.024444,-25.620556,160
-57.024167,-25.620556,164
-57.023889,-25.620556,171
-57.023611,-25.620556,181
-57.023333,-25.620556,194
-57.023056,-25.620556,208
-57.022778,-25.620556,222
-57.022500,-25.620556,235
-57.022222,-25.620556,242
-57.021944,-25.620556,243
-57.021667,-25.620556,245
-57.021389,-25.620556,242
-57.021111,-25.620556,241
-57.020833,-25.620556,240
-57.020556,-25.620556,247
-57.020278,-25.620556,260
-57.020000,-25.620556,278
-57.019722,-25.620556,291
-57.019444,-25.620556,296
-57.019167,-25.620556,296
-57.018889,-25.620556,297
-57.018611,-25.620556,297
-57.018333,-25.620556,295
-57.018056,-25.620556,305
-57.017778,-25.620556,311
-57.017500,-25.620556,317
-57.017222,-25.620556,325
-57.016944,-25.620556,333
-57.016667,-25.620556,343
-57.016389,-25.620556,360
-57.016111,-25.620556,369
-57.015833,-25.620556,372
-57.015556,-25.620556,363
-57.015278,-25.620556,353
-57.045000,-25.620833,203
-57.044722,-25.620833,201
-57.044444,-25.620833,200
-57.044167,-25.620833,200
-57.043889,-25.620833,198
-57.043611,-25.620833,198
-57.043333,-25.620833,198
-57.043056,-25.620833,200
-57.042778,-25.620833,198
-57.042500,-25.620833,197
-57.042222,-25.620833,199
-57.041944,-25.620833,200
-57.041667,-25.620833,194
-57.041389,-25.620833,197
-57.041111,-25.620833,196
-57.040833,-25.620833,196
-57.040556,-25.620833,198
-57.040278,-25.620833,195
-57.040000,-25.620833,193
-57.039722,-25.620833,192
-57.039444,-25.620833,192
-57.039167,-25.620833,192
-57.038889,-25.620833,190
-57.038611,-25.620833,194
-57.038333,-25.620833,200
-57.038056,-25.620833,195
-57.037778,-25.620833,194
-57.037500,-25.620833,185
-57.037222,-25.620833,187
-57.036944,-25.620833,186
-57.036667,-25.620833,187
-57.036389,-25.620833,185
-57.036111,-25.620833,183
-57.035833,-25.620833,178
-57.035556,-25.620833,183
-57.035278,-25.620833,183
-57.035000,-25.620833,181
-57.034722,-25.620833,175
-57.034444,-25.620833,170
-57.034167,-25.620833,167
-57.033889,-25.620833,164
-57.033611,-25.620833,160
-57.033333,-25.620833,155
-57.033056,-25.620833,148
-57.032778,-25.620833,146
-57.032500,-25.620833,144
-57.032222,-25.620833,140
-57.031944,-25.620833,137
-57.031667,-25.620833,136
-57.031389,-25.620833,137
-57.031111,-25.620833,136
-57.030833,-25.620833,139
-57.030556,-25.620833,141
-57.030278,-25.620833,136
-57.030000,-25.620833,135
-57.029722,-25.620833,137
-57.029444,-25.620833,136
-57.029167,-25.620833,136
-57.028889,-25.620833,137
-57.028611,-25.620833,138
-57.028333,-25.620833,138
-57.028056,-25.620833,139
-57.027778,-25.620833,140
-57.027500,-25.620833,140
-57.027222,-25.620833,141
-57.026944,-25.620833,141
-57.026667,-25.620833,142
-57.026389,-25.620833,145
-57.026111,-25.620833,146
-57.025833,-25.620833,148
-57.025556,-25.620833,149
-57.025278,-25.620833,153
-57.025000,-25.620833,155
-57.024722,-25.620833,157
-57.024444,-25.620833,160
-57.024167,-25.620833,164
-57.023889,-25.620833,166
-57.023611,-25.620833,171
-57.023333,-25.620833,183
-57.023056,-25.620833,196
-57.022778,-25.620833,206
-57.022500,-25.620833,216
-57.022222,-25.620833,226
-57.021944,-25.620833,236
-57.021667,-25.620833,240
-57.021389,-25.620833,247
-57.021111,-25.620833,249
-57.020833,-25.620833,247
-57.020556,-25.620833,249
-57.020278,-25.620833,254
-57.020000,-25.620833,271
-57.019722,-25.620833,289
-57.019444,-25.620833,302
-57.019167,-25.620833,307
-57.018889,-25.620833,309
-57.018611,-25.620833,306
-57.018333,-25.620833,308
-57.018056,-25.620833,318
-57.017778,-25.620833,324
-57.017500,-25.620833,333
-57.017222,-25.620833,338
-57.016944,-25.620833,343
-57.016667,-25.620833,353
-57.016389,-25.620833,363
-57.016111,-25.620833,375
-57.015833,-25.620833,380
-57.015556,-25.620833,371
-57.015278,-25.620833,359
-57.045000,-25.621111,201
-57.044722,-25.621111,200
-57.044444,-25.621111,199
-57.044167,-25.621111,198
-57.043889,-25.621111,198
-57.043611,-25.621111,196
-57.043333,-25.621111,194
-57.043056,-25.621111,194
-57.042778,-25.621111,195
-57.042500,-25.621111,195
-57.042222,-25.621111,194
-57.041944,-25.621111,195
-57.041667,-25.621111,197
-57.041389,-25.621111,194
-57.041111,-25.621111,193
-57.040833,-25.621111,193
-57.040556,-25.621111,194
-57.040278,-25.621111,193
-57.040000,-25.621111,193
-57.039722,-25.621111,192
-57.039444,-25.621111,193
-57.039167,-25.621111,191
-57.038889,-25.621111,185
-57.038611,-25.621111,190
-57.038333,-25.621111,194
-57.038056,-25.621111,196
-57.037778,-25.621111,202
-57.037500,-25.621111,193
-57.037222,-25.621111,182
-57.036944,-25.621111,181
-57.036667,-25.621111,180
-57.036389,-25.621111,181
-57.036111,-25.621111,177
-57.035833,-25.621111,176
-57.035556,-25.621111,177
-57.035278,-25.621111,178
-57.035000,-25.621111,171
-57.034722,-25.621111,163
-57.034444,-25.621111,162
-57.034167,-25.621111,162
-57.033889,-25.621111,160
-57.033611,-25.621111,158
-57.033333,-25.621111,152
-57.033056,-25.621111,146
-57.032778,-25.621111,144
-57.032500,-25.621111,144
-57.032222,-25.621111,139
-57.031944,-25.621111,137
-57.031667,-25.621111,137
-57.031389,-25.621111,139
-57.031111,-25.621111,136
-57.030833,-25.621111,137
-57.030556,-25.621111,138
-57.030278,-25.621111,138
-57.030000,-25.621111,137
-57.029722,-25.621111,137
-57.029444,-25.621111,136
-57.029167,-25.621111,136
-57.028889,-25.621111,138
-57.028611,-25.621111,139
-57.028333,-25.621111,138
-57.028056,-25.621111,141
-57.027778,-25.621111,141
-57.027500,-25.621111,140
-57.027222,-25.621111,142
-57.026944,-25.621111,144
-57.026667,-25.621111,147
-57.026389,-25.621111,145
-57.026111,-25.621111,145
-57.025833,-25.621111,147
-57.025556,-25.621111,152
-57.025278,-25.621111,157
-57.025000,-25.621111,153
-57.024722,-25.621111,155
-57.024444,-25.621111,159
-57.024167,-25.621111,161
-57.023889,-25.621111,163
-57.023611,-25.621111,167
-57.023333,-25.621111,172
-57.023056,-25.621111,184
-57.022778,-25.621111,195
-57.022500,-25.621111,201
-57.022222,-25.621111,206
-57.021944,-25.621111,219
-57.021667,-25.621111,233
-57.021389,-25.621111,246
-57.021111,-25.621111,254
-57.020833,-25.621111,256
-57.020556,-25.621111,256
-57.020278,-25.621111,263
-57.020000,-25.621111,271
-57.019722,-25.621111,283
-57.019444,-25.621111,299
-57.019167,-25.621111,311
-57.018889,-25.621111,316
-57.018611,-25.621111,315
-57.018333,-25.621111,320
-57.018056,-25.621111,325
-57.017778,-25.621111,333
-57.017500,-25.621111,343
-57.017222,-25.621111,348
-57.016944,-25.621111,349
-57.016667,-25.621111,353
-57.016389,-25.621111,362
-57.016111,-25.621111,373
-57.015833,-25.621111,378
-57.015556,-25.621111,369
-57.015278,-25.621111,359
-57.045000,-25.621389,199
-57.044722,-25.621389,199
-57.044444,-25.621389,197
-57.044167,-25.621389,197
-57.043889,-25.621389,196
-57.043611,-25.621389,195
-57.043333,-25.621389,194
-57.043056,-25.621389,194
-57.042778,-25.621389,194
-57.042500,-25.621389,194
-57.042222,-25.621389,193
-57.041944,-25.621389,194
-57.041667,-25.621389,195
-57.041389,-25.621389,196
-57.041111,-25.621389,196
-57.040833,-25.621389,192
-57.040556,-25.621389,192
-57.040278,-25.621389,191
-57.040000,-25.621389,193
-57.039722,-25.621389,194
-57.039444,-25.621389,193
-57.039167,-25.621389,191
-57.038889,-25.621389,185
-57.038611,-25.621389,186
-57.038333,-25.621389,188
-57.038056,-25.621389,188
-57.037778,-25.621389,194
-57.037500,-25.621389,189
-57.037222,-25.621389,178
-57.036944,-25.621389,174
-57.036667,-25.621389,177
-57.036389,-25.621389,175
-57.036111,-25.621389,171
-57.035833,-25.621389,172
-57.035556,-25.621389,172
-57.035278,-25.621389,168
-57.035000,-25.621389,161
-57.034722,-25.621389,158
-57.034444,-25.621389,156
-57.034167,-25.621389,154
-57.033889,-25.621389,153
-57.033611,-25.621389,156
-57.033333,-25.621389,148
-57.033056,-25.621389,144
-57.032778,-25.621389,142
-57.032500,-25.621389,141
-57.032222,-25.621389,137
-57.031944,-25.621389,137
-57.031667,-25.621389,141
-57.031389,-25.621389,138
-57.031111,-25.621389,136
-57.030833,-25.621389,137
-57.030556,-25.621389,138
-57.030278,-25.621389,140
-57.030000,-25.621389,139
-57.029722,-25.621389,138
-57.029444,-25.621389,140
-57.029167,-25.621389,138
-57.028889,-25.621389,138
-57.028611,-25.621389,137
-57.028333,-25.621389,139
-57.028056,-25.621389,142
-57.027778,-25.621389,141
-57.027500,-25.621389,139
-57.027222,-25.621389,141
-57.026944,-25.621389,142
-57.026667,-25.621389,143
-57.026389,-25.621389,144
-57.026111,-25.621389,146
-57.025833,-25.621389,149
-57.025556,-25.621389,155
-57.025278,-25.621389,157
-57.025000,-25.621389,153
-57.024722,-25.621389,156
-57.024444,-25.621389,158
-57.024167,-25.621389,161
-57.023889,-25.621389,163
-57.023611,-25.621389,166
-57.023333,-25.621389,169
-57.023056,-25.621389,174
-57.022778,-25.621389,185
-57.022500,-25.621389,191
-57.022222,-25.621389,198
-57.021944,-25.621389,204
-57.021667,-25.621389,222
-57.021389,-25.621389,241
-57.021111,-25.621389,254
-57.020833,-25.621389,257
-57.020556,-25.621389,258
-57.020278,-25.621389,263
-57.020000,-25.621389,275
-57.019722,-25.621389,282
-57.019444,-25.621389,292
-57.019167,-25.621389,304
-57.018889,-25.621389,312
-57.018611,-25.621389,316
-57.018333,-25.621389,324
-57.018056,-25.621389,330
-57.017778,-25.621389,336
-57.017500,-25.621389,344
-57.017222,-25.621389,351
-57.016944,-25.621389,352
-57.016667,-25.621389,351
-57.016389,-25.621389,353
-57.016111,-25.621389,363
-57.015833,-25.621389,369
-57.015556,-25.621389,366
-57.015278,-25.621389,354
-57.045000,-25.621667,201
-57.044722,-25.621667,199
-57.044444,-25.621667,197
-57.044167,-25.621667,195
-57.043889,-25.621667,196
-57.043611,-25.621667,196
-57.043333,-25.621667,197
-57.043056,-25.621667,196
-57.042778,-25.621667,195
-57.042500,-25.621667,193
-57.042222,-25.621667,191
-57.041944,-25.621667,196
-57.041667,-25.621667,193
-57.041389,-25.621667,193
-57.041111,-25.621667,195
-57.040833,-25.621667,192
-57.040556,-25.621667,187
-57.040278,-25.621667,188
-57.040000,-25.621667,192
-57.039722,-25.621667,190
-57.039444,-25.621667,186
-57.039167,-25.621667,185
-57.038889,-25.621667,185
-57.038611,-25.621667,184
-57.038333,-25.621667,183
-57.038056,-25.621667,178
-57.037778,-25.621667,178
-57.037500,-25.621667,177
-57.037222,-25.621667,177
-57.036944,-25.621667,179
-57.036667,-25.621667,176
-57.036389,-25.621667,172
-57.036111,-25.621667,164
-57.035833,-25.621667,162
-57.035556,-25.621667,160
-57.035278,-25.621667,160
-57.035000,-25.621667,154
-57.034722,-25.621667,157
-57.034444,-25.621667,153
-57.034167,-25.621667,150
-57.033889,-25.621667,148
-57.033611,-25.621667,146
-57.033333,-25.621667,145
-57.033056,-25.621667,143
-57.032778,-25.621667,142
-57.032500,-25.621667,140
-57.032222,-25.621667,139
-57.031944,-25.621667,137
-57.031667,-25.621667,138
-57.031389,-25.621667,138
-57.031111,-25.621667,136
-57.030833,-25.621667,136
-57.030556,-25.621667,137
-57.030278,-25.621667,138
-57.030000,-25.621667,139
-57.029722,-25.621667,141
-57.029444,-25.621667,140
-57.029167,-25.621667,137
-57.028889,-25.621667,137
-57.028611,-25.621667,137
-57.028333,-25.621667,141
-57.028056,-25.621667,140
-57.027778,-25.621667,140
-57.027500,-25.621667,139
-57.027222,-25.621667,139
-57.026944,-25.621667,140
-57.026667,-25.621667,141
-57.026389,-25.621667,143
-57.026111,-25.621667,147
-57.025833,-25.621667,153
-57.025556,-25.621667,160
-57.025278,-25.621667,162
-57.025000,-25.621667,157
-57.024722,-25.621667,156
-57.024444,-25.621667,157
-57.024167,-25.621667,160
-57.023889,-25.621667,162
-57.023611,-25.621667,165
-57.023333,-25.621667,167
-57.023056,-25.621667,169
-57.022778,-25.621667,174
-57.022500,-25.621667,179
-57.022222,-25.621667,185
-57.021944,-25.621667,190
-57.021667,-25.621667,205
-57.021389,-25.621667,225
-57.021111,-25.621667,241
-57.020833,-25.621667,250
-57.020556,-25.621667,254
-57.020278,-25.621667,256
-57.020000,-25.621667,266
-57.019722,-25.621667,276
-57.019444,-25.621667,284
-57.019167,-25.621667,294
-57.018889,-25.621667,303
-57.018611,-25.621667,312
-57.018333,-25.621667,320
-57.018056,-25.621667,326
-57.017778,-25.621667,334
-57.017500,-25.621667,341
-57.017222,-25.621667,350
-57.016944,-25.621667,357
-57.016667,-25.621667,351
-57.016389,-25.621667,345
-57.016111,-25.621667,351
-57.015833,-25.621667,359
-57.015556,-25.621667,353
-57.015278,-25.621667,345
-57.045000,-25.621944,202
-57.044722,-25.621944,201
-57.044444,-25.621944,200
-57.044167,-25.621944,199
-57.043889,-25.621944,198
-57.043611,-25.621944,197
-57.043333,-25.621944,201
-57.043056,-25.621944,201
-57.042778,-25.621944,199
-57.042500,-25.621944,192
-57.042222,-25.621944,190
-57.041944,-25.621944,195
-57.041667,-25.621944,190
-57.041389,-25.621944,188
-57.041111,-25.621944,193
-57.040833,-25.621944,188
-57.040556,-25.621944,184
-57.040278,-25.621944,187
-57.040000,-25.621944,190
-57.039722,-25.621944,184
-57.039444,-25.621944,180
-57.039167,-25.621944,180
-57.038889,-25.621944,182
-57.038611,-25.621944,180
-57.038333,-25.621944,177
-57.038056,-25.621944,178
-57.037778,-25.621944,175
-57.037500,-25.621944,170
-57.037222,-25.621944,168
-57.036944,-25.621944,169
-57.036667,-25.621944,174
-57.036389,-25.621944,170
-57.036111,-25.621944,159
-57.035833,-25.621944,154
-57.035556,-25.621944,153
-57.035278,-25.621944,152
-57.035000,-25.621944,151
-57.034722,-25.621944,153
-57.034444,-25.621944,150
-57.034167,-25.621944,147
-57.033889,-25.621944,146
-57.033611,-25.621944,144
-57.033333,-25.621944,142
-57.033056,-25.621944,141
-57.032778,-25.621944,139
-57.032500,-25.621944,139
-57.032222,-25.621944,139
-57.031944,-25.621944,139
-57.031667,-25.621944,143
-57.031389,-25.621944,142
-57.031111,-25.621944,136
-57.030833,-25.621944,136
-57.030556,-25.621944,135
-57.030278,-25.621944,136
-57.030000,-25.621944,138
-57.029722,-25.621944,139
-57.029444,-25.621944,136
-57.029167,-25.621944,136
-57.028889,-25.621944,137
-57.028611,-25.621944,137
-57.028333,-25.621944,138
-57.028056,-25.621944,139
-57.027778,-25.621944,140
-57.027500,-25.621944,139
-57.027222,-25.621944,141
-57.026944,-25.621944,140
-57.026667,-25.621944,140
-57.026389,-25.621944,142
-57.026111,-25.621944,146
-57.025833,-25.621944,150
-57.025556,-25.621944,159
-57.025278,-25.621944,160
-57.025000,-25.621944,159
-57.024722,-25.621944,157
-57.024444,-25.621944,158
-57.024167,-25.621944,158
-57.023889,-25.621944,158
-57.023611,-25.621944,162
-57.023333,-25.621944,168
-57.023056,-25.621944,170
-57.022778,-25.621944,171
-57.022500,-25.621944,173
-57.022222,-25.621944,176
-57.021944,-25.621944,179
-57.021667,-25.621944,190
-57.021389,-25.621944,205
-57.021111,-25.621944,219
-57.020833,-25.621944,235
-57.020556,-25.621944,245
-57.020278,-25.621944,246
-57.020000,-25.621944,257
-57.019722,-25.621944,267
-57.019444,-25.621944,278
-57.019167,-25.621944,292
-57.018889,-25.621944,301
-57.018611,-25.621944,308
-57.018333,-25.621944,318
-57.018056,-25.621944,326
-57.017778,-25.621944,333
-57.017500,-25.621944,338
-57.017222,-25.621944,345
-57.016944,-25.621944,352
-57.016667,-25.621944,346
-57.016389,-25.621944,340
-57.016111,-25.621944,341
-57.015833,-25.621944,342
-57.015556,-25.621944,340
-57.015278,-25.621944,332
-57.045000,-25.622222,198
-57.044722,-25.622222,197
-57.044444,-25.622222,198
-57.044167,-25.622222,197
-57.043889,-25.622222,197
-57.043611,-25.622222,197
-57.043333,-25.622222,199
-57.043056,-25.622222,200
-57.042778,-25.622222,198
-57.042500,-25.622222,191
-57.042222,-25.622222,189
-57.041944,-25.622222,190
-57.041667,-25.622222,188
-57.041389,-25.622222,185
-57.041111,-25.622222,185
-57.040833,-25.622222,181
-57.040556,-25.622222,180
-57.040278,-25.622222,181
-57.040000,-25.622222,183
-57.039722,-25.622222,181
-57.039444,-25.622222,179
-57.039167,-25.622222,178
-57.038889,-25.622222,179
-57.038611,-25.622222,180
-57.038333,-25.622222,174
-57.038056,-25.622222,175
-57.037778,-25.622222,177
-57.037500,-25.622222,176
-57.037222,-25.622222,165
-57.036944,-25.622222,168
-57.036667,-25.622222,167
-57.036389,-25.622222,168
-57.036111,-25.622222,165
-57.035833,-25.622222,160
-57.035556,-25.622222,154
-57.035278,-25.622222,153
-57.035000,-25.622222,150
-57.034722,-25.622222,150
-57.034444,-25.622222,149
-57.034167,-25.622222,145
-57.033889,-25.622222,144
-57.033611,-25.622222,143
-57.033333,-25.622222,141
-57.033056,-25.622222,141
-57.032778,-25.622222,139
-57.032500,-25.622222,138
-57.032222,-25.622222,139
-57.031944,-25.622222,145
-57.031667,-25.622222,150
-57.031389,-25.622222,144
-57.031111,-25.622222,137
-57.030833,-25.622222,137
-57.030556,-25.622222,135
-57.030278,-25.622222,136
-57.030000,-25.622222,140
-57.029722,-25.622222,139
-57.029444,-25.622222,135
-57.029167,-25.622222,136
-57.028889,-25.622222,136
-57.028611,-25.622222,138
-57.028333,-25.622222,138
-57.028056,-25.622222,138
-57.027778,-25.622222,138
-57.027500,-25.622222,137
-57.027222,-25.622222,139
-57.026944,-25.622222,139
-57.026667,-25.622222,141
-57.026389,-25.622222,143
-57.026111,-25.622222,144
-57.025833,-25.622222,148
-57.025556,-25.622222,151
-57.025278,-25.622222,158
-57.025000,-25.622222,157
-57.024722,-25.622222,156
-57.024444,-25.622222,159
-57.024167,-25.622222,156
-57.023889,-25.622222,157
-57.023611,-25.622222,159
-57.023333,-25.622222,165
-57.023056,-25.622222,171
-57.022778,-25.622222,171
-57.022500,-25.622222,170
-57.022222,-25.622222,173
-57.021944,-25.622222,176
-57.021667,-25.622222,184
-57.021389,-25.622222,195
-57.021111,-25.622222,204
-57.020833,-25.622222,213
-57.020556,-25.622222,225
-57.020278,-25.622222,234
-57.020000,-25.622222,248
-57.019722,-25.622222,261
-57.019444,-25.622222,270
-57.019167,-25.622222,288
-57.018889,-25.622222,298
-57.018611,-25.622222,307
-57.018333,-25.622222,318
-57.018056,-25.622222,330
-57.017778,-25.622222,331
-57.017500,-25.622222,334
-57.017222,-25.622222,343
-57.016944,-25.622222,351
-57.016667,-25.622222,347
-57.016389,-25.622222,336
-57.016111,-25.622222,332
-57.015833,-25.622222,330
-57.015556,-25.622222,327
-57.015278,-25.622222,320
-57.045000,-25.622500,192
-57.044722,-25.622500,191
-57.044444,-25.622500,191
-57.044167,-25.622500,191
-57.043889,-25.622500,192
-57.043611,-25.622500,193
-57.043333,-25.622500,191
-57.043056,-25.622500,193
-57.042778,-25.622500,191
-57.042500,-25.622500,188
-57.042222,-25.622500,187
-57.041944,-25.622500,187
-57.041667,-25.622500,185
-57.041389,-25.622500,183
-57.041111,-25.622500,182
-57.040833,-25.622500,179
-57.040556,-25.622500,177
-57.040278,-25.622500,178
-57.040000,-25.622500,181
-57.039722,-25.622500,179
-57.039444,-25.622500,177
-57.039167,-25.622500,176
-57.038889,-25.622500,177
-57.038611,-25.622500,175
-57.038333,-25.622500,172
-57.038056,-25.622500,179
-57.037778,-25.622500,177
-57.037500,-25.622500,175
-57.037222,-25.622500,164
-57.036944,-25.622500,163
-57.036667,-25.622500,160
-57.036389,-25.622500,162
-57.036111,-25.622500,163
-57.035833,-25.622500,163
-57.035556,-25.622500,162
-57.035278,-25.622500,156
-57.035000,-25.622500,154
-57.034722,-25.622500,149
-57.034444,-25.622500,147
-57.034167,-25.622500,143
-57.033889,-25.622500,143
-57.033611,-25.622500,141
-57.033333,-25.622500,141
-57.033056,-25.622500,141
-57.032778,-25.622500,141
-57.032500,-25.622500,140
-57.032222,-25.622500,147
-57.031944,-25.622500,154
-57.031667,-25.622500,151
-57.031389,-25.622500,143
-57.031111,-25.622500,137
-57.030833,-25.622500,137
-57.030556,-25.622500,136
-57.030278,-25.622500,135
-57.030000,-25.622500,138
-57.029722,-25.622500,138
-57.029444,-25.622500,136
-57.029167,-25.622500,135
-57.028889,-25.622500,137
-57.028611,-25.622500,144
-57.028333,-25.622500,141
-57.028056,-25.622500,137
-57.027778,-25.622500,138
-57.027500,-25.622500,138
-57.027222,-25.622500,139
-57.026944,-25.622500,139
-57.026667,-25.622500,143
-57.026389,-25.622500,148
-57.026111,-25.622500,148
-57.025833,-25.622500,148
-57.025556,-25.622500,149
-57.025278,-25.622500,154
-57.025000,-25.622500,157
-57.024722,-25.622500,156
-57.024444,-25.622500,160
-57.024167,-25.622500,157
-57.023889,-25.622500,157
-57.023611,-25.622500,158
-57.023333,-25.622500,163
-57.023056,-25.622500,168
-57.022778,-25.622500,167
-57.022500,-25.622500,167
-57.022222,-25.622500,170
-57.021944,-25.622500,171
-57.021667,-25.622500,177
-57.021389,-25.622500,182
-57.021111,-25.622500,186
-57.020833,-25.622500,193
-57.020556,-25.622500,204
-57.020278,-25.622500,215
-57.020000,-25.622500,234
-57.019722,-25.622500,253
-57.019444,-25.622500,269
-57.019167,-25.622500,284
-57.018889,-25.622500,298
-57.018611,-25.622500,311
-57.018333,-25.622500,325
-57.018056,-25.622500,335
-57.017778,-25.622500,336
-57.017500,-25.622500,340
-57.017222,-25.622500,344
-57.016944,-25.622500,349
-57.016667,-25.622500,343
-57.016389,-25.622500,334
-57.016111,-25.622500,329
-57.015833,-25.622500,323
-57.015556,-25.622500,317
-57.015278,-25.622500,305
-57.045000,-25.622778,190
-57.044722,-25.622778,190
-57.044444,-25.622778,189
-57.044167,-25.622778,189
-57.043889,-25.622778,189
-57.043611,-25.622778,188
-57.043333,-25.622778,185
-57.043056,-25.622778,186
-57.042778,-25.622778,187
-57.042500,-25.622778,186
-57.042222,-25.622778,186
-57.041944,-25.622778,185
-57.041667,-25.622778,183
-57.041389,-25.622778,182
-57.041111,-25.622778,181
-57.040833,-25.622778,179
-57.040556,-25.622778,177
-57.040278,-25.622778,178
-57.040000,-25.622778,180
-57.039722,-25.622778,178
-57.039444,-25.622778,175
-57.039167,-25.622778,173
-57.038889,-25.622778,176
-57.038611,-25.622778,172
-57.038333,-25.622778,169
-57.038056,-25.622778,173
-57.037778,-25.622778,173
-57.037500,-25.622778,170
-57.037222,-25.622778,164
-57.036944,-25.622778,162
-57.036667,-25.622778,161
-57.036389,-25.622778,159
-57.036111,-25.622778,162
-57.035833,-25.622778,156
-57.035556,-25.622778,156
-57.035278,-25.622778,156
-57.035000,-25.622778,158
-57.034722,-25.622778,148
-57.034444,-25.622778,146
-57.034167,-25.622778,144
-57.033889,-25.622778,142
-57.033611,-25.622778,141
-57.033333,-25.622778,141
-57.033056,-25.622778,140
-57.032778,-25.622778,142
-57.032500,-25.622778,147
-57.032222,-25.622778,156
-57.031944,-25.622778,155
-57.031667,-25.622778,150
-57.031389,-25.622778,145
-57.031111,-25.622778,138
-57.030833,-25.622778,137
-57.030556,-25.622778,136
-57.030278,-25.622778,135
-57.030000,-25.622778,136
-57.029722,-25.622778,138
-57.029444,-25.622778,137
-57.029167,-25.622778,135
-57.028889,-25.622778,140
-57.028611,-25.622778,143
-57.028333,-25.622778,138
-57.028056,-25.622778,138
-57.027778,-25.622778,139
-57.027500,-25.622778,141
-57.027222,-25.622778,140
-57.026944,-25.622778,141
-57.026667,-25.622778,142
-57.026389,-25.622778,144
-57.026111,-25.622778,147
-57.025833,-25.622778,149
-57.025556,-25.622778,151
-57.025278,-25.622778,153
-57.025000,-25.622778,156
-57.024722,-25.622778,158
-57.024444,-25.622778,157
-57.024167,-25.622778,158
-57.023889,-25.622778,158
-57.023611,-25.622778,157
-57.023333,-25.622778,159
-57.023056,-25.622778,165
-57.022778,-25.622778,163
-57.022500,-25.622778,163
-57.022222,-25.622778,166
-57.021944,-25.622778,168
-57.021667,-25.622778,169
-57.021389,-25.622778,173
-57.021111,-25.622778,177
-57.020833,-25.622778,183
-57.020556,-25.622778,193
-57.020278,-25.622778,207
-57.020000,-25.622778,226
-57.019722,-25.622778,244
-57.019444,-25.622778,263
-57.019167,-25.622778,282
-57.018889,-25.622778,300
-57.018611,-25.622778,313
-57.018333,-25.622778,328
-57.018056,-25.622778,336
-57.017778,-25.622778,340
-57.017500,-25.622778,343
-57.017222,-25.622778,341
-57.016944,-25.622778,339
-57.016667,-25.622778,336
-57.016389,-25.622778,329
-57.016111,-25.622778,323
-57.015833,-25.622778,313
-57.015556,-25.622778,301
-57.015278,-25.622778,288
-57.045000,-25.623056,188
-57.044722,-25.623056,188
-57.044444,-25.623056,188
-57.044167,-25.623056,188
-57.043889,-25.623056,188
-57.043611,-25.623056,188
-57.043333,-25.623056,185
-57.043056,-25.623056,185
-57.042778,-25.623056,185
-57.042500,-25.623056,185
-57.042222,-25.623056,183
-57.041944,-25.623056,183
-57.041667,-25.623056,181
-57.041389,-25.623056,179
-57.041111,-25.623056,179
-57.040833,-25.623056,177
-57.040556,-25.623056,176
-57.040278,-25.623056,177
-57.040000,-25.623056,177
-57.039722,-25.623056,174
-57.039444,-25.623056,172
-57.039167,-25.623056,172
-57.038889,-25.623056,170
-57.038611,-25.623056,168
-57.038333,-25.623056,167
-57.038056,-25.623056,174
-57.037778,-25.623056,172
-57.037500,-25.623056,169
-57.037222,-25.623056,163
-57.036944,-25.623056,161
-57.036667,-25.623056,159
-57.036389,-25.623056,157
-57.036111,-25.623056,157
-57.035833,-25.623056,154
-57.035556,-25.623056,152
-57.035278,-25.623056,149
-57.035000,-25.623056,148
-57.034722,-25.623056,146
-57.034444,-25.623056,145
-57.034167,-25.623056,144
-57.033889,-25.623056,143
-57.033611,-25.623056,142
-57.033333,-25.623056,143
-57.033056,-25.623056,142
-57.032778,-25.623056,141
-57.032500,-25.623056,145
-57.032222,-25.623056,150
-57.031944,-25.623056,145
-57.031667,-25.623056,147
-57.031389,-25.623056,144
-57.031111,-25.623056,138
-57.030833,-25.623056,137
-57.030556,-25.623056,135
-57.030278,-25.623056,135
-57.030000,-25.623056,134
-57.029722,-25.623056,136
-57.029444,-25.623056,140
-57.029167,-25.623056,137
-57.028889,-25.623056,137
-57.028611,-25.623056,138
-57.028333,-25.623056,137
-57.028056,-25.623056,139
-57.027778,-25.623056,139
-57.027500,-25.623056,140
-57.027222,-25.623056,140
-57.026944,-25.623056,141
-57.026667,-25.623056,143
-57.026389,-25.623056,144
-57.026111,-25.623056,145
-57.025833,-25.623056,148
-57.025556,-25.623056,154
-57.025278,-25.623056,154
-57.025000,-25.623056,156
-57.024722,-25.623056,156
-57.024444,-25.623056,154
-57.024167,-25.623056,155
-57.023889,-25.623056,155
-57.023611,-25.623056,155
-57.023333,-25.623056,156
-57.023056,-25.623056,162
-57.022778,-25.623056,161
-57.022500,-25.623056,162
-57.022222,-25.623056,163
-57.021944,-25.623056,166
-57.021667,-25.623056,166
-57.021389,-25.623056,172
-57.021111,-25.623056,183
-57.020833,-25.623056,190
-57.020556,-25.623056,200
-57.020278,-25.623056,209
-57.020000,-25.623056,226
-57.019722,-25.623056,243
-57.019444,-25.623056,262
-57.019167,-25.623056,280
-57.018889,-25.623056,297
-57.018611,-25.623056,312
-57.018333,-25.623056,328
-57.018056,-25.623056,335
-57.017778,-25.623056,338
-57.017500,-25.623056,340
-57.017222,-25.623056,338
-57.016944,-25.623056,340
-57.016667,-25.623056,336
-57.016389,-25.623056,328
-57.016111,-25.623056,322
-57.015833,-25.623056,310
-57.015556,-25.623056,297
-57.015278,-25.623056,281
-57.045000,-25.623333,186
-57.044722,-25.623333,187
-57.044444,-25.623333,186
-57.044167,-25.623333,188
-57.043889,-25.623333,187
-57.043611,-25.623333,186
-57.043333,-25.623333,185
-57.043056,-25.623333,183
-57.042778,-25.623333,183
-57.042500,-25.623333,183
-57.042222,-25.623333,180
-57.041944,-25.623333,179
-57.041667,-25.623333,178
-57.041389,-25.623333,176
-57.041111,-25.623333,175
-57.040833,-25.623333,174
-57.040556,-25.623333,173
-57.040278,-25.623333,175
-57.040000,-25.623333,177
-57.039722,-25.623333,174
-57.039444,-25.623333,170
-57.039167,-25.623333,168
-57.038889,-25.623333,167
-57.038611,-25.623333,165
-57.038333,-25.623333,164
-57.038056,-25.623333,167
-57.037778,-25.623333,166
-57.037500,-25.623333,161
-57.037222,-25.623333,160
-57.036944,-25.623333,159
-57.036667,-25.623333,157
-57.036389,-25.623333,155
-57.036111,-25.623333,155
-57.035833,-25.623333,153
-57.035556,-25.623333,151
-57.035278,-25.623333,150
-57.035000,-25.623333,147
-57.034722,-25.623333,146
-57.034444,-25.623333,146
-57.034167,-25.623333,145
-57.033889,-25.623333,144
-57.033611,-25.623333,143
-57.033333,-25.623333,144
-57.033056,-25.623333,143
-57.032778,-25.623333,141
-57.032500,-25.623333,144
-57.032222,-25.623333,149
-57.031944,-25.623333,150
-57.031667,-25.623333,145
-57.031389,-25.623333,144
-57.031111,-25.623333,139
-57.030833,-25.623333,138
-57.030556,-25.623333,135
-57.030278,-25.623333,134
-57.030000,-25.623333,134
-57.029722,-25.623333,135
-57.029444,-25.623333,136
-57.029167,-25.623333,137
-57.028889,-25.623333,135
-57.028611,-25.623333,135
-57.028333,-25.623333,136
-57.028056,-25.623333,138
-57.027778,-25.623333,139
-57.027500,-25.623333,140
-57.027222,-25.623333,140
-57.026944,-25.623333,142
-57.026667,-25.623333,143
-57.026389,-25.623333,146
-57.026111,-25.623333,146
-57.025833,-25.623333,147
-57.025556,-25.623333,156
-57.025278,-25.623333,157
-57.025000,-25.623333,155
-57.024722,-25.623333,151
-57.024444,-25.623333,150
-57.024167,-25.623333,151
-57.023889,-25.623333,152
-57.023611,-25.623333,154
-57.023333,-25.623333,155
-57.023056,-25.623333,158
-57.022778,-25.623333,158
-57.022500,-25.623333,159
-57.022222,-25.623333,162
-57.021944,-25.623333,168
-57.021667,-25.623333,170
-57.021389,-25.623333,171
-57.021111,-25.623333,177
-57.020833,-25.623333,190
-57.020556,-25.623333,205
-57.020278,-25.623333,215
-57.020000,-25.623333,230
-57.019722,-25.623333,247
-57.019444,-25.623333,265
-57.019167,-25.623333,282
-57.018889,-25.623333,299
-57.018611,-25.623333,313
-57.018333,-25.623333,329
-57.018056,-25.623333,338
-57.017778,-25.623333,339
-57.017500,-25.623333,342
-57.017222,-25.623333,343
-57.016944,-25.623333,346
-57.016667,-25.623333,346
-57.016389,-25.623333,336
-57.016111,-25.623333,327
-57.015833,-25.623333,313
-57.015556,-25.623333,297
-57.015278,-25.623333,284
-57.045000,-25.623611,185
-57.044722,-25.623611,185
-57.044444,-25.623611,185
-57.044167,-25.623611,187
-57.043889,-25.623611,185
-57.043611,-25.623611,186
-57.043333,-25.623611,183
-57.043056,-25.623611,182
-57.042778,-25.623611,182
-57.042500,-25.623611,183
-57.042222,-25.623611,178
-57.041944,-25.623611,176
-57.041667,-25.623611,175
-57.041389,-25.623611,174
-57.041111,-25.623611,173
-57.040833,-25.623611,172
-57.040556,-25.623611,170
-57.040278,-25.623611,171
-57.040000,-25.623611,175
-57.039722,-25.623611,170
-57.039444,-25.623611,166
-57.039167,-25.623611,162
-57.038889,-25.623611,163
-57.038611,-25.623611,162
-57.038333,-25.623611,162
-57.038056,-25.623611,160
-57.037778,-25.623611,164
-57.037500,-25.623611,164
-57.037222,-25.623611,159
-57.036944,-25.623611,157
-57.036667,-25.623611,155
-57.036389,-25.623611,155
-57.036111,-25.623611,155
-57.035833,-25.623611,152
-57.035556,-25.623611,152
-57.035278,-25.623611,153
-57.035000,-25.623611,148
-57.034722,-25.623611,150
-57.034444,-25.623611,146
-57.034167,-25.623611,144
-57.033889,-25.623611,151
-57.033611,-25.623611,150
-57.033333,-25.623611,144
-57.033056,-25.623611,143
-57.032778,-25.623611,142
-57.032500,-25.623611,142
-57.032222,-25.623611,153
-57.031944,-25.623611,149
-57.031667,-25.623611,149
-57.031389,-25.623611,143
-57.031111,-25.623611,137
-57.030833,-25.623611,137
-57.030556,-25.623611,135
-57.030278,-25.623611,134
-57.030000,-25.623611,134
-57.029722,-25.623611,135
-57.029444,-25.623611,134
-57.029167,-25.623611,136
-57.028889,-25.623611,134
-57.028611,-25.623611,134
-57.028333,-25.623611,134
-57.028056,-25.623611,137
-57.027778,-25.623611,139
-57.027500,-25.623611,139
-57.027222,-25.623611,139
-57.026944,-25.623611,141
-57.026667,-25.623611,141
-57.026389,-25.623611,142
-57.026111,-25.623611,142
-57.025833,-25.623611,146
-57.025556,-25.623611,151
-57.025278,-25.623611,151
-57.025000,-25.623611,150
-57.024722,-25.623611,150
-57.024444,-25.623611,150
-57.024167,-25.623611,149
-57.023889,-25.623611,151
-57.023611,-25.623611,154
-57.023333,-25.623611,156
-57.023056,-25.623611,158
-57.022778,-25.623611,157
-57.022500,-25.623611,156
-57.022222,-25.623611,161
-57.021944,-25.623611,166
-57.021667,-25.623611,166
-57.021389,-25.623611,169
-57.021111,-25.623611,174
-57.020833,-25.623611,190
-57.020556,-25.623611,208
-57.020278,-25.623611,221
-57.020000,-25.623611,237
-57.019722,-25.623611,253
-57.019444,-25.623611,268
-57.019167,-25.623611,288
-57.018889,-25.623611,304
-57.018611,-25.623611,319
-57.018333,-25.623611,333
-57.018056,-25.623611,344
-57.017778,-25.623611,345
-57.017500,-25.623611,344
-57.017222,-25.623611,346
-57.016944,-25.623611,348
-57.016667,-25.623611,347
-57.016389,-25.623611,339
-57.016111,-25.623611,328
-57.015833,-25.623611,314
-57.015556,-25.623611,299
-57.015278,-25.623611,285
-57.045000,-25.623889,184
-57.044722,-25.623889,184
-57.044444,-25.623889,184
-57.044167,-25.623889,184
-57.043889,-25.623889,184
-57.043611,-25.623889,183
-57.043333,-25.623889,183
-57.043056,-25.623889,181
-57.042778,-25.623889,182
-57.042500,-25.623889,180
-57.042222,-25.623889,177
-57.041944,-25.623889,175
-57.041667,-25.623889,173
-57.041389,-25.623889,171
-57.041111,-25.623889,171
-57.040833,-25.623889,169
-57.040556,-25.623889,167
-57.040278,-25.623889,168
-57.040000,-25.623889,171
-57.039722,-25.623889,166
-57.039444,-25.623889,164
-57.039167,-25.623889,160
-57.038889,-25.623889,159
-57.038611,-25.623889,160
-57.038333,-25.623889,158
-57.038056,-25.623889,156
-57.037778,-25.623889,162
-57.037500,-25.623889,162
-57.037222,-25.623889,158
-57.036944,-25.623889,159
-57.036667,-25.623889,157
-57.036389,-25.623889,158
-57.036111,-25.623889,156
-57.035833,-25.623889,156
-57.035556,-25.623889,156
-57.035278,-25.623889,157
-57.035000,-25.623889,150
-57.034722,-25.623889,147
-57.034444,-25.623889,147
-57.034167,-25.623889,146
-57.033889,-25.623889,151
-57.033611,-25.623889,152
-57.033333,-25.623889,144
-57.033056,-25.623889,141
-57.032778,-25.623889,140
-57.032500,-25.623889,138
-57.032222,-25.623889,140
-57.031944,-25.623889,140
-57.031667,-25.623889,144
-57.031389,-25.623889,138
-57.031111,-25.623889,136
-57.030833,-25.623889,135
-57.030556,-25.623889,135
-57.030278,-25.623889,138
-57.030000,-25.623889,140
-57.029722,-25.623889,140
-57.029444,-25.623889,137
-57.029167,-25.623889,136
-57.028889,-25.623889,135
-57.028611,-25.623889,135
-57.028333,-25.623889,135
-57.028056,-25.623889,137
-57.027778,-25.623889,138
-57.027500,-25.623889,137
-57.027222,-25.623889,138
-57.026944,-25.623889,139
-57.026667,-25.623889,140
-57.026389,-25.623889,140
-57.026111,-25.623889,141
-57.025833,-25.623889,142
-57.025556,-25.623889,142
-57.025278,-25.623889,146
-57.025000,-25.623889,148
-57.024722,-25.623889,152
-57.024444,-25.623889,152
-57.024167,-25.623889,150
-57.023889,-25.623889,148
-57.023611,-25.623889,152
-57.023333,-25.623889,156
-57.023056,-25.623889,154
-57.022778,-25.623889,155
-57.022500,-25.623889,155
-57.022222,-25.623889,158
-57.021944,-25.623889,161
-57.021667,-25.623889,164
-57.021389,-25.623889,173
-57.021111,-25.623889,176
-57.020833,-25.623889,189
-57.020556,-25.623889,208
-57.020278,-25.623889,225
-57.020000,-25.623889,241
-57.019722,-25.623889,258
-57.019444,-25.623889,276
-57.019167,-25.623889,294
-57.018889,-25.623889,310
-57.018611,-25.623889,324
-57.018333,-25.623889,339
-57.018056,-25.623889,350
-57.017778,-25.623889,354
-57.017500,-25.623889,350
-57.017222,-25.623889,348
-57.016944,-25.623889,347
-57.016667,-25.623889,346
-57.016389,-25.623889,336
-57.016111,-25.623889,323
-57.015833,-25.623889,312
-57.015556,-25.623889,296
-57.015278,-25.623889,283
-57.045000,-25.624167,181
-57.044722,-25.624167,182
-57.044444,-25.624167,182
-57.044167,-25.624167,182
-57.043889,-25.624167,182
-57.043611,-25.624167,181
-57.043333,-25.624167,182
-57.043056,-25.624167,180
-57.042778,-25.624167,180
-57.042500,-25.624167,179
-57.042222,-25.624167,176
-57.041944,-25.624167,175
-57.041667,-25.624167,173
-57.041389,-25.624167,170
-57.041111,-25.624167,169
-57.040833,-25.624167,166
-57.040556,-25.624167,165
-57.040278,-25.624167,164
-57.040000,-25.624167,169
-57.039722,-25.624167,163
-57.039444,-25.624167,160
-57.039167,-25.624167,159
-57.038889,-25.624167,158
-57.038611,-25.624167,158
-57.038333,-25.624167,158
-57.038056,-25.624167,154
-57.037778,-25.624167,155
-57.037500,-25.624167,154
-57.037222,-25.624167,153
-57.036944,-25.624167,155
-57.036667,-25.624167,153
-57.036389,-25.624167,155
-57.036111,-25.624167,154
-57.035833,-25.624167,157
-57.035556,-25.624167,155
-57.035278,-25.624167,152
-57.035000,-25.624167,149
-57.034722,-25.624167,146
-57.034444,-25.624167,147
-57.034167,-25.624167,148
-57.033889,-25.624167,146
-57.033611,-25.624167,146
-57.033333,-25.624167,141
-57.033056,-25.624167,140
-57.032778,-25.624167,139
-57.032500,-25.624167,139
-57.032222,-25.624167,138
-57.031944,-25.624167,136
-57.031667,-25.624167,136
-57.031389,-25.624167,136
-57.031111,-25.624167,135
-57.030833,-25.624167,136
-57.030556,-25.624167,136
-57.030278,-25.624167,138
-57.030000,-25.624167,140
-57.029722,-25.624167,141
-57.029444,-25.624167,139
-57.029167,-25.624167,133
-57.028889,-25.624167,133
-57.028611,-25.624167,135
-57.028333,-25.624167,134
-57.028056,-25.624167,134
-57.027778,-25.624167,136
-57.027500,-25.624167,137
-57.027222,-25.624167,136
-57.026944,-25.624167,138
-57.026667,-25.624167,139
-57.026389,-25.624167,140
-57.026111,-25.624167,141
-57.025833,-25.624167,142
-57.025556,-25.624167,142
-57.025278,-25.624167,142
-57.025000,-25.624167,142
-57.024722,-25.624167,148
-57.024444,-25.624167,147
-57.024167,-25.624167,151
-57.023889,-25.624167,152
-57.023611,-25.624167,154
-57.023333,-25.624167,155
-57.023056,-25.624167,152
-57.022778,-25.624167,153
-57.022500,-25.624167,155
-57.022222,-25.624167,158
-57.021944,-25.624167,161
-57.021667,-25.624167,163
-57.021389,-25.624167,168
-57.021111,-25.624167,174
-57.020833,-25.624167,185
-57.020556,-25.624167,208
-57.020278,-25.624167,226
-57.020000,-25.624167,244
-57.019722,-25.624167,264
-57.019444,-25.624167,283
-57.019167,-25.624167,303
-57.018889,-25.624167,315
-57.018611,-25.624167,326
-57.018333,-25.624167,337
-57.018056,-25.624167,349
-57.017778,-25.624167,353
-57.017500,-25.624167,350
-57.017222,-25.624167,351
-57.016944,-25.624167,346
-57.016667,-25.624167,340
-57.016389,-25.624167,330
-57.016111,-25.624167,320
-57.015833,-25.624167,302
-57.015556,-25.624167,286
-57.015278,-25.624167,275
-57.045000,-25.624444,180
-57.044722,-25.624444,180
-57.044444,-25.624444,179
-57.044167,-25.624444,180
-57.043889,-25.624444,179
-57.043611,-25.624444,179
-57.043333,-25.624444,180
-57.043056,-25.624444,181
-57.042778,-25.624444,181
-57.042500,-25.624444,177
-57.042222,-25.624444,175
-57.041944,-25.624444,176
-57.041667,-25.624444,173
-57.041389,-25.624444,170
-57.041111,-25.624444,167
-57.040833,-25.624444,166
-57.040556,-25.624444,165
-57.040278,-25.624444,162
-57.040000,-25.624444,165
-57.039722,-25.624444,161
-57.039444,-25.624444,160
-57.039167,-25.624444,163
-57.038889,-25.624444,160
-57.038611,-25.624444,158
-57.038333,-25.624444,156
-57.038056,-25.624444,154
-57.037778,-25.624444,153
-57.037500,-25.624444,153
-57.037222,-25.624444,152
-57.036944,-25.624444,152
-57.036667,-25.624444,150
-57.036389,-25.624444,152
-57.036111,-25.624444,153
-57.035833,-25.624444,154
-57.035556,-25.624444,151
-57.035278,-25.624444,149
-57.035000,-25.624444,149
-57.034722,-25.624444,149
-57.034444,-25.624444,148
-57.034167,-25.624444,146
-57.033889,-25.624444,146
-57.033611,-25.624444,144
-57.033333,-25.624444,143
-57.033056,-25.624444,142
-57.032778,-25.624444,141
-57.032500,-25.624444,142
-57.032222,-25.624444,139
-57.031944,-25.624444,138
-57.031667,-25.624444,139
-57.031389,-25.624444,138
-57.031111,-25.624444,138
-57.030833,-25.624444,137
-57.030556,-25.624444,136
-57.030278,-25.624444,135
-57.030000,-25.624444,136
-57.029722,-25.624444,139
-57.029444,-25.624444,136
-57.029167,-25.624444,132
-57.028889,-25.624444,133
-57.028611,-25.624444,134
-57.028333,-25.624444,134
-57.028056,-25.624444,134
-57.027778,-25.624444,134
-57.027500,-25.624444,136
-57.027222,-25.624444,137
-57.026944,-25.624444,137
-57.026667,-25.624444,139
-57.026389,-25.624444,140
-57.026111,-25.624444,141
-57.025833,-25.624444,141
-57.025556,-25.624444,143
-57.025278,-25.624444,142
-57.025000,-25.624444,142
-57.024722,-25.624444,145
-57.024444,-25.624444,147
-57.024167,-25.624444,154
-57.023889,-25.624444,158
-57.023611,-25.624444,156
-57.023333,-25.624444,157
-57.023056,-25.624444,155
-57.022778,-25.624444,154
-57.022500,-25.624444,157
-57.022222,-25.624444,159
-57.021944,-25.624444,162
-57.021667,-25.624444,164
-57.021389,-25.624444,169
-57.021111,-25.624444,176
-57.020833,-25.624444,184
-57.020556,-25.624444,207
-57.020278,-25.624444,226
-57.020000,-25.624444,245
-57.019722,-25.624444,266
-57.019444,-25.624444,286
-57.019167,-25.624444,306
-57.018889,-25.624444,317
-57.018611,-25.624444,325
-57.018333,-25.624444,332
-57.018056,-25.624444,337
-57.017778,-25.624444,339
-57.017500,-25.624444,343
-57.017222,-25.624444,344
-57.016944,-25.624444,342
-57.016667,-25.624444,332
-57.016389,-25.624444,324
-57.016111,-25.624444,313
-57.015833,-25.624444,295
-57.015556,-25.624444,277
-57.015278,-25.624444,267
-57.045000,-25.624722,179
-57.044722,-25.624722,179
-57.044444,-25.624722,178
-57.044167,-25.624722,178
-57.043889,-25.624722,178
-57.043611,-25.624722,177
-57.043333,-25.624722,180
-57.043056,-25.624722,187
-57.042778,-25.624722,181
-57.042500,-25.624722,177
-57.042222,-25.624722,174
-57.041944,-25.624722,174
-57.041667,-25.624722,172
-57.041389,-25.624722,170
-57.041111,-25.624722,167
-57.040833,-25.624722,169
-57.040556,-25.624722,164
-57.040278,-25.624722,163
-57.040000,-25.624722,163
-57.039722,-25.624722,162
-57.039444,-25.624722,165
-57.039167,-25.624722,169
-57.038889,-25.624722,164
-57.038611,-25.624722,164
-57.038333,-25.624722,163
-57.038056,-25.624722,163
-57.037778,-25.624722,161
-57.037500,-25.624722,161
-57.037222,-25.624722,157
-57.036944,-25.624722,156
-57.036667,-25.624722,153
-57.036389,-25.624722,152
-57.036111,-25.624722,150
-57.035833,-25.624722,148
-57.035556,-25.624722,149
-57.035278,-25.624722,149
-57.035000,-25.624722,150
-57.034722,-25.624722,151
-57.034444,-25.624722,150
-57.034167,-25.624722,147
-57.033889,-25.624722,146
-57.033611,-25.624722,144
-57.033333,-25.624722,144
-57.033056,-25.624722,144
-57.032778,-25.624722,145
-57.032500,-25.624722,143
-57.032222,-25.624722,141
-57.031944,-25.624722,141
-57.031667,-25.624722,141
-57.031389,-25.624722,141
-57.031111,-25.624722,139
-57.030833,-25.624722,139
-57.030556,-25.624722,137
-57.030278,-25.624722,134
-57.030000,-25.624722,135
-57.029722,-25.624722,135
-57.029444,-25.624722,133
-57.029167,-25.624722,133
-57.028889,-25.624722,133
-57.028611,-25.624722,133
-57.028333,-25.624722,135
-57.028056,-25.624722,135
-57.027778,-25.624722,137
-57.027500,-25.624722,137
-57.027222,-25.624722,139
-57.026944,-25.624722,137
-57.026667,-25.624722,138
-57.026389,-25.624722,141
-57.026111,-25.624722,142
-57.025833,-25.624722,144
-57.025556,-25.624722,146
-57.025278,-25.624722,147
-57.025000,-25.624722,148
-57.024722,-25.624722,151
-57.024444,-25.624722,151
-57.024167,-25.624722,154
-57.023889,-25.624722,156
-57.023611,-25.624722,155
-57.023333,-25.624722,155
-57.023056,-25.624722,155
-57.022778,-25.624722,155
-57.022500,-25.624722,158
-57.022222,-25.624722,160
-57.021944,-25.624722,162
-57.021667,-25.624722,164
-57.021389,-25.624722,171
-57.021111,-25.624722,177
-57.020833,-25.624722,185
-57.020556,-25.624722,203
-57.020278,-25.624722,221
-57.020000,-25.624722,242
-57.019722,-25.624722,264
-57.019444,-25.624722,285
-57.019167,-25.624722,304
-57.018889,-25.624722,311
-57.018611,-25.624722,313
-57.018333,-25.624722,320
-57.018056,-25.624722,326
-57.017778,-25.624722,328
-57.017500,-25.624722,332
-57.017222,-25.624722,338
-57.016944,-25.624722,337
-57.016667,-25.624722,331
-57.016389,-25.624722,320
-57.016111,-25.624722,306
-57.015833,-25.624722,287
-57.015556,-25.624722,269
-57.015278,-25.624722,257
-57.045000,-25.625000,178
-57.044722,-25.625000,176
-57.044444,-25.625000,176
-57.044167,-25.625000,176
-57.043889,-25.625000,175
-57.043611,-25.625000,177
-57.043333,-25.625000,183
-57.043056,-25.625000,185
-57.042778,-25.625000,180
-57.042500,-25.625000,175
-57.042222,-25.625000,174
-57.041944,-25.625000,173
-57.041667,-25.625000,171
-57.041389,-25.625000,169
-57.041111,-25.625000,168
-57.040833,-25.625000,167
-57.040556,-25.625000,166
-57.040278,-25.625000,166
-57.040000,-25.625000,166
-57.039722,-25.625000,164
-57.039444,-25.625000,167
-57.039167,-25.625000,174
-57.038889,-25.625000,174
-57.038611,-25.625000,174
-57.038333,-25.625000,173
-57.038056,-25.625000,171
-57.037778,-25.625000,167
-57.037500,-25.625000,165
-57.037222,-25.625000,166
-57.036944,-25.625000,166
-57.036667,-25.625000,162
-57.036389,-25.625000,156
-57.036111,-25.625000,151
-57.035833,-25.625000,151
-57.035556,-25.625000,151
-57.035278,-25.625000,152
-57.035000,-25.625000,155
-57.034722,-25.625000,152
-57.034444,-25.625000,152
-57.034167,-25.625000,149
-57.033889,-25.625000,147
-57.033611,-25.625000,144
-57.033333,-25.625000,146
-57.033056,-25.625000,147
-57.032778,-25.625000,148
-57.032500,-25.625000,144
-57.032222,-25.625000,144
-57.031944,-25.625000,145
-57.031667,-25.625000,142
-57.031389,-25.625000,142
-57.031111,-25.625000,139
-57.030833,-25.625000,140
-57.030556,-25.625000,137
-57.030278,-25.625000,134
-57.030000,-25.625000,133
-57.029722,-25.625000,133
-57.029444,-25.625000,136
-57.029167,-25.625000,138
-57.028889,-25.625000,134
-57.028611,-25.625000,134
-57.028333,-25.625000,135
-57.028056,-25.625000,136
-57.027778,-25.625000,139
-57.027500,-25.625000,139
-57.027222,-25.625000,140
-57.026944,-25.625000,144
-57.026667,-25.625000,143
-57.026389,-25.625000,143
-57.026111,-25.625000,144
-57.025833,-25.625000,145
-57.025556,-25.625000,149
-57.025278,-25.625000,150
-57.025000,-25.625000,153
-57.024722,-25.625000,159
-57.024444,-25.625000,158
-57.024167,-25.625000,155
-57.023889,-25.625000,156
-57.023611,-25.625000,152
-57.023333,-25.625000,152
-57.023056,-25.625000,154
-57.022778,-25.625000,156
-57.022500,-25.625000,159
-57.022222,-25.625000,161
-57.021944,-25.625000,163
-57.021667,-25.625000,165
-57.021389,-25.625000,171
-57.021111,-25.625000,175
-57.020833,-25.625000,184
-57.020556,-25.625000,195
-57.020278,-25.625000,213
-57.020000,-25.625000,236
-57.019722,-25.625000,256
-57.019444,-25.625000,271
-57.019167,-25.625000,287
-57.018889,-25.625000,296
-57.018611,-25.625000,298
-57.018333,-25.625000,302
-57.018056,-25.625000,306
-57.017778,-25.625000,310
-57.017500,-25.625000,318
-57.017222,-25.625000,327
-57.016944,-25.625000,330
-57.016667,-25.625000,327
-57.016389,-25.625000,314
-57.016111,-25.625000,298
-57.015833,-25.625000,275
-57.015556,-25.625000,255
-57.015278,-25.625000,240
-57.045000,-25.625278,173
-57.044722,-25.625278,175
-57.044444,-25.625278,174
-57.044167,-25.625278,174
-57.043889,-25.625278,175
-57.043611,-25.625278,176
-57.043333,-25.625278,178
-57.043056,-25.625278,180
-57.042778,-25.625278,177
-57.042500,-25.625278,175
-57.042222,-25.625278,174
-57.041944,-25.625278,172
-57.041667,-25.625278,171
-57.041389,-25.625278,170
-57.041111,-25.625278,169
-57.040833,-25.625278,168
-57.040556,-25.625278,169
-57.040278,-25.625278,169
-57.040000,-25.625278,168
-57.039722,-25.625278,167
-57.039444,-25.625278,169
-57.039167,-25.625278,175
-57.038889,-25.625278,177
-57.038611,-25.625278,173
-57.038333,-25.625278,176
-57.038056,-25.625278,177
-57.037778,-25.625278,169
-57.037500,-25.625278,166
-57.037222,-25.625278,168
-57.036944,-25.625278,165
-57.036667,-25.625278,161
-57.036389,-25.625278,163
-57.036111,-25.625278,160
-57.035833,-25.625278,158
-57.035556,-25.625278,161
-57.035278,-25.625278,162
-57.035000,-25.625278,163
-57.034722,-25.625278,153
-57.034444,-25.625278,154
-57.034167,-25.625278,151
-57.033889,-25.625278,149
-57.033611,-25.625278,149
-57.033333,-25.625278,147
-57.033056,-25.625278,147
-57.032778,-25.625278,146
-57.032500,-25.625278,145
-57.032222,-25.625278,143
-57.031944,-25.625278,142
-57.031667,-25.625278,146
-57.031389,-25.625278,144
-57.031111,-25.625278,139
-57.030833,-25.625278,139
-57.030556,-25.625278,140
-57.030278,-25.625278,140
-57.030000,-25.625278,135
-57.029722,-25.625278,137
-57.029444,-25.625278,138
-57.029167,-25.625278,138
-57.028889,-25.625278,140
-57.028611,-25.625278,136
-57.028333,-25.625278,135
-57.028056,-25.625278,139
-57.027778,-25.625278,139
-57.027500,-25.625278,140
-57.027222,-25.625278,140
-57.026944,-25.625278,142
-57.026667,-25.625278,143
-57.026389,-25.625278,144
-57.026111,-25.625278,145
-57.025833,-25.625278,146
-57.025556,-25.625278,149
-57.025278,-25.625278,149
-57.025000,-25.625278,154
-57.024722,-25.625278,155
-57.024444,-25.625278,157
-57.024167,-25.625278,156
-57.023889,-25.625278,153
-57.023611,-25.625278,153
-57.023333,-25.625278,154
-57.023056,-25.625278,155
-57.022778,-25.625278,157
-57.022500,-25.625278,160
-57.022222,-25.625278,162
-57.021944,-25.625278,164
-57.021667,-25.625278,164
-57.021389,-25.625278,169
-57.021111,-25.625278,173
-57.020833,-25.625278,179
-57.020556,-25.625278,188
-57.020278,-25.625278,202
-57.020000,-25.625278,226
-57.019722,-25.625278,239
-57.019444,-25.625278,248
-57.019167,-25.625278,259
-57.018889,-25.625278,268
-57.018611,-25.625278,275
-57.018333,-25.625278,283
-57.018056,-25.625278,290
-57.017778,-25.625278,296
-57.017500,-25.625278,303
-57.017222,-25.625278,310
-57.016944,-25.625278,318
-57.016667,-25.625278,318
-57.016389,-25.625278,307
-57.016111,-25.625278,290
-57.015833,-25.625278,267
-57.015556,-25.625278,244
-57.015278,-25.625278,226
-57.045000,-25.625556,179
-57.044722,-25.625556,176
-57.044444,-25.625556,173
-57.044167,-25.625556,174
-57.043889,-25.625556,174
-57.043611,-25.625556,174
-57.043333,-25.625556,175
-57.043056,-25.625556,176
-57.042778,-25.625556,175
-57.042500,-25.625556,174
-57.042222,-25.625556,174
-57.041944,-25.625556,173
-57.041667,-25.625556,172
-57.041389,-25.625556,172
-57.041111,-25.625556,172
-57.040833,-25.625556,172
-57.040556,-25.625556,171
-57.040278,-25.625556,171
-57.040000,-25.625556,170
-57.039722,-25.625556,169
-57.039444,-25.625556,171
-57.039167,-25.625556,173
-57.038889,-25.625556,177
-57.038611,-25.625556,174
-57.038333,-25.625556,174
-57.038056,-25.625556,171
-57.037778,-25.625556,166
-57.037500,-25.625556,167
-57.037222,-25.625556,167
-57.036944,-25.625556,166
-57.036667,-25.625556,163
-57.036389,-25.625556,161
-57.036111,-25.625556,162
-57.035833,-25.625556,165
-57.035556,-25.625556,172
-57.035278,-25.625556,169
-57.035000,-25.625556,168
-57.034722,-25.625556,159
-57.034444,-25.625556,155
-57.034167,-25.625556,151
-57.033889,-25.625556,150
-57.033611,-25.625556,150
-57.033333,-25.625556,147
-57.033056,-25.625556,147
-57.032778,-25.625556,146
-57.032500,-25.625556,144
-57.032222,-25.625556,143
-57.031944,-25.625556,142
-57.031667,-25.625556,141
-57.031389,-25.625556,138
-57.031111,-25.625556,137
-57.030833,-25.625556,137
-57.030556,-25.625556,144
-57.030278,-25.625556,145
-57.030000,-25.625556,141
-57.029722,-25.625556,140
-57.029444,-25.625556,135
-57.029167,-25.625556,134
-57.028889,-25.625556,141
-57.028611,-25.625556,136
-57.028333,-25.625556,136
-57.028056,-25.625556,138
-57.027778,-25.625556,140
-57.027500,-25.625556,140
-57.027222,-25.625556,141
-57.026944,-25.625556,140
-57.026667,-25.625556,143
-57.026389,-25.625556,144
-57.026111,-25.625556,145
-57.025833,-25.625556,146
-57.025556,-25.625556,149
-57.025278,-25.625556,152
-57.025000,-25.625556,155
-57.024722,-25.625556,152
-57.024444,-25.625556,152
-57.024167,-25.625556,152
-57.023889,-25.625556,153
-57.023611,-25.625556,154
-57.023333,-25.625556,155
-57.023056,-25.625556,157
-57.022778,-25.625556,158
-57.022500,-25.625556,160
-57.022222,-25.625556,162
-57.021944,-25.625556,164
-57.021667,-25.625556,166
-57.021389,-25.625556,169
-57.021111,-25.625556,169
-57.020833,-25.625556,174
-57.020556,-25.625556,182
-57.020278,-25.625556,193
-57.020000,-25.625556,211
-57.019722,-25.625556,223
-57.019444,-25.625556,229
-57.019167,-25.625556,237
-57.018889,-25.625556,245
-57.018611,-25.625556,250
-57.018333,-25.625556,260
-57.018056,-25.625556,271
-57.017778,-25.625556,280
-57.017500,-25.625556,289
-57.017222,-25.625556,296
-57.016944,-25.625556,305
-57.016667,-25.625556,309
-57.016389,-25.625556,298
-57.016111,-25.625556,285
-57.015833,-25.625556,262
-57.015556,-25.625556,239
-57.015278,-25.625556,223
-57.045000,-25.625833,178
-57.044722,-25.625833,176
-57.044444,-25.625833,178
-57.044167,-25.625833,176
-57.043889,-25.625833,173
-57.043611,-25.625833,173
-57.043333,-25.625833,174
-57.043056,-25.625833,175
-57.042778,-25.625833,173
-57.042500,-25.625833,173
-57.042222,-25.625833,173
-57.041944,-25.625833,173
-57.041667,-25.625833,175
-57.041389,-25.625833,173
-57.041111,-25.625833,175
-57.040833,-25.625833,174
-57.040556,-25.625833,171
-57.040278,-25.625833,172
-57.040000,-25.625833,172
-57.039722,-25.625833,171
-57.039444,-25.625833,173
-57.039167,-25.625833,171
-57.038889,-25.625833,171
-57.038611,-25.625833,172
-57.038333,-25.625833,171
-57.038056,-25.625833,175
-57.037778,-25.625833,170
-57.037500,-25.625833,167
-57.037222,-25.625833,167
-57.036944,-25.625833,167
-57.036667,-25.625833,165
-57.036389,-25.625833,163
-57.036111,-25.625833,164
-57.035833,-25.625833,169
-57.035556,-25.625833,171
-57.035278,-25.625833,167
-57.035000,-25.625833,161
-57.034722,-25.625833,158
-57.034444,-25.625833,155
-57.034167,-25.625833,152
-57.033889,-25.625833,151
-57.033611,-25.625833,150
-57.033333,-25.625833,149
-57.033056,-25.625833,148
-57.032778,-25.625833,146
-57.032500,-25.625833,147
-57.032222,-25.625833,145
-57.031944,-25.625833,143
-57.031667,-25.625833,141
-57.031389,-25.625833,139
-57.031111,-25.625833,138
-57.030833,-25.625833,136
-57.030556,-25.625833,138
-57.030278,-25.625833,137
-57.030000,-25.625833,135
-57.029722,-25.625833,134
-57.029444,-25.625833,132
-57.029167,-25.625833,132
-57.028889,-25.625833,135
-57.028611,-25.625833,133
-57.028333,-25.625833,134
-57.028056,-25.625833,138
-57.027778,-25.625833,140
-57.027500,-25.625833,139
-57.027222,-25.625833,140
-57.026944,-25.625833,141
-57.026667,-25.625833,143
-57.026389,-25.625833,144
-57.026111,-25.625833,144
-57.025833,-25.625833,149
-57.025556,-25.625833,152
-57.025278,-25.625833,153
-57.025000,-25.625833,152
-57.024722,-25.625833,151
-57.024444,-25.625833,152
-57.024167,-25.625833,152
-57.023889,-25.625833,154
-57.023611,-25.625833,155
-57.023333,-25.625833,156
-57.023056,-25.625833,157
-57.022778,-25.625833,158
-57.022500,-25.625833,160
-57.022222,-25.625833,162
-57.021944,-25.625833,163
-57.021667,-25.625833,166
-57.021389,-25.625833,167
-57.021111,-25.625833,169
-57.020833,-25.625833,171
-57.020556,-25.625833,176
-57.020278,-25.625833,183
-57.020000,-25.625833,193
-57.019722,-25.625833,204
-57.019444,-25.625833,211
-57.019167,-25.625833,214
-57.018889,-25.625833,221
-57.018611,-25.625833,227
-57.018333,-25.625833,236
-57.018056,-25.625833,248
-57.017778,-25.625833,259
-57.017500,-25.625833,270
-57.017222,-25.625833,279
-57.016944,-25.625833,287
-57.016667,-25.625833,295
-57.016389,-25.625833,289
-57.016111,-25.625833,278
-57.015833,-25.625833,259
-57.015556,-25.625833,237
-57.015278,-25.625833,221
-57.045000,-25.626111,168
-57.044722,-25.626111,171
-57.044444,-25.626111,174
-57.044167,-25.626111,178
-57.043889,-25.626111,173
-57.043611,-25.626111,170
-57.043333,-25.626111,172
-57.043056,-25.626111,174
-57.042778,-25.626111,174
-57.042500,-25.626111,175
-57.042222,-25.626111,177
-57.041944,-25.626111,178
-57.041667,-25.626111,176
-57.041389,-25.626111,175
-57.041111,-25.626111,175
-57.040833,-25.626111,173
-57.040556,-25.626111,172
-57.040278,-25.626111,172
-57.040000,-25.626111,173
-57.039722,-25.626111,172
-57.039444,-25.626111,171
-57.039167,-25.626111,171
-57.038889,-25.626111,171
-57.038611,-25.626111,171
-57.038333,-25.626111,170
-57.038056,-25.626111,167
-57.037778,-25.626111,166
-57.037500,-25.626111,167
-57.037222,-25.626111,169
-57.036944,-25.626111,171
-57.036667,-25.626111,166
-57.036389,-25.626111,166
-57.036111,-25.626111,165
-57.035833,-25.626111,165
-57.035556,-25.626111,163
-57.035278,-25.626111,159
-57.035000,-25.626111,157
-57.034722,-25.626111,156
-57.034444,-25.626111,155
-57.034167,-25.626111,153
-57.033889,-25.626111,151
-57.033611,-25.626111,150
-57.033333,-25.626111,149
-57.033056,-25.626111,147
-57.032778,-25.626111,147
-57.032500,-25.626111,146
-57.032222,-25.626111,142
-57.031944,-25.626111,142
-57.031667,-25.626111,140
-57.031389,-25.626111,141
-57.031111,-25.626111,137
-57.030833,-25.626111,135
-57.030556,-25.626111,136
-57.030278,-25.626111,136
-57.030000,-25.626111,135
-57.029722,-25.626111,134
-57.029444,-25.626111,133
-57.029167,-25.626111,132
-57.028889,-25.626111,134
-57.028611,-25.626111,133
-57.028333,-25.626111,134
-57.028056,-25.626111,136
-57.027778,-25.626111,139
-57.027500,-25.626111,139
-57.027222,-25.626111,138
-57.026944,-25.626111,140
-57.026667,-25.626111,142
-57.026389,-25.626111,143
-57.026111,-25.626111,143
-57.025833,-25.626111,147
-57.025556,-25.626111,153
-57.025278,-25.626111,151
-57.025000,-25.626111,151
-57.024722,-25.626111,152
-57.024444,-25.626111,152
-57.024167,-25.626111,153
-57.023889,-25.626111,155
-57.023611,-25.626111,155
-57.023333,-25.626111,157
-57.023056,-25.626111,161
-57.022778,-25.626111,160
-57.022500,-25.626111,160
-57.022222,-25.626111,162
-57.021944,-25.626111,163
-57.021667,-25.626111,166
-57.021389,-25.626111,167
-57.021111,-25.626111,169
-57.020833,-25.626111,171
-57.020556,-25.626111,173
-57.020278,-25.626111,177
-57.020000,-25.626111,182
-57.019722,-25.626111,188
-57.019444,-25.626111,193
-57.019167,-25.626111,196
-57.018889,-25.626111,203
-57.018611,-25.626111,209
-57.018333,-25.626111,217
-57.018056,-25.626111,228
-57.017778,-25.626111,239
-57.017500,-25.626111,251
-57.017222,-25.626111,261
-57.016944,-25.626111,268
-57.016667,-25.626111,275
-57.016389,-25.626111,275
-57.016111,-25.626111,265
-57.015833,-25.626111,249
-57.015556,-25.626111,231
-57.015278,-25.626111,216
-57.045000,-25.626389,164
-57.044722,-25.626389,167
-57.044444,-25.626389,171
-57.044167,-25.626389,173
-57.043889,-25.626389,171
-57.043611,-25.626389,170
-57.043333,-25.626389,171
-57.043056,-25.626389,173
-57.042778,-25.626389,176
-57.042500,-25.626389,178
-57.042222,-25.626389,184
-57.041944,-25.626389,180
-57.041667,-25.626389,176
-57.041389,-25.626389,176
-57.041111,-25.626389,175
-57.040833,-25.626389,174
-57.040556,-25.626389,173
-57.040278,-25.626389,172
-57.040000,-25.626389,173
-57.039722,-25.626389,172
-57.039444,-25.626389,171
-57.039167,-25.626389,171
-57.038889,-25.626389,172
-57.038611,-25.626389,170
-57.038333,-25.626389,171
-57.038056,-25.626389,170
-57.037778,-25.626389,167
-57.037500,-25.626389,167
-57.037222,-25.626389,172
-57.036944,-25.626389,173
-57.036667,-25.626389,165
-57.036389,-25.626389,165
-57.036111,-25.626389,164
-57.035833,-25.626389,161
-57.035556,-25.626389,161
-57.035278,-25.626389,159
-57.035000,-25.626389,157
-57.034722,-25.626389,156
-57.034444,-25.626389,154
-57.034167,-25.626389,152
-57.033889,-25.626389,151
-57.033611,-25.626389,150
-57.033333,-25.626389,149
-57.033056,-25.626389,148
-57.032778,-25.626389,149
-57.032500,-25.626389,148
-57.032222,-25.626389,144
-57.031944,-25.626389,142
-57.031667,-25.626389,140
-57.031389,-25.626389,143
-57.031111,-25.626389,136
-57.030833,-25.626389,134
-57.030556,-25.626389,136
-57.030278,-25.626389,137
-57.030000,-25.626389,136
-57.029722,-25.626389,134
-57.029444,-25.626389,133
-57.029167,-25.626389,133
-57.028889,-25.626389,134
-57.028611,-25.626389,133
-57.028333,-25.626389,135
-57.028056,-25.626389,136
-57.027778,-25.626389,140
-57.027500,-25.626389,139
-57.027222,-25.626389,138
-57.026944,-25.626389,141
-57.026667,-25.626389,142
-57.026389,-25.626389,142
-57.026111,-25.626389,146
-57.025833,-25.626389,146
-57.025556,-25.626389,151
-57.025278,-25.626389,151
-57.025000,-25.626389,151
-57.024722,-25.626389,152
-57.024444,-25.626389,153
-57.024167,-25.626389,154
-57.023889,-25.626389,155
-57.023611,-25.626389,155
-57.023333,-25.626389,159
-57.023056,-25.626389,162
-57.022778,-25.626389,159
-57.022500,-25.626389,160
-57.022222,-25.626389,162
-57.021944,-25.626389,163
-57.021667,-25.626389,165
-57.021389,-25.626389,167
-57.021111,-25.626389,168
-57.020833,-25.626389,171
-57.020556,-25.626389,173
-57.020278,-25.626389,177
-57.020000,-25.626389,179
-57.019722,-25.626389,182
-57.019444,-25.626389,185
-57.019167,-25.626389,188
-57.018889,-25.626389,193
-57.018611,-25.626389,199
-57.018333,-25.626389,205
-57.018056,-25.626389,214
-57.017778,-25.626389,224
-57.017500,-25.626389,236
-57.017222,-25.626389,245
-57.016944,-25.626389,251
-57.016667,-25.626389,257
-57.016389,-25.626389,258
-57.016111,-25.626389,253
-57.015833,-25.626389,238
-57.015556,-25.626389,223
-57.015278,-25.626389,207
-57.045000,-25.626667,162
-57.044722,-25.626667,165
-57.044444,-25.626667,167
-57.044167,-25.626667,169
-57.043889,-25.626667,170
-57.043611,-25.626667,170
-57.043333,-25.626667,171
-57.043056,-25.626667,174
-57.042778,-25.626667,176
-57.042500,-25.626667,177
-57.042222,-25.626667,178
-57.041944,-25.626667,179
-57.041667,-25.626667,178
-57.041389,-25.626667,175
-57.041111,-25.626667,174
-57.040833,-25.626667,173
-57.040556,-25.626667,172
-57.040278,-25.626667,171
-57.040000,-25.626667,172
-57.039722,-25.626667,172
-57.039444,-25.626667,172
-57.039167,-25.626667,171
-57.038889,-25.626667,171
-57.038611,-25.626667,171
-57.038333,-25.626667,169
-57.038056,-25.626667,169
-57.037778,-25.626667,168
-57.037500,-25.626667,168
-57.037222,-25.626667,176
-57.036944,-25.626667,177
-57.036667,-25.626667,171
-57.036389,-25.626667,166
-57.036111,-25.626667,164
-57.035833,-25.626667,161
-57.035556,-25.626667,160
-57.035278,-25.626667,159
-57.035000,-25.626667,157
-57.034722,-25.626667,156
-57.034444,-25.626667,154
-57.034167,-25.626667,153
-57.033889,-25.626667,152
-57.033611,-25.626667,151
-57.033333,-25.626667,150
-57.033056,-25.626667,147
-57.032778,-25.626667,147
-57.032500,-25.626667,147
-57.032222,-25.626667,142
-57.031944,-25.626667,140
-57.031667,-25.626667,138
-57.031389,-25.626667,138
-57.031111,-25.626667,135
-57.030833,-25.626667,135
-57.030556,-25.626667,135
-57.030278,-25.626667,136
-57.030000,-25.626667,135
-57.029722,-25.626667,135
-57.029444,-25.626667,133
-57.029167,-25.626667,131
-57.028889,-25.626667,131
-57.028611,-25.626667,133
-57.028333,-25.626667,137
-57.028056,-25.626667,138
-57.027778,-25.626667,140
-57.027500,-25.626667,140
-57.027222,-25.626667,139
-57.026944,-25.626667,141
-57.026667,-25.626667,140
-57.026389,-25.626667,143
-57.026111,-25.626667,145
-57.025833,-25.626667,145
-57.025556,-25.626667,149
-57.025278,-25.626667,150
-57.025000,-25.626667,151
-57.024722,-25.626667,152
-57.024444,-25.626667,154
-57.024167,-25.626667,155
-57.023889,-25.626667,155
-57.023611,-25.626667,156
-57.023333,-25.626667,156
-57.023056,-25.626667,157
-57.022778,-25.626667,158
-57.022500,-25.626667,160
-57.022222,-25.626667,161
-57.021944,-25.626667,163
-57.021667,-25.626667,165
-57.021389,-25.626667,167
-57.021111,-25.626667,168
-57.020833,-25.626667,170
-57.020556,-25.626667,174
-57.020278,-25.626667,175
-57.020000,-25.626667,176
-57.019722,-25.626667,178
-57.019444,-25.626667,181
-57.019167,-25.626667,183
-57.018889,-25.626667,186
-57.018611,-25.626667,187
-57.018333,-25.626667,190
-57.018056,-25.626667,199
-57.017778,-25.626667,212
-57.017500,-25.626667,220
-57.017222,-25.626667,227
-57.016944,-25.626667,230
-57.016667,-25.626667,235
-57.016389,-25.626667,237
-57.016111,-25.626667,234
-57.015833,-25.626667,225
-57.015556,-25.626667,210
-57.015278,-25.626667,194
-57.045000,-25.626944,162
-57.044722,-25.626944,162
-57.044444,-25.626944,171
-57.044167,-25.626944,174
-57.043889,-25.626944,169
-57.043611,-25.626944,169
-57.043333,-25.626944,172
-57.043056,-25.626944,175
-57.042778,-25.626944,173
-57.042500,-25.626944,174
-57.042222,-25.626944,180
-57.041944,-25.626944,179
-57.041667,-25.626944,183
-57.041389,-25.626944,177
-57.041111,-25.626944,174
-57.040833,-25.626944,173
-57.040556,-25.626944,172
-57.040278,-25.626944,171
-57.040000,-25.626944,172
-57.039722,-25.626944,171
-57.039444,-25.626944,171
-57.039167,-25.626944,171
-57.038889,-25.626944,171
-57.038611,-25.626944,170
-57.038333,-25.626944,169
-57.038056,-25.626944,168
-57.037778,-25.626944,168
-57.037500,-25.626944,168
-57.037222,-25.626944,174
-57.036944,-25.626944,175
-57.036667,-25.626944,170
-57.036389,-25.626944,163
-57.036111,-25.626944,162
-57.035833,-25.626944,163
-57.035556,-25.626944,159
-57.035278,-25.626944,157
-57.035000,-25.626944,156
-57.034722,-25.626944,156
-57.034444,-25.626944,154
-57.034167,-25.626944,153
-57.033889,-25.626944,152
-57.033611,-25.626944,151
-57.033333,-25.626944,149
-57.033056,-25.626944,147
-57.032778,-25.626944,144
-57.032500,-25.626944,140
-57.032222,-25.626944,142
-57.031944,-25.626944,141
-57.031667,-25.626944,141
-57.031389,-25.626944,143
-57.031111,-25.626944,138
-57.030833,-25.626944,137
-57.030556,-25.626944,139
-57.030278,-25.626944,137
-57.030000,-25.626944,136
-57.029722,-25.626944,135
-57.029444,-25.626944,131
-57.029167,-25.626944,130
-57.028889,-25.626944,131
-57.028611,-25.626944,134
-57.028333,-25.626944,138
-57.028056,-25.626944,138
-57.027778,-25.626944,139
-57.027500,-25.626944,139
-57.027222,-25.626944,139
-57.026944,-25.626944,142
-57.026667,-25.626944,140
-57.026389,-25.626944,141
-57.026111,-25.626944,143
-57.025833,-25.626944,144
-57.025556,-25.626944,147
-57.025278,-25.626944,148
-57.025000,-25.626944,151
-57.024722,-25.626944,152
-57.024444,-25.626944,154
-57.024167,-25.626944,155
-57.023889,-25.626944,155
-57.023611,-25.626944,155
-57.023333,-25.626944,156
-57.023056,-25.626944,158
-57.022778,-25.626944,159
-57.022500,-25.626944,160
-57.022222,-25.626944,161
-57.021944,-25.626944,163
-57.021667,-25.626944,165
-57.021389,-25.626944,167
-57.021111,-25.626944,168
-57.020833,-25.626944,170
-57.020556,-25.626944,172
-57.020278,-25.626944,172
-57.020000,-25.626944,174
-57.019722,-25.626944,177
-57.019444,-25.626944,179
-57.019167,-25.626944,181
-57.018889,-25.626944,185
-57.018611,-25.626944,185
-57.018333,-25.626944,185
-57.018056,-25.626944,188
-57.017778,-25.626944,196
-57.017500,-25.626944,205
-57.017222,-25.626944,208
-57.016944,-25.626944,209
-57.016667,-25.626944,208
-57.016389,-25.626944,209
-57.016111,-25.626944,208
-57.015833,-25.626944,203
-57.015556,-25.626944,193
-57.015278,-25.626944,184
-57.045000,-25.627222,161
-57.044722,-25.627222,161
-57.044444,-25.627222,167
-57.044167,-25.627222,176
-57.043889,-25.627222,170
-57.043611,-25.627222,169
-57.043333,-25.627222,171
-57.043056,-25.627222,175
-57.042778,-25.627222,173
-57.042500,-25.627222,177
-57.042222,-25.627222,183
-57.041944,-25.627222,180
-57.041667,-25.627222,177
-57.041389,-25.627222,175
-57.041111,-25.627222,172
-57.040833,-25.627222,171
-57.040556,-25.627222,171
-57.040278,-25.627222,171
-57.040000,-25.627222,171
-57.039722,-25.627222,172
-57.039444,-25.627222,170
-57.039167,-25.627222,171
-57.038889,-25.627222,170
-57.038611,-25.627222,169
-57.038333,-25.627222,169
-57.038056,-25.627222,167
-57.037778,-25.627222,168
-57.037500,-25.627222,167
-57.037222,-25.627222,174
-57.036944,-25.627222,179
-57.036667,-25.627222,172
-57.036389,-25.627222,163
-57.036111,-25.627222,162
-57.035833,-25.627222,162
-57.035556,-25.627222,160
-57.035278,-25.627222,158
-57.035000,-25.627222,156
-57.034722,-25.627222,156
-57.034444,-25.627222,153
-57.034167,-25.627222,153
-57.033889,-25.627222,154
-57.033611,-25.627222,154
-57.033333,-25.627222,150
-57.033056,-25.627222,147
-57.032778,-25.627222,144
-57.032500,-25.627222,143
-57.032222,-25.627222,142
-57.031944,-25.627222,142
-57.031667,-25.627222,139
-57.031389,-25.627222,138
-57.031111,-25.627222,136
-57.030833,-25.627222,138
-57.030556,-25.627222,140
-57.030278,-25.627222,139
-57.030000,-25.627222,137
-57.029722,-25.627222,132
-57.029444,-25.627222,131
-57.029167,-25.627222,130
-57.028889,-25.627222,132
-57.028611,-25.627222,135
-57.028333,-25.627222,137
-57.028056,-25.627222,139
-57.027778,-25.627222,140
-57.027500,-25.627222,137
-57.027222,-25.627222,138
-57.026944,-25.627222,138
-57.026667,-25.627222,137
-57.026389,-25.627222,138
-57.026111,-25.627222,141
-57.025833,-25.627222,145
-57.025556,-25.627222,147
-57.025278,-25.627222,149
-57.025000,-25.627222,151
-57.024722,-25.627222,152
-57.024444,-25.627222,153
-57.024167,-25.627222,154
-57.023889,-25.627222,155
-57.023611,-25.627222,156
-57.023333,-25.627222,157
-57.023056,-25.627222,159
-57.022778,-25.627222,160
-57.022500,-25.627222,160
-57.022222,-25.627222,161
-57.021944,-25.627222,163
-57.021667,-25.627222,165
-57.021389,-25.627222,166
-57.021111,-25.627222,167
-57.020833,-25.627222,169
-57.020556,-25.627222,171
-57.020278,-25.627222,172
-57.020000,-25.627222,174
-57.019722,-25.627222,176
-57.019444,-25.627222,177
-57.019167,-25.627222,178
-57.018889,-25.627222,181
-57.018611,-25.627222,183
-57.018333,-25.627222,185
-57.018056,-25.627222,193
-57.017778,-25.627222,197
-57.017500,-25.627222,199
-57.017222,-25.627222,197
-57.016944,-25.627222,196
-57.016667,-25.627222,193
-57.016389,-25.627222,191
-57.016111,-25.627222,191
-57.015833,-25.627222,188
-57.015556,-25.627222,182
-57.015278,-25.627222,175
-57.045000,-25.627500,161
-57.044722,-25.627500,162
-57.044444,-25.627500,164
-57.044167,-25.627500,169
-57.043889,-25.627500,169
-57.043611,-25.627500,169
-57.043333,-25.627500,170
-57.043056,-25.627500,173
-57.042778,-25.627500,174
-57.042500,-25.627500,178
-57.042222,-25.627500,174
-57.041944,-25.627500,175
-57.041667,-25.627500,176
-57.041389,-25.627500,173
-57.041111,-25.627500,172
-57.040833,-25.627500,171
-57.040556,-25.627500,171
-57.040278,-25.627500,170
-57.040000,-25.627500,170
-57.039722,-25.627500,170
-57.039444,-25.627500,169
-57.039167,-25.627500,169
-57.038889,-25.627500,169
-57.038611,-25.627500,168
-57.038333,-25.627500,168
-57.038056,-25.627500,168
-57.037778,-25.627500,168
-57.037500,-25.627500,168
-57.037222,-25.627500,179
-57.036944,-25.627500,181
-57.036667,-25.627500,171
-57.036389,-25.627500,165
-57.036111,-25.627500,164
-57.035833,-25.627500,163
-57.035556,-25.627500,160
-57.035278,-25.627500,159
-57.035000,-25.627500,156
-57.034722,-25.627500,156
-57.034444,-25.627500,155
-57.034167,-25.627500,153
-57.033889,-25.627500,155
-57.033611,-25.627500,155
-57.033333,-25.627500,149
-57.033056,-25.627500,147
-57.032778,-25.627500,146
-57.032500,-25.627500,143
-57.032222,-25.627500,142
-57.031944,-25.627500,141
-57.031667,-25.627500,138
-57.031389,-25.627500,141
-57.031111,-25.627500,136
-57.030833,-25.627500,134
-57.030556,-25.627500,135
-57.030278,-25.627500,135
-57.030000,-25.627500,135
-57.029722,-25.627500,132
-57.029444,-25.627500,132
-57.029167,-25.627500,131
-57.028889,-25.627500,134
-57.028611,-25.627500,135
-57.028333,-25.627500,137
-57.028056,-25.627500,136
-57.027778,-25.627500,137
-57.027500,-25.627500,137
-57.027222,-25.627500,135
-57.026944,-25.627500,135
-57.026667,-25.627500,136
-57.026389,-25.627500,138
-57.026111,-25.627500,142
-57.025833,-25.627500,145
-57.025556,-25.627500,146
-57.025278,-25.627500,147
-57.025000,-25.627500,150
-57.024722,-25.627500,151
-57.024444,-25.627500,152
-57.024167,-25.627500,154
-57.023889,-25.627500,155
-57.023611,-25.627500,156
-57.023333,-25.627500,157
-57.023056,-25.627500,158
-57.022778,-25.627500,159
-57.022500,-25.627500,160
-57.022222,-25.627500,161
-57.021944,-25.627500,163
-57.021667,-25.627500,165
-57.021389,-25.627500,165
-57.021111,-25.627500,166
-57.020833,-25.627500,169
-57.020556,-25.627500,170
-57.020278,-25.627500,172
-57.020000,-25.627500,173
-57.019722,-25.627500,174
-57.019444,-25.627500,177
-57.019167,-25.627500,179
-57.018889,-25.627500,178
-57.018611,-25.627500,179
-57.018333,-25.627500,182
-57.018056,-25.627500,187
-57.017778,-25.627500,193
-57.017500,-25.627500,195
-57.017222,-25.627500,194
-57.016944,-25.627500,191
-57.016667,-25.627500,183
-57.016389,-25.627500,180
-57.016111,-25.627500,178
-57.015833,-25.627500,176
-57.015556,-25.627500,173
-57.015278,-25.627500,170
-57.045000,-25.627778,162
-57.044722,-25.627778,162
-57.044444,-25.627778,164
-57.044167,-25.627778,166
-57.043889,-25.627778,169
-57.043611,-25.627778,168
-57.043333,-25.627778,171
-57.043056,-25.627778,171
-57.042778,-25.627778,171
-57.042500,-25.627778,172
-57.042222,-25.627778,172
-57.041944,-25.627778,172
-57.041667,-25.627778,173
-57.041389,-25.627778,172
-57.041111,-25.627778,172
-57.040833,-25.627778,170
-57.040556,-25.627778,170
-57.040278,-25.627778,169
-57.040000,-25.627778,170
-57.039722,-25.627778,170
-57.039444,-25.627778,168
-57.039167,-25.627778,168
-57.038889,-25.627778,168
-57.038611,-25.627778,167
-57.038333,-25.627778,166
-57.038056,-25.627778,167
-57.037778,-25.627778,166
-57.037500,-25.627778,166
-57.037222,-25.627778,173
-57.036944,-25.627778,177
-57.036667,-25.627778,169
-57.036389,-25.627778,165
-57.036111,-25.627778,165
-57.035833,-25.627778,163
-57.035556,-25.627778,160
-57.035278,-25.627778,159
-57.035000,-25.627778,157
-57.034722,-25.627778,155
-57.034444,-25.627778,155
-57.034167,-25.627778,153
-57.033889,-25.627778,152
-57.033611,-25.627778,151
-57.033333,-25.627778,149
-57.033056,-25.627778,148
-57.032778,-25.627778,146
-57.032500,-25.627778,144
-57.032222,-25.627778,142
-57.031944,-25.627778,141
-57.031667,-25.627778,139
-57.031389,-25.627778,143
-57.031111,-25.627778,138
-57.030833,-25.627778,134
-57.030556,-25.627778,135
-57.030278,-25.627778,135
-57.030000,-25.627778,134
-57.029722,-25.627778,135
-57.029444,-25.627778,132
-57.029167,-25.627778,130
-57.028889,-25.627778,133
-57.028611,-25.627778,134
-57.028333,-25.627778,134
-57.028056,-25.627778,132
-57.027778,-25.627778,132
-57.027500,-25.627778,132
-57.027222,-25.627778,133
-57.026944,-25.627778,134
-57.026667,-25.627778,137
-57.026389,-25.627778,139
-57.026111,-25.627778,141
-57.025833,-25.627778,143
-57.025556,-25.627778,146
-57.025278,-25.627778,146
-57.025000,-25.627778,150
-57.024722,-25.627778,150
-57.024444,-25.627778,151
-57.024167,-25.627778,153
-57.023889,-25.627778,155
-57.023611,-25.627778,155
-57.023333,-25.627778,157
-57.023056,-25.627778,159
-57.022778,-25.627778,160
-57.022500,-25.627778,160
-57.022222,-25.627778,161
-57.021944,-25.627778,162
-57.021667,-25.627778,164
-57.021389,-25.627778,165
-57.021111,-25.627778,167
-57.020833,-25.627778,168
-57.020556,-25.627778,169
-57.020278,-25.627778,171
-57.020000,-25.627778,171
-57.019722,-25.627778,173
-57.019444,-25.627778,175
-57.019167,-25.627778,176
-57.018889,-25.627778,178
-57.018611,-25.627778,179
-57.018333,-25.627778,180
-57.018056,-25.627778,186
-57.017778,-25.627778,186
-57.017500,-25.627778,183
-57.017222,-25.627778,186
-57.016944,-25.627778,182
-57.016667,-25.627778,180
-57.016389,-25.627778,176
-57.016111,-25.627778,174
-57.015833,-25.627778,171
-57.015556,-25.627778,169
-57.015278,-25.627778,168
-57.045000,-25.628056,161
-57.044722,-25.628056,165
-57.044444,-25.628056,165
-57.044167,-25.628056,167
-57.043889,-25.628056,168
-57.043611,-25.628056,168
-57.043333,-25.628056,170
-57.043056,-25.628056,170
-57.042778,-25.628056,170
-57.042500,-25.628056,170
-57.042222,-25.628056,170
-57.041944,-25.628056,172
-57.041667,-25.628056,172
-57.041389,-25.628056,172
-57.041111,-25.628056,170
-57.040833,-25.628056,169
-57.040556,-25.628056,169
-57.040278,-25.628056,169
-57.040000,-25.628056,169
-57.039722,-25.628056,168
-57.039444,-25.628056,168
-57.039167,-25.628056,168
-57.038889,-25.628056,168
-57.038611,-25.628056,167
-57.038333,-25.628056,165
-57.038056,-25.628056,166
-57.037778,-25.628056,165
-57.037500,-25.628056,165
-57.037222,-25.628056,166
-57.036944,-25.628056,166
-57.036667,-25.628056,164
-57.036389,-25.628056,166
-57.036111,-25.628056,165
-57.035833,-25.628056,165
-57.035556,-25.628056,160
-57.035278,-25.628056,159
-57.035000,-25.628056,157
-57.034722,-25.628056,155
-57.034444,-25.628056,153
-57.034167,-25.628056,153
-57.033889,-25.628056,152
-57.033611,-25.628056,153
-57.033333,-25.628056,148
-57.033056,-25.628056,148
-57.032778,-25.628056,146
-57.032500,-25.628056,144
-57.032222,-25.628056,142
-57.031944,-25.628056,141
-57.031667,-25.628056,141
-57.031389,-25.628056,141
-57.031111,-25.628056,137
-57.030833,-25.628056,134
-57.030556,-25.628056,135
-57.030278,-25.628056,135
-57.030000,-25.628056,134
-57.029722,-25.628056,133
-57.029444,-25.628056,129
-57.029167,-25.628056,130
-57.028889,-25.628056,133
-57.028611,-25.628056,135
-57.028333,-25.628056,136
-57.028056,-25.628056,133
-57.027778,-25.628056,132
-57.027500,-25.628056,130
-57.027222,-25.628056,132
-57.026944,-25.628056,136
-57.026667,-25.628056,138
-57.026389,-25.628056,139
-57.026111,-25.628056,140
-57.025833,-25.628056,142
-57.025556,-25.628056,145
-57.025278,-25.628056,144
-57.025000,-25.628056,148
-57.024722,-25.628056,149
-57.024444,-25.628056,151
-57.024167,-25.628056,153
-57.023889,-25.628056,154
-57.023611,-25.628056,155
-57.023333,-25.628056,155
-57.023056,-25.628056,158
-57.022778,-25.628056,159
-57.022500,-25.628056,161
-57.022222,-25.628056,161
-57.021944,-25.628056,162
-57.021667,-25.628056,164
-57.021389,-25.628056,165
-57.021111,-25.628056,166
-57.020833,-25.628056,168
-57.020556,-25.628056,168
-57.020278,-25.628056,169
-57.020000,-25.628056,171
-57.019722,-25.628056,173
-57.019444,-25.628056,174
-57.019167,-25.628056,175
-57.018889,-25.628056,176
-57.018611,-25.628056,180
-57.018333,-25.628056,183
-57.018056,-25.628056,184
-57.017778,-25.628056,181
-57.017500,-25.628056,177
-57.017222,-25.628056,178
-57.016944,-25.628056,179
-57.016667,-25.628056,179
-57.016389,-25.628056,175
-57.016111,-25.628056,173
-57.015833,-25.628056,171
-57.015556,-25.628056,170
-57.015278,-25.628056,169
-57.045000,-25.628333,160
-57.044722,-25.628333,166
-57.044444,-25.628333,168
-57.044167,-25.628333,165
-57.043889,-25.628333,166
-57.043611,-25.628333,167
-57.043333,-25.628333,168
-57.043056,-25.628333,169
-57.042778,-25.628333,170
-57.042500,-25.628333,169
-57.042222,-25.628333,169
-57.041944,-25.628333,170
-57.041667,-25.628333,170
-57.041389,-25.628333,170
-57.041111,-25.628333,169
-57.040833,-25.628333,169
-57.040556,-25.628333,168
-57.040278,-25.628333,169
-57.040000,-25.628333,167
-57.039722,-25.628333,167
-57.039444,-25.628333,167
-57.039167,-25.628333,167
-57.038889,-25.628333,166
-57.038611,-25.628333,165
-57.038333,-25.628333,164
-57.038056,-25.628333,164
-57.037778,-25.628333,167
-57.037500,-25.628333,166
-57.037222,-25.628333,165
-57.036944,-25.628333,164
-57.036667,-25.628333,163
-57.036389,-25.628333,163
-57.036111,-25.628333,162
-57.035833,-25.628333,161
-57.035556,-25.628333,159
-57.035278,-25.628333,158
-57.035000,-25.628333,158
-57.034722,-25.628333,156
-57.034444,-25.628333,154
-57.034167,-25.628333,153
-57.033889,-25.628333,153
-57.033611,-25.628333,156
-57.033333,-25.628333,151
-57.033056,-25.628333,149
-57.032778,-25.628333,147
-57.032500,-25.628333,145
-57.032222,-25.628333,144
-57.031944,-25.628333,144
-57.031667,-25.628333,141
-57.031389,-25.628333,139
-57.031111,-25.628333,137
-57.030833,-25.628333,134
-57.030556,-25.628333,135
-57.030278,-25.628333,134
-57.030000,-25.628333,133
-57.029722,-25.628333,131
-57.029444,-25.628333,130
-57.029167,-25.628333,130
-57.028889,-25.628333,132
-57.028611,-25.628333,136
-57.028333,-25.628333,134
-57.028056,-25.628333,136
-57.027778,-25.628333,132
-57.027500,-25.628333,130
-57.027222,-25.628333,131
-57.026944,-25.628333,135
-57.026667,-25.628333,138
-57.026389,-25.628333,139
-57.026111,-25.628333,139
-57.025833,-25.628333,140
-57.025556,-25.628333,142
-57.025278,-25.628333,143
-57.025000,-25.628333,145
-57.024722,-25.628333,147
-57.024444,-25.628333,149
-57.024167,-25.628333,151
-57.023889,-25.628333,153
-57.023611,-25.628333,155
-57.023333,-25.628333,156
-57.023056,-25.628333,158
-57.022778,-25.628333,158
-57.022500,-25.628333,159
-57.022222,-25.628333,161
-57.021944,-25.628333,162
-57.021667,-25.628333,163
-57.021389,-25.628333,165
-57.021111,-25.628333,166
-57.020833,-25.628333,167
-57.020556,-25.628333,168
-57.020278,-25.628333,168
-57.020000,-25.628333,170
-57.019722,-25.628333,171
-57.019444,-25.628333,171
-57.019167,-25.628333,172
-57.018889,-25.628333,173
-57.018611,-25.628333,174
-57.018333,-25.628333,177
-57.018056,-25.628333,176
-57.017778,-25.628333,176
-57.017500,-25.628333,176
-57.017222,-25.628333,183
-57.016944,-25.628333,183
-57.016667,-25.628333,180
-57.016389,-25.628333,175
-57.016111,-25.628333,174
-57.015833,-25.628333,175
-57.015556,-25.628333,174
-57.015278,-25.628333,169
-57.045000,-25.628611,159
-57.044722,-25.628611,168
-57.044444,-25.628611,167
-57.044167,-25.628611,163
-57.043889,-25.628611,166
-57.043611,-25.628611,166
-57.043333,-25.628611,168
-57.043056,-25.628611,170
-57.042778,-25.628611,169
-57.042500,-25.628611,169
-57.042222,-25.628611,169
-57.041944,-25.628611,168
-57.041667,-25.628611,168
-57.041389,-25.628611,168
-57.041111,-25.628611,168
-57.040833,-25.628611,168
-57.040556,-25.628611,167
-57.040278,-25.628611,168
-57.040000,-25.628611,167
-57.039722,-25.628611,167
-57.039444,-25.628611,166
-57.039167,-25.628611,167
-57.038889,-25.628611,165
-57.038611,-25.628611,165
-57.038333,-25.628611,162
-57.038056,-25.628611,163
-57.037778,-25.628611,164
-57.037500,-25.628611,164
-57.037222,-25.628611,162
-57.036944,-25.628611,162
-57.036667,-25.628611,162
-57.036389,-25.628611,161
-57.036111,-25.628611,161
-57.035833,-25.628611,160
-57.035556,-25.628611,162
-57.035278,-25.628611,161
-57.035000,-25.628611,153
-57.034722,-25.628611,154
-57.034444,-25.628611,154
-57.034167,-25.628611,152
-57.033889,-25.628611,151
-57.033611,-25.628611,150
-57.033333,-25.628611,150
-57.033056,-25.628611,150
-57.032778,-25.628611,148
-57.032500,-25.628611,146
-57.032222,-25.628611,145
-57.031944,-25.628611,144
-57.031667,-25.628611,141
-57.031389,-25.628611,140
-57.031111,-25.628611,138
-57.030833,-25.628611,135
-57.030556,-25.628611,135
-57.030278,-25.628611,134
-57.030000,-25.628611,132
-57.029722,-25.628611,131
-57.029444,-25.628611,129
-57.029167,-25.628611,129
-57.028889,-25.628611,131
-57.028611,-25.628611,135
-57.028333,-25.628611,138
-57.028056,-25.628611,136
-57.027778,-25.628611,133
-57.027500,-25.628611,131
-57.027222,-25.628611,131
-57.026944,-25.628611,135
-57.026667,-25.628611,136
-57.026389,-25.628611,137
-57.026111,-25.628611,138
-57.025833,-25.628611,137
-57.025556,-25.628611,138
-57.025278,-25.628611,140
-57.025000,-25.628611,145
-57.024722,-25.628611,145
-57.024444,-25.628611,147
-57.024167,-25.628611,151
-57.023889,-25.628611,153
-57.023611,-25.628611,157
-57.023333,-25.628611,159
-57.023056,-25.628611,157
-57.022778,-25.628611,157
-57.022500,-25.628611,159
-57.022222,-25.628611,161
-57.021944,-25.628611,162
-57.021667,-25.628611,163
-57.021389,-25.628611,165
-57.021111,-25.628611,165
-57.020833,-25.628611,166
-57.020556,-25.628611,167
-57.020278,-25.628611,168
-57.020000,-25.628611,169
-57.019722,-25.628611,170
-57.019444,-25.628611,170
-57.019167,-25.628611,171
-57.018889,-25.628611,172
-57.018611,-25.628611,171
-57.018333,-25.628611,172
-57.018056,-25.628611,173
-57.017778,-25.628611,172
-57.017500,-25.628611,173
-57.017222,-25.628611,175
-57.016944,-25.628611,176
-57.016667,-25.628611,176
-57.016389,-25.628611,178
-57.016111,-25.628611,177
-57.015833,-25.628611,179
-57.015556,-25.628611,176
-57.015278,-25.628611,171
-57.045000,-25.628889,159
-57.044722,-25.628889,166
-57.044444,-25.628889,165
-57.044167,-25.628889,163
-57.043889,-25.628889,166
-57.043611,-25.628889,167
-57.043333,-25.628889,167
-57.043056,-25.628889,168
-57.042778,-25.628889,168
-57.042500,-25.628889,168
-57.042222,-25.628889,168
-57.041944,-25.628889,167
-57.041667,-25.628889,166
-57.041389,-25.628889,167
-57.041111,-25.628889,167
-57.040833,-25.628889,167
-57.040556,-25.628889,166
-57.040278,-25.628889,166
-57.040000,-25.628889,166
-57.039722,-25.628889,167
-57.039444,-25.628889,166
-57.039167,-25.628889,166
-57.038889,-25.628889,164
-57.038611,-25.628889,165
-57.038333,-25.628889,164
-57.038056,-25.628889,164
-57.037778,-25.628889,163
-57.037500,-25.628889,162
-57.037222,-25.628889,161
-57.036944,-25.628889,162
-57.036667,-25.628889,162
-57.036389,-25.628889,161
-57.036111,-25.628889,160
-57.035833,-25.628889,160
-57.035556,-25.628889,161
-57.035278,-25.628889,160
-57.035000,-25.628889,155
-57.034722,-25.628889,155
-57.034444,-25.628889,154
-57.034167,-25.628889,152
-57.033889,-25.628889,152
-57.033611,-25.628889,153
-57.033333,-25.628889,155
-57.033056,-25.628889,159
-57.032778,-25.628889,152
-57.032500,-25.628889,147
-57.032222,-25.628889,146
-57.031944,-25.628889,144
-57.031667,-25.628889,141
-57.031389,-25.628889,140
-57.031111,-25.628889,139
-57.030833,-25.628889,136
-57.030556,-25.628889,135
-57.030278,-25.628889,135
-57.030000,-25.628889,132
-57.029722,-25.628889,131
-57.029444,-25.628889,131
-57.029167,-25.628889,130
-57.028889,-25.628889,130
-57.028611,-25.628889,132
-57.028333,-25.628889,136
-57.028056,-25.628889,138
-57.027778,-25.628889,134
-57.027500,-25.628889,133
-57.027222,-25.628889,132
-57.026944,-25.628889,134
-57.026667,-25.628889,134
-57.026389,-25.628889,135
-57.026111,-25.628889,136
-57.025833,-25.628889,135
-57.025556,-25.628889,137
-57.025278,-25.628889,140
-57.025000,-25.628889,144
-57.024722,-25.628889,144
-57.024444,-25.628889,145
-57.024167,-25.628889,149
-57.023889,-25.628889,150
-57.023611,-25.628889,155
-57.023333,-25.628889,155
-57.023056,-25.628889,156
-57.022778,-25.628889,157
-57.022500,-25.628889,158
-57.022222,-25.628889,162
-57.021944,-25.628889,161
-57.021667,-25.628889,162
-57.021389,-25.628889,163
-57.021111,-25.628889,164
-57.020833,-25.628889,164
-57.020556,-25.628889,166
-57.020278,-25.628889,167
-57.020000,-25.628889,168
-57.019722,-25.628889,168
-57.019444,-25.628889,170
-57.019167,-25.628889,170
-57.018889,-25.628889,169
-57.018611,-25.628889,169
-57.018333,-25.628889,170
-57.018056,-25.628889,170
-57.017778,-25.628889,169
-57.017500,-25.628889,171
-57.017222,-25.628889,172
-57.016944,-25.628889,174
-57.016667,-25.628889,177
-57.016389,-25.628889,179
-57.016111,-25.628889,178
-57.015833,-25.628889,178
-57.015556,-25.628889,174
-57.015278,-25.628889,169
-57.045000,-25.629167,160
-57.044722,-25.629167,168
-57.044444,-25.629167,169
-57.044167,-25.629167,163
-57.043889,-25.629167,165
-57.043611,-25.629167,166
-57.043333,-25.629167,166
-57.043056,-25.629167,167
-57.042778,-25.629167,166
-57.042500,-25.629167,166
-57.042222,-25.629167,167
-57.041944,-25.629167,167
-57.041667,-25.629167,164
-57.041389,-25.629167,166
-57.041111,-25.629167,165
-57.040833,-25.629167,166
-57.040556,-25.629167,165
-57.040278,-25.629167,165
-57.040000,-25.629167,165
-57.039722,-25.629167,165
-57.039444,-25.629167,165
-57.039167,-25.629167,165
-57.038889,-25.629167,164
-57.038611,-25.629167,164
-57.038333,-25.629167,165
-57.038056,-25.629167,163
-57.037778,-25.629167,162
-57.037500,-25.629167,162
-57.037222,-25.629167,162
-57.036944,-25.629167,162
-57.036667,-25.629167,162
-57.036389,-25.629167,162
-57.036111,-25.629167,160
-57.035833,-25.629167,160
-57.035556,-25.629167,159
-57.035278,-25.629167,158
-57.035000,-25.629167,157
-57.034722,-25.629167,156
-57.034444,-25.629167,155
-57.034167,-25.629167,161
-57.033889,-25.629167,163
-57.033611,-25.629167,162
-57.033333,-25.629167,163
-57.033056,-25.629167,168
-57.032778,-25.629167,161
-57.032500,-25.629167,147
-57.032222,-25.629167,146
-57.031944,-25.629167,145
-57.031667,-25.629167,142
-57.031389,-25.629167,140
-57.031111,-25.629167,138
-57.030833,-25.629167,137
-57.030556,-25.629167,136
-57.030278,-25.629167,135
-57.030000,-25.629167,133
-57.029722,-25.629167,134
-57.029444,-25.629167,133
-57.029167,-25.629167,132
-57.028889,-25.629167,131
-57.028611,-25.629167,130
-57.028333,-25.629167,133
-57.028056,-25.629167,139
-57.027778,-25.629167,136
-57.027500,-25.629167,135
-57.027222,-25.629167,132
-57.026944,-25.629167,130
-57.026667,-25.629167,131
-57.026389,-25.629167,131
-57.026111,-25.629167,133
-57.025833,-25.629167,135
-57.025556,-25.629167,136
-57.025278,-25.629167,141
-57.025000,-25.629167,145
-57.024722,-25.629167,141
-57.024444,-25.629167,142
-57.024167,-25.629167,146
-57.023889,-25.629167,153
-57.023611,-25.629167,154
-57.023333,-25.629167,152
-57.023056,-25.629167,158
-57.022778,-25.629167,159
-57.022500,-25.629167,158
-57.022222,-25.629167,160
-57.021944,-25.629167,160
-57.021667,-25.629167,161
-57.021389,-25.629167,162
-57.021111,-25.629167,162
-57.020833,-25.629167,164
-57.020556,-25.629167,164
-57.020278,-25.629167,165
-57.020000,-25.629167,165
-57.019722,-25.629167,166
-57.019444,-25.629167,166
-57.019167,-25.629167,166
-57.018889,-25.629167,165
-57.018611,-25.629167,166
-57.018333,-25.629167,165
-57.018056,-25.629167,165
-57.017778,-25.629167,165
-57.017500,-25.629167,168
-57.017222,-25.629167,168
-57.016944,-25.629167,171
-57.016667,-25.629167,173
-57.016389,-25.629167,175
-57.016111,-25.629167,176
-57.015833,-25.629167,172
-57.015556,-25.629167,167
-57.015278,-25.629167,159
-57.045000,-25.629444,158
-57.044722,-25.629444,164
-57.044444,-25.629444,168
-57.044167,-25.629444,163
-57.043889,-25.629444,164
-57.043611,-25.629444,165
-57.043333,-25.629444,165
-57.043056,-25.629444,165
-57.042778,-25.629444,166
-57.042500,-25.629444,166
-57.042222,-25.629444,165
-57.041944,-25.629444,165
-57.041667,-25.629444,164
-57.041389,-25.629444,163
-57.041111,-25.629444,164
-57.040833,-25.629444,165
-57.040556,-25.629444,164
-57.040278,-25.629444,164
-57.040000,-25.629444,164
-57.039722,-25.629444,164
-57.039444,-25.629444,164
-57.039167,-25.629444,164
-57.038889,-25.629444,164
-57.038611,-25.629444,164
-57.038333,-25.629444,163
-57.038056,-25.629444,162
-57.037778,-25.629444,162
-57.037500,-25.629444,162
-57.037222,-25.629444,161
-57.036944,-25.629444,162
-57.036667,-25.629444,161
-57.036389,-25.629444,161
-57.036111,-25.629444,160
-57.035833,-25.629444,159
-57.035556,-25.629444,158
-57.035278,-25.629444,157
-57.035000,-25.629444,156
-57.034722,-25.629444,158
-57.034444,-25.629444,161
-57.034167,-25.629444,164
-57.033889,-25.629444,169
-57.033611,-25.629444,162
-57.033333,-25.629444,156
-57.033056,-25.629444,163
-57.032778,-25.629444,161
-57.032500,-25.629444,147
-57.032222,-25.629444,146
-57.031944,-25.629444,146
-57.031667,-25.629444,143
-57.031389,-25.629444,140
-57.031111,-25.629444,138
-57.030833,-25.629444,137
-57.030556,-25.629444,137
-57.030278,-25.629444,137
-57.030000,-25.629444,135
-57.029722,-25.629444,134
-57.029444,-25.629444,135
-57.029167,-25.629444,134
-57.028889,-25.629444,133
-57.028611,-25.629444,133
-57.028333,-25.629444,131
-57.028056,-25.629444,133
-57.027778,-25.629444,133
-57.027500,-25.629444,134
-57.027222,-25.629444,133
-57.026944,-25.629444,130
-57.026667,-25.629444,130
-57.026389,-25.629444,131
-57.026111,-25.629444,133
-57.025833,-25.629444,134
-57.025556,-25.629444,133
-57.025278,-25.629444,136
-57.025000,-25.629444,137
-57.024722,-25.629444,139
-57.024444,-25.629444,141
-57.024167,-25.629444,145
-57.023889,-25.629444,152
-57.023611,-25.629444,150
-57.023333,-25.629444,153
-57.023056,-25.629444,159
-57.022778,-25.629444,162
-57.022500,-25.629444,156
-57.022222,-25.629444,157
-57.021944,-25.629444,159
-57.021667,-25.629444,160
-57.021389,-25.629444,161
-57.021111,-25.629444,161
-57.020833,-25.629444,162
-57.020556,-25.629444,161
-57.020278,-25.629444,163
-57.020000,-25.629444,163
-57.019722,-25.629444,164
-57.019444,-25.629444,164
-57.019167,-25.629444,163
-57.018889,-25.629444,163
-57.018611,-25.629444,162
-57.018333,-25.629444,161
-57.018056,-25.629444,161
-57.017778,-25.629444,161
-57.017500,-25.629444,161
-57.017222,-25.629444,162
-57.016944,-25.629444,162
-57.016667,-25.629444,161
-57.016389,-25.629444,163
-57.016111,-25.629444,165
-57.015833,-25.629444,163
-57.015556,-25.629444,158
-57.015278,-25.629444,158
-57.045000,-25.629722,157
-57.044722,-25.629722,159
-57.044444,-25.629722,162
-57.044167,-25.629722,162
-57.043889,-25.629722,163
-57.043611,-25.629722,164
-57.043333,-25.629722,165
-57.043056,-25.629722,165
-57.042778,-25.629722,165
-57.042500,-25.629722,164
-57.042222,-25.629722,164
-57.041944,-25.629722,164
-57.041667,-25.629722,164
-57.041389,-25.629722,162
-57.041111,-25.629722,164
-57.040833,-25.629722,164
-57.040556,-25.629722,163
-57.040278,-25.629722,162
-57.040000,-25.629722,163
-57.039722,-25.629722,163
-57.039444,-25.629722,163
-57.039167,-25.629722,164
-57.038889,-25.629722,162
-57.038611,-25.629722,162
-57.038333,-25.629722,163
-57.038056,-25.629722,162
-57.037778,-25.629722,162
-57.037500,-25.629722,162
-57.037222,-25.629722,161
-57.036944,-25.629722,160
-57.036667,-25.629722,159
-57.036389,-25.629722,160
-57.036111,-25.629722,160
-57.035833,-25.629722,159
-57.035556,-25.629722,157
-57.035278,-25.629722,157
-57.035000,-25.629722,156
-57.034722,-25.629722,156
-57.034444,-25.629722,156
-57.034167,-25.629722,162
-57.033889,-25.629722,167
-57.033611,-25.629722,159
-57.033333,-25.629722,161
-57.033056,-25.629722,162
-57.032778,-25.629722,156
-57.032500,-25.629722,150
-57.032222,-25.629722,146
-57.031944,-25.629722,145
-57.031667,-25.629722,142
-57.031389,-25.629722,142
-57.031111,-25.629722,139
-57.030833,-25.629722,137
-57.030556,-25.629722,137
-57.030278,-25.629722,137
-57.030000,-25.629722,135
-57.029722,-25.629722,135
-57.029444,-25.629722,135
-57.029167,-25.629722,134
-57.028889,-25.629722,135
-57.028611,-25.629722,135
-57.028333,-25.629722,131
-57.028056,-25.629722,132
-57.027778,-25.629722,135
-57.027500,-25.629722,134
-57.027222,-25.629722,137
-57.026944,-25.629722,133
-57.026667,-25.629722,131
-57.026389,-25.629722,133
-57.026111,-25.629722,133
-57.025833,-25.629722,135
-57.025556,-25.629722,136
-57.025278,-25.629722,137
-57.025000,-25.629722,137
-57.024722,-25.629722,138
-57.024444,-25.629722,139
-57.024167,-25.629722,141
-57.023889,-25.629722,144
-57.023611,-25.629722,146
-57.023333,-25.629722,154
-57.023056,-25.629722,158
-57.022778,-25.629722,159
-57.022500,-25.629722,155
-57.022222,-25.629722,155
-57.021944,-25.629722,157
-57.021667,-25.629722,159
-57.021389,-25.629722,159
-57.021111,-25.629722,160
-57.020833,-25.629722,160
-57.020556,-25.629722,159
-57.020278,-25.629722,160
-57.020000,-25.629722,161
-57.019722,-25.629722,161
-57.019444,-25.629722,161
-57.019167,-25.629722,161
-57.018889,-25.629722,161
-57.018611,-25.629722,159
-57.018333,-25.629722,158
-57.018056,-25.629722,158
-57.017778,-25.629722,158
-57.017500,-25.629722,157
-57.017222,-25.629722,158
-57.016944,-25.629722,158
-57.016667,-25.629722,156
-57.016389,-25.629722,155
-57.016111,-25.629722,159
-57.015833,-25.629722,157
-57.015556,-25.629722,156
-57.015278,-25.629722,157
-57.045000,-25.630000,156
-57.044722,-25.630000,157
-57.044444,-25.630000,158
-57.044167,-25.630000,161
-57.043889,-25.630000,162
-57.043611,-25.630000,163
-57.043333,-25.630000,163
-57.043056,-25.630000,162
-57.042778,-25.630000,163
-57.042500,-25.630000,163
-57.042222,-25.630000,162
-57.041944,-25.630000,163
-57.041667,-25.630000,162
-57.041389,-25.630000,161
-57.041111,-25.630000,160
-57.040833,-25.630000,162
-57.040556,-25.630000,161
-57.040278,-25.630000,162
-57.040000,-25.630000,162
-57.039722,-25.630000,162
-57.039444,-25.630000,162
-57.039167,-25.630000,161
-57.038889,-25.630000,161
-57.038611,-25.630000,162
-57.038333,-25.630000,162
-57.038056,-25.630000,162
-57.037778,-25.630000,162
-57.037500,-25.630000,161
-57.037222,-25.630000,163
-57.036944,-25.630000,162
-57.036667,-25.630000,158
-57.036389,-25.630000,160
-57.036111,-25.630000,160
-57.035833,-25.630000,158
-57.035556,-25.630000,158
-57.035278,-25.630000,157
-57.035000,-25.630000,156
-57.034722,-25.630000,154
-57.034444,-25.630000,153
-57.034167,-25.630000,155
-57.033889,-25.630000,153
-57.033611,-25.630000,152
-57.033333,-25.630000,158
-57.033056,-25.630000,171
-57.032778,-25.630000,164
-57.032500,-25.630000,153
-57.032222,-25.630000,146
-57.031944,-25.630000,145
-57.031667,-25.630000,143
-57.031389,-25.630000,142
-57.031111,-25.630000,139
-57.030833,-25.630000,135
-57.030556,-25.630000,137
-57.030278,-25.630000,136
-57.030000,-25.630000,136
-57.029722,-25.630000,135
-57.029444,-25.630000,135
-57.029167,-25.630000,135
-57.028889,-25.630000,135
-57.028611,-25.630000,135
-57.028333,-25.630000,132
-57.028056,-25.630000,133
-57.027778,-25.630000,135
-57.027500,-25.630000,135
-57.027222,-25.630000,136
-57.026944,-25.630000,134
-57.026667,-25.630000,133
-57.026389,-25.630000,135
-57.026111,-25.630000,134
-57.025833,-25.630000,135
-57.025556,-25.630000,136
-57.025278,-25.630000,137
-57.025000,-25.630000,139
-57.024722,-25.630000,143
-57.024444,-25.630000,145
-57.024167,-25.630000,142
-57.023889,-25.630000,142
-57.023611,-25.630000,145
-57.023333,-25.630000,148
-57.023056,-25.630000,152
-57.022778,-25.630000,151
-57.022500,-25.630000,151
-57.022222,-25.630000,152
-57.021944,-25.630000,155
-57.021667,-25.630000,157
-57.021389,-25.630000,157
-57.021111,-25.630000,157
-57.020833,-25.630000,158
-57.020556,-25.630000,157
-57.020278,-25.630000,158
-57.020000,-25.630000,157
-57.019722,-25.630000,158
-57.019444,-25.630000,160
-57.019167,-25.630000,158
-57.018889,-25.630000,157
-57.018611,-25.630000,156
-57.018333,-25.630000,153
-57.018056,-25.630000,154
-57.017778,-25.630000,153
-57.017500,-25.630000,154
-57.017222,-25.630000,154
-57.016944,-25.630000,154
-57.016667,-25.630000,154
-57.016389,-25.630000,154
-57.016111,-25.630000,155
-57.015833,-25.630000,155
-57.015556,-25.630000,155
-57.015278,-25.630000,155
-57.045000,-25.630278,155
-57.044722,-25.630278,156
-57.044444,-25.630278,157
-57.044167,-25.630278,159
-57.043889,-25.630278,161
-57.043611,-25.630278,161
-57.043333,-25.630278,161
-57.043056,-25.630278,161
-57.042778,-25.630278,161
-57.042500,-25.630278,161
-57.042222,-25.630278,161
-57.041944,-25.630278,159
-57.041667,-25.630278,159
-57.041389,-25.630278,160
-57.041111,-25.630278,160
-57.040833,-25.630278,161
-57.040556,-25.630278,160
-57.040278,-25.630278,160
-57.040000,-25.630278,160
-57.039722,-25.630278,161
-57.039444,-25.630278,161
-57.039167,-25.630278,160
-57.038889,-25.630278,160
-57.038611,-25.630278,161
-57.038333,-25.630278,160
-57.038056,-25.630278,160
-57.037778,-25.630278,161
-57.037500,-25.630278,160
-57.037222,-25.630278,165
-57.036944,-25.630278,165
-57.036667,-25.630278,158
-57.036389,-25.630278,160
-57.036111,-25.630278,159
-57.035833,-25.630278,158
-57.035556,-25.630278,157
-57.035278,-25.630278,157
-57.035000,-25.630278,156
-57.034722,-25.630278,155
-57.034444,-25.630278,154
-57.034167,-25.630278,154
-57.033889,-25.630278,151
-57.033611,-25.630278,150
-57.033333,-25.630278,160
-57.033056,-25.630278,165
-57.032778,-25.630278,160
-57.032500,-25.630278,156
-57.032222,-25.630278,148
-57.031944,-25.630278,145
-57.031667,-25.630278,144
-57.031389,-25.630278,140
-57.031111,-25.630278,137
-57.030833,-25.630278,135
-57.030556,-25.630278,135
-57.030278,-25.630278,136
-57.030000,-25.630278,135
-57.029722,-25.630278,135
-57.029444,-25.630278,135
-57.029167,-25.630278,134
-57.028889,-25.630278,135
-57.028611,-25.630278,134
-57.028333,-25.630278,131
-57.028056,-25.630278,132
-57.027778,-25.630278,136
-57.027500,-25.630278,136
-57.027222,-25.630278,136
-57.026944,-25.630278,136
-57.026667,-25.630278,137
-57.026389,-25.630278,137
-57.026111,-25.630278,134
-57.025833,-25.630278,134
-57.025556,-25.630278,136
-57.025278,-25.630278,137
-57.025000,-25.630278,140
-57.024722,-25.630278,141
-57.024444,-25.630278,138
-57.024167,-25.630278,139
-57.023889,-25.630278,140
-57.023611,-25.630278,141
-57.023333,-25.630278,144
-57.023056,-25.630278,146
-57.022778,-25.630278,148
-57.022500,-25.630278,149
-57.022222,-25.630278,151
-57.021944,-25.630278,153
-57.021667,-25.630278,154
-57.021389,-25.630278,156
-57.021111,-25.630278,156
-57.020833,-25.630278,156
-57.020556,-25.630278,156
-57.020278,-25.630278,155
-57.020000,-25.630278,155
-57.019722,-25.630278,155
-57.019444,-25.630278,156
-57.019167,-25.630278,155
-57.018889,-25.630278,154
-57.018611,-25.630278,153
-57.018333,-25.630278,151
-57.018056,-25.630278,151
-57.017778,-25.630278,150
-57.017500,-25.630278,151
-57.017222,-25.630278,151
-57.016944,-25.630278,153
-57.016667,-25.630278,153
-57.016389,-25.630278,155
-57.016111,-25.630278,154
-57.015833,-25.630278,154
-57.015556,-25.630278,155
-57.015278,-25.630278,157
-57.045000,-25.630556,155
-57.044722,-25.630556,154
-57.044444,-25.630556,156
-57.044167,-25.630556,158
-57.043889,-25.630556,159
-57.043611,-25.630556,159
-57.043333,-25.630556,160
-57.043056,-25.630556,159
-57.042778,-25.630556,159
-57.042500,-25.630556,159
-57.042222,-25.630556,158
-57.041944,-25.630556,159
-57.041667,-25.630556,158
-57.041389,-25.630556,159
-57.041111,-25.630556,158
-57.040833,-25.630556,157
-57.040556,-25.630556,158
-57.040278,-25.630556,159
-57.040000,-25.630556,160
-57.039722,-25.630556,159
-57.039444,-25.630556,158
-57.039167,-25.630556,159
-57.038889,-25.630556,160
-57.038611,-25.630556,160
-57.038333,-25.630556,160
-57.038056,-25.630556,160
-57.037778,-25.630556,160
-57.037500,-25.630556,161
-57.037222,-25.630556,160
-57.036944,-25.630556,159
-57.036667,-25.630556,158
-57.036389,-25.630556,159
-57.036111,-25.630556,159
-57.035833,-25.630556,158
-57.035556,-25.630556,157
-57.035278,-25.630556,157
-57.035000,-25.630556,156
-57.034722,-25.630556,156
-57.034444,-25.630556,154
-57.034167,-25.630556,153
-57.033889,-25.630556,151
-57.033611,-25.630556,151
-57.033333,-25.630556,151
-57.033056,-25.630556,152
-57.032778,-25.630556,150
-57.032500,-25.630556,148
-57.032222,-25.630556,147
-57.031944,-25.630556,145
-57.031667,-25.630556,144
-57.031389,-25.630556,139
-57.031111,-25.630556,137
-57.030833,-25.630556,137
-57.030556,-25.630556,134
-57.030278,-25.630556,135
-57.030000,-25.630556,136
-57.029722,-25.630556,136
-57.029444,-25.630556,135
-57.029167,-25.630556,134
-57.028889,-25.630556,133
-57.028611,-25.630556,132
-57.028333,-25.630556,130
-57.028056,-25.630556,134
-57.027778,-25.630556,137
-57.027500,-25.630556,136
-57.027222,-25.630556,134
-57.026944,-25.630556,135
-57.026667,-25.630556,136
-57.026389,-25.630556,134
-57.026111,-25.630556,134
-57.025833,-25.630556,133
-57.025556,-25.630556,135
-57.025278,-25.630556,135
-57.025000,-25.630556,137
-57.024722,-25.630556,138
-57.024444,-25.630556,138
-57.024167,-25.630556,138
-57.023889,-25.630556,139
-57.023611,-25.630556,140
-57.023333,-25.630556,141
-57.023056,-25.630556,144
-57.022778,-25.630556,145
-57.022500,-25.630556,147
-57.022222,-25.630556,149
-57.021944,-25.630556,151
-57.021667,-25.630556,152
-57.021389,-25.630556,155
-57.021111,-25.630556,154
-57.020833,-25.630556,153
-57.020556,-25.630556,153
-57.020278,-25.630556,153
-57.020000,-25.630556,152
-57.019722,-25.630556,152
-57.019444,-25.630556,152
-57.019167,-25.630556,153
-57.018889,-25.630556,152
-57.018611,-25.630556,152
-57.018333,-25.630556,149
-57.018056,-25.630556,149
-57.017778,-25.630556,149
-57.017500,-25.630556,150
-57.017222,-25.630556,151
-57.016944,-25.630556,152
-57.016667,-25.630556,152
-57.016389,-25.630556,155
-57.016111,-25.630556,155
-57.015833,-25.630556,155
-57.015556,-25.630556,157
-57.015278,-25.630556,159
-57.045000,-25.630833,154
-57.044722,-25.630833,155
-57.044444,-25.630833,156
-57.044167,-25.630833,157
-57.043889,-25.630833,158
-57.043611,-25.630833,158
-57.043333,-25.630833,158
-57.043056,-25.630833,158
-57.042778,-25.630833,158
-57.042500,-25.630833,158
-57.042222,-25.630833,158
-57.041944,-25.630833,157
-57.041667,-25.630833,156
-57.041389,-25.630833,157
-57.041111,-25.630833,157
-57.040833,-25.630833,156
-57.040556,-25.630833,158
-57.040278,-25.630833,159
-57.040000,-25.630833,159
-57.039722,-25.630833,158
-57.039444,-25.630833,157
-57.039167,-25.630833,158
-57.038889,-25.630833,160
-57.038611,-25.630833,159
-57.038333,-25.630833,159
-57.038056,-25.630833,158
-57.037778,-25.630833,160
-57.037500,-25.630833,160
-57.037222,-25.630833,158
-57.036944,-25.630833,158
-57.036667,-25.630833,159
-57.036389,-25.630833,158
-57.036111,-25.630833,159
-57.035833,-25.630833,159
-57.035556,-25.630833,157
-57.035278,-25.630833,157
-57.035000,-25.630833,156
-57.034722,-25.630833,154
-57.034444,-25.630833,153
-57.034167,-25.630833,152
-57.033889,-25.630833,153
-57.033611,-25.630833,151
-57.033333,-25.630833,150
-57.033056,-25.630833,150
-57.032778,-25.630833,149
-57.032500,-25.630833,150
-57.032222,-25.630833,150
-57.031944,-25.630833,148
-57.031667,-25.630833,142
-57.031389,-25.630833,139
-57.031111,-25.630833,137
-57.030833,-25.630833,138
-57.030556,-25.630833,134
-57.030278,-25.630833,136
-57.030000,-25.630833,140
-57.029722,-25.630833,136
-57.029444,-25.630833,133
-57.029167,-25.630833,132
-57.028889,-25.630833,131
-57.028611,-25.630833,131
-57.028333,-25.630833,130
-57.028056,-25.630833,132
-57.027778,-25.630833,134
-57.027500,-25.630833,134
-57.027222,-25.630833,135
-57.026944,-25.630833,133
-57.026667,-25.630833,133
-57.026389,-25.630833,132
-57.026111,-25.630833,134
-57.025833,-25.630833,133
-57.025556,-25.630833,134
-57.025278,-25.630833,136
-57.025000,-25.630833,135
-57.024722,-25.630833,136
-57.024444,-25.630833,135
-57.024167,-25.630833,136
-57.023889,-25.630833,139
-57.023611,-25.630833,140
-57.023333,-25.630833,141
-57.023056,-25.630833,143
-57.022778,-25.630833,143
-57.022500,-25.630833,145
-57.022222,-25.630833,147
-57.021944,-25.630833,148
-57.021667,-25.630833,150
-57.021389,-25.630833,151
-57.021111,-25.630833,151
-57.020833,-25.630833,151
-57.020556,-25.630833,150
-57.020278,-25.630833,151
-57.020000,-25.630833,152
-57.019722,-25.630833,149
-57.019444,-25.630833,149
-57.019167,-25.630833,149
-57.018889,-25.630833,149
-57.018611,-25.630833,149
-57.018333,-25.630833,148
-57.018056,-25.630833,148
-57.017778,-25.630833,150
-57.017500,-25.630833,150
-57.017222,-25.630833,150
-57.016944,-25.630833,151
-57.016667,-25.630833,154
-57.016389,-25.630833,155
-57.016111,-25.630833,158
-57.015833,-25.630833,157
-57.015556,-25.630833,159
-57.015278,-25.630833,161
-57.045000,-25.631111,154
-57.044722,-25.631111,153
-57.044444,-25.631111,155
-57.044167,-25.631111,156
-57.043889,-25.631111,157
-57.043611,-25.631111,158
-57.043333,-25.631111,156
-57.043056,-25.631111,155
-57.042778,-25.631111,155
-57.042500,-25.631111,156
-57.042222,-25.631111,154
-57.041944,-25.631111,154
-57.041667,-25.631111,154
-57.041389,-25.631111,155
-57.041111,-25.631111,155
-57.040833,-25.631111,157
-57.040556,-25.631111,156
-57.040278,-25.631111,155
-57.040000,-25.631111,156
-57.039722,-25.631111,156
-57.039444,-25.631111,157
-57.039167,-25.631111,158
-57.038889,-25.631111,158
-57.038611,-25.631111,159
-57.038333,-25.631111,158
-57.038056,-25.631111,158
-57.037778,-25.631111,159
-57.037500,-25.631111,159
-57.037222,-25.631111,157
-57.036944,-25.631111,159
-57.036667,-25.631111,158
-57.036389,-25.631111,158
-57.036111,-25.631111,158
-57.035833,-25.631111,158
-57.035556,-25.631111,157
-57.035278,-25.631111,156
-57.035000,-25.631111,156
-57.034722,-25.631111,155
-57.034444,-25.631111,154
-57.034167,-25.631111,154
-57.033889,-25.631111,153
-57.033611,-25.631111,152
-57.033333,-25.631111,151
-57.033056,-25.631111,151
-57.032778,-25.631111,150
-57.032500,-25.631111,148
-57.032222,-25.631111,149
-57.031944,-25.631111,147
-57.031667,-25.631111,142
-57.031389,-25.631111,140
-57.031111,-25.631111,138
-57.030833,-25.631111,138
-57.030556,-25.631111,136
-57.030278,-25.631111,138
-57.030000,-25.631111,143
-57.029722,-25.631111,138
-57.029444,-25.631111,131
-57.029167,-25.631111,132
-57.028889,-25.631111,130
-57.028611,-25.631111,131
-57.028333,-25.631111,131
-57.028056,-25.631111,135
-57.027778,-25.631111,136
-57.027500,-25.631111,136
-57.027222,-25.631111,131
-57.026944,-25.631111,130
-57.026667,-25.631111,132
-57.026389,-25.631111,134
-57.026111,-25.631111,135
-57.025833,-25.631111,136
-57.025556,-25.631111,135
-57.025278,-25.631111,135
-57.025000,-25.631111,135
-57.024722,-25.631111,135
-57.024444,-25.631111,136
-57.024167,-25.631111,136
-57.023889,-25.631111,139
-57.023611,-25.631111,140
-57.023333,-25.631111,140
-57.023056,-25.631111,141
-57.022778,-25.631111,143
-57.022500,-25.631111,143
-57.022222,-25.631111,144
-57.021944,-25.631111,146
-57.021667,-25.631111,147
-57.021389,-25.631111,149
-57.021111,-25.631111,149
-57.020833,-25.631111,149
-57.020556,-25.631111,148
-57.020278,-25.631111,149
-57.020000,-25.631111,150
-57.019722,-25.631111,149
-57.019444,-25.631111,146
-57.019167,-25.631111,147
-57.018889,-25.631111,147
-57.018611,-25.631111,148
-57.018333,-25.631111,147
-57.018056,-25.631111,148
-57.017778,-25.631111,149
-57.017500,-25.631111,149
-57.017222,-25.631111,151
-57.016944,-25.631111,152
-57.016667,-25.631111,154
-57.016389,-25.631111,155
-57.016111,-25.631111,156
-57.015833,-25.631111,160
-57.015556,-25.631111,161
-57.015278,-25.631111,162
-57.045000,-25.631389,153
-57.044722,-25.631389,152
-57.044444,-25.631389,154
-57.044167,-25.631389,155
-57.043889,-25.631389,155
-57.043611,-25.631389,156
-57.043333,-25.631389,155
-57.043056,-25.631389,153
-57.042778,-25.631389,154
-57.042500,-25.631389,152
-57.042222,-25.631389,150
-57.041944,-25.631389,151
-57.041667,-25.631389,152
-57.041389,-25.631389,153
-57.041111,-25.631389,151
-57.040833,-25.631389,160
-57.040556,-25.631389,153
-57.040278,-25.631389,153
-57.040000,-25.631389,155
-57.039722,-25.631389,155
-57.039444,-25.631389,155
-57.039167,-25.631389,157
-57.038889,-25.631389,157
-57.038611,-25.631389,157
-57.038333,-25.631389,157
-57.038056,-25.631389,157
-57.037778,-25.631389,158
-57.037500,-25.631389,157
-57.037222,-25.631389,157
-57.036944,-25.631389,157
-57.036667,-25.631389,157
-57.036389,-25.631389,157
-57.036111,-25.631389,158
-57.035833,-25.631389,158
-57.035556,-25.631389,155
-57.035278,-25.631389,154
-57.035000,-25.631389,155
-57.034722,-25.631389,154
-57.034444,-25.631389,153
-57.034167,-25.631389,153
-57.033889,-25.631389,153
-57.033611,-25.631389,152
-57.033333,-25.631389,151
-57.033056,-25.631389,149
-57.032778,-25.631389,150
-57.032500,-25.631389,150
-57.032222,-25.631389,145
-57.031944,-25.631389,146
-57.031667,-25.631389,145
-57.031389,-25.631389,142
-57.031111,-25.631389,139
-57.030833,-25.631389,137
-57.030556,-25.631389,135
-57.030278,-25.631389,137
-57.030000,-25.631389,138
-57.029722,-25.631389,134
-57.029444,-25.631389,131
-57.029167,-25.631389,130
-57.028889,-25.631389,128
-57.028611,-25.631389,128
-57.028333,-25.631389,131
-57.028056,-25.631389,132
-57.027778,-25.631389,134
-57.027500,-25.631389,134
-57.027222,-25.631389,130
-57.026944,-25.631389,130
-57.026667,-25.631389,134
-57.026389,-25.631389,135
-57.026111,-25.631389,135
-57.025833,-25.631389,136
-57.025556,-25.631389,136
-57.025278,-25.631389,136
-57.025000,-25.631389,136
-57.024722,-25.631389,137
-57.024444,-25.631389,137
-57.024167,-25.631389,137
-57.023889,-25.631389,138
-57.023611,-25.631389,141
-57.023333,-25.631389,139
-57.023056,-25.631389,140
-57.022778,-25.631389,142
-57.022500,-25.631389,141
-57.022222,-25.631389,142
-57.021944,-25.631389,144
-57.021667,-25.631389,145
-57.021389,-25.631389,146
-57.021111,-25.631389,147
-57.020833,-25.631389,147
-57.020556,-25.631389,145
-57.020278,-25.631389,145
-57.020000,-25.631389,149
-57.019722,-25.631389,151
-57.019444,-25.631389,146
-57.019167,-25.631389,144
-57.018889,-25.631389,145
-57.018611,-25.631389,146
-57.018333,-25.631389,147
-57.018056,-25.631389,147
-57.017778,-25.631389,148
-57.017500,-25.631389,151
-57.017222,-25.631389,157
-57.016944,-25.631389,155
-57.016667,-25.631389,156
-57.016389,-25.631389,157
-57.016111,-25.631389,156
-57.015833,-25.631389,159
-57.015556,-25.631389,160
-57.015278,-25.631389,161
-57.045000,-25.631667,153
-57.044722,-25.631667,150
-57.044444,-25.631667,152
-57.044167,-25.631667,154
-57.043889,-25.631667,154
-57.043611,-25.631667,154
-57.043333,-25.631667,153
-57.043056,-25.631667,153
-57.042778,-25.631667,151
-57.042500,-25.631667,149
-57.042222,-25.631667,148
-57.041944,-25.631667,146
-57.041667,-25.631667,146
-57.041389,-25.631667,149
-57.041111,-25.631667,149
-57.040833,-25.631667,154
-57.040556,-25.631667,148
-57.040278,-25.631667,150
-57.040000,-25.631667,155
-57.039722,-25.631667,154
-57.039444,-25.631667,154
-57.039167,-25.631667,155
-57.038889,-25.631667,156
-57.038611,-25.631667,156
-57.038333,-25.631667,157
-57.038056,-25.631667,156
-57.037778,-25.631667,157
-57.037500,-25.631667,157
-57.037222,-25.631667,156
-57.036944,-25.631667,156
-57.036667,-25.631667,157
-57.036389,-25.631667,157
-57.036111,-25.631667,156
-57.035833,-25.631667,156
-57.035556,-25.631667,154
-57.035278,-25.631667,154
-57.035000,-25.631667,154
-57.034722,-25.631667,153
-57.034444,-25.631667,153
-57.034167,-25.631667,153
-57.033889,-25.631667,153
-57.033611,-25.631667,151
-57.033333,-25.631667,151
-57.033056,-25.631667,150
-57.032778,-25.631667,149
-57.032500,-25.631667,148
-57.032222,-25.631667,147
-57.031944,-25.631667,151
-57.031667,-25.631667,150
-57.031389,-25.631667,141
-57.031111,-25.631667,138
-57.030833,-25.631667,136
-57.030556,-25.631667,135
-57.030278,-25.631667,135
-57.030000,-25.631667,136
-57.029722,-25.631667,134
-57.029444,-25.631667,132
-57.029167,-25.631667,129
-57.028889,-25.631667,128
-57.028611,-25.631667,128
-57.028333,-25.631667,129
-57.028056,-25.631667,131
-57.027778,-25.631667,134
-57.027500,-25.631667,131
-57.027222,-25.631667,131
-57.026944,-25.631667,133
-57.026667,-25.631667,135
-57.026389,-25.631667,136
-57.026111,-25.631667,136
-57.025833,-25.631667,136
-57.025556,-25.631667,137
-57.025278,-25.631667,138
-57.025000,-25.631667,139
-57.024722,-25.631667,138
-57.024444,-25.631667,139
-57.024167,-25.631667,139
-57.023889,-25.631667,140
-57.023611,-25.631667,140
-57.023333,-25.631667,139
-57.023056,-25.631667,141
-57.022778,-25.631667,141
-57.022500,-25.631667,140
-57.022222,-25.631667,141
-57.021944,-25.631667,143
-57.021667,-25.631667,144
-57.021389,-25.631667,145
-57.021111,-25.631667,145
-57.020833,-25.631667,144
-57.020556,-25.631667,144
-57.020278,-25.631667,143
-57.020000,-25.631667,146
-57.019722,-25.631667,146
-57.019444,-25.631667,143
-57.019167,-25.631667,144
-57.018889,-25.631667,145
-57.018611,-25.631667,148
-57.018333,-25.631667,148
-57.018056,-25.631667,147
-57.017778,-25.631667,149
-57.017500,-25.631667,152
-57.017222,-25.631667,155
-57.016944,-25.631667,155
-57.016667,-25.631667,156
-57.016389,-25.631667,157
-57.016111,-25.631667,158
-57.015833,-25.631667,162
-57.015556,-25.631667,162
-57.015278,-25.631667,162
-57.045000,-25.631944,152
-57.044722,-25.631944,150
-57.044444,-25.631944,151
-57.044167,-25.631944,152
-57.043889,-25.631944,153
-57.043611,-25.631944,154
-57.043333,-25.631944,157
-57.043056,-25.631944,151
-57.042778,-25.631944,148
-57.042500,-25.631944,147
-57.042222,-25.631944,146
-57.041944,-25.631944,146
-57.041667,-25.631944,148
-57.041389,-25.631944,149
-57.041111,-25.631944,147
-57.040833,-25.631944,150
-57.040556,-25.631944,149
-57.040278,-25.631944,147
-57.040000,-25.631944,152
-57.039722,-25.631944,154
-57.039444,-25.631944,153
-57.039167,-25.631944,155
-57.038889,-25.631944,155
-57.038611,-25.631944,155
-57.038333,-25.631944,156
-57.038056,-25.631944,156
-57.037778,-25.631944,155
-57.037500,-25.631944,156
-57.037222,-25.631944,155
-57.036944,-25.631944,155
-57.036667,-25.631944,156
-57.036389,-25.631944,155
-57.036111,-25.631944,154
-57.035833,-25.631944,154
-57.035556,-25.631944,154
-57.035278,-25.631944,154
-57.035000,-25.631944,153
-57.034722,-25.631944,153
-57.034444,-25.631944,153
-57.034167,-25.631944,152
-57.033889,-25.631944,152
-57.033611,-25.631944,151
-57.033333,-25.631944,152
-57.033056,-25.631944,152
-57.032778,-25.631944,150
-57.032500,-25.631944,149
-57.032222,-25.631944,149
-57.031944,-25.631944,154
-57.031667,-25.631944,152
-57.031389,-25.631944,141
-57.031111,-25.631944,137
-57.030833,-25.631944,136
-57.030556,-25.631944,135
-57.030278,-25.631944,133
-57.030000,-25.631944,134
-57.029722,-25.631944,134
-57.029444,-25.631944,132
-57.029167,-25.631944,131
-57.028889,-25.631944,130
-57.028611,-25.631944,130
-57.028333,-25.631944,130
-57.028056,-25.631944,129
-57.027778,-25.631944,129
-57.027500,-25.631944,129
-57.027222,-25.631944,132
-57.026944,-25.631944,135
-57.026667,-25.631944,136
-57.026389,-25.631944,135
-57.026111,-25.631944,135
-57.025833,-25.631944,136
-57.025556,-25.631944,137
-57.025278,-25.631944,138
-57.025000,-25.631944,139
-57.024722,-25.631944,139
-57.024444,-25.631944,140
-57.024167,-25.631944,140
-57.023889,-25.631944,141
-57.023611,-25.631944,140
-57.023333,-25.631944,140
-57.023056,-25.631944,139
-57.022778,-25.631944,139
-57.022500,-25.631944,139
-57.022222,-25.631944,141
-57.021944,-25.631944,141
-57.021667,-25.631944,144
-57.021389,-25.631944,145
-57.021111,-25.631944,145
-57.020833,-25.631944,144
-57.020556,-25.631944,144
-57.020278,-25.631944,143
-57.020000,-25.631944,143
-57.019722,-25.631944,143
-57.019444,-25.631944,145
-57.019167,-25.631944,146
-57.018889,-25.631944,148
-57.018611,-25.631944,148
-57.018333,-25.631944,147
-57.018056,-25.631944,149
-57.017778,-25.631944,150
-57.017500,-25.631944,154
-57.017222,-25.631944,154
-57.016944,-25.631944,155
-57.016667,-25.631944,155
-57.016389,-25.631944,157
-57.016111,-25.631944,159
-57.015833,-25.631944,160
-57.015556,-25.631944,162
-57.015278,-25.631944,164
-57.045000,-25.632222,151
-57.044722,-25.632222,150
-57.044444,-25.632222,150
-57.044167,-25.632222,151
-57.043889,-25.632222,155
-57.043611,-25.632222,158
-57.043333,-25.632222,160
-57.043056,-25.632222,154
-57.042778,-25.632222,148
-57.042500,-25.632222,145
-57.042222,-25.632222,147
-57.041944,-25.632222,145
-57.041667,-25.632222,147
-57.041389,-25.632222,147
-57.041111,-25.632222,145
-57.040833,-25.632222,148
-57.040556,-25.632222,147
-57.040278,-25.632222,146
-57.040000,-25.632222,147
-57.039722,-25.632222,151
-57.039444,-25.632222,153
-57.039167,-25.632222,154
-57.038889,-25.632222,155
-57.038611,-25.632222,154
-57.038333,-25.632222,154
-57.038056,-25.632222,154
-57.037778,-25.632222,154
-57.037500,-25.632222,154
-57.037222,-25.632222,155
-57.036944,-25.632222,155
-57.036667,-25.632222,154
-57.036389,-25.632222,155
-57.036111,-25.632222,154
-57.035833,-25.632222,153
-57.035556,-25.632222,153
-57.035278,-25.632222,154
-57.035000,-25.632222,153
-57.034722,-25.632222,155
-57.034444,-25.632222,154
-57.034167,-25.632222,152
-57.033889,-25.632222,153
-57.033611,-25.632222,154
-57.033333,-25.632222,152
-57.033056,-25.632222,151
-57.032778,-25.632222,149
-57.032500,-25.632222,150
-57.032222,-25.632222,152
-57.031944,-25.632222,153
-57.031667,-25.632222,149
-57.031389,-25.632222,141
-57.031111,-25.632222,138
-57.030833,-25.632222,135
-57.030556,-25.632222,134
-57.030278,-25.632222,133
-57.030000,-25.632222,134
-57.029722,-25.632222,133
-57.029444,-25.632222,133
-57.029167,-25.632222,132
-57.028889,-25.632222,131
-57.028611,-25.632222,132
-57.028333,-25.632222,130
-57.028056,-25.632222,129
-57.027778,-25.632222,129
-57.027500,-25.632222,129
-57.027222,-25.632222,132
-57.026944,-25.632222,134
-57.026667,-25.632222,135
-57.026389,-25.632222,135
-57.026111,-25.632222,134
-57.025833,-25.632222,136
-57.025556,-25.632222,135
-57.025278,-25.632222,137
-57.025000,-25.632222,138
-57.024722,-25.632222,139
-57.024444,-25.632222,140
-57.024167,-25.632222,141
-57.023889,-25.632222,141
-57.023611,-25.632222,141
-57.023333,-25.632222,140
-57.023056,-25.632222,138
-57.022778,-25.632222,138
-57.022500,-25.632222,138
-57.022222,-25.632222,140
-57.021944,-25.632222,141
-57.021667,-25.632222,143
-57.021389,-25.632222,144
-57.021111,-25.632222,145
-57.020833,-25.632222,145
-57.020556,-25.632222,144
-57.020278,-25.632222,143
-57.020000,-25.632222,144
-57.019722,-25.632222,144
-57.019444,-25.632222,146
-57.019167,-25.632222,147
-57.018889,-25.632222,147
-57.018611,-25.632222,148
-57.018333,-25.632222,148
-57.018056,-25.632222,149
-57.017778,-25.632222,151
-57.017500,-25.632222,153
-57.017222,-25.632222,155
-57.016944,-25.632222,155
-57.016667,-25.632222,156
-57.016389,-25.632222,157
-57.016111,-25.632222,161
-57.015833,-25.632222,161
-57.015556,-25.632222,164
-57.015278,-25.632222,164
-57.045000,-25.632500,150
-57.044722,-25.632500,149
-57.044444,-25.632500,150
-57.044167,-25.632500,151
-57.043889,-25.632500,156
-57.043611,-25.632500,156
-57.043333,-25.632500,156
-57.043056,-25.632500,158
-57.042778,-25.632500,151
-57.042500,-25.632500,146
-57.042222,-25.632500,145
-57.041944,-25.632500,145
-57.041667,-25.632500,145
-57.041389,-25.632500,146
-57.041111,-25.632500,142
-57.040833,-25.632500,143
-57.040556,-25.632500,142
-57.040278,-25.632500,144
-57.040000,-25.632500,144
-57.039722,-25.632500,148
-57.039444,-25.632500,153
-57.039167,-25.632500,153
-57.038889,-25.632500,154
-57.038611,-25.632500,153
-57.038333,-25.632500,153
-57.038056,-25.632500,152
-57.037778,-25.632500,154
-57.037500,-25.632500,153
-57.037222,-25.632500,153
-57.036944,-25.632500,153
-57.036667,-25.632500,152
-57.036389,-25.632500,155
-57.036111,-25.632500,154
-57.035833,-25.632500,154
-57.035556,-25.632500,153
-57.035278,-25.632500,152
-57.035000,-25.632500,158
-57.034722,-25.632500,163
-57.034444,-25.632500,155
-57.034167,-25.632500,152
-57.033889,-25.632500,153
-57.033611,-25.632500,152
-57.033333,-25.632500,149
-57.033056,-25.632500,149
-57.032778,-25.632500,149
-57.032500,-25.632500,146
-57.032222,-25.632500,143
-57.031944,-25.632500,145
-57.031667,-25.632500,141
-57.031389,-25.632500,139
-57.031111,-25.632500,137
-57.030833,-25.632500,135
-57.030556,-25.632500,135
-57.030278,-25.632500,134
-57.030000,-25.632500,136
-57.029722,-25.632500,135
-57.029444,-25.632500,133
-57.029167,-25.632500,133
-57.028889,-25.632500,131
-57.028611,-25.632500,131
-57.028333,-25.632500,132
-57.028056,-25.632500,129
-57.027778,-25.632500,130
-57.027500,-25.632500,131
-57.027222,-25.632500,132
-57.026944,-25.632500,134
-57.026667,-25.632500,135
-57.026389,-25.632500,135
-57.026111,-25.632500,133
-57.025833,-25.632500,135
-57.025556,-25.632500,136
-57.025278,-25.632500,135
-57.025000,-25.632500,137
-57.024722,-25.632500,139
-57.024444,-25.632500,141
-57.024167,-25.632500,141
-57.023889,-25.632500,141
-57.023611,-25.632500,140
-57.023333,-25.632500,140
-57.023056,-25.632500,138
-57.022778,-25.632500,137
-57.022500,-25.632500,139
-57.022222,-25.632500,140
-57.021944,-25.632500,141
-57.021667,-25.632500,143
-57.021389,-25.632500,144
-57.021111,-25.632500,143
-57.020833,-25.632500,143
-57.020556,-25.632500,142
-57.020278,-25.632500,144
-57.020000,-25.632500,148
-57.019722,-25.632500,150
-57.019444,-25.632500,145
-57.019167,-25.632500,145
-57.018889,-25.632500,148
-57.018611,-25.632500,153
-57.018333,-25.632500,151
-57.018056,-25.632500,151
-57.017778,-25.632500,152
-57.017500,-25.632500,154
-57.017222,-25.632500,156
-57.016944,-25.632500,157
-57.016667,-25.632500,157
-57.016389,-25.632500,159
-57.016111,-25.632500,165
-57.015833,-25.632500,162
-57.015556,-25.632500,163
-57.015278,-25.632500,163
-57.045000,-25.632778,150
-57.044722,-25.632778,149
-57.044444,-25.632778,150
-57.044167,-25.632778,154
-57.043889,-25.632778,153
-57.043611,-25.632778,150
-57.043333,-25.632778,152
-57.043056,-25.632778,157
-57.042778,-25.632778,154
-57.042500,-25.632778,151
-57.042222,-25.632778,145
-57.041944,-25.632778,146
-57.041667,-25.632778,143
-57.041389,-25.632778,143
-57.041111,-25.632778,142
-57.040833,-25.632778,140
-57.040556,-25.632778,141
-57.040278,-25.632778,142
-57.040000,-25.632778,145
-57.039722,-25.632778,151
-57.039444,-25.632778,151
-57.039167,-25.632778,154
-57.038889,-25.632778,152
-57.038611,-25.632778,153
-57.038333,-25.632778,153
-57.038056,-25.632778,151
-57.037778,-25.632778,153
-57.037500,-25.632778,153
-57.037222,-25.632778,153
-57.036944,-25.632778,153
-57.036667,-25.632778,152
-57.036389,-25.632778,154
-57.036111,-25.632778,153
-57.035833,-25.632778,153
-57.035556,-25.632778,152
-57.035278,-25.632778,151
-57.035000,-25.632778,161
-57.034722,-25.632778,159
-57.034444,-25.632778,152
-57.034167,-25.632778,151
-57.033889,-25.632778,151
-57.033611,-25.632778,150
-57.033333,-25.632778,148
-57.033056,-25.632778,147
-57.032778,-25.632778,147
-57.032500,-25.632778,144
-57.032222,-25.632778,141
-57.031944,-25.632778,139
-57.031667,-25.632778,138
-57.031389,-25.632778,137
-57.031111,-25.632778,136
-57.030833,-25.632778,135
-57.030556,-25.632778,134
-57.030278,-25.632778,134
-57.030000,-25.632778,134
-57.029722,-25.632778,134
-57.029444,-25.632778,133
-57.029167,-25.632778,134
-57.028889,-25.632778,131
-57.028611,-25.632778,130
-57.028333,-25.632778,133
-57.028056,-25.632778,132
-57.027778,-25.632778,130
-57.027500,-25.632778,130
-57.027222,-25.632778,132
-57.026944,-25.632778,134
-57.026667,-25.632778,134
-57.026389,-25.632778,135
-57.026111,-25.632778,134
-57.025833,-25.632778,134
-57.025556,-25.632778,134
-57.025278,-25.632778,135
-57.025000,-25.632778,137
-57.024722,-25.632778,139
-57.024444,-25.632778,140
-57.024167,-25.632778,139
-57.023889,-25.632778,140
-57.023611,-25.632778,140
-57.023333,-25.632778,139
-57.023056,-25.632778,137
-57.022778,-25.632778,136
-57.022500,-25.632778,139
-57.022222,-25.632778,141
-57.021944,-25.632778,142
-57.021667,-25.632778,142
-57.021389,-25.632778,140
-57.021111,-25.632778,141
-57.020833,-25.632778,142
-57.020556,-25.632778,144
-57.020278,-25.632778,145
-57.020000,-25.632778,146
-57.019722,-25.632778,145
-57.019444,-25.632778,145
-57.019167,-25.632778,146
-57.018889,-25.632778,150
-57.018611,-25.632778,151
-57.018333,-25.632778,152
-57.018056,-25.632778,153
-57.017778,-25.632778,154
-57.017500,-25.632778,154
-57.017222,-25.632778,156
-57.016944,-25.632778,157
-57.016667,-25.632778,158
-57.016389,-25.632778,159
-57.016111,-25.632778,161
-57.015833,-25.632778,161
-57.015556,-25.632778,163
-57.015278,-25.632778,164
-57.045000,-25.633056,149
-57.044722,-25.633056,148
-57.044444,-25.633056,148
-57.044167,-25.633056,149
-57.043889,-25.633056,149
-57.043611,-25.633056,148
-57.043333,-25.633056,149
-57.043056,-25.633056,150
-57.042778,-25.633056,150
-57.042500,-25.633056,149
-57.042222,-25.633056,147
-57.041944,-25.633056,145
-57.041667,-25.633056,143
-57.041389,-25.633056,142
-57.041111,-25.633056,143
-57.040833,-25.633056,141
-57.040556,-25.633056,139
-57.040278,-25.633056,141
-57.040000,-25.633056,147
-57.039722,-25.633056,150
-57.039444,-25.633056,149
-57.039167,-25.633056,152
-57.038889,-25.633056,151
-57.038611,-25.633056,152
-57.038333,-25.633056,154
-57.038056,-25.633056,152
-57.037778,-25.633056,153
-57.037500,-25.633056,152
-57.037222,-25.633056,151
-57.036944,-25.633056,152
-57.036667,-25.633056,152
-57.036389,-25.633056,152
-57.036111,-25.633056,153
-57.035833,-25.633056,153
-57.035556,-25.633056,152
-57.035278,-25.633056,151
-57.035000,-25.633056,153
-57.034722,-25.633056,154
-57.034444,-25.633056,152
-57.034167,-25.633056,151
-57.033889,-25.633056,150
-57.033611,-25.633056,149
-57.033333,-25.633056,148
-57.033056,-25.633056,147
-57.032778,-25.633056,146
-57.032500,-25.633056,144
-57.032222,-25.633056,140
-57.031944,-25.633056,138
-57.031667,-25.633056,136
-57.031389,-25.633056,136
-57.031111,-25.633056,135
-57.030833,-25.633056,133
-57.030556,-25.633056,133
-57.030278,-25.633056,133
-57.030000,-25.633056,134
-57.029722,-25.633056,134
-57.029444,-25.633056,133
-57.029167,-25.633056,133
-57.028889,-25.633056,131
-57.028611,-25.633056,129
-57.028333,-25.633056,129
-57.028056,-25.633056,128
-57.027778,-25.633056,128
-57.027500,-25.633056,130
-57.027222,-25.633056,132
-57.026944,-25.633056,134
-57.026667,-25.633056,136
-57.026389,-25.633056,136
-57.026111,-25.633056,134
-57.025833,-25.633056,134
-57.025556,-25.633056,134
-57.025278,-25.633056,136
-57.025000,-25.633056,137
-57.024722,-25.633056,137
-57.024444,-25.633056,138
-57.024167,-25.633056,139
-57.023889,-25.633056,139
-57.023611,-25.633056,139
-57.023333,-25.633056,139
-57.023056,-25.633056,138
-57.022778,-25.633056,137
-57.022500,-25.633056,138
-57.022222,-25.633056,139
-57.021944,-25.633056,140
-57.021667,-25.633056,139
-57.021389,-25.633056,139
-57.021111,-25.633056,140
-57.020833,-25.633056,140
-57.020556,-25.633056,143
-57.020278,-25.633056,144
-57.020000,-25.633056,143
-57.019722,-25.633056,144
-57.019444,-25.633056,143
-57.019167,-25.633056,147
-57.018889,-25.633056,150
-57.018611,-25.633056,152
-57.018333,-25.633056,152
-57.018056,-25.633056,154
-57.017778,-25.633056,155
-57.017500,-25.633056,155
-57.017222,-25.633056,157
-57.016944,-25.633056,159
-57.016667,-25.633056,160
-57.016389,-25.633056,159
-57.016111,-25.633056,160
-57.015833,-25.633056,162
-57.015556,-25.633056,164
-57.015278,-25.633056,164
-57.045000,-25.633333,149
-57.044722,-25.633333,147
-57.044444,-25.633333,146
-57.044167,-25.633333,147
-57.043889,-25.633333,149
-57.043611,-25.633333,148
-57.043333,-25.633333,147
-57.043056,-25.633333,149
-57.042778,-25.633333,149
-57.042500,-25.633333,147
-57.042222,-25.633333,145
-57.041944,-25.633333,144
-57.041667,-25.633333,142
-57.041389,-25.633333,142
-57.041111,-25.633333,143
-57.040833,-25.633333,140
-57.040556,-25.633333,140
-57.040278,-25.633333,144
-57.040000,-25.633333,146
-57.039722,-25.633333,149
-57.039444,-25.633333,149
-57.039167,-25.633333,152
-57.038889,-25.633333,150
-57.038611,-25.633333,152
-57.038333,-25.633333,161
-57.038056,-25.633333,152
-57.037778,-25.633333,151
-57.037500,-25.633333,156
-57.037222,-25.633333,156
-57.036944,-25.633333,152
-57.036667,-25.633333,150
-57.036389,-25.633333,153
-57.036111,-25.633333,162
-57.035833,-25.633333,154
-57.035556,-25.633333,153
-57.035278,-25.633333,154
-57.035000,-25.633333,154
-57.034722,-25.633333,152
-57.034444,-25.633333,151
-57.034167,-25.633333,149
-57.033889,-25.633333,149
-57.033611,-25.633333,149
-57.033333,-25.633333,148
-57.033056,-25.633333,147
-57.032778,-25.633333,146
-57.032500,-25.633333,143
-57.032222,-25.633333,140
-57.031944,-25.633333,138
-57.031667,-25.633333,136
-57.031389,-25.633333,133
-57.031111,-25.633333,132
-57.030833,-25.633333,132
-57.030556,-25.633333,133
-57.030278,-25.633333,135
-57.030000,-25.633333,134
-57.029722,-25.633333,135
-57.029444,-25.633333,132
-57.029167,-25.633333,131
-57.028889,-25.633333,129
-57.028611,-25.633333,129
-57.028333,-25.633333,128
-57.028056,-25.633333,128
-57.027778,-25.633333,128
-57.027500,-25.633333,129
-57.027222,-25.633333,131
-57.026944,-25.633333,133
-57.026667,-25.633333,134
-57.026389,-25.633333,135
-57.026111,-25.633333,135
-57.025833,-25.633333,135
-57.025556,-25.633333,136
-57.025278,-25.633333,136
-57.025000,-25.633333,138
-57.024722,-25.633333,138
-57.024444,-25.633333,138
-57.024167,-25.633333,138
-57.023889,-25.633333,139
-57.023611,-25.633333,138
-57.023333,-25.633333,138
-57.023056,-25.633333,136
-57.022778,-25.633333,136
-57.022500,-25.633333,136
-57.022222,-25.633333,138
-57.021944,-25.633333,137
-57.021667,-25.633333,138
-57.021389,-25.633333,139
-57.021111,-25.633333,139
-57.020833,-25.633333,139
-57.020556,-25.633333,139
-57.020278,-25.633333,142
-57.020000,-25.633333,143
-57.019722,-25.633333,144
-57.019444,-25.633333,146
-57.019167,-25.633333,149
-57.018889,-25.633333,151
-57.018611,-25.633333,153
-57.018333,-25.633333,154
-57.018056,-25.633333,154
-57.017778,-25.633333,155
-57.017500,-25.633333,156
-57.017222,-25.633333,159
-57.016944,-25.633333,161
-57.016667,-25.633333,160
-57.016389,-25.633333,160
-57.016111,-25.633333,160
-57.015833,-25.633333,163
-57.015556,-25.633333,163
-57.015278,-25.633333,164
-57.045000,-25.633611,148
-57.044722,-25.633611,147
-57.044444,-25.633611,146
-57.044167,-25.633611,148
-57.043889,-25.633611,150
-57.043611,-25.633611,147
-57.043333,-25.633611,147
-57.043056,-25.633611,149
-57.042778,-25.633611,148
-57.042500,-25.633611,147
-57.042222,-25.633611,147
-57.041944,-25.633611,144
-57.041667,-25.633611,142
-57.041389,-25.633611,141
-57.041111,-25.633611,141
-57.040833,-25.633611,140
-57.040556,-25.633611,142
-57.040278,-25.633611,144
-57.040000,-25.633611,146
-57.039722,-25.633611,147
-57.039444,-25.633611,148
-57.039167,-25.633611,153
-57.038889,-25.633611,154
-57.038611,-25.633611,162
-57.038333,-25.633611,159
-57.038056,-25.633611,153
-57.037778,-25.633611,150
-57.037500,-25.633611,151
-57.037222,-25.633611,150
-57.036944,-25.633611,148
-57.036667,-25.633611,149
-57.036389,-25.633611,152
-57.036111,-25.633611,160
-57.035833,-25.633611,152
-57.035556,-25.633611,157
-57.035278,-25.633611,157
-57.035000,-25.633611,153
-57.034722,-25.633611,150
-57.034444,-25.633611,149
-57.034167,-25.633611,149
-57.033889,-25.633611,149
-57.033611,-25.633611,149
-57.033333,-25.633611,147
-57.033056,-25.633611,146
-57.032778,-25.633611,147
-57.032500,-25.633611,144
-57.032222,-25.633611,141
-57.031944,-25.633611,139
-57.031667,-25.633611,136
-57.031389,-25.633611,133
-57.031111,-25.633611,133
-57.030833,-25.633611,133
-57.030556,-25.633611,133
-57.030278,-25.633611,132
-57.030000,-25.633611,132
-57.029722,-25.633611,131
-57.029444,-25.633611,131
-57.029167,-25.633611,129
-57.028889,-25.633611,129
-57.028611,-25.633611,131
-57.028333,-25.633611,128
-57.028056,-25.633611,129
-57.027778,-25.633611,130
-57.027500,-25.633611,128
-57.027222,-25.633611,129
-57.026944,-25.633611,131
-57.026667,-25.633611,133
-57.026389,-25.633611,134
-57.026111,-25.633611,135
-57.025833,-25.633611,136
-57.025556,-25.633611,137
-57.025278,-25.633611,138
-57.025000,-25.633611,138
-57.024722,-25.633611,137
-57.024444,-25.633611,137
-57.024167,-25.633611,137
-57.023889,-25.633611,137
-57.023611,-25.633611,138
-57.023333,-25.633611,136
-57.023056,-25.633611,136
-57.022778,-25.633611,135
-57.022500,-25.633611,136
-57.022222,-25.633611,136
-57.021944,-25.633611,138
-57.021667,-25.633611,138
-57.021389,-25.633611,139
-57.021111,-25.633611,139
-57.020833,-25.633611,141
-57.020556,-25.633611,142
-57.020278,-25.633611,141
-57.020000,-25.633611,142
-57.019722,-25.633611,146
-57.019444,-25.633611,148
-57.019167,-25.633611,151
-57.018889,-25.633611,152
-57.018611,-25.633611,153
-57.018333,-25.633611,154
-57.018056,-25.633611,155
-57.017778,-25.633611,156
-57.017500,-25.633611,156
-57.017222,-25.633611,163
-57.016944,-25.633611,163
-57.016667,-25.633611,159
-57.016389,-25.633611,160
-57.016111,-25.633611,162
-57.015833,-25.633611,163
-57.015556,-25.633611,164
-57.015278,-25.633611,164
-57.045000,-25.633889,147
-57.044722,-25.633889,145
-57.044444,-25.633889,148
-57.044167,-25.633889,146
-57.043889,-25.633889,150
-57.043611,-25.633889,151
-57.043333,-25.633889,146
-57.043056,-25.633889,147
-57.042778,-25.633889,147
-57.042500,-25.633889,146
-57.042222,-25.633889,147
-57.041944,-25.633889,144
-57.041667,-25.633889,141
-57.041389,-25.633889,142
-57.041111,-25.633889,141
-57.040833,-25.633889,141
-57.040556,-25.633889,142
-57.040278,-25.633889,143
-57.040000,-25.633889,144
-57.039722,-25.633889,146
-57.039444,-25.633889,148
-57.039167,-25.633889,150
-57.038889,-25.633889,149
-57.038611,-25.633889,155
-57.038333,-25.633889,152
-57.038056,-25.633889,150
-57.037778,-25.633889,150
-57.037500,-25.633889,151
-57.037222,-25.633889,146
-57.036944,-25.633889,145
-57.036667,-25.633889,147
-57.036389,-25.633889,148
-57.036111,-25.633889,152
-57.035833,-25.633889,150
-57.035556,-25.633889,152
-57.035278,-25.633889,151
-57.035000,-25.633889,150
-57.034722,-25.633889,150
-57.034444,-25.633889,149
-57.034167,-25.633889,149
-57.033889,-25.633889,148
-57.033611,-25.633889,147
-57.033333,-25.633889,147
-57.033056,-25.633889,146
-57.032778,-25.633889,146
-57.032500,-25.633889,143
-57.032222,-25.633889,141
-57.031944,-25.633889,139
-57.031667,-25.633889,137
-57.031389,-25.633889,133
-57.031111,-25.633889,134
-57.030833,-25.633889,135
-57.030556,-25.633889,135
-57.030278,-25.633889,133
-57.030000,-25.633889,133
-57.029722,-25.633889,133
-57.029444,-25.633889,131
-57.029167,-25.633889,129
-57.028889,-25.633889,129
-57.028611,-25.633889,131
-57.028333,-25.633889,128
-57.028056,-25.633889,128
-57.027778,-25.633889,131
-57.027500,-25.633889,128
-57.027222,-25.633889,128
-57.026944,-25.633889,130
-57.026667,-25.633889,132
-57.026389,-25.633889,134
-57.026111,-25.633889,134
-57.025833,-25.633889,135
-57.025556,-25.633889,135
-57.025278,-25.633889,136
-57.025000,-25.633889,137
-57.024722,-25.633889,135
-57.024444,-25.633889,135
-57.024167,-25.633889,135
-57.023889,-25.633889,135
-57.023611,-25.633889,138
-57.023333,-25.633889,136
-57.023056,-25.633889,135
-57.022778,-25.633889,135
-57.022500,-25.633889,136
-57.022222,-25.633889,137
-57.021944,-25.633889,138
-57.021667,-25.633889,137
-57.021389,-25.633889,137
-57.021111,-25.633889,139
-57.020833,-25.633889,140
-57.020556,-25.633889,143
-57.020278,-25.633889,144
-57.020000,-25.633889,145
-57.019722,-25.633889,148
-57.019444,-25.633889,150
-57.019167,-25.633889,152
-57.018889,-25.633889,153
-57.018611,-25.633889,154
-57.018333,-25.633889,154
-57.018056,-25.633889,155
-57.017778,-25.633889,156
-57.017500,-25.633889,158
-57.017222,-25.633889,162
-57.016944,-25.633889,162
-57.016667,-25.633889,160
-57.016389,-25.633889,160
-57.016111,-25.633889,161
-57.015833,-25.633889,164
-57.015556,-25.633889,165
-57.015278,-25.633889,163
-57.045000,-25.634167,145
-57.044722,-25.634167,145
-57.044444,-25.634167,145
-57.044167,-25.634167,146
-57.043889,-25.634167,150
-57.043611,-25.634167,149
-57.043333,-25.634167,148
-57.043056,-25.634167,146
-57.042778,-25.634167,146
-57.042500,-25.634167,146
-57.042222,-25.634167,145
-57.041944,-25.634167,144
-57.041667,-25.634167,143
-57.041389,-25.634167,142
-57.041111,-25.634167,140
-57.040833,-25.634167,140
-57.040556,-25.634167,140
-57.040278,-25.634167,142
-57.040000,-25.634167,142
-57.039722,-25.634167,143
-57.039444,-25.634167,147
-57.039167,-25.634167,148
-57.038889,-25.634167,144
-57.038611,-25.634167,144
-57.038333,-25.634167,145
-57.038056,-25.634167,146
-57.037778,-25.634167,149
-57.037500,-25.634167,150
-57.037222,-25.634167,148
-57.036944,-25.634167,146
-57.036667,-25.634167,145
-57.036389,-25.634167,146
-57.036111,-25.634167,147
-57.035833,-25.634167,147
-57.035556,-25.634167,149
-57.035278,-25.634167,149
-57.035000,-25.634167,150
-57.034722,-25.634167,149
-57.034444,-25.634167,149
-57.034167,-25.634167,148
-57.033889,-25.634167,147
-57.033611,-25.634167,147
-57.033333,-25.634167,145
-57.033056,-25.634167,144
-57.032778,-25.634167,141
-57.032500,-25.634167,141
-57.032222,-25.634167,140
-57.031944,-25.634167,137
-57.031667,-25.634167,135
-57.031389,-25.634167,132
-57.031111,-25.634167,133
-57.030833,-25.634167,134
-57.030556,-25.634167,136
-57.030278,-25.634167,135
-57.030000,-25.634167,133
-57.029722,-25.634167,132
-57.029444,-25.634167,131
-57.029167,-25.634167,130
-57.028889,-25.634167,130
-57.028611,-25.634167,130
-57.028333,-25.634167,127
-57.028056,-25.634167,127
-57.027778,-25.634167,129
-57.027500,-25.634167,128
-57.027222,-25.634167,129
-57.026944,-25.634167,130
-57.026667,-25.634167,131
-57.026389,-25.634167,131
-57.026111,-25.634167,132
-57.025833,-25.634167,132
-57.025556,-25.634167,133
-57.025278,-25.634167,134
-57.025000,-25.634167,135
-57.024722,-25.634167,137
-57.024444,-25.634167,135
-57.024167,-25.634167,133
-57.023889,-25.634167,135
-57.023611,-25.634167,134
-57.023333,-25.634167,135
-57.023056,-25.634167,135
-57.022778,-25.634167,136
-57.022500,-25.634167,136
-57.022222,-25.634167,137
-57.021944,-25.634167,139
-57.021667,-25.634167,140
-57.021389,-25.634167,140
-57.021111,-25.634167,141
-57.020833,-25.634167,142
-57.020556,-25.634167,144
-57.020278,-25.634167,147
-57.020000,-25.634167,148
-57.019722,-25.634167,149
-57.019444,-25.634167,152
-57.019167,-25.634167,153
-57.018889,-25.634167,154
-57.018611,-25.634167,155
-57.018333,-25.634167,155
-57.018056,-25.634167,157
-57.017778,-25.634167,157
-57.017500,-25.634167,158
-57.017222,-25.634167,159
-57.016944,-25.634167,161
-57.016667,-25.634167,160
-57.016389,-25.634167,161
-57.016111,-25.634167,163
-57.015833,-25.634167,165
-57.015556,-25.634167,164
-57.015278,-25.634167,163
-57.045000,-25.634444,145
-57.044722,-25.634444,144
-57.044444,-25.634444,147
-57.044167,-25.634444,147
-57.043889,-25.634444,152
-57.043611,-25.634444,147
-57.043333,-25.634444,148
-57.043056,-25.634444,146
-57.042778,-25.634444,145
-57.042500,-25.634444,145
-57.042222,-25.634444,144
-57.041944,-25.634444,144
-57.041667,-25.634444,143
-57.041389,-25.634444,142
-57.041111,-25.634444,140
-57.040833,-25.634444,141
-57.040556,-25.634444,139
-57.040278,-25.634444,141
-57.040000,-25.634444,141
-57.039722,-25.634444,141
-57.039444,-25.634444,143
-57.039167,-25.634444,145
-57.038889,-25.634444,142
-57.038611,-25.634444,142
-57.038333,-25.634444,143
-57.038056,-25.634444,145
-57.037778,-25.634444,146
-57.037500,-25.634444,148
-57.037222,-25.634444,146
-57.036944,-25.634444,144
-57.036667,-25.634444,147
-57.036389,-25.634444,147
-57.036111,-25.634444,145
-57.035833,-25.634444,146
-57.035556,-25.634444,148
-57.035278,-25.634444,148
-57.035000,-25.634444,148
-57.034722,-25.634444,149
-57.034444,-25.634444,149
-57.034167,-25.634444,146
-57.033889,-25.634444,144
-57.033611,-25.634444,144
-57.033333,-25.634444,143
-57.033056,-25.634444,142
-57.032778,-25.634444,140
-57.032500,-25.634444,139
-57.032222,-25.634444,137
-57.031944,-25.634444,135
-57.031667,-25.634444,134
-57.031389,-25.634444,134
-57.031111,-25.634444,133
-57.030833,-25.634444,134
-57.030556,-25.634444,135
-57.030278,-25.634444,133
-57.030000,-25.634444,132
-57.029722,-25.634444,132
-57.029444,-25.634444,131
-57.029167,-25.634444,131
-57.028889,-25.634444,129
-57.028611,-25.634444,128
-57.028333,-25.634444,127
-57.028056,-25.634444,128
-57.027778,-25.634444,128
-57.027500,-25.634444,129
-57.027222,-25.634444,131
-57.026944,-25.634444,131
-57.026667,-25.634444,132
-57.026389,-25.634444,129
-57.026111,-25.634444,130
-57.025833,-25.634444,131
-57.025556,-25.634444,131
-57.025278,-25.634444,131
-57.025000,-25.634444,132
-57.024722,-25.634444,132
-57.024444,-25.634444,133
-57.024167,-25.634444,133
-57.023889,-25.634444,134
-57.023611,-25.634444,136
-57.023333,-25.634444,138
-57.023056,-25.634444,136
-57.022778,-25.634444,137
-57.022500,-25.634444,137
-57.022222,-25.634444,140
-57.021944,-25.634444,143
-57.021667,-25.634444,146
-57.021389,-25.634444,149
-57.021111,-25.634444,149
-57.020833,-25.634444,146
-57.020556,-25.634444,146
-57.020278,-25.634444,148
-57.020000,-25.634444,149
-57.019722,-25.634444,151
-57.019444,-25.634444,153
-57.019167,-25.634444,153
-57.018889,-25.634444,154
-57.018611,-25.634444,155
-57.018333,-25.634444,156
-57.018056,-25.634444,157
-57.017778,-25.634444,157
-57.017500,-25.634444,158
-57.017222,-25.634444,159
-57.016944,-25.634444,160
-57.016667,-25.634444,161
-57.016389,-25.634444,163
-57.016111,-25.634444,165
-57.015833,-25.634444,164
-57.015556,-25.634444,163
-57.015278,-25.634444,164
-57.045000,-25.634722,145
-57.044722,-25.634722,143
-57.044444,-25.634722,146
-57.044167,-25.634722,149
-57.043889,-25.634722,150
-57.043611,-25.634722,146
-57.043333,-25.634722,146
-57.043056,-25.634722,147
-57.042778,-25.634722,145
-57.042500,-25.634722,144
-57.042222,-25.634722,143
-57.041944,-25.634722,143
-57.041667,-25.634722,142
-57.041389,-25.634722,141
-57.041111,-25.634722,139
-57.040833,-25.634722,141
-57.040556,-25.634722,138
-57.040278,-25.634722,139
-57.040000,-25.634722,140
-57.039722,-25.634722,140
-57.039444,-25.634722,141
-57.039167,-25.634722,143
-57.038889,-25.634722,140
-57.038611,-25.634722,140
-57.038333,-25.634722,141
-57.038056,-25.634722,143
-57.037778,-25.634722,146
-57.037500,-25.634722,146
-57.037222,-25.634722,145
-57.036944,-25.634722,143
-57.036667,-25.634722,146
-57.036389,-25.634722,144
-57.036111,-25.634722,144
-57.035833,-25.634722,145
-57.035556,-25.634722,148
-57.035278,-25.634722,147
-57.035000,-25.634722,148
-57.034722,-25.634722,148
-57.034444,-25.634722,147
-57.034167,-25.634722,145
-57.033889,-25.634722,143
-57.033611,-25.634722,142
-57.033333,-25.634722,138
-57.033056,-25.634722,138
-57.032778,-25.634722,138
-57.032500,-25.634722,137
-57.032222,-25.634722,134
-57.031944,-25.634722,133
-57.031667,-25.634722,133
-57.031389,-25.634722,132
-57.031111,-25.634722,132
-57.030833,-25.634722,132
-57.030556,-25.634722,133
-57.030278,-25.634722,132
-57.030000,-25.634722,132
-57.029722,-25.634722,132
-57.029444,-25.634722,131
-57.029167,-25.634722,130
-57.028889,-25.634722,127
-57.028611,-25.634722,126
-57.028333,-25.634722,127
-57.028056,-25.634722,128
-57.027778,-25.634722,130
-57.027500,-25.634722,130
-57.027222,-25.634722,132
-57.026944,-25.634722,132
-57.026667,-25.634722,132
-57.026389,-25.634722,129
-57.026111,-25.634722,131
-57.025833,-25.634722,130
-57.025556,-25.634722,132
-57.025278,-25.634722,131
-57.025000,-25.634722,133
-57.024722,-25.634722,132
-57.024444,-25.634722,133
-57.024167,-25.634722,134
-57.023889,-25.634722,135
-57.023611,-25.634722,136
-57.023333,-25.634722,139
-57.023056,-25.634722,138
-57.022778,-25.634722,138
-57.022500,-25.634722,139
-57.022222,-25.634722,143
-57.021944,-25.634722,146
-57.021667,-25.634722,150
-57.021389,-25.634722,152
-57.021111,-25.634722,154
-57.020833,-25.634722,149
-57.020556,-25.634722,148
-57.020278,-25.634722,148
-57.020000,-25.634722,150
-57.019722,-25.634722,151
-57.019444,-25.634722,152
-57.019167,-25.634722,153
-57.018889,-25.634722,155
-57.018611,-25.634722,156
-57.018333,-25.634722,157
-57.018056,-25.634722,157
-57.017778,-25.634722,158
-57.017500,-25.634722,159
-57.017222,-25.634722,159
-57.016944,-25.634722,160
-57.016667,-25.634722,162
-57.016389,-25.634722,167
-57.016111,-25.634722,169
-57.015833,-25.634722,167
-57.015556,-25.634722,163
-57.015278,-25.634722,164
-57.045000,-25.635000,144
-57.044722,-25.635000,144
-57.044444,-25.635000,145
-57.044167,-25.635000,140
-57.043889,-25.635000,145
-57.043611,-25.635000,147
-57.043333,-25.635000,148
-57.043056,-25.635000,148
-57.042778,-25.635000,144
-57.042500,-25.635000,141
-57.042222,-25.635000,140
-57.041944,-25.635000,140
-57.041667,-25.635000,141
-57.041389,-25.635000,140
-57.041111,-25.635000,139
-57.040833,-25.635000,139
-57.040556,-25.635000,140
-57.040278,-25.635000,144
-57.040000,-25.635000,141
-57.039722,-25.635000,139
-57.039444,-25.635000,140
-57.039167,-25.635000,142
-57.038889,-25.635000,139
-57.038611,-25.635000,138
-57.038333,-25.635000,139
-57.038056,-25.635000,140
-57.037778,-25.635000,142
-57.037500,-25.635000,147
-57.037222,-25.635000,145
-57.036944,-25.635000,143
-57.036667,-25.635000,140
-57.036389,-25.635000,142
-57.036111,-25.635000,143
-57.035833,-25.635000,146
-57.035556,-25.635000,150
-57.035278,-25.635000,150
-57.035000,-25.635000,149
-57.034722,-25.635000,146
-57.034444,-25.635000,145
-57.034167,-25.635000,141
-57.033889,-25.635000,143
-57.033611,-25.635000,139
-57.033333,-25.635000,136
-57.033056,-25.635000,137
-57.032778,-25.635000,137
-57.032500,-25.635000,134
-57.032222,-25.635000,134
-57.031944,-25.635000,131
-57.031667,-25.635000,130
-57.031389,-25.635000,129
-57.031111,-25.635000,130
-57.030833,-25.635000,130
-57.030556,-25.635000,131
-57.030278,-25.635000,134
-57.030000,-25.635000,133
-57.029722,-25.635000,132
-57.029444,-25.635000,131
-57.029167,-25.635000,130
-57.028889,-25.635000,127
-57.028611,-25.635000,127
-57.028333,-25.635000,131
-57.028056,-25.635000,129
-57.027778,-25.635000,130
-57.027500,-25.635000,129
-57.027222,-25.635000,130
-57.026944,-25.635000,129
-57.026667,-25.635000,129
-57.026389,-25.635000,129
-57.026111,-25.635000,130
-57.025833,-25.635000,131
-57.025556,-25.635000,133
-57.025278,-25.635000,132
-57.025000,-25.635000,134
-57.024722,-25.635000,133
-57.024444,-25.635000,134
-57.024167,-25.635000,135
-57.023889,-25.635000,138
-57.023611,-25.635000,145
-57.023333,-25.635000,143
-57.023056,-25.635000,140
-57.022778,-25.635000,140
-57.022500,-25.635000,141
-57.022222,-25.635000,144
-57.021944,-25.635000,150
-57.021667,-25.635000,154
-57.021389,-25.635000,155
-57.021111,-25.635000,154
-57.020833,-25.635000,149
-57.020556,-25.635000,148
-57.020278,-25.635000,150
-57.020000,-25.635000,151
-57.019722,-25.635000,151
-57.019444,-25.635000,152
-57.019167,-25.635000,154
-57.018889,-25.635000,155
-57.018611,-25.635000,156
-57.018333,-25.635000,157
-57.018056,-25.635000,158
-57.017778,-25.635000,158
-57.017500,-25.635000,159
-57.017222,-25.635000,159
-57.016944,-25.635000,160
-57.016667,-25.635000,164
-57.016389,-25.635000,169
-57.016111,-25.635000,171
-57.015833,-25.635000,169
-57.015556,-25.635000,165
-57.015278,-25.635000,163
-57.045000,-25.635278,142
-57.044722,-25.635278,141
-57.044444,-25.635278,145
-57.044167,-25.635278,142
-57.043889,-25.635278,144
-57.043611,-25.635278,149
-57.043333,-25.635278,148
-57.043056,-25.635278,142
-57.042778,-25.635278,139
-57.042500,-25.635278,137
-57.042222,-25.635278,138
-57.041944,-25.635278,138
-57.041667,-25.635278,138
-57.041389,-25.635278,139
-57.041111,-25.635278,139
-57.040833,-25.635278,138
-57.040556,-25.635278,138
-57.040278,-25.635278,141
-57.040000,-25.635278,140
-57.039722,-25.635278,141
-57.039444,-25.635278,141
-57.039167,-25.635278,140
-57.038889,-25.635278,138
-57.038611,-25.635278,138
-57.038333,-25.635278,138
-57.038056,-25.635278,142
-57.037778,-25.635278,145
-57.037500,-25.635278,147
-57.037222,-25.635278,142
-57.036944,-25.635278,142
-57.036667,-25.635278,139
-57.036389,-25.635278,141
-57.036111,-25.635278,143
-57.035833,-25.635278,149
-57.035556,-25.635278,150
-57.035278,-25.635278,152
-57.035000,-25.635278,151
-57.034722,-25.635278,146
-57.034444,-25.635278,145
-57.034167,-25.635278,143
-57.033889,-25.635278,144
-57.033611,-25.635278,136
-57.033333,-25.635278,133
-57.033056,-25.635278,135
-57.032778,-25.635278,134
-57.032500,-25.635278,133
-57.032222,-25.635278,132
-57.031944,-25.635278,131
-57.031667,-25.635278,130
-57.031389,-25.635278,130
-57.031111,-25.635278,131
-57.030833,-25.635278,131
-57.030556,-25.635278,132
-57.030278,-25.635278,135
-57.030000,-25.635278,131
-57.029722,-25.635278,132
-57.029444,-25.635278,136
-57.029167,-25.635278,129
-57.028889,-25.635278,126
-57.028611,-25.635278,127
-57.028333,-25.635278,131
-57.028056,-25.635278,130
-57.027778,-25.635278,129
-57.027500,-25.635278,129
-57.027222,-25.635278,129
-57.026944,-25.635278,128
-57.026667,-25.635278,129
-57.026389,-25.635278,130
-57.026111,-25.635278,131
-57.025833,-25.635278,131
-57.025556,-25.635278,132
-57.025278,-25.635278,133
-57.025000,-25.635278,135
-57.024722,-25.635278,136
-57.024444,-25.635278,136
-57.024167,-25.635278,137
-57.023889,-25.635278,139
-57.023611,-25.635278,141
-57.023333,-25.635278,142
-57.023056,-25.635278,142
-57.022778,-25.635278,142
-57.022500,-25.635278,143
-57.022222,-25.635278,144
-57.021944,-25.635278,148
-57.021667,-25.635278,150
-57.021389,-25.635278,151
-57.021111,-25.635278,153
-57.020833,-25.635278,151
-57.020556,-25.635278,149
-57.020278,-25.635278,150
-57.020000,-25.635278,151
-57.019722,-25.635278,152
-57.019444,-25.635278,152
-57.019167,-25.635278,154
-57.018889,-25.635278,155
-57.018611,-25.635278,157
-57.018333,-25.635278,156
-57.018056,-25.635278,158
-57.017778,-25.635278,157
-57.017500,-25.635278,158
-57.017222,-25.635278,160
-57.016944,-25.635278,160
-57.016667,-25.635278,162
-57.016389,-25.635278,165
-57.016111,-25.635278,168
-57.015833,-25.635278,170
-57.015556,-25.635278,170
-57.015278,-25.635278,168
-57.045000,-25.635556,141
-57.044722,-25.635556,140
-57.044444,-25.635556,143
-57.044167,-25.635556,144
-57.043889,-25.635556,144
-57.043611,-25.635556,144
-57.043333,-25.635556,140
-57.043056,-25.635556,138
-57.042778,-25.635556,137
-57.042500,-25.635556,137
-57.042222,-25.635556,137
-57.041944,-25.635556,137
-57.041667,-25.635556,136
-57.041389,-25.635556,139
-57.041111,-25.635556,138
-57.040833,-25.635556,138
-57.040556,-25.635556,137
-57.040278,-25.635556,140
-57.040000,-25.635556,139
-57.039722,-25.635556,139
-57.039444,-25.635556,141
-57.039167,-25.635556,138
-57.038889,-25.635556,137
-57.038611,-25.635556,137
-57.038333,-25.635556,137
-57.038056,-25.635556,140
-57.037778,-25.635556,140
-57.037500,-25.635556,144
-57.037222,-25.635556,146
-57.036944,-25.635556,143
-57.036667,-25.635556,140
-57.036389,-25.635556,141
-57.036111,-25.635556,142
-57.035833,-25.635556,146
-57.035556,-25.635556,148
-57.035278,-25.635556,150
-57.035000,-25.635556,149
-57.034722,-25.635556,145
-57.034444,-25.635556,143
-57.034167,-25.635556,143
-57.033889,-25.635556,142
-57.033611,-25.635556,135
-57.033333,-25.635556,133
-57.033056,-25.635556,132
-57.032778,-25.635556,129
-57.032500,-25.635556,130
-57.032222,-25.635556,130
-57.031944,-25.635556,130
-57.031667,-25.635556,129
-57.031389,-25.635556,131
-57.031111,-25.635556,132
-57.030833,-25.635556,132
-57.030556,-25.635556,131
-57.030278,-25.635556,132
-57.030000,-25.635556,133
-57.029722,-25.635556,132
-57.029444,-25.635556,131
-57.029167,-25.635556,128
-57.028889,-25.635556,128
-57.028611,-25.635556,129
-57.028333,-25.635556,131
-57.028056,-25.635556,129
-57.027778,-25.635556,127
-57.027500,-25.635556,127
-57.027222,-25.635556,128
-57.026944,-25.635556,128
-57.026667,-25.635556,129
-57.026389,-25.635556,130
-57.026111,-25.635556,131
-57.025833,-25.635556,132
-57.025556,-25.635556,134
-57.025278,-25.635556,134
-57.025000,-25.635556,135
-57.024722,-25.635556,137
-57.024444,-25.635556,138
-57.024167,-25.635556,138
-57.023889,-25.635556,141
-57.023611,-25.635556,143
-57.023333,-25.635556,144
-57.023056,-25.635556,144
-57.022778,-25.635556,144
-57.022500,-25.635556,144
-57.022222,-25.635556,145
-57.021944,-25.635556,147
-57.021667,-25.635556,147
-57.021389,-25.635556,146
-57.021111,-25.635556,148
-57.020833,-25.635556,150
-57.020556,-25.635556,149
-57.020278,-25.635556,150
-57.020000,-25.635556,151
-57.019722,-25.635556,152
-57.019444,-25.635556,153
-57.019167,-25.635556,154
-57.018889,-25.635556,155
-57.018611,-25.635556,156
-57.018333,-25.635556,157
-57.018056,-25.635556,160
-57.017778,-25.635556,157
-57.017500,-25.635556,157
-57.017222,-25.635556,159
-57.016944,-25.635556,159
-57.016667,-25.635556,162
-57.016389,-25.635556,162
-57.016111,-25.635556,161
-57.015833,-25.635556,168
-57.015556,-25.635556,167
-57.015278,-25.635556,170
-57.045000,-25.635833,140
-57.044722,-25.635833,141
-57.044444,-25.635833,143
-57.044167,-25.635833,142
-57.043889,-25.635833,137
-57.043611,-25.635833,137
-57.043333,-25.635833,137
-57.043056,-25.635833,135
-57.042778,-25.635833,135
-57.042500,-25.635833,134
-57.042222,-25.635833,135
-57.041944,-25.635833,136
-57.041667,-25.635833,137
-57.041389,-25.635833,137
-57.041111,-25.635833,136
-57.040833,-25.635833,138
-57.040556,-25.635833,136
-57.040278,-25.635833,137
-57.040000,-25.635833,136
-57.039722,-25.635833,136
-57.039444,-25.635833,138
-57.039167,-25.635833,136
-57.038889,-25.635833,136
-57.038611,-25.635833,137
-57.038333,-25.635833,135
-57.038056,-25.635833,136
-57.037778,-25.635833,141
-57.037500,-25.635833,145
-57.037222,-25.635833,147
-57.036944,-25.635833,145
-57.036667,-25.635833,141
-57.036389,-25.635833,142
-57.036111,-25.635833,144
-57.035833,-25.635833,145
-57.035556,-25.635833,148
-57.035278,-25.635833,151
-57.035000,-25.635833,148
-57.034722,-25.635833,144
-57.034444,-25.635833,142
-57.034167,-25.635833,142
-57.033889,-25.635833,142
-57.033611,-25.635833,138
-57.033333,-25.635833,139
-57.033056,-25.635833,138
-57.032778,-25.635833,133
-57.032500,-25.635833,130
-57.032222,-25.635833,130
-57.031944,-25.635833,129
-57.031667,-25.635833,131
-57.031389,-25.635833,131
-57.031111,-25.635833,131
-57.030833,-25.635833,131
-57.030556,-25.635833,131
-57.030278,-25.635833,132
-57.030000,-25.635833,132
-57.029722,-25.635833,131
-57.029444,-25.635833,128
-57.029167,-25.635833,129
-57.028889,-25.635833,127
-57.028611,-25.635833,129
-57.028333,-25.635833,131
-57.028056,-25.635833,130
-57.027778,-25.635833,129
-57.027500,-25.635833,129
-57.027222,-25.635833,128
-57.026944,-25.635833,128
-57.026667,-25.635833,129
-57.026389,-25.635833,130
-57.026111,-25.635833,131
-57.025833,-25.635833,132
-57.025556,-25.635833,133
-57.025278,-25.635833,134
-57.025000,-25.635833,136
-57.024722,-25.635833,138
-57.024444,-25.635833,140
-57.024167,-25.635833,140
-57.023889,-25.635833,140
-57.023611,-25.635833,142
-57.023333,-25.635833,145
-57.023056,-25.635833,144
-57.022778,-25.635833,143
-57.022500,-25.635833,144
-57.022222,-25.635833,145
-57.021944,-25.635833,146
-57.021667,-25.635833,146
-57.021389,-25.635833,146
-57.021111,-25.635833,147
-57.020833,-25.635833,149
-57.020556,-25.635833,153
-57.020278,-25.635833,151
-57.020000,-25.635833,150
-57.019722,-25.635833,152
-57.019444,-25.635833,153
-57.019167,-25.635833,154
-57.018889,-25.635833,155
-57.018611,-25.635833,157
-57.018333,-25.635833,160
-57.018056,-25.635833,158
-57.017778,-25.635833,158
-57.017500,-25.635833,157
-57.017222,-25.635833,158
-57.016944,-25.635833,159
-57.016667,-25.635833,160
-57.016389,-25.635833,159
-57.016111,-25.635833,160
-57.015833,-25.635833,163
-57.015556,-25.635833,163
-57.015278,-25.635833,164
-57.045000,-25.636111,140
-57.044722,-25.636111,139
-57.044444,-25.636111,139
-57.044167,-25.636111,139
-57.043889,-25.636111,137
-57.043611,-25.636111,137
-57.043333,-25.636111,137
-57.043056,-25.636111,137
-57.042778,-25.636111,135
-57.042500,-25.636111,135
-57.042222,-25.636111,136
-57.041944,-25.636111,137
-57.041667,-25.636111,137
-57.041389,-25.636111,136
-57.041111,-25.636111,136
-57.040833,-25.636111,139
-57.040556,-25.636111,139
-57.040278,-25.636111,137
-57.040000,-25.636111,136
-57.039722,-25.636111,136
-57.039444,-25.636111,136
-57.039167,-25.636111,136
-57.038889,-25.636111,136
-57.038611,-25.636111,137
-57.038333,-25.636111,137
-57.038056,-25.636111,136
-57.037778,-25.636111,138
-57.037500,-25.636111,140
-57.037222,-25.636111,143
-57.036944,-25.636111,142
-57.036667,-25.636111,140
-57.036389,-25.636111,141
-57.036111,-25.636111,143
-57.035833,-25.636111,144
-57.035556,-25.636111,148
-57.035278,-25.636111,148
-57.035000,-25.636111,146
-57.034722,-25.636111,145
-57.034444,-25.636111,144
-57.034167,-25.636111,142
-57.033889,-25.636111,141
-57.033611,-25.636111,141
-57.033333,-25.636111,142
-57.033056,-25.636111,140
-57.032778,-25.636111,136
-57.032500,-25.636111,132
-57.032222,-25.636111,132
-57.031944,-25.636111,130
-57.031667,-25.636111,131
-57.031389,-25.636111,132
-57.031111,-25.636111,132
-57.030833,-25.636111,131
-57.030556,-25.636111,132
-57.030278,-25.636111,130
-57.030000,-25.636111,128
-57.029722,-25.636111,126
-57.029444,-25.636111,125
-57.029167,-25.636111,125
-57.028889,-25.636111,126
-57.028611,-25.636111,127
-57.028333,-25.636111,127
-57.028056,-25.636111,127
-57.027778,-25.636111,128
-57.027500,-25.636111,128
-57.027222,-25.636111,126
-57.026944,-25.636111,128
-57.026667,-25.636111,129
-57.026389,-25.636111,130
-57.026111,-25.636111,130
-57.025833,-25.636111,131
-57.025556,-25.636111,132
-57.025278,-25.636111,135
-57.025000,-25.636111,137
-57.024722,-25.636111,138
-57.024444,-25.636111,140
-57.024167,-25.636111,140
-57.023889,-25.636111,141
-57.023611,-25.636111,142
-57.023333,-25.636111,143
-57.023056,-25.636111,143
-57.022778,-25.636111,143
-57.022500,-25.636111,144
-57.022222,-25.636111,145
-57.021944,-25.636111,145
-57.021667,-25.636111,145
-57.021389,-25.636111,146
-57.021111,-25.636111,147
-57.020833,-25.636111,149
-57.020556,-25.636111,151
-57.020278,-25.636111,152
-57.020000,-25.636111,151
-57.019722,-25.636111,152
-57.019444,-25.636111,153
-57.019167,-25.636111,154
-57.018889,-25.636111,155
-57.018611,-25.636111,155
-57.018333,-25.636111,157
-57.018056,-25.636111,157
-57.017778,-25.636111,157
-57.017500,-25.636111,157
-57.017222,-25.636111,158
-57.016944,-25.636111,158
-57.016667,-25.636111,159
-57.016389,-25.636111,159
-57.016111,-25.636111,159
-57.015833,-25.636111,160
-57.015556,-25.636111,160
-57.015278,-25.636111,161
-57.045000,-25.636389,139
-57.044722,-25.636389,138
-57.044444,-25.636389,138
-57.044167,-25.636389,138
-57.043889,-25.636389,136
-57.043611,-25.636389,135
-57.043333,-25.636389,134
-57.043056,-25.636389,135
-57.042778,-25.636389,134
-57.042500,-25.636389,135
-57.042222,-25.636389,137
-57.041944,-25.636389,137
-57.041667,-25.636389,137
-57.041389,-25.636389,138
-57.041111,-25.636389,139
-57.040833,-25.636389,138
-57.040556,-25.636389,138
-57.040278,-25.636389,138
-57.040000,-25.636389,137
-57.039722,-25.636389,139
-57.039444,-25.636389,137
-57.039167,-25.636389,135
-57.038889,-25.636389,136
-57.038611,-25.636389,136
-57.038333,-25.636389,136
-57.038056,-25.636389,136
-57.037778,-25.636389,136
-57.037500,-25.636389,136
-57.037222,-25.636389,138
-57.036944,-25.636389,137
-57.036667,-25.636389,139
-57.036389,-25.636389,141
-57.036111,-25.636389,143
-57.035833,-25.636389,144
-57.035556,-25.636389,146
-57.035278,-25.636389,147
-57.035000,-25.636389,145
-57.034722,-25.636389,145
-57.034444,-25.636389,144
-57.034167,-25.636389,143
-57.033889,-25.636389,142
-57.033611,-25.636389,139
-57.033333,-25.636389,139
-57.033056,-25.636389,141
-57.032778,-25.636389,138
-57.032500,-25.636389,131
-57.032222,-25.636389,130
-57.031944,-25.636389,131
-57.031667,-25.636389,132
-57.031389,-25.636389,131
-57.031111,-25.636389,132
-57.030833,-25.636389,130
-57.030556,-25.636389,128
-57.030278,-25.636389,127
-57.030000,-25.636389,126
-57.029722,-25.636389,126
-57.029444,-25.636389,127
-57.029167,-25.636389,128
-57.028889,-25.636389,128
-57.028611,-25.636389,130
-57.028333,-25.636389,127
-57.028056,-25.636389,127
-57.027778,-25.636389,128
-57.027500,-25.636389,128
-57.027222,-25.636389,128
-57.026944,-25.636389,130
-57.026667,-25.636389,131
-57.026389,-25.636389,131
-57.026111,-25.636389,130
-57.025833,-25.636389,130
-57.025556,-25.636389,133
-57.025278,-25.636389,138
-57.025000,-25.636389,138
-57.024722,-25.636389,137
-57.024444,-25.636389,139
-57.024167,-25.636389,140
-57.023889,-25.636389,140
-57.023611,-25.636389,141
-57.023333,-25.636389,142
-57.023056,-25.636389,142
-57.022778,-25.636389,142
-57.022500,-25.636389,144
-57.022222,-25.636389,145
-57.021944,-25.636389,146
-57.021667,-25.636389,146
-57.021389,-25.636389,146
-57.021111,-25.636389,147
-57.020833,-25.636389,149
-57.020556,-25.636389,150
-57.020278,-25.636389,151
-57.020000,-25.636389,151
-57.019722,-25.636389,152
-57.019444,-25.636389,153
-57.019167,-25.636389,154
-57.018889,-25.636389,155
-57.018611,-25.636389,155
-57.018333,-25.636389,156
-57.018056,-25.636389,157
-57.017778,-25.636389,156
-57.017500,-25.636389,157
-57.017222,-25.636389,158
-57.016944,-25.636389,157
-57.016667,-25.636389,158
-57.016389,-25.636389,159
-57.016111,-25.636389,158
-57.015833,-25.636389,158
-57.015556,-25.636389,159
-57.015278,-25.636389,159
-57.045000,-25.636667,137
-57.044722,-25.636667,137
-57.044444,-25.636667,137
-57.044167,-25.636667,136
-57.043889,-25.636667,134
-57.043611,-25.636667,134
-57.043333,-25.636667,135
-57.043056,-25.636667,133
-57.042778,-25.636667,134
-57.042500,-25.636667,135
-57.042222,-25.636667,138
-57.041944,-25.636667,138
-57.041667,-25.636667,139
-57.041389,-25.636667,141
-57.041111,-25.636667,142
-57.040833,-25.636667,141
-57.040556,-25.636667,140
-57.040278,-25.636667,141
-57.040000,-25.636667,142
-57.039722,-25.636667,141
-57.039444,-25.636667,139
-57.039167,-25.636667,137
-57.038889,-25.636667,137
-57.038611,-25.636667,137
-57.038333,-25.636667,136
-57.038056,-25.636667,136
-57.037778,-25.636667,135
-57.037500,-25.636667,138
-57.037222,-25.636667,136
-57.036944,-25.636667,136
-57.036667,-25.636667,138
-57.036389,-25.636667,139
-57.036111,-25.636667,142
-57.035833,-25.636667,142
-57.035556,-25.636667,148
-57.035278,-25.636667,158
-57.035000,-25.636667,155
-57.034722,-25.636667,146
-57.034444,-25.636667,145
-57.034167,-25.636667,145
-57.033889,-25.636667,142
-57.033611,-25.636667,140
-57.033333,-25.636667,139
-57.033056,-25.636667,136
-57.032778,-25.636667,135
-57.032500,-25.636667,132
-57.032222,-25.636667,129
-57.031944,-25.636667,129
-57.031667,-25.636667,130
-57.031389,-25.636667,130
-57.031111,-25.636667,131
-57.030833,-25.636667,130
-57.030556,-25.636667,128
-57.030278,-25.636667,127
-57.030000,-25.636667,127
-57.029722,-25.636667,128
-57.029444,-25.636667,132
-57.029167,-25.636667,133
-57.028889,-25.636667,133
-57.028611,-25.636667,133
-57.028333,-25.636667,128
-57.028056,-25.636667,128
-57.027778,-25.636667,129
-57.027500,-25.636667,129
-57.027222,-25.636667,130
-57.026944,-25.636667,130
-57.026667,-25.636667,128
-57.026389,-25.636667,131
-57.026111,-25.636667,131
-57.025833,-25.636667,129
-57.025556,-25.636667,134
-57.025278,-25.636667,137
-57.025000,-25.636667,135
-57.024722,-25.636667,136
-57.024444,-25.636667,138
-57.024167,-25.636667,140
-57.023889,-25.636667,142
-57.023611,-25.636667,143
-57.023333,-25.636667,143
-57.023056,-25.636667,144
-57.022778,-25.636667,143
-57.022500,-25.636667,142
-57.022222,-25.636667,144
-57.021944,-25.636667,145
-57.021667,-25.636667,146
-57.021389,-25.636667,147
-57.021111,-25.636667,147
-57.020833,-25.636667,148
-57.020556,-25.636667,149
-57.020278,-25.636667,150
-57.020000,-25.636667,151
-57.019722,-25.636667,151
-57.019444,-25.636667,153
-57.019167,-25.636667,153
-57.018889,-25.636667,153
-57.018611,-25.636667,154
-57.018333,-25.636667,154
-57.018056,-25.636667,156
-57.017778,-25.636667,156
-57.017500,-25.636667,156
-57.017222,-25.636667,156
-57.016944,-25.636667,157
-57.016667,-25.636667,157
-57.016389,-25.636667,157
-57.016111,-25.636667,158
-57.015833,-25.636667,158
-57.015556,-25.636667,160
-57.015278,-25.636667,159
-57.045000,-25.636944,137
-57.044722,-25.636944,135
-57.044444,-25.636944,135
-57.044167,-25.636944,135
-57.043889,-25.636944,136
-57.043611,-25.636944,131
-57.043333,-25.636944,132
-57.043056,-25.636944,133
-57.042778,-25.636944,134
-57.042500,-25.636944,137
-57.042222,-25.636944,142
-57.041944,-25.636944,142
-57.041667,-25.636944,141
-57.041389,-25.636944,143
-57.041111,-25.636944,144
-57.040833,-25.636944,144
-57.040556,-25.636944,143
-57.040278,-25.636944,145
-57.040000,-25.636944,147
-57.039722,-25.636944,144
-57.039444,-25.636944,143
-57.039167,-25.636944,140
-57.038889,-25.636944,139
-57.038611,-25.636944,137
-57.038333,-25.636944,137
-57.038056,-25.636944,136
-57.037778,-25.636944,135
-57.037500,-25.636944,136
-57.037222,-25.636944,137
-57.036944,-25.636944,136
-57.036667,-25.636944,136
-57.036389,-25.636944,135
-57.036111,-25.636944,141
-57.035833,-25.636944,139
-57.035556,-25.636944,141
-57.035278,-25.636944,149
-57.035000,-25.636944,156
-57.034722,-25.636944,146
-57.034444,-25.636944,147
-57.034167,-25.636944,143
-57.033889,-25.636944,145
-57.033611,-25.636944,145
-57.033333,-25.636944,139
-57.033056,-25.636944,135
-57.032778,-25.636944,133
-57.032500,-25.636944,130
-57.032222,-25.636944,128
-57.031944,-25.636944,127
-57.031667,-25.636944,129
-57.031389,-25.636944,130
-57.031111,-25.636944,131
-57.030833,-25.636944,131
-57.030556,-25.636944,130
-57.030278,-25.636944,128
-57.030000,-25.636944,128
-57.029722,-25.636944,128
-57.029444,-25.636944,129
-57.029167,-25.636944,132
-57.028889,-25.636944,133
-57.028611,-25.636944,132
-57.028333,-25.636944,126
-57.028056,-25.636944,128
-57.027778,-25.636944,130
-57.027500,-25.636944,129
-57.027222,-25.636944,131
-57.026944,-25.636944,131
-57.026667,-25.636944,129
-57.026389,-25.636944,131
-57.026111,-25.636944,133
-57.025833,-25.636944,132
-57.025556,-25.636944,134
-57.025278,-25.636944,136
-57.025000,-25.636944,136
-57.024722,-25.636944,136
-57.024444,-25.636944,138
-57.024167,-25.636944,142
-57.023889,-25.636944,151
-57.023611,-25.636944,154
-57.023333,-25.636944,149
-57.023056,-25.636944,145
-57.022778,-25.636944,141
-57.022500,-25.636944,142
-57.022222,-25.636944,144
-57.021944,-25.636944,143
-57.021667,-25.636944,145
-57.021389,-25.636944,147
-57.021111,-25.636944,149
-57.020833,-25.636944,149
-57.020556,-25.636944,149
-57.020278,-25.636944,149
-57.020000,-25.636944,151
-57.019722,-25.636944,152
-57.019444,-25.636944,152
-57.019167,-25.636944,153
-57.018889,-25.636944,153
-57.018611,-25.636944,154
-57.018333,-25.636944,154
-57.018056,-25.636944,154
-57.017778,-25.636944,155
-57.017500,-25.636944,155
-57.017222,-25.636944,155
-57.016944,-25.636944,156
-57.016667,-25.636944,156
-57.016389,-25.636944,156
-57.016111,-25.636944,158
-57.015833,-25.636944,161
-57.015556,-25.636944,165
-57.015278,-25.636944,161
-57.045000,-25.637222,135
-57.044722,-25.637222,135
-57.044444,-25.637222,134
-57.044167,-25.637222,134
-57.043889,-25.637222,135
-57.043611,-25.637222,132
-57.043333,-25.637222,132
-57.043056,-25.637222,135
-57.042778,-25.637222,136
-57.042500,-25.637222,137
-57.042222,-25.637222,139
-57.041944,-25.637222,141
-57.041667,-25.637222,142
-57.041389,-25.637222,144
-57.041111,-25.637222,145
-57.040833,-25.637222,144
-57.040556,-25.637222,147
-57.040278,-25.637222,152
-57.040000,-25.637222,153
-57.039722,-25.637222,152
-57.039444,-25.637222,147
-57.039167,-25.637222,143
-57.038889,-25.637222,140
-57.038611,-25.637222,138
-57.038333,-25.637222,138
-57.038056,-25.637222,137
-57.037778,-25.637222,138
-57.037500,-25.637222,137
-57.037222,-25.637222,136
-57.036944,-25.637222,136
-57.036667,-25.637222,136
-57.036389,-25.637222,135
-57.036111,-25.637222,138
-57.035833,-25.637222,138
-57.035556,-25.637222,141
-57.035278,-25.637222,144
-57.035000,-25.637222,148
-57.034722,-25.637222,144
-57.034444,-25.637222,145
-57.034167,-25.637222,144
-57.033889,-25.637222,147
-57.033611,-25.637222,149
-57.033333,-25.637222,139
-57.033056,-25.637222,134
-57.032778,-25.637222,133
-57.032500,-25.637222,130
-57.032222,-25.637222,128
-57.031944,-25.637222,128
-57.031667,-25.637222,127
-57.031389,-25.637222,128
-57.031111,-25.637222,129
-57.030833,-25.637222,130
-57.030556,-25.637222,130
-57.030278,-25.637222,129
-57.030000,-25.637222,129
-57.029722,-25.637222,128
-57.029444,-25.637222,127
-57.029167,-25.637222,131
-57.028889,-25.637222,133
-57.028611,-25.637222,129
-57.028333,-25.637222,127
-57.028056,-25.637222,127
-57.027778,-25.637222,130
-57.027500,-25.637222,129
-57.027222,-25.637222,130
-57.026944,-25.637222,131
-57.026667,-25.637222,131
-57.026389,-25.637222,132
-57.026111,-25.637222,133
-57.025833,-25.637222,133
-57.025556,-25.637222,136
-57.025278,-25.637222,136
-57.025000,-25.637222,135
-57.024722,-25.637222,136
-57.024444,-25.637222,139
-57.024167,-25.637222,142
-57.023889,-25.637222,155
-57.023611,-25.637222,156
-57.023333,-25.637222,150
-57.023056,-25.637222,143
-57.022778,-25.637222,140
-57.022500,-25.637222,142
-57.022222,-25.637222,143
-57.021944,-25.637222,142
-57.021667,-25.637222,144
-57.021389,-25.637222,146
-57.021111,-25.637222,147
-57.020833,-25.637222,148
-57.020556,-25.637222,148
-57.020278,-25.637222,150
-57.020000,-25.637222,151
-57.019722,-25.637222,151
-57.019444,-25.637222,151
-57.019167,-25.637222,152
-57.018889,-25.637222,153
-57.018611,-25.637222,153
-57.018333,-25.637222,154
-57.018056,-25.637222,154
-57.017778,-25.637222,154
-57.017500,-25.637222,154
-57.017222,-25.637222,155
-57.016944,-25.637222,155
-57.016667,-25.637222,155
-57.016389,-25.637222,156
-57.016111,-25.637222,161
-57.015833,-25.637222,160
-57.015556,-25.637222,160
-57.015278,-25.637222,162
-57.045000,-25.637500,134
-57.044722,-25.637500,132
-57.044444,-25.637500,133
-57.044167,-25.637500,133
-57.043889,-25.637500,133
-57.043611,-25.637500,132
-57.043333,-25.637500,133
-57.043056,-25.637500,135
-57.042778,-25.637500,136
-57.042500,-25.637500,138
-57.042222,-25.637500,140
-57.041944,-25.637500,142
-57.041667,-25.637500,143
-57.041389,-25.637500,144
-57.041111,-25.637500,145
-57.040833,-25.637500,145
-57.040556,-25.637500,147
-57.040278,-25.637500,149
-57.040000,-25.637500,150
-57.039722,-25.637500,151
-57.039444,-25.637500,149
-57.039167,-25.637500,146
-57.038889,-25.637500,141
-57.038611,-25.637500,140
-57.038333,-25.637500,140
-57.038056,-25.637500,140
-57.037778,-25.637500,138
-57.037500,-25.637500,137
-57.037222,-25.637500,136
-57.036944,-25.637500,135
-57.036667,-25.637500,135
-57.036389,-25.637500,133
-57.036111,-25.637500,134
-57.035833,-25.637500,139
-57.035556,-25.637500,140
-57.035278,-25.637500,140
-57.035000,-25.637500,142
-57.034722,-25.637500,141
-57.034444,-25.637500,142
-57.034167,-25.637500,145
-57.033889,-25.637500,147
-57.033611,-25.637500,142
-57.033333,-25.637500,136
-57.033056,-25.637500,133
-57.032778,-25.637500,132
-57.032500,-25.637500,130
-57.032222,-25.637500,128
-57.031944,-25.637500,128
-57.031667,-25.637500,127
-57.031389,-25.637500,126
-57.031111,-25.637500,127
-57.030833,-25.637500,129
-57.030556,-25.637500,129
-57.030278,-25.637500,129
-57.030000,-25.637500,130
-57.029722,-25.637500,129
-57.029444,-25.637500,128
-57.029167,-25.637500,128
-57.028889,-25.637500,131
-57.028611,-25.637500,129
-57.028333,-25.637500,129
-57.028056,-25.637500,128
-57.027778,-25.637500,128
-57.027500,-25.637500,127
-57.027222,-25.637500,130
-57.026944,-25.637500,130
-57.026667,-25.637500,133
-57.026389,-25.637500,132
-57.026111,-25.637500,132
-57.025833,-25.637500,132
-57.025556,-25.637500,134
-57.025278,-25.637500,134
-57.025000,-25.637500,136
-57.024722,-25.637500,135
-57.024444,-25.637500,137
-57.024167,-25.637500,138
-57.023889,-25.637500,149
-57.023611,-25.637500,150
-57.023333,-25.637500,146
-57.023056,-25.637500,143
-57.022778,-25.637500,140
-57.022500,-25.637500,142
-57.022222,-25.637500,142
-57.021944,-25.637500,142
-57.021667,-25.637500,144
-57.021389,-25.637500,146
-57.021111,-25.637500,150
-57.020833,-25.637500,151
-57.020556,-25.637500,148
-57.020278,-25.637500,149
-57.020000,-25.637500,150
-57.019722,-25.637500,151
-57.019444,-25.637500,151
-57.019167,-25.637500,153
-57.018889,-25.637500,152
-57.018611,-25.637500,152
-57.018333,-25.637500,153
-57.018056,-25.637500,153
-57.017778,-25.637500,154
-57.017500,-25.637500,153
-57.017222,-25.637500,152
-57.016944,-25.637500,153
-57.016667,-25.637500,155
-57.016389,-25.637500,154
-57.016111,-25.637500,155
-57.015833,-25.637500,157
-57.015556,-25.637500,156
-57.015278,-25.637500,158
-57.045000,-25.637778,134
-57.044722,-25.637778,131
-57.044444,-25.637778,134
-57.044167,-25.637778,133
-57.043889,-25.637778,132
-57.043611,-25.637778,132
-57.043333,-25.637778,134
-57.043056,-25.637778,135
-57.042778,-25.637778,137
-57.042500,-25.637778,139
-57.042222,-25.637778,141
-57.041944,-25.637778,142
-57.041667,-25.637778,143
-57.041389,-25.637778,144
-57.041111,-25.637778,144
-57.040833,-25.637778,144
-57.040556,-25.637778,144
-57.040278,-25.637778,145
-57.040000,-25.637778,149
-57.039722,-25.637778,150
-57.039444,-25.637778,147
-57.039167,-25.637778,144
-57.038889,-25.637778,142
-57.038611,-25.637778,142
-57.038333,-25.637778,141
-57.038056,-25.637778,141
-57.037778,-25.637778,140
-57.037500,-25.637778,138
-57.037222,-25.637778,136
-57.036944,-25.637778,134
-57.036667,-25.637778,134
-57.036389,-25.637778,134
-57.036111,-25.637778,134
-57.035833,-25.637778,131
-57.035556,-25.637778,131
-57.035278,-25.637778,132
-57.035000,-25.637778,133
-57.034722,-25.637778,135
-57.034444,-25.637778,139
-57.034167,-25.637778,141
-57.033889,-25.637778,144
-57.033611,-25.637778,147
-57.033333,-25.637778,136
-57.033056,-25.637778,132
-57.032778,-25.637778,132
-57.032500,-25.637778,129
-57.032222,-25.637778,128
-57.031944,-25.637778,128
-57.031667,-25.637778,126
-57.031389,-25.637778,125
-57.031111,-25.637778,125
-57.030833,-25.637778,126
-57.030556,-25.637778,127
-57.030278,-25.637778,127
-57.030000,-25.637778,127
-57.029722,-25.637778,128
-57.029444,-25.637778,127
-57.029167,-25.637778,131
-57.028889,-25.637778,130
-57.028611,-25.637778,127
-57.028333,-25.637778,132
-57.028056,-25.637778,128
-57.027778,-25.637778,128
-57.027500,-25.637778,128
-57.027222,-25.637778,130
-57.026944,-25.637778,131
-57.026667,-25.637778,133
-57.026389,-25.637778,132
-57.026111,-25.637778,131
-57.025833,-25.637778,132
-57.025556,-25.637778,132
-57.025278,-25.637778,132
-57.025000,-25.637778,133
-57.024722,-25.637778,134
-57.024444,-25.637778,136
-57.024167,-25.637778,136
-57.023889,-25.637778,142
-57.023611,-25.637778,140
-57.023333,-25.637778,144
-57.023056,-25.637778,147
-57.022778,-25.637778,143
-57.022500,-25.637778,142
-57.022222,-25.637778,141
-57.021944,-25.637778,141
-57.021667,-25.637778,143
-57.021389,-25.637778,150
-57.021111,-25.637778,159
-57.020833,-25.637778,157
-57.020556,-25.637778,149
-57.020278,-25.637778,148
-57.020000,-25.637778,149
-57.019722,-25.637778,150
-57.019444,-25.637778,150
-57.019167,-25.637778,151
-57.018889,-25.637778,151
-57.018611,-25.637778,152
-57.018333,-25.637778,151
-57.018056,-25.637778,152
-57.017778,-25.637778,152
-57.017500,-25.637778,152
-57.017222,-25.637778,152
-57.016944,-25.637778,152
-57.016667,-25.637778,152
-57.016389,-25.637778,152
-57.016111,-25.637778,153
-57.015833,-25.637778,154
-57.015556,-25.637778,153
-57.015278,-25.637778,154
-57.045000,-25.638056,131
-57.044722,-25.638056,131
-57.044444,-25.638056,132
-57.044167,-25.638056,133
-57.043889,-25.638056,132
-57.043611,-25.638056,132
-57.043333,-25.638056,134
-57.043056,-25.638056,136
-57.042778,-25.638056,138
-57.042500,-25.638056,140
-57.042222,-25.638056,141
-57.041944,-25.638056,142
-57.041667,-25.638056,143
-57.041389,-25.638056,143
-57.041111,-25.638056,143
-57.040833,-25.638056,144
-57.040556,-25.638056,144
-57.040278,-25.638056,144
-57.040000,-25.638056,144
-57.039722,-25.638056,145
-57.039444,-25.638056,145
-57.039167,-25.638056,143
-57.038889,-25.638056,144
-57.038611,-25.638056,143
-57.038333,-25.638056,142
-57.038056,-25.638056,141
-57.037778,-25.638056,140
-57.037500,-25.638056,138
-57.037222,-25.638056,136
-57.036944,-25.638056,135
-57.036667,-25.638056,134
-57.036389,-25.638056,133
-57.036111,-25.638056,134
-57.035833,-25.638056,133
-57.035556,-25.638056,129
-57.035278,-25.638056,130
-57.035000,-25.638056,131
-57.034722,-25.638056,132
-57.034444,-25.638056,133
-57.034167,-25.638056,135
-57.033889,-25.638056,137
-57.033611,-25.638056,143
-57.033333,-25.638056,135
-57.033056,-25.638056,131
-57.032778,-25.638056,130
-57.032500,-25.638056,129
-57.032222,-25.638056,127
-57.031944,-25.638056,127
-57.031667,-25.638056,126
-57.031389,-25.638056,126
-57.031111,-25.638056,126
-57.030833,-25.638056,125
-57.030556,-25.638056,125
-57.030278,-25.638056,126
-57.030000,-25.638056,125
-57.029722,-25.638056,125
-57.029444,-25.638056,126
-57.029167,-25.638056,131
-57.028889,-25.638056,131
-57.028611,-25.638056,128
-57.028333,-25.638056,128
-57.028056,-25.638056,128
-57.027778,-25.638056,127
-57.027500,-25.638056,129
-57.027222,-25.638056,130
-57.026944,-25.638056,131
-57.026667,-25.638056,131
-57.026389,-25.638056,131
-57.026111,-25.638056,131
-57.025833,-25.638056,129
-57.025556,-25.638056,130
-57.025278,-25.638056,131
-57.025000,-25.638056,134
-57.024722,-25.638056,133
-57.024444,-25.638056,136
-57.024167,-25.638056,136
-57.023889,-25.638056,139
-57.023611,-25.638056,137
-57.023333,-25.638056,142
-57.023056,-25.638056,142
-57.022778,-25.638056,140
-57.022500,-25.638056,140
-57.022222,-25.638056,140
-57.021944,-25.638056,141
-57.021667,-25.638056,143
-57.021389,-25.638056,154
-57.021111,-25.638056,160
-57.020833,-25.638056,158
-57.020556,-25.638056,148
-57.020278,-25.638056,147
-57.020000,-25.638056,149
-57.019722,-25.638056,149
-57.019444,-25.638056,150
-57.019167,-25.638056,150
-57.018889,-25.638056,151
-57.018611,-25.638056,150
-57.018333,-25.638056,150
-57.018056,-25.638056,151
-57.017778,-25.638056,152
-57.017500,-25.638056,151
-57.017222,-25.638056,151
-57.016944,-25.638056,151
-57.016667,-25.638056,152
-57.016389,-25.638056,151
-57.016111,-25.638056,153
-57.015833,-25.638056,152
-57.015556,-25.638056,153
-57.015278,-25.638056,153
-57.045000,-25.638333,130
-57.044722,-25.638333,131
-57.044444,-25.638333,131
-57.044167,-25.638333,130
-57.043889,-25.638333,131
-57.043611,-25.638333,132
-57.043333,-25.638333,133
-57.043056,-25.638333,137
-57.042778,-25.638333,138
-57.042500,-25.638333,142
-57.042222,-25.638333,142
-57.041944,-25.638333,142
-57.041667,-25.638333,142
-57.041389,-25.638333,142
-57.041111,-25.638333,142
-57.040833,-25.638333,143
-57.040556,-25.638333,142
-57.040278,-25.638333,144
-57.040000,-25.638333,144
-57.039722,-25.638333,144
-57.039444,-25.638333,143
-57.039167,-25.638333,143
-57.038889,-25.638333,143
-57.038611,-25.638333,144
-57.038333,-25.638333,143
-57.038056,-25.638333,141
-57.037778,-25.638333,140
-57.037500,-25.638333,139
-57.037222,-25.638333,136
-57.036944,-25.638333,135
-57.036667,-25.638333,133
-57.036389,-25.638333,135
-57.036111,-25.638333,133
-57.035833,-25.638333,133
-57.035556,-25.638333,131
-57.035278,-25.638333,130
-57.035000,-25.638333,130
-57.034722,-25.638333,132
-57.034444,-25.638333,131
-57.034167,-25.638333,131
-57.033889,-25.638333,132
-57.033611,-25.638333,134
-57.033333,-25.638333,131
-57.033056,-25.638333,130
-57.032778,-25.638333,128
-57.032500,-25.638333,128
-57.032222,-25.638333,127
-57.031944,-25.638333,128
-57.031667,-25.638333,127
-57.031389,-25.638333,130
-57.031111,-25.638333,129
-57.030833,-25.638333,124
-57.030556,-25.638333,123
-57.030278,-25.638333,126
-57.030000,-25.638333,127
-57.029722,-25.638333,128
-57.029444,-25.638333,126
-57.029167,-25.638333,132
-57.028889,-25.638333,131
-57.028611,-25.638333,128
-57.028333,-25.638333,128
-57.028056,-25.638333,128
-57.027778,-25.638333,129
-57.027500,-25.638333,129
-57.027222,-25.638333,130
-57.026944,-25.638333,131
-57.026667,-25.638333,130
-57.026389,-25.638333,130
-57.026111,-25.638333,128
-57.025833,-25.638333,129
-57.025556,-25.638333,129
-57.025278,-25.638333,128
-57.025000,-25.638333,132
-57.024722,-25.638333,131
-57.024444,-25.638333,133
-57.024167,-25.638333,137
-57.023889,-25.638333,142
-57.023611,-25.638333,134
-57.023333,-25.638333,132
-57.023056,-25.638333,134
-57.022778,-25.638333,135
-57.022500,-25.638333,140
-57.022222,-25.638333,138
-57.021944,-25.638333,141
-57.021667,-25.638333,142
-57.021389,-25.638333,152
-57.021111,-25.638333,154
-57.020833,-25.638333,154
-57.020556,-25.638333,148
-57.020278,-25.638333,146
-57.020000,-25.638333,148
-57.019722,-25.638333,149
-57.019444,-25.638333,149
-57.019167,-25.638333,150
-57.018889,-25.638333,150
-57.018611,-25.638333,150
-57.018333,-25.638333,150
-57.018056,-25.638333,150
-57.017778,-25.638333,150
-57.017500,-25.638333,150
-57.017222,-25.638333,150
-57.016944,-25.638333,150
-57.016667,-25.638333,155
-57.016389,-25.638333,154
-57.016111,-25.638333,154
-57.015833,-25.638333,152
-57.015556,-25.638333,152
-57.015278,-25.638333,152
-57.045000,-25.638611,130
-57.044722,-25.638611,129
-57.044444,-25.638611,129
-57.044167,-25.638611,130
-57.043889,-25.638611,130
-57.043611,-25.638611,131
-57.043333,-25.638611,132
-57.043056,-25.638611,136
-57.042778,-25.638611,138
-57.042500,-25.638611,142
-57.042222,-25.638611,141
-57.041944,-25.638611,141
-57.041667,-25.638611,141
-57.041389,-25.638611,141
-57.041111,-25.638611,145
-57.040833,-25.638611,147
-57.040556,-25.638611,144
-57.040278,-25.638611,148
-57.040000,-25.638611,148
-57.039722,-25.638611,142
-57.039444,-25.638611,142
-57.039167,-25.638611,142
-57.038889,-25.638611,145
-57.038611,-25.638611,144
-57.038333,-25.638611,142
-57.038056,-25.638611,141
-57.037778,-25.638611,140
-57.037500,-25.638611,141
-57.037222,-25.638611,137
-57.036944,-25.638611,134
-57.036667,-25.638611,133
-57.036389,-25.638611,133
-57.036111,-25.638611,131
-57.035833,-25.638611,130
-57.035556,-25.638611,131
-57.035278,-25.638611,131
-57.035000,-25.638611,129
-57.034722,-25.638611,131
-57.034444,-25.638611,130
-57.034167,-25.638611,130
-57.033889,-25.638611,131
-57.033611,-25.638611,130
-57.033333,-25.638611,128
-57.033056,-25.638611,128
-57.032778,-25.638611,128
-57.032500,-25.638611,129
-57.032222,-25.638611,127
-57.031944,-25.638611,128
-57.031667,-25.638611,127
-57.031389,-25.638611,128
-57.031111,-25.638611,125
-57.030833,-25.638611,123
-57.030556,-25.638611,123
-57.030278,-25.638611,126
-57.030000,-25.638611,126
-57.029722,-25.638611,128
-57.029444,-25.638611,130
-57.029167,-25.638611,132
-57.028889,-25.638611,126
-57.028611,-25.638611,126
-57.028333,-25.638611,128
-57.028056,-25.638611,129
-57.027778,-25.638611,130
-57.027500,-25.638611,131
-57.027222,-25.638611,130
-57.026944,-25.638611,130
-57.026667,-25.638611,129
-57.026389,-25.638611,129
-57.026111,-25.638611,129
-57.025833,-25.638611,129
-57.025556,-25.638611,129
-57.025278,-25.638611,128
-57.025000,-25.638611,130
-57.024722,-25.638611,130
-57.024444,-25.638611,132
-57.024167,-25.638611,138
-57.023889,-25.638611,140
-57.023611,-25.638611,133
-57.023333,-25.638611,130
-57.023056,-25.638611,131
-57.022778,-25.638611,132
-57.022500,-25.638611,136
-57.022222,-25.638611,137
-57.021944,-25.638611,141
-57.021667,-25.638611,143
-57.021389,-25.638611,149
-57.021111,-25.638611,152
-57.020833,-25.638611,152
-57.020556,-25.638611,148
-57.020278,-25.638611,147
-57.020000,-25.638611,148
-57.019722,-25.638611,147
-57.019444,-25.638611,148
-57.019167,-25.638611,149
-57.018889,-25.638611,149
-57.018611,-25.638611,149
-57.018333,-25.638611,149
-57.018056,-25.638611,150
-57.017778,-25.638611,150
-57.017500,-25.638611,149
-57.017222,-25.638611,149
-57.016944,-25.638611,148
-57.016667,-25.638611,151
-57.016389,-25.638611,152
-57.016111,-25.638611,150
-57.015833,-25.638611,151
-57.015556,-25.638611,150
-57.015278,-25.638611,152
-57.045000,-25.638889,130
-57.044722,-25.638889,128
-57.044444,-25.638889,127
-57.044167,-25.638889,130
-57.043889,-25.638889,132
-57.043611,-25.638889,136
-57.043333,-25.638889,136
-57.043056,-25.638889,137
-57.042778,-25.638889,140
-57.042500,-25.638889,140
-57.042222,-25.638889,141
-57.041944,-25.638889,142
-57.041667,-25.638889,142
-57.041389,-25.638889,143
-57.041111,-25.638889,149
-57.040833,-25.638889,149
-57.040556,-25.638889,149
-57.040278,-25.638889,149
-57.040000,-25.638889,147
-57.039722,-25.638889,142
-57.039444,-25.638889,141
-57.039167,-25.638889,143
-57.038889,-25.638889,145
-57.038611,-25.638889,142
-57.038333,-25.638889,144
-57.038056,-25.638889,142
-57.037778,-25.638889,142
-57.037500,-25.638889,141
-57.037222,-25.638889,134
-57.036944,-25.638889,133
-57.036667,-25.638889,134
-57.036389,-25.638889,132
-57.036111,-25.638889,131
-57.035833,-25.638889,131
-57.035556,-25.638889,132
-57.035278,-25.638889,131
-57.035000,-25.638889,129
-57.034722,-25.638889,128
-57.034444,-25.638889,129
-57.034167,-25.638889,129
-57.033889,-25.638889,129
-57.033611,-25.638889,128
-57.033333,-25.638889,127
-57.033056,-25.638889,128
-57.032778,-25.638889,129
-57.032500,-25.638889,129
-57.032222,-25.638889,128
-57.031944,-25.638889,128
-57.031667,-25.638889,127
-57.031389,-25.638889,126
-57.031111,-25.638889,124
-57.030833,-25.638889,124
-57.030556,-25.638889,125
-57.030278,-25.638889,126
-57.030000,-25.638889,131
-57.029722,-25.638889,129
-57.029444,-25.638889,131
-57.029167,-25.638889,129
-57.028889,-25.638889,126
-57.028611,-25.638889,127
-57.028333,-25.638889,129
-57.028056,-25.638889,130
-57.027778,-25.638889,130
-57.027500,-25.638889,131
-57.027222,-25.638889,130
-57.026944,-25.638889,129
-57.026667,-25.638889,128
-57.026389,-25.638889,128
-57.026111,-25.638889,128
-57.025833,-25.638889,129
-57.025556,-25.638889,128
-57.025278,-25.638889,128
-57.025000,-25.638889,129
-57.024722,-25.638889,130
-57.024444,-25.638889,132
-57.024167,-25.638889,134
-57.023889,-25.638889,132
-57.023611,-25.638889,131
-57.023333,-25.638889,131
-57.023056,-25.638889,131
-57.022778,-25.638889,130
-57.022500,-25.638889,134
-57.022222,-25.638889,140
-57.021944,-25.638889,143
-57.021667,-25.638889,144
-57.021389,-25.638889,147
-57.021111,-25.638889,151
-57.020833,-25.638889,151
-57.020556,-25.638889,147
-57.020278,-25.638889,147
-57.020000,-25.638889,147
-57.019722,-25.638889,147
-57.019444,-25.638889,148
-57.019167,-25.638889,148
-57.018889,-25.638889,148
-57.018611,-25.638889,148
-57.018333,-25.638889,148
-57.018056,-25.638889,151
-57.017778,-25.638889,150
-57.017500,-25.638889,152
-57.017222,-25.638889,152
-57.016944,-25.638889,150
-57.016667,-25.638889,149
-57.016389,-25.638889,149
-57.016111,-25.638889,150
-57.015833,-25.638889,151
-57.015556,-25.638889,150
-57.015278,-25.638889,150
-57.045000,-25.639167,128
-57.044722,-25.639167,128
-57.044444,-25.639167,126
-57.044167,-25.639167,130
-57.043889,-25.639167,138
-57.043611,-25.639167,143
-57.043333,-25.639167,144
-57.043056,-25.639167,141
-57.042778,-25.639167,144
-57.042500,-25.639167,140
-57.042222,-25.639167,141
-57.041944,-25.639167,140
-57.041667,-25.639167,141
-57.041389,-25.639167,145
-57.041111,-25.639167,145
-57.040833,-25.639167,146
-57.040556,-25.639167,146
-57.040278,-25.639167,142
-57.040000,-25.639167,140
-57.039722,-25.639167,139
-57.039444,-25.639167,139
-57.039167,-25.639167,144
-57.038889,-25.639167,146
-57.038611,-25.639167,148
-57.038333,-25.639167,151
-57.038056,-25.639167,145
-57.037778,-25.639167,140
-57.037500,-25.639167,143
-57.037222,-25.639167,137
-57.036944,-25.639167,135
-57.036667,-25.639167,134
-57.036389,-25.639167,133
-57.036111,-25.639167,131
-57.035833,-25.639167,131
-57.035556,-25.639167,132
-57.035278,-25.639167,132
-57.035000,-25.639167,129
-57.034722,-25.639167,130
-57.034444,-25.639167,128
-57.034167,-25.639167,128
-57.033889,-25.639167,128
-57.033611,-25.639167,128
-57.033333,-25.639167,127
-57.033056,-25.639167,130
-57.032778,-25.639167,130
-57.032500,-25.639167,131
-57.032222,-25.639167,130
-57.031944,-25.639167,129
-57.031667,-25.639167,126
-57.031389,-25.639167,125
-57.031111,-25.639167,126
-57.030833,-25.639167,126
-57.030556,-25.639167,127
-57.030278,-25.639167,130
-57.030000,-25.639167,130
-57.029722,-25.639167,130
-57.029444,-25.639167,129
-57.029167,-25.639167,126
-57.028889,-25.639167,127
-57.028611,-25.639167,128
-57.028333,-25.639167,129
-57.028056,-25.639167,129
-57.027778,-25.639167,128
-57.027500,-25.639167,128
-57.027222,-25.639167,130
-57.026944,-25.639167,130
-57.026667,-25.639167,128
-57.026389,-25.639167,128
-57.026111,-25.639167,127
-57.025833,-25.639167,128
-57.025556,-25.639167,128
-57.025278,-25.639167,129
-57.025000,-25.639167,130
-57.024722,-25.639167,130
-57.024444,-25.639167,130
-57.024167,-25.639167,129
-57.023889,-25.639167,130
-57.023611,-25.639167,130
-57.023333,-25.639167,131
-57.023056,-25.639167,131
-57.022778,-25.639167,131
-57.022500,-25.639167,136
-57.022222,-25.639167,142
-57.021944,-25.639167,144
-57.021667,-25.639167,144
-57.021389,-25.639167,149
-57.021111,-25.639167,149
-57.020833,-25.639167,150
-57.020556,-25.639167,145
-57.020278,-25.639167,147
-57.020000,-25.639167,146
-57.019722,-25.639167,148
-57.019444,-25.639167,148
-57.019167,-25.639167,147
-57.018889,-25.639167,148
-57.018611,-25.639167,148
-57.018333,-25.639167,148
-57.018056,-25.639167,150
-57.017778,-25.639167,150
-57.017500,-25.639167,153
-57.017222,-25.639167,153
-57.016944,-25.639167,152
-57.016667,-25.639167,147
-57.016389,-25.639167,145
-57.016111,-25.639167,148
-57.015833,-25.639167,149
-57.015556,-25.639167,149
-57.015278,-25.639167,149
-57.045000,-25.639444,128
-57.044722,-25.639444,127
-57.044444,-25.639444,128
-57.044167,-25.639444,133
-57.043889,-25.639444,140
-57.043611,-25.639444,145
-57.043333,-25.639444,143
-57.043056,-25.639444,141
-57.042778,-25.639444,141
-57.042500,-25.639444,142
-57.042222,-25.639444,141
-57.041944,-25.639444,140
-57.041667,-25.639444,140
-57.041389,-25.639444,144
-57.041111,-25.639444,146
-57.040833,-25.639444,143
-57.040556,-25.639444,139
-57.040278,-25.639444,136
-57.040000,-25.639444,137
-57.039722,-25.639444,136
-57.039444,-25.639444,139
-57.039167,-25.639444,145
-57.038889,-25.639444,142
-57.038611,-25.639444,147
-57.038333,-25.639444,156
-57.038056,-25.639444,150
-57.037778,-25.639444,142
-57.037500,-25.639444,141
-57.037222,-25.639444,137
-57.036944,-25.639444,135
-57.036667,-25.639444,134
-57.036389,-25.639444,135
-57.036111,-25.639444,133
-57.035833,-25.639444,132
-57.035556,-25.639444,131
-57.035278,-25.639444,133
-57.035000,-25.639444,128
-57.034722,-25.639444,128
-57.034444,-25.639444,128
-57.034167,-25.639444,127
-57.033889,-25.639444,128
-57.033611,-25.639444,128
-57.033333,-25.639444,129
-57.033056,-25.639444,132
-57.032778,-25.639444,134
-57.032500,-25.639444,133
-57.032222,-25.639444,129
-57.031944,-25.639444,127
-57.031667,-25.639444,124
-57.031389,-25.639444,127
-57.031111,-25.639444,127
-57.030833,-25.639444,124
-57.030556,-25.639444,126
-57.030278,-25.639444,127
-57.030000,-25.639444,124
-57.029722,-25.639444,125
-57.029444,-25.639444,126
-57.029167,-25.639444,127
-57.028889,-25.639444,129
-57.028611,-25.639444,129
-57.028333,-25.639444,129
-57.028056,-25.639444,127
-57.027778,-25.639444,127
-57.027500,-25.639444,127
-57.027222,-25.639444,128
-57.026944,-25.639444,129
-57.026667,-25.639444,128
-57.026389,-25.639444,128
-57.026111,-25.639444,129
-57.025833,-25.639444,129
-57.025556,-25.639444,130
-57.025278,-25.639444,128
-57.025000,-25.639444,130
-57.024722,-25.639444,131
-57.024444,-25.639444,131
-57.024167,-25.639444,131
-57.023889,-25.639444,131
-57.023611,-25.639444,130
-57.023333,-25.639444,131
-57.023056,-25.639444,133
-57.022778,-25.639444,137
-57.022500,-25.639444,137
-57.022222,-25.639444,143
-57.021944,-25.639444,141
-57.021667,-25.639444,145
-57.021389,-25.639444,149
-57.021111,-25.639444,149
-57.020833,-25.639444,145
-57.020556,-25.639444,145
-57.020278,-25.639444,146
-57.020000,-25.639444,146
-57.019722,-25.639444,147
-57.019444,-25.639444,146
-57.019167,-25.639444,147
-57.018889,-25.639444,147
-57.018611,-25.639444,147
-57.018333,-25.639444,149
-57.018056,-25.639444,149
-57.017778,-25.639444,148
-57.017500,-25.639444,146
-57.017222,-25.639444,147
-57.016944,-25.639444,146
-57.016667,-25.639444,148
-57.016389,-25.639444,148
-57.016111,-25.639444,146
-57.015833,-25.639444,145
-57.015556,-25.639444,148
-57.015278,-25.639444,150
-57.045000,-25.639722,127
-57.044722,-25.639722,128
-57.044444,-25.639722,129
-57.044167,-25.639722,131
-57.043889,-25.639722,135
-57.043611,-25.639722,138
-57.043333,-25.639722,139
-57.043056,-25.639722,143
-57.042778,-25.639722,147
-57.042500,-25.639722,146
-57.042222,-25.639722,140
-57.041944,-25.639722,139
-57.041667,-25.639722,138
-57.041389,-25.639722,143
-57.041111,-25.639722,144
-57.040833,-25.639722,136
-57.040556,-25.639722,131
-57.040278,-25.639722,133
-57.040000,-25.639722,134
-57.039722,-25.639722,135
-57.039444,-25.639722,140
-57.039167,-25.639722,141
-57.038889,-25.639722,139
-57.038611,-25.639722,143
-57.038333,-25.639722,149
-57.038056,-25.639722,151
-57.037778,-25.639722,143
-57.037500,-25.639722,138
-57.037222,-25.639722,136
-57.036944,-25.639722,136
-57.036667,-25.639722,134
-57.036389,-25.639722,135
-57.036111,-25.639722,136
-57.035833,-25.639722,132
-57.035556,-25.639722,130
-57.035278,-25.639722,131
-57.035000,-25.639722,129
-57.034722,-25.639722,127
-57.034444,-25.639722,127
-57.034167,-25.639722,127
-57.033889,-25.639722,127
-57.033611,-25.639722,128
-57.033333,-25.639722,128
-57.033056,-25.639722,132
-57.032778,-25.639722,132
-57.032500,-25.639722,131
-57.032222,-25.639722,128
-57.031944,-25.639722,126
-57.031667,-25.639722,125
-57.031389,-25.639722,127
-57.031111,-25.639722,126
-57.030833,-25.639722,125
-57.030556,-25.639722,123
-57.030278,-25.639722,123
-57.030000,-25.639722,124
-57.029722,-25.639722,125
-57.029444,-25.639722,126
-57.029167,-25.639722,128
-57.028889,-25.639722,128
-57.028611,-25.639722,129
-57.028333,-25.639722,129
-57.028056,-25.639722,128
-57.027778,-25.639722,127
-57.027500,-25.639722,128
-57.027222,-25.639722,129
-57.026944,-25.639722,130
-57.026667,-25.639722,129
-57.026389,-25.639722,129
-57.026111,-25.639722,128
-57.025833,-25.639722,129
-57.025556,-25.639722,129
-57.025278,-25.639722,129
-57.025000,-25.639722,131
-57.024722,-25.639722,132
-57.024444,-25.639722,132
-57.024167,-25.639722,133
-57.023889,-25.639722,133
-57.023611,-25.639722,133
-57.023333,-25.639722,132
-57.023056,-25.639722,132
-57.022778,-25.639722,134
-57.022500,-25.639722,138
-57.022222,-25.639722,139
-57.021944,-25.639722,141
-57.021667,-25.639722,144
-57.021389,-25.639722,149
-57.021111,-25.639722,149
-57.020833,-25.639722,145
-57.020556,-25.639722,145
-57.020278,-25.639722,145
-57.020000,-25.639722,145
-57.019722,-25.639722,146
-57.019444,-25.639722,146
-57.019167,-25.639722,147
-57.018889,-25.639722,146
-57.018611,-25.639722,146
-57.018333,-25.639722,148
-57.018056,-25.639722,148
-57.017778,-25.639722,148
-57.017500,-25.639722,146
-57.017222,-25.639722,140
-57.016944,-25.639722,140
-57.016667,-25.639722,148
-57.016389,-25.639722,150
-57.016111,-25.639722,145
-57.015833,-25.639722,145
-57.015556,-25.639722,148
-57.015278,-25.639722,151
-57.045000,-25.640000,128
-57.044722,-25.640000,128
-57.044444,-25.640000,128
-57.044167,-25.640000,129
-57.043889,-25.640000,131
-57.043611,-25.640000,136
-57.043333,-25.640000,137
-57.043056,-25.640000,141
-57.042778,-25.640000,142
-57.042500,-25.640000,143
-57.042222,-25.640000,139
-57.041944,-25.640000,139
-57.041667,-25.640000,138
-57.041389,-25.640000,142
-57.041111,-25.640000,143
-57.040833,-25.640000,132
-57.040556,-25.640000,130
-57.040278,-25.640000,131
-57.040000,-25.640000,132
-57.039722,-25.640000,132
-57.039444,-25.640000,138
-57.039167,-25.640000,139
-57.038889,-25.640000,136
-57.038611,-25.640000,137
-57.038333,-25.640000,136
-57.038056,-25.640000,136
-57.037778,-25.640000,139
-57.037500,-25.640000,139
-57.037222,-25.640000,137
-57.036944,-25.640000,136
-57.036667,-25.640000,135
-57.036389,-25.640000,139
-57.036111,-25.640000,136
-57.035833,-25.640000,130
-57.035556,-25.640000,130
-57.035278,-25.640000,128
-57.035000,-25.640000,129
-57.034722,-25.640000,127
-57.034444,-25.640000,126
-57.034167,-25.640000,126
-57.033889,-25.640000,126
-57.033611,-25.640000,128
-57.033333,-25.640000,127
-57.033056,-25.640000,126
-57.032778,-25.640000,125
-57.032500,-25.640000,126
-57.032222,-25.640000,125
-57.031944,-25.640000,126
-57.031667,-25.640000,128
-57.031389,-25.640000,125
-57.031111,-25.640000,126
-57.030833,-25.640000,124
-57.030556,-25.640000,124
-57.030278,-25.640000,125
-57.030000,-25.640000,126
-57.029722,-25.640000,127
-57.029444,-25.640000,127
-57.029167,-25.640000,128
-57.028889,-25.640000,130
-57.028611,-25.640000,128
-57.028333,-25.640000,127
-57.028056,-25.640000,125
-57.027778,-25.640000,124
-57.027500,-25.640000,126
-57.027222,-25.640000,130
-57.026944,-25.640000,130
-57.026667,-25.640000,129
-57.026389,-25.640000,129
-57.026111,-25.640000,129
-57.025833,-25.640000,129
-57.025556,-25.640000,130
-57.025278,-25.640000,131
-57.025000,-25.640000,133
-57.024722,-25.640000,133
-57.024444,-25.640000,133
-57.024167,-25.640000,133
-57.023889,-25.640000,133
-57.023611,-25.640000,132
-57.023333,-25.640000,133
-57.023056,-25.640000,132
-57.022778,-25.640000,134
-57.022500,-25.640000,138
-57.022222,-25.640000,140
-57.021944,-25.640000,143
-57.021667,-25.640000,145
-57.021389,-25.640000,148
-57.021111,-25.640000,147
-57.020833,-25.640000,145
-57.020556,-25.640000,145
-57.020278,-25.640000,145
-57.020000,-25.640000,145
-57.019722,-25.640000,148
-57.019444,-25.640000,146
-57.019167,-25.640000,145
-57.018889,-25.640000,145
-57.018611,-25.640000,146
-57.018333,-25.640000,147
-57.018056,-25.640000,151
-57.017778,-25.640000,148
-57.017500,-25.640000,148
-57.017222,-25.640000,144
-57.016944,-25.640000,142
-57.016667,-25.640000,147
-57.016389,-25.640000,146
-57.016111,-25.640000,144
-57.015833,-25.640000,144
-57.015556,-25.640000,144
-57.015278,-25.640000,147
-57.045000,-25.640278,127
-57.044722,-25.640278,126
-57.044444,-25.640278,127
-57.044167,-25.640278,126
-57.043889,-25.640278,132
-57.043611,-25.640278,134
-57.043333,-25.640278,134
-57.043056,-25.640278,136
-57.042778,-25.640278,138
-57.042500,-25.640278,137
-57.042222,-25.640278,138
-57.041944,-25.640278,137
-57.041667,-25.640278,137
-57.041389,-25.640278,136
-57.041111,-25.640278,135
-57.040833,-25.640278,130
-57.040556,-25.640278,131
-57.040278,-25.640278,132
-57.040000,-25.640278,131
-57.039722,-25.640278,131
-57.039444,-25.640278,134
-57.039167,-25.640278,136
-57.038889,-25.640278,134
-57.038611,-25.640278,134
-57.038333,-25.640278,135
-57.038056,-25.640278,132
-57.037778,-25.640278,132
-57.037500,-25.640278,139
-57.037222,-25.640278,137
-57.036944,-25.640278,135
-57.036667,-25.640278,134
-57.036389,-25.640278,134
-57.036111,-25.640278,133
-57.035833,-25.640278,132
-57.035556,-25.640278,131
-57.035278,-25.640278,131
-57.035000,-25.640278,128
-57.034722,-25.640278,127
-57.034444,-25.640278,127
-57.034167,-25.640278,126
-57.033889,-25.640278,126
-57.033611,-25.640278,127
-57.033333,-25.640278,127
-57.033056,-25.640278,126
-57.032778,-25.640278,124
-57.032500,-25.640278,123
-57.032222,-25.640278,123
-57.031944,-25.640278,124
-57.031667,-25.640278,124
-57.031389,-25.640278,125
-57.031111,-25.640278,127
-57.030833,-25.640278,124
-57.030556,-25.640278,125
-57.030278,-25.640278,126
-57.030000,-25.640278,126
-57.029722,-25.640278,127
-57.029444,-25.640278,128
-57.029167,-25.640278,129
-57.028889,-25.640278,129
-57.028611,-25.640278,128
-57.028333,-25.640278,126
-57.028056,-25.640278,126
-57.027778,-25.640278,125
-57.027500,-25.640278,125
-57.027222,-25.640278,127
-57.026944,-25.640278,130
-57.026667,-25.640278,130
-57.026389,-25.640278,130
-57.026111,-25.640278,130
-57.025833,-25.640278,130
-57.025556,-25.640278,131
-57.025278,-25.640278,132
-57.025000,-25.640278,133
-57.024722,-25.640278,134
-57.024444,-25.640278,134
-57.024167,-25.640278,135
-57.023889,-25.640278,134
-57.023611,-25.640278,134
-57.023333,-25.640278,133
-57.023056,-25.640278,134
-57.022778,-25.640278,135
-57.022500,-25.640278,136
-57.022222,-25.640278,138
-57.021944,-25.640278,143
-57.021667,-25.640278,143
-57.021389,-25.640278,147
-57.021111,-25.640278,146
-57.020833,-25.640278,147
-57.020556,-25.640278,148
-57.020278,-25.640278,147
-57.020000,-25.640278,145
-57.019722,-25.640278,145
-57.019444,-25.640278,145
-57.019167,-25.640278,145
-57.018889,-25.640278,144
-57.018611,-25.640278,144
-57.018333,-25.640278,149
-57.018056,-25.640278,152
-57.017778,-25.640278,147
-57.017500,-25.640278,145
-57.017222,-25.640278,144
-57.016944,-25.640278,141
-57.016667,-25.640278,144
-57.016389,-25.640278,140
-57.016111,-25.640278,140
-57.015833,-25.640278,141
-57.015556,-25.640278,141
-57.015278,-25.640278,143
-57.045000,-25.640556,127
-57.044722,-25.640556,126
-57.044444,-25.640556,127
-57.044167,-25.640556,126
-57.043889,-25.640556,129
-57.043611,-25.640556,130
-57.043333,-25.640556,133
-57.043056,-25.640556,136
-57.042778,-25.640556,139
-57.042500,-25.640556,136
-57.042222,-25.640556,137
-57.041944,-25.640556,137
-57.041667,-25.640556,136
-57.041389,-25.640556,135
-57.041111,-25.640556,133
-57.040833,-25.640556,131
-57.040556,-25.640556,133
-57.040278,-25.640556,133
-57.040000,-25.640556,132
-57.039722,-25.640556,132
-57.039444,-25.640556,134
-57.039167,-25.640556,135
-57.038889,-25.640556,132
-57.038611,-25.640556,131
-57.038333,-25.640556,133
-57.038056,-25.640556,130
-57.037778,-25.640556,133
-57.037500,-25.640556,137
-57.037222,-25.640556,136
-57.036944,-25.640556,134
-57.036667,-25.640556,134
-57.036389,-25.640556,135
-57.036111,-25.640556,133
-57.035833,-25.640556,133
-57.035556,-25.640556,131
-57.035278,-25.640556,129
-57.035000,-25.640556,128
-57.034722,-25.640556,128
-57.034444,-25.640556,127
-57.034167,-25.640556,126
-57.033889,-25.640556,126
-57.033611,-25.640556,125
-57.033333,-25.640556,127
-57.033056,-25.640556,126
-57.032778,-25.640556,125
-57.032500,-25.640556,124
-57.032222,-25.640556,123
-57.031944,-25.640556,123
-57.031667,-25.640556,123
-57.031389,-25.640556,124
-57.031111,-25.640556,126
-57.030833,-25.640556,125
-57.030556,-25.640556,126
-57.030278,-25.640556,125
-57.030000,-25.640556,126
-57.029722,-25.640556,126
-57.029444,-25.640556,126
-57.029167,-25.640556,127
-57.028889,-25.640556,127
-57.028611,-25.640556,127
-57.028333,-25.640556,126
-57.028056,-25.640556,127
-57.027778,-25.640556,127
-57.027500,-25.640556,126
-57.027222,-25.640556,127
-57.026944,-25.640556,131
-57.026667,-25.640556,131
-57.026389,-25.640556,131
-57.026111,-25.640556,132
-57.025833,-25.640556,131
-57.025556,-25.640556,132
-57.025278,-25.640556,134
-57.025000,-25.640556,135
-57.024722,-25.640556,135
-57.024444,-25.640556,136
-57.024167,-25.640556,136
-57.023889,-25.640556,136
-57.023611,-25.640556,136
-57.023333,-25.640556,135
-57.023056,-25.640556,135
-57.022778,-25.640556,135
-57.022500,-25.640556,137
-57.022222,-25.640556,139
-57.021944,-25.640556,142
-57.021667,-25.640556,146
-57.021389,-25.640556,146
-57.021111,-25.640556,147
-57.020833,-25.640556,148
-57.020556,-25.640556,152
-57.020278,-25.640556,148
-57.020000,-25.640556,144
-57.019722,-25.640556,145
-57.019444,-25.640556,145
-57.019167,-25.640556,145
-57.018889,-25.640556,143
-57.018611,-25.640556,143
-57.018333,-25.640556,146
-57.018056,-25.640556,147
-57.017778,-25.640556,143
-57.017500,-25.640556,144
-57.017222,-25.640556,144
-57.016944,-25.640556,140
-57.016667,-25.640556,140
-57.016389,-25.640556,138
-57.016111,-25.640556,138
-57.015833,-25.640556,139
-57.015556,-25.640556,140
-57.015278,-25.640556,140
-57.045000,-25.640833,126
-57.044722,-25.640833,127
-57.044444,-25.640833,126
-57.044167,-25.640833,126
-57.043889,-25.640833,128
-57.043611,-25.640833,131
-57.043333,-25.640833,132
-57.043056,-25.640833,135
-57.042778,-25.640833,140
-57.042500,-25.640833,137
-57.042222,-25.640833,137
-57.041944,-25.640833,136
-57.041667,-25.640833,135
-57.041389,-25.640833,132
-57.041111,-25.640833,131
-57.040833,-25.640833,132
-57.040556,-25.640833,133
-57.040278,-25.640833,132
-57.040000,-25.640833,134
-57.039722,-25.640833,134
-57.039444,-25.640833,133
-57.039167,-25.640833,137
-57.038889,-25.640833,131
-57.038611,-25.640833,128
-57.038333,-25.640833,129
-57.038056,-25.640833,130
-57.037778,-25.640833,131
-57.037500,-25.640833,133
-57.037222,-25.640833,133
-57.036944,-25.640833,135
-57.036667,-25.640833,135
-57.036389,-25.640833,134
-57.036111,-25.640833,133
-57.035833,-25.640833,133
-57.035556,-25.640833,132
-57.035278,-25.640833,131
-57.035000,-25.640833,129
-57.034722,-25.640833,128
-57.034444,-25.640833,127
-57.034167,-25.640833,126
-57.033889,-25.640833,125
-57.033611,-25.640833,125
-57.033333,-25.640833,126
-57.033056,-25.640833,127
-57.032778,-25.640833,127
-57.032500,-25.640833,123
-57.032222,-25.640833,123
-57.031944,-25.640833,123
-57.031667,-25.640833,122
-57.031389,-25.640833,123
-57.031111,-25.640833,127
-57.030833,-25.640833,125
-57.030556,-25.640833,125
-57.030278,-25.640833,127
-57.030000,-25.640833,130
-57.029722,-25.640833,128
-57.029444,-25.640833,125
-57.029167,-25.640833,125
-57.028889,-25.640833,127
-57.028611,-25.640833,127
-57.028333,-25.640833,126
-57.028056,-25.640833,126
-57.027778,-25.640833,126
-57.027500,-25.640833,125
-57.027222,-25.640833,125
-57.026944,-25.640833,129
-57.026667,-25.640833,130
-57.026389,-25.640833,132
-57.026111,-25.640833,133
-57.025833,-25.640833,134
-57.025556,-25.640833,135
-57.025278,-25.640833,136
-57.025000,-25.640833,136
-57.024722,-25.640833,136
-57.024444,-25.640833,136
-57.024167,-25.640833,137
-57.023889,-25.640833,136
-57.023611,-25.640833,137
-57.023333,-25.640833,136
-57.023056,-25.640833,136
-57.022778,-25.640833,136
-57.022500,-25.640833,137
-57.022222,-25.640833,140
-57.021944,-25.640833,141
-57.021667,-25.640833,147
-57.021389,-25.640833,145
-57.021111,-25.640833,144
-57.020833,-25.640833,147
-57.020556,-25.640833,150
-57.020278,-25.640833,146
-57.020000,-25.640833,143
-57.019722,-25.640833,144
-57.019444,-25.640833,145
-57.019167,-25.640833,145
-57.018889,-25.640833,145
-57.018611,-25.640833,143
-57.018333,-25.640833,144
-57.018056,-25.640833,144
-57.017778,-25.640833,143
-57.017500,-25.640833,142
-57.017222,-25.640833,144
-57.016944,-25.640833,140
-57.016667,-25.640833,136
-57.016389,-25.640833,136
-57.016111,-25.640833,136
-57.015833,-25.640833,136
-57.015556,-25.640833,138
-57.015278,-25.640833,138
-57.045000,-25.641111,126
-57.044722,-25.641111,125
-57.044444,-25.641111,126
-57.044167,-25.641111,125
-57.043889,-25.641111,126
-57.043611,-25.641111,128
-57.043333,-25.641111,130
-57.043056,-25.641111,133
-57.042778,-25.641111,135
-57.042500,-25.641111,136
-57.042222,-25.641111,135
-57.041944,-25.641111,138
-57.041667,-25.641111,133
-57.041389,-25.641111,131
-57.041111,-25.641111,131
-57.040833,-25.641111,131
-57.040556,-25.641111,131
-57.040278,-25.641111,129
-57.040000,-25.641111,132
-57.039722,-25.641111,133
-57.039444,-25.641111,133
-57.039167,-25.641111,135
-57.038889,-25.641111,130
-57.038611,-25.641111,128
-57.038333,-25.641111,129
-57.038056,-25.641111,130
-57.037778,-25.641111,132
-57.037500,-25.641111,133
-57.037222,-25.641111,133
-57.036944,-25.641111,133
-57.036667,-25.641111,135
-57.036389,-25.641111,135
-57.036111,-25.641111,133
-57.035833,-25.641111,134
-57.035556,-25.641111,134
-57.035278,-25.641111,132
-57.035000,-25.641111,129
-57.034722,-25.641111,129
-57.034444,-25.641111,126
-57.034167,-25.641111,125
-57.033889,-25.641111,125
-57.033611,-25.641111,124
-57.033333,-25.641111,125
-57.033056,-25.641111,125
-57.032778,-25.641111,127
-57.032500,-25.641111,124
-57.032222,-25.641111,123
-57.031944,-25.641111,123
-57.031667,-25.641111,122
-57.031389,-25.641111,123
-57.031111,-25.641111,126
-57.030833,-25.641111,124
-57.030556,-25.641111,124
-57.030278,-25.641111,130
-57.030000,-25.641111,135
-57.029722,-25.641111,130
-57.029444,-25.641111,125
-57.029167,-25.641111,125
-57.028889,-25.641111,126
-57.028611,-25.641111,126
-57.028333,-25.641111,125
-57.028056,-25.641111,126
-57.027778,-25.641111,127
-57.027500,-25.641111,125
-57.027222,-25.641111,125
-57.026944,-25.641111,127
-57.026667,-25.641111,130
-57.026389,-25.641111,132
-57.026111,-25.641111,133
-57.025833,-25.641111,134
-57.025556,-25.641111,137
-57.025278,-25.641111,137
-57.025000,-25.641111,137
-57.024722,-25.641111,136
-57.024444,-25.641111,136
-57.024167,-25.641111,137
-57.023889,-25.641111,137
-57.023611,-25.641111,137
-57.023333,-25.641111,138
-57.023056,-25.641111,136
-57.022778,-25.641111,137
-57.022500,-25.641111,137
-57.022222,-25.641111,141
-57.021944,-25.641111,143
-57.021667,-25.641111,147
-57.021389,-25.641111,144
-57.021111,-25.641111,142
-57.020833,-25.641111,145
-57.020556,-25.641111,146
-57.020278,-25.641111,145
-57.020000,-25.641111,141
-57.019722,-25.641111,143
-57.019444,-25.641111,146
-57.019167,-25.641111,150
-57.018889,-25.641111,142
-57.018611,-25.641111,142
-57.018333,-25.641111,142
-57.018056,-25.641111,142
-57.017778,-25.641111,141
-57.017500,-25.641111,144
-57.017222,-25.641111,142
-57.016944,-25.641111,137
-57.016667,-25.641111,135
-57.016389,-25.641111,136
-57.016111,-25.641111,136
-57.015833,-25.641111,135
-57.015556,-25.641111,135
-57.015278,-25.641111,136
-57.045000,-25.641389,125
-57.044722,-25.641389,125
-57.044444,-25.641389,126
-57.044167,-25.641389,126
-57.043889,-25.641389,126
-57.043611,-25.641389,127
-57.043333,-25.641389,130
-57.043056,-25.641389,132
-57.042778,-25.641389,133
-57.042500,-25.641389,131
-57.042222,-25.641389,133
-57.041944,-25.641389,134
-57.041667,-25.641389,133
-57.041389,-25.641389,131
-57.041111,-25.641389,130
-57.040833,-25.641389,128
-57.040556,-25.641389,128
-57.040278,-25.641389,130
-57.040000,-25.641389,131
-57.039722,-25.641389,130
-57.039444,-25.641389,131
-57.039167,-25.641389,130
-57.038889,-25.641389,130
-57.038611,-25.641389,130
-57.038333,-25.641389,131
-57.038056,-25.641389,131
-57.037778,-25.641389,131
-57.037500,-25.641389,133
-57.037222,-25.641389,132
-57.036944,-25.641389,132
-57.036667,-25.641389,133
-57.036389,-25.641389,134
-57.036111,-25.641389,135
-57.035833,-25.641389,134
-57.035556,-25.641389,133
-57.035278,-25.641389,131
-57.035000,-25.641389,128
-57.034722,-25.641389,128
-57.034444,-25.641389,126
-57.034167,-25.641389,125
-57.033889,-25.641389,125
-57.033611,-25.641389,124
-57.033333,-25.641389,123
-57.033056,-25.641389,124
-57.032778,-25.641389,126
-57.032500,-25.641389,123
-57.032222,-25.641389,121
-57.031944,-25.641389,122
-57.031667,-25.641389,123
-57.031389,-25.641389,126
-57.031111,-25.641389,125
-57.030833,-25.641389,124
-57.030556,-25.641389,126
-57.030278,-25.641389,131
-57.030000,-25.641389,132
-57.029722,-25.641389,129
-57.029444,-25.641389,126
-57.029167,-25.641389,125
-57.028889,-25.641389,124
-57.028611,-25.641389,125
-57.028333,-25.641389,125
-57.028056,-25.641389,126
-57.027778,-25.641389,127
-57.027500,-25.641389,126
-57.027222,-25.641389,126
-57.026944,-25.641389,128
-57.026667,-25.641389,131
-57.026389,-25.641389,133
-57.026111,-25.641389,134
-57.025833,-25.641389,133
-57.025556,-25.641389,136
-57.025278,-25.641389,137
-57.025000,-25.641389,137
-57.024722,-25.641389,136
-57.024444,-25.641389,137
-57.024167,-25.641389,138
-57.023889,-25.641389,138
-57.023611,-25.641389,138
-57.023333,-25.641389,137
-57.023056,-25.641389,137
-57.022778,-25.641389,138
-57.022500,-25.641389,138
-57.022222,-25.641389,139
-57.021944,-25.641389,143
-57.021667,-25.641389,144
-57.021389,-25.641389,144
-57.021111,-25.641389,143
-57.020833,-25.641389,142
-57.020556,-25.641389,143
-57.020278,-25.641389,144
-57.020000,-25.641389,143
-57.019722,-25.641389,151
-57.019444,-25.641389,147
-57.019167,-25.641389,145
-57.018889,-25.641389,142
-57.018611,-25.641389,141
-57.018333,-25.641389,142
-57.018056,-25.641389,141
-57.017778,-25.641389,141
-57.017500,-25.641389,141
-57.017222,-25.641389,137
-57.016944,-25.641389,134
-57.016667,-25.641389,135
-57.016389,-25.641389,136
-57.016111,-25.641389,137
-57.015833,-25.641389,135
-57.015556,-25.641389,133
-57.015278,-25.641389,134
-57.045000,-25.641667,128
-57.044722,-25.641667,125
-57.044444,-25.641667,126
-57.044167,-25.641667,126
-57.043889,-25.641667,125
-57.043611,-25.641667,127
-57.043333,-25.641667,130
-57.043056,-25.641667,132
-57.042778,-25.641667,137
-57.042500,-25.641667,133
-57.042222,-25.641667,130
-57.041944,-25.641667,132
-57.041667,-25.641667,133
-57.041389,-25.641667,130
-57.041111,-25.641667,129
-57.040833,-25.641667,126
-57.040556,-25.641667,127
-57.040278,-25.641667,128
-57.040000,-25.641667,130
-57.039722,-25.641667,127
-57.039444,-25.641667,127
-57.039167,-25.641667,128
-57.038889,-25.641667,134
-57.038611,-25.641667,137
-57.038333,-25.641667,131
-57.038056,-25.641667,130
-57.037778,-25.641667,130
-57.037500,-25.641667,132
-57.037222,-25.641667,132
-57.036944,-25.641667,132
-57.036667,-25.641667,134
-57.036389,-25.641667,133
-57.036111,-25.641667,134
-57.035833,-25.641667,132
-57.035556,-25.641667,131
-57.035278,-25.641667,130
-57.035000,-25.641667,128
-57.034722,-25.641667,127
-57.034444,-25.641667,126
-57.034167,-25.641667,125
-57.033889,-25.641667,124
-57.033611,-25.641667,124
-57.033333,-25.641667,124
-57.033056,-25.641667,124
-57.032778,-25.641667,124
-57.032500,-25.641667,123
-57.032222,-25.641667,122
-57.031944,-25.641667,122
-57.031667,-25.641667,124
-57.031389,-25.641667,126
-57.031111,-25.641667,124
-57.030833,-25.641667,123
-57.030556,-25.641667,126
-57.030278,-25.641667,132
-57.030000,-25.641667,133
-57.029722,-25.641667,132
-57.029444,-25.641667,129
-57.029167,-25.641667,126
-57.028889,-25.641667,124
-57.028611,-25.641667,125
-57.028333,-25.641667,127
-57.028056,-25.641667,128
-57.027778,-25.641667,126
-57.027500,-25.641667,125
-57.027222,-25.641667,127
-57.026944,-25.641667,128
-57.026667,-25.641667,130
-57.026389,-25.641667,131
-57.026111,-25.641667,133
-57.025833,-25.641667,133
-57.025556,-25.641667,135
-57.025278,-25.641667,136
-57.025000,-25.641667,136
-57.024722,-25.641667,139
-57.024444,-25.641667,139
-57.024167,-25.641667,139
-57.023889,-25.641667,138
-57.023611,-25.641667,138
-57.023333,-25.641667,137
-57.023056,-25.641667,137
-57.022778,-25.641667,138
-57.022500,-25.641667,139
-57.022222,-25.641667,139
-57.021944,-25.641667,146
-57.021667,-25.641667,146
-57.021389,-25.641667,144
-57.021111,-25.641667,144
-57.020833,-25.641667,140
-57.020556,-25.641667,137
-57.020278,-25.641667,138
-57.020000,-25.641667,140
-57.019722,-25.641667,149
-57.019444,-25.641667,145
-57.019167,-25.641667,142
-57.018889,-25.641667,141
-57.018611,-25.641667,142
-57.018333,-25.641667,142
-57.018056,-25.641667,141
-57.017778,-25.641667,140
-57.017500,-25.641667,138
-57.017222,-25.641667,135
-57.016944,-25.641667,134
-57.016667,-25.641667,135
-57.016389,-25.641667,134
-57.016111,-25.641667,134
-57.015833,-25.641667,134
-57.015556,-25.641667,132
-57.015278,-25.641667,133
-57.045000,-25.641944,129
-57.044722,-25.641944,124
-57.044444,-25.641944,123
-57.044167,-25.641944,124
-57.043889,-25.641944,125
-57.043611,-25.641944,127
-57.043333,-25.641944,131
-57.043056,-25.641944,135
-57.042778,-25.641944,139
-57.042500,-25.641944,135
-57.042222,-25.641944,129
-57.041944,-25.641944,129
-57.041667,-25.641944,130
-57.041389,-25.641944,128
-57.041111,-25.641944,129
-57.040833,-25.641944,127
-57.040556,-25.641944,126
-57.040278,-25.641944,127
-57.040000,-25.641944,126
-57.039722,-25.641944,125
-57.039444,-25.641944,127
-57.039167,-25.641944,132
-57.038889,-25.641944,136
-57.038611,-25.641944,137
-57.038333,-25.641944,130
-57.038056,-25.641944,130
-57.037778,-25.641944,130
-57.037500,-25.641944,130
-57.037222,-25.641944,131
-57.036944,-25.641944,132
-57.036667,-25.641944,132
-57.036389,-25.641944,132
-57.036111,-25.641944,132
-57.035833,-25.641944,132
-57.035556,-25.641944,136
-57.035278,-25.641944,131
-57.035000,-25.641944,130
-57.034722,-25.641944,128
-57.034444,-25.641944,126
-57.034167,-25.641944,127
-57.033889,-25.641944,128
-57.033611,-25.641944,126
-57.033333,-25.641944,125
-57.033056,-25.641944,124
-57.032778,-25.641944,123
-57.032500,-25.641944,123
-57.032222,-25.641944,123
-57.031944,-25.641944,123
-57.031667,-25.641944,124
-57.031389,-25.641944,124
-57.031111,-25.641944,123
-57.030833,-25.641944,124
-57.030556,-25.641944,125
-57.030278,-25.641944,126
-57.030000,-25.641944,126
-57.029722,-25.641944,126
-57.029444,-25.641944,126
-57.029167,-25.641944,126
-57.028889,-25.641944,126
-57.028611,-25.641944,126
-57.028333,-25.641944,127
-57.028056,-25.641944,127
-57.027778,-25.641944,126
-57.027500,-25.641944,127
-57.027222,-25.641944,127
-57.026944,-25.641944,127
-57.026667,-25.641944,130
-57.026389,-25.641944,130
-57.026111,-25.641944,131
-57.025833,-25.641944,133
-57.025556,-25.641944,133
-57.025278,-25.641944,134
-57.025000,-25.641944,136
-57.024722,-25.641944,138
-57.024444,-25.641944,138
-57.024167,-25.641944,138
-57.023889,-25.641944,138
-57.023611,-25.641944,138
-57.023333,-25.641944,138
-57.023056,-25.641944,138
-57.022778,-25.641944,138
-57.022500,-25.641944,138
-57.022222,-25.641944,140
-57.021944,-25.641944,143
-57.021667,-25.641944,142
-57.021389,-25.641944,145
-57.021111,-25.641944,149
-57.020833,-25.641944,144
-57.020556,-25.641944,137
-57.020278,-25.641944,135
-57.020000,-25.641944,138
-57.019722,-25.641944,142
-57.019444,-25.641944,142
-57.019167,-25.641944,140
-57.018889,-25.641944,143
-57.018611,-25.641944,142
-57.018333,-25.641944,141
-57.018056,-25.641944,139
-57.017778,-25.641944,138
-57.017500,-25.641944,137
-57.017222,-25.641944,134
-57.016944,-25.641944,135
-57.016667,-25.641944,135
-57.016389,-25.641944,134
-57.016111,-25.641944,134
-57.015833,-25.641944,133
-57.015556,-25.641944,133
-57.015278,-25.641944,133
-57.045000,-25.642222,124
-57.044722,-25.642222,123
-57.044444,-25.642222,124
-57.044167,-25.642222,124
-57.043889,-25.642222,125
-57.043611,-25.642222,127
-57.043333,-25.642222,129
-57.043056,-25.642222,130
-57.042778,-25.642222,130
-57.042500,-25.642222,131
-57.042222,-25.642222,126
-57.041944,-25.642222,127
-57.041667,-25.642222,126
-57.041389,-25.642222,127
-57.041111,-25.642222,126
-57.040833,-25.642222,126
-57.040556,-25.642222,125
-57.040278,-25.642222,124
-57.040000,-25.642222,124
-57.039722,-25.642222,126
-57.039444,-25.642222,130
-57.039167,-25.642222,133
-57.038889,-25.642222,133
-57.038611,-25.642222,134
-57.038333,-25.642222,130
-57.038056,-25.642222,130
-57.037778,-25.642222,129
-57.037500,-25.642222,130
-57.037222,-25.642222,131
-57.036944,-25.642222,132
-57.036667,-25.642222,130
-57.036389,-25.642222,131
-57.036111,-25.642222,130
-57.035833,-25.642222,131
-57.035556,-25.642222,138
-57.035278,-25.642222,130
-57.035000,-25.642222,128
-57.034722,-25.642222,127
-57.034444,-25.642222,128
-57.034167,-25.642222,131
-57.033889,-25.642222,131
-57.033611,-25.642222,128
-57.033333,-25.642222,126
-57.033056,-25.642222,125
-57.032778,-25.642222,124
-57.032500,-25.642222,123
-57.032222,-25.642222,123
-57.031944,-25.642222,123
-57.031667,-25.642222,124
-57.031389,-25.642222,125
-57.031111,-25.642222,125
-57.030833,-25.642222,124
-57.030556,-25.642222,125
-57.030278,-25.642222,126
-57.030000,-25.642222,127
-57.029722,-25.642222,126
-57.029444,-25.642222,126
-57.029167,-25.642222,125
-57.028889,-25.642222,126
-57.028611,-25.642222,126
-57.028333,-25.642222,126
-57.028056,-25.642222,126
-57.027778,-25.642222,127
-57.027500,-25.642222,127
-57.027222,-25.642222,127
-57.026944,-25.642222,128
-57.026667,-25.642222,129
-57.026389,-25.642222,130
-57.026111,-25.642222,131
-57.025833,-25.642222,132
-57.025556,-25.642222,132
-57.025278,-25.642222,133
-57.025000,-25.642222,135
-57.024722,-25.642222,137
-57.024444,-25.642222,137
-57.024167,-25.642222,138
-57.023889,-25.642222,137
-57.023611,-25.642222,138
-57.023333,-25.642222,139
-57.023056,-25.642222,138
-57.022778,-25.642222,138
-57.022500,-25.642222,136
-57.022222,-25.642222,142
-57.021944,-25.642222,141
-57.021667,-25.642222,138
-57.021389,-25.642222,139
-57.021111,-25.642222,142
-57.020833,-25.642222,139
-57.020556,-25.642222,135
-57.020278,-25.642222,133
-57.020000,-25.642222,136
-57.019722,-25.642222,138
-57.019444,-25.642222,139
-57.019167,-25.642222,142
-57.018889,-25.642222,142
-57.018611,-25.642222,141
-57.018333,-25.642222,140
-57.018056,-25.642222,139
-57.017778,-25.642222,138
-57.017500,-25.642222,136
-57.017222,-25.642222,135
-57.016944,-25.642222,134
-57.016667,-25.642222,135
-57.016389,-25.642222,134
-57.016111,-25.642222,133
-57.015833,-25.642222,133
-57.015556,-25.642222,134
-57.015278,-25.642222,134
-57.045000,-25.642500,122
-57.044722,-25.642500,123
-57.044444,-25.642500,125
-57.044167,-25.642500,125
-57.043889,-25.642500,124
-57.043611,-25.642500,124
-57.043333,-25.642500,125
-57.043056,-25.642500,126
-57.042778,-25.642500,127
-57.042500,-25.642500,127
-57.042222,-25.642500,126
-57.041944,-25.642500,125
-57.041667,-25.642500,125
-57.041389,-25.642500,125
-57.041111,-25.642500,124
-57.040833,-25.642500,126
-57.040556,-25.642500,127
-57.040278,-25.642500,124
-57.040000,-25.642500,125
-57.039722,-25.642500,128
-57.039444,-25.642500,130
-57.039167,-25.642500,129
-57.038889,-25.642500,128
-57.038611,-25.642500,129
-57.038333,-25.642500,129
-57.038056,-25.642500,130
-57.037778,-25.642500,130
-57.037500,-25.642500,130
-57.037222,-25.642500,130
-57.036944,-25.642500,130
-57.036667,-25.642500,130
-57.036389,-25.642500,130
-57.036111,-25.642500,130
-57.035833,-25.642500,130
-57.035556,-25.642500,133
-57.035278,-25.642500,130
-57.035000,-25.642500,127
-57.034722,-25.642500,127
-57.034444,-25.642500,131
-57.034167,-25.642500,132
-57.033889,-25.642500,130
-57.033611,-25.642500,129
-57.033333,-25.642500,128
-57.033056,-25.642500,126
-57.032778,-25.642500,125
-57.032500,-25.642500,125
-57.032222,-25.642500,125
-57.031944,-25.642500,123
-57.031667,-25.642500,123
-57.031389,-25.642500,124
-57.031111,-25.642500,127
-57.030833,-25.642500,124
-57.030556,-25.642500,123
-57.030278,-25.642500,126
-57.030000,-25.642500,130
-57.029722,-25.642500,128
-57.029444,-25.642500,129
-57.029167,-25.642500,127
-57.028889,-25.642500,126
-57.028611,-25.642500,125
-57.028333,-25.642500,124
-57.028056,-25.642500,125
-57.027778,-25.642500,127
-57.027500,-25.642500,127
-57.027222,-25.642500,126
-57.026944,-25.642500,128
-57.026667,-25.642500,129
-57.026389,-25.642500,130
-57.026111,-25.642500,130
-57.025833,-25.642500,131
-57.025556,-25.642500,131
-57.025278,-25.642500,132
-57.025000,-25.642500,134
-57.024722,-25.642500,135
-57.024444,-25.642500,135
-57.024167,-25.642500,137
-57.023889,-25.642500,138
-57.023611,-25.642500,138
-57.023333,-25.642500,137
-57.023056,-25.642500,137
-57.022778,-25.642500,137
-57.022500,-25.642500,137
-57.022222,-25.642500,137
-57.021944,-25.642500,136
-57.021667,-25.642500,135
-57.021389,-25.642500,136
-57.021111,-25.642500,136
-57.020833,-25.642500,135
-57.020556,-25.642500,134
-57.020278,-25.642500,134
-57.020000,-25.642500,135
-57.019722,-25.642500,135
-57.019444,-25.642500,137
-57.019167,-25.642500,140
-57.018889,-25.642500,140
-57.018611,-25.642500,140
-57.018333,-25.642500,139
-57.018056,-25.642500,139
-57.017778,-25.642500,138
-57.017500,-25.642500,137
-57.017222,-25.642500,135
-57.016944,-25.642500,134
-57.016667,-25.642500,134
-57.016389,-25.642500,133
-57.016111,-25.642500,133
-57.015833,-25.642500,134
-57.015556,-25.642500,134
-57.015278,-25.642500,133
-57.045000,-25.642778,122
-57.044722,-25.642778,123
-57.044444,-25.642778,123
-57.044167,-25.642778,123
-57.043889,-25.642778,123
-57.043611,-25.642778,124
-57.043333,-25.642778,124
-57.043056,-25.642778,124
-57.042778,-25.642778,123
-57.042500,-25.642778,124
-57.042222,-25.642778,124
-57.041944,-25.642778,124
-57.041667,-25.642778,125
-57.041389,-25.642778,124
-57.041111,-25.642778,123
-57.040833,-25.642778,125
-57.040556,-25.642778,125
-57.040278,-25.642778,123
-57.040000,-25.642778,124
-57.039722,-25.642778,124
-57.039444,-25.642778,125
-57.039167,-25.642778,127
-57.038889,-25.642778,127
-57.038611,-25.642778,128
-57.038333,-25.642778,129
-57.038056,-25.642778,130
-57.037778,-25.642778,131
-57.037500,-25.642778,130
-57.037222,-25.642778,131
-57.036944,-25.642778,131
-57.036667,-25.642778,131
-57.036389,-25.642778,130
-57.036111,-25.642778,129
-57.035833,-25.642778,129
-57.035556,-25.642778,129
-57.035278,-25.642778,128
-57.035000,-25.642778,128
-57.034722,-25.642778,128
-57.034444,-25.642778,131
-57.034167,-25.642778,132
-57.033889,-25.642778,132
-57.033611,-25.642778,131
-57.033333,-25.642778,131
-57.033056,-25.642778,130
-57.032778,-25.642778,128
-57.032500,-25.642778,126
-57.032222,-25.642778,126
-57.031944,-25.642778,124
-57.031667,-25.642778,124
-57.031389,-25.642778,125
-57.031111,-25.642778,126
-57.030833,-25.642778,126
-57.030556,-25.642778,122
-57.030278,-25.642778,125
-57.030000,-25.642778,129
-57.029722,-25.642778,130
-57.029444,-25.642778,129
-57.029167,-25.642778,125
-57.028889,-25.642778,125
-57.028611,-25.642778,125
-57.028333,-25.642778,125
-57.028056,-25.642778,126
-57.027778,-25.642778,125
-57.027500,-25.642778,125
-57.027222,-25.642778,126
-57.026944,-25.642778,128
-57.026667,-25.642778,129
-57.026389,-25.642778,130
-57.026111,-25.642778,130
-57.025833,-25.642778,131
-57.025556,-25.642778,133
-57.025278,-25.642778,133
-57.025000,-25.642778,134
-57.024722,-25.642778,135
-57.024444,-25.642778,136
-57.024167,-25.642778,137
-57.023889,-25.642778,137
-57.023611,-25.642778,136
-57.023333,-25.642778,136
-57.023056,-25.642778,136
-57.022778,-25.642778,136
-57.022500,-25.642778,135
-57.022222,-25.642778,135
-57.021944,-25.642778,134
-57.021667,-25.642778,134
-57.021389,-25.642778,134
-57.021111,-25.642778,134
-57.020833,-25.642778,134
-57.020556,-25.642778,134
-57.020278,-25.642778,134
-57.020000,-25.642778,132
-57.019722,-25.642778,134
-57.019444,-25.642778,135
-57.019167,-25.642778,137
-57.018889,-25.642778,139
-57.018611,-25.642778,138
-57.018333,-25.642778,138
-57.018056,-25.642778,138
-57.017778,-25.642778,136
-57.017500,-25.642778,135
-57.017222,-25.642778,135
-57.016944,-25.642778,135
-57.016667,-25.642778,133
-57.016389,-25.642778,133
-57.016111,-25.642778,134
-57.015833,-25.642778,135
-57.015556,-25.642778,133
-57.015278,-25.642778,132
-57.045000,-25.643056,121
-57.044722,-25.643056,121
-57.044444,-25.643056,121
-57.044167,-25.643056,122
-57.043889,-25.643056,123
-57.043611,-25.643056,124
-57.043333,-25.643056,122
-57.043056,-25.643056,124
-57.042778,-25.643056,123
-57.042500,-25.643056,124
-57.042222,-25.643056,123
-57.041944,-25.643056,123
-57.041667,-25.643056,125
-57.041389,-25.643056,124
-57.041111,-25.643056,124
-57.040833,-25.643056,124
-57.040556,-25.643056,124
-57.040278,-25.643056,124
-57.040000,-25.643056,124
-57.039722,-25.643056,124
-57.039444,-25.643056,125
-57.039167,-25.643056,126
-57.038889,-25.643056,126
-57.038611,-25.643056,127
-57.038333,-25.643056,128
-57.038056,-25.643056,129
-57.037778,-25.643056,130
-57.037500,-25.643056,132
-57.037222,-25.643056,130
-57.036944,-25.643056,129
-57.036667,-25.643056,129
-57.036389,-25.643056,128
-57.036111,-25.643056,128
-57.035833,-25.643056,130
-57.035556,-25.643056,128
-57.035278,-25.643056,130
-57.035000,-25.643056,128
-57.034722,-25.643056,128
-57.034444,-25.643056,132
-57.034167,-25.643056,132
-57.033889,-25.643056,131
-57.033611,-25.643056,131
-57.033333,-25.643056,132
-57.033056,-25.643056,132
-57.032778,-25.643056,130
-57.032500,-25.643056,128
-57.032222,-25.643056,126
-57.031944,-25.643056,125
-57.031667,-25.643056,124
-57.031389,-25.643056,125
-57.031111,-25.643056,126
-57.030833,-25.643056,124
-57.030556,-25.643056,122
-57.030278,-25.643056,122
-57.030000,-25.643056,129
-57.029722,-25.643056,127
-57.029444,-25.643056,125
-57.029167,-25.643056,124
-57.028889,-25.643056,124
-57.028611,-25.643056,124
-57.028333,-25.643056,124
-57.028056,-25.643056,126
-57.027778,-25.643056,126
-57.027500,-25.643056,126
-57.027222,-25.643056,127
-57.026944,-25.643056,129
-57.026667,-25.643056,130
-57.026389,-25.643056,129
-57.026111,-25.643056,130
-57.025833,-25.643056,133
-57.025556,-25.643056,134
-57.025278,-25.643056,133
-57.025000,-25.643056,135
-57.024722,-25.643056,135
-57.024444,-25.643056,136
-57.024167,-25.643056,136
-57.023889,-25.643056,136
-57.023611,-25.643056,136
-57.023333,-25.643056,136
-57.023056,-25.643056,135
-57.022778,-25.643056,135
-57.022500,-25.643056,135
-57.022222,-25.643056,135
-57.021944,-25.643056,134
-57.021667,-25.643056,133
-57.021389,-25.643056,133
-57.021111,-25.643056,134
-57.020833,-25.643056,134
-57.020556,-25.643056,133
-57.020278,-25.643056,132
-57.020000,-25.643056,132
-57.019722,-25.643056,133
-57.019444,-25.643056,133
-57.019167,-25.643056,135
-57.018889,-25.643056,137
-57.018611,-25.643056,136
-57.018333,-25.643056,137
-57.018056,-25.643056,136
-57.017778,-25.643056,134
-57.017500,-25.643056,139
-57.017222,-25.643056,135
-57.016944,-25.643056,134
-57.016667,-25.643056,133
-57.016389,-25.643056,133
-57.016111,-25.643056,134
-57.015833,-25.643056,133
-57.015556,-25.643056,133
-57.015278,-25.643056,132
-57.045000,-25.643333,121
-57.044722,-25.643333,120
-57.044444,-25.643333,120
-57.044167,-25.643333,122
-57.043889,-25.643333,124
-57.043611,-25.643333,122
-57.043333,-25.643333,121
-57.043056,-25.643333,122
-57.042778,-25.643333,124
-57.042500,-25.643333,122
-57.042222,-25.643333,123
-57.041944,-25.643333,124
-57.041667,-25.643333,124
-57.041389,-25.643333,126
-57.041111,-25.643333,126
-57.040833,-25.643333,123
-57.040556,-25.643333,124
-57.040278,-25.643333,125
-57.040000,-25.643333,125
-57.039722,-25.643333,124
-57.039444,-25.643333,125
-57.039167,-25.643333,125
-57.038889,-25.643333,125
-57.038611,-25.643333,126
-57.038333,-25.643333,128
-57.038056,-25.643333,130
-57.037778,-25.643333,131
-57.037500,-25.643333,131
-57.037222,-25.643333,130
-57.036944,-25.643333,130
-57.036667,-25.643333,128
-57.036389,-25.643333,127
-57.036111,-25.643333,127
-57.035833,-25.643333,127
-57.035556,-25.643333,128
-57.035278,-25.643333,128
-57.035000,-25.643333,127
-57.034722,-25.643333,128
-57.034444,-25.643333,131
-57.034167,-25.643333,132
-57.033889,-25.643333,132
-57.033611,-25.643333,130
-57.033333,-25.643333,131
-57.033056,-25.643333,131
-57.032778,-25.643333,131
-57.032500,-25.643333,131
-57.032222,-25.643333,127
-57.031944,-25.643333,125
-57.031667,-25.643333,124
-57.031389,-25.643333,125
-57.031111,-25.643333,128
-57.030833,-25.643333,124
-57.030556,-25.643333,123
-57.030278,-25.643333,124
-57.030000,-25.643333,128
-57.029722,-25.643333,124
-57.029444,-25.643333,124
-57.029167,-25.643333,124
-57.028889,-25.643333,124
-57.028611,-25.643333,126
-57.028333,-25.643333,124
-57.028056,-25.643333,126
-57.027778,-25.643333,126
-57.027500,-25.643333,127
-57.027222,-25.643333,129
-57.026944,-25.643333,129
-57.026667,-25.643333,128
-57.026389,-25.643333,129
-57.026111,-25.643333,132
-57.025833,-25.643333,136
-57.025556,-25.643333,135
-57.025278,-25.643333,134
-57.025000,-25.643333,135
-57.024722,-25.643333,136
-57.024444,-25.643333,135
-57.024167,-25.643333,135
-57.023889,-25.643333,135
-57.023611,-25.643333,135
-57.023333,-25.643333,135
-57.023056,-25.643333,135
-57.022778,-25.643333,135
-57.022500,-25.643333,133
-57.022222,-25.643333,134
-57.021944,-25.643333,134
-57.021667,-25.643333,134
-57.021389,-25.643333,133
-57.021111,-25.643333,133
-57.020833,-25.643333,133
-57.020556,-25.643333,132
-57.020278,-25.643333,133
-57.020000,-25.643333,132
-57.019722,-25.643333,132
-57.019444,-25.643333,133
-57.019167,-25.643333,135
-57.018889,-25.643333,135
-57.018611,-25.643333,135
-57.018333,-25.643333,135
-57.018056,-25.643333,135
-57.017778,-25.643333,135
-57.017500,-25.643333,137
-57.017222,-25.643333,135
-57.016944,-25.643333,135
-57.016667,-25.643333,134
-57.016389,-25.643333,133
-57.016111,-25.643333,133
-57.015833,-25.643333,132
-57.015556,-25.643333,132
-57.015278,-25.643333,132
-57.045000,-25.643611,120
-57.044722,-25.643611,121
-57.044444,-25.643611,120
-57.044167,-25.643611,121
-57.043889,-25.643611,124
-57.043611,-25.643611,122
-57.043333,-25.643611,122
-57.043056,-25.643611,123
-57.042778,-25.643611,122
-57.042500,-25.643611,123
-57.042222,-25.643611,122
-57.041944,-25.643611,123
-57.041667,-25.643611,123
-57.041389,-25.643611,123
-57.041111,-25.643611,123
-57.040833,-25.643611,122
-57.040556,-25.643611,123
-57.040278,-25.643611,123
-57.040000,-25.643611,123
-57.039722,-25.643611,123
-57.039444,-25.643611,124
-57.039167,-25.643611,125
-57.038889,-25.643611,126
-57.038611,-25.643611,126
-57.038333,-25.643611,128
-57.038056,-25.643611,128
-57.037778,-25.643611,128
-57.037500,-25.643611,128
-57.037222,-25.643611,128
-57.036944,-25.643611,129
-57.036667,-25.643611,128
-57.036389,-25.643611,126
-57.036111,-25.643611,126
-57.035833,-25.643611,126
-57.035556,-25.643611,126
-57.035278,-25.643611,127
-57.035000,-25.643611,127
-57.034722,-25.643611,127
-57.034444,-25.643611,131
-57.034167,-25.643611,130
-57.033889,-25.643611,129
-57.033611,-25.643611,126
-57.033333,-25.643611,129
-57.033056,-25.643611,129
-57.032778,-25.643611,130
-57.032500,-25.643611,128
-57.032222,-25.643611,128
-57.031944,-25.643611,124
-57.031667,-25.643611,123
-57.031389,-25.643611,127
-57.031111,-25.643611,129
-57.030833,-25.643611,127
-57.030556,-25.643611,122
-57.030278,-25.643611,123
-57.030000,-25.643611,128
-57.029722,-25.643611,123
-57.029444,-25.643611,124
-57.029167,-25.643611,124
-57.028889,-25.643611,124
-57.028611,-25.643611,126
-57.028333,-25.643611,126
-57.028056,-25.643611,126
-57.027778,-25.643611,128
-57.027500,-25.643611,128
-57.027222,-25.643611,131
-57.026944,-25.643611,130
-57.026667,-25.643611,129
-57.026389,-25.643611,131
-57.026111,-25.643611,135
-57.025833,-25.643611,136
-57.025556,-25.643611,134
-57.025278,-25.643611,134
-57.025000,-25.643611,136
-57.024722,-25.643611,136
-57.024444,-25.643611,135
-57.024167,-25.643611,134
-57.023889,-25.643611,134
-57.023611,-25.643611,134
-57.023333,-25.643611,135
-57.023056,-25.643611,134
-57.022778,-25.643611,134
-57.022500,-25.643611,132
-57.022222,-25.643611,131
-57.021944,-25.643611,132
-57.021667,-25.643611,132
-57.021389,-25.643611,132
-57.021111,-25.643611,133
-57.020833,-25.643611,133
-57.020556,-25.643611,133
-57.020278,-25.643611,133
-57.020000,-25.643611,133
-57.019722,-25.643611,134
-57.019444,-25.643611,135
-57.019167,-25.643611,134
-57.018889,-25.643611,135
-57.018611,-25.643611,135
-57.018333,-25.643611,134
-57.018056,-25.643611,134
-57.017778,-25.643611,135
-57.017500,-25.643611,135
-57.017222,-25.643611,135
-57.016944,-25.643611,135
-57.016667,-25.643611,134
-57.016389,-25.643611,133
-57.016111,-25.643611,133
-57.015833,-25.643611,132
-57.015556,-25.643611,132
-57.015278,-25.643611,134
-57.045000,-25.643889,120
-57.044722,-25.643889,122
-57.044444,-25.643889,119
-57.044167,-25.643889,119
-57.043889,-25.643889,120
-57.043611,-25.643889,120
-57.043333,-25.643889,119
-57.043056,-25.643889,120
-57.042778,-25.643889,120
-57.042500,-25.643889,120
-57.042222,-25.643889,121
-57.041944,-25.643889,123
-57.041667,-25.643889,123
-57.041389,-25.643889,123
-57.041111,-25.643889,121
-57.040833,-25.643889,121
-57.040556,-25.643889,121
-57.040278,-25.643889,121
-57.040000,-25.643889,122
-57.039722,-25.643889,123
-57.039444,-25.643889,123
-57.039167,-25.643889,124
-57.038889,-25.643889,125
-57.038611,-25.643889,126
-57.038333,-25.643889,127
-57.038056,-25.643889,126
-57.037778,-25.643889,126
-57.037500,-25.643889,128
-57.037222,-25.643889,127
-57.036944,-25.643889,128
-57.036667,-25.643889,127
-57.036389,-25.643889,127
-57.036111,-25.643889,126
-57.035833,-25.643889,126
-57.035556,-25.643889,126
-57.035278,-25.643889,126
-57.035000,-25.643889,126
-57.034722,-25.643889,126
-57.034444,-25.643889,127
-57.034167,-25.643889,127
-57.033889,-25.643889,125
-57.033611,-25.643889,125
-57.033333,-25.643889,127
-57.033056,-25.643889,126
-57.032778,-25.643889,127
-57.032500,-25.643889,128
-57.032222,-25.643889,126
-57.031944,-25.643889,123
-57.031667,-25.643889,125
-57.031389,-25.643889,132
-57.031111,-25.643889,128
-57.030833,-25.643889,123
-57.030556,-25.643889,121
-57.030278,-25.643889,124
-57.030000,-25.643889,127
-57.029722,-25.643889,122
-57.029444,-25.643889,122
-57.029167,-25.643889,123
-57.028889,-25.643889,125
-57.028611,-25.643889,128
-57.028333,-25.643889,128
-57.028056,-25.643889,128
-57.027778,-25.643889,129
-57.027500,-25.643889,130
-57.027222,-25.643889,131
-57.026944,-25.643889,132
-57.026667,-25.643889,130
-57.026389,-25.643889,131
-57.026111,-25.643889,133
-57.025833,-25.643889,134
-57.025556,-25.643889,134
-57.025278,-25.643889,135
-57.025000,-25.643889,137
-57.024722,-25.643889,136
-57.024444,-25.643889,134
-57.024167,-25.643889,135
-57.023889,-25.643889,134
-57.023611,-25.643889,134
-57.023333,-25.643889,135
-57.023056,-25.643889,134
-57.022778,-25.643889,131
-57.022500,-25.643889,130
-57.022222,-25.643889,131
-57.021944,-25.643889,131
-57.021667,-25.643889,131
-57.021389,-25.643889,131
-57.021111,-25.643889,132
-57.020833,-25.643889,131
-57.020556,-25.643889,132
-57.020278,-25.643889,132
-57.020000,-25.643889,133
-57.019722,-25.643889,133
-57.019444,-25.643889,134
-57.019167,-25.643889,134
-57.018889,-25.643889,133
-57.018611,-25.643889,134
-57.018333,-25.643889,134
-57.018056,-25.643889,133
-57.017778,-25.643889,135
-57.017500,-25.643889,134
-57.017222,-25.643889,133
-57.016944,-25.643889,133
-57.016667,-25.643889,134
-57.016389,-25.643889,133
-57.016111,-25.643889,133
-57.015833,-25.643889,132
-57.015556,-25.643889,132
-57.015278,-25.643889,133
-57.045000,-25.644167,119
-57.044722,-25.644167,119
-57.044444,-25.644167,121
-57.044167,-25.644167,120
-57.043889,-25.644167,121
-57.043611,-25.644167,122
-57.043333,-25.644167,120
-57.043056,-25.644167,119
-57.042778,-25.644167,119
-57.042500,-25.644167,120
-57.042222,-25.644167,120
-57.041944,-25.644167,122
-57.041667,-25.644167,122
-57.041389,-25.644167,120
-57.041111,-25.644167,122
-57.040833,-25.644167,121
-57.040556,-25.644167,121
-57.040278,-25.644167,121
-57.040000,-25.644167,122
-57.039722,-25.644167,122
-57.039444,-25.644167,122
-57.039167,-25.644167,124
-57.038889,-25.644167,123
-57.038611,-25.644167,124
-57.038333,-25.644167,125
-57.038056,-25.644167,125
-57.037778,-25.644167,124
-57.037500,-25.644167,125
-57.037222,-25.644167,125
-57.036944,-25.644167,126
-57.036667,-25.644167,126
-57.036389,-25.644167,125
-57.036111,-25.644167,125
-57.035833,-25.644167,125
-57.035556,-25.644167,125
-57.035278,-25.644167,125
-57.035000,-25.644167,126
-57.034722,-25.644167,125
-57.034444,-25.644167,124
-57.034167,-25.644167,123
-57.033889,-25.644167,124
-57.033611,-25.644167,124
-57.033333,-25.644167,125
-57.033056,-25.644167,125
-57.032778,-25.644167,126
-57.032500,-25.644167,126
-57.032222,-25.644167,123
-57.031944,-25.644167,125
-57.031667,-25.644167,130
-57.031389,-25.644167,133
-57.031111,-25.644167,127
-57.030833,-25.644167,122
-57.030556,-25.644167,123
-57.030278,-25.644167,122
-57.030000,-25.644167,122
-57.029722,-25.644167,122
-57.029444,-25.644167,123
-57.029167,-25.644167,124
-57.028889,-25.644167,127
-57.028611,-25.644167,133
-57.028333,-25.644167,132
-57.028056,-25.644167,132
-57.027778,-25.644167,135
-57.027500,-25.644167,132
-57.027222,-25.644167,130
-57.026944,-25.644167,131
-57.026667,-25.644167,131
-57.026389,-25.644167,131
-57.026111,-25.644167,133
-57.025833,-25.644167,132
-57.025556,-25.644167,133
-57.025278,-25.644167,135
-57.025000,-25.644167,136
-57.024722,-25.644167,137
-57.024444,-25.644167,135
-57.024167,-25.644167,135
-57.023889,-25.644167,135
-57.023611,-25.644167,135
-57.023333,-25.644167,135
-57.023056,-25.644167,134
-57.022778,-25.644167,132
-57.022500,-25.644167,131
-57.022222,-25.644167,131
-57.021944,-25.644167,131
-57.021667,-25.644167,130
-57.021389,-25.644167,130
-57.021111,-25.644167,131
-57.020833,-25.644167,131
-57.020556,-25.644167,130
-57.020278,-25.644167,131
-57.020000,-25.644167,129
-57.019722,-25.644167,131
-57.019444,-25.644167,132
-57.019167,-25.644167,133
-57.018889,-25.644167,133
-57.018611,-25.644167,133
-57.018333,-25.644167,134
-57.018056,-25.644167,133
-57.017778,-25.644167,134
-57.017500,-25.644167,133
-57.017222,-25.644167,132
-57.016944,-25.644167,133
-57.016667,-25.644167,133
-57.016389,-25.644167,133
-57.016111,-25.644167,134
-57.015833,-25.644167,132
-57.015556,-25.644167,131
-57.015278,-25.644167,131
-57.045000,-25.644444,118
-57.044722,-25.644444,119
-57.044444,-25.644444,120
-57.044167,-25.644444,120
-57.043889,-25.644444,119
-57.043611,-25.644444,117
-57.043333,-25.644444,117
-57.043056,-25.644444,117
-57.042778,-25.644444,118
-57.042500,-25.644444,120
-57.042222,-25.644444,120
-57.041944,-25.644444,120
-57.041667,-25.644444,120
-57.041389,-25.644444,121
-57.041111,-25.644444,121
-57.040833,-25.644444,121
-57.040556,-25.644444,121
-57.040278,-25.644444,121
-57.040000,-25.644444,123
-57.039722,-25.644444,123
-57.039444,-25.644444,123
-57.039167,-25.644444,123
-57.038889,-25.644444,123
-57.038611,-25.644444,124
-57.038333,-25.644444,124
-57.038056,-25.644444,124
-57.037778,-25.644444,124
-57.037500,-25.644444,124
-57.037222,-25.644444,124
-57.036944,-25.644444,124
-57.036667,-25.644444,124
-57.036389,-25.644444,124
-57.036111,-25.644444,125
-57.035833,-25.644444,125
-57.035556,-25.644444,125
-57.035278,-25.644444,125
-57.035000,-25.644444,123
-57.034722,-25.644444,124
-57.034444,-25.644444,124
-57.034167,-25.644444,123
-57.033889,-25.644444,124
-57.033611,-25.644444,124
-57.033333,-25.644444,124
-57.033056,-25.644444,124
-57.032778,-25.644444,125
-57.032500,-25.644444,124
-57.032222,-25.644444,123
-57.031944,-25.644444,128
-57.031667,-25.644444,132
-57.031389,-25.644444,129
-57.031111,-25.644444,123
-57.030833,-25.644444,122
-57.030556,-25.644444,122
-57.030278,-25.644444,121
-57.030000,-25.644444,121
-57.029722,-25.644444,125
-57.029444,-25.644444,128
-57.029167,-25.644444,126
-57.028889,-25.644444,127
-57.028611,-25.644444,128
-57.028333,-25.644444,129
-57.028056,-25.644444,128
-57.027778,-25.644444,132
-57.027500,-25.644444,132
-57.027222,-25.644444,129
-57.026944,-25.644444,129
-57.026667,-25.644444,130
-57.026389,-25.644444,129
-57.026111,-25.644444,130
-57.025833,-25.644444,131
-57.025556,-25.644444,131
-57.025278,-25.644444,132
-57.025000,-25.644444,132
-57.024722,-25.644444,137
-57.024444,-25.644444,135
-57.024167,-25.644444,134
-57.023889,-25.644444,135
-57.023611,-25.644444,135
-57.023333,-25.644444,134
-57.023056,-25.644444,134
-57.022778,-25.644444,135
-57.022500,-25.644444,134
-57.022222,-25.644444,130
-57.021944,-25.644444,129
-57.021667,-25.644444,129
-57.021389,-25.644444,130
-57.021111,-25.644444,131
-57.020833,-25.644444,129
-57.020556,-25.644444,129
-57.020278,-25.644444,129
-57.020000,-25.644444,130
-57.019722,-25.644444,131
-57.019444,-25.644444,132
-57.019167,-25.644444,132
-57.018889,-25.644444,132
-57.018611,-25.644444,133
-57.018333,-25.644444,133
-57.018056,-25.644444,134
-57.017778,-25.644444,134
-57.017500,-25.644444,134
-57.017222,-25.644444,133
-57.016944,-25.644444,132
-57.016667,-25.644444,133
-57.016389,-25.644444,132
-57.016111,-25.644444,132
-57.015833,-25.644444,132
-57.015556,-25.644444,131
-57.015278,-25.644444,131
-57.045000,-25.644722,119
-57.044722,-25.644722,118
-57.044444,-25.644722,120
-57.044167,-25.644722,120
-57.043889,-25.644722,118
-57.043611,-25.644722,116
-57.043333,-25.644722,116
-57.043056,-25.644722,117
-57.042778,-25.644722,119
-57.042500,-25.644722,118
-57.042222,-25.644722,120
-57.041944,-25.644722,119
-57.041667,-25.644722,119
-57.041389,-25.644722,121
-57.041111,-25.644722,121
-57.040833,-25.644722,121
-57.040556,-25.644722,122
-57.040278,-25.644722,122
-57.040000,-25.644722,124
-57.039722,-25.644722,123
-57.039444,-25.644722,121
-57.039167,-25.644722,123
-57.038889,-25.644722,124
-57.038611,-25.644722,123
-57.038333,-25.644722,122
-57.038056,-25.644722,125
-57.037778,-25.644722,124
-57.037500,-25.644722,123
-57.037222,-25.644722,124
-57.036944,-25.644722,124
-57.036667,-25.644722,124
-57.036389,-25.644722,124
-57.036111,-25.644722,125
-57.035833,-25.644722,124
-57.035556,-25.644722,125
-57.035278,-25.644722,124
-57.035000,-25.644722,124
-57.034722,-25.644722,123
-57.034444,-25.644722,124
-57.034167,-25.644722,123
-57.033889,-25.644722,123
-57.033611,-25.644722,124
-57.033333,-25.644722,124
-57.033056,-25.644722,124
-57.032778,-25.644722,125
-57.032500,-25.644722,123
-57.032222,-25.644722,124
-57.031944,-25.644722,125
-57.031667,-25.644722,127
-57.031389,-25.644722,125
-57.031111,-25.644722,122
-57.030833,-25.644722,124
-57.030556,-25.644722,122
-57.030278,-25.644722,121
-57.030000,-25.644722,123
-57.029722,-25.644722,128
-57.029444,-25.644722,132
-57.029167,-25.644722,130
-57.028889,-25.644722,129
-57.028611,-25.644722,129
-57.028333,-25.644722,130
-57.028056,-25.644722,129
-57.027778,-25.644722,128
-57.027500,-25.644722,129
-57.027222,-25.644722,129
-57.026944,-25.644722,128
-57.026667,-25.644722,128
-57.026389,-25.644722,127
-57.026111,-25.644722,128
-57.025833,-25.644722,128
-57.025556,-25.644722,130
-57.025278,-25.644722,130
-57.025000,-25.644722,130
-57.024722,-25.644722,132
-57.024444,-25.644722,132
-57.024167,-25.644722,134
-57.023889,-25.644722,135
-57.023611,-25.644722,136
-57.023333,-25.644722,134
-57.023056,-25.644722,135
-57.022778,-25.644722,137
-57.022500,-25.644722,135
-57.022222,-25.644722,131
-57.021944,-25.644722,130
-57.021667,-25.644722,129
-57.021389,-25.644722,130
-57.021111,-25.644722,130
-57.020833,-25.644722,131
-57.020556,-25.644722,130
-57.020278,-25.644722,130
-57.020000,-25.644722,130
-57.019722,-25.644722,131
-57.019444,-25.644722,132
-57.019167,-25.644722,133
-57.018889,-25.644722,133
-57.018611,-25.644722,133
-57.018333,-25.644722,134
-57.018056,-25.644722,134
-57.017778,-25.644722,135
-57.017500,-25.644722,135
-57.017222,-25.644722,134
-57.016944,-25.644722,133
-57.016667,-25.644722,133
-57.016389,-25.644722,133
-57.016111,-25.644722,132
-57.015833,-25.644722,131
-57.015556,-25.644722,130
-57.015278,-25.644722,131
