row,col,lon,lat,elevation_m
0,0,-57.045000,-25.595000,323.00
0,1,-57.044722,-25.595000,324.00
0,2,-57.044444,-25.595000,327.00
0,3,-57.044167,-25.595000,324.00
0,4,-57.043889,-25.595000,324.00
0,5,-57.043611,-25.595000,324.00
0,6,-57.043333,-25.595000,323.00
0,7,-57.043056,-25.595000,323.00
0,8,-57.042778,-25.595000,323.00
0,9,-57.042500,-25.595000,321.00
0,10,-57.042222,-25.595000,323.00
0,11,-57.041944,-25.595000,323.00
0,12,-57.041667,-25.595000,322.00
0,13,-57.041389,-25.595000,321.00
0,14,-57.041111,-25.595000,320.00
0,15,-57.040833,-25.595000,320.00
0,16,-57.040556,-25.595000,319.00
0,17,-57.040278,-25.595000,319.00
0,18,-57.040000,-25.595000,318.00
0,19,-57.039722,-25.595000,318.00
0,20,-57.039444,-25.595000,317.00
0,21,-57.039167,-25.595000,317.00
0,22,-57.038889,-25.595000,317.00
0,23,-57.038611,-25.595000,315.00
0,24,-57.038333,-25.595000,315.00
0,25,-57.038056,-25.595000,315.00
0,26,-57.037778,-25.595000,314.00
0,27,-57.037500,-25.595000,314.00
0,28,-57.037222,-25.595000,313.00
0,29,-57.036944,-25.595000,312.00
0,30,-57.036667,-25.595000,311.00
0,31,-57.036389,-25.595000,311.00
0,32,-57.036111,-25.595000,311.00
0,33,-57.035833,-25.595000,311.00
0,34,-57.035556,-25.595000,309.00
0,35,-57.035278,-25.595000,308.00
0,36,-57.035000,-25.595000,308.00
0,37,-57.034722,-25.595000,308.00
0,38,-57.034444,-25.595000,308.00
0,39,-57.034167,-25.595000,307.00
0,40,-57.033889,-25.595000,310.00
0,41,-57.033611,-25.595000,306.00
0,42,-57.033333,-25.595000,303.00
0,43,-57.033056,-25.595000,304.00
0,44,-57.032778,-25.595000,307.00
0,45,-57.032500,-25.595000,308.00
0,46,-57.032222,-25.595000,309.00
0,47,-57.031944,-25.595000,311.00
0,48,-57.031667,-25.595000,310.00
0,49,-57.031389,-25.595000,310.00
0,50,-57.031111,-25.595000,311.00
0,51,-57.030833,-25.595000,312.00
0,52,-57.030556,-25.595000,314.00
0,53,-57.030278,-25.595000,314.00
0,54,-57.030000,-25.595000,314.00
0,55,-57.029722,-25.595000,313.00
0,56,-57.029444,-25.595000,313.00
0,57,-57.029167,-25.595000,314.00
0,58,-57.028889,-25.595000,315.00
0,59,-57.028611,-25.595000,314.00
0,60,-57.028333,-25.595000,313.00
0,61,-57.028056,-25.595000,313.00
0,62,-57.027778,-25.595000,312.00
0,63,-57.027500,-25.595000,310.00
0,64,-57.027222,-25.595000,311.00
0,65,-57.026944,-25.595000,313.00
0,66,-57.026667,-25.595000,310.00
0,67,-57.026389,-25.595000,307.00
0,68,-57.026111,-25.595000,307.00
0,69,-57.025833,-25.595000,306.00
0,70,-57.025556,-25.595000,304.00
0,71,-57.025278,-25.595000,303.00
0,72,-57.025000,-25.595000,303.00
0,73,-57.024722,-25.595000,303.00
0,74,-57.024444,-25.595000,303.00
0,75,-57.024167,-25.595000,301.00
0,76,-57.023889,-25.595000,302.00
0,77,-57.023611,-25.595000,301.00
0,78,-57.023333,-25.595000,301.00
0,79,-57.023056,-25.595000,300.00
0,80,-57.022778,-25.595000,300.00
0,81,-57.022500,-25.595000,300.00
0,82,-57.022222,-25.595000,299.00
0,83,-57.021944,-25.595000,297.00
0,84,-57.021667,-25.595000,297.00
0,85,-57.021389,-25.595000,298.00
0,86,-57.021111,-25.595000,295.00
0,87,-57.020833,-25.595000,293.00
0,88,-57.020556,-25.595000,294.00
0,89,-57.020278,-25.595000,294.00
0,90,-57.020000,-25.595000,295.00
0,91,-57.019722,-25.595000,292.00
0,92,-57.019444,-25.595000,294.00
0,93,-57.019167,-25.595000,293.00
0,94,-57.018889,-25.595000,290.00
0,95,-57.018611,-25.595000,289.00
0,96,-57.018333,-25.595000,287.00
0,97,-57.018056,-25.595000,284.00
0,98,-57.017778,-25.595000,282.00
0,99,-57.017500,-25.595000,284.00
0,100,-57.017222,-25.595000,282.00
0,101,-57.016944,-25.595000,282.00
0,102,-57.016667,-25.595000,283.00
0,103,-57.016389,-25.595000,283.00
0,104,-57.016111,-25.595000,284.00
0,105,-57.015833,-25.595000,285.00
0,106,-57.015556,-25.595000,288.00
0,107,-57.015278,-25.595000,289.00
1,0,-57.045000,-25.595278,326.00
1,1,-57.044722,-25.595278,329.00
1,2,-57.044444,-25.595278,329.00
1,3,-57.044167,-25.595278,326.00
1,4,-57.043889,-25.595278,327.00
1,5,-57.043611,-25.595278,327.00
1,6,-57.043333,-25.595278,326.00
1,7,-57.043056,-25.595278,325.00
1,8,-57.042778,-25.595278,325.00
1,9,-57.042500,-25.595278,325.00
1,10,-57.042222,-25.595278,324.00
1,11,-57.041944,-25.595278,324.00
1,12,-57.041667,-25.595278,324.00
1,13,-57.041389,-25.595278,323.00
1,14,-57.041111,-25.595278,322.00
1,15,-57.040833,-25.595278,323.00
1,16,-57.040556,-25.595278,321.00
1,17,-57.040278,-25.595278,321.00
1,18,-57.040000,-25.595278,320.00
1,19,-57.039722,-25.595278,321.00
1,20,-57.039444,-25.595278,319.00
1,21,-57.039167,-25.595278,319.00
1,22,-57.038889,-25.595278,318.00
1,23,-57.038611,-25.595278,317.00
1,24,-57.038333,-25.595278,317.00
1,25,-57.038056,-25.595278,316.00
1,26,-57.037778,-25.595278,316.00
1,27,-57.037500,-25.595278,315.00
1,28,-57.037222,-25.595278,315.00
1,29,-57.036944,-25.595278,313.00
1,30,-57.036667,-25.595278,313.00
1,31,-57.036389,-25.595278,313.00
1,32,-57.036111,-25.595278,311.00
1,33,-57.035833,-25.595278,311.00
1,34,-57.035556,-25.595278,310.00
1,35,-57.035278,-25.595278,310.00
1,36,-57.035000,-25.595278,310.00
1,37,-57.034722,-25.595278,309.00
1,38,-57.034444,-25.595278,308.00
1,39,-57.034167,-25.595278,308.00
1,40,-57.033889,-25.595278,308.00
1,41,-57.033611,-25.595278,307.00
1,42,-57.033333,-25.595278,305.00
1,43,-57.033056,-25.595278,307.00
1,44,-57.032778,-25.595278,308.00
1,45,-57.032500,-25.595278,310.00
1,46,-57.032222,-25.595278,311.00
1,47,-57.031944,-25.595278,312.00
1,48,-57.031667,-25.595278,312.00
1,49,-57.031389,-25.595278,312.00
1,50,-57.031111,-25.595278,313.00
1,51,-57.030833,-25.595278,315.00
1,52,-57.030556,-25.595278,315.00
1,53,-57.030278,-25.595278,317.00
1,54,-57.030000,-25.595278,316.00
1,55,-57.029722,-25.595278,314.00
1,56,-57.029444,-25.595278,316.00
1,57,-57.029167,-25.595278,317.00
1,58,-57.028889,-25.595278,316.00
1,59,-57.028611,-25.595278,316.00
1,60,-57.028333,-25.595278,315.00
1,61,-57.028056,-25.595278,315.00
1,62,-57.027778,-25.595278,314.00
1,63,-57.027500,-25.595278,312.00
1,64,-57.027222,-25.595278,313.00
1,65,-57.026944,-25.595278,314.00
1,66,-57.026667,-25.595278,310.00
1,67,-57.026389,-25.595278,309.00
1,68,-57.026111,-25.595278,309.00
1,69,-57.025833,-25.595278,306.00
1,70,-57.025556,-25.595278,306.00
1,71,-57.025278,-25.595278,306.00
1,72,-57.025000,-25.595278,304.00
1,73,-57.024722,-25.595278,305.00
1,74,-57.024444,-25.595278,303.00
1,75,-57.024167,-25.595278,302.00
1,76,-57.023889,-25.595278,303.00
1,77,-57.023611,-25.595278,303.00
1,78,-57.023333,-25.595278,302.00
1,79,-57.023056,-25.595278,302.00
1,80,-57.022778,-25.595278,303.00
1,81,-57.022500,-25.595278,302.00
1,82,-57.022222,-25.595278,301.00
1,83,-57.021944,-25.595278,298.00
1,84,-57.021667,-25.595278,299.00
1,85,-57.021389,-25.595278,300.00
1,86,-57.021111,-25.595278,297.00
1,87,-57.020833,-25.595278,295.00
1,88,-57.020556,-25.595278,296.00
1,89,-57.020278,-25.595278,296.00
1,90,-57.020000,-25.595278,297.00
1,91,-57.019722,-25.595278,293.00
1,92,-57.019444,-25.595278,294.00
1,93,-57.019167,-25.595278,293.00
1,94,-57.018889,-25.595278,291.00
1,95,-57.018611,-25.595278,289.00
1,96,-57.018333,-25.595278,287.00
1,97,-57.018056,-25.595278,283.00
1,98,-57.017778,-25.595278,284.00
1,99,-57.017500,-25.595278,286.00
1,100,-57.017222,-25.595278,285.00
1,101,-57.016944,-25.595278,286.00
1,102,-57.016667,-25.595278,285.00
1,103,-57.016389,-25.595278,285.00
1,104,-57.016111,-25.595278,285.00
1,105,-57.015833,-25.595278,286.00
1,106,-57.015556,-25.595278,290.00
1,107,-57.015278,-25.595278,292.00
2,0,-57.045000,-25.595556,328.00
2,1,-57.044722,-25.595556,331.00
2,2,-57.044444,-25.595556,330.00
2,3,-57.044167,-25.595556,329.00
2,4,-57.043889,-25.595556,329.00
2,5,-57.043611,-25.595556,328.00
2,6,-57.043333,-25.595556,328.00
2,7,-57.043056,-25.595556,327.00
2,8,-57.042778,-25.595556,327.00
2,9,-57.042500,-25.595556,327.00
2,10,-57.042222,-25.595556,325.00
2,11,-57.041944,-25.595556,325.00
2,12,-57.041667,-25.595556,324.00
2,13,-57.041389,-25.595556,324.00
2,14,-57.041111,-25.595556,324.00
2,15,-57.040833,-25.595556,324.00
2,16,-57.040556,-25.595556,323.00
2,17,-57.040278,-25.595556,323.00
2,18,-57.040000,-25.595556,322.00
2,19,-57.039722,-25.595556,322.00
2,20,-57.039444,-25.595556,320.00
2,21,-57.039167,-25.595556,321.00
2,22,-57.038889,-25.595556,320.00
2,23,-57.038611,-25.595556,319.00
2,24,-57.038333,-25.595556,319.00
2,25,-57.038056,-25.595556,318.00
2,26,-57.037778,-25.595556,317.00
2,27,-57.037500,-25.595556,316.00
2,28,-57.037222,-25.595556,316.00
2,29,-57.036944,-25.595556,315.00
2,30,-57.036667,-25.595556,315.00
2,31,-57.036389,-25.595556,314.00
2,32,-57.036111,-25.595556,313.00
2,33,-57.035833,-25.595556,312.00
2,34,-57.035556,-25.595556,312.00
2,35,-57.035278,-25.595556,311.00
2,36,-57.035000,-25.595556,310.00
2,37,-57.034722,-25.595556,310.00
2,38,-57.034444,-25.595556,309.00
2,39,-57.034167,-25.595556,308.00
2,40,-57.033889,-25.595556,309.00
2,41,-57.033611,-25.595556,310.00
2,42,-57.033333,-25.595556,306.00
2,43,-57.033056,-25.595556,309.00
2,44,-57.032778,-25.595556,310.00
2,45,-57.032500,-25.595556,310.00
2,46,-57.032222,-25.595556,312.00
2,47,-57.031944,-25.595556,313.00
2,48,-57.031667,-25.595556,314.00
2,49,-57.031389,-25.595556,314.00
2,50,-57.031111,-25.595556,315.00
2,51,-57.030833,-25.595556,317.00
2,52,-57.030556,-25.595556,317.00
2,53,-57.030278,-25.595556,318.00
2,54,-57.030000,-25.595556,318.00
2,55,-57.029722,-25.595556,318.00
2,56,-57.029444,-25.595556,318.00
2,57,-57.029167,-25.595556,318.00
2,58,-57.028889,-25.595556,316.00
2,59,-57.028611,-25.595556,317.00
2,60,-57.028333,-25.595556,315.00
2,61,-57.028056,-25.595556,314.00
2,62,-57.027778,-25.595556,315.00
2,63,-57.027500,-25.595556,315.00
2,64,-57.027222,-25.595556,314.00
2,65,-57.026944,-25.595556,315.00
2,66,-57.026667,-25.595556,312.00
2,67,-57.026389,-25.595556,310.00
2,68,-57.026111,-25.595556,310.00
2,69,-57.025833,-25.595556,308.00
2,70,-57.025556,-25.595556,306.00
2,71,-57.025278,-25.595556,307.00
2,72,-57.025000,-25.595556,306.00
2,73,-57.024722,-25.595556,305.00
2,74,-57.024444,-25.595556,303.00
2,75,-57.024167,-25.595556,303.00
2,76,-57.023889,-25.595556,303.00
2,77,-57.023611,-25.595556,305.00
2,78,-57.023333,-25.595556,304.00
2,79,-57.023056,-25.595556,305.00
2,80,-57.022778,-25.595556,304.00
2,81,-57.022500,-25.595556,305.00
2,82,-57.022222,-25.595556,302.00
2,83,-57.021944,-25.595556,300.00
2,84,-57.021667,-25.595556,300.00
2,85,-57.021389,-25.595556,300.00
2,86,-57.021111,-25.595556,298.00
2,87,-57.020833,-25.595556,297.00
2,88,-57.020556,-25.595556,297.00
2,89,-57.020278,-25.595556,298.00
2,90,-57.020000,-25.595556,298.00
2,91,-57.019722,-25.595556,294.00
2,92,-57.019444,-25.595556,295.00
2,93,-57.019167,-25.595556,293.00
2,94,-57.018889,-25.595556,291.00
2,95,-57.018611,-25.595556,289.00
2,96,-57.018333,-25.595556,286.00
2,97,-57.018056,-25.595556,283.00
2,98,-57.017778,-25.595556,284.00
2,99,-57.017500,-25.595556,286.00
2,100,-57.017222,-25.595556,288.00
2,101,-57.016944,-25.595556,290.00
2,102,-57.016667,-25.595556,291.00
2,103,-57.016389,-25.595556,289.00
2,104,-57.016111,-25.595556,287.00
2,105,-57.015833,-25.595556,288.00
2,106,-57.015556,-25.595556,294.00
2,107,-57.015278,-25.595556,296.00
3,0,-57.045000,-25.595833,332.00
3,1,-57.044722,-25.595833,331.00
3,2,-57.044444,-25.595833,330.00
3,3,-57.044167,-25.595833,330.00
3,4,-57.043889,-25.595833,330.00
3,5,-57.043611,-25.595833,330.00
3,6,-57.043333,-25.595833,329.00
3,7,-57.043056,-25.595833,329.00
3,8,-57.042778,-25.595833,329.00
3,9,-57.042500,-25.595833,328.00
3,10,-57.042222,-25.595833,326.00
3,11,-57.041944,-25.595833,327.00
3,12,-57.041667,-25.595833,327.00
3,13,-57.041389,-25.595833,326.00
3,14,-57.041111,-25.595833,325.00
3,15,-57.040833,-25.595833,326.00
3,16,-57.040556,-25.595833,325.00
3,17,-57.040278,-25.595833,325.00
3,18,-57.040000,-25.595833,325.00
3,19,-57.039722,-25.595833,324.00
3,20,-57.039444,-25.595833,323.00
3,21,-57.039167,-25.595833,322.00
3,22,-57.038889,-25.595833,322.00
3,23,-57.038611,-25.595833,321.00
3,24,-57.038333,-25.595833,321.00
3,25,-57.038056,-25.595833,320.00
3,26,-57.037778,-25.595833,319.00
3,27,-57.037500,-25.595833,319.00
3,28,-57.037222,-25.595833,318.00
3,29,-57.036944,-25.595833,317.00
3,30,-57.036667,-25.595833,316.00
3,31,-57.036389,-25.595833,316.00
3,32,-57.036111,-25.595833,314.00
3,33,-57.035833,-25.595833,314.00
3,34,-57.035556,-25.595833,314.00
3,35,-57.035278,-25.595833,313.00
3,36,-57.035000,-25.595833,312.00
3,37,-57.034722,-25.595833,311.00
3,38,-57.034444,-25.595833,310.00
3,39,-57.034167,-25.595833,309.00
3,40,-57.033889,-25.595833,311.00
3,41,-57.033611,-25.595833,316.00
3,42,-57.033333,-25.595833,308.00
3,43,-57.033056,-25.595833,309.00
3,44,-57.032778,-25.595833,312.00
3,45,-57.032500,-25.595833,312.00
3,46,-57.032222,-25.595833,315.00
3,47,-57.031944,-25.595833,315.00
3,48,-57.031667,-25.595833,316.00
3,49,-57.031389,-25.595833,317.00
3,50,-57.031111,-25.595833,317.00
3,51,-57.030833,-25.595833,318.00
3,52,-57.030556,-25.595833,320.00
3,53,-57.030278,-25.595833,320.00
3,54,-57.030000,-25.595833,320.00
3,55,-57.029722,-25.595833,319.00
3,56,-57.029444,-25.595833,320.00
3,57,-57.029167,-25.595833,319.00
3,58,-57.028889,-25.595833,318.00
3,59,-57.028611,-25.595833,318.00
3,60,-57.028333,-25.595833,319.00
3,61,-57.028056,-25.595833,317.00
3,62,-57.027778,-25.595833,316.00
3,63,-57.027500,-25.595833,316.00
3,64,-57.027222,-25.595833,315.00
3,65,-57.026944,-25.595833,314.00
3,66,-57.026667,-25.595833,313.00
3,67,-57.026389,-25.595833,311.00
3,68,-57.026111,-25.595833,309.00
3,69,-57.025833,-25.595833,310.00
3,70,-57.025556,-25.595833,308.00
3,71,-57.025278,-25.595833,308.00
3,72,-57.025000,-25.595833,307.00
3,73,-57.024722,-25.595833,305.00
3,74,-57.024444,-25.595833,305.00
3,75,-57.024167,-25.595833,305.00
3,76,-57.023889,-25.595833,304.00
3,77,-57.023611,-25.595833,304.00
3,78,-57.023333,-25.595833,305.00
3,79,-57.023056,-25.595833,305.00
3,80,-57.022778,-25.595833,305.00
3,81,-57.022500,-25.595833,306.00
3,82,-57.022222,-25.595833,304.00
3,83,-57.021944,-25.595833,301.00
3,84,-57.021667,-25.595833,300.00
3,85,-57.021389,-25.595833,300.00
3,86,-57.021111,-25.595833,299.00
3,87,-57.020833,-25.595833,299.00
3,88,-57.020556,-25.595833,299.00
3,89,-57.020278,-25.595833,297.00
3,90,-57.020000,-25.595833,297.00
3,91,-57.019722,-25.595833,296.00
3,92,-57.019444,-25.595833,294.00
3,93,-57.019167,-25.595833,294.00
3,94,-57.018889,-25.595833,291.00
3,95,-57.018611,-25.595833,288.00
3,96,-57.018333,-25.595833,285.00
3,97,-57.018056,-25.595833,283.00
3,98,-57.017778,-25.595833,284.00
3,99,-57.017500,-25.595833,287.00
3,100,-57.017222,-25.595833,290.00
3,101,-57.016944,-25.595833,293.00
3,102,-57.016667,-25.595833,294.00
3,103,-57.016389,-25.595833,294.00
3,104,-57.016111,-25.595833,294.00
3,105,-57.015833,-25.595833,291.00
3,106,-57.015556,-25.595833,295.00
3,107,-57.015278,-25.595833,299.00
4,0,-57.045000,-25.596111,332.00
4,1,-57.044722,-25.596111,332.00
4,2,-57.044444,-25.596111,333.00
4,3,-57.044167,-25.596111,333.00
4,4,-57.043889,-25.596111,332.00
4,5,-57.043611,-25.596111,332.00
4,6,-57.043333,-25.596111,331.00
4,7,-57.043056,-25.596111,332.00
4,8,-57.042778,-25.596111,331.00
4,9,-57.042500,-25.596111,330.00
4,10,-57.042222,-25.596111,328.00
4,11,-57.041944,-25.596111,329.00
4,12,-57.041667,-25.596111,328.00
4,13,-57.041389,-25.596111,327.00
4,14,-57.041111,-25.596111,326.00
4,15,-57.040833,-25.596111,328.00
4,16,-57.040556,-25.596111,327.00
4,17,-57.040278,-25.596111,326.00
4,18,-57.040000,-25.596111,326.00
4,19,-57.039722,-25.596111,326.00
4,20,-57.039444,-25.596111,325.00
4,21,-57.039167,-25.596111,324.00
4,22,-57.038889,-25.596111,324.00
4,23,-57.038611,-25.596111,322.00
4,24,-57.038333,-25.596111,321.00
4,25,-57.038056,-25.596111,323.00
4,26,-57.037778,-25.596111,322.00
4,27,-57.037500,-25.596111,321.00
4,28,-57.037222,-25.596111,320.00
4,29,-57.036944,-25.596111,319.00
4,30,-57.036667,-25.596111,318.00
4,31,-57.036389,-25.596111,317.00
4,32,-57.036111,-25.596111,316.00
4,33,-57.035833,-25.596111,316.00
4,34,-57.035556,-25.596111,316.00
4,35,-57.035278,-25.596111,315.00
4,36,-57.035000,-25.596111,313.00
4,37,-57.034722,-25.596111,314.00
4,38,-57.034444,-25.596111,312.00
4,39,-57.034167,-25.596111,311.00
4,40,-57.033889,-25.596111,310.00
4,41,-57.033611,-25.596111,311.00
4,42,-57.033333,-25.596111,311.00
4,43,-57.033056,-25.596111,311.00
4,44,-57.032778,-25.596111,314.00
4,45,-57.032500,-25.596111,314.00
4,46,-57.032222,-25.596111,316.00
4,47,-57.031944,-25.596111,317.00
4,48,-57.031667,-25.596111,318.00
4,49,-57.031389,-25.596111,319.00
4,50,-57.031111,-25.596111,320.00
4,51,-57.030833,-25.596111,320.00
4,52,-57.030556,-25.596111,322.00
4,53,-57.030278,-25.596111,322.00
4,54,-57.030000,-25.596111,322.00
4,55,-57.029722,-25.596111,321.00
4,56,-57.029444,-25.596111,320.00
4,57,-57.029167,-25.596111,321.00
4,58,-57.028889,-25.596111,320.00
4,59,-57.028611,-25.596111,320.00
4,60,-57.028333,-25.596111,320.00
4,61,-57.028056,-25.596111,317.00
4,62,-57.027778,-25.596111,316.00
4,63,-57.027500,-25.596111,318.00
4,64,-57.027222,-25.596111,316.00
4,65,-57.026944,-25.596111,315.00
4,66,-57.026667,-25.596111,315.00
4,67,-57.026389,-25.596111,313.00
4,68,-57.026111,-25.596111,313.00
4,69,-57.025833,-25.596111,310.00
4,70,-57.025556,-25.596111,309.00
4,71,-57.025278,-25.596111,309.00
4,72,-57.025000,-25.596111,309.00
4,73,-57.024722,-25.596111,308.00
4,74,-57.024444,-25.596111,307.00
4,75,-57.024167,-25.596111,306.00
4,76,-57.023889,-25.596111,307.00
4,77,-57.023611,-25.596111,306.00
4,78,-57.023333,-25.596111,306.00
4,79,-57.023056,-25.596111,305.00
4,80,-57.022778,-25.596111,305.00
4,81,-57.022500,-25.596111,304.00
4,82,-57.022222,-25.596111,303.00
4,83,-57.021944,-25.596111,302.00
4,84,-57.021667,-25.596111,300.00
4,85,-57.021389,-25.596111,300.00
4,86,-57.021111,-25.596111,300.00
4,87,-57.020833,-25.596111,299.00
4,88,-57.020556,-25.596111,300.00
4,89,-57.020278,-25.596111,298.00
4,90,-57.020000,-25.596111,298.00
4,91,-57.019722,-25.596111,298.00
4,92,-57.019444,-25.596111,296.00
4,93,-57.019167,-25.596111,296.00
4,94,-57.018889,-25.596111,292.00
4,95,-57.018611,-25.596111,289.00
4,96,-57.018333,-25.596111,286.00
4,97,-57.018056,-25.596111,284.00
4,98,-57.017778,-25.596111,285.00
4,99,-57.017500,-25.596111,290.00
4,100,-57.017222,-25.596111,291.00
4,101,-57.016944,-25.596111,292.00
4,102,-57.016667,-25.596111,294.00
4,103,-57.016389,-25.596111,297.00
4,104,-57.016111,-25.596111,299.00
4,105,-57.015833,-25.596111,293.00
4,106,-57.015556,-25.596111,293.00
4,107,-57.015278,-25.596111,293.00
5,0,-57.045000,-25.596389,332.00
5,1,-57.044722,-25.596389,333.00
5,2,-57.044444,-25.596389,334.00
5,3,-57.044167,-25.596389,333.00
5,4,-57.043889,-25.596389,333.00
5,5,-57.043611,-25.596389,332.00
5,6,-57.043333,-25.596389,332.00
5,7,-57.043056,-25.596389,333.00
5,8,-57.042778,-25.596389,332.00
5,9,-57.042500,-25.596389,332.00
5,10,-57.042222,-25.596389,330.00
5,11,-57.041944,-25.596389,331.00
5,12,-57.041667,-25.596389,329.00
5,13,-57.041389,-25.596389,330.00
5,14,-57.041111,-25.596389,328.00
5,15,-57.040833,-25.596389,328.00
5,16,-57.040556,-25.596389,327.00
5,17,-57.040278,-25.596389,326.00
5,18,-57.040000,-25.596389,327.00
5,19,-57.039722,-25.596389,327.00
5,20,-57.039444,-25.596389,326.00
5,21,-57.039167,-25.596389,326.00
5,22,-57.038889,-25.596389,325.00
5,23,-57.038611,-25.596389,324.00
5,24,-57.038333,-25.596389,324.00
5,25,-57.038056,-25.596389,326.00
5,26,-57.037778,-25.596389,326.00
5,27,-57.037500,-25.596389,321.00
5,28,-57.037222,-25.596389,321.00
5,29,-57.036944,-25.596389,321.00
5,30,-57.036667,-25.596389,320.00
5,31,-57.036389,-25.596389,318.00
5,32,-57.036111,-25.596389,317.00
5,33,-57.035833,-25.596389,316.00
5,34,-57.035556,-25.596389,315.00
5,35,-57.035278,-25.596389,315.00
5,36,-57.035000,-25.596389,314.00
5,37,-57.034722,-25.596389,316.00
5,38,-57.034444,-25.596389,312.00
5,39,-57.034167,-25.596389,311.00
5,40,-57.033889,-25.596389,311.00
5,41,-57.033611,-25.596389,314.00
5,42,-57.033333,-25.596389,311.00
5,43,-57.033056,-25.596389,312.00
5,44,-57.032778,-25.596389,314.00
5,45,-57.032500,-25.596389,315.00
5,46,-57.032222,-25.596389,318.00
5,47,-57.031944,-25.596389,318.00
5,48,-57.031667,-25.596389,319.00
5,49,-57.031389,-25.596389,319.00
5,50,-57.031111,-25.596389,321.00
5,51,-57.030833,-25.596389,321.00
5,52,-57.030556,-25.596389,322.00
5,53,-57.030278,-25.596389,323.00
5,54,-57.030000,-25.596389,323.00
5,55,-57.029722,-25.596389,322.00
5,56,-57.029444,-25.596389,322.00
5,57,-57.029167,-25.596389,322.00
5,58,-57.028889,-25.596389,321.00
5,59,-57.028611,-25.596389,321.00
5,60,-57.028333,-25.596389,321.00
5,61,-57.028056,-25.596389,319.00
5,62,-57.027778,-25.596389,318.00
5,63,-57.027500,-25.596389,319.00
5,64,-57.027222,-25.596389,317.00
5,65,-57.026944,-25.596389,316.00
5,66,-57.026667,-25.596389,315.00
5,67,-57.026389,-25.596389,314.00
5,68,-57.026111,-25.596389,313.00
5,69,-57.025833,-25.596389,312.00
5,70,-57.025556,-25.596389,310.00
5,71,-57.025278,-25.596389,309.00
5,72,-57.025000,-25.596389,308.00
5,73,-57.024722,-25.596389,308.00
5,74,-57.024444,-25.596389,308.00
5,75,-57.024167,-25.596389,309.00
5,76,-57.023889,-25.596389,307.00
5,77,-57.023611,-25.596389,306.00
5,78,-57.023333,-25.596389,307.00
5,79,-57.023056,-25.596389,306.00
5,80,-57.022778,-25.596389,305.00
5,81,-57.022500,-25.596389,306.00
5,82,-57.022222,-25.596389,305.00
5,83,-57.021944,-25.596389,302.00
5,84,-57.021667,-25.596389,300.00
5,85,-57.021389,-25.596389,301.00
5,86,-57.021111,-25.596389,301.00
5,87,-57.020833,-25.596389,300.00
5,88,-57.020556,-25.596389,300.00
5,89,-57.020278,-25.596389,301.00
5,90,-57.020000,-25.596389,299.00
5,91,-57.019722,-25.596389,297.00
5,92,-57.019444,-25.596389,296.00
5,93,-57.019167,-25.596389,296.00
5,94,-57.018889,-25.596389,292.00
5,95,-57.018611,-25.596389,289.00
5,96,-57.018333,-25.596389,286.00
5,97,-57.018056,-25.596389,285.00
5,98,-57.017778,-25.596389,288.00
5,99,-57.017500,-25.596389,291.00
5,100,-57.017222,-25.596389,291.00
5,101,-57.016944,-25.596389,292.00
5,102,-57.016667,-25.596389,295.00
5,103,-57.016389,-25.596389,296.00
5,104,-57.016111,-25.596389,300.00
5,105,-57.015833,-25.596389,299.00
5,106,-57.015556,-25.596389,297.00
5,107,-57.015278,-25.596389,296.00
6,0,-57.045000,-25.596667,335.00
6,1,-57.044722,-25.596667,333.00
6,2,-57.044444,-25.596667,334.00
6,3,-57.044167,-25.596667,333.00
6,4,-57.043889,-25.596667,332.00
6,5,-57.043611,-25.596667,333.00
6,6,-57.043333,-25.596667,334.00
6,7,-57.043056,-25.596667,334.00
6,8,-57.042778,-25.596667,334.00
6,9,-57.042500,-25.596667,333.00
6,10,-57.042222,-25.596667,333.00
6,11,-57.041944,-25.596667,332.00
6,12,-57.041667,-25.596667,331.00
6,13,-57.041389,-25.596667,330.00
6,14,-57.041111,-25.596667,330.00
6,15,-57.040833,-25.596667,329.00
6,16,-57.040556,-25.596667,329.00
6,17,-57.040278,-25.596667,328.00
6,18,-57.040000,-25.596667,329.00
6,19,-57.039722,-25.596667,329.00
6,20,-57.039444,-25.596667,327.00
6,21,-57.039167,-25.596667,326.00
6,22,-57.038889,-25.596667,326.00
6,23,-57.038611,-25.596667,324.00
6,24,-57.038333,-25.596667,326.00
6,25,-57.038056,-25.596667,330.00
6,26,-57.037778,-25.596667,329.00
6,27,-57.037500,-25.596667,324.00
6,28,-57.037222,-25.596667,323.00
6,29,-57.036944,-25.596667,323.00
6,30,-57.036667,-25.596667,321.00
6,31,-57.036389,-25.596667,320.00
6,32,-57.036111,-25.596667,318.00
6,33,-57.035833,-25.596667,316.00
6,34,-57.035556,-25.596667,316.00
6,35,-57.035278,-25.596667,316.00
6,36,-57.035000,-25.596667,315.00
6,37,-57.034722,-25.596667,318.00
6,38,-57.034444,-25.596667,315.00
6,39,-57.034167,-25.596667,312.00
6,40,-57.033889,-25.596667,313.00
6,41,-57.033611,-25.596667,318.00
6,42,-57.033333,-25.596667,314.00
6,43,-57.033056,-25.596667,313.00
6,44,-57.032778,-25.596667,316.00
6,45,-57.032500,-25.596667,317.00
6,46,-57.032222,-25.596667,317.00
6,47,-57.031944,-25.596667,319.00
6,48,-57.031667,-25.596667,321.00
6,49,-57.031389,-25.596667,321.00
6,50,-57.031111,-25.596667,320.00
6,51,-57.030833,-25.596667,322.00
6,52,-57.030556,-25.596667,323.00
6,53,-57.030278,-25.596667,324.00
6,54,-57.030000,-25.596667,324.00
6,55,-57.029722,-25.596667,324.00
6,56,-57.029444,-25.596667,325.00
6,57,-57.029167,-25.596667,323.00
6,58,-57.028889,-25.596667,323.00
6,59,-57.028611,-25.596667,323.00
6,60,-57.028333,-25.596667,321.00
6,61,-57.028056,-25.596667,321.00
6,62,-57.027778,-25.596667,319.00
6,63,-57.027500,-25.596667,318.00
6,64,-57.027222,-25.596667,318.00
6,65,-57.026944,-25.596667,317.00
6,66,-57.026667,-25.596667,315.00
6,67,-57.026389,-25.596667,315.00
6,68,-57.026111,-25.596667,314.00
6,69,-57.025833,-25.596667,313.00
6,70,-57.025556,-25.596667,312.00
6,71,-57.025278,-25.596667,311.00
6,72,-57.025000,-25.596667,309.00
6,73,-57.024722,-25.596667,308.00
6,74,-57.024444,-25.596667,309.00
6,75,-57.024167,-25.596667,309.00
6,76,-57.023889,-25.596667,309.00
6,77,-57.023611,-25.596667,308.00
6,78,-57.023333,-25.596667,308.00
6,79,-57.023056,-25.596667,307.00
6,80,-57.022778,-25.596667,306.00
6,81,-57.022500,-25.596667,307.00
6,82,-57.022222,-25.596667,306.00
6,83,-57.021944,-25.596667,302.00
6,84,-57.021667,-25.596667,302.00
6,85,-57.021389,-25.596667,304.00
6,86,-57.021111,-25.596667,302.00
6,87,-57.020833,-25.596667,301.00
6,88,-57.020556,-25.596667,301.00
6,89,-57.020278,-25.596667,300.00
6,90,-57.020000,-25.596667,297.00
6,91,-57.019722,-25.596667,297.00
6,92,-57.019444,-25.596667,296.00
6,93,-57.019167,-25.596667,294.00
6,94,-57.018889,-25.596667,289.00
6,95,-57.018611,-25.596667,287.00
6,96,-57.018333,-25.596667,287.00
6,97,-57.018056,-25.596667,286.00
6,98,-57.017778,-25.596667,290.00
6,99,-57.017500,-25.596667,292.00
6,100,-57.017222,-25.596667,292.00
6,101,-57.016944,-25.596667,294.00
6,102,-57.016667,-25.596667,297.00
6,103,-57.016389,-25.596667,298.00
6,104,-57.016111,-25.596667,299.00
6,105,-57.015833,-25.596667,301.00
6,106,-57.015556,-25.596667,300.00
6,107,-57.015278,-25.596667,300.00
7,0,-57.045000,-25.596944,336.00
7,1,-57.044722,-25.596944,337.00
7,2,-57.044444,-25.596944,337.00
7,3,-57.044167,-25.596944,336.00
7,4,-57.043889,-25.596944,335.00
7,5,-57.043611,-25.596944,335.00
7,6,-57.043333,-25.596944,335.00
7,7,-57.043056,-25.596944,336.00
7,8,-57.042778,-25.596944,336.00
7,9,-57.042500,-25.596944,335.00
7,10,-57.042222,-25.596944,335.00
7,11,-57.041944,-25.596944,335.00
7,12,-57.041667,-25.596944,332.00
7,13,-57.041389,-25.596944,332.00
7,14,-57.041111,-25.596944,330.00
7,15,-57.040833,-25.596944,331.00
7,16,-57.040556,-25.596944,331.00
7,17,-57.040278,-25.596944,330.00
7,18,-57.040000,-25.596944,330.00
7,19,-57.039722,-25.596944,330.00
7,20,-57.039444,-25.596944,328.00
7,21,-57.039167,-25.596944,328.00
7,22,-57.038889,-25.596944,328.00
7,23,-57.038611,-25.596944,326.00
7,24,-57.038333,-25.596944,331.00
7,25,-57.038056,-25.596944,335.00
7,26,-57.037778,-25.596944,331.00
7,27,-57.037500,-25.596944,325.00
7,28,-57.037222,-25.596944,324.00
7,29,-57.036944,-25.596944,324.00
7,30,-57.036667,-25.596944,322.00
7,31,-57.036389,-25.596944,322.00
7,32,-57.036111,-25.596944,320.00
7,33,-57.035833,-25.596944,317.00
7,34,-57.035556,-25.596944,318.00
7,35,-57.035278,-25.596944,319.00
7,36,-57.035000,-25.596944,318.00
7,37,-57.034722,-25.596944,319.00
7,38,-57.034444,-25.596944,318.00
7,39,-57.034167,-25.596944,314.00
7,40,-57.033889,-25.596944,314.00
7,41,-57.033611,-25.596944,320.00
7,42,-57.033333,-25.596944,315.00
7,43,-57.033056,-25.596944,312.00
7,44,-57.032778,-25.596944,318.00
7,45,-57.032500,-25.596944,318.00
7,46,-57.032222,-25.596944,320.00
7,47,-57.031944,-25.596944,322.00
7,48,-57.031667,-25.596944,320.00
7,49,-57.031389,-25.596944,322.00
7,50,-57.031111,-25.596944,321.00
7,51,-57.030833,-25.596944,323.00
7,52,-57.030556,-25.596944,325.00
7,53,-57.030278,-25.596944,325.00
7,54,-57.030000,-25.596944,326.00
7,55,-57.029722,-25.596944,326.00
7,56,-57.029444,-25.596944,325.00
7,57,-57.029167,-25.596944,326.00
7,58,-57.028889,-25.596944,325.00
7,59,-57.028611,-25.596944,324.00
7,60,-57.028333,-25.596944,323.00
7,61,-57.028056,-25.596944,321.00
7,62,-57.027778,-25.596944,321.00
7,63,-57.027500,-25.596944,319.00
7,64,-57.027222,-25.596944,318.00
7,65,-57.026944,-25.596944,317.00
7,66,-57.026667,-25.596944,316.00
7,67,-57.026389,-25.596944,315.00
7,68,-57.026111,-25.596944,314.00
7,69,-57.025833,-25.596944,313.00
7,70,-57.025556,-25.596944,314.00
7,71,-57.025278,-25.596944,311.00
7,72,-57.025000,-25.596944,311.00
7,73,-57.024722,-25.596944,310.00
7,74,-57.024444,-25.596944,310.00
7,75,-57.024167,-25.596944,310.00
7,76,-57.023889,-25.596944,310.00
7,77,-57.023611,-25.596944,310.00
7,78,-57.023333,-25.596944,309.00
7,79,-57.023056,-25.596944,308.00
7,80,-57.022778,-25.596944,308.00
7,81,-57.022500,-25.596944,307.00
7,82,-57.022222,-25.596944,307.00
7,83,-57.021944,-25.596944,304.00
7,84,-57.021667,-25.596944,304.00
7,85,-57.021389,-25.596944,305.00
7,86,-57.021111,-25.596944,303.00
7,87,-57.020833,-25.596944,302.00
7,88,-57.020556,-25.596944,301.00
7,89,-57.020278,-25.596944,300.00
7,90,-57.020000,-25.596944,299.00
7,91,-57.019722,-25.596944,299.00
7,92,-57.019444,-25.596944,293.00
7,93,-57.019167,-25.596944,289.00
7,94,-57.018889,-25.596944,287.00
7,95,-57.018611,-25.596944,287.00
7,96,-57.018333,-25.596944,287.00
7,97,-57.018056,-25.596944,288.00
7,98,-57.017778,-25.596944,290.00
7,99,-57.017500,-25.596944,292.00
7,100,-57.017222,-25.596944,294.00
7,101,-57.016944,-25.596944,294.00
7,102,-57.016667,-25.596944,298.00
7,103,-57.016389,-25.596944,300.00
7,104,-57.016111,-25.596944,300.00
7,105,-57.015833,-25.596944,302.00
7,106,-57.015556,-25.596944,304.00
7,107,-57.015278,-25.596944,304.00
8,0,-57.045000,-25.597222,338.00
8,1,-57.044722,-25.597222,339.00
8,2,-57.044444,-25.597222,338.00
8,3,-57.044167,-25.597222,338.00
8,4,-57.043889,-25.597222,338.00
8,5,-57.043611,-25.597222,338.00
8,6,-57.043333,-25.597222,337.00
8,7,-57.043056,-25.597222,338.00
8,8,-57.042778,-25.597222,338.00
8,9,-57.042500,-25.597222,336.00
8,10,-57.042222,-25.597222,336.00
8,11,-57.041944,-25.597222,335.00
8,12,-57.041667,-25.597222,334.00
8,13,-57.041389,-25.597222,332.00
8,14,-57.041111,-25.597222,332.00
8,15,-57.040833,-25.597222,332.00
8,16,-57.040556,-25.597222,332.00
8,17,-57.040278,-25.597222,331.00
8,18,-57.040000,-25.597222,332.00
8,19,-57.039722,-25.597222,332.00
8,20,-57.039444,-25.597222,330.00
8,21,-57.039167,-25.597222,329.00
8,22,-57.038889,-25.597222,329.00
8,23,-57.038611,-25.597222,328.00
8,24,-57.038333,-25.597222,334.00
8,25,-57.038056,-25.597222,337.00
8,26,-57.037778,-25.597222,332.00
8,27,-57.037500,-25.597222,327.00
8,28,-57.037222,-25.597222,324.00
8,29,-57.036944,-25.597222,324.00
8,30,-57.036667,-25.597222,324.00
8,31,-57.036389,-25.597222,324.00
8,32,-57.036111,-25.597222,322.00
8,33,-57.035833,-25.597222,321.00
8,34,-57.035556,-25.597222,321.00
8,35,-57.035278,-25.597222,323.00
8,36,-57.035000,-25.597222,322.00
8,37,-57.034722,-25.597222,321.00
8,38,-57.034444,-25.597222,319.00
8,39,-57.034167,-25.597222,316.00
8,40,-57.033889,-25.597222,315.00
8,41,-57.033611,-25.597222,317.00
8,42,-57.033333,-25.597222,313.00
8,43,-57.033056,-25.597222,312.00
8,44,-57.032778,-25.597222,318.00
8,45,-57.032500,-25.597222,318.00
8,46,-57.032222,-25.597222,319.00
8,47,-57.031944,-25.597222,320.00
8,48,-57.031667,-25.597222,322.00
8,49,-57.031389,-25.597222,321.00
8,50,-57.031111,-25.597222,321.00
8,51,-57.030833,-25.597222,322.00
8,52,-57.030556,-25.597222,326.00
8,53,-57.030278,-25.597222,326.00
8,54,-57.030000,-25.597222,327.00
8,55,-57.029722,-25.597222,327.00
8,56,-57.029444,-25.597222,326.00
8,57,-57.029167,-25.597222,326.00
8,58,-57.028889,-25.597222,326.00
8,59,-57.028611,-25.597222,325.00
8,60,-57.028333,-25.597222,323.00
8,61,-57.028056,-25.597222,324.00
8,62,-57.027778,-25.597222,323.00
8,63,-57.027500,-25.597222,321.00
8,64,-57.027222,-25.597222,319.00
8,65,-57.026944,-25.597222,317.00
8,66,-57.026667,-25.597222,316.00
8,67,-57.026389,-25.597222,317.00
8,68,-57.026111,-25.597222,316.00
8,69,-57.025833,-25.597222,314.00
8,70,-57.025556,-25.597222,314.00
8,71,-57.025278,-25.597222,312.00
8,72,-57.025000,-25.597222,312.00
8,73,-57.024722,-25.597222,312.00
8,74,-57.024444,-25.597222,312.00
8,75,-57.024167,-25.597222,312.00
8,76,-57.023889,-25.597222,311.00
8,77,-57.023611,-25.597222,311.00
8,78,-57.023333,-25.597222,310.00
8,79,-57.023056,-25.597222,309.00
8,80,-57.022778,-25.597222,309.00
8,81,-57.022500,-25.597222,309.00
8,82,-57.022222,-25.597222,307.00
8,83,-57.021944,-25.597222,307.00
8,84,-57.021667,-25.597222,306.00
8,85,-57.021389,-25.597222,304.00
8,86,-57.021111,-25.597222,303.00
8,87,-57.020833,-25.597222,303.00
8,88,-57.020556,-25.597222,301.00
8,89,-57.020278,-25.597222,300.00
8,90,-57.020000,-25.597222,299.00
8,91,-57.019722,-25.597222,297.00
8,92,-57.019444,-25.597222,290.00
8,93,-57.019167,-25.597222,288.00
8,94,-57.018889,-25.597222,287.00
8,95,-57.018611,-25.597222,287.00
8,96,-57.018333,-25.597222,288.00
8,97,-57.018056,-25.597222,289.00
8,98,-57.017778,-25.597222,289.00
8,99,-57.017500,-25.597222,293.00
8,100,-57.017222,-25.597222,294.00
8,101,-57.016944,-25.597222,296.00
8,102,-57.016667,-25.597222,298.00
8,103,-57.016389,-25.597222,300.00
8,104,-57.016111,-25.597222,302.00
8,105,-57.015833,-25.597222,303.00
8,106,-57.015556,-25.597222,305.00
8,107,-57.015278,-25.597222,306.00
9,0,-57.045000,-25.597500,340.00
9,1,-57.044722,-25.597500,339.00
9,2,-57.044444,-25.597500,339.00
9,3,-57.044167,-25.597500,339.00
9,4,-57.043889,-25.597500,340.00
9,5,-57.043611,-25.597500,339.00
9,6,-57.043333,-25.597500,339.00
9,7,-57.043056,-25.597500,339.00
9,8,-57.042778,-25.597500,339.00
9,9,-57.042500,-25.597500,338.00
9,10,-57.042222,-25.597500,336.00
9,11,-57.041944,-25.597500,336.00
9,12,-57.041667,-25.597500,335.00
9,13,-57.041389,-25.597500,335.00
9,14,-57.041111,-25.597500,335.00
9,15,-57.040833,-25.597500,335.00
9,16,-57.040556,-25.597500,335.00
9,17,-57.040278,-25.597500,333.00
9,18,-57.040000,-25.597500,332.00
9,19,-57.039722,-25.597500,332.00
9,20,-57.039444,-25.597500,332.00
9,21,-57.039167,-25.597500,333.00
9,22,-57.038889,-25.597500,330.00
9,23,-57.038611,-25.597500,330.00
9,24,-57.038333,-25.597500,337.00
9,25,-57.038056,-25.597500,337.00
9,26,-57.037778,-25.597500,331.00
9,27,-57.037500,-25.597500,327.00
9,28,-57.037222,-25.597500,327.00
9,29,-57.036944,-25.597500,328.00
9,30,-57.036667,-25.597500,328.00
9,31,-57.036389,-25.597500,328.00
9,32,-57.036111,-25.597500,326.00
9,33,-57.035833,-25.597500,324.00
9,34,-57.035556,-25.597500,325.00
9,35,-57.035278,-25.597500,325.00
9,36,-57.035000,-25.597500,324.00
9,37,-57.034722,-25.597500,321.00
9,38,-57.034444,-25.597500,318.00
9,39,-57.034167,-25.597500,315.00
9,40,-57.033889,-25.597500,317.00
9,41,-57.033611,-25.597500,315.00
9,42,-57.033333,-25.597500,311.00
9,43,-57.033056,-25.597500,311.00
9,44,-57.032778,-25.597500,315.00
9,45,-57.032500,-25.597500,318.00
9,46,-57.032222,-25.597500,318.00
9,47,-57.031944,-25.597500,319.00
9,48,-57.031667,-25.597500,321.00
9,49,-57.031389,-25.597500,322.00
9,50,-57.031111,-25.597500,323.00
9,51,-57.030833,-25.597500,323.00
9,52,-57.030556,-25.597500,326.00
9,53,-57.030278,-25.597500,329.00
9,54,-57.030000,-25.597500,328.00
9,55,-57.029722,-25.597500,329.00
9,56,-57.029444,-25.597500,327.00
9,57,-57.029167,-25.597500,328.00
9,58,-57.028889,-25.597500,327.00
9,59,-57.028611,-25.597500,327.00
9,60,-57.028333,-25.597500,326.00
9,61,-57.028056,-25.597500,325.00
9,62,-57.027778,-25.597500,324.00
9,63,-57.027500,-25.597500,323.00
9,64,-57.027222,-25.597500,320.00
9,65,-57.026944,-25.597500,319.00
9,66,-57.026667,-25.597500,318.00
9,67,-57.026389,-25.597500,317.00
9,68,-57.026111,-25.597500,316.00
9,69,-57.025833,-25.597500,314.00
9,70,-57.025556,-25.597500,315.00
9,71,-57.025278,-25.597500,313.00
9,72,-57.025000,-25.597500,314.00
9,73,-57.024722,-25.597500,313.00
9,74,-57.024444,-25.597500,313.00
9,75,-57.024167,-25.597500,313.00
9,76,-57.023889,-25.597500,313.00
9,77,-57.023611,-25.597500,312.00
9,78,-57.023333,-25.597500,311.00
9,79,-57.023056,-25.597500,311.00
9,80,-57.022778,-25.597500,310.00
9,81,-57.022500,-25.597500,310.00
9,82,-57.022222,-25.597500,309.00
9,83,-57.021944,-25.597500,308.00
9,84,-57.021667,-25.597500,307.00
9,85,-57.021389,-25.597500,306.00
9,86,-57.021111,-25.597500,305.00
9,87,-57.020833,-25.597500,304.00
9,88,-57.020556,-25.597500,301.00
9,89,-57.020278,-25.597500,300.00
9,90,-57.020000,-25.597500,298.00
9,91,-57.019722,-25.597500,296.00
9,92,-57.019444,-25.597500,292.00
9,93,-57.019167,-25.597500,290.00
9,94,-57.018889,-25.597500,287.00
9,95,-57.018611,-25.597500,288.00
9,96,-57.018333,-25.597500,289.00
9,97,-57.018056,-25.597500,289.00
9,98,-57.017778,-25.597500,290.00
9,99,-57.017500,-25.597500,293.00
9,100,-57.017222,-25.597500,294.00
9,101,-57.016944,-25.597500,297.00
9,102,-57.016667,-25.597500,299.00
9,103,-57.016389,-25.597500,301.00
9,104,-57.016111,-25.597500,304.00
9,105,-57.015833,-25.597500,305.00
9,106,-57.015556,-25.597500,307.00
9,107,-57.015278,-25.597500,308.00
10,0,-57.045000,-25.597778,340.00
10,1,-57.044722,-25.597778,342.00
10,2,-57.044444,-25.597778,341.00
10,3,-57.044167,-25.597778,340.00
10,4,-57.043889,-25.597778,340.00
10,5,-57.043611,-25.597778,340.00
10,6,-57.043333,-25.597778,342.00
10,7,-57.043056,-25.597778,340.00
10,8,-57.042778,-25.597778,339.00
10,9,-57.042500,-25.597778,338.00
10,10,-57.042222,-25.597778,338.00
10,11,-57.041944,-25.597778,337.00
10,12,-57.041667,-25.597778,337.00
10,13,-57.041389,-25.597778,337.00
10,14,-57.041111,-25.597778,336.00
10,15,-57.040833,-25.597778,336.00
10,16,-57.040556,-25.597778,337.00
10,17,-57.040278,-25.597778,337.00
10,18,-57.040000,-25.597778,334.00
10,19,-57.039722,-25.597778,334.00
10,20,-57.039444,-25.597778,334.00
10,21,-57.039167,-25.597778,333.00
10,22,-57.038889,-25.597778,333.00
10,23,-57.038611,-25.597778,331.00
10,24,-57.038333,-25.597778,337.00
10,25,-57.038056,-25.597778,334.00
10,26,-57.037778,-25.597778,332.00
10,27,-57.037500,-25.597778,329.00
10,28,-57.037222,-25.597778,331.00
10,29,-57.036944,-25.597778,331.00
10,30,-57.036667,-25.597778,332.00
10,31,-57.036389,-25.597778,330.00
10,32,-57.036111,-25.597778,331.00
10,33,-57.035833,-25.597778,326.00
10,34,-57.035556,-25.597778,327.00
10,35,-57.035278,-25.597778,323.00
10,36,-57.035000,-25.597778,320.00
10,37,-57.034722,-25.597778,319.00
10,38,-57.034444,-25.597778,317.00
10,39,-57.034167,-25.597778,313.00
10,40,-57.033889,-25.597778,310.00
10,41,-57.033611,-25.597778,309.00
10,42,-57.033333,-25.597778,312.00
10,43,-57.033056,-25.597778,310.00
10,44,-57.032778,-25.597778,312.00
10,45,-57.032500,-25.597778,317.00
10,46,-57.032222,-25.597778,316.00
10,47,-57.031944,-25.597778,318.00
10,48,-57.031667,-25.597778,320.00
10,49,-57.031389,-25.597778,323.00
10,50,-57.031111,-25.597778,323.00
10,51,-57.030833,-25.597778,326.00
10,52,-57.030556,-25.597778,327.00
10,53,-57.030278,-25.597778,327.00
10,54,-57.030000,-25.597778,327.00
10,55,-57.029722,-25.597778,329.00
10,56,-57.029444,-25.597778,328.00
10,57,-57.029167,-25.597778,328.00
10,58,-57.028889,-25.597778,328.00
10,59,-57.028611,-25.597778,328.00
10,60,-57.028333,-25.597778,328.00
10,61,-57.028056,-25.597778,327.00
10,62,-57.027778,-25.597778,325.00
10,63,-57.027500,-25.597778,324.00
10,64,-57.027222,-25.597778,323.00
10,65,-57.026944,-25.597778,320.00
10,66,-57.026667,-25.597778,319.00
10,67,-57.026389,-25.597778,318.00
10,68,-57.026111,-25.597778,317.00
10,69,-57.025833,-25.597778,315.00
10,70,-57.025556,-25.597778,315.00
10,71,-57.025278,-25.597778,314.00
10,72,-57.025000,-25.597778,315.00
10,73,-57.024722,-25.597778,314.00
10,74,-57.024444,-25.597778,314.00
10,75,-57.024167,-25.597778,314.00
10,76,-57.023889,-25.597778,315.00
10,77,-57.023611,-25.597778,313.00
10,78,-57.023333,-25.597778,312.00
10,79,-57.023056,-25.597778,312.00
10,80,-57.022778,-25.597778,311.00
10,81,-57.022500,-25.597778,310.00
10,82,-57.022222,-25.597778,310.00
10,83,-57.021944,-25.597778,309.00
10,84,-57.021667,-25.597778,308.00
10,85,-57.021389,-25.597778,307.00
10,86,-57.021111,-25.597778,308.00
10,87,-57.020833,-25.597778,306.00
10,88,-57.020556,-25.597778,301.00
10,89,-57.020278,-25.597778,299.00
10,90,-57.020000,-25.597778,297.00
10,91,-57.019722,-25.597778,296.00
10,92,-57.019444,-25.597778,290.00
10,93,-57.019167,-25.597778,289.00
10,94,-57.018889,-25.597778,289.00
10,95,-57.018611,-25.597778,291.00
10,96,-57.018333,-25.597778,291.00
10,97,-57.018056,-25.597778,290.00
10,98,-57.017778,-25.597778,290.00
10,99,-57.017500,-25.597778,292.00
10,100,-57.017222,-25.597778,295.00
10,101,-57.016944,-25.597778,298.00
10,102,-57.016667,-25.597778,300.00
10,103,-57.016389,-25.597778,302.00
10,104,-57.016111,-25.597778,305.00
10,105,-57.015833,-25.597778,307.00
10,106,-57.015556,-25.597778,308.00
10,107,-57.015278,-25.597778,309.00
11,0,-57.045000,-25.598056,341.00
11,1,-57.044722,-25.598056,342.00
11,2,-57.044444,-25.598056,342.00
11,3,-57.044167,-25.598056,342.00
11,4,-57.043889,-25.598056,344.00
11,5,-57.043611,-25.598056,342.00
11,6,-57.043333,-25.598056,342.00
11,7,-57.043056,-25.598056,341.00
11,8,-57.042778,-25.598056,341.00
11,9,-57.042500,-25.598056,339.00
11,10,-57.042222,-25.598056,340.00
11,11,-57.041944,-25.598056,339.00
11,12,-57.041667,-25.598056,338.00
11,13,-57.041389,-25.598056,337.00
11,14,-57.041111,-25.598056,337.00
11,15,-57.040833,-25.598056,337.00
11,16,-57.040556,-25.598056,336.00
11,17,-57.040278,-25.598056,336.00
11,18,-57.040000,-25.598056,335.00
11,19,-57.039722,-25.598056,335.00
11,20,-57.039444,-25.598056,335.00
11,21,-57.039167,-25.598056,335.00
11,22,-57.038889,-25.598056,334.00
11,23,-57.038611,-25.598056,333.00
11,24,-57.038333,-25.598056,334.00
11,25,-57.038056,-25.598056,333.00
11,26,-57.037778,-25.598056,333.00
11,27,-57.037500,-25.598056,331.00
11,28,-57.037222,-25.598056,332.00
11,29,-57.036944,-25.598056,335.00
11,30,-57.036667,-25.598056,333.00
11,31,-57.036389,-25.598056,330.00
11,32,-57.036111,-25.598056,330.00
11,33,-57.035833,-25.598056,326.00
11,34,-57.035556,-25.598056,323.00
11,35,-57.035278,-25.598056,321.00
11,36,-57.035000,-25.598056,319.00
11,37,-57.034722,-25.598056,318.00
11,38,-57.034444,-25.598056,314.00
11,39,-57.034167,-25.598056,311.00
11,40,-57.033889,-25.598056,310.00
11,41,-57.033611,-25.598056,309.00
11,42,-57.033333,-25.598056,312.00
11,43,-57.033056,-25.598056,311.00
11,44,-57.032778,-25.598056,311.00
11,45,-57.032500,-25.598056,316.00
11,46,-57.032222,-25.598056,315.00
11,47,-57.031944,-25.598056,316.00
11,48,-57.031667,-25.598056,318.00
11,49,-57.031389,-25.598056,321.00
11,50,-57.031111,-25.598056,322.00
11,51,-57.030833,-25.598056,325.00
11,52,-57.030556,-25.598056,327.00
11,53,-57.030278,-25.598056,327.00
11,54,-57.030000,-25.598056,328.00
11,55,-57.029722,-25.598056,328.00
11,56,-57.029444,-25.598056,329.00
11,57,-57.029167,-25.598056,329.00
11,58,-57.028889,-25.598056,327.00
11,59,-57.028611,-25.598056,329.00
11,60,-57.028333,-25.598056,329.00
11,61,-57.028056,-25.598056,328.00
11,62,-57.027778,-25.598056,327.00
11,63,-57.027500,-25.598056,323.00
11,64,-57.027222,-25.598056,322.00
11,65,-57.026944,-25.598056,322.00
11,66,-57.026667,-25.598056,320.00
11,67,-57.026389,-25.598056,318.00
11,68,-57.026111,-25.598056,317.00
11,69,-57.025833,-25.598056,316.00
11,70,-57.025556,-25.598056,315.00
11,71,-57.025278,-25.598056,316.00
11,72,-57.025000,-25.598056,316.00
11,73,-57.024722,-25.598056,315.00
11,74,-57.024444,-25.598056,315.00
11,75,-57.024167,-25.598056,316.00
11,76,-57.023889,-25.598056,316.00
11,77,-57.023611,-25.598056,314.00
11,78,-57.023333,-25.598056,314.00
11,79,-57.023056,-25.598056,312.00
11,80,-57.022778,-25.598056,312.00
11,81,-57.022500,-25.598056,311.00
11,82,-57.022222,-25.598056,312.00
11,83,-57.021944,-25.598056,310.00
11,84,-57.021667,-25.598056,308.00
11,85,-57.021389,-25.598056,308.00
11,86,-57.021111,-25.598056,307.00
11,87,-57.020833,-25.598056,305.00
11,88,-57.020556,-25.598056,300.00
11,89,-57.020278,-25.598056,300.00
11,90,-57.020000,-25.598056,300.00
11,91,-57.019722,-25.598056,300.00
11,92,-57.019444,-25.598056,292.00
11,93,-57.019167,-25.598056,291.00
11,94,-57.018889,-25.598056,290.00
11,95,-57.018611,-25.598056,294.00
11,96,-57.018333,-25.598056,293.00
11,97,-57.018056,-25.598056,289.00
11,98,-57.017778,-25.598056,290.00
11,99,-57.017500,-25.598056,292.00
11,100,-57.017222,-25.598056,294.00
11,101,-57.016944,-25.598056,298.00
11,102,-57.016667,-25.598056,300.00
11,103,-57.016389,-25.598056,303.00
11,104,-57.016111,-25.598056,305.00
11,105,-57.015833,-25.598056,307.00
11,106,-57.015556,-25.598056,309.00
11,107,-57.015278,-25.598056,311.00
12,0,-57.045000,-25.598333,345.00
12,1,-57.044722,-25.598333,344.00
12,2,-57.044444,-25.598333,343.00
12,3,-57.044167,-25.598333,341.00
12,4,-57.043889,-25.598333,336.00
12,5,-57.043611,-25.598333,338.00
12,6,-57.043333,-25.598333,343.00
12,7,-57.043056,-25.598333,344.00
12,8,-57.042778,-25.598333,343.00
12,9,-57.042500,-25.598333,341.00
12,10,-57.042222,-25.598333,340.00
12,11,-57.041944,-25.598333,338.00
12,12,-57.041667,-25.598333,339.00
12,13,-57.041389,-25.598333,339.00
12,14,-57.041111,-25.598333,337.00
12,15,-57.040833,-25.598333,339.00
12,16,-57.040556,-25.598333,336.00
12,17,-57.040278,-25.598333,335.00
12,18,-57.040000,-25.598333,337.00
12,19,-57.039722,-25.598333,335.00
12,20,-57.039444,-25.598333,335.00
12,21,-57.039167,-25.598333,335.00
12,22,-57.038889,-25.598333,334.00
12,23,-57.038611,-25.598333,335.00
12,24,-57.038333,-25.598333,332.00
12,25,-57.038056,-25.598333,333.00
12,26,-57.037778,-25.598333,331.00
12,27,-57.037500,-25.598333,331.00
12,28,-57.037222,-25.598333,331.00
12,29,-57.036944,-25.598333,334.00
12,30,-57.036667,-25.598333,330.00
12,31,-57.036389,-25.598333,328.00
12,32,-57.036111,-25.598333,328.00
12,33,-57.035833,-25.598333,326.00
12,34,-57.035556,-25.598333,322.00
12,35,-57.035278,-25.598333,321.00
12,36,-57.035000,-25.598333,319.00
12,37,-57.034722,-25.598333,317.00
12,38,-57.034444,-25.598333,312.00
12,39,-57.034167,-25.598333,308.00
12,40,-57.033889,-25.598333,309.00
12,41,-57.033611,-25.598333,308.00
12,42,-57.033333,-25.598333,309.00
12,43,-57.033056,-25.598333,311.00
12,44,-57.032778,-25.598333,311.00
12,45,-57.032500,-25.598333,311.00
12,46,-57.032222,-25.598333,314.00
12,47,-57.031944,-25.598333,314.00
12,48,-57.031667,-25.598333,315.00
12,49,-57.031389,-25.598333,318.00
12,50,-57.031111,-25.598333,321.00
12,51,-57.030833,-25.598333,324.00
12,52,-57.030556,-25.598333,324.00
12,53,-57.030278,-25.598333,325.00
12,54,-57.030000,-25.598333,328.00
12,55,-57.029722,-25.598333,329.00
12,56,-57.029444,-25.598333,329.00
12,57,-57.029167,-25.598333,328.00
12,58,-57.028889,-25.598333,328.00
12,59,-57.028611,-25.598333,330.00
12,60,-57.028333,-25.598333,330.00
12,61,-57.028056,-25.598333,327.00
12,62,-57.027778,-25.598333,323.00
12,63,-57.027500,-25.598333,322.00
12,64,-57.027222,-25.598333,320.00
12,65,-57.026944,-25.598333,321.00
12,66,-57.026667,-25.598333,320.00
12,67,-57.026389,-25.598333,318.00
12,68,-57.026111,-25.598333,317.00
12,69,-57.025833,-25.598333,317.00
12,70,-57.025556,-25.598333,316.00
12,71,-57.025278,-25.598333,318.00
12,72,-57.025000,-25.598333,317.00
12,73,-57.024722,-25.598333,317.00
12,74,-57.024444,-25.598333,316.00
12,75,-57.024167,-25.598333,316.00
12,76,-57.023889,-25.598333,317.00
12,77,-57.023611,-25.598333,316.00
12,78,-57.023333,-25.598333,314.00
12,79,-57.023056,-25.598333,314.00
12,80,-57.022778,-25.598333,313.00
12,81,-57.022500,-25.598333,312.00
12,82,-57.022222,-25.598333,311.00
12,83,-57.021944,-25.598333,311.00
12,84,-57.021667,-25.598333,311.00
12,85,-57.021389,-25.598333,309.00
12,86,-57.021111,-25.598333,307.00
12,87,-57.020833,-25.598333,306.00
12,88,-57.020556,-25.598333,303.00
12,89,-57.020278,-25.598333,301.00
12,90,-57.020000,-25.598333,301.00
12,91,-57.019722,-25.598333,302.00
12,92,-57.019444,-25.598333,295.00
12,93,-57.019167,-25.598333,293.00
12,94,-57.018889,-25.598333,292.00
12,95,-57.018611,-25.598333,294.00
12,96,-57.018333,-25.598333,295.00
12,97,-57.018056,-25.598333,290.00
12,98,-57.017778,-25.598333,291.00
12,99,-57.017500,-25.598333,294.00
12,100,-57.017222,-25.598333,295.00
12,101,-57.016944,-25.598333,298.00
12,102,-57.016667,-25.598333,300.00
12,103,-57.016389,-25.598333,301.00
12,104,-57.016111,-25.598333,305.00
12,105,-57.015833,-25.598333,306.00
12,106,-57.015556,-25.598333,309.00
12,107,-57.015278,-25.598333,311.00
13,0,-57.045000,-25.598611,345.00
13,1,-57.044722,-25.598611,345.00
13,2,-57.044444,-25.598611,344.00
13,3,-57.044167,-25.598611,341.00
13,4,-57.043889,-25.598611,339.00
13,5,-57.043611,-25.598611,339.00
13,6,-57.043333,-25.598611,342.00
13,7,-57.043056,-25.598611,344.00
13,8,-57.042778,-25.598611,344.00
13,9,-57.042500,-25.598611,344.00
13,10,-57.042222,-25.598611,341.00
13,11,-57.041944,-25.598611,341.00
13,12,-57.041667,-25.598611,342.00
13,13,-57.041389,-25.598611,340.00
13,14,-57.041111,-25.598611,339.00
13,15,-57.040833,-25.598611,340.00
13,16,-57.040556,-25.598611,337.00
13,17,-57.040278,-25.598611,337.00
13,18,-57.040000,-25.598611,338.00
13,19,-57.039722,-25.598611,336.00
13,20,-57.039444,-25.598611,336.00
13,21,-57.039167,-25.598611,336.00
13,22,-57.038889,-25.598611,335.00
13,23,-57.038611,-25.598611,334.00
13,24,-57.038333,-25.598611,333.00
13,25,-57.038056,-25.598611,332.00
13,26,-57.037778,-25.598611,330.00
13,27,-57.037500,-25.598611,330.00
13,28,-57.037222,-25.598611,331.00
13,29,-57.036944,-25.598611,332.00
13,30,-57.036667,-25.598611,328.00
13,31,-57.036389,-25.598611,327.00
13,32,-57.036111,-25.598611,328.00
13,33,-57.035833,-25.598611,323.00
13,34,-57.035556,-25.598611,318.00
13,35,-57.035278,-25.598611,316.00
13,36,-57.035000,-25.598611,314.00
13,37,-57.034722,-25.598611,315.00
13,38,-57.034444,-25.598611,311.00
13,39,-57.034167,-25.598611,310.00
13,40,-57.033889,-25.598611,309.00
13,41,-57.033611,-25.598611,308.00
13,42,-57.033333,-25.598611,305.00
13,43,-57.033056,-25.598611,311.00
13,44,-57.032778,-25.598611,312.00
13,45,-57.032500,-25.598611,309.00
13,46,-57.032222,-25.598611,310.00
13,47,-57.031944,-25.598611,312.00
13,48,-57.031667,-25.598611,313.00
13,49,-57.031389,-25.598611,316.00
13,50,-57.031111,-25.598611,319.00
13,51,-57.030833,-25.598611,321.00
13,52,-57.030556,-25.598611,322.00
13,53,-57.030278,-25.598611,323.00
13,54,-57.030000,-25.598611,326.00
13,55,-57.029722,-25.598611,327.00
13,56,-57.029444,-25.598611,330.00
13,57,-57.029167,-25.598611,327.00
13,58,-57.028889,-25.598611,327.00
13,59,-57.028611,-25.598611,327.00
13,60,-57.028333,-25.598611,327.00
13,61,-57.028056,-25.598611,326.00
13,62,-57.027778,-25.598611,326.00
13,63,-57.027500,-25.598611,325.00
13,64,-57.027222,-25.598611,321.00
13,65,-57.026944,-25.598611,320.00
13,66,-57.026667,-25.598611,319.00
13,67,-57.026389,-25.598611,318.00
13,68,-57.026111,-25.598611,318.00
13,69,-57.025833,-25.598611,318.00
13,70,-57.025556,-25.598611,318.00
13,71,-57.025278,-25.598611,318.00
13,72,-57.025000,-25.598611,319.00
13,73,-57.024722,-25.598611,318.00
13,74,-57.024444,-25.598611,317.00
13,75,-57.024167,-25.598611,317.00
13,76,-57.023889,-25.598611,317.00
13,77,-57.023611,-25.598611,316.00
13,78,-57.023333,-25.598611,316.00
13,79,-57.023056,-25.598611,315.00
13,80,-57.022778,-25.598611,314.00
13,81,-57.022500,-25.598611,313.00
13,82,-57.022222,-25.598611,312.00
13,83,-57.021944,-25.598611,313.00
13,84,-57.021667,-25.598611,312.00
13,85,-57.021389,-25.598611,311.00
13,86,-57.021111,-25.598611,309.00
13,87,-57.020833,-25.598611,308.00
13,88,-57.020556,-25.598611,305.00
13,89,-57.020278,-25.598611,303.00
13,90,-57.020000,-25.598611,301.00
13,91,-57.019722,-25.598611,300.00
13,92,-57.019444,-25.598611,298.00
13,93,-57.019167,-25.598611,293.00
13,94,-57.018889,-25.598611,292.00
13,95,-57.018611,-25.598611,292.00
13,96,-57.018333,-25.598611,294.00
13,97,-57.018056,-25.598611,292.00
13,98,-57.017778,-25.598611,294.00
13,99,-57.017500,-25.598611,295.00
13,100,-57.017222,-25.598611,297.00
13,101,-57.016944,-25.598611,300.00
13,102,-57.016667,-25.598611,301.00
13,103,-57.016389,-25.598611,304.00
13,104,-57.016111,-25.598611,305.00
13,105,-57.015833,-25.598611,308.00
13,106,-57.015556,-25.598611,310.00
13,107,-57.015278,-25.598611,312.00
14,0,-57.045000,-25.598889,346.00
14,1,-57.044722,-25.598889,345.00
14,2,-57.044444,-25.598889,345.00
14,3,-57.044167,-25.598889,342.00
14,4,-57.043889,-25.598889,342.00
14,5,-57.043611,-25.598889,344.00
14,6,-57.043333,-25.598889,344.00
14,7,-57.043056,-25.598889,344.00
14,8,-57.042778,-25.598889,344.00
14,9,-57.042500,-25.598889,344.00
14,10,-57.042222,-25.598889,343.00
14,11,-57.041944,-25.598889,343.00
14,12,-57.041667,-25.598889,342.00
14,13,-57.041389,-25.598889,340.00
14,14,-57.041111,-25.598889,339.00
14,15,-57.040833,-25.598889,339.00
14,16,-57.040556,-25.598889,337.00
14,17,-57.040278,-25.598889,337.00
14,18,-57.040000,-25.598889,337.00
14,19,-57.039722,-25.598889,337.00
14,20,-57.039444,-25.598889,337.00
14,21,-57.039167,-25.598889,337.00
14,22,-57.038889,-25.598889,334.00
14,23,-57.038611,-25.598889,334.00
14,24,-57.038333,-25.598889,336.00
14,25,-57.038056,-25.598889,334.00
14,26,-57.037778,-25.598889,333.00
14,27,-57.037500,-25.598889,333.00
14,28,-57.037222,-25.598889,328.00
14,29,-57.036944,-25.598889,328.00
14,30,-57.036667,-25.598889,325.00
14,31,-57.036389,-25.598889,324.00
14,32,-57.036111,-25.598889,323.00
14,33,-57.035833,-25.598889,319.00
14,34,-57.035556,-25.598889,315.00
14,35,-57.035278,-25.598889,313.00
14,36,-57.035000,-25.598889,310.00
14,37,-57.034722,-25.598889,310.00
14,38,-57.034444,-25.598889,310.00
14,39,-57.034167,-25.598889,311.00
14,40,-57.033889,-25.598889,310.00
14,41,-57.033611,-25.598889,308.00
14,42,-57.033333,-25.598889,305.00
14,43,-57.033056,-25.598889,311.00
14,44,-57.032778,-25.598889,310.00
14,45,-57.032500,-25.598889,308.00
14,46,-57.032222,-25.598889,309.00
14,47,-57.031944,-25.598889,310.00
14,48,-57.031667,-25.598889,312.00
14,49,-57.031389,-25.598889,314.00
14,50,-57.031111,-25.598889,316.00
14,51,-57.030833,-25.598889,318.00
14,52,-57.030556,-25.598889,320.00
14,53,-57.030278,-25.598889,321.00
14,54,-57.030000,-25.598889,324.00
14,55,-57.029722,-25.598889,327.00
14,56,-57.029444,-25.598889,329.00
14,57,-57.029167,-25.598889,327.00
14,58,-57.028889,-25.598889,327.00
14,59,-57.028611,-25.598889,327.00
14,60,-57.028333,-25.598889,326.00
14,61,-57.028056,-25.598889,325.00
14,62,-57.027778,-25.598889,325.00
14,63,-57.027500,-25.598889,324.00
14,64,-57.027222,-25.598889,323.00
14,65,-57.026944,-25.598889,321.00
14,66,-57.026667,-25.598889,319.00
14,67,-57.026389,-25.598889,319.00
14,68,-57.026111,-25.598889,319.00
14,69,-57.025833,-25.598889,319.00
14,70,-57.025556,-25.598889,320.00
14,71,-57.025278,-25.598889,320.00
14,72,-57.025000,-25.598889,320.00
14,73,-57.024722,-25.598889,319.00
14,74,-57.024444,-25.598889,318.00
14,75,-57.024167,-25.598889,318.00
14,76,-57.023889,-25.598889,318.00
14,77,-57.023611,-25.598889,317.00
14,78,-57.023333,-25.598889,316.00
14,79,-57.023056,-25.598889,315.00
14,80,-57.022778,-25.598889,315.00
14,81,-57.022500,-25.598889,315.00
14,82,-57.022222,-25.598889,313.00
14,83,-57.021944,-25.598889,314.00
14,84,-57.021667,-25.598889,314.00
14,85,-57.021389,-25.598889,312.00
14,86,-57.021111,-25.598889,310.00
14,87,-57.020833,-25.598889,309.00
14,88,-57.020556,-25.598889,306.00
14,89,-57.020278,-25.598889,305.00
14,90,-57.020000,-25.598889,303.00
14,91,-57.019722,-25.598889,301.00
14,92,-57.019444,-25.598889,301.00
14,93,-57.019167,-25.598889,294.00
14,94,-57.018889,-25.598889,292.00
14,95,-57.018611,-25.598889,292.00
14,96,-57.018333,-25.598889,293.00
14,97,-57.018056,-25.598889,293.00
14,98,-57.017778,-25.598889,296.00
14,99,-57.017500,-25.598889,297.00
14,100,-57.017222,-25.598889,299.00
14,101,-57.016944,-25.598889,302.00
14,102,-57.016667,-25.598889,304.00
14,103,-57.016389,-25.598889,305.00
14,104,-57.016111,-25.598889,307.00
14,105,-57.015833,-25.598889,309.00
14,106,-57.015556,-25.598889,312.00
14,107,-57.015278,-25.598889,313.00
15,0,-57.045000,-25.599167,349.00
15,1,-57.044722,-25.599167,348.00
15,2,-57.044444,-25.599167,347.00
15,3,-57.044167,-25.599167,346.00
15,4,-57.043889,-25.599167,345.00
15,5,-57.043611,-25.599167,346.00
15,6,-57.043333,-25.599167,346.00
15,7,-57.043056,-25.599167,345.00
15,8,-57.042778,-25.599167,345.00
15,9,-57.042500,-25.599167,346.00
15,10,-57.042222,-25.599167,345.00
15,11,-57.041944,-25.599167,343.00
15,12,-57.041667,-25.599167,342.00
15,13,-57.041389,-25.599167,340.00
15,14,-57.041111,-25.599167,339.00
15,15,-57.040833,-25.599167,338.00
15,16,-57.040556,-25.599167,338.00
15,17,-57.040278,-25.599167,337.00
15,18,-57.040000,-25.599167,336.00
15,19,-57.039722,-25.599167,337.00
15,20,-57.039444,-25.599167,335.00
15,21,-57.039167,-25.599167,336.00
15,22,-57.038889,-25.599167,334.00
15,23,-57.038611,-25.599167,334.00
15,24,-57.038333,-25.599167,336.00
15,25,-57.038056,-25.599167,331.00
15,26,-57.037778,-25.599167,333.00
15,27,-57.037500,-25.599167,331.00
15,28,-57.037222,-25.599167,324.00
15,29,-57.036944,-25.599167,322.00
15,30,-57.036667,-25.599167,320.00
15,31,-57.036389,-25.599167,319.00
15,32,-57.036111,-25.599167,317.00
15,33,-57.035833,-25.599167,314.00
15,34,-57.035556,-25.599167,312.00
15,35,-57.035278,-25.599167,312.00
15,36,-57.035000,-25.599167,309.00
15,37,-57.034722,-25.599167,309.00
15,38,-57.034444,-25.599167,309.00
15,39,-57.034167,-25.599167,309.00
15,40,-57.033889,-25.599167,306.00
15,41,-57.033611,-25.599167,304.00
15,42,-57.033333,-25.599167,302.00
15,43,-57.033056,-25.599167,305.00
15,44,-57.032778,-25.599167,308.00
15,45,-57.032500,-25.599167,307.00
15,46,-57.032222,-25.599167,308.00
15,47,-57.031944,-25.599167,309.00
15,48,-57.031667,-25.599167,310.00
15,49,-57.031389,-25.599167,313.00
15,50,-57.031111,-25.599167,314.00
15,51,-57.030833,-25.599167,315.00
15,52,-57.030556,-25.599167,317.00
15,53,-57.030278,-25.599167,319.00
15,54,-57.030000,-25.599167,321.00
15,55,-57.029722,-25.599167,324.00
15,56,-57.029444,-25.599167,325.00
15,57,-57.029167,-25.599167,325.00
15,58,-57.028889,-25.599167,326.00
15,59,-57.028611,-25.599167,326.00
15,60,-57.028333,-25.599167,326.00
15,61,-57.028056,-25.599167,325.00
15,62,-57.027778,-25.599167,323.00
15,63,-57.027500,-25.599167,323.00
15,64,-57.027222,-25.599167,323.00
15,65,-57.026944,-25.599167,323.00
15,66,-57.026667,-25.599167,320.00
15,67,-57.026389,-25.599167,320.00
15,68,-57.026111,-25.599167,322.00
15,69,-57.025833,-25.599167,323.00
15,70,-57.025556,-25.599167,321.00
15,71,-57.025278,-25.599167,322.00
15,72,-57.025000,-25.599167,321.00
15,73,-57.024722,-25.599167,321.00
15,74,-57.024444,-25.599167,320.00
15,75,-57.024167,-25.599167,320.00
15,76,-57.023889,-25.599167,319.00
15,77,-57.023611,-25.599167,318.00
15,78,-57.023333,-25.599167,318.00
15,79,-57.023056,-25.599167,317.00
15,80,-57.022778,-25.599167,316.00
15,81,-57.022500,-25.599167,316.00
15,82,-57.022222,-25.599167,315.00
15,83,-57.021944,-25.599167,314.00
15,84,-57.021667,-25.599167,313.00
15,85,-57.021389,-25.599167,315.00
15,86,-57.021111,-25.599167,312.00
15,87,-57.020833,-25.599167,310.00
15,88,-57.020556,-25.599167,308.00
15,89,-57.020278,-25.599167,305.00
15,90,-57.020000,-25.599167,303.00
15,91,-57.019722,-25.599167,301.00
15,92,-57.019444,-25.599167,303.00
15,93,-57.019167,-25.599167,297.00
15,94,-57.018889,-25.599167,293.00
15,95,-57.018611,-25.599167,293.00
15,96,-57.018333,-25.599167,293.00
15,97,-57.018056,-25.599167,294.00
15,98,-57.017778,-25.599167,295.00
15,99,-57.017500,-25.599167,298.00
15,100,-57.017222,-25.599167,300.00
15,101,-57.016944,-25.599167,303.00
15,102,-57.016667,-25.599167,305.00
15,103,-57.016389,-25.599167,307.00
15,104,-57.016111,-25.599167,308.00
15,105,-57.015833,-25.599167,312.00
15,106,-57.015556,-25.599167,313.00
15,107,-57.015278,-25.599167,314.00
16,0,-57.045000,-25.599444,351.00
16,1,-57.044722,-25.599444,349.00
16,2,-57.044444,-25.599444,349.00
16,3,-57.044167,-25.599444,349.00
16,4,-57.043889,-25.599444,347.00
16,5,-57.043611,-25.599444,347.00
16,6,-57.043333,-25.599444,347.00
16,7,-57.043056,-25.599444,345.00
16,8,-57.042778,-25.599444,345.00
16,9,-57.042500,-25.599444,346.00
16,10,-57.042222,-25.599444,344.00
16,11,-57.041944,-25.599444,342.00
16,12,-57.041667,-25.599444,341.00
16,13,-57.041389,-25.599444,339.00
16,14,-57.041111,-25.599444,338.00
16,15,-57.040833,-25.599444,337.00
16,16,-57.040556,-25.599444,336.00
16,17,-57.040278,-25.599444,335.00
16,18,-57.040000,-25.599444,334.00
16,19,-57.039722,-25.599444,334.00
16,20,-57.039444,-25.599444,334.00
16,21,-57.039167,-25.599444,334.00
16,22,-57.038889,-25.599444,333.00
16,23,-57.038611,-25.599444,333.00
16,24,-57.038333,-25.599444,334.00
16,25,-57.038056,-25.599444,333.00
16,26,-57.037778,-25.599444,332.00
16,27,-57.037500,-25.599444,330.00
16,28,-57.037222,-25.599444,324.00
16,29,-57.036944,-25.599444,325.00
16,30,-57.036667,-25.599444,320.00
16,31,-57.036389,-25.599444,315.00
16,32,-57.036111,-25.599444,318.00
16,33,-57.035833,-25.599444,314.00
16,34,-57.035556,-25.599444,311.00
16,35,-57.035278,-25.599444,310.00
16,36,-57.035000,-25.599444,309.00
16,37,-57.034722,-25.599444,308.00
16,38,-57.034444,-25.599444,307.00
16,39,-57.034167,-25.599444,306.00
16,40,-57.033889,-25.599444,306.00
16,41,-57.033611,-25.599444,303.00
16,42,-57.033333,-25.599444,300.00
16,43,-57.033056,-25.599444,301.00
16,44,-57.032778,-25.599444,306.00
16,45,-57.032500,-25.599444,304.00
16,46,-57.032222,-25.599444,307.00
16,47,-57.031944,-25.599444,307.00
16,48,-57.031667,-25.599444,309.00
16,49,-57.031389,-25.599444,309.00
16,50,-57.031111,-25.599444,311.00
16,51,-57.030833,-25.599444,314.00
16,52,-57.030556,-25.599444,315.00
16,53,-57.030278,-25.599444,318.00
16,54,-57.030000,-25.599444,318.00
16,55,-57.029722,-25.599444,320.00
16,56,-57.029444,-25.599444,322.00
16,57,-57.029167,-25.599444,324.00
16,58,-57.028889,-25.599444,324.00
16,59,-57.028611,-25.599444,324.00
16,60,-57.028333,-25.599444,325.00
16,61,-57.028056,-25.599444,324.00
16,62,-57.027778,-25.599444,324.00
16,63,-57.027500,-25.599444,322.00
16,64,-57.027222,-25.599444,321.00
16,65,-57.026944,-25.599444,320.00
16,66,-57.026667,-25.599444,320.00
16,67,-57.026389,-25.599444,322.00
16,68,-57.026111,-25.599444,324.00
16,69,-57.025833,-25.599444,326.00
16,70,-57.025556,-25.599444,323.00
16,71,-57.025278,-25.599444,322.00
16,72,-57.025000,-25.599444,323.00
16,73,-57.024722,-25.599444,325.00
16,74,-57.024444,-25.599444,323.00
16,75,-57.024167,-25.599444,321.00
16,76,-57.023889,-25.599444,318.00
16,77,-57.023611,-25.599444,319.00
16,78,-57.023333,-25.599444,319.00
16,79,-57.023056,-25.599444,318.00
16,80,-57.022778,-25.599444,317.00
16,81,-57.022500,-25.599444,316.00
16,82,-57.022222,-25.599444,316.00
16,83,-57.021944,-25.599444,315.00
16,84,-57.021667,-25.599444,314.00
16,85,-57.021389,-25.599444,314.00
16,86,-57.021111,-25.599444,312.00
16,87,-57.020833,-25.599444,311.00
16,88,-57.020556,-25.599444,308.00
16,89,-57.020278,-25.599444,305.00
16,90,-57.020000,-25.599444,305.00
16,91,-57.019722,-25.599444,302.00
16,92,-57.019444,-25.599444,302.00
16,93,-57.019167,-25.599444,299.00
16,94,-57.018889,-25.599444,294.00
16,95,-57.018611,-25.599444,293.00
16,96,-57.018333,-25.599444,294.00
16,97,-57.018056,-25.599444,295.00
16,98,-57.017778,-25.599444,298.00
16,99,-57.017500,-25.599444,299.00
16,100,-57.017222,-25.599444,302.00
16,101,-57.016944,-25.599444,304.00
16,102,-57.016667,-25.599444,307.00
16,103,-57.016389,-25.599444,308.00
16,104,-57.016111,-25.599444,312.00
16,105,-57.015833,-25.599444,315.00
16,106,-57.015556,-25.599444,315.00
16,107,-57.015278,-25.599444,317.00
17,0,-57.045000,-25.599722,351.00
17,1,-57.044722,-25.599722,350.00
17,2,-57.044444,-25.599722,351.00
17,3,-57.044167,-25.599722,351.00
17,4,-57.043889,-25.599722,349.00
17,5,-57.043611,-25.599722,348.00
17,6,-57.043333,-25.599722,347.00
17,7,-57.043056,-25.599722,345.00
17,8,-57.042778,-25.599722,344.00
17,9,-57.042500,-25.599722,343.00
17,10,-57.042222,-25.599722,342.00
17,11,-57.041944,-25.599722,341.00
17,12,-57.041667,-25.599722,339.00
17,13,-57.041389,-25.599722,338.00
17,14,-57.041111,-25.599722,336.00
17,15,-57.040833,-25.599722,334.00
17,16,-57.040556,-25.599722,334.00
17,17,-57.040278,-25.599722,332.00
17,18,-57.040000,-25.599722,331.00
17,19,-57.039722,-25.599722,332.00
17,20,-57.039444,-25.599722,333.00
17,21,-57.039167,-25.599722,330.00
17,22,-57.038889,-25.599722,330.00
17,23,-57.038611,-25.599722,331.00
17,24,-57.038333,-25.599722,331.00
17,25,-57.038056,-25.599722,333.00
17,26,-57.037778,-25.599722,328.00
17,27,-57.037500,-25.599722,328.00
17,28,-57.037222,-25.599722,325.00
17,29,-57.036944,-25.599722,327.00
17,30,-57.036667,-25.599722,318.00
17,31,-57.036389,-25.599722,314.00
17,32,-57.036111,-25.599722,314.00
17,33,-57.035833,-25.599722,314.00
17,34,-57.035556,-25.599722,311.00
17,35,-57.035278,-25.599722,309.00
17,36,-57.035000,-25.599722,309.00
17,37,-57.034722,-25.599722,306.00
17,38,-57.034444,-25.599722,305.00
17,39,-57.034167,-25.599722,306.00
17,40,-57.033889,-25.599722,303.00
17,41,-57.033611,-25.599722,298.00
17,42,-57.033333,-25.599722,297.00
17,43,-57.033056,-25.599722,299.00
17,44,-57.032778,-25.599722,305.00
17,45,-57.032500,-25.599722,303.00
17,46,-57.032222,-25.599722,304.00
17,47,-57.031944,-25.599722,305.00
17,48,-57.031667,-25.599722,307.00
17,49,-57.031389,-25.599722,307.00
17,50,-57.031111,-25.599722,309.00
17,51,-57.030833,-25.599722,312.00
17,52,-57.030556,-25.599722,313.00
17,53,-57.030278,-25.599722,314.00
17,54,-57.030000,-25.599722,316.00
17,55,-57.029722,-25.599722,318.00
17,56,-57.029444,-25.599722,320.00
17,57,-57.029167,-25.599722,322.00
17,58,-57.028889,-25.599722,322.00
17,59,-57.028611,-25.599722,325.00
17,60,-57.028333,-25.599722,324.00
17,61,-57.028056,-25.599722,322.00
17,62,-57.027778,-25.599722,321.00
17,63,-57.027500,-25.599722,320.00
17,64,-57.027222,-25.599722,319.00
17,65,-57.026944,-25.599722,319.00
17,66,-57.026667,-25.599722,321.00
17,67,-57.026389,-25.599722,324.00
17,68,-57.026111,-25.599722,325.00
17,69,-57.025833,-25.599722,324.00
17,70,-57.025556,-25.599722,322.00
17,71,-57.025278,-25.599722,323.00
17,72,-57.025000,-25.599722,326.00
17,73,-57.024722,-25.599722,331.00
17,74,-57.024444,-25.599722,326.00
17,75,-57.024167,-25.599722,320.00
17,76,-57.023889,-25.599722,319.00
17,77,-57.023611,-25.599722,321.00
17,78,-57.023333,-25.599722,319.00
17,79,-57.023056,-25.599722,318.00
17,80,-57.022778,-25.599722,318.00
17,81,-57.022500,-25.599722,317.00
17,82,-57.022222,-25.599722,315.00
17,83,-57.021944,-25.599722,316.00
17,84,-57.021667,-25.599722,315.00
17,85,-57.021389,-25.599722,315.00
17,86,-57.021111,-25.599722,314.00
17,87,-57.020833,-25.599722,312.00
17,88,-57.020556,-25.599722,309.00
17,89,-57.020278,-25.599722,307.00
17,90,-57.020000,-25.599722,305.00
17,91,-57.019722,-25.599722,303.00
17,92,-57.019444,-25.599722,302.00
17,93,-57.019167,-25.599722,301.00
17,94,-57.018889,-25.599722,296.00
17,95,-57.018611,-25.599722,295.00
17,96,-57.018333,-25.599722,295.00
17,97,-57.018056,-25.599722,296.00
17,98,-57.017778,-25.599722,299.00
17,99,-57.017500,-25.599722,301.00
17,100,-57.017222,-25.599722,302.00
17,101,-57.016944,-25.599722,306.00
17,102,-57.016667,-25.599722,308.00
17,103,-57.016389,-25.599722,314.00
17,104,-57.016111,-25.599722,320.00
17,105,-57.015833,-25.599722,320.00
17,106,-57.015556,-25.599722,319.00
17,107,-57.015278,-25.599722,318.00
18,0,-57.045000,-25.600000,352.00
18,1,-57.044722,-25.600000,353.00
18,2,-57.044444,-25.600000,352.00
18,3,-57.044167,-25.600000,350.00
18,4,-57.043889,-25.600000,348.00
18,5,-57.043611,-25.600000,346.00
18,6,-57.043333,-25.600000,347.00
18,7,-57.043056,-25.600000,345.00
18,8,-57.042778,-25.600000,343.00
18,9,-57.042500,-25.600000,342.00
18,10,-57.042222,-25.600000,341.00
18,11,-57.041944,-25.600000,338.00
18,12,-57.041667,-25.600000,337.00
18,13,-57.041389,-25.600000,335.00
18,14,-57.041111,-25.600000,336.00
18,15,-57.040833,-25.600000,335.00
18,16,-57.040556,-25.600000,332.00
18,17,-57.040278,-25.600000,330.00
18,18,-57.040000,-25.600000,330.00
18,19,-57.039722,-25.600000,331.00
18,20,-57.039444,-25.600000,332.00
18,21,-57.039167,-25.600000,327.00
18,22,-57.038889,-25.600000,328.00
18,23,-57.038611,-25.600000,329.00
18,24,-57.038333,-25.600000,330.00
18,25,-57.038056,-25.600000,328.00
18,26,-57.037778,-25.600000,327.00
18,27,-57.037500,-25.600000,327.00
18,28,-57.037222,-25.600000,324.00
18,29,-57.036944,-25.600000,324.00
18,30,-57.036667,-25.600000,316.00
18,31,-57.036389,-25.600000,315.00
18,32,-57.036111,-25.600000,316.00
18,33,-57.035833,-25.600000,312.00
18,34,-57.035556,-25.600000,308.00
18,35,-57.035278,-25.600000,307.00
18,36,-57.035000,-25.600000,305.00
18,37,-57.034722,-25.600000,305.00
18,38,-57.034444,-25.600000,304.00
18,39,-57.034167,-25.600000,306.00
18,40,-57.033889,-25.600000,303.00
18,41,-57.033611,-25.600000,296.00
18,42,-57.033333,-25.600000,296.00
18,43,-57.033056,-25.600000,295.00
18,44,-57.032778,-25.600000,300.00
18,45,-57.032500,-25.600000,302.00
18,46,-57.032222,-25.600000,302.00
18,47,-57.031944,-25.600000,303.00
18,48,-57.031667,-25.600000,304.00
18,49,-57.031389,-25.600000,305.00
18,50,-57.031111,-25.600000,307.00
18,51,-57.030833,-25.600000,309.00
18,52,-57.030556,-25.600000,311.00
18,53,-57.030278,-25.600000,312.00
18,54,-57.030000,-25.600000,314.00
18,55,-57.029722,-25.600000,316.00
18,56,-57.029444,-25.600000,317.00
18,57,-57.029167,-25.600000,320.00
18,58,-57.028889,-25.600000,322.00
18,59,-57.028611,-25.600000,320.00
18,60,-57.028333,-25.600000,321.00
18,61,-57.028056,-25.600000,320.00
18,62,-57.027778,-25.600000,319.00
18,63,-57.027500,-25.600000,318.00
18,64,-57.027222,-25.600000,317.00
18,65,-57.026944,-25.600000,318.00
18,66,-57.026667,-25.600000,322.00
18,67,-57.026389,-25.600000,322.00
18,68,-57.026111,-25.600000,323.00
18,69,-57.025833,-25.600000,324.00
18,70,-57.025556,-25.600000,324.00
18,71,-57.025278,-25.600000,325.00
18,72,-57.025000,-25.600000,325.00
18,73,-57.024722,-25.600000,324.00
18,74,-57.024444,-25.600000,325.00
18,75,-57.024167,-25.600000,323.00
18,76,-57.023889,-25.600000,321.00
18,77,-57.023611,-25.600000,321.00
18,78,-57.023333,-25.600000,320.00
18,79,-57.023056,-25.600000,319.00
18,80,-57.022778,-25.600000,319.00
18,81,-57.022500,-25.600000,317.00
18,82,-57.022222,-25.600000,318.00
18,83,-57.021944,-25.600000,317.00
18,84,-57.021667,-25.600000,317.00
18,85,-57.021389,-25.600000,315.00
18,86,-57.021111,-25.600000,313.00
18,87,-57.020833,-25.600000,312.00
18,88,-57.020556,-25.600000,309.00
18,89,-57.020278,-25.600000,307.00
18,90,-57.020000,-25.600000,305.00
18,91,-57.019722,-25.600000,304.00
18,92,-57.019444,-25.600000,302.00
18,93,-57.019167,-25.600000,304.00
18,94,-57.018889,-25.600000,301.00
18,95,-57.018611,-25.600000,296.00
18,96,-57.018333,-25.600000,296.00
18,97,-57.018056,-25.600000,298.00
18,98,-57.017778,-25.600000,299.00
18,99,-57.017500,-25.600000,303.00
18,100,-57.017222,-25.600000,304.00
18,101,-57.016944,-25.600000,307.00
18,102,-57.016667,-25.600000,311.00
18,103,-57.016389,-25.600000,318.00
18,104,-57.016111,-25.600000,324.00
18,105,-57.015833,-25.600000,325.00
18,106,-57.015556,-25.600000,325.00
18,107,-57.015278,-25.600000,320.00
19,0,-57.045000,-25.600278,352.00
19,1,-57.044722,-25.600278,351.00
19,2,-57.044444,-25.600278,350.00
19,3,-57.044167,-25.600278,348.00
19,4,-57.043889,-25.600278,347.00
19,5,-57.043611,-25.600278,347.00
19,6,-57.043333,-25.600278,346.00
19,7,-57.043056,-25.600278,344.00
19,8,-57.042778,-25.600278,343.00
19,9,-57.042500,-25.600278,342.00
19,10,-57.042222,-25.600278,339.00
19,11,-57.041944,-25.600278,336.00
19,12,-57.041667,-25.600278,334.00
19,13,-57.041389,-25.600278,335.00
19,14,-57.041111,-25.600278,339.00
19,15,-57.040833,-25.600278,335.00
19,16,-57.040556,-25.600278,328.00
19,17,-57.040278,-25.600278,324.00
19,18,-57.040000,-25.600278,322.00
19,19,-57.039722,-25.600278,323.00
19,20,-57.039444,-25.600278,323.00
19,21,-57.039167,-25.600278,323.00
19,22,-57.038889,-25.600278,325.00
19,23,-57.038611,-25.600278,329.00
19,24,-57.038333,-25.600278,328.00
19,25,-57.038056,-25.600278,325.00
19,26,-57.037778,-25.600278,324.00
19,27,-57.037500,-25.600278,323.00
19,28,-57.037222,-25.600278,324.00
19,29,-57.036944,-25.600278,321.00
19,30,-57.036667,-25.600278,316.00
19,31,-57.036389,-25.600278,319.00
19,32,-57.036111,-25.600278,315.00
19,33,-57.035833,-25.600278,306.00
19,34,-57.035556,-25.600278,303.00
19,35,-57.035278,-25.600278,304.00
19,36,-57.035000,-25.600278,302.00
19,37,-57.034722,-25.600278,301.00
19,38,-57.034444,-25.600278,301.00
19,39,-57.034167,-25.600278,297.00
19,40,-57.033889,-25.600278,297.00
19,41,-57.033611,-25.600278,294.00
19,42,-57.033333,-25.600278,294.00
19,43,-57.033056,-25.600278,294.00
19,44,-57.032778,-25.600278,295.00
19,45,-57.032500,-25.600278,297.00
19,46,-57.032222,-25.600278,298.00
19,47,-57.031944,-25.600278,298.00
19,48,-57.031667,-25.600278,301.00
19,49,-57.031389,-25.600278,303.00
19,50,-57.031111,-25.600278,305.00
19,51,-57.030833,-25.600278,307.00
19,52,-57.030556,-25.600278,309.00
19,53,-57.030278,-25.600278,310.00
19,54,-57.030000,-25.600278,311.00
19,55,-57.029722,-25.600278,312.00
19,56,-57.029444,-25.600278,314.00
19,57,-57.029167,-25.600278,317.00
19,58,-57.028889,-25.600278,318.00
19,59,-57.028611,-25.600278,317.00
19,60,-57.028333,-25.600278,317.00
19,61,-57.028056,-25.600278,317.00
19,62,-57.027778,-25.600278,317.00
19,63,-57.027500,-25.600278,317.00
19,64,-57.027222,-25.600278,318.00
19,65,-57.026944,-25.600278,320.00
19,66,-57.026667,-25.600278,322.00
19,67,-57.026389,-25.600278,324.00
19,68,-57.026111,-25.600278,325.00
19,69,-57.025833,-25.600278,327.00
19,70,-57.025556,-25.600278,326.00
19,71,-57.025278,-25.600278,327.00
19,72,-57.025000,-25.600278,326.00
19,73,-57.024722,-25.600278,324.00
19,74,-57.024444,-25.600278,323.00
19,75,-57.024167,-25.600278,322.00
19,76,-57.023889,-25.600278,320.00
19,77,-57.023611,-25.600278,321.00
19,78,-57.023333,-25.600278,320.00
19,79,-57.023056,-25.600278,319.00
19,80,-57.022778,-25.600278,319.00
19,81,-57.022500,-25.600278,319.00
19,82,-57.022222,-25.600278,319.00
19,83,-57.021944,-25.600278,318.00
19,84,-57.021667,-25.600278,317.00
19,85,-57.021389,-25.600278,316.00
19,86,-57.021111,-25.600278,314.00
19,87,-57.020833,-25.600278,312.00
19,88,-57.020556,-25.600278,310.00
19,89,-57.020278,-25.600278,309.00
19,90,-57.020000,-25.600278,307.00
19,91,-57.019722,-25.600278,305.00
19,92,-57.019444,-25.600278,303.00
19,93,-57.019167,-25.600278,306.00
19,94,-57.018889,-25.600278,303.00
19,95,-57.018611,-25.600278,298.00
19,96,-57.018333,-25.600278,298.00
19,97,-57.018056,-25.600278,297.00
19,98,-57.017778,-25.600278,301.00
19,99,-57.017500,-25.600278,305.00
19,100,-57.017222,-25.600278,307.00
19,101,-57.016944,-25.600278,309.00
19,102,-57.016667,-25.600278,315.00
19,103,-57.016389,-25.600278,317.00
19,104,-57.016111,-25.600278,320.00
19,105,-57.015833,-25.600278,323.00
19,106,-57.015556,-25.600278,325.00
19,107,-57.015278,-25.600278,322.00
20,0,-57.045000,-25.600556,352.00
20,1,-57.044722,-25.600556,350.00
20,2,-57.044444,-25.600556,348.00
20,3,-57.044167,-25.600556,347.00
20,4,-57.043889,-25.600556,346.00
20,5,-57.043611,-25.600556,344.00
20,6,-57.043333,-25.600556,343.00
20,7,-57.043056,-25.600556,341.00
20,8,-57.042778,-25.600556,340.00
20,9,-57.042500,-25.600556,338.00
20,10,-57.042222,-25.600556,336.00
20,11,-57.041944,-25.600556,335.00
20,12,-57.041667,-25.600556,334.00
20,13,-57.041389,-25.600556,336.00
20,14,-57.041111,-25.600556,338.00
20,15,-57.040833,-25.600556,334.00
20,16,-57.040556,-25.600556,326.00
20,17,-57.040278,-25.600556,324.00
20,18,-57.040000,-25.600556,319.00
20,19,-57.039722,-25.600556,315.00
20,20,-57.039444,-25.600556,314.00
20,21,-57.039167,-25.600556,318.00
20,22,-57.038889,-25.600556,320.00
20,23,-57.038611,-25.600556,325.00
20,24,-57.038333,-25.600556,323.00
20,25,-57.038056,-25.600556,323.00
20,26,-57.037778,-25.600556,322.00
20,27,-57.037500,-25.600556,323.00
20,28,-57.037222,-25.600556,321.00
20,29,-57.036944,-25.600556,319.00
20,30,-57.036667,-25.600556,319.00
20,31,-57.036389,-25.600556,317.00
20,32,-57.036111,-25.600556,310.00
20,33,-57.035833,-25.600556,304.00
20,34,-57.035556,-25.600556,301.00
20,35,-57.035278,-25.600556,298.00
20,36,-57.035000,-25.600556,300.00
20,37,-57.034722,-25.600556,297.00
20,38,-57.034444,-25.600556,295.00
20,39,-57.034167,-25.600556,292.00
20,40,-57.033889,-25.600556,289.00
20,41,-57.033611,-25.600556,291.00
20,42,-57.033333,-25.600556,291.00
20,43,-57.033056,-25.600556,292.00
20,44,-57.032778,-25.600556,293.00
20,45,-57.032500,-25.600556,292.00
20,46,-57.032222,-25.600556,294.00
20,47,-57.031944,-25.600556,296.00
20,48,-57.031667,-25.600556,299.00
20,49,-57.031389,-25.600556,300.00
20,50,-57.031111,-25.600556,302.00
20,51,-57.030833,-25.600556,305.00
20,52,-57.030556,-25.600556,307.00
20,53,-57.030278,-25.600556,307.00
20,54,-57.030000,-25.600556,310.00
20,55,-57.029722,-25.600556,312.00
20,56,-57.029444,-25.600556,318.00
20,57,-57.029167,-25.600556,320.00
20,58,-57.028889,-25.600556,317.00
20,59,-57.028611,-25.600556,316.00
20,60,-57.028333,-25.600556,315.00
20,61,-57.028056,-25.600556,316.00
20,62,-57.027778,-25.600556,316.00
20,63,-57.027500,-25.600556,316.00
20,64,-57.027222,-25.600556,319.00
20,65,-57.026944,-25.600556,321.00
20,66,-57.026667,-25.600556,323.00
20,67,-57.026389,-25.600556,326.00
20,68,-57.026111,-25.600556,330.00
20,69,-57.025833,-25.600556,329.00
20,70,-57.025556,-25.600556,328.00
20,71,-57.025278,-25.600556,327.00
20,72,-57.025000,-25.600556,326.00
20,73,-57.024722,-25.600556,324.00
20,74,-57.024444,-25.600556,323.00
20,75,-57.024167,-25.600556,321.00
20,76,-57.023889,-25.600556,320.00
20,77,-57.023611,-25.600556,320.00
20,78,-57.023333,-25.600556,320.00
20,79,-57.023056,-25.600556,319.00
20,80,-57.022778,-25.600556,319.00
20,81,-57.022500,-25.600556,319.00
20,82,-57.022222,-25.600556,319.00
20,83,-57.021944,-25.600556,319.00
20,84,-57.021667,-25.600556,317.00
20,85,-57.021389,-25.600556,316.00
20,86,-57.021111,-25.600556,316.00
20,87,-57.020833,-25.600556,312.00
20,88,-57.020556,-25.600556,311.00
20,89,-57.020278,-25.600556,310.00
20,90,-57.020000,-25.600556,308.00
20,91,-57.019722,-25.600556,307.00
20,92,-57.019444,-25.600556,305.00
20,93,-57.019167,-25.600556,307.00
20,94,-57.018889,-25.600556,300.00
20,95,-57.018611,-25.600556,299.00
20,96,-57.018333,-25.600556,299.00
20,97,-57.018056,-25.600556,300.00
20,98,-57.017778,-25.600556,305.00
20,99,-57.017500,-25.600556,306.00
20,100,-57.017222,-25.600556,309.00
20,101,-57.016944,-25.600556,311.00
20,102,-57.016667,-25.600556,316.00
20,103,-57.016389,-25.600556,320.00
20,104,-57.016111,-25.600556,320.00
20,105,-57.015833,-25.600556,321.00
20,106,-57.015556,-25.600556,322.00
20,107,-57.015278,-25.600556,322.00
21,0,-57.045000,-25.600833,348.00
21,1,-57.044722,-25.600833,348.00
21,2,-57.044444,-25.600833,347.00
21,3,-57.044167,-25.600833,345.00
21,4,-57.043889,-25.600833,344.00
21,5,-57.043611,-25.600833,343.00
21,6,-57.043333,-25.600833,343.00
21,7,-57.043056,-25.600833,343.00
21,8,-57.042778,-25.600833,341.00
21,9,-57.042500,-25.600833,336.00
21,10,-57.042222,-25.600833,334.00
21,11,-57.041944,-25.600833,333.00
21,12,-57.041667,-25.600833,336.00
21,13,-57.041389,-25.600833,336.00
21,14,-57.041111,-25.600833,333.00
21,15,-57.040833,-25.600833,331.00
21,16,-57.040556,-25.600833,327.00
21,17,-57.040278,-25.600833,326.00
21,18,-57.040000,-25.600833,318.00
21,19,-57.039722,-25.600833,311.00
21,20,-57.039444,-25.600833,308.00
21,21,-57.039167,-25.600833,308.00
21,22,-57.038889,-25.600833,309.00
21,23,-57.038611,-25.600833,314.00
21,24,-57.038333,-25.600833,318.00
21,25,-57.038056,-25.600833,318.00
21,26,-57.037778,-25.600833,318.00
21,27,-57.037500,-25.600833,319.00
21,28,-57.037222,-25.600833,318.00
21,29,-57.036944,-25.600833,316.00
21,30,-57.036667,-25.600833,315.00
21,31,-57.036389,-25.600833,312.00
21,32,-57.036111,-25.600833,309.00
21,33,-57.035833,-25.600833,305.00
21,34,-57.035556,-25.600833,302.00
21,35,-57.035278,-25.600833,297.00
21,36,-57.035000,-25.600833,296.00
21,37,-57.034722,-25.600833,292.00
21,38,-57.034444,-25.600833,289.00
21,39,-57.034167,-25.600833,286.00
21,40,-57.033889,-25.600833,287.00
21,41,-57.033611,-25.600833,291.00
21,42,-57.033333,-25.600833,290.00
21,43,-57.033056,-25.600833,290.00
21,44,-57.032778,-25.600833,290.00
21,45,-57.032500,-25.600833,293.00
21,46,-57.032222,-25.600833,292.00
21,47,-57.031944,-25.600833,292.00
21,48,-57.031667,-25.600833,297.00
21,49,-57.031389,-25.600833,297.00
21,50,-57.031111,-25.600833,300.00
21,51,-57.030833,-25.600833,303.00
21,52,-57.030556,-25.600833,304.00
21,53,-57.030278,-25.600833,305.00
21,54,-57.030000,-25.600833,307.00
21,55,-57.029722,-25.600833,315.00
21,56,-57.029444,-25.600833,322.00
21,57,-57.029167,-25.600833,322.00
21,58,-57.028889,-25.600833,320.00
21,59,-57.028611,-25.600833,316.00
21,60,-57.028333,-25.600833,317.00
21,61,-57.028056,-25.600833,314.00
21,62,-57.027778,-25.600833,314.00
21,63,-57.027500,-25.600833,316.00
21,64,-57.027222,-25.600833,319.00
21,65,-57.026944,-25.600833,321.00
21,66,-57.026667,-25.600833,325.00
21,67,-57.026389,-25.600833,332.00
21,68,-57.026111,-25.600833,339.00
21,69,-57.025833,-25.600833,336.00
21,70,-57.025556,-25.600833,328.00
21,71,-57.025278,-25.600833,329.00
21,72,-57.025000,-25.600833,325.00
21,73,-57.024722,-25.600833,323.00
21,74,-57.024444,-25.600833,322.00
21,75,-57.024167,-25.600833,322.00
21,76,-57.023889,-25.600833,322.00
21,77,-57.023611,-25.600833,320.00
21,78,-57.023333,-25.600833,320.00
21,79,-57.023056,-25.600833,321.00
21,80,-57.022778,-25.600833,320.00
21,81,-57.022500,-25.600833,321.00
21,82,-57.022222,-25.600833,320.00
21,83,-57.021944,-25.600833,318.00
21,84,-57.021667,-25.600833,317.00
21,85,-57.021389,-25.600833,315.00
21,86,-57.021111,-25.600833,314.00
21,87,-57.020833,-25.600833,314.00
21,88,-57.020556,-25.600833,312.00
21,89,-57.020278,-25.600833,310.00
21,90,-57.020000,-25.600833,308.00
21,91,-57.019722,-25.600833,308.00
21,92,-57.019444,-25.600833,310.00
21,93,-57.019167,-25.600833,302.00
21,94,-57.018889,-25.600833,301.00
21,95,-57.018611,-25.600833,302.00
21,96,-57.018333,-25.600833,302.00
21,97,-57.018056,-25.600833,305.00
21,98,-57.017778,-25.600833,308.00
21,99,-57.017500,-25.600833,308.00
21,100,-57.017222,-25.600833,312.00
21,101,-57.016944,-25.600833,315.00
21,102,-57.016667,-25.600833,317.00
21,103,-57.016389,-25.600833,320.00
21,104,-57.016111,-25.600833,320.00
21,105,-57.015833,-25.600833,320.00
21,106,-57.015556,-25.600833,323.00
21,107,-57.015278,-25.600833,324.00
22,0,-57.045000,-25.601111,344.00
22,1,-57.044722,-25.601111,344.00
22,2,-57.044444,-25.601111,346.00
22,3,-57.044167,-25.601111,342.00
22,4,-57.043889,-25.601111,341.00
22,5,-57.043611,-25.601111,340.00
22,6,-57.043333,-25.601111,342.00
22,7,-57.043056,-25.601111,343.00
22,8,-57.042778,-25.601111,341.00
22,9,-57.042500,-25.601111,338.00
22,10,-57.042222,-25.601111,335.00
22,11,-57.041944,-25.601111,334.00
22,12,-57.041667,-25.601111,335.00
22,13,-57.041389,-25.601111,331.00
22,14,-57.041111,-25.601111,326.00
22,15,-57.040833,-25.601111,323.00
22,16,-57.040556,-25.601111,321.00
22,17,-57.040278,-25.601111,315.00
22,18,-57.040000,-25.601111,312.00
22,19,-57.039722,-25.601111,308.00
22,20,-57.039444,-25.601111,306.00
22,21,-57.039167,-25.601111,308.00
22,22,-57.038889,-25.601111,307.00
22,23,-57.038611,-25.601111,308.00
22,24,-57.038333,-25.601111,311.00
22,25,-57.038056,-25.601111,312.00
22,26,-57.037778,-25.601111,312.00
22,27,-57.037500,-25.601111,314.00
22,28,-57.037222,-25.601111,311.00
22,29,-57.036944,-25.601111,310.00
22,30,-57.036667,-25.601111,309.00
22,31,-57.036389,-25.601111,307.00
22,32,-57.036111,-25.601111,304.00
22,33,-57.035833,-25.601111,304.00
22,34,-57.035556,-25.601111,302.00
22,35,-57.035278,-25.601111,298.00
22,36,-57.035000,-25.601111,291.00
22,37,-57.034722,-25.601111,287.00
22,38,-57.034444,-25.601111,284.00
22,39,-57.034167,-25.601111,282.00
22,40,-57.033889,-25.601111,285.00
22,41,-57.033611,-25.601111,289.00
22,42,-57.033333,-25.601111,290.00
22,43,-57.033056,-25.601111,291.00
22,44,-57.032778,-25.601111,288.00
22,45,-57.032500,-25.601111,287.00
22,46,-57.032222,-25.601111,289.00
22,47,-57.031944,-25.601111,292.00
22,48,-57.031667,-25.601111,294.00
22,49,-57.031389,-25.601111,296.00
22,50,-57.031111,-25.601111,297.00
22,51,-57.030833,-25.601111,299.00
22,52,-57.030556,-25.601111,303.00
22,53,-57.030278,-25.601111,304.00
22,54,-57.030000,-25.601111,306.00
22,55,-57.029722,-25.601111,310.00
22,56,-57.029444,-25.601111,319.00
22,57,-57.029167,-25.601111,323.00
22,58,-57.028889,-25.601111,324.00
22,59,-57.028611,-25.601111,323.00
22,60,-57.028333,-25.601111,321.00
22,61,-57.028056,-25.601111,314.00
22,62,-57.027778,-25.601111,311.00
22,63,-57.027500,-25.601111,316.00
22,64,-57.027222,-25.601111,319.00
22,65,-57.026944,-25.601111,327.00
22,66,-57.026667,-25.601111,339.00
22,67,-57.026389,-25.601111,347.00
22,68,-57.026111,-25.601111,350.00
22,69,-57.025833,-25.601111,347.00
22,70,-57.025556,-25.601111,334.00
22,71,-57.025278,-25.601111,326.00
22,72,-57.025000,-25.601111,325.00
22,73,-57.024722,-25.601111,324.00
22,74,-57.024444,-25.601111,323.00
22,75,-57.024167,-25.601111,322.00
22,76,-57.023889,-25.601111,322.00
22,77,-57.023611,-25.601111,321.00
22,78,-57.023333,-25.601111,322.00
22,79,-57.023056,-25.601111,322.00
22,80,-57.022778,-25.601111,321.00
22,81,-57.022500,-25.601111,322.00
22,82,-57.022222,-25.601111,320.00
22,83,-57.021944,-25.601111,319.00
22,84,-57.021667,-25.601111,318.00
22,85,-57.021389,-25.601111,317.00
22,86,-57.021111,-25.601111,315.00
22,87,-57.020833,-25.601111,313.00
22,88,-57.020556,-25.601111,313.00
22,89,-57.020278,-25.601111,312.00
22,90,-57.020000,-25.601111,311.00
22,91,-57.019722,-25.601111,315.00
22,92,-57.019444,-25.601111,308.00
22,93,-57.019167,-25.601111,304.00
22,94,-57.018889,-25.601111,304.00
22,95,-57.018611,-25.601111,306.00
22,96,-57.018333,-25.601111,308.00
22,97,-57.018056,-25.601111,309.00
22,98,-57.017778,-25.601111,309.00
22,99,-57.017500,-25.601111,312.00
22,100,-57.017222,-25.601111,315.00
22,101,-57.016944,-25.601111,317.00
22,102,-57.016667,-25.601111,318.00
22,103,-57.016389,-25.601111,321.00
22,104,-57.016111,-25.601111,321.00
22,105,-57.015833,-25.601111,323.00
22,106,-57.015556,-25.601111,323.00
22,107,-57.015278,-25.601111,326.00
23,0,-57.045000,-25.601389,344.00
23,1,-57.044722,-25.601389,343.00
23,2,-57.044444,-25.601389,343.00
23,3,-57.044167,-25.601389,342.00
23,4,-57.043889,-25.601389,341.00
23,5,-57.043611,-25.601389,339.00
23,6,-57.043333,-25.601389,340.00
23,7,-57.043056,-25.601389,339.00
23,8,-57.042778,-25.601389,337.00
23,9,-57.042500,-25.601389,332.00
23,10,-57.042222,-25.601389,328.00
23,11,-57.041944,-25.601389,327.00
23,12,-57.041667,-25.601389,328.00
23,13,-57.041389,-25.601389,321.00
23,14,-57.041111,-25.601389,316.00
23,15,-57.040833,-25.601389,312.00
23,16,-57.040556,-25.601389,312.00
23,17,-57.040278,-25.601389,308.00
23,18,-57.040000,-25.601389,305.00
23,19,-57.039722,-25.601389,301.00
23,20,-57.039444,-25.601389,302.00
23,21,-57.039167,-25.601389,302.00
23,22,-57.038889,-25.601389,303.00
23,23,-57.038611,-25.601389,304.00
23,24,-57.038333,-25.601389,306.00
23,25,-57.038056,-25.601389,302.00
23,26,-57.037778,-25.601389,303.00
23,27,-57.037500,-25.601389,306.00
23,28,-57.037222,-25.601389,304.00
23,29,-57.036944,-25.601389,306.00
23,30,-57.036667,-25.601389,307.00
23,31,-57.036389,-25.601389,305.00
23,32,-57.036111,-25.601389,303.00
23,33,-57.035833,-25.601389,302.00
23,34,-57.035556,-25.601389,300.00
23,35,-57.035278,-25.601389,291.00
23,36,-57.035000,-25.601389,284.00
23,37,-57.034722,-25.601389,282.00
23,38,-57.034444,-25.601389,283.00
23,39,-57.034167,-25.601389,282.00
23,40,-57.033889,-25.601389,283.00
23,41,-57.033611,-25.601389,287.00
23,42,-57.033333,-25.601389,287.00
23,43,-57.033056,-25.601389,283.00
23,44,-57.032778,-25.601389,282.00
23,45,-57.032500,-25.601389,284.00
23,46,-57.032222,-25.601389,288.00
23,47,-57.031944,-25.601389,290.00
23,48,-57.031667,-25.601389,291.00
23,49,-57.031389,-25.601389,294.00
23,50,-57.031111,-25.601389,296.00
23,51,-57.030833,-25.601389,297.00
23,52,-57.030556,-25.601389,300.00
23,53,-57.030278,-25.601389,301.00
23,54,-57.030000,-25.601389,303.00
23,55,-57.029722,-25.601389,304.00
23,56,-57.029444,-25.601389,307.00
23,57,-57.029167,-25.601389,311.00
23,58,-57.028889,-25.601389,315.00
23,59,-57.028611,-25.601389,320.00
23,60,-57.028333,-25.601389,319.00
23,61,-57.028056,-25.601389,313.00
23,62,-57.027778,-25.601389,310.00
23,63,-57.027500,-25.601389,313.00
23,64,-57.027222,-25.601389,315.00
23,65,-57.026944,-25.601389,327.00
23,66,-57.026667,-25.601389,342.00
23,67,-57.026389,-25.601389,352.00
23,68,-57.026111,-25.601389,354.00
23,69,-57.025833,-25.601389,345.00
23,70,-57.025556,-25.601389,337.00
23,71,-57.025278,-25.601389,325.00
23,72,-57.025000,-25.601389,323.00
23,73,-57.024722,-25.601389,322.00
23,74,-57.024444,-25.601389,322.00
23,75,-57.024167,-25.601389,322.00
23,76,-57.023889,-25.601389,322.00
23,77,-57.023611,-25.601389,323.00
23,78,-57.023333,-25.601389,323.00
23,79,-57.023056,-25.601389,323.00
23,80,-57.022778,-25.601389,322.00
23,81,-57.022500,-25.601389,321.00
23,82,-57.022222,-25.601389,321.00
23,83,-57.021944,-25.601389,319.00
23,84,-57.021667,-25.601389,319.00
23,85,-57.021389,-25.601389,316.00
23,86,-57.021111,-25.601389,315.00
23,87,-57.020833,-25.601389,313.00
23,88,-57.020556,-25.601389,313.00
23,89,-57.020278,-25.601389,314.00
23,90,-57.020000,-25.601389,315.00
23,91,-57.019722,-25.601389,312.00
23,92,-57.019444,-25.601389,309.00
23,93,-57.019167,-25.601389,307.00
23,94,-57.018889,-25.601389,308.00
23,95,-57.018611,-25.601389,312.00
23,96,-57.018333,-25.601389,311.00
23,97,-57.018056,-25.601389,312.00
23,98,-57.017778,-25.601389,312.00
23,99,-57.017500,-25.601389,315.00
23,100,-57.017222,-25.601389,317.00
23,101,-57.016944,-25.601389,318.00
23,102,-57.016667,-25.601389,320.00
23,103,-57.016389,-25.601389,322.00
23,104,-57.016111,-25.601389,323.00
23,105,-57.015833,-25.601389,325.00
23,106,-57.015556,-25.601389,326.00
23,107,-57.015278,-25.601389,328.00
24,0,-57.045000,-25.601667,344.00
24,1,-57.044722,-25.601667,341.00
24,2,-57.044444,-25.601667,339.00
24,3,-57.044167,-25.601667,340.00
24,4,-57.043889,-25.601667,340.00
24,5,-57.043611,-25.601667,337.00
24,6,-57.043333,-25.601667,336.00
24,7,-57.043056,-25.601667,330.00
24,8,-57.042778,-25.601667,323.00
24,9,-57.042500,-25.601667,319.00
24,10,-57.042222,-25.601667,317.00
24,11,-57.041944,-25.601667,317.00
24,12,-57.041667,-25.601667,318.00
24,13,-57.041389,-25.601667,309.00
24,14,-57.041111,-25.601667,304.00
24,15,-57.040833,-25.601667,302.00
24,16,-57.040556,-25.601667,296.00
24,17,-57.040278,-25.601667,296.00
24,18,-57.040000,-25.601667,290.00
24,19,-57.039722,-25.601667,289.00
24,20,-57.039444,-25.601667,290.00
24,21,-57.039167,-25.601667,290.00
24,22,-57.038889,-25.601667,289.00
24,23,-57.038611,-25.601667,291.00
24,24,-57.038333,-25.601667,294.00
24,25,-57.038056,-25.601667,293.00
24,26,-57.037778,-25.601667,290.00
24,27,-57.037500,-25.601667,290.00
24,28,-57.037222,-25.601667,292.00
24,29,-57.036944,-25.601667,294.00
24,30,-57.036667,-25.601667,299.00
24,31,-57.036389,-25.601667,299.00
24,32,-57.036111,-25.601667,298.00
24,33,-57.035833,-25.601667,296.00
24,34,-57.035556,-25.601667,287.00
24,35,-57.035278,-25.601667,281.00
24,36,-57.035000,-25.601667,279.00
24,37,-57.034722,-25.601667,277.00
24,38,-57.034444,-25.601667,279.00
24,39,-57.034167,-25.601667,280.00
24,40,-57.033889,-25.601667,281.00
24,41,-57.033611,-25.601667,284.00
24,42,-57.033333,-25.601667,282.00
24,43,-57.033056,-25.601667,279.00
24,44,-57.032778,-25.601667,280.00
24,45,-57.032500,-25.601667,282.00
24,46,-57.032222,-25.601667,286.00
24,47,-57.031944,-25.601667,287.00
24,48,-57.031667,-25.601667,291.00
24,49,-57.031389,-25.601667,293.00
24,50,-57.031111,-25.601667,294.00
24,51,-57.030833,-25.601667,296.00
24,52,-57.030556,-25.601667,297.00
24,53,-57.030278,-25.601667,298.00
24,54,-57.030000,-25.601667,301.00
24,55,-57.029722,-25.601667,303.00
24,56,-57.029444,-25.601667,303.00
24,57,-57.029167,-25.601667,304.00
24,58,-57.028889,-25.601667,306.00
24,59,-57.028611,-25.601667,309.00
24,60,-57.028333,-25.601667,315.00
24,61,-57.028056,-25.601667,308.00
24,62,-57.027778,-25.601667,307.00
24,63,-57.027500,-25.601667,309.00
24,64,-57.027222,-25.601667,312.00
24,65,-57.026944,-25.601667,319.00
24,66,-57.026667,-25.601667,333.00
24,67,-57.026389,-25.601667,342.00
24,68,-57.026111,-25.601667,348.00
24,69,-57.025833,-25.601667,348.00
24,70,-57.025556,-25.601667,333.00
24,71,-57.025278,-25.601667,323.00
24,72,-57.025000,-25.601667,320.00
24,73,-57.024722,-25.601667,319.00
24,74,-57.024444,-25.601667,321.00
24,75,-57.024167,-25.601667,321.00
24,76,-57.023889,-25.601667,323.00
24,77,-57.023611,-25.601667,323.00
24,78,-57.023333,-25.601667,323.00
24,79,-57.023056,-25.601667,324.00
24,80,-57.022778,-25.601667,323.00
24,81,-57.022500,-25.601667,322.00
24,82,-57.022222,-25.601667,322.00
24,83,-57.021944,-25.601667,320.00
24,84,-57.021667,-25.601667,319.00
24,85,-57.021389,-25.601667,317.00
24,86,-57.021111,-25.601667,316.00
24,87,-57.020833,-25.601667,316.00
24,88,-57.020556,-25.601667,315.00
24,89,-57.020278,-25.601667,313.00
24,90,-57.020000,-25.601667,313.00
24,91,-57.019722,-25.601667,313.00
24,92,-57.019444,-25.601667,313.00
24,93,-57.019167,-25.601667,313.00
24,94,-57.018889,-25.601667,313.00
24,95,-57.018611,-25.601667,315.00
24,96,-57.018333,-25.601667,314.00
24,97,-57.018056,-25.601667,317.00
24,98,-57.017778,-25.601667,316.00
24,99,-57.017500,-25.601667,318.00
24,100,-57.017222,-25.601667,319.00
24,101,-57.016944,-25.601667,320.00
24,102,-57.016667,-25.601667,322.00
24,103,-57.016389,-25.601667,324.00
24,104,-57.016111,-25.601667,325.00
24,105,-57.015833,-25.601667,327.00
24,106,-57.015556,-25.601667,328.00
24,107,-57.015278,-25.601667,329.00
25,0,-57.045000,-25.601944,342.00
25,1,-57.044722,-25.601944,339.00
25,2,-57.044444,-25.601944,338.00
25,3,-57.044167,-25.601944,337.00
25,4,-57.043889,-25.601944,337.00
25,5,-57.043611,-25.601944,334.00
25,6,-57.043333,-25.601944,331.00
25,7,-57.043056,-25.601944,325.00
25,8,-57.042778,-25.601944,321.00
25,9,-57.042500,-25.601944,315.00
25,10,-57.042222,-25.601944,313.00
25,11,-57.041944,-25.601944,310.00
25,12,-57.041667,-25.601944,306.00
25,13,-57.041389,-25.601944,298.00
25,14,-57.041111,-25.601944,289.00
25,15,-57.040833,-25.601944,287.00
25,16,-57.040556,-25.601944,284.00
25,17,-57.040278,-25.601944,283.00
25,18,-57.040000,-25.601944,279.00
25,19,-57.039722,-25.601944,275.00
25,20,-57.039444,-25.601944,273.00
25,21,-57.039167,-25.601944,279.00
25,22,-57.038889,-25.601944,276.00
25,23,-57.038611,-25.601944,277.00
25,24,-57.038333,-25.601944,279.00
25,25,-57.038056,-25.601944,286.00
25,26,-57.037778,-25.601944,286.00
25,27,-57.037500,-25.601944,283.00
25,28,-57.037222,-25.601944,280.00
25,29,-57.036944,-25.601944,281.00
25,30,-57.036667,-25.601944,288.00
25,31,-57.036389,-25.601944,289.00
25,32,-57.036111,-25.601944,285.00
25,33,-57.035833,-25.601944,283.00
25,34,-57.035556,-25.601944,277.00
25,35,-57.035278,-25.601944,276.00
25,36,-57.035000,-25.601944,275.00
25,37,-57.034722,-25.601944,275.00
25,38,-57.034444,-25.601944,274.00
25,39,-57.034167,-25.601944,275.00
25,40,-57.033889,-25.601944,276.00
25,41,-57.033611,-25.601944,276.00
25,42,-57.033333,-25.601944,277.00
25,43,-57.033056,-25.601944,277.00
25,44,-57.032778,-25.601944,278.00
25,45,-57.032500,-25.601944,281.00
25,46,-57.032222,-25.601944,282.00
25,47,-57.031944,-25.601944,286.00
25,48,-57.031667,-25.601944,288.00
25,49,-57.031389,-25.601944,291.00
25,50,-57.031111,-25.601944,293.00
25,51,-57.030833,-25.601944,296.00
25,52,-57.030556,-25.601944,297.00
25,53,-57.030278,-25.601944,299.00
25,54,-57.030000,-25.601944,301.00
25,55,-57.029722,-25.601944,302.00
25,56,-57.029444,-25.601944,302.00
25,57,-57.029167,-25.601944,302.00
25,58,-57.028889,-25.601944,304.00
25,59,-57.028611,-25.601944,304.00
25,60,-57.028333,-25.601944,306.00
25,61,-57.028056,-25.601944,304.00
25,62,-57.027778,-25.601944,304.00
25,63,-57.027500,-25.601944,307.00
25,64,-57.027222,-25.601944,309.00
25,65,-57.026944,-25.601944,312.00
25,66,-57.026667,-25.601944,316.00
25,67,-57.026389,-25.601944,321.00
25,68,-57.026111,-25.601944,327.00
25,69,-57.025833,-25.601944,332.00
25,70,-57.025556,-25.601944,325.00
25,71,-57.025278,-25.601944,321.00
25,72,-57.025000,-25.601944,320.00
25,73,-57.024722,-25.601944,319.00
25,74,-57.024444,-25.601944,319.00
25,75,-57.024167,-25.601944,321.00
25,76,-57.023889,-25.601944,321.00
25,77,-57.023611,-25.601944,323.00
25,78,-57.023333,-25.601944,324.00
25,79,-57.023056,-25.601944,324.00
25,80,-57.022778,-25.601944,322.00
25,81,-57.022500,-25.601944,320.00
25,82,-57.022222,-25.601944,321.00
25,83,-57.021944,-25.601944,320.00
25,84,-57.021667,-25.601944,319.00
25,85,-57.021389,-25.601944,318.00
25,86,-57.021111,-25.601944,316.00
25,87,-57.020833,-25.601944,318.00
25,88,-57.020556,-25.601944,317.00
25,89,-57.020278,-25.601944,317.00
25,90,-57.020000,-25.601944,315.00
25,91,-57.019722,-25.601944,314.00
25,92,-57.019444,-25.601944,316.00
25,93,-57.019167,-25.601944,316.00
25,94,-57.018889,-25.601944,316.00
25,95,-57.018611,-25.601944,317.00
25,96,-57.018333,-25.601944,317.00
25,97,-57.018056,-25.601944,319.00
25,98,-57.017778,-25.601944,321.00
25,99,-57.017500,-25.601944,321.00
25,100,-57.017222,-25.601944,322.00
25,101,-57.016944,-25.601944,323.00
25,102,-57.016667,-25.601944,324.00
25,103,-57.016389,-25.601944,325.00
25,104,-57.016111,-25.601944,326.00
25,105,-57.015833,-25.601944,328.00
25,106,-57.015556,-25.601944,330.00
25,107,-57.015278,-25.601944,331.00
26,0,-57.045000,-25.602222,341.00
26,1,-57.044722,-25.602222,337.00
26,2,-57.044444,-25.602222,334.00
26,3,-57.044167,-25.602222,333.00
26,4,-57.043889,-25.602222,333.00
26,5,-57.043611,-25.602222,328.00
26,6,-57.043333,-25.602222,327.00
26,7,-57.043056,-25.602222,320.00
26,8,-57.042778,-25.602222,322.00
26,9,-57.042500,-25.602222,320.00
26,10,-57.042222,-25.602222,312.00
26,11,-57.041944,-25.602222,307.00
26,12,-57.041667,-25.602222,297.00
26,13,-57.041389,-25.602222,288.00
26,14,-57.041111,-25.602222,281.00
26,15,-57.040833,-25.602222,278.00
26,16,-57.040556,-25.602222,272.00
26,17,-57.040278,-25.602222,271.00
26,18,-57.040000,-25.602222,268.00
26,19,-57.039722,-25.602222,268.00
26,20,-57.039444,-25.602222,267.00
26,21,-57.039167,-25.602222,269.00
26,22,-57.038889,-25.602222,265.00
26,23,-57.038611,-25.602222,265.00
26,24,-57.038333,-25.602222,269.00
26,25,-57.038056,-25.602222,276.00
26,26,-57.037778,-25.602222,276.00
26,27,-57.037500,-25.602222,277.00
26,28,-57.037222,-25.602222,279.00
26,29,-57.036944,-25.602222,276.00
26,30,-57.036667,-25.602222,279.00
26,31,-57.036389,-25.602222,281.00
26,32,-57.036111,-25.602222,277.00
26,33,-57.035833,-25.602222,275.00
26,34,-57.035556,-25.602222,273.00
26,35,-57.035278,-25.602222,272.00
26,36,-57.035000,-25.602222,271.00
26,37,-57.034722,-25.602222,272.00
26,38,-57.034444,-25.602222,270.00
26,39,-57.034167,-25.602222,273.00
26,40,-57.033889,-25.602222,273.00
26,41,-57.033611,-25.602222,274.00
26,42,-57.033333,-25.602222,277.00
26,43,-57.033056,-25.602222,277.00
26,44,-57.032778,-25.602222,278.00
26,45,-57.032500,-25.602222,278.00
26,46,-57.032222,-25.602222,280.00
26,47,-57.031944,-25.602222,284.00
26,48,-57.031667,-25.602222,286.00
26,49,-57.031389,-25.602222,288.00
26,50,-57.031111,-25.602222,290.00
26,51,-57.030833,-25.602222,294.00
26,52,-57.030556,-25.602222,298.00
26,53,-57.030278,-25.602222,300.00
26,54,-57.030000,-25.602222,300.00
26,55,-57.029722,-25.602222,301.00
26,56,-57.029444,-25.602222,301.00
26,57,-57.029167,-25.602222,300.00
26,58,-57.028889,-25.602222,301.00
26,59,-57.028611,-25.602222,302.00
26,60,-57.028333,-25.602222,302.00
26,61,-57.028056,-25.602222,303.00
26,62,-57.027778,-25.602222,303.00
26,63,-57.027500,-25.602222,305.00
26,64,-57.027222,-25.602222,307.00
26,65,-57.026944,-25.602222,309.00
26,66,-57.026667,-25.602222,313.00
26,67,-57.026389,-25.602222,317.00
26,68,-57.026111,-25.602222,317.00
26,69,-57.025833,-25.602222,319.00
26,70,-57.025556,-25.602222,328.00
26,71,-57.025278,-25.602222,320.00
26,72,-57.025000,-25.602222,318.00
26,73,-57.024722,-25.602222,318.00
26,74,-57.024444,-25.602222,319.00
26,75,-57.024167,-25.602222,320.00
26,76,-57.023889,-25.602222,321.00
26,77,-57.023611,-25.602222,322.00
26,78,-57.023333,-25.602222,323.00
26,79,-57.023056,-25.602222,324.00
26,80,-57.022778,-25.602222,322.00
26,81,-57.022500,-25.602222,321.00
26,82,-57.022222,-25.602222,320.00
26,83,-57.021944,-25.602222,320.00
26,84,-57.021667,-25.602222,318.00
26,85,-57.021389,-25.602222,318.00
26,86,-57.021111,-25.602222,318.00
26,87,-57.020833,-25.602222,318.00
26,88,-57.020556,-25.602222,317.00
26,89,-57.020278,-25.602222,318.00
26,90,-57.020000,-25.602222,319.00
26,91,-57.019722,-25.602222,317.00
26,92,-57.019444,-25.602222,319.00
26,93,-57.019167,-25.602222,318.00
26,94,-57.018889,-25.602222,317.00
26,95,-57.018611,-25.602222,318.00
26,96,-57.018333,-25.602222,319.00
26,97,-57.018056,-25.602222,322.00
26,98,-57.017778,-25.602222,323.00
26,99,-57.017500,-25.602222,322.00
26,100,-57.017222,-25.602222,324.00
26,101,-57.016944,-25.602222,324.00
26,102,-57.016667,-25.602222,325.00
26,103,-57.016389,-25.602222,328.00
26,104,-57.016111,-25.602222,327.00
26,105,-57.015833,-25.602222,329.00
26,106,-57.015556,-25.602222,331.00
26,107,-57.015278,-25.602222,334.00
27,0,-57.045000,-25.602500,338.00
27,1,-57.044722,-25.602500,335.00
27,2,-57.044444,-25.602500,330.00
27,3,-57.044167,-25.602500,330.00
27,4,-57.043889,-25.602500,331.00
27,5,-57.043611,-25.602500,328.00
27,6,-57.043333,-25.602500,321.00
27,7,-57.043056,-25.602500,317.00
27,8,-57.042778,-25.602500,317.00
27,9,-57.042500,-25.602500,315.00
27,10,-57.042222,-25.602500,307.00
27,11,-57.041944,-25.602500,298.00
27,12,-57.041667,-25.602500,290.00
27,13,-57.041389,-25.602500,283.00
27,14,-57.041111,-25.602500,277.00
27,15,-57.040833,-25.602500,276.00
27,16,-57.040556,-25.602500,264.00
27,17,-57.040278,-25.602500,258.00
27,18,-57.040000,-25.602500,255.00
27,19,-57.039722,-25.602500,254.00
27,20,-57.039444,-25.602500,256.00
27,21,-57.039167,-25.602500,255.00
27,22,-57.038889,-25.602500,253.00
27,23,-57.038611,-25.602500,255.00
27,24,-57.038333,-25.602500,259.00
27,25,-57.038056,-25.602500,263.00
27,26,-57.037778,-25.602500,265.00
27,27,-57.037500,-25.602500,267.00
27,28,-57.037222,-25.602500,270.00
27,29,-57.036944,-25.602500,270.00
27,30,-57.036667,-25.602500,271.00
27,31,-57.036389,-25.602500,268.00
27,32,-57.036111,-25.602500,271.00
27,33,-57.035833,-25.602500,271.00
27,34,-57.035556,-25.602500,267.00
27,35,-57.035278,-25.602500,267.00
27,36,-57.035000,-25.602500,266.00
27,37,-57.034722,-25.602500,267.00
27,38,-57.034444,-25.602500,266.00
27,39,-57.034167,-25.602500,267.00
27,40,-57.033889,-25.602500,268.00
27,41,-57.033611,-25.602500,274.00
27,42,-57.033333,-25.602500,276.00
27,43,-57.033056,-25.602500,274.00
27,44,-57.032778,-25.602500,275.00
27,45,-57.032500,-25.602500,278.00
27,46,-57.032222,-25.602500,279.00
27,47,-57.031944,-25.602500,280.00
27,48,-57.031667,-25.602500,283.00
27,49,-57.031389,-25.602500,284.00
27,50,-57.031111,-25.602500,287.00
27,51,-57.030833,-25.602500,292.00
27,52,-57.030556,-25.602500,294.00
27,53,-57.030278,-25.602500,296.00
27,54,-57.030000,-25.602500,298.00
27,55,-57.029722,-25.602500,297.00
27,56,-57.029444,-25.602500,297.00
27,57,-57.029167,-25.602500,301.00
27,58,-57.028889,-25.602500,300.00
27,59,-57.028611,-25.602500,300.00
27,60,-57.028333,-25.602500,301.00
27,61,-57.028056,-25.602500,300.00
27,62,-57.027778,-25.602500,300.00
27,63,-57.027500,-25.602500,303.00
27,64,-57.027222,-25.602500,304.00
27,65,-57.026944,-25.602500,305.00
27,66,-57.026667,-25.602500,309.00
27,67,-57.026389,-25.602500,312.00
27,68,-57.026111,-25.602500,312.00
27,69,-57.025833,-25.602500,313.00
27,70,-57.025556,-25.602500,317.00
27,71,-57.025278,-25.602500,315.00
27,72,-57.025000,-25.602500,316.00
27,73,-57.024722,-25.602500,316.00
27,74,-57.024444,-25.602500,317.00
27,75,-57.024167,-25.602500,319.00
27,76,-57.023889,-25.602500,321.00
27,77,-57.023611,-25.602500,321.00
27,78,-57.023333,-25.602500,322.00
27,79,-57.023056,-25.602500,320.00
27,80,-57.022778,-25.602500,321.00
27,81,-57.022500,-25.602500,321.00
27,82,-57.022222,-25.602500,319.00
27,83,-57.021944,-25.602500,320.00
27,84,-57.021667,-25.602500,320.00
27,85,-57.021389,-25.602500,321.00
27,86,-57.021111,-25.602500,320.00
27,87,-57.020833,-25.602500,320.00
27,88,-57.020556,-25.602500,320.00
27,89,-57.020278,-25.602500,320.00
27,90,-57.020000,-25.602500,322.00
27,91,-57.019722,-25.602500,320.00
27,92,-57.019444,-25.602500,320.00
27,93,-57.019167,-25.602500,319.00
27,94,-57.018889,-25.602500,320.00
27,95,-57.018611,-25.602500,320.00
27,96,-57.018333,-25.602500,321.00
27,97,-57.018056,-25.602500,323.00
27,98,-57.017778,-25.602500,325.00
27,99,-57.017500,-25.602500,324.00
27,100,-57.017222,-25.602500,325.00
27,101,-57.016944,-25.602500,326.00
27,102,-57.016667,-25.602500,328.00
27,103,-57.016389,-25.602500,329.00
27,104,-57.016111,-25.602500,328.00
27,105,-57.015833,-25.602500,331.00
27,106,-57.015556,-25.602500,335.00
27,107,-57.015278,-25.602500,340.00
28,0,-57.045000,-25.602778,334.00
28,1,-57.044722,-25.602778,332.00
28,2,-57.044444,-25.602778,330.00
28,3,-57.044167,-25.602778,331.00
28,4,-57.043889,-25.602778,331.00
28,5,-57.043611,-25.602778,326.00
28,6,-57.043333,-25.602778,322.00
28,7,-57.043056,-25.602778,318.00
28,8,-57.042778,-25.602778,312.00
28,9,-57.042500,-25.602778,309.00
28,10,-57.042222,-25.602778,300.00
28,11,-57.041944,-25.602778,293.00
28,12,-57.041667,-25.602778,288.00
28,13,-57.041389,-25.602778,277.00
28,14,-57.041111,-25.602778,272.00
28,15,-57.040833,-25.602778,269.00
28,16,-57.040556,-25.602778,259.00
28,17,-57.040278,-25.602778,250.00
28,18,-57.040000,-25.602778,247.00
28,19,-57.039722,-25.602778,246.00
28,20,-57.039444,-25.602778,245.00
28,21,-57.039167,-25.602778,247.00
28,22,-57.038889,-25.602778,248.00
28,23,-57.038611,-25.602778,246.00
28,24,-57.038333,-25.602778,249.00
28,25,-57.038056,-25.602778,251.00
28,26,-57.037778,-25.602778,252.00
28,27,-57.037500,-25.602778,253.00
28,28,-57.037222,-25.602778,260.00
28,29,-57.036944,-25.602778,261.00
28,30,-57.036667,-25.602778,266.00
28,31,-57.036389,-25.602778,266.00
28,32,-57.036111,-25.602778,266.00
28,33,-57.035833,-25.602778,262.00
28,34,-57.035556,-25.602778,262.00
28,35,-57.035278,-25.602778,263.00
28,36,-57.035000,-25.602778,263.00
28,37,-57.034722,-25.602778,263.00
28,38,-57.034444,-25.602778,264.00
28,39,-57.034167,-25.602778,263.00
28,40,-57.033889,-25.602778,265.00
28,41,-57.033611,-25.602778,269.00
28,42,-57.033333,-25.602778,269.00
28,43,-57.033056,-25.602778,271.00
28,44,-57.032778,-25.602778,272.00
28,45,-57.032500,-25.602778,275.00
28,46,-57.032222,-25.602778,276.00
28,47,-57.031944,-25.602778,278.00
28,48,-57.031667,-25.602778,279.00
28,49,-57.031389,-25.602778,282.00
28,50,-57.031111,-25.602778,287.00
28,51,-57.030833,-25.602778,291.00
28,52,-57.030556,-25.602778,294.00
28,53,-57.030278,-25.602778,293.00
28,54,-57.030000,-25.602778,295.00
28,55,-57.029722,-25.602778,296.00
28,56,-57.029444,-25.602778,294.00
28,57,-57.029167,-25.602778,296.00
28,58,-57.028889,-25.602778,297.00
28,59,-57.028611,-25.602778,297.00
28,60,-57.028333,-25.602778,298.00
28,61,-57.028056,-25.602778,298.00
28,62,-57.027778,-25.602778,297.00
28,63,-57.027500,-25.602778,300.00
28,64,-57.027222,-25.602778,302.00
28,65,-57.026944,-25.602778,303.00
28,66,-57.026667,-25.602778,304.00
28,67,-57.026389,-25.602778,306.00
28,68,-57.026111,-25.602778,308.00
28,69,-57.025833,-25.602778,312.00
28,70,-57.025556,-25.602778,312.00
28,71,-57.025278,-25.602778,312.00
28,72,-57.025000,-25.602778,312.00
28,73,-57.024722,-25.602778,314.00
28,74,-57.024444,-25.602778,316.00
28,75,-57.024167,-25.602778,318.00
28,76,-57.023889,-25.602778,319.00
28,77,-57.023611,-25.602778,319.00
28,78,-57.023333,-25.602778,319.00
28,79,-57.023056,-25.602778,319.00
28,80,-57.022778,-25.602778,319.00
28,81,-57.022500,-25.602778,318.00
28,82,-57.022222,-25.602778,319.00
28,83,-57.021944,-25.602778,320.00
28,84,-57.021667,-25.602778,320.00
28,85,-57.021389,-25.602778,322.00
28,86,-57.021111,-25.602778,322.00
28,87,-57.020833,-25.602778,322.00
28,88,-57.020556,-25.602778,322.00
28,89,-57.020278,-25.602778,322.00
28,90,-57.020000,-25.602778,322.00
28,91,-57.019722,-25.602778,324.00
28,92,-57.019444,-25.602778,322.00
28,93,-57.019167,-25.602778,322.00
28,94,-57.018889,-25.602778,323.00
28,95,-57.018611,-25.602778,322.00
28,96,-57.018333,-25.602778,322.00
28,97,-57.018056,-25.602778,324.00
28,98,-57.017778,-25.602778,326.00
28,99,-57.017500,-25.602778,326.00
28,100,-57.017222,-25.602778,328.00
28,101,-57.016944,-25.602778,328.00
28,102,-57.016667,-25.602778,329.00
28,103,-57.016389,-25.602778,330.00
28,104,-57.016111,-25.602778,332.00
28,105,-57.015833,-25.602778,335.00
28,106,-57.015556,-25.602778,339.00
28,107,-57.015278,-25.602778,341.00
29,0,-57.045000,-25.603056,333.00
29,1,-57.044722,-25.603056,332.00
29,2,-57.044444,-25.603056,329.00
29,3,-57.044167,-25.603056,330.00
29,4,-57.043889,-25.603056,327.00
29,5,-57.043611,-25.603056,324.00
29,6,-57.043333,-25.603056,319.00
29,7,-57.043056,-25.603056,312.00
29,8,-57.042778,-25.603056,306.00
29,9,-57.042500,-25.603056,303.00
29,10,-57.042222,-25.603056,294.00
29,11,-57.041944,-25.603056,287.00
29,12,-57.041667,-25.603056,280.00
29,13,-57.041389,-25.603056,271.00
29,14,-57.041111,-25.603056,267.00
29,15,-57.040833,-25.603056,260.00
29,16,-57.040556,-25.603056,252.00
29,17,-57.040278,-25.603056,246.00
29,18,-57.040000,-25.603056,244.00
29,19,-57.039722,-25.603056,244.00
29,20,-57.039444,-25.603056,244.00
29,21,-57.039167,-25.603056,245.00
29,22,-57.038889,-25.603056,244.00
29,23,-57.038611,-25.603056,245.00
29,24,-57.038333,-25.603056,246.00
29,25,-57.038056,-25.603056,247.00
29,26,-57.037778,-25.603056,247.00
29,27,-57.037500,-25.603056,247.00
29,28,-57.037222,-25.603056,250.00
29,29,-57.036944,-25.603056,252.00
29,30,-57.036667,-25.603056,258.00
29,31,-57.036389,-25.603056,261.00
29,32,-57.036111,-25.603056,263.00
29,33,-57.035833,-25.603056,262.00
29,34,-57.035556,-25.603056,260.00
29,35,-57.035278,-25.603056,259.00
29,36,-57.035000,-25.603056,259.00
29,37,-57.034722,-25.603056,258.00
29,38,-57.034444,-25.603056,260.00
29,39,-57.034167,-25.603056,262.00
29,40,-57.033889,-25.603056,263.00
29,41,-57.033611,-25.603056,265.00
29,42,-57.033333,-25.603056,266.00
29,43,-57.033056,-25.603056,268.00
29,44,-57.032778,-25.603056,270.00
29,45,-57.032500,-25.603056,272.00
29,46,-57.032222,-25.603056,273.00
29,47,-57.031944,-25.603056,274.00
29,48,-57.031667,-25.603056,276.00
29,49,-57.031389,-25.603056,279.00
29,50,-57.031111,-25.603056,285.00
29,51,-57.030833,-25.603056,289.00
29,52,-57.030556,-25.603056,288.00
29,53,-57.030278,-25.603056,291.00
29,54,-57.030000,-25.603056,294.00
29,55,-57.029722,-25.603056,295.00
29,56,-57.029444,-25.603056,295.00
29,57,-57.029167,-25.603056,295.00
29,58,-57.028889,-25.603056,295.00
29,59,-57.028611,-25.603056,295.00
29,60,-57.028333,-25.603056,296.00
29,61,-57.028056,-25.603056,296.00
29,62,-57.027778,-25.603056,295.00
29,63,-57.027500,-25.603056,297.00
29,64,-57.027222,-25.603056,301.00
29,65,-57.026944,-25.603056,302.00
29,66,-57.026667,-25.603056,304.00
29,67,-57.026389,-25.603056,304.00
29,68,-57.026111,-25.603056,307.00
29,69,-57.025833,-25.603056,308.00
29,70,-57.025556,-25.603056,310.00
29,71,-57.025278,-25.603056,310.00
29,72,-57.025000,-25.603056,311.00
29,73,-57.024722,-25.603056,313.00
29,74,-57.024444,-25.603056,314.00
29,75,-57.024167,-25.603056,315.00
29,76,-57.023889,-25.603056,317.00
29,77,-57.023611,-25.603056,317.00
29,78,-57.023333,-25.603056,316.00
29,79,-57.023056,-25.603056,316.00
29,80,-57.022778,-25.603056,317.00
29,81,-57.022500,-25.603056,318.00
29,82,-57.022222,-25.603056,319.00
29,83,-57.021944,-25.603056,320.00
29,84,-57.021667,-25.603056,321.00
29,85,-57.021389,-25.603056,322.00
29,86,-57.021111,-25.603056,323.00
29,87,-57.020833,-25.603056,322.00
29,88,-57.020556,-25.603056,323.00
29,89,-57.020278,-25.603056,323.00
29,90,-57.020000,-25.603056,324.00
29,91,-57.019722,-25.603056,325.00
29,92,-57.019444,-25.603056,323.00
29,93,-57.019167,-25.603056,324.00
29,94,-57.018889,-25.603056,324.00
29,95,-57.018611,-25.603056,324.00
29,96,-57.018333,-25.603056,324.00
29,97,-57.018056,-25.603056,325.00
29,98,-57.017778,-25.603056,327.00
29,99,-57.017500,-25.603056,327.00
29,100,-57.017222,-25.603056,329.00
29,101,-57.016944,-25.603056,329.00
29,102,-57.016667,-25.603056,330.00
29,103,-57.016389,-25.603056,331.00
29,104,-57.016111,-25.603056,334.00
29,105,-57.015833,-25.603056,337.00
29,106,-57.015556,-25.603056,337.00
29,107,-57.015278,-25.603056,338.00
30,0,-57.045000,-25.603333,333.00
30,1,-57.044722,-25.603333,329.00
30,2,-57.044444,-25.603333,327.00
30,3,-57.044167,-25.603333,331.00
30,4,-57.043889,-25.603333,329.00
30,5,-57.043611,-25.603333,324.00
30,6,-57.043333,-25.603333,315.00
30,7,-57.043056,-25.603333,304.00
30,8,-57.042778,-25.603333,300.00
30,9,-57.042500,-25.603333,295.00
30,10,-57.042222,-25.603333,289.00
30,11,-57.041944,-25.603333,284.00
30,12,-57.041667,-25.603333,272.00
30,13,-57.041389,-25.603333,265.00
30,14,-57.041111,-25.603333,256.00
30,15,-57.040833,-25.603333,249.00
30,16,-57.040556,-25.603333,246.00
30,17,-57.040278,-25.603333,244.00
30,18,-57.040000,-25.603333,242.00
30,19,-57.039722,-25.603333,243.00
30,20,-57.039444,-25.603333,241.00
30,21,-57.039167,-25.603333,241.00
30,22,-57.038889,-25.603333,240.00
30,23,-57.038611,-25.603333,241.00
30,24,-57.038333,-25.603333,243.00
30,25,-57.038056,-25.603333,243.00
30,26,-57.037778,-25.603333,242.00
30,27,-57.037500,-25.603333,243.00
30,28,-57.037222,-25.603333,246.00
30,29,-57.036944,-25.603333,245.00
30,30,-57.036667,-25.603333,245.00
30,31,-57.036389,-25.603333,248.00
30,32,-57.036111,-25.603333,251.00
30,33,-57.035833,-25.603333,254.00
30,34,-57.035556,-25.603333,253.00
30,35,-57.035278,-25.603333,253.00
30,36,-57.035000,-25.603333,255.00
30,37,-57.034722,-25.603333,258.00
30,38,-57.034444,-25.603333,257.00
30,39,-57.034167,-25.603333,260.00
30,40,-57.033889,-25.603333,264.00
30,41,-57.033611,-25.603333,265.00
30,42,-57.033333,-25.603333,263.00
30,43,-57.033056,-25.603333,265.00
30,44,-57.032778,-25.603333,268.00
30,45,-57.032500,-25.603333,270.00
30,46,-57.032222,-25.603333,269.00
30,47,-57.031944,-25.603333,271.00
30,48,-57.031667,-25.603333,275.00
30,49,-57.031389,-25.603333,277.00
30,50,-57.031111,-25.603333,282.00
30,51,-57.030833,-25.603333,283.00
30,52,-57.030556,-25.603333,282.00
30,53,-57.030278,-25.603333,285.00
30,54,-57.030000,-25.603333,288.00
30,55,-57.029722,-25.603333,293.00
30,56,-57.029444,-25.603333,294.00
30,57,-57.029167,-25.603333,294.00
30,58,-57.028889,-25.603333,292.00
30,59,-57.028611,-25.603333,293.00
30,60,-57.028333,-25.603333,294.00
30,61,-57.028056,-25.603333,293.00
30,62,-57.027778,-25.603333,295.00
30,63,-57.027500,-25.603333,297.00
30,64,-57.027222,-25.603333,298.00
30,65,-57.026944,-25.603333,298.00
30,66,-57.026667,-25.603333,300.00
30,67,-57.026389,-25.603333,302.00
30,68,-57.026111,-25.603333,304.00
30,69,-57.025833,-25.603333,305.00
30,70,-57.025556,-25.603333,306.00
30,71,-57.025278,-25.603333,308.00
30,72,-57.025000,-25.603333,308.00
30,73,-57.024722,-25.603333,310.00
30,74,-57.024444,-25.603333,311.00
30,75,-57.024167,-25.603333,312.00
30,76,-57.023889,-25.603333,313.00
30,77,-57.023611,-25.603333,313.00
30,78,-57.023333,-25.603333,313.00
30,79,-57.023056,-25.603333,315.00
30,80,-57.022778,-25.603333,316.00
30,81,-57.022500,-25.603333,319.00
30,82,-57.022222,-25.603333,320.00
30,83,-57.021944,-25.603333,321.00
30,84,-57.021667,-25.603333,323.00
30,85,-57.021389,-25.603333,323.00
30,86,-57.021111,-25.603333,324.00
30,87,-57.020833,-25.603333,324.00
30,88,-57.020556,-25.603333,324.00
30,89,-57.020278,-25.603333,324.00
30,90,-57.020000,-25.603333,325.00
30,91,-57.019722,-25.603333,325.00
30,92,-57.019444,-25.603333,325.00
30,93,-57.019167,-25.603333,326.00
30,94,-57.018889,-25.603333,325.00
30,95,-57.018611,-25.603333,326.00
30,96,-57.018333,-25.603333,326.00
30,97,-57.018056,-25.603333,327.00
30,98,-57.017778,-25.603333,328.00
30,99,-57.017500,-25.603333,328.00
30,100,-57.017222,-25.603333,330.00
30,101,-57.016944,-25.603333,331.00
30,102,-57.016667,-25.603333,331.00
30,103,-57.016389,-25.603333,332.00
30,104,-57.016111,-25.603333,333.00
30,105,-57.015833,-25.603333,336.00
30,106,-57.015556,-25.603333,338.00
30,107,-57.015278,-25.603333,337.00
31,0,-57.045000,-25.603611,333.00
31,1,-57.044722,-25.603611,329.00
31,2,-57.044444,-25.603611,327.00
31,3,-57.044167,-25.603611,329.00
31,4,-57.043889,-25.603611,324.00
31,5,-57.043611,-25.603611,320.00
31,6,-57.043333,-25.603611,309.00
31,7,-57.043056,-25.603611,302.00
31,8,-57.042778,-25.603611,295.00
31,9,-57.042500,-25.603611,290.00
31,10,-57.042222,-25.603611,285.00
31,11,-57.041944,-25.603611,279.00
31,12,-57.041667,-25.603611,272.00
31,13,-57.041389,-25.603611,257.00
31,14,-57.041111,-25.603611,251.00
31,15,-57.040833,-25.603611,247.00
31,16,-57.040556,-25.603611,244.00
31,17,-57.040278,-25.603611,241.00
31,18,-57.040000,-25.603611,236.00
31,19,-57.039722,-25.603611,240.00
31,20,-57.039444,-25.603611,240.00
31,21,-57.039167,-25.603611,240.00
31,22,-57.038889,-25.603611,235.00
31,23,-57.038611,-25.603611,237.00
31,24,-57.038333,-25.603611,241.00
31,25,-57.038056,-25.603611,239.00
31,26,-57.037778,-25.603611,237.00
31,27,-57.037500,-25.603611,241.00
31,28,-57.037222,-25.603611,242.00
31,29,-57.036944,-25.603611,240.00
31,30,-57.036667,-25.603611,242.00
31,31,-57.036389,-25.603611,243.00
31,32,-57.036111,-25.603611,245.00
31,33,-57.035833,-25.603611,247.00
31,34,-57.035556,-25.603611,250.00
31,35,-57.035278,-25.603611,249.00
31,36,-57.035000,-25.603611,250.00
31,37,-57.034722,-25.603611,253.00
31,38,-57.034444,-25.603611,254.00
31,39,-57.034167,-25.603611,260.00
31,40,-57.033889,-25.603611,267.00
31,41,-57.033611,-25.603611,265.00
31,42,-57.033333,-25.603611,263.00
31,43,-57.033056,-25.603611,263.00
31,44,-57.032778,-25.603611,265.00
31,45,-57.032500,-25.603611,267.00
31,46,-57.032222,-25.603611,267.00
31,47,-57.031944,-25.603611,269.00
31,48,-57.031667,-25.603611,272.00
31,49,-57.031389,-25.603611,273.00
31,50,-57.031111,-25.603611,274.00
31,51,-57.030833,-25.603611,278.00
31,52,-57.030556,-25.603611,279.00
31,53,-57.030278,-25.603611,281.00
31,54,-57.030000,-25.603611,285.00
31,55,-57.029722,-25.603611,290.00
31,56,-57.029444,-25.603611,289.00
31,57,-57.029167,-25.603611,290.00
31,58,-57.028889,-25.603611,289.00
31,59,-57.028611,-25.603611,290.00
31,60,-57.028333,-25.603611,291.00
31,61,-57.028056,-25.603611,292.00
31,62,-57.027778,-25.603611,291.00
31,63,-57.027500,-25.603611,294.00
31,64,-57.027222,-25.603611,295.00
31,65,-57.026944,-25.603611,295.00
31,66,-57.026667,-25.603611,296.00
31,67,-57.026389,-25.603611,299.00
31,68,-57.026111,-25.603611,301.00
31,69,-57.025833,-25.603611,302.00
31,70,-57.025556,-25.603611,304.00
31,71,-57.025278,-25.603611,304.00
31,72,-57.025000,-25.603611,304.00
31,73,-57.024722,-25.603611,306.00
31,74,-57.024444,-25.603611,307.00
31,75,-57.024167,-25.603611,309.00
31,76,-57.023889,-25.603611,310.00
31,77,-57.023611,-25.603611,311.00
31,78,-57.023333,-25.603611,312.00
31,79,-57.023056,-25.603611,313.00
31,80,-57.022778,-25.603611,316.00
31,81,-57.022500,-25.603611,319.00
31,82,-57.022222,-25.603611,321.00
31,83,-57.021944,-25.603611,323.00
31,84,-57.021667,-25.603611,324.00
31,85,-57.021389,-25.603611,325.00
31,86,-57.021111,-25.603611,325.00
31,87,-57.020833,-25.603611,326.00
31,88,-57.020556,-25.603611,326.00
31,89,-57.020278,-25.603611,325.00
31,90,-57.020000,-25.603611,325.00
31,91,-57.019722,-25.603611,326.00
31,92,-57.019444,-25.603611,326.00
31,93,-57.019167,-25.603611,327.00
31,94,-57.018889,-25.603611,326.00
31,95,-57.018611,-25.603611,327.00
31,96,-57.018333,-25.603611,328.00
31,97,-57.018056,-25.603611,329.00
31,98,-57.017778,-25.603611,329.00
31,99,-57.017500,-25.603611,331.00
31,100,-57.017222,-25.603611,331.00
31,101,-57.016944,-25.603611,333.00
31,102,-57.016667,-25.603611,332.00
31,103,-57.016389,-25.603611,332.00
31,104,-57.016111,-25.603611,334.00
31,105,-57.015833,-25.603611,337.00
31,106,-57.015556,-25.603611,338.00
31,107,-57.015278,-25.603611,338.00
32,0,-57.045000,-25.603889,333.00
32,1,-57.044722,-25.603889,332.00
32,2,-57.044444,-25.603889,330.00
32,3,-57.044167,-25.603889,327.00
32,4,-57.043889,-25.603889,322.00
32,5,-57.043611,-25.603889,317.00
32,6,-57.043333,-25.603889,311.00
32,7,-57.043056,-25.603889,299.00
32,8,-57.042778,-25.603889,294.00
32,9,-57.042500,-25.603889,289.00
32,10,-57.042222,-25.603889,280.00
32,11,-57.041944,-25.603889,270.00
32,12,-57.041667,-25.603889,260.00
32,13,-57.041389,-25.603889,250.00
32,14,-57.041111,-25.603889,245.00
32,15,-57.040833,-25.603889,244.00
32,16,-57.040556,-25.603889,243.00
32,17,-57.040278,-25.603889,237.00
32,18,-57.040000,-25.603889,236.00
32,19,-57.039722,-25.603889,234.00
32,20,-57.039444,-25.603889,237.00
32,21,-57.039167,-25.603889,235.00
32,22,-57.038889,-25.603889,232.00
32,23,-57.038611,-25.603889,232.00
32,24,-57.038333,-25.603889,238.00
32,25,-57.038056,-25.603889,236.00
32,26,-57.037778,-25.603889,233.00
32,27,-57.037500,-25.603889,238.00
32,28,-57.037222,-25.603889,238.00
32,29,-57.036944,-25.603889,235.00
32,30,-57.036667,-25.603889,240.00
32,31,-57.036389,-25.603889,242.00
32,32,-57.036111,-25.603889,243.00
32,33,-57.035833,-25.603889,244.00
32,34,-57.035556,-25.603889,249.00
32,35,-57.035278,-25.603889,248.00
32,36,-57.035000,-25.603889,246.00
32,37,-57.034722,-25.603889,250.00
32,38,-57.034444,-25.603889,251.00
32,39,-57.034167,-25.603889,259.00
32,40,-57.033889,-25.603889,264.00
32,41,-57.033611,-25.603889,263.00
32,42,-57.033333,-25.603889,261.00
32,43,-57.033056,-25.603889,261.00
32,44,-57.032778,-25.603889,262.00
32,45,-57.032500,-25.603889,264.00
32,46,-57.032222,-25.603889,266.00
32,47,-57.031944,-25.603889,272.00
32,48,-57.031667,-25.603889,273.00
32,49,-57.031389,-25.603889,270.00
32,50,-57.031111,-25.603889,271.00
32,51,-57.030833,-25.603889,273.00
32,52,-57.030556,-25.603889,276.00
32,53,-57.030278,-25.603889,278.00
32,54,-57.030000,-25.603889,282.00
32,55,-57.029722,-25.603889,286.00
32,56,-57.029444,-25.603889,288.00
32,57,-57.029167,-25.603889,287.00
32,58,-57.028889,-25.603889,286.00
32,59,-57.028611,-25.603889,287.00
32,60,-57.028333,-25.603889,287.00
32,61,-57.028056,-25.603889,290.00
32,62,-57.027778,-25.603889,290.00
32,63,-57.027500,-25.603889,292.00
32,64,-57.027222,-25.603889,292.00
32,65,-57.026944,-25.603889,293.00
32,66,-57.026667,-25.603889,294.00
32,67,-57.026389,-25.603889,296.00
32,68,-57.026111,-25.603889,298.00
32,69,-57.025833,-25.603889,298.00
32,70,-57.025556,-25.603889,300.00
32,71,-57.025278,-25.603889,302.00
32,72,-57.025000,-25.603889,303.00
32,73,-57.024722,-25.603889,304.00
32,74,-57.024444,-25.603889,304.00
32,75,-57.024167,-25.603889,305.00
32,76,-57.023889,-25.603889,307.00
32,77,-57.023611,-25.603889,310.00
32,78,-57.023333,-25.603889,312.00
32,79,-57.023056,-25.603889,314.00
32,80,-57.022778,-25.603889,316.00
32,81,-57.022500,-25.603889,320.00
32,82,-57.022222,-25.603889,322.00
32,83,-57.021944,-25.603889,324.00
32,84,-57.021667,-25.603889,325.00
32,85,-57.021389,-25.603889,326.00
32,86,-57.021111,-25.603889,327.00
32,87,-57.020833,-25.603889,327.00
32,88,-57.020556,-25.603889,327.00
32,89,-57.020278,-25.603889,327.00
32,90,-57.020000,-25.603889,327.00
32,91,-57.019722,-25.603889,326.00
32,92,-57.019444,-25.603889,327.00
32,93,-57.019167,-25.603889,328.00
32,94,-57.018889,-25.603889,327.00
32,95,-57.018611,-25.603889,328.00
32,96,-57.018333,-25.603889,329.00
32,97,-57.018056,-25.603889,330.00
32,98,-57.017778,-25.603889,331.00
32,99,-57.017500,-25.603889,332.00
32,100,-57.017222,-25.603889,331.00
32,101,-57.016944,-25.603889,333.00
32,102,-57.016667,-25.603889,333.00
32,103,-57.016389,-25.603889,335.00
32,104,-57.016111,-25.603889,337.00
32,105,-57.015833,-25.603889,337.00
32,106,-57.015556,-25.603889,339.00
32,107,-57.015278,-25.603889,340.00
33,0,-57.045000,-25.604167,331.00
33,1,-57.044722,-25.604167,330.00
33,2,-57.044444,-25.604167,328.00
33,3,-57.044167,-25.604167,328.00
33,4,-57.043889,-25.604167,325.00
33,5,-57.043611,-25.604167,316.00
33,6,-57.043333,-25.604167,308.00
33,7,-57.043056,-25.604167,296.00
33,8,-57.042778,-25.604167,295.00
33,9,-57.042500,-25.604167,288.00
33,10,-57.042222,-25.604167,276.00
33,11,-57.041944,-25.604167,267.00
33,12,-57.041667,-25.604167,256.00
33,13,-57.041389,-25.604167,247.00
33,14,-57.041111,-25.604167,243.00
33,15,-57.040833,-25.604167,241.00
33,16,-57.040556,-25.604167,241.00
33,17,-57.040278,-25.604167,237.00
33,18,-57.040000,-25.604167,231.00
33,19,-57.039722,-25.604167,229.00
33,20,-57.039444,-25.604167,228.00
33,21,-57.039167,-25.604167,229.00
33,22,-57.038889,-25.604167,228.00
33,23,-57.038611,-25.604167,229.00
33,24,-57.038333,-25.604167,234.00
33,25,-57.038056,-25.604167,230.00
33,26,-57.037778,-25.604167,232.00
33,27,-57.037500,-25.604167,235.00
33,28,-57.037222,-25.604167,235.00
33,29,-57.036944,-25.604167,234.00
33,30,-57.036667,-25.604167,235.00
33,31,-57.036389,-25.604167,237.00
33,32,-57.036111,-25.604167,238.00
33,33,-57.035833,-25.604167,240.00
33,34,-57.035556,-25.604167,241.00
33,35,-57.035278,-25.604167,242.00
33,36,-57.035000,-25.604167,243.00
33,37,-57.034722,-25.604167,246.00
33,38,-57.034444,-25.604167,250.00
33,39,-57.034167,-25.604167,255.00
33,40,-57.033889,-25.604167,256.00
33,41,-57.033611,-25.604167,257.00
33,42,-57.033333,-25.604167,256.00
33,43,-57.033056,-25.604167,256.00
33,44,-57.032778,-25.604167,257.00
33,45,-57.032500,-25.604167,258.00
33,46,-57.032222,-25.604167,261.00
33,47,-57.031944,-25.604167,267.00
33,48,-57.031667,-25.604167,266.00
33,49,-57.031389,-25.604167,266.00
33,50,-57.031111,-25.604167,268.00
33,51,-57.030833,-25.604167,271.00
33,52,-57.030556,-25.604167,273.00
33,53,-57.030278,-25.604167,273.00
33,54,-57.030000,-25.604167,279.00
33,55,-57.029722,-25.604167,285.00
33,56,-57.029444,-25.604167,285.00
33,57,-57.029167,-25.604167,282.00
33,58,-57.028889,-25.604167,283.00
33,59,-57.028611,-25.604167,284.00
33,60,-57.028333,-25.604167,284.00
33,61,-57.028056,-25.604167,287.00
33,62,-57.027778,-25.604167,286.00
33,63,-57.027500,-25.604167,290.00
33,64,-57.027222,-25.604167,290.00
33,65,-57.026944,-25.604167,291.00
33,66,-57.026667,-25.604167,292.00
33,67,-57.026389,-25.604167,293.00
33,68,-57.026111,-25.604167,294.00
33,69,-57.025833,-25.604167,295.00
33,70,-57.025556,-25.604167,297.00
33,71,-57.025278,-25.604167,299.00
33,72,-57.025000,-25.604167,299.00
33,73,-57.024722,-25.604167,301.00
33,74,-57.024444,-25.604167,303.00
33,75,-57.024167,-25.604167,306.00
33,76,-57.023889,-25.604167,308.00
33,77,-57.023611,-25.604167,313.00
33,78,-57.023333,-25.604167,314.00
33,79,-57.023056,-25.604167,314.00
33,80,-57.022778,-25.604167,317.00
33,81,-57.022500,-25.604167,321.00
33,82,-57.022222,-25.604167,322.00
33,83,-57.021944,-25.604167,324.00
33,84,-57.021667,-25.604167,325.00
33,85,-57.021389,-25.604167,326.00
33,86,-57.021111,-25.604167,328.00
33,87,-57.020833,-25.604167,328.00
33,88,-57.020556,-25.604167,328.00
33,89,-57.020278,-25.604167,328.00
33,90,-57.020000,-25.604167,327.00
33,91,-57.019722,-25.604167,327.00
33,92,-57.019444,-25.604167,329.00
33,93,-57.019167,-25.604167,328.00
33,94,-57.018889,-25.604167,330.00
33,95,-57.018611,-25.604167,330.00
33,96,-57.018333,-25.604167,331.00
33,97,-57.018056,-25.604167,332.00
33,98,-57.017778,-25.604167,332.00
33,99,-57.017500,-25.604167,333.00
33,100,-57.017222,-25.604167,333.00
33,101,-57.016944,-25.604167,334.00
33,102,-57.016667,-25.604167,335.00
33,103,-57.016389,-25.604167,336.00
33,104,-57.016111,-25.604167,337.00
33,105,-57.015833,-25.604167,339.00
33,106,-57.015556,-25.604167,339.00
33,107,-57.015278,-25.604167,342.00
34,0,-57.045000,-25.604444,335.00
34,1,-57.044722,-25.604444,335.00
34,2,-57.044444,-25.604444,336.00
34,3,-57.044167,-25.604444,336.00
34,4,-57.043889,-25.604444,333.00
34,5,-57.043611,-25.604444,327.00
34,6,-57.043333,-25.604444,311.00
34,7,-57.043056,-25.604444,300.00
34,8,-57.042778,-25.604444,297.00
34,9,-57.042500,-25.604444,291.00
34,10,-57.042222,-25.604444,278.00
34,11,-57.041944,-25.604444,271.00
34,12,-57.041667,-25.604444,260.00
34,13,-57.041389,-25.604444,248.00
34,14,-57.041111,-25.604444,242.00
34,15,-57.040833,-25.604444,238.00
34,16,-57.040556,-25.604444,235.00
34,17,-57.040278,-25.604444,232.00
34,18,-57.040000,-25.604444,230.00
34,19,-57.039722,-25.604444,225.00
34,20,-57.039444,-25.604444,219.00
34,21,-57.039167,-25.604444,220.00
34,22,-57.038889,-25.604444,223.00
34,23,-57.038611,-25.604444,224.00
34,24,-57.038333,-25.604444,226.00
34,25,-57.038056,-25.604444,228.00
34,26,-57.037778,-25.604444,233.00
34,27,-57.037500,-25.604444,229.00
34,28,-57.037222,-25.604444,232.00
34,29,-57.036944,-25.604444,232.00
34,30,-57.036667,-25.604444,232.00
34,31,-57.036389,-25.604444,235.00
34,32,-57.036111,-25.604444,235.00
34,33,-57.035833,-25.604444,237.00
34,34,-57.035556,-25.604444,238.00
34,35,-57.035278,-25.604444,239.00
34,36,-57.035000,-25.604444,239.00
34,37,-57.034722,-25.604444,244.00
34,38,-57.034444,-25.604444,249.00
34,39,-57.034167,-25.604444,252.00
34,40,-57.033889,-25.604444,253.00
34,41,-57.033611,-25.604444,252.00
34,42,-57.033333,-25.604444,251.00
34,43,-57.033056,-25.604444,251.00
34,44,-57.032778,-25.604444,255.00
34,45,-57.032500,-25.604444,258.00
34,46,-57.032222,-25.604444,257.00
34,47,-57.031944,-25.604444,259.00
34,48,-57.031667,-25.604444,260.00
34,49,-57.031389,-25.604444,262.00
34,50,-57.031111,-25.604444,264.00
34,51,-57.030833,-25.604444,267.00
34,52,-57.030556,-25.604444,271.00
34,53,-57.030278,-25.604444,274.00
34,54,-57.030000,-25.604444,276.00
34,55,-57.029722,-25.604444,282.00
34,56,-57.029444,-25.604444,280.00
34,57,-57.029167,-25.604444,277.00
34,58,-57.028889,-25.604444,279.00
34,59,-57.028611,-25.604444,280.00
34,60,-57.028333,-25.604444,282.00
34,61,-57.028056,-25.604444,286.00
34,62,-57.027778,-25.604444,288.00
34,63,-57.027500,-25.604444,289.00
34,64,-57.027222,-25.604444,288.00
34,65,-57.026944,-25.604444,288.00
34,66,-57.026667,-25.604444,290.00
34,67,-57.026389,-25.604444,290.00
34,68,-57.026111,-25.604444,292.00
34,69,-57.025833,-25.604444,293.00
34,70,-57.025556,-25.604444,293.00
34,71,-57.025278,-25.604444,294.00
34,72,-57.025000,-25.604444,300.00
34,73,-57.024722,-25.604444,303.00
34,74,-57.024444,-25.604444,305.00
34,75,-57.024167,-25.604444,304.00
34,76,-57.023889,-25.604444,311.00
34,77,-57.023611,-25.604444,323.00
34,78,-57.023333,-25.604444,323.00
34,79,-57.023056,-25.604444,319.00
34,80,-57.022778,-25.604444,318.00
34,81,-57.022500,-25.604444,320.00
34,82,-57.022222,-25.604444,322.00
34,83,-57.021944,-25.604444,323.00
34,84,-57.021667,-25.604444,325.00
34,85,-57.021389,-25.604444,327.00
34,86,-57.021111,-25.604444,329.00
34,87,-57.020833,-25.604444,328.00
34,88,-57.020556,-25.604444,329.00
34,89,-57.020278,-25.604444,329.00
34,90,-57.020000,-25.604444,328.00
34,91,-57.019722,-25.604444,329.00
34,92,-57.019444,-25.604444,330.00
34,93,-57.019167,-25.604444,330.00
34,94,-57.018889,-25.604444,330.00
34,95,-57.018611,-25.604444,330.00
34,96,-57.018333,-25.604444,332.00
34,97,-57.018056,-25.604444,333.00
34,98,-57.017778,-25.604444,333.00
34,99,-57.017500,-25.604444,333.00
34,100,-57.017222,-25.604444,335.00
34,101,-57.016944,-25.604444,336.00
34,102,-57.016667,-25.604444,336.00
34,103,-57.016389,-25.604444,338.00
34,104,-57.016111,-25.604444,339.00
34,105,-57.015833,-25.604444,340.00
34,106,-57.015556,-25.604444,341.00
34,107,-57.015278,-25.604444,342.00
35,0,-57.045000,-25.604722,338.00
35,1,-57.044722,-25.604722,342.00
35,2,-57.044444,-25.604722,348.00
35,3,-57.044167,-25.604722,349.00
35,4,-57.043889,-25.604722,342.00
35,5,-57.043611,-25.604722,334.00
35,6,-57.043333,-25.604722,321.00
35,7,-57.043056,-25.604722,309.00
35,8,-57.042778,-25.604722,303.00
35,9,-57.042500,-25.604722,289.00
35,10,-57.042222,-25.604722,280.00
35,11,-57.041944,-25.604722,274.00
35,12,-57.041667,-25.604722,263.00
35,13,-57.041389,-25.604722,249.00
35,14,-57.041111,-25.604722,243.00
35,15,-57.040833,-25.604722,238.00
35,16,-57.040556,-25.604722,234.00
35,17,-57.040278,-25.604722,231.00
35,18,-57.040000,-25.604722,229.00
35,19,-57.039722,-25.604722,225.00
35,20,-57.039444,-25.604722,219.00
35,21,-57.039167,-25.604722,213.00
35,22,-57.038889,-25.604722,213.00
35,23,-57.038611,-25.604722,217.00
35,24,-57.038333,-25.604722,220.00
35,25,-57.038056,-25.604722,223.00
35,26,-57.037778,-25.604722,229.00
35,27,-57.037500,-25.604722,228.00
35,28,-57.037222,-25.604722,230.00
35,29,-57.036944,-25.604722,230.00
35,30,-57.036667,-25.604722,229.00
35,31,-57.036389,-25.604722,231.00
35,32,-57.036111,-25.604722,233.00
35,33,-57.035833,-25.604722,234.00
35,34,-57.035556,-25.604722,236.00
35,35,-57.035278,-25.604722,236.00
35,36,-57.035000,-25.604722,236.00
35,37,-57.034722,-25.604722,238.00
35,38,-57.034444,-25.604722,244.00
35,39,-57.034167,-25.604722,246.00
35,40,-57.033889,-25.604722,247.00
35,41,-57.033611,-25.604722,244.00
35,42,-57.033333,-25.604722,244.00
35,43,-57.033056,-25.604722,247.00
35,44,-57.032778,-25.604722,254.00
35,45,-57.032500,-25.604722,261.00
35,46,-57.032222,-25.604722,261.00
35,47,-57.031944,-25.604722,258.00
35,48,-57.031667,-25.604722,257.00
35,49,-57.031389,-25.604722,259.00
35,50,-57.031111,-25.604722,260.00
35,51,-57.030833,-25.604722,265.00
35,52,-57.030556,-25.604722,272.00
35,53,-57.030278,-25.604722,274.00
35,54,-57.030000,-25.604722,277.00
35,55,-57.029722,-25.604722,277.00
35,56,-57.029444,-25.604722,274.00
35,57,-57.029167,-25.604722,276.00
35,58,-57.028889,-25.604722,277.00
35,59,-57.028611,-25.604722,279.00
35,60,-57.028333,-25.604722,280.00
35,61,-57.028056,-25.604722,282.00
35,62,-57.027778,-25.604722,285.00
35,63,-57.027500,-25.604722,287.00
35,64,-57.027222,-25.604722,285.00
35,65,-57.026944,-25.604722,286.00
35,66,-57.026667,-25.604722,287.00
35,67,-57.026389,-25.604722,289.00
35,68,-57.026111,-25.604722,289.00
35,69,-57.025833,-25.604722,290.00
35,70,-57.025556,-25.604722,291.00
35,71,-57.025278,-25.604722,293.00
35,72,-57.025000,-25.604722,298.00
35,73,-57.024722,-25.604722,300.00
35,74,-57.024444,-25.604722,302.00
35,75,-57.024167,-25.604722,300.00
35,76,-57.023889,-25.604722,308.00
35,77,-57.023611,-25.604722,320.00
35,78,-57.023333,-25.604722,327.00
35,79,-57.023056,-25.604722,328.00
35,80,-57.022778,-25.604722,323.00
35,81,-57.022500,-25.604722,321.00
35,82,-57.022222,-25.604722,321.00
35,83,-57.021944,-25.604722,324.00
35,84,-57.021667,-25.604722,326.00
35,85,-57.021389,-25.604722,327.00
35,86,-57.021111,-25.604722,328.00
35,87,-57.020833,-25.604722,328.00
35,88,-57.020556,-25.604722,329.00
35,89,-57.020278,-25.604722,329.00
35,90,-57.020000,-25.604722,329.00
35,91,-57.019722,-25.604722,331.00
35,92,-57.019444,-25.604722,330.00
35,93,-57.019167,-25.604722,330.00
35,94,-57.018889,-25.604722,331.00
35,95,-57.018611,-25.604722,332.00
35,96,-57.018333,-25.604722,331.00
35,97,-57.018056,-25.604722,332.00
35,98,-57.017778,-25.604722,333.00
35,99,-57.017500,-25.604722,335.00
35,100,-57.017222,-25.604722,335.00
35,101,-57.016944,-25.604722,336.00
35,102,-57.016667,-25.604722,337.00
35,103,-57.016389,-25.604722,339.00
35,104,-57.016111,-25.604722,340.00
35,105,-57.015833,-25.604722,341.00
35,106,-57.015556,-25.604722,341.00
35,107,-57.015278,-25.604722,343.00
36,0,-57.045000,-25.605000,336.00
36,1,-57.044722,-25.605000,343.00
36,2,-57.044444,-25.605000,353.00
36,3,-57.044167,-25.605000,361.00
36,4,-57.043889,-25.605000,353.00
36,5,-57.043611,-25.605000,343.00
36,6,-57.043333,-25.605000,328.00
36,7,-57.043056,-25.605000,310.00
36,8,-57.042778,-25.605000,302.00
36,9,-57.042500,-25.605000,288.00
36,10,-57.042222,-25.605000,278.00
36,11,-57.041944,-25.605000,272.00
36,12,-57.041667,-25.605000,265.00
36,13,-57.041389,-25.605000,257.00
36,14,-57.041111,-25.605000,247.00
36,15,-57.040833,-25.605000,238.00
36,16,-57.040556,-25.605000,231.00
36,17,-57.040278,-25.605000,228.00
36,18,-57.040000,-25.605000,226.00
36,19,-57.039722,-25.605000,219.00
36,20,-57.039444,-25.605000,214.00
36,21,-57.039167,-25.605000,208.00
36,22,-57.038889,-25.605000,205.00
36,23,-57.038611,-25.605000,206.00
36,24,-57.038333,-25.605000,209.00
36,25,-57.038056,-25.605000,214.00
36,26,-57.037778,-25.605000,218.00
36,27,-57.037500,-25.605000,222.00
36,28,-57.037222,-25.605000,227.00
36,29,-57.036944,-25.605000,225.00
36,30,-57.036667,-25.605000,225.00
36,31,-57.036389,-25.605000,229.00
36,32,-57.036111,-25.605000,231.00
36,33,-57.035833,-25.605000,232.00
36,34,-57.035556,-25.605000,231.00
36,35,-57.035278,-25.605000,232.00
36,36,-57.035000,-25.605000,234.00
36,37,-57.034722,-25.605000,234.00
36,38,-57.034444,-25.605000,235.00
36,39,-57.034167,-25.605000,239.00
36,40,-57.033889,-25.605000,242.00
36,41,-57.033611,-25.605000,241.00
36,42,-57.033333,-25.605000,240.00
36,43,-57.033056,-25.605000,242.00
36,44,-57.032778,-25.605000,250.00
36,45,-57.032500,-25.605000,254.00
36,46,-57.032222,-25.605000,256.00
36,47,-57.031944,-25.605000,254.00
36,48,-57.031667,-25.605000,252.00
36,49,-57.031389,-25.605000,256.00
36,50,-57.031111,-25.605000,254.00
36,51,-57.030833,-25.605000,259.00
36,52,-57.030556,-25.605000,265.00
36,53,-57.030278,-25.605000,265.00
36,54,-57.030000,-25.605000,269.00
36,55,-57.029722,-25.605000,268.00
36,56,-57.029444,-25.605000,268.00
36,57,-57.029167,-25.605000,271.00
36,58,-57.028889,-25.605000,274.00
36,59,-57.028611,-25.605000,275.00
36,60,-57.028333,-25.605000,277.00
36,61,-57.028056,-25.605000,278.00
36,62,-57.027778,-25.605000,285.00
36,63,-57.027500,-25.605000,284.00
36,64,-57.027222,-25.605000,283.00
36,65,-57.026944,-25.605000,283.00
36,66,-57.026667,-25.605000,285.00
36,67,-57.026389,-25.605000,285.00
36,68,-57.026111,-25.605000,285.00
36,69,-57.025833,-25.605000,287.00
36,70,-57.025556,-25.605000,291.00
36,71,-57.025278,-25.605000,297.00
36,72,-57.025000,-25.605000,298.00
36,73,-57.024722,-25.605000,297.00
36,74,-57.024444,-25.605000,299.00
36,75,-57.024167,-25.605000,302.00
36,76,-57.023889,-25.605000,307.00
36,77,-57.023611,-25.605000,315.00
36,78,-57.023333,-25.605000,322.00
36,79,-57.023056,-25.605000,326.00
36,80,-57.022778,-25.605000,328.00
36,81,-57.022500,-25.605000,328.00
36,82,-57.022222,-25.605000,323.00
36,83,-57.021944,-25.605000,322.00
36,84,-57.021667,-25.605000,325.00
36,85,-57.021389,-25.605000,326.00
36,86,-57.021111,-25.605000,327.00
36,87,-57.020833,-25.605000,328.00
36,88,-57.020556,-25.605000,329.00
36,89,-57.020278,-25.605000,330.00
36,90,-57.020000,-25.605000,330.00
36,91,-57.019722,-25.605000,330.00
36,92,-57.019444,-25.605000,331.00
36,93,-57.019167,-25.605000,331.00
36,94,-57.018889,-25.605000,332.00
36,95,-57.018611,-25.605000,332.00
36,96,-57.018333,-25.605000,332.00
36,97,-57.018056,-25.605000,333.00
36,98,-57.017778,-25.605000,333.00
36,99,-57.017500,-25.605000,334.00
36,100,-57.017222,-25.605000,336.00
36,101,-57.016944,-25.605000,339.00
36,102,-57.016667,-25.605000,339.00
36,103,-57.016389,-25.605000,340.00
36,104,-57.016111,-25.605000,340.00
36,105,-57.015833,-25.605000,342.00
36,106,-57.015556,-25.605000,343.00
36,107,-57.015278,-25.605000,344.00
37,0,-57.045000,-25.605278,331.00
37,1,-57.044722,-25.605278,340.00
37,2,-57.044444,-25.605278,350.00
37,3,-57.044167,-25.605278,358.00
37,4,-57.043889,-25.605278,352.00
37,5,-57.043611,-25.605278,341.00
37,6,-57.043333,-25.605278,327.00
37,7,-57.043056,-25.605278,310.00
37,8,-57.042778,-25.605278,298.00
37,9,-57.042500,-25.605278,286.00
37,10,-57.042222,-25.605278,275.00
37,11,-57.041944,-25.605278,269.00
37,12,-57.041667,-25.605278,266.00
37,13,-57.041389,-25.605278,260.00
37,14,-57.041111,-25.605278,249.00
37,15,-57.040833,-25.605278,237.00
37,16,-57.040556,-25.605278,229.00
37,17,-57.040278,-25.605278,226.00
37,18,-57.040000,-25.605278,222.00
37,19,-57.039722,-25.605278,218.00
37,20,-57.039444,-25.605278,216.00
37,21,-57.039167,-25.605278,213.00
37,22,-57.038889,-25.605278,205.00
37,23,-57.038611,-25.605278,203.00
37,24,-57.038333,-25.605278,210.00
37,25,-57.038056,-25.605278,209.00
37,26,-57.037778,-25.605278,210.00
37,27,-57.037500,-25.605278,212.00
37,28,-57.037222,-25.605278,216.00
37,29,-57.036944,-25.605278,219.00
37,30,-57.036667,-25.605278,220.00
37,31,-57.036389,-25.605278,224.00
37,32,-57.036111,-25.605278,227.00
37,33,-57.035833,-25.605278,227.00
37,34,-57.035556,-25.605278,227.00
37,35,-57.035278,-25.605278,230.00
37,36,-57.035000,-25.605278,230.00
37,37,-57.034722,-25.605278,231.00
37,38,-57.034444,-25.605278,231.00
37,39,-57.034167,-25.605278,236.00
37,40,-57.033889,-25.605278,240.00
37,41,-57.033611,-25.605278,237.00
37,42,-57.033333,-25.605278,237.00
37,43,-57.033056,-25.605278,240.00
37,44,-57.032778,-25.605278,248.00
37,45,-57.032500,-25.605278,248.00
37,46,-57.032222,-25.605278,246.00
37,47,-57.031944,-25.605278,246.00
37,48,-57.031667,-25.605278,247.00
37,49,-57.031389,-25.605278,249.00
37,50,-57.031111,-25.605278,250.00
37,51,-57.030833,-25.605278,254.00
37,52,-57.030556,-25.605278,258.00
37,53,-57.030278,-25.605278,261.00
37,54,-57.030000,-25.605278,263.00
37,55,-57.029722,-25.605278,263.00
37,56,-57.029444,-25.605278,266.00
37,57,-57.029167,-25.605278,267.00
37,58,-57.028889,-25.605278,269.00
37,59,-57.028611,-25.605278,272.00
37,60,-57.028333,-25.605278,276.00
37,61,-57.028056,-25.605278,274.00
37,62,-57.027778,-25.605278,278.00
37,63,-57.027500,-25.605278,281.00
37,64,-57.027222,-25.605278,280.00
37,65,-57.026944,-25.605278,279.00
37,66,-57.026667,-25.605278,282.00
37,67,-57.026389,-25.605278,285.00
37,68,-57.026111,-25.605278,283.00
37,69,-57.025833,-25.605278,284.00
37,70,-57.025556,-25.605278,292.00
37,71,-57.025278,-25.605278,295.00
37,72,-57.025000,-25.605278,296.00
37,73,-57.024722,-25.605278,296.00
37,74,-57.024444,-25.605278,294.00
37,75,-57.024167,-25.605278,297.00
37,76,-57.023889,-25.605278,304.00
37,77,-57.023611,-25.605278,310.00
37,78,-57.023333,-25.605278,318.00
37,79,-57.023056,-25.605278,322.00
37,80,-57.022778,-25.605278,325.00
37,81,-57.022500,-25.605278,326.00
37,82,-57.022222,-25.605278,321.00
37,83,-57.021944,-25.605278,320.00
37,84,-57.021667,-25.605278,322.00
37,85,-57.021389,-25.605278,324.00
37,86,-57.021111,-25.605278,325.00
37,87,-57.020833,-25.605278,327.00
37,88,-57.020556,-25.605278,328.00
37,89,-57.020278,-25.605278,329.00
37,90,-57.020000,-25.605278,330.00
37,91,-57.019722,-25.605278,330.00
37,92,-57.019444,-25.605278,330.00
37,93,-57.019167,-25.605278,331.00
37,94,-57.018889,-25.605278,332.00
37,95,-57.018611,-25.605278,332.00
37,96,-57.018333,-25.605278,333.00
37,97,-57.018056,-25.605278,334.00
37,98,-57.017778,-25.605278,334.00
37,99,-57.017500,-25.605278,335.00
37,100,-57.017222,-25.605278,336.00
37,101,-57.016944,-25.605278,337.00
37,102,-57.016667,-25.605278,339.00
37,103,-57.016389,-25.605278,340.00
37,104,-57.016111,-25.605278,341.00
37,105,-57.015833,-25.605278,344.00
37,106,-57.015556,-25.605278,344.00
37,107,-57.015278,-25.605278,345.00
38,0,-57.045000,-25.605556,326.00
38,1,-57.044722,-25.605556,333.00
38,2,-57.044444,-25.605556,340.00
38,3,-57.044167,-25.605556,341.00
38,4,-57.043889,-25.605556,337.00
38,5,-57.043611,-25.605556,330.00
38,6,-57.043333,-25.605556,318.00
38,7,-57.043056,-25.605556,305.00
38,8,-57.042778,-25.605556,294.00
38,9,-57.042500,-25.605556,283.00
38,10,-57.042222,-25.605556,269.00
38,11,-57.041944,-25.605556,263.00
38,12,-57.041667,-25.605556,257.00
38,13,-57.041389,-25.605556,250.00
38,14,-57.041111,-25.605556,244.00
38,15,-57.040833,-25.605556,234.00
38,16,-57.040556,-25.605556,230.00
38,17,-57.040278,-25.605556,225.00
38,18,-57.040000,-25.605556,220.00
38,19,-57.039722,-25.605556,218.00
38,20,-57.039444,-25.605556,217.00
38,21,-57.039167,-25.605556,214.00
38,22,-57.038889,-25.605556,211.00
38,23,-57.038611,-25.605556,202.00
38,24,-57.038333,-25.605556,208.00
38,25,-57.038056,-25.605556,207.00
38,26,-57.037778,-25.605556,208.00
38,27,-57.037500,-25.605556,208.00
38,28,-57.037222,-25.605556,211.00
38,29,-57.036944,-25.605556,214.00
38,30,-57.036667,-25.605556,216.00
38,31,-57.036389,-25.605556,219.00
38,32,-57.036111,-25.605556,222.00
38,33,-57.035833,-25.605556,223.00
38,34,-57.035556,-25.605556,226.00
38,35,-57.035278,-25.605556,230.00
38,36,-57.035000,-25.605556,230.00
38,37,-57.034722,-25.605556,228.00
38,38,-57.034444,-25.605556,230.00
38,39,-57.034167,-25.605556,233.00
38,40,-57.033889,-25.605556,235.00
38,41,-57.033611,-25.605556,233.00
38,42,-57.033333,-25.605556,239.00
38,43,-57.033056,-25.605556,239.00
38,44,-57.032778,-25.605556,242.00
38,45,-57.032500,-25.605556,241.00
38,46,-57.032222,-25.605556,240.00
38,47,-57.031944,-25.605556,243.00
38,48,-57.031667,-25.605556,245.00
38,49,-57.031389,-25.605556,246.00
38,50,-57.031111,-25.605556,247.00
38,51,-57.030833,-25.605556,251.00
38,52,-57.030556,-25.605556,255.00
38,53,-57.030278,-25.605556,259.00
38,54,-57.030000,-25.605556,257.00
38,55,-57.029722,-25.605556,259.00
38,56,-57.029444,-25.605556,262.00
38,57,-57.029167,-25.605556,263.00
38,58,-57.028889,-25.605556,265.00
38,59,-57.028611,-25.605556,271.00
38,60,-57.028333,-25.605556,271.00
38,61,-57.028056,-25.605556,270.00
38,62,-57.027778,-25.605556,273.00
38,63,-57.027500,-25.605556,277.00
38,64,-57.027222,-25.605556,276.00
38,65,-57.026944,-25.605556,278.00
38,66,-57.026667,-25.605556,279.00
38,67,-57.026389,-25.605556,282.00
38,68,-57.026111,-25.605556,281.00
38,69,-57.025833,-25.605556,282.00
38,70,-57.025556,-25.605556,291.00
38,71,-57.025278,-25.605556,295.00
38,72,-57.025000,-25.605556,295.00
38,73,-57.024722,-25.605556,296.00
38,74,-57.024444,-25.605556,296.00
38,75,-57.024167,-25.605556,297.00
38,76,-57.023889,-25.605556,304.00
38,77,-57.023611,-25.605556,307.00
38,78,-57.023333,-25.605556,314.00
38,79,-57.023056,-25.605556,321.00
38,80,-57.022778,-25.605556,322.00
38,81,-57.022500,-25.605556,318.00
38,82,-57.022222,-25.605556,318.00
38,83,-57.021944,-25.605556,317.00
38,84,-57.021667,-25.605556,321.00
38,85,-57.021389,-25.605556,322.00
38,86,-57.021111,-25.605556,323.00
38,87,-57.020833,-25.605556,325.00
38,88,-57.020556,-25.605556,325.00
38,89,-57.020278,-25.605556,325.00
38,90,-57.020000,-25.605556,329.00
38,91,-57.019722,-25.605556,330.00
38,92,-57.019444,-25.605556,330.00
38,93,-57.019167,-25.605556,331.00
38,94,-57.018889,-25.605556,331.00
38,95,-57.018611,-25.605556,332.00
38,96,-57.018333,-25.605556,332.00
38,97,-57.018056,-25.605556,334.00
38,98,-57.017778,-25.605556,334.00
38,99,-57.017500,-25.605556,336.00
38,100,-57.017222,-25.605556,337.00
38,101,-57.016944,-25.605556,337.00
38,102,-57.016667,-25.605556,338.00
38,103,-57.016389,-25.605556,341.00
38,104,-57.016111,-25.605556,343.00
38,105,-57.015833,-25.605556,343.00
38,106,-57.015556,-25.605556,345.00
38,107,-57.015278,-25.605556,346.00
39,0,-57.045000,-25.605833,314.00
39,1,-57.044722,-25.605833,318.00
39,2,-57.044444,-25.605833,319.00
39,3,-57.044167,-25.605833,320.00
39,4,-57.043889,-25.605833,320.00
39,5,-57.043611,-25.605833,314.00
39,6,-57.043333,-25.605833,303.00
39,7,-57.043056,-25.605833,293.00
39,8,-57.042778,-25.605833,285.00
39,9,-57.042500,-25.605833,279.00
39,10,-57.042222,-25.605833,268.00
39,11,-57.041944,-25.605833,261.00
39,12,-57.041667,-25.605833,254.00
39,13,-57.041389,-25.605833,243.00
39,14,-57.041111,-25.605833,236.00
39,15,-57.040833,-25.605833,232.00
39,16,-57.040556,-25.605833,229.00
39,17,-57.040278,-25.605833,224.00
39,18,-57.040000,-25.605833,218.00
39,19,-57.039722,-25.605833,219.00
39,20,-57.039444,-25.605833,216.00
39,21,-57.039167,-25.605833,213.00
39,22,-57.038889,-25.605833,212.00
39,23,-57.038611,-25.605833,203.00
39,24,-57.038333,-25.605833,205.00
39,25,-57.038056,-25.605833,207.00
39,26,-57.037778,-25.605833,207.00
39,27,-57.037500,-25.605833,206.00
39,28,-57.037222,-25.605833,209.00
39,29,-57.036944,-25.605833,210.00
39,30,-57.036667,-25.605833,212.00
39,31,-57.036389,-25.605833,216.00
39,32,-57.036111,-25.605833,218.00
39,33,-57.035833,-25.605833,219.00
39,34,-57.035556,-25.605833,226.00
39,35,-57.035278,-25.605833,233.00
39,36,-57.035000,-25.605833,232.00
39,37,-57.034722,-25.605833,225.00
39,38,-57.034444,-25.605833,225.00
39,39,-57.034167,-25.605833,232.00
39,40,-57.033889,-25.605833,232.00
39,41,-57.033611,-25.605833,232.00
39,42,-57.033333,-25.605833,232.00
39,43,-57.033056,-25.605833,231.00
39,44,-57.032778,-25.605833,234.00
39,45,-57.032500,-25.605833,234.00
39,46,-57.032222,-25.605833,237.00
39,47,-57.031944,-25.605833,238.00
39,48,-57.031667,-25.605833,239.00
39,49,-57.031389,-25.605833,240.00
39,50,-57.031111,-25.605833,242.00
39,51,-57.030833,-25.605833,245.00
39,52,-57.030556,-25.605833,251.00
39,53,-57.030278,-25.605833,254.00
39,54,-57.030000,-25.605833,256.00
39,55,-57.029722,-25.605833,254.00
39,56,-57.029444,-25.605833,255.00
39,57,-57.029167,-25.605833,260.00
39,58,-57.028889,-25.605833,262.00
39,59,-57.028611,-25.605833,265.00
39,60,-57.028333,-25.605833,266.00
39,61,-57.028056,-25.605833,267.00
39,62,-57.027778,-25.605833,269.00
39,63,-57.027500,-25.605833,275.00
39,64,-57.027222,-25.605833,276.00
39,65,-57.026944,-25.605833,276.00
39,66,-57.026667,-25.605833,276.00
39,67,-57.026389,-25.605833,277.00
39,68,-57.026111,-25.605833,277.00
39,69,-57.025833,-25.605833,280.00
39,70,-57.025556,-25.605833,289.00
39,71,-57.025278,-25.605833,292.00
39,72,-57.025000,-25.605833,294.00
39,73,-57.024722,-25.605833,296.00
39,74,-57.024444,-25.605833,298.00
39,75,-57.024167,-25.605833,300.00
39,76,-57.023889,-25.605833,306.00
39,77,-57.023611,-25.605833,310.00
39,78,-57.023333,-25.605833,317.00
39,79,-57.023056,-25.605833,318.00
39,80,-57.022778,-25.605833,311.00
39,81,-57.022500,-25.605833,310.00
39,82,-57.022222,-25.605833,315.00
39,83,-57.021944,-25.605833,316.00
39,84,-57.021667,-25.605833,319.00
39,85,-57.021389,-25.605833,320.00
39,86,-57.021111,-25.605833,323.00
39,87,-57.020833,-25.605833,323.00
39,88,-57.020556,-25.605833,323.00
39,89,-57.020278,-25.605833,324.00
39,90,-57.020000,-25.605833,328.00
39,91,-57.019722,-25.605833,329.00
39,92,-57.019444,-25.605833,330.00
39,93,-57.019167,-25.605833,331.00
39,94,-57.018889,-25.605833,332.00
39,95,-57.018611,-25.605833,332.00
39,96,-57.018333,-25.605833,332.00
39,97,-57.018056,-25.605833,333.00
39,98,-57.017778,-25.605833,334.00
39,99,-57.017500,-25.605833,336.00
39,100,-57.017222,-25.605833,337.00
39,101,-57.016944,-25.605833,338.00
39,102,-57.016667,-25.605833,339.00
39,103,-57.016389,-25.605833,340.00
39,104,-57.016111,-25.605833,342.00
39,105,-57.015833,-25.605833,344.00
39,106,-57.015556,-25.605833,345.00
39,107,-57.015278,-25.605833,346.00
40,0,-57.045000,-25.606111,307.00
40,1,-57.044722,-25.606111,307.00
40,2,-57.044444,-25.606111,306.00
40,3,-57.044167,-25.606111,302.00
40,4,-57.043889,-25.606111,299.00
40,5,-57.043611,-25.606111,294.00
40,6,-57.043333,-25.606111,289.00
40,7,-57.043056,-25.606111,284.00
40,8,-57.042778,-25.606111,281.00
40,9,-57.042500,-25.606111,273.00
40,10,-57.042222,-25.606111,262.00
40,11,-57.041944,-25.606111,254.00
40,12,-57.041667,-25.606111,254.00
40,13,-57.041389,-25.606111,245.00
40,14,-57.041111,-25.606111,238.00
40,15,-57.040833,-25.606111,235.00
40,16,-57.040556,-25.606111,231.00
40,17,-57.040278,-25.606111,224.00
40,18,-57.040000,-25.606111,223.00
40,19,-57.039722,-25.606111,223.00
40,20,-57.039444,-25.606111,217.00
40,21,-57.039167,-25.606111,217.00
40,22,-57.038889,-25.606111,213.00
40,23,-57.038611,-25.606111,208.00
40,24,-57.038333,-25.606111,204.00
40,25,-57.038056,-25.606111,207.00
40,26,-57.037778,-25.606111,204.00
40,27,-57.037500,-25.606111,204.00
40,28,-57.037222,-25.606111,206.00
40,29,-57.036944,-25.606111,207.00
40,30,-57.036667,-25.606111,208.00
40,31,-57.036389,-25.606111,211.00
40,32,-57.036111,-25.606111,212.00
40,33,-57.035833,-25.606111,214.00
40,34,-57.035556,-25.606111,223.00
40,35,-57.035278,-25.606111,229.00
40,36,-57.035000,-25.606111,231.00
40,37,-57.034722,-25.606111,224.00
40,38,-57.034444,-25.606111,222.00
40,39,-57.034167,-25.606111,229.00
40,40,-57.033889,-25.606111,230.00
40,41,-57.033611,-25.606111,229.00
40,42,-57.033333,-25.606111,226.00
40,43,-57.033056,-25.606111,227.00
40,44,-57.032778,-25.606111,228.00
40,45,-57.032500,-25.606111,229.00
40,46,-57.032222,-25.606111,232.00
40,47,-57.031944,-25.606111,234.00
40,48,-57.031667,-25.606111,236.00
40,49,-57.031389,-25.606111,237.00
40,50,-57.031111,-25.606111,239.00
40,51,-57.030833,-25.606111,240.00
40,52,-57.030556,-25.606111,244.00
40,53,-57.030278,-25.606111,250.00
40,54,-57.030000,-25.606111,251.00
40,55,-57.029722,-25.606111,252.00
40,56,-57.029444,-25.606111,251.00
40,57,-57.029167,-25.606111,255.00
40,58,-57.028889,-25.606111,259.00
40,59,-57.028611,-25.606111,260.00
40,60,-57.028333,-25.606111,261.00
40,61,-57.028056,-25.606111,262.00
40,62,-57.027778,-25.606111,263.00
40,63,-57.027500,-25.606111,270.00
40,64,-57.027222,-25.606111,275.00
40,65,-57.026944,-25.606111,272.00
40,66,-57.026667,-25.606111,273.00
40,67,-57.026389,-25.606111,275.00
40,68,-57.026111,-25.606111,274.00
40,69,-57.025833,-25.606111,277.00
40,70,-57.025556,-25.606111,281.00
40,71,-57.025278,-25.606111,284.00
40,72,-57.025000,-25.606111,287.00
40,73,-57.024722,-25.606111,290.00
40,74,-57.024444,-25.606111,292.00
40,75,-57.024167,-25.606111,297.00
40,76,-57.023889,-25.606111,299.00
40,77,-57.023611,-25.606111,308.00
40,78,-57.023333,-25.606111,312.00
40,79,-57.023056,-25.606111,309.00
40,80,-57.022778,-25.606111,307.00
40,81,-57.022500,-25.606111,309.00
40,82,-57.022222,-25.606111,311.00
40,83,-57.021944,-25.606111,314.00
40,84,-57.021667,-25.606111,315.00
40,85,-57.021389,-25.606111,318.00
40,86,-57.021111,-25.606111,321.00
40,87,-57.020833,-25.606111,321.00
40,88,-57.020556,-25.606111,324.00
40,89,-57.020278,-25.606111,325.00
40,90,-57.020000,-25.606111,326.00
40,91,-57.019722,-25.606111,326.00
40,92,-57.019444,-25.606111,329.00
40,93,-57.019167,-25.606111,330.00
40,94,-57.018889,-25.606111,330.00
40,95,-57.018611,-25.606111,331.00
40,96,-57.018333,-25.606111,331.00
40,97,-57.018056,-25.606111,332.00
40,98,-57.017778,-25.606111,334.00
40,99,-57.017500,-25.606111,336.00
40,100,-57.017222,-25.606111,337.00
40,101,-57.016944,-25.606111,338.00
40,102,-57.016667,-25.606111,339.00
40,103,-57.016389,-25.606111,342.00
40,104,-57.016111,-25.606111,341.00
40,105,-57.015833,-25.606111,344.00
40,106,-57.015556,-25.606111,345.00
40,107,-57.015278,-25.606111,347.00
41,0,-57.045000,-25.606389,305.00
41,1,-57.044722,-25.606389,302.00
41,2,-57.044444,-25.606389,298.00
41,3,-57.044167,-25.606389,294.00
41,4,-57.043889,-25.606389,290.00
41,5,-57.043611,-25.606389,285.00
41,6,-57.043333,-25.606389,282.00
41,7,-57.043056,-25.606389,276.00
41,8,-57.042778,-25.606389,271.00
41,9,-57.042500,-25.606389,266.00
41,10,-57.042222,-25.606389,255.00
41,11,-57.041944,-25.606389,248.00
41,12,-57.041667,-25.606389,250.00
41,13,-57.041389,-25.606389,245.00
41,14,-57.041111,-25.606389,238.00
41,15,-57.040833,-25.606389,236.00
41,16,-57.040556,-25.606389,231.00
41,17,-57.040278,-25.606389,225.00
41,18,-57.040000,-25.606389,223.00
41,19,-57.039722,-25.606389,222.00
41,20,-57.039444,-25.606389,218.00
41,21,-57.039167,-25.606389,219.00
41,22,-57.038889,-25.606389,214.00
41,23,-57.038611,-25.606389,210.00
41,24,-57.038333,-25.606389,205.00
41,25,-57.038056,-25.606389,206.00
41,26,-57.037778,-25.606389,207.00
41,27,-57.037500,-25.606389,205.00
41,28,-57.037222,-25.606389,209.00
41,29,-57.036944,-25.606389,206.00
41,30,-57.036667,-25.606389,204.00
41,31,-57.036389,-25.606389,207.00
41,32,-57.036111,-25.606389,209.00
41,33,-57.035833,-25.606389,211.00
41,34,-57.035556,-25.606389,219.00
41,35,-57.035278,-25.606389,220.00
41,36,-57.035000,-25.606389,218.00
41,37,-57.034722,-25.606389,219.00
41,38,-57.034444,-25.606389,220.00
41,39,-57.034167,-25.606389,224.00
41,40,-57.033889,-25.606389,224.00
41,41,-57.033611,-25.606389,222.00
41,42,-57.033333,-25.606389,225.00
41,43,-57.033056,-25.606389,222.00
41,44,-57.032778,-25.606389,222.00
41,45,-57.032500,-25.606389,225.00
41,46,-57.032222,-25.606389,229.00
41,47,-57.031944,-25.606389,230.00
41,48,-57.031667,-25.606389,233.00
41,49,-57.031389,-25.606389,240.00
41,50,-57.031111,-25.606389,241.00
41,51,-57.030833,-25.606389,243.00
41,52,-57.030556,-25.606389,244.00
41,53,-57.030278,-25.606389,249.00
41,54,-57.030000,-25.606389,248.00
41,55,-57.029722,-25.606389,246.00
41,56,-57.029444,-25.606389,246.00
41,57,-57.029167,-25.606389,251.00
41,58,-57.028889,-25.606389,257.00
41,59,-57.028611,-25.606389,256.00
41,60,-57.028333,-25.606389,258.00
41,61,-57.028056,-25.606389,259.00
41,62,-57.027778,-25.606389,261.00
41,63,-57.027500,-25.606389,268.00
41,64,-57.027222,-25.606389,270.00
41,65,-57.026944,-25.606389,269.00
41,66,-57.026667,-25.606389,271.00
41,67,-57.026389,-25.606389,272.00
41,68,-57.026111,-25.606389,271.00
41,69,-57.025833,-25.606389,274.00
41,70,-57.025556,-25.606389,276.00
41,71,-57.025278,-25.606389,277.00
41,72,-57.025000,-25.606389,279.00
41,73,-57.024722,-25.606389,282.00
41,74,-57.024444,-25.606389,284.00
41,75,-57.024167,-25.606389,290.00
41,76,-57.023889,-25.606389,297.00
41,77,-57.023611,-25.606389,301.00
41,78,-57.023333,-25.606389,301.00
41,79,-57.023056,-25.606389,306.00
41,80,-57.022778,-25.606389,313.00
41,81,-57.022500,-25.606389,313.00
41,82,-57.022222,-25.606389,309.00
41,83,-57.021944,-25.606389,311.00
41,84,-57.021667,-25.606389,313.00
41,85,-57.021389,-25.606389,317.00
41,86,-57.021111,-25.606389,319.00
41,87,-57.020833,-25.606389,320.00
41,88,-57.020556,-25.606389,323.00
41,89,-57.020278,-25.606389,324.00
41,90,-57.020000,-25.606389,326.00
41,91,-57.019722,-25.606389,324.00
41,92,-57.019444,-25.606389,327.00
41,93,-57.019167,-25.606389,329.00
41,94,-57.018889,-25.606389,330.00
41,95,-57.018611,-25.606389,329.00
41,96,-57.018333,-25.606389,329.00
41,97,-57.018056,-25.606389,332.00
41,98,-57.017778,-25.606389,334.00
41,99,-57.017500,-25.606389,336.00
41,100,-57.017222,-25.606389,337.00
41,101,-57.016944,-25.606389,338.00
41,102,-57.016667,-25.606389,339.00
41,103,-57.016389,-25.606389,342.00
41,104,-57.016111,-25.606389,342.00
41,105,-57.015833,-25.606389,343.00
41,106,-57.015556,-25.606389,345.00
41,107,-57.015278,-25.606389,347.00
42,0,-57.045000,-25.606667,301.00
42,1,-57.044722,-25.606667,296.00
42,2,-57.044444,-25.606667,293.00
42,3,-57.044167,-25.606667,291.00
42,4,-57.043889,-25.606667,285.00
42,5,-57.043611,-25.606667,277.00
42,6,-57.043333,-25.606667,270.00
42,7,-57.043056,-25.606667,265.00
42,8,-57.042778,-25.606667,260.00
42,9,-57.042500,-25.606667,256.00
42,10,-57.042222,-25.606667,251.00
42,11,-57.041944,-25.606667,249.00
42,12,-57.041667,-25.606667,248.00
42,13,-57.041389,-25.606667,247.00
42,14,-57.041111,-25.606667,242.00
42,15,-57.040833,-25.606667,238.00
42,16,-57.040556,-25.606667,235.00
42,17,-57.040278,-25.606667,234.00
42,18,-57.040000,-25.606667,232.00
42,19,-57.039722,-25.606667,226.00
42,20,-57.039444,-25.606667,220.00
42,21,-57.039167,-25.606667,217.00
42,22,-57.038889,-25.606667,215.00
42,23,-57.038611,-25.606667,212.00
42,24,-57.038333,-25.606667,210.00
42,25,-57.038056,-25.606667,206.00
42,26,-57.037778,-25.606667,206.00
42,27,-57.037500,-25.606667,202.00
42,28,-57.037222,-25.606667,201.00
42,29,-57.036944,-25.606667,202.00
42,30,-57.036667,-25.606667,204.00
42,31,-57.036389,-25.606667,203.00
42,32,-57.036111,-25.606667,205.00
42,33,-57.035833,-25.606667,207.00
42,34,-57.035556,-25.606667,212.00
42,35,-57.035278,-25.606667,212.00
42,36,-57.035000,-25.606667,215.00
42,37,-57.034722,-25.606667,215.00
42,38,-57.034444,-25.606667,218.00
42,39,-57.034167,-25.606667,223.00
42,40,-57.033889,-25.606667,218.00
42,41,-57.033611,-25.606667,219.00
42,42,-57.033333,-25.606667,223.00
42,43,-57.033056,-25.606667,221.00
42,44,-57.032778,-25.606667,218.00
42,45,-57.032500,-25.606667,224.00
42,46,-57.032222,-25.606667,232.00
42,47,-57.031944,-25.606667,229.00
42,48,-57.031667,-25.606667,234.00
42,49,-57.031389,-25.606667,235.00
42,50,-57.031111,-25.606667,238.00
42,51,-57.030833,-25.606667,243.00
42,52,-57.030556,-25.606667,245.00
42,53,-57.030278,-25.606667,244.00
42,54,-57.030000,-25.606667,241.00
42,55,-57.029722,-25.606667,241.00
42,56,-57.029444,-25.606667,243.00
42,57,-57.029167,-25.606667,252.00
42,58,-57.028889,-25.606667,252.00
42,59,-57.028611,-25.606667,254.00
42,60,-57.028333,-25.606667,256.00
42,61,-57.028056,-25.606667,255.00
42,62,-57.027778,-25.606667,256.00
42,63,-57.027500,-25.606667,264.00
42,64,-57.027222,-25.606667,268.00
42,65,-57.026944,-25.606667,270.00
42,66,-57.026667,-25.606667,268.00
42,67,-57.026389,-25.606667,269.00
42,68,-57.026111,-25.606667,273.00
42,69,-57.025833,-25.606667,276.00
42,70,-57.025556,-25.606667,276.00
42,71,-57.025278,-25.606667,274.00
42,72,-57.025000,-25.606667,277.00
42,73,-57.024722,-25.606667,279.00
42,74,-57.024444,-25.606667,280.00
42,75,-57.024167,-25.606667,285.00
42,76,-57.023889,-25.606667,291.00
42,77,-57.023611,-25.606667,291.00
42,78,-57.023333,-25.606667,294.00
42,79,-57.023056,-25.606667,301.00
42,80,-57.022778,-25.606667,308.00
42,81,-57.022500,-25.606667,305.00
42,82,-57.022222,-25.606667,306.00
42,83,-57.021944,-25.606667,309.00
42,84,-57.021667,-25.606667,310.00
42,85,-57.021389,-25.606667,313.00
42,86,-57.021111,-25.606667,316.00
42,87,-57.020833,-25.606667,318.00
42,88,-57.020556,-25.606667,320.00
42,89,-57.020278,-25.606667,322.00
42,90,-57.020000,-25.606667,322.00
42,91,-57.019722,-25.606667,323.00
42,92,-57.019444,-25.606667,325.00
42,93,-57.019167,-25.606667,325.00
42,94,-57.018889,-25.606667,326.00
42,95,-57.018611,-25.606667,327.00
42,96,-57.018333,-25.606667,329.00
42,97,-57.018056,-25.606667,331.00
42,98,-57.017778,-25.606667,333.00
42,99,-57.017500,-25.606667,336.00
42,100,-57.017222,-25.606667,336.00
42,101,-57.016944,-25.606667,337.00
42,102,-57.016667,-25.606667,339.00
42,103,-57.016389,-25.606667,341.00
42,104,-57.016111,-25.606667,342.00
42,105,-57.015833,-25.606667,344.00
42,106,-57.015556,-25.606667,344.00
42,107,-57.015278,-25.606667,346.00
43,0,-57.045000,-25.606944,306.00
43,1,-57.044722,-25.606944,294.00
43,2,-57.044444,-25.606944,286.00
43,3,-57.044167,-25.606944,286.00
43,4,-57.043889,-25.606944,280.00
43,5,-57.043611,-25.606944,274.00
43,6,-57.043333,-25.606944,265.00
43,7,-57.043056,-25.606944,260.00
43,8,-57.042778,-25.606944,257.00
43,9,-57.042500,-25.606944,252.00
43,10,-57.042222,-25.606944,253.00
43,11,-57.041944,-25.606944,253.00
43,12,-57.041667,-25.606944,249.00
43,13,-57.041389,-25.606944,248.00
43,14,-57.041111,-25.606944,247.00
43,15,-57.040833,-25.606944,245.00
43,16,-57.040556,-25.606944,237.00
43,17,-57.040278,-25.606944,236.00
43,18,-57.040000,-25.606944,233.00
43,19,-57.039722,-25.606944,227.00
43,20,-57.039444,-25.606944,220.00
43,21,-57.039167,-25.606944,220.00
43,22,-57.038889,-25.606944,219.00
43,23,-57.038611,-25.606944,216.00
43,24,-57.038333,-25.606944,216.00
43,25,-57.038056,-25.606944,208.00
43,26,-57.037778,-25.606944,206.00
43,27,-57.037500,-25.606944,202.00
43,28,-57.037222,-25.606944,198.00
43,29,-57.036944,-25.606944,197.00
43,30,-57.036667,-25.606944,198.00
43,31,-57.036389,-25.606944,200.00
43,32,-57.036111,-25.606944,203.00
43,33,-57.035833,-25.606944,206.00
43,34,-57.035556,-25.606944,207.00
43,35,-57.035278,-25.606944,209.00
43,36,-57.035000,-25.606944,211.00
43,37,-57.034722,-25.606944,215.00
43,38,-57.034444,-25.606944,217.00
43,39,-57.034167,-25.606944,216.00
43,40,-57.033889,-25.606944,215.00
43,41,-57.033611,-25.606944,214.00
43,42,-57.033333,-25.606944,214.00
43,43,-57.033056,-25.606944,219.00
43,44,-57.032778,-25.606944,220.00
43,45,-57.032500,-25.606944,225.00
43,46,-57.032222,-25.606944,230.00
43,47,-57.031944,-25.606944,232.00
43,48,-57.031667,-25.606944,233.00
43,49,-57.031389,-25.606944,233.00
43,50,-57.031111,-25.606944,235.00
43,51,-57.030833,-25.606944,236.00
43,52,-57.030556,-25.606944,235.00
43,53,-57.030278,-25.606944,236.00
43,54,-57.030000,-25.606944,233.00
43,55,-57.029722,-25.606944,235.00
43,56,-57.029444,-25.606944,239.00
43,57,-57.029167,-25.606944,249.00
43,58,-57.028889,-25.606944,252.00
43,59,-57.028611,-25.606944,255.00
43,60,-57.028333,-25.606944,254.00
43,61,-57.028056,-25.606944,253.00
43,62,-57.027778,-25.606944,254.00
43,63,-57.027500,-25.606944,258.00
43,64,-57.027222,-25.606944,264.00
43,65,-57.026944,-25.606944,267.00
43,66,-57.026667,-25.606944,270.00
43,67,-57.026389,-25.606944,269.00
43,68,-57.026111,-25.606944,273.00
43,69,-57.025833,-25.606944,275.00
43,70,-57.025556,-25.606944,277.00
43,71,-57.025278,-25.606944,274.00
43,72,-57.025000,-25.606944,275.00
43,73,-57.024722,-25.606944,277.00
43,74,-57.024444,-25.606944,279.00
43,75,-57.024167,-25.606944,281.00
43,76,-57.023889,-25.606944,284.00
43,77,-57.023611,-25.606944,287.00
43,78,-57.023333,-25.606944,291.00
43,79,-57.023056,-25.606944,295.00
43,80,-57.022778,-25.606944,300.00
43,81,-57.022500,-25.606944,301.00
43,82,-57.022222,-25.606944,303.00
43,83,-57.021944,-25.606944,305.00
43,84,-57.021667,-25.606944,307.00
43,85,-57.021389,-25.606944,310.00
43,86,-57.021111,-25.606944,312.00
43,87,-57.020833,-25.606944,314.00
43,88,-57.020556,-25.606944,316.00
43,89,-57.020278,-25.606944,318.00
43,90,-57.020000,-25.606944,319.00
43,91,-57.019722,-25.606944,320.00
43,92,-57.019444,-25.606944,323.00
43,93,-57.019167,-25.606944,323.00
43,94,-57.018889,-25.606944,325.00
43,95,-57.018611,-25.606944,326.00
43,96,-57.018333,-25.606944,328.00
43,97,-57.018056,-25.606944,329.00
43,98,-57.017778,-25.606944,332.00
43,99,-57.017500,-25.606944,334.00
43,100,-57.017222,-25.606944,336.00
43,101,-57.016944,-25.606944,337.00
43,102,-57.016667,-25.606944,338.00
43,103,-57.016389,-25.606944,341.00
43,104,-57.016111,-25.606944,342.00
43,105,-57.015833,-25.606944,343.00
43,106,-57.015556,-25.606944,345.00
43,107,-57.015278,-25.606944,345.00
44,0,-57.045000,-25.607222,318.00
44,1,-57.044722,-25.607222,305.00
44,2,-57.044444,-25.607222,293.00
44,3,-57.044167,-25.607222,290.00
44,4,-57.043889,-25.607222,285.00
44,5,-57.043611,-25.607222,273.00
44,6,-57.043333,-25.607222,265.00
44,7,-57.043056,-25.607222,261.00
44,8,-57.042778,-25.607222,258.00
44,9,-57.042500,-25.607222,253.00
44,10,-57.042222,-25.607222,251.00
44,11,-57.041944,-25.607222,251.00
44,12,-57.041667,-25.607222,252.00
44,13,-57.041389,-25.607222,249.00
44,14,-57.041111,-25.607222,247.00
44,15,-57.040833,-25.607222,245.00
44,16,-57.040556,-25.607222,240.00
44,17,-57.040278,-25.607222,239.00
44,18,-57.040000,-25.607222,235.00
44,19,-57.039722,-25.607222,228.00
44,20,-57.039444,-25.607222,224.00
44,21,-57.039167,-25.607222,224.00
44,22,-57.038889,-25.607222,220.00
44,23,-57.038611,-25.607222,218.00
44,24,-57.038333,-25.607222,220.00
44,25,-57.038056,-25.607222,210.00
44,26,-57.037778,-25.607222,207.00
44,27,-57.037500,-25.607222,204.00
44,28,-57.037222,-25.607222,200.00
44,29,-57.036944,-25.607222,198.00
44,30,-57.036667,-25.607222,197.00
44,31,-57.036389,-25.607222,199.00
44,32,-57.036111,-25.607222,202.00
44,33,-57.035833,-25.607222,206.00
44,34,-57.035556,-25.607222,206.00
44,35,-57.035278,-25.607222,205.00
44,36,-57.035000,-25.607222,208.00
44,37,-57.034722,-25.607222,213.00
44,38,-57.034444,-25.607222,213.00
44,39,-57.034167,-25.607222,210.00
44,40,-57.033889,-25.607222,213.00
44,41,-57.033611,-25.607222,213.00
44,42,-57.033333,-25.607222,210.00
44,43,-57.033056,-25.607222,215.00
44,44,-57.032778,-25.607222,216.00
44,45,-57.032500,-25.607222,221.00
44,46,-57.032222,-25.607222,222.00
44,47,-57.031944,-25.607222,224.00
44,48,-57.031667,-25.607222,227.00
44,49,-57.031389,-25.607222,231.00
44,50,-57.031111,-25.607222,234.00
44,51,-57.030833,-25.607222,234.00
44,52,-57.030556,-25.607222,234.00
44,53,-57.030278,-25.607222,231.00
44,54,-57.030000,-25.607222,231.00
44,55,-57.029722,-25.607222,233.00
44,56,-57.029444,-25.607222,237.00
44,57,-57.029167,-25.607222,244.00
44,58,-57.028889,-25.607222,247.00
44,59,-57.028611,-25.607222,249.00
44,60,-57.028333,-25.607222,252.00
44,61,-57.028056,-25.607222,255.00
44,62,-57.027778,-25.607222,255.00
44,63,-57.027500,-25.607222,255.00
44,64,-57.027222,-25.607222,261.00
44,65,-57.026944,-25.607222,259.00
44,66,-57.026667,-25.607222,263.00
44,67,-57.026389,-25.607222,267.00
44,68,-57.026111,-25.607222,270.00
44,69,-57.025833,-25.607222,273.00
44,70,-57.025556,-25.607222,276.00
44,71,-57.025278,-25.607222,273.00
44,72,-57.025000,-25.607222,272.00
44,73,-57.024722,-25.607222,275.00
44,74,-57.024444,-25.607222,276.00
44,75,-57.024167,-25.607222,279.00
44,76,-57.023889,-25.607222,283.00
44,77,-57.023611,-25.607222,285.00
44,78,-57.023333,-25.607222,288.00
44,79,-57.023056,-25.607222,293.00
44,80,-57.022778,-25.607222,296.00
44,81,-57.022500,-25.607222,299.00
44,82,-57.022222,-25.607222,302.00
44,83,-57.021944,-25.607222,304.00
44,84,-57.021667,-25.607222,306.00
44,85,-57.021389,-25.607222,308.00
44,86,-57.021111,-25.607222,309.00
44,87,-57.020833,-25.607222,312.00
44,88,-57.020556,-25.607222,313.00
44,89,-57.020278,-25.607222,315.00
44,90,-57.020000,-25.607222,317.00
44,91,-57.019722,-25.607222,318.00
44,92,-57.019444,-25.607222,319.00
44,93,-57.019167,-25.607222,321.00
44,94,-57.018889,-25.607222,322.00
44,95,-57.018611,-25.607222,324.00
44,96,-57.018333,-25.607222,327.00
44,97,-57.018056,-25.607222,327.00
44,98,-57.017778,-25.607222,330.00
44,99,-57.017500,-25.607222,332.00
44,100,-57.017222,-25.607222,333.00
44,101,-57.016944,-25.607222,334.00
44,102,-57.016667,-25.607222,338.00
44,103,-57.016389,-25.607222,340.00
44,104,-57.016111,-25.607222,340.00
44,105,-57.015833,-25.607222,342.00
44,106,-57.015556,-25.607222,344.00
44,107,-57.015278,-25.607222,345.00
45,0,-57.045000,-25.607500,332.00
45,1,-57.044722,-25.607500,321.00
45,2,-57.044444,-25.607500,305.00
45,3,-57.044167,-25.607500,298.00
45,4,-57.043889,-25.607500,288.00
45,5,-57.043611,-25.607500,274.00
45,6,-57.043333,-25.607500,265.00
45,7,-57.043056,-25.607500,262.00
45,8,-57.042778,-25.607500,260.00
45,9,-57.042500,-25.607500,257.00
45,10,-57.042222,-25.607500,255.00
45,11,-57.041944,-25.607500,253.00
45,12,-57.041667,-25.607500,253.00
45,13,-57.041389,-25.607500,251.00
45,14,-57.041111,-25.607500,248.00
45,15,-57.040833,-25.607500,245.00
45,16,-57.040556,-25.607500,244.00
45,17,-57.040278,-25.607500,245.00
45,18,-57.040000,-25.607500,236.00
45,19,-57.039722,-25.607500,230.00
45,20,-57.039444,-25.607500,230.00
45,21,-57.039167,-25.607500,225.00
45,22,-57.038889,-25.607500,221.00
45,23,-57.038611,-25.607500,218.00
45,24,-57.038333,-25.607500,217.00
45,25,-57.038056,-25.607500,211.00
45,26,-57.037778,-25.607500,209.00
45,27,-57.037500,-25.607500,206.00
45,28,-57.037222,-25.607500,203.00
45,29,-57.036944,-25.607500,201.00
45,30,-57.036667,-25.607500,198.00
45,31,-57.036389,-25.607500,198.00
45,32,-57.036111,-25.607500,198.00
45,33,-57.035833,-25.607500,200.00
45,34,-57.035556,-25.607500,204.00
45,35,-57.035278,-25.607500,203.00
45,36,-57.035000,-25.607500,208.00
45,37,-57.034722,-25.607500,212.00
45,38,-57.034444,-25.607500,209.00
45,39,-57.034167,-25.607500,209.00
45,40,-57.033889,-25.607500,209.00
45,41,-57.033611,-25.607500,209.00
45,42,-57.033333,-25.607500,208.00
45,43,-57.033056,-25.607500,209.00
45,44,-57.032778,-25.607500,209.00
45,45,-57.032500,-25.607500,214.00
45,46,-57.032222,-25.607500,219.00
45,47,-57.031944,-25.607500,222.00
45,48,-57.031667,-25.607500,223.00
45,49,-57.031389,-25.607500,225.00
45,50,-57.031111,-25.607500,229.00
45,51,-57.030833,-25.607500,231.00
45,52,-57.030556,-25.607500,234.00
45,53,-57.030278,-25.607500,227.00
45,54,-57.030000,-25.607500,226.00
45,55,-57.029722,-25.607500,229.00
45,56,-57.029444,-25.607500,234.00
45,57,-57.029167,-25.607500,234.00
45,58,-57.028889,-25.607500,237.00
45,59,-57.028611,-25.607500,241.00
45,60,-57.028333,-25.607500,244.00
45,61,-57.028056,-25.607500,248.00
45,62,-57.027778,-25.607500,253.00
45,63,-57.027500,-25.607500,254.00
45,64,-57.027222,-25.607500,253.00
45,65,-57.026944,-25.607500,255.00
45,66,-57.026667,-25.607500,262.00
45,67,-57.026389,-25.607500,265.00
45,68,-57.026111,-25.607500,269.00
45,69,-57.025833,-25.607500,270.00
45,70,-57.025556,-25.607500,272.00
45,71,-57.025278,-25.607500,274.00
45,72,-57.025000,-25.607500,271.00
45,73,-57.024722,-25.607500,273.00
45,74,-57.024444,-25.607500,275.00
45,75,-57.024167,-25.607500,278.00
45,76,-57.023889,-25.607500,281.00
45,77,-57.023611,-25.607500,284.00
45,78,-57.023333,-25.607500,286.00
45,79,-57.023056,-25.607500,290.00
45,80,-57.022778,-25.607500,293.00
45,81,-57.022500,-25.607500,297.00
45,82,-57.022222,-25.607500,300.00
45,83,-57.021944,-25.607500,302.00
45,84,-57.021667,-25.607500,304.00
45,85,-57.021389,-25.607500,306.00
45,86,-57.021111,-25.607500,308.00
45,87,-57.020833,-25.607500,309.00
45,88,-57.020556,-25.607500,311.00
45,89,-57.020278,-25.607500,312.00
45,90,-57.020000,-25.607500,314.00
45,91,-57.019722,-25.607500,316.00
45,92,-57.019444,-25.607500,317.00
45,93,-57.019167,-25.607500,318.00
45,94,-57.018889,-25.607500,320.00
45,95,-57.018611,-25.607500,322.00
45,96,-57.018333,-25.607500,324.00
45,97,-57.018056,-25.607500,325.00
45,98,-57.017778,-25.607500,327.00
45,99,-57.017500,-25.607500,329.00
45,100,-57.017222,-25.607500,332.00
45,101,-57.016944,-25.607500,333.00
45,102,-57.016667,-25.607500,336.00
45,103,-57.016389,-25.607500,338.00
45,104,-57.016111,-25.607500,341.00
45,105,-57.015833,-25.607500,342.00
45,106,-57.015556,-25.607500,344.00
45,107,-57.015278,-25.607500,345.00
46,0,-57.045000,-25.607778,344.00
46,1,-57.044722,-25.607778,334.00
46,2,-57.044444,-25.607778,320.00
46,3,-57.044167,-25.607778,306.00
46,4,-57.043889,-25.607778,295.00
46,5,-57.043611,-25.607778,279.00
46,6,-57.043333,-25.607778,270.00
46,7,-57.043056,-25.607778,265.00
46,8,-57.042778,-25.607778,264.00
46,9,-57.042500,-25.607778,262.00
46,10,-57.042222,-25.607778,260.00
46,11,-57.041944,-25.607778,259.00
46,12,-57.041667,-25.607778,257.00
46,13,-57.041389,-25.607778,251.00
46,14,-57.041111,-25.607778,248.00
46,15,-57.040833,-25.607778,246.00
46,16,-57.040556,-25.607778,246.00
46,17,-57.040278,-25.607778,245.00
46,18,-57.040000,-25.607778,237.00
46,19,-57.039722,-25.607778,237.00
46,20,-57.039444,-25.607778,233.00
46,21,-57.039167,-25.607778,229.00
46,22,-57.038889,-25.607778,223.00
46,23,-57.038611,-25.607778,219.00
46,24,-57.038333,-25.607778,218.00
46,25,-57.038056,-25.607778,218.00
46,26,-57.037778,-25.607778,217.00
46,27,-57.037500,-25.607778,208.00
46,28,-57.037222,-25.607778,204.00
46,29,-57.036944,-25.607778,202.00
46,30,-57.036667,-25.607778,200.00
46,31,-57.036389,-25.607778,198.00
46,32,-57.036111,-25.607778,199.00
46,33,-57.035833,-25.607778,200.00
46,34,-57.035556,-25.607778,201.00
46,35,-57.035278,-25.607778,202.00
46,36,-57.035000,-25.607778,204.00
46,37,-57.034722,-25.607778,207.00
46,38,-57.034444,-25.607778,208.00
46,39,-57.034167,-25.607778,205.00
46,40,-57.033889,-25.607778,202.00
46,41,-57.033611,-25.607778,207.00
46,42,-57.033333,-25.607778,204.00
46,43,-57.033056,-25.607778,202.00
46,44,-57.032778,-25.607778,205.00
46,45,-57.032500,-25.607778,210.00
46,46,-57.032222,-25.607778,212.00
46,47,-57.031944,-25.607778,215.00
46,48,-57.031667,-25.607778,217.00
46,49,-57.031389,-25.607778,220.00
46,50,-57.031111,-25.607778,221.00
46,51,-57.030833,-25.607778,223.00
46,52,-57.030556,-25.607778,224.00
46,53,-57.030278,-25.607778,221.00
46,54,-57.030000,-25.607778,222.00
46,55,-57.029722,-25.607778,229.00
46,56,-57.029444,-25.607778,229.00
46,57,-57.029167,-25.607778,224.00
46,58,-57.028889,-25.607778,230.00
46,59,-57.028611,-25.607778,235.00
46,60,-57.028333,-25.607778,240.00
46,61,-57.028056,-25.607778,244.00
46,62,-57.027778,-25.607778,248.00
46,63,-57.027500,-25.607778,250.00
46,64,-57.027222,-25.607778,249.00
46,65,-57.026944,-25.607778,249.00
46,66,-57.026667,-25.607778,254.00
46,67,-57.026389,-25.607778,260.00
46,68,-57.026111,-25.607778,264.00
46,69,-57.025833,-25.607778,269.00
46,70,-57.025556,-25.607778,269.00
46,71,-57.025278,-25.607778,269.00
46,72,-57.025000,-25.607778,272.00
46,73,-57.024722,-25.607778,273.00
46,74,-57.024444,-25.607778,275.00
46,75,-57.024167,-25.607778,275.00
46,76,-57.023889,-25.607778,278.00
46,77,-57.023611,-25.607778,281.00
46,78,-57.023333,-25.607778,285.00
46,79,-57.023056,-25.607778,288.00
46,80,-57.022778,-25.607778,291.00
46,81,-57.022500,-25.607778,294.00
46,82,-57.022222,-25.607778,297.00
46,83,-57.021944,-25.607778,299.00
46,84,-57.021667,-25.607778,303.00
46,85,-57.021389,-25.607778,304.00
46,86,-57.021111,-25.607778,305.00
46,87,-57.020833,-25.607778,306.00
46,88,-57.020556,-25.607778,308.00
46,89,-57.020278,-25.607778,309.00
46,90,-57.020000,-25.607778,309.00
46,91,-57.019722,-25.607778,311.00
46,92,-57.019444,-25.607778,313.00
46,93,-57.019167,-25.607778,317.00
46,94,-57.018889,-25.607778,319.00
46,95,-57.018611,-25.607778,320.00
46,96,-57.018333,-25.607778,321.00
46,97,-57.018056,-25.607778,323.00
46,98,-57.017778,-25.607778,324.00
46,99,-57.017500,-25.607778,326.00
46,100,-57.017222,-25.607778,330.00
46,101,-57.016944,-25.607778,332.00
46,102,-57.016667,-25.607778,334.00
46,103,-57.016389,-25.607778,337.00
46,104,-57.016111,-25.607778,339.00
46,105,-57.015833,-25.607778,342.00
46,106,-57.015556,-25.607778,344.00
46,107,-57.015278,-25.607778,345.00
47,0,-57.045000,-25.608056,356.00
47,1,-57.044722,-25.608056,344.00
47,2,-57.044444,-25.608056,331.00
47,3,-57.044167,-25.608056,315.00
47,4,-57.043889,-25.608056,301.00
47,5,-57.043611,-25.608056,285.00
47,6,-57.043333,-25.608056,273.00
47,7,-57.043056,-25.608056,270.00
47,8,-57.042778,-25.608056,266.00
47,9,-57.042500,-25.608056,263.00
47,10,-57.042222,-25.608056,261.00
47,11,-57.041944,-25.608056,259.00
47,12,-57.041667,-25.608056,256.00
47,13,-57.041389,-25.608056,251.00
47,14,-57.041111,-25.608056,249.00
47,15,-57.040833,-25.608056,248.00
47,16,-57.040556,-25.608056,246.00
47,17,-57.040278,-25.608056,243.00
47,18,-57.040000,-25.608056,241.00
47,19,-57.039722,-25.608056,241.00
47,20,-57.039444,-25.608056,237.00
47,21,-57.039167,-25.608056,233.00
47,22,-57.038889,-25.608056,226.00
47,23,-57.038611,-25.608056,223.00
47,24,-57.038333,-25.608056,222.00
47,25,-57.038056,-25.608056,220.00
47,26,-57.037778,-25.608056,216.00
47,27,-57.037500,-25.608056,209.00
47,28,-57.037222,-25.608056,206.00
47,29,-57.036944,-25.608056,203.00
47,30,-57.036667,-25.608056,201.00
47,31,-57.036389,-25.608056,199.00
47,32,-57.036111,-25.608056,198.00
47,33,-57.035833,-25.608056,196.00
47,34,-57.035556,-25.608056,197.00
47,35,-57.035278,-25.608056,196.00
47,36,-57.035000,-25.608056,199.00
47,37,-57.034722,-25.608056,202.00
47,38,-57.034444,-25.608056,203.00
47,39,-57.034167,-25.608056,198.00
47,40,-57.033889,-25.608056,196.00
47,41,-57.033611,-25.608056,204.00
47,42,-57.033333,-25.608056,199.00
47,43,-57.033056,-25.608056,199.00
47,44,-57.032778,-25.608056,202.00
47,45,-57.032500,-25.608056,205.00
47,46,-57.032222,-25.608056,202.00
47,47,-57.031944,-25.608056,206.00
47,48,-57.031667,-25.608056,212.00
47,49,-57.031389,-25.608056,213.00
47,50,-57.031111,-25.608056,209.00
47,51,-57.030833,-25.608056,217.00
47,52,-57.030556,-25.608056,219.00
47,53,-57.030278,-25.608056,216.00
47,54,-57.030000,-25.608056,219.00
47,55,-57.029722,-25.608056,225.00
47,56,-57.029444,-25.608056,224.00
47,57,-57.029167,-25.608056,221.00
47,58,-57.028889,-25.608056,228.00
47,59,-57.028611,-25.608056,230.00
47,60,-57.028333,-25.608056,236.00
47,61,-57.028056,-25.608056,242.00
47,62,-57.027778,-25.608056,245.00
47,63,-57.027500,-25.608056,245.00
47,64,-57.027222,-25.608056,247.00
47,65,-57.026944,-25.608056,249.00
47,66,-57.026667,-25.608056,252.00
47,67,-57.026389,-25.608056,257.00
47,68,-57.026111,-25.608056,264.00
47,69,-57.025833,-25.608056,265.00
47,70,-57.025556,-25.608056,264.00
47,71,-57.025278,-25.608056,265.00
47,72,-57.025000,-25.608056,270.00
47,73,-57.024722,-25.608056,273.00
47,74,-57.024444,-25.608056,274.00
47,75,-57.024167,-25.608056,273.00
47,76,-57.023889,-25.608056,275.00
47,77,-57.023611,-25.608056,277.00
47,78,-57.023333,-25.608056,282.00
47,79,-57.023056,-25.608056,285.00
47,80,-57.022778,-25.608056,288.00
47,81,-57.022500,-25.608056,291.00
47,82,-57.022222,-25.608056,295.00
47,83,-57.021944,-25.608056,297.00
47,84,-57.021667,-25.608056,298.00
47,85,-57.021389,-25.608056,302.00
47,86,-57.021111,-25.608056,302.00
47,87,-57.020833,-25.608056,303.00
47,88,-57.020556,-25.608056,306.00
47,89,-57.020278,-25.608056,306.00
47,90,-57.020000,-25.608056,307.00
47,91,-57.019722,-25.608056,309.00
47,92,-57.019444,-25.608056,311.00
47,93,-57.019167,-25.608056,316.00
47,94,-57.018889,-25.608056,318.00
47,95,-57.018611,-25.608056,318.00
47,96,-57.018333,-25.608056,318.00
47,97,-57.018056,-25.608056,320.00
47,98,-57.017778,-25.608056,322.00
47,99,-57.017500,-25.608056,324.00
47,100,-57.017222,-25.608056,328.00
47,101,-57.016944,-25.608056,330.00
47,102,-57.016667,-25.608056,333.00
47,103,-57.016389,-25.608056,336.00
47,104,-57.016111,-25.608056,338.00
47,105,-57.015833,-25.608056,341.00
47,106,-57.015556,-25.608056,343.00
47,107,-57.015278,-25.608056,345.00
48,0,-57.045000,-25.608333,359.00
48,1,-57.044722,-25.608333,347.00
48,2,-57.044444,-25.608333,334.00
48,3,-57.044167,-25.608333,319.00
48,4,-57.043889,-25.608333,301.00
48,5,-57.043611,-25.608333,285.00
48,6,-57.043333,-25.608333,274.00
48,7,-57.043056,-25.608333,269.00
48,8,-57.042778,-25.608333,268.00
48,9,-57.042500,-25.608333,266.00
48,10,-57.042222,-25.608333,262.00
48,11,-57.041944,-25.608333,259.00
48,12,-57.041667,-25.608333,256.00
48,13,-57.041389,-25.608333,252.00
48,14,-57.041111,-25.608333,250.00
48,15,-57.040833,-25.608333,249.00
48,16,-57.040556,-25.608333,245.00
48,17,-57.040278,-25.608333,244.00
48,18,-57.040000,-25.608333,243.00
48,19,-57.039722,-25.608333,244.00
48,20,-57.039444,-25.608333,238.00
48,21,-57.039167,-25.608333,233.00
48,22,-57.038889,-25.608333,227.00
48,23,-57.038611,-25.608333,222.00
48,24,-57.038333,-25.608333,222.00
48,25,-57.038056,-25.608333,220.00
48,26,-57.037778,-25.608333,219.00
48,27,-57.037500,-25.608333,211.00
48,28,-57.037222,-25.608333,207.00
48,29,-57.036944,-25.608333,205.00
48,30,-57.036667,-25.608333,202.00
48,31,-57.036389,-25.608333,200.00
48,32,-57.036111,-25.608333,198.00
48,33,-57.035833,-25.608333,196.00
48,34,-57.035556,-25.608333,195.00
48,35,-57.035278,-25.608333,198.00
48,36,-57.035000,-25.608333,194.00
48,37,-57.034722,-25.608333,190.00
48,38,-57.034444,-25.608333,192.00
48,39,-57.034167,-25.608333,193.00
48,40,-57.033889,-25.608333,197.00
48,41,-57.033611,-25.608333,199.00
48,42,-57.033333,-25.608333,194.00
48,43,-57.033056,-25.608333,194.00
48,44,-57.032778,-25.608333,192.00
48,45,-57.032500,-25.608333,197.00
48,46,-57.032222,-25.608333,197.00
48,47,-57.031944,-25.608333,199.00
48,48,-57.031667,-25.608333,206.00
48,49,-57.031389,-25.608333,207.00
48,50,-57.031111,-25.608333,204.00
48,51,-57.030833,-25.608333,210.00
48,52,-57.030556,-25.608333,212.00
48,53,-57.030278,-25.608333,213.00
48,54,-57.030000,-25.608333,217.00
48,55,-57.029722,-25.608333,221.00
48,56,-57.029444,-25.608333,223.00
48,57,-57.029167,-25.608333,222.00
48,58,-57.028889,-25.608333,225.00
48,59,-57.028611,-25.608333,223.00
48,60,-57.028333,-25.608333,229.00
48,61,-57.028056,-25.608333,237.00
48,62,-57.027778,-25.608333,238.00
48,63,-57.027500,-25.608333,236.00
48,64,-57.027222,-25.608333,242.00
48,65,-57.026944,-25.608333,248.00
48,66,-57.026667,-25.608333,252.00
48,67,-57.026389,-25.608333,258.00
48,68,-57.026111,-25.608333,260.00
48,69,-57.025833,-25.608333,260.00
48,70,-57.025556,-25.608333,259.00
48,71,-57.025278,-25.608333,264.00
48,72,-57.025000,-25.608333,269.00
48,73,-57.024722,-25.608333,272.00
48,74,-57.024444,-25.608333,270.00
48,75,-57.024167,-25.608333,269.00
48,76,-57.023889,-25.608333,272.00
48,77,-57.023611,-25.608333,275.00
48,78,-57.023333,-25.608333,278.00
48,79,-57.023056,-25.608333,283.00
48,80,-57.022778,-25.608333,285.00
48,81,-57.022500,-25.608333,288.00
48,82,-57.022222,-25.608333,291.00
48,83,-57.021944,-25.608333,293.00
48,84,-57.021667,-25.608333,295.00
48,85,-57.021389,-25.608333,298.00
48,86,-57.021111,-25.608333,298.00
48,87,-57.020833,-25.608333,300.00
48,88,-57.020556,-25.608333,301.00
48,89,-57.020278,-25.608333,303.00
48,90,-57.020000,-25.608333,305.00
48,91,-57.019722,-25.608333,307.00
48,92,-57.019444,-25.608333,308.00
48,93,-57.019167,-25.608333,311.00
48,94,-57.018889,-25.608333,312.00
48,95,-57.018611,-25.608333,314.00
48,96,-57.018333,-25.608333,318.00
48,97,-57.018056,-25.608333,319.00
48,98,-57.017778,-25.608333,319.00
48,99,-57.017500,-25.608333,322.00
48,100,-57.017222,-25.608333,325.00
48,101,-57.016944,-25.608333,328.00
48,102,-57.016667,-25.608333,331.00
48,103,-57.016389,-25.608333,334.00
48,104,-57.016111,-25.608333,338.00
48,105,-57.015833,-25.608333,341.00
48,106,-57.015556,-25.608333,343.00
48,107,-57.015278,-25.608333,345.00
49,0,-57.045000,-25.608611,343.00
49,1,-57.044722,-25.608611,339.00
49,2,-57.044444,-25.608611,328.00
49,3,-57.044167,-25.608611,309.00
49,4,-57.043889,-25.608611,293.00
49,5,-57.043611,-25.608611,282.00
49,6,-57.043333,-25.608611,274.00
49,7,-57.043056,-25.608611,271.00
49,8,-57.042778,-25.608611,268.00
49,9,-57.042500,-25.608611,265.00
49,10,-57.042222,-25.608611,262.00
49,11,-57.041944,-25.608611,259.00
49,12,-57.041667,-25.608611,257.00
49,13,-57.041389,-25.608611,254.00
49,14,-57.041111,-25.608611,250.00
49,15,-57.040833,-25.608611,247.00
49,16,-57.040556,-25.608611,245.00
49,17,-57.040278,-25.608611,243.00
49,18,-57.040000,-25.608611,241.00
49,19,-57.039722,-25.608611,242.00
49,20,-57.039444,-25.608611,240.00
49,21,-57.039167,-25.608611,235.00
49,22,-57.038889,-25.608611,227.00
49,23,-57.038611,-25.608611,222.00
49,24,-57.038333,-25.608611,221.00
49,25,-57.038056,-25.608611,217.00
49,26,-57.037778,-25.608611,214.00
49,27,-57.037500,-25.608611,212.00
49,28,-57.037222,-25.608611,207.00
49,29,-57.036944,-25.608611,204.00
49,30,-57.036667,-25.608611,202.00
49,31,-57.036389,-25.608611,200.00
49,32,-57.036111,-25.608611,199.00
49,33,-57.035833,-25.608611,196.00
49,34,-57.035556,-25.608611,194.00
49,35,-57.035278,-25.608611,196.00
49,36,-57.035000,-25.608611,194.00
49,37,-57.034722,-25.608611,189.00
49,38,-57.034444,-25.608611,187.00
49,39,-57.034167,-25.608611,185.00
49,40,-57.033889,-25.608611,187.00
49,41,-57.033611,-25.608611,189.00
49,42,-57.033333,-25.608611,187.00
49,43,-57.033056,-25.608611,186.00
49,44,-57.032778,-25.608611,186.00
49,45,-57.032500,-25.608611,189.00
49,46,-57.032222,-25.608611,195.00
49,47,-57.031944,-25.608611,197.00
49,48,-57.031667,-25.608611,201.00
49,49,-57.031389,-25.608611,199.00
49,50,-57.031111,-25.608611,201.00
49,51,-57.030833,-25.608611,208.00
49,52,-57.030556,-25.608611,207.00
49,53,-57.030278,-25.608611,207.00
49,54,-57.030000,-25.608611,213.00
49,55,-57.029722,-25.608611,214.00
49,56,-57.029444,-25.608611,218.00
49,57,-57.029167,-25.608611,218.00
49,58,-57.028889,-25.608611,222.00
49,59,-57.028611,-25.608611,222.00
49,60,-57.028333,-25.608611,225.00
49,61,-57.028056,-25.608611,229.00
49,62,-57.027778,-25.608611,231.00
49,63,-57.027500,-25.608611,233.00
49,64,-57.027222,-25.608611,237.00
49,65,-57.026944,-25.608611,241.00
49,66,-57.026667,-25.608611,249.00
49,67,-57.026389,-25.608611,254.00
49,68,-57.026111,-25.608611,255.00
49,69,-57.025833,-25.608611,255.00
49,70,-57.025556,-25.608611,256.00
49,71,-57.025278,-25.608611,260.00
49,72,-57.025000,-25.608611,265.00
49,73,-57.024722,-25.608611,266.00
49,74,-57.024444,-25.608611,264.00
49,75,-57.024167,-25.608611,267.00
49,76,-57.023889,-25.608611,271.00
49,77,-57.023611,-25.608611,272.00
49,78,-57.023333,-25.608611,276.00
49,79,-57.023056,-25.608611,279.00
49,80,-57.022778,-25.608611,282.00
49,81,-57.022500,-25.608611,286.00
49,82,-57.022222,-25.608611,288.00
49,83,-57.021944,-25.608611,289.00
49,84,-57.021667,-25.608611,292.00
49,85,-57.021389,-25.608611,295.00
49,86,-57.021111,-25.608611,295.00
49,87,-57.020833,-25.608611,298.00
49,88,-57.020556,-25.608611,300.00
49,89,-57.020278,-25.608611,301.00
49,90,-57.020000,-25.608611,304.00
49,91,-57.019722,-25.608611,304.00
49,92,-57.019444,-25.608611,306.00
49,93,-57.019167,-25.608611,313.00
49,94,-57.018889,-25.608611,314.00
49,95,-57.018611,-25.608611,315.00
49,96,-57.018333,-25.608611,321.00
49,97,-57.018056,-25.608611,318.00
49,98,-57.017778,-25.608611,319.00
49,99,-57.017500,-25.608611,322.00
49,100,-57.017222,-25.608611,325.00
49,101,-57.016944,-25.608611,326.00
49,102,-57.016667,-25.608611,330.00
49,103,-57.016389,-25.608611,333.00
49,104,-57.016111,-25.608611,338.00
49,105,-57.015833,-25.608611,341.00
49,106,-57.015556,-25.608611,342.00
49,107,-57.015278,-25.608611,343.00
50,0,-57.045000,-25.608889,326.00
50,1,-57.044722,-25.608889,323.00
50,2,-57.044444,-25.608889,312.00
50,3,-57.044167,-25.608889,298.00
50,4,-57.043889,-25.608889,287.00
50,5,-57.043611,-25.608889,278.00
50,6,-57.043333,-25.608889,271.00
50,7,-57.043056,-25.608889,269.00
50,8,-57.042778,-25.608889,266.00
50,9,-57.042500,-25.608889,264.00
50,10,-57.042222,-25.608889,262.00
50,11,-57.041944,-25.608889,259.00
50,12,-57.041667,-25.608889,257.00
50,13,-57.041389,-25.608889,256.00
50,14,-57.041111,-25.608889,251.00
50,15,-57.040833,-25.608889,248.00
50,16,-57.040556,-25.608889,246.00
50,17,-57.040278,-25.608889,243.00
50,18,-57.040000,-25.608889,241.00
50,19,-57.039722,-25.608889,240.00
50,20,-57.039444,-25.608889,237.00
50,21,-57.039167,-25.608889,232.00
50,22,-57.038889,-25.608889,228.00
50,23,-57.038611,-25.608889,224.00
50,24,-57.038333,-25.608889,220.00
50,25,-57.038056,-25.608889,218.00
50,26,-57.037778,-25.608889,217.00
50,27,-57.037500,-25.608889,212.00
50,28,-57.037222,-25.608889,207.00
50,29,-57.036944,-25.608889,205.00
50,30,-57.036667,-25.608889,201.00
50,31,-57.036389,-25.608889,200.00
50,32,-57.036111,-25.608889,197.00
50,33,-57.035833,-25.608889,194.00
50,34,-57.035556,-25.608889,193.00
50,35,-57.035278,-25.608889,191.00
50,36,-57.035000,-25.608889,192.00
50,37,-57.034722,-25.608889,184.00
50,38,-57.034444,-25.608889,178.00
50,39,-57.034167,-25.608889,178.00
50,40,-57.033889,-25.608889,179.00
50,41,-57.033611,-25.608889,180.00
50,42,-57.033333,-25.608889,179.00
50,43,-57.033056,-25.608889,180.00
50,44,-57.032778,-25.608889,180.00
50,45,-57.032500,-25.608889,183.00
50,46,-57.032222,-25.608889,187.00
50,47,-57.031944,-25.608889,189.00
50,48,-57.031667,-25.608889,193.00
50,49,-57.031389,-25.608889,200.00
50,50,-57.031111,-25.608889,201.00
50,51,-57.030833,-25.608889,201.00
50,52,-57.030556,-25.608889,200.00
50,53,-57.030278,-25.608889,205.00
50,54,-57.030000,-25.608889,207.00
50,55,-57.029722,-25.608889,207.00
50,56,-57.029444,-25.608889,210.00
50,57,-57.029167,-25.608889,214.00
50,58,-57.028889,-25.608889,220.00
50,59,-57.028611,-25.608889,220.00
50,60,-57.028333,-25.608889,222.00
50,61,-57.028056,-25.608889,225.00
50,62,-57.027778,-25.608889,226.00
50,63,-57.027500,-25.608889,232.00
50,64,-57.027222,-25.608889,233.00
50,65,-57.026944,-25.608889,234.00
50,66,-57.026667,-25.608889,243.00
50,67,-57.026389,-25.608889,247.00
50,68,-57.026111,-25.608889,252.00
50,69,-57.025833,-25.608889,255.00
50,70,-57.025556,-25.608889,256.00
50,71,-57.025278,-25.608889,255.00
50,72,-57.025000,-25.608889,256.00
50,73,-57.024722,-25.608889,258.00
50,74,-57.024444,-25.608889,260.00
50,75,-57.024167,-25.608889,268.00
50,76,-57.023889,-25.608889,270.00
50,77,-57.023611,-25.608889,271.00
50,78,-57.023333,-25.608889,274.00
50,79,-57.023056,-25.608889,279.00
50,80,-57.022778,-25.608889,281.00
50,81,-57.022500,-25.608889,283.00
50,82,-57.022222,-25.608889,286.00
50,83,-57.021944,-25.608889,287.00
50,84,-57.021667,-25.608889,290.00
50,85,-57.021389,-25.608889,292.00
50,86,-57.021111,-25.608889,294.00
50,87,-57.020833,-25.608889,297.00
50,88,-57.020556,-25.608889,299.00
50,89,-57.020278,-25.608889,299.00
50,90,-57.020000,-25.608889,300.00
50,91,-57.019722,-25.608889,304.00
50,92,-57.019444,-25.608889,307.00
50,93,-57.019167,-25.608889,311.00
50,94,-57.018889,-25.608889,315.00
50,95,-57.018611,-25.608889,319.00
50,96,-57.018333,-25.608889,324.00
50,97,-57.018056,-25.608889,322.00
50,98,-57.017778,-25.608889,325.00
50,99,-57.017500,-25.608889,329.00
50,100,-57.017222,-25.608889,324.00
50,101,-57.016944,-25.608889,325.00
50,102,-57.016667,-25.608889,330.00
50,103,-57.016389,-25.608889,333.00
50,104,-57.016111,-25.608889,336.00
50,105,-57.015833,-25.608889,339.00
50,106,-57.015556,-25.608889,341.00
50,107,-57.015278,-25.608889,341.00
51,0,-57.045000,-25.609167,303.00
51,1,-57.044722,-25.609167,303.00
51,2,-57.044444,-25.609167,295.00
51,3,-57.044167,-25.609167,285.00
51,4,-57.043889,-25.609167,277.00
51,5,-57.043611,-25.609167,270.00
51,6,-57.043333,-25.609167,268.00
51,7,-57.043056,-25.609167,268.00
51,8,-57.042778,-25.609167,264.00
51,9,-57.042500,-25.609167,262.00
51,10,-57.042222,-25.609167,260.00
51,11,-57.041944,-25.609167,258.00
51,12,-57.041667,-25.609167,257.00
51,13,-57.041389,-25.609167,255.00
51,14,-57.041111,-25.609167,251.00
51,15,-57.040833,-25.609167,249.00
51,16,-57.040556,-25.609167,246.00
51,17,-57.040278,-25.609167,244.00
51,18,-57.040000,-25.609167,242.00
51,19,-57.039722,-25.609167,238.00
51,20,-57.039444,-25.609167,236.00
51,21,-57.039167,-25.609167,232.00
51,22,-57.038889,-25.609167,229.00
51,23,-57.038611,-25.609167,226.00
51,24,-57.038333,-25.609167,223.00
51,25,-57.038056,-25.609167,221.00
51,26,-57.037778,-25.609167,217.00
51,27,-57.037500,-25.609167,212.00
51,28,-57.037222,-25.609167,208.00
51,29,-57.036944,-25.609167,204.00
51,30,-57.036667,-25.609167,200.00
51,31,-57.036389,-25.609167,198.00
51,32,-57.036111,-25.609167,195.00
51,33,-57.035833,-25.609167,193.00
51,34,-57.035556,-25.609167,192.00
51,35,-57.035278,-25.609167,189.00
51,36,-57.035000,-25.609167,189.00
51,37,-57.034722,-25.609167,186.00
51,38,-57.034444,-25.609167,181.00
51,39,-57.034167,-25.609167,173.00
51,40,-57.033889,-25.609167,174.00
51,41,-57.033611,-25.609167,173.00
51,42,-57.033333,-25.609167,172.00
51,43,-57.033056,-25.609167,173.00
51,44,-57.032778,-25.609167,174.00
51,45,-57.032500,-25.609167,177.00
51,46,-57.032222,-25.609167,176.00
51,47,-57.031944,-25.609167,181.00
51,48,-57.031667,-25.609167,184.00
51,49,-57.031389,-25.609167,190.00
51,50,-57.031111,-25.609167,194.00
51,51,-57.030833,-25.609167,196.00
51,52,-57.030556,-25.609167,194.00
51,53,-57.030278,-25.609167,203.00
51,54,-57.030000,-25.609167,204.00
51,55,-57.029722,-25.609167,204.00
51,56,-57.029444,-25.609167,206.00
51,57,-57.029167,-25.609167,210.00
51,58,-57.028889,-25.609167,218.00
51,59,-57.028611,-25.609167,218.00
51,60,-57.028333,-25.609167,217.00
51,61,-57.028056,-25.609167,222.00
51,62,-57.027778,-25.609167,225.00
51,63,-57.027500,-25.609167,232.00
51,64,-57.027222,-25.609167,231.00
51,65,-57.026944,-25.609167,232.00
51,66,-57.026667,-25.609167,236.00
51,67,-57.026389,-25.609167,243.00
51,68,-57.026111,-25.609167,249.00
51,69,-57.025833,-25.609167,251.00
51,70,-57.025556,-25.609167,253.00
51,71,-57.025278,-25.609167,255.00
51,72,-57.025000,-25.609167,255.00
51,73,-57.024722,-25.609167,253.00
51,74,-57.024444,-25.609167,256.00
51,75,-57.024167,-25.609167,263.00
51,76,-57.023889,-25.609167,272.00
51,77,-57.023611,-25.609167,275.00
51,78,-57.023333,-25.609167,273.00
51,79,-57.023056,-25.609167,279.00
51,80,-57.022778,-25.609167,278.00
51,81,-57.022500,-25.609167,279.00
51,82,-57.022222,-25.609167,286.00
51,83,-57.021944,-25.609167,286.00
51,84,-57.021667,-25.609167,288.00
51,85,-57.021389,-25.609167,289.00
51,86,-57.021111,-25.609167,293.00
51,87,-57.020833,-25.609167,292.00
51,88,-57.020556,-25.609167,294.00
51,89,-57.020278,-25.609167,298.00
51,90,-57.020000,-25.609167,297.00
51,91,-57.019722,-25.609167,303.00
51,92,-57.019444,-25.609167,308.00
51,93,-57.019167,-25.609167,315.00
51,94,-57.018889,-25.609167,322.00
51,95,-57.018611,-25.609167,328.00
51,96,-57.018333,-25.609167,332.00
51,97,-57.018056,-25.609167,332.00
51,98,-57.017778,-25.609167,334.00
51,99,-57.017500,-25.609167,333.00
51,100,-57.017222,-25.609167,326.00
51,101,-57.016944,-25.609167,326.00
51,102,-57.016667,-25.609167,328.00
51,103,-57.016389,-25.609167,331.00
51,104,-57.016111,-25.609167,335.00
51,105,-57.015833,-25.609167,338.00
51,106,-57.015556,-25.609167,341.00
51,107,-57.015278,-25.609167,343.00
52,0,-57.045000,-25.609444,288.00
52,1,-57.044722,-25.609444,288.00
52,2,-57.044444,-25.609444,283.00
52,3,-57.044167,-25.609444,275.00
52,4,-57.043889,-25.609444,269.00
52,5,-57.043611,-25.609444,266.00
52,6,-57.043333,-25.609444,265.00
52,7,-57.043056,-25.609444,267.00
52,8,-57.042778,-25.609444,262.00
52,9,-57.042500,-25.609444,258.00
52,10,-57.042222,-25.609444,257.00
52,11,-57.041944,-25.609444,255.00
52,12,-57.041667,-25.609444,255.00
52,13,-57.041389,-25.609444,253.00
52,14,-57.041111,-25.609444,251.00
52,15,-57.040833,-25.609444,249.00
52,16,-57.040556,-25.609444,247.00
52,17,-57.040278,-25.609444,244.00
52,18,-57.040000,-25.609444,241.00
52,19,-57.039722,-25.609444,239.00
52,20,-57.039444,-25.609444,236.00
52,21,-57.039167,-25.609444,233.00
52,22,-57.038889,-25.609444,233.00
52,23,-57.038611,-25.609444,230.00
52,24,-57.038333,-25.609444,226.00
52,25,-57.038056,-25.609444,221.00
52,26,-57.037778,-25.609444,217.00
52,27,-57.037500,-25.609444,212.00
52,28,-57.037222,-25.609444,210.00
52,29,-57.036944,-25.609444,204.00
52,30,-57.036667,-25.609444,199.00
52,31,-57.036389,-25.609444,197.00
52,32,-57.036111,-25.609444,194.00
52,33,-57.035833,-25.609444,191.00
52,34,-57.035556,-25.609444,189.00
52,35,-57.035278,-25.609444,188.00
52,36,-57.035000,-25.609444,183.00
52,37,-57.034722,-25.609444,183.00
52,38,-57.034444,-25.609444,181.00
52,39,-57.034167,-25.609444,175.00
52,40,-57.033889,-25.609444,172.00
52,41,-57.033611,-25.609444,173.00
52,42,-57.033333,-25.609444,173.00
52,43,-57.033056,-25.609444,168.00
52,44,-57.032778,-25.609444,168.00
52,45,-57.032500,-25.609444,171.00
52,46,-57.032222,-25.609444,170.00
52,47,-57.031944,-25.609444,175.00
52,48,-57.031667,-25.609444,178.00
52,49,-57.031389,-25.609444,185.00
52,50,-57.031111,-25.609444,190.00
52,51,-57.030833,-25.609444,192.00
52,52,-57.030556,-25.609444,190.00
52,53,-57.030278,-25.609444,195.00
52,54,-57.030000,-25.609444,201.00
52,55,-57.029722,-25.609444,201.00
52,56,-57.029444,-25.609444,201.00
52,57,-57.029167,-25.609444,203.00
52,58,-57.028889,-25.609444,215.00
52,59,-57.028611,-25.609444,216.00
52,60,-57.028333,-25.609444,216.00
52,61,-57.028056,-25.609444,220.00
52,62,-57.027778,-25.609444,225.00
52,63,-57.027500,-25.609444,226.00
52,64,-57.027222,-25.609444,228.00
52,65,-57.026944,-25.609444,232.00
52,66,-57.026667,-25.609444,232.00
52,67,-57.026389,-25.609444,236.00
52,68,-57.026111,-25.609444,244.00
52,69,-57.025833,-25.609444,246.00
52,70,-57.025556,-25.609444,250.00
52,71,-57.025278,-25.609444,253.00
52,72,-57.025000,-25.609444,252.00
52,73,-57.024722,-25.609444,252.00
52,74,-57.024444,-25.609444,254.00
52,75,-57.024167,-25.609444,261.00
52,76,-57.023889,-25.609444,269.00
52,77,-57.023611,-25.609444,271.00
52,78,-57.023333,-25.609444,273.00
52,79,-57.023056,-25.609444,277.00
52,80,-57.022778,-25.609444,276.00
52,81,-57.022500,-25.609444,278.00
52,82,-57.022222,-25.609444,281.00
52,83,-57.021944,-25.609444,284.00
52,84,-57.021667,-25.609444,288.00
52,85,-57.021389,-25.609444,286.00
52,86,-57.021111,-25.609444,288.00
52,87,-57.020833,-25.609444,291.00
52,88,-57.020556,-25.609444,292.00
52,89,-57.020278,-25.609444,295.00
52,90,-57.020000,-25.609444,297.00
52,91,-57.019722,-25.609444,300.00
52,92,-57.019444,-25.609444,308.00
52,93,-57.019167,-25.609444,318.00
52,94,-57.018889,-25.609444,330.00
52,95,-57.018611,-25.609444,341.00
52,96,-57.018333,-25.609444,349.00
52,97,-57.018056,-25.609444,348.00
52,98,-57.017778,-25.609444,347.00
52,99,-57.017500,-25.609444,343.00
52,100,-57.017222,-25.609444,337.00
52,101,-57.016944,-25.609444,329.00
52,102,-57.016667,-25.609444,329.00
52,103,-57.016389,-25.609444,332.00
52,104,-57.016111,-25.609444,335.00
52,105,-57.015833,-25.609444,339.00
52,106,-57.015556,-25.609444,342.00
52,107,-57.015278,-25.609444,343.00
53,0,-57.045000,-25.609722,276.00
53,1,-57.044722,-25.609722,276.00
53,2,-57.044444,-25.609722,275.00
53,3,-57.044167,-25.609722,270.00
53,4,-57.043889,-25.609722,265.00
53,5,-57.043611,-25.609722,263.00
53,6,-57.043333,-25.609722,260.00
53,7,-57.043056,-25.609722,261.00
53,8,-57.042778,-25.609722,257.00
53,9,-57.042500,-25.609722,254.00
53,10,-57.042222,-25.609722,253.00
53,11,-57.041944,-25.609722,252.00
53,12,-57.041667,-25.609722,252.00
53,13,-57.041389,-25.609722,252.00
53,14,-57.041111,-25.609722,251.00
53,15,-57.040833,-25.609722,250.00
53,16,-57.040556,-25.609722,248.00
53,17,-57.040278,-25.609722,243.00
53,18,-57.040000,-25.609722,240.00
53,19,-57.039722,-25.609722,237.00
53,20,-57.039444,-25.609722,236.00
53,21,-57.039167,-25.609722,233.00
53,22,-57.038889,-25.609722,233.00
53,23,-57.038611,-25.609722,230.00
53,24,-57.038333,-25.609722,227.00
53,25,-57.038056,-25.609722,222.00
53,26,-57.037778,-25.609722,220.00
53,27,-57.037500,-25.609722,213.00
53,28,-57.037222,-25.609722,209.00
53,29,-57.036944,-25.609722,205.00
53,30,-57.036667,-25.609722,199.00
53,31,-57.036389,-25.609722,195.00
53,32,-57.036111,-25.609722,193.00
53,33,-57.035833,-25.609722,190.00
53,34,-57.035556,-25.609722,187.00
53,35,-57.035278,-25.609722,186.00
53,36,-57.035000,-25.609722,181.00
53,37,-57.034722,-25.609722,178.00
53,38,-57.034444,-25.609722,178.00
53,39,-57.034167,-25.609722,178.00
53,40,-57.033889,-25.609722,175.00
53,41,-57.033611,-25.609722,173.00
53,42,-57.033333,-25.609722,170.00
53,43,-57.033056,-25.609722,166.00
53,44,-57.032778,-25.609722,166.00
53,45,-57.032500,-25.609722,166.00
53,46,-57.032222,-25.609722,166.00
53,47,-57.031944,-25.609722,173.00
53,48,-57.031667,-25.609722,174.00
53,49,-57.031389,-25.609722,180.00
53,50,-57.031111,-25.609722,183.00
53,51,-57.030833,-25.609722,188.00
53,52,-57.030556,-25.609722,190.00
53,53,-57.030278,-25.609722,193.00
53,54,-57.030000,-25.609722,196.00
53,55,-57.029722,-25.609722,198.00
53,56,-57.029444,-25.609722,199.00
53,57,-57.029167,-25.609722,207.00
53,58,-57.028889,-25.609722,214.00
53,59,-57.028611,-25.609722,216.00
53,60,-57.028333,-25.609722,216.00
53,61,-57.028056,-25.609722,219.00
53,62,-57.027778,-25.609722,224.00
53,63,-57.027500,-25.609722,224.00
53,64,-57.027222,-25.609722,228.00
53,65,-57.026944,-25.609722,229.00
53,66,-57.026667,-25.609722,230.00
53,67,-57.026389,-25.609722,233.00
53,68,-57.026111,-25.609722,239.00
53,69,-57.025833,-25.609722,240.00
53,70,-57.025556,-25.609722,243.00
53,71,-57.025278,-25.609722,246.00
53,72,-57.025000,-25.609722,249.00
53,73,-57.024722,-25.609722,254.00
53,74,-57.024444,-25.609722,255.00
53,75,-57.024167,-25.609722,258.00
53,76,-57.023889,-25.609722,263.00
53,77,-57.023611,-25.609722,262.00
53,78,-57.023333,-25.609722,269.00
53,79,-57.023056,-25.609722,275.00
53,80,-57.022778,-25.609722,274.00
53,81,-57.022500,-25.609722,275.00
53,82,-57.022222,-25.609722,279.00
53,83,-57.021944,-25.609722,281.00
53,84,-57.021667,-25.609722,286.00
53,85,-57.021389,-25.609722,283.00
53,86,-57.021111,-25.609722,284.00
53,87,-57.020833,-25.609722,289.00
53,88,-57.020556,-25.609722,290.00
53,89,-57.020278,-25.609722,292.00
53,90,-57.020000,-25.609722,297.00
53,91,-57.019722,-25.609722,300.00
53,92,-57.019444,-25.609722,310.00
53,93,-57.019167,-25.609722,321.00
53,94,-57.018889,-25.609722,336.00
53,95,-57.018611,-25.609722,349.00
53,96,-57.018333,-25.609722,363.00
53,97,-57.018056,-25.609722,365.00
53,98,-57.017778,-25.609722,361.00
53,99,-57.017500,-25.609722,355.00
53,100,-57.017222,-25.609722,348.00
53,101,-57.016944,-25.609722,338.00
53,102,-57.016667,-25.609722,331.00
53,103,-57.016389,-25.609722,332.00
53,104,-57.016111,-25.609722,336.00
53,105,-57.015833,-25.609722,340.00
53,106,-57.015556,-25.609722,343.00
53,107,-57.015278,-25.609722,344.00
54,0,-57.045000,-25.610000,266.00
54,1,-57.044722,-25.610000,265.00
54,2,-57.044444,-25.610000,266.00
54,3,-57.044167,-25.610000,263.00
54,4,-57.043889,-25.610000,261.00
54,5,-57.043611,-25.610000,258.00
54,6,-57.043333,-25.610000,254.00
54,7,-57.043056,-25.610000,251.00
54,8,-57.042778,-25.610000,248.00
54,9,-57.042500,-25.610000,248.00
54,10,-57.042222,-25.610000,247.00
54,11,-57.041944,-25.610000,248.00
54,12,-57.041667,-25.610000,248.00
54,13,-57.041389,-25.610000,250.00
54,14,-57.041111,-25.610000,250.00
54,15,-57.040833,-25.610000,247.00
54,16,-57.040556,-25.610000,246.00
54,17,-57.040278,-25.610000,242.00
54,18,-57.040000,-25.610000,239.00
54,19,-57.039722,-25.610000,237.00
54,20,-57.039444,-25.610000,236.00
54,21,-57.039167,-25.610000,232.00
54,22,-57.038889,-25.610000,230.00
54,23,-57.038611,-25.610000,227.00
54,24,-57.038333,-25.610000,225.00
54,25,-57.038056,-25.610000,224.00
54,26,-57.037778,-25.610000,220.00
54,27,-57.037500,-25.610000,216.00
54,28,-57.037222,-25.610000,212.00
54,29,-57.036944,-25.610000,206.00
54,30,-57.036667,-25.610000,201.00
54,31,-57.036389,-25.610000,196.00
54,32,-57.036111,-25.610000,192.00
54,33,-57.035833,-25.610000,188.00
54,34,-57.035556,-25.610000,185.00
54,35,-57.035278,-25.610000,183.00
54,36,-57.035000,-25.610000,181.00
54,37,-57.034722,-25.610000,178.00
54,38,-57.034444,-25.610000,175.00
54,39,-57.034167,-25.610000,174.00
54,40,-57.033889,-25.610000,173.00
54,41,-57.033611,-25.610000,171.00
54,42,-57.033333,-25.610000,167.00
54,43,-57.033056,-25.610000,165.00
54,44,-57.032778,-25.610000,165.00
54,45,-57.032500,-25.610000,164.00
54,46,-57.032222,-25.610000,165.00
54,47,-57.031944,-25.610000,174.00
54,48,-57.031667,-25.610000,175.00
54,49,-57.031389,-25.610000,179.00
54,50,-57.031111,-25.610000,181.00
54,51,-57.030833,-25.610000,181.00
54,52,-57.030556,-25.610000,186.00
54,53,-57.030278,-25.610000,188.00
54,54,-57.030000,-25.610000,189.00
54,55,-57.029722,-25.610000,195.00
54,56,-57.029444,-25.610000,199.00
54,57,-57.029167,-25.610000,206.00
54,58,-57.028889,-25.610000,210.00
54,59,-57.028611,-25.610000,215.00
54,60,-57.028333,-25.610000,216.00
54,61,-57.028056,-25.610000,221.00
54,62,-57.027778,-25.610000,223.00
54,63,-57.027500,-25.610000,221.00
54,64,-57.027222,-25.610000,223.00
54,65,-57.026944,-25.610000,225.00
54,66,-57.026667,-25.610000,226.00
54,67,-57.026389,-25.610000,230.00
54,68,-57.026111,-25.610000,232.00
54,69,-57.025833,-25.610000,233.00
54,70,-57.025556,-25.610000,236.00
54,71,-57.025278,-25.610000,239.00
54,72,-57.025000,-25.610000,241.00
54,73,-57.024722,-25.610000,246.00
54,74,-57.024444,-25.610000,249.00
54,75,-57.024167,-25.610000,250.00
54,76,-57.023889,-25.610000,253.00
54,77,-57.023611,-25.610000,255.00
54,78,-57.023333,-25.610000,261.00
54,79,-57.023056,-25.610000,270.00
54,80,-57.022778,-25.610000,272.00
54,81,-57.022500,-25.610000,272.00
54,82,-57.022222,-25.610000,277.00
54,83,-57.021944,-25.610000,275.00
54,84,-57.021667,-25.610000,279.00
54,85,-57.021389,-25.610000,283.00
54,86,-57.021111,-25.610000,285.00
54,87,-57.020833,-25.610000,285.00
54,88,-57.020556,-25.610000,287.00
54,89,-57.020278,-25.610000,290.00
54,90,-57.020000,-25.610000,294.00
54,91,-57.019722,-25.610000,303.00
54,92,-57.019444,-25.610000,312.00
54,93,-57.019167,-25.610000,323.00
54,94,-57.018889,-25.610000,337.00
54,95,-57.018611,-25.610000,354.00
54,96,-57.018333,-25.610000,371.00
54,97,-57.018056,-25.610000,380.00
54,98,-57.017778,-25.610000,378.00
54,99,-57.017500,-25.610000,368.00
54,100,-57.017222,-25.610000,356.00
54,101,-57.016944,-25.610000,346.00
54,102,-57.016667,-25.610000,337.00
54,103,-57.016389,-25.610000,333.00
54,104,-57.016111,-25.610000,338.00
54,105,-57.015833,-25.610000,340.00
54,106,-57.015556,-25.610000,341.00
54,107,-57.015278,-25.610000,345.00
55,0,-57.045000,-25.610278,260.00
55,1,-57.044722,-25.610278,259.00
55,2,-57.044444,-25.610278,259.00
55,3,-57.044167,-25.610278,257.00
55,4,-57.043889,-25.610278,254.00
55,5,-57.043611,-25.610278,252.00
55,6,-57.043333,-25.610278,249.00
55,7,-57.043056,-25.610278,248.00
55,8,-57.042778,-25.610278,245.00
55,9,-57.042500,-25.610278,243.00
55,10,-57.042222,-25.610278,243.00
55,11,-57.041944,-25.610278,243.00
55,12,-57.041667,-25.610278,246.00
55,13,-57.041389,-25.610278,245.00
55,14,-57.041111,-25.610278,245.00
55,15,-57.040833,-25.610278,242.00
55,16,-57.040556,-25.610278,242.00
55,17,-57.040278,-25.610278,241.00
55,18,-57.040000,-25.610278,239.00
55,19,-57.039722,-25.610278,236.00
55,20,-57.039444,-25.610278,234.00
55,21,-57.039167,-25.610278,229.00
55,22,-57.038889,-25.610278,228.00
55,23,-57.038611,-25.610278,225.00
55,24,-57.038333,-25.610278,222.00
55,25,-57.038056,-25.610278,223.00
55,26,-57.037778,-25.610278,222.00
55,27,-57.037500,-25.610278,217.00
55,28,-57.037222,-25.610278,212.00
55,29,-57.036944,-25.610278,207.00
55,30,-57.036667,-25.610278,200.00
55,31,-57.036389,-25.610278,194.00
55,32,-57.036111,-25.610278,190.00
55,33,-57.035833,-25.610278,186.00
55,34,-57.035556,-25.610278,184.00
55,35,-57.035278,-25.610278,183.00
55,36,-57.035000,-25.610278,180.00
55,37,-57.034722,-25.610278,177.00
55,38,-57.034444,-25.610278,172.00
55,39,-57.034167,-25.610278,171.00
55,40,-57.033889,-25.610278,169.00
55,41,-57.033611,-25.610278,166.00
55,42,-57.033333,-25.610278,163.00
55,43,-57.033056,-25.610278,162.00
55,44,-57.032778,-25.610278,161.00
55,45,-57.032500,-25.610278,162.00
55,46,-57.032222,-25.610278,165.00
55,47,-57.031944,-25.610278,170.00
55,48,-57.031667,-25.610278,175.00
55,49,-57.031389,-25.610278,175.00
55,50,-57.031111,-25.610278,177.00
55,51,-57.030833,-25.610278,179.00
55,52,-57.030556,-25.610278,181.00
55,53,-57.030278,-25.610278,182.00
55,54,-57.030000,-25.610278,185.00
55,55,-57.029722,-25.610278,192.00
55,56,-57.029444,-25.610278,196.00
55,57,-57.029167,-25.610278,201.00
55,58,-57.028889,-25.610278,206.00
55,59,-57.028611,-25.610278,212.00
55,60,-57.028333,-25.610278,217.00
55,61,-57.028056,-25.610278,220.00
55,62,-57.027778,-25.610278,219.00
55,63,-57.027500,-25.610278,220.00
55,64,-57.027222,-25.610278,219.00
55,65,-57.026944,-25.610278,224.00
55,66,-57.026667,-25.610278,224.00
55,67,-57.026389,-25.610278,226.00
55,68,-57.026111,-25.610278,228.00
55,69,-57.025833,-25.610278,229.00
55,70,-57.025556,-25.610278,231.00
55,71,-57.025278,-25.610278,234.00
55,72,-57.025000,-25.610278,236.00
55,73,-57.024722,-25.610278,240.00
55,74,-57.024444,-25.610278,244.00
55,75,-57.024167,-25.610278,247.00
55,76,-57.023889,-25.610278,250.00
55,77,-57.023611,-25.610278,252.00
55,78,-57.023333,-25.610278,257.00
55,79,-57.023056,-25.610278,266.00
55,80,-57.022778,-25.610278,266.00
55,81,-57.022500,-25.610278,269.00
55,82,-57.022222,-25.610278,272.00
55,83,-57.021944,-25.610278,271.00
55,84,-57.021667,-25.610278,274.00
55,85,-57.021389,-25.610278,278.00
55,86,-57.021111,-25.610278,285.00
55,87,-57.020833,-25.610278,282.00
55,88,-57.020556,-25.610278,284.00
55,89,-57.020278,-25.610278,288.00
55,90,-57.020000,-25.610278,296.00
55,91,-57.019722,-25.610278,303.00
55,92,-57.019444,-25.610278,308.00
55,93,-57.019167,-25.610278,319.00
55,94,-57.018889,-25.610278,334.00
55,95,-57.018611,-25.610278,350.00
55,96,-57.018333,-25.610278,371.00
55,97,-57.018056,-25.610278,388.00
55,98,-57.017778,-25.610278,392.00
55,99,-57.017500,-25.610278,383.00
55,100,-57.017222,-25.610278,369.00
55,101,-57.016944,-25.610278,360.00
55,102,-57.016667,-25.610278,350.00
55,103,-57.016389,-25.610278,341.00
55,104,-57.016111,-25.610278,338.00
55,105,-57.015833,-25.610278,338.00
55,106,-57.015556,-25.610278,340.00
55,107,-57.015278,-25.610278,344.00
56,0,-57.045000,-25.610556,259.00
56,1,-57.044722,-25.610556,257.00
56,2,-57.044444,-25.610556,255.00
56,3,-57.044167,-25.610556,252.00
56,4,-57.043889,-25.610556,249.00
56,5,-57.043611,-25.610556,247.00
56,6,-57.043333,-25.610556,245.00
56,7,-57.043056,-25.610556,243.00
56,8,-57.042778,-25.610556,241.00
56,9,-57.042500,-25.610556,240.00
56,10,-57.042222,-25.610556,239.00
56,11,-57.041944,-25.610556,241.00
56,12,-57.041667,-25.610556,242.00
56,13,-57.041389,-25.610556,240.00
56,14,-57.041111,-25.610556,242.00
56,15,-57.040833,-25.610556,241.00
56,16,-57.040556,-25.610556,241.00
56,17,-57.040278,-25.610556,239.00
56,18,-57.040000,-25.610556,237.00
56,19,-57.039722,-25.610556,233.00
56,20,-57.039444,-25.610556,231.00
56,21,-57.039167,-25.610556,227.00
56,22,-57.038889,-25.610556,226.00
56,23,-57.038611,-25.610556,223.00
56,24,-57.038333,-25.610556,221.00
56,25,-57.038056,-25.610556,225.00
56,26,-57.037778,-25.610556,222.00
56,27,-57.037500,-25.610556,216.00
56,28,-57.037222,-25.610556,211.00
56,29,-57.036944,-25.610556,206.00
56,30,-57.036667,-25.610556,199.00
56,31,-57.036389,-25.610556,192.00
56,32,-57.036111,-25.610556,189.00
56,33,-57.035833,-25.610556,186.00
56,34,-57.035556,-25.610556,183.00
56,35,-57.035278,-25.610556,181.00
56,36,-57.035000,-25.610556,179.00
56,37,-57.034722,-25.610556,178.00
56,38,-57.034444,-25.610556,176.00
56,39,-57.034167,-25.610556,169.00
56,40,-57.033889,-25.610556,168.00
56,41,-57.033611,-25.610556,166.00
56,42,-57.033333,-25.610556,162.00
56,43,-57.033056,-25.610556,163.00
56,44,-57.032778,-25.610556,164.00
56,45,-57.032500,-25.610556,160.00
56,46,-57.032222,-25.610556,163.00
56,47,-57.031944,-25.610556,164.00
56,48,-57.031667,-25.610556,166.00
56,49,-57.031389,-25.610556,166.00
56,50,-57.031111,-25.610556,170.00
56,51,-57.030833,-25.610556,173.00
56,52,-57.030556,-25.610556,172.00
56,53,-57.030278,-25.610556,172.00
56,54,-57.030000,-25.610556,178.00
56,55,-57.029722,-25.610556,188.00
56,56,-57.029444,-25.610556,193.00
56,57,-57.029167,-25.610556,197.00
56,58,-57.028889,-25.610556,205.00
56,59,-57.028611,-25.610556,211.00
56,60,-57.028333,-25.610556,214.00
56,61,-57.028056,-25.610556,215.00
56,62,-57.027778,-25.610556,217.00
56,63,-57.027500,-25.610556,216.00
56,64,-57.027222,-25.610556,217.00
56,65,-57.026944,-25.610556,221.00
56,66,-57.026667,-25.610556,221.00
56,67,-57.026389,-25.610556,222.00
56,68,-57.026111,-25.610556,224.00
56,69,-57.025833,-25.610556,227.00
56,70,-57.025556,-25.610556,227.00
56,71,-57.025278,-25.610556,230.00
56,72,-57.025000,-25.610556,234.00
56,73,-57.024722,-25.610556,237.00
56,74,-57.024444,-25.610556,239.00
56,75,-57.024167,-25.610556,244.00
56,76,-57.023889,-25.610556,248.00
56,77,-57.023611,-25.610556,249.00
56,78,-57.023333,-25.610556,256.00
56,79,-57.023056,-25.610556,262.00
56,80,-57.022778,-25.610556,261.00
56,81,-57.022500,-25.610556,265.00
56,82,-57.022222,-25.610556,269.00
56,83,-57.021944,-25.610556,270.00
56,84,-57.021667,-25.610556,274.00
56,85,-57.021389,-25.610556,279.00
56,86,-57.021111,-25.610556,283.00
56,87,-57.020833,-25.610556,284.00
56,88,-57.020556,-25.610556,283.00
56,89,-57.020278,-25.610556,286.00
56,90,-57.020000,-25.610556,296.00
56,91,-57.019722,-25.610556,300.00
56,92,-57.019444,-25.610556,306.00
56,93,-57.019167,-25.610556,315.00
56,94,-57.018889,-25.610556,330.00
56,95,-57.018611,-25.610556,344.00
56,96,-57.018333,-25.610556,363.00
56,97,-57.018056,-25.610556,381.00
56,98,-57.017778,-25.610556,395.00
56,99,-57.017500,-25.610556,394.00
56,100,-57.017222,-25.610556,377.00
56,101,-57.016944,-25.610556,365.00
56,102,-57.016667,-25.610556,355.00
56,103,-57.016389,-25.610556,345.00
56,104,-57.016111,-25.610556,340.00
56,105,-57.015833,-25.610556,340.00
56,106,-57.015556,-25.610556,340.00
56,107,-57.015278,-25.610556,342.00
57,0,-57.045000,-25.610833,257.00
57,1,-57.044722,-25.610833,254.00
57,2,-57.044444,-25.610833,253.00
57,3,-57.044167,-25.610833,250.00
57,4,-57.043889,-25.610833,246.00
57,5,-57.043611,-25.610833,242.00
57,6,-57.043333,-25.610833,242.00
57,7,-57.043056,-25.610833,241.00
57,8,-57.042778,-25.610833,238.00
57,9,-57.042500,-25.610833,236.00
57,10,-57.042222,-25.610833,238.00
57,11,-57.041944,-25.610833,241.00
57,12,-57.041667,-25.610833,238.00
57,13,-57.041389,-25.610833,237.00
57,14,-57.041111,-25.610833,239.00
57,15,-57.040833,-25.610833,239.00
57,16,-57.040556,-25.610833,240.00
57,17,-57.040278,-25.610833,238.00
57,18,-57.040000,-25.610833,234.00
57,19,-57.039722,-25.610833,231.00
57,20,-57.039444,-25.610833,229.00
57,21,-57.039167,-25.610833,226.00
57,22,-57.038889,-25.610833,225.00
57,23,-57.038611,-25.610833,223.00
57,24,-57.038333,-25.610833,224.00
57,25,-57.038056,-25.610833,223.00
57,26,-57.037778,-25.610833,218.00
57,27,-57.037500,-25.610833,212.00
57,28,-57.037222,-25.610833,207.00
57,29,-57.036944,-25.610833,200.00
57,30,-57.036667,-25.610833,194.00
57,31,-57.036389,-25.610833,191.00
57,32,-57.036111,-25.610833,187.00
57,33,-57.035833,-25.610833,184.00
57,34,-57.035556,-25.610833,182.00
57,35,-57.035278,-25.610833,180.00
57,36,-57.035000,-25.610833,179.00
57,37,-57.034722,-25.610833,185.00
57,38,-57.034444,-25.610833,183.00
57,39,-57.034167,-25.610833,174.00
57,40,-57.033889,-25.610833,167.00
57,41,-57.033611,-25.610833,164.00
57,42,-57.033333,-25.610833,162.00
57,43,-57.033056,-25.610833,161.00
57,44,-57.032778,-25.610833,163.00
57,45,-57.032500,-25.610833,160.00
57,46,-57.032222,-25.610833,157.00
57,47,-57.031944,-25.610833,160.00
57,48,-57.031667,-25.610833,161.00
57,49,-57.031389,-25.610833,162.00
57,50,-57.031111,-25.610833,163.00
57,51,-57.030833,-25.610833,170.00
57,52,-57.030556,-25.610833,169.00
57,53,-57.030278,-25.610833,169.00
57,54,-57.030000,-25.610833,170.00
57,55,-57.029722,-25.610833,180.00
57,56,-57.029444,-25.610833,184.00
57,57,-57.029167,-25.610833,190.00
57,58,-57.028889,-25.610833,199.00
57,59,-57.028611,-25.610833,204.00
57,60,-57.028333,-25.610833,208.00
57,61,-57.028056,-25.610833,206.00
57,62,-57.027778,-25.610833,211.00
57,63,-57.027500,-25.610833,212.00
57,64,-57.027222,-25.610833,213.00
57,65,-57.026944,-25.610833,216.00
57,66,-57.026667,-25.610833,218.00
57,67,-57.026389,-25.610833,219.00
57,68,-57.026111,-25.610833,220.00
57,69,-57.025833,-25.610833,223.00
57,70,-57.025556,-25.610833,225.00
57,71,-57.025278,-25.610833,228.00
57,72,-57.025000,-25.610833,235.00
57,73,-57.024722,-25.610833,235.00
57,74,-57.024444,-25.610833,236.00
57,75,-57.024167,-25.610833,240.00
57,76,-57.023889,-25.610833,244.00
57,77,-57.023611,-25.610833,246.00
57,78,-57.023333,-25.610833,249.00
57,79,-57.023056,-25.610833,258.00
57,80,-57.022778,-25.610833,259.00
57,81,-57.022500,-25.610833,259.00
57,82,-57.022222,-25.610833,263.00
57,83,-57.021944,-25.610833,267.00
57,84,-57.021667,-25.610833,275.00
57,85,-57.021389,-25.610833,279.00
57,86,-57.021111,-25.610833,282.00
57,87,-57.020833,-25.610833,281.00
57,88,-57.020556,-25.610833,283.00
57,89,-57.020278,-25.610833,288.00
57,90,-57.020000,-25.610833,296.00
57,91,-57.019722,-25.610833,304.00
57,92,-57.019444,-25.610833,309.00
57,93,-57.019167,-25.610833,314.00
57,94,-57.018889,-25.610833,324.00
57,95,-57.018611,-25.610833,338.00
57,96,-57.018333,-25.610833,357.00
57,97,-57.018056,-25.610833,372.00
57,98,-57.017778,-25.610833,383.00
57,99,-57.017500,-25.610833,391.00
57,100,-57.017222,-25.610833,382.00
57,101,-57.016944,-25.610833,371.00
57,102,-57.016667,-25.610833,360.00
57,103,-57.016389,-25.610833,349.00
57,104,-57.016111,-25.610833,343.00
57,105,-57.015833,-25.610833,342.00
57,106,-57.015556,-25.610833,342.00
57,107,-57.015278,-25.610833,343.00
58,0,-57.045000,-25.611111,257.00
58,1,-57.044722,-25.611111,255.00
58,2,-57.044444,-25.611111,250.00
58,3,-57.044167,-25.611111,249.00
58,4,-57.043889,-25.611111,245.00
58,5,-57.043611,-25.611111,238.00
58,6,-57.043333,-25.611111,236.00
58,7,-57.043056,-25.611111,236.00
58,8,-57.042778,-25.611111,233.00
58,9,-57.042500,-25.611111,232.00
58,10,-57.042222,-25.611111,233.00
58,11,-57.041944,-25.611111,238.00
58,12,-57.041667,-25.611111,234.00
58,13,-57.041389,-25.611111,232.00
58,14,-57.041111,-25.611111,238.00
58,15,-57.040833,-25.611111,238.00
58,16,-57.040556,-25.611111,235.00
58,17,-57.040278,-25.611111,233.00
58,18,-57.040000,-25.611111,230.00
58,19,-57.039722,-25.611111,229.00
58,20,-57.039444,-25.611111,226.00
58,21,-57.039167,-25.611111,225.00
58,22,-57.038889,-25.611111,223.00
58,23,-57.038611,-25.611111,223.00
58,24,-57.038333,-25.611111,223.00
58,25,-57.038056,-25.611111,217.00
58,26,-57.037778,-25.611111,210.00
58,27,-57.037500,-25.611111,207.00
58,28,-57.037222,-25.611111,203.00
58,29,-57.036944,-25.611111,199.00
58,30,-57.036667,-25.611111,194.00
58,31,-57.036389,-25.611111,190.00
58,32,-57.036111,-25.611111,186.00
58,33,-57.035833,-25.611111,183.00
58,34,-57.035556,-25.611111,180.00
58,35,-57.035278,-25.611111,177.00
58,36,-57.035000,-25.611111,178.00
58,37,-57.034722,-25.611111,183.00
58,38,-57.034444,-25.611111,183.00
58,39,-57.034167,-25.611111,179.00
58,40,-57.033889,-25.611111,166.00
58,41,-57.033611,-25.611111,164.00
58,42,-57.033333,-25.611111,162.00
58,43,-57.033056,-25.611111,159.00
58,44,-57.032778,-25.611111,162.00
58,45,-57.032500,-25.611111,157.00
58,46,-57.032222,-25.611111,158.00
58,47,-57.031944,-25.611111,161.00
58,48,-57.031667,-25.611111,161.00
58,49,-57.031389,-25.611111,162.00
58,50,-57.031111,-25.611111,162.00
58,51,-57.030833,-25.611111,164.00
58,52,-57.030556,-25.611111,166.00
58,53,-57.030278,-25.611111,168.00
58,54,-57.030000,-25.611111,170.00
58,55,-57.029722,-25.611111,174.00
58,56,-57.029444,-25.611111,179.00
58,57,-57.029167,-25.611111,189.00
58,58,-57.028889,-25.611111,199.00
58,59,-57.028611,-25.611111,201.00
58,60,-57.028333,-25.611111,202.00
58,61,-57.028056,-25.611111,203.00
58,62,-57.027778,-25.611111,206.00
58,63,-57.027500,-25.611111,208.00
58,64,-57.027222,-25.611111,208.00
58,65,-57.026944,-25.611111,212.00
58,66,-57.026667,-25.611111,214.00
58,67,-57.026389,-25.611111,215.00
58,68,-57.026111,-25.611111,217.00
58,69,-57.025833,-25.611111,223.00
58,70,-57.025556,-25.611111,222.00
58,71,-57.025278,-25.611111,224.00
58,72,-57.025000,-25.611111,229.00
58,73,-57.024722,-25.611111,231.00
58,74,-57.024444,-25.611111,234.00
58,75,-57.024167,-25.611111,235.00
58,76,-57.023889,-25.611111,240.00
58,77,-57.023611,-25.611111,241.00
58,78,-57.023333,-25.611111,243.00
58,79,-57.023056,-25.611111,246.00
58,80,-57.022778,-25.611111,253.00
58,81,-57.022500,-25.611111,255.00
58,82,-57.022222,-25.611111,258.00
58,83,-57.021944,-25.611111,262.00
58,84,-57.021667,-25.611111,267.00
58,85,-57.021389,-25.611111,272.00
58,86,-57.021111,-25.611111,273.00
58,87,-57.020833,-25.611111,273.00
58,88,-57.020556,-25.611111,278.00
58,89,-57.020278,-25.611111,284.00
58,90,-57.020000,-25.611111,293.00
58,91,-57.019722,-25.611111,301.00
58,92,-57.019444,-25.611111,304.00
58,93,-57.019167,-25.611111,313.00
58,94,-57.018889,-25.611111,320.00
58,95,-57.018611,-25.611111,332.00
58,96,-57.018333,-25.611111,346.00
58,97,-57.018056,-25.611111,359.00
58,98,-57.017778,-25.611111,368.00
58,99,-57.017500,-25.611111,376.00
58,100,-57.017222,-25.611111,381.00
58,101,-57.016944,-25.611111,378.00
58,102,-57.016667,-25.611111,369.00
58,103,-57.016389,-25.611111,359.00
58,104,-57.016111,-25.611111,351.00
58,105,-57.015833,-25.611111,345.00
58,106,-57.015556,-25.611111,343.00
58,107,-57.015278,-25.611111,344.00
59,0,-57.045000,-25.611389,256.00
59,1,-57.044722,-25.611389,254.00
59,2,-57.044444,-25.611389,250.00
59,3,-57.044167,-25.611389,248.00
59,4,-57.043889,-25.611389,244.00
59,5,-57.043611,-25.611389,238.00
59,6,-57.043333,-25.611389,238.00
59,7,-57.043056,-25.611389,234.00
59,8,-57.042778,-25.611389,231.00
59,9,-57.042500,-25.611389,227.00
59,10,-57.042222,-25.611389,231.00
59,11,-57.041944,-25.611389,235.00
59,12,-57.041667,-25.611389,229.00
59,13,-57.041389,-25.611389,231.00
59,14,-57.041111,-25.611389,232.00
59,15,-57.040833,-25.611389,234.00
59,16,-57.040556,-25.611389,232.00
59,17,-57.040278,-25.611389,231.00
59,18,-57.040000,-25.611389,228.00
59,19,-57.039722,-25.611389,228.00
59,20,-57.039444,-25.611389,228.00
59,21,-57.039167,-25.611389,224.00
59,22,-57.038889,-25.611389,223.00
59,23,-57.038611,-25.611389,221.00
59,24,-57.038333,-25.611389,218.00
59,25,-57.038056,-25.611389,214.00
59,26,-57.037778,-25.611389,211.00
59,27,-57.037500,-25.611389,205.00
59,28,-57.037222,-25.611389,201.00
59,29,-57.036944,-25.611389,199.00
59,30,-57.036667,-25.611389,193.00
59,31,-57.036389,-25.611389,189.00
59,32,-57.036111,-25.611389,185.00
59,33,-57.035833,-25.611389,182.00
59,34,-57.035556,-25.611389,179.00
59,35,-57.035278,-25.611389,176.00
59,36,-57.035000,-25.611389,175.00
59,37,-57.034722,-25.611389,173.00
59,38,-57.034444,-25.611389,172.00
59,39,-57.034167,-25.611389,172.00
59,40,-57.033889,-25.611389,165.00
59,41,-57.033611,-25.611389,162.00
59,42,-57.033333,-25.611389,160.00
59,43,-57.033056,-25.611389,163.00
59,44,-57.032778,-25.611389,164.00
59,45,-57.032500,-25.611389,159.00
59,46,-57.032222,-25.611389,157.00
59,47,-57.031944,-25.611389,159.00
59,48,-57.031667,-25.611389,158.00
59,49,-57.031389,-25.611389,155.00
59,50,-57.031111,-25.611389,159.00
59,51,-57.030833,-25.611389,162.00
59,52,-57.030556,-25.611389,163.00
59,53,-57.030278,-25.611389,166.00
59,54,-57.030000,-25.611389,168.00
59,55,-57.029722,-25.611389,172.00
59,56,-57.029444,-25.611389,177.00
59,57,-57.029167,-25.611389,187.00
59,58,-57.028889,-25.611389,197.00
59,59,-57.028611,-25.611389,198.00
59,60,-57.028333,-25.611389,199.00
59,61,-57.028056,-25.611389,200.00
59,62,-57.027778,-25.611389,203.00
59,63,-57.027500,-25.611389,205.00
59,64,-57.027222,-25.611389,206.00
59,65,-57.026944,-25.611389,208.00
59,66,-57.026667,-25.611389,211.00
59,67,-57.026389,-25.611389,212.00
59,68,-57.026111,-25.611389,216.00
59,69,-57.025833,-25.611389,220.00
59,70,-57.025556,-25.611389,219.00
59,71,-57.025278,-25.611389,222.00
59,72,-57.025000,-25.611389,225.00
59,73,-57.024722,-25.611389,227.00
59,74,-57.024444,-25.611389,231.00
59,75,-57.024167,-25.611389,232.00
59,76,-57.023889,-25.611389,234.00
59,77,-57.023611,-25.611389,238.00
59,78,-57.023333,-25.611389,241.00
59,79,-57.023056,-25.611389,242.00
59,80,-57.022778,-25.611389,246.00
59,81,-57.022500,-25.611389,252.00
59,82,-57.022222,-25.611389,256.00
59,83,-57.021944,-25.611389,257.00
59,84,-57.021667,-25.611389,259.00
59,85,-57.021389,-25.611389,263.00
59,86,-57.021111,-25.611389,267.00
59,87,-57.020833,-25.611389,268.00
59,88,-57.020556,-25.611389,271.00
59,89,-57.020278,-25.611389,280.00
59,90,-57.020000,-25.611389,283.00
59,91,-57.019722,-25.611389,292.00
59,92,-57.019444,-25.611389,301.00
59,93,-57.019167,-25.611389,309.00
59,94,-57.018889,-25.611389,317.00
59,95,-57.018611,-25.611389,326.00
59,96,-57.018333,-25.611389,335.00
59,97,-57.018056,-25.611389,345.00
59,98,-57.017778,-25.611389,352.00
59,99,-57.017500,-25.611389,361.00
59,100,-57.017222,-25.611389,374.00
59,101,-57.016944,-25.611389,383.00
59,102,-57.016667,-25.611389,377.00
59,103,-57.016389,-25.611389,366.00
59,104,-57.016111,-25.611389,355.00
59,105,-57.015833,-25.611389,348.00
59,106,-57.015556,-25.611389,345.00
59,107,-57.015278,-25.611389,344.00
60,0,-57.045000,-25.611667,255.00
60,1,-57.044722,-25.611667,251.00
60,2,-57.044444,-25.611667,248.00
60,3,-57.044167,-25.611667,244.00
60,4,-57.043889,-25.611667,241.00
60,5,-57.043611,-25.611667,238.00
60,6,-57.043333,-25.611667,239.00
60,7,-57.043056,-25.611667,238.00
60,8,-57.042778,-25.611667,234.00
60,9,-57.042500,-25.611667,227.00
60,10,-57.042222,-25.611667,229.00
60,11,-57.041944,-25.611667,229.00
60,12,-57.041667,-25.611667,225.00
60,13,-57.041389,-25.611667,222.00
60,14,-57.041111,-25.611667,223.00
60,15,-57.040833,-25.611667,224.00
60,16,-57.040556,-25.611667,228.00
60,17,-57.040278,-25.611667,230.00
60,18,-57.040000,-25.611667,227.00
60,19,-57.039722,-25.611667,228.00
60,20,-57.039444,-25.611667,227.00
60,21,-57.039167,-25.611667,221.00
60,22,-57.038889,-25.611667,220.00
60,23,-57.038611,-25.611667,216.00
60,24,-57.038333,-25.611667,214.00
60,25,-57.038056,-25.611667,212.00
60,26,-57.037778,-25.611667,206.00
60,27,-57.037500,-25.611667,201.00
60,28,-57.037222,-25.611667,196.00
60,29,-57.036944,-25.611667,196.00
60,30,-57.036667,-25.611667,191.00
60,31,-57.036389,-25.611667,186.00
60,32,-57.036111,-25.611667,183.00
60,33,-57.035833,-25.611667,180.00
60,34,-57.035556,-25.611667,177.00
60,35,-57.035278,-25.611667,175.00
60,36,-57.035000,-25.611667,172.00
60,37,-57.034722,-25.611667,170.00
60,38,-57.034444,-25.611667,168.00
60,39,-57.034167,-25.611667,166.00
60,40,-57.033889,-25.611667,163.00
60,41,-57.033611,-25.611667,160.00
60,42,-57.033333,-25.611667,159.00
60,43,-57.033056,-25.611667,162.00
60,44,-57.032778,-25.611667,162.00
60,45,-57.032500,-25.611667,160.00
60,46,-57.032222,-25.611667,154.00
60,47,-57.031944,-25.611667,152.00
60,48,-57.031667,-25.611667,157.00
60,49,-57.031389,-25.611667,155.00
60,50,-57.031111,-25.611667,158.00
60,51,-57.030833,-25.611667,160.00
60,52,-57.030556,-25.611667,163.00
60,53,-57.030278,-25.611667,167.00
60,54,-57.030000,-25.611667,169.00
60,55,-57.029722,-25.611667,172.00
60,56,-57.029444,-25.611667,177.00
60,57,-57.029167,-25.611667,190.00
60,58,-57.028889,-25.611667,197.00
60,59,-57.028611,-25.611667,198.00
60,60,-57.028333,-25.611667,202.00
60,61,-57.028056,-25.611667,201.00
60,62,-57.027778,-25.611667,200.00
60,63,-57.027500,-25.611667,200.00
60,64,-57.027222,-25.611667,203.00
60,65,-57.026944,-25.611667,204.00
60,66,-57.026667,-25.611667,207.00
60,67,-57.026389,-25.611667,209.00
60,68,-57.026111,-25.611667,212.00
60,69,-57.025833,-25.611667,214.00
60,70,-57.025556,-25.611667,217.00
60,71,-57.025278,-25.611667,219.00
60,72,-57.025000,-25.611667,221.00
60,73,-57.024722,-25.611667,224.00
60,74,-57.024444,-25.611667,226.00
60,75,-57.024167,-25.611667,228.00
60,76,-57.023889,-25.611667,231.00
60,77,-57.023611,-25.611667,234.00
60,78,-57.023333,-25.611667,241.00
60,79,-57.023056,-25.611667,242.00
60,80,-57.022778,-25.611667,245.00
60,81,-57.022500,-25.611667,248.00
60,82,-57.022222,-25.611667,250.00
60,83,-57.021944,-25.611667,254.00
60,84,-57.021667,-25.611667,256.00
60,85,-57.021389,-25.611667,259.00
60,86,-57.021111,-25.611667,262.00
60,87,-57.020833,-25.611667,266.00
60,88,-57.020556,-25.611667,270.00
60,89,-57.020278,-25.611667,275.00
60,90,-57.020000,-25.611667,277.00
60,91,-57.019722,-25.611667,280.00
60,92,-57.019444,-25.611667,290.00
60,93,-57.019167,-25.611667,301.00
60,94,-57.018889,-25.611667,306.00
60,95,-57.018611,-25.611667,311.00
60,96,-57.018333,-25.611667,322.00
60,97,-57.018056,-25.611667,329.00
60,98,-57.017778,-25.611667,332.00
60,99,-57.017500,-25.611667,345.00
60,100,-57.017222,-25.611667,361.00
60,101,-57.016944,-25.611667,375.00
60,102,-57.016667,-25.611667,381.00
60,103,-57.016389,-25.611667,372.00
60,104,-57.016111,-25.611667,362.00
60,105,-57.015833,-25.611667,350.00
60,106,-57.015556,-25.611667,346.00
60,107,-57.015278,-25.611667,346.00
61,0,-57.045000,-25.611944,253.00
61,1,-57.044722,-25.611944,251.00
61,2,-57.044444,-25.611944,247.00
61,3,-57.044167,-25.611944,243.00
61,4,-57.043889,-25.611944,241.00
61,5,-57.043611,-25.611944,236.00
61,6,-57.043333,-25.611944,232.00
61,7,-57.043056,-25.611944,231.00
61,8,-57.042778,-25.611944,231.00
61,9,-57.042500,-25.611944,224.00
61,10,-57.042222,-25.611944,225.00
61,11,-57.041944,-25.611944,225.00
61,12,-57.041667,-25.611944,219.00
61,13,-57.041389,-25.611944,216.00
61,14,-57.041111,-25.611944,216.00
61,15,-57.040833,-25.611944,217.00
61,16,-57.040556,-25.611944,224.00
61,17,-57.040278,-25.611944,226.00
61,18,-57.040000,-25.611944,226.00
61,19,-57.039722,-25.611944,224.00
61,20,-57.039444,-25.611944,222.00
61,21,-57.039167,-25.611944,219.00
61,22,-57.038889,-25.611944,218.00
61,23,-57.038611,-25.611944,216.00
61,24,-57.038333,-25.611944,213.00
61,25,-57.038056,-25.611944,206.00
61,26,-57.037778,-25.611944,199.00
61,27,-57.037500,-25.611944,194.00
61,28,-57.037222,-25.611944,191.00
61,29,-57.036944,-25.611944,191.00
61,30,-57.036667,-25.611944,191.00
61,31,-57.036389,-25.611944,183.00
61,32,-57.036111,-25.611944,181.00
61,33,-57.035833,-25.611944,179.00
61,34,-57.035556,-25.611944,174.00
61,35,-57.035278,-25.611944,172.00
61,36,-57.035000,-25.611944,171.00
61,37,-57.034722,-25.611944,171.00
61,38,-57.034444,-25.611944,167.00
61,39,-57.034167,-25.611944,164.00
61,40,-57.033889,-25.611944,163.00
61,41,-57.033611,-25.611944,159.00
61,42,-57.033333,-25.611944,159.00
61,43,-57.033056,-25.611944,162.00
61,44,-57.032778,-25.611944,161.00
61,45,-57.032500,-25.611944,161.00
61,46,-57.032222,-25.611944,154.00
61,47,-57.031944,-25.611944,151.00
61,48,-57.031667,-25.611944,154.00
61,49,-57.031389,-25.611944,155.00
61,50,-57.031111,-25.611944,157.00
61,51,-57.030833,-25.611944,159.00
61,52,-57.030556,-25.611944,163.00
61,53,-57.030278,-25.611944,166.00
61,54,-57.030000,-25.611944,169.00
61,55,-57.029722,-25.611944,172.00
61,56,-57.029444,-25.611944,179.00
61,57,-57.029167,-25.611944,191.00
61,58,-57.028889,-25.611944,196.00
61,59,-57.028611,-25.611944,200.00
61,60,-57.028333,-25.611944,203.00
61,61,-57.028056,-25.611944,203.00
61,62,-57.027778,-25.611944,202.00
61,63,-57.027500,-25.611944,199.00
61,64,-57.027222,-25.611944,199.00
61,65,-57.026944,-25.611944,202.00
61,66,-57.026667,-25.611944,204.00
61,67,-57.026389,-25.611944,207.00
61,68,-57.026111,-25.611944,210.00
61,69,-57.025833,-25.611944,212.00
61,70,-57.025556,-25.611944,215.00
61,71,-57.025278,-25.611944,217.00
61,72,-57.025000,-25.611944,219.00
61,73,-57.024722,-25.611944,221.00
61,74,-57.024444,-25.611944,223.00
61,75,-57.024167,-25.611944,224.00
61,76,-57.023889,-25.611944,227.00
61,77,-57.023611,-25.611944,232.00
61,78,-57.023333,-25.611944,237.00
61,79,-57.023056,-25.611944,238.00
61,80,-57.022778,-25.611944,243.00
61,81,-57.022500,-25.611944,245.00
61,82,-57.022222,-25.611944,247.00
61,83,-57.021944,-25.611944,252.00
61,84,-57.021667,-25.611944,256.00
61,85,-57.021389,-25.611944,258.00
61,86,-57.021111,-25.611944,260.00
61,87,-57.020833,-25.611944,264.00
61,88,-57.020556,-25.611944,267.00
61,89,-57.020278,-25.611944,270.00
61,90,-57.020000,-25.611944,272.00
61,91,-57.019722,-25.611944,276.00
61,92,-57.019444,-25.611944,282.00
61,93,-57.019167,-25.611944,289.00
61,94,-57.018889,-25.611944,295.00
61,95,-57.018611,-25.611944,301.00
61,96,-57.018333,-25.611944,312.00
61,97,-57.018056,-25.611944,316.00
61,98,-57.017778,-25.611944,318.00
61,99,-57.017500,-25.611944,328.00
61,100,-57.017222,-25.611944,339.00
61,101,-57.016944,-25.611944,354.00
61,102,-57.016667,-25.611944,369.00
61,103,-57.016389,-25.611944,373.00
61,104,-57.016111,-25.611944,366.00
61,105,-57.015833,-25.611944,355.00
61,106,-57.015556,-25.611944,348.00
61,107,-57.015278,-25.611944,346.00
62,0,-57.045000,-25.612222,254.00
62,1,-57.044722,-25.612222,251.00
62,2,-57.044444,-25.612222,247.00
62,3,-57.044167,-25.612222,244.00
62,4,-57.043889,-25.612222,241.00
62,5,-57.043611,-25.612222,238.00
62,6,-57.043333,-25.612222,233.00
62,7,-57.043056,-25.612222,231.00
62,8,-57.042778,-25.612222,227.00
62,9,-57.042500,-25.612222,225.00
62,10,-57.042222,-25.612222,223.00
62,11,-57.041944,-25.612222,219.00
62,12,-57.041667,-25.612222,214.00
62,13,-57.041389,-25.612222,214.00
62,14,-57.041111,-25.612222,212.00
62,15,-57.040833,-25.612222,213.00
62,16,-57.040556,-25.612222,220.00
62,17,-57.040278,-25.612222,219.00
62,18,-57.040000,-25.612222,217.00
62,19,-57.039722,-25.612222,218.00
62,20,-57.039444,-25.612222,216.00
62,21,-57.039167,-25.612222,218.00
62,22,-57.038889,-25.612222,215.00
62,23,-57.038611,-25.612222,213.00
62,24,-57.038333,-25.612222,211.00
62,25,-57.038056,-25.612222,211.00
62,26,-57.037778,-25.612222,203.00
62,27,-57.037500,-25.612222,192.00
62,28,-57.037222,-25.612222,188.00
62,29,-57.036944,-25.612222,187.00
62,30,-57.036667,-25.612222,188.00
62,31,-57.036389,-25.612222,182.00
62,32,-57.036111,-25.612222,179.00
62,33,-57.035833,-25.612222,175.00
62,34,-57.035556,-25.612222,171.00
62,35,-57.035278,-25.612222,169.00
62,36,-57.035000,-25.612222,172.00
62,37,-57.034722,-25.612222,175.00
62,38,-57.034444,-25.612222,170.00
62,39,-57.034167,-25.612222,164.00
62,40,-57.033889,-25.612222,163.00
62,41,-57.033611,-25.612222,160.00
62,42,-57.033333,-25.612222,156.00
62,43,-57.033056,-25.612222,161.00
62,44,-57.032778,-25.612222,162.00
62,45,-57.032500,-25.612222,157.00
62,46,-57.032222,-25.612222,153.00
62,47,-57.031944,-25.612222,150.00
62,48,-57.031667,-25.612222,155.00
62,49,-57.031389,-25.612222,157.00
62,50,-57.031111,-25.612222,156.00
62,51,-57.030833,-25.612222,160.00
62,52,-57.030556,-25.612222,163.00
62,53,-57.030278,-25.612222,164.00
62,54,-57.030000,-25.612222,168.00
62,55,-57.029722,-25.612222,172.00
62,56,-57.029444,-25.612222,179.00
62,57,-57.029167,-25.612222,188.00
62,58,-57.028889,-25.612222,194.00
62,59,-57.028611,-25.612222,197.00
62,60,-57.028333,-25.612222,199.00
62,61,-57.028056,-25.612222,202.00
62,62,-57.027778,-25.612222,204.00
62,63,-57.027500,-25.612222,204.00
62,64,-57.027222,-25.612222,199.00
62,65,-57.026944,-25.612222,199.00
62,66,-57.026667,-25.612222,204.00
62,67,-57.026389,-25.612222,205.00
62,68,-57.026111,-25.612222,207.00
62,69,-57.025833,-25.612222,209.00
62,70,-57.025556,-25.612222,212.00
62,71,-57.025278,-25.612222,215.00
62,72,-57.025000,-25.612222,216.00
62,73,-57.024722,-25.612222,218.00
62,74,-57.024444,-25.612222,221.00
62,75,-57.024167,-25.612222,222.00
62,76,-57.023889,-25.612222,224.00
62,77,-57.023611,-25.612222,229.00
62,78,-57.023333,-25.612222,232.00
62,79,-57.023056,-25.612222,232.00
62,80,-57.022778,-25.612222,234.00
62,81,-57.022500,-25.612222,241.00
62,82,-57.022222,-25.612222,245.00
62,83,-57.021944,-25.612222,250.00
62,84,-57.021667,-25.612222,254.00
62,85,-57.021389,-25.612222,256.00
62,86,-57.021111,-25.612222,259.00
62,87,-57.020833,-25.612222,262.00
62,88,-57.020556,-25.612222,264.00
62,89,-57.020278,-25.612222,267.00
62,90,-57.020000,-25.612222,270.00
62,91,-57.019722,-25.612222,273.00
62,92,-57.019444,-25.612222,276.00
62,93,-57.019167,-25.612222,282.00
62,94,-57.018889,-25.612222,289.00
62,95,-57.018611,-25.612222,295.00
62,96,-57.018333,-25.612222,303.00
62,97,-57.018056,-25.612222,305.00
62,98,-57.017778,-25.612222,310.00
62,99,-57.017500,-25.612222,317.00
62,100,-57.017222,-25.612222,324.00
62,101,-57.016944,-25.612222,336.00
62,102,-57.016667,-25.612222,353.00
62,103,-57.016389,-25.612222,367.00
62,104,-57.016111,-25.612222,368.00
62,105,-57.015833,-25.612222,360.00
62,106,-57.015556,-25.612222,350.00
62,107,-57.015278,-25.612222,346.00
63,0,-57.045000,-25.612500,255.00
63,1,-57.044722,-25.612500,252.00
63,2,-57.044444,-25.612500,249.00
63,3,-57.044167,-25.612500,245.00
63,4,-57.043889,-25.612500,241.00
63,5,-57.043611,-25.612500,239.00
63,6,-57.043333,-25.612500,236.00
63,7,-57.043056,-25.612500,233.00
63,8,-57.042778,-25.612500,229.00
63,9,-57.042500,-25.612500,225.00
63,10,-57.042222,-25.612500,223.00
63,11,-57.041944,-25.612500,217.00
63,12,-57.041667,-25.612500,213.00
63,13,-57.041389,-25.612500,212.00
63,14,-57.041111,-25.612500,209.00
63,15,-57.040833,-25.612500,207.00
63,16,-57.040556,-25.612500,210.00
63,17,-57.040278,-25.612500,209.00
63,18,-57.040000,-25.612500,207.00
63,19,-57.039722,-25.612500,212.00
63,20,-57.039444,-25.612500,212.00
63,21,-57.039167,-25.612500,215.00
63,22,-57.038889,-25.612500,212.00
63,23,-57.038611,-25.612500,210.00
63,24,-57.038333,-25.612500,210.00
63,25,-57.038056,-25.612500,209.00
63,26,-57.037778,-25.612500,206.00
63,27,-57.037500,-25.612500,196.00
63,28,-57.037222,-25.612500,189.00
63,29,-57.036944,-25.612500,186.00
63,30,-57.036667,-25.612500,183.00
63,31,-57.036389,-25.612500,179.00
63,32,-57.036111,-25.612500,177.00
63,33,-57.035833,-25.612500,173.00
63,34,-57.035556,-25.612500,170.00
63,35,-57.035278,-25.612500,169.00
63,36,-57.035000,-25.612500,174.00
63,37,-57.034722,-25.612500,171.00
63,38,-57.034444,-25.612500,169.00
63,39,-57.034167,-25.612500,168.00
63,40,-57.033889,-25.612500,166.00
63,41,-57.033611,-25.612500,161.00
63,42,-57.033333,-25.612500,154.00
63,43,-57.033056,-25.612500,160.00
63,44,-57.032778,-25.612500,163.00
63,45,-57.032500,-25.612500,156.00
63,46,-57.032222,-25.612500,152.00
63,47,-57.031944,-25.612500,149.00
63,48,-57.031667,-25.612500,159.00
63,49,-57.031389,-25.612500,163.00
63,50,-57.031111,-25.612500,158.00
63,51,-57.030833,-25.612500,158.00
63,52,-57.030556,-25.612500,160.00
63,53,-57.030278,-25.612500,163.00
63,54,-57.030000,-25.612500,166.00
63,55,-57.029722,-25.612500,172.00
63,56,-57.029444,-25.612500,179.00
63,57,-57.029167,-25.612500,184.00
63,58,-57.028889,-25.612500,190.00
63,59,-57.028611,-25.612500,192.00
63,60,-57.028333,-25.612500,195.00
63,61,-57.028056,-25.612500,196.00
63,62,-57.027778,-25.612500,197.00
63,63,-57.027500,-25.612500,199.00
63,64,-57.027222,-25.612500,196.00
63,65,-57.026944,-25.612500,196.00
63,66,-57.026667,-25.612500,200.00
63,67,-57.026389,-25.612500,203.00
63,68,-57.026111,-25.612500,204.00
63,69,-57.025833,-25.612500,208.00
63,70,-57.025556,-25.612500,210.00
63,71,-57.025278,-25.612500,212.00
63,72,-57.025000,-25.612500,214.00
63,73,-57.024722,-25.612500,216.00
63,74,-57.024444,-25.612500,217.00
63,75,-57.024167,-25.612500,219.00
63,76,-57.023889,-25.612500,224.00
63,77,-57.023611,-25.612500,225.00
63,78,-57.023333,-25.612500,229.00
63,79,-57.023056,-25.612500,228.00
63,80,-57.022778,-25.612500,230.00
63,81,-57.022500,-25.612500,236.00
63,82,-57.022222,-25.612500,242.00
63,83,-57.021944,-25.612500,247.00
63,84,-57.021667,-25.612500,252.00
63,85,-57.021389,-25.612500,255.00
63,86,-57.021111,-25.612500,257.00
63,87,-57.020833,-25.612500,259.00
63,88,-57.020556,-25.612500,262.00
63,89,-57.020278,-25.612500,266.00
63,90,-57.020000,-25.612500,269.00
63,91,-57.019722,-25.612500,271.00
63,92,-57.019444,-25.612500,273.00
63,93,-57.019167,-25.612500,278.00
63,94,-57.018889,-25.612500,285.00
63,95,-57.018611,-25.612500,292.00
63,96,-57.018333,-25.612500,293.00
63,97,-57.018056,-25.612500,295.00
63,98,-57.017778,-25.612500,302.00
63,99,-57.017500,-25.612500,309.00
63,100,-57.017222,-25.612500,314.00
63,101,-57.016944,-25.612500,323.00
63,102,-57.016667,-25.612500,334.00
63,103,-57.016389,-25.612500,348.00
63,104,-57.016111,-25.612500,361.00
63,105,-57.015833,-25.612500,366.00
63,106,-57.015556,-25.612500,357.00
63,107,-57.015278,-25.612500,349.00
64,0,-57.045000,-25.612778,256.00
64,1,-57.044722,-25.612778,252.00
64,2,-57.044444,-25.612778,250.00
64,3,-57.044167,-25.612778,247.00
64,4,-57.043889,-25.612778,243.00
64,5,-57.043611,-25.612778,241.00
64,6,-57.043333,-25.612778,238.00
64,7,-57.043056,-25.612778,236.00
64,8,-57.042778,-25.612778,230.00
64,9,-57.042500,-25.612778,228.00
64,10,-57.042222,-25.612778,227.00
64,11,-57.041944,-25.612778,221.00
64,12,-57.041667,-25.612778,215.00
64,13,-57.041389,-25.612778,212.00
64,14,-57.041111,-25.612778,208.00
64,15,-57.040833,-25.612778,205.00
64,16,-57.040556,-25.612778,206.00
64,17,-57.040278,-25.612778,206.00
64,18,-57.040000,-25.612778,204.00
64,19,-57.039722,-25.612778,205.00
64,20,-57.039444,-25.612778,205.00
64,21,-57.039167,-25.612778,206.00
64,22,-57.038889,-25.612778,206.00
64,23,-57.038611,-25.612778,205.00
64,24,-57.038333,-25.612778,206.00
64,25,-57.038056,-25.612778,204.00
64,26,-57.037778,-25.612778,201.00
64,27,-57.037500,-25.612778,196.00
64,28,-57.037222,-25.612778,186.00
64,29,-57.036944,-25.612778,186.00
64,30,-57.036667,-25.612778,182.00
64,31,-57.036389,-25.612778,175.00
64,32,-57.036111,-25.612778,172.00
64,33,-57.035833,-25.612778,170.00
64,34,-57.035556,-25.612778,168.00
64,35,-57.035278,-25.612778,167.00
64,36,-57.035000,-25.612778,169.00
64,37,-57.034722,-25.612778,167.00
64,38,-57.034444,-25.612778,167.00
64,39,-57.034167,-25.612778,168.00
64,40,-57.033889,-25.612778,168.00
64,41,-57.033611,-25.612778,165.00
64,42,-57.033333,-25.612778,157.00
64,43,-57.033056,-25.612778,155.00
64,44,-57.032778,-25.612778,157.00
64,45,-57.032500,-25.612778,153.00
64,46,-57.032222,-25.612778,156.00
64,47,-57.031944,-25.612778,151.00
64,48,-57.031667,-25.612778,160.00
64,49,-57.031389,-25.612778,163.00
64,50,-57.031111,-25.612778,162.00
64,51,-57.030833,-25.612778,156.00
64,52,-57.030556,-25.612778,159.00
64,53,-57.030278,-25.612778,161.00
64,54,-57.030000,-25.612778,165.00
64,55,-57.029722,-25.612778,171.00
64,56,-57.029444,-25.612778,174.00
64,57,-57.029167,-25.612778,181.00
64,58,-57.028889,-25.612778,186.00
64,59,-57.028611,-25.612778,190.00
64,60,-57.028333,-25.612778,193.00
64,61,-57.028056,-25.612778,190.00
64,62,-57.027778,-25.612778,190.00
64,63,-57.027500,-25.612778,192.00
64,64,-57.027222,-25.612778,192.00
64,65,-57.026944,-25.612778,192.00
64,66,-57.026667,-25.612778,198.00
64,67,-57.026389,-25.612778,201.00
64,68,-57.026111,-25.612778,203.00
64,69,-57.025833,-25.612778,205.00
64,70,-57.025556,-25.612778,207.00
64,71,-57.025278,-25.612778,209.00
64,72,-57.025000,-25.612778,212.00
64,73,-57.024722,-25.612778,214.00
64,74,-57.024444,-25.612778,218.00
64,75,-57.024167,-25.612778,218.00
64,76,-57.023889,-25.612778,224.00
64,77,-57.023611,-25.612778,224.00
64,78,-57.023333,-25.612778,224.00
64,79,-57.023056,-25.612778,225.00
64,80,-57.022778,-25.612778,229.00
64,81,-57.022500,-25.612778,232.00
64,82,-57.022222,-25.612778,237.00
64,83,-57.021944,-25.612778,244.00
64,84,-57.021667,-25.612778,248.00
64,85,-57.021389,-25.612778,253.00
64,86,-57.021111,-25.612778,257.00
64,87,-57.020833,-25.612778,258.00
64,88,-57.020556,-25.612778,260.00
64,89,-57.020278,-25.612778,263.00
64,90,-57.020000,-25.612778,266.00
64,91,-57.019722,-25.612778,268.00
64,92,-57.019444,-25.612778,270.00
64,93,-57.019167,-25.612778,273.00
64,94,-57.018889,-25.612778,284.00
64,95,-57.018611,-25.612778,287.00
64,96,-57.018333,-25.612778,286.00
64,97,-57.018056,-25.612778,287.00
64,98,-57.017778,-25.612778,297.00
64,99,-57.017500,-25.612778,303.00
64,100,-57.017222,-25.612778,307.00
64,101,-57.016944,-25.612778,315.00
64,102,-57.016667,-25.612778,325.00
64,103,-57.016389,-25.612778,334.00
64,104,-57.016111,-25.612778,345.00
64,105,-57.015833,-25.612778,354.00
64,106,-57.015556,-25.612778,355.00
64,107,-57.015278,-25.612778,354.00
65,0,-57.045000,-25.613056,256.00
65,1,-57.044722,-25.613056,254.00
65,2,-57.044444,-25.613056,251.00
65,3,-57.044167,-25.613056,248.00
65,4,-57.043889,-25.613056,245.00
65,5,-57.043611,-25.613056,243.00
65,6,-57.043333,-25.613056,240.00
65,7,-57.043056,-25.613056,236.00
65,8,-57.042778,-25.613056,233.00
65,9,-57.042500,-25.613056,232.00
65,10,-57.042222,-25.613056,230.00
65,11,-57.041944,-25.613056,222.00
65,12,-57.041667,-25.613056,219.00
65,13,-57.041389,-25.613056,214.00
65,14,-57.041111,-25.613056,211.00
65,15,-57.040833,-25.613056,205.00
65,16,-57.040556,-25.613056,203.00
65,17,-57.040278,-25.613056,205.00
65,18,-57.040000,-25.613056,204.00
65,19,-57.039722,-25.613056,204.00
65,20,-57.039444,-25.613056,201.00
65,21,-57.039167,-25.613056,200.00
65,22,-57.038889,-25.613056,199.00
65,23,-57.038611,-25.613056,197.00
65,24,-57.038333,-25.613056,200.00
65,25,-57.038056,-25.613056,197.00
65,26,-57.037778,-25.613056,196.00
65,27,-57.037500,-25.613056,193.00
65,28,-57.037222,-25.613056,184.00
65,29,-57.036944,-25.613056,182.00
65,30,-57.036667,-25.613056,179.00
65,31,-57.036389,-25.613056,179.00
65,32,-57.036111,-25.613056,179.00
65,33,-57.035833,-25.613056,171.00
65,34,-57.035556,-25.613056,166.00
65,35,-57.035278,-25.613056,164.00
65,36,-57.035000,-25.613056,166.00
65,37,-57.034722,-25.613056,166.00
65,38,-57.034444,-25.613056,165.00
65,39,-57.034167,-25.613056,164.00
65,40,-57.033889,-25.613056,163.00
65,41,-57.033611,-25.613056,165.00
65,42,-57.033333,-25.613056,161.00
65,43,-57.033056,-25.613056,152.00
65,44,-57.032778,-25.613056,150.00
65,45,-57.032500,-25.613056,154.00
65,46,-57.032222,-25.613056,155.00
65,47,-57.031944,-25.613056,155.00
65,48,-57.031667,-25.613056,159.00
65,49,-57.031389,-25.613056,162.00
65,50,-57.031111,-25.613056,163.00
65,51,-57.030833,-25.613056,158.00
65,52,-57.030556,-25.613056,158.00
65,53,-57.030278,-25.613056,161.00
65,54,-57.030000,-25.613056,164.00
65,55,-57.029722,-25.613056,168.00
65,56,-57.029444,-25.613056,168.00
65,57,-57.029167,-25.613056,174.00
65,58,-57.028889,-25.613056,181.00
65,59,-57.028611,-25.613056,182.00
65,60,-57.028333,-25.613056,183.00
65,61,-57.028056,-25.613056,183.00
65,62,-57.027778,-25.613056,185.00
65,63,-57.027500,-25.613056,187.00
65,64,-57.027222,-25.613056,188.00
65,65,-57.026944,-25.613056,190.00
65,66,-57.026667,-25.613056,195.00
65,67,-57.026389,-25.613056,200.00
65,68,-57.026111,-25.613056,202.00
65,69,-57.025833,-25.613056,204.00
65,70,-57.025556,-25.613056,206.00
65,71,-57.025278,-25.613056,207.00
65,72,-57.025000,-25.613056,210.00
65,73,-57.024722,-25.613056,215.00
65,74,-57.024444,-25.613056,218.00
65,75,-57.024167,-25.613056,215.00
65,76,-57.023889,-25.613056,221.00
65,77,-57.023611,-25.613056,220.00
65,78,-57.023333,-25.613056,222.00
65,79,-57.023056,-25.613056,224.00
65,80,-57.022778,-25.613056,226.00
65,81,-57.022500,-25.613056,229.00
65,82,-57.022222,-25.613056,232.00
65,83,-57.021944,-25.613056,236.00
65,84,-57.021667,-25.613056,246.00
65,85,-57.021389,-25.613056,253.00
65,86,-57.021111,-25.613056,258.00
65,87,-57.020833,-25.613056,256.00
65,88,-57.020556,-25.613056,259.00
65,89,-57.020278,-25.613056,260.00
65,90,-57.020000,-25.613056,262.00
65,91,-57.019722,-25.613056,265.00
65,92,-57.019444,-25.613056,267.00
65,93,-57.019167,-25.613056,271.00
65,94,-57.018889,-25.613056,280.00
65,95,-57.018611,-25.613056,286.00
65,96,-57.018333,-25.613056,288.00
65,97,-57.018056,-25.613056,288.00
65,98,-57.017778,-25.613056,292.00
65,99,-57.017500,-25.613056,296.00
65,100,-57.017222,-25.613056,301.00
65,101,-57.016944,-25.613056,309.00
65,102,-57.016667,-25.613056,321.00
65,103,-57.016389,-25.613056,325.00
65,104,-57.016111,-25.613056,333.00
65,105,-57.015833,-25.613056,347.00
65,106,-57.015556,-25.613056,360.00
65,107,-57.015278,-25.613056,363.00
66,0,-57.045000,-25.613333,256.00
66,1,-57.044722,-25.613333,255.00
66,2,-57.044444,-25.613333,252.00
66,3,-57.044167,-25.613333,249.00
66,4,-57.043889,-25.613333,245.00
66,5,-57.043611,-25.613333,243.00
66,6,-57.043333,-25.613333,241.00
66,7,-57.043056,-25.613333,238.00
66,8,-57.042778,-25.613333,235.00
66,9,-57.042500,-25.613333,236.00
66,10,-57.042222,-25.613333,229.00
66,11,-57.041944,-25.613333,225.00
66,12,-57.041667,-25.613333,223.00
66,13,-57.041389,-25.613333,218.00
66,14,-57.041111,-25.613333,213.00
66,15,-57.040833,-25.613333,207.00
66,16,-57.040556,-25.613333,201.00
66,17,-57.040278,-25.613333,199.00
66,18,-57.040000,-25.613333,196.00
66,19,-57.039722,-25.613333,199.00
66,20,-57.039444,-25.613333,196.00
66,21,-57.039167,-25.613333,195.00
66,22,-57.038889,-25.613333,194.00
66,23,-57.038611,-25.613333,193.00
66,24,-57.038333,-25.613333,192.00
66,25,-57.038056,-25.613333,187.00
66,26,-57.037778,-25.613333,187.00
66,27,-57.037500,-25.613333,182.00
66,28,-57.037222,-25.613333,179.00
66,29,-57.036944,-25.613333,179.00
66,30,-57.036667,-25.613333,180.00
66,31,-57.036389,-25.613333,178.00
66,32,-57.036111,-25.613333,177.00
66,33,-57.035833,-25.613333,174.00
66,34,-57.035556,-25.613333,164.00
66,35,-57.035278,-25.613333,164.00
66,36,-57.035000,-25.613333,166.00
66,37,-57.034722,-25.613333,165.00
66,38,-57.034444,-25.613333,164.00
66,39,-57.034167,-25.613333,165.00
66,40,-57.033889,-25.613333,162.00
66,41,-57.033611,-25.613333,161.00
66,42,-57.033333,-25.613333,161.00
66,43,-57.033056,-25.613333,153.00
66,44,-57.032778,-25.613333,149.00
66,45,-57.032500,-25.613333,154.00
66,46,-57.032222,-25.613333,156.00
66,47,-57.031944,-25.613333,154.00
66,48,-57.031667,-25.613333,157.00
66,49,-57.031389,-25.613333,159.00
66,50,-57.031111,-25.613333,161.00
66,51,-57.030833,-25.613333,158.00
66,52,-57.030556,-25.613333,157.00
66,53,-57.030278,-25.613333,162.00
66,54,-57.030000,-25.613333,162.00
66,55,-57.029722,-25.613333,162.00
66,56,-57.029444,-25.613333,164.00
66,57,-57.029167,-25.613333,166.00
66,58,-57.028889,-25.613333,170.00
66,59,-57.028611,-25.613333,174.00
66,60,-57.028333,-25.613333,176.00
66,61,-57.028056,-25.613333,175.00
66,62,-57.027778,-25.613333,180.00
66,63,-57.027500,-25.613333,185.00
66,64,-57.027222,-25.613333,189.00
66,65,-57.026944,-25.613333,192.00
66,66,-57.026667,-25.613333,194.00
66,67,-57.026389,-25.613333,196.00
66,68,-57.026111,-25.613333,201.00
66,69,-57.025833,-25.613333,202.00
66,70,-57.025556,-25.613333,204.00
66,71,-57.025278,-25.613333,205.00
66,72,-57.025000,-25.613333,212.00
66,73,-57.024722,-25.613333,214.00
66,74,-57.024444,-25.613333,215.00
66,75,-57.024167,-25.613333,215.00
66,76,-57.023889,-25.613333,216.00
66,77,-57.023611,-25.613333,217.00
66,78,-57.023333,-25.613333,220.00
66,79,-57.023056,-25.613333,221.00
66,80,-57.022778,-25.613333,223.00
66,81,-57.022500,-25.613333,226.00
66,82,-57.022222,-25.613333,229.00
66,83,-57.021944,-25.613333,231.00
66,84,-57.021667,-25.613333,237.00
66,85,-57.021389,-25.613333,247.00
66,86,-57.021111,-25.613333,252.00
66,87,-57.020833,-25.613333,253.00
66,88,-57.020556,-25.613333,255.00
66,89,-57.020278,-25.613333,256.00
66,90,-57.020000,-25.613333,259.00
66,91,-57.019722,-25.613333,261.00
66,92,-57.019444,-25.613333,263.00
66,93,-57.019167,-25.613333,270.00
66,94,-57.018889,-25.613333,277.00
66,95,-57.018611,-25.613333,288.00
66,96,-57.018333,-25.613333,290.00
66,97,-57.018056,-25.613333,286.00
66,98,-57.017778,-25.613333,282.00
66,99,-57.017500,-25.613333,288.00
66,100,-57.017222,-25.613333,296.00
66,101,-57.016944,-25.613333,303.00
66,102,-57.016667,-25.613333,311.00
66,103,-57.016389,-25.613333,319.00
66,104,-57.016111,-25.613333,328.00
66,105,-57.015833,-25.613333,338.00
66,106,-57.015556,-25.613333,352.00
66,107,-57.015278,-25.613333,355.00
67,0,-57.045000,-25.613611,257.00
67,1,-57.044722,-25.613611,255.00
67,2,-57.044444,-25.613611,253.00
67,3,-57.044167,-25.613611,251.00
67,4,-57.043889,-25.613611,244.00
67,5,-57.043611,-25.613611,244.00
67,6,-57.043333,-25.613611,242.00
67,7,-57.043056,-25.613611,238.00
67,8,-57.042778,-25.613611,235.00
67,9,-57.042500,-25.613611,234.00
67,10,-57.042222,-25.613611,229.00
67,11,-57.041944,-25.613611,227.00
67,12,-57.041667,-25.613611,227.00
67,13,-57.041389,-25.613611,221.00
67,14,-57.041111,-25.613611,215.00
67,15,-57.040833,-25.613611,211.00
67,16,-57.040556,-25.613611,206.00
67,17,-57.040278,-25.613611,201.00
67,18,-57.040000,-25.613611,200.00
67,19,-57.039722,-25.613611,201.00
67,20,-57.039444,-25.613611,201.00
67,21,-57.039167,-25.613611,192.00
67,22,-57.038889,-25.613611,189.00
67,23,-57.038611,-25.613611,188.00
67,24,-57.038333,-25.613611,187.00
67,25,-57.038056,-25.613611,183.00
67,26,-57.037778,-25.613611,181.00
67,27,-57.037500,-25.613611,178.00
67,28,-57.037222,-25.613611,176.00
67,29,-57.036944,-25.613611,178.00
67,30,-57.036667,-25.613611,180.00
67,31,-57.036389,-25.613611,174.00
67,32,-57.036111,-25.613611,169.00
67,33,-57.035833,-25.613611,169.00
67,34,-57.035556,-25.613611,168.00
67,35,-57.035278,-25.613611,167.00
67,36,-57.035000,-25.613611,166.00
67,37,-57.034722,-25.613611,166.00
67,38,-57.034444,-25.613611,167.00
67,39,-57.034167,-25.613611,164.00
67,40,-57.033889,-25.613611,162.00
67,41,-57.033611,-25.613611,159.00
67,42,-57.033333,-25.613611,157.00
67,43,-57.033056,-25.613611,153.00
67,44,-57.032778,-25.613611,147.00
67,45,-57.032500,-25.613611,150.00
67,46,-57.032222,-25.613611,155.00
67,47,-57.031944,-25.613611,158.00
67,48,-57.031667,-25.613611,156.00
67,49,-57.031389,-25.613611,158.00
67,50,-57.031111,-25.613611,160.00
67,51,-57.030833,-25.613611,156.00
67,52,-57.030556,-25.613611,155.00
67,53,-57.030278,-25.613611,160.00
67,54,-57.030000,-25.613611,163.00
67,55,-57.029722,-25.613611,162.00
67,56,-57.029444,-25.613611,161.00
67,57,-57.029167,-25.613611,162.00
67,58,-57.028889,-25.613611,168.00
67,59,-57.028611,-25.613611,173.00
67,60,-57.028333,-25.613611,172.00
67,61,-57.028056,-25.613611,175.00
67,62,-57.027778,-25.613611,180.00
67,63,-57.027500,-25.613611,188.00
67,64,-57.027222,-25.613611,188.00
67,65,-57.026944,-25.613611,189.00
67,66,-57.026667,-25.613611,192.00
67,67,-57.026389,-25.613611,194.00
67,68,-57.026111,-25.613611,197.00
67,69,-57.025833,-25.613611,200.00
67,70,-57.025556,-25.613611,200.00
67,71,-57.025278,-25.613611,204.00
67,72,-57.025000,-25.613611,207.00
67,73,-57.024722,-25.613611,210.00
67,74,-57.024444,-25.613611,211.00
67,75,-57.024167,-25.613611,213.00
67,76,-57.023889,-25.613611,212.00
67,77,-57.023611,-25.613611,214.00
67,78,-57.023333,-25.613611,216.00
67,79,-57.023056,-25.613611,218.00
67,80,-57.022778,-25.613611,221.00
67,81,-57.022500,-25.613611,224.00
67,82,-57.022222,-25.613611,226.00
67,83,-57.021944,-25.613611,229.00
67,84,-57.021667,-25.613611,232.00
67,85,-57.021389,-25.613611,237.00
67,86,-57.021111,-25.613611,241.00
67,87,-57.020833,-25.613611,247.00
67,88,-57.020556,-25.613611,253.00
67,89,-57.020278,-25.613611,253.00
67,90,-57.020000,-25.613611,256.00
67,91,-57.019722,-25.613611,259.00
67,92,-57.019444,-25.613611,261.00
67,93,-57.019167,-25.613611,266.00
67,94,-57.018889,-25.613611,279.00
67,95,-57.018611,-25.613611,291.00
67,96,-57.018333,-25.613611,297.00
67,97,-57.018056,-25.613611,285.00
67,98,-57.017778,-25.613611,281.00
67,99,-57.017500,-25.613611,281.00
67,100,-57.017222,-25.613611,290.00
67,101,-57.016944,-25.613611,294.00
67,102,-57.016667,-25.613611,298.00
67,103,-57.016389,-25.613611,308.00
67,104,-57.016111,-25.613611,317.00
67,105,-57.015833,-25.613611,326.00
67,106,-57.015556,-25.613611,334.00
67,107,-57.015278,-25.613611,338.00
68,0,-57.045000,-25.613889,257.00
68,1,-57.044722,-25.613889,255.00
68,2,-57.044444,-25.613889,253.00
68,3,-57.044167,-25.613889,251.00
68,4,-57.043889,-25.613889,247.00
68,5,-57.043611,-25.613889,244.00
68,6,-57.043333,-25.613889,243.00
68,7,-57.043056,-25.613889,238.00
68,8,-57.042778,-25.613889,236.00
68,9,-57.042500,-25.613889,234.00
68,10,-57.042222,-25.613889,231.00
68,11,-57.041944,-25.613889,228.00
68,12,-57.041667,-25.613889,225.00
68,13,-57.041389,-25.613889,221.00
68,14,-57.041111,-25.613889,216.00
68,15,-57.040833,-25.613889,212.00
68,16,-57.040556,-25.613889,207.00
68,17,-57.040278,-25.613889,202.00
68,18,-57.040000,-25.613889,202.00
68,19,-57.039722,-25.613889,207.00
68,20,-57.039444,-25.613889,202.00
68,21,-57.039167,-25.613889,195.00
68,22,-57.038889,-25.613889,190.00
68,23,-57.038611,-25.613889,188.00
68,24,-57.038333,-25.613889,189.00
68,25,-57.038056,-25.613889,193.00
68,26,-57.037778,-25.613889,188.00
68,27,-57.037500,-25.613889,185.00
68,28,-57.037222,-25.613889,182.00
68,29,-57.036944,-25.613889,181.00
68,30,-57.036667,-25.613889,180.00
68,31,-57.036389,-25.613889,178.00
68,32,-57.036111,-25.613889,176.00
68,33,-57.035833,-25.613889,173.00
68,34,-57.035556,-25.613889,172.00
68,35,-57.035278,-25.613889,171.00
68,36,-57.035000,-25.613889,172.00
68,37,-57.034722,-25.613889,167.00
68,38,-57.034444,-25.613889,164.00
68,39,-57.034167,-25.613889,165.00
68,40,-57.033889,-25.613889,163.00
68,41,-57.033611,-25.613889,160.00
68,42,-57.033333,-25.613889,158.00
68,43,-57.033056,-25.613889,153.00
68,44,-57.032778,-25.613889,147.00
68,45,-57.032500,-25.613889,153.00
68,46,-57.032222,-25.613889,156.00
68,47,-57.031944,-25.613889,158.00
68,48,-57.031667,-25.613889,155.00
68,49,-57.031389,-25.613889,155.00
68,50,-57.031111,-25.613889,156.00
68,51,-57.030833,-25.613889,156.00
68,52,-57.030556,-25.613889,152.00
68,53,-57.030278,-25.613889,157.00
68,54,-57.030000,-25.613889,163.00
68,55,-57.029722,-25.613889,161.00
68,56,-57.029444,-25.613889,159.00
68,57,-57.029167,-25.613889,162.00
68,58,-57.028889,-25.613889,168.00
68,59,-57.028611,-25.613889,171.00
68,60,-57.028333,-25.613889,169.00
68,61,-57.028056,-25.613889,176.00
68,62,-57.027778,-25.613889,180.00
68,63,-57.027500,-25.613889,181.00
68,64,-57.027222,-25.613889,184.00
68,65,-57.026944,-25.613889,186.00
68,66,-57.026667,-25.613889,191.00
68,67,-57.026389,-25.613889,193.00
68,68,-57.026111,-25.613889,198.00
68,69,-57.025833,-25.613889,204.00
68,70,-57.025556,-25.613889,202.00
68,71,-57.025278,-25.613889,202.00
68,72,-57.025000,-25.613889,202.00
68,73,-57.024722,-25.613889,206.00
68,74,-57.024444,-25.613889,207.00
68,75,-57.024167,-25.613889,209.00
68,76,-57.023889,-25.613889,210.00
68,77,-57.023611,-25.613889,211.00
68,78,-57.023333,-25.613889,215.00
68,79,-57.023056,-25.613889,216.00
68,80,-57.022778,-25.613889,219.00
68,81,-57.022500,-25.613889,222.00
68,82,-57.022222,-25.613889,225.00
68,83,-57.021944,-25.613889,228.00
68,84,-57.021667,-25.613889,230.00
68,85,-57.021389,-25.613889,234.00
68,86,-57.021111,-25.613889,238.00
68,87,-57.020833,-25.613889,247.00
68,88,-57.020556,-25.613889,255.00
68,89,-57.020278,-25.613889,251.00
68,90,-57.020000,-25.613889,253.00
68,91,-57.019722,-25.613889,261.00
68,92,-57.019444,-25.613889,260.00
68,93,-57.019167,-25.613889,261.00
68,94,-57.018889,-25.613889,270.00
68,95,-57.018611,-25.613889,282.00
68,96,-57.018333,-25.613889,293.00
68,97,-57.018056,-25.613889,284.00
68,98,-57.017778,-25.613889,279.00
68,99,-57.017500,-25.613889,280.00
68,100,-57.017222,-25.613889,290.00
68,101,-57.016944,-25.613889,290.00
68,102,-57.016667,-25.613889,293.00
68,103,-57.016389,-25.613889,301.00
68,104,-57.016111,-25.613889,307.00
68,105,-57.015833,-25.613889,313.00
68,106,-57.015556,-25.613889,318.00
68,107,-57.015278,-25.613889,321.00
69,0,-57.045000,-25.614167,259.00
69,1,-57.044722,-25.614167,254.00
69,2,-57.044444,-25.614167,253.00
69,3,-57.044167,-25.614167,252.00
69,4,-57.043889,-25.614167,248.00
69,5,-57.043611,-25.614167,246.00
69,6,-57.043333,-25.614167,244.00
69,7,-57.043056,-25.614167,239.00
69,8,-57.042778,-25.614167,238.00
69,9,-57.042500,-25.614167,235.00
69,10,-57.042222,-25.614167,232.00
69,11,-57.041944,-25.614167,228.00
69,12,-57.041667,-25.614167,225.00
69,13,-57.041389,-25.614167,222.00
69,14,-57.041111,-25.614167,218.00
69,15,-57.040833,-25.614167,213.00
69,16,-57.040556,-25.614167,209.00
69,17,-57.040278,-25.614167,204.00
69,18,-57.040000,-25.614167,205.00
69,19,-57.039722,-25.614167,208.00
69,20,-57.039444,-25.614167,203.00
69,21,-57.039167,-25.614167,201.00
69,22,-57.038889,-25.614167,199.00
69,23,-57.038611,-25.614167,194.00
69,24,-57.038333,-25.614167,195.00
69,25,-57.038056,-25.614167,193.00
69,26,-57.037778,-25.614167,190.00
69,27,-57.037500,-25.614167,184.00
69,28,-57.037222,-25.614167,184.00
69,29,-57.036944,-25.614167,182.00
69,30,-57.036667,-25.614167,180.00
69,31,-57.036389,-25.614167,181.00
69,32,-57.036111,-25.614167,180.00
69,33,-57.035833,-25.614167,180.00
69,34,-57.035556,-25.614167,175.00
69,35,-57.035278,-25.614167,174.00
69,36,-57.035000,-25.614167,173.00
69,37,-57.034722,-25.614167,170.00
69,38,-57.034444,-25.614167,163.00
69,39,-57.034167,-25.614167,161.00
69,40,-57.033889,-25.614167,159.00
69,41,-57.033611,-25.614167,157.00
69,42,-57.033333,-25.614167,156.00
69,43,-57.033056,-25.614167,153.00
69,44,-57.032778,-25.614167,146.00
69,45,-57.032500,-25.614167,151.00
69,46,-57.032222,-25.614167,154.00
69,47,-57.031944,-25.614167,155.00
69,48,-57.031667,-25.614167,153.00
69,49,-57.031389,-25.614167,152.00
69,50,-57.031111,-25.614167,153.00
69,51,-57.030833,-25.614167,153.00
69,52,-57.030556,-25.614167,149.00
69,53,-57.030278,-25.614167,152.00
69,54,-57.030000,-25.614167,158.00
69,55,-57.029722,-25.614167,159.00
69,56,-57.029444,-25.614167,159.00
69,57,-57.029167,-25.614167,164.00
69,58,-57.028889,-25.614167,166.00
69,59,-57.028611,-25.614167,167.00
69,60,-57.028333,-25.614167,170.00
69,61,-57.028056,-25.614167,174.00
69,62,-57.027778,-25.614167,178.00
69,63,-57.027500,-25.614167,181.00
69,64,-57.027222,-25.614167,185.00
69,65,-57.026944,-25.614167,188.00
69,66,-57.026667,-25.614167,188.00
69,67,-57.026389,-25.614167,192.00
69,68,-57.026111,-25.614167,194.00
69,69,-57.025833,-25.614167,199.00
69,70,-57.025556,-25.614167,200.00
69,71,-57.025278,-25.614167,199.00
69,72,-57.025000,-25.614167,200.00
69,73,-57.024722,-25.614167,202.00
69,74,-57.024444,-25.614167,203.00
69,75,-57.024167,-25.614167,206.00
69,76,-57.023889,-25.614167,209.00
69,77,-57.023611,-25.614167,209.00
69,78,-57.023333,-25.614167,213.00
69,79,-57.023056,-25.614167,217.00
69,80,-57.022778,-25.614167,218.00
69,81,-57.022500,-25.614167,220.00
69,82,-57.022222,-25.614167,224.00
69,83,-57.021944,-25.614167,226.00
69,84,-57.021667,-25.614167,228.00
69,85,-57.021389,-25.614167,232.00
69,86,-57.021111,-25.614167,238.00
69,87,-57.020833,-25.614167,242.00
69,88,-57.020556,-25.614167,248.00
69,89,-57.020278,-25.614167,250.00
69,90,-57.020000,-25.614167,249.00
69,91,-57.019722,-25.614167,254.00
69,92,-57.019444,-25.614167,255.00
69,93,-57.019167,-25.614167,257.00
69,94,-57.018889,-25.614167,261.00
69,95,-57.018611,-25.614167,267.00
69,96,-57.018333,-25.614167,274.00
69,97,-57.018056,-25.614167,273.00
69,98,-57.017778,-25.614167,274.00
69,99,-57.017500,-25.614167,281.00
69,100,-57.017222,-25.614167,287.00
69,101,-57.016944,-25.614167,286.00
69,102,-57.016667,-25.614167,286.00
69,103,-57.016389,-25.614167,291.00
69,104,-57.016111,-25.614167,296.00
69,105,-57.015833,-25.614167,301.00
69,106,-57.015556,-25.614167,308.00
69,107,-57.015278,-25.614167,309.00
70,0,-57.045000,-25.614444,261.00
70,1,-57.044722,-25.614444,256.00
70,2,-57.044444,-25.614444,253.00
70,3,-57.044167,-25.614444,252.00
70,4,-57.043889,-25.614444,249.00
70,5,-57.043611,-25.614444,247.00
70,6,-57.043333,-25.614444,245.00
70,7,-57.043056,-25.614444,241.00
70,8,-57.042778,-25.614444,240.00
70,9,-57.042500,-25.614444,236.00
70,10,-57.042222,-25.614444,233.00
70,11,-57.041944,-25.614444,230.00
70,12,-57.041667,-25.614444,227.00
70,13,-57.041389,-25.614444,223.00
70,14,-57.041111,-25.614444,221.00
70,15,-57.040833,-25.614444,216.00
70,16,-57.040556,-25.614444,212.00
70,17,-57.040278,-25.614444,209.00
70,18,-57.040000,-25.614444,205.00
70,19,-57.039722,-25.614444,202.00
70,20,-57.039444,-25.614444,199.00
70,21,-57.039167,-25.614444,201.00
70,22,-57.038889,-25.614444,198.00
70,23,-57.038611,-25.614444,193.00
70,24,-57.038333,-25.614444,195.00
70,25,-57.038056,-25.614444,192.00
70,26,-57.037778,-25.614444,186.00
70,27,-57.037500,-25.614444,182.00
70,28,-57.037222,-25.614444,182.00
70,29,-57.036944,-25.614444,186.00
70,30,-57.036667,-25.614444,186.00
70,31,-57.036389,-25.614444,184.00
70,32,-57.036111,-25.614444,181.00
70,33,-57.035833,-25.614444,180.00
70,34,-57.035556,-25.614444,179.00
70,35,-57.035278,-25.614444,178.00
70,36,-57.035000,-25.614444,174.00
70,37,-57.034722,-25.614444,173.00
70,38,-57.034444,-25.614444,166.00
70,39,-57.034167,-25.614444,161.00
70,40,-57.033889,-25.614444,162.00
70,41,-57.033611,-25.614444,159.00
70,42,-57.033333,-25.614444,157.00
70,43,-57.033056,-25.614444,151.00
70,44,-57.032778,-25.614444,146.00
70,45,-57.032500,-25.614444,151.00
70,46,-57.032222,-25.614444,153.00
70,47,-57.031944,-25.614444,153.00
70,48,-57.031667,-25.614444,153.00
70,49,-57.031389,-25.614444,155.00
70,50,-57.031111,-25.614444,153.00
70,51,-57.030833,-25.614444,157.00
70,52,-57.030556,-25.614444,149.00
70,53,-57.030278,-25.614444,150.00
70,54,-57.030000,-25.614444,155.00
70,55,-57.029722,-25.614444,160.00
70,56,-57.029444,-25.614444,162.00
70,57,-57.029167,-25.614444,163.00
70,58,-57.028889,-25.614444,165.00
70,59,-57.028611,-25.614444,166.00
70,60,-57.028333,-25.614444,169.00
70,61,-57.028056,-25.614444,173.00
70,62,-57.027778,-25.614444,171.00
70,63,-57.027500,-25.614444,175.00
70,64,-57.027222,-25.614444,181.00
70,65,-57.026944,-25.614444,186.00
70,66,-57.026667,-25.614444,187.00
70,67,-57.026389,-25.614444,189.00
70,68,-57.026111,-25.614444,192.00
70,69,-57.025833,-25.614444,194.00
70,70,-57.025556,-25.614444,195.00
70,71,-57.025278,-25.614444,196.00
70,72,-57.025000,-25.614444,198.00
70,73,-57.024722,-25.614444,199.00
70,74,-57.024444,-25.614444,200.00
70,75,-57.024167,-25.614444,202.00
70,76,-57.023889,-25.614444,206.00
70,77,-57.023611,-25.614444,207.00
70,78,-57.023333,-25.614444,211.00
70,79,-57.023056,-25.614444,215.00
70,80,-57.022778,-25.614444,215.00
70,81,-57.022500,-25.614444,219.00
70,82,-57.022222,-25.614444,222.00
70,83,-57.021944,-25.614444,224.00
70,84,-57.021667,-25.614444,227.00
70,85,-57.021389,-25.614444,233.00
70,86,-57.021111,-25.614444,235.00
70,87,-57.020833,-25.614444,236.00
70,88,-57.020556,-25.614444,244.00
70,89,-57.020278,-25.614444,245.00
70,90,-57.020000,-25.614444,245.00
70,91,-57.019722,-25.614444,250.00
70,92,-57.019444,-25.614444,253.00
70,93,-57.019167,-25.614444,255.00
70,94,-57.018889,-25.614444,256.00
70,95,-57.018611,-25.614444,259.00
70,96,-57.018333,-25.614444,263.00
70,97,-57.018056,-25.614444,264.00
70,98,-57.017778,-25.614444,267.00
70,99,-57.017500,-25.614444,273.00
70,100,-57.017222,-25.614444,278.00
70,101,-57.016944,-25.614444,277.00
70,102,-57.016667,-25.614444,281.00
70,103,-57.016389,-25.614444,287.00
70,104,-57.016111,-25.614444,291.00
70,105,-57.015833,-25.614444,297.00
70,106,-57.015556,-25.614444,303.00
70,107,-57.015278,-25.614444,304.00
71,0,-57.045000,-25.614722,262.00
71,1,-57.044722,-25.614722,257.00
71,2,-57.044444,-25.614722,256.00
71,3,-57.044167,-25.614722,253.00
71,4,-57.043889,-25.614722,249.00
71,5,-57.043611,-25.614722,248.00
71,6,-57.043333,-25.614722,247.00
71,7,-57.043056,-25.614722,243.00
71,8,-57.042778,-25.614722,241.00
71,9,-57.042500,-25.614722,238.00
71,10,-57.042222,-25.614722,235.00
71,11,-57.041944,-25.614722,231.00
71,12,-57.041667,-25.614722,227.00
71,13,-57.041389,-25.614722,224.00
71,14,-57.041111,-25.614722,222.00
71,15,-57.040833,-25.614722,218.00
71,16,-57.040556,-25.614722,213.00
71,17,-57.040278,-25.614722,214.00
71,18,-57.040000,-25.614722,210.00
71,19,-57.039722,-25.614722,202.00
71,20,-57.039444,-25.614722,197.00
71,21,-57.039167,-25.614722,193.00
71,22,-57.038889,-25.614722,190.00
71,23,-57.038611,-25.614722,190.00
71,24,-57.038333,-25.614722,188.00
71,25,-57.038056,-25.614722,188.00
71,26,-57.037778,-25.614722,185.00
71,27,-57.037500,-25.614722,184.00
71,28,-57.037222,-25.614722,183.00
71,29,-57.036944,-25.614722,188.00
71,30,-57.036667,-25.614722,190.00
71,31,-57.036389,-25.614722,186.00
71,32,-57.036111,-25.614722,184.00
71,33,-57.035833,-25.614722,182.00
71,34,-57.035556,-25.614722,181.00
71,35,-57.035278,-25.614722,180.00
71,36,-57.035000,-25.614722,173.00
71,37,-57.034722,-25.614722,171.00
71,38,-57.034444,-25.614722,168.00
71,39,-57.034167,-25.614722,164.00
71,40,-57.033889,-25.614722,164.00
71,41,-57.033611,-25.614722,163.00
71,42,-57.033333,-25.614722,158.00
71,43,-57.033056,-25.614722,151.00
71,44,-57.032778,-25.614722,146.00
71,45,-57.032500,-25.614722,153.00
71,46,-57.032222,-25.614722,153.00
71,47,-57.031944,-25.614722,151.00
71,48,-57.031667,-25.614722,158.00
71,49,-57.031389,-25.614722,157.00
71,50,-57.031111,-25.614722,152.00
71,51,-57.030833,-25.614722,154.00
71,52,-57.030556,-25.614722,154.00
71,53,-57.030278,-25.614722,155.00
71,54,-57.030000,-25.614722,159.00
71,55,-57.029722,-25.614722,164.00
71,56,-57.029444,-25.614722,162.00
71,57,-57.029167,-25.614722,161.00
71,58,-57.028889,-25.614722,160.00
71,59,-57.028611,-25.614722,163.00
71,60,-57.028333,-25.614722,165.00
71,61,-57.028056,-25.614722,169.00
71,62,-57.027778,-25.614722,169.00
71,63,-57.027500,-25.614722,171.00
71,64,-57.027222,-25.614722,176.00
71,65,-57.026944,-25.614722,183.00
71,66,-57.026667,-25.614722,187.00
71,67,-57.026389,-25.614722,189.00
71,68,-57.026111,-25.614722,194.00
71,69,-57.025833,-25.614722,195.00
71,70,-57.025556,-25.614722,194.00
71,71,-57.025278,-25.614722,195.00
71,72,-57.025000,-25.614722,196.00
71,73,-57.024722,-25.614722,196.00
71,74,-57.024444,-25.614722,197.00
71,75,-57.024167,-25.614722,200.00
71,76,-57.023889,-25.614722,203.00
71,77,-57.023611,-25.614722,208.00
71,78,-57.023333,-25.614722,209.00
71,79,-57.023056,-25.614722,213.00
71,80,-57.022778,-25.614722,214.00
71,81,-57.022500,-25.614722,218.00
71,82,-57.022222,-25.614722,220.00
71,83,-57.021944,-25.614722,223.00
71,84,-57.021667,-25.614722,226.00
71,85,-57.021389,-25.614722,236.00
71,86,-57.021111,-25.614722,237.00
71,87,-57.020833,-25.614722,235.00
71,88,-57.020556,-25.614722,236.00
71,89,-57.020278,-25.614722,238.00
71,90,-57.020000,-25.614722,244.00
71,91,-57.019722,-25.614722,249.00
71,92,-57.019444,-25.614722,249.00
71,93,-57.019167,-25.614722,256.00
71,94,-57.018889,-25.614722,256.00
71,95,-57.018611,-25.614722,259.00
71,96,-57.018333,-25.614722,262.00
71,97,-57.018056,-25.614722,262.00
71,98,-57.017778,-25.614722,264.00
71,99,-57.017500,-25.614722,267.00
71,100,-57.017222,-25.614722,276.00
71,101,-57.016944,-25.614722,279.00
71,102,-57.016667,-25.614722,281.00
71,103,-57.016389,-25.614722,284.00
71,104,-57.016111,-25.614722,291.00
71,105,-57.015833,-25.614722,295.00
71,106,-57.015556,-25.614722,297.00
71,107,-57.015278,-25.614722,298.00
72,0,-57.045000,-25.615000,266.00
72,1,-57.044722,-25.615000,258.00
72,2,-57.044444,-25.615000,255.00
72,3,-57.044167,-25.615000,253.00
72,4,-57.043889,-25.615000,250.00
72,5,-57.043611,-25.615000,247.00
72,6,-57.043333,-25.615000,246.00
72,7,-57.043056,-25.615000,244.00
72,8,-57.042778,-25.615000,242.00
72,9,-57.042500,-25.615000,240.00
72,10,-57.042222,-25.615000,238.00
72,11,-57.041944,-25.615000,234.00
72,12,-57.041667,-25.615000,230.00
72,13,-57.041389,-25.615000,228.00
72,14,-57.041111,-25.615000,227.00
72,15,-57.040833,-25.615000,222.00
72,16,-57.040556,-25.615000,216.00
72,17,-57.040278,-25.615000,212.00
72,18,-57.040000,-25.615000,209.00
72,19,-57.039722,-25.615000,204.00
72,20,-57.039444,-25.615000,199.00
72,21,-57.039167,-25.615000,196.00
72,22,-57.038889,-25.615000,192.00
72,23,-57.038611,-25.615000,191.00
72,24,-57.038333,-25.615000,189.00
72,25,-57.038056,-25.615000,190.00
72,26,-57.037778,-25.615000,187.00
72,27,-57.037500,-25.615000,184.00
72,28,-57.037222,-25.615000,187.00
72,29,-57.036944,-25.615000,191.00
72,30,-57.036667,-25.615000,191.00
72,31,-57.036389,-25.615000,190.00
72,32,-57.036111,-25.615000,188.00
72,33,-57.035833,-25.615000,184.00
72,34,-57.035556,-25.615000,182.00
72,35,-57.035278,-25.615000,180.00
72,36,-57.035000,-25.615000,170.00
72,37,-57.034722,-25.615000,168.00
72,38,-57.034444,-25.615000,167.00
72,39,-57.034167,-25.615000,160.00
72,40,-57.033889,-25.615000,163.00
72,41,-57.033611,-25.615000,163.00
72,42,-57.033333,-25.615000,158.00
72,43,-57.033056,-25.615000,153.00
72,44,-57.032778,-25.615000,146.00
72,45,-57.032500,-25.615000,147.00
72,46,-57.032222,-25.615000,147.00
72,47,-57.031944,-25.615000,153.00
72,48,-57.031667,-25.615000,158.00
72,49,-57.031389,-25.615000,153.00
72,50,-57.031111,-25.615000,149.00
72,51,-57.030833,-25.615000,148.00
72,52,-57.030556,-25.615000,150.00
72,53,-57.030278,-25.615000,153.00
72,54,-57.030000,-25.615000,159.00
72,55,-57.029722,-25.615000,161.00
72,56,-57.029444,-25.615000,158.00
72,57,-57.029167,-25.615000,160.00
72,58,-57.028889,-25.615000,161.00
72,59,-57.028611,-25.615000,163.00
72,60,-57.028333,-25.615000,165.00
72,61,-57.028056,-25.615000,168.00
72,62,-57.027778,-25.615000,168.00
72,63,-57.027500,-25.615000,169.00
72,64,-57.027222,-25.615000,172.00
72,65,-57.026944,-25.615000,179.00
72,66,-57.026667,-25.615000,184.00
72,67,-57.026389,-25.615000,190.00
72,68,-57.026111,-25.615000,193.00
72,69,-57.025833,-25.615000,193.00
72,70,-57.025556,-25.615000,191.00
72,71,-57.025278,-25.615000,192.00
72,72,-57.025000,-25.615000,193.00
72,73,-57.024722,-25.615000,194.00
72,74,-57.024444,-25.615000,197.00
72,75,-57.024167,-25.615000,199.00
72,76,-57.023889,-25.615000,203.00
72,77,-57.023611,-25.615000,205.00
72,78,-57.023333,-25.615000,209.00
72,79,-57.023056,-25.615000,209.00
72,80,-57.022778,-25.615000,211.00
72,81,-57.022500,-25.615000,215.00
72,82,-57.022222,-25.615000,219.00
72,83,-57.021944,-25.615000,220.00
72,84,-57.021667,-25.615000,222.00
72,85,-57.021389,-25.615000,228.00
72,86,-57.021111,-25.615000,233.00
72,87,-57.020833,-25.615000,234.00
72,88,-57.020556,-25.615000,231.00
72,89,-57.020278,-25.615000,234.00
72,90,-57.020000,-25.615000,242.00
72,91,-57.019722,-25.615000,245.00
72,92,-57.019444,-25.615000,247.00
72,93,-57.019167,-25.615000,253.00
72,94,-57.018889,-25.615000,255.00
72,95,-57.018611,-25.615000,258.00
72,96,-57.018333,-25.615000,257.00
72,97,-57.018056,-25.615000,261.00
72,98,-57.017778,-25.615000,262.00
72,99,-57.017500,-25.615000,264.00
72,100,-57.017222,-25.615000,270.00
72,101,-57.016944,-25.615000,274.00
72,102,-57.016667,-25.615000,276.00
72,103,-57.016389,-25.615000,283.00
72,104,-57.016111,-25.615000,288.00
72,105,-57.015833,-25.615000,290.00
72,106,-57.015556,-25.615000,297.00
72,107,-57.015278,-25.615000,299.00
73,0,-57.045000,-25.615278,272.00
73,1,-57.044722,-25.615278,260.00
73,2,-57.044444,-25.615278,256.00
73,3,-57.044167,-25.615278,253.00
73,4,-57.043889,-25.615278,252.00
73,5,-57.043611,-25.615278,248.00
73,6,-57.043333,-25.615278,247.00
73,7,-57.043056,-25.615278,246.00
73,8,-57.042778,-25.615278,243.00
73,9,-57.042500,-25.615278,242.00
73,10,-57.042222,-25.615278,239.00
73,11,-57.041944,-25.615278,236.00
73,12,-57.041667,-25.615278,234.00
73,13,-57.041389,-25.615278,235.00
73,14,-57.041111,-25.615278,234.00
73,15,-57.040833,-25.615278,230.00
73,16,-57.040556,-25.615278,229.00
73,17,-57.040278,-25.615278,220.00
73,18,-57.040000,-25.615278,211.00
73,19,-57.039722,-25.615278,208.00
73,20,-57.039444,-25.615278,205.00
73,21,-57.039167,-25.615278,200.00
73,22,-57.038889,-25.615278,195.00
73,23,-57.038611,-25.615278,193.00
73,24,-57.038333,-25.615278,192.00
73,25,-57.038056,-25.615278,190.00
73,26,-57.037778,-25.615278,188.00
73,27,-57.037500,-25.615278,187.00
73,28,-57.037222,-25.615278,188.00
73,29,-57.036944,-25.615278,194.00
73,30,-57.036667,-25.615278,195.00
73,31,-57.036389,-25.615278,192.00
73,32,-57.036111,-25.615278,189.00
73,33,-57.035833,-25.615278,187.00
73,34,-57.035556,-25.615278,182.00
73,35,-57.035278,-25.615278,179.00
73,36,-57.035000,-25.615278,169.00
73,37,-57.034722,-25.615278,170.00
73,38,-57.034444,-25.615278,170.00
73,39,-57.034167,-25.615278,162.00
73,40,-57.033889,-25.615278,160.00
73,41,-57.033611,-25.615278,161.00
73,42,-57.033333,-25.615278,156.00
73,43,-57.033056,-25.615278,152.00
73,44,-57.032778,-25.615278,149.00
73,45,-57.032500,-25.615278,151.00
73,46,-57.032222,-25.615278,146.00
73,47,-57.031944,-25.615278,154.00
73,48,-57.031667,-25.615278,156.00
73,49,-57.031389,-25.615278,151.00
73,50,-57.031111,-25.615278,146.00
73,51,-57.030833,-25.615278,145.00
73,52,-57.030556,-25.615278,154.00
73,53,-57.030278,-25.615278,154.00
73,54,-57.030000,-25.615278,161.00
73,55,-57.029722,-25.615278,159.00
73,56,-57.029444,-25.615278,160.00
73,57,-57.029167,-25.615278,167.00
73,58,-57.028889,-25.615278,167.00
73,59,-57.028611,-25.615278,167.00
73,60,-57.028333,-25.615278,166.00
73,61,-57.028056,-25.615278,167.00
73,62,-57.027778,-25.615278,169.00
73,63,-57.027500,-25.615278,170.00
73,64,-57.027222,-25.615278,170.00
73,65,-57.026944,-25.615278,174.00
73,66,-57.026667,-25.615278,179.00
73,67,-57.026389,-25.615278,185.00
73,68,-57.026111,-25.615278,188.00
73,69,-57.025833,-25.615278,187.00
73,70,-57.025556,-25.615278,189.00
73,71,-57.025278,-25.615278,190.00
73,72,-57.025000,-25.615278,190.00
73,73,-57.024722,-25.615278,192.00
73,74,-57.024444,-25.615278,194.00
73,75,-57.024167,-25.615278,199.00
73,76,-57.023889,-25.615278,200.00
73,77,-57.023611,-25.615278,201.00
73,78,-57.023333,-25.615278,206.00
73,79,-57.023056,-25.615278,208.00
73,80,-57.022778,-25.615278,209.00
73,81,-57.022500,-25.615278,212.00
73,82,-57.022222,-25.615278,216.00
73,83,-57.021944,-25.615278,219.00
73,84,-57.021667,-25.615278,220.00
73,85,-57.021389,-25.615278,221.00
73,86,-57.021111,-25.615278,224.00
73,87,-57.020833,-25.615278,227.00
73,88,-57.020556,-25.615278,228.00
73,89,-57.020278,-25.615278,232.00
73,90,-57.020000,-25.615278,236.00
73,91,-57.019722,-25.615278,238.00
73,92,-57.019444,-25.615278,239.00
73,93,-57.019167,-25.615278,244.00
73,94,-57.018889,-25.615278,249.00
73,95,-57.018611,-25.615278,254.00
73,96,-57.018333,-25.615278,254.00
73,97,-57.018056,-25.615278,258.00
73,98,-57.017778,-25.615278,262.00
73,99,-57.017500,-25.615278,262.00
73,100,-57.017222,-25.615278,264.00
73,101,-57.016944,-25.615278,269.00
73,102,-57.016667,-25.615278,272.00
73,103,-57.016389,-25.615278,282.00
73,104,-57.016111,-25.615278,288.00
73,105,-57.015833,-25.615278,290.00
73,106,-57.015556,-25.615278,294.00
73,107,-57.015278,-25.615278,299.00
74,0,-57.045000,-25.615556,272.00
74,1,-57.044722,-25.615556,263.00
74,2,-57.044444,-25.615556,258.00
74,3,-57.044167,-25.615556,255.00
74,4,-57.043889,-25.615556,253.00
74,5,-57.043611,-25.615556,251.00
74,6,-57.043333,-25.615556,249.00
74,7,-57.043056,-25.615556,247.00
74,8,-57.042778,-25.615556,245.00
74,9,-57.042500,-25.615556,243.00
74,10,-57.042222,-25.615556,240.00
74,11,-57.041944,-25.615556,237.00
74,12,-57.041667,-25.615556,235.00
74,13,-57.041389,-25.615556,237.00
74,14,-57.041111,-25.615556,239.00
74,15,-57.040833,-25.615556,237.00
74,16,-57.040556,-25.615556,230.00
74,17,-57.040278,-25.615556,226.00
74,18,-57.040000,-25.615556,219.00
74,19,-57.039722,-25.615556,218.00
74,20,-57.039444,-25.615556,213.00
74,21,-57.039167,-25.615556,203.00
74,22,-57.038889,-25.615556,199.00
74,23,-57.038611,-25.615556,197.00
74,24,-57.038333,-25.615556,195.00
74,25,-57.038056,-25.615556,192.00
74,26,-57.037778,-25.615556,191.00
74,27,-57.037500,-25.615556,189.00
74,28,-57.037222,-25.615556,189.00
74,29,-57.036944,-25.615556,196.00
74,30,-57.036667,-25.615556,195.00
74,31,-57.036389,-25.615556,190.00
74,32,-57.036111,-25.615556,191.00
74,33,-57.035833,-25.615556,189.00
74,34,-57.035556,-25.615556,184.00
74,35,-57.035278,-25.615556,176.00
74,36,-57.035000,-25.615556,171.00
74,37,-57.034722,-25.615556,167.00
74,38,-57.034444,-25.615556,170.00
74,39,-57.034167,-25.615556,165.00
74,40,-57.033889,-25.615556,158.00
74,41,-57.033611,-25.615556,156.00
74,42,-57.033333,-25.615556,154.00
74,43,-57.033056,-25.615556,152.00
74,44,-57.032778,-25.615556,148.00
74,45,-57.032500,-25.615556,153.00
74,46,-57.032222,-25.615556,148.00
74,47,-57.031944,-25.615556,153.00
74,48,-57.031667,-25.615556,154.00
74,49,-57.031389,-25.615556,148.00
74,50,-57.031111,-25.615556,144.00
74,51,-57.030833,-25.615556,144.00
74,52,-57.030556,-25.615556,156.00
74,53,-57.030278,-25.615556,157.00
74,54,-57.030000,-25.615556,162.00
74,55,-57.029722,-25.615556,163.00
74,56,-57.029444,-25.615556,165.00
74,57,-57.029167,-25.615556,169.00
74,58,-57.028889,-25.615556,170.00
74,59,-57.028611,-25.615556,170.00
74,60,-57.028333,-25.615556,167.00
74,61,-57.028056,-25.615556,169.00
74,62,-57.027778,-25.615556,171.00
74,63,-57.027500,-25.615556,170.00
74,64,-57.027222,-25.615556,170.00
74,65,-57.026944,-25.615556,172.00
74,66,-57.026667,-25.615556,171.00
74,67,-57.026389,-25.615556,179.00
74,68,-57.026111,-25.615556,185.00
74,69,-57.025833,-25.615556,184.00
74,70,-57.025556,-25.615556,188.00
74,71,-57.025278,-25.615556,189.00
74,72,-57.025000,-25.615556,189.00
74,73,-57.024722,-25.615556,190.00
74,74,-57.024444,-25.615556,192.00
74,75,-57.024167,-25.615556,197.00
74,76,-57.023889,-25.615556,196.00
74,77,-57.023611,-25.615556,198.00
74,78,-57.023333,-25.615556,201.00
74,79,-57.023056,-25.615556,204.00
74,80,-57.022778,-25.615556,206.00
74,81,-57.022500,-25.615556,209.00
74,82,-57.022222,-25.615556,213.00
74,83,-57.021944,-25.615556,215.00
74,84,-57.021667,-25.615556,216.00
74,85,-57.021389,-25.615556,218.00
74,86,-57.021111,-25.615556,221.00
74,87,-57.020833,-25.615556,224.00
74,88,-57.020556,-25.615556,225.00
74,89,-57.020278,-25.615556,229.00
74,90,-57.020000,-25.615556,231.00
74,91,-57.019722,-25.615556,231.00
74,92,-57.019444,-25.615556,235.00
74,93,-57.019167,-25.615556,244.00
74,94,-57.018889,-25.615556,248.00
74,95,-57.018611,-25.615556,251.00
74,96,-57.018333,-25.615556,252.00
74,97,-57.018056,-25.615556,257.00
74,98,-57.017778,-25.615556,259.00
74,99,-57.017500,-25.615556,260.00
74,100,-57.017222,-25.615556,260.00
74,101,-57.016944,-25.615556,264.00
74,102,-57.016667,-25.615556,265.00
74,103,-57.016389,-25.615556,275.00
74,104,-57.016111,-25.615556,288.00
74,105,-57.015833,-25.615556,292.00
74,106,-57.015556,-25.615556,289.00
74,107,-57.015278,-25.615556,294.00
75,0,-57.045000,-25.615833,267.00
75,1,-57.044722,-25.615833,263.00
75,2,-57.044444,-25.615833,257.00
75,3,-57.044167,-25.615833,254.00
75,4,-57.043889,-25.615833,253.00
75,5,-57.043611,-25.615833,251.00
75,6,-57.043333,-25.615833,250.00
75,7,-57.043056,-25.615833,247.00
75,8,-57.042778,-25.615833,246.00
75,9,-57.042500,-25.615833,244.00
75,10,-57.042222,-25.615833,242.00
75,11,-57.041944,-25.615833,240.00
75,12,-57.041667,-25.615833,237.00
75,13,-57.041389,-25.615833,238.00
75,14,-57.041111,-25.615833,239.00
75,15,-57.040833,-25.615833,237.00
75,16,-57.040556,-25.615833,227.00
75,17,-57.040278,-25.615833,225.00
75,18,-57.040000,-25.615833,224.00
75,19,-57.039722,-25.615833,220.00
75,20,-57.039444,-25.615833,213.00
75,21,-57.039167,-25.615833,206.00
75,22,-57.038889,-25.615833,204.00
75,23,-57.038611,-25.615833,201.00
75,24,-57.038333,-25.615833,202.00
75,25,-57.038056,-25.615833,195.00
75,26,-57.037778,-25.615833,193.00
75,27,-57.037500,-25.615833,191.00
75,28,-57.037222,-25.615833,190.00
75,29,-57.036944,-25.615833,191.00
75,30,-57.036667,-25.615833,194.00
75,31,-57.036389,-25.615833,187.00
75,32,-57.036111,-25.615833,189.00
75,33,-57.035833,-25.615833,190.00
75,34,-57.035556,-25.615833,185.00
75,35,-57.035278,-25.615833,175.00
75,36,-57.035000,-25.615833,171.00
75,37,-57.034722,-25.615833,167.00
75,38,-57.034444,-25.615833,167.00
75,39,-57.034167,-25.615833,164.00
75,40,-57.033889,-25.615833,160.00
75,41,-57.033611,-25.615833,158.00
75,42,-57.033333,-25.615833,157.00
75,43,-57.033056,-25.615833,154.00
75,44,-57.032778,-25.615833,149.00
75,45,-57.032500,-25.615833,153.00
75,46,-57.032222,-25.615833,146.00
75,47,-57.031944,-25.615833,148.00
75,48,-57.031667,-25.615833,148.00
75,49,-57.031389,-25.615833,145.00
75,50,-57.031111,-25.615833,145.00
75,51,-57.030833,-25.615833,144.00
75,52,-57.030556,-25.615833,155.00
75,53,-57.030278,-25.615833,158.00
75,54,-57.030000,-25.615833,162.00
75,55,-57.029722,-25.615833,165.00
75,56,-57.029444,-25.615833,169.00
75,57,-57.029167,-25.615833,170.00
75,58,-57.028889,-25.615833,169.00
75,59,-57.028611,-25.615833,169.00
75,60,-57.028333,-25.615833,169.00
75,61,-57.028056,-25.615833,173.00
75,62,-57.027778,-25.615833,174.00
75,63,-57.027500,-25.615833,174.00
75,64,-57.027222,-25.615833,173.00
75,65,-57.026944,-25.615833,172.00
75,66,-57.026667,-25.615833,168.00
75,67,-57.026389,-25.615833,172.00
75,68,-57.026111,-25.615833,176.00
75,69,-57.025833,-25.615833,182.00
75,70,-57.025556,-25.615833,188.00
75,71,-57.025278,-25.615833,188.00
75,72,-57.025000,-25.615833,186.00
75,73,-57.024722,-25.615833,188.00
75,74,-57.024444,-25.615833,189.00
75,75,-57.024167,-25.615833,192.00
75,76,-57.023889,-25.615833,195.00
75,77,-57.023611,-25.615833,197.00
75,78,-57.023333,-25.615833,198.00
75,79,-57.023056,-25.615833,200.00
75,80,-57.022778,-25.615833,204.00
75,81,-57.022500,-25.615833,207.00
75,82,-57.022222,-25.615833,209.00
75,83,-57.021944,-25.615833,209.00
75,84,-57.021667,-25.615833,212.00
75,85,-57.021389,-25.615833,216.00
75,86,-57.021111,-25.615833,217.00
75,87,-57.020833,-25.615833,220.00
75,88,-57.020556,-25.615833,221.00
75,89,-57.020278,-25.615833,224.00
75,90,-57.020000,-25.615833,226.00
75,91,-57.019722,-25.615833,227.00
75,92,-57.019444,-25.615833,232.00
75,93,-57.019167,-25.615833,236.00
75,94,-57.018889,-25.615833,240.00
75,95,-57.018611,-25.615833,245.00
75,96,-57.018333,-25.615833,251.00
75,97,-57.018056,-25.615833,254.00
75,98,-57.017778,-25.615833,258.00
75,99,-57.017500,-25.615833,257.00
75,100,-57.017222,-25.615833,257.00
75,101,-57.016944,-25.615833,260.00
75,102,-57.016667,-25.615833,264.00
75,103,-57.016389,-25.615833,267.00
75,104,-57.016111,-25.615833,280.00
75,105,-57.015833,-25.615833,287.00
75,106,-57.015556,-25.615833,291.00
75,107,-57.015278,-25.615833,290.00
76,0,-57.045000,-25.616111,255.00
76,1,-57.044722,-25.616111,253.00
76,2,-57.044444,-25.616111,248.00
76,3,-57.044167,-25.616111,251.00
76,4,-57.043889,-25.616111,251.00
76,5,-57.043611,-25.616111,252.00
76,6,-57.043333,-25.616111,251.00
76,7,-57.043056,-25.616111,248.00
76,8,-57.042778,-25.616111,246.00
76,9,-57.042500,-25.616111,244.00
76,10,-57.042222,-25.616111,242.00
76,11,-57.041944,-25.616111,240.00
76,12,-57.041667,-25.616111,239.00
76,13,-57.041389,-25.616111,237.00
76,14,-57.041111,-25.616111,234.00
76,15,-57.040833,-25.616111,240.00
76,16,-57.040556,-25.616111,235.00
76,17,-57.040278,-25.616111,229.00
76,18,-57.040000,-25.616111,226.00
76,19,-57.039722,-25.616111,226.00
76,20,-57.039444,-25.616111,218.00
76,21,-57.039167,-25.616111,211.00
76,22,-57.038889,-25.616111,208.00
76,23,-57.038611,-25.616111,205.00
76,24,-57.038333,-25.616111,205.00
76,25,-57.038056,-25.616111,199.00
76,26,-57.037778,-25.616111,196.00
76,27,-57.037500,-25.616111,194.00
76,28,-57.037222,-25.616111,193.00
76,29,-57.036944,-25.616111,191.00
76,30,-57.036667,-25.616111,189.00
76,31,-57.036389,-25.616111,186.00
76,32,-57.036111,-25.616111,185.00
76,33,-57.035833,-25.616111,188.00
76,34,-57.035556,-25.616111,186.00
76,35,-57.035278,-25.616111,176.00
76,36,-57.035000,-25.616111,170.00
76,37,-57.034722,-25.616111,168.00
76,38,-57.034444,-25.616111,166.00
76,39,-57.034167,-25.616111,164.00
76,40,-57.033889,-25.616111,163.00
76,41,-57.033611,-25.616111,158.00
76,42,-57.033333,-25.616111,156.00
76,43,-57.033056,-25.616111,154.00
76,44,-57.032778,-25.616111,149.00
76,45,-57.032500,-25.616111,153.00
76,46,-57.032222,-25.616111,147.00
76,47,-57.031944,-25.616111,145.00
76,48,-57.031667,-25.616111,146.00
76,49,-57.031389,-25.616111,144.00
76,50,-57.031111,-25.616111,143.00
76,51,-57.030833,-25.616111,143.00
76,52,-57.030556,-25.616111,152.00
76,53,-57.030278,-25.616111,157.00
76,54,-57.030000,-25.616111,159.00
76,55,-57.029722,-25.616111,162.00
76,56,-57.029444,-25.616111,165.00
76,57,-57.029167,-25.616111,166.00
76,58,-57.028889,-25.616111,166.00
76,59,-57.028611,-25.616111,166.00
76,60,-57.028333,-25.616111,166.00
76,61,-57.028056,-25.616111,168.00
76,62,-57.027778,-25.616111,170.00
76,63,-57.027500,-25.616111,171.00
76,64,-57.027222,-25.616111,173.00
76,65,-57.026944,-25.616111,171.00
76,66,-57.026667,-25.616111,165.00
76,67,-57.026389,-25.616111,170.00
76,68,-57.026111,-25.616111,171.00
76,69,-57.025833,-25.616111,177.00
76,70,-57.025556,-25.616111,181.00
76,71,-57.025278,-25.616111,181.00
76,72,-57.025000,-25.616111,188.00
76,73,-57.024722,-25.616111,186.00
76,74,-57.024444,-25.616111,186.00
76,75,-57.024167,-25.616111,189.00
76,76,-57.023889,-25.616111,191.00
76,77,-57.023611,-25.616111,194.00
76,78,-57.023333,-25.616111,194.00
76,79,-57.023056,-25.616111,196.00
76,80,-57.022778,-25.616111,199.00
76,81,-57.022500,-25.616111,203.00
76,82,-57.022222,-25.616111,203.00
76,83,-57.021944,-25.616111,206.00
76,84,-57.021667,-25.616111,211.00
76,85,-57.021389,-25.616111,212.00
76,86,-57.021111,-25.616111,213.00
76,87,-57.020833,-25.616111,216.00
76,88,-57.020556,-25.616111,217.00
76,89,-57.020278,-25.616111,222.00
76,90,-57.020000,-25.616111,221.00
76,91,-57.019722,-25.616111,227.00
76,92,-57.019444,-25.616111,227.00
76,93,-57.019167,-25.616111,229.00
76,94,-57.018889,-25.616111,236.00
76,95,-57.018611,-25.616111,244.00
76,96,-57.018333,-25.616111,249.00
76,97,-57.018056,-25.616111,252.00
76,98,-57.017778,-25.616111,253.00
76,99,-57.017500,-25.616111,255.00
76,100,-57.017222,-25.616111,254.00
76,101,-57.016944,-25.616111,262.00
76,102,-57.016667,-25.616111,269.00
76,103,-57.016389,-25.616111,264.00
76,104,-57.016111,-25.616111,269.00
76,105,-57.015833,-25.616111,281.00
76,106,-57.015556,-25.616111,291.00
76,107,-57.015278,-25.616111,295.00
77,0,-57.045000,-25.616389,241.00
77,1,-57.044722,-25.616389,239.00
77,2,-57.044444,-25.616389,235.00
77,3,-57.044167,-25.616389,241.00
77,4,-57.043889,-25.616389,243.00
77,5,-57.043611,-25.616389,249.00
77,6,-57.043333,-25.616389,253.00
77,7,-57.043056,-25.616389,251.00
77,8,-57.042778,-25.616389,248.00
77,9,-57.042500,-25.616389,245.00
77,10,-57.042222,-25.616389,242.00
77,11,-57.041944,-25.616389,242.00
77,12,-57.041667,-25.616389,241.00
77,13,-57.041389,-25.616389,238.00
77,14,-57.041111,-25.616389,235.00
77,15,-57.040833,-25.616389,238.00
77,16,-57.040556,-25.616389,238.00
77,17,-57.040278,-25.616389,230.00
77,18,-57.040000,-25.616389,225.00
77,19,-57.039722,-25.616389,223.00
77,20,-57.039444,-25.616389,220.00
77,21,-57.039167,-25.616389,217.00
77,22,-57.038889,-25.616389,213.00
77,23,-57.038611,-25.616389,208.00
77,24,-57.038333,-25.616389,206.00
77,25,-57.038056,-25.616389,202.00
77,26,-57.037778,-25.616389,199.00
77,27,-57.037500,-25.616389,198.00
77,28,-57.037222,-25.616389,195.00
77,29,-57.036944,-25.616389,192.00
77,30,-57.036667,-25.616389,190.00
77,31,-57.036389,-25.616389,188.00
77,32,-57.036111,-25.616389,185.00
77,33,-57.035833,-25.616389,185.00
77,34,-57.035556,-25.616389,180.00
77,35,-57.035278,-25.616389,175.00
77,36,-57.035000,-25.616389,170.00
77,37,-57.034722,-25.616389,168.00
77,38,-57.034444,-25.616389,166.00
77,39,-57.034167,-25.616389,164.00
77,40,-57.033889,-25.616389,160.00
77,41,-57.033611,-25.616389,157.00
77,42,-57.033333,-25.616389,156.00
77,43,-57.033056,-25.616389,153.00
77,44,-57.032778,-25.616389,148.00
77,45,-57.032500,-25.616389,154.00
77,46,-57.032222,-25.616389,148.00
77,47,-57.031944,-25.616389,145.00
77,48,-57.031667,-25.616389,149.00
77,49,-57.031389,-25.616389,144.00
77,50,-57.031111,-25.616389,143.00
77,51,-57.030833,-25.616389,144.00
77,52,-57.030556,-25.616389,149.00
77,53,-57.030278,-25.616389,152.00
77,54,-57.030000,-25.616389,156.00
77,55,-57.029722,-25.616389,163.00
77,56,-57.029444,-25.616389,165.00
77,57,-57.029167,-25.616389,164.00
77,58,-57.028889,-25.616389,164.00
77,59,-57.028611,-25.616389,166.00
77,60,-57.028333,-25.616389,166.00
77,61,-57.028056,-25.616389,168.00
77,62,-57.027778,-25.616389,168.00
77,63,-57.027500,-25.616389,171.00
77,64,-57.027222,-25.616389,172.00
77,65,-57.026944,-25.616389,172.00
77,66,-57.026667,-25.616389,167.00
77,67,-57.026389,-25.616389,164.00
77,68,-57.026111,-25.616389,168.00
77,69,-57.025833,-25.616389,171.00
77,70,-57.025556,-25.616389,173.00
77,71,-57.025278,-25.616389,177.00
77,72,-57.025000,-25.616389,184.00
77,73,-57.024722,-25.616389,183.00
77,74,-57.024444,-25.616389,186.00
77,75,-57.024167,-25.616389,187.00
77,76,-57.023889,-25.616389,189.00
77,77,-57.023611,-25.616389,192.00
77,78,-57.023333,-25.616389,192.00
77,79,-57.023056,-25.616389,194.00
77,80,-57.022778,-25.616389,194.00
77,81,-57.022500,-25.616389,199.00
77,82,-57.022222,-25.616389,199.00
77,83,-57.021944,-25.616389,203.00
77,84,-57.021667,-25.616389,209.00
77,85,-57.021389,-25.616389,210.00
77,86,-57.021111,-25.616389,212.00
77,87,-57.020833,-25.616389,213.00
77,88,-57.020556,-25.616389,215.00
77,89,-57.020278,-25.616389,220.00
77,90,-57.020000,-25.616389,221.00
77,91,-57.019722,-25.616389,220.00
77,92,-57.019444,-25.616389,222.00
77,93,-57.019167,-25.616389,225.00
77,94,-57.018889,-25.616389,235.00
77,95,-57.018611,-25.616389,241.00
77,96,-57.018333,-25.616389,245.00
77,97,-57.018056,-25.616389,246.00
77,98,-57.017778,-25.616389,251.00
77,99,-57.017500,-25.616389,251.00
77,100,-57.017222,-25.616389,254.00
77,101,-57.016944,-25.616389,261.00
77,102,-57.016667,-25.616389,268.00
77,103,-57.016389,-25.616389,265.00
77,104,-57.016111,-25.616389,265.00
77,105,-57.015833,-25.616389,276.00
77,106,-57.015556,-25.616389,287.00
77,107,-57.015278,-25.616389,292.00
78,0,-57.045000,-25.616667,238.00
78,1,-57.044722,-25.616667,236.00
78,2,-57.044444,-25.616667,228.00
78,3,-57.044167,-25.616667,229.00
78,4,-57.043889,-25.616667,231.00
78,5,-57.043611,-25.616667,235.00
78,6,-57.043333,-25.616667,242.00
78,7,-57.043056,-25.616667,247.00
78,8,-57.042778,-25.616667,248.00
78,9,-57.042500,-25.616667,246.00
78,10,-57.042222,-25.616667,245.00
78,11,-57.041944,-25.616667,243.00
78,12,-57.041667,-25.616667,248.00
78,13,-57.041389,-25.616667,241.00
78,14,-57.041111,-25.616667,238.00
78,15,-57.040833,-25.616667,236.00
78,16,-57.040556,-25.616667,235.00
78,17,-57.040278,-25.616667,232.00
78,18,-57.040000,-25.616667,234.00
78,19,-57.039722,-25.616667,232.00
78,20,-57.039444,-25.616667,229.00
78,21,-57.039167,-25.616667,223.00
78,22,-57.038889,-25.616667,215.00
78,23,-57.038611,-25.616667,214.00
78,24,-57.038333,-25.616667,211.00
78,25,-57.038056,-25.616667,206.00
78,26,-57.037778,-25.616667,203.00
78,27,-57.037500,-25.616667,200.00
78,28,-57.037222,-25.616667,197.00
78,29,-57.036944,-25.616667,193.00
78,30,-57.036667,-25.616667,189.00
78,31,-57.036389,-25.616667,187.00
78,32,-57.036111,-25.616667,185.00
78,33,-57.035833,-25.616667,182.00
78,34,-57.035556,-25.616667,179.00
78,35,-57.035278,-25.616667,176.00
78,36,-57.035000,-25.616667,173.00
78,37,-57.034722,-25.616667,169.00
78,38,-57.034444,-25.616667,167.00
78,39,-57.034167,-25.616667,164.00
78,40,-57.033889,-25.616667,159.00
78,41,-57.033611,-25.616667,157.00
78,42,-57.033333,-25.616667,155.00
78,43,-57.033056,-25.616667,153.00
78,44,-57.032778,-25.616667,148.00
78,45,-57.032500,-25.616667,148.00
78,46,-57.032222,-25.616667,145.00
78,47,-57.031944,-25.616667,145.00
78,48,-57.031667,-25.616667,149.00
78,49,-57.031389,-25.616667,144.00
78,50,-57.031111,-25.616667,144.00
78,51,-57.030833,-25.616667,145.00
78,52,-57.030556,-25.616667,144.00
78,53,-57.030278,-25.616667,147.00
78,54,-57.030000,-25.616667,156.00
78,55,-57.029722,-25.616667,161.00
78,56,-57.029444,-25.616667,164.00
78,57,-57.029167,-25.616667,166.00
78,58,-57.028889,-25.616667,161.00
78,59,-57.028611,-25.616667,161.00
78,60,-57.028333,-25.616667,166.00
78,61,-57.028056,-25.616667,166.00
78,62,-57.027778,-25.616667,166.00
78,63,-57.027500,-25.616667,170.00
78,64,-57.027222,-25.616667,170.00
78,65,-57.026944,-25.616667,168.00
78,66,-57.026667,-25.616667,166.00
78,67,-57.026389,-25.616667,163.00
78,68,-57.026111,-25.616667,165.00
78,69,-57.025833,-25.616667,164.00
78,70,-57.025556,-25.616667,167.00
78,71,-57.025278,-25.616667,175.00
78,72,-57.025000,-25.616667,180.00
78,73,-57.024722,-25.616667,183.00
78,74,-57.024444,-25.616667,185.00
78,75,-57.024167,-25.616667,186.00
78,76,-57.023889,-25.616667,186.00
78,77,-57.023611,-25.616667,187.00
78,78,-57.023333,-25.616667,188.00
78,79,-57.023056,-25.616667,190.00
78,80,-57.022778,-25.616667,190.00
78,81,-57.022500,-25.616667,193.00
78,82,-57.022222,-25.616667,194.00
78,83,-57.021944,-25.616667,198.00
78,84,-57.021667,-25.616667,206.00
78,85,-57.021389,-25.616667,205.00
78,86,-57.021111,-25.616667,206.00
78,87,-57.020833,-25.616667,207.00
78,88,-57.020556,-25.616667,213.00
78,89,-57.020278,-25.616667,215.00
78,90,-57.020000,-25.616667,215.00
78,91,-57.019722,-25.616667,218.00
78,92,-57.019444,-25.616667,223.00
78,93,-57.019167,-25.616667,223.00
78,94,-57.018889,-25.616667,229.00
78,95,-57.018611,-25.616667,233.00
78,96,-57.018333,-25.616667,240.00
78,97,-57.018056,-25.616667,244.00
78,98,-57.017778,-25.616667,248.00
78,99,-57.017500,-25.616667,251.00
78,100,-57.017222,-25.616667,254.00
78,101,-57.016944,-25.616667,253.00
78,102,-57.016667,-25.616667,264.00
78,103,-57.016389,-25.616667,265.00
78,104,-57.016111,-25.616667,269.00
78,105,-57.015833,-25.616667,273.00
78,106,-57.015556,-25.616667,281.00
78,107,-57.015278,-25.616667,282.00
79,0,-57.045000,-25.616944,228.00
79,1,-57.044722,-25.616944,230.00
79,2,-57.044444,-25.616944,224.00
79,3,-57.044167,-25.616944,226.00
79,4,-57.043889,-25.616944,228.00
79,5,-57.043611,-25.616944,230.00
79,6,-57.043333,-25.616944,231.00
79,7,-57.043056,-25.616944,236.00
79,8,-57.042778,-25.616944,244.00
79,9,-57.042500,-25.616944,247.00
79,10,-57.042222,-25.616944,245.00
79,11,-57.041944,-25.616944,247.00
79,12,-57.041667,-25.616944,250.00
79,13,-57.041389,-25.616944,247.00
79,14,-57.041111,-25.616944,242.00
79,15,-57.040833,-25.616944,241.00
79,16,-57.040556,-25.616944,235.00
79,17,-57.040278,-25.616944,233.00
79,18,-57.040000,-25.616944,235.00
79,19,-57.039722,-25.616944,235.00
79,20,-57.039444,-25.616944,229.00
79,21,-57.039167,-25.616944,223.00
79,22,-57.038889,-25.616944,227.00
79,23,-57.038611,-25.616944,229.00
79,24,-57.038333,-25.616944,225.00
79,25,-57.038056,-25.616944,218.00
79,26,-57.037778,-25.616944,211.00
79,27,-57.037500,-25.616944,204.00
79,28,-57.037222,-25.616944,200.00
79,29,-57.036944,-25.616944,197.00
79,30,-57.036667,-25.616944,194.00
79,31,-57.036389,-25.616944,189.00
79,32,-57.036111,-25.616944,186.00
79,33,-57.035833,-25.616944,182.00
79,34,-57.035556,-25.616944,179.00
79,35,-57.035278,-25.616944,177.00
79,36,-57.035000,-25.616944,176.00
79,37,-57.034722,-25.616944,171.00
79,38,-57.034444,-25.616944,168.00
79,39,-57.034167,-25.616944,167.00
79,40,-57.033889,-25.616944,162.00
79,41,-57.033611,-25.616944,159.00
79,42,-57.033333,-25.616944,157.00
79,43,-57.033056,-25.616944,154.00
79,44,-57.032778,-25.616944,149.00
79,45,-57.032500,-25.616944,146.00
79,46,-57.032222,-25.616944,143.00
79,47,-57.031944,-25.616944,145.00
79,48,-57.031667,-25.616944,143.00
79,49,-57.031389,-25.616944,139.00
79,50,-57.031111,-25.616944,142.00
79,51,-57.030833,-25.616944,142.00
79,52,-57.030556,-25.616944,142.00
79,53,-57.030278,-25.616944,143.00
79,54,-57.030000,-25.616944,149.00
79,55,-57.029722,-25.616944,156.00
79,56,-57.029444,-25.616944,160.00
79,57,-57.029167,-25.616944,159.00
79,58,-57.028889,-25.616944,160.00
79,59,-57.028611,-25.616944,160.00
79,60,-57.028333,-25.616944,163.00
79,61,-57.028056,-25.616944,167.00
79,62,-57.027778,-25.616944,169.00
79,63,-57.027500,-25.616944,168.00
79,64,-57.027222,-25.616944,163.00
79,65,-57.026944,-25.616944,159.00
79,66,-57.026667,-25.616944,161.00
79,67,-57.026389,-25.616944,162.00
79,68,-57.026111,-25.616944,163.00
79,69,-57.025833,-25.616944,164.00
79,70,-57.025556,-25.616944,167.00
79,71,-57.025278,-25.616944,168.00
79,72,-57.025000,-25.616944,172.00
79,73,-57.024722,-25.616944,175.00
79,74,-57.024444,-25.616944,177.00
79,75,-57.024167,-25.616944,181.00
79,76,-57.023889,-25.616944,184.00
79,77,-57.023611,-25.616944,186.00
79,78,-57.023333,-25.616944,184.00
79,79,-57.023056,-25.616944,185.00
79,80,-57.022778,-25.616944,184.00
79,81,-57.022500,-25.616944,189.00
79,82,-57.022222,-25.616944,191.00
79,83,-57.021944,-25.616944,194.00
79,84,-57.021667,-25.616944,198.00
79,85,-57.021389,-25.616944,201.00
79,86,-57.021111,-25.616944,200.00
79,87,-57.020833,-25.616944,204.00
79,88,-57.020556,-25.616944,208.00
79,89,-57.020278,-25.616944,209.00
79,90,-57.020000,-25.616944,208.00
79,91,-57.019722,-25.616944,216.00
79,92,-57.019444,-25.616944,221.00
79,93,-57.019167,-25.616944,227.00
79,94,-57.018889,-25.616944,226.00
79,95,-57.018611,-25.616944,227.00
79,96,-57.018333,-25.616944,231.00
79,97,-57.018056,-25.616944,240.00
79,98,-57.017778,-25.616944,242.00
79,99,-57.017500,-25.616944,243.00
79,100,-57.017222,-25.616944,244.00
79,101,-57.016944,-25.616944,251.00
79,102,-57.016667,-25.616944,263.00
79,103,-57.016389,-25.616944,267.00
79,104,-57.016111,-25.616944,265.00
79,105,-57.015833,-25.616944,270.00
79,106,-57.015556,-25.616944,276.00
79,107,-57.015278,-25.616944,275.00
80,0,-57.045000,-25.617222,221.00
80,1,-57.044722,-25.617222,222.00
80,2,-57.044444,-25.617222,221.00
80,3,-57.044167,-25.617222,224.00
80,4,-57.043889,-25.617222,225.00
80,5,-57.043611,-25.617222,227.00
80,6,-57.043333,-25.617222,227.00
80,7,-57.043056,-25.617222,229.00
80,8,-57.042778,-25.617222,232.00
80,9,-57.042500,-25.617222,239.00
80,10,-57.042222,-25.617222,243.00
80,11,-57.041944,-25.617222,249.00
80,12,-57.041667,-25.617222,251.00
80,13,-57.041389,-25.617222,248.00
80,14,-57.041111,-25.617222,243.00
80,15,-57.040833,-25.617222,245.00
80,16,-57.040556,-25.617222,239.00
80,17,-57.040278,-25.617222,240.00
80,18,-57.040000,-25.617222,235.00
80,19,-57.039722,-25.617222,232.00
80,20,-57.039444,-25.617222,229.00
80,21,-57.039167,-25.617222,232.00
80,22,-57.038889,-25.617222,239.00
80,23,-57.038611,-25.617222,239.00
80,24,-57.038333,-25.617222,238.00
80,25,-57.038056,-25.617222,230.00
80,26,-57.037778,-25.617222,221.00
80,27,-57.037500,-25.617222,209.00
80,28,-57.037222,-25.617222,203.00
80,29,-57.036944,-25.617222,197.00
80,30,-57.036667,-25.617222,194.00
80,31,-57.036389,-25.617222,190.00
80,32,-57.036111,-25.617222,188.00
80,33,-57.035833,-25.617222,184.00
80,34,-57.035556,-25.617222,183.00
80,35,-57.035278,-25.617222,179.00
80,36,-57.035000,-25.617222,178.00
80,37,-57.034722,-25.617222,174.00
80,38,-57.034444,-25.617222,169.00
80,39,-57.034167,-25.617222,164.00
80,40,-57.033889,-25.617222,162.00
80,41,-57.033611,-25.617222,165.00
80,42,-57.033333,-25.617222,160.00
80,43,-57.033056,-25.617222,156.00
80,44,-57.032778,-25.617222,149.00
80,45,-57.032500,-25.617222,146.00
80,46,-57.032222,-25.617222,145.00
80,47,-57.031944,-25.617222,151.00
80,48,-57.031667,-25.617222,148.00
80,49,-57.031389,-25.617222,139.00
80,50,-57.031111,-25.617222,140.00
80,51,-57.030833,-25.617222,141.00
80,52,-57.030556,-25.617222,141.00
80,53,-57.030278,-25.617222,141.00
80,54,-57.030000,-25.617222,143.00
80,55,-57.029722,-25.617222,152.00
80,56,-57.029444,-25.617222,156.00
80,57,-57.029167,-25.617222,159.00
80,58,-57.028889,-25.617222,161.00
80,59,-57.028611,-25.617222,162.00
80,60,-57.028333,-25.617222,164.00
80,61,-57.028056,-25.617222,165.00
80,62,-57.027778,-25.617222,169.00
80,63,-57.027500,-25.617222,166.00
80,64,-57.027222,-25.617222,161.00
80,65,-57.026944,-25.617222,154.00
80,66,-57.026667,-25.617222,156.00
80,67,-57.026389,-25.617222,160.00
80,68,-57.026111,-25.617222,162.00
80,69,-57.025833,-25.617222,161.00
80,70,-57.025556,-25.617222,162.00
80,71,-57.025278,-25.617222,164.00
80,72,-57.025000,-25.617222,165.00
80,73,-57.024722,-25.617222,166.00
80,74,-57.024444,-25.617222,168.00
80,75,-57.024167,-25.617222,173.00
80,76,-57.023889,-25.617222,178.00
80,77,-57.023611,-25.617222,181.00
80,78,-57.023333,-25.617222,182.00
80,79,-57.023056,-25.617222,183.00
80,80,-57.022778,-25.617222,182.00
80,81,-57.022500,-25.617222,183.00
80,82,-57.022222,-25.617222,189.00
80,83,-57.021944,-25.617222,193.00
80,84,-57.021667,-25.617222,195.00
80,85,-57.021389,-25.617222,199.00
80,86,-57.021111,-25.617222,202.00
80,87,-57.020833,-25.617222,199.00
80,88,-57.020556,-25.617222,199.00
80,89,-57.020278,-25.617222,201.00
80,90,-57.020000,-25.617222,204.00
80,91,-57.019722,-25.617222,210.00
80,92,-57.019444,-25.617222,217.00
80,93,-57.019167,-25.617222,222.00
80,94,-57.018889,-25.617222,225.00
80,95,-57.018611,-25.617222,226.00
80,96,-57.018333,-25.617222,228.00
80,97,-57.018056,-25.617222,231.00
80,98,-57.017778,-25.617222,236.00
80,99,-57.017500,-25.617222,239.00
80,100,-57.017222,-25.617222,243.00
80,101,-57.016944,-25.617222,249.00
80,102,-57.016667,-25.617222,258.00
80,103,-57.016389,-25.617222,266.00
80,104,-57.016111,-25.617222,264.00
80,105,-57.015833,-25.617222,266.00
80,106,-57.015556,-25.617222,268.00
80,107,-57.015278,-25.617222,274.00
81,0,-57.045000,-25.617500,224.00
81,1,-57.044722,-25.617500,219.00
81,2,-57.044444,-25.617500,219.00
81,3,-57.044167,-25.617500,220.00
81,4,-57.043889,-25.617500,221.00
81,5,-57.043611,-25.617500,223.00
81,6,-57.043333,-25.617500,225.00
81,7,-57.043056,-25.617500,225.00
81,8,-57.042778,-25.617500,226.00
81,9,-57.042500,-25.617500,230.00
81,10,-57.042222,-25.617500,236.00
81,11,-57.041944,-25.617500,243.00
81,12,-57.041667,-25.617500,240.00
81,13,-57.041389,-25.617500,239.00
81,14,-57.041111,-25.617500,242.00
81,15,-57.040833,-25.617500,248.00
81,16,-57.040556,-25.617500,249.00
81,17,-57.040278,-25.617500,248.00
81,18,-57.040000,-25.617500,242.00
81,19,-57.039722,-25.617500,238.00
81,20,-57.039444,-25.617500,236.00
81,21,-57.039167,-25.617500,237.00
81,22,-57.038889,-25.617500,245.00
81,23,-57.038611,-25.617500,249.00
81,24,-57.038333,-25.617500,248.00
81,25,-57.038056,-25.617500,241.00
81,26,-57.037778,-25.617500,233.00
81,27,-57.037500,-25.617500,221.00
81,28,-57.037222,-25.617500,210.00
81,29,-57.036944,-25.617500,204.00
81,30,-57.036667,-25.617500,196.00
81,31,-57.036389,-25.617500,191.00
81,32,-57.036111,-25.617500,190.00
81,33,-57.035833,-25.617500,187.00
81,34,-57.035556,-25.617500,185.00
81,35,-57.035278,-25.617500,183.00
81,36,-57.035000,-25.617500,178.00
81,37,-57.034722,-25.617500,178.00
81,38,-57.034444,-25.617500,173.00
81,39,-57.034167,-25.617500,168.00
81,40,-57.033889,-25.617500,164.00
81,41,-57.033611,-25.617500,164.00
81,42,-57.033333,-25.617500,159.00
81,43,-57.033056,-25.617500,153.00
81,44,-57.032778,-25.617500,147.00
81,45,-57.032500,-25.617500,145.00
81,46,-57.032222,-25.617500,150.00
81,47,-57.031944,-25.617500,152.00
81,48,-57.031667,-25.617500,152.00
81,49,-57.031389,-25.617500,142.00
81,50,-57.031111,-25.617500,140.00
81,51,-57.030833,-25.617500,140.00
81,52,-57.030556,-25.617500,141.00
81,53,-57.030278,-25.617500,141.00
81,54,-57.030000,-25.617500,143.00
81,55,-57.029722,-25.617500,148.00
81,56,-57.029444,-25.617500,155.00
81,57,-57.029167,-25.617500,160.00
81,58,-57.028889,-25.617500,160.00
81,59,-57.028611,-25.617500,162.00
81,60,-57.028333,-25.617500,166.00
81,61,-57.028056,-25.617500,165.00
81,62,-57.027778,-25.617500,165.00
81,63,-57.027500,-25.617500,163.00
81,64,-57.027222,-25.617500,160.00
81,65,-57.026944,-25.617500,156.00
81,66,-57.026667,-25.617500,158.00
81,67,-57.026389,-25.617500,160.00
81,68,-57.026111,-25.617500,161.00
81,69,-57.025833,-25.617500,158.00
81,70,-57.025556,-25.617500,158.00
81,71,-57.025278,-25.617500,164.00
81,72,-57.025000,-25.617500,163.00
81,73,-57.024722,-25.617500,161.00
81,74,-57.024444,-25.617500,162.00
81,75,-57.024167,-25.617500,168.00
81,76,-57.023889,-25.617500,174.00
81,77,-57.023611,-25.617500,178.00
81,78,-57.023333,-25.617500,180.00
81,79,-57.023056,-25.617500,185.00
81,80,-57.022778,-25.617500,181.00
81,81,-57.022500,-25.617500,182.00
81,82,-57.022222,-25.617500,186.00
81,83,-57.021944,-25.617500,189.00
81,84,-57.021667,-25.617500,190.00
81,85,-57.021389,-25.617500,191.00
81,86,-57.021111,-25.617500,197.00
81,87,-57.020833,-25.617500,198.00
81,88,-57.020556,-25.617500,196.00
81,89,-57.020278,-25.617500,194.00
81,90,-57.020000,-25.617500,199.00
81,91,-57.019722,-25.617500,204.00
81,92,-57.019444,-25.617500,208.00
81,93,-57.019167,-25.617500,212.00
81,94,-57.018889,-25.617500,217.00
81,95,-57.018611,-25.617500,224.00
81,96,-57.018333,-25.617500,224.00
81,97,-57.018056,-25.617500,224.00
81,98,-57.017778,-25.617500,227.00
81,99,-57.017500,-25.617500,232.00
81,100,-57.017222,-25.617500,240.00
81,101,-57.016944,-25.617500,247.00
81,102,-57.016667,-25.617500,256.00
81,103,-57.016389,-25.617500,262.00
81,104,-57.016111,-25.617500,261.00
81,105,-57.015833,-25.617500,257.00
81,106,-57.015556,-25.617500,261.00
81,107,-57.015278,-25.617500,263.00
82,0,-57.045000,-25.617778,221.00
82,1,-57.044722,-25.617778,216.00
82,2,-57.044444,-25.617778,214.00
82,3,-57.044167,-25.617778,216.00
82,4,-57.043889,-25.617778,220.00
82,5,-57.043611,-25.617778,219.00
82,6,-57.043333,-25.617778,220.00
82,7,-57.043056,-25.617778,221.00
82,8,-57.042778,-25.617778,221.00
82,9,-57.042500,-25.617778,226.00
82,10,-57.042222,-25.617778,229.00
82,11,-57.041944,-25.617778,234.00
82,12,-57.041667,-25.617778,233.00
82,13,-57.041389,-25.617778,234.00
82,14,-57.041111,-25.617778,236.00
82,15,-57.040833,-25.617778,246.00
82,16,-57.040556,-25.617778,254.00
82,17,-57.040278,-25.617778,255.00
82,18,-57.040000,-25.617778,253.00
82,19,-57.039722,-25.617778,250.00
82,20,-57.039444,-25.617778,244.00
82,21,-57.039167,-25.617778,239.00
82,22,-57.038889,-25.617778,243.00
82,23,-57.038611,-25.617778,251.00
82,24,-57.038333,-25.617778,254.00
82,25,-57.038056,-25.617778,252.00
82,26,-57.037778,-25.617778,250.00
82,27,-57.037500,-25.617778,240.00
82,28,-57.037222,-25.617778,225.00
82,29,-57.036944,-25.617778,217.00
82,30,-57.036667,-25.617778,207.00
82,31,-57.036389,-25.617778,198.00
82,32,-57.036111,-25.617778,196.00
82,33,-57.035833,-25.617778,189.00
82,34,-57.035556,-25.617778,187.00
82,35,-57.035278,-25.617778,185.00
82,36,-57.035000,-25.617778,180.00
82,37,-57.034722,-25.617778,177.00
82,38,-57.034444,-25.617778,174.00
82,39,-57.034167,-25.617778,170.00
82,40,-57.033889,-25.617778,167.00
82,41,-57.033611,-25.617778,161.00
82,42,-57.033333,-25.617778,158.00
82,43,-57.033056,-25.617778,152.00
82,44,-57.032778,-25.617778,145.00
82,45,-57.032500,-25.617778,144.00
82,46,-57.032222,-25.617778,144.00
82,47,-57.031944,-25.617778,146.00
82,48,-57.031667,-25.617778,145.00
82,49,-57.031389,-25.617778,143.00
82,50,-57.031111,-25.617778,140.00
82,51,-57.030833,-25.617778,141.00
82,52,-57.030556,-25.617778,140.00
82,53,-57.030278,-25.617778,139.00
82,54,-57.030000,-25.617778,142.00
82,55,-57.029722,-25.617778,149.00
82,56,-57.029444,-25.617778,154.00
82,57,-57.029167,-25.617778,158.00
82,58,-57.028889,-25.617778,163.00
82,59,-57.028611,-25.617778,166.00
82,60,-57.028333,-25.617778,164.00
82,61,-57.028056,-25.617778,164.00
82,62,-57.027778,-25.617778,165.00
82,63,-57.027500,-25.617778,164.00
82,64,-57.027222,-25.617778,162.00
82,65,-57.026944,-25.617778,159.00
82,66,-57.026667,-25.617778,158.00
82,67,-57.026389,-25.617778,157.00
82,68,-57.026111,-25.617778,158.00
82,69,-57.025833,-25.617778,158.00
82,70,-57.025556,-25.617778,161.00
82,71,-57.025278,-25.617778,161.00
82,72,-57.025000,-25.617778,162.00
82,73,-57.024722,-25.617778,160.00
82,74,-57.024444,-25.617778,160.00
82,75,-57.024167,-25.617778,166.00
82,76,-57.023889,-25.617778,175.00
82,77,-57.023611,-25.617778,180.00
82,78,-57.023333,-25.617778,178.00
82,79,-57.023056,-25.617778,184.00
82,80,-57.022778,-25.617778,184.00
82,81,-57.022500,-25.617778,185.00
82,82,-57.022222,-25.617778,186.00
82,83,-57.021944,-25.617778,188.00
82,84,-57.021667,-25.617778,190.00
82,85,-57.021389,-25.617778,193.00
82,86,-57.021111,-25.617778,194.00
82,87,-57.020833,-25.617778,196.00
82,88,-57.020556,-25.617778,197.00
82,89,-57.020278,-25.617778,198.00
82,90,-57.020000,-25.617778,202.00
82,91,-57.019722,-25.617778,207.00
82,92,-57.019444,-25.617778,207.00
82,93,-57.019167,-25.617778,213.00
82,94,-57.018889,-25.617778,214.00
82,95,-57.018611,-25.617778,222.00
82,96,-57.018333,-25.617778,225.00
82,97,-57.018056,-25.617778,222.00
82,98,-57.017778,-25.617778,222.00
82,99,-57.017500,-25.617778,228.00
82,100,-57.017222,-25.617778,237.00
82,101,-57.016944,-25.617778,247.00
82,102,-57.016667,-25.617778,257.00
82,103,-57.016389,-25.617778,257.00
82,104,-57.016111,-25.617778,255.00
82,105,-57.015833,-25.617778,259.00
82,106,-57.015556,-25.617778,259.00
82,107,-57.015278,-25.617778,259.00
83,0,-57.045000,-25.618056,218.00
83,1,-57.044722,-25.618056,213.00
83,2,-57.044444,-25.618056,212.00
83,3,-57.044167,-25.618056,214.00
83,4,-57.043889,-25.618056,217.00
83,5,-57.043611,-25.618056,217.00
83,6,-57.043333,-25.618056,217.00
83,7,-57.043056,-25.618056,218.00
83,8,-57.042778,-25.618056,219.00
83,9,-57.042500,-25.618056,222.00
83,10,-57.042222,-25.618056,225.00
83,11,-57.041944,-25.618056,228.00
83,12,-57.041667,-25.618056,229.00
83,13,-57.041389,-25.618056,232.00
83,14,-57.041111,-25.618056,231.00
83,15,-57.040833,-25.618056,237.00
83,16,-57.040556,-25.618056,252.00
83,17,-57.040278,-25.618056,261.00
83,18,-57.040000,-25.618056,259.00
83,19,-57.039722,-25.618056,259.00
83,20,-57.039444,-25.618056,255.00
83,21,-57.039167,-25.618056,248.00
83,22,-57.038889,-25.618056,242.00
83,23,-57.038611,-25.618056,244.00
83,24,-57.038333,-25.618056,250.00
83,25,-57.038056,-25.618056,255.00
83,26,-57.037778,-25.618056,260.00
83,27,-57.037500,-25.618056,253.00
83,28,-57.037222,-25.618056,236.00
83,29,-57.036944,-25.618056,225.00
83,30,-57.036667,-25.618056,215.00
83,31,-57.036389,-25.618056,204.00
83,32,-57.036111,-25.618056,203.00
83,33,-57.035833,-25.618056,194.00
83,34,-57.035556,-25.618056,189.00
83,35,-57.035278,-25.618056,186.00
83,36,-57.035000,-25.618056,182.00
83,37,-57.034722,-25.618056,176.00
83,38,-57.034444,-25.618056,171.00
83,39,-57.034167,-25.618056,168.00
83,40,-57.033889,-25.618056,167.00
83,41,-57.033611,-25.618056,162.00
83,42,-57.033333,-25.618056,158.00
83,43,-57.033056,-25.618056,150.00
83,44,-57.032778,-25.618056,144.00
83,45,-57.032500,-25.618056,142.00
83,46,-57.032222,-25.618056,141.00
83,47,-57.031944,-25.618056,142.00
83,48,-57.031667,-25.618056,142.00
83,49,-57.031389,-25.618056,144.00
83,50,-57.031111,-25.618056,141.00
83,51,-57.030833,-25.618056,141.00
83,52,-57.030556,-25.618056,140.00
83,53,-57.030278,-25.618056,139.00
83,54,-57.030000,-25.618056,144.00
83,55,-57.029722,-25.618056,153.00
83,56,-57.029444,-25.618056,158.00
83,57,-57.029167,-25.618056,159.00
83,58,-57.028889,-25.618056,167.00
83,59,-57.028611,-25.618056,170.00
83,60,-57.028333,-25.618056,166.00
83,61,-57.028056,-25.618056,168.00
83,62,-57.027778,-25.618056,172.00
83,63,-57.027500,-25.618056,169.00
83,64,-57.027222,-25.618056,163.00
83,65,-57.026944,-25.618056,160.00
83,66,-57.026667,-25.618056,157.00
83,67,-57.026389,-25.618056,157.00
83,68,-57.026111,-25.618056,157.00
83,69,-57.025833,-25.618056,157.00
83,70,-57.025556,-25.618056,162.00
83,71,-57.025278,-25.618056,160.00
83,72,-57.025000,-25.618056,160.00
83,73,-57.024722,-25.618056,159.00
83,74,-57.024444,-25.618056,160.00
83,75,-57.024167,-25.618056,166.00
83,76,-57.023889,-25.618056,176.00
83,77,-57.023611,-25.618056,181.00
83,78,-57.023333,-25.618056,183.00
83,79,-57.023056,-25.618056,186.00
83,80,-57.022778,-25.618056,186.00
83,81,-57.022500,-25.618056,187.00
83,82,-57.022222,-25.618056,188.00
83,83,-57.021944,-25.618056,190.00
83,84,-57.021667,-25.618056,192.00
83,85,-57.021389,-25.618056,194.00
83,86,-57.021111,-25.618056,196.00
83,87,-57.020833,-25.618056,199.00
83,88,-57.020556,-25.618056,199.00
83,89,-57.020278,-25.618056,200.00
83,90,-57.020000,-25.618056,202.00
83,91,-57.019722,-25.618056,207.00
83,92,-57.019444,-25.618056,209.00
83,93,-57.019167,-25.618056,214.00
83,94,-57.018889,-25.618056,217.00
83,95,-57.018611,-25.618056,221.00
83,96,-57.018333,-25.618056,220.00
83,97,-57.018056,-25.618056,221.00
83,98,-57.017778,-25.618056,224.00
83,99,-57.017500,-25.618056,228.00
83,100,-57.017222,-25.618056,234.00
83,101,-57.016944,-25.618056,251.00
83,102,-57.016667,-25.618056,262.00
83,103,-57.016389,-25.618056,260.00
83,104,-57.016111,-25.618056,257.00
83,105,-57.015833,-25.618056,260.00
83,106,-57.015556,-25.618056,259.00
83,107,-57.015278,-25.618056,262.00
84,0,-57.045000,-25.618333,216.00
84,1,-57.044722,-25.618333,212.00
84,2,-57.044444,-25.618333,211.00
84,3,-57.044167,-25.618333,212.00
84,4,-57.043889,-25.618333,213.00
84,5,-57.043611,-25.618333,214.00
84,6,-57.043333,-25.618333,214.00
84,7,-57.043056,-25.618333,216.00
84,8,-57.042778,-25.618333,216.00
84,9,-57.042500,-25.618333,216.00
84,10,-57.042222,-25.618333,219.00
84,11,-57.041944,-25.618333,223.00
84,12,-57.041667,-25.618333,225.00
84,13,-57.041389,-25.618333,227.00
84,14,-57.041111,-25.618333,226.00
84,15,-57.040833,-25.618333,231.00
84,16,-57.040556,-25.618333,242.00
84,17,-57.040278,-25.618333,254.00
84,18,-57.040000,-25.618333,261.00
84,19,-57.039722,-25.618333,262.00
84,20,-57.039444,-25.618333,262.00
84,21,-57.039167,-25.618333,255.00
84,22,-57.038889,-25.618333,250.00
84,23,-57.038611,-25.618333,250.00
84,24,-57.038333,-25.618333,250.00
84,25,-57.038056,-25.618333,251.00
84,26,-57.037778,-25.618333,261.00
84,27,-57.037500,-25.618333,263.00
84,28,-57.037222,-25.618333,252.00
84,29,-57.036944,-25.618333,238.00
84,30,-57.036667,-25.618333,227.00
84,31,-57.036389,-25.618333,217.00
84,32,-57.036111,-25.618333,211.00
84,33,-57.035833,-25.618333,201.00
84,34,-57.035556,-25.618333,189.00
84,35,-57.035278,-25.618333,183.00
84,36,-57.035000,-25.618333,181.00
84,37,-57.034722,-25.618333,177.00
84,38,-57.034444,-25.618333,172.00
84,39,-57.034167,-25.618333,167.00
84,40,-57.033889,-25.618333,163.00
84,41,-57.033611,-25.618333,164.00
84,42,-57.033333,-25.618333,154.00
84,43,-57.033056,-25.618333,150.00
84,44,-57.032778,-25.618333,146.00
84,45,-57.032500,-25.618333,141.00
84,46,-57.032222,-25.618333,139.00
84,47,-57.031944,-25.618333,140.00
84,48,-57.031667,-25.618333,140.00
84,49,-57.031389,-25.618333,144.00
84,50,-57.031111,-25.618333,142.00
84,51,-57.030833,-25.618333,140.00
84,52,-57.030556,-25.618333,140.00
84,53,-57.030278,-25.618333,139.00
84,54,-57.030000,-25.618333,147.00
84,55,-57.029722,-25.618333,154.00
84,56,-57.029444,-25.618333,159.00
84,57,-57.029167,-25.618333,160.00
84,58,-57.028889,-25.618333,167.00
84,59,-57.028611,-25.618333,173.00
84,60,-57.028333,-25.618333,179.00
84,61,-57.028056,-25.618333,176.00
84,62,-57.027778,-25.618333,174.00
84,63,-57.027500,-25.618333,168.00
84,64,-57.027222,-25.618333,163.00
84,65,-57.026944,-25.618333,161.00
84,66,-57.026667,-25.618333,159.00
84,67,-57.026389,-25.618333,157.00
84,68,-57.026111,-25.618333,156.00
84,69,-57.025833,-25.618333,157.00
84,70,-57.025556,-25.618333,157.00
84,71,-57.025278,-25.618333,159.00
84,72,-57.025000,-25.618333,162.00
84,73,-57.024722,-25.618333,159.00
84,74,-57.024444,-25.618333,160.00
84,75,-57.024167,-25.618333,164.00
84,76,-57.023889,-25.618333,171.00
84,77,-57.023611,-25.618333,176.00
84,78,-57.023333,-25.618333,185.00
84,79,-57.023056,-25.618333,185.00
84,80,-57.022778,-25.618333,185.00
84,81,-57.022500,-25.618333,189.00
84,82,-57.022222,-25.618333,189.00
84,83,-57.021944,-25.618333,191.00
84,84,-57.021667,-25.618333,194.00
84,85,-57.021389,-25.618333,196.00
84,86,-57.021111,-25.618333,200.00
84,87,-57.020833,-25.618333,202.00
84,88,-57.020556,-25.618333,202.00
84,89,-57.020278,-25.618333,203.00
84,90,-57.020000,-25.618333,204.00
84,91,-57.019722,-25.618333,207.00
84,92,-57.019444,-25.618333,208.00
84,93,-57.019167,-25.618333,215.00
84,94,-57.018889,-25.618333,217.00
84,95,-57.018611,-25.618333,219.00
84,96,-57.018333,-25.618333,219.00
84,97,-57.018056,-25.618333,222.00
84,98,-57.017778,-25.618333,227.00
84,99,-57.017500,-25.618333,233.00
84,100,-57.017222,-25.618333,240.00
84,101,-57.016944,-25.618333,255.00
84,102,-57.016667,-25.618333,266.00
84,103,-57.016389,-25.618333,266.00
84,104,-57.016111,-25.618333,263.00
84,105,-57.015833,-25.618333,262.00
84,106,-57.015556,-25.618333,262.00
84,107,-57.015278,-25.618333,264.00
85,0,-57.045000,-25.618611,215.00
85,1,-57.044722,-25.618611,211.00
85,2,-57.044444,-25.618611,210.00
85,3,-57.044167,-25.618611,209.00
85,4,-57.043889,-25.618611,210.00
85,5,-57.043611,-25.618611,210.00
85,6,-57.043333,-25.618611,211.00
85,7,-57.043056,-25.618611,212.00
85,8,-57.042778,-25.618611,212.00
85,9,-57.042500,-25.618611,211.00
85,10,-57.042222,-25.618611,211.00
85,11,-57.041944,-25.618611,215.00
85,12,-57.041667,-25.618611,222.00
85,13,-57.041389,-25.618611,228.00
85,14,-57.041111,-25.618611,227.00
85,15,-57.040833,-25.618611,227.00
85,16,-57.040556,-25.618611,232.00
85,17,-57.040278,-25.618611,238.00
85,18,-57.040000,-25.618611,253.00
85,19,-57.039722,-25.618611,254.00
85,20,-57.039444,-25.618611,252.00
85,21,-57.039167,-25.618611,250.00
85,22,-57.038889,-25.618611,251.00
85,23,-57.038611,-25.618611,251.00
85,24,-57.038333,-25.618611,253.00
85,25,-57.038056,-25.618611,250.00
85,26,-57.037778,-25.618611,254.00
85,27,-57.037500,-25.618611,262.00
85,28,-57.037222,-25.618611,260.00
85,29,-57.036944,-25.618611,249.00
85,30,-57.036667,-25.618611,237.00
85,31,-57.036389,-25.618611,227.00
85,32,-57.036111,-25.618611,219.00
85,33,-57.035833,-25.618611,205.00
85,34,-57.035556,-25.618611,191.00
85,35,-57.035278,-25.618611,184.00
85,36,-57.035000,-25.618611,180.00
85,37,-57.034722,-25.618611,179.00
85,38,-57.034444,-25.618611,173.00
85,39,-57.034167,-25.618611,170.00
85,40,-57.033889,-25.618611,161.00
85,41,-57.033611,-25.618611,159.00
85,42,-57.033333,-25.618611,154.00
85,43,-57.033056,-25.618611,149.00
85,44,-57.032778,-25.618611,154.00
85,45,-57.032500,-25.618611,142.00
85,46,-57.032222,-25.618611,138.00
85,47,-57.031944,-25.618611,139.00
85,48,-57.031667,-25.618611,140.00
85,49,-57.031389,-25.618611,142.00
85,50,-57.031111,-25.618611,140.00
85,51,-57.030833,-25.618611,142.00
85,52,-57.030556,-25.618611,140.00
85,53,-57.030278,-25.618611,139.00
85,54,-57.030000,-25.618611,145.00
85,55,-57.029722,-25.618611,152.00
85,56,-57.029444,-25.618611,154.00
85,57,-57.029167,-25.618611,158.00
85,58,-57.028889,-25.618611,165.00
85,59,-57.028611,-25.618611,177.00
85,60,-57.028333,-25.618611,183.00
85,61,-57.028056,-25.618611,184.00
85,62,-57.027778,-25.618611,179.00
85,63,-57.027500,-25.618611,169.00
85,64,-57.027222,-25.618611,165.00
85,65,-57.026944,-25.618611,161.00
85,66,-57.026667,-25.618611,155.00
85,67,-57.026389,-25.618611,155.00
85,68,-57.026111,-25.618611,155.00
85,69,-57.025833,-25.618611,155.00
85,70,-57.025556,-25.618611,157.00
85,71,-57.025278,-25.618611,159.00
85,72,-57.025000,-25.618611,159.00
85,73,-57.024722,-25.618611,160.00
85,74,-57.024444,-25.618611,160.00
85,75,-57.024167,-25.618611,163.00
85,76,-57.023889,-25.618611,165.00
85,77,-57.023611,-25.618611,169.00
85,78,-57.023333,-25.618611,177.00
85,79,-57.023056,-25.618611,185.00
85,80,-57.022778,-25.618611,186.00
85,81,-57.022500,-25.618611,189.00
85,82,-57.022222,-25.618611,191.00
85,83,-57.021944,-25.618611,193.00
85,84,-57.021667,-25.618611,195.00
85,85,-57.021389,-25.618611,200.00
85,86,-57.021111,-25.618611,201.00
85,87,-57.020833,-25.618611,205.00
85,88,-57.020556,-25.618611,205.00
85,89,-57.020278,-25.618611,208.00
85,90,-57.020000,-25.618611,209.00
85,91,-57.019722,-25.618611,211.00
85,92,-57.019444,-25.618611,212.00
85,93,-57.019167,-25.618611,214.00
85,94,-57.018889,-25.618611,221.00
85,95,-57.018611,-25.618611,224.00
85,96,-57.018333,-25.618611,225.00
85,97,-57.018056,-25.618611,226.00
85,98,-57.017778,-25.618611,228.00
85,99,-57.017500,-25.618611,239.00
85,100,-57.017222,-25.618611,247.00
85,101,-57.016944,-25.618611,250.00
85,102,-57.016667,-25.618611,262.00
85,103,-57.016389,-25.618611,274.00
85,104,-57.016111,-25.618611,273.00
85,105,-57.015833,-25.618611,271.00
85,106,-57.015556,-25.618611,269.00
85,107,-57.015278,-25.618611,270.00
86,0,-57.045000,-25.618889,214.00
86,1,-57.044722,-25.618889,211.00
86,2,-57.044444,-25.618889,210.00
86,3,-57.044167,-25.618889,208.00
86,4,-57.043889,-25.618889,208.00
86,5,-57.043611,-25.618889,207.00
86,6,-57.043333,-25.618889,209.00
86,7,-57.043056,-25.618889,208.00
86,8,-57.042778,-25.618889,208.00
86,9,-57.042500,-25.618889,209.00
86,10,-57.042222,-25.618889,208.00
86,11,-57.041944,-25.618889,208.00
86,12,-57.041667,-25.618889,215.00
86,13,-57.041389,-25.618889,225.00
86,14,-57.041111,-25.618889,229.00
86,15,-57.040833,-25.618889,228.00
86,16,-57.040556,-25.618889,228.00
86,17,-57.040278,-25.618889,231.00
86,18,-57.040000,-25.618889,239.00
86,19,-57.039722,-25.618889,240.00
86,20,-57.039444,-25.618889,242.00
86,21,-57.039167,-25.618889,239.00
86,22,-57.038889,-25.618889,238.00
86,23,-57.038611,-25.618889,239.00
86,24,-57.038333,-25.618889,237.00
86,25,-57.038056,-25.618889,241.00
86,26,-57.037778,-25.618889,246.00
86,27,-57.037500,-25.618889,251.00
86,28,-57.037222,-25.618889,253.00
86,29,-57.036944,-25.618889,251.00
86,30,-57.036667,-25.618889,242.00
86,31,-57.036389,-25.618889,233.00
86,32,-57.036111,-25.618889,223.00
86,33,-57.035833,-25.618889,208.00
86,34,-57.035556,-25.618889,194.00
86,35,-57.035278,-25.618889,186.00
86,36,-57.035000,-25.618889,181.00
86,37,-57.034722,-25.618889,177.00
86,38,-57.034444,-25.618889,174.00
86,39,-57.034167,-25.618889,168.00
86,40,-57.033889,-25.618889,164.00
86,41,-57.033611,-25.618889,161.00
86,42,-57.033333,-25.618889,155.00
86,43,-57.033056,-25.618889,147.00
86,44,-57.032778,-25.618889,153.00
86,45,-57.032500,-25.618889,146.00
86,46,-57.032222,-25.618889,138.00
86,47,-57.031944,-25.618889,139.00
86,48,-57.031667,-25.618889,141.00
86,49,-57.031389,-25.618889,139.00
86,50,-57.031111,-25.618889,140.00
86,51,-57.030833,-25.618889,141.00
86,52,-57.030556,-25.618889,140.00
86,53,-57.030278,-25.618889,138.00
86,54,-57.030000,-25.618889,140.00
86,55,-57.029722,-25.618889,149.00
86,56,-57.029444,-25.618889,151.00
86,57,-57.029167,-25.618889,155.00
86,58,-57.028889,-25.618889,159.00
86,59,-57.028611,-25.618889,166.00
86,60,-57.028333,-25.618889,172.00
86,61,-57.028056,-25.618889,180.00
86,62,-57.027778,-25.618889,178.00
86,63,-57.027500,-25.618889,165.00
86,64,-57.027222,-25.618889,161.00
86,65,-57.026944,-25.618889,157.00
86,66,-57.026667,-25.618889,156.00
86,67,-57.026389,-25.618889,153.00
86,68,-57.026111,-25.618889,155.00
86,69,-57.025833,-25.618889,155.00
86,70,-57.025556,-25.618889,153.00
86,71,-57.025278,-25.618889,155.00
86,72,-57.025000,-25.618889,159.00
86,73,-57.024722,-25.618889,159.00
86,74,-57.024444,-25.618889,157.00
86,75,-57.024167,-25.618889,161.00
86,76,-57.023889,-25.618889,163.00
86,77,-57.023611,-25.618889,166.00
86,78,-57.023333,-25.618889,176.00
86,79,-57.023056,-25.618889,183.00
86,80,-57.022778,-25.618889,188.00
86,81,-57.022500,-25.618889,191.00
86,82,-57.022222,-25.618889,192.00
86,83,-57.021944,-25.618889,195.00
86,84,-57.021667,-25.618889,197.00
86,85,-57.021389,-25.618889,200.00
86,86,-57.021111,-25.618889,203.00
86,87,-57.020833,-25.618889,207.00
86,88,-57.020556,-25.618889,208.00
86,89,-57.020278,-25.618889,211.00
86,90,-57.020000,-25.618889,210.00
86,91,-57.019722,-25.618889,214.00
86,92,-57.019444,-25.618889,214.00
86,93,-57.019167,-25.618889,218.00
86,94,-57.018889,-25.618889,230.00
86,95,-57.018611,-25.618889,229.00
86,96,-57.018333,-25.618889,226.00
86,97,-57.018056,-25.618889,229.00
86,98,-57.017778,-25.618889,231.00
86,99,-57.017500,-25.618889,244.00
86,100,-57.017222,-25.618889,251.00
86,101,-57.016944,-25.618889,258.00
86,102,-57.016667,-25.618889,275.00
86,103,-57.016389,-25.618889,286.00
86,104,-57.016111,-25.618889,284.00
86,105,-57.015833,-25.618889,282.00
86,106,-57.015556,-25.618889,277.00
86,107,-57.015278,-25.618889,275.00
87,0,-57.045000,-25.619167,213.00
87,1,-57.044722,-25.619167,210.00
87,2,-57.044444,-25.619167,209.00
87,3,-57.044167,-25.619167,207.00
87,4,-57.043889,-25.619167,205.00
87,5,-57.043611,-25.619167,205.00
87,6,-57.043333,-25.619167,206.00
87,7,-57.043056,-25.619167,206.00
87,8,-57.042778,-25.619167,206.00
87,9,-57.042500,-25.619167,207.00
87,10,-57.042222,-25.619167,206.00
87,11,-57.041944,-25.619167,206.00
87,12,-57.041667,-25.619167,208.00
87,13,-57.041389,-25.619167,214.00
87,14,-57.041111,-25.619167,221.00
87,15,-57.040833,-25.619167,226.00
87,16,-57.040556,-25.619167,226.00
87,17,-57.040278,-25.619167,229.00
87,18,-57.040000,-25.619167,232.00
87,19,-57.039722,-25.619167,229.00
87,20,-57.039444,-25.619167,225.00
87,21,-57.039167,-25.619167,221.00
87,22,-57.038889,-25.619167,224.00
87,23,-57.038611,-25.619167,222.00
87,24,-57.038333,-25.619167,222.00
87,25,-57.038056,-25.619167,226.00
87,26,-57.037778,-25.619167,230.00
87,27,-57.037500,-25.619167,236.00
87,28,-57.037222,-25.619167,242.00
87,29,-57.036944,-25.619167,244.00
87,30,-57.036667,-25.619167,247.00
87,31,-57.036389,-25.619167,243.00
87,32,-57.036111,-25.619167,232.00
87,33,-57.035833,-25.619167,217.00
87,34,-57.035556,-25.619167,205.00
87,35,-57.035278,-25.619167,191.00
87,36,-57.035000,-25.619167,182.00
87,37,-57.034722,-25.619167,176.00
87,38,-57.034444,-25.619167,175.00
87,39,-57.034167,-25.619167,171.00
87,40,-57.033889,-25.619167,169.00
87,41,-57.033611,-25.619167,163.00
87,42,-57.033333,-25.619167,159.00
87,43,-57.033056,-25.619167,152.00
87,44,-57.032778,-25.619167,151.00
87,45,-57.032500,-25.619167,148.00
87,46,-57.032222,-25.619167,140.00
87,47,-57.031944,-25.619167,139.00
87,48,-57.031667,-25.619167,140.00
87,49,-57.031389,-25.619167,137.00
87,50,-57.031111,-25.619167,138.00
87,51,-57.030833,-25.619167,140.00
87,52,-57.030556,-25.619167,138.00
87,53,-57.030278,-25.619167,136.00
87,54,-57.030000,-25.619167,138.00
87,55,-57.029722,-25.619167,142.00
87,56,-57.029444,-25.619167,147.00
87,57,-57.029167,-25.619167,150.00
87,58,-57.028889,-25.619167,154.00
87,59,-57.028611,-25.619167,156.00
87,60,-57.028333,-25.619167,157.00
87,61,-57.028056,-25.619167,161.00
87,62,-57.027778,-25.619167,159.00
87,63,-57.027500,-25.619167,158.00
87,64,-57.027222,-25.619167,156.00
87,65,-57.026944,-25.619167,154.00
87,66,-57.026667,-25.619167,154.00
87,67,-57.026389,-25.619167,153.00
87,68,-57.026111,-25.619167,155.00
87,69,-57.025833,-25.619167,155.00
87,70,-57.025556,-25.619167,149.00
87,71,-57.025278,-25.619167,152.00
87,72,-57.025000,-25.619167,156.00
87,73,-57.024722,-25.619167,158.00
87,74,-57.024444,-25.619167,158.00
87,75,-57.024167,-25.619167,162.00
87,76,-57.023889,-25.619167,165.00
87,77,-57.023611,-25.619167,168.00
87,78,-57.023333,-25.619167,176.00
87,79,-57.023056,-25.619167,183.00
87,80,-57.022778,-25.619167,189.00
87,81,-57.022500,-25.619167,191.00
87,82,-57.022222,-25.619167,193.00
87,83,-57.021944,-25.619167,196.00
87,84,-57.021667,-25.619167,198.00
87,85,-57.021389,-25.619167,204.00
87,86,-57.021111,-25.619167,208.00
87,87,-57.020833,-25.619167,212.00
87,88,-57.020556,-25.619167,214.00
87,89,-57.020278,-25.619167,220.00
87,90,-57.020000,-25.619167,221.00
87,91,-57.019722,-25.619167,221.00
87,92,-57.019444,-25.619167,222.00
87,93,-57.019167,-25.619167,233.00
87,94,-57.018889,-25.619167,243.00
87,95,-57.018611,-25.619167,244.00
87,96,-57.018333,-25.619167,235.00
87,97,-57.018056,-25.619167,234.00
87,98,-57.017778,-25.619167,238.00
87,99,-57.017500,-25.619167,252.00
87,100,-57.017222,-25.619167,265.00
87,101,-57.016944,-25.619167,279.00
87,102,-57.016667,-25.619167,293.00
87,103,-57.016389,-25.619167,303.00
87,104,-57.016111,-25.619167,302.00
87,105,-57.015833,-25.619167,297.00
87,106,-57.015556,-25.619167,294.00
87,107,-57.015278,-25.619167,288.00
88,0,-57.045000,-25.619444,211.00
88,1,-57.044722,-25.619444,210.00
88,2,-57.044444,-25.619444,208.00
88,3,-57.044167,-25.619444,206.00
88,4,-57.043889,-25.619444,204.00
88,5,-57.043611,-25.619444,203.00
88,6,-57.043333,-25.619444,203.00
88,7,-57.043056,-25.619444,204.00
88,8,-57.042778,-25.619444,204.00
88,9,-57.042500,-25.619444,204.00
88,10,-57.042222,-25.619444,203.00
88,11,-57.041944,-25.619444,204.00
88,12,-57.041667,-25.619444,205.00
88,13,-57.041389,-25.619444,206.00
88,14,-57.041111,-25.619444,209.00
88,15,-57.040833,-25.619444,214.00
88,16,-57.040556,-25.619444,219.00
88,17,-57.040278,-25.619444,224.00
88,18,-57.040000,-25.619444,225.00
88,19,-57.039722,-25.619444,223.00
88,20,-57.039444,-25.619444,218.00
88,21,-57.039167,-25.619444,215.00
88,22,-57.038889,-25.619444,215.00
88,23,-57.038611,-25.619444,213.00
88,24,-57.038333,-25.619444,213.00
88,25,-57.038056,-25.619444,214.00
88,26,-57.037778,-25.619444,214.00
88,27,-57.037500,-25.619444,220.00
88,28,-57.037222,-25.619444,224.00
88,29,-57.036944,-25.619444,231.00
88,30,-57.036667,-25.619444,240.00
88,31,-57.036389,-25.619444,241.00
88,32,-57.036111,-25.619444,237.00
88,33,-57.035833,-25.619444,225.00
88,34,-57.035556,-25.619444,216.00
88,35,-57.035278,-25.619444,199.00
88,36,-57.035000,-25.619444,184.00
88,37,-57.034722,-25.619444,176.00
88,38,-57.034444,-25.619444,173.00
88,39,-57.034167,-25.619444,171.00
88,40,-57.033889,-25.619444,166.00
88,41,-57.033611,-25.619444,162.00
88,42,-57.033333,-25.619444,161.00
88,43,-57.033056,-25.619444,159.00
88,44,-57.032778,-25.619444,155.00
88,45,-57.032500,-25.619444,150.00
88,46,-57.032222,-25.619444,140.00
88,47,-57.031944,-25.619444,139.00
88,48,-57.031667,-25.619444,139.00
88,49,-57.031389,-25.619444,139.00
88,50,-57.031111,-25.619444,139.00
88,51,-57.030833,-25.619444,139.00
88,52,-57.030556,-25.619444,136.00
88,53,-57.030278,-25.619444,136.00
88,54,-57.030000,-25.619444,136.00
88,55,-57.029722,-25.619444,138.00
88,56,-57.029444,-25.619444,139.00
88,57,-57.029167,-25.619444,148.00
88,58,-57.028889,-25.619444,151.00
88,59,-57.028611,-25.619444,153.00
88,60,-57.028333,-25.619444,155.00
88,61,-57.028056,-25.619444,155.00
88,62,-57.027778,-25.619444,155.00
88,63,-57.027500,-25.619444,153.00
88,64,-57.027222,-25.619444,152.00
88,65,-57.026944,-25.619444,154.00
88,66,-57.026667,-25.619444,153.00
88,67,-57.026389,-25.619444,152.00
88,68,-57.026111,-25.619444,152.00
88,69,-57.025833,-25.619444,150.00
88,70,-57.025556,-25.619444,149.00
88,71,-57.025278,-25.619444,152.00
88,72,-57.025000,-25.619444,154.00
88,73,-57.024722,-25.619444,157.00
88,74,-57.024444,-25.619444,160.00
88,75,-57.024167,-25.619444,164.00
88,76,-57.023889,-25.619444,170.00
88,77,-57.023611,-25.619444,178.00
88,78,-57.023333,-25.619444,184.00
88,79,-57.023056,-25.619444,188.00
88,80,-57.022778,-25.619444,191.00
88,81,-57.022500,-25.619444,195.00
88,82,-57.022222,-25.619444,198.00
88,83,-57.021944,-25.619444,200.00
88,84,-57.021667,-25.619444,203.00
88,85,-57.021389,-25.619444,212.00
88,86,-57.021111,-25.619444,220.00
88,87,-57.020833,-25.619444,225.00
88,88,-57.020556,-25.619444,231.00
88,89,-57.020278,-25.619444,238.00
88,90,-57.020000,-25.619444,241.00
88,91,-57.019722,-25.619444,233.00
88,92,-57.019444,-25.619444,232.00
88,93,-57.019167,-25.619444,239.00
88,94,-57.018889,-25.619444,252.00
88,95,-57.018611,-25.619444,261.00
88,96,-57.018333,-25.619444,257.00
88,97,-57.018056,-25.619444,251.00
88,98,-57.017778,-25.619444,253.00
88,99,-57.017500,-25.619444,262.00
88,100,-57.017222,-25.619444,280.00
88,101,-57.016944,-25.619444,293.00
88,102,-57.016667,-25.619444,309.00
88,103,-57.016389,-25.619444,319.00
88,104,-57.016111,-25.619444,322.00
88,105,-57.015833,-25.619444,316.00
88,106,-57.015556,-25.619444,311.00
88,107,-57.015278,-25.619444,307.00
89,0,-57.045000,-25.619722,209.00
89,1,-57.044722,-25.619722,208.00
89,2,-57.044444,-25.619722,207.00
89,3,-57.044167,-25.619722,206.00
89,4,-57.043889,-25.619722,203.00
89,5,-57.043611,-25.619722,201.00
89,6,-57.043333,-25.619722,200.00
89,7,-57.043056,-25.619722,201.00
89,8,-57.042778,-25.619722,203.00
89,9,-57.042500,-25.619722,201.00
89,10,-57.042222,-25.619722,201.00
89,11,-57.041944,-25.619722,204.00
89,12,-57.041667,-25.619722,203.00
89,13,-57.041389,-25.619722,203.00
89,14,-57.041111,-25.619722,205.00
89,15,-57.040833,-25.619722,207.00
89,16,-57.040556,-25.619722,209.00
89,17,-57.040278,-25.619722,213.00
89,18,-57.040000,-25.619722,217.00
89,19,-57.039722,-25.619722,221.00
89,20,-57.039444,-25.619722,217.00
89,21,-57.039167,-25.619722,210.00
89,22,-57.038889,-25.619722,209.00
89,23,-57.038611,-25.619722,213.00
89,24,-57.038333,-25.619722,210.00
89,25,-57.038056,-25.619722,209.00
89,26,-57.037778,-25.619722,209.00
89,27,-57.037500,-25.619722,210.00
89,28,-57.037222,-25.619722,217.00
89,29,-57.036944,-25.619722,222.00
89,30,-57.036667,-25.619722,229.00
89,31,-57.036389,-25.619722,234.00
89,32,-57.036111,-25.619722,237.00
89,33,-57.035833,-25.619722,222.00
89,34,-57.035556,-25.619722,215.00
89,35,-57.035278,-25.619722,204.00
89,36,-57.035000,-25.619722,188.00
89,37,-57.034722,-25.619722,181.00
89,38,-57.034444,-25.619722,175.00
89,39,-57.034167,-25.619722,172.00
89,40,-57.033889,-25.619722,161.00
89,41,-57.033611,-25.619722,159.00
89,42,-57.033333,-25.619722,157.00
89,43,-57.033056,-25.619722,158.00
89,44,-57.032778,-25.619722,156.00
89,45,-57.032500,-25.619722,151.00
89,46,-57.032222,-25.619722,143.00
89,47,-57.031944,-25.619722,140.00
89,48,-57.031667,-25.619722,138.00
89,49,-57.031389,-25.619722,138.00
89,50,-57.031111,-25.619722,141.00
89,51,-57.030833,-25.619722,137.00
89,52,-57.030556,-25.619722,136.00
89,53,-57.030278,-25.619722,136.00
89,54,-57.030000,-25.619722,137.00
89,55,-57.029722,-25.619722,137.00
89,56,-57.029444,-25.619722,137.00
89,57,-57.029167,-25.619722,141.00
89,58,-57.028889,-25.619722,143.00
89,59,-57.028611,-25.619722,146.00
89,60,-57.028333,-25.619722,150.00
89,61,-57.028056,-25.619722,151.00
89,62,-57.027778,-25.619722,153.00
89,63,-57.027500,-25.619722,148.00
89,64,-57.027222,-25.619722,147.00
89,65,-57.026944,-25.619722,150.00
89,66,-57.026667,-25.619722,150.00
89,67,-57.026389,-25.619722,154.00
89,68,-57.026111,-25.619722,151.00
89,69,-57.025833,-25.619722,147.00
89,70,-57.025556,-25.619722,149.00
89,71,-57.025278,-25.619722,152.00
89,72,-57.025000,-25.619722,155.00
89,73,-57.024722,-25.619722,158.00
89,74,-57.024444,-25.619722,160.00
89,75,-57.024167,-25.619722,164.00
89,76,-57.023889,-25.619722,175.00
89,77,-57.023611,-25.619722,183.00
89,78,-57.023333,-25.619722,189.00
89,79,-57.023056,-25.619722,195.00
89,80,-57.022778,-25.619722,203.00
89,81,-57.022500,-25.619722,209.00
89,82,-57.022222,-25.619722,211.00
89,83,-57.021944,-25.619722,209.00
89,84,-57.021667,-25.619722,213.00
89,85,-57.021389,-25.619722,221.00
89,86,-57.021111,-25.619722,227.00
89,87,-57.020833,-25.619722,236.00
89,88,-57.020556,-25.619722,243.00
89,89,-57.020278,-25.619722,254.00
89,90,-57.020000,-25.619722,258.00
89,91,-57.019722,-25.619722,248.00
89,92,-57.019444,-25.619722,245.00
89,93,-57.019167,-25.619722,244.00
89,94,-57.018889,-25.619722,250.00
89,95,-57.018611,-25.619722,260.00
89,96,-57.018333,-25.619722,270.00
89,97,-57.018056,-25.619722,268.00
89,98,-57.017778,-25.619722,266.00
89,99,-57.017500,-25.619722,271.00
89,100,-57.017222,-25.619722,284.00
89,101,-57.016944,-25.619722,297.00
89,102,-57.016667,-25.619722,317.00
89,103,-57.016389,-25.619722,329.00
89,104,-57.016111,-25.619722,334.00
89,105,-57.015833,-25.619722,331.00
89,106,-57.015556,-25.619722,322.00
89,107,-57.015278,-25.619722,313.00
90,0,-57.045000,-25.620000,207.00
90,1,-57.044722,-25.620000,205.00
90,2,-57.044444,-25.620000,205.00
90,3,-57.044167,-25.620000,205.00
90,4,-57.043889,-25.620000,203.00
90,5,-57.043611,-25.620000,201.00
90,6,-57.043333,-25.620000,199.00
90,7,-57.043056,-25.620000,199.00
90,8,-57.042778,-25.620000,201.00
90,9,-57.042500,-25.620000,199.00
90,10,-57.042222,-25.620000,199.00
90,11,-57.041944,-25.620000,202.00
90,12,-57.041667,-25.620000,201.00
90,13,-57.041389,-25.620000,200.00
90,14,-57.041111,-25.620000,202.00
90,15,-57.040833,-25.620000,203.00
90,16,-57.040556,-25.620000,202.00
90,17,-57.040278,-25.620000,201.00
90,18,-57.040000,-25.620000,203.00
90,19,-57.039722,-25.620000,206.00
90,20,-57.039444,-25.620000,212.00
90,21,-57.039167,-25.620000,206.00
90,22,-57.038889,-25.620000,204.00
90,23,-57.038611,-25.620000,207.00
90,24,-57.038333,-25.620000,204.00
90,25,-57.038056,-25.620000,203.00
90,26,-57.037778,-25.620000,206.00
90,27,-57.037500,-25.620000,210.00
90,28,-57.037222,-25.620000,213.00
90,29,-57.036944,-25.620000,214.00
90,30,-57.036667,-25.620000,216.00
90,31,-57.036389,-25.620000,220.00
90,32,-57.036111,-25.620000,219.00
90,33,-57.035833,-25.620000,213.00
90,34,-57.035556,-25.620000,207.00
90,35,-57.035278,-25.620000,201.00
90,36,-57.035000,-25.620000,190.00
90,37,-57.034722,-25.620000,182.00
90,38,-57.034444,-25.620000,174.00
90,39,-57.034167,-25.620000,167.00
90,40,-57.033889,-25.620000,162.00
90,41,-57.033611,-25.620000,157.00
90,42,-57.033333,-25.620000,154.00
90,43,-57.033056,-25.620000,153.00
90,44,-57.032778,-25.620000,152.00
90,45,-57.032500,-25.620000,148.00
90,46,-57.032222,-25.620000,142.00
90,47,-57.031944,-25.620000,140.00
90,48,-57.031667,-25.620000,138.00
90,49,-57.031389,-25.620000,139.00
90,50,-57.031111,-25.620000,139.00
90,51,-57.030833,-25.620000,138.00
90,52,-57.030556,-25.620000,139.00
90,53,-57.030278,-25.620000,136.00
90,54,-57.030000,-25.620000,136.00
90,55,-57.029722,-25.620000,136.00
90,56,-57.029444,-25.620000,137.00
90,57,-57.029167,-25.620000,139.00
90,58,-57.028889,-25.620000,140.00
90,59,-57.028611,-25.620000,142.00
90,60,-57.028333,-25.620000,143.00
90,61,-57.028056,-25.620000,145.00
90,62,-57.027778,-25.620000,144.00
90,63,-57.027500,-25.620000,143.00
90,64,-57.027222,-25.620000,143.00
90,65,-57.026944,-25.620000,142.00
90,66,-57.026667,-25.620000,146.00
90,67,-57.026389,-25.620000,152.00
90,68,-57.026111,-25.620000,148.00
90,69,-57.025833,-25.620000,147.00
90,70,-57.025556,-25.620000,150.00
90,71,-57.025278,-25.620000,153.00
90,72,-57.025000,-25.620000,155.00
90,73,-57.024722,-25.620000,158.00
90,74,-57.024444,-25.620000,161.00
90,75,-57.024167,-25.620000,165.00
90,76,-57.023889,-25.620000,172.00
90,77,-57.023611,-25.620000,184.00
90,78,-57.023333,-25.620000,193.00
90,79,-57.023056,-25.620000,205.00
90,80,-57.022778,-25.620000,217.00
90,81,-57.022500,-25.620000,228.00
90,82,-57.022222,-25.620000,231.00
90,83,-57.021944,-25.620000,229.00
90,84,-57.021667,-25.620000,231.00
90,85,-57.021389,-25.620000,230.00
90,86,-57.021111,-25.620000,230.00
90,87,-57.020833,-25.620000,238.00
90,88,-57.020556,-25.620000,247.00
90,89,-57.020278,-25.620000,267.00
90,90,-57.020000,-25.620000,270.00
90,91,-57.019722,-25.620000,267.00
90,92,-57.019444,-25.620000,265.00
90,93,-57.019167,-25.620000,263.00
90,94,-57.018889,-25.620000,261.00
90,95,-57.018611,-25.620000,266.00
90,96,-57.018333,-25.620000,276.00
90,97,-57.018056,-25.620000,282.00
90,98,-57.017778,-25.620000,279.00
90,99,-57.017500,-25.620000,281.00
90,100,-57.017222,-25.620000,296.00
90,101,-57.016944,-25.620000,310.00
90,102,-57.016667,-25.620000,326.00
90,103,-57.016389,-25.620000,339.00
90,104,-57.016111,-25.620000,347.00
90,105,-57.015833,-25.620000,344.00
90,106,-57.015556,-25.620000,336.00
90,107,-57.015278,-25.620000,326.00
91,0,-57.045000,-25.620278,205.00
91,1,-57.044722,-25.620278,204.00
91,2,-57.044444,-25.620278,203.00
91,3,-57.044167,-25.620278,202.00
91,4,-57.043889,-25.620278,202.00
91,5,-57.043611,-25.620278,200.00
91,6,-57.043333,-25.620278,199.00
91,7,-57.043056,-25.620278,200.00
91,8,-57.042778,-25.620278,200.00
91,9,-57.042500,-25.620278,199.00
91,10,-57.042222,-25.620278,199.00
91,11,-57.041944,-25.620278,201.00
91,12,-57.041667,-25.620278,198.00
91,13,-57.041389,-25.620278,199.00
91,14,-57.041111,-25.620278,198.00
91,15,-57.040833,-25.620278,198.00
91,16,-57.040556,-25.620278,200.00
91,17,-57.040278,-25.620278,200.00
91,18,-57.040000,-25.620278,197.00
91,19,-57.039722,-25.620278,197.00
91,20,-57.039444,-25.620278,200.00
91,21,-57.039167,-25.620278,203.00
91,22,-57.038889,-25.620278,201.00
91,23,-57.038611,-25.620278,198.00
91,24,-57.038333,-25.620278,195.00
91,25,-57.038056,-25.620278,200.00
91,26,-57.037778,-25.620278,201.00
91,27,-57.037500,-25.620278,202.00
91,28,-57.037222,-25.620278,201.00
91,29,-57.036944,-25.620278,202.00
91,30,-57.036667,-25.620278,204.00
91,31,-57.036389,-25.620278,203.00
91,32,-57.036111,-25.620278,203.00
91,33,-57.035833,-25.620278,203.00
91,34,-57.035556,-25.620278,197.00
91,35,-57.035278,-25.620278,194.00
91,36,-57.035000,-25.620278,190.00
91,37,-57.034722,-25.620278,181.00
91,38,-57.034444,-25.620278,173.00
91,39,-57.034167,-25.620278,168.00
91,40,-57.033889,-25.620278,161.00
91,41,-57.033611,-25.620278,156.00
91,42,-57.033333,-25.620278,153.00
91,43,-57.033056,-25.620278,151.00
91,44,-57.032778,-25.620278,149.00
91,45,-57.032500,-25.620278,145.00
91,46,-57.032222,-25.620278,141.00
91,47,-57.031944,-25.620278,139.00
91,48,-57.031667,-25.620278,138.00
91,49,-57.031389,-25.620278,137.00
91,50,-57.031111,-25.620278,139.00
91,51,-57.030833,-25.620278,138.00
91,52,-57.030556,-25.620278,138.00
91,53,-57.030278,-25.620278,137.00
91,54,-57.030000,-25.620278,136.00
91,55,-57.029722,-25.620278,137.00
91,56,-57.029444,-25.620278,138.00
91,57,-57.029167,-25.620278,138.00
91,58,-57.028889,-25.620278,138.00
91,59,-57.028611,-25.620278,139.00
91,60,-57.028333,-25.620278,140.00
91,61,-57.028056,-25.620278,140.00
91,62,-57.027778,-25.620278,140.00
91,63,-57.027500,-25.620278,141.00
91,64,-57.027222,-25.620278,141.00
91,65,-57.026944,-25.620278,141.00
91,66,-57.026667,-25.620278,145.00
91,67,-57.026389,-25.620278,148.00
91,68,-57.026111,-25.620278,146.00
91,69,-57.025833,-25.620278,148.00
91,70,-57.025556,-25.620278,150.00
91,71,-57.025278,-25.620278,153.00
91,72,-57.025000,-25.620278,156.00
91,73,-57.024722,-25.620278,159.00
91,74,-57.024444,-25.620278,162.00
91,75,-57.024167,-25.620278,165.00
91,76,-57.023889,-25.620278,173.00
91,77,-57.023611,-25.620278,184.00
91,78,-57.023333,-25.620278,196.00
91,79,-57.023056,-25.620278,211.00
91,80,-57.022778,-25.620278,226.00
91,81,-57.022500,-25.620278,236.00
91,82,-57.022222,-25.620278,240.00
91,83,-57.021944,-25.620278,240.00
91,84,-57.021667,-25.620278,243.00
91,85,-57.021389,-25.620278,237.00
91,86,-57.021111,-25.620278,235.00
91,87,-57.020833,-25.620278,237.00
91,88,-57.020556,-25.620278,246.00
91,89,-57.020278,-25.620278,265.00
91,90,-57.020000,-25.620278,277.00
91,91,-57.019722,-25.620278,285.00
91,92,-57.019444,-25.620278,285.00
91,93,-57.019167,-25.620278,282.00
91,94,-57.018889,-25.620278,282.00
91,95,-57.018611,-25.620278,283.00
91,96,-57.018333,-25.620278,284.00
91,97,-57.018056,-25.620278,292.00
91,98,-57.017778,-25.620278,295.00
91,99,-57.017500,-25.620278,299.00
91,100,-57.017222,-25.620278,310.00
91,101,-57.016944,-25.620278,322.00
91,102,-57.016667,-25.620278,335.00
91,103,-57.016389,-25.620278,352.00
91,104,-57.016111,-25.620278,360.00
91,105,-57.015833,-25.620278,360.00
91,106,-57.015556,-25.620278,353.00
91,107,-57.015278,-25.620278,343.00
92,0,-57.045000,-25.620556,204.00
92,1,-57.044722,-25.620556,203.00
92,2,-57.044444,-25.620556,201.00
92,3,-57.044167,-25.620556,201.00
92,4,-57.043889,-25.620556,201.00
92,5,-57.043611,-25.620556,199.00
92,6,-57.043333,-25.620556,198.00
92,7,-57.043056,-25.620556,202.00
92,8,-57.042778,-25.620556,200.00
92,9,-57.042500,-25.620556,199.00
92,10,-57.042222,-25.620556,198.00
92,11,-57.041944,-25.620556,200.00
92,12,-57.041667,-25.620556,196.00
92,13,-57.041389,-25.620556,197.00
92,14,-57.041111,-25.620556,197.00
92,15,-57.040833,-25.620556,196.00
92,16,-57.040556,-25.620556,198.00
92,17,-57.040278,-25.620556,198.00
92,18,-57.040000,-25.620556,195.00
92,19,-57.039722,-25.620556,195.00
92,20,-57.039444,-25.620556,194.00
92,21,-57.039167,-25.620556,195.00
92,22,-57.038889,-25.620556,197.00
92,23,-57.038611,-25.620556,199.00
92,24,-57.038333,-25.620556,197.00
92,25,-57.038056,-25.620556,195.00
92,26,-57.037778,-25.620556,192.00
92,27,-57.037500,-25.620556,191.00
92,28,-57.037222,-25.620556,192.00
92,29,-57.036944,-25.620556,191.00
92,30,-57.036667,-25.620556,195.00
92,31,-57.036389,-25.620556,194.00
92,32,-57.036111,-25.620556,193.00
92,33,-57.035833,-25.620556,191.00
92,34,-57.035556,-25.620556,191.00
92,35,-57.035278,-25.620556,188.00
92,36,-57.035000,-25.620556,187.00
92,37,-57.034722,-25.620556,181.00
92,38,-57.034444,-25.620556,174.00
92,39,-57.034167,-25.620556,169.00
92,40,-57.033889,-25.620556,164.00
92,41,-57.033611,-25.620556,161.00
92,42,-57.033333,-25.620556,154.00
92,43,-57.033056,-25.620556,149.00
92,44,-57.032778,-25.620556,147.00
92,45,-57.032500,-25.620556,144.00
92,46,-57.032222,-25.620556,142.00
92,47,-57.031944,-25.620556,139.00
92,48,-57.031667,-25.620556,137.00
92,49,-57.031389,-25.620556,136.00
92,50,-57.031111,-25.620556,137.00
92,51,-57.030833,-25.620556,138.00
92,52,-57.030556,-25.620556,140.00
92,53,-57.030278,-25.620556,138.00
92,54,-57.030000,-25.620556,136.00
92,55,-57.029722,-25.620556,136.00
92,56,-57.029444,-25.620556,137.00
92,57,-57.029167,-25.620556,137.00
92,58,-57.028889,-25.620556,137.00
92,59,-57.028611,-25.620556,138.00
92,60,-57.028333,-25.620556,139.00
92,61,-57.028056,-25.620556,139.00
92,62,-57.027778,-25.620556,139.00
92,63,-57.027500,-25.620556,142.00
92,64,-57.027222,-25.620556,141.00
92,65,-57.026944,-25.620556,141.00
92,66,-57.026667,-25.620556,144.00
92,67,-57.026389,-25.620556,146.00
92,68,-57.026111,-25.620556,148.00
92,69,-57.025833,-25.620556,148.00
92,70,-57.025556,-25.620556,150.00
92,71,-57.025278,-25.620556,153.00
92,72,-57.025000,-25.620556,154.00
92,73,-57.024722,-25.620556,159.00
92,74,-57.024444,-25.620556,160.00
92,75,-57.024167,-25.620556,164.00
92,76,-57.023889,-25.620556,171.00
92,77,-57.023611,-25.620556,181.00
92,78,-57.023333,-25.620556,194.00
92,79,-57.023056,-25.620556,208.00
92,80,-57.022778,-25.620556,222.00
92,81,-57.022500,-25.620556,235.00
92,82,-57.022222,-25.620556,242.00
92,83,-57.021944,-25.620556,243.00
92,84,-57.021667,-25.620556,245.00
92,85,-57.021389,-25.620556,242.00
92,86,-57.021111,-25.620556,241.00
92,87,-57.020833,-25.620556,240.00
92,88,-57.020556,-25.620556,247.00
92,89,-57.020278,-25.620556,260.00
92,90,-57.020000,-25.620556,278.00
92,91,-57.019722,-25.620556,291.00
92,92,-57.019444,-25.620556,296.00
92,93,-57.019167,-25.620556,296.00
92,94,-57.018889,-25.620556,297.00
92,95,-57.018611,-25.620556,297.00
92,96,-57.018333,-25.620556,295.00
92,97,-57.018056,-25.620556,305.00
92,98,-57.017778,-25.620556,311.00
92,99,-57.017500,-25.620556,317.00
92,100,-57.017222,-25.620556,325.00
92,101,-57.016944,-25.620556,333.00
92,102,-57.016667,-25.620556,343.00
92,103,-57.016389,-25.620556,360.00
92,104,-57.016111,-25.620556,369.00
92,105,-57.015833,-25.620556,372.00
92,106,-57.015556,-25.620556,363.00
92,107,-57.015278,-25.620556,353.00
93,0,-57.045000,-25.620833,203.00
93,1,-57.044722,-25.620833,201.00
93,2,-57.044444,-25.620833,200.00
93,3,-57.044167,-25.620833,200.00
93,4,-57.043889,-25.620833,198.00
93,5,-57.043611,-25.620833,198.00
93,6,-57.043333,-25.620833,198.00
93,7,-57.043056,-25.620833,200.00
93,8,-57.042778,-25.620833,198.00
93,9,-57.042500,-25.620833,197.00
93,10,-57.042222,-25.620833,199.00
93,11,-57.041944,-25.620833,200.00
93,12,-57.041667,-25.620833,194.00
93,13,-57.041389,-25.620833,197.00
93,14,-57.041111,-25.620833,196.00
93,15,-57.040833,-25.620833,196.00
93,16,-57.040556,-25.620833,198.00
93,17,-57.040278,-25.620833,195.00
93,18,-57.040000,-25.620833,193.00
93,19,-57.039722,-25.620833,192.00
93,20,-57.039444,-25.620833,192.00
93,21,-57.039167,-25.620833,192.00
93,22,-57.038889,-25.620833,190.00
93,23,-57.038611,-25.620833,194.00
93,24,-57.038333,-25.620833,200.00
93,25,-57.038056,-25.620833,195.00
93,26,-57.037778,-25.620833,194.00
93,27,-57.037500,-25.620833,185.00
93,28,-57.037222,-25.620833,187.00
93,29,-57.036944,-25.620833,186.00
93,30,-57.036667,-25.620833,187.00
93,31,-57.036389,-25.620833,185.00
93,32,-57.036111,-25.620833,183.00
93,33,-57.035833,-25.620833,178.00
93,34,-57.035556,-25.620833,183.00
93,35,-57.035278,-25.620833,183.00
93,36,-57.035000,-25.620833,181.00
93,37,-57.034722,-25.620833,175.00
93,38,-57.034444,-25.620833,170.00
93,39,-57.034167,-25.620833,167.00
93,40,-57.033889,-25.620833,164.00
93,41,-57.033611,-25.620833,160.00
93,42,-57.033333,-25.620833,155.00
93,43,-57.033056,-25.620833,148.00
93,44,-57.032778,-25.620833,146.00
93,45,-57.032500,-25.620833,144.00
93,46,-57.032222,-25.620833,140.00
93,47,-57.031944,-25.620833,137.00
93,48,-57.031667,-25.620833,136.00
93,49,-57.031389,-25.620833,137.00
93,50,-57.031111,-25.620833,136.00
93,51,-57.030833,-25.620833,139.00
93,52,-57.030556,-25.620833,141.00
93,53,-57.030278,-25.620833,136.00
93,54,-57.030000,-25.620833,135.00
93,55,-57.029722,-25.620833,137.00
93,56,-57.029444,-25.620833,136.00
93,57,-57.029167,-25.620833,136.00
93,58,-57.028889,-25.620833,137.00
93,59,-57.028611,-25.620833,138.00
93,60,-57.028333,-25.620833,138.00
93,61,-57.028056,-25.620833,139.00
93,62,-57.027778,-25.620833,140.00
93,63,-57.027500,-25.620833,140.00
93,64,-57.027222,-25.620833,141.00
93,65,-57.026944,-25.620833,141.00
93,66,-57.026667,-25.620833,142.00
93,67,-57.026389,-25.620833,145.00
93,68,-57.026111,-25.620833,146.00
93,69,-57.025833,-25.620833,148.00
93,70,-57.025556,-25.620833,149.00
93,71,-57.025278,-25.620833,153.00
93,72,-57.025000,-25.620833,155.00
93,73,-57.024722,-25.620833,157.00
93,74,-57.024444,-25.620833,160.00
93,75,-57.024167,-25.620833,164.00
93,76,-57.023889,-25.620833,166.00
93,77,-57.023611,-25.620833,171.00
93,78,-57.023333,-25.620833,183.00
93,79,-57.023056,-25.620833,196.00
93,80,-57.022778,-25.620833,206.00
93,81,-57.022500,-25.620833,216.00
93,82,-57.022222,-25.620833,226.00
93,83,-57.021944,-25.620833,236.00
93,84,-57.021667,-25.620833,240.00
93,85,-57.021389,-25.620833,247.00
93,86,-57.021111,-25.620833,249.00
93,87,-57.020833,-25.620833,247.00
93,88,-57.020556,-25.620833,249.00
93,89,-57.020278,-25.620833,254.00
93,90,-57.020000,-25.620833,271.00
93,91,-57.019722,-25.620833,289.00
93,92,-57.019444,-25.620833,302.00
93,93,-57.019167,-25.620833,307.00
93,94,-57.018889,-25.620833,309.00
93,95,-57.018611,-25.620833,306.00
93,96,-57.018333,-25.620833,308.00
93,97,-57.018056,-25.620833,318.00
93,98,-57.017778,-25.620833,324.00
93,99,-57.017500,-25.620833,333.00
93,100,-57.017222,-25.620833,338.00
93,101,-57.016944,-25.620833,343.00
93,102,-57.016667,-25.620833,353.00
93,103,-57.016389,-25.620833,363.00
93,104,-57.016111,-25.620833,375.00
93,105,-57.015833,-25.620833,380.00
93,106,-57.015556,-25.620833,371.00
93,107,-57.015278,-25.620833,359.00
94,0,-57.045000,-25.621111,201.00
94,1,-57.044722,-25.621111,200.00
94,2,-57.044444,-25.621111,199.00
94,3,-57.044167,-25.621111,198.00
94,4,-57.043889,-25.621111,198.00
94,5,-57.043611,-25.621111,196.00
94,6,-57.043333,-25.621111,194.00
94,7,-57.043056,-25.621111,194.00
94,8,-57.042778,-25.621111,195.00
94,9,-57.042500,-25.621111,195.00
94,10,-57.042222,-25.621111,194.00
94,11,-57.041944,-25.621111,195.00
94,12,-57.041667,-25.621111,197.00
94,13,-57.041389,-25.621111,194.00
94,14,-57.041111,-25.621111,193.00
94,15,-57.040833,-25.621111,193.00
94,16,-57.040556,-25.621111,194.00
94,17,-57.040278,-25.621111,193.00
94,18,-57.040000,-25.621111,193.00
94,19,-57.039722,-25.621111,192.00
94,20,-57.039444,-25.621111,193.00
94,21,-57.039167,-25.621111,191.00
94,22,-57.038889,-25.621111,185.00
94,23,-57.038611,-25.621111,190.00
94,24,-57.038333,-25.621111,194.00
94,25,-57.038056,-25.621111,196.00
94,26,-57.037778,-25.621111,202.00
94,27,-57.037500,-25.621111,193.00
94,28,-57.037222,-25.621111,182.00
94,29,-57.036944,-25.621111,181.00
94,30,-57.036667,-25.621111,180.00
94,31,-57.036389,-25.621111,181.00
94,32,-57.036111,-25.621111,177.00
94,33,-57.035833,-25.621111,176.00
94,34,-57.035556,-25.621111,177.00
94,35,-57.035278,-25.621111,178.00
94,36,-57.035000,-25.621111,171.00
94,37,-57.034722,-25.621111,163.00
94,38,-57.034444,-25.621111,162.00
94,39,-57.034167,-25.621111,162.00
94,40,-57.033889,-25.621111,160.00
94,41,-57.033611,-25.621111,158.00
94,42,-57.033333,-25.621111,152.00
94,43,-57.033056,-25.621111,146.00
94,44,-57.032778,-25.621111,144.00
94,45,-57.032500,-25.621111,144.00
94,46,-57.032222,-25.621111,139.00
94,47,-57.031944,-25.621111,137.00
94,48,-57.031667,-25.621111,137.00
94,49,-57.031389,-25.621111,139.00
94,50,-57.031111,-25.621111,136.00
94,51,-57.030833,-25.621111,137.00
94,52,-57.030556,-25.621111,138.00
94,53,-57.030278,-25.621111,138.00
94,54,-57.030000,-25.621111,137.00
94,55,-57.029722,-25.621111,137.00
94,56,-57.029444,-25.621111,136.00
94,57,-57.029167,-25.621111,136.00
94,58,-57.028889,-25.621111,138.00
94,59,-57.028611,-25.621111,139.00
94,60,-57.028333,-25.621111,138.00
94,61,-57.028056,-25.621111,141.00
94,62,-57.027778,-25.621111,141.00
94,63,-57.027500,-25.621111,140.00
94,64,-57.027222,-25.621111,142.00
94,65,-57.026944,-25.621111,144.00
94,66,-57.026667,-25.621111,147.00
94,67,-57.026389,-25.621111,145.00
94,68,-57.026111,-25.621111,145.00
94,69,-57.025833,-25.621111,147.00
94,70,-57.025556,-25.621111,152.00
94,71,-57.025278,-25.621111,157.00
94,72,-57.025000,-25.621111,153.00
94,73,-57.024722,-25.621111,155.00
94,74,-57.024444,-25.621111,159.00
94,75,-57.024167,-25.621111,161.00
94,76,-57.023889,-25.621111,163.00
94,77,-57.023611,-25.621111,167.00
94,78,-57.023333,-25.621111,172.00
94,79,-57.023056,-25.621111,184.00
94,80,-57.022778,-25.621111,195.00
94,81,-57.022500,-25.621111,201.00
94,82,-57.022222,-25.621111,206.00
94,83,-57.021944,-25.621111,219.00
94,84,-57.021667,-25.621111,233.00
94,85,-57.021389,-25.621111,246.00
94,86,-57.021111,-25.621111,254.00
94,87,-57.020833,-25.621111,256.00
94,88,-57.020556,-25.621111,256.00
94,89,-57.020278,-25.621111,263.00
94,90,-57.020000,-25.621111,271.00
94,91,-57.019722,-25.621111,283.00
94,92,-57.019444,-25.621111,299.00
94,93,-57.019167,-25.621111,311.00
94,94,-57.018889,-25.621111,316.00
94,95,-57.018611,-25.621111,315.00
94,96,-57.018333,-25.621111,320.00
94,97,-57.018056,-25.621111,325.00
94,98,-57.017778,-25.621111,333.00
94,99,-57.017500,-25.621111,343.00
94,100,-57.017222,-25.621111,348.00
94,101,-57.016944,-25.621111,349.00
94,102,-57.016667,-25.621111,353.00
94,103,-57.016389,-25.621111,362.00
94,104,-57.016111,-25.621111,373.00
94,105,-57.015833,-25.621111,378.00
94,106,-57.015556,-25.621111,369.00
94,107,-57.015278,-25.621111,359.00
95,0,-57.045000,-25.621389,199.00
95,1,-57.044722,-25.621389,199.00
95,2,-57.044444,-25.621389,197.00
95,3,-57.044167,-25.621389,197.00
95,4,-57.043889,-25.621389,196.00
95,5,-57.043611,-25.621389,195.00
95,6,-57.043333,-25.621389,194.00
95,7,-57.043056,-25.621389,194.00
95,8,-57.042778,-25.621389,194.00
95,9,-57.042500,-25.621389,194.00
95,10,-57.042222,-25.621389,193.00
95,11,-57.041944,-25.621389,194.00
95,12,-57.041667,-25.621389,195.00
95,13,-57.041389,-25.621389,196.00
95,14,-57.041111,-25.621389,196.00
95,15,-57.040833,-25.621389,192.00
95,16,-57.040556,-25.621389,192.00
95,17,-57.040278,-25.621389,191.00
95,18,-57.040000,-25.621389,193.00
95,19,-57.039722,-25.621389,194.00
95,20,-57.039444,-25.621389,193.00
95,21,-57.039167,-25.621389,191.00
95,22,-57.038889,-25.621389,185.00
95,23,-57.038611,-25.621389,186.00
95,24,-57.038333,-25.621389,188.00
95,25,-57.038056,-25.621389,188.00
95,26,-57.037778,-25.621389,194.00
95,27,-57.037500,-25.621389,189.00
95,28,-57.037222,-25.621389,178.00
95,29,-57.036944,-25.621389,174.00
95,30,-57.036667,-25.621389,177.00
95,31,-57.036389,-25.621389,175.00
95,32,-57.036111,-25.621389,171.00
95,33,-57.035833,-25.621389,172.00
95,34,-57.035556,-25.621389,172.00
95,35,-57.035278,-25.621389,168.00
95,36,-57.035000,-25.621389,161.00
95,37,-57.034722,-25.621389,158.00
95,38,-57.034444,-25.621389,156.00
95,39,-57.034167,-25.621389,154.00
95,40,-57.033889,-25.621389,153.00
95,41,-57.033611,-25.621389,156.00
95,42,-57.033333,-25.621389,148.00
95,43,-57.033056,-25.621389,144.00
95,44,-57.032778,-25.621389,142.00
95,45,-57.032500,-25.621389,141.00
95,46,-57.032222,-25.621389,137.00
95,47,-57.031944,-25.621389,137.00
95,48,-57.031667,-25.621389,141.00
95,49,-57.031389,-25.621389,138.00
95,50,-57.031111,-25.621389,136.00
95,51,-57.030833,-25.621389,137.00
95,52,-57.030556,-25.621389,138.00
95,53,-57.030278,-25.621389,140.00
95,54,-57.030000,-25.621389,139.00
95,55,-57.029722,-25.621389,138.00
95,56,-57.029444,-25.621389,140.00
95,57,-57.029167,-25.621389,138.00
95,58,-57.028889,-25.621389,138.00
95,59,-57.028611,-25.621389,137.00
95,60,-57.028333,-25.621389,139.00
95,61,-57.028056,-25.621389,142.00
95,62,-57.027778,-25.621389,141.00
95,63,-57.027500,-25.621389,139.00
95,64,-57.027222,-25.621389,141.00
95,65,-57.026944,-25.621389,142.00
95,66,-57.026667,-25.621389,143.00
95,67,-57.026389,-25.621389,144.00
95,68,-57.026111,-25.621389,146.00
95,69,-57.025833,-25.621389,149.00
95,70,-57.025556,-25.621389,155.00
95,71,-57.025278,-25.621389,157.00
95,72,-57.025000,-25.621389,153.00
95,73,-57.024722,-25.621389,156.00
95,74,-57.024444,-25.621389,158.00
95,75,-57.024167,-25.621389,161.00
95,76,-57.023889,-25.621389,163.00
95,77,-57.023611,-25.621389,166.00
95,78,-57.023333,-25.621389,169.00
95,79,-57.023056,-25.621389,174.00
95,80,-57.022778,-25.621389,185.00
95,81,-57.022500,-25.621389,191.00
95,82,-57.022222,-25.621389,198.00
95,83,-57.021944,-25.621389,204.00
95,84,-57.021667,-25.621389,222.00
95,85,-57.021389,-25.621389,241.00
95,86,-57.021111,-25.621389,254.00
95,87,-57.020833,-25.621389,257.00
95,88,-57.020556,-25.621389,258.00
95,89,-57.020278,-25.621389,263.00
95,90,-57.020000,-25.621389,275.00
95,91,-57.019722,-25.621389,282.00
95,92,-57.019444,-25.621389,292.00
95,93,-57.019167,-25.621389,304.00
95,94,-57.018889,-25.621389,312.00
95,95,-57.018611,-25.621389,316.00
95,96,-57.018333,-25.621389,324.00
95,97,-57.018056,-25.621389,330.00
95,98,-57.017778,-25.621389,336.00
95,99,-57.017500,-25.621389,344.00
95,100,-57.017222,-25.621389,351.00
95,101,-57.016944,-25.621389,352.00
95,102,-57.016667,-25.621389,351.00
95,103,-57.016389,-25.621389,353.00
95,104,-57.016111,-25.621389,363.00
95,105,-57.015833,-25.621389,369.00
95,106,-57.015556,-25.621389,366.00
95,107,-57.015278,-25.621389,354.00
96,0,-57.045000,-25.621667,201.00
96,1,-57.044722,-25.621667,199.00
96,2,-57.044444,-25.621667,197.00
96,3,-57.044167,-25.621667,195.00
96,4,-57.043889,-25.621667,196.00
96,5,-57.043611,-25.621667,196.00
96,6,-57.043333,-25.621667,197.00
96,7,-57.043056,-25.621667,196.00
96,8,-57.042778,-25.621667,195.00
96,9,-57.042500,-25.621667,193.00
96,10,-57.042222,-25.621667,191.00
96,11,-57.041944,-25.621667,196.00
96,12,-57.041667,-25.621667,193.00
96,13,-57.041389,-25.621667,193.00
96,14,-57.041111,-25.621667,195.00
96,15,-57.040833,-25.621667,192.00
96,16,-57.040556,-25.621667,187.00
96,17,-57.040278,-25.621667,188.00
96,18,-57.040000,-25.621667,192.00
96,19,-57.039722,-25.621667,190.00
96,20,-57.039444,-25.621667,186.00
96,21,-57.039167,-25.621667,185.00
96,22,-57.038889,-25.621667,185.00
96,23,-57.038611,-25.621667,184.00
96,24,-57.038333,-25.621667,183.00
96,25,-57.038056,-25.621667,178.00
96,26,-57.037778,-25.621667,178.00
96,27,-57.037500,-25.621667,177.00
96,28,-57.037222,-25.621667,177.00
96,29,-57.036944,-25.621667,179.00
96,30,-57.036667,-25.621667,176.00
96,31,-57.036389,-25.621667,172.00
96,32,-57.036111,-25.621667,164.00
96,33,-57.035833,-25.621667,162.00
96,34,-57.035556,-25.621667,160.00
96,35,-57.035278,-25.621667,160.00
96,36,-57.035000,-25.621667,154.00
96,37,-57.034722,-25.621667,157.00
96,38,-57.034444,-25.621667,153.00
96,39,-57.034167,-25.621667,150.00
96,40,-57.033889,-25.621667,148.00
96,41,-57.033611,-25.621667,146.00
96,42,-57.033333,-25.621667,145.00
96,43,-57.033056,-25.621667,143.00
96,44,-57.032778,-25.621667,142.00
96,45,-57.032500,-25.621667,140.00
96,46,-57.032222,-25.621667,139.00
96,47,-57.031944,-25.621667,137.00
96,48,-57.031667,-25.621667,138.00
96,49,-57.031389,-25.621667,138.00
96,50,-57.031111,-25.621667,136.00
96,51,-57.030833,-25.621667,136.00
96,52,-57.030556,-25.621667,137.00
96,53,-57.030278,-25.621667,138.00
96,54,-57.030000,-25.621667,139.00
96,55,-57.029722,-25.621667,141.00
96,56,-57.029444,-25.621667,140.00
96,57,-57.029167,-25.621667,137.00
96,58,-57.028889,-25.621667,137.00
96,59,-57.028611,-25.621667,137.00
96,60,-57.028333,-25.621667,141.00
96,61,-57.028056,-25.621667,140.00
96,62,-57.027778,-25.621667,140.00
96,63,-57.027500,-25.621667,139.00
96,64,-57.027222,-25.621667,139.00
96,65,-57.026944,-25.621667,140.00
96,66,-57.026667,-25.621667,141.00
96,67,-57.026389,-25.621667,143.00
96,68,-57.026111,-25.621667,147.00
96,69,-57.025833,-25.621667,153.00
96,70,-57.025556,-25.621667,160.00
96,71,-57.025278,-25.621667,162.00
96,72,-57.025000,-25.621667,157.00
96,73,-57.024722,-25.621667,156.00
96,74,-57.024444,-25.621667,157.00
96,75,-57.024167,-25.621667,160.00
96,76,-57.023889,-25.621667,162.00
96,77,-57.023611,-25.621667,165.00
96,78,-57.023333,-25.621667,167.00
96,79,-57.023056,-25.621667,169.00
96,80,-57.022778,-25.621667,174.00
96,81,-57.022500,-25.621667,179.00
96,82,-57.022222,-25.621667,185.00
96,83,-57.021944,-25.621667,190.00
96,84,-57.021667,-25.621667,205.00
96,85,-57.021389,-25.621667,225.00
96,86,-57.021111,-25.621667,241.00
96,87,-57.020833,-25.621667,250.00
96,88,-57.020556,-25.621667,254.00
96,89,-57.020278,-25.621667,256.00
96,90,-57.020000,-25.621667,266.00
96,91,-57.019722,-25.621667,276.00
96,92,-57.019444,-25.621667,284.00
96,93,-57.019167,-25.621667,294.00
96,94,-57.018889,-25.621667,303.00
96,95,-57.018611,-25.621667,312.00
96,96,-57.018333,-25.621667,320.00
96,97,-57.018056,-25.621667,326.00
96,98,-57.017778,-25.621667,334.00
96,99,-57.017500,-25.621667,341.00
96,100,-57.017222,-25.621667,350.00
96,101,-57.016944,-25.621667,357.00
96,102,-57.016667,-25.621667,351.00
96,103,-57.016389,-25.621667,345.00
96,104,-57.016111,-25.621667,351.00
96,105,-57.015833,-25.621667,359.00
96,106,-57.015556,-25.621667,353.00
96,107,-57.015278,-25.621667,345.00
97,0,-57.045000,-25.621944,202.00
97,1,-57.044722,-25.621944,201.00
97,2,-57.044444,-25.621944,200.00
97,3,-57.044167,-25.621944,199.00
97,4,-57.043889,-25.621944,198.00
97,5,-57.043611,-25.621944,197.00
97,6,-57.043333,-25.621944,201.00
97,7,-57.043056,-25.621944,201.00
97,8,-57.042778,-25.621944,199.00
97,9,-57.042500,-25.621944,192.00
97,10,-57.042222,-25.621944,190.00
97,11,-57.041944,-25.621944,195.00
97,12,-57.041667,-25.621944,190.00
97,13,-57.041389,-25.621944,188.00
97,14,-57.041111,-25.621944,193.00
97,15,-57.040833,-25.621944,188.00
97,16,-57.040556,-25.621944,184.00
97,17,-57.040278,-25.621944,187.00
97,18,-57.040000,-25.621944,190.00
97,19,-57.039722,-25.621944,184.00
97,20,-57.039444,-25.621944,180.00
97,21,-57.039167,-25.621944,180.00
97,22,-57.038889,-25.621944,182.00
97,23,-57.038611,-25.621944,180.00
97,24,-57.038333,-25.621944,177.00
97,25,-57.038056,-25.621944,178.00
97,26,-57.037778,-25.621944,175.00
97,27,-57.037500,-25.621944,170.00
97,28,-57.037222,-25.621944,168.00
97,29,-57.036944,-25.621944,169.00
97,30,-57.036667,-25.621944,174.00
97,31,-57.036389,-25.621944,170.00
97,32,-57.036111,-25.621944,159.00
97,33,-57.035833,-25.621944,154.00
97,34,-57.035556,-25.621944,153.00
97,35,-57.035278,-25.621944,152.00
97,36,-57.035000,-25.621944,151.00
97,37,-57.034722,-25.621944,153.00
97,38,-57.034444,-25.621944,150.00
97,39,-57.034167,-25.621944,147.00
97,40,-57.033889,-25.621944,146.00
97,41,-57.033611,-25.621944,144.00
97,42,-57.033333,-25.621944,142.00
97,43,-57.033056,-25.621944,141.00
97,44,-57.032778,-25.621944,139.00
97,45,-57.032500,-25.621944,139.00
97,46,-57.032222,-25.621944,139.00
97,47,-57.031944,-25.621944,139.00
97,48,-57.031667,-25.621944,143.00
97,49,-57.031389,-25.621944,142.00
97,50,-57.031111,-25.621944,136.00
97,51,-57.030833,-25.621944,136.00
97,52,-57.030556,-25.621944,135.00
97,53,-57.030278,-25.621944,136.00
97,54,-57.030000,-25.621944,138.00
97,55,-57.029722,-25.621944,139.00
97,56,-57.029444,-25.621944,136.00
97,57,-57.029167,-25.621944,136.00
97,58,-57.028889,-25.621944,137.00
97,59,-57.028611,-25.621944,137.00
97,60,-57.028333,-25.621944,138.00
97,61,-57.028056,-25.621944,139.00
97,62,-57.027778,-25.621944,140.00
97,63,-57.027500,-25.621944,139.00
97,64,-57.027222,-25.621944,141.00
97,65,-57.026944,-25.621944,140.00
97,66,-57.026667,-25.621944,140.00
97,67,-57.026389,-25.621944,142.00
97,68,-57.026111,-25.621944,146.00
97,69,-57.025833,-25.621944,150.00
97,70,-57.025556,-25.621944,159.00
97,71,-57.025278,-25.621944,160.00
97,72,-57.025000,-25.621944,159.00
97,73,-57.024722,-25.621944,157.00
97,74,-57.024444,-25.621944,158.00
97,75,-57.024167,-25.621944,158.00
97,76,-57.023889,-25.621944,158.00
97,77,-57.023611,-25.621944,162.00
97,78,-57.023333,-25.621944,168.00
97,79,-57.023056,-25.621944,170.00
97,80,-57.022778,-25.621944,171.00
97,81,-57.022500,-25.621944,173.00
97,82,-57.022222,-25.621944,176.00
97,83,-57.021944,-25.621944,179.00
97,84,-57.021667,-25.621944,190.00
97,85,-57.021389,-25.621944,205.00
97,86,-57.021111,-25.621944,219.00
97,87,-57.020833,-25.621944,235.00
97,88,-57.020556,-25.621944,245.00
97,89,-57.020278,-25.621944,246.00
97,90,-57.020000,-25.621944,257.00
97,91,-57.019722,-25.621944,267.00
97,92,-57.019444,-25.621944,278.00
97,93,-57.019167,-25.621944,292.00
97,94,-57.018889,-25.621944,301.00
97,95,-57.018611,-25.621944,308.00
97,96,-57.018333,-25.621944,318.00
97,97,-57.018056,-25.621944,326.00
97,98,-57.017778,-25.621944,333.00
97,99,-57.017500,-25.621944,338.00
97,100,-57.017222,-25.621944,345.00
97,101,-57.016944,-25.621944,352.00
97,102,-57.016667,-25.621944,346.00
97,103,-57.016389,-25.621944,340.00
97,104,-57.016111,-25.621944,341.00
97,105,-57.015833,-25.621944,342.00
97,106,-57.015556,-25.621944,340.00
97,107,-57.015278,-25.621944,332.00
98,0,-57.045000,-25.622222,198.00
98,1,-57.044722,-25.622222,197.00
98,2,-57.044444,-25.622222,198.00
98,3,-57.044167,-25.622222,197.00
98,4,-57.043889,-25.622222,197.00
98,5,-57.043611,-25.622222,197.00
98,6,-57.043333,-25.622222,199.00
98,7,-57.043056,-25.622222,200.00
98,8,-57.042778,-25.622222,198.00
98,9,-57.042500,-25.622222,191.00
98,10,-57.042222,-25.622222,189.00
98,11,-57.041944,-25.622222,190.00
98,12,-57.041667,-25.622222,188.00
98,13,-57.041389,-25.622222,185.00
98,14,-57.041111,-25.622222,185.00
98,15,-57.040833,-25.622222,181.00
98,16,-57.040556,-25.622222,180.00
98,17,-57.040278,-25.622222,181.00
98,18,-57.040000,-25.622222,183.00
98,19,-57.039722,-25.622222,181.00
98,20,-57.039444,-25.622222,179.00
98,21,-57.039167,-25.622222,178.00
98,22,-57.038889,-25.622222,179.00
98,23,-57.038611,-25.622222,180.00
98,24,-57.038333,-25.622222,174.00
98,25,-57.038056,-25.622222,175.00
98,26,-57.037778,-25.622222,177.00
98,27,-57.037500,-25.622222,176.00
98,28,-57.037222,-25.622222,165.00
98,29,-57.036944,-25.622222,168.00
98,30,-57.036667,-25.622222,167.00
98,31,-57.036389,-25.622222,168.00
98,32,-57.036111,-25.622222,165.00
98,33,-57.035833,-25.622222,160.00
98,34,-57.035556,-25.622222,154.00
98,35,-57.035278,-25.622222,153.00
98,36,-57.035000,-25.622222,150.00
98,37,-57.034722,-25.622222,150.00
98,38,-57.034444,-25.622222,149.00
98,39,-57.034167,-25.622222,145.00
98,40,-57.033889,-25.622222,144.00
98,41,-57.033611,-25.622222,143.00
98,42,-57.033333,-25.622222,141.00
98,43,-57.033056,-25.622222,141.00
98,44,-57.032778,-25.622222,139.00
98,45,-57.032500,-25.622222,138.00
98,46,-57.032222,-25.622222,139.00
98,47,-57.031944,-25.622222,145.00
98,48,-57.031667,-25.622222,150.00
98,49,-57.031389,-25.622222,144.00
98,50,-57.031111,-25.622222,137.00
98,51,-57.030833,-25.622222,137.00
98,52,-57.030556,-25.622222,135.00
98,53,-57.030278,-25.622222,136.00
98,54,-57.030000,-25.622222,140.00
98,55,-57.029722,-25.622222,139.00
98,56,-57.029444,-25.622222,135.00
98,57,-57.029167,-25.622222,136.00
98,58,-57.028889,-25.622222,136.00
98,59,-57.028611,-25.622222,138.00
98,60,-57.028333,-25.622222,138.00
98,61,-57.028056,-25.622222,138.00
98,62,-57.027778,-25.622222,138.00
98,63,-57.027500,-25.622222,137.00
98,64,-57.027222,-25.622222,139.00
98,65,-57.026944,-25.622222,139.00
98,66,-57.026667,-25.622222,141.00
98,67,-57.026389,-25.622222,143.00
98,68,-57.026111,-25.622222,144.00
98,69,-57.025833,-25.622222,148.00
98,70,-57.025556,-25.622222,151.00
98,71,-57.025278,-25.622222,158.00
98,72,-57.025000,-25.622222,157.00
98,73,-57.024722,-25.622222,156.00
98,74,-57.024444,-25.622222,159.00
98,75,-57.024167,-25.622222,156.00
98,76,-57.023889,-25.622222,157.00
98,77,-57.023611,-25.622222,159.00
98,78,-57.023333,-25.622222,165.00
98,79,-57.023056,-25.622222,171.00
98,80,-57.022778,-25.622222,171.00
98,81,-57.022500,-25.622222,170.00
98,82,-57.022222,-25.622222,173.00
98,83,-57.021944,-25.622222,176.00
98,84,-57.021667,-25.622222,184.00
98,85,-57.021389,-25.622222,195.00
98,86,-57.021111,-25.622222,204.00
98,87,-57.020833,-25.622222,213.00
98,88,-57.020556,-25.622222,225.00
98,89,-57.020278,-25.622222,234.00
98,90,-57.020000,-25.622222,248.00
98,91,-57.019722,-25.622222,261.00
98,92,-57.019444,-25.622222,270.00
98,93,-57.019167,-25.622222,288.00
98,94,-57.018889,-25.622222,298.00
98,95,-57.018611,-25.622222,307.00
98,96,-57.018333,-25.622222,318.00
98,97,-57.018056,-25.622222,330.00
98,98,-57.017778,-25.622222,331.00
98,99,-57.017500,-25.622222,334.00
98,100,-57.017222,-25.622222,343.00
98,101,-57.016944,-25.622222,351.00
98,102,-57.016667,-25.622222,347.00
98,103,-57.016389,-25.622222,336.00
98,104,-57.016111,-25.622222,332.00
98,105,-57.015833,-25.622222,330.00
98,106,-57.015556,-25.622222,327.00
98,107,-57.015278,-25.622222,320.00
99,0,-57.045000,-25.622500,192.00
99,1,-57.044722,-25.622500,191.00
99,2,-57.044444,-25.622500,191.00
99,3,-57.044167,-25.622500,191.00
99,4,-57.043889,-25.622500,192.00
99,5,-57.043611,-25.622500,193.00
99,6,-57.043333,-25.622500,191.00
99,7,-57.043056,-25.622500,193.00
99,8,-57.042778,-25.622500,191.00
99,9,-57.042500,-25.622500,188.00
99,10,-57.042222,-25.622500,187.00
99,11,-57.041944,-25.622500,187.00
99,12,-57.041667,-25.622500,185.00
99,13,-57.041389,-25.622500,183.00
99,14,-57.041111,-25.622500,182.00
99,15,-57.040833,-25.622500,179.00
99,16,-57.040556,-25.622500,177.00
99,17,-57.040278,-25.622500,178.00
99,18,-57.040000,-25.622500,181.00
99,19,-57.039722,-25.622500,179.00
99,20,-57.039444,-25.622500,177.00
99,21,-57.039167,-25.622500,176.00
99,22,-57.038889,-25.622500,177.00
99,23,-57.038611,-25.622500,175.00
99,24,-57.038333,-25.622500,172.00
99,25,-57.038056,-25.622500,179.00
99,26,-57.037778,-25.622500,177.00
99,27,-57.037500,-25.622500,175.00
99,28,-57.037222,-25.622500,164.00
99,29,-57.036944,-25.622500,163.00
99,30,-57.036667,-25.622500,160.00
99,31,-57.036389,-25.622500,162.00
99,32,-57.036111,-25.622500,163.00
99,33,-57.035833,-25.622500,163.00
99,34,-57.035556,-25.622500,162.00
99,35,-57.035278,-25.622500,156.00
99,36,-57.035000,-25.622500,154.00
99,37,-57.034722,-25.622500,149.00
99,38,-57.034444,-25.622500,147.00
99,39,-57.034167,-25.622500,143.00
99,40,-57.033889,-25.622500,143.00
99,41,-57.033611,-25.622500,141.00
99,42,-57.033333,-25.622500,141.00
99,43,-57.033056,-25.622500,141.00
99,44,-57.032778,-25.622500,141.00
99,45,-57.032500,-25.622500,140.00
99,46,-57.032222,-25.622500,147.00
99,47,-57.031944,-25.622500,154.00
99,48,-57.031667,-25.622500,151.00
99,49,-57.031389,-25.622500,143.00
99,50,-57.031111,-25.622500,137.00
99,51,-57.030833,-25.622500,137.00
99,52,-57.030556,-25.622500,136.00
99,53,-57.030278,-25.622500,135.00
99,54,-57.030000,-25.622500,138.00
99,55,-57.029722,-25.622500,138.00
99,56,-57.029444,-25.622500,136.00
99,57,-57.029167,-25.622500,135.00
99,58,-57.028889,-25.622500,137.00
99,59,-57.028611,-25.622500,144.00
99,60,-57.028333,-25.622500,141.00
99,61,-57.028056,-25.622500,137.00
99,62,-57.027778,-25.622500,138.00
99,63,-57.027500,-25.622500,138.00
99,64,-57.027222,-25.622500,139.00
99,65,-57.026944,-25.622500,139.00
99,66,-57.026667,-25.622500,143.00
99,67,-57.026389,-25.622500,148.00
99,68,-57.026111,-25.622500,148.00
99,69,-57.025833,-25.622500,148.00
99,70,-57.025556,-25.622500,149.00
99,71,-57.025278,-25.622500,154.00
99,72,-57.025000,-25.622500,157.00
99,73,-57.024722,-25.622500,156.00
99,74,-57.024444,-25.622500,160.00
99,75,-57.024167,-25.622500,157.00
99,76,-57.023889,-25.622500,157.00
99,77,-57.023611,-25.622500,158.00
99,78,-57.023333,-25.622500,163.00
99,79,-57.023056,-25.622500,168.00
99,80,-57.022778,-25.622500,167.00
99,81,-57.022500,-25.622500,167.00
99,82,-57.022222,-25.622500,170.00
99,83,-57.021944,-25.622500,171.00
99,84,-57.021667,-25.622500,177.00
99,85,-57.021389,-25.622500,182.00
99,86,-57.021111,-25.622500,186.00
99,87,-57.020833,-25.622500,193.00
99,88,-57.020556,-25.622500,204.00
99,89,-57.020278,-25.622500,215.00
99,90,-57.020000,-25.622500,234.00
99,91,-57.019722,-25.622500,253.00
99,92,-57.019444,-25.622500,269.00
99,93,-57.019167,-25.622500,284.00
99,94,-57.018889,-25.622500,298.00
99,95,-57.018611,-25.622500,311.00
99,96,-57.018333,-25.622500,325.00
99,97,-57.018056,-25.622500,335.00
99,98,-57.017778,-25.622500,336.00
99,99,-57.017500,-25.622500,340.00
99,100,-57.017222,-25.622500,344.00
99,101,-57.016944,-25.622500,349.00
99,102,-57.016667,-25.622500,343.00
99,103,-57.016389,-25.622500,334.00
99,104,-57.016111,-25.622500,329.00
99,105,-57.015833,-25.622500,323.00
99,106,-57.015556,-25.622500,317.00
99,107,-57.015278,-25.622500,305.00
100,0,-57.045000,-25.622778,190.00
100,1,-57.044722,-25.622778,190.00
100,2,-57.044444,-25.622778,189.00
100,3,-57.044167,-25.622778,189.00
100,4,-57.043889,-25.622778,189.00
100,5,-57.043611,-25.622778,188.00
100,6,-57.043333,-25.622778,185.00
100,7,-57.043056,-25.622778,186.00
100,8,-57.042778,-25.622778,187.00
100,9,-57.042500,-25.622778,186.00
100,10,-57.042222,-25.622778,186.00
100,11,-57.041944,-25.622778,185.00
100,12,-57.041667,-25.622778,183.00
100,13,-57.041389,-25.622778,182.00
100,14,-57.041111,-25.622778,181.00
100,15,-57.040833,-25.622778,179.00
100,16,-57.040556,-25.622778,177.00
100,17,-57.040278,-25.622778,178.00
100,18,-57.040000,-25.622778,180.00
100,19,-57.039722,-25.622778,178.00
100,20,-57.039444,-25.622778,175.00
100,21,-57.039167,-25.622778,173.00
100,22,-57.038889,-25.622778,176.00
100,23,-57.038611,-25.622778,172.00
100,24,-57.038333,-25.622778,169.00
100,25,-57.038056,-25.622778,173.00
100,26,-57.037778,-25.622778,173.00
100,27,-57.037500,-25.622778,170.00
100,28,-57.037222,-25.622778,164.00
100,29,-57.036944,-25.622778,162.00
100,30,-57.036667,-25.622778,161.00
100,31,-57.036389,-25.622778,159.00
100,32,-57.036111,-25.622778,162.00
100,33,-57.035833,-25.622778,156.00
100,34,-57.035556,-25.622778,156.00
100,35,-57.035278,-25.622778,156.00
100,36,-57.035000,-25.622778,158.00
100,37,-57.034722,-25.622778,148.00
100,38,-57.034444,-25.622778,146.00
100,39,-57.034167,-25.622778,144.00
100,40,-57.033889,-25.622778,142.00
100,41,-57.033611,-25.622778,141.00
100,42,-57.033333,-25.622778,141.00
100,43,-57.033056,-25.622778,140.00
100,44,-57.032778,-25.622778,142.00
100,45,-57.032500,-25.622778,147.00
100,46,-57.032222,-25.622778,156.00
100,47,-57.031944,-25.622778,155.00
100,48,-57.031667,-25.622778,150.00
100,49,-57.031389,-25.622778,145.00
100,50,-57.031111,-25.622778,138.00
100,51,-57.030833,-25.622778,137.00
100,52,-57.030556,-25.622778,136.00
100,53,-57.030278,-25.622778,135.00
100,54,-57.030000,-25.622778,136.00
100,55,-57.029722,-25.622778,138.00
100,56,-57.029444,-25.622778,137.00
100,57,-57.029167,-25.622778,135.00
100,58,-57.028889,-25.622778,140.00
100,59,-57.028611,-25.622778,143.00
100,60,-57.028333,-25.622778,138.00
100,61,-57.028056,-25.622778,138.00
100,62,-57.027778,-25.622778,139.00
100,63,-57.027500,-25.622778,141.00
100,64,-57.027222,-25.622778,140.00
100,65,-57.026944,-25.622778,141.00
100,66,-57.026667,-25.622778,142.00
100,67,-57.026389,-25.622778,144.00
100,68,-57.026111,-25.622778,147.00
100,69,-57.025833,-25.622778,149.00
100,70,-57.025556,-25.622778,151.00
100,71,-57.025278,-25.622778,153.00
100,72,-57.025000,-25.622778,156.00
100,73,-57.024722,-25.622778,158.00
100,74,-57.024444,-25.622778,157.00
100,75,-57.024167,-25.622778,158.00
100,76,-57.023889,-25.622778,158.00
100,77,-57.023611,-25.622778,157.00
100,78,-57.023333,-25.622778,159.00
100,79,-57.023056,-25.622778,165.00
100,80,-57.022778,-25.622778,163.00
100,81,-57.022500,-25.622778,163.00
100,82,-57.022222,-25.622778,166.00
100,83,-57.021944,-25.622778,168.00
100,84,-57.021667,-25.622778,169.00
100,85,-57.021389,-25.622778,173.00
100,86,-57.021111,-25.622778,177.00
100,87,-57.020833,-25.622778,183.00
100,88,-57.020556,-25.622778,193.00
100,89,-57.020278,-25.622778,207.00
100,90,-57.020000,-25.622778,226.00
100,91,-57.019722,-25.622778,244.00
100,92,-57.019444,-25.622778,263.00
100,93,-57.019167,-25.622778,282.00
100,94,-57.018889,-25.622778,300.00
100,95,-57.018611,-25.622778,313.00
100,96,-57.018333,-25.622778,328.00
100,97,-57.018056,-25.622778,336.00
100,98,-57.017778,-25.622778,340.00
100,99,-57.017500,-25.622778,343.00
100,100,-57.017222,-25.622778,341.00
100,101,-57.016944,-25.622778,339.00
100,102,-57.016667,-25.622778,336.00
100,103,-57.016389,-25.622778,329.00
100,104,-57.016111,-25.622778,323.00
100,105,-57.015833,-25.622778,313.00
100,106,-57.015556,-25.622778,301.00
100,107,-57.015278,-25.622778,288.00
101,0,-57.045000,-25.623056,188.00
101,1,-57.044722,-25.623056,188.00
101,2,-57.044444,-25.623056,188.00
101,3,-57.044167,-25.623056,188.00
101,4,-57.043889,-25.623056,188.00
101,5,-57.043611,-25.623056,188.00
101,6,-57.043333,-25.623056,185.00
101,7,-57.043056,-25.623056,185.00
101,8,-57.042778,-25.623056,185.00
101,9,-57.042500,-25.623056,185.00
101,10,-57.042222,-25.623056,183.00
101,11,-57.041944,-25.623056,183.00
101,12,-57.041667,-25.623056,181.00
101,13,-57.041389,-25.623056,179.00
101,14,-57.041111,-25.623056,179.00
101,15,-57.040833,-25.623056,177.00
101,16,-57.040556,-25.623056,176.00
101,17,-57.040278,-25.623056,177.00
101,18,-57.040000,-25.623056,177.00
101,19,-57.039722,-25.623056,174.00
101,20,-57.039444,-25.623056,172.00
101,21,-57.039167,-25.623056,172.00
101,22,-57.038889,-25.623056,170.00
101,23,-57.038611,-25.623056,168.00
101,24,-57.038333,-25.623056,167.00
101,25,-57.038056,-25.623056,174.00
101,26,-57.037778,-25.623056,172.00
101,27,-57.037500,-25.623056,169.00
101,28,-57.037222,-25.623056,163.00
101,29,-57.036944,-25.623056,161.00
101,30,-57.036667,-25.623056,159.00
101,31,-57.036389,-25.623056,157.00
101,32,-57.036111,-25.623056,157.00
101,33,-57.035833,-25.623056,154.00
101,34,-57.035556,-25.623056,152.00
101,35,-57.035278,-25.623056,149.00
101,36,-57.035000,-25.623056,148.00
101,37,-57.034722,-25.623056,146.00
101,38,-57.034444,-25.623056,145.00
101,39,-57.034167,-25.623056,144.00
101,40,-57.033889,-25.623056,143.00
101,41,-57.033611,-25.623056,142.00
101,42,-57.033333,-25.623056,143.00
101,43,-57.033056,-25.623056,142.00
101,44,-57.032778,-25.623056,141.00
101,45,-57.032500,-25.623056,145.00
101,46,-57.032222,-25.623056,150.00
101,47,-57.031944,-25.623056,145.00
101,48,-57.031667,-25.623056,147.00
101,49,-57.031389,-25.623056,144.00
101,50,-57.031111,-25.623056,138.00
101,51,-57.030833,-25.623056,137.00
101,52,-57.030556,-25.623056,135.00
101,53,-57.030278,-25.623056,135.00
101,54,-57.030000,-25.623056,134.00
101,55,-57.029722,-25.623056,136.00
101,56,-57.029444,-25.623056,140.00
101,57,-57.029167,-25.623056,137.00
101,58,-57.028889,-25.623056,137.00
101,59,-57.028611,-25.623056,138.00
101,60,-57.028333,-25.623056,137.00
101,61,-57.028056,-25.623056,139.00
101,62,-57.027778,-25.623056,139.00
101,63,-57.027500,-25.623056,140.00
101,64,-57.027222,-25.623056,140.00
101,65,-57.026944,-25.623056,141.00
101,66,-57.026667,-25.623056,143.00
101,67,-57.026389,-25.623056,144.00
101,68,-57.026111,-25.623056,145.00
101,69,-57.025833,-25.623056,148.00
101,70,-57.025556,-25.623056,154.00
101,71,-57.025278,-25.623056,154.00
101,72,-57.025000,-25.623056,156.00
101,73,-57.024722,-25.623056,156.00
101,74,-57.024444,-25.623056,154.00
101,75,-57.024167,-25.623056,155.00
101,76,-57.023889,-25.623056,155.00
101,77,-57.023611,-25.623056,155.00
101,78,-57.023333,-25.623056,156.00
101,79,-57.023056,-25.623056,162.00
101,80,-57.022778,-25.623056,161.00
101,81,-57.022500,-25.623056,162.00
101,82,-57.022222,-25.623056,163.00
101,83,-57.021944,-25.623056,166.00
101,84,-57.021667,-25.623056,166.00
101,85,-57.021389,-25.623056,172.00
101,86,-57.021111,-25.623056,183.00
101,87,-57.020833,-25.623056,190.00
101,88,-57.020556,-25.623056,200.00
101,89,-57.020278,-25.623056,209.00
101,90,-57.020000,-25.623056,226.00
101,91,-57.019722,-25.623056,243.00
101,92,-57.019444,-25.623056,262.00
101,93,-57.019167,-25.623056,280.00
101,94,-57.018889,-25.623056,297.00
101,95,-57.018611,-25.623056,312.00
101,96,-57.018333,-25.623056,328.00
101,97,-57.018056,-25.623056,335.00
101,98,-57.017778,-25.623056,338.00
101,99,-57.017500,-25.623056,340.00
101,100,-57.017222,-25.623056,338.00
101,101,-57.016944,-25.623056,340.00
101,102,-57.016667,-25.623056,336.00
101,103,-57.016389,-25.623056,328.00
101,104,-57.016111,-25.623056,322.00
101,105,-57.015833,-25.623056,310.00
101,106,-57.015556,-25.623056,297.00
101,107,-57.015278,-25.623056,281.00
102,0,-57.045000,-25.623333,186.00
102,1,-57.044722,-25.623333,187.00
102,2,-57.044444,-25.623333,186.00
102,3,-57.044167,-25.623333,188.00
102,4,-57.043889,-25.623333,187.00
102,5,-57.043611,-25.623333,186.00
102,6,-57.043333,-25.623333,185.00
102,7,-57.043056,-25.623333,183.00
102,8,-57.042778,-25.623333,183.00
102,9,-57.042500,-25.623333,183.00
102,10,-57.042222,-25.623333,180.00
102,11,-57.041944,-25.623333,179.00
102,12,-57.041667,-25.623333,178.00
102,13,-57.041389,-25.623333,176.00
102,14,-57.041111,-25.623333,175.00
102,15,-57.040833,-25.623333,174.00
102,16,-57.040556,-25.623333,173.00
102,17,-57.040278,-25.623333,175.00
102,18,-57.040000,-25.623333,177.00
102,19,-57.039722,-25.623333,174.00
102,20,-57.039444,-25.623333,170.00
102,21,-57.039167,-25.623333,168.00
102,22,-57.038889,-25.623333,167.00
102,23,-57.038611,-25.623333,165.00
102,24,-57.038333,-25.623333,164.00
102,25,-57.038056,-25.623333,167.00
102,26,-57.037778,-25.623333,166.00
102,27,-57.037500,-25.623333,161.00
102,28,-57.037222,-25.623333,160.00
102,29,-57.036944,-25.623333,159.00
102,30,-57.036667,-25.623333,157.00
102,31,-57.036389,-25.623333,155.00
102,32,-57.036111,-25.623333,155.00
102,33,-57.035833,-25.623333,153.00
102,34,-57.035556,-25.623333,151.00
102,35,-57.035278,-25.623333,150.00
102,36,-57.035000,-25.623333,147.00
102,37,-57.034722,-25.623333,146.00
102,38,-57.034444,-25.623333,146.00
102,39,-57.034167,-25.623333,145.00
102,40,-57.033889,-25.623333,144.00
102,41,-57.033611,-25.623333,143.00
102,42,-57.033333,-25.623333,144.00
102,43,-57.033056,-25.623333,143.00
102,44,-57.032778,-25.623333,141.00
102,45,-57.032500,-25.623333,144.00
102,46,-57.032222,-25.623333,149.00
102,47,-57.031944,-25.623333,150.00
102,48,-57.031667,-25.623333,145.00
102,49,-57.031389,-25.623333,144.00
102,50,-57.031111,-25.623333,139.00
102,51,-57.030833,-25.623333,138.00
102,52,-57.030556,-25.623333,135.00
102,53,-57.030278,-25.623333,134.00
102,54,-57.030000,-25.623333,134.00
102,55,-57.029722,-25.623333,135.00
102,56,-57.029444,-25.623333,136.00
102,57,-57.029167,-25.623333,137.00
102,58,-57.028889,-25.623333,135.00
102,59,-57.028611,-25.623333,135.00
102,60,-57.028333,-25.623333,136.00
102,61,-57.028056,-25.623333,138.00
102,62,-57.027778,-25.623333,139.00
102,63,-57.027500,-25.623333,140.00
102,64,-57.027222,-25.623333,140.00
102,65,-57.026944,-25.623333,142.00
102,66,-57.026667,-25.623333,143.00
102,67,-57.026389,-25.623333,146.00
102,68,-57.026111,-25.623333,146.00
102,69,-57.025833,-25.623333,147.00
102,70,-57.025556,-25.623333,156.00
102,71,-57.025278,-25.623333,157.00
102,72,-57.025000,-25.623333,155.00
102,73,-57.024722,-25.623333,151.00
102,74,-57.024444,-25.623333,150.00
102,75,-57.024167,-25.623333,151.00
102,76,-57.023889,-25.623333,152.00
102,77,-57.023611,-25.623333,154.00
102,78,-57.023333,-25.623333,155.00
102,79,-57.023056,-25.623333,158.00
102,80,-57.022778,-25.623333,158.00
102,81,-57.022500,-25.623333,159.00
102,82,-57.022222,-25.623333,162.00
102,83,-57.021944,-25.623333,168.00
102,84,-57.021667,-25.623333,170.00
102,85,-57.021389,-25.623333,171.00
102,86,-57.021111,-25.623333,177.00
102,87,-57.020833,-25.623333,190.00
102,88,-57.020556,-25.623333,205.00
102,89,-57.020278,-25.623333,215.00
102,90,-57.020000,-25.623333,230.00
102,91,-57.019722,-25.623333,247.00
102,92,-57.019444,-25.623333,265.00
102,93,-57.019167,-25.623333,282.00
102,94,-57.018889,-25.623333,299.00
102,95,-57.018611,-25.623333,313.00
102,96,-57.018333,-25.623333,329.00
102,97,-57.018056,-25.623333,338.00
102,98,-57.017778,-25.623333,339.00
102,99,-57.017500,-25.623333,342.00
102,100,-57.017222,-25.623333,343.00
102,101,-57.016944,-25.623333,346.00
102,102,-57.016667,-25.623333,346.00
102,103,-57.016389,-25.623333,336.00
102,104,-57.016111,-25.623333,327.00
102,105,-57.015833,-25.623333,313.00
102,106,-57.015556,-25.623333,297.00
102,107,-57.015278,-25.623333,284.00
103,0,-57.045000,-25.623611,185.00
103,1,-57.044722,-25.623611,185.00
103,2,-57.044444,-25.623611,185.00
103,3,-57.044167,-25.623611,187.00
103,4,-57.043889,-25.623611,185.00
103,5,-57.043611,-25.623611,186.00
103,6,-57.043333,-25.623611,183.00
103,7,-57.043056,-25.623611,182.00
103,8,-57.042778,-25.623611,182.00
103,9,-57.042500,-25.623611,183.00
103,10,-57.042222,-25.623611,178.00
103,11,-57.041944,-25.623611,176.00
103,12,-57.041667,-25.623611,175.00
103,13,-57.041389,-25.623611,174.00
103,14,-57.041111,-25.623611,173.00
103,15,-57.040833,-25.623611,172.00
103,16,-57.040556,-25.623611,170.00
103,17,-57.040278,-25.623611,171.00
103,18,-57.040000,-25.623611,175.00
103,19,-57.039722,-25.623611,170.00
103,20,-57.039444,-25.623611,166.00
103,21,-57.039167,-25.623611,162.00
103,22,-57.038889,-25.623611,163.00
103,23,-57.038611,-25.623611,162.00
103,24,-57.038333,-25.623611,162.00
103,25,-57.038056,-25.623611,160.00
103,26,-57.037778,-25.623611,164.00
103,27,-57.037500,-25.623611,164.00
103,28,-57.037222,-25.623611,159.00
103,29,-57.036944,-25.623611,157.00
103,30,-57.036667,-25.623611,155.00
103,31,-57.036389,-25.623611,155.00
103,32,-57.036111,-25.623611,155.00
103,33,-57.035833,-25.623611,152.00
103,34,-57.035556,-25.623611,152.00
103,35,-57.035278,-25.623611,153.00
103,36,-57.035000,-25.623611,148.00
103,37,-57.034722,-25.623611,150.00
103,38,-57.034444,-25.623611,146.00
103,39,-57.034167,-25.623611,144.00
103,40,-57.033889,-25.623611,151.00
103,41,-57.033611,-25.623611,150.00
103,42,-57.033333,-25.623611,144.00
103,43,-57.033056,-25.623611,143.00
103,44,-57.032778,-25.623611,142.00
103,45,-57.032500,-25.623611,142.00
103,46,-57.032222,-25.623611,153.00
103,47,-57.031944,-25.623611,149.00
103,48,-57.031667,-25.623611,149.00
103,49,-57.031389,-25.623611,143.00
103,50,-57.031111,-25.623611,137.00
103,51,-57.030833,-25.623611,137.00
103,52,-57.030556,-25.623611,135.00
103,53,-57.030278,-25.623611,134.00
103,54,-57.030000,-25.623611,134.00
103,55,-57.029722,-25.623611,135.00
103,56,-57.029444,-25.623611,134.00
103,57,-57.029167,-25.623611,136.00
103,58,-57.028889,-25.623611,134.00
103,59,-57.028611,-25.623611,134.00
103,60,-57.028333,-25.623611,134.00
103,61,-57.028056,-25.623611,137.00
103,62,-57.027778,-25.623611,139.00
103,63,-57.027500,-25.623611,139.00
103,64,-57.027222,-25.623611,139.00
103,65,-57.026944,-25.623611,141.00
103,66,-57.026667,-25.623611,141.00
103,67,-57.026389,-25.623611,142.00
103,68,-57.026111,-25.623611,142.00
103,69,-57.025833,-25.623611,146.00
103,70,-57.025556,-25.623611,151.00
103,71,-57.025278,-25.623611,151.00
103,72,-57.025000,-25.623611,150.00
103,73,-57.024722,-25.623611,150.00
103,74,-57.024444,-25.623611,150.00
103,75,-57.024167,-25.623611,149.00
103,76,-57.023889,-25.623611,151.00
103,77,-57.023611,-25.623611,154.00
103,78,-57.023333,-25.623611,156.00
103,79,-57.023056,-25.623611,158.00
103,80,-57.022778,-25.623611,157.00
103,81,-57.022500,-25.623611,156.00
103,82,-57.022222,-25.623611,161.00
103,83,-57.021944,-25.623611,166.00
103,84,-57.021667,-25.623611,166.00
103,85,-57.021389,-25.623611,169.00
103,86,-57.021111,-25.623611,174.00
103,87,-57.020833,-25.623611,190.00
103,88,-57.020556,-25.623611,208.00
103,89,-57.020278,-25.623611,221.00
103,90,-57.020000,-25.623611,237.00
103,91,-57.019722,-25.623611,253.00
103,92,-57.019444,-25.623611,268.00
103,93,-57.019167,-25.623611,288.00
103,94,-57.018889,-25.623611,304.00
103,95,-57.018611,-25.623611,319.00
103,96,-57.018333,-25.623611,333.00
103,97,-57.018056,-25.623611,344.00
103,98,-57.017778,-25.623611,345.00
103,99,-57.017500,-25.623611,344.00
103,100,-57.017222,-25.623611,346.00
103,101,-57.016944,-25.623611,348.00
103,102,-57.016667,-25.623611,347.00
103,103,-57.016389,-25.623611,339.00
103,104,-57.016111,-25.623611,328.00
103,105,-57.015833,-25.623611,314.00
103,106,-57.015556,-25.623611,299.00
103,107,-57.015278,-25.623611,285.00
104,0,-57.045000,-25.623889,184.00
104,1,-57.044722,-25.623889,184.00
104,2,-57.044444,-25.623889,184.00
104,3,-57.044167,-25.623889,184.00
104,4,-57.043889,-25.623889,184.00
104,5,-57.043611,-25.623889,183.00
104,6,-57.043333,-25.623889,183.00
104,7,-57.043056,-25.623889,181.00
104,8,-57.042778,-25.623889,182.00
104,9,-57.042500,-25.623889,180.00
104,10,-57.042222,-25.623889,177.00
104,11,-57.041944,-25.623889,175.00
104,12,-57.041667,-25.623889,173.00
104,13,-57.041389,-25.623889,171.00
104,14,-57.041111,-25.623889,171.00
104,15,-57.040833,-25.623889,169.00
104,16,-57.040556,-25.623889,167.00
104,17,-57.040278,-25.623889,168.00
104,18,-57.040000,-25.623889,171.00
104,19,-57.039722,-25.623889,166.00
104,20,-57.039444,-25.623889,164.00
104,21,-57.039167,-25.623889,160.00
104,22,-57.038889,-25.623889,159.00
104,23,-57.038611,-25.623889,160.00
104,24,-57.038333,-25.623889,158.00
104,25,-57.038056,-25.623889,156.00
104,26,-57.037778,-25.623889,162.00
104,27,-57.037500,-25.623889,162.00
104,28,-57.037222,-25.623889,158.00
104,29,-57.036944,-25.623889,159.00
104,30,-57.036667,-25.623889,157.00
104,31,-57.036389,-25.623889,158.00
104,32,-57.036111,-25.623889,156.00
104,33,-57.035833,-25.623889,156.00
104,34,-57.035556,-25.623889,156.00
104,35,-57.035278,-25.623889,157.00
104,36,-57.035000,-25.623889,150.00
104,37,-57.034722,-25.623889,147.00
104,38,-57.034444,-25.623889,147.00
104,39,-57.034167,-25.623889,146.00
104,40,-57.033889,-25.623889,151.00
104,41,-57.033611,-25.623889,152.00
104,42,-57.033333,-25.623889,144.00
104,43,-57.033056,-25.623889,141.00
104,44,-57.032778,-25.623889,140.00
104,45,-57.032500,-25.623889,138.00
104,46,-57.032222,-25.623889,140.00
104,47,-57.031944,-25.623889,140.00
104,48,-57.031667,-25.623889,144.00
104,49,-57.031389,-25.623889,138.00
104,50,-57.031111,-25.623889,136.00
104,51,-57.030833,-25.623889,135.00
104,52,-57.030556,-25.623889,135.00
104,53,-57.030278,-25.623889,138.00
104,54,-57.030000,-25.623889,140.00
104,55,-57.029722,-25.623889,140.00
104,56,-57.029444,-25.623889,137.00
104,57,-57.029167,-25.623889,136.00
104,58,-57.028889,-25.623889,135.00
104,59,-57.028611,-25.623889,135.00
104,60,-57.028333,-25.623889,135.00
104,61,-57.028056,-25.623889,137.00
104,62,-57.027778,-25.623889,138.00
104,63,-57.027500,-25.623889,137.00
104,64,-57.027222,-25.623889,138.00
104,65,-57.026944,-25.623889,139.00
104,66,-57.026667,-25.623889,140.00
104,67,-57.026389,-25.623889,140.00
104,68,-57.026111,-25.623889,141.00
104,69,-57.025833,-25.623889,142.00
104,70,-57.025556,-25.623889,142.00
104,71,-57.025278,-25.623889,146.00
104,72,-57.025000,-25.623889,148.00
104,73,-57.024722,-25.623889,152.00
104,74,-57.024444,-25.623889,152.00
104,75,-57.024167,-25.623889,150.00
104,76,-57.023889,-25.623889,148.00
104,77,-57.023611,-25.623889,152.00
104,78,-57.023333,-25.623889,156.00
104,79,-57.023056,-25.623889,154.00
104,80,-57.022778,-25.623889,155.00
104,81,-57.022500,-25.623889,155.00
104,82,-57.022222,-25.623889,158.00
104,83,-57.021944,-25.623889,161.00
104,84,-57.021667,-25.623889,164.00
104,85,-57.021389,-25.623889,173.00
104,86,-57.021111,-25.623889,176.00
104,87,-57.020833,-25.623889,189.00
104,88,-57.020556,-25.623889,208.00
104,89,-57.020278,-25.623889,225.00
104,90,-57.020000,-25.623889,241.00
104,91,-57.019722,-25.623889,258.00
104,92,-57.019444,-25.623889,276.00
104,93,-57.019167,-25.623889,294.00
104,94,-57.018889,-25.623889,310.00
104,95,-57.018611,-25.623889,324.00
104,96,-57.018333,-25.623889,339.00
104,97,-57.018056,-25.623889,350.00
104,98,-57.017778,-25.623889,354.00
104,99,-57.017500,-25.623889,350.00
104,100,-57.017222,-25.623889,348.00
104,101,-57.016944,-25.623889,347.00
104,102,-57.016667,-25.623889,346.00
104,103,-57.016389,-25.623889,336.00
104,104,-57.016111,-25.623889,323.00
104,105,-57.015833,-25.623889,312.00
104,106,-57.015556,-25.623889,296.00
104,107,-57.015278,-25.623889,283.00
105,0,-57.045000,-25.624167,181.00
105,1,-57.044722,-25.624167,182.00
105,2,-57.044444,-25.624167,182.00
105,3,-57.044167,-25.624167,182.00
105,4,-57.043889,-25.624167,182.00
105,5,-57.043611,-25.624167,181.00
105,6,-57.043333,-25.624167,182.00
105,7,-57.043056,-25.624167,180.00
105,8,-57.042778,-25.624167,180.00
105,9,-57.042500,-25.624167,179.00
105,10,-57.042222,-25.624167,176.00
105,11,-57.041944,-25.624167,175.00
105,12,-57.041667,-25.624167,173.00
105,13,-57.041389,-25.624167,170.00
105,14,-57.041111,-25.624167,169.00
105,15,-57.040833,-25.624167,166.00
105,16,-57.040556,-25.624167,165.00
105,17,-57.040278,-25.624167,164.00
105,18,-57.040000,-25.624167,169.00
105,19,-57.039722,-25.624167,163.00
105,20,-57.039444,-25.624167,160.00
105,21,-57.039167,-25.624167,159.00
105,22,-57.038889,-25.624167,158.00
105,23,-57.038611,-25.624167,158.00
105,24,-57.038333,-25.624167,158.00
105,25,-57.038056,-25.624167,154.00
105,26,-57.037778,-25.624167,155.00
105,27,-57.037500,-25.624167,154.00
105,28,-57.037222,-25.624167,153.00
105,29,-57.036944,-25.624167,155.00
105,30,-57.036667,-25.624167,153.00
105,31,-57.036389,-25.624167,155.00
105,32,-57.036111,-25.624167,154.00
105,33,-57.035833,-25.624167,157.00
105,34,-57.035556,-25.624167,155.00
105,35,-57.035278,-25.624167,152.00
105,36,-57.035000,-25.624167,149.00
105,37,-57.034722,-25.624167,146.00
105,38,-57.034444,-25.624167,147.00
105,39,-57.034167,-25.624167,148.00
105,40,-57.033889,-25.624167,146.00
105,41,-57.033611,-25.624167,146.00
105,42,-57.033333,-25.624167,141.00
105,43,-57.033056,-25.624167,140.00
105,44,-57.032778,-25.624167,139.00
105,45,-57.032500,-25.624167,139.00
105,46,-57.032222,-25.624167,138.00
105,47,-57.031944,-25.624167,136.00
105,48,-57.031667,-25.624167,136.00
105,49,-57.031389,-25.624167,136.00
105,50,-57.031111,-25.624167,135.00
105,51,-57.030833,-25.624167,136.00
105,52,-57.030556,-25.624167,136.00
105,53,-57.030278,-25.624167,138.00
105,54,-57.030000,-25.624167,140.00
105,55,-57.029722,-25.624167,141.00
105,56,-57.029444,-25.624167,139.00
105,57,-57.029167,-25.624167,133.00
105,58,-57.028889,-25.624167,133.00
105,59,-57.028611,-25.624167,135.00
105,60,-57.028333,-25.624167,134.00
105,61,-57.028056,-25.624167,134.00
105,62,-57.027778,-25.624167,136.00
105,63,-57.027500,-25.624167,137.00
105,64,-57.027222,-25.624167,136.00
105,65,-57.026944,-25.624167,138.00
105,66,-57.026667,-25.624167,139.00
105,67,-57.026389,-25.624167,140.00
105,68,-57.026111,-25.624167,141.00
105,69,-57.025833,-25.624167,142.00
105,70,-57.025556,-25.624167,142.00
105,71,-57.025278,-25.624167,142.00
105,72,-57.025000,-25.624167,142.00
105,73,-57.024722,-25.624167,148.00
105,74,-57.024444,-25.624167,147.00
105,75,-57.024167,-25.624167,151.00
105,76,-57.023889,-25.624167,152.00
105,77,-57.023611,-25.624167,154.00
105,78,-57.023333,-25.624167,155.00
105,79,-57.023056,-25.624167,152.00
105,80,-57.022778,-25.624167,153.00
105,81,-57.022500,-25.624167,155.00
105,82,-57.022222,-25.624167,158.00
105,83,-57.021944,-25.624167,161.00
105,84,-57.021667,-25.624167,163.00
105,85,-57.021389,-25.624167,168.00
105,86,-57.021111,-25.624167,174.00
105,87,-57.020833,-25.624167,185.00
105,88,-57.020556,-25.624167,208.00
105,89,-57.020278,-25.624167,226.00
105,90,-57.020000,-25.624167,244.00
105,91,-57.019722,-25.624167,264.00
105,92,-57.019444,-25.624167,283.00
105,93,-57.019167,-25.624167,303.00
105,94,-57.018889,-25.624167,315.00
105,95,-57.018611,-25.624167,326.00
105,96,-57.018333,-25.624167,337.00
105,97,-57.018056,-25.624167,349.00
105,98,-57.017778,-25.624167,353.00
105,99,-57.017500,-25.624167,350.00
105,100,-57.017222,-25.624167,351.00
105,101,-57.016944,-25.624167,346.00
105,102,-57.016667,-25.624167,340.00
105,103,-57.016389,-25.624167,330.00
105,104,-57.016111,-25.624167,320.00
105,105,-57.015833,-25.624167,302.00
105,106,-57.015556,-25.624167,286.00
105,107,-57.015278,-25.624167,275.00
106,0,-57.045000,-25.624444,180.00
106,1,-57.044722,-25.624444,180.00
106,2,-57.044444,-25.624444,179.00
106,3,-57.044167,-25.624444,180.00
106,4,-57.043889,-25.624444,179.00
106,5,-57.043611,-25.624444,179.00
106,6,-57.043333,-25.624444,180.00
106,7,-57.043056,-25.624444,181.00
106,8,-57.042778,-25.624444,181.00
106,9,-57.042500,-25.624444,177.00
106,10,-57.042222,-25.624444,175.00
106,11,-57.041944,-25.624444,176.00
106,12,-57.041667,-25.624444,173.00
106,13,-57.041389,-25.624444,170.00
106,14,-57.041111,-25.624444,167.00
106,15,-57.040833,-25.624444,166.00
106,16,-57.040556,-25.624444,165.00
106,17,-57.040278,-25.624444,162.00
106,18,-57.040000,-25.624444,165.00
106,19,-57.039722,-25.624444,161.00
106,20,-57.039444,-25.624444,160.00
106,21,-57.039167,-25.624444,163.00
106,22,-57.038889,-25.624444,160.00
106,23,-57.038611,-25.624444,158.00
106,24,-57.038333,-25.624444,156.00
106,25,-57.038056,-25.624444,154.00
106,26,-57.037778,-25.624444,153.00
106,27,-57.037500,-25.624444,153.00
106,28,-57.037222,-25.624444,152.00
106,29,-57.036944,-25.624444,152.00
106,30,-57.036667,-25.624444,150.00
106,31,-57.036389,-25.624444,152.00
106,32,-57.036111,-25.624444,153.00
106,33,-57.035833,-25.624444,154.00
106,34,-57.035556,-25.624444,151.00
106,35,-57.035278,-25.624444,149.00
106,36,-57.035000,-25.624444,149.00
106,37,-57.034722,-25.624444,149.00
106,38,-57.034444,-25.624444,148.00
106,39,-57.034167,-25.624444,146.00
106,40,-57.033889,-25.624444,146.00
106,41,-57.033611,-25.624444,144.00
106,42,-57.033333,-25.624444,143.00
106,43,-57.033056,-25.624444,142.00
106,44,-57.032778,-25.624444,141.00
106,45,-57.032500,-25.624444,142.00
106,46,-57.032222,-25.624444,139.00
106,47,-57.031944,-25.624444,138.00
106,48,-57.031667,-25.624444,139.00
106,49,-57.031389,-25.624444,138.00
106,50,-57.031111,-25.624444,138.00
106,51,-57.030833,-25.624444,137.00
106,52,-57.030556,-25.624444,136.00
106,53,-57.030278,-25.624444,135.00
106,54,-57.030000,-25.624444,136.00
106,55,-57.029722,-25.624444,139.00
106,56,-57.029444,-25.624444,136.00
106,57,-57.029167,-25.624444,132.00
106,58,-57.028889,-25.624444,133.00
106,59,-57.028611,-25.624444,134.00
106,60,-57.028333,-25.624444,134.00
106,61,-57.028056,-25.624444,134.00
106,62,-57.027778,-25.624444,134.00
106,63,-57.027500,-25.624444,136.00
106,64,-57.027222,-25.624444,137.00
106,65,-57.026944,-25.624444,137.00
106,66,-57.026667,-25.624444,139.00
106,67,-57.026389,-25.624444,140.00
106,68,-57.026111,-25.624444,141.00
106,69,-57.025833,-25.624444,141.00
106,70,-57.025556,-25.624444,143.00
106,71,-57.025278,-25.624444,142.00
106,72,-57.025000,-25.624444,142.00
106,73,-57.024722,-25.624444,145.00
106,74,-57.024444,-25.624444,147.00
106,75,-57.024167,-25.624444,154.00
106,76,-57.023889,-25.624444,158.00
106,77,-57.023611,-25.624444,156.00
106,78,-57.023333,-25.624444,157.00
106,79,-57.023056,-25.624444,155.00
106,80,-57.022778,-25.624444,154.00
106,81,-57.022500,-25.624444,157.00
106,82,-57.022222,-25.624444,159.00
106,83,-57.021944,-25.624444,162.00
106,84,-57.021667,-25.624444,164.00
106,85,-57.021389,-25.624444,169.00
106,86,-57.021111,-25.624444,176.00
106,87,-57.020833,-25.624444,184.00
106,88,-57.020556,-25.624444,207.00
106,89,-57.020278,-25.624444,226.00
106,90,-57.020000,-25.624444,245.00
106,91,-57.019722,-25.624444,266.00
106,92,-57.019444,-25.624444,286.00
106,93,-57.019167,-25.624444,306.00
106,94,-57.018889,-25.624444,317.00
106,95,-57.018611,-25.624444,325.00
106,96,-57.018333,-25.624444,332.00
106,97,-57.018056,-25.624444,337.00
106,98,-57.017778,-25.624444,339.00
106,99,-57.017500,-25.624444,343.00
106,100,-57.017222,-25.624444,344.00
106,101,-57.016944,-25.624444,342.00
106,102,-57.016667,-25.624444,332.00
106,103,-57.016389,-25.624444,324.00
106,104,-57.016111,-25.624444,313.00
106,105,-57.015833,-25.624444,295.00
106,106,-57.015556,-25.624444,277.00
106,107,-57.015278,-25.624444,267.00
107,0,-57.045000,-25.624722,179.00
107,1,-57.044722,-25.624722,179.00
107,2,-57.044444,-25.624722,178.00
107,3,-57.044167,-25.624722,178.00
107,4,-57.043889,-25.624722,178.00
107,5,-57.043611,-25.624722,177.00
107,6,-57.043333,-25.624722,180.00
107,7,-57.043056,-25.624722,187.00
107,8,-57.042778,-25.624722,181.00
107,9,-57.042500,-25.624722,177.00
107,10,-57.042222,-25.624722,174.00
107,11,-57.041944,-25.624722,174.00
107,12,-57.041667,-25.624722,172.00
107,13,-57.041389,-25.624722,170.00
107,14,-57.041111,-25.624722,167.00
107,15,-57.040833,-25.624722,169.00
107,16,-57.040556,-25.624722,164.00
107,17,-57.040278,-25.624722,163.00
107,18,-57.040000,-25.624722,163.00
107,19,-57.039722,-25.624722,162.00
107,20,-57.039444,-25.624722,165.00
107,21,-57.039167,-25.624722,169.00
107,22,-57.038889,-25.624722,164.00
107,23,-57.038611,-25.624722,164.00
107,24,-57.038333,-25.624722,163.00
107,25,-57.038056,-25.624722,163.00
107,26,-57.037778,-25.624722,161.00
107,27,-57.037500,-25.624722,161.00
107,28,-57.037222,-25.624722,157.00
107,29,-57.036944,-25.624722,156.00
107,30,-57.036667,-25.624722,153.00
107,31,-57.036389,-25.624722,152.00
107,32,-57.036111,-25.624722,150.00
107,33,-57.035833,-25.624722,148.00
107,34,-57.035556,-25.624722,149.00
107,35,-57.035278,-25.624722,149.00
107,36,-57.035000,-25.624722,150.00
107,37,-57.034722,-25.624722,151.00
107,38,-57.034444,-25.624722,150.00
107,39,-57.034167,-25.624722,147.00
107,40,-57.033889,-25.624722,146.00
107,41,-57.033611,-25.624722,144.00
107,42,-57.033333,-25.624722,144.00
107,43,-57.033056,-25.624722,144.00
107,44,-57.032778,-25.624722,145.00
107,45,-57.032500,-25.624722,143.00
107,46,-57.032222,-25.624722,141.00
107,47,-57.031944,-25.624722,141.00
107,48,-57.031667,-25.624722,141.00
107,49,-57.031389,-25.624722,141.00
107,50,-57.031111,-25.624722,139.00
107,51,-57.030833,-25.624722,139.00
107,52,-57.030556,-25.624722,137.00
107,53,-57.030278,-25.624722,134.00
107,54,-57.030000,-25.624722,135.00
107,55,-57.029722,-25.624722,135.00
107,56,-57.029444,-25.624722,133.00
107,57,-57.029167,-25.624722,133.00
107,58,-57.028889,-25.624722,133.00
107,59,-57.028611,-25.624722,133.00
107,60,-57.028333,-25.624722,135.00
107,61,-57.028056,-25.624722,135.00
107,62,-57.027778,-25.624722,137.00
107,63,-57.027500,-25.624722,137.00
107,64,-57.027222,-25.624722,139.00
107,65,-57.026944,-25.624722,137.00
107,66,-57.026667,-25.624722,138.00
107,67,-57.026389,-25.624722,141.00
107,68,-57.026111,-25.624722,142.00
107,69,-57.025833,-25.624722,144.00
107,70,-57.025556,-25.624722,146.00
107,71,-57.025278,-25.624722,147.00
107,72,-57.025000,-25.624722,148.00
107,73,-57.024722,-25.624722,151.00
107,74,-57.024444,-25.624722,151.00
107,75,-57.024167,-25.624722,154.00
107,76,-57.023889,-25.624722,156.00
107,77,-57.023611,-25.624722,155.00
107,78,-57.023333,-25.624722,155.00
107,79,-57.023056,-25.624722,155.00
107,80,-57.022778,-25.624722,155.00
107,81,-57.022500,-25.624722,158.00
107,82,-57.022222,-25.624722,160.00
107,83,-57.021944,-25.624722,162.00
107,84,-57.021667,-25.624722,164.00
107,85,-57.021389,-25.624722,171.00
107,86,-57.021111,-25.624722,177.00
107,87,-57.020833,-25.624722,185.00
107,88,-57.020556,-25.624722,203.00
107,89,-57.020278,-25.624722,221.00
107,90,-57.020000,-25.624722,242.00
107,91,-57.019722,-25.624722,264.00
107,92,-57.019444,-25.624722,285.00
107,93,-57.019167,-25.624722,304.00
107,94,-57.018889,-25.624722,311.00
107,95,-57.018611,-25.624722,313.00
107,96,-57.018333,-25.624722,320.00
107,97,-57.018056,-25.624722,326.00
107,98,-57.017778,-25.624722,328.00
107,99,-57.017500,-25.624722,332.00
107,100,-57.017222,-25.624722,338.00
107,101,-57.016944,-25.624722,337.00
107,102,-57.016667,-25.624722,331.00
107,103,-57.016389,-25.624722,320.00
107,104,-57.016111,-25.624722,306.00
107,105,-57.015833,-25.624722,287.00
107,106,-57.015556,-25.624722,269.00
107,107,-57.015278,-25.624722,257.00
108,0,-57.045000,-25.625000,178.00
108,1,-57.044722,-25.625000,176.00
108,2,-57.044444,-25.625000,176.00
108,3,-57.044167,-25.625000,176.00
108,4,-57.043889,-25.625000,175.00
108,5,-57.043611,-25.625000,177.00
108,6,-57.043333,-25.625000,183.00
108,7,-57.043056,-25.625000,185.00
108,8,-57.042778,-25.625000,180.00
108,9,-57.042500,-25.625000,175.00
108,10,-57.042222,-25.625000,174.00
108,11,-57.041944,-25.625000,173.00
108,12,-57.041667,-25.625000,171.00
108,13,-57.041389,-25.625000,169.00
108,14,-57.041111,-25.625000,168.00
108,15,-57.040833,-25.625000,167.00
108,16,-57.040556,-25.625000,166.00
108,17,-57.040278,-25.625000,166.00
108,18,-57.040000,-25.625000,166.00
108,19,-57.039722,-25.625000,164.00
108,20,-57.039444,-25.625000,167.00
108,21,-57.039167,-25.625000,174.00
108,22,-57.038889,-25.625000,174.00
108,23,-57.038611,-25.625000,174.00
108,24,-57.038333,-25.625000,173.00
108,25,-57.038056,-25.625000,171.00
108,26,-57.037778,-25.625000,167.00
108,27,-57.037500,-25.625000,165.00
108,28,-57.037222,-25.625000,166.00
108,29,-57.036944,-25.625000,166.00
108,30,-57.036667,-25.625000,162.00
108,31,-57.036389,-25.625000,156.00
108,32,-57.036111,-25.625000,151.00
108,33,-57.035833,-25.625000,151.00
108,34,-57.035556,-25.625000,151.00
108,35,-57.035278,-25.625000,152.00
108,36,-57.035000,-25.625000,155.00
108,37,-57.034722,-25.625000,152.00
108,38,-57.034444,-25.625000,152.00
108,39,-57.034167,-25.625000,149.00
108,40,-57.033889,-25.625000,147.00
108,41,-57.033611,-25.625000,144.00
108,42,-57.033333,-25.625000,146.00
108,43,-57.033056,-25.625000,147.00
108,44,-57.032778,-25.625000,148.00
108,45,-57.032500,-25.625000,144.00
108,46,-57.032222,-25.625000,144.00
108,47,-57.031944,-25.625000,145.00
108,48,-57.031667,-25.625000,142.00
108,49,-57.031389,-25.625000,142.00
108,50,-57.031111,-25.625000,139.00
108,51,-57.030833,-25.625000,140.00
108,52,-57.030556,-25.625000,137.00
108,53,-57.030278,-25.625000,134.00
108,54,-57.030000,-25.625000,133.00
108,55,-57.029722,-25.625000,133.00
108,56,-57.029444,-25.625000,136.00
108,57,-57.029167,-25.625000,138.00
108,58,-57.028889,-25.625000,134.00
108,59,-57.028611,-25.625000,134.00
108,60,-57.028333,-25.625000,135.00
108,61,-57.028056,-25.625000,136.00
108,62,-57.027778,-25.625000,139.00
108,63,-57.027500,-25.625000,139.00
108,64,-57.027222,-25.625000,140.00
108,65,-57.026944,-25.625000,144.00
108,66,-57.026667,-25.625000,143.00
108,67,-57.026389,-25.625000,143.00
108,68,-57.026111,-25.625000,144.00
108,69,-57.025833,-25.625000,145.00
108,70,-57.025556,-25.625000,149.00
108,71,-57.025278,-25.625000,150.00
108,72,-57.025000,-25.625000,153.00
108,73,-57.024722,-25.625000,159.00
108,74,-57.024444,-25.625000,158.00
108,75,-57.024167,-25.625000,155.00
108,76,-57.023889,-25.625000,156.00
108,77,-57.023611,-25.625000,152.00
108,78,-57.023333,-25.625000,152.00
108,79,-57.023056,-25.625000,154.00
108,80,-57.022778,-25.625000,156.00
108,81,-57.022500,-25.625000,159.00
108,82,-57.022222,-25.625000,161.00
108,83,-57.021944,-25.625000,163.00
108,84,-57.021667,-25.625000,165.00
108,85,-57.021389,-25.625000,171.00
108,86,-57.021111,-25.625000,175.00
108,87,-57.020833,-25.625000,184.00
108,88,-57.020556,-25.625000,195.00
108,89,-57.020278,-25.625000,213.00
108,90,-57.020000,-25.625000,236.00
108,91,-57.019722,-25.625000,256.00
108,92,-57.019444,-25.625000,271.00
108,93,-57.019167,-25.625000,287.00
108,94,-57.018889,-25.625000,296.00
108,95,-57.018611,-25.625000,298.00
108,96,-57.018333,-25.625000,302.00
108,97,-57.018056,-25.625000,306.00
108,98,-57.017778,-25.625000,310.00
108,99,-57.017500,-25.625000,318.00
108,100,-57.017222,-25.625000,327.00
108,101,-57.016944,-25.625000,330.00
108,102,-57.016667,-25.625000,327.00
108,103,-57.016389,-25.625000,314.00
108,104,-57.016111,-25.625000,298.00
108,105,-57.015833,-25.625000,275.00
108,106,-57.015556,-25.625000,255.00
108,107,-57.015278,-25.625000,240.00
109,0,-57.045000,-25.625278,173.00
109,1,-57.044722,-25.625278,175.00
109,2,-57.044444,-25.625278,174.00
109,3,-57.044167,-25.625278,174.00
109,4,-57.043889,-25.625278,175.00
109,5,-57.043611,-25.625278,176.00
109,6,-57.043333,-25.625278,178.00
109,7,-57.043056,-25.625278,180.00
109,8,-57.042778,-25.625278,177.00
109,9,-57.042500,-25.625278,175.00
109,10,-57.042222,-25.625278,174.00
109,11,-57.041944,-25.625278,172.00
109,12,-57.041667,-25.625278,171.00
109,13,-57.041389,-25.625278,170.00
109,14,-57.041111,-25.625278,169.00
109,15,-57.040833,-25.625278,168.00
109,16,-57.040556,-25.625278,169.00
109,17,-57.040278,-25.625278,169.00
109,18,-57.040000,-25.625278,168.00
109,19,-57.039722,-25.625278,167.00
109,20,-57.039444,-25.625278,169.00
109,21,-57.039167,-25.625278,175.00
109,22,-57.038889,-25.625278,177.00
109,23,-57.038611,-25.625278,173.00
109,24,-57.038333,-25.625278,176.00
109,25,-57.038056,-25.625278,177.00
109,26,-57.037778,-25.625278,169.00
109,27,-57.037500,-25.625278,166.00
109,28,-57.037222,-25.625278,168.00
109,29,-57.036944,-25.625278,165.00
109,30,-57.036667,-25.625278,161.00
109,31,-57.036389,-25.625278,163.00
109,32,-57.036111,-25.625278,160.00
109,33,-57.035833,-25.625278,158.00
109,34,-57.035556,-25.625278,161.00
109,35,-57.035278,-25.625278,162.00
109,36,-57.035000,-25.625278,163.00
109,37,-57.034722,-25.625278,153.00
109,38,-57.034444,-25.625278,154.00
109,39,-57.034167,-25.625278,151.00
109,40,-57.033889,-25.625278,149.00
109,41,-57.033611,-25.625278,149.00
109,42,-57.033333,-25.625278,147.00
109,43,-57.033056,-25.625278,147.00
109,44,-57.032778,-25.625278,146.00
109,45,-57.032500,-25.625278,145.00
109,46,-57.032222,-25.625278,143.00
109,47,-57.031944,-25.625278,142.00
109,48,-57.031667,-25.625278,146.00
109,49,-57.031389,-25.625278,144.00
109,50,-57.031111,-25.625278,139.00
109,51,-57.030833,-25.625278,139.00
109,52,-57.030556,-25.625278,140.00
109,53,-57.030278,-25.625278,140.00
109,54,-57.030000,-25.625278,135.00
109,55,-57.029722,-25.625278,137.00
109,56,-57.029444,-25.625278,138.00
109,57,-57.029167,-25.625278,138.00
109,58,-57.028889,-25.625278,140.00
109,59,-57.028611,-25.625278,136.00
109,60,-57.028333,-25.625278,135.00
109,61,-57.028056,-25.625278,139.00
109,62,-57.027778,-25.625278,139.00
109,63,-57.027500,-25.625278,140.00
109,64,-57.027222,-25.625278,140.00
109,65,-57.026944,-25.625278,142.00
109,66,-57.026667,-25.625278,143.00
109,67,-57.026389,-25.625278,144.00
109,68,-57.026111,-25.625278,145.00
109,69,-57.025833,-25.625278,146.00
109,70,-57.025556,-25.625278,149.00
109,71,-57.025278,-25.625278,149.00
109,72,-57.025000,-25.625278,154.00
109,73,-57.024722,-25.625278,155.00
109,74,-57.024444,-25.625278,157.00
109,75,-57.024167,-25.625278,156.00
109,76,-57.023889,-25.625278,153.00
109,77,-57.023611,-25.625278,153.00
109,78,-57.023333,-25.625278,154.00
109,79,-57.023056,-25.625278,155.00
109,80,-57.022778,-25.625278,157.00
109,81,-57.022500,-25.625278,160.00
109,82,-57.022222,-25.625278,162.00
109,83,-57.021944,-25.625278,164.00
109,84,-57.021667,-25.625278,164.00
109,85,-57.021389,-25.625278,169.00
109,86,-57.021111,-25.625278,173.00
109,87,-57.020833,-25.625278,179.00
109,88,-57.020556,-25.625278,188.00
109,89,-57.020278,-25.625278,202.00
109,90,-57.020000,-25.625278,226.00
109,91,-57.019722,-25.625278,239.00
109,92,-57.019444,-25.625278,248.00
109,93,-57.019167,-25.625278,259.00
109,94,-57.018889,-25.625278,268.00
109,95,-57.018611,-25.625278,275.00
109,96,-57.018333,-25.625278,283.00
109,97,-57.018056,-25.625278,290.00
109,98,-57.017778,-25.625278,296.00
109,99,-57.017500,-25.625278,303.00
109,100,-57.017222,-25.625278,310.00
109,101,-57.016944,-25.625278,318.00
109,102,-57.016667,-25.625278,318.00
109,103,-57.016389,-25.625278,307.00
109,104,-57.016111,-25.625278,290.00
109,105,-57.015833,-25.625278,267.00
109,106,-57.015556,-25.625278,244.00
109,107,-57.015278,-25.625278,226.00
110,0,-57.045000,-25.625556,179.00
110,1,-57.044722,-25.625556,176.00
110,2,-57.044444,-25.625556,173.00
110,3,-57.044167,-25.625556,174.00
110,4,-57.043889,-25.625556,174.00
110,5,-57.043611,-25.625556,174.00
110,6,-57.043333,-25.625556,175.00
110,7,-57.043056,-25.625556,176.00
110,8,-57.042778,-25.625556,175.00
110,9,-57.042500,-25.625556,174.00
110,10,-57.042222,-25.625556,174.00
110,11,-57.041944,-25.625556,173.00
110,12,-57.041667,-25.625556,172.00
110,13,-57.041389,-25.625556,172.00
110,14,-57.041111,-25.625556,172.00
110,15,-57.040833,-25.625556,172.00
110,16,-57.040556,-25.625556,171.00
110,17,-57.040278,-25.625556,171.00
110,18,-57.040000,-25.625556,170.00
110,19,-57.039722,-25.625556,169.00
110,20,-57.039444,-25.625556,171.00
110,21,-57.039167,-25.625556,173.00
110,22,-57.038889,-25.625556,177.00
110,23,-57.038611,-25.625556,174.00
110,24,-57.038333,-25.625556,174.00
110,25,-57.038056,-25.625556,171.00
110,26,-57.037778,-25.625556,166.00
110,27,-57.037500,-25.625556,167.00
110,28,-57.037222,-25.625556,167.00
110,29,-57.036944,-25.625556,166.00
110,30,-57.036667,-25.625556,163.00
110,31,-57.036389,-25.625556,161.00
110,32,-57.036111,-25.625556,162.00
110,33,-57.035833,-25.625556,165.00
110,34,-57.035556,-25.625556,172.00
110,35,-57.035278,-25.625556,169.00
110,36,-57.035000,-25.625556,168.00
110,37,-57.034722,-25.625556,159.00
110,38,-57.034444,-25.625556,155.00
110,39,-57.034167,-25.625556,151.00
110,40,-57.033889,-25.625556,150.00
110,41,-57.033611,-25.625556,150.00
110,42,-57.033333,-25.625556,147.00
110,43,-57.033056,-25.625556,147.00
110,44,-57.032778,-25.625556,146.00
110,45,-57.032500,-25.625556,144.00
110,46,-57.032222,-25.625556,143.00
110,47,-57.031944,-25.625556,142.00
110,48,-57.031667,-25.625556,141.00
110,49,-57.031389,-25.625556,138.00
110,50,-57.031111,-25.625556,137.00
110,51,-57.030833,-25.625556,137.00
110,52,-57.030556,-25.625556,144.00
110,53,-57.030278,-25.625556,145.00
110,54,-57.030000,-25.625556,141.00
110,55,-57.029722,-25.625556,140.00
110,56,-57.029444,-25.625556,135.00
110,57,-57.029167,-25.625556,134.00
110,58,-57.028889,-25.625556,141.00
110,59,-57.028611,-25.625556,136.00
110,60,-57.028333,-25.625556,136.00
110,61,-57.028056,-25.625556,138.00
110,62,-57.027778,-25.625556,140.00
110,63,-57.027500,-25.625556,140.00
110,64,-57.027222,-25.625556,141.00
110,65,-57.026944,-25.625556,140.00
110,66,-57.026667,-25.625556,143.00
110,67,-57.026389,-25.625556,144.00
110,68,-57.026111,-25.625556,145.00
110,69,-57.025833,-25.625556,146.00
110,70,-57.025556,-25.625556,149.00
110,71,-57.025278,-25.625556,152.00
110,72,-57.025000,-25.625556,155.00
110,73,-57.024722,-25.625556,152.00
110,74,-57.024444,-25.625556,152.00
110,75,-57.024167,-25.625556,152.00
110,76,-57.023889,-25.625556,153.00
110,77,-57.023611,-25.625556,154.00
110,78,-57.023333,-25.625556,155.00
110,79,-57.023056,-25.625556,157.00
110,80,-57.022778,-25.625556,158.00
110,81,-57.022500,-25.625556,160.00
110,82,-57.022222,-25.625556,162.00
110,83,-57.021944,-25.625556,164.00
110,84,-57.021667,-25.625556,166.00
110,85,-57.021389,-25.625556,169.00
110,86,-57.021111,-25.625556,169.00
110,87,-57.020833,-25.625556,174.00
110,88,-57.020556,-25.625556,182.00
110,89,-57.020278,-25.625556,193.00
110,90,-57.020000,-25.625556,211.00
110,91,-57.019722,-25.625556,223.00
110,92,-57.019444,-25.625556,229.00
110,93,-57.019167,-25.625556,237.00
110,94,-57.018889,-25.625556,245.00
110,95,-57.018611,-25.625556,250.00
110,96,-57.018333,-25.625556,260.00
110,97,-57.018056,-25.625556,271.00
110,98,-57.017778,-25.625556,280.00
110,99,-57.017500,-25.625556,289.00
110,100,-57.017222,-25.625556,296.00
110,101,-57.016944,-25.625556,305.00
110,102,-57.016667,-25.625556,309.00
110,103,-57.016389,-25.625556,298.00
110,104,-57.016111,-25.625556,285.00
110,105,-57.015833,-25.625556,262.00
110,106,-57.015556,-25.625556,239.00
110,107,-57.015278,-25.625556,223.00
111,0,-57.045000,-25.625833,178.00
111,1,-57.044722,-25.625833,176.00
111,2,-57.044444,-25.625833,178.00
111,3,-57.044167,-25.625833,176.00
111,4,-57.043889,-25.625833,173.00
111,5,-57.043611,-25.625833,173.00
111,6,-57.043333,-25.625833,174.00
111,7,-57.043056,-25.625833,175.00
111,8,-57.042778,-25.625833,173.00
111,9,-57.042500,-25.625833,173.00
111,10,-57.042222,-25.625833,173.00
111,11,-57.041944,-25.625833,173.00
111,12,-57.041667,-25.625833,175.00
111,13,-57.041389,-25.625833,173.00
111,14,-57.041111,-25.625833,175.00
111,15,-57.040833,-25.625833,174.00
111,16,-57.040556,-25.625833,171.00
111,17,-57.040278,-25.625833,172.00
111,18,-57.040000,-25.625833,172.00
111,19,-57.039722,-25.625833,171.00
111,20,-57.039444,-25.625833,173.00
111,21,-57.039167,-25.625833,171.00
111,22,-57.038889,-25.625833,171.00
111,23,-57.038611,-25.625833,172.00
111,24,-57.038333,-25.625833,171.00
111,25,-57.038056,-25.625833,175.00
111,26,-57.037778,-25.625833,170.00
111,27,-57.037500,-25.625833,167.00
111,28,-57.037222,-25.625833,167.00
111,29,-57.036944,-25.625833,167.00
111,30,-57.036667,-25.625833,165.00
111,31,-57.036389,-25.625833,163.00
111,32,-57.036111,-25.625833,164.00
111,33,-57.035833,-25.625833,169.00
111,34,-57.035556,-25.625833,171.00
111,35,-57.035278,-25.625833,167.00
111,36,-57.035000,-25.625833,161.00
111,37,-57.034722,-25.625833,158.00
111,38,-57.034444,-25.625833,155.00
111,39,-57.034167,-25.625833,152.00
111,40,-57.033889,-25.625833,151.00
111,41,-57.033611,-25.625833,150.00
111,42,-57.033333,-25.625833,149.00
111,43,-57.033056,-25.625833,148.00
111,44,-57.032778,-25.625833,146.00
111,45,-57.032500,-25.625833,147.00
111,46,-57.032222,-25.625833,145.00
111,47,-57.031944,-25.625833,143.00
111,48,-57.031667,-25.625833,141.00
111,49,-57.031389,-25.625833,139.00
111,50,-57.031111,-25.625833,138.00
111,51,-57.030833,-25.625833,136.00
111,52,-57.030556,-25.625833,138.00
111,53,-57.030278,-25.625833,137.00
111,54,-57.030000,-25.625833,135.00
111,55,-57.029722,-25.625833,134.00
111,56,-57.029444,-25.625833,132.00
111,57,-57.029167,-25.625833,132.00
111,58,-57.028889,-25.625833,135.00
111,59,-57.028611,-25.625833,133.00
111,60,-57.028333,-25.625833,134.00
111,61,-57.028056,-25.625833,138.00
111,62,-57.027778,-25.625833,140.00
111,63,-57.027500,-25.625833,139.00
111,64,-57.027222,-25.625833,140.00
111,65,-57.026944,-25.625833,141.00
111,66,-57.026667,-25.625833,143.00
111,67,-57.026389,-25.625833,144.00
111,68,-57.026111,-25.625833,144.00
111,69,-57.025833,-25.625833,149.00
111,70,-57.025556,-25.625833,152.00
111,71,-57.025278,-25.625833,153.00
111,72,-57.025000,-25.625833,152.00
111,73,-57.024722,-25.625833,151.00
111,74,-57.024444,-25.625833,152.00
111,75,-57.024167,-25.625833,152.00
111,76,-57.023889,-25.625833,154.00
111,77,-57.023611,-25.625833,155.00
111,78,-57.023333,-25.625833,156.00
111,79,-57.023056,-25.625833,157.00
111,80,-57.022778,-25.625833,158.00
111,81,-57.022500,-25.625833,160.00
111,82,-57.022222,-25.625833,162.00
111,83,-57.021944,-25.625833,163.00
111,84,-57.021667,-25.625833,166.00
111,85,-57.021389,-25.625833,167.00
111,86,-57.021111,-25.625833,169.00
111,87,-57.020833,-25.625833,171.00
111,88,-57.020556,-25.625833,176.00
111,89,-57.020278,-25.625833,183.00
111,90,-57.020000,-25.625833,193.00
111,91,-57.019722,-25.625833,204.00
111,92,-57.019444,-25.625833,211.00
111,93,-57.019167,-25.625833,214.00
111,94,-57.018889,-25.625833,221.00
111,95,-57.018611,-25.625833,227.00
111,96,-57.018333,-25.625833,236.00
111,97,-57.018056,-25.625833,248.00
111,98,-57.017778,-25.625833,259.00
111,99,-57.017500,-25.625833,270.00
111,100,-57.017222,-25.625833,279.00
111,101,-57.016944,-25.625833,287.00
111,102,-57.016667,-25.625833,295.00
111,103,-57.016389,-25.625833,289.00
111,104,-57.016111,-25.625833,278.00
111,105,-57.015833,-25.625833,259.00
111,106,-57.015556,-25.625833,237.00
111,107,-57.015278,-25.625833,221.00
112,0,-57.045000,-25.626111,168.00
112,1,-57.044722,-25.626111,171.00
112,2,-57.044444,-25.626111,174.00
112,3,-57.044167,-25.626111,178.00
112,4,-57.043889,-25.626111,173.00
112,5,-57.043611,-25.626111,170.00
112,6,-57.043333,-25.626111,172.00
112,7,-57.043056,-25.626111,174.00
112,8,-57.042778,-25.626111,174.00
112,9,-57.042500,-25.626111,175.00
112,10,-57.042222,-25.626111,177.00
112,11,-57.041944,-25.626111,178.00
112,12,-57.041667,-25.626111,176.00
112,13,-57.041389,-25.626111,175.00
112,14,-57.041111,-25.626111,175.00
112,15,-57.040833,-25.626111,173.00
112,16,-57.040556,-25.626111,172.00
112,17,-57.040278,-25.626111,172.00
112,18,-57.040000,-25.626111,173.00
112,19,-57.039722,-25.626111,172.00
112,20,-57.039444,-25.626111,171.00
112,21,-57.039167,-25.626111,171.00
112,22,-57.038889,-25.626111,171.00
112,23,-57.038611,-25.626111,171.00
112,24,-57.038333,-25.626111,170.00
112,25,-57.038056,-25.626111,167.00
112,26,-57.037778,-25.626111,166.00
112,27,-57.037500,-25.626111,167.00
112,28,-57.037222,-25.626111,169.00
112,29,-57.036944,-25.626111,171.00
112,30,-57.036667,-25.626111,166.00
112,31,-57.036389,-25.626111,166.00
112,32,-57.036111,-25.626111,165.00
112,33,-57.035833,-25.626111,165.00
112,34,-57.035556,-25.626111,163.00
112,35,-57.035278,-25.626111,159.00
112,36,-57.035000,-25.626111,157.00
112,37,-57.034722,-25.626111,156.00
112,38,-57.034444,-25.626111,155.00
112,39,-57.034167,-25.626111,153.00
112,40,-57.033889,-25.626111,151.00
112,41,-57.033611,-25.626111,150.00
112,42,-57.033333,-25.626111,149.00
112,43,-57.033056,-25.626111,147.00
112,44,-57.032778,-25.626111,147.00
112,45,-57.032500,-25.626111,146.00
112,46,-57.032222,-25.626111,142.00
112,47,-57.031944,-25.626111,142.00
112,48,-57.031667,-25.626111,140.00
112,49,-57.031389,-25.626111,141.00
112,50,-57.031111,-25.626111,137.00
112,51,-57.030833,-25.626111,135.00
112,52,-57.030556,-25.626111,136.00
112,53,-57.030278,-25.626111,136.00
112,54,-57.030000,-25.626111,135.00
112,55,-57.029722,-25.626111,134.00
112,56,-57.029444,-25.626111,133.00
112,57,-57.029167,-25.626111,132.00
112,58,-57.028889,-25.626111,134.00
112,59,-57.028611,-25.626111,133.00
112,60,-57.028333,-25.626111,134.00
112,61,-57.028056,-25.626111,136.00
112,62,-57.027778,-25.626111,139.00
112,63,-57.027500,-25.626111,139.00
112,64,-57.027222,-25.626111,138.00
112,65,-57.026944,-25.626111,140.00
112,66,-57.026667,-25.626111,142.00
112,67,-57.026389,-25.626111,143.00
112,68,-57.026111,-25.626111,143.00
112,69,-57.025833,-25.626111,147.00
112,70,-57.025556,-25.626111,153.00
112,71,-57.025278,-25.626111,151.00
112,72,-57.025000,-25.626111,151.00
112,73,-57.024722,-25.626111,152.00
112,74,-57.024444,-25.626111,152.00
112,75,-57.024167,-25.626111,153.00
112,76,-57.023889,-25.626111,155.00
112,77,-57.023611,-25.626111,155.00
112,78,-57.023333,-25.626111,157.00
112,79,-57.023056,-25.626111,161.00
112,80,-57.022778,-25.626111,160.00
112,81,-57.022500,-25.626111,160.00
112,82,-57.022222,-25.626111,162.00
112,83,-57.021944,-25.626111,163.00
112,84,-57.021667,-25.626111,166.00
112,85,-57.021389,-25.626111,167.00
112,86,-57.021111,-25.626111,169.00
112,87,-57.020833,-25.626111,171.00
112,88,-57.020556,-25.626111,173.00
112,89,-57.020278,-25.626111,177.00
112,90,-57.020000,-25.626111,182.00
112,91,-57.019722,-25.626111,188.00
112,92,-57.019444,-25.626111,193.00
112,93,-57.019167,-25.626111,196.00
112,94,-57.018889,-25.626111,203.00
112,95,-57.018611,-25.626111,209.00
112,96,-57.018333,-25.626111,217.00
112,97,-57.018056,-25.626111,228.00
112,98,-57.017778,-25.626111,239.00
112,99,-57.017500,-25.626111,251.00
112,100,-57.017222,-25.626111,261.00
112,101,-57.016944,-25.626111,268.00
112,102,-57.016667,-25.626111,275.00
112,103,-57.016389,-25.626111,275.00
112,104,-57.016111,-25.626111,265.00
112,105,-57.015833,-25.626111,249.00
112,106,-57.015556,-25.626111,231.00
112,107,-57.015278,-25.626111,216.00
113,0,-57.045000,-25.626389,164.00
113,1,-57.044722,-25.626389,167.00
113,2,-57.044444,-25.626389,171.00
113,3,-57.044167,-25.626389,173.00
113,4,-57.043889,-25.626389,171.00
113,5,-57.043611,-25.626389,170.00
113,6,-57.043333,-25.626389,171.00
113,7,-57.043056,-25.626389,173.00
113,8,-57.042778,-25.626389,176.00
113,9,-57.042500,-25.626389,178.00
113,10,-57.042222,-25.626389,184.00
113,11,-57.041944,-25.626389,180.00
113,12,-57.041667,-25.626389,176.00
113,13,-57.041389,-25.626389,176.00
113,14,-57.041111,-25.626389,175.00
113,15,-57.040833,-25.626389,174.00
113,16,-57.040556,-25.626389,173.00
113,17,-57.040278,-25.626389,172.00
113,18,-57.040000,-25.626389,173.00
113,19,-57.039722,-25.626389,172.00
113,20,-57.039444,-25.626389,171.00
113,21,-57.039167,-25.626389,171.00
113,22,-57.038889,-25.626389,172.00
113,23,-57.038611,-25.626389,170.00
113,24,-57.038333,-25.626389,171.00
113,25,-57.038056,-25.626389,170.00
113,26,-57.037778,-25.626389,167.00
113,27,-57.037500,-25.626389,167.00
113,28,-57.037222,-25.626389,172.00
113,29,-57.036944,-25.626389,173.00
113,30,-57.036667,-25.626389,165.00
113,31,-57.036389,-25.626389,165.00
113,32,-57.036111,-25.626389,164.00
113,33,-57.035833,-25.626389,161.00
113,34,-57.035556,-25.626389,161.00
113,35,-57.035278,-25.626389,159.00
113,36,-57.035000,-25.626389,157.00
113,37,-57.034722,-25.626389,156.00
113,38,-57.034444,-25.626389,154.00
113,39,-57.034167,-25.626389,152.00
113,40,-57.033889,-25.626389,151.00
113,41,-57.033611,-25.626389,150.00
113,42,-57.033333,-25.626389,149.00
113,43,-57.033056,-25.626389,148.00
113,44,-57.032778,-25.626389,149.00
113,45,-57.032500,-25.626389,148.00
113,46,-57.032222,-25.626389,144.00
113,47,-57.031944,-25.626389,142.00
113,48,-57.031667,-25.626389,140.00
113,49,-57.031389,-25.626389,143.00
113,50,-57.031111,-25.626389,136.00
113,51,-57.030833,-25.626389,134.00
113,52,-57.030556,-25.626389,136.00
113,53,-57.030278,-25.626389,137.00
113,54,-57.030000,-25.626389,136.00
113,55,-57.029722,-25.626389,134.00
113,56,-57.029444,-25.626389,133.00
113,57,-57.029167,-25.626389,133.00
113,58,-57.028889,-25.626389,134.00
113,59,-57.028611,-25.626389,133.00
113,60,-57.028333,-25.626389,135.00
113,61,-57.028056,-25.626389,136.00
113,62,-57.027778,-25.626389,140.00
113,63,-57.027500,-25.626389,139.00
113,64,-57.027222,-25.626389,138.00
113,65,-57.026944,-25.626389,141.00
113,66,-57.026667,-25.626389,142.00
113,67,-57.026389,-25.626389,142.00
113,68,-57.026111,-25.626389,146.00
113,69,-57.025833,-25.626389,146.00
113,70,-57.025556,-25.626389,151.00
113,71,-57.025278,-25.626389,151.00
113,72,-57.025000,-25.626389,151.00
113,73,-57.024722,-25.626389,152.00
113,74,-57.024444,-25.626389,153.00
113,75,-57.024167,-25.626389,154.00
113,76,-57.023889,-25.626389,155.00
113,77,-57.023611,-25.626389,155.00
113,78,-57.023333,-25.626389,159.00
113,79,-57.023056,-25.626389,162.00
113,80,-57.022778,-25.626389,159.00
113,81,-57.022500,-25.626389,160.00
113,82,-57.022222,-25.626389,162.00
113,83,-57.021944,-25.626389,163.00
113,84,-57.021667,-25.626389,165.00
113,85,-57.021389,-25.626389,167.00
113,86,-57.021111,-25.626389,168.00
113,87,-57.020833,-25.626389,171.00
113,88,-57.020556,-25.626389,173.00
113,89,-57.020278,-25.626389,177.00
113,90,-57.020000,-25.626389,179.00
113,91,-57.019722,-25.626389,182.00
113,92,-57.019444,-25.626389,185.00
113,93,-57.019167,-25.626389,188.00
113,94,-57.018889,-25.626389,193.00
113,95,-57.018611,-25.626389,199.00
113,96,-57.018333,-25.626389,205.00
113,97,-57.018056,-25.626389,214.00
113,98,-57.017778,-25.626389,224.00
113,99,-57.017500,-25.626389,236.00
113,100,-57.017222,-25.626389,245.00
113,101,-57.016944,-25.626389,251.00
113,102,-57.016667,-25.626389,257.00
113,103,-57.016389,-25.626389,258.00
113,104,-57.016111,-25.626389,253.00
113,105,-57.015833,-25.626389,238.00
113,106,-57.015556,-25.626389,223.00
113,107,-57.015278,-25.626389,207.00
114,0,-57.045000,-25.626667,162.00
114,1,-57.044722,-25.626667,165.00
114,2,-57.044444,-25.626667,167.00
114,3,-57.044167,-25.626667,169.00
114,4,-57.043889,-25.626667,170.00
114,5,-57.043611,-25.626667,170.00
114,6,-57.043333,-25.626667,171.00
114,7,-57.043056,-25.626667,174.00
114,8,-57.042778,-25.626667,176.00
114,9,-57.042500,-25.626667,177.00
114,10,-57.042222,-25.626667,178.00
114,11,-57.041944,-25.626667,179.00
114,12,-57.041667,-25.626667,178.00
114,13,-57.041389,-25.626667,175.00
114,14,-57.041111,-25.626667,174.00
114,15,-57.040833,-25.626667,173.00
114,16,-57.040556,-25.626667,172.00
114,17,-57.040278,-25.626667,171.00
114,18,-57.040000,-25.626667,172.00
114,19,-57.039722,-25.626667,172.00
114,20,-57.039444,-25.626667,172.00
114,21,-57.039167,-25.626667,171.00
114,22,-57.038889,-25.626667,171.00
114,23,-57.038611,-25.626667,171.00
114,24,-57.038333,-25.626667,169.00
114,25,-57.038056,-25.626667,169.00
114,26,-57.037778,-25.626667,168.00
114,27,-57.037500,-25.626667,168.00
114,28,-57.037222,-25.626667,176.00
114,29,-57.036944,-25.626667,177.00
114,30,-57.036667,-25.626667,171.00
114,31,-57.036389,-25.626667,166.00
114,32,-57.036111,-25.626667,164.00
114,33,-57.035833,-25.626667,161.00
114,34,-57.035556,-25.626667,160.00
114,35,-57.035278,-25.626667,159.00
114,36,-57.035000,-25.626667,157.00
114,37,-57.034722,-25.626667,156.00
114,38,-57.034444,-25.626667,154.00
114,39,-57.034167,-25.626667,153.00
114,40,-57.033889,-25.626667,152.00
114,41,-57.033611,-25.626667,151.00
114,42,-57.033333,-25.626667,150.00
114,43,-57.033056,-25.626667,147.00
114,44,-57.032778,-25.626667,147.00
114,45,-57.032500,-25.626667,147.00
114,46,-57.032222,-25.626667,142.00
114,47,-57.031944,-25.626667,140.00
114,48,-57.031667,-25.626667,138.00
114,49,-57.031389,-25.626667,138.00
114,50,-57.031111,-25.626667,135.00
114,51,-57.030833,-25.626667,135.00
114,52,-57.030556,-25.626667,135.00
114,53,-57.030278,-25.626667,136.00
114,54,-57.030000,-25.626667,135.00
114,55,-57.029722,-25.626667,135.00
114,56,-57.029444,-25.626667,133.00
114,57,-57.029167,-25.626667,131.00
114,58,-57.028889,-25.626667,131.00
114,59,-57.028611,-25.626667,133.00
114,60,-57.028333,-25.626667,137.00
114,61,-57.028056,-25.626667,138.00
114,62,-57.027778,-25.626667,140.00
114,63,-57.027500,-25.626667,140.00
114,64,-57.027222,-25.626667,139.00
114,65,-57.026944,-25.626667,141.00
114,66,-57.026667,-25.626667,140.00
114,67,-57.026389,-25.626667,143.00
114,68,-57.026111,-25.626667,145.00
114,69,-57.025833,-25.626667,145.00
114,70,-57.025556,-25.626667,149.00
114,71,-57.025278,-25.626667,150.00
114,72,-57.025000,-25.626667,151.00
114,73,-57.024722,-25.626667,152.00
114,74,-57.024444,-25.626667,154.00
114,75,-57.024167,-25.626667,155.00
114,76,-57.023889,-25.626667,155.00
114,77,-57.023611,-25.626667,156.00
114,78,-57.023333,-25.626667,156.00
114,79,-57.023056,-25.626667,157.00
114,80,-57.022778,-25.626667,158.00
114,81,-57.022500,-25.626667,160.00
114,82,-57.022222,-25.626667,161.00
114,83,-57.021944,-25.626667,163.00
114,84,-57.021667,-25.626667,165.00
114,85,-57.021389,-25.626667,167.00
114,86,-57.021111,-25.626667,168.00
114,87,-57.020833,-25.626667,170.00
114,88,-57.020556,-25.626667,174.00
114,89,-57.020278,-25.626667,175.00
114,90,-57.020000,-25.626667,176.00
114,91,-57.019722,-25.626667,178.00
114,92,-57.019444,-25.626667,181.00
114,93,-57.019167,-25.626667,183.00
114,94,-57.018889,-25.626667,186.00
114,95,-57.018611,-25.626667,187.00
114,96,-57.018333,-25.626667,190.00
114,97,-57.018056,-25.626667,199.00
114,98,-57.017778,-25.626667,212.00
114,99,-57.017500,-25.626667,220.00
114,100,-57.017222,-25.626667,227.00
114,101,-57.016944,-25.626667,230.00
114,102,-57.016667,-25.626667,235.00
114,103,-57.016389,-25.626667,237.00
114,104,-57.016111,-25.626667,234.00
114,105,-57.015833,-25.626667,225.00
114,106,-57.015556,-25.626667,210.00
114,107,-57.015278,-25.626667,194.00
115,0,-57.045000,-25.626944,162.00
115,1,-57.044722,-25.626944,162.00
115,2,-57.044444,-25.626944,171.00
115,3,-57.044167,-25.626944,174.00
115,4,-57.043889,-25.626944,169.00
115,5,-57.043611,-25.626944,169.00
115,6,-57.043333,-25.626944,172.00
115,7,-57.043056,-25.626944,175.00
115,8,-57.042778,-25.626944,173.00
115,9,-57.042500,-25.626944,174.00
115,10,-57.042222,-25.626944,180.00
115,11,-57.041944,-25.626944,179.00
115,12,-57.041667,-25.626944,183.00
115,13,-57.041389,-25.626944,177.00
115,14,-57.041111,-25.626944,174.00
115,15,-57.040833,-25.626944,173.00
115,16,-57.040556,-25.626944,172.00
115,17,-57.040278,-25.626944,171.00
115,18,-57.040000,-25.626944,172.00
115,19,-57.039722,-25.626944,171.00
115,20,-57.039444,-25.626944,171.00
115,21,-57.039167,-25.626944,171.00
115,22,-57.038889,-25.626944,171.00
115,23,-57.038611,-25.626944,170.00
115,24,-57.038333,-25.626944,169.00
115,25,-57.038056,-25.626944,168.00
115,26,-57.037778,-25.626944,168.00
115,27,-57.037500,-25.626944,168.00
115,28,-57.037222,-25.626944,174.00
115,29,-57.036944,-25.626944,175.00
115,30,-57.036667,-25.626944,170.00
115,31,-57.036389,-25.626944,163.00
115,32,-57.036111,-25.626944,162.00
115,33,-57.035833,-25.626944,163.00
115,34,-57.035556,-25.626944,159.00
115,35,-57.035278,-25.626944,157.00
115,36,-57.035000,-25.626944,156.00
115,37,-57.034722,-25.626944,156.00
115,38,-57.034444,-25.626944,154.00
115,39,-57.034167,-25.626944,153.00
115,40,-57.033889,-25.626944,152.00
115,41,-57.033611,-25.626944,151.00
115,42,-57.033333,-25.626944,149.00
115,43,-57.033056,-25.626944,147.00
115,44,-57.032778,-25.626944,144.00
115,45,-57.032500,-25.626944,140.00
115,46,-57.032222,-25.626944,142.00
115,47,-57.031944,-25.626944,141.00
115,48,-57.031667,-25.626944,141.00
115,49,-57.031389,-25.626944,143.00
115,50,-57.031111,-25.626944,138.00
115,51,-57.030833,-25.626944,137.00
115,52,-57.030556,-25.626944,139.00
115,53,-57.030278,-25.626944,137.00
115,54,-57.030000,-25.626944,136.00
115,55,-57.029722,-25.626944,135.00
115,56,-57.029444,-25.626944,131.00
115,57,-57.029167,-25.626944,130.00
115,58,-57.028889,-25.626944,131.00
115,59,-57.028611,-25.626944,134.00
115,60,-57.028333,-25.626944,138.00
115,61,-57.028056,-25.626944,138.00
115,62,-57.027778,-25.626944,139.00
115,63,-57.027500,-25.626944,139.00
115,64,-57.027222,-25.626944,139.00
115,65,-57.026944,-25.626944,142.00
115,66,-57.026667,-25.626944,140.00
115,67,-57.026389,-25.626944,141.00
115,68,-57.026111,-25.626944,143.00
115,69,-57.025833,-25.626944,144.00
115,70,-57.025556,-25.626944,147.00
115,71,-57.025278,-25.626944,148.00
115,72,-57.025000,-25.626944,151.00
115,73,-57.024722,-25.626944,152.00
115,74,-57.024444,-25.626944,154.00
115,75,-57.024167,-25.626944,155.00
115,76,-57.023889,-25.626944,155.00
115,77,-57.023611,-25.626944,155.00
115,78,-57.023333,-25.626944,156.00
115,79,-57.023056,-25.626944,158.00
115,80,-57.022778,-25.626944,159.00
115,81,-57.022500,-25.626944,160.00
115,82,-57.022222,-25.626944,161.00
115,83,-57.021944,-25.626944,163.00
115,84,-57.021667,-25.626944,165.00
115,85,-57.021389,-25.626944,167.00
115,86,-57.021111,-25.626944,168.00
115,87,-57.020833,-25.626944,170.00
115,88,-57.020556,-25.626944,172.00
115,89,-57.020278,-25.626944,172.00
115,90,-57.020000,-25.626944,174.00
115,91,-57.019722,-25.626944,177.00
115,92,-57.019444,-25.626944,179.00
115,93,-57.019167,-25.626944,181.00
115,94,-57.018889,-25.626944,185.00
115,95,-57.018611,-25.626944,185.00
115,96,-57.018333,-25.626944,185.00
115,97,-57.018056,-25.626944,188.00
115,98,-57.017778,-25.626944,196.00
115,99,-57.017500,-25.626944,205.00
115,100,-57.017222,-25.626944,208.00
115,101,-57.016944,-25.626944,209.00
115,102,-57.016667,-25.626944,208.00
115,103,-57.016389,-25.626944,209.00
115,104,-57.016111,-25.626944,208.00
115,105,-57.015833,-25.626944,203.00
115,106,-57.015556,-25.626944,193.00
115,107,-57.015278,-25.626944,184.00
116,0,-57.045000,-25.627222,161.00
116,1,-57.044722,-25.627222,161.00
116,2,-57.044444,-25.627222,167.00
116,3,-57.044167,-25.627222,176.00
116,4,-57.043889,-25.627222,170.00
116,5,-57.043611,-25.627222,169.00
116,6,-57.043333,-25.627222,171.00
116,7,-57.043056,-25.627222,175.00
116,8,-57.042778,-25.627222,173.00
116,9,-57.042500,-25.627222,177.00
116,10,-57.042222,-25.627222,183.00
116,11,-57.041944,-25.627222,180.00
116,12,-57.041667,-25.627222,177.00
116,13,-57.041389,-25.627222,175.00
116,14,-57.041111,-25.627222,172.00
116,15,-57.040833,-25.627222,171.00
116,16,-57.040556,-25.627222,171.00
116,17,-57.040278,-25.627222,171.00
116,18,-57.040000,-25.627222,171.00
116,19,-57.039722,-25.627222,172.00
116,20,-57.039444,-25.627222,170.00
116,21,-57.039167,-25.627222,171.00
116,22,-57.038889,-25.627222,170.00
116,23,-57.038611,-25.627222,169.00
116,24,-57.038333,-25.627222,169.00
116,25,-57.038056,-25.627222,167.00
116,26,-57.037778,-25.627222,168.00
116,27,-57.037500,-25.627222,167.00
116,28,-57.037222,-25.627222,174.00
116,29,-57.036944,-25.627222,179.00
116,30,-57.036667,-25.627222,172.00
116,31,-57.036389,-25.627222,163.00
116,32,-57.036111,-25.627222,162.00
116,33,-57.035833,-25.627222,162.00
116,34,-57.035556,-25.627222,160.00
116,35,-57.035278,-25.627222,158.00
116,36,-57.035000,-25.627222,156.00
116,37,-57.034722,-25.627222,156.00
116,38,-57.034444,-25.627222,153.00
116,39,-57.034167,-25.627222,153.00
116,40,-57.033889,-25.627222,154.00
116,41,-57.033611,-25.627222,154.00
116,42,-57.033333,-25.627222,150.00
116,43,-57.033056,-25.627222,147.00
116,44,-57.032778,-25.627222,144.00
116,45,-57.032500,-25.627222,143.00
116,46,-57.032222,-25.627222,142.00
116,47,-57.031944,-25.627222,142.00
116,48,-57.031667,-25.627222,139.00
116,49,-57.031389,-25.627222,138.00
116,50,-57.031111,-25.627222,136.00
116,51,-57.030833,-25.627222,138.00
116,52,-57.030556,-25.627222,140.00
116,53,-57.030278,-25.627222,139.00
116,54,-57.030000,-25.627222,137.00
116,55,-57.029722,-25.627222,132.00
116,56,-57.029444,-25.627222,131.00
116,57,-57.029167,-25.627222,130.00
116,58,-57.028889,-25.627222,132.00
116,59,-57.028611,-25.627222,135.00
116,60,-57.028333,-25.627222,137.00
116,61,-57.028056,-25.627222,139.00
116,62,-57.027778,-25.627222,140.00
116,63,-57.027500,-25.627222,137.00
116,64,-57.027222,-25.627222,138.00
116,65,-57.026944,-25.627222,138.00
116,66,-57.026667,-25.627222,137.00
116,67,-57.026389,-25.627222,138.00
116,68,-57.026111,-25.627222,141.00
116,69,-57.025833,-25.627222,145.00
116,70,-57.025556,-25.627222,147.00
116,71,-57.025278,-25.627222,149.00
116,72,-57.025000,-25.627222,151.00
116,73,-57.024722,-25.627222,152.00
116,74,-57.024444,-25.627222,153.00
116,75,-57.024167,-25.627222,154.00
116,76,-57.023889,-25.627222,155.00
116,77,-57.023611,-25.627222,156.00
116,78,-57.023333,-25.627222,157.00
116,79,-57.023056,-25.627222,159.00
116,80,-57.022778,-25.627222,160.00
116,81,-57.022500,-25.627222,160.00
116,82,-57.022222,-25.627222,161.00
116,83,-57.021944,-25.627222,163.00
116,84,-57.021667,-25.627222,165.00
116,85,-57.021389,-25.627222,166.00
116,86,-57.021111,-25.627222,167.00
116,87,-57.020833,-25.627222,169.00
116,88,-57.020556,-25.627222,171.00
116,89,-57.020278,-25.627222,172.00
116,90,-57.020000,-25.627222,174.00
116,91,-57.019722,-25.627222,176.00
116,92,-57.019444,-25.627222,177.00
116,93,-57.019167,-25.627222,178.00
116,94,-57.018889,-25.627222,181.00
116,95,-57.018611,-25.627222,183.00
116,96,-57.018333,-25.627222,185.00
116,97,-57.018056,-25.627222,193.00
116,98,-57.017778,-25.627222,197.00
116,99,-57.017500,-25.627222,199.00
116,100,-57.017222,-25.627222,197.00
116,101,-57.016944,-25.627222,196.00
116,102,-57.016667,-25.627222,193.00
116,103,-57.016389,-25.627222,191.00
116,104,-57.016111,-25.627222,191.00
116,105,-57.015833,-25.627222,188.00
116,106,-57.015556,-25.627222,182.00
116,107,-57.015278,-25.627222,175.00
117,0,-57.045000,-25.627500,161.00
117,1,-57.044722,-25.627500,162.00
117,2,-57.044444,-25.627500,164.00
117,3,-57.044167,-25.627500,169.00
117,4,-57.043889,-25.627500,169.00
117,5,-57.043611,-25.627500,169.00
117,6,-57.043333,-25.627500,170.00
117,7,-57.043056,-25.627500,173.00
117,8,-57.042778,-25.627500,174.00
117,9,-57.042500,-25.627500,178.00
117,10,-57.042222,-25.627500,174.00
117,11,-57.041944,-25.627500,175.00
117,12,-57.041667,-25.627500,176.00
117,13,-57.041389,-25.627500,173.00
117,14,-57.041111,-25.627500,172.00
117,15,-57.040833,-25.627500,171.00
117,16,-57.040556,-25.627500,171.00
117,17,-57.040278,-25.627500,170.00
117,18,-57.040000,-25.627500,170.00
117,19,-57.039722,-25.627500,170.00
117,20,-57.039444,-25.627500,169.00
117,21,-57.039167,-25.627500,169.00
117,22,-57.038889,-25.627500,169.00
117,23,-57.038611,-25.627500,168.00
117,24,-57.038333,-25.627500,168.00
117,25,-57.038056,-25.627500,168.00
117,26,-57.037778,-25.627500,168.00
117,27,-57.037500,-25.627500,168.00
117,28,-57.037222,-25.627500,179.00
117,29,-57.036944,-25.627500,181.00
117,30,-57.036667,-25.627500,171.00
117,31,-57.036389,-25.627500,165.00
117,32,-57.036111,-25.627500,164.00
117,33,-57.035833,-25.627500,163.00
117,34,-57.035556,-25.627500,160.00
117,35,-57.035278,-25.627500,159.00
117,36,-57.035000,-25.627500,156.00
117,37,-57.034722,-25.627500,156.00
117,38,-57.034444,-25.627500,155.00
117,39,-57.034167,-25.627500,153.00
117,40,-57.033889,-25.627500,155.00
117,41,-57.033611,-25.627500,155.00
117,42,-57.033333,-25.627500,149.00
117,43,-57.033056,-25.627500,147.00
117,44,-57.032778,-25.627500,146.00
117,45,-57.032500,-25.627500,143.00
117,46,-57.032222,-25.627500,142.00
117,47,-57.031944,-25.627500,141.00
117,48,-57.031667,-25.627500,138.00
117,49,-57.031389,-25.627500,141.00
117,50,-57.031111,-25.627500,136.00
117,51,-57.030833,-25.627500,134.00
117,52,-57.030556,-25.627500,135.00
117,53,-57.030278,-25.627500,135.00
117,54,-57.030000,-25.627500,135.00
117,55,-57.029722,-25.627500,132.00
117,56,-57.029444,-25.627500,132.00
117,57,-57.029167,-25.627500,131.00
117,58,-57.028889,-25.627500,134.00
117,59,-57.028611,-25.627500,135.00
117,60,-57.028333,-25.627500,137.00
117,61,-57.028056,-25.627500,136.00
117,62,-57.027778,-25.627500,137.00
117,63,-57.027500,-25.627500,137.00
117,64,-57.027222,-25.627500,135.00
117,65,-57.026944,-25.627500,135.00
117,66,-57.026667,-25.627500,136.00
117,67,-57.026389,-25.627500,138.00
117,68,-57.026111,-25.627500,142.00
117,69,-57.025833,-25.627500,145.00
117,70,-57.025556,-25.627500,146.00
117,71,-57.025278,-25.627500,147.00
117,72,-57.025000,-25.627500,150.00
117,73,-57.024722,-25.627500,151.00
117,74,-57.024444,-25.627500,152.00
117,75,-57.024167,-25.627500,154.00
117,76,-57.023889,-25.627500,155.00
117,77,-57.023611,-25.627500,156.00
117,78,-57.023333,-25.627500,157.00
117,79,-57.023056,-25.627500,158.00
117,80,-57.022778,-25.627500,159.00
117,81,-57.022500,-25.627500,160.00
117,82,-57.022222,-25.627500,161.00
117,83,-57.021944,-25.627500,163.00
117,84,-57.021667,-25.627500,165.00
117,85,-57.021389,-25.627500,165.00
117,86,-57.021111,-25.627500,166.00
117,87,-57.020833,-25.627500,169.00
117,88,-57.020556,-25.627500,170.00
117,89,-57.020278,-25.627500,172.00
117,90,-57.020000,-25.627500,173.00
117,91,-57.019722,-25.627500,174.00
117,92,-57.019444,-25.627500,177.00
117,93,-57.019167,-25.627500,179.00
117,94,-57.018889,-25.627500,178.00
117,95,-57.018611,-25.627500,179.00
117,96,-57.018333,-25.627500,182.00
117,97,-57.018056,-25.627500,187.00
117,98,-57.017778,-25.627500,193.00
117,99,-57.017500,-25.627500,195.00
117,100,-57.017222,-25.627500,194.00
117,101,-57.016944,-25.627500,191.00
117,102,-57.016667,-25.627500,183.00
117,103,-57.016389,-25.627500,180.00
117,104,-57.016111,-25.627500,178.00
117,105,-57.015833,-25.627500,176.00
117,106,-57.015556,-25.627500,173.00
117,107,-57.015278,-25.627500,170.00
118,0,-57.045000,-25.627778,162.00
118,1,-57.044722,-25.627778,162.00
118,2,-57.044444,-25.627778,164.00
118,3,-57.044167,-25.627778,166.00
118,4,-57.043889,-25.627778,169.00
118,5,-57.043611,-25.627778,168.00
118,6,-57.043333,-25.627778,171.00
118,7,-57.043056,-25.627778,171.00
118,8,-57.042778,-25.627778,171.00
118,9,-57.042500,-25.627778,172.00
118,10,-57.042222,-25.627778,172.00
118,11,-57.041944,-25.627778,172.00
118,12,-57.041667,-25.627778,173.00
118,13,-57.041389,-25.627778,172.00
118,14,-57.041111,-25.627778,172.00
118,15,-57.040833,-25.627778,170.00
118,16,-57.040556,-25.627778,170.00
118,17,-57.040278,-25.627778,169.00
118,18,-57.040000,-25.627778,170.00
118,19,-57.039722,-25.627778,170.00
118,20,-57.039444,-25.627778,168.00
118,21,-57.039167,-25.627778,168.00
118,22,-57.038889,-25.627778,168.00
118,23,-57.038611,-25.627778,167.00
118,24,-57.038333,-25.627778,166.00
118,25,-57.038056,-25.627778,167.00
118,26,-57.037778,-25.627778,166.00
118,27,-57.037500,-25.627778,166.00
118,28,-57.037222,-25.627778,173.00
118,29,-57.036944,-25.627778,177.00
118,30,-57.036667,-25.627778,169.00
118,31,-57.036389,-25.627778,165.00
118,32,-57.036111,-25.627778,165.00
118,33,-57.035833,-25.627778,163.00
118,34,-57.035556,-25.627778,160.00
118,35,-57.035278,-25.627778,159.00
118,36,-57.035000,-25.627778,157.00
118,37,-57.034722,-25.627778,155.00
118,38,-57.034444,-25.627778,155.00
118,39,-57.034167,-25.627778,153.00
118,40,-57.033889,-25.627778,152.00
118,41,-57.033611,-25.627778,151.00
118,42,-57.033333,-25.627778,149.00
118,43,-57.033056,-25.627778,148.00
118,44,-57.032778,-25.627778,146.00
118,45,-57.032500,-25.627778,144.00
118,46,-57.032222,-25.627778,142.00
118,47,-57.031944,-25.627778,141.00
118,48,-57.031667,-25.627778,139.00
118,49,-57.031389,-25.627778,143.00
118,50,-57.031111,-25.627778,138.00
118,51,-57.030833,-25.627778,134.00
118,52,-57.030556,-25.627778,135.00
118,53,-57.030278,-25.627778,135.00
118,54,-57.030000,-25.627778,134.00
118,55,-57.029722,-25.627778,135.00
118,56,-57.029444,-25.627778,132.00
118,57,-57.029167,-25.627778,130.00
118,58,-57.028889,-25.627778,133.00
118,59,-57.028611,-25.627778,134.00
118,60,-57.028333,-25.627778,134.00
118,61,-57.028056,-25.627778,132.00
118,62,-57.027778,-25.627778,132.00
118,63,-57.027500,-25.627778,132.00
118,64,-57.027222,-25.627778,133.00
118,65,-57.026944,-25.627778,134.00
118,66,-57.026667,-25.627778,137.00
118,67,-57.026389,-25.627778,139.00
118,68,-57.026111,-25.627778,141.00
118,69,-57.025833,-25.627778,143.00
118,70,-57.025556,-25.627778,146.00
118,71,-57.025278,-25.627778,146.00
118,72,-57.025000,-25.627778,150.00
118,73,-57.024722,-25.627778,150.00
118,74,-57.024444,-25.627778,151.00
118,75,-57.024167,-25.627778,153.00
118,76,-57.023889,-25.627778,155.00
118,77,-57.023611,-25.627778,155.00
118,78,-57.023333,-25.627778,157.00
118,79,-57.023056,-25.627778,159.00
118,80,-57.022778,-25.627778,160.00
118,81,-57.022500,-25.627778,160.00
118,82,-57.022222,-25.627778,161.00
118,83,-57.021944,-25.627778,162.00
118,84,-57.021667,-25.627778,164.00
118,85,-57.021389,-25.627778,165.00
118,86,-57.021111,-25.627778,167.00
118,87,-57.020833,-25.627778,168.00
118,88,-57.020556,-25.627778,169.00
118,89,-57.020278,-25.627778,171.00
118,90,-57.020000,-25.627778,171.00
118,91,-57.019722,-25.627778,173.00
118,92,-57.019444,-25.627778,175.00
118,93,-57.019167,-25.627778,176.00
118,94,-57.018889,-25.627778,178.00
118,95,-57.018611,-25.627778,179.00
118,96,-57.018333,-25.627778,180.00
118,97,-57.018056,-25.627778,186.00
118,98,-57.017778,-25.627778,186.00
118,99,-57.017500,-25.627778,183.00
118,100,-57.017222,-25.627778,186.00
118,101,-57.016944,-25.627778,182.00
118,102,-57.016667,-25.627778,180.00
118,103,-57.016389,-25.627778,176.00
118,104,-57.016111,-25.627778,174.00
118,105,-57.015833,-25.627778,171.00
118,106,-57.015556,-25.627778,169.00
118,107,-57.015278,-25.627778,168.00
119,0,-57.045000,-25.628056,161.00
119,1,-57.044722,-25.628056,165.00
119,2,-57.044444,-25.628056,165.00
119,3,-57.044167,-25.628056,167.00
119,4,-57.043889,-25.628056,168.00
119,5,-57.043611,-25.628056,168.00
119,6,-57.043333,-25.628056,170.00
119,7,-57.043056,-25.628056,170.00
119,8,-57.042778,-25.628056,170.00
119,9,-57.042500,-25.628056,170.00
119,10,-57.042222,-25.628056,170.00
119,11,-57.041944,-25.628056,172.00
119,12,-57.041667,-25.628056,172.00
119,13,-57.041389,-25.628056,172.00
119,14,-57.041111,-25.628056,170.00
119,15,-57.040833,-25.628056,169.00
119,16,-57.040556,-25.628056,169.00
119,17,-57.040278,-25.628056,169.00
119,18,-57.040000,-25.628056,169.00
119,19,-57.039722,-25.628056,168.00
119,20,-57.039444,-25.628056,168.00
119,21,-57.039167,-25.628056,168.00
119,22,-57.038889,-25.628056,168.00
119,23,-57.038611,-25.628056,167.00
119,24,-57.038333,-25.628056,165.00
119,25,-57.038056,-25.628056,166.00
119,26,-57.037778,-25.628056,165.00
119,27,-57.037500,-25.628056,165.00
119,28,-57.037222,-25.628056,166.00
119,29,-57.036944,-25.628056,166.00
119,30,-57.036667,-25.628056,164.00
119,31,-57.036389,-25.628056,166.00
119,32,-57.036111,-25.628056,165.00
119,33,-57.035833,-25.628056,165.00
119,34,-57.035556,-25.628056,160.00
119,35,-57.035278,-25.628056,159.00
119,36,-57.035000,-25.628056,157.00
119,37,-57.034722,-25.628056,155.00
119,38,-57.034444,-25.628056,153.00
119,39,-57.034167,-25.628056,153.00
119,40,-57.033889,-25.628056,152.00
119,41,-57.033611,-25.628056,153.00
119,42,-57.033333,-25.628056,148.00
119,43,-57.033056,-25.628056,148.00
119,44,-57.032778,-25.628056,146.00
119,45,-57.032500,-25.628056,144.00
119,46,-57.032222,-25.628056,142.00
119,47,-57.031944,-25.628056,141.00
119,48,-57.031667,-25.628056,141.00
119,49,-57.031389,-25.628056,141.00
119,50,-57.031111,-25.628056,137.00
119,51,-57.030833,-25.628056,134.00
119,52,-57.030556,-25.628056,135.00
119,53,-57.030278,-25.628056,135.00
119,54,-57.030000,-25.628056,134.00
119,55,-57.029722,-25.628056,133.00
119,56,-57.029444,-25.628056,129.00
119,57,-57.029167,-25.628056,130.00
119,58,-57.028889,-25.628056,133.00
119,59,-57.028611,-25.628056,135.00
119,60,-57.028333,-25.628056,136.00
119,61,-57.028056,-25.628056,133.00
119,62,-57.027778,-25.628056,132.00
119,63,-57.027500,-25.628056,130.00
119,64,-57.027222,-25.628056,132.00
119,65,-57.026944,-25.628056,136.00
119,66,-57.026667,-25.628056,138.00
119,67,-57.026389,-25.628056,139.00
119,68,-57.026111,-25.628056,140.00
119,69,-57.025833,-25.628056,142.00
119,70,-57.025556,-25.628056,145.00
119,71,-57.025278,-25.628056,144.00
119,72,-57.025000,-25.628056,148.00
119,73,-57.024722,-25.628056,149.00
119,74,-57.024444,-25.628056,151.00
119,75,-57.024167,-25.628056,153.00
119,76,-57.023889,-25.628056,154.00
119,77,-57.023611,-25.628056,155.00
119,78,-57.023333,-25.628056,155.00
119,79,-57.023056,-25.628056,158.00
119,80,-57.022778,-25.628056,159.00
119,81,-57.022500,-25.628056,161.00
119,82,-57.022222,-25.628056,161.00
119,83,-57.021944,-25.628056,162.00
119,84,-57.021667,-25.628056,164.00
119,85,-57.021389,-25.628056,165.00
119,86,-57.021111,-25.628056,166.00
119,87,-57.020833,-25.628056,168.00
119,88,-57.020556,-25.628056,168.00
119,89,-57.020278,-25.628056,169.00
119,90,-57.020000,-25.628056,171.00
119,91,-57.019722,-25.628056,173.00
119,92,-57.019444,-25.628056,174.00
119,93,-57.019167,-25.628056,175.00
119,94,-57.018889,-25.628056,176.00
119,95,-57.018611,-25.628056,180.00
119,96,-57.018333,-25.628056,183.00
119,97,-57.018056,-25.628056,184.00
119,98,-57.017778,-25.628056,181.00
119,99,-57.017500,-25.628056,177.00
119,100,-57.017222,-25.628056,178.00
119,101,-57.016944,-25.628056,179.00
119,102,-57.016667,-25.628056,179.00
119,103,-57.016389,-25.628056,175.00
119,104,-57.016111,-25.628056,173.00
119,105,-57.015833,-25.628056,171.00
119,106,-57.015556,-25.628056,170.00
119,107,-57.015278,-25.628056,169.00
120,0,-57.045000,-25.628333,160.00
120,1,-57.044722,-25.628333,166.00
120,2,-57.044444,-25.628333,168.00
120,3,-57.044167,-25.628333,165.00
120,4,-57.043889,-25.628333,166.00
120,5,-57.043611,-25.628333,167.00
120,6,-57.043333,-25.628333,168.00
120,7,-57.043056,-25.628333,169.00
120,8,-57.042778,-25.628333,170.00
120,9,-57.042500,-25.628333,169.00
120,10,-57.042222,-25.628333,169.00
120,11,-57.041944,-25.628333,170.00
120,12,-57.041667,-25.628333,170.00
120,13,-57.041389,-25.628333,170.00
120,14,-57.041111,-25.628333,169.00
120,15,-57.040833,-25.628333,169.00
120,16,-57.040556,-25.628333,168.00
120,17,-57.040278,-25.628333,169.00
120,18,-57.040000,-25.628333,167.00
120,19,-57.039722,-25.628333,167.00
120,20,-57.039444,-25.628333,167.00
120,21,-57.039167,-25.628333,167.00
120,22,-57.038889,-25.628333,166.00
120,23,-57.038611,-25.628333,165.00
120,24,-57.038333,-25.628333,164.00
120,25,-57.038056,-25.628333,164.00
120,26,-57.037778,-25.628333,167.00
120,27,-57.037500,-25.628333,166.00
120,28,-57.037222,-25.628333,165.00
120,29,-57.036944,-25.628333,164.00
120,30,-57.036667,-25.628333,163.00
120,31,-57.036389,-25.628333,163.00
120,32,-57.036111,-25.628333,162.00
120,33,-57.035833,-25.628333,161.00
120,34,-57.035556,-25.628333,159.00
120,35,-57.035278,-25.628333,158.00
120,36,-57.035000,-25.628333,158.00
120,37,-57.034722,-25.628333,156.00
120,38,-57.034444,-25.628333,154.00
120,39,-57.034167,-25.628333,153.00
120,40,-57.033889,-25.628333,153.00
120,41,-57.033611,-25.628333,156.00
120,42,-57.033333,-25.628333,151.00
120,43,-57.033056,-25.628333,149.00
120,44,-57.032778,-25.628333,147.00
120,45,-57.032500,-25.628333,145.00
120,46,-57.032222,-25.628333,144.00
120,47,-57.031944,-25.628333,144.00
120,48,-57.031667,-25.628333,141.00
120,49,-57.031389,-25.628333,139.00
120,50,-57.031111,-25.628333,137.00
120,51,-57.030833,-25.628333,134.00
120,52,-57.030556,-25.628333,135.00
120,53,-57.030278,-25.628333,134.00
120,54,-57.030000,-25.628333,133.00
120,55,-57.029722,-25.628333,131.00
120,56,-57.029444,-25.628333,130.00
120,57,-57.029167,-25.628333,130.00
120,58,-57.028889,-25.628333,132.00
120,59,-57.028611,-25.628333,136.00
120,60,-57.028333,-25.628333,134.00
120,61,-57.028056,-25.628333,136.00
120,62,-57.027778,-25.628333,132.00
120,63,-57.027500,-25.628333,130.00
120,64,-57.027222,-25.628333,131.00
120,65,-57.026944,-25.628333,135.00
120,66,-57.026667,-25.628333,138.00
120,67,-57.026389,-25.628333,139.00
120,68,-57.026111,-25.628333,139.00
120,69,-57.025833,-25.628333,140.00
120,70,-57.025556,-25.628333,142.00
120,71,-57.025278,-25.628333,143.00
120,72,-57.025000,-25.628333,145.00
120,73,-57.024722,-25.628333,147.00
120,74,-57.024444,-25.628333,149.00
120,75,-57.024167,-25.628333,151.00
120,76,-57.023889,-25.628333,153.00
120,77,-57.023611,-25.628333,155.00
120,78,-57.023333,-25.628333,156.00
120,79,-57.023056,-25.628333,158.00
120,80,-57.022778,-25.628333,158.00
120,81,-57.022500,-25.628333,159.00
120,82,-57.022222,-25.628333,161.00
120,83,-57.021944,-25.628333,162.00
120,84,-57.021667,-25.628333,163.00
120,85,-57.021389,-25.628333,165.00
120,86,-57.021111,-25.628333,166.00
120,87,-57.020833,-25.628333,167.00
120,88,-57.020556,-25.628333,168.00
120,89,-57.020278,-25.628333,168.00
120,90,-57.020000,-25.628333,170.00
120,91,-57.019722,-25.628333,171.00
120,92,-57.019444,-25.628333,171.00
120,93,-57.019167,-25.628333,172.00
120,94,-57.018889,-25.628333,173.00
120,95,-57.018611,-25.628333,174.00
120,96,-57.018333,-25.628333,177.00
120,97,-57.018056,-25.628333,176.00
120,98,-57.017778,-25.628333,176.00
120,99,-57.017500,-25.628333,176.00
120,100,-57.017222,-25.628333,183.00
120,101,-57.016944,-25.628333,183.00
120,102,-57.016667,-25.628333,180.00
120,103,-57.016389,-25.628333,175.00
120,104,-57.016111,-25.628333,174.00
120,105,-57.015833,-25.628333,175.00
120,106,-57.015556,-25.628333,174.00
120,107,-57.015278,-25.628333,169.00
121,0,-57.045000,-25.628611,159.00
121,1,-57.044722,-25.628611,168.00
121,2,-57.044444,-25.628611,167.00
121,3,-57.044167,-25.628611,163.00
121,4,-57.043889,-25.628611,166.00
121,5,-57.043611,-25.628611,166.00
121,6,-57.043333,-25.628611,168.00
121,7,-57.043056,-25.628611,170.00
121,8,-57.042778,-25.628611,169.00
121,9,-57.042500,-25.628611,169.00
121,10,-57.042222,-25.628611,169.00
121,11,-57.041944,-25.628611,168.00
121,12,-57.041667,-25.628611,168.00
121,13,-57.041389,-25.628611,168.00
121,14,-57.041111,-25.628611,168.00
121,15,-57.040833,-25.628611,168.00
121,16,-57.040556,-25.628611,167.00
121,17,-57.040278,-25.628611,168.00
121,18,-57.040000,-25.628611,167.00
121,19,-57.039722,-25.628611,167.00
121,20,-57.039444,-25.628611,166.00
121,21,-57.039167,-25.628611,167.00
121,22,-57.038889,-25.628611,165.00
121,23,-57.038611,-25.628611,165.00
121,24,-57.038333,-25.628611,162.00
121,25,-57.038056,-25.628611,163.00
121,26,-57.037778,-25.628611,164.00
121,27,-57.037500,-25.628611,164.00
121,28,-57.037222,-25.628611,162.00
121,29,-57.036944,-25.628611,162.00
121,30,-57.036667,-25.628611,162.00
121,31,-57.036389,-25.628611,161.00
121,32,-57.036111,-25.628611,161.00
121,33,-57.035833,-25.628611,160.00
121,34,-57.035556,-25.628611,162.00
121,35,-57.035278,-25.628611,161.00
121,36,-57.035000,-25.628611,153.00
121,37,-57.034722,-25.628611,154.00
121,38,-57.034444,-25.628611,154.00
121,39,-57.034167,-25.628611,152.00
121,40,-57.033889,-25.628611,151.00
121,41,-57.033611,-25.628611,150.00
121,42,-57.033333,-25.628611,150.00
121,43,-57.033056,-25.628611,150.00
121,44,-57.032778,-25.628611,148.00
121,45,-57.032500,-25.628611,146.00
121,46,-57.032222,-25.628611,145.00
121,47,-57.031944,-25.628611,144.00
121,48,-57.031667,-25.628611,141.00
121,49,-57.031389,-25.628611,140.00
121,50,-57.031111,-25.628611,138.00
121,51,-57.030833,-25.628611,135.00
121,52,-57.030556,-25.628611,135.00
121,53,-57.030278,-25.628611,134.00
121,54,-57.030000,-25.628611,132.00
121,55,-57.029722,-25.628611,131.00
121,56,-57.029444,-25.628611,129.00
121,57,-57.029167,-25.628611,129.00
121,58,-57.028889,-25.628611,131.00
121,59,-57.028611,-25.628611,135.00
121,60,-57.028333,-25.628611,138.00
121,61,-57.028056,-25.628611,136.00
121,62,-57.027778,-25.628611,133.00
121,63,-57.027500,-25.628611,131.00
121,64,-57.027222,-25.628611,131.00
121,65,-57.026944,-25.628611,135.00
121,66,-57.026667,-25.628611,136.00
121,67,-57.026389,-25.628611,137.00
121,68,-57.026111,-25.628611,138.00
121,69,-57.025833,-25.628611,137.00
121,70,-57.025556,-25.628611,138.00
121,71,-57.025278,-25.628611,140.00
121,72,-57.025000,-25.628611,145.00
121,73,-57.024722,-25.628611,145.00
121,74,-57.024444,-25.628611,147.00
121,75,-57.024167,-25.628611,151.00
121,76,-57.023889,-25.628611,153.00
121,77,-57.023611,-25.628611,157.00
121,78,-57.023333,-25.628611,159.00
121,79,-57.023056,-25.628611,157.00
121,80,-57.022778,-25.628611,157.00
121,81,-57.022500,-25.628611,159.00
121,82,-57.022222,-25.628611,161.00
121,83,-57.021944,-25.628611,162.00
121,84,-57.021667,-25.628611,163.00
121,85,-57.021389,-25.628611,165.00
121,86,-57.021111,-25.628611,165.00
121,87,-57.020833,-25.628611,166.00
121,88,-57.020556,-25.628611,167.00
121,89,-57.020278,-25.628611,168.00
121,90,-57.020000,-25.628611,169.00
121,91,-57.019722,-25.628611,170.00
121,92,-57.019444,-25.628611,170.00
121,93,-57.019167,-25.628611,171.00
121,94,-57.018889,-25.628611,172.00
121,95,-57.018611,-25.628611,171.00
121,96,-57.018333,-25.628611,172.00
121,97,-57.018056,-25.628611,173.00
121,98,-57.017778,-25.628611,172.00
121,99,-57.017500,-25.628611,173.00
121,100,-57.017222,-25.628611,175.00
121,101,-57.016944,-25.628611,176.00
121,102,-57.016667,-25.628611,176.00
121,103,-57.016389,-25.628611,178.00
121,104,-57.016111,-25.628611,177.00
121,105,-57.015833,-25.628611,179.00
121,106,-57.015556,-25.628611,176.00
121,107,-57.015278,-25.628611,171.00
122,0,-57.045000,-25.628889,159.00
122,1,-57.044722,-25.628889,166.00
122,2,-57.044444,-25.628889,165.00
122,3,-57.044167,-25.628889,163.00
122,4,-57.043889,-25.628889,166.00
122,5,-57.043611,-25.628889,167.00
122,6,-57.043333,-25.628889,167.00
122,7,-57.043056,-25.628889,168.00
122,8,-57.042778,-25.628889,168.00
122,9,-57.042500,-25.628889,168.00
122,10,-57.042222,-25.628889,168.00
122,11,-57.041944,-25.628889,167.00
122,12,-57.041667,-25.628889,166.00
122,13,-57.041389,-25.628889,167.00
122,14,-57.041111,-25.628889,167.00
122,15,-57.040833,-25.628889,167.00
122,16,-57.040556,-25.628889,166.00
122,17,-57.040278,-25.628889,166.00
122,18,-57.040000,-25.628889,166.00
122,19,-57.039722,-25.628889,167.00
122,20,-57.039444,-25.628889,166.00
122,21,-57.039167,-25.628889,166.00
122,22,-57.038889,-25.628889,164.00
122,23,-57.038611,-25.628889,165.00
122,24,-57.038333,-25.628889,164.00
122,25,-57.038056,-25.628889,164.00
122,26,-57.037778,-25.628889,163.00
122,27,-57.037500,-25.628889,162.00
122,28,-57.037222,-25.628889,161.00
122,29,-57.036944,-25.628889,162.00
122,30,-57.036667,-25.628889,162.00
122,31,-57.036389,-25.628889,161.00
122,32,-57.036111,-25.628889,160.00
122,33,-57.035833,-25.628889,160.00
122,34,-57.035556,-25.628889,161.00
122,35,-57.035278,-25.628889,160.00
122,36,-57.035000,-25.628889,155.00
122,37,-57.034722,-25.628889,155.00
122,38,-57.034444,-25.628889,154.00
122,39,-57.034167,-25.628889,152.00
122,40,-57.033889,-25.628889,152.00
122,41,-57.033611,-25.628889,153.00
122,42,-57.033333,-25.628889,155.00
122,43,-57.033056,-25.628889,159.00
122,44,-57.032778,-25.628889,152.00
122,45,-57.032500,-25.628889,147.00
122,46,-57.032222,-25.628889,146.00
122,47,-57.031944,-25.628889,144.00
122,48,-57.031667,-25.628889,141.00
122,49,-57.031389,-25.628889,140.00
122,50,-57.031111,-25.628889,139.00
122,51,-57.030833,-25.628889,136.00
122,52,-57.030556,-25.628889,135.00
122,53,-57.030278,-25.628889,135.00
122,54,-57.030000,-25.628889,132.00
122,55,-57.029722,-25.628889,131.00
122,56,-57.029444,-25.628889,131.00
122,57,-57.029167,-25.628889,130.00
122,58,-57.028889,-25.628889,130.00
122,59,-57.028611,-25.628889,132.00
122,60,-57.028333,-25.628889,136.00
122,61,-57.028056,-25.628889,138.00
122,62,-57.027778,-25.628889,134.00
122,63,-57.027500,-25.628889,133.00
122,64,-57.027222,-25.628889,132.00
122,65,-57.026944,-25.628889,134.00
122,66,-57.026667,-25.628889,134.00
122,67,-57.026389,-25.628889,135.00
122,68,-57.026111,-25.628889,136.00
122,69,-57.025833,-25.628889,135.00
122,70,-57.025556,-25.628889,137.00
122,71,-57.025278,-25.628889,140.00
122,72,-57.025000,-25.628889,144.00
122,73,-57.024722,-25.628889,144.00
122,74,-57.024444,-25.628889,145.00
122,75,-57.024167,-25.628889,149.00
122,76,-57.023889,-25.628889,150.00
122,77,-57.023611,-25.628889,155.00
122,78,-57.023333,-25.628889,155.00
122,79,-57.023056,-25.628889,156.00
122,80,-57.022778,-25.628889,157.00
122,81,-57.022500,-25.628889,158.00
122,82,-57.022222,-25.628889,162.00
122,83,-57.021944,-25.628889,161.00
122,84,-57.021667,-25.628889,162.00
122,85,-57.021389,-25.628889,163.00
122,86,-57.021111,-25.628889,164.00
122,87,-57.020833,-25.628889,164.00
122,88,-57.020556,-25.628889,166.00
122,89,-57.020278,-25.628889,167.00
122,90,-57.020000,-25.628889,168.00
122,91,-57.019722,-25.628889,168.00
122,92,-57.019444,-25.628889,170.00
122,93,-57.019167,-25.628889,170.00
122,94,-57.018889,-25.628889,169.00
122,95,-57.018611,-25.628889,169.00
122,96,-57.018333,-25.628889,170.00
122,97,-57.018056,-25.628889,170.00
122,98,-57.017778,-25.628889,169.00
122,99,-57.017500,-25.628889,171.00
122,100,-57.017222,-25.628889,172.00
122,101,-57.016944,-25.628889,174.00
122,102,-57.016667,-25.628889,177.00
122,103,-57.016389,-25.628889,179.00
122,104,-57.016111,-25.628889,178.00
122,105,-57.015833,-25.628889,178.00
122,106,-57.015556,-25.628889,174.00
122,107,-57.015278,-25.628889,169.00
123,0,-57.045000,-25.629167,160.00
123,1,-57.044722,-25.629167,168.00
123,2,-57.044444,-25.629167,169.00
123,3,-57.044167,-25.629167,163.00
123,4,-57.043889,-25.629167,165.00
123,5,-57.043611,-25.629167,166.00
123,6,-57.043333,-25.629167,166.00
123,7,-57.043056,-25.629167,167.00
123,8,-57.042778,-25.629167,166.00
123,9,-57.042500,-25.629167,166.00
123,10,-57.042222,-25.629167,167.00
123,11,-57.041944,-25.629167,167.00
123,12,-57.041667,-25.629167,164.00
123,13,-57.041389,-25.629167,166.00
123,14,-57.041111,-25.629167,165.00
123,15,-57.040833,-25.629167,166.00
123,16,-57.040556,-25.629167,165.00
123,17,-57.040278,-25.629167,165.00
123,18,-57.040000,-25.629167,165.00
123,19,-57.039722,-25.629167,165.00
123,20,-57.039444,-25.629167,165.00
123,21,-57.039167,-25.629167,165.00
123,22,-57.038889,-25.629167,164.00
123,23,-57.038611,-25.629167,164.00
123,24,-57.038333,-25.629167,165.00
123,25,-57.038056,-25.629167,163.00
123,26,-57.037778,-25.629167,162.00
123,27,-57.037500,-25.629167,162.00
123,28,-57.037222,-25.629167,162.00
123,29,-57.036944,-25.629167,162.00
123,30,-57.036667,-25.629167,162.00
123,31,-57.036389,-25.629167,162.00
123,32,-57.036111,-25.629167,160.00
123,33,-57.035833,-25.629167,160.00
123,34,-57.035556,-25.629167,159.00
123,35,-57.035278,-25.629167,158.00
123,36,-57.035000,-25.629167,157.00
123,37,-57.034722,-25.629167,156.00
123,38,-57.034444,-25.629167,155.00
123,39,-57.034167,-25.629167,161.00
123,40,-57.033889,-25.629167,163.00
123,41,-57.033611,-25.629167,162.00
123,42,-57.033333,-25.629167,163.00
123,43,-57.033056,-25.629167,168.00
123,44,-57.032778,-25.629167,161.00
123,45,-57.032500,-25.629167,147.00
123,46,-57.032222,-25.629167,146.00
123,47,-57.031944,-25.629167,145.00
123,48,-57.031667,-25.629167,142.00
123,49,-57.031389,-25.629167,140.00
123,50,-57.031111,-25.629167,138.00
123,51,-57.030833,-25.629167,137.00
123,52,-57.030556,-25.629167,136.00
123,53,-57.030278,-25.629167,135.00
123,54,-57.030000,-25.629167,133.00
123,55,-57.029722,-25.629167,134.00
123,56,-57.029444,-25.629167,133.00
123,57,-57.029167,-25.629167,132.00
123,58,-57.028889,-25.629167,131.00
123,59,-57.028611,-25.629167,130.00
123,60,-57.028333,-25.629167,133.00
123,61,-57.028056,-25.629167,139.00
123,62,-57.027778,-25.629167,136.00
123,63,-57.027500,-25.629167,135.00
123,64,-57.027222,-25.629167,132.00
123,65,-57.026944,-25.629167,130.00
123,66,-57.026667,-25.629167,131.00
123,67,-57.026389,-25.629167,131.00
123,68,-57.026111,-25.629167,133.00
123,69,-57.025833,-25.629167,135.00
123,70,-57.025556,-25.629167,136.00
123,71,-57.025278,-25.629167,141.00
123,72,-57.025000,-25.629167,145.00
123,73,-57.024722,-25.629167,141.00
123,74,-57.024444,-25.629167,142.00
123,75,-57.024167,-25.629167,146.00
123,76,-57.023889,-25.629167,153.00
123,77,-57.023611,-25.629167,154.00
123,78,-57.023333,-25.629167,152.00
123,79,-57.023056,-25.629167,158.00
123,80,-57.022778,-25.629167,159.00
123,81,-57.022500,-25.629167,158.00
123,82,-57.022222,-25.629167,160.00
123,83,-57.021944,-25.629167,160.00
123,84,-57.021667,-25.629167,161.00
123,85,-57.021389,-25.629167,162.00
123,86,-57.021111,-25.629167,162.00
123,87,-57.020833,-25.629167,164.00
123,88,-57.020556,-25.629167,164.00
123,89,-57.020278,-25.629167,165.00
123,90,-57.020000,-25.629167,165.00
123,91,-57.019722,-25.629167,166.00
123,92,-57.019444,-25.629167,166.00
123,93,-57.019167,-25.629167,166.00
123,94,-57.018889,-25.629167,165.00
123,95,-57.018611,-25.629167,166.00
123,96,-57.018333,-25.629167,165.00
123,97,-57.018056,-25.629167,165.00
123,98,-57.017778,-25.629167,165.00
123,99,-57.017500,-25.629167,168.00
123,100,-57.017222,-25.629167,168.00
123,101,-57.016944,-25.629167,171.00
123,102,-57.016667,-25.629167,173.00
123,103,-57.016389,-25.629167,175.00
123,104,-57.016111,-25.629167,176.00
123,105,-57.015833,-25.629167,172.00
123,106,-57.015556,-25.629167,167.00
123,107,-57.015278,-25.629167,159.00
124,0,-57.045000,-25.629444,158.00
124,1,-57.044722,-25.629444,164.00
124,2,-57.044444,-25.629444,168.00
124,3,-57.044167,-25.629444,163.00
124,4,-57.043889,-25.629444,164.00
124,5,-57.043611,-25.629444,165.00
124,6,-57.043333,-25.629444,165.00
124,7,-57.043056,-25.629444,165.00
124,8,-57.042778,-25.629444,166.00
124,9,-57.042500,-25.629444,166.00
124,10,-57.042222,-25.629444,165.00
124,11,-57.041944,-25.629444,165.00
124,12,-57.041667,-25.629444,164.00
124,13,-57.041389,-25.629444,163.00
124,14,-57.041111,-25.629444,164.00
124,15,-57.040833,-25.629444,165.00
124,16,-57.040556,-25.629444,164.00
124,17,-57.040278,-25.629444,164.00
124,18,-57.040000,-25.629444,164.00
124,19,-57.039722,-25.629444,164.00
124,20,-57.039444,-25.629444,164.00
124,21,-57.039167,-25.629444,164.00
124,22,-57.038889,-25.629444,164.00
124,23,-57.038611,-25.629444,164.00
124,24,-57.038333,-25.629444,163.00
124,25,-57.038056,-25.629444,162.00
124,26,-57.037778,-25.629444,162.00
124,27,-57.037500,-25.629444,162.00
124,28,-57.037222,-25.629444,161.00
124,29,-57.036944,-25.629444,162.00
124,30,-57.036667,-25.629444,161.00
124,31,-57.036389,-25.629444,161.00
124,32,-57.036111,-25.629444,160.00
124,33,-57.035833,-25.629444,159.00
124,34,-57.035556,-25.629444,158.00
124,35,-57.035278,-25.629444,157.00
124,36,-57.035000,-25.629444,156.00
124,37,-57.034722,-25.629444,158.00
124,38,-57.034444,-25.629444,161.00
124,39,-57.034167,-25.629444,164.00
124,40,-57.033889,-25.629444,169.00
124,41,-57.033611,-25.629444,162.00
124,42,-57.033333,-25.629444,156.00
124,43,-57.033056,-25.629444,163.00
124,44,-57.032778,-25.629444,161.00
124,45,-57.032500,-25.629444,147.00
124,46,-57.032222,-25.629444,146.00
124,47,-57.031944,-25.629444,146.00
124,48,-57.031667,-25.629444,143.00
124,49,-57.031389,-25.629444,140.00
124,50,-57.031111,-25.629444,138.00
124,51,-57.030833,-25.629444,137.00
124,52,-57.030556,-25.629444,137.00
124,53,-57.030278,-25.629444,137.00
124,54,-57.030000,-25.629444,135.00
124,55,-57.029722,-25.629444,134.00
124,56,-57.029444,-25.629444,135.00
124,57,-57.029167,-25.629444,134.00
124,58,-57.028889,-25.629444,133.00
124,59,-57.028611,-25.629444,133.00
124,60,-57.028333,-25.629444,131.00
124,61,-57.028056,-25.629444,133.00
124,62,-57.027778,-25.629444,133.00
124,63,-57.027500,-25.629444,134.00
124,64,-57.027222,-25.629444,133.00
124,65,-57.026944,-25.629444,130.00
124,66,-57.026667,-25.629444,130.00
124,67,-57.026389,-25.629444,131.00
124,68,-57.026111,-25.629444,133.00
124,69,-57.025833,-25.629444,134.00
124,70,-57.025556,-25.629444,133.00
124,71,-57.025278,-25.629444,136.00
124,72,-57.025000,-25.629444,137.00
124,73,-57.024722,-25.629444,139.00
124,74,-57.024444,-25.629444,141.00
124,75,-57.024167,-25.629444,145.00
124,76,-57.023889,-25.629444,152.00
124,77,-57.023611,-25.629444,150.00
124,78,-57.023333,-25.629444,153.00
124,79,-57.023056,-25.629444,159.00
124,80,-57.022778,-25.629444,162.00
124,81,-57.022500,-25.629444,156.00
124,82,-57.022222,-25.629444,157.00
124,83,-57.021944,-25.629444,159.00
124,84,-57.021667,-25.629444,160.00
124,85,-57.021389,-25.629444,161.00
124,86,-57.021111,-25.629444,161.00
124,87,-57.020833,-25.629444,162.00
124,88,-57.020556,-25.629444,161.00
124,89,-57.020278,-25.629444,163.00
124,90,-57.020000,-25.629444,163.00
124,91,-57.019722,-25.629444,164.00
124,92,-57.019444,-25.629444,164.00
124,93,-57.019167,-25.629444,163.00
124,94,-57.018889,-25.629444,163.00
124,95,-57.018611,-25.629444,162.00
124,96,-57.018333,-25.629444,161.00
124,97,-57.018056,-25.629444,161.00
124,98,-57.017778,-25.629444,161.00
124,99,-57.017500,-25.629444,161.00
124,100,-57.017222,-25.629444,162.00
124,101,-57.016944,-25.629444,162.00
124,102,-57.016667,-25.629444,161.00
124,103,-57.016389,-25.629444,163.00
124,104,-57.016111,-25.629444,165.00
124,105,-57.015833,-25.629444,163.00
124,106,-57.015556,-25.629444,158.00
124,107,-57.015278,-25.629444,158.00
125,0,-57.045000,-25.629722,157.00
125,1,-57.044722,-25.629722,159.00
125,2,-57.044444,-25.629722,162.00
125,3,-57.044167,-25.629722,162.00
125,4,-57.043889,-25.629722,163.00
125,5,-57.043611,-25.629722,164.00
125,6,-57.043333,-25.629722,165.00
125,7,-57.043056,-25.629722,165.00
125,8,-57.042778,-25.629722,165.00
125,9,-57.042500,-25.629722,164.00
125,10,-57.042222,-25.629722,164.00
125,11,-57.041944,-25.629722,164.00
125,12,-57.041667,-25.629722,164.00
125,13,-57.041389,-25.629722,162.00
125,14,-57.041111,-25.629722,164.00
125,15,-57.040833,-25.629722,164.00
125,16,-57.040556,-25.629722,163.00
125,17,-57.040278,-25.629722,162.00
125,18,-57.040000,-25.629722,163.00
125,19,-57.039722,-25.629722,163.00
125,20,-57.039444,-25.629722,163.00
125,21,-57.039167,-25.629722,164.00
125,22,-57.038889,-25.629722,162.00
125,23,-57.038611,-25.629722,162.00
125,24,-57.038333,-25.629722,163.00
125,25,-57.038056,-25.629722,162.00
125,26,-57.037778,-25.629722,162.00
125,27,-57.037500,-25.629722,162.00
125,28,-57.037222,-25.629722,161.00
125,29,-57.036944,-25.629722,160.00
125,30,-57.036667,-25.629722,159.00
125,31,-57.036389,-25.629722,160.00
125,32,-57.036111,-25.629722,160.00
125,33,-57.035833,-25.629722,159.00
125,34,-57.035556,-25.629722,157.00
125,35,-57.035278,-25.629722,157.00
125,36,-57.035000,-25.629722,156.00
125,37,-57.034722,-25.629722,156.00
125,38,-57.034444,-25.629722,156.00
125,39,-57.034167,-25.629722,162.00
125,40,-57.033889,-25.629722,167.00
125,41,-57.033611,-25.629722,159.00
125,42,-57.033333,-25.629722,161.00
125,43,-57.033056,-25.629722,162.00
125,44,-57.032778,-25.629722,156.00
125,45,-57.032500,-25.629722,150.00
125,46,-57.032222,-25.629722,146.00
125,47,-57.031944,-25.629722,145.00
125,48,-57.031667,-25.629722,142.00
125,49,-57.031389,-25.629722,142.00
125,50,-57.031111,-25.629722,139.00
125,51,-57.030833,-25.629722,137.00
125,52,-57.030556,-25.629722,137.00
125,53,-57.030278,-25.629722,137.00
125,54,-57.030000,-25.629722,135.00
125,55,-57.029722,-25.629722,135.00
125,56,-57.029444,-25.629722,135.00
125,57,-57.029167,-25.629722,134.00
125,58,-57.028889,-25.629722,135.00
125,59,-57.028611,-25.629722,135.00
125,60,-57.028333,-25.629722,131.00
125,61,-57.028056,-25.629722,132.00
125,62,-57.027778,-25.629722,135.00
125,63,-57.027500,-25.629722,134.00
125,64,-57.027222,-25.629722,137.00
125,65,-57.026944,-25.629722,133.00
125,66,-57.026667,-25.629722,131.00
125,67,-57.026389,-25.629722,133.00
125,68,-57.026111,-25.629722,133.00
125,69,-57.025833,-25.629722,135.00
125,70,-57.025556,-25.629722,136.00
125,71,-57.025278,-25.629722,137.00
125,72,-57.025000,-25.629722,137.00
125,73,-57.024722,-25.629722,138.00
125,74,-57.024444,-25.629722,139.00
125,75,-57.024167,-25.629722,141.00
125,76,-57.023889,-25.629722,144.00
125,77,-57.023611,-25.629722,146.00
125,78,-57.023333,-25.629722,154.00
125,79,-57.023056,-25.629722,158.00
125,80,-57.022778,-25.629722,159.00
125,81,-57.022500,-25.629722,155.00
125,82,-57.022222,-25.629722,155.00
125,83,-57.021944,-25.629722,157.00
125,84,-57.021667,-25.629722,159.00
125,85,-57.021389,-25.629722,159.00
125,86,-57.021111,-25.629722,160.00
125,87,-57.020833,-25.629722,160.00
125,88,-57.020556,-25.629722,159.00
125,89,-57.020278,-25.629722,160.00
125,90,-57.020000,-25.629722,161.00
125,91,-57.019722,-25.629722,161.00
125,92,-57.019444,-25.629722,161.00
125,93,-57.019167,-25.629722,161.00
125,94,-57.018889,-25.629722,161.00
125,95,-57.018611,-25.629722,159.00
125,96,-57.018333,-25.629722,158.00
125,97,-57.018056,-25.629722,158.00
125,98,-57.017778,-25.629722,158.00
125,99,-57.017500,-25.629722,157.00
125,100,-57.017222,-25.629722,158.00
125,101,-57.016944,-25.629722,158.00
125,102,-57.016667,-25.629722,156.00
125,103,-57.016389,-25.629722,155.00
125,104,-57.016111,-25.629722,159.00
125,105,-57.015833,-25.629722,157.00
125,106,-57.015556,-25.629722,156.00
125,107,-57.015278,-25.629722,157.00
126,0,-57.045000,-25.630000,156.00
126,1,-57.044722,-25.630000,157.00
126,2,-57.044444,-25.630000,158.00
126,3,-57.044167,-25.630000,161.00
126,4,-57.043889,-25.630000,162.00
126,5,-57.043611,-25.630000,163.00
126,6,-57.043333,-25.630000,163.00
126,7,-57.043056,-25.630000,162.00
126,8,-57.042778,-25.630000,163.00
126,9,-57.042500,-25.630000,163.00
126,10,-57.042222,-25.630000,162.00
126,11,-57.041944,-25.630000,163.00
126,12,-57.041667,-25.630000,162.00
126,13,-57.041389,-25.630000,161.00
126,14,-57.041111,-25.630000,160.00
126,15,-57.040833,-25.630000,162.00
126,16,-57.040556,-25.630000,161.00
126,17,-57.040278,-25.630000,162.00
126,18,-57.040000,-25.630000,162.00
126,19,-57.039722,-25.630000,162.00
126,20,-57.039444,-25.630000,162.00
126,21,-57.039167,-25.630000,161.00
126,22,-57.038889,-25.630000,161.00
126,23,-57.038611,-25.630000,162.00
126,24,-57.038333,-25.630000,162.00
126,25,-57.038056,-25.630000,162.00
126,26,-57.037778,-25.630000,162.00
126,27,-57.037500,-25.630000,161.00
126,28,-57.037222,-25.630000,163.00
126,29,-57.036944,-25.630000,162.00
126,30,-57.036667,-25.630000,158.00
126,31,-57.036389,-25.630000,160.00
126,32,-57.036111,-25.630000,160.00
126,33,-57.035833,-25.630000,158.00
126,34,-57.035556,-25.630000,158.00
126,35,-57.035278,-25.630000,157.00
126,36,-57.035000,-25.630000,156.00
126,37,-57.034722,-25.630000,154.00
126,38,-57.034444,-25.630000,153.00
126,39,-57.034167,-25.630000,155.00
126,40,-57.033889,-25.630000,153.00
126,41,-57.033611,-25.630000,152.00
126,42,-57.033333,-25.630000,158.00
126,43,-57.033056,-25.630000,171.00
126,44,-57.032778,-25.630000,164.00
126,45,-57.032500,-25.630000,153.00
126,46,-57.032222,-25.630000,146.00
126,47,-57.031944,-25.630000,145.00
126,48,-57.031667,-25.630000,143.00
126,49,-57.031389,-25.630000,142.00
126,50,-57.031111,-25.630000,139.00
126,51,-57.030833,-25.630000,135.00
126,52,-57.030556,-25.630000,137.00
126,53,-57.030278,-25.630000,136.00
126,54,-57.030000,-25.630000,136.00
126,55,-57.029722,-25.630000,135.00
126,56,-57.029444,-25.630000,135.00
126,57,-57.029167,-25.630000,135.00
126,58,-57.028889,-25.630000,135.00
126,59,-57.028611,-25.630000,135.00
126,60,-57.028333,-25.630000,132.00
126,61,-57.028056,-25.630000,133.00
126,62,-57.027778,-25.630000,135.00
126,63,-57.027500,-25.630000,135.00
126,64,-57.027222,-25.630000,136.00
126,65,-57.026944,-25.630000,134.00
126,66,-57.026667,-25.630000,133.00
126,67,-57.026389,-25.630000,135.00
126,68,-57.026111,-25.630000,134.00
126,69,-57.025833,-25.630000,135.00
126,70,-57.025556,-25.630000,136.00
126,71,-57.025278,-25.630000,137.00
126,72,-57.025000,-25.630000,139.00
126,73,-57.024722,-25.630000,143.00
126,74,-57.024444,-25.630000,145.00
126,75,-57.024167,-25.630000,142.00
126,76,-57.023889,-25.630000,142.00
126,77,-57.023611,-25.630000,145.00
126,78,-57.023333,-25.630000,148.00
126,79,-57.023056,-25.630000,152.00
126,80,-57.022778,-25.630000,151.00
126,81,-57.022500,-25.630000,151.00
126,82,-57.022222,-25.630000,152.00
126,83,-57.021944,-25.630000,155.00
126,84,-57.021667,-25.630000,157.00
126,85,-57.021389,-25.630000,157.00
126,86,-57.021111,-25.630000,157.00
126,87,-57.020833,-25.630000,158.00
126,88,-57.020556,-25.630000,157.00
126,89,-57.020278,-25.630000,158.00
126,90,-57.020000,-25.630000,157.00
126,91,-57.019722,-25.630000,158.00
126,92,-57.019444,-25.630000,160.00
126,93,-57.019167,-25.630000,158.00
126,94,-57.018889,-25.630000,157.00
126,95,-57.018611,-25.630000,156.00
126,96,-57.018333,-25.630000,153.00
126,97,-57.018056,-25.630000,154.00
126,98,-57.017778,-25.630000,153.00
126,99,-57.017500,-25.630000,154.00
126,100,-57.017222,-25.630000,154.00
126,101,-57.016944,-25.630000,154.00
126,102,-57.016667,-25.630000,154.00
126,103,-57.016389,-25.630000,154.00
126,104,-57.016111,-25.630000,155.00
126,105,-57.015833,-25.630000,155.00
126,106,-57.015556,-25.630000,155.00
126,107,-57.015278,-25.630000,155.00
127,0,-57.045000,-25.630278,155.00
127,1,-57.044722,-25.630278,156.00
127,2,-57.044444,-25.630278,157.00
127,3,-57.044167,-25.630278,159.00
127,4,-57.043889,-25.630278,161.00
127,5,-57.043611,-25.630278,161.00
127,6,-57.043333,-25.630278,161.00
127,7,-57.043056,-25.630278,161.00
127,8,-57.042778,-25.630278,161.00
127,9,-57.042500,-25.630278,161.00
127,10,-57.042222,-25.630278,161.00
127,11,-57.041944,-25.630278,159.00
127,12,-57.041667,-25.630278,159.00
127,13,-57.041389,-25.630278,160.00
127,14,-57.041111,-25.630278,160.00
127,15,-57.040833,-25.630278,161.00
127,16,-57.040556,-25.630278,160.00
127,17,-57.040278,-25.630278,160.00
127,18,-57.040000,-25.630278,160.00
127,19,-57.039722,-25.630278,161.00
127,20,-57.039444,-25.630278,161.00
127,21,-57.039167,-25.630278,160.00
127,22,-57.038889,-25.630278,160.00
127,23,-57.038611,-25.630278,161.00
127,24,-57.038333,-25.630278,160.00
127,25,-57.038056,-25.630278,160.00
127,26,-57.037778,-25.630278,161.00
127,27,-57.037500,-25.630278,160.00
127,28,-57.037222,-25.630278,165.00
127,29,-57.036944,-25.630278,165.00
127,30,-57.036667,-25.630278,158.00
127,31,-57.036389,-25.630278,160.00
127,32,-57.036111,-25.630278,159.00
127,33,-57.035833,-25.630278,158.00
127,34,-57.035556,-25.630278,157.00
127,35,-57.035278,-25.630278,157.00
127,36,-57.035000,-25.630278,156.00
127,37,-57.034722,-25.630278,155.00
127,38,-57.034444,-25.630278,154.00
127,39,-57.034167,-25.630278,154.00
127,40,-57.033889,-25.630278,151.00
127,41,-57.033611,-25.630278,150.00
127,42,-57.033333,-25.630278,160.00
127,43,-57.033056,-25.630278,165.00
127,44,-57.032778,-25.630278,160.00
127,45,-57.032500,-25.630278,156.00
127,46,-57.032222,-25.630278,148.00
127,47,-57.031944,-25.630278,145.00
127,48,-57.031667,-25.630278,144.00
127,49,-57.031389,-25.630278,140.00
127,50,-57.031111,-25.630278,137.00
127,51,-57.030833,-25.630278,135.00
127,52,-57.030556,-25.630278,135.00
127,53,-57.030278,-25.630278,136.00
127,54,-57.030000,-25.630278,135.00
127,55,-57.029722,-25.630278,135.00
127,56,-57.029444,-25.630278,135.00
127,57,-57.029167,-25.630278,134.00
127,58,-57.028889,-25.630278,135.00
127,59,-57.028611,-25.630278,134.00
127,60,-57.028333,-25.630278,131.00
127,61,-57.028056,-25.630278,132.00
127,62,-57.027778,-25.630278,136.00
127,63,-57.027500,-25.630278,136.00
127,64,-57.027222,-25.630278,136.00
127,65,-57.026944,-25.630278,136.00
127,66,-57.026667,-25.630278,137.00
127,67,-57.026389,-25.630278,137.00
127,68,-57.026111,-25.630278,134.00
127,69,-57.025833,-25.630278,134.00
127,70,-57.025556,-25.630278,136.00
127,71,-57.025278,-25.630278,137.00
127,72,-57.025000,-25.630278,140.00
127,73,-57.024722,-25.630278,141.00
127,74,-57.024444,-25.630278,138.00
127,75,-57.024167,-25.630278,139.00
127,76,-57.023889,-25.630278,140.00
127,77,-57.023611,-25.630278,141.00
127,78,-57.023333,-25.630278,144.00
127,79,-57.023056,-25.630278,146.00
127,80,-57.022778,-25.630278,148.00
127,81,-57.022500,-25.630278,149.00
127,82,-57.022222,-25.630278,151.00
127,83,-57.021944,-25.630278,153.00
127,84,-57.021667,-25.630278,154.00
127,85,-57.021389,-25.630278,156.00
127,86,-57.021111,-25.630278,156.00
127,87,-57.020833,-25.630278,156.00
127,88,-57.020556,-25.630278,156.00
127,89,-57.020278,-25.630278,155.00
127,90,-57.020000,-25.630278,155.00
127,91,-57.019722,-25.630278,155.00
127,92,-57.019444,-25.630278,156.00
127,93,-57.019167,-25.630278,155.00
127,94,-57.018889,-25.630278,154.00
127,95,-57.018611,-25.630278,153.00
127,96,-57.018333,-25.630278,151.00
127,97,-57.018056,-25.630278,151.00
127,98,-57.017778,-25.630278,150.00
127,99,-57.017500,-25.630278,151.00
127,100,-57.017222,-25.630278,151.00
127,101,-57.016944,-25.630278,153.00
127,102,-57.016667,-25.630278,153.00
127,103,-57.016389,-25.630278,155.00
127,104,-57.016111,-25.630278,154.00
127,105,-57.015833,-25.630278,154.00
127,106,-57.015556,-25.630278,155.00
127,107,-57.015278,-25.630278,157.00
128,0,-57.045000,-25.630556,155.00
128,1,-57.044722,-25.630556,154.00
128,2,-57.044444,-25.630556,156.00
128,3,-57.044167,-25.630556,158.00
128,4,-57.043889,-25.630556,159.00
128,5,-57.043611,-25.630556,159.00
128,6,-57.043333,-25.630556,160.00
128,7,-57.043056,-25.630556,159.00
128,8,-57.042778,-25.630556,159.00
128,9,-57.042500,-25.630556,159.00
128,10,-57.042222,-25.630556,158.00
128,11,-57.041944,-25.630556,159.00
128,12,-57.041667,-25.630556,158.00
128,13,-57.041389,-25.630556,159.00
128,14,-57.041111,-25.630556,158.00
128,15,-57.040833,-25.630556,157.00
128,16,-57.040556,-25.630556,158.00
128,17,-57.040278,-25.630556,159.00
128,18,-57.040000,-25.630556,160.00
128,19,-57.039722,-25.630556,159.00
128,20,-57.039444,-25.630556,158.00
128,21,-57.039167,-25.630556,159.00
128,22,-57.038889,-25.630556,160.00
128,23,-57.038611,-25.630556,160.00
128,24,-57.038333,-25.630556,160.00
128,25,-57.038056,-25.630556,160.00
128,26,-57.037778,-25.630556,160.00
128,27,-57.037500,-25.630556,161.00
128,28,-57.037222,-25.630556,160.00
128,29,-57.036944,-25.630556,159.00
128,30,-57.036667,-25.630556,158.00
128,31,-57.036389,-25.630556,159.00
128,32,-57.036111,-25.630556,159.00
128,33,-57.035833,-25.630556,158.00
128,34,-57.035556,-25.630556,157.00
128,35,-57.035278,-25.630556,157.00
128,36,-57.035000,-25.630556,156.00
128,37,-57.034722,-25.630556,156.00
128,38,-57.034444,-25.630556,154.00
128,39,-57.034167,-25.630556,153.00
128,40,-57.033889,-25.630556,151.00
128,41,-57.033611,-25.630556,151.00
128,42,-57.033333,-25.630556,151.00
128,43,-57.033056,-25.630556,152.00
128,44,-57.032778,-25.630556,150.00
128,45,-57.032500,-25.630556,148.00
128,46,-57.032222,-25.630556,147.00
128,47,-57.031944,-25.630556,145.00
128,48,-57.031667,-25.630556,144.00
128,49,-57.031389,-25.630556,139.00
128,50,-57.031111,-25.630556,137.00
128,51,-57.030833,-25.630556,137.00
128,52,-57.030556,-25.630556,134.00
128,53,-57.030278,-25.630556,135.00
128,54,-57.030000,-25.630556,136.00
128,55,-57.029722,-25.630556,136.00
128,56,-57.029444,-25.630556,135.00
128,57,-57.029167,-25.630556,134.00
128,58,-57.028889,-25.630556,133.00
128,59,-57.028611,-25.630556,132.00
128,60,-57.028333,-25.630556,130.00
128,61,-57.028056,-25.630556,134.00
128,62,-57.027778,-25.630556,137.00
128,63,-57.027500,-25.630556,136.00
128,64,-57.027222,-25.630556,134.00
128,65,-57.026944,-25.630556,135.00
128,66,-57.026667,-25.630556,136.00
128,67,-57.026389,-25.630556,134.00
128,68,-57.026111,-25.630556,134.00
128,69,-57.025833,-25.630556,133.00
128,70,-57.025556,-25.630556,135.00
128,71,-57.025278,-25.630556,135.00
128,72,-57.025000,-25.630556,137.00
128,73,-57.024722,-25.630556,138.00
128,74,-57.024444,-25.630556,138.00
128,75,-57.024167,-25.630556,138.00
128,76,-57.023889,-25.630556,139.00
128,77,-57.023611,-25.630556,140.00
128,78,-57.023333,-25.630556,141.00
128,79,-57.023056,-25.630556,144.00
128,80,-57.022778,-25.630556,145.00
128,81,-57.022500,-25.630556,147.00
128,82,-57.022222,-25.630556,149.00
128,83,-57.021944,-25.630556,151.00
128,84,-57.021667,-25.630556,152.00
128,85,-57.021389,-25.630556,155.00
128,86,-57.021111,-25.630556,154.00
128,87,-57.020833,-25.630556,153.00
128,88,-57.020556,-25.630556,153.00
128,89,-57.020278,-25.630556,153.00
128,90,-57.020000,-25.630556,152.00
128,91,-57.019722,-25.630556,152.00
128,92,-57.019444,-25.630556,152.00
128,93,-57.019167,-25.630556,153.00
128,94,-57.018889,-25.630556,152.00
128,95,-57.018611,-25.630556,152.00
128,96,-57.018333,-25.630556,149.00
128,97,-57.018056,-25.630556,149.00
128,98,-57.017778,-25.630556,149.00
128,99,-57.017500,-25.630556,150.00
128,100,-57.017222,-25.630556,151.00
128,101,-57.016944,-25.630556,152.00
128,102,-57.016667,-25.630556,152.00
128,103,-57.016389,-25.630556,155.00
128,104,-57.016111,-25.630556,155.00
128,105,-57.015833,-25.630556,155.00
128,106,-57.015556,-25.630556,157.00
128,107,-57.015278,-25.630556,159.00
129,0,-57.045000,-25.630833,154.00
129,1,-57.044722,-25.630833,155.00
129,2,-57.044444,-25.630833,156.00
129,3,-57.044167,-25.630833,157.00
129,4,-57.043889,-25.630833,158.00
129,5,-57.043611,-25.630833,158.00
129,6,-57.043333,-25.630833,158.00
129,7,-57.043056,-25.630833,158.00
129,8,-57.042778,-25.630833,158.00
129,9,-57.042500,-25.630833,158.00
129,10,-57.042222,-25.630833,158.00
129,11,-57.041944,-25.630833,157.00
129,12,-57.041667,-25.630833,156.00
129,13,-57.041389,-25.630833,157.00
129,14,-57.041111,-25.630833,157.00
129,15,-57.040833,-25.630833,156.00
129,16,-57.040556,-25.630833,158.00
129,17,-57.040278,-25.630833,159.00
129,18,-57.040000,-25.630833,159.00
129,19,-57.039722,-25.630833,158.00
129,20,-57.039444,-25.630833,157.00
129,21,-57.039167,-25.630833,158.00
129,22,-57.038889,-25.630833,160.00
129,23,-57.038611,-25.630833,159.00
129,24,-57.038333,-25.630833,159.00
129,25,-57.038056,-25.630833,158.00
129,26,-57.037778,-25.630833,160.00
129,27,-57.037500,-25.630833,160.00
129,28,-57.037222,-25.630833,158.00
129,29,-57.036944,-25.630833,158.00
129,30,-57.036667,-25.630833,159.00
129,31,-57.036389,-25.630833,158.00
129,32,-57.036111,-25.630833,159.00
129,33,-57.035833,-25.630833,159.00
129,34,-57.035556,-25.630833,157.00
129,35,-57.035278,-25.630833,157.00
129,36,-57.035000,-25.630833,156.00
129,37,-57.034722,-25.630833,154.00
129,38,-57.034444,-25.630833,153.00
129,39,-57.034167,-25.630833,152.00
129,40,-57.033889,-25.630833,153.00
129,41,-57.033611,-25.630833,151.00
129,42,-57.033333,-25.630833,150.00
129,43,-57.033056,-25.630833,150.00
129,44,-57.032778,-25.630833,149.00
129,45,-57.032500,-25.630833,150.00
129,46,-57.032222,-25.630833,150.00
129,47,-57.031944,-25.630833,148.00
129,48,-57.031667,-25.630833,142.00
129,49,-57.031389,-25.630833,139.00
129,50,-57.031111,-25.630833,137.00
129,51,-57.030833,-25.630833,138.00
129,52,-57.030556,-25.630833,134.00
129,53,-57.030278,-25.630833,136.00
129,54,-57.030000,-25.630833,140.00
129,55,-57.029722,-25.630833,136.00
129,56,-57.029444,-25.630833,133.00
129,57,-57.029167,-25.630833,132.00
129,58,-57.028889,-25.630833,131.00
129,59,-57.028611,-25.630833,131.00
129,60,-57.028333,-25.630833,130.00
129,61,-57.028056,-25.630833,132.00
129,62,-57.027778,-25.630833,134.00
129,63,-57.027500,-25.630833,134.00
129,64,-57.027222,-25.630833,135.00
129,65,-57.026944,-25.630833,133.00
129,66,-57.026667,-25.630833,133.00
129,67,-57.026389,-25.630833,132.00
129,68,-57.026111,-25.630833,134.00
129,69,-57.025833,-25.630833,133.00
129,70,-57.025556,-25.630833,134.00
129,71,-57.025278,-25.630833,136.00
129,72,-57.025000,-25.630833,135.00
129,73,-57.024722,-25.630833,136.00
129,74,-57.024444,-25.630833,135.00
129,75,-57.024167,-25.630833,136.00
129,76,-57.023889,-25.630833,139.00
129,77,-57.023611,-25.630833,140.00
129,78,-57.023333,-25.630833,141.00
129,79,-57.023056,-25.630833,143.00
129,80,-57.022778,-25.630833,143.00
129,81,-57.022500,-25.630833,145.00
129,82,-57.022222,-25.630833,147.00
129,83,-57.021944,-25.630833,148.00
129,84,-57.021667,-25.630833,150.00
129,85,-57.021389,-25.630833,151.00
129,86,-57.021111,-25.630833,151.00
129,87,-57.020833,-25.630833,151.00
129,88,-57.020556,-25.630833,150.00
129,89,-57.020278,-25.630833,151.00
129,90,-57.020000,-25.630833,152.00
129,91,-57.019722,-25.630833,149.00
129,92,-57.019444,-25.630833,149.00
129,93,-57.019167,-25.630833,149.00
129,94,-57.018889,-25.630833,149.00
129,95,-57.018611,-25.630833,149.00
129,96,-57.018333,-25.630833,148.00
129,97,-57.018056,-25.630833,148.00
129,98,-57.017778,-25.630833,150.00
129,99,-57.017500,-25.630833,150.00
129,100,-57.017222,-25.630833,150.00
129,101,-57.016944,-25.630833,151.00
129,102,-57.016667,-25.630833,154.00
129,103,-57.016389,-25.630833,155.00
129,104,-57.016111,-25.630833,158.00
129,105,-57.015833,-25.630833,157.00
129,106,-57.015556,-25.630833,159.00
129,107,-57.015278,-25.630833,161.00
130,0,-57.045000,-25.631111,154.00
130,1,-57.044722,-25.631111,153.00
130,2,-57.044444,-25.631111,155.00
130,3,-57.044167,-25.631111,156.00
130,4,-57.043889,-25.631111,157.00
130,5,-57.043611,-25.631111,158.00
130,6,-57.043333,-25.631111,156.00
130,7,-57.043056,-25.631111,155.00
130,8,-57.042778,-25.631111,155.00
130,9,-57.042500,-25.631111,156.00
130,10,-57.042222,-25.631111,154.00
130,11,-57.041944,-25.631111,154.00
130,12,-57.041667,-25.631111,154.00
130,13,-57.041389,-25.631111,155.00
130,14,-57.041111,-25.631111,155.00
130,15,-57.040833,-25.631111,157.00
130,16,-57.040556,-25.631111,156.00
130,17,-57.040278,-25.631111,155.00
130,18,-57.040000,-25.631111,156.00
130,19,-57.039722,-25.631111,156.00
130,20,-57.039444,-25.631111,157.00
130,21,-57.039167,-25.631111,158.00
130,22,-57.038889,-25.631111,158.00
130,23,-57.038611,-25.631111,159.00
130,24,-57.038333,-25.631111,158.00
130,25,-57.038056,-25.631111,158.00
130,26,-57.037778,-25.631111,159.00
130,27,-57.037500,-25.631111,159.00
130,28,-57.037222,-25.631111,157.00
130,29,-57.036944,-25.631111,159.00
130,30,-57.036667,-25.631111,158.00
130,31,-57.036389,-25.631111,158.00
130,32,-57.036111,-25.631111,158.00
130,33,-57.035833,-25.631111,158.00
130,34,-57.035556,-25.631111,157.00
130,35,-57.035278,-25.631111,156.00
130,36,-57.035000,-25.631111,156.00
130,37,-57.034722,-25.631111,155.00
130,38,-57.034444,-25.631111,154.00
130,39,-57.034167,-25.631111,154.00
130,40,-57.033889,-25.631111,153.00
130,41,-57.033611,-25.631111,152.00
130,42,-57.033333,-25.631111,151.00
130,43,-57.033056,-25.631111,151.00
130,44,-57.032778,-25.631111,150.00
130,45,-57.032500,-25.631111,148.00
130,46,-57.032222,-25.631111,149.00
130,47,-57.031944,-25.631111,147.00
130,48,-57.031667,-25.631111,142.00
130,49,-57.031389,-25.631111,140.00
130,50,-57.031111,-25.631111,138.00
130,51,-57.030833,-25.631111,138.00
130,52,-57.030556,-25.631111,136.00
130,53,-57.030278,-25.631111,138.00
130,54,-57.030000,-25.631111,143.00
130,55,-57.029722,-25.631111,138.00
130,56,-57.029444,-25.631111,131.00
130,57,-57.029167,-25.631111,132.00
130,58,-57.028889,-25.631111,130.00
130,59,-57.028611,-25.631111,131.00
130,60,-57.028333,-25.631111,131.00
130,61,-57.028056,-25.631111,135.00
130,62,-57.027778,-25.631111,136.00
130,63,-57.027500,-25.631111,136.00
130,64,-57.027222,-25.631111,131.00
130,65,-57.026944,-25.631111,130.00
130,66,-57.026667,-25.631111,132.00
130,67,-57.026389,-25.631111,134.00
130,68,-57.026111,-25.631111,135.00
130,69,-57.025833,-25.631111,136.00
130,70,-57.025556,-25.631111,135.00
130,71,-57.025278,-25.631111,135.00
130,72,-57.025000,-25.631111,135.00
130,73,-57.024722,-25.631111,135.00
130,74,-57.024444,-25.631111,136.00
130,75,-57.024167,-25.631111,136.00
130,76,-57.023889,-25.631111,139.00
130,77,-57.023611,-25.631111,140.00
130,78,-57.023333,-25.631111,140.00
130,79,-57.023056,-25.631111,141.00
130,80,-57.022778,-25.631111,143.00
130,81,-57.022500,-25.631111,143.00
130,82,-57.022222,-25.631111,144.00
130,83,-57.021944,-25.631111,146.00
130,84,-57.021667,-25.631111,147.00
130,85,-57.021389,-25.631111,149.00
130,86,-57.021111,-25.631111,149.00
130,87,-57.020833,-25.631111,149.00
130,88,-57.020556,-25.631111,148.00
130,89,-57.020278,-25.631111,149.00
130,90,-57.020000,-25.631111,150.00
130,91,-57.019722,-25.631111,149.00
130,92,-57.019444,-25.631111,146.00
130,93,-57.019167,-25.631111,147.00
130,94,-57.018889,-25.631111,147.00
130,95,-57.018611,-25.631111,148.00
130,96,-57.018333,-25.631111,147.00
130,97,-57.018056,-25.631111,148.00
130,98,-57.017778,-25.631111,149.00
130,99,-57.017500,-25.631111,149.00
130,100,-57.017222,-25.631111,151.00
130,101,-57.016944,-25.631111,152.00
130,102,-57.016667,-25.631111,154.00
130,103,-57.016389,-25.631111,155.00
130,104,-57.016111,-25.631111,156.00
130,105,-57.015833,-25.631111,160.00
130,106,-57.015556,-25.631111,161.00
130,107,-57.015278,-25.631111,162.00
131,0,-57.045000,-25.631389,153.00
131,1,-57.044722,-25.631389,152.00
131,2,-57.044444,-25.631389,154.00
131,3,-57.044167,-25.631389,155.00
131,4,-57.043889,-25.631389,155.00
131,5,-57.043611,-25.631389,156.00
131,6,-57.043333,-25.631389,155.00
131,7,-57.043056,-25.631389,153.00
131,8,-57.042778,-25.631389,154.00
131,9,-57.042500,-25.631389,152.00
131,10,-57.042222,-25.631389,150.00
131,11,-57.041944,-25.631389,151.00
131,12,-57.041667,-25.631389,152.00
131,13,-57.041389,-25.631389,153.00
131,14,-57.041111,-25.631389,151.00
131,15,-57.040833,-25.631389,160.00
131,16,-57.040556,-25.631389,153.00
131,17,-57.040278,-25.631389,153.00
131,18,-57.040000,-25.631389,155.00
131,19,-57.039722,-25.631389,155.00
131,20,-57.039444,-25.631389,155.00
131,21,-57.039167,-25.631389,157.00
131,22,-57.038889,-25.631389,157.00
131,23,-57.038611,-25.631389,157.00
131,24,-57.038333,-25.631389,157.00
131,25,-57.038056,-25.631389,157.00
131,26,-57.037778,-25.631389,158.00
131,27,-57.037500,-25.631389,157.00
131,28,-57.037222,-25.631389,157.00
131,29,-57.036944,-25.631389,157.00
131,30,-57.036667,-25.631389,157.00
131,31,-57.036389,-25.631389,157.00
131,32,-57.036111,-25.631389,158.00
131,33,-57.035833,-25.631389,158.00
131,34,-57.035556,-25.631389,155.00
131,35,-57.035278,-25.631389,154.00
131,36,-57.035000,-25.631389,155.00
131,37,-57.034722,-25.631389,154.00
131,38,-57.034444,-25.631389,153.00
131,39,-57.034167,-25.631389,153.00
131,40,-57.033889,-25.631389,153.00
131,41,-57.033611,-25.631389,152.00
131,42,-57.033333,-25.631389,151.00
131,43,-57.033056,-25.631389,149.00
131,44,-57.032778,-25.631389,150.00
131,45,-57.032500,-25.631389,150.00
131,46,-57.032222,-25.631389,145.00
131,47,-57.031944,-25.631389,146.00
131,48,-57.031667,-25.631389,145.00
131,49,-57.031389,-25.631389,142.00
131,50,-57.031111,-25.631389,139.00
131,51,-57.030833,-25.631389,137.00
131,52,-57.030556,-25.631389,135.00
131,53,-57.030278,-25.631389,137.00
131,54,-57.030000,-25.631389,138.00
131,55,-57.029722,-25.631389,134.00
131,56,-57.029444,-25.631389,131.00
131,57,-57.029167,-25.631389,130.00
131,58,-57.028889,-25.631389,128.00
131,59,-57.028611,-25.631389,128.00
131,60,-57.028333,-25.631389,131.00
131,61,-57.028056,-25.631389,132.00
131,62,-57.027778,-25.631389,134.00
131,63,-57.027500,-25.631389,134.00
131,64,-57.027222,-25.631389,130.00
131,65,-57.026944,-25.631389,130.00
131,66,-57.026667,-25.631389,134.00
131,67,-57.026389,-25.631389,135.00
131,68,-57.026111,-25.631389,135.00
131,69,-57.025833,-25.631389,136.00
131,70,-57.025556,-25.631389,136.00
131,71,-57.025278,-25.631389,136.00
131,72,-57.025000,-25.631389,136.00
131,73,-57.024722,-25.631389,137.00
131,74,-57.024444,-25.631389,137.00
131,75,-57.024167,-25.631389,137.00
131,76,-57.023889,-25.631389,138.00
131,77,-57.023611,-25.631389,141.00
131,78,-57.023333,-25.631389,139.00
131,79,-57.023056,-25.631389,140.00
131,80,-57.022778,-25.631389,142.00
131,81,-57.022500,-25.631389,141.00
131,82,-57.022222,-25.631389,142.00
131,83,-57.021944,-25.631389,144.00
131,84,-57.021667,-25.631389,145.00
131,85,-57.021389,-25.631389,146.00
131,86,-57.021111,-25.631389,147.00
131,87,-57.020833,-25.631389,147.00
131,88,-57.020556,-25.631389,145.00
131,89,-57.020278,-25.631389,145.00
131,90,-57.020000,-25.631389,149.00
131,91,-57.019722,-25.631389,151.00
131,92,-57.019444,-25.631389,146.00
131,93,-57.019167,-25.631389,144.00
131,94,-57.018889,-25.631389,145.00
131,95,-57.018611,-25.631389,146.00
131,96,-57.018333,-25.631389,147.00
131,97,-57.018056,-25.631389,147.00
131,98,-57.017778,-25.631389,148.00
131,99,-57.017500,-25.631389,151.00
131,100,-57.017222,-25.631389,157.00
131,101,-57.016944,-25.631389,155.00
131,102,-57.016667,-25.631389,156.00
131,103,-57.016389,-25.631389,157.00
131,104,-57.016111,-25.631389,156.00
131,105,-57.015833,-25.631389,159.00
131,106,-57.015556,-25.631389,160.00
131,107,-57.015278,-25.631389,161.00
132,0,-57.045000,-25.631667,153.00
132,1,-57.044722,-25.631667,150.00
132,2,-57.044444,-25.631667,152.00
132,3,-57.044167,-25.631667,154.00
132,4,-57.043889,-25.631667,154.00
132,5,-57.043611,-25.631667,154.00
132,6,-57.043333,-25.631667,153.00
132,7,-57.043056,-25.631667,153.00
132,8,-57.042778,-25.631667,151.00
132,9,-57.042500,-25.631667,149.00
132,10,-57.042222,-25.631667,148.00
132,11,-57.041944,-25.631667,146.00
132,12,-57.041667,-25.631667,146.00
132,13,-57.041389,-25.631667,149.00
132,14,-57.041111,-25.631667,149.00
132,15,-57.040833,-25.631667,154.00
132,16,-57.040556,-25.631667,148.00
132,17,-57.040278,-25.631667,150.00
132,18,-57.040000,-25.631667,155.00
132,19,-57.039722,-25.631667,154.00
132,20,-57.039444,-25.631667,154.00
132,21,-57.039167,-25.631667,155.00
132,22,-57.038889,-25.631667,156.00
132,23,-57.038611,-25.631667,156.00
132,24,-57.038333,-25.631667,157.00
132,25,-57.038056,-25.631667,156.00
132,26,-57.037778,-25.631667,157.00
132,27,-57.037500,-25.631667,157.00
132,28,-57.037222,-25.631667,156.00
132,29,-57.036944,-25.631667,156.00
132,30,-57.036667,-25.631667,157.00
132,31,-57.036389,-25.631667,157.00
132,32,-57.036111,-25.631667,156.00
132,33,-57.035833,-25.631667,156.00
132,34,-57.035556,-25.631667,154.00
132,35,-57.035278,-25.631667,154.00
132,36,-57.035000,-25.631667,154.00
132,37,-57.034722,-25.631667,153.00
132,38,-57.034444,-25.631667,153.00
132,39,-57.034167,-25.631667,153.00
132,40,-57.033889,-25.631667,153.00
132,41,-57.033611,-25.631667,151.00
132,42,-57.033333,-25.631667,151.00
132,43,-57.033056,-25.631667,150.00
132,44,-57.032778,-25.631667,149.00
132,45,-57.032500,-25.631667,148.00
132,46,-57.032222,-25.631667,147.00
132,47,-57.031944,-25.631667,151.00
132,48,-57.031667,-25.631667,150.00
132,49,-57.031389,-25.631667,141.00
132,50,-57.031111,-25.631667,138.00
132,51,-57.030833,-25.631667,136.00
132,52,-57.030556,-25.631667,135.00
132,53,-57.030278,-25.631667,135.00
132,54,-57.030000,-25.631667,136.00
132,55,-57.029722,-25.631667,134.00
132,56,-57.029444,-25.631667,132.00
132,57,-57.029167,-25.631667,129.00
132,58,-57.028889,-25.631667,128.00
132,59,-57.028611,-25.631667,128.00
132,60,-57.028333,-25.631667,129.00
132,61,-57.028056,-25.631667,131.00
132,62,-57.027778,-25.631667,134.00
132,63,-57.027500,-25.631667,131.00
132,64,-57.027222,-25.631667,131.00
132,65,-57.026944,-25.631667,133.00
132,66,-57.026667,-25.631667,135.00
132,67,-57.026389,-25.631667,136.00
132,68,-57.026111,-25.631667,136.00
132,69,-57.025833,-25.631667,136.00
132,70,-57.025556,-25.631667,137.00
132,71,-57.025278,-25.631667,138.00
132,72,-57.025000,-25.631667,139.00
132,73,-57.024722,-25.631667,138.00
132,74,-57.024444,-25.631667,139.00
132,75,-57.024167,-25.631667,139.00
132,76,-57.023889,-25.631667,140.00
132,77,-57.023611,-25.631667,140.00
132,78,-57.023333,-25.631667,139.00
132,79,-57.023056,-25.631667,141.00
132,80,-57.022778,-25.631667,141.00
132,81,-57.022500,-25.631667,140.00
132,82,-57.022222,-25.631667,141.00
132,83,-57.021944,-25.631667,143.00
132,84,-57.021667,-25.631667,144.00
132,85,-57.021389,-25.631667,145.00
132,86,-57.021111,-25.631667,145.00
132,87,-57.020833,-25.631667,144.00
132,88,-57.020556,-25.631667,144.00
132,89,-57.020278,-25.631667,143.00
132,90,-57.020000,-25.631667,146.00
132,91,-57.019722,-25.631667,146.00
132,92,-57.019444,-25.631667,143.00
132,93,-57.019167,-25.631667,144.00
132,94,-57.018889,-25.631667,145.00
132,95,-57.018611,-25.631667,148.00
132,96,-57.018333,-25.631667,148.00
132,97,-57.018056,-25.631667,147.00
132,98,-57.017778,-25.631667,149.00
132,99,-57.017500,-25.631667,152.00
132,100,-57.017222,-25.631667,155.00
132,101,-57.016944,-25.631667,155.00
132,102,-57.016667,-25.631667,156.00
132,103,-57.016389,-25.631667,157.00
132,104,-57.016111,-25.631667,158.00
132,105,-57.015833,-25.631667,162.00
132,106,-57.015556,-25.631667,162.00
132,107,-57.015278,-25.631667,162.00
133,0,-57.045000,-25.631944,152.00
133,1,-57.044722,-25.631944,150.00
133,2,-57.044444,-25.631944,151.00
133,3,-57.044167,-25.631944,152.00
133,4,-57.043889,-25.631944,153.00
133,5,-57.043611,-25.631944,154.00
133,6,-57.043333,-25.631944,157.00
133,7,-57.043056,-25.631944,151.00
133,8,-57.042778,-25.631944,148.00
133,9,-57.042500,-25.631944,147.00
133,10,-57.042222,-25.631944,146.00
133,11,-57.041944,-25.631944,146.00
133,12,-57.041667,-25.631944,148.00
133,13,-57.041389,-25.631944,149.00
133,14,-57.041111,-25.631944,147.00
133,15,-57.040833,-25.631944,150.00
133,16,-57.040556,-25.631944,149.00
133,17,-57.040278,-25.631944,147.00
133,18,-57.040000,-25.631944,152.00
133,19,-57.039722,-25.631944,154.00
133,20,-57.039444,-25.631944,153.00
133,21,-57.039167,-25.631944,155.00
133,22,-57.038889,-25.631944,155.00
133,23,-57.038611,-25.631944,155.00
133,24,-57.038333,-25.631944,156.00
133,25,-57.038056,-25.631944,156.00
133,26,-57.037778,-25.631944,155.00
133,27,-57.037500,-25.631944,156.00
133,28,-57.037222,-25.631944,155.00
133,29,-57.036944,-25.631944,155.00
133,30,-57.036667,-25.631944,156.00
133,31,-57.036389,-25.631944,155.00
133,32,-57.036111,-25.631944,154.00
133,33,-57.035833,-25.631944,154.00
133,34,-57.035556,-25.631944,154.00
133,35,-57.035278,-25.631944,154.00
133,36,-57.035000,-25.631944,153.00
133,37,-57.034722,-25.631944,153.00
133,38,-57.034444,-25.631944,153.00
133,39,-57.034167,-25.631944,152.00
133,40,-57.033889,-25.631944,152.00
133,41,-57.033611,-25.631944,151.00
133,42,-57.033333,-25.631944,152.00
133,43,-57.033056,-25.631944,152.00
133,44,-57.032778,-25.631944,150.00
133,45,-57.032500,-25.631944,149.00
133,46,-57.032222,-25.631944,149.00
133,47,-57.031944,-25.631944,154.00
133,48,-57.031667,-25.631944,152.00
133,49,-57.031389,-25.631944,141.00
133,50,-57.031111,-25.631944,137.00
133,51,-57.030833,-25.631944,136.00
133,52,-57.030556,-25.631944,135.00
133,53,-57.030278,-25.631944,133.00
133,54,-57.030000,-25.631944,134.00
133,55,-57.029722,-25.631944,134.00
133,56,-57.029444,-25.631944,132.00
133,57,-57.029167,-25.631944,131.00
133,58,-57.028889,-25.631944,130.00
133,59,-57.028611,-25.631944,130.00
133,60,-57.028333,-25.631944,130.00
133,61,-57.028056,-25.631944,129.00
133,62,-57.027778,-25.631944,129.00
133,63,-57.027500,-25.631944,129.00
133,64,-57.027222,-25.631944,132.00
133,65,-57.026944,-25.631944,135.00
133,66,-57.026667,-25.631944,136.00
133,67,-57.026389,-25.631944,135.00
133,68,-57.026111,-25.631944,135.00
133,69,-57.025833,-25.631944,136.00
133,70,-57.025556,-25.631944,137.00
133,71,-57.025278,-25.631944,138.00
133,72,-57.025000,-25.631944,139.00
133,73,-57.024722,-25.631944,139.00
133,74,-57.024444,-25.631944,140.00
133,75,-57.024167,-25.631944,140.00
133,76,-57.023889,-25.631944,141.00
133,77,-57.023611,-25.631944,140.00
133,78,-57.023333,-25.631944,140.00
133,79,-57.023056,-25.631944,139.00
133,80,-57.022778,-25.631944,139.00
133,81,-57.022500,-25.631944,139.00
133,82,-57.022222,-25.631944,141.00
133,83,-57.021944,-25.631944,141.00
133,84,-57.021667,-25.631944,144.00
133,85,-57.021389,-25.631944,145.00
133,86,-57.021111,-25.631944,145.00
133,87,-57.020833,-25.631944,144.00
133,88,-57.020556,-25.631944,144.00
133,89,-57.020278,-25.631944,143.00
133,90,-57.020000,-25.631944,143.00
133,91,-57.019722,-25.631944,143.00
133,92,-57.019444,-25.631944,145.00
133,93,-57.019167,-25.631944,146.00
133,94,-57.018889,-25.631944,148.00
133,95,-57.018611,-25.631944,148.00
133,96,-57.018333,-25.631944,147.00
133,97,-57.018056,-25.631944,149.00
133,98,-57.017778,-25.631944,150.00
133,99,-57.017500,-25.631944,154.00
133,100,-57.017222,-25.631944,154.00
133,101,-57.016944,-25.631944,155.00
133,102,-57.016667,-25.631944,155.00
133,103,-57.016389,-25.631944,157.00
133,104,-57.016111,-25.631944,159.00
133,105,-57.015833,-25.631944,160.00
133,106,-57.015556,-25.631944,162.00
133,107,-57.015278,-25.631944,164.00
134,0,-57.045000,-25.632222,151.00
134,1,-57.044722,-25.632222,150.00
134,2,-57.044444,-25.632222,150.00
134,3,-57.044167,-25.632222,151.00
134,4,-57.043889,-25.632222,155.00
134,5,-57.043611,-25.632222,158.00
134,6,-57.043333,-25.632222,160.00
134,7,-57.043056,-25.632222,154.00
134,8,-57.042778,-25.632222,148.00
134,9,-57.042500,-25.632222,145.00
134,10,-57.042222,-25.632222,147.00
134,11,-57.041944,-25.632222,145.00
134,12,-57.041667,-25.632222,147.00
134,13,-57.041389,-25.632222,147.00
134,14,-57.041111,-25.632222,145.00
134,15,-57.040833,-25.632222,148.00
134,16,-57.040556,-25.632222,147.00
134,17,-57.040278,-25.632222,146.00
134,18,-57.040000,-25.632222,147.00
134,19,-57.039722,-25.632222,151.00
134,20,-57.039444,-25.632222,153.00
134,21,-57.039167,-25.632222,154.00
134,22,-57.038889,-25.632222,155.00
134,23,-57.038611,-25.632222,154.00
134,24,-57.038333,-25.632222,154.00
134,25,-57.038056,-25.632222,154.00
134,26,-57.037778,-25.632222,154.00
134,27,-57.037500,-25.632222,154.00
134,28,-57.037222,-25.632222,155.00
134,29,-57.036944,-25.632222,155.00
134,30,-57.036667,-25.632222,154.00
134,31,-57.036389,-25.632222,155.00
134,32,-57.036111,-25.632222,154.00
134,33,-57.035833,-25.632222,153.00
134,34,-57.035556,-25.632222,153.00
134,35,-57.035278,-25.632222,154.00
134,36,-57.035000,-25.632222,153.00
134,37,-57.034722,-25.632222,155.00
134,38,-57.034444,-25.632222,154.00
134,39,-57.034167,-25.632222,152.00
134,40,-57.033889,-25.632222,153.00
134,41,-57.033611,-25.632222,154.00
134,42,-57.033333,-25.632222,152.00
134,43,-57.033056,-25.632222,151.00
134,44,-57.032778,-25.632222,149.00
134,45,-57.032500,-25.632222,150.00
134,46,-57.032222,-25.632222,152.00
134,47,-57.031944,-25.632222,153.00
134,48,-57.031667,-25.632222,149.00
134,49,-57.031389,-25.632222,141.00
134,50,-57.031111,-25.632222,138.00
134,51,-57.030833,-25.632222,135.00
134,52,-57.030556,-25.632222,134.00
134,53,-57.030278,-25.632222,133.00
134,54,-57.030000,-25.632222,134.00
134,55,-57.029722,-25.632222,133.00
134,56,-57.029444,-25.632222,133.00
134,57,-57.029167,-25.632222,132.00
134,58,-57.028889,-25.632222,131.00
134,59,-57.028611,-25.632222,132.00
134,60,-57.028333,-25.632222,130.00
134,61,-57.028056,-25.632222,129.00
134,62,-57.027778,-25.632222,129.00
134,63,-57.027500,-25.632222,129.00
134,64,-57.027222,-25.632222,132.00
134,65,-57.026944,-25.632222,134.00
134,66,-57.026667,-25.632222,135.00
134,67,-57.026389,-25.632222,135.00
134,68,-57.026111,-25.632222,134.00
134,69,-57.025833,-25.632222,136.00
134,70,-57.025556,-25.632222,135.00
134,71,-57.025278,-25.632222,137.00
134,72,-57.025000,-25.632222,138.00
134,73,-57.024722,-25.632222,139.00
134,74,-57.024444,-25.632222,140.00
134,75,-57.024167,-25.632222,141.00
134,76,-57.023889,-25.632222,141.00
134,77,-57.023611,-25.632222,141.00
134,78,-57.023333,-25.632222,140.00
134,79,-57.023056,-25.632222,138.00
134,80,-57.022778,-25.632222,138.00
134,81,-57.022500,-25.632222,138.00
134,82,-57.022222,-25.632222,140.00
134,83,-57.021944,-25.632222,141.00
134,84,-57.021667,-25.632222,143.00
134,85,-57.021389,-25.632222,144.00
134,86,-57.021111,-25.632222,145.00
134,87,-57.020833,-25.632222,145.00
134,88,-57.020556,-25.632222,144.00
134,89,-57.020278,-25.632222,143.00
134,90,-57.020000,-25.632222,144.00
134,91,-57.019722,-25.632222,144.00
134,92,-57.019444,-25.632222,146.00
134,93,-57.019167,-25.632222,147.00
134,94,-57.018889,-25.632222,147.00
134,95,-57.018611,-25.632222,148.00
134,96,-57.018333,-25.632222,148.00
134,97,-57.018056,-25.632222,149.00
134,98,-57.017778,-25.632222,151.00
134,99,-57.017500,-25.632222,153.00
134,100,-57.017222,-25.632222,155.00
134,101,-57.016944,-25.632222,155.00
134,102,-57.016667,-25.632222,156.00
134,103,-57.016389,-25.632222,157.00
134,104,-57.016111,-25.632222,161.00
134,105,-57.015833,-25.632222,161.00
134,106,-57.015556,-25.632222,164.00
134,107,-57.015278,-25.632222,164.00
135,0,-57.045000,-25.632500,150.00
135,1,-57.044722,-25.632500,149.00
135,2,-57.044444,-25.632500,150.00
135,3,-57.044167,-25.632500,151.00
135,4,-57.043889,-25.632500,156.00
135,5,-57.043611,-25.632500,156.00
135,6,-57.043333,-25.632500,156.00
135,7,-57.043056,-25.632500,158.00
135,8,-57.042778,-25.632500,151.00
135,9,-57.042500,-25.632500,146.00
135,10,-57.042222,-25.632500,145.00
135,11,-57.041944,-25.632500,145.00
135,12,-57.041667,-25.632500,145.00
135,13,-57.041389,-25.632500,146.00
135,14,-57.041111,-25.632500,142.00
135,15,-57.040833,-25.632500,143.00
135,16,-57.040556,-25.632500,142.00
135,17,-57.040278,-25.632500,144.00
135,18,-57.040000,-25.632500,144.00
135,19,-57.039722,-25.632500,148.00
135,20,-57.039444,-25.632500,153.00
135,21,-57.039167,-25.632500,153.00
135,22,-57.038889,-25.632500,154.00
135,23,-57.038611,-25.632500,153.00
135,24,-57.038333,-25.632500,153.00
135,25,-57.038056,-25.632500,152.00
135,26,-57.037778,-25.632500,154.00
135,27,-57.037500,-25.632500,153.00
135,28,-57.037222,-25.632500,153.00
135,29,-57.036944,-25.632500,153.00
135,30,-57.036667,-25.632500,152.00
135,31,-57.036389,-25.632500,155.00
135,32,-57.036111,-25.632500,154.00
135,33,-57.035833,-25.632500,154.00
135,34,-57.035556,-25.632500,153.00
135,35,-57.035278,-25.632500,152.00
135,36,-57.035000,-25.632500,158.00
135,37,-57.034722,-25.632500,163.00
135,38,-57.034444,-25.632500,155.00
135,39,-57.034167,-25.632500,152.00
135,40,-57.033889,-25.632500,153.00
135,41,-57.033611,-25.632500,152.00
135,42,-57.033333,-25.632500,149.00
135,43,-57.033056,-25.632500,149.00
135,44,-57.032778,-25.632500,149.00
135,45,-57.032500,-25.632500,146.00
135,46,-57.032222,-25.632500,143.00
135,47,-57.031944,-25.632500,145.00
135,48,-57.031667,-25.632500,141.00
135,49,-57.031389,-25.632500,139.00
135,50,-57.031111,-25.632500,137.00
135,51,-57.030833,-25.632500,135.00
135,52,-57.030556,-25.632500,135.00
135,53,-57.030278,-25.632500,134.00
135,54,-57.030000,-25.632500,136.00
135,55,-57.029722,-25.632500,135.00
135,56,-57.029444,-25.632500,133.00
135,57,-57.029167,-25.632500,133.00
135,58,-57.028889,-25.632500,131.00
135,59,-57.028611,-25.632500,131.00
135,60,-57.028333,-25.632500,132.00
135,61,-57.028056,-25.632500,129.00
135,62,-57.027778,-25.632500,130.00
135,63,-57.027500,-25.632500,131.00
135,64,-57.027222,-25.632500,132.00
135,65,-57.026944,-25.632500,134.00
135,66,-57.026667,-25.632500,135.00
135,67,-57.026389,-25.632500,135.00
135,68,-57.026111,-25.632500,133.00
135,69,-57.025833,-25.632500,135.00
135,70,-57.025556,-25.632500,136.00
135,71,-57.025278,-25.632500,135.00
135,72,-57.025000,-25.632500,137.00
135,73,-57.024722,-25.632500,139.00
135,74,-57.024444,-25.632500,141.00
135,75,-57.024167,-25.632500,141.00
135,76,-57.023889,-25.632500,141.00
135,77,-57.023611,-25.632500,140.00
135,78,-57.023333,-25.632500,140.00
135,79,-57.023056,-25.632500,138.00
135,80,-57.022778,-25.632500,137.00
135,81,-57.022500,-25.632500,139.00
135,82,-57.022222,-25.632500,140.00
135,83,-57.021944,-25.632500,141.00
135,84,-57.021667,-25.632500,143.00
135,85,-57.021389,-25.632500,144.00
135,86,-57.021111,-25.632500,143.00
135,87,-57.020833,-25.632500,143.00
135,88,-57.020556,-25.632500,142.00
135,89,-57.020278,-25.632500,144.00
135,90,-57.020000,-25.632500,148.00
135,91,-57.019722,-25.632500,150.00
135,92,-57.019444,-25.632500,145.00
135,93,-57.019167,-25.632500,145.00
135,94,-57.018889,-25.632500,148.00
135,95,-57.018611,-25.632500,153.00
135,96,-57.018333,-25.632500,151.00
135,97,-57.018056,-25.632500,151.00
135,98,-57.017778,-25.632500,152.00
135,99,-57.017500,-25.632500,154.00
135,100,-57.017222,-25.632500,156.00
135,101,-57.016944,-25.632500,157.00
135,102,-57.016667,-25.632500,157.00
135,103,-57.016389,-25.632500,159.00
135,104,-57.016111,-25.632500,165.00
135,105,-57.015833,-25.632500,162.00
135,106,-57.015556,-25.632500,163.00
135,107,-57.015278,-25.632500,163.00
136,0,-57.045000,-25.632778,150.00
136,1,-57.044722,-25.632778,149.00
136,2,-57.044444,-25.632778,150.00
136,3,-57.044167,-25.632778,154.00
136,4,-57.043889,-25.632778,153.00
136,5,-57.043611,-25.632778,150.00
136,6,-57.043333,-25.632778,152.00
136,7,-57.043056,-25.632778,157.00
136,8,-57.042778,-25.632778,154.00
136,9,-57.042500,-25.632778,151.00
136,10,-57.042222,-25.632778,145.00
136,11,-57.041944,-25.632778,146.00
136,12,-57.041667,-25.632778,143.00
136,13,-57.041389,-25.632778,143.00
136,14,-57.041111,-25.632778,142.00
136,15,-57.040833,-25.632778,140.00
136,16,-57.040556,-25.632778,141.00
136,17,-57.040278,-25.632778,142.00
136,18,-57.040000,-25.632778,145.00
136,19,-57.039722,-25.632778,151.00
136,20,-57.039444,-25.632778,151.00
136,21,-57.039167,-25.632778,154.00
136,22,-57.038889,-25.632778,152.00
136,23,-57.038611,-25.632778,153.00
136,24,-57.038333,-25.632778,153.00
136,25,-57.038056,-25.632778,151.00
136,26,-57.037778,-25.632778,153.00
136,27,-57.037500,-25.632778,153.00
136,28,-57.037222,-25.632778,153.00
136,29,-57.036944,-25.632778,153.00
136,30,-57.036667,-25.632778,152.00
136,31,-57.036389,-25.632778,154.00
136,32,-57.036111,-25.632778,153.00
136,33,-57.035833,-25.632778,153.00
136,34,-57.035556,-25.632778,152.00
136,35,-57.035278,-25.632778,151.00
136,36,-57.035000,-25.632778,161.00
136,37,-57.034722,-25.632778,159.00
136,38,-57.034444,-25.632778,152.00
136,39,-57.034167,-25.632778,151.00
136,40,-57.033889,-25.632778,151.00
136,41,-57.033611,-25.632778,150.00
136,42,-57.033333,-25.632778,148.00
136,43,-57.033056,-25.632778,147.00
136,44,-57.032778,-25.632778,147.00
136,45,-57.032500,-25.632778,144.00
136,46,-57.032222,-25.632778,141.00
136,47,-57.031944,-25.632778,139.00
136,48,-57.031667,-25.632778,138.00
136,49,-57.031389,-25.632778,137.00
136,50,-57.031111,-25.632778,136.00
136,51,-57.030833,-25.632778,135.00
136,52,-57.030556,-25.632778,134.00
136,53,-57.030278,-25.632778,134.00
136,54,-57.030000,-25.632778,134.00
136,55,-57.029722,-25.632778,134.00
136,56,-57.029444,-25.632778,133.00
136,57,-57.029167,-25.632778,134.00
136,58,-57.028889,-25.632778,131.00
136,59,-57.028611,-25.632778,130.00
136,60,-57.028333,-25.632778,133.00
136,61,-57.028056,-25.632778,132.00
136,62,-57.027778,-25.632778,130.00
136,63,-57.027500,-25.632778,130.00
136,64,-57.027222,-25.632778,132.00
136,65,-57.026944,-25.632778,134.00
136,66,-57.026667,-25.632778,134.00
136,67,-57.026389,-25.632778,135.00
136,68,-57.026111,-25.632778,134.00
136,69,-57.025833,-25.632778,134.00
136,70,-57.025556,-25.632778,134.00
136,71,-57.025278,-25.632778,135.00
136,72,-57.025000,-25.632778,137.00
136,73,-57.024722,-25.632778,139.00
136,74,-57.024444,-25.632778,140.00
136,75,-57.024167,-25.632778,139.00
136,76,-57.023889,-25.632778,140.00
136,77,-57.023611,-25.632778,140.00
136,78,-57.023333,-25.632778,139.00
136,79,-57.023056,-25.632778,137.00
136,80,-57.022778,-25.632778,136.00
136,81,-57.022500,-25.632778,139.00
136,82,-57.022222,-25.632778,141.00
136,83,-57.021944,-25.632778,142.00
136,84,-57.021667,-25.632778,142.00
136,85,-57.021389,-25.632778,140.00
136,86,-57.021111,-25.632778,141.00
136,87,-57.020833,-25.632778,142.00
136,88,-57.020556,-25.632778,144.00
136,89,-57.020278,-25.632778,145.00
136,90,-57.020000,-25.632778,146.00
136,91,-57.019722,-25.632778,145.00
136,92,-57.019444,-25.632778,145.00
136,93,-57.019167,-25.632778,146.00
136,94,-57.018889,-25.632778,150.00
136,95,-57.018611,-25.632778,151.00
136,96,-57.018333,-25.632778,152.00
136,97,-57.018056,-25.632778,153.00
136,98,-57.017778,-25.632778,154.00
136,99,-57.017500,-25.632778,154.00
136,100,-57.017222,-25.632778,156.00
136,101,-57.016944,-25.632778,157.00
136,102,-57.016667,-25.632778,158.00
136,103,-57.016389,-25.632778,159.00
136,104,-57.016111,-25.632778,161.00
136,105,-57.015833,-25.632778,161.00
136,106,-57.015556,-25.632778,163.00
136,107,-57.015278,-25.632778,164.00
137,0,-57.045000,-25.633056,149.00
137,1,-57.044722,-25.633056,148.00
137,2,-57.044444,-25.633056,148.00
137,3,-57.044167,-25.633056,149.00
137,4,-57.043889,-25.633056,149.00
137,5,-57.043611,-25.633056,148.00
137,6,-57.043333,-25.633056,149.00
137,7,-57.043056,-25.633056,150.00
137,8,-57.042778,-25.633056,150.00
137,9,-57.042500,-25.633056,149.00
137,10,-57.042222,-25.633056,147.00
137,11,-57.041944,-25.633056,145.00
137,12,-57.041667,-25.633056,143.00
137,13,-57.041389,-25.633056,142.00
137,14,-57.041111,-25.633056,143.00
137,15,-57.040833,-25.633056,141.00
137,16,-57.040556,-25.633056,139.00
137,17,-57.040278,-25.633056,141.00
137,18,-57.040000,-25.633056,147.00
137,19,-57.039722,-25.633056,150.00
137,20,-57.039444,-25.633056,149.00
137,21,-57.039167,-25.633056,152.00
137,22,-57.038889,-25.633056,151.00
137,23,-57.038611,-25.633056,152.00
137,24,-57.038333,-25.633056,154.00
137,25,-57.038056,-25.633056,152.00
137,26,-57.037778,-25.633056,153.00
137,27,-57.037500,-25.633056,152.00
137,28,-57.037222,-25.633056,151.00
137,29,-57.036944,-25.633056,152.00
137,30,-57.036667,-25.633056,152.00
137,31,-57.036389,-25.633056,152.00
137,32,-57.036111,-25.633056,153.00
137,33,-57.035833,-25.633056,153.00
137,34,-57.035556,-25.633056,152.00
137,35,-57.035278,-25.633056,151.00
137,36,-57.035000,-25.633056,153.00
137,37,-57.034722,-25.633056,154.00
137,38,-57.034444,-25.633056,152.00
137,39,-57.034167,-25.633056,151.00
137,40,-57.033889,-25.633056,150.00
137,41,-57.033611,-25.633056,149.00
137,42,-57.033333,-25.633056,148.00
137,43,-57.033056,-25.633056,147.00
137,44,-57.032778,-25.633056,146.00
137,45,-57.032500,-25.633056,144.00
137,46,-57.032222,-25.633056,140.00
137,47,-57.031944,-25.633056,138.00
137,48,-57.031667,-25.633056,136.00
137,49,-57.031389,-25.633056,136.00
137,50,-57.031111,-25.633056,135.00
137,51,-57.030833,-25.633056,133.00
137,52,-57.030556,-25.633056,133.00
137,53,-57.030278,-25.633056,133.00
137,54,-57.030000,-25.633056,134.00
137,55,-57.029722,-25.633056,134.00
137,56,-57.029444,-25.633056,133.00
137,57,-57.029167,-25.633056,133.00
137,58,-57.028889,-25.633056,131.00
137,59,-57.028611,-25.633056,129.00
137,60,-57.028333,-25.633056,129.00
137,61,-57.028056,-25.633056,128.00
137,62,-57.027778,-25.633056,128.00
137,63,-57.027500,-25.633056,130.00
137,64,-57.027222,-25.633056,132.00
137,65,-57.026944,-25.633056,134.00
137,66,-57.026667,-25.633056,136.00
137,67,-57.026389,-25.633056,136.00
137,68,-57.026111,-25.633056,134.00
137,69,-57.025833,-25.633056,134.00
137,70,-57.025556,-25.633056,134.00
137,71,-57.025278,-25.633056,136.00
137,72,-57.025000,-25.633056,137.00
137,73,-57.024722,-25.633056,137.00
137,74,-57.024444,-25.633056,138.00
137,75,-57.024167,-25.633056,139.00
137,76,-57.023889,-25.633056,139.00
137,77,-57.023611,-25.633056,139.00
137,78,-57.023333,-25.633056,139.00
137,79,-57.023056,-25.633056,138.00
137,80,-57.022778,-25.633056,137.00
137,81,-57.022500,-25.633056,138.00
137,82,-57.022222,-25.633056,139.00
137,83,-57.021944,-25.633056,140.00
137,84,-57.021667,-25.633056,139.00
137,85,-57.021389,-25.633056,139.00
137,86,-57.021111,-25.633056,140.00
137,87,-57.020833,-25.633056,140.00
137,88,-57.020556,-25.633056,143.00
137,89,-57.020278,-25.633056,144.00
137,90,-57.020000,-25.633056,143.00
137,91,-57.019722,-25.633056,144.00
137,92,-57.019444,-25.633056,143.00
137,93,-57.019167,-25.633056,147.00
137,94,-57.018889,-25.633056,150.00
137,95,-57.018611,-25.633056,152.00
137,96,-57.018333,-25.633056,152.00
137,97,-57.018056,-25.633056,154.00
137,98,-57.017778,-25.633056,155.00
137,99,-57.017500,-25.633056,155.00
137,100,-57.017222,-25.633056,157.00
137,101,-57.016944,-25.633056,159.00
137,102,-57.016667,-25.633056,160.00
137,103,-57.016389,-25.633056,159.00
137,104,-57.016111,-25.633056,160.00
137,105,-57.015833,-25.633056,162.00
137,106,-57.015556,-25.633056,164.00
137,107,-57.015278,-25.633056,164.00
138,0,-57.045000,-25.633333,149.00
138,1,-57.044722,-25.633333,147.00
138,2,-57.044444,-25.633333,146.00
138,3,-57.044167,-25.633333,147.00
138,4,-57.043889,-25.633333,149.00
138,5,-57.043611,-25.633333,148.00
138,6,-57.043333,-25.633333,147.00
138,7,-57.043056,-25.633333,149.00
138,8,-57.042778,-25.633333,149.00
138,9,-57.042500,-25.633333,147.00
138,10,-57.042222,-25.633333,145.00
138,11,-57.041944,-25.633333,144.00
138,12,-57.041667,-25.633333,142.00
138,13,-57.041389,-25.633333,142.00
138,14,-57.041111,-25.633333,143.00
138,15,-57.040833,-25.633333,140.00
138,16,-57.040556,-25.633333,140.00
138,17,-57.040278,-25.633333,144.00
138,18,-57.040000,-25.633333,146.00
138,19,-57.039722,-25.633333,149.00
138,20,-57.039444,-25.633333,149.00
138,21,-57.039167,-25.633333,152.00
138,22,-57.038889,-25.633333,150.00
138,23,-57.038611,-25.633333,152.00
138,24,-57.038333,-25.633333,161.00
138,25,-57.038056,-25.633333,152.00
138,26,-57.037778,-25.633333,151.00
138,27,-57.037500,-25.633333,156.00
138,28,-57.037222,-25.633333,156.00
138,29,-57.036944,-25.633333,152.00
138,30,-57.036667,-25.633333,150.00
138,31,-57.036389,-25.633333,153.00
138,32,-57.036111,-25.633333,162.00
138,33,-57.035833,-25.633333,154.00
138,34,-57.035556,-25.633333,153.00
138,35,-57.035278,-25.633333,154.00
138,36,-57.035000,-25.633333,154.00
138,37,-57.034722,-25.633333,152.00
138,38,-57.034444,-25.633333,151.00
138,39,-57.034167,-25.633333,149.00
138,40,-57.033889,-25.633333,149.00
138,41,-57.033611,-25.633333,149.00
138,42,-57.033333,-25.633333,148.00
138,43,-57.033056,-25.633333,147.00
138,44,-57.032778,-25.633333,146.00
138,45,-57.032500,-25.633333,143.00
138,46,-57.032222,-25.633333,140.00
138,47,-57.031944,-25.633333,138.00
138,48,-57.031667,-25.633333,136.00
138,49,-57.031389,-25.633333,133.00
138,50,-57.031111,-25.633333,132.00
138,51,-57.030833,-25.633333,132.00
138,52,-57.030556,-25.633333,133.00
138,53,-57.030278,-25.633333,135.00
138,54,-57.030000,-25.633333,134.00
138,55,-57.029722,-25.633333,135.00
138,56,-57.029444,-25.633333,132.00
138,57,-57.029167,-25.633333,131.00
138,58,-57.028889,-25.633333,129.00
138,59,-57.028611,-25.633333,129.00
138,60,-57.028333,-25.633333,128.00
138,61,-57.028056,-25.633333,128.00
138,62,-57.027778,-25.633333,128.00
138,63,-57.027500,-25.633333,129.00
138,64,-57.027222,-25.633333,131.00
138,65,-57.026944,-25.633333,133.00
138,66,-57.026667,-25.633333,134.00
138,67,-57.026389,-25.633333,135.00
138,68,-57.026111,-25.633333,135.00
138,69,-57.025833,-25.633333,135.00
138,70,-57.025556,-25.633333,136.00
138,71,-57.025278,-25.633333,136.00
138,72,-57.025000,-25.633333,138.00
138,73,-57.024722,-25.633333,138.00
138,74,-57.024444,-25.633333,138.00
138,75,-57.024167,-25.633333,138.00
138,76,-57.023889,-25.633333,139.00
138,77,-57.023611,-25.633333,138.00
138,78,-57.023333,-25.633333,138.00
138,79,-57.023056,-25.633333,136.00
138,80,-57.022778,-25.633333,136.00
138,81,-57.022500,-25.633333,136.00
138,82,-57.022222,-25.633333,138.00
138,83,-57.021944,-25.633333,137.00
138,84,-57.021667,-25.633333,138.00
138,85,-57.021389,-25.633333,139.00
138,86,-57.021111,-25.633333,139.00
138,87,-57.020833,-25.633333,139.00
138,88,-57.020556,-25.633333,139.00
138,89,-57.020278,-25.633333,142.00
138,90,-57.020000,-25.633333,143.00
138,91,-57.019722,-25.633333,144.00
138,92,-57.019444,-25.633333,146.00
138,93,-57.019167,-25.633333,149.00
138,94,-57.018889,-25.633333,151.00
138,95,-57.018611,-25.633333,153.00
138,96,-57.018333,-25.633333,154.00
138,97,-57.018056,-25.633333,154.00
138,98,-57.017778,-25.633333,155.00
138,99,-57.017500,-25.633333,156.00
138,100,-57.017222,-25.633333,159.00
138,101,-57.016944,-25.633333,161.00
138,102,-57.016667,-25.633333,160.00
138,103,-57.016389,-25.633333,160.00
138,104,-57.016111,-25.633333,160.00
138,105,-57.015833,-25.633333,163.00
138,106,-57.015556,-25.633333,163.00
138,107,-57.015278,-25.633333,164.00
139,0,-57.045000,-25.633611,148.00
139,1,-57.044722,-25.633611,147.00
139,2,-57.044444,-25.633611,146.00
139,3,-57.044167,-25.633611,148.00
139,4,-57.043889,-25.633611,150.00
139,5,-57.043611,-25.633611,147.00
139,6,-57.043333,-25.633611,147.00
139,7,-57.043056,-25.633611,149.00
139,8,-57.042778,-25.633611,148.00
139,9,-57.042500,-25.633611,147.00
139,10,-57.042222,-25.633611,147.00
139,11,-57.041944,-25.633611,144.00
139,12,-57.041667,-25.633611,142.00
139,13,-57.041389,-25.633611,141.00
139,14,-57.041111,-25.633611,141.00
139,15,-57.040833,-25.633611,140.00
139,16,-57.040556,-25.633611,142.00
139,17,-57.040278,-25.633611,144.00
139,18,-57.040000,-25.633611,146.00
139,19,-57.039722,-25.633611,147.00
139,20,-57.039444,-25.633611,148.00
139,21,-57.039167,-25.633611,153.00
139,22,-57.038889,-25.633611,154.00
139,23,-57.038611,-25.633611,162.00
139,24,-57.038333,-25.633611,159.00
139,25,-57.038056,-25.633611,153.00
139,26,-57.037778,-25.633611,150.00
139,27,-57.037500,-25.633611,151.00
139,28,-57.037222,-25.633611,150.00
139,29,-57.036944,-25.633611,148.00
139,30,-57.036667,-25.633611,149.00
139,31,-57.036389,-25.633611,152.00
139,32,-57.036111,-25.633611,160.00
139,33,-57.035833,-25.633611,152.00
139,34,-57.035556,-25.633611,157.00
139,35,-57.035278,-25.633611,157.00
139,36,-57.035000,-25.633611,153.00
139,37,-57.034722,-25.633611,150.00
139,38,-57.034444,-25.633611,149.00
139,39,-57.034167,-25.633611,149.00
139,40,-57.033889,-25.633611,149.00
139,41,-57.033611,-25.633611,149.00
139,42,-57.033333,-25.633611,147.00
139,43,-57.033056,-25.633611,146.00
139,44,-57.032778,-25.633611,147.00
139,45,-57.032500,-25.633611,144.00
139,46,-57.032222,-25.633611,141.00
139,47,-57.031944,-25.633611,139.00
139,48,-57.031667,-25.633611,136.00
139,49,-57.031389,-25.633611,133.00
139,50,-57.031111,-25.633611,133.00
139,51,-57.030833,-25.633611,133.00
139,52,-57.030556,-25.633611,133.00
139,53,-57.030278,-25.633611,132.00
139,54,-57.030000,-25.633611,132.00
139,55,-57.029722,-25.633611,131.00
139,56,-57.029444,-25.633611,131.00
139,57,-57.029167,-25.633611,129.00
139,58,-57.028889,-25.633611,129.00
139,59,-57.028611,-25.633611,131.00
139,60,-57.028333,-25.633611,128.00
139,61,-57.028056,-25.633611,129.00
139,62,-57.027778,-25.633611,130.00
139,63,-57.027500,-25.633611,128.00
139,64,-57.027222,-25.633611,129.00
139,65,-57.026944,-25.633611,131.00
139,66,-57.026667,-25.633611,133.00
139,67,-57.026389,-25.633611,134.00
139,68,-57.026111,-25.633611,135.00
139,69,-57.025833,-25.633611,136.00
139,70,-57.025556,-25.633611,137.00
139,71,-57.025278,-25.633611,138.00
139,72,-57.025000,-25.633611,138.00
139,73,-57.024722,-25.633611,137.00
139,74,-57.024444,-25.633611,137.00
139,75,-57.024167,-25.633611,137.00
139,76,-57.023889,-25.633611,137.00
139,77,-57.023611,-25.633611,138.00
139,78,-57.023333,-25.633611,136.00
139,79,-57.023056,-25.633611,136.00
139,80,-57.022778,-25.633611,135.00
139,81,-57.022500,-25.633611,136.00
139,82,-57.022222,-25.633611,136.00
139,83,-57.021944,-25.633611,138.00
139,84,-57.021667,-25.633611,138.00
139,85,-57.021389,-25.633611,139.00
139,86,-57.021111,-25.633611,139.00
139,87,-57.020833,-25.633611,141.00
139,88,-57.020556,-25.633611,142.00
139,89,-57.020278,-25.633611,141.00
139,90,-57.020000,-25.633611,142.00
139,91,-57.019722,-25.633611,146.00
139,92,-57.019444,-25.633611,148.00
139,93,-57.019167,-25.633611,151.00
139,94,-57.018889,-25.633611,152.00
139,95,-57.018611,-25.633611,153.00
139,96,-57.018333,-25.633611,154.00
139,97,-57.018056,-25.633611,155.00
139,98,-57.017778,-25.633611,156.00
139,99,-57.017500,-25.633611,156.00
139,100,-57.017222,-25.633611,163.00
139,101,-57.016944,-25.633611,163.00
139,102,-57.016667,-25.633611,159.00
139,103,-57.016389,-25.633611,160.00
139,104,-57.016111,-25.633611,162.00
139,105,-57.015833,-25.633611,163.00
139,106,-57.015556,-25.633611,164.00
139,107,-57.015278,-25.633611,164.00
140,0,-57.045000,-25.633889,147.00
140,1,-57.044722,-25.633889,145.00
140,2,-57.044444,-25.633889,148.00
140,3,-57.044167,-25.633889,146.00
140,4,-57.043889,-25.633889,150.00
140,5,-57.043611,-25.633889,151.00
140,6,-57.043333,-25.633889,146.00
140,7,-57.043056,-25.633889,147.00
140,8,-57.042778,-25.633889,147.00
140,9,-57.042500,-25.633889,146.00
140,10,-57.042222,-25.633889,147.00
140,11,-57.041944,-25.633889,144.00
140,12,-57.041667,-25.633889,141.00
140,13,-57.041389,-25.633889,142.00
140,14,-57.041111,-25.633889,141.00
140,15,-57.040833,-25.633889,141.00
140,16,-57.040556,-25.633889,142.00
140,17,-57.040278,-25.633889,143.00
140,18,-57.040000,-25.633889,144.00
140,19,-57.039722,-25.633889,146.00
140,20,-57.039444,-25.633889,148.00
140,21,-57.039167,-25.633889,150.00
140,22,-57.038889,-25.633889,149.00
140,23,-57.038611,-25.633889,155.00
140,24,-57.038333,-25.633889,152.00
140,25,-57.038056,-25.633889,150.00
140,26,-57.037778,-25.633889,150.00
140,27,-57.037500,-25.633889,151.00
140,28,-57.037222,-25.633889,146.00
140,29,-57.036944,-25.633889,145.00
140,30,-57.036667,-25.633889,147.00
140,31,-57.036389,-25.633889,148.00
140,32,-57.036111,-25.633889,152.00
140,33,-57.035833,-25.633889,150.00
140,34,-57.035556,-25.633889,152.00
140,35,-57.035278,-25.633889,151.00
140,36,-57.035000,-25.633889,150.00
140,37,-57.034722,-25.633889,150.00
140,38,-57.034444,-25.633889,149.00
140,39,-57.034167,-25.633889,149.00
140,40,-57.033889,-25.633889,148.00
140,41,-57.033611,-25.633889,147.00
140,42,-57.033333,-25.633889,147.00
140,43,-57.033056,-25.633889,146.00
140,44,-57.032778,-25.633889,146.00
140,45,-57.032500,-25.633889,143.00
140,46,-57.032222,-25.633889,141.00
140,47,-57.031944,-25.633889,139.00
140,48,-57.031667,-25.633889,137.00
140,49,-57.031389,-25.633889,133.00
140,50,-57.031111,-25.633889,134.00
140,51,-57.030833,-25.633889,135.00
140,52,-57.030556,-25.633889,135.00
140,53,-57.030278,-25.633889,133.00
140,54,-57.030000,-25.633889,133.00
140,55,-57.029722,-25.633889,133.00
140,56,-57.029444,-25.633889,131.00
140,57,-57.029167,-25.633889,129.00
140,58,-57.028889,-25.633889,129.00
140,59,-57.028611,-25.633889,131.00
140,60,-57.028333,-25.633889,128.00
140,61,-57.028056,-25.633889,128.00
140,62,-57.027778,-25.633889,131.00
140,63,-57.027500,-25.633889,128.00
140,64,-57.027222,-25.633889,128.00
140,65,-57.026944,-25.633889,130.00
140,66,-57.026667,-25.633889,132.00
140,67,-57.026389,-25.633889,134.00
140,68,-57.026111,-25.633889,134.00
140,69,-57.025833,-25.633889,135.00
140,70,-57.025556,-25.633889,135.00
140,71,-57.025278,-25.633889,136.00
140,72,-57.025000,-25.633889,137.00
140,73,-57.024722,-25.633889,135.00
140,74,-57.024444,-25.633889,135.00
140,75,-57.024167,-25.633889,135.00
140,76,-57.023889,-25.633889,135.00
140,77,-57.023611,-25.633889,138.00
140,78,-57.023333,-25.633889,136.00
140,79,-57.023056,-25.633889,135.00
140,80,-57.022778,-25.633889,135.00
140,81,-57.022500,-25.633889,136.00
140,82,-57.022222,-25.633889,137.00
140,83,-57.021944,-25.633889,138.00
140,84,-57.021667,-25.633889,137.00
140,85,-57.021389,-25.633889,137.00
140,86,-57.021111,-25.633889,139.00
140,87,-57.020833,-25.633889,140.00
140,88,-57.020556,-25.633889,143.00
140,89,-57.020278,-25.633889,144.00
140,90,-57.020000,-25.633889,145.00
140,91,-57.019722,-25.633889,148.00
140,92,-57.019444,-25.633889,150.00
140,93,-57.019167,-25.633889,152.00
140,94,-57.018889,-25.633889,153.00
140,95,-57.018611,-25.633889,154.00
140,96,-57.018333,-25.633889,154.00
140,97,-57.018056,-25.633889,155.00
140,98,-57.017778,-25.633889,156.00
140,99,-57.017500,-25.633889,158.00
140,100,-57.017222,-25.633889,162.00
140,101,-57.016944,-25.633889,162.00
140,102,-57.016667,-25.633889,160.00
140,103,-57.016389,-25.633889,160.00
140,104,-57.016111,-25.633889,161.00
140,105,-57.015833,-25.633889,164.00
140,106,-57.015556,-25.633889,165.00
140,107,-57.015278,-25.633889,163.00
141,0,-57.045000,-25.634167,145.00
141,1,-57.044722,-25.634167,145.00
141,2,-57.044444,-25.634167,145.00
141,3,-57.044167,-25.634167,146.00
141,4,-57.043889,-25.634167,150.00
141,5,-57.043611,-25.634167,149.00
141,6,-57.043333,-25.634167,148.00
141,7,-57.043056,-25.634167,146.00
141,8,-57.042778,-25.634167,146.00
141,9,-57.042500,-25.634167,146.00
141,10,-57.042222,-25.634167,145.00
141,11,-57.041944,-25.634167,144.00
141,12,-57.041667,-25.634167,143.00
141,13,-57.041389,-25.634167,142.00
141,14,-57.041111,-25.634167,140.00
141,15,-57.040833,-25.634167,140.00
141,16,-57.040556,-25.634167,140.00
141,17,-57.040278,-25.634167,142.00
141,18,-57.040000,-25.634167,142.00
141,19,-57.039722,-25.634167,143.00
141,20,-57.039444,-25.634167,147.00
141,21,-57.039167,-25.634167,148.00
141,22,-57.038889,-25.634167,144.00
141,23,-57.038611,-25.634167,144.00
141,24,-57.038333,-25.634167,145.00
141,25,-57.038056,-25.634167,146.00
141,26,-57.037778,-25.634167,149.00
141,27,-57.037500,-25.634167,150.00
141,28,-57.037222,-25.634167,148.00
141,29,-57.036944,-25.634167,146.00
141,30,-57.036667,-25.634167,145.00
141,31,-57.036389,-25.634167,146.00
141,32,-57.036111,-25.634167,147.00
141,33,-57.035833,-25.634167,147.00
141,34,-57.035556,-25.634167,149.00
141,35,-57.035278,-25.634167,149.00
141,36,-57.035000,-25.634167,150.00
141,37,-57.034722,-25.634167,149.00
141,38,-57.034444,-25.634167,149.00
141,39,-57.034167,-25.634167,148.00
141,40,-57.033889,-25.634167,147.00
141,41,-57.033611,-25.634167,147.00
141,42,-57.033333,-25.634167,145.00
141,43,-57.033056,-25.634167,144.00
141,44,-57.032778,-25.634167,141.00
141,45,-57.032500,-25.634167,141.00
141,46,-57.032222,-25.634167,140.00
141,47,-57.031944,-25.634167,137.00
141,48,-57.031667,-25.634167,135.00
141,49,-57.031389,-25.634167,132.00
141,50,-57.031111,-25.634167,133.00
141,51,-57.030833,-25.634167,134.00
141,52,-57.030556,-25.634167,136.00
141,53,-57.030278,-25.634167,135.00
141,54,-57.030000,-25.634167,133.00
141,55,-57.029722,-25.634167,132.00
141,56,-57.029444,-25.634167,131.00
141,57,-57.029167,-25.634167,130.00
141,58,-57.028889,-25.634167,130.00
141,59,-57.028611,-25.634167,130.00
141,60,-57.028333,-25.634167,127.00
141,61,-57.028056,-25.634167,127.00
141,62,-57.027778,-25.634167,129.00
141,63,-57.027500,-25.634167,128.00
141,64,-57.027222,-25.634167,129.00
141,65,-57.026944,-25.634167,130.00
141,66,-57.026667,-25.634167,131.00
141,67,-57.026389,-25.634167,131.00
141,68,-57.026111,-25.634167,132.00
141,69,-57.025833,-25.634167,132.00
141,70,-57.025556,-25.634167,133.00
141,71,-57.025278,-25.634167,134.00
141,72,-57.025000,-25.634167,135.00
141,73,-57.024722,-25.634167,137.00
141,74,-57.024444,-25.634167,135.00
141,75,-57.024167,-25.634167,133.00
141,76,-57.023889,-25.634167,135.00
141,77,-57.023611,-25.634167,134.00
141,78,-57.023333,-25.634167,135.00
141,79,-57.023056,-25.634167,135.00
141,80,-57.022778,-25.634167,136.00
141,81,-57.022500,-25.634167,136.00
141,82,-57.022222,-25.634167,137.00
141,83,-57.021944,-25.634167,139.00
141,84,-57.021667,-25.634167,140.00
141,85,-57.021389,-25.634167,140.00
141,86,-57.021111,-25.634167,141.00
141,87,-57.020833,-25.634167,142.00
141,88,-57.020556,-25.634167,144.00
141,89,-57.020278,-25.634167,147.00
141,90,-57.020000,-25.634167,148.00
141,91,-57.019722,-25.634167,149.00
141,92,-57.019444,-25.634167,152.00
141,93,-57.019167,-25.634167,153.00
141,94,-57.018889,-25.634167,154.00
141,95,-57.018611,-25.634167,155.00
141,96,-57.018333,-25.634167,155.00
141,97,-57.018056,-25.634167,157.00
141,98,-57.017778,-25.634167,157.00
141,99,-57.017500,-25.634167,158.00
141,100,-57.017222,-25.634167,159.00
141,101,-57.016944,-25.634167,161.00
141,102,-57.016667,-25.634167,160.00
141,103,-57.016389,-25.634167,161.00
141,104,-57.016111,-25.634167,163.00
141,105,-57.015833,-25.634167,165.00
141,106,-57.015556,-25.634167,164.00
141,107,-57.015278,-25.634167,163.00
142,0,-57.045000,-25.634444,145.00
142,1,-57.044722,-25.634444,144.00
142,2,-57.044444,-25.634444,147.00
142,3,-57.044167,-25.634444,147.00
142,4,-57.043889,-25.634444,152.00
142,5,-57.043611,-25.634444,147.00
142,6,-57.043333,-25.634444,148.00
142,7,-57.043056,-25.634444,146.00
142,8,-57.042778,-25.634444,145.00
142,9,-57.042500,-25.634444,145.00
142,10,-57.042222,-25.634444,144.00
142,11,-57.041944,-25.634444,144.00
142,12,-57.041667,-25.634444,143.00
142,13,-57.041389,-25.634444,142.00
142,14,-57.041111,-25.634444,140.00
142,15,-57.040833,-25.634444,141.00
142,16,-57.040556,-25.634444,139.00
142,17,-57.040278,-25.634444,141.00
142,18,-57.040000,-25.634444,141.00
142,19,-57.039722,-25.634444,141.00
142,20,-57.039444,-25.634444,143.00
142,21,-57.039167,-25.634444,145.00
142,22,-57.038889,-25.634444,142.00
142,23,-57.038611,-25.634444,142.00
142,24,-57.038333,-25.634444,143.00
142,25,-57.038056,-25.634444,145.00
142,26,-57.037778,-25.634444,146.00
142,27,-57.037500,-25.634444,148.00
142,28,-57.037222,-25.634444,146.00
142,29,-57.036944,-25.634444,144.00
142,30,-57.036667,-25.634444,147.00
142,31,-57.036389,-25.634444,147.00
142,32,-57.036111,-25.634444,145.00
142,33,-57.035833,-25.634444,146.00
142,34,-57.035556,-25.634444,148.00
142,35,-57.035278,-25.634444,148.00
142,36,-57.035000,-25.634444,148.00
142,37,-57.034722,-25.634444,149.00
142,38,-57.034444,-25.634444,149.00
142,39,-57.034167,-25.634444,146.00
142,40,-57.033889,-25.634444,144.00
142,41,-57.033611,-25.634444,144.00
142,42,-57.033333,-25.634444,143.00
142,43,-57.033056,-25.634444,142.00
142,44,-57.032778,-25.634444,140.00
142,45,-57.032500,-25.634444,139.00
142,46,-57.032222,-25.634444,137.00
142,47,-57.031944,-25.634444,135.00
142,48,-57.031667,-25.634444,134.00
142,49,-57.031389,-25.634444,134.00
142,50,-57.031111,-25.634444,133.00
142,51,-57.030833,-25.634444,134.00
142,52,-57.030556,-25.634444,135.00
142,53,-57.030278,-25.634444,133.00
142,54,-57.030000,-25.634444,132.00
142,55,-57.029722,-25.634444,132.00
142,56,-57.029444,-25.634444,131.00
142,57,-57.029167,-25.634444,131.00
142,58,-57.028889,-25.634444,129.00
142,59,-57.028611,-25.634444,128.00
142,60,-57.028333,-25.634444,127.00
142,61,-57.028056,-25.634444,128.00
142,62,-57.027778,-25.634444,128.00
142,63,-57.027500,-25.634444,129.00
142,64,-57.027222,-25.634444,131.00
142,65,-57.026944,-25.634444,131.00
142,66,-57.026667,-25.634444,132.00
142,67,-57.026389,-25.634444,129.00
142,68,-57.026111,-25.634444,130.00
142,69,-57.025833,-25.634444,131.00
142,70,-57.025556,-25.634444,131.00
142,71,-57.025278,-25.634444,131.00
142,72,-57.025000,-25.634444,132.00
142,73,-57.024722,-25.634444,132.00
142,74,-57.024444,-25.634444,133.00
142,75,-57.024167,-25.634444,133.00
142,76,-57.023889,-25.634444,134.00
142,77,-57.023611,-25.634444,136.00
142,78,-57.023333,-25.634444,138.00
142,79,-57.023056,-25.634444,136.00
142,80,-57.022778,-25.634444,137.00
142,81,-57.022500,-25.634444,137.00
142,82,-57.022222,-25.634444,140.00
142,83,-57.021944,-25.634444,143.00
142,84,-57.021667,-25.634444,146.00
142,85,-57.021389,-25.634444,149.00
142,86,-57.021111,-25.634444,149.00
142,87,-57.020833,-25.634444,146.00
142,88,-57.020556,-25.634444,146.00
142,89,-57.020278,-25.634444,148.00
142,90,-57.020000,-25.634444,149.00
142,91,-57.019722,-25.634444,151.00
142,92,-57.019444,-25.634444,153.00
142,93,-57.019167,-25.634444,153.00
142,94,-57.018889,-25.634444,154.00
142,95,-57.018611,-25.634444,155.00
142,96,-57.018333,-25.634444,156.00
142,97,-57.018056,-25.634444,157.00
142,98,-57.017778,-25.634444,157.00
142,99,-57.017500,-25.634444,158.00
142,100,-57.017222,-25.634444,159.00
142,101,-57.016944,-25.634444,160.00
142,102,-57.016667,-25.634444,161.00
142,103,-57.016389,-25.634444,163.00
142,104,-57.016111,-25.634444,165.00
142,105,-57.015833,-25.634444,164.00
142,106,-57.015556,-25.634444,163.00
142,107,-57.015278,-25.634444,164.00
143,0,-57.045000,-25.634722,145.00
143,1,-57.044722,-25.634722,143.00
143,2,-57.044444,-25.634722,146.00
143,3,-57.044167,-25.634722,149.00
143,4,-57.043889,-25.634722,150.00
143,5,-57.043611,-25.634722,146.00
143,6,-57.043333,-25.634722,146.00
143,7,-57.043056,-25.634722,147.00
143,8,-57.042778,-25.634722,145.00
143,9,-57.042500,-25.634722,144.00
143,10,-57.042222,-25.634722,143.00
143,11,-57.041944,-25.634722,143.00
143,12,-57.041667,-25.634722,142.00
143,13,-57.041389,-25.634722,141.00
143,14,-57.041111,-25.634722,139.00
143,15,-57.040833,-25.634722,141.00
143,16,-57.040556,-25.634722,138.00
143,17,-57.040278,-25.634722,139.00
143,18,-57.040000,-25.634722,140.00
143,19,-57.039722,-25.634722,140.00
143,20,-57.039444,-25.634722,141.00
143,21,-57.039167,-25.634722,143.00
143,22,-57.038889,-25.634722,140.00
143,23,-57.038611,-25.634722,140.00
143,24,-57.038333,-25.634722,141.00
143,25,-57.038056,-25.634722,143.00
143,26,-57.037778,-25.634722,146.00
143,27,-57.037500,-25.634722,146.00
143,28,-57.037222,-25.634722,145.00
143,29,-57.036944,-25.634722,143.00
143,30,-57.036667,-25.634722,146.00
143,31,-57.036389,-25.634722,144.00
143,32,-57.036111,-25.634722,144.00
143,33,-57.035833,-25.634722,145.00
143,34,-57.035556,-25.634722,148.00
143,35,-57.035278,-25.634722,147.00
143,36,-57.035000,-25.634722,148.00
143,37,-57.034722,-25.634722,148.00
143,38,-57.034444,-25.634722,147.00
143,39,-57.034167,-25.634722,145.00
143,40,-57.033889,-25.634722,143.00
143,41,-57.033611,-25.634722,142.00
143,42,-57.033333,-25.634722,138.00
143,43,-57.033056,-25.634722,138.00
143,44,-57.032778,-25.634722,138.00
143,45,-57.032500,-25.634722,137.00
143,46,-57.032222,-25.634722,134.00
143,47,-57.031944,-25.634722,133.00
143,48,-57.031667,-25.634722,133.00
143,49,-57.031389,-25.634722,132.00
143,50,-57.031111,-25.634722,132.00
143,51,-57.030833,-25.634722,132.00
143,52,-57.030556,-25.634722,133.00
143,53,-57.030278,-25.634722,132.00
143,54,-57.030000,-25.634722,132.00
143,55,-57.029722,-25.634722,132.00
143,56,-57.029444,-25.634722,131.00
143,57,-57.029167,-25.634722,130.00
143,58,-57.028889,-25.634722,127.00
143,59,-57.028611,-25.634722,126.00
143,60,-57.028333,-25.634722,127.00
143,61,-57.028056,-25.634722,128.00
143,62,-57.027778,-25.634722,130.00
143,63,-57.027500,-25.634722,130.00
143,64,-57.027222,-25.634722,132.00
143,65,-57.026944,-25.634722,132.00
143,66,-57.026667,-25.634722,132.00
143,67,-57.026389,-25.634722,129.00
143,68,-57.026111,-25.634722,131.00
143,69,-57.025833,-25.634722,130.00
143,70,-57.025556,-25.634722,132.00
143,71,-57.025278,-25.634722,131.00
143,72,-57.025000,-25.634722,133.00
143,73,-57.024722,-25.634722,132.00
143,74,-57.024444,-25.634722,133.00
143,75,-57.024167,-25.634722,134.00
143,76,-57.023889,-25.634722,135.00
143,77,-57.023611,-25.634722,136.00
143,78,-57.023333,-25.634722,139.00
143,79,-57.023056,-25.634722,138.00
143,80,-57.022778,-25.634722,138.00
143,81,-57.022500,-25.634722,139.00
143,82,-57.022222,-25.634722,143.00
143,83,-57.021944,-25.634722,146.00
143,84,-57.021667,-25.634722,150.00
143,85,-57.021389,-25.634722,152.00
143,86,-57.021111,-25.634722,154.00
143,87,-57.020833,-25.634722,149.00
143,88,-57.020556,-25.634722,148.00
143,89,-57.020278,-25.634722,148.00
143,90,-57.020000,-25.634722,150.00
143,91,-57.019722,-25.634722,151.00
143,92,-57.019444,-25.634722,152.00
143,93,-57.019167,-25.634722,153.00
143,94,-57.018889,-25.634722,155.00
143,95,-57.018611,-25.634722,156.00
143,96,-57.018333,-25.634722,157.00
143,97,-57.018056,-25.634722,157.00
143,98,-57.017778,-25.634722,158.00
143,99,-57.017500,-25.634722,159.00
143,100,-57.017222,-25.634722,159.00
143,101,-57.016944,-25.634722,160.00
143,102,-57.016667,-25.634722,162.00
143,103,-57.016389,-25.634722,167.00
143,104,-57.016111,-25.634722,169.00
143,105,-57.015833,-25.634722,167.00
143,106,-57.015556,-25.634722,163.00
143,107,-57.015278,-25.634722,164.00
144,0,-57.045000,-25.635000,144.00
144,1,-57.044722,-25.635000,144.00
144,2,-57.044444,-25.635000,145.00
144,3,-57.044167,-25.635000,140.00
144,4,-57.043889,-25.635000,145.00
144,5,-57.043611,-25.635000,147.00
144,6,-57.043333,-25.635000,148.00
144,7,-57.043056,-25.635000,148.00
144,8,-57.042778,-25.635000,144.00
144,9,-57.042500,-25.635000,141.00
144,10,-57.042222,-25.635000,140.00
144,11,-57.041944,-25.635000,140.00
144,12,-57.041667,-25.635000,141.00
144,13,-57.041389,-25.635000,140.00
144,14,-57.041111,-25.635000,139.00
144,15,-57.040833,-25.635000,139.00
144,16,-57.040556,-25.635000,140.00
144,17,-57.040278,-25.635000,144.00
144,18,-57.040000,-25.635000,141.00
144,19,-57.039722,-25.635000,139.00
144,20,-57.039444,-25.635000,140.00
144,21,-57.039167,-25.635000,142.00
144,22,-57.038889,-25.635000,139.00
144,23,-57.038611,-25.635000,138.00
144,24,-57.038333,-25.635000,139.00
144,25,-57.038056,-25.635000,140.00
144,26,-57.037778,-25.635000,142.00
144,27,-57.037500,-25.635000,147.00
144,28,-57.037222,-25.635000,145.00
144,29,-57.036944,-25.635000,143.00
144,30,-57.036667,-25.635000,140.00
144,31,-57.036389,-25.635000,142.00
144,32,-57.036111,-25.635000,143.00
144,33,-57.035833,-25.635000,146.00
144,34,-57.035556,-25.635000,150.00
144,35,-57.035278,-25.635000,150.00
144,36,-57.035000,-25.635000,149.00
144,37,-57.034722,-25.635000,146.00
144,38,-57.034444,-25.635000,145.00
144,39,-57.034167,-25.635000,141.00
144,40,-57.033889,-25.635000,143.00
144,41,-57.033611,-25.635000,139.00
144,42,-57.033333,-25.635000,136.00
144,43,-57.033056,-25.635000,137.00
144,44,-57.032778,-25.635000,137.00
144,45,-57.032500,-25.635000,134.00
144,46,-57.032222,-25.635000,134.00
144,47,-57.031944,-25.635000,131.00
144,48,-57.031667,-25.635000,130.00
144,49,-57.031389,-25.635000,129.00
144,50,-57.031111,-25.635000,130.00
144,51,-57.030833,-25.635000,130.00
144,52,-57.030556,-25.635000,131.00
144,53,-57.030278,-25.635000,134.00
144,54,-57.030000,-25.635000,133.00
144,55,-57.029722,-25.635000,132.00
144,56,-57.029444,-25.635000,131.00
144,57,-57.029167,-25.635000,130.00
144,58,-57.028889,-25.635000,127.00
144,59,-57.028611,-25.635000,127.00
144,60,-57.028333,-25.635000,131.00
144,61,-57.028056,-25.635000,129.00
144,62,-57.027778,-25.635000,130.00
144,63,-57.027500,-25.635000,129.00
144,64,-57.027222,-25.635000,130.00
144,65,-57.026944,-25.635000,129.00
144,66,-57.026667,-25.635000,129.00
144,67,-57.026389,-25.635000,129.00
144,68,-57.026111,-25.635000,130.00
144,69,-57.025833,-25.635000,131.00
144,70,-57.025556,-25.635000,133.00
144,71,-57.025278,-25.635000,132.00
144,72,-57.025000,-25.635000,134.00
144,73,-57.024722,-25.635000,133.00
144,74,-57.024444,-25.635000,134.00
144,75,-57.024167,-25.635000,135.00
144,76,-57.023889,-25.635000,138.00
144,77,-57.023611,-25.635000,145.00
144,78,-57.023333,-25.635000,143.00
144,79,-57.023056,-25.635000,140.00
144,80,-57.022778,-25.635000,140.00
144,81,-57.022500,-25.635000,141.00
144,82,-57.022222,-25.635000,144.00
144,83,-57.021944,-25.635000,150.00
144,84,-57.021667,-25.635000,154.00
144,85,-57.021389,-25.635000,155.00
144,86,-57.021111,-25.635000,154.00
144,87,-57.020833,-25.635000,149.00
144,88,-57.020556,-25.635000,148.00
144,89,-57.020278,-25.635000,150.00
144,90,-57.020000,-25.635000,151.00
144,91,-57.019722,-25.635000,151.00
144,92,-57.019444,-25.635000,152.00
144,93,-57.019167,-25.635000,154.00
144,94,-57.018889,-25.635000,155.00
144,95,-57.018611,-25.635000,156.00
144,96,-57.018333,-25.635000,157.00
144,97,-57.018056,-25.635000,158.00
144,98,-57.017778,-25.635000,158.00
144,99,-57.017500,-25.635000,159.00
144,100,-57.017222,-25.635000,159.00
144,101,-57.016944,-25.635000,160.00
144,102,-57.016667,-25.635000,164.00
144,103,-57.016389,-25.635000,169.00
144,104,-57.016111,-25.635000,171.00
144,105,-57.015833,-25.635000,169.00
144,106,-57.015556,-25.635000,165.00
144,107,-57.015278,-25.635000,163.00
145,0,-57.045000,-25.635278,142.00
145,1,-57.044722,-25.635278,141.00
145,2,-57.044444,-25.635278,145.00
145,3,-57.044167,-25.635278,142.00
145,4,-57.043889,-25.635278,144.00
145,5,-57.043611,-25.635278,149.00
145,6,-57.043333,-25.635278,148.00
145,7,-57.043056,-25.635278,142.00
145,8,-57.042778,-25.635278,139.00
145,9,-57.042500,-25.635278,137.00
145,10,-57.042222,-25.635278,138.00
145,11,-57.041944,-25.635278,138.00
145,12,-57.041667,-25.635278,138.00
145,13,-57.041389,-25.635278,139.00
145,14,-57.041111,-25.635278,139.00
145,15,-57.040833,-25.635278,138.00
145,16,-57.040556,-25.635278,138.00
145,17,-57.040278,-25.635278,141.00
145,18,-57.040000,-25.635278,140.00
145,19,-57.039722,-25.635278,141.00
145,20,-57.039444,-25.635278,141.00
145,21,-57.039167,-25.635278,140.00
145,22,-57.038889,-25.635278,138.00
145,23,-57.038611,-25.635278,138.00
145,24,-57.038333,-25.635278,138.00
145,25,-57.038056,-25.635278,142.00
145,26,-57.037778,-25.635278,145.00
145,27,-57.037500,-25.635278,147.00
145,28,-57.037222,-25.635278,142.00
145,29,-57.036944,-25.635278,142.00
145,30,-57.036667,-25.635278,139.00
145,31,-57.036389,-25.635278,141.00
145,32,-57.036111,-25.635278,143.00
145,33,-57.035833,-25.635278,149.00
145,34,-57.035556,-25.635278,150.00
145,35,-57.035278,-25.635278,152.00
145,36,-57.035000,-25.635278,151.00
145,37,-57.034722,-25.635278,146.00
145,38,-57.034444,-25.635278,145.00
145,39,-57.034167,-25.635278,143.00
145,40,-57.033889,-25.635278,144.00
145,41,-57.033611,-25.635278,136.00
145,42,-57.033333,-25.635278,133.00
145,43,-57.033056,-25.635278,135.00
145,44,-57.032778,-25.635278,134.00
145,45,-57.032500,-25.635278,133.00
145,46,-57.032222,-25.635278,132.00
145,47,-57.031944,-25.635278,131.00
145,48,-57.031667,-25.635278,130.00
145,49,-57.031389,-25.635278,130.00
145,50,-57.031111,-25.635278,131.00
145,51,-57.030833,-25.635278,131.00
145,52,-57.030556,-25.635278,132.00
145,53,-57.030278,-25.635278,135.00
145,54,-57.030000,-25.635278,131.00
145,55,-57.029722,-25.635278,132.00
145,56,-57.029444,-25.635278,136.00
145,57,-57.029167,-25.635278,129.00
145,58,-57.028889,-25.635278,126.00
145,59,-57.028611,-25.635278,127.00
145,60,-57.028333,-25.635278,131.00
145,61,-57.028056,-25.635278,130.00
145,62,-57.027778,-25.635278,129.00
145,63,-57.027500,-25.635278,129.00
145,64,-57.027222,-25.635278,129.00
145,65,-57.026944,-25.635278,128.00
145,66,-57.026667,-25.635278,129.00
145,67,-57.026389,-25.635278,130.00
145,68,-57.026111,-25.635278,131.00
145,69,-57.025833,-25.635278,131.00
145,70,-57.025556,-25.635278,132.00
145,71,-57.025278,-25.635278,133.00
145,72,-57.025000,-25.635278,135.00
145,73,-57.024722,-25.635278,136.00
145,74,-57.024444,-25.635278,136.00
145,75,-57.024167,-25.635278,137.00
145,76,-57.023889,-25.635278,139.00
145,77,-57.023611,-25.635278,141.00
145,78,-57.023333,-25.635278,142.00
145,79,-57.023056,-25.635278,142.00
145,80,-57.022778,-25.635278,142.00
145,81,-57.022500,-25.635278,143.00
145,82,-57.022222,-25.635278,144.00
145,83,-57.021944,-25.635278,148.00
145,84,-57.021667,-25.635278,150.00
145,85,-57.021389,-25.635278,151.00
145,86,-57.021111,-25.635278,153.00
145,87,-57.020833,-25.635278,151.00
145,88,-57.020556,-25.635278,149.00
145,89,-57.020278,-25.635278,150.00
145,90,-57.020000,-25.635278,151.00
145,91,-57.019722,-25.635278,152.00
145,92,-57.019444,-25.635278,152.00
145,93,-57.019167,-25.635278,154.00
145,94,-57.018889,-25.635278,155.00
145,95,-57.018611,-25.635278,157.00
145,96,-57.018333,-25.635278,156.00
145,97,-57.018056,-25.635278,158.00
145,98,-57.017778,-25.635278,157.00
145,99,-57.017500,-25.635278,158.00
145,100,-57.017222,-25.635278,160.00
145,101,-57.016944,-25.635278,160.00
145,102,-57.016667,-25.635278,162.00
145,103,-57.016389,-25.635278,165.00
145,104,-57.016111,-25.635278,168.00
145,105,-57.015833,-25.635278,170.00
145,106,-57.015556,-25.635278,170.00
145,107,-57.015278,-25.635278,168.00
146,0,-57.045000,-25.635556,141.00
146,1,-57.044722,-25.635556,140.00
146,2,-57.044444,-25.635556,143.00
146,3,-57.044167,-25.635556,144.00
146,4,-57.043889,-25.635556,144.00
146,5,-57.043611,-25.635556,144.00
146,6,-57.043333,-25.635556,140.00
146,7,-57.043056,-25.635556,138.00
146,8,-57.042778,-25.635556,137.00
146,9,-57.042500,-25.635556,137.00
146,10,-57.042222,-25.635556,137.00
146,11,-57.041944,-25.635556,137.00
146,12,-57.041667,-25.635556,136.00
146,13,-57.041389,-25.635556,139.00
146,14,-57.041111,-25.635556,138.00
146,15,-57.040833,-25.635556,138.00
146,16,-57.040556,-25.635556,137.00
146,17,-57.040278,-25.635556,140.00
146,18,-57.040000,-25.635556,139.00
146,19,-57.039722,-25.635556,139.00
146,20,-57.039444,-25.635556,141.00
146,21,-57.039167,-25.635556,138.00
146,22,-57.038889,-25.635556,137.00
146,23,-57.038611,-25.635556,137.00
146,24,-57.038333,-25.635556,137.00
146,25,-57.038056,-25.635556,140.00
146,26,-57.037778,-25.635556,140.00
146,27,-57.037500,-25.635556,144.00
146,28,-57.037222,-25.635556,146.00
146,29,-57.036944,-25.635556,143.00
146,30,-57.036667,-25.635556,140.00
146,31,-57.036389,-25.635556,141.00
146,32,-57.036111,-25.635556,142.00
146,33,-57.035833,-25.635556,146.00
146,34,-57.035556,-25.635556,148.00
146,35,-57.035278,-25.635556,150.00
146,36,-57.035000,-25.635556,149.00
146,37,-57.034722,-25.635556,145.00
146,38,-57.034444,-25.635556,143.00
146,39,-57.034167,-25.635556,143.00
146,40,-57.033889,-25.635556,142.00
146,41,-57.033611,-25.635556,135.00
146,42,-57.033333,-25.635556,133.00
146,43,-57.033056,-25.635556,132.00
146,44,-57.032778,-25.635556,129.00
146,45,-57.032500,-25.635556,130.00
146,46,-57.032222,-25.635556,130.00
146,47,-57.031944,-25.635556,130.00
146,48,-57.031667,-25.635556,129.00
146,49,-57.031389,-25.635556,131.00
146,50,-57.031111,-25.635556,132.00
146,51,-57.030833,-25.635556,132.00
146,52,-57.030556,-25.635556,131.00
146,53,-57.030278,-25.635556,132.00
146,54,-57.030000,-25.635556,133.00
146,55,-57.029722,-25.635556,132.00
146,56,-57.029444,-25.635556,131.00
146,57,-57.029167,-25.635556,128.00
146,58,-57.028889,-25.635556,128.00
146,59,-57.028611,-25.635556,129.00
146,60,-57.028333,-25.635556,131.00
146,61,-57.028056,-25.635556,129.00
146,62,-57.027778,-25.635556,127.00
146,63,-57.027500,-25.635556,127.00
146,64,-57.027222,-25.635556,128.00
146,65,-57.026944,-25.635556,128.00
146,66,-57.026667,-25.635556,129.00
146,67,-57.026389,-25.635556,130.00
146,68,-57.026111,-25.635556,131.00
146,69,-57.025833,-25.635556,132.00
146,70,-57.025556,-25.635556,134.00
146,71,-57.025278,-25.635556,134.00
146,72,-57.025000,-25.635556,135.00
146,73,-57.024722,-25.635556,137.00
146,74,-57.024444,-25.635556,138.00
146,75,-57.024167,-25.635556,138.00
146,76,-57.023889,-25.635556,141.00
146,77,-57.023611,-25.635556,143.00
146,78,-57.023333,-25.635556,144.00
146,79,-57.023056,-25.635556,144.00
146,80,-57.022778,-25.635556,144.00
146,81,-57.022500,-25.635556,144.00
146,82,-57.022222,-25.635556,145.00
146,83,-57.021944,-25.635556,147.00
146,84,-57.021667,-25.635556,147.00
146,85,-57.021389,-25.635556,146.00
146,86,-57.021111,-25.635556,148.00
146,87,-57.020833,-25.635556,150.00
146,88,-57.020556,-25.635556,149.00
146,89,-57.020278,-25.635556,150.00
146,90,-57.020000,-25.635556,151.00
146,91,-57.019722,-25.635556,152.00
146,92,-57.019444,-25.635556,153.00
146,93,-57.019167,-25.635556,154.00
146,94,-57.018889,-25.635556,155.00
146,95,-57.018611,-25.635556,156.00
146,96,-57.018333,-25.635556,157.00
146,97,-57.018056,-25.635556,160.00
146,98,-57.017778,-25.635556,157.00
146,99,-57.017500,-25.635556,157.00
146,100,-57.017222,-25.635556,159.00
146,101,-57.016944,-25.635556,159.00
146,102,-57.016667,-25.635556,162.00
146,103,-57.016389,-25.635556,162.00
146,104,-57.016111,-25.635556,161.00
146,105,-57.015833,-25.635556,168.00
146,106,-57.015556,-25.635556,167.00
146,107,-57.015278,-25.635556,170.00
147,0,-57.045000,-25.635833,140.00
147,1,-57.044722,-25.635833,141.00
147,2,-57.044444,-25.635833,143.00
147,3,-57.044167,-25.635833,142.00
147,4,-57.043889,-25.635833,137.00
147,5,-57.043611,-25.635833,137.00
147,6,-57.043333,-25.635833,137.00
147,7,-57.043056,-25.635833,135.00
147,8,-57.042778,-25.635833,135.00
147,9,-57.042500,-25.635833,134.00
147,10,-57.042222,-25.635833,135.00
147,11,-57.041944,-25.635833,136.00
147,12,-57.041667,-25.635833,137.00
147,13,-57.041389,-25.635833,137.00
147,14,-57.041111,-25.635833,136.00
147,15,-57.040833,-25.635833,138.00
147,16,-57.040556,-25.635833,136.00
147,17,-57.040278,-25.635833,137.00
147,18,-57.040000,-25.635833,136.00
147,19,-57.039722,-25.635833,136.00
147,20,-57.039444,-25.635833,138.00
147,21,-57.039167,-25.635833,136.00
147,22,-57.038889,-25.635833,136.00
147,23,-57.038611,-25.635833,137.00
147,24,-57.038333,-25.635833,135.00
147,25,-57.038056,-25.635833,136.00
147,26,-57.037778,-25.635833,141.00
147,27,-57.037500,-25.635833,145.00
147,28,-57.037222,-25.635833,147.00
147,29,-57.036944,-25.635833,145.00
147,30,-57.036667,-25.635833,141.00
147,31,-57.036389,-25.635833,142.00
147,32,-57.036111,-25.635833,144.00
147,33,-57.035833,-25.635833,145.00
147,34,-57.035556,-25.635833,148.00
147,35,-57.035278,-25.635833,151.00
147,36,-57.035000,-25.635833,148.00
147,37,-57.034722,-25.635833,144.00
147,38,-57.034444,-25.635833,142.00
147,39,-57.034167,-25.635833,142.00
147,40,-57.033889,-25.635833,142.00
147,41,-57.033611,-25.635833,138.00
147,42,-57.033333,-25.635833,139.00
147,43,-57.033056,-25.635833,138.00
147,44,-57.032778,-25.635833,133.00
147,45,-57.032500,-25.635833,130.00
147,46,-57.032222,-25.635833,130.00
147,47,-57.031944,-25.635833,129.00
147,48,-57.031667,-25.635833,131.00
147,49,-57.031389,-25.635833,131.00
147,50,-57.031111,-25.635833,131.00
147,51,-57.030833,-25.635833,131.00
147,52,-57.030556,-25.635833,131.00
147,53,-57.030278,-25.635833,132.00
147,54,-57.030000,-25.635833,132.00
147,55,-57.029722,-25.635833,131.00
147,56,-57.029444,-25.635833,128.00
147,57,-57.029167,-25.635833,129.00
147,58,-57.028889,-25.635833,127.00
147,59,-57.028611,-25.635833,129.00
147,60,-57.028333,-25.635833,131.00
147,61,-57.028056,-25.635833,130.00
147,62,-57.027778,-25.635833,129.00
147,63,-57.027500,-25.635833,129.00
147,64,-57.027222,-25.635833,128.00
147,65,-57.026944,-25.635833,128.00
147,66,-57.026667,-25.635833,129.00
147,67,-57.026389,-25.635833,130.00
147,68,-57.026111,-25.635833,131.00
147,69,-57.025833,-25.635833,132.00
147,70,-57.025556,-25.635833,133.00
147,71,-57.025278,-25.635833,134.00
147,72,-57.025000,-25.635833,136.00
147,73,-57.024722,-25.635833,138.00
147,74,-57.024444,-25.635833,140.00
147,75,-57.024167,-25.635833,140.00
147,76,-57.023889,-25.635833,140.00
147,77,-57.023611,-25.635833,142.00
147,78,-57.023333,-25.635833,145.00
147,79,-57.023056,-25.635833,144.00
147,80,-57.022778,-25.635833,143.00
147,81,-57.022500,-25.635833,144.00
147,82,-57.022222,-25.635833,145.00
147,83,-57.021944,-25.635833,146.00
147,84,-57.021667,-25.635833,146.00
147,85,-57.021389,-25.635833,146.00
147,86,-57.021111,-25.635833,147.00
147,87,-57.020833,-25.635833,149.00
147,88,-57.020556,-25.635833,153.00
147,89,-57.020278,-25.635833,151.00
147,90,-57.020000,-25.635833,150.00
147,91,-57.019722,-25.635833,152.00
147,92,-57.019444,-25.635833,153.00
147,93,-57.019167,-25.635833,154.00
147,94,-57.018889,-25.635833,155.00
147,95,-57.018611,-25.635833,157.00
147,96,-57.018333,-25.635833,160.00
147,97,-57.018056,-25.635833,158.00
147,98,-57.017778,-25.635833,158.00
147,99,-57.017500,-25.635833,157.00
147,100,-57.017222,-25.635833,158.00
147,101,-57.016944,-25.635833,159.00
147,102,-57.016667,-25.635833,160.00
147,103,-57.016389,-25.635833,159.00
147,104,-57.016111,-25.635833,160.00
147,105,-57.015833,-25.635833,163.00
147,106,-57.015556,-25.635833,163.00
147,107,-57.015278,-25.635833,164.00
148,0,-57.045000,-25.636111,140.00
148,1,-57.044722,-25.636111,139.00
148,2,-57.044444,-25.636111,139.00
148,3,-57.044167,-25.636111,139.00
148,4,-57.043889,-25.636111,137.00
148,5,-57.043611,-25.636111,137.00
148,6,-57.043333,-25.636111,137.00
148,7,-57.043056,-25.636111,137.00
148,8,-57.042778,-25.636111,135.00
148,9,-57.042500,-25.636111,135.00
148,10,-57.042222,-25.636111,136.00
148,11,-57.041944,-25.636111,137.00
148,12,-57.041667,-25.636111,137.00
148,13,-57.041389,-25.636111,136.00
148,14,-57.041111,-25.636111,136.00
148,15,-57.040833,-25.636111,139.00
148,16,-57.040556,-25.636111,139.00
148,17,-57.040278,-25.636111,137.00
148,18,-57.040000,-25.636111,136.00
148,19,-57.039722,-25.636111,136.00
148,20,-57.039444,-25.636111,136.00
148,21,-57.039167,-25.636111,136.00
148,22,-57.038889,-25.636111,136.00
148,23,-57.038611,-25.636111,137.00
148,24,-57.038333,-25.636111,137.00
148,25,-57.038056,-25.636111,136.00
148,26,-57.037778,-25.636111,138.00
148,27,-57.037500,-25.636111,140.00
148,28,-57.037222,-25.636111,143.00
148,29,-57.036944,-25.636111,142.00
148,30,-57.036667,-25.636111,140.00
148,31,-57.036389,-25.636111,141.00
148,32,-57.036111,-25.636111,143.00
148,33,-57.035833,-25.636111,144.00
148,34,-57.035556,-25.636111,148.00
148,35,-57.035278,-25.636111,148.00
148,36,-57.035000,-25.636111,146.00
148,37,-57.034722,-25.636111,145.00
148,38,-57.034444,-25.636111,144.00
148,39,-57.034167,-25.636111,142.00
148,40,-57.033889,-25.636111,141.00
148,41,-57.033611,-25.636111,141.00
148,42,-57.033333,-25.636111,142.00
148,43,-57.033056,-25.636111,140.00
148,44,-57.032778,-25.636111,136.00
148,45,-57.032500,-25.636111,132.00
148,46,-57.032222,-25.636111,132.00
148,47,-57.031944,-25.636111,130.00
148,48,-57.031667,-25.636111,131.00
148,49,-57.031389,-25.636111,132.00
148,50,-57.031111,-25.636111,132.00
148,51,-57.030833,-25.636111,131.00
148,52,-57.030556,-25.636111,132.00
148,53,-57.030278,-25.636111,130.00
148,54,-57.030000,-25.636111,128.00
148,55,-57.029722,-25.636111,126.00
148,56,-57.029444,-25.636111,125.00
148,57,-57.029167,-25.636111,125.00
148,58,-57.028889,-25.636111,126.00
148,59,-57.028611,-25.636111,127.00
148,60,-57.028333,-25.636111,127.00
148,61,-57.028056,-25.636111,127.00
148,62,-57.027778,-25.636111,128.00
148,63,-57.027500,-25.636111,128.00
148,64,-57.027222,-25.636111,126.00
148,65,-57.026944,-25.636111,128.00
148,66,-57.026667,-25.636111,129.00
148,67,-57.026389,-25.636111,130.00
148,68,-57.026111,-25.636111,130.00
148,69,-57.025833,-25.636111,131.00
148,70,-57.025556,-25.636111,132.00
148,71,-57.025278,-25.636111,135.00
148,72,-57.025000,-25.636111,137.00
148,73,-57.024722,-25.636111,138.00
148,74,-57.024444,-25.636111,140.00
148,75,-57.024167,-25.636111,140.00
148,76,-57.023889,-25.636111,141.00
148,77,-57.023611,-25.636111,142.00
148,78,-57.023333,-25.636111,143.00
148,79,-57.023056,-25.636111,143.00
148,80,-57.022778,-25.636111,143.00
148,81,-57.022500,-25.636111,144.00
148,82,-57.022222,-25.636111,145.00
148,83,-57.021944,-25.636111,145.00
148,84,-57.021667,-25.636111,145.00
148,85,-57.021389,-25.636111,146.00
148,86,-57.021111,-25.636111,147.00
148,87,-57.020833,-25.636111,149.00
148,88,-57.020556,-25.636111,151.00
148,89,-57.020278,-25.636111,152.00
148,90,-57.020000,-25.636111,151.00
148,91,-57.019722,-25.636111,152.00
148,92,-57.019444,-25.636111,153.00
148,93,-57.019167,-25.636111,154.00
148,94,-57.018889,-25.636111,155.00
148,95,-57.018611,-25.636111,155.00
148,96,-57.018333,-25.636111,157.00
148,97,-57.018056,-25.636111,157.00
148,98,-57.017778,-25.636111,157.00
148,99,-57.017500,-25.636111,157.00
148,100,-57.017222,-25.636111,158.00
148,101,-57.016944,-25.636111,158.00
148,102,-57.016667,-25.636111,159.00
148,103,-57.016389,-25.636111,159.00
148,104,-57.016111,-25.636111,159.00
148,105,-57.015833,-25.636111,160.00
148,106,-57.015556,-25.636111,160.00
148,107,-57.015278,-25.636111,161.00
149,0,-57.045000,-25.636389,139.00
149,1,-57.044722,-25.636389,138.00
149,2,-57.044444,-25.636389,138.00
149,3,-57.044167,-25.636389,138.00
149,4,-57.043889,-25.636389,136.00
149,5,-57.043611,-25.636389,135.00
149,6,-57.043333,-25.636389,134.00
149,7,-57.043056,-25.636389,135.00
149,8,-57.042778,-25.636389,134.00
149,9,-57.042500,-25.636389,135.00
149,10,-57.042222,-25.636389,137.00
149,11,-57.041944,-25.636389,137.00
149,12,-57.041667,-25.636389,137.00
149,13,-57.041389,-25.636389,138.00
149,14,-57.041111,-25.636389,139.00
149,15,-57.040833,-25.636389,138.00
149,16,-57.040556,-25.636389,138.00
149,17,-57.040278,-25.636389,138.00
149,18,-57.040000,-25.636389,137.00
149,19,-57.039722,-25.636389,139.00
149,20,-57.039444,-25.636389,137.00
149,21,-57.039167,-25.636389,135.00
149,22,-57.038889,-25.636389,136.00
149,23,-57.038611,-25.636389,136.00
149,24,-57.038333,-25.636389,136.00
149,25,-57.038056,-25.636389,136.00
149,26,-57.037778,-25.636389,136.00
149,27,-57.037500,-25.636389,136.00
149,28,-57.037222,-25.636389,138.00
149,29,-57.036944,-25.636389,137.00
149,30,-57.036667,-25.636389,139.00
149,31,-57.036389,-25.636389,141.00
149,32,-57.036111,-25.636389,143.00
149,33,-57.035833,-25.636389,144.00
149,34,-57.035556,-25.636389,146.00
149,35,-57.035278,-25.636389,147.00
149,36,-57.035000,-25.636389,145.00
149,37,-57.034722,-25.636389,145.00
149,38,-57.034444,-25.636389,144.00
149,39,-57.034167,-25.636389,143.00
149,40,-57.033889,-25.636389,142.00
149,41,-57.033611,-25.636389,139.00
149,42,-57.033333,-25.636389,139.00
149,43,-57.033056,-25.636389,141.00
149,44,-57.032778,-25.636389,138.00
149,45,-57.032500,-25.636389,131.00
149,46,-57.032222,-25.636389,130.00
149,47,-57.031944,-25.636389,131.00
149,48,-57.031667,-25.636389,132.00
149,49,-57.031389,-25.636389,131.00
149,50,-57.031111,-25.636389,132.00
149,51,-57.030833,-25.636389,130.00
149,52,-57.030556,-25.636389,128.00
149,53,-57.030278,-25.636389,127.00
149,54,-57.030000,-25.636389,126.00
149,55,-57.029722,-25.636389,126.00
149,56,-57.029444,-25.636389,127.00
149,57,-57.029167,-25.636389,128.00
149,58,-57.028889,-25.636389,128.00
149,59,-57.028611,-25.636389,130.00
149,60,-57.028333,-25.636389,127.00
149,61,-57.028056,-25.636389,127.00
149,62,-57.027778,-25.636389,128.00
149,63,-57.027500,-25.636389,128.00
149,64,-57.027222,-25.636389,128.00
149,65,-57.026944,-25.636389,130.00
149,66,-57.026667,-25.636389,131.00
149,67,-57.026389,-25.636389,131.00
149,68,-57.026111,-25.636389,130.00
149,69,-57.025833,-25.636389,130.00
149,70,-57.025556,-25.636389,133.00
149,71,-57.025278,-25.636389,138.00
149,72,-57.025000,-25.636389,138.00
149,73,-57.024722,-25.636389,137.00
149,74,-57.024444,-25.636389,139.00
149,75,-57.024167,-25.636389,140.00
149,76,-57.023889,-25.636389,140.00
149,77,-57.023611,-25.636389,141.00
149,78,-57.023333,-25.636389,142.00
149,79,-57.023056,-25.636389,142.00
149,80,-57.022778,-25.636389,142.00
149,81,-57.022500,-25.636389,144.00
149,82,-57.022222,-25.636389,145.00
149,83,-57.021944,-25.636389,146.00
149,84,-57.021667,-25.636389,146.00
149,85,-57.021389,-25.636389,146.00
149,86,-57.021111,-25.636389,147.00
149,87,-57.020833,-25.636389,149.00
149,88,-57.020556,-25.636389,150.00
149,89,-57.020278,-25.636389,151.00
149,90,-57.020000,-25.636389,151.00
149,91,-57.019722,-25.636389,152.00
149,92,-57.019444,-25.636389,153.00
149,93,-57.019167,-25.636389,154.00
149,94,-57.018889,-25.636389,155.00
149,95,-57.018611,-25.636389,155.00
149,96,-57.018333,-25.636389,156.00
149,97,-57.018056,-25.636389,157.00
149,98,-57.017778,-25.636389,156.00
149,99,-57.017500,-25.636389,157.00
149,100,-57.017222,-25.636389,158.00
149,101,-57.016944,-25.636389,157.00
149,102,-57.016667,-25.636389,158.00
149,103,-57.016389,-25.636389,159.00
149,104,-57.016111,-25.636389,158.00
149,105,-57.015833,-25.636389,158.00
149,106,-57.015556,-25.636389,159.00
149,107,-57.015278,-25.636389,159.00
150,0,-57.045000,-25.636667,137.00
150,1,-57.044722,-25.636667,137.00
150,2,-57.044444,-25.636667,137.00
150,3,-57.044167,-25.636667,136.00
150,4,-57.043889,-25.636667,134.00
150,5,-57.043611,-25.636667,134.00
150,6,-57.043333,-25.636667,135.00
150,7,-57.043056,-25.636667,133.00
150,8,-57.042778,-25.636667,134.00
150,9,-57.042500,-25.636667,135.00
150,10,-57.042222,-25.636667,138.00
150,11,-57.041944,-25.636667,138.00
150,12,-57.041667,-25.636667,139.00
150,13,-57.041389,-25.636667,141.00
150,14,-57.041111,-25.636667,142.00
150,15,-57.040833,-25.636667,141.00
150,16,-57.040556,-25.636667,140.00
150,17,-57.040278,-25.636667,141.00
150,18,-57.040000,-25.636667,142.00
150,19,-57.039722,-25.636667,141.00
150,20,-57.039444,-25.636667,139.00
150,21,-57.039167,-25.636667,137.00
150,22,-57.038889,-25.636667,137.00
150,23,-57.038611,-25.636667,137.00
150,24,-57.038333,-25.636667,136.00
150,25,-57.038056,-25.636667,136.00
150,26,-57.037778,-25.636667,135.00
150,27,-57.037500,-25.636667,138.00
150,28,-57.037222,-25.636667,136.00
150,29,-57.036944,-25.636667,136.00
150,30,-57.036667,-25.636667,138.00
150,31,-57.036389,-25.636667,139.00
150,32,-57.036111,-25.636667,142.00
150,33,-57.035833,-25.636667,142.00
150,34,-57.035556,-25.636667,148.00
150,35,-57.035278,-25.636667,158.00
150,36,-57.035000,-25.636667,155.00
150,37,-57.034722,-25.636667,146.00
150,38,-57.034444,-25.636667,145.00
150,39,-57.034167,-25.636667,145.00
150,40,-57.033889,-25.636667,142.00
150,41,-57.033611,-25.636667,140.00
150,42,-57.033333,-25.636667,139.00
150,43,-57.033056,-25.636667,136.00
150,44,-57.032778,-25.636667,135.00
150,45,-57.032500,-25.636667,132.00
150,46,-57.032222,-25.636667,129.00
150,47,-57.031944,-25.636667,129.00
150,48,-57.031667,-25.636667,130.00
150,49,-57.031389,-25.636667,130.00
150,50,-57.031111,-25.636667,131.00
150,51,-57.030833,-25.636667,130.00
150,52,-57.030556,-25.636667,128.00
150,53,-57.030278,-25.636667,127.00
150,54,-57.030000,-25.636667,127.00
150,55,-57.029722,-25.636667,128.00
150,56,-57.029444,-25.636667,132.00
150,57,-57.029167,-25.636667,133.00
150,58,-57.028889,-25.636667,133.00
150,59,-57.028611,-25.636667,133.00
150,60,-57.028333,-25.636667,128.00
150,61,-57.028056,-25.636667,128.00
150,62,-57.027778,-25.636667,129.00
150,63,-57.027500,-25.636667,129.00
150,64,-57.027222,-25.636667,130.00
150,65,-57.026944,-25.636667,130.00
150,66,-57.026667,-25.636667,128.00
150,67,-57.026389,-25.636667,131.00
150,68,-57.026111,-25.636667,131.00
150,69,-57.025833,-25.636667,129.00
150,70,-57.025556,-25.636667,134.00
150,71,-57.025278,-25.636667,137.00
150,72,-57.025000,-25.636667,135.00
150,73,-57.024722,-25.636667,136.00
150,74,-57.024444,-25.636667,138.00
150,75,-57.024167,-25.636667,140.00
150,76,-57.023889,-25.636667,142.00
150,77,-57.023611,-25.636667,143.00
150,78,-57.023333,-25.636667,143.00
150,79,-57.023056,-25.636667,144.00
150,80,-57.022778,-25.636667,143.00
150,81,-57.022500,-25.636667,142.00
150,82,-57.022222,-25.636667,144.00
150,83,-57.021944,-25.636667,145.00
150,84,-57.021667,-25.636667,146.00
150,85,-57.021389,-25.636667,147.00
150,86,-57.021111,-25.636667,147.00
150,87,-57.020833,-25.636667,148.00
150,88,-57.020556,-25.636667,149.00
150,89,-57.020278,-25.636667,150.00
150,90,-57.020000,-25.636667,151.00
150,91,-57.019722,-25.636667,151.00
150,92,-57.019444,-25.636667,153.00
150,93,-57.019167,-25.636667,153.00
150,94,-57.018889,-25.636667,153.00
150,95,-57.018611,-25.636667,154.00
150,96,-57.018333,-25.636667,154.00
150,97,-57.018056,-25.636667,156.00
150,98,-57.017778,-25.636667,156.00
150,99,-57.017500,-25.636667,156.00
150,100,-57.017222,-25.636667,156.00
150,101,-57.016944,-25.636667,157.00
150,102,-57.016667,-25.636667,157.00
150,103,-57.016389,-25.636667,157.00
150,104,-57.016111,-25.636667,158.00
150,105,-57.015833,-25.636667,158.00
150,106,-57.015556,-25.636667,160.00
150,107,-57.015278,-25.636667,159.00
151,0,-57.045000,-25.636944,137.00
151,1,-57.044722,-25.636944,135.00
151,2,-57.044444,-25.636944,135.00
151,3,-57.044167,-25.636944,135.00
151,4,-57.043889,-25.636944,136.00
151,5,-57.043611,-25.636944,131.00
151,6,-57.043333,-25.636944,132.00
151,7,-57.043056,-25.636944,133.00
151,8,-57.042778,-25.636944,134.00
151,9,-57.042500,-25.636944,137.00
151,10,-57.042222,-25.636944,142.00
151,11,-57.041944,-25.636944,142.00
151,12,-57.041667,-25.636944,141.00
151,13,-57.041389,-25.636944,143.00
151,14,-57.041111,-25.636944,144.00
151,15,-57.040833,-25.636944,144.00
151,16,-57.040556,-25.636944,143.00
151,17,-57.040278,-25.636944,145.00
151,18,-57.040000,-25.636944,147.00
151,19,-57.039722,-25.636944,144.00
151,20,-57.039444,-25.636944,143.00
151,21,-57.039167,-25.636944,140.00
151,22,-57.038889,-25.636944,139.00
151,23,-57.038611,-25.636944,137.00
151,24,-57.038333,-25.636944,137.00
151,25,-57.038056,-25.636944,136.00
151,26,-57.037778,-25.636944,135.00
151,27,-57.037500,-25.636944,136.00
151,28,-57.037222,-25.636944,137.00
151,29,-57.036944,-25.636944,136.00
151,30,-57.036667,-25.636944,136.00
151,31,-57.036389,-25.636944,135.00
151,32,-57.036111,-25.636944,141.00
151,33,-57.035833,-25.636944,139.00
151,34,-57.035556,-25.636944,141.00
151,35,-57.035278,-25.636944,149.00
151,36,-57.035000,-25.636944,156.00
151,37,-57.034722,-25.636944,146.00
151,38,-57.034444,-25.636944,147.00
151,39,-57.034167,-25.636944,143.00
151,40,-57.033889,-25.636944,145.00
151,41,-57.033611,-25.636944,145.00
151,42,-57.033333,-25.636944,139.00
151,43,-57.033056,-25.636944,135.00
151,44,-57.032778,-25.636944,133.00
151,45,-57.032500,-25.636944,130.00
151,46,-57.032222,-25.636944,128.00
151,47,-57.031944,-25.636944,127.00
151,48,-57.031667,-25.636944,129.00
151,49,-57.031389,-25.636944,130.00
151,50,-57.031111,-25.636944,131.00
151,51,-57.030833,-25.636944,131.00
151,52,-57.030556,-25.636944,130.00
151,53,-57.030278,-25.636944,128.00
151,54,-57.030000,-25.636944,128.00
151,55,-57.029722,-25.636944,128.00
151,56,-57.029444,-25.636944,129.00
151,57,-57.029167,-25.636944,132.00
151,58,-57.028889,-25.636944,133.00
151,59,-57.028611,-25.636944,132.00
151,60,-57.028333,-25.636944,126.00
151,61,-57.028056,-25.636944,128.00
151,62,-57.027778,-25.636944,130.00
151,63,-57.027500,-25.636944,129.00
151,64,-57.027222,-25.636944,131.00
151,65,-57.026944,-25.636944,131.00
151,66,-57.026667,-25.636944,129.00
151,67,-57.026389,-25.636944,131.00
151,68,-57.026111,-25.636944,133.00
151,69,-57.025833,-25.636944,132.00
151,70,-57.025556,-25.636944,134.00
151,71,-57.025278,-25.636944,136.00
151,72,-57.025000,-25.636944,136.00
151,73,-57.024722,-25.636944,136.00
151,74,-57.024444,-25.636944,138.00
151,75,-57.024167,-25.636944,142.00
151,76,-57.023889,-25.636944,151.00
151,77,-57.023611,-25.636944,154.00
151,78,-57.023333,-25.636944,149.00
151,79,-57.023056,-25.636944,145.00
151,80,-57.022778,-25.636944,141.00
151,81,-57.022500,-25.636944,142.00
151,82,-57.022222,-25.636944,144.00
151,83,-57.021944,-25.636944,143.00
151,84,-57.021667,-25.636944,145.00
151,85,-57.021389,-25.636944,147.00
151,86,-57.021111,-25.636944,149.00
151,87,-57.020833,-25.636944,149.00
151,88,-57.020556,-25.636944,149.00
151,89,-57.020278,-25.636944,149.00
151,90,-57.020000,-25.636944,151.00
151,91,-57.019722,-25.636944,152.00
151,92,-57.019444,-25.636944,152.00
151,93,-57.019167,-25.636944,153.00
151,94,-57.018889,-25.636944,153.00
151,95,-57.018611,-25.636944,154.00
151,96,-57.018333,-25.636944,154.00
151,97,-57.018056,-25.636944,154.00
151,98,-57.017778,-25.636944,155.00
151,99,-57.017500,-25.636944,155.00
151,100,-57.017222,-25.636944,155.00
151,101,-57.016944,-25.636944,156.00
151,102,-57.016667,-25.636944,156.00
151,103,-57.016389,-25.636944,156.00
151,104,-57.016111,-25.636944,158.00
151,105,-57.015833,-25.636944,161.00
151,106,-57.015556,-25.636944,165.00
151,107,-57.015278,-25.636944,161.00
152,0,-57.045000,-25.637222,135.00
152,1,-57.044722,-25.637222,135.00
152,2,-57.044444,-25.637222,134.00
152,3,-57.044167,-25.637222,134.00
152,4,-57.043889,-25.637222,135.00
152,5,-57.043611,-25.637222,132.00
152,6,-57.043333,-25.637222,132.00
152,7,-57.043056,-25.637222,135.00
152,8,-57.042778,-25.637222,136.00
152,9,-57.042500,-25.637222,137.00
152,10,-57.042222,-25.637222,139.00
152,11,-57.041944,-25.637222,141.00
152,12,-57.041667,-25.637222,142.00
152,13,-57.041389,-25.637222,144.00
152,14,-57.041111,-25.637222,145.00
152,15,-57.040833,-25.637222,144.00
152,16,-57.040556,-25.637222,147.00
152,17,-57.040278,-25.637222,152.00
152,18,-57.040000,-25.637222,153.00
152,19,-57.039722,-25.637222,152.00
152,20,-57.039444,-25.637222,147.00
152,21,-57.039167,-25.637222,143.00
152,22,-57.038889,-25.637222,140.00
152,23,-57.038611,-25.637222,138.00
152,24,-57.038333,-25.637222,138.00
152,25,-57.038056,-25.637222,137.00
152,26,-57.037778,-25.637222,138.00
152,27,-57.037500,-25.637222,137.00
152,28,-57.037222,-25.637222,136.00
152,29,-57.036944,-25.637222,136.00
152,30,-57.036667,-25.637222,136.00
152,31,-57.036389,-25.637222,135.00
152,32,-57.036111,-25.637222,138.00
152,33,-57.035833,-25.637222,138.00
152,34,-57.035556,-25.637222,141.00
152,35,-57.035278,-25.637222,144.00
152,36,-57.035000,-25.637222,148.00
152,37,-57.034722,-25.637222,144.00
152,38,-57.034444,-25.637222,145.00
152,39,-57.034167,-25.637222,144.00
152,40,-57.033889,-25.637222,147.00
152,41,-57.033611,-25.637222,149.00
152,42,-57.033333,-25.637222,139.00
152,43,-57.033056,-25.637222,134.00
152,44,-57.032778,-25.637222,133.00
152,45,-57.032500,-25.637222,130.00
152,46,-57.032222,-25.637222,128.00
152,47,-57.031944,-25.637222,128.00
152,48,-57.031667,-25.637222,127.00
152,49,-57.031389,-25.637222,128.00
152,50,-57.031111,-25.637222,129.00
152,51,-57.030833,-25.637222,130.00
152,52,-57.030556,-25.637222,130.00
152,53,-57.030278,-25.637222,129.00
152,54,-57.030000,-25.637222,129.00
152,55,-57.029722,-25.637222,128.00
152,56,-57.029444,-25.637222,127.00
152,57,-57.029167,-25.637222,131.00
152,58,-57.028889,-25.637222,133.00
152,59,-57.028611,-25.637222,129.00
152,60,-57.028333,-25.637222,127.00
152,61,-57.028056,-25.637222,127.00
152,62,-57.027778,-25.637222,130.00
152,63,-57.027500,-25.637222,129.00
152,64,-57.027222,-25.637222,130.00
152,65,-57.026944,-25.637222,131.00
152,66,-57.026667,-25.637222,131.00
152,67,-57.026389,-25.637222,132.00
152,68,-57.026111,-25.637222,133.00
152,69,-57.025833,-25.637222,133.00
152,70,-57.025556,-25.637222,136.00
152,71,-57.025278,-25.637222,136.00
152,72,-57.025000,-25.637222,135.00
152,73,-57.024722,-25.637222,136.00
152,74,-57.024444,-25.637222,139.00
152,75,-57.024167,-25.637222,142.00
152,76,-57.023889,-25.637222,155.00
152,77,-57.023611,-25.637222,156.00
152,78,-57.023333,-25.637222,150.00
152,79,-57.023056,-25.637222,143.00
152,80,-57.022778,-25.637222,140.00
152,81,-57.022500,-25.637222,142.00
152,82,-57.022222,-25.637222,143.00
152,83,-57.021944,-25.637222,142.00
152,84,-57.021667,-25.637222,144.00
152,85,-57.021389,-25.637222,146.00
152,86,-57.021111,-25.637222,147.00
152,87,-57.020833,-25.637222,148.00
152,88,-57.020556,-25.637222,148.00
152,89,-57.020278,-25.637222,150.00
152,90,-57.020000,-25.637222,151.00
152,91,-57.019722,-25.637222,151.00
152,92,-57.019444,-25.637222,151.00
152,93,-57.019167,-25.637222,152.00
152,94,-57.018889,-25.637222,153.00
152,95,-57.018611,-25.637222,153.00
152,96,-57.018333,-25.637222,154.00
152,97,-57.018056,-25.637222,154.00
152,98,-57.017778,-25.637222,154.00
152,99,-57.017500,-25.637222,154.00
152,100,-57.017222,-25.637222,155.00
152,101,-57.016944,-25.637222,155.00
152,102,-57.016667,-25.637222,155.00
152,103,-57.016389,-25.637222,156.00
152,104,-57.016111,-25.637222,161.00
152,105,-57.015833,-25.637222,160.00
152,106,-57.015556,-25.637222,160.00
152,107,-57.015278,-25.637222,162.00
153,0,-57.045000,-25.637500,134.00
153,1,-57.044722,-25.637500,132.00
153,2,-57.044444,-25.637500,133.00
153,3,-57.044167,-25.637500,133.00
153,4,-57.043889,-25.637500,133.00
153,5,-57.043611,-25.637500,132.00
153,6,-57.043333,-25.637500,133.00
153,7,-57.043056,-25.637500,135.00
153,8,-57.042778,-25.637500,136.00
153,9,-57.042500,-25.637500,138.00
153,10,-57.042222,-25.637500,140.00
153,11,-57.041944,-25.637500,142.00
153,12,-57.041667,-25.637500,143.00
153,13,-57.041389,-25.637500,144.00
153,14,-57.041111,-25.637500,145.00
153,15,-57.040833,-25.637500,145.00
153,16,-57.040556,-25.637500,147.00
153,17,-57.040278,-25.637500,149.00
153,18,-57.040000,-25.637500,150.00
153,19,-57.039722,-25.637500,151.00
153,20,-57.039444,-25.637500,149.00
153,21,-57.039167,-25.637500,146.00
153,22,-57.038889,-25.637500,141.00
153,23,-57.038611,-25.637500,140.00
153,24,-57.038333,-25.637500,140.00
153,25,-57.038056,-25.637500,140.00
153,26,-57.037778,-25.637500,138.00
153,27,-57.037500,-25.637500,137.00
153,28,-57.037222,-25.637500,136.00
153,29,-57.036944,-25.637500,135.00
153,30,-57.036667,-25.637500,135.00
153,31,-57.036389,-25.637500,133.00
153,32,-57.036111,-25.637500,134.00
153,33,-57.035833,-25.637500,139.00
153,34,-57.035556,-25.637500,140.00
153,35,-57.035278,-25.637500,140.00
153,36,-57.035000,-25.637500,142.00
153,37,-57.034722,-25.637500,141.00
153,38,-57.034444,-25.637500,142.00
153,39,-57.034167,-25.637500,145.00
153,40,-57.033889,-25.637500,147.00
153,41,-57.033611,-25.637500,142.00
153,42,-57.033333,-25.637500,136.00
153,43,-57.033056,-25.637500,133.00
153,44,-57.032778,-25.637500,132.00
153,45,-57.032500,-25.637500,130.00
153,46,-57.032222,-25.637500,128.00
153,47,-57.031944,-25.637500,128.00
153,48,-57.031667,-25.637500,127.00
153,49,-57.031389,-25.637500,126.00
153,50,-57.031111,-25.637500,127.00
153,51,-57.030833,-25.637500,129.00
153,52,-57.030556,-25.637500,129.00
153,53,-57.030278,-25.637500,129.00
153,54,-57.030000,-25.637500,130.00
153,55,-57.029722,-25.637500,129.00
153,56,-57.029444,-25.637500,128.00
153,57,-57.029167,-25.637500,128.00
153,58,-57.028889,-25.637500,131.00
153,59,-57.028611,-25.637500,129.00
153,60,-57.028333,-25.637500,129.00
153,61,-57.028056,-25.637500,128.00
153,62,-57.027778,-25.637500,128.00
153,63,-57.027500,-25.637500,127.00
153,64,-57.027222,-25.637500,130.00
153,65,-57.026944,-25.637500,130.00
153,66,-57.026667,-25.637500,133.00
153,67,-57.026389,-25.637500,132.00
153,68,-57.026111,-25.637500,132.00
153,69,-57.025833,-25.637500,132.00
153,70,-57.025556,-25.637500,134.00
153,71,-57.025278,-25.637500,134.00
153,72,-57.025000,-25.637500,136.00
153,73,-57.024722,-25.637500,135.00
153,74,-57.024444,-25.637500,137.00
153,75,-57.024167,-25.637500,138.00
153,76,-57.023889,-25.637500,149.00
153,77,-57.023611,-25.637500,150.00
153,78,-57.023333,-25.637500,146.00
153,79,-57.023056,-25.637500,143.00
153,80,-57.022778,-25.637500,140.00
153,81,-57.022500,-25.637500,142.00
153,82,-57.022222,-25.637500,142.00
153,83,-57.021944,-25.637500,142.00
153,84,-57.021667,-25.637500,144.00
153,85,-57.021389,-25.637500,146.00
153,86,-57.021111,-25.637500,150.00
153,87,-57.020833,-25.637500,151.00
153,88,-57.020556,-25.637500,148.00
153,89,-57.020278,-25.637500,149.00
153,90,-57.020000,-25.637500,150.00
153,91,-57.019722,-25.637500,151.00
153,92,-57.019444,-25.637500,151.00
153,93,-57.019167,-25.637500,153.00
153,94,-57.018889,-25.637500,152.00
153,95,-57.018611,-25.637500,152.00
153,96,-57.018333,-25.637500,153.00
153,97,-57.018056,-25.637500,153.00
153,98,-57.017778,-25.637500,154.00
153,99,-57.017500,-25.637500,153.00
153,100,-57.017222,-25.637500,152.00
153,101,-57.016944,-25.637500,153.00
153,102,-57.016667,-25.637500,155.00
153,103,-57.016389,-25.637500,154.00
153,104,-57.016111,-25.637500,155.00
153,105,-57.015833,-25.637500,157.00
153,106,-57.015556,-25.637500,156.00
153,107,-57.015278,-25.637500,158.00
154,0,-57.045000,-25.637778,134.00
154,1,-57.044722,-25.637778,131.00
154,2,-57.044444,-25.637778,134.00
154,3,-57.044167,-25.637778,133.00
154,4,-57.043889,-25.637778,132.00
154,5,-57.043611,-25.637778,132.00
154,6,-57.043333,-25.637778,134.00
154,7,-57.043056,-25.637778,135.00
154,8,-57.042778,-25.637778,137.00
154,9,-57.042500,-25.637778,139.00
154,10,-57.042222,-25.637778,141.00
154,11,-57.041944,-25.637778,142.00
154,12,-57.041667,-25.637778,143.00
154,13,-57.041389,-25.637778,144.00
154,14,-57.041111,-25.637778,144.00
154,15,-57.040833,-25.637778,144.00
154,16,-57.040556,-25.637778,144.00
154,17,-57.040278,-25.637778,145.00
154,18,-57.040000,-25.637778,149.00
154,19,-57.039722,-25.637778,150.00
154,20,-57.039444,-25.637778,147.00
154,21,-57.039167,-25.637778,144.00
154,22,-57.038889,-25.637778,142.00
154,23,-57.038611,-25.637778,142.00
154,24,-57.038333,-25.637778,141.00
154,25,-57.038056,-25.637778,141.00
154,26,-57.037778,-25.637778,140.00
154,27,-57.037500,-25.637778,138.00
154,28,-57.037222,-25.637778,136.00
154,29,-57.036944,-25.637778,134.00
154,30,-57.036667,-25.637778,134.00
154,31,-57.036389,-25.637778,134.00
154,32,-57.036111,-25.637778,134.00
154,33,-57.035833,-25.637778,131.00
154,34,-57.035556,-25.637778,131.00
154,35,-57.035278,-25.637778,132.00
154,36,-57.035000,-25.637778,133.00
154,37,-57.034722,-25.637778,135.00
154,38,-57.034444,-25.637778,139.00
154,39,-57.034167,-25.637778,141.00
154,40,-57.033889,-25.637778,144.00
154,41,-57.033611,-25.637778,147.00
154,42,-57.033333,-25.637778,136.00
154,43,-57.033056,-25.637778,132.00
154,44,-57.032778,-25.637778,132.00
154,45,-57.032500,-25.637778,129.00
154,46,-57.032222,-25.637778,128.00
154,47,-57.031944,-25.637778,128.00
154,48,-57.031667,-25.637778,126.00
154,49,-57.031389,-25.637778,125.00
154,50,-57.031111,-25.637778,125.00
154,51,-57.030833,-25.637778,126.00
154,52,-57.030556,-25.637778,127.00
154,53,-57.030278,-25.637778,127.00
154,54,-57.030000,-25.637778,127.00
154,55,-57.029722,-25.637778,128.00
154,56,-57.029444,-25.637778,127.00
154,57,-57.029167,-25.637778,131.00
154,58,-57.028889,-25.637778,130.00
154,59,-57.028611,-25.637778,127.00
154,60,-57.028333,-25.637778,132.00
154,61,-57.028056,-25.637778,128.00
154,62,-57.027778,-25.637778,128.00
154,63,-57.027500,-25.637778,128.00
154,64,-57.027222,-25.637778,130.00
154,65,-57.026944,-25.637778,131.00
154,66,-57.026667,-25.637778,133.00
154,67,-57.026389,-25.637778,132.00
154,68,-57.026111,-25.637778,131.00
154,69,-57.025833,-25.637778,132.00
154,70,-57.025556,-25.637778,132.00
154,71,-57.025278,-25.637778,132.00
154,72,-57.025000,-25.637778,133.00
154,73,-57.024722,-25.637778,134.00
154,74,-57.024444,-25.637778,136.00
154,75,-57.024167,-25.637778,136.00
154,76,-57.023889,-25.637778,142.00
154,77,-57.023611,-25.637778,140.00
154,78,-57.023333,-25.637778,144.00
154,79,-57.023056,-25.637778,147.00
154,80,-57.022778,-25.637778,143.00
154,81,-57.022500,-25.637778,142.00
154,82,-57.022222,-25.637778,141.00
154,83,-57.021944,-25.637778,141.00
154,84,-57.021667,-25.637778,143.00
154,85,-57.021389,-25.637778,150.00
154,86,-57.021111,-25.637778,159.00
154,87,-57.020833,-25.637778,157.00
154,88,-57.020556,-25.637778,149.00
154,89,-57.020278,-25.637778,148.00
154,90,-57.020000,-25.637778,149.00
154,91,-57.019722,-25.637778,150.00
154,92,-57.019444,-25.637778,150.00
154,93,-57.019167,-25.637778,151.00
154,94,-57.018889,-25.637778,151.00
154,95,-57.018611,-25.637778,152.00
154,96,-57.018333,-25.637778,151.00
154,97,-57.018056,-25.637778,152.00
154,98,-57.017778,-25.637778,152.00
154,99,-57.017500,-25.637778,152.00
154,100,-57.017222,-25.637778,152.00
154,101,-57.016944,-25.637778,152.00
154,102,-57.016667,-25.637778,152.00
154,103,-57.016389,-25.637778,152.00
154,104,-57.016111,-25.637778,153.00
154,105,-57.015833,-25.637778,154.00
154,106,-57.015556,-25.637778,153.00
154,107,-57.015278,-25.637778,154.00
155,0,-57.045000,-25.638056,131.00
155,1,-57.044722,-25.638056,131.00
155,2,-57.044444,-25.638056,132.00
155,3,-57.044167,-25.638056,133.00
155,4,-57.043889,-25.638056,132.00
155,5,-57.043611,-25.638056,132.00
155,6,-57.043333,-25.638056,134.00
155,7,-57.043056,-25.638056,136.00
155,8,-57.042778,-25.638056,138.00
155,9,-57.042500,-25.638056,140.00
155,10,-57.042222,-25.638056,141.00
155,11,-57.041944,-25.638056,142.00
155,12,-57.041667,-25.638056,143.00
155,13,-57.041389,-25.638056,143.00
155,14,-57.041111,-25.638056,143.00
155,15,-57.040833,-25.638056,144.00
155,16,-57.040556,-25.638056,144.00
155,17,-57.040278,-25.638056,144.00
155,18,-57.040000,-25.638056,144.00
155,19,-57.039722,-25.638056,145.00
155,20,-57.039444,-25.638056,145.00
155,21,-57.039167,-25.638056,143.00
155,22,-57.038889,-25.638056,144.00
155,23,-57.038611,-25.638056,143.00
155,24,-57.038333,-25.638056,142.00
155,25,-57.038056,-25.638056,141.00
155,26,-57.037778,-25.638056,140.00
155,27,-57.037500,-25.638056,138.00
155,28,-57.037222,-25.638056,136.00
155,29,-57.036944,-25.638056,135.00
155,30,-57.036667,-25.638056,134.00
155,31,-57.036389,-25.638056,133.00
155,32,-57.036111,-25.638056,134.00
155,33,-57.035833,-25.638056,133.00
155,34,-57.035556,-25.638056,129.00
155,35,-57.035278,-25.638056,130.00
155,36,-57.035000,-25.638056,131.00
155,37,-57.034722,-25.638056,132.00
155,38,-57.034444,-25.638056,133.00
155,39,-57.034167,-25.638056,135.00
155,40,-57.033889,-25.638056,137.00
155,41,-57.033611,-25.638056,143.00
155,42,-57.033333,-25.638056,135.00
155,43,-57.033056,-25.638056,131.00
155,44,-57.032778,-25.638056,130.00
155,45,-57.032500,-25.638056,129.00
155,46,-57.032222,-25.638056,127.00
155,47,-57.031944,-25.638056,127.00
155,48,-57.031667,-25.638056,126.00
155,49,-57.031389,-25.638056,126.00
155,50,-57.031111,-25.638056,126.00
155,51,-57.030833,-25.638056,125.00
155,52,-57.030556,-25.638056,125.00
155,53,-57.030278,-25.638056,126.00
155,54,-57.030000,-25.638056,125.00
155,55,-57.029722,-25.638056,125.00
155,56,-57.029444,-25.638056,126.00
155,57,-57.029167,-25.638056,131.00
155,58,-57.028889,-25.638056,131.00
155,59,-57.028611,-25.638056,128.00
155,60,-57.028333,-25.638056,128.00
155,61,-57.028056,-25.638056,128.00
155,62,-57.027778,-25.638056,127.00
155,63,-57.027500,-25.638056,129.00
155,64,-57.027222,-25.638056,130.00
155,65,-57.026944,-25.638056,131.00
155,66,-57.026667,-25.638056,131.00
155,67,-57.026389,-25.638056,131.00
155,68,-57.026111,-25.638056,131.00
155,69,-57.025833,-25.638056,129.00
155,70,-57.025556,-25.638056,130.00
155,71,-57.025278,-25.638056,131.00
155,72,-57.025000,-25.638056,134.00
155,73,-57.024722,-25.638056,133.00
155,74,-57.024444,-25.638056,136.00
155,75,-57.024167,-25.638056,136.00
155,76,-57.023889,-25.638056,139.00
155,77,-57.023611,-25.638056,137.00
155,78,-57.023333,-25.638056,142.00
155,79,-57.023056,-25.638056,142.00
155,80,-57.022778,-25.638056,140.00
155,81,-57.022500,-25.638056,140.00
155,82,-57.022222,-25.638056,140.00
155,83,-57.021944,-25.638056,141.00
155,84,-57.021667,-25.638056,143.00
155,85,-57.021389,-25.638056,154.00
155,86,-57.021111,-25.638056,160.00
155,87,-57.020833,-25.638056,158.00
155,88,-57.020556,-25.638056,148.00
155,89,-57.020278,-25.638056,147.00
155,90,-57.020000,-25.638056,149.00
155,91,-57.019722,-25.638056,149.00
155,92,-57.019444,-25.638056,150.00
155,93,-57.019167,-25.638056,150.00
155,94,-57.018889,-25.638056,151.00
155,95,-57.018611,-25.638056,150.00
155,96,-57.018333,-25.638056,150.00
155,97,-57.018056,-25.638056,151.00
155,98,-57.017778,-25.638056,152.00
155,99,-57.017500,-25.638056,151.00
155,100,-57.017222,-25.638056,151.00
155,101,-57.016944,-25.638056,151.00
155,102,-57.016667,-25.638056,152.00
155,103,-57.016389,-25.638056,151.00
155,104,-57.016111,-25.638056,153.00
155,105,-57.015833,-25.638056,152.00
155,106,-57.015556,-25.638056,153.00
155,107,-57.015278,-25.638056,153.00
156,0,-57.045000,-25.638333,130.00
156,1,-57.044722,-25.638333,131.00
156,2,-57.044444,-25.638333,131.00
156,3,-57.044167,-25.638333,130.00
156,4,-57.043889,-25.638333,131.00
156,5,-57.043611,-25.638333,132.00
156,6,-57.043333,-25.638333,133.00
156,7,-57.043056,-25.638333,137.00
156,8,-57.042778,-25.638333,138.00
156,9,-57.042500,-25.638333,142.00
156,10,-57.042222,-25.638333,142.00
156,11,-57.041944,-25.638333,142.00
156,12,-57.041667,-25.638333,142.00
156,13,-57.041389,-25.638333,142.00
156,14,-57.041111,-25.638333,142.00
156,15,-57.040833,-25.638333,143.00
156,16,-57.040556,-25.638333,142.00
156,17,-57.040278,-25.638333,144.00
156,18,-57.040000,-25.638333,144.00
156,19,-57.039722,-25.638333,144.00
156,20,-57.039444,-25.638333,143.00
156,21,-57.039167,-25.638333,143.00
156,22,-57.038889,-25.638333,143.00
156,23,-57.038611,-25.638333,144.00
156,24,-57.038333,-25.638333,143.00
156,25,-57.038056,-25.638333,141.00
156,26,-57.037778,-25.638333,140.00
156,27,-57.037500,-25.638333,139.00
156,28,-57.037222,-25.638333,136.00
156,29,-57.036944,-25.638333,135.00
156,30,-57.036667,-25.638333,133.00
156,31,-57.036389,-25.638333,135.00
156,32,-57.036111,-25.638333,133.00
156,33,-57.035833,-25.638333,133.00
156,34,-57.035556,-25.638333,131.00
156,35,-57.035278,-25.638333,130.00
156,36,-57.035000,-25.638333,130.00
156,37,-57.034722,-25.638333,132.00
156,38,-57.034444,-25.638333,131.00
156,39,-57.034167,-25.638333,131.00
156,40,-57.033889,-25.638333,132.00
156,41,-57.033611,-25.638333,134.00
156,42,-57.033333,-25.638333,131.00
156,43,-57.033056,-25.638333,130.00
156,44,-57.032778,-25.638333,128.00
156,45,-57.032500,-25.638333,128.00
156,46,-57.032222,-25.638333,127.00
156,47,-57.031944,-25.638333,128.00
156,48,-57.031667,-25.638333,127.00
156,49,-57.031389,-25.638333,130.00
156,50,-57.031111,-25.638333,129.00
156,51,-57.030833,-25.638333,124.00
156,52,-57.030556,-25.638333,123.00
156,53,-57.030278,-25.638333,126.00
156,54,-57.030000,-25.638333,127.00
156,55,-57.029722,-25.638333,128.00
156,56,-57.029444,-25.638333,126.00
156,57,-57.029167,-25.638333,132.00
156,58,-57.028889,-25.638333,131.00
156,59,-57.028611,-25.638333,128.00
156,60,-57.028333,-25.638333,128.00
156,61,-57.028056,-25.638333,128.00
156,62,-57.027778,-25.638333,129.00
156,63,-57.027500,-25.638333,129.00
156,64,-57.027222,-25.638333,130.00
156,65,-57.026944,-25.638333,131.00
156,66,-57.026667,-25.638333,130.00
156,67,-57.026389,-25.638333,130.00
156,68,-57.026111,-25.638333,128.00
156,69,-57.025833,-25.638333,129.00
156,70,-57.025556,-25.638333,129.00
156,71,-57.025278,-25.638333,128.00
156,72,-57.025000,-25.638333,132.00
156,73,-57.024722,-25.638333,131.00
156,74,-57.024444,-25.638333,133.00
156,75,-57.024167,-25.638333,137.00
156,76,-57.023889,-25.638333,142.00
156,77,-57.023611,-25.638333,134.00
156,78,-57.023333,-25.638333,132.00
156,79,-57.023056,-25.638333,134.00
156,80,-57.022778,-25.638333,135.00
156,81,-57.022500,-25.638333,140.00
156,82,-57.022222,-25.638333,138.00
156,83,-57.021944,-25.638333,141.00
156,84,-57.021667,-25.638333,142.00
156,85,-57.021389,-25.638333,152.00
156,86,-57.021111,-25.638333,154.00
156,87,-57.020833,-25.638333,154.00
156,88,-57.020556,-25.638333,148.00
156,89,-57.020278,-25.638333,146.00
156,90,-57.020000,-25.638333,148.00
156,91,-57.019722,-25.638333,149.00
156,92,-57.019444,-25.638333,149.00
156,93,-57.019167,-25.638333,150.00
156,94,-57.018889,-25.638333,150.00
156,95,-57.018611,-25.638333,150.00
156,96,-57.018333,-25.638333,150.00
156,97,-57.018056,-25.638333,150.00
156,98,-57.017778,-25.638333,150.00
156,99,-57.017500,-25.638333,150.00
156,100,-57.017222,-25.638333,150.00
156,101,-57.016944,-25.638333,150.00
156,102,-57.016667,-25.638333,155.00
156,103,-57.016389,-25.638333,154.00
156,104,-57.016111,-25.638333,154.00
156,105,-57.015833,-25.638333,152.00
156,106,-57.015556,-25.638333,152.00
156,107,-57.015278,-25.638333,152.00
157,0,-57.045000,-25.638611,130.00
157,1,-57.044722,-25.638611,129.00
157,2,-57.044444,-25.638611,129.00
157,3,-57.044167,-25.638611,130.00
157,4,-57.043889,-25.638611,130.00
157,5,-57.043611,-25.638611,131.00
157,6,-57.043333,-25.638611,132.00
157,7,-57.043056,-25.638611,136.00
157,8,-57.042778,-25.638611,138.00
157,9,-57.042500,-25.638611,142.00
157,10,-57.042222,-25.638611,141.00
157,11,-57.041944,-25.638611,141.00
157,12,-57.041667,-25.638611,141.00
157,13,-57.041389,-25.638611,141.00
157,14,-57.041111,-25.638611,145.00
157,15,-57.040833,-25.638611,147.00
157,16,-57.040556,-25.638611,144.00
157,17,-57.040278,-25.638611,148.00
157,18,-57.040000,-25.638611,148.00
157,19,-57.039722,-25.638611,142.00
157,20,-57.039444,-25.638611,142.00
157,21,-57.039167,-25.638611,142.00
157,22,-57.038889,-25.638611,145.00
157,23,-57.038611,-25.638611,144.00
157,24,-57.038333,-25.638611,142.00
157,25,-57.038056,-25.638611,141.00
157,26,-57.037778,-25.638611,140.00
157,27,-57.037500,-25.638611,141.00
157,28,-57.037222,-25.638611,137.00
157,29,-57.036944,-25.638611,134.00
157,30,-57.036667,-25.638611,133.00
157,31,-57.036389,-25.638611,133.00
157,32,-57.036111,-25.638611,131.00
157,33,-57.035833,-25.638611,130.00
157,34,-57.035556,-25.638611,131.00
157,35,-57.035278,-25.638611,131.00
157,36,-57.035000,-25.638611,129.00
157,37,-57.034722,-25.638611,131.00
157,38,-57.034444,-25.638611,130.00
157,39,-57.034167,-25.638611,130.00
157,40,-57.033889,-25.638611,131.00
157,41,-57.033611,-25.638611,130.00
157,42,-57.033333,-25.638611,128.00
157,43,-57.033056,-25.638611,128.00
157,44,-57.032778,-25.638611,128.00
157,45,-57.032500,-25.638611,129.00
157,46,-57.032222,-25.638611,127.00
157,47,-57.031944,-25.638611,128.00
157,48,-57.031667,-25.638611,127.00
157,49,-57.031389,-25.638611,128.00
157,50,-57.031111,-25.638611,125.00
157,51,-57.030833,-25.638611,123.00
157,52,-57.030556,-25.638611,123.00
157,53,-57.030278,-25.638611,126.00
157,54,-57.030000,-25.638611,126.00
157,55,-57.029722,-25.638611,128.00
157,56,-57.029444,-25.638611,130.00
157,57,-57.029167,-25.638611,132.00
157,58,-57.028889,-25.638611,126.00
157,59,-57.028611,-25.638611,126.00
157,60,-57.028333,-25.638611,128.00
157,61,-57.028056,-25.638611,129.00
157,62,-57.027778,-25.638611,130.00
157,63,-57.027500,-25.638611,131.00
157,64,-57.027222,-25.638611,130.00
157,65,-57.026944,-25.638611,130.00
157,66,-57.026667,-25.638611,129.00
157,67,-57.026389,-25.638611,129.00
157,68,-57.026111,-25.638611,129.00
157,69,-57.025833,-25.638611,129.00
157,70,-57.025556,-25.638611,129.00
157,71,-57.025278,-25.638611,128.00
157,72,-57.025000,-25.638611,130.00
157,73,-57.024722,-25.638611,130.00
157,74,-57.024444,-25.638611,132.00
157,75,-57.024167,-25.638611,138.00
157,76,-57.023889,-25.638611,140.00
157,77,-57.023611,-25.638611,133.00
157,78,-57.023333,-25.638611,130.00
157,79,-57.023056,-25.638611,131.00
157,80,-57.022778,-25.638611,132.00
157,81,-57.022500,-25.638611,136.00
157,82,-57.022222,-25.638611,137.00
157,83,-57.021944,-25.638611,141.00
157,84,-57.021667,-25.638611,143.00
157,85,-57.021389,-25.638611,149.00
157,86,-57.021111,-25.638611,152.00
157,87,-57.020833,-25.638611,152.00
157,88,-57.020556,-25.638611,148.00
157,89,-57.020278,-25.638611,147.00
157,90,-57.020000,-25.638611,148.00
157,91,-57.019722,-25.638611,147.00
157,92,-57.019444,-25.638611,148.00
157,93,-57.019167,-25.638611,149.00
157,94,-57.018889,-25.638611,149.00
157,95,-57.018611,-25.638611,149.00
157,96,-57.018333,-25.638611,149.00
157,97,-57.018056,-25.638611,150.00
157,98,-57.017778,-25.638611,150.00
157,99,-57.017500,-25.638611,149.00
157,100,-57.017222,-25.638611,149.00
157,101,-57.016944,-25.638611,148.00
157,102,-57.016667,-25.638611,151.00
157,103,-57.016389,-25.638611,152.00
157,104,-57.016111,-25.638611,150.00
157,105,-57.015833,-25.638611,151.00
157,106,-57.015556,-25.638611,150.00
157,107,-57.015278,-25.638611,152.00
158,0,-57.045000,-25.638889,130.00
158,1,-57.044722,-25.638889,128.00
158,2,-57.044444,-25.638889,127.00
158,3,-57.044167,-25.638889,130.00
158,4,-57.043889,-25.638889,132.00
158,5,-57.043611,-25.638889,136.00
158,6,-57.043333,-25.638889,136.00
158,7,-57.043056,-25.638889,137.00
158,8,-57.042778,-25.638889,140.00
158,9,-57.042500,-25.638889,140.00
158,10,-57.042222,-25.638889,141.00
158,11,-57.041944,-25.638889,142.00
158,12,-57.041667,-25.638889,142.00
158,13,-57.041389,-25.638889,143.00
158,14,-57.041111,-25.638889,149.00
158,15,-57.040833,-25.638889,149.00
158,16,-57.040556,-25.638889,149.00
158,17,-57.040278,-25.638889,149.00
158,18,-57.040000,-25.638889,147.00
158,19,-57.039722,-25.638889,142.00
158,20,-57.039444,-25.638889,141.00
158,21,-57.039167,-25.638889,143.00
158,22,-57.038889,-25.638889,145.00
158,23,-57.038611,-25.638889,142.00
158,24,-57.038333,-25.638889,144.00
158,25,-57.038056,-25.638889,142.00
158,26,-57.037778,-25.638889,142.00
158,27,-57.037500,-25.638889,141.00
158,28,-57.037222,-25.638889,134.00
158,29,-57.036944,-25.638889,133.00
158,30,-57.036667,-25.638889,134.00
158,31,-57.036389,-25.638889,132.00
158,32,-57.036111,-25.638889,131.00
158,33,-57.035833,-25.638889,131.00
158,34,-57.035556,-25.638889,132.00
158,35,-57.035278,-25.638889,131.00
158,36,-57.035000,-25.638889,129.00
158,37,-57.034722,-25.638889,128.00
158,38,-57.034444,-25.638889,129.00
158,39,-57.034167,-25.638889,129.00
158,40,-57.033889,-25.638889,129.00
158,41,-57.033611,-25.638889,128.00
158,42,-57.033333,-25.638889,127.00
158,43,-57.033056,-25.638889,128.00
158,44,-57.032778,-25.638889,129.00
158,45,-57.032500,-25.638889,129.00
158,46,-57.032222,-25.638889,128.00
158,47,-57.031944,-25.638889,128.00
158,48,-57.031667,-25.638889,127.00
158,49,-57.031389,-25.638889,126.00
158,50,-57.031111,-25.638889,124.00
158,51,-57.030833,-25.638889,124.00
158,52,-57.030556,-25.638889,125.00
158,53,-57.030278,-25.638889,126.00
158,54,-57.030000,-25.638889,131.00
158,55,-57.029722,-25.638889,129.00
158,56,-57.029444,-25.638889,131.00
158,57,-57.029167,-25.638889,129.00
158,58,-57.028889,-25.638889,126.00
158,59,-57.028611,-25.638889,127.00
158,60,-57.028333,-25.638889,129.00
158,61,-57.028056,-25.638889,130.00
158,62,-57.027778,-25.638889,130.00
158,63,-57.027500,-25.638889,131.00
158,64,-57.027222,-25.638889,130.00
158,65,-57.026944,-25.638889,129.00
158,66,-57.026667,-25.638889,128.00
158,67,-57.026389,-25.638889,128.00
158,68,-57.026111,-25.638889,128.00
158,69,-57.025833,-25.638889,129.00
158,70,-57.025556,-25.638889,128.00
158,71,-57.025278,-25.638889,128.00
158,72,-57.025000,-25.638889,129.00
158,73,-57.024722,-25.638889,130.00
158,74,-57.024444,-25.638889,132.00
158,75,-57.024167,-25.638889,134.00
158,76,-57.023889,-25.638889,132.00
158,77,-57.023611,-25.638889,131.00
158,78,-57.023333,-25.638889,131.00
158,79,-57.023056,-25.638889,131.00
158,80,-57.022778,-25.638889,130.00
158,81,-57.022500,-25.638889,134.00
158,82,-57.022222,-25.638889,140.00
158,83,-57.021944,-25.638889,143.00
158,84,-57.021667,-25.638889,144.00
158,85,-57.021389,-25.638889,147.00
158,86,-57.021111,-25.638889,151.00
158,87,-57.020833,-25.638889,151.00
158,88,-57.020556,-25.638889,147.00
158,89,-57.020278,-25.638889,147.00
158,90,-57.020000,-25.638889,147.00
158,91,-57.019722,-25.638889,147.00
158,92,-57.019444,-25.638889,148.00
158,93,-57.019167,-25.638889,148.00
158,94,-57.018889,-25.638889,148.00
158,95,-57.018611,-25.638889,148.00
158,96,-57.018333,-25.638889,148.00
158,97,-57.018056,-25.638889,151.00
158,98,-57.017778,-25.638889,150.00
158,99,-57.017500,-25.638889,152.00
158,100,-57.017222,-25.638889,152.00
158,101,-57.016944,-25.638889,150.00
158,102,-57.016667,-25.638889,149.00
158,103,-57.016389,-25.638889,149.00
158,104,-57.016111,-25.638889,150.00
158,105,-57.015833,-25.638889,151.00
158,106,-57.015556,-25.638889,150.00
158,107,-57.015278,-25.638889,150.00
159,0,-57.045000,-25.639167,128.00
159,1,-57.044722,-25.639167,128.00
159,2,-57.044444,-25.639167,126.00
159,3,-57.044167,-25.639167,130.00
159,4,-57.043889,-25.639167,138.00
159,5,-57.043611,-25.639167,143.00
159,6,-57.043333,-25.639167,144.00
159,7,-57.043056,-25.639167,141.00
159,8,-57.042778,-25.639167,144.00
159,9,-57.042500,-25.639167,140.00
159,10,-57.042222,-25.639167,141.00
159,11,-57.041944,-25.639167,140.00
159,12,-57.041667,-25.639167,141.00
159,13,-57.041389,-25.639167,145.00
159,14,-57.041111,-25.639167,145.00
159,15,-57.040833,-25.639167,146.00
159,16,-57.040556,-25.639167,146.00
159,17,-57.040278,-25.639167,142.00
159,18,-57.040000,-25.639167,140.00
159,19,-57.039722,-25.639167,139.00
159,20,-57.039444,-25.639167,139.00
159,21,-57.039167,-25.639167,144.00
159,22,-57.038889,-25.639167,146.00
159,23,-57.038611,-25.639167,148.00
159,24,-57.038333,-25.639167,151.00
159,25,-57.038056,-25.639167,145.00
159,26,-57.037778,-25.639167,140.00
159,27,-57.037500,-25.639167,143.00
159,28,-57.037222,-25.639167,137.00
159,29,-57.036944,-25.639167,135.00
159,30,-57.036667,-25.639167,134.00
159,31,-57.036389,-25.639167,133.00
159,32,-57.036111,-25.639167,131.00
159,33,-57.035833,-25.639167,131.00
159,34,-57.035556,-25.639167,132.00
159,35,-57.035278,-25.639167,132.00
159,36,-57.035000,-25.639167,129.00
159,37,-57.034722,-25.639167,130.00
159,38,-57.034444,-25.639167,128.00
159,39,-57.034167,-25.639167,128.00
159,40,-57.033889,-25.639167,128.00
159,41,-57.033611,-25.639167,128.00
159,42,-57.033333,-25.639167,127.00
159,43,-57.033056,-25.639167,130.00
159,44,-57.032778,-25.639167,130.00
159,45,-57.032500,-25.639167,131.00
159,46,-57.032222,-25.639167,130.00
159,47,-57.031944,-25.639167,129.00
159,48,-57.031667,-25.639167,126.00
159,49,-57.031389,-25.639167,125.00
159,50,-57.031111,-25.639167,126.00
159,51,-57.030833,-25.639167,126.00
159,52,-57.030556,-25.639167,127.00
159,53,-57.030278,-25.639167,130.00
159,54,-57.030000,-25.639167,130.00
159,55,-57.029722,-25.639167,130.00
159,56,-57.029444,-25.639167,129.00
159,57,-57.029167,-25.639167,126.00
159,58,-57.028889,-25.639167,127.00
159,59,-57.028611,-25.639167,128.00
159,60,-57.028333,-25.639167,129.00
159,61,-57.028056,-25.639167,129.00
159,62,-57.027778,-25.639167,128.00
159,63,-57.027500,-25.639167,128.00
159,64,-57.027222,-25.639167,130.00
159,65,-57.026944,-25.639167,130.00
159,66,-57.026667,-25.639167,128.00
159,67,-57.026389,-25.639167,128.00
159,68,-57.026111,-25.639167,127.00
159,69,-57.025833,-25.639167,128.00
159,70,-57.025556,-25.639167,128.00
159,71,-57.025278,-25.639167,129.00
159,72,-57.025000,-25.639167,130.00
159,73,-57.024722,-25.639167,130.00
159,74,-57.024444,-25.639167,130.00
159,75,-57.024167,-25.639167,129.00
159,76,-57.023889,-25.639167,130.00
159,77,-57.023611,-25.639167,130.00
159,78,-57.023333,-25.639167,131.00
159,79,-57.023056,-25.639167,131.00
159,80,-57.022778,-25.639167,131.00
159,81,-57.022500,-25.639167,136.00
159,82,-57.022222,-25.639167,142.00
159,83,-57.021944,-25.639167,144.00
159,84,-57.021667,-25.639167,144.00
159,85,-57.021389,-25.639167,149.00
159,86,-57.021111,-25.639167,149.00
159,87,-57.020833,-25.639167,150.00
159,88,-57.020556,-25.639167,145.00
159,89,-57.020278,-25.639167,147.00
159,90,-57.020000,-25.639167,146.00
159,91,-57.019722,-25.639167,148.00
159,92,-57.019444,-25.639167,148.00
159,93,-57.019167,-25.639167,147.00
159,94,-57.018889,-25.639167,148.00
159,95,-57.018611,-25.639167,148.00
159,96,-57.018333,-25.639167,148.00
159,97,-57.018056,-25.639167,150.00
159,98,-57.017778,-25.639167,150.00
159,99,-57.017500,-25.639167,153.00
159,100,-57.017222,-25.639167,153.00
159,101,-57.016944,-25.639167,152.00
159,102,-57.016667,-25.639167,147.00
159,103,-57.016389,-25.639167,145.00
159,104,-57.016111,-25.639167,148.00
159,105,-57.015833,-25.639167,149.00
159,106,-57.015556,-25.639167,149.00
159,107,-57.015278,-25.639167,149.00
160,0,-57.045000,-25.639444,128.00
160,1,-57.044722,-25.639444,127.00
160,2,-57.044444,-25.639444,128.00
160,3,-57.044167,-25.639444,133.00
160,4,-57.043889,-25.639444,140.00
160,5,-57.043611,-25.639444,145.00
160,6,-57.043333,-25.639444,143.00
160,7,-57.043056,-25.639444,141.00
160,8,-57.042778,-25.639444,141.00
160,9,-57.042500,-25.639444,142.00
160,10,-57.042222,-25.639444,141.00
160,11,-57.041944,-25.639444,140.00
160,12,-57.041667,-25.639444,140.00
160,13,-57.041389,-25.639444,144.00
160,14,-57.041111,-25.639444,146.00
160,15,-57.040833,-25.639444,143.00
160,16,-57.040556,-25.639444,139.00
160,17,-57.040278,-25.639444,136.00
160,18,-57.040000,-25.639444,137.00
160,19,-57.039722,-25.639444,136.00
160,20,-57.039444,-25.639444,139.00
160,21,-57.039167,-25.639444,145.00
160,22,-57.038889,-25.639444,142.00
160,23,-57.038611,-25.639444,147.00
160,24,-57.038333,-25.639444,156.00
160,25,-57.038056,-25.639444,150.00
160,26,-57.037778,-25.639444,142.00
160,27,-57.037500,-25.639444,141.00
160,28,-57.037222,-25.639444,137.00
160,29,-57.036944,-25.639444,135.00
160,30,-57.036667,-25.639444,134.00
160,31,-57.036389,-25.639444,135.00
160,32,-57.036111,-25.639444,133.00
160,33,-57.035833,-25.639444,132.00
160,34,-57.035556,-25.639444,131.00
160,35,-57.035278,-25.639444,133.00
160,36,-57.035000,-25.639444,128.00
160,37,-57.034722,-25.639444,128.00
160,38,-57.034444,-25.639444,128.00
160,39,-57.034167,-25.639444,127.00
160,40,-57.033889,-25.639444,128.00
160,41,-57.033611,-25.639444,128.00
160,42,-57.033333,-25.639444,129.00
160,43,-57.033056,-25.639444,132.00
160,44,-57.032778,-25.639444,134.00
160,45,-57.032500,-25.639444,133.00
160,46,-57.032222,-25.639444,129.00
160,47,-57.031944,-25.639444,127.00
160,48,-57.031667,-25.639444,124.00
160,49,-57.031389,-25.639444,127.00
160,50,-57.031111,-25.639444,127.00
160,51,-57.030833,-25.639444,124.00
160,52,-57.030556,-25.639444,126.00
160,53,-57.030278,-25.639444,127.00
160,54,-57.030000,-25.639444,124.00
160,55,-57.029722,-25.639444,125.00
160,56,-57.029444,-25.639444,126.00
160,57,-57.029167,-25.639444,127.00
160,58,-57.028889,-25.639444,129.00
160,59,-57.028611,-25.639444,129.00
160,60,-57.028333,-25.639444,129.00
160,61,-57.028056,-25.639444,127.00
160,62,-57.027778,-25.639444,127.00
160,63,-57.027500,-25.639444,127.00
160,64,-57.027222,-25.639444,128.00
160,65,-57.026944,-25.639444,129.00
160,66,-57.026667,-25.639444,128.00
160,67,-57.026389,-25.639444,128.00
160,68,-57.026111,-25.639444,129.00
160,69,-57.025833,-25.639444,129.00
160,70,-57.025556,-25.639444,130.00
160,71,-57.025278,-25.639444,128.00
160,72,-57.025000,-25.639444,130.00
160,73,-57.024722,-25.639444,131.00
160,74,-57.024444,-25.639444,131.00
160,75,-57.024167,-25.639444,131.00
160,76,-57.023889,-25.639444,131.00
160,77,-57.023611,-25.639444,130.00
160,78,-57.023333,-25.639444,131.00
160,79,-57.023056,-25.639444,133.00
160,80,-57.022778,-25.639444,137.00
160,81,-57.022500,-25.639444,137.00
160,82,-57.022222,-25.639444,143.00
160,83,-57.021944,-25.639444,141.00
160,84,-57.021667,-25.639444,145.00
160,85,-57.021389,-25.639444,149.00
160,86,-57.021111,-25.639444,149.00
160,87,-57.020833,-25.639444,145.00
160,88,-57.020556,-25.639444,145.00
160,89,-57.020278,-25.639444,146.00
160,90,-57.020000,-25.639444,146.00
160,91,-57.019722,-25.639444,147.00
160,92,-57.019444,-25.639444,146.00
160,93,-57.019167,-25.639444,147.00
160,94,-57.018889,-25.639444,147.00
160,95,-57.018611,-25.639444,147.00
160,96,-57.018333,-25.639444,149.00
160,97,-57.018056,-25.639444,149.00
160,98,-57.017778,-25.639444,148.00
160,99,-57.017500,-25.639444,146.00
160,100,-57.017222,-25.639444,147.00
160,101,-57.016944,-25.639444,146.00
160,102,-57.016667,-25.639444,148.00
160,103,-57.016389,-25.639444,148.00
160,104,-57.016111,-25.639444,146.00
160,105,-57.015833,-25.639444,145.00
160,106,-57.015556,-25.639444,148.00
160,107,-57.015278,-25.639444,150.00
161,0,-57.045000,-25.639722,127.00
161,1,-57.044722,-25.639722,128.00
161,2,-57.044444,-25.639722,129.00
161,3,-57.044167,-25.639722,131.00
161,4,-57.043889,-25.639722,135.00
161,5,-57.043611,-25.639722,138.00
161,6,-57.043333,-25.639722,139.00
161,7,-57.043056,-25.639722,143.00
161,8,-57.042778,-25.639722,147.00
161,9,-57.042500,-25.639722,146.00
161,10,-57.042222,-25.639722,140.00
161,11,-57.041944,-25.639722,139.00
161,12,-57.041667,-25.639722,138.00
161,13,-57.041389,-25.639722,143.00
161,14,-57.041111,-25.639722,144.00
161,15,-57.040833,-25.639722,136.00
161,16,-57.040556,-25.639722,131.00
161,17,-57.040278,-25.639722,133.00
161,18,-57.040000,-25.639722,134.00
161,19,-57.039722,-25.639722,135.00
161,20,-57.039444,-25.639722,140.00
161,21,-57.039167,-25.639722,141.00
161,22,-57.038889,-25.639722,139.00
161,23,-57.038611,-25.639722,143.00
161,24,-57.038333,-25.639722,149.00
161,25,-57.038056,-25.639722,151.00
161,26,-57.037778,-25.639722,143.00
161,27,-57.037500,-25.639722,138.00
161,28,-57.037222,-25.639722,136.00
161,29,-57.036944,-25.639722,136.00
161,30,-57.036667,-25.639722,134.00
161,31,-57.036389,-25.639722,135.00
161,32,-57.036111,-25.639722,136.00
161,33,-57.035833,-25.639722,132.00
161,34,-57.035556,-25.639722,130.00
161,35,-57.035278,-25.639722,131.00
161,36,-57.035000,-25.639722,129.00
161,37,-57.034722,-25.639722,127.00
161,38,-57.034444,-25.639722,127.00
161,39,-57.034167,-25.639722,127.00
161,40,-57.033889,-25.639722,127.00
161,41,-57.033611,-25.639722,128.00
161,42,-57.033333,-25.639722,128.00
161,43,-57.033056,-25.639722,132.00
161,44,-57.032778,-25.639722,132.00
161,45,-57.032500,-25.639722,131.00
161,46,-57.032222,-25.639722,128.00
161,47,-57.031944,-25.639722,126.00
161,48,-57.031667,-25.639722,125.00
161,49,-57.031389,-25.639722,127.00
161,50,-57.031111,-25.639722,126.00
161,51,-57.030833,-25.639722,125.00
161,52,-57.030556,-25.639722,123.00
161,53,-57.030278,-25.639722,123.00
161,54,-57.030000,-25.639722,124.00
161,55,-57.029722,-25.639722,125.00
161,56,-57.029444,-25.639722,126.00
161,57,-57.029167,-25.639722,128.00
161,58,-57.028889,-25.639722,128.00
161,59,-57.028611,-25.639722,129.00
161,60,-57.028333,-25.639722,129.00
161,61,-57.028056,-25.639722,128.00
161,62,-57.027778,-25.639722,127.00
161,63,-57.027500,-25.639722,128.00
161,64,-57.027222,-25.639722,129.00
161,65,-57.026944,-25.639722,130.00
161,66,-57.026667,-25.639722,129.00
161,67,-57.026389,-25.639722,129.00
161,68,-57.026111,-25.639722,128.00
161,69,-57.025833,-25.639722,129.00
161,70,-57.025556,-25.639722,129.00
161,71,-57.025278,-25.639722,129.00
161,72,-57.025000,-25.639722,131.00
161,73,-57.024722,-25.639722,132.00
161,74,-57.024444,-25.639722,132.00
161,75,-57.024167,-25.639722,133.00
161,76,-57.023889,-25.639722,133.00
161,77,-57.023611,-25.639722,133.00
161,78,-57.023333,-25.639722,132.00
161,79,-57.023056,-25.639722,132.00
161,80,-57.022778,-25.639722,134.00
161,81,-57.022500,-25.639722,138.00
161,82,-57.022222,-25.639722,139.00
161,83,-57.021944,-25.639722,141.00
161,84,-57.021667,-25.639722,144.00
161,85,-57.021389,-25.639722,149.00
161,86,-57.021111,-25.639722,149.00
161,87,-57.020833,-25.639722,145.00
161,88,-57.020556,-25.639722,145.00
161,89,-57.020278,-25.639722,145.00
161,90,-57.020000,-25.639722,145.00
161,91,-57.019722,-25.639722,146.00
161,92,-57.019444,-25.639722,146.00
161,93,-57.019167,-25.639722,147.00
161,94,-57.018889,-25.639722,146.00
161,95,-57.018611,-25.639722,146.00
161,96,-57.018333,-25.639722,148.00
161,97,-57.018056,-25.639722,148.00
161,98,-57.017778,-25.639722,148.00
161,99,-57.017500,-25.639722,146.00
161,100,-57.017222,-25.639722,140.00
161,101,-57.016944,-25.639722,140.00
161,102,-57.016667,-25.639722,148.00
161,103,-57.016389,-25.639722,150.00
161,104,-57.016111,-25.639722,145.00
161,105,-57.015833,-25.639722,145.00
161,106,-57.015556,-25.639722,148.00
161,107,-57.015278,-25.639722,151.00
162,0,-57.045000,-25.640000,128.00
162,1,-57.044722,-25.640000,128.00
162,2,-57.044444,-25.640000,128.00
162,3,-57.044167,-25.640000,129.00
162,4,-57.043889,-25.640000,131.00
162,5,-57.043611,-25.640000,136.00
162,6,-57.043333,-25.640000,137.00
162,7,-57.043056,-25.640000,141.00
162,8,-57.042778,-25.640000,142.00
162,9,-57.042500,-25.640000,143.00
162,10,-57.042222,-25.640000,139.00
162,11,-57.041944,-25.640000,139.00
162,12,-57.041667,-25.640000,138.00
162,13,-57.041389,-25.640000,142.00
162,14,-57.041111,-25.640000,143.00
162,15,-57.040833,-25.640000,132.00
162,16,-57.040556,-25.640000,130.00
162,17,-57.040278,-25.640000,131.00
162,18,-57.040000,-25.640000,132.00
162,19,-57.039722,-25.640000,132.00
162,20,-57.039444,-25.640000,138.00
162,21,-57.039167,-25.640000,139.00
162,22,-57.038889,-25.640000,136.00
162,23,-57.038611,-25.640000,137.00
162,24,-57.038333,-25.640000,136.00
162,25,-57.038056,-25.640000,136.00
162,26,-57.037778,-25.640000,139.00
162,27,-57.037500,-25.640000,139.00
162,28,-57.037222,-25.640000,137.00
162,29,-57.036944,-25.640000,136.00
162,30,-57.036667,-25.640000,135.00
162,31,-57.036389,-25.640000,139.00
162,32,-57.036111,-25.640000,136.00
162,33,-57.035833,-25.640000,130.00
162,34,-57.035556,-25.640000,130.00
162,35,-57.035278,-25.640000,128.00
162,36,-57.035000,-25.640000,129.00
162,37,-57.034722,-25.640000,127.00
162,38,-57.034444,-25.640000,126.00
162,39,-57.034167,-25.640000,126.00
162,40,-57.033889,-25.640000,126.00
162,41,-57.033611,-25.640000,128.00
162,42,-57.033333,-25.640000,127.00
162,43,-57.033056,-25.640000,126.00
162,44,-57.032778,-25.640000,125.00
162,45,-57.032500,-25.640000,126.00
162,46,-57.032222,-25.640000,125.00
162,47,-57.031944,-25.640000,126.00
162,48,-57.031667,-25.640000,128.00
162,49,-57.031389,-25.640000,125.00
162,50,-57.031111,-25.640000,126.00
162,51,-57.030833,-25.640000,124.00
162,52,-57.030556,-25.640000,124.00
162,53,-57.030278,-25.640000,125.00
162,54,-57.030000,-25.640000,126.00
162,55,-57.029722,-25.640000,127.00
162,56,-57.029444,-25.640000,127.00
162,57,-57.029167,-25.640000,128.00
162,58,-57.028889,-25.640000,130.00
162,59,-57.028611,-25.640000,128.00
162,60,-57.028333,-25.640000,127.00
162,61,-57.028056,-25.640000,125.00
162,62,-57.027778,-25.640000,124.00
162,63,-57.027500,-25.640000,126.00
162,64,-57.027222,-25.640000,130.00
162,65,-57.026944,-25.640000,130.00
162,66,-57.026667,-25.640000,129.00
162,67,-57.026389,-25.640000,129.00
162,68,-57.026111,-25.640000,129.00
162,69,-57.025833,-25.640000,129.00
162,70,-57.025556,-25.640000,130.00
162,71,-57.025278,-25.640000,131.00
162,72,-57.025000,-25.640000,133.00
162,73,-57.024722,-25.640000,133.00
162,74,-57.024444,-25.640000,133.00
162,75,-57.024167,-25.640000,133.00
162,76,-57.023889,-25.640000,133.00
162,77,-57.023611,-25.640000,132.00
162,78,-57.023333,-25.640000,133.00
162,79,-57.023056,-25.640000,132.00
162,80,-57.022778,-25.640000,134.00
162,81,-57.022500,-25.640000,138.00
162,82,-57.022222,-25.640000,140.00
162,83,-57.021944,-25.640000,143.00
162,84,-57.021667,-25.640000,145.00
162,85,-57.021389,-25.640000,148.00
162,86,-57.021111,-25.640000,147.00
162,87,-57.020833,-25.640000,145.00
162,88,-57.020556,-25.640000,145.00
162,89,-57.020278,-25.640000,145.00
162,90,-57.020000,-25.640000,145.00
162,91,-57.019722,-25.640000,148.00
162,92,-57.019444,-25.640000,146.00
162,93,-57.019167,-25.640000,145.00
162,94,-57.018889,-25.640000,145.00
162,95,-57.018611,-25.640000,146.00
162,96,-57.018333,-25.640000,147.00
162,97,-57.018056,-25.640000,151.00
162,98,-57.017778,-25.640000,148.00
162,99,-57.017500,-25.640000,148.00
162,100,-57.017222,-25.640000,144.00
162,101,-57.016944,-25.640000,142.00
162,102,-57.016667,-25.640000,147.00
162,103,-57.016389,-25.640000,146.00
162,104,-57.016111,-25.640000,144.00
162,105,-57.015833,-25.640000,144.00
162,106,-57.015556,-25.640000,144.00
162,107,-57.015278,-25.640000,147.00
163,0,-57.045000,-25.640278,127.00
163,1,-57.044722,-25.640278,126.00
163,2,-57.044444,-25.640278,127.00
163,3,-57.044167,-25.640278,126.00
163,4,-57.043889,-25.640278,132.00
163,5,-57.043611,-25.640278,134.00
163,6,-57.043333,-25.640278,134.00
163,7,-57.043056,-25.640278,136.00
163,8,-57.042778,-25.640278,138.00
163,9,-57.042500,-25.640278,137.00
163,10,-57.042222,-25.640278,138.00
163,11,-57.041944,-25.640278,137.00
163,12,-57.041667,-25.640278,137.00
163,13,-57.041389,-25.640278,136.00
163,14,-57.041111,-25.640278,135.00
163,15,-57.040833,-25.640278,130.00
163,16,-57.040556,-25.640278,131.00
163,17,-57.040278,-25.640278,132.00
163,18,-57.040000,-25.640278,131.00
163,19,-57.039722,-25.640278,131.00
163,20,-57.039444,-25.640278,134.00
163,21,-57.039167,-25.640278,136.00
163,22,-57.038889,-25.640278,134.00
163,23,-57.038611,-25.640278,134.00
163,24,-57.038333,-25.640278,135.00
163,25,-57.038056,-25.640278,132.00
163,26,-57.037778,-25.640278,132.00
163,27,-57.037500,-25.640278,139.00
163,28,-57.037222,-25.640278,137.00
163,29,-57.036944,-25.640278,135.00
163,30,-57.036667,-25.640278,134.00
163,31,-57.036389,-25.640278,134.00
163,32,-57.036111,-25.640278,133.00
163,33,-57.035833,-25.640278,132.00
163,34,-57.035556,-25.640278,131.00
163,35,-57.035278,-25.640278,131.00
163,36,-57.035000,-25.640278,128.00
163,37,-57.034722,-25.640278,127.00
163,38,-57.034444,-25.640278,127.00
163,39,-57.034167,-25.640278,126.00
163,40,-57.033889,-25.640278,126.00
163,41,-57.033611,-25.640278,127.00
163,42,-57.033333,-25.640278,127.00
163,43,-57.033056,-25.640278,126.00
163,44,-57.032778,-25.640278,124.00
163,45,-57.032500,-25.640278,123.00
163,46,-57.032222,-25.640278,123.00
163,47,-57.031944,-25.640278,124.00
163,48,-57.031667,-25.640278,124.00
163,49,-57.031389,-25.640278,125.00
163,50,-57.031111,-25.640278,127.00
163,51,-57.030833,-25.640278,124.00
163,52,-57.030556,-25.640278,125.00
163,53,-57.030278,-25.640278,126.00
163,54,-57.030000,-25.640278,126.00
163,55,-57.029722,-25.640278,127.00
163,56,-57.029444,-25.640278,128.00
163,57,-57.029167,-25.640278,129.00
163,58,-57.028889,-25.640278,129.00
163,59,-57.028611,-25.640278,128.00
163,60,-57.028333,-25.640278,126.00
163,61,-57.028056,-25.640278,126.00
163,62,-57.027778,-25.640278,125.00
163,63,-57.027500,-25.640278,125.00
163,64,-57.027222,-25.640278,127.00
163,65,-57.026944,-25.640278,130.00
163,66,-57.026667,-25.640278,130.00
163,67,-57.026389,-25.640278,130.00
163,68,-57.026111,-25.640278,130.00
163,69,-57.025833,-25.640278,130.00
163,70,-57.025556,-25.640278,131.00
163,71,-57.025278,-25.640278,132.00
163,72,-57.025000,-25.640278,133.00
163,73,-57.024722,-25.640278,134.00
163,74,-57.024444,-25.640278,134.00
163,75,-57.024167,-25.640278,135.00
163,76,-57.023889,-25.640278,134.00
163,77,-57.023611,-25.640278,134.00
163,78,-57.023333,-25.640278,133.00
163,79,-57.023056,-25.640278,134.00
163,80,-57.022778,-25.640278,135.00
163,81,-57.022500,-25.640278,136.00
163,82,-57.022222,-25.640278,138.00
163,83,-57.021944,-25.640278,143.00
163,84,-57.021667,-25.640278,143.00
163,85,-57.021389,-25.640278,147.00
163,86,-57.021111,-25.640278,146.00
163,87,-57.020833,-25.640278,147.00
163,88,-57.020556,-25.640278,148.00
163,89,-57.020278,-25.640278,147.00
163,90,-57.020000,-25.640278,145.00
163,91,-57.019722,-25.640278,145.00
163,92,-57.019444,-25.640278,145.00
163,93,-57.019167,-25.640278,145.00
163,94,-57.018889,-25.640278,144.00
163,95,-57.018611,-25.640278,144.00
163,96,-57.018333,-25.640278,149.00
163,97,-57.018056,-25.640278,152.00
163,98,-57.017778,-25.640278,147.00
163,99,-57.017500,-25.640278,145.00
163,100,-57.017222,-25.640278,144.00
163,101,-57.016944,-25.640278,141.00
163,102,-57.016667,-25.640278,144.00
163,103,-57.016389,-25.640278,140.00
163,104,-57.016111,-25.640278,140.00
163,105,-57.015833,-25.640278,141.00
163,106,-57.015556,-25.640278,141.00
163,107,-57.015278,-25.640278,143.00
164,0,-57.045000,-25.640556,127.00
164,1,-57.044722,-25.640556,126.00
164,2,-57.044444,-25.640556,127.00
164,3,-57.044167,-25.640556,126.00
164,4,-57.043889,-25.640556,129.00
164,5,-57.043611,-25.640556,130.00
164,6,-57.043333,-25.640556,133.00
164,7,-57.043056,-25.640556,136.00
164,8,-57.042778,-25.640556,139.00
164,9,-57.042500,-25.640556,136.00
164,10,-57.042222,-25.640556,137.00
164,11,-57.041944,-25.640556,137.00
164,12,-57.041667,-25.640556,136.00
164,13,-57.041389,-25.640556,135.00
164,14,-57.041111,-25.640556,133.00
164,15,-57.040833,-25.640556,131.00
164,16,-57.040556,-25.640556,133.00
164,17,-57.040278,-25.640556,133.00
164,18,-57.040000,-25.640556,132.00
164,19,-57.039722,-25.640556,132.00
164,20,-57.039444,-25.640556,134.00
164,21,-57.039167,-25.640556,135.00
164,22,-57.038889,-25.640556,132.00
164,23,-57.038611,-25.640556,131.00
164,24,-57.038333,-25.640556,133.00
164,25,-57.038056,-25.640556,130.00
164,26,-57.037778,-25.640556,133.00
164,27,-57.037500,-25.640556,137.00
164,28,-57.037222,-25.640556,136.00
164,29,-57.036944,-25.640556,134.00
164,30,-57.036667,-25.640556,134.00
164,31,-57.036389,-25.640556,135.00
164,32,-57.036111,-25.640556,133.00
164,33,-57.035833,-25.640556,133.00
164,34,-57.035556,-25.640556,131.00
164,35,-57.035278,-25.640556,129.00
164,36,-57.035000,-25.640556,128.00
164,37,-57.034722,-25.640556,128.00
164,38,-57.034444,-25.640556,127.00
164,39,-57.034167,-25.640556,126.00
164,40,-57.033889,-25.640556,126.00
164,41,-57.033611,-25.640556,125.00
164,42,-57.033333,-25.640556,127.00
164,43,-57.033056,-25.640556,126.00
164,44,-57.032778,-25.640556,125.00
164,45,-57.032500,-25.640556,124.00
164,46,-57.032222,-25.640556,123.00
164,47,-57.031944,-25.640556,123.00
164,48,-57.031667,-25.640556,123.00
164,49,-57.031389,-25.640556,124.00
164,50,-57.031111,-25.640556,126.00
164,51,-57.030833,-25.640556,125.00
164,52,-57.030556,-25.640556,126.00
164,53,-57.030278,-25.640556,125.00
164,54,-57.030000,-25.640556,126.00
164,55,-57.029722,-25.640556,126.00
164,56,-57.029444,-25.640556,126.00
164,57,-57.029167,-25.640556,127.00
164,58,-57.028889,-25.640556,127.00
164,59,-57.028611,-25.640556,127.00
164,60,-57.028333,-25.640556,126.00
164,61,-57.028056,-25.640556,127.00
164,62,-57.027778,-25.640556,127.00
164,63,-57.027500,-25.640556,126.00
164,64,-57.027222,-25.640556,127.00
164,65,-57.026944,-25.640556,131.00
164,66,-57.026667,-25.640556,131.00
164,67,-57.026389,-25.640556,131.00
164,68,-57.026111,-25.640556,132.00
164,69,-57.025833,-25.640556,131.00
164,70,-57.025556,-25.640556,132.00
164,71,-57.025278,-25.640556,134.00
164,72,-57.025000,-25.640556,135.00
164,73,-57.024722,-25.640556,135.00
164,74,-57.024444,-25.640556,136.00
164,75,-57.024167,-25.640556,136.00
164,76,-57.023889,-25.640556,136.00
164,77,-57.023611,-25.640556,136.00
164,78,-57.023333,-25.640556,135.00
164,79,-57.023056,-25.640556,135.00
164,80,-57.022778,-25.640556,135.00
164,81,-57.022500,-25.640556,137.00
164,82,-57.022222,-25.640556,139.00
164,83,-57.021944,-25.640556,142.00
164,84,-57.021667,-25.640556,146.00
164,85,-57.021389,-25.640556,146.00
164,86,-57.021111,-25.640556,147.00
164,87,-57.020833,-25.640556,148.00
164,88,-57.020556,-25.640556,152.00
164,89,-57.020278,-25.640556,148.00
164,90,-57.020000,-25.640556,144.00
164,91,-57.019722,-25.640556,145.00
164,92,-57.019444,-25.640556,145.00
164,93,-57.019167,-25.640556,145.00
164,94,-57.018889,-25.640556,143.00
164,95,-57.018611,-25.640556,143.00
164,96,-57.018333,-25.640556,146.00
164,97,-57.018056,-25.640556,147.00
164,98,-57.017778,-25.640556,143.00
164,99,-57.017500,-25.640556,144.00
164,100,-57.017222,-25.640556,144.00
164,101,-57.016944,-25.640556,140.00
164,102,-57.016667,-25.640556,140.00
164,103,-57.016389,-25.640556,138.00
164,104,-57.016111,-25.640556,138.00
164,105,-57.015833,-25.640556,139.00
164,106,-57.015556,-25.640556,140.00
164,107,-57.015278,-25.640556,140.00
165,0,-57.045000,-25.640833,126.00
165,1,-57.044722,-25.640833,127.00
165,2,-57.044444,-25.640833,126.00
165,3,-57.044167,-25.640833,126.00
165,4,-57.043889,-25.640833,128.00
165,5,-57.043611,-25.640833,131.00
165,6,-57.043333,-25.640833,132.00
165,7,-57.043056,-25.640833,135.00
165,8,-57.042778,-25.640833,140.00
165,9,-57.042500,-25.640833,137.00
165,10,-57.042222,-25.640833,137.00
165,11,-57.041944,-25.640833,136.00
165,12,-57.041667,-25.640833,135.00
165,13,-57.041389,-25.640833,132.00
165,14,-57.041111,-25.640833,131.00
165,15,-57.040833,-25.640833,132.00
165,16,-57.040556,-25.640833,133.00
165,17,-57.040278,-25.640833,132.00
165,18,-57.040000,-25.640833,134.00
165,19,-57.039722,-25.640833,134.00
165,20,-57.039444,-25.640833,133.00
165,21,-57.039167,-25.640833,137.00
165,22,-57.038889,-25.640833,131.00
165,23,-57.038611,-25.640833,128.00
165,24,-57.038333,-25.640833,129.00
165,25,-57.038056,-25.640833,130.00
165,26,-57.037778,-25.640833,131.00
165,27,-57.037500,-25.640833,133.00
165,28,-57.037222,-25.640833,133.00
165,29,-57.036944,-25.640833,135.00
165,30,-57.036667,-25.640833,135.00
165,31,-57.036389,-25.640833,134.00
165,32,-57.036111,-25.640833,133.00
165,33,-57.035833,-25.640833,133.00
165,34,-57.035556,-25.640833,132.00
165,35,-57.035278,-25.640833,131.00
165,36,-57.035000,-25.640833,129.00
165,37,-57.034722,-25.640833,128.00
165,38,-57.034444,-25.640833,127.00
165,39,-57.034167,-25.640833,126.00
165,40,-57.033889,-25.640833,125.00
165,41,-57.033611,-25.640833,125.00
165,42,-57.033333,-25.640833,126.00
165,43,-57.033056,-25.640833,127.00
165,44,-57.032778,-25.640833,127.00
165,45,-57.032500,-25.640833,123.00
165,46,-57.032222,-25.640833,123.00
165,47,-57.031944,-25.640833,123.00
165,48,-57.031667,-25.640833,122.00
165,49,-57.031389,-25.640833,123.00
165,50,-57.031111,-25.640833,127.00
165,51,-57.030833,-25.640833,125.00
165,52,-57.030556,-25.640833,125.00
165,53,-57.030278,-25.640833,127.00
165,54,-57.030000,-25.640833,130.00
165,55,-57.029722,-25.640833,128.00
165,56,-57.029444,-25.640833,125.00
165,57,-57.029167,-25.640833,125.00
165,58,-57.028889,-25.640833,127.00
165,59,-57.028611,-25.640833,127.00
165,60,-57.028333,-25.640833,126.00
165,61,-57.028056,-25.640833,126.00
165,62,-57.027778,-25.640833,126.00
165,63,-57.027500,-25.640833,125.00
165,64,-57.027222,-25.640833,125.00
165,65,-57.026944,-25.640833,129.00
165,66,-57.026667,-25.640833,130.00
165,67,-57.026389,-25.640833,132.00
165,68,-57.026111,-25.640833,133.00
165,69,-57.025833,-25.640833,134.00
165,70,-57.025556,-25.640833,135.00
165,71,-57.025278,-25.640833,136.00
165,72,-57.025000,-25.640833,136.00
165,73,-57.024722,-25.640833,136.00
165,74,-57.024444,-25.640833,136.00
165,75,-57.024167,-25.640833,137.00
165,76,-57.023889,-25.640833,136.00
165,77,-57.023611,-25.640833,137.00
165,78,-57.023333,-25.640833,136.00
165,79,-57.023056,-25.640833,136.00
165,80,-57.022778,-25.640833,136.00
165,81,-57.022500,-25.640833,137.00
165,82,-57.022222,-25.640833,140.00
165,83,-57.021944,-25.640833,141.00
165,84,-57.021667,-25.640833,147.00
165,85,-57.021389,-25.640833,145.00
165,86,-57.021111,-25.640833,144.00
165,87,-57.020833,-25.640833,147.00
165,88,-57.020556,-25.640833,150.00
165,89,-57.020278,-25.640833,146.00
165,90,-57.020000,-25.640833,143.00
165,91,-57.019722,-25.640833,144.00
165,92,-57.019444,-25.640833,145.00
165,93,-57.019167,-25.640833,145.00
165,94,-57.018889,-25.640833,145.00
165,95,-57.018611,-25.640833,143.00
165,96,-57.018333,-25.640833,144.00
165,97,-57.018056,-25.640833,144.00
165,98,-57.017778,-25.640833,143.00
165,99,-57.017500,-25.640833,142.00
165,100,-57.017222,-25.640833,144.00
165,101,-57.016944,-25.640833,140.00
165,102,-57.016667,-25.640833,136.00
165,103,-57.016389,-25.640833,136.00
165,104,-57.016111,-25.640833,136.00
165,105,-57.015833,-25.640833,136.00
165,106,-57.015556,-25.640833,138.00
165,107,-57.015278,-25.640833,138.00
166,0,-57.045000,-25.641111,126.00
166,1,-57.044722,-25.641111,125.00
166,2,-57.044444,-25.641111,126.00
166,3,-57.044167,-25.641111,125.00
166,4,-57.043889,-25.641111,126.00
166,5,-57.043611,-25.641111,128.00
166,6,-57.043333,-25.641111,130.00
166,7,-57.043056,-25.641111,133.00
166,8,-57.042778,-25.641111,135.00
166,9,-57.042500,-25.641111,136.00
166,10,-57.042222,-25.641111,135.00
166,11,-57.041944,-25.641111,138.00
166,12,-57.041667,-25.641111,133.00
166,13,-57.041389,-25.641111,131.00
166,14,-57.041111,-25.641111,131.00
166,15,-57.040833,-25.641111,131.00
166,16,-57.040556,-25.641111,131.00
166,17,-57.040278,-25.641111,129.00
166,18,-57.040000,-25.641111,132.00
166,19,-57.039722,-25.641111,133.00
166,20,-57.039444,-25.641111,133.00
166,21,-57.039167,-25.641111,135.00
166,22,-57.038889,-25.641111,130.00
166,23,-57.038611,-25.641111,128.00
166,24,-57.038333,-25.641111,129.00
166,25,-57.038056,-25.641111,130.00
166,26,-57.037778,-25.641111,132.00
166,27,-57.037500,-25.641111,133.00
166,28,-57.037222,-25.641111,133.00
166,29,-57.036944,-25.641111,133.00
166,30,-57.036667,-25.641111,135.00
166,31,-57.036389,-25.641111,135.00
166,32,-57.036111,-25.641111,133.00
166,33,-57.035833,-25.641111,134.00
166,34,-57.035556,-25.641111,134.00
166,35,-57.035278,-25.641111,132.00
166,36,-57.035000,-25.641111,129.00
166,37,-57.034722,-25.641111,129.00
166,38,-57.034444,-25.641111,126.00
166,39,-57.034167,-25.641111,125.00
166,40,-57.033889,-25.641111,125.00
166,41,-57.033611,-25.641111,124.00
166,42,-57.033333,-25.641111,125.00
166,43,-57.033056,-25.641111,125.00
166,44,-57.032778,-25.641111,127.00
166,45,-57.032500,-25.641111,124.00
166,46,-57.032222,-25.641111,123.00
166,47,-57.031944,-25.641111,123.00
166,48,-57.031667,-25.641111,122.00
166,49,-57.031389,-25.641111,123.00
166,50,-57.031111,-25.641111,126.00
166,51,-57.030833,-25.641111,124.00
166,52,-57.030556,-25.641111,124.00
166,53,-57.030278,-25.641111,130.00
166,54,-57.030000,-25.641111,135.00
166,55,-57.029722,-25.641111,130.00
166,56,-57.029444,-25.641111,125.00
166,57,-57.029167,-25.641111,125.00
166,58,-57.028889,-25.641111,126.00
166,59,-57.028611,-25.641111,126.00
166,60,-57.028333,-25.641111,125.00
166,61,-57.028056,-25.641111,126.00
166,62,-57.027778,-25.641111,127.00
166,63,-57.027500,-25.641111,125.00
166,64,-57.027222,-25.641111,125.00
166,65,-57.026944,-25.641111,127.00
166,66,-57.026667,-25.641111,130.00
166,67,-57.026389,-25.641111,132.00
166,68,-57.026111,-25.641111,133.00
166,69,-57.025833,-25.641111,134.00
166,70,-57.025556,-25.641111,137.00
166,71,-57.025278,-25.641111,137.00
166,72,-57.025000,-25.641111,137.00
166,73,-57.024722,-25.641111,136.00
166,74,-57.024444,-25.641111,136.00
166,75,-57.024167,-25.641111,137.00
166,76,-57.023889,-25.641111,137.00
166,77,-57.023611,-25.641111,137.00
166,78,-57.023333,-25.641111,138.00
166,79,-57.023056,-25.641111,136.00
166,80,-57.022778,-25.641111,137.00
166,81,-57.022500,-25.641111,137.00
166,82,-57.022222,-25.641111,141.00
166,83,-57.021944,-25.641111,143.00
166,84,-57.021667,-25.641111,147.00
166,85,-57.021389,-25.641111,144.00
166,86,-57.021111,-25.641111,142.00
166,87,-57.020833,-25.641111,145.00
166,88,-57.020556,-25.641111,146.00
166,89,-57.020278,-25.641111,145.00
166,90,-57.020000,-25.641111,141.00
166,91,-57.019722,-25.641111,143.00
166,92,-57.019444,-25.641111,146.00
166,93,-57.019167,-25.641111,150.00
166,94,-57.018889,-25.641111,142.00
166,95,-57.018611,-25.641111,142.00
166,96,-57.018333,-25.641111,142.00
166,97,-57.018056,-25.641111,142.00
166,98,-57.017778,-25.641111,141.00
166,99,-57.017500,-25.641111,144.00
166,100,-57.017222,-25.641111,142.00
166,101,-57.016944,-25.641111,137.00
166,102,-57.016667,-25.641111,135.00
166,103,-57.016389,-25.641111,136.00
166,104,-57.016111,-25.641111,136.00
166,105,-57.015833,-25.641111,135.00
166,106,-57.015556,-25.641111,135.00
166,107,-57.015278,-25.641111,136.00
167,0,-57.045000,-25.641389,125.00
167,1,-57.044722,-25.641389,125.00
167,2,-57.044444,-25.641389,126.00
167,3,-57.044167,-25.641389,126.00
167,4,-57.043889,-25.641389,126.00
167,5,-57.043611,-25.641389,127.00
167,6,-57.043333,-25.641389,130.00
167,7,-57.043056,-25.641389,132.00
167,8,-57.042778,-25.641389,133.00
167,9,-57.042500,-25.641389,131.00
167,10,-57.042222,-25.641389,133.00
167,11,-57.041944,-25.641389,134.00
167,12,-57.041667,-25.641389,133.00
167,13,-57.041389,-25.641389,131.00
167,14,-57.041111,-25.641389,130.00
167,15,-57.040833,-25.641389,128.00
167,16,-57.040556,-25.641389,128.00
167,17,-57.040278,-25.641389,130.00
167,18,-57.040000,-25.641389,131.00
167,19,-57.039722,-25.641389,130.00
167,20,-57.039444,-25.641389,131.00
167,21,-57.039167,-25.641389,130.00
167,22,-57.038889,-25.641389,130.00
167,23,-57.038611,-25.641389,130.00
167,24,-57.038333,-25.641389,131.00
167,25,-57.038056,-25.641389,131.00
167,26,-57.037778,-25.641389,131.00
167,27,-57.037500,-25.641389,133.00
167,28,-57.037222,-25.641389,132.00
167,29,-57.036944,-25.641389,132.00
167,30,-57.036667,-25.641389,133.00
167,31,-57.036389,-25.641389,134.00
167,32,-57.036111,-25.641389,135.00
167,33,-57.035833,-25.641389,134.00
167,34,-57.035556,-25.641389,133.00
167,35,-57.035278,-25.641389,131.00
167,36,-57.035000,-25.641389,128.00
167,37,-57.034722,-25.641389,128.00
167,38,-57.034444,-25.641389,126.00
167,39,-57.034167,-25.641389,125.00
167,40,-57.033889,-25.641389,125.00
167,41,-57.033611,-25.641389,124.00
167,42,-57.033333,-25.641389,123.00
167,43,-57.033056,-25.641389,124.00
167,44,-57.032778,-25.641389,126.00
167,45,-57.032500,-25.641389,123.00
167,46,-57.032222,-25.641389,121.00
167,47,-57.031944,-25.641389,122.00
167,48,-57.031667,-25.641389,123.00
167,49,-57.031389,-25.641389,126.00
167,50,-57.031111,-25.641389,125.00
167,51,-57.030833,-25.641389,124.00
167,52,-57.030556,-25.641389,126.00
167,53,-57.030278,-25.641389,131.00
167,54,-57.030000,-25.641389,132.00
167,55,-57.029722,-25.641389,129.00
167,56,-57.029444,-25.641389,126.00
167,57,-57.029167,-25.641389,125.00
167,58,-57.028889,-25.641389,124.00
167,59,-57.028611,-25.641389,125.00
167,60,-57.028333,-25.641389,125.00
167,61,-57.028056,-25.641389,126.00
167,62,-57.027778,-25.641389,127.00
167,63,-57.027500,-25.641389,126.00
167,64,-57.027222,-25.641389,126.00
167,65,-57.026944,-25.641389,128.00
167,66,-57.026667,-25.641389,131.00
167,67,-57.026389,-25.641389,133.00
167,68,-57.026111,-25.641389,134.00
167,69,-57.025833,-25.641389,133.00
167,70,-57.025556,-25.641389,136.00
167,71,-57.025278,-25.641389,137.00
167,72,-57.025000,-25.641389,137.00
167,73,-57.024722,-25.641389,136.00
167,74,-57.024444,-25.641389,137.00
167,75,-57.024167,-25.641389,138.00
167,76,-57.023889,-25.641389,138.00
167,77,-57.023611,-25.641389,138.00
167,78,-57.023333,-25.641389,137.00
167,79,-57.023056,-25.641389,137.00
167,80,-57.022778,-25.641389,138.00
167,81,-57.022500,-25.641389,138.00
167,82,-57.022222,-25.641389,139.00
167,83,-57.021944,-25.641389,143.00
167,84,-57.021667,-25.641389,144.00
167,85,-57.021389,-25.641389,144.00
167,86,-57.021111,-25.641389,143.00
167,87,-57.020833,-25.641389,142.00
167,88,-57.020556,-25.641389,143.00
167,89,-57.020278,-25.641389,144.00
167,90,-57.020000,-25.641389,143.00
167,91,-57.019722,-25.641389,151.00
167,92,-57.019444,-25.641389,147.00
167,93,-57.019167,-25.641389,145.00
167,94,-57.018889,-25.641389,142.00
167,95,-57.018611,-25.641389,141.00
167,96,-57.018333,-25.641389,142.00
167,97,-57.018056,-25.641389,141.00
167,98,-57.017778,-25.641389,141.00
167,99,-57.017500,-25.641389,141.00
167,100,-57.017222,-25.641389,137.00
167,101,-57.016944,-25.641389,134.00
167,102,-57.016667,-25.641389,135.00
167,103,-57.016389,-25.641389,136.00
167,104,-57.016111,-25.641389,137.00
167,105,-57.015833,-25.641389,135.00
167,106,-57.015556,-25.641389,133.00
167,107,-57.015278,-25.641389,134.00
168,0,-57.045000,-25.641667,128.00
168,1,-57.044722,-25.641667,125.00
168,2,-57.044444,-25.641667,126.00
168,3,-57.044167,-25.641667,126.00
168,4,-57.043889,-25.641667,125.00
168,5,-57.043611,-25.641667,127.00
168,6,-57.043333,-25.641667,130.00
168,7,-57.043056,-25.641667,132.00
168,8,-57.042778,-25.641667,137.00
168,9,-57.042500,-25.641667,133.00
168,10,-57.042222,-25.641667,130.00
168,11,-57.041944,-25.641667,132.00
168,12,-57.041667,-25.641667,133.00
168,13,-57.041389,-25.641667,130.00
168,14,-57.041111,-25.641667,129.00
168,15,-57.040833,-25.641667,126.00
168,16,-57.040556,-25.641667,127.00
168,17,-57.040278,-25.641667,128.00
168,18,-57.040000,-25.641667,130.00
168,19,-57.039722,-25.641667,127.00
168,20,-57.039444,-25.641667,127.00
168,21,-57.039167,-25.641667,128.00
168,22,-57.038889,-25.641667,134.00
168,23,-57.038611,-25.641667,137.00
168,24,-57.038333,-25.641667,131.00
168,25,-57.038056,-25.641667,130.00
168,26,-57.037778,-25.641667,130.00
168,27,-57.037500,-25.641667,132.00
168,28,-57.037222,-25.641667,132.00
168,29,-57.036944,-25.641667,132.00
168,30,-57.036667,-25.641667,134.00
168,31,-57.036389,-25.641667,133.00
168,32,-57.036111,-25.641667,134.00
168,33,-57.035833,-25.641667,132.00
168,34,-57.035556,-25.641667,131.00
168,35,-57.035278,-25.641667,130.00
168,36,-57.035000,-25.641667,128.00
168,37,-57.034722,-25.641667,127.00
168,38,-57.034444,-25.641667,126.00
168,39,-57.034167,-25.641667,125.00
168,40,-57.033889,-25.641667,124.00
168,41,-57.033611,-25.641667,124.00
168,42,-57.033333,-25.641667,124.00
168,43,-57.033056,-25.641667,124.00
168,44,-57.032778,-25.641667,124.00
168,45,-57.032500,-25.641667,123.00
168,46,-57.032222,-25.641667,122.00
168,47,-57.031944,-25.641667,122.00
168,48,-57.031667,-25.641667,124.00
168,49,-57.031389,-25.641667,126.00
168,50,-57.031111,-25.641667,124.00
168,51,-57.030833,-25.641667,123.00
168,52,-57.030556,-25.641667,126.00
168,53,-57.030278,-25.641667,132.00
168,54,-57.030000,-25.641667,133.00
168,55,-57.029722,-25.641667,132.00
168,56,-57.029444,-25.641667,129.00
168,57,-57.029167,-25.641667,126.00
168,58,-57.028889,-25.641667,124.00
168,59,-57.028611,-25.641667,125.00
168,60,-57.028333,-25.641667,127.00
168,61,-57.028056,-25.641667,128.00
168,62,-57.027778,-25.641667,126.00
168,63,-57.027500,-25.641667,125.00
168,64,-57.027222,-25.641667,127.00
168,65,-57.026944,-25.641667,128.00
168,66,-57.026667,-25.641667,130.00
168,67,-57.026389,-25.641667,131.00
168,68,-57.026111,-25.641667,133.00
168,69,-57.025833,-25.641667,133.00
168,70,-57.025556,-25.641667,135.00
168,71,-57.025278,-25.641667,136.00
168,72,-57.025000,-25.641667,136.00
168,73,-57.024722,-25.641667,139.00
168,74,-57.024444,-25.641667,139.00
168,75,-57.024167,-25.641667,139.00
168,76,-57.023889,-25.641667,138.00
168,77,-57.023611,-25.641667,138.00
168,78,-57.023333,-25.641667,137.00
168,79,-57.023056,-25.641667,137.00
168,80,-57.022778,-25.641667,138.00
168,81,-57.022500,-25.641667,139.00
168,82,-57.022222,-25.641667,139.00
168,83,-57.021944,-25.641667,146.00
168,84,-57.021667,-25.641667,146.00
168,85,-57.021389,-25.641667,144.00
168,86,-57.021111,-25.641667,144.00
168,87,-57.020833,-25.641667,140.00
168,88,-57.020556,-25.641667,137.00
168,89,-57.020278,-25.641667,138.00
168,90,-57.020000,-25.641667,140.00
168,91,-57.019722,-25.641667,149.00
168,92,-57.019444,-25.641667,145.00
168,93,-57.019167,-25.641667,142.00
168,94,-57.018889,-25.641667,141.00
168,95,-57.018611,-25.641667,142.00
168,96,-57.018333,-25.641667,142.00
168,97,-57.018056,-25.641667,141.00
168,98,-57.017778,-25.641667,140.00
168,99,-57.017500,-25.641667,138.00
168,100,-57.017222,-25.641667,135.00
168,101,-57.016944,-25.641667,134.00
168,102,-57.016667,-25.641667,135.00
168,103,-57.016389,-25.641667,134.00
168,104,-57.016111,-25.641667,134.00
168,105,-57.015833,-25.641667,134.00
168,106,-57.015556,-25.641667,132.00
168,107,-57.015278,-25.641667,133.00
169,0,-57.045000,-25.641944,129.00
169,1,-57.044722,-25.641944,124.00
169,2,-57.044444,-25.641944,123.00
169,3,-57.044167,-25.641944,124.00
169,4,-57.043889,-25.641944,125.00
169,5,-57.043611,-25.641944,127.00
169,6,-57.043333,-25.641944,131.00
169,7,-57.043056,-25.641944,135.00
169,8,-57.042778,-25.641944,139.00
169,9,-57.042500,-25.641944,135.00
169,10,-57.042222,-25.641944,129.00
169,11,-57.041944,-25.641944,129.00
169,12,-57.041667,-25.641944,130.00
169,13,-57.041389,-25.641944,128.00
169,14,-57.041111,-25.641944,129.00
169,15,-57.040833,-25.641944,127.00
169,16,-57.040556,-25.641944,126.00
169,17,-57.040278,-25.641944,127.00
169,18,-57.040000,-25.641944,126.00
169,19,-57.039722,-25.641944,125.00
169,20,-57.039444,-25.641944,127.00
169,21,-57.039167,-25.641944,132.00
169,22,-57.038889,-25.641944,136.00
169,23,-57.038611,-25.641944,137.00
169,24,-57.038333,-25.641944,130.00
169,25,-57.038056,-25.641944,130.00
169,26,-57.037778,-25.641944,130.00
169,27,-57.037500,-25.641944,130.00
169,28,-57.037222,-25.641944,131.00
169,29,-57.036944,-25.641944,132.00
169,30,-57.036667,-25.641944,132.00
169,31,-57.036389,-25.641944,132.00
169,32,-57.036111,-25.641944,132.00
169,33,-57.035833,-25.641944,132.00
169,34,-57.035556,-25.641944,136.00
169,35,-57.035278,-25.641944,131.00
169,36,-57.035000,-25.641944,130.00
169,37,-57.034722,-25.641944,128.00
169,38,-57.034444,-25.641944,126.00
169,39,-57.034167,-25.641944,127.00
169,40,-57.033889,-25.641944,128.00
169,41,-57.033611,-25.641944,126.00
169,42,-57.033333,-25.641944,125.00
169,43,-57.033056,-25.641944,124.00
169,44,-57.032778,-25.641944,123.00
169,45,-57.032500,-25.641944,123.00
169,46,-57.032222,-25.641944,123.00
169,47,-57.031944,-25.641944,123.00
169,48,-57.031667,-25.641944,124.00
169,49,-57.031389,-25.641944,124.00
169,50,-57.031111,-25.641944,123.00
169,51,-57.030833,-25.641944,124.00
169,52,-57.030556,-25.641944,125.00
169,53,-57.030278,-25.641944,126.00
169,54,-57.030000,-25.641944,126.00
169,55,-57.029722,-25.641944,126.00
169,56,-57.029444,-25.641944,126.00
169,57,-57.029167,-25.641944,126.00
169,58,-57.028889,-25.641944,126.00
169,59,-57.028611,-25.641944,126.00
169,60,-57.028333,-25.641944,127.00
169,61,-57.028056,-25.641944,127.00
169,62,-57.027778,-25.641944,126.00
169,63,-57.027500,-25.641944,127.00
169,64,-57.027222,-25.641944,127.00
169,65,-57.026944,-25.641944,127.00
169,66,-57.026667,-25.641944,130.00
169,67,-57.026389,-25.641944,130.00
169,68,-57.026111,-25.641944,131.00
169,69,-57.025833,-25.641944,133.00
169,70,-57.025556,-25.641944,133.00
169,71,-57.025278,-25.641944,134.00
169,72,-57.025000,-25.641944,136.00
169,73,-57.024722,-25.641944,138.00
169,74,-57.024444,-25.641944,138.00
169,75,-57.024167,-25.641944,138.00
169,76,-57.023889,-25.641944,138.00
169,77,-57.023611,-25.641944,138.00
169,78,-57.023333,-25.641944,138.00
169,79,-57.023056,-25.641944,138.00
169,80,-57.022778,-25.641944,138.00
169,81,-57.022500,-25.641944,138.00
169,82,-57.022222,-25.641944,140.00
169,83,-57.021944,-25.641944,143.00
169,84,-57.021667,-25.641944,142.00
169,85,-57.021389,-25.641944,145.00
169,86,-57.021111,-25.641944,149.00
169,87,-57.020833,-25.641944,144.00
169,88,-57.020556,-25.641944,137.00
169,89,-57.020278,-25.641944,135.00
169,90,-57.020000,-25.641944,138.00
169,91,-57.019722,-25.641944,142.00
169,92,-57.019444,-25.641944,142.00
169,93,-57.019167,-25.641944,140.00
169,94,-57.018889,-25.641944,143.00
169,95,-57.018611,-25.641944,142.00
169,96,-57.018333,-25.641944,141.00
169,97,-57.018056,-25.641944,139.00
169,98,-57.017778,-25.641944,138.00
169,99,-57.017500,-25.641944,137.00
169,100,-57.017222,-25.641944,134.00
169,101,-57.016944,-25.641944,135.00
169,102,-57.016667,-25.641944,135.00
169,103,-57.016389,-25.641944,134.00
169,104,-57.016111,-25.641944,134.00
169,105,-57.015833,-25.641944,133.00
169,106,-57.015556,-25.641944,133.00
169,107,-57.015278,-25.641944,133.00
170,0,-57.045000,-25.642222,124.00
170,1,-57.044722,-25.642222,123.00
170,2,-57.044444,-25.642222,124.00
170,3,-57.044167,-25.642222,124.00
170,4,-57.043889,-25.642222,125.00
170,5,-57.043611,-25.642222,127.00
170,6,-57.043333,-25.642222,129.00
170,7,-57.043056,-25.642222,130.00
170,8,-57.042778,-25.642222,130.00
170,9,-57.042500,-25.642222,131.00
170,10,-57.042222,-25.642222,126.00
170,11,-57.041944,-25.642222,127.00
170,12,-57.041667,-25.642222,126.00
170,13,-57.041389,-25.642222,127.00
170,14,-57.041111,-25.642222,126.00
170,15,-57.040833,-25.642222,126.00
170,16,-57.040556,-25.642222,125.00
170,17,-57.040278,-25.642222,124.00
170,18,-57.040000,-25.642222,124.00
170,19,-57.039722,-25.642222,126.00
170,20,-57.039444,-25.642222,130.00
170,21,-57.039167,-25.642222,133.00
170,22,-57.038889,-25.642222,133.00
170,23,-57.038611,-25.642222,134.00
170,24,-57.038333,-25.642222,130.00
170,25,-57.038056,-25.642222,130.00
170,26,-57.037778,-25.642222,129.00
170,27,-57.037500,-25.642222,130.00
170,28,-57.037222,-25.642222,131.00
170,29,-57.036944,-25.642222,132.00
170,30,-57.036667,-25.642222,130.00
170,31,-57.036389,-25.642222,131.00
170,32,-57.036111,-25.642222,130.00
170,33,-57.035833,-25.642222,131.00
170,34,-57.035556,-25.642222,138.00
170,35,-57.035278,-25.642222,130.00
170,36,-57.035000,-25.642222,128.00
170,37,-57.034722,-25.642222,127.00
170,38,-57.034444,-25.642222,128.00
170,39,-57.034167,-25.642222,131.00
170,40,-57.033889,-25.642222,131.00
170,41,-57.033611,-25.642222,128.00
170,42,-57.033333,-25.642222,126.00
170,43,-57.033056,-25.642222,125.00
170,44,-57.032778,-25.642222,124.00
170,45,-57.032500,-25.642222,123.00
170,46,-57.032222,-25.642222,123.00
170,47,-57.031944,-25.642222,123.00
170,48,-57.031667,-25.642222,124.00
170,49,-57.031389,-25.642222,125.00
170,50,-57.031111,-25.642222,125.00
170,51,-57.030833,-25.642222,124.00
170,52,-57.030556,-25.642222,125.00
170,53,-57.030278,-25.642222,126.00
170,54,-57.030000,-25.642222,127.00
170,55,-57.029722,-25.642222,126.00
170,56,-57.029444,-25.642222,126.00
170,57,-57.029167,-25.642222,125.00
170,58,-57.028889,-25.642222,126.00
170,59,-57.028611,-25.642222,126.00
170,60,-57.028333,-25.642222,126.00
170,61,-57.028056,-25.642222,126.00
170,62,-57.027778,-25.642222,127.00
170,63,-57.027500,-25.642222,127.00
170,64,-57.027222,-25.642222,127.00
170,65,-57.026944,-25.642222,128.00
170,66,-57.026667,-25.642222,129.00
170,67,-57.026389,-25.642222,130.00
170,68,-57.026111,-25.642222,131.00
170,69,-57.025833,-25.642222,132.00
170,70,-57.025556,-25.642222,132.00
170,71,-57.025278,-25.642222,133.00
170,72,-57.025000,-25.642222,135.00
170,73,-57.024722,-25.642222,137.00
170,74,-57.024444,-25.642222,137.00
170,75,-57.024167,-25.642222,138.00
170,76,-57.023889,-25.642222,137.00
170,77,-57.023611,-25.642222,138.00
170,78,-57.023333,-25.642222,139.00
170,79,-57.023056,-25.642222,138.00
170,80,-57.022778,-25.642222,138.00
170,81,-57.022500,-25.642222,136.00
170,82,-57.022222,-25.642222,142.00
170,83,-57.021944,-25.642222,141.00
170,84,-57.021667,-25.642222,138.00
170,85,-57.021389,-25.642222,139.00
170,86,-57.021111,-25.642222,142.00
170,87,-57.020833,-25.642222,139.00
170,88,-57.020556,-25.642222,135.00
170,89,-57.020278,-25.642222,133.00
170,90,-57.020000,-25.642222,136.00
170,91,-57.019722,-25.642222,138.00
170,92,-57.019444,-25.642222,139.00
170,93,-57.019167,-25.642222,142.00
170,94,-57.018889,-25.642222,142.00
170,95,-57.018611,-25.642222,141.00
170,96,-57.018333,-25.642222,140.00
170,97,-57.018056,-25.642222,139.00
170,98,-57.017778,-25.642222,138.00
170,99,-57.017500,-25.642222,136.00
170,100,-57.017222,-25.642222,135.00
170,101,-57.016944,-25.642222,134.00
170,102,-57.016667,-25.642222,135.00
170,103,-57.016389,-25.642222,134.00
170,104,-57.016111,-25.642222,133.00
170,105,-57.015833,-25.642222,133.00
170,106,-57.015556,-25.642222,134.00
170,107,-57.015278,-25.642222,134.00
171,0,-57.045000,-25.642500,122.00
171,1,-57.044722,-25.642500,123.00
171,2,-57.044444,-25.642500,125.00
171,3,-57.044167,-25.642500,125.00
171,4,-57.043889,-25.642500,124.00
171,5,-57.043611,-25.642500,124.00
171,6,-57.043333,-25.642500,125.00
171,7,-57.043056,-25.642500,126.00
171,8,-57.042778,-25.642500,127.00
171,9,-57.042500,-25.642500,127.00
171,10,-57.042222,-25.642500,126.00
171,11,-57.041944,-25.642500,125.00
171,12,-57.041667,-25.642500,125.00
171,13,-57.041389,-25.642500,125.00
171,14,-57.041111,-25.642500,124.00
171,15,-57.040833,-25.642500,126.00
171,16,-57.040556,-25.642500,127.00
171,17,-57.040278,-25.642500,124.00
171,18,-57.040000,-25.642500,125.00
171,19,-57.039722,-25.642500,128.00
171,20,-57.039444,-25.642500,130.00
171,21,-57.039167,-25.642500,129.00
171,22,-57.038889,-25.642500,128.00
171,23,-57.038611,-25.642500,129.00
171,24,-57.038333,-25.642500,129.00
171,25,-57.038056,-25.642500,130.00
171,26,-57.037778,-25.642500,130.00
171,27,-57.037500,-25.642500,130.00
171,28,-57.037222,-25.642500,130.00
171,29,-57.036944,-25.642500,130.00
171,30,-57.036667,-25.642500,130.00
171,31,-57.036389,-25.642500,130.00
171,32,-57.036111,-25.642500,130.00
171,33,-57.035833,-25.642500,130.00
171,34,-57.035556,-25.642500,133.00
171,35,-57.035278,-25.642500,130.00
171,36,-57.035000,-25.642500,127.00
171,37,-57.034722,-25.642500,127.00
171,38,-57.034444,-25.642500,131.00
171,39,-57.034167,-25.642500,132.00
171,40,-57.033889,-25.642500,130.00
171,41,-57.033611,-25.642500,129.00
171,42,-57.033333,-25.642500,128.00
171,43,-57.033056,-25.642500,126.00
171,44,-57.032778,-25.642500,125.00
171,45,-57.032500,-25.642500,125.00
171,46,-57.032222,-25.642500,125.00
171,47,-57.031944,-25.642500,123.00
171,48,-57.031667,-25.642500,123.00
171,49,-57.031389,-25.642500,124.00
171,50,-57.031111,-25.642500,127.00
171,51,-57.030833,-25.642500,124.00
171,52,-57.030556,-25.642500,123.00
171,53,-57.030278,-25.642500,126.00
171,54,-57.030000,-25.642500,130.00
171,55,-57.029722,-25.642500,128.00
171,56,-57.029444,-25.642500,129.00
171,57,-57.029167,-25.642500,127.00
171,58,-57.028889,-25.642500,126.00
171,59,-57.028611,-25.642500,125.00
171,60,-57.028333,-25.642500,124.00
171,61,-57.028056,-25.642500,125.00
171,62,-57.027778,-25.642500,127.00
171,63,-57.027500,-25.642500,127.00
171,64,-57.027222,-25.642500,126.00
171,65,-57.026944,-25.642500,128.00
171,66,-57.026667,-25.642500,129.00
171,67,-57.026389,-25.642500,130.00
171,68,-57.026111,-25.642500,130.00
171,69,-57.025833,-25.642500,131.00
171,70,-57.025556,-25.642500,131.00
171,71,-57.025278,-25.642500,132.00
171,72,-57.025000,-25.642500,134.00
171,73,-57.024722,-25.642500,135.00
171,74,-57.024444,-25.642500,135.00
171,75,-57.024167,-25.642500,137.00
171,76,-57.023889,-25.642500,138.00
171,77,-57.023611,-25.642500,138.00
171,78,-57.023333,-25.642500,137.00
171,79,-57.023056,-25.642500,137.00
171,80,-57.022778,-25.642500,137.00
171,81,-57.022500,-25.642500,137.00
171,82,-57.022222,-25.642500,137.00
171,83,-57.021944,-25.642500,136.00
171,84,-57.021667,-25.642500,135.00
171,85,-57.021389,-25.642500,136.00
171,86,-57.021111,-25.642500,136.00
171,87,-57.020833,-25.642500,135.00
171,88,-57.020556,-25.642500,134.00
171,89,-57.020278,-25.642500,134.00
171,90,-57.020000,-25.642500,135.00
171,91,-57.019722,-25.642500,135.00
171,92,-57.019444,-25.642500,137.00
171,93,-57.019167,-25.642500,140.00
171,94,-57.018889,-25.642500,140.00
171,95,-57.018611,-25.642500,140.00
171,96,-57.018333,-25.642500,139.00
171,97,-57.018056,-25.642500,139.00
171,98,-57.017778,-25.642500,138.00
171,99,-57.017500,-25.642500,137.00
171,100,-57.017222,-25.642500,135.00
171,101,-57.016944,-25.642500,134.00
171,102,-57.016667,-25.642500,134.00
171,103,-57.016389,-25.642500,133.00
171,104,-57.016111,-25.642500,133.00
171,105,-57.015833,-25.642500,134.00
171,106,-57.015556,-25.642500,134.00
171,107,-57.015278,-25.642500,133.00
172,0,-57.045000,-25.642778,122.00
172,1,-57.044722,-25.642778,123.00
172,2,-57.044444,-25.642778,123.00
172,3,-57.044167,-25.642778,123.00
172,4,-57.043889,-25.642778,123.00
172,5,-57.043611,-25.642778,124.00
172,6,-57.043333,-25.642778,124.00
172,7,-57.043056,-25.642778,124.00
172,8,-57.042778,-25.642778,123.00
172,9,-57.042500,-25.642778,124.00
172,10,-57.042222,-25.642778,124.00
172,11,-57.041944,-25.642778,124.00
172,12,-57.041667,-25.642778,125.00
172,13,-57.041389,-25.642778,124.00
172,14,-57.041111,-25.642778,123.00
172,15,-57.040833,-25.642778,125.00
172,16,-57.040556,-25.642778,125.00
172,17,-57.040278,-25.642778,123.00
172,18,-57.040000,-25.642778,124.00
172,19,-57.039722,-25.642778,124.00
172,20,-57.039444,-25.642778,125.00
172,21,-57.039167,-25.642778,127.00
172,22,-57.038889,-25.642778,127.00
172,23,-57.038611,-25.642778,128.00
172,24,-57.038333,-25.642778,129.00
172,25,-57.038056,-25.642778,130.00
172,26,-57.037778,-25.642778,131.00
172,27,-57.037500,-25.642778,130.00
172,28,-57.037222,-25.642778,131.00
172,29,-57.036944,-25.642778,131.00
172,30,-57.036667,-25.642778,131.00
172,31,-57.036389,-25.642778,130.00
172,32,-57.036111,-25.642778,129.00
172,33,-57.035833,-25.642778,129.00
172,34,-57.035556,-25.642778,129.00
172,35,-57.035278,-25.642778,128.00
172,36,-57.035000,-25.642778,128.00
172,37,-57.034722,-25.642778,128.00
172,38,-57.034444,-25.642778,131.00
172,39,-57.034167,-25.642778,132.00
172,40,-57.033889,-25.642778,132.00
172,41,-57.033611,-25.642778,131.00
172,42,-57.033333,-25.642778,131.00
172,43,-57.033056,-25.642778,130.00
172,44,-57.032778,-25.642778,128.00
172,45,-57.032500,-25.642778,126.00
172,46,-57.032222,-25.642778,126.00
172,47,-57.031944,-25.642778,124.00
172,48,-57.031667,-25.642778,124.00
172,49,-57.031389,-25.642778,125.00
172,50,-57.031111,-25.642778,126.00
172,51,-57.030833,-25.642778,126.00
172,52,-57.030556,-25.642778,122.00
172,53,-57.030278,-25.642778,125.00
172,54,-57.030000,-25.642778,129.00
172,55,-57.029722,-25.642778,130.00
172,56,-57.029444,-25.642778,129.00
172,57,-57.029167,-25.642778,125.00
172,58,-57.028889,-25.642778,125.00
172,59,-57.028611,-25.642778,125.00
172,60,-57.028333,-25.642778,125.00
172,61,-57.028056,-25.642778,126.00
172,62,-57.027778,-25.642778,125.00
172,63,-57.027500,-25.642778,125.00
172,64,-57.027222,-25.642778,126.00
172,65,-57.026944,-25.642778,128.00
172,66,-57.026667,-25.642778,129.00
172,67,-57.026389,-25.642778,130.00
172,68,-57.026111,-25.642778,130.00
172,69,-57.025833,-25.642778,131.00
172,70,-57.025556,-25.642778,133.00
172,71,-57.025278,-25.642778,133.00
172,72,-57.025000,-25.642778,134.00
172,73,-57.024722,-25.642778,135.00
172,74,-57.024444,-25.642778,136.00
172,75,-57.024167,-25.642778,137.00
172,76,-57.023889,-25.642778,137.00
172,77,-57.023611,-25.642778,136.00
172,78,-57.023333,-25.642778,136.00
172,79,-57.023056,-25.642778,136.00
172,80,-57.022778,-25.642778,136.00
172,81,-57.022500,-25.642778,135.00
172,82,-57.022222,-25.642778,135.00
172,83,-57.021944,-25.642778,134.00
172,84,-57.021667,-25.642778,134.00
172,85,-57.021389,-25.642778,134.00
172,86,-57.021111,-25.642778,134.00
172,87,-57.020833,-25.642778,134.00
172,88,-57.020556,-25.642778,134.00
172,89,-57.020278,-25.642778,134.00
172,90,-57.020000,-25.642778,132.00
172,91,-57.019722,-25.642778,134.00
172,92,-57.019444,-25.642778,135.00
172,93,-57.019167,-25.642778,137.00
172,94,-57.018889,-25.642778,139.00
172,95,-57.018611,-25.642778,138.00
172,96,-57.018333,-25.642778,138.00
172,97,-57.018056,-25.642778,138.00
172,98,-57.017778,-25.642778,136.00
172,99,-57.017500,-25.642778,135.00
172,100,-57.017222,-25.642778,135.00
172,101,-57.016944,-25.642778,135.00
172,102,-57.016667,-25.642778,133.00
172,103,-57.016389,-25.642778,133.00
172,104,-57.016111,-25.642778,134.00
172,105,-57.015833,-25.642778,135.00
172,106,-57.015556,-25.642778,133.00
172,107,-57.015278,-25.642778,132.00
173,0,-57.045000,-25.643056,121.00
173,1,-57.044722,-25.643056,121.00
173,2,-57.044444,-25.643056,121.00
173,3,-57.044167,-25.643056,122.00
173,4,-57.043889,-25.643056,123.00
173,5,-57.043611,-25.643056,124.00
173,6,-57.043333,-25.643056,122.00
173,7,-57.043056,-25.643056,124.00
173,8,-57.042778,-25.643056,123.00
173,9,-57.042500,-25.643056,124.00
173,10,-57.042222,-25.643056,123.00
173,11,-57.041944,-25.643056,123.00
173,12,-57.041667,-25.643056,125.00
173,13,-57.041389,-25.643056,124.00
173,14,-57.041111,-25.643056,124.00
173,15,-57.040833,-25.643056,124.00
173,16,-57.040556,-25.643056,124.00
173,17,-57.040278,-25.643056,124.00
173,18,-57.040000,-25.643056,124.00
173,19,-57.039722,-25.643056,124.00
173,20,-57.039444,-25.643056,125.00
173,21,-57.039167,-25.643056,126.00
173,22,-57.038889,-25.643056,126.00
173,23,-57.038611,-25.643056,127.00
173,24,-57.038333,-25.643056,128.00
173,25,-57.038056,-25.643056,129.00
173,26,-57.037778,-25.643056,130.00
173,27,-57.037500,-25.643056,132.00
173,28,-57.037222,-25.643056,130.00
173,29,-57.036944,-25.643056,129.00
173,30,-57.036667,-25.643056,129.00
173,31,-57.036389,-25.643056,128.00
173,32,-57.036111,-25.643056,128.00
173,33,-57.035833,-25.643056,130.00
173,34,-57.035556,-25.643056,128.00
173,35,-57.035278,-25.643056,130.00
173,36,-57.035000,-25.643056,128.00
173,37,-57.034722,-25.643056,128.00
173,38,-57.034444,-25.643056,132.00
173,39,-57.034167,-25.643056,132.00
173,40,-57.033889,-25.643056,131.00
173,41,-57.033611,-25.643056,131.00
173,42,-57.033333,-25.643056,132.00
173,43,-57.033056,-25.643056,132.00
173,44,-57.032778,-25.643056,130.00
173,45,-57.032500,-25.643056,128.00
173,46,-57.032222,-25.643056,126.00
173,47,-57.031944,-25.643056,125.00
173,48,-57.031667,-25.643056,124.00
173,49,-57.031389,-25.643056,125.00
173,50,-57.031111,-25.643056,126.00
173,51,-57.030833,-25.643056,124.00
173,52,-57.030556,-25.643056,122.00
173,53,-57.030278,-25.643056,122.00
173,54,-57.030000,-25.643056,129.00
173,55,-57.029722,-25.643056,127.00
173,56,-57.029444,-25.643056,125.00
173,57,-57.029167,-25.643056,124.00
173,58,-57.028889,-25.643056,124.00
173,59,-57.028611,-25.643056,124.00
173,60,-57.028333,-25.643056,124.00
173,61,-57.028056,-25.643056,126.00
173,62,-57.027778,-25.643056,126.00
173,63,-57.027500,-25.643056,126.00
173,64,-57.027222,-25.643056,127.00
173,65,-57.026944,-25.643056,129.00
173,66,-57.026667,-25.643056,130.00
173,67,-57.026389,-25.643056,129.00
173,68,-57.026111,-25.643056,130.00
173,69,-57.025833,-25.643056,133.00
173,70,-57.025556,-25.643056,134.00
173,71,-57.025278,-25.643056,133.00
173,72,-57.025000,-25.643056,135.00
173,73,-57.024722,-25.643056,135.00
173,74,-57.024444,-25.643056,136.00
173,75,-57.024167,-25.643056,136.00
173,76,-57.023889,-25.643056,136.00
173,77,-57.023611,-25.643056,136.00
173,78,-57.023333,-25.643056,136.00
173,79,-57.023056,-25.643056,135.00
173,80,-57.022778,-25.643056,135.00
173,81,-57.022500,-25.643056,135.00
173,82,-57.022222,-25.643056,135.00
173,83,-57.021944,-25.643056,134.00
173,84,-57.021667,-25.643056,133.00
173,85,-57.021389,-25.643056,133.00
173,86,-57.021111,-25.643056,134.00
173,87,-57.020833,-25.643056,134.00
173,88,-57.020556,-25.643056,133.00
173,89,-57.020278,-25.643056,132.00
173,90,-57.020000,-25.643056,132.00
173,91,-57.019722,-25.643056,133.00
173,92,-57.019444,-25.643056,133.00
173,93,-57.019167,-25.643056,135.00
173,94,-57.018889,-25.643056,137.00
173,95,-57.018611,-25.643056,136.00
173,96,-57.018333,-25.643056,137.00
173,97,-57.018056,-25.643056,136.00
173,98,-57.017778,-25.643056,134.00
173,99,-57.017500,-25.643056,139.00
173,100,-57.017222,-25.643056,135.00
173,101,-57.016944,-25.643056,134.00
173,102,-57.016667,-25.643056,133.00
173,103,-57.016389,-25.643056,133.00
173,104,-57.016111,-25.643056,134.00
173,105,-57.015833,-25.643056,133.00
173,106,-57.015556,-25.643056,133.00
173,107,-57.015278,-25.643056,132.00
174,0,-57.045000,-25.643333,121.00
174,1,-57.044722,-25.643333,120.00
174,2,-57.044444,-25.643333,120.00
174,3,-57.044167,-25.643333,122.00
174,4,-57.043889,-25.643333,124.00
174,5,-57.043611,-25.643333,122.00
174,6,-57.043333,-25.643333,121.00
174,7,-57.043056,-25.643333,122.00
174,8,-57.042778,-25.643333,124.00
174,9,-57.042500,-25.643333,122.00
174,10,-57.042222,-25.643333,123.00
174,11,-57.041944,-25.643333,124.00
174,12,-57.041667,-25.643333,124.00
174,13,-57.041389,-25.643333,126.00
174,14,-57.041111,-25.643333,126.00
174,15,-57.040833,-25.643333,123.00
174,16,-57.040556,-25.643333,124.00
174,17,-57.040278,-25.643333,125.00
174,18,-57.040000,-25.643333,125.00
174,19,-57.039722,-25.643333,124.00
174,20,-57.039444,-25.643333,125.00
174,21,-57.039167,-25.643333,125.00
174,22,-57.038889,-25.643333,125.00
174,23,-57.038611,-25.643333,126.00
174,24,-57.038333,-25.643333,128.00
174,25,-57.038056,-25.643333,130.00
174,26,-57.037778,-25.643333,131.00
174,27,-57.037500,-25.643333,131.00
174,28,-57.037222,-25.643333,130.00
174,29,-57.036944,-25.643333,130.00
174,30,-57.036667,-25.643333,128.00
174,31,-57.036389,-25.643333,127.00
174,32,-57.036111,-25.643333,127.00
174,33,-57.035833,-25.643333,127.00
174,34,-57.035556,-25.643333,128.00
174,35,-57.035278,-25.643333,128.00
174,36,-57.035000,-25.643333,127.00
174,37,-57.034722,-25.643333,128.00
174,38,-57.034444,-25.643333,131.00
174,39,-57.034167,-25.643333,132.00
174,40,-57.033889,-25.643333,132.00
174,41,-57.033611,-25.643333,130.00
174,42,-57.033333,-25.643333,131.00
174,43,-57.033056,-25.643333,131.00
174,44,-57.032778,-25.643333,131.00
174,45,-57.032500,-25.643333,131.00
174,46,-57.032222,-25.643333,127.00
174,47,-57.031944,-25.643333,125.00
174,48,-57.031667,-25.643333,124.00
174,49,-57.031389,-25.643333,125.00
174,50,-57.031111,-25.643333,128.00
174,51,-57.030833,-25.643333,124.00
174,52,-57.030556,-25.643333,123.00
174,53,-57.030278,-25.643333,124.00
174,54,-57.030000,-25.643333,128.00
174,55,-57.029722,-25.643333,124.00
174,56,-57.029444,-25.643333,124.00
174,57,-57.029167,-25.643333,124.00
174,58,-57.028889,-25.643333,124.00
174,59,-57.028611,-25.643333,126.00
174,60,-57.028333,-25.643333,124.00
174,61,-57.028056,-25.643333,126.00
174,62,-57.027778,-25.643333,126.00
174,63,-57.027500,-25.643333,127.00
174,64,-57.027222,-25.643333,129.00
174,65,-57.026944,-25.643333,129.00
174,66,-57.026667,-25.643333,128.00
174,67,-57.026389,-25.643333,129.00
174,68,-57.026111,-25.643333,132.00
174,69,-57.025833,-25.643333,136.00
174,70,-57.025556,-25.643333,135.00
174,71,-57.025278,-25.643333,134.00
174,72,-57.025000,-25.643333,135.00
174,73,-57.024722,-25.643333,136.00
174,74,-57.024444,-25.643333,135.00
174,75,-57.024167,-25.643333,135.00
174,76,-57.023889,-25.643333,135.00
174,77,-57.023611,-25.643333,135.00
174,78,-57.023333,-25.643333,135.00
174,79,-57.023056,-25.643333,135.00
174,80,-57.022778,-25.643333,135.00
174,81,-57.022500,-25.643333,133.00
174,82,-57.022222,-25.643333,134.00
174,83,-57.021944,-25.643333,134.00
174,84,-57.021667,-25.643333,134.00
174,85,-57.021389,-25.643333,133.00
174,86,-57.021111,-25.643333,133.00
174,87,-57.020833,-25.643333,133.00
174,88,-57.020556,-25.643333,132.00
174,89,-57.020278,-25.643333,133.00
174,90,-57.020000,-25.643333,132.00
174,91,-57.019722,-25.643333,132.00
174,92,-57.019444,-25.643333,133.00
174,93,-57.019167,-25.643333,135.00
174,94,-57.018889,-25.643333,135.00
174,95,-57.018611,-25.643333,135.00
174,96,-57.018333,-25.643333,135.00
174,97,-57.018056,-25.643333,135.00
174,98,-57.017778,-25.643333,135.00
174,99,-57.017500,-25.643333,137.00
174,100,-57.017222,-25.643333,135.00
174,101,-57.016944,-25.643333,135.00
174,102,-57.016667,-25.643333,134.00
174,103,-57.016389,-25.643333,133.00
174,104,-57.016111,-25.643333,133.00
174,105,-57.015833,-25.643333,132.00
174,106,-57.015556,-25.643333,132.00
174,107,-57.015278,-25.643333,132.00
175,0,-57.045000,-25.643611,120.00
175,1,-57.044722,-25.643611,121.00
175,2,-57.044444,-25.643611,120.00
175,3,-57.044167,-25.643611,121.00
175,4,-57.043889,-25.643611,124.00
175,5,-57.043611,-25.643611,122.00
175,6,-57.043333,-25.643611,122.00
175,7,-57.043056,-25.643611,123.00
175,8,-57.042778,-25.643611,122.00
175,9,-57.042500,-25.643611,123.00
175,10,-57.042222,-25.643611,122.00
175,11,-57.041944,-25.643611,123.00
175,12,-57.041667,-25.643611,123.00
175,13,-57.041389,-25.643611,123.00
175,14,-57.041111,-25.643611,123.00
175,15,-57.040833,-25.643611,122.00
175,16,-57.040556,-25.643611,123.00
175,17,-57.040278,-25.643611,123.00
175,18,-57.040000,-25.643611,123.00
175,19,-57.039722,-25.643611,123.00
175,20,-57.039444,-25.643611,124.00
175,21,-57.039167,-25.643611,125.00
175,22,-57.038889,-25.643611,126.00
175,23,-57.038611,-25.643611,126.00
175,24,-57.038333,-25.643611,128.00
175,25,-57.038056,-25.643611,128.00
175,26,-57.037778,-25.643611,128.00
175,27,-57.037500,-25.643611,128.00
175,28,-57.037222,-25.643611,128.00
175,29,-57.036944,-25.643611,129.00
175,30,-57.036667,-25.643611,128.00
175,31,-57.036389,-25.643611,126.00
175,32,-57.036111,-25.643611,126.00
175,33,-57.035833,-25.643611,126.00
175,34,-57.035556,-25.643611,126.00
175,35,-57.035278,-25.643611,127.00
175,36,-57.035000,-25.643611,127.00
175,37,-57.034722,-25.643611,127.00
175,38,-57.034444,-25.643611,131.00
175,39,-57.034167,-25.643611,130.00
175,40,-57.033889,-25.643611,129.00
175,41,-57.033611,-25.643611,126.00
175,42,-57.033333,-25.643611,129.00
175,43,-57.033056,-25.643611,129.00
175,44,-57.032778,-25.643611,130.00
175,45,-57.032500,-25.643611,128.00
175,46,-57.032222,-25.643611,128.00
175,47,-57.031944,-25.643611,124.00
175,48,-57.031667,-25.643611,123.00
175,49,-57.031389,-25.643611,127.00
175,50,-57.031111,-25.643611,129.00
175,51,-57.030833,-25.643611,127.00
175,52,-57.030556,-25.643611,122.00
175,53,-57.030278,-25.643611,123.00
175,54,-57.030000,-25.643611,128.00
175,55,-57.029722,-25.643611,123.00
175,56,-57.029444,-25.643611,124.00
175,57,-57.029167,-25.643611,124.00
175,58,-57.028889,-25.643611,124.00
175,59,-57.028611,-25.643611,126.00
175,60,-57.028333,-25.643611,126.00
175,61,-57.028056,-25.643611,126.00
175,62,-57.027778,-25.643611,128.00
175,63,-57.027500,-25.643611,128.00
175,64,-57.027222,-25.643611,131.00
175,65,-57.026944,-25.643611,130.00
175,66,-57.026667,-25.643611,129.00
175,67,-57.026389,-25.643611,131.00
175,68,-57.026111,-25.643611,135.00
175,69,-57.025833,-25.643611,136.00
175,70,-57.025556,-25.643611,134.00
175,71,-57.025278,-25.643611,134.00
175,72,-57.025000,-25.643611,136.00
175,73,-57.024722,-25.643611,136.00
175,74,-57.024444,-25.643611,135.00
175,75,-57.024167,-25.643611,134.00
175,76,-57.023889,-25.643611,134.00
175,77,-57.023611,-25.643611,134.00
175,78,-57.023333,-25.643611,135.00
175,79,-57.023056,-25.643611,134.00
175,80,-57.022778,-25.643611,134.00
175,81,-57.022500,-25.643611,132.00
175,82,-57.022222,-25.643611,131.00
175,83,-57.021944,-25.643611,132.00
175,84,-57.021667,-25.643611,132.00
175,85,-57.021389,-25.643611,132.00
175,86,-57.021111,-25.643611,133.00
175,87,-57.020833,-25.643611,133.00
175,88,-57.020556,-25.643611,133.00
175,89,-57.020278,-25.643611,133.00
175,90,-57.020000,-25.643611,133.00
175,91,-57.019722,-25.643611,134.00
175,92,-57.019444,-25.643611,135.00
175,93,-57.019167,-25.643611,134.00
175,94,-57.018889,-25.643611,135.00
175,95,-57.018611,-25.643611,135.00
175,96,-57.018333,-25.643611,134.00
175,97,-57.018056,-25.643611,134.00
175,98,-57.017778,-25.643611,135.00
175,99,-57.017500,-25.643611,135.00
175,100,-57.017222,-25.643611,135.00
175,101,-57.016944,-25.643611,135.00
175,102,-57.016667,-25.643611,134.00
175,103,-57.016389,-25.643611,133.00
175,104,-57.016111,-25.643611,133.00
175,105,-57.015833,-25.643611,132.00
175,106,-57.015556,-25.643611,132.00
175,107,-57.015278,-25.643611,134.00
176,0,-57.045000,-25.643889,120.00
176,1,-57.044722,-25.643889,122.00
176,2,-57.044444,-25.643889,119.00
176,3,-57.044167,-25.643889,119.00
176,4,-57.043889,-25.643889,120.00
176,5,-57.043611,-25.643889,120.00
176,6,-57.043333,-25.643889,119.00
176,7,-57.043056,-25.643889,120.00
176,8,-57.042778,-25.643889,120.00
176,9,-57.042500,-25.643889,120.00
176,10,-57.042222,-25.643889,121.00
176,11,-57.041944,-25.643889,123.00
176,12,-57.041667,-25.643889,123.00
176,13,-57.041389,-25.643889,123.00
176,14,-57.041111,-25.643889,121.00
176,15,-57.040833,-25.643889,121.00
176,16,-57.040556,-25.643889,121.00
176,17,-57.040278,-25.643889,121.00
176,18,-57.040000,-25.643889,122.00
176,19,-57.039722,-25.643889,123.00
176,20,-57.039444,-25.643889,123.00
176,21,-57.039167,-25.643889,124.00
176,22,-57.038889,-25.643889,125.00
176,23,-57.038611,-25.643889,126.00
176,24,-57.038333,-25.643889,127.00
176,25,-57.038056,-25.643889,126.00
176,26,-57.037778,-25.643889,126.00
176,27,-57.037500,-25.643889,128.00
176,28,-57.037222,-25.643889,127.00
176,29,-57.036944,-25.643889,128.00
176,30,-57.036667,-25.643889,127.00
176,31,-57.036389,-25.643889,127.00
176,32,-57.036111,-25.643889,126.00
176,33,-57.035833,-25.643889,126.00
176,34,-57.035556,-25.643889,126.00
176,35,-57.035278,-25.643889,126.00
176,36,-57.035000,-25.643889,126.00
176,37,-57.034722,-25.643889,126.00
176,38,-57.034444,-25.643889,127.00
176,39,-57.034167,-25.643889,127.00
176,40,-57.033889,-25.643889,125.00
176,41,-57.033611,-25.643889,125.00
176,42,-57.033333,-25.643889,127.00
176,43,-57.033056,-25.643889,126.00
176,44,-57.032778,-25.643889,127.00
176,45,-57.032500,-25.643889,128.00
176,46,-57.032222,-25.643889,126.00
176,47,-57.031944,-25.643889,123.00
176,48,-57.031667,-25.643889,125.00
176,49,-57.031389,-25.643889,132.00
176,50,-57.031111,-25.643889,128.00
176,51,-57.030833,-25.643889,123.00
176,52,-57.030556,-25.643889,121.00
176,53,-57.030278,-25.643889,124.00
176,54,-57.030000,-25.643889,127.00
176,55,-57.029722,-25.643889,122.00
176,56,-57.029444,-25.643889,122.00
176,57,-57.029167,-25.643889,123.00
176,58,-57.028889,-25.643889,125.00
176,59,-57.028611,-25.643889,128.00
176,60,-57.028333,-25.643889,128.00
176,61,-57.028056,-25.643889,128.00
176,62,-57.027778,-25.643889,129.00
176,63,-57.027500,-25.643889,130.00
176,64,-57.027222,-25.643889,131.00
176,65,-57.026944,-25.643889,132.00
176,66,-57.026667,-25.643889,130.00
176,67,-57.026389,-25.643889,131.00
176,68,-57.026111,-25.643889,133.00
176,69,-57.025833,-25.643889,134.00
176,70,-57.025556,-25.643889,134.00
176,71,-57.025278,-25.643889,135.00
176,72,-57.025000,-25.643889,137.00
176,73,-57.024722,-25.643889,136.00
176,74,-57.024444,-25.643889,134.00
176,75,-57.024167,-25.643889,135.00
176,76,-57.023889,-25.643889,134.00
176,77,-57.023611,-25.643889,134.00
176,78,-57.023333,-25.643889,135.00
176,79,-57.023056,-25.643889,134.00
176,80,-57.022778,-25.643889,131.00
176,81,-57.022500,-25.643889,130.00
176,82,-57.022222,-25.643889,131.00
176,83,-57.021944,-25.643889,131.00
176,84,-57.021667,-25.643889,131.00
176,85,-57.021389,-25.643889,131.00
176,86,-57.021111,-25.643889,132.00
176,87,-57.020833,-25.643889,131.00
176,88,-57.020556,-25.643889,132.00
176,89,-57.020278,-25.643889,132.00
176,90,-57.020000,-25.643889,133.00
176,91,-57.019722,-25.643889,133.00
176,92,-57.019444,-25.643889,134.00
176,93,-57.019167,-25.643889,134.00
176,94,-57.018889,-25.643889,133.00
176,95,-57.018611,-25.643889,134.00
176,96,-57.018333,-25.643889,134.00
176,97,-57.018056,-25.643889,133.00
176,98,-57.017778,-25.643889,135.00
176,99,-57.017500,-25.643889,134.00
176,100,-57.017222,-25.643889,133.00
176,101,-57.016944,-25.643889,133.00
176,102,-57.016667,-25.643889,134.00
176,103,-57.016389,-25.643889,133.00
176,104,-57.016111,-25.643889,133.00
176,105,-57.015833,-25.643889,132.00
176,106,-57.015556,-25.643889,132.00
176,107,-57.015278,-25.643889,133.00
177,0,-57.045000,-25.644167,119.00
177,1,-57.044722,-25.644167,119.00
177,2,-57.044444,-25.644167,121.00
177,3,-57.044167,-25.644167,120.00
177,4,-57.043889,-25.644167,121.00
177,5,-57.043611,-25.644167,122.00
177,6,-57.043333,-25.644167,120.00
177,7,-57.043056,-25.644167,119.00
177,8,-57.042778,-25.644167,119.00
177,9,-57.042500,-25.644167,120.00
177,10,-57.042222,-25.644167,120.00
177,11,-57.041944,-25.644167,122.00
177,12,-57.041667,-25.644167,122.00
177,13,-57.041389,-25.644167,120.00
177,14,-57.041111,-25.644167,122.00
177,15,-57.040833,-25.644167,121.00
177,16,-57.040556,-25.644167,121.00
177,17,-57.040278,-25.644167,121.00
177,18,-57.040000,-25.644167,122.00
177,19,-57.039722,-25.644167,122.00
177,20,-57.039444,-25.644167,122.00
177,21,-57.039167,-25.644167,124.00
177,22,-57.038889,-25.644167,123.00
177,23,-57.038611,-25.644167,124.00
177,24,-57.038333,-25.644167,125.00
177,25,-57.038056,-25.644167,125.00
177,26,-57.037778,-25.644167,124.00
177,27,-57.037500,-25.644167,125.00
177,28,-57.037222,-25.644167,125.00
177,29,-57.036944,-25.644167,126.00
177,30,-57.036667,-25.644167,126.00
177,31,-57.036389,-25.644167,125.00
177,32,-57.036111,-25.644167,125.00
177,33,-57.035833,-25.644167,125.00
177,34,-57.035556,-25.644167,125.00
177,35,-57.035278,-25.644167,125.00
177,36,-57.035000,-25.644167,126.00
177,37,-57.034722,-25.644167,125.00
177,38,-57.034444,-25.644167,124.00
177,39,-57.034167,-25.644167,123.00
177,40,-57.033889,-25.644167,124.00
177,41,-57.033611,-25.644167,124.00
177,42,-57.033333,-25.644167,125.00
177,43,-57.033056,-25.644167,125.00
177,44,-57.032778,-25.644167,126.00
177,45,-57.032500,-25.644167,126.00
177,46,-57.032222,-25.644167,123.00
177,47,-57.031944,-25.644167,125.00
177,48,-57.031667,-25.644167,130.00
177,49,-57.031389,-25.644167,133.00
177,50,-57.031111,-25.644167,127.00
177,51,-57.030833,-25.644167,122.00
177,52,-57.030556,-25.644167,123.00
177,53,-57.030278,-25.644167,122.00
177,54,-57.030000,-25.644167,122.00
177,55,-57.029722,-25.644167,122.00
177,56,-57.029444,-25.644167,123.00
177,57,-57.029167,-25.644167,124.00
177,58,-57.028889,-25.644167,127.00
177,59,-57.028611,-25.644167,133.00
177,60,-57.028333,-25.644167,132.00
177,61,-57.028056,-25.644167,132.00
177,62,-57.027778,-25.644167,135.00
177,63,-57.027500,-25.644167,132.00
177,64,-57.027222,-25.644167,130.00
177,65,-57.026944,-25.644167,131.00
177,66,-57.026667,-25.644167,131.00
177,67,-57.026389,-25.644167,131.00
177,68,-57.026111,-25.644167,133.00
177,69,-57.025833,-25.644167,132.00
177,70,-57.025556,-25.644167,133.00
177,71,-57.025278,-25.644167,135.00
177,72,-57.025000,-25.644167,136.00
177,73,-57.024722,-25.644167,137.00
177,74,-57.024444,-25.644167,135.00
177,75,-57.024167,-25.644167,135.00
177,76,-57.023889,-25.644167,135.00
177,77,-57.023611,-25.644167,135.00
177,78,-57.023333,-25.644167,135.00
177,79,-57.023056,-25.644167,134.00
177,80,-57.022778,-25.644167,132.00
177,81,-57.022500,-25.644167,131.00
177,82,-57.022222,-25.644167,131.00
177,83,-57.021944,-25.644167,131.00
177,84,-57.021667,-25.644167,130.00
177,85,-57.021389,-25.644167,130.00
177,86,-57.021111,-25.644167,131.00
177,87,-57.020833,-25.644167,131.00
177,88,-57.020556,-25.644167,130.00
177,89,-57.020278,-25.644167,131.00
177,90,-57.020000,-25.644167,129.00
177,91,-57.019722,-25.644167,131.00
177,92,-57.019444,-25.644167,132.00
177,93,-57.019167,-25.644167,133.00
177,94,-57.018889,-25.644167,133.00
177,95,-57.018611,-25.644167,133.00
177,96,-57.018333,-25.644167,134.00
177,97,-57.018056,-25.644167,133.00
177,98,-57.017778,-25.644167,134.00
177,99,-57.017500,-25.644167,133.00
177,100,-57.017222,-25.644167,132.00
177,101,-57.016944,-25.644167,133.00
177,102,-57.016667,-25.644167,133.00
177,103,-57.016389,-25.644167,133.00
177,104,-57.016111,-25.644167,134.00
177,105,-57.015833,-25.644167,132.00
177,106,-57.015556,-25.644167,131.00
177,107,-57.015278,-25.644167,131.00
178,0,-57.045000,-25.644444,118.00
178,1,-57.044722,-25.644444,119.00
178,2,-57.044444,-25.644444,120.00
178,3,-57.044167,-25.644444,120.00
178,4,-57.043889,-25.644444,119.00
178,5,-57.043611,-25.644444,117.00
178,6,-57.043333,-25.644444,117.00
178,7,-57.043056,-25.644444,117.00
178,8,-57.042778,-25.644444,118.00
178,9,-57.042500,-25.644444,120.00
178,10,-57.042222,-25.644444,120.00
178,11,-57.041944,-25.644444,120.00
178,12,-57.041667,-25.644444,120.00
178,13,-57.041389,-25.644444,121.00
178,14,-57.041111,-25.644444,121.00
178,15,-57.040833,-25.644444,121.00
178,16,-57.040556,-25.644444,121.00
178,17,-57.040278,-25.644444,121.00
178,18,-57.040000,-25.644444,123.00
178,19,-57.039722,-25.644444,123.00
178,20,-57.039444,-25.644444,123.00
178,21,-57.039167,-25.644444,123.00
178,22,-57.038889,-25.644444,123.00
178,23,-57.038611,-25.644444,124.00
178,24,-57.038333,-25.644444,124.00
178,25,-57.038056,-25.644444,124.00
178,26,-57.037778,-25.644444,124.00
178,27,-57.037500,-25.644444,124.00
178,28,-57.037222,-25.644444,124.00
178,29,-57.036944,-25.644444,124.00
178,30,-57.036667,-25.644444,124.00
178,31,-57.036389,-25.644444,124.00
178,32,-57.036111,-25.644444,125.00
178,33,-57.035833,-25.644444,125.00
178,34,-57.035556,-25.644444,125.00
178,35,-57.035278,-25.644444,125.00
178,36,-57.035000,-25.644444,123.00
178,37,-57.034722,-25.644444,124.00
178,38,-57.034444,-25.644444,124.00
178,39,-57.034167,-25.644444,123.00
178,40,-57.033889,-25.644444,124.00
178,41,-57.033611,-25.644444,124.00
178,42,-57.033333,-25.644444,124.00
178,43,-57.033056,-25.644444,124.00
178,44,-57.032778,-25.644444,125.00
178,45,-57.032500,-25.644444,124.00
178,46,-57.032222,-25.644444,123.00
178,47,-57.031944,-25.644444,128.00
178,48,-57.031667,-25.644444,132.00
178,49,-57.031389,-25.644444,129.00
178,50,-57.031111,-25.644444,123.00
178,51,-57.030833,-25.644444,122.00
178,52,-57.030556,-25.644444,122.00
178,53,-57.030278,-25.644444,121.00
178,54,-57.030000,-25.644444,121.00
178,55,-57.029722,-25.644444,125.00
178,56,-57.029444,-25.644444,128.00
178,57,-57.029167,-25.644444,126.00
178,58,-57.028889,-25.644444,127.00
178,59,-57.028611,-25.644444,128.00
178,60,-57.028333,-25.644444,129.00
178,61,-57.028056,-25.644444,128.00
178,62,-57.027778,-25.644444,132.00
178,63,-57.027500,-25.644444,132.00
178,64,-57.027222,-25.644444,129.00
178,65,-57.026944,-25.644444,129.00
178,66,-57.026667,-25.644444,130.00
178,67,-57.026389,-25.644444,129.00
178,68,-57.026111,-25.644444,130.00
178,69,-57.025833,-25.644444,131.00
178,70,-57.025556,-25.644444,131.00
178,71,-57.025278,-25.644444,132.00
178,72,-57.025000,-25.644444,132.00
178,73,-57.024722,-25.644444,137.00
178,74,-57.024444,-25.644444,135.00
178,75,-57.024167,-25.644444,134.00
178,76,-57.023889,-25.644444,135.00
178,77,-57.023611,-25.644444,135.00
178,78,-57.023333,-25.644444,134.00
178,79,-57.023056,-25.644444,134.00
178,80,-57.022778,-25.644444,135.00
178,81,-57.022500,-25.644444,134.00
178,82,-57.022222,-25.644444,130.00
178,83,-57.021944,-25.644444,129.00
178,84,-57.021667,-25.644444,129.00
178,85,-57.021389,-25.644444,130.00
178,86,-57.021111,-25.644444,131.00
178,87,-57.020833,-25.644444,129.00
178,88,-57.020556,-25.644444,129.00
178,89,-57.020278,-25.644444,129.00
178,90,-57.020000,-25.644444,130.00
178,91,-57.019722,-25.644444,131.00
178,92,-57.019444,-25.644444,132.00
178,93,-57.019167,-25.644444,132.00
178,94,-57.018889,-25.644444,132.00
178,95,-57.018611,-25.644444,133.00
178,96,-57.018333,-25.644444,133.00
178,97,-57.018056,-25.644444,134.00
178,98,-57.017778,-25.644444,134.00
178,99,-57.017500,-25.644444,134.00
178,100,-57.017222,-25.644444,133.00
178,101,-57.016944,-25.644444,132.00
178,102,-57.016667,-25.644444,133.00
178,103,-57.016389,-25.644444,132.00
178,104,-57.016111,-25.644444,132.00
178,105,-57.015833,-25.644444,132.00
178,106,-57.015556,-25.644444,131.00
178,107,-57.015278,-25.644444,131.00
179,0,-57.045000,-25.644722,119.00
179,1,-57.044722,-25.644722,118.00
179,2,-57.044444,-25.644722,120.00
179,3,-57.044167,-25.644722,120.00
179,4,-57.043889,-25.644722,118.00
179,5,-57.043611,-25.644722,116.00
179,6,-57.043333,-25.644722,116.00
179,7,-57.043056,-25.644722,117.00
179,8,-57.042778,-25.644722,119.00
179,9,-57.042500,-25.644722,118.00
179,10,-57.042222,-25.644722,120.00
179,11,-57.041944,-25.644722,119.00
179,12,-57.041667,-25.644722,119.00
179,13,-57.041389,-25.644722,121.00
179,14,-57.041111,-25.644722,121.00
179,15,-57.040833,-25.644722,121.00
179,16,-57.040556,-25.644722,122.00
179,17,-57.040278,-25.644722,122.00
179,18,-57.040000,-25.644722,124.00
179,19,-57.039722,-25.644722,123.00
179,20,-57.039444,-25.644722,121.00
179,21,-57.039167,-25.644722,123.00
179,22,-57.038889,-25.644722,124.00
179,23,-57.038611,-25.644722,123.00
179,24,-57.038333,-25.644722,122.00
179,25,-57.038056,-25.644722,125.00
179,26,-57.037778,-25.644722,124.00
179,27,-57.037500,-25.644722,123.00
179,28,-57.037222,-25.644722,124.00
179,29,-57.036944,-25.644722,124.00
179,30,-57.036667,-25.644722,124.00
179,31,-57.036389,-25.644722,124.00
179,32,-57.036111,-25.644722,125.00
179,33,-57.035833,-25.644722,124.00
179,34,-57.035556,-25.644722,125.00
179,35,-57.035278,-25.644722,124.00
179,36,-57.035000,-25.644722,124.00
179,37,-57.034722,-25.644722,123.00
179,38,-57.034444,-25.644722,124.00
179,39,-57.034167,-25.644722,123.00
179,40,-57.033889,-25.644722,123.00
179,41,-57.033611,-25.644722,124.00
179,42,-57.033333,-25.644722,124.00
179,43,-57.033056,-25.644722,124.00
179,44,-57.032778,-25.644722,125.00
179,45,-57.032500,-25.644722,123.00
179,46,-57.032222,-25.644722,124.00
179,47,-57.031944,-25.644722,125.00
179,48,-57.031667,-25.644722,127.00
179,49,-57.031389,-25.644722,125.00
179,50,-57.031111,-25.644722,122.00
179,51,-57.030833,-25.644722,124.00
179,52,-57.030556,-25.644722,122.00
179,53,-57.030278,-25.644722,121.00
179,54,-57.030000,-25.644722,123.00
179,55,-57.029722,-25.644722,128.00
179,56,-57.029444,-25.644722,132.00
179,57,-57.029167,-25.644722,130.00
179,58,-57.028889,-25.644722,129.00
179,59,-57.028611,-25.644722,129.00
179,60,-57.028333,-25.644722,130.00
179,61,-57.028056,-25.644722,129.00
179,62,-57.027778,-25.644722,128.00
179,63,-57.027500,-25.644722,129.00
179,64,-57.027222,-25.644722,129.00
179,65,-57.026944,-25.644722,128.00
179,66,-57.026667,-25.644722,128.00
179,67,-57.026389,-25.644722,127.00
179,68,-57.026111,-25.644722,128.00
179,69,-57.025833,-25.644722,128.00
179,70,-57.025556,-25.644722,130.00
179,71,-57.025278,-25.644722,130.00
179,72,-57.025000,-25.644722,130.00
179,73,-57.024722,-25.644722,132.00
179,74,-57.024444,-25.644722,132.00
179,75,-57.024167,-25.644722,134.00
179,76,-57.023889,-25.644722,135.00
179,77,-57.023611,-25.644722,136.00
179,78,-57.023333,-25.644722,134.00
179,79,-57.023056,-25.644722,135.00
179,80,-57.022778,-25.644722,137.00
179,81,-57.022500,-25.644722,135.00
179,82,-57.022222,-25.644722,131.00
179,83,-57.021944,-25.644722,130.00
179,84,-57.021667,-25.644722,129.00
179,85,-57.021389,-25.644722,130.00
179,86,-57.021111,-25.644722,130.00
179,87,-57.020833,-25.644722,131.00
179,88,-57.020556,-25.644722,130.00
179,89,-57.020278,-25.644722,130.00
179,90,-57.020000,-25.644722,130.00
179,91,-57.019722,-25.644722,131.00
179,92,-57.019444,-25.644722,132.00
179,93,-57.019167,-25.644722,133.00
179,94,-57.018889,-25.644722,133.00
179,95,-57.018611,-25.644722,133.00
179,96,-57.018333,-25.644722,134.00
179,97,-57.018056,-25.644722,134.00
179,98,-57.017778,-25.644722,135.00
179,99,-57.017500,-25.644722,135.00
179,100,-57.017222,-25.644722,134.00
179,101,-57.016944,-25.644722,133.00
179,102,-57.016667,-25.644722,133.00
179,103,-57.016389,-25.644722,133.00
179,104,-57.016111,-25.644722,132.00
179,105,-57.015833,-25.644722,131.00
179,106,-57.015556,-25.644722,130.00
179,107,-57.015278,-25.644722,131.00
