{"type":"FeatureCollection","name":"dem_streams_10km","metadata":{"source":"Copernicus GLO-30 (AWS S3) + D8 flow accumulation","bbox":[-25.698062,-57.129997,-25.5184,-56.930765],"pixel_resolution_m":180,"thresholds":{"main_rivers_cells":500,"tributaries_cells":200,"headwaters_cells":80},"feature_count":320,"generated_utc":"2026-07-05T19:18:32.777594Z"},"features":[{"type":"Feature","properties":{"category":"dem_stream","class":"rill","threshold_label":"main_rivers \u2265 500 cells","catchment_km2":0.94,"accumulation_cells":29,"vertex_count":3,"decimated":false,"source":"Copernicus GLO-30 DEM at 180 m, D8 flow accumulation"},"geometry":{"type":"LineString","coordinates":[[-57.118098852185,-25.662520366335],[-57.118654407724996,-25.662520366335],[-57.119209963265,-25.661964810795]]}},{"type":"Feature","properties":{"category":"dem_stream","class":"creek","threshold_label":"main_rivers \u2265 500 cells","catchment_km2":1.39,"accumulation_cells":43,"vertex_count":7,"decimated":false,"source":"Copernicus GLO-30 DEM at 180 m, D8 flow accumulation"},"geometry":{"type":"LineString","coordinates":[[-57.104209963685,-25.693075921035],[-57.104209963685,-25.693631476575],[-57.104209963685,-25.694187032115],[-57.104765519225,-25.694742587655],[-57.105321074765,-25.695298143195],[-57.105876630305,-25.695853698735],[-57.105876630305,-25.696409254275]]}},{"type":"Feature","properties":{"category":"dem_stream","class":"tributary","threshold_label":"main_rivers \u2265 500 cells","catchment_km2":16.72,"accumulation_cells":516,"vertex_count":401,"decimated":true,"source":"Copernicus GLO-30 DEM at 180 m, D8 flow accumulation"},"geometry":{"type":"MultiLineString","coordinates":[[[-57.084209964245,-25.629742589475],[-57.084765519785,-25.629742589475]],[[-57.084765519785,-25.629742589475],[-57.084765519785,-25.630298145015]]]}},{"type":"Feature","properties":{"category":"dem_stream","class":"rill","threshold_label":"main_rivers \u2265 500 cells","catchment_km2":0.39,"accumulation_cells":12,"vertex_count":5,"decimated":false,"source":"Copernicus GLO-30 DEM at 180 m, D8 flow accumulation"},"geometry":{"type":"LineString","coordinates":[[-57.054765520625,-25.631964811635],[-57.055321076165,-25.631964811635],[-57.055876631705,-25.631964811635],[-57.056432187245,-25.631964811635],[-57.056987742785,-25.631964811635]]}},{"type":"Feature","properties":{"category":"dem_stream","class":"rill","threshold_label":"main_rivers \u2265 500 cells","catchment_km2":0.16,"accumulation_cells":5,"vertex_count":5,"decimated":false,"source":"Copernicus GLO-30 DEM at 180 m, D8 flow accumulation"},"geometry":{"type":"LineString","coordinates":[[-57.033098854565,-25.688075921175],[-57.033654410105,-25.688631476715],[-57.034209965645,-25.688631476715],[-57.034765521185,-25.688075921175],[-57.035321076725,-25.688631476715]]}},{"type":"Feature","properties":{"category":"dem_stream","class":"main","threshold_label":"main_rivers \u2265 500 cells","catchment_km2":25.27,"accumulation_cells":780,"vertex_count":401,"decimated":true,"source":"Copernicus GLO-30 DEM at 180 m, D8 flow accumulation"},"geometry":{"type":"MultiLineString","coordinates":[[[-57.029209965785,-25.623075922995],[-57.026987743625,-25.620853700835],[-57.027543299164996,-25.619187034215]],[[-57.027543299164996,-25.619187034215],[-57.026987743625,-25.619187034215]]]}},{"type":"Feature","properties":{"category":"dem_stream","class":"rill","threshold_label":"tributaries \u2265 200 cells","catchment_km2":0.16,"accumulation_cells":5,"vertex_count":6,"decimated":false,"source":"Copernicus GLO-30 DEM at 180 m, D8 flow accumulation"},"geometry":{"type":"LineString","coordinates":[[-57.125321074205,-25.595853701535],[-57.125876629745,-25.596409257075],[-57.126432185285,-25.596964812615],[-57.126432185285,-25.597520368155],[-57.126987740825,-25.596964812615],[-57.127543296365,-25.596964812615]]}},{"type":"Feature","properties":{"category":"dem_stream","class":"rill","threshold_label":"tributaries \u2265 200 cells","catchment_km2":0.65,"accumulation_cells":20,"vertex_count":3,"decimated":false,"source":"Copernicus GLO-30 DEM at 180 m, D8 flow accumulation"},"geometry":{"type":"LineString","coordinates":[[-57.122543296505,-25.528075925655],[-57.123098852045,-25.528631481195],[-57.123654407585,-25.529187036735]]}},{"type":"Feature","properties":{"category":"dem_stream","class":"rill","threshold_label":"tributaries \u2265 200 cells","catchment_km2":0.23,"accumulation_cells":7,"vertex_count":18,"decimated":false,"source":"Copernicus GLO-30 DEM at 180 m, D8 flow accumulation"},"geometry":{"type":"LineString","coordinates":[[-57.119765518804996,-25.537520369835],[-57.120321074345,-25.537520369835],[-57.120876629885,-25.537520369835],[-57.121432185425,-25.538075925375],[-57.121987740965,-25.538075925375],[-57.122543296505,-25.538075925375],[-57.123098852045,-25.538631480915],[-57.123654407585,-25.539187036455],[-57.124209963125,-25.539187036455],[-57.124765518665,-25.539742591995],[-57.125321074205,-25.540298147535],[-57.125876629745,-25.540853703075],[-57.125876629745,-25.541409258615],[-57.126432185285,-25.541964814154998],[-57.126432185285,-25.542520369694998],[-57.126987740825,-25.543075925234998],[-57.127543296365,-25.543631480774998],[-57.128098851905,-25.543631480774998]]}},{"type":"Feature","properties":{"category":"dem_stream","class":"rill","threshold_label":"tributaries \u2265 200 cells","catchment_km2":0.94,"accumulation_cells":29,"vertex_count":11,"decimated":false,"source":"Copernicus GLO-30 DEM at 180 m, D8 flow accumulation"},"geometry":{"type":"LineString","coordinates":[[-57.114765518945,-25.665853699575],[-57.115321074485,-25.665298144035],[-57.115321074485,-25.664742588495],[-57.115321074485,-25.664187032955],[-57.115876630025,-25.663631477415],[-57.116432185565,-25.663631477415],[-57.116987741105,-25.663075921875],[-57.117543296645,-25.663075921875],[-57.118098852185,-25.662520366335],[-57.118654407724996,-25.662520366335],[-57.119209963265,-25.661964810795]]}},{"type":"Feature","properties":{"category":"dem_stream","class":"rill","threshold_label":"tributaries \u2265 200 cells","catchment_km2":0.94,"accumulation_cells":29,"vertex_count":9,"decimated":false,"source":"Copernicus GLO-30 DEM at 180 m, D8 flow accumulation"},"geometry":{"type":"LineString","coordinates":[[-57.112543296785,-25.640298144735],[-57.113098852325,-25.640853700275],[-57.113654407865,-25.640853700275],[-57.114209963405,-25.641409255815],[-57.114765518945,-25.641964811355],[-57.114765518945,-25.642520366895],[-57.115321074485,-25.643075922435],[-57.115876630025,-25.643631477975],[-57.116432185565,-25.643631477975]]}},{"type":"Feature","properties":{"category":"dem_stream","class":"rill","threshold_label":"tributaries \u2265 200 cells","catchment_km2":0.19,"accumulation_cells":6,"vertex_count":7,"decimated":false,"source":"Copernicus GLO-30 DEM at 180 m, D8 flow accumulation"},"geometry":{"type":"LineString","coordinates":[[-57.110876630165,-25.575853702095],[-57.111432185705,-25.575853702095],[-57.111987741245,-25.575853702095],[-57.112543296785,-25.575298146555],[-57.113098852325,-25.575298146555],[-57.113654407865,-25.575298146555],[-57.114209963405,-25.575298146555]]}},{"type":"Feature","properties":{"category":"dem_stream","class":"rill","threshold_label":"tributaries \u2265 200 cells","catchment_km2":0.71,"accumulation_cells":22,"vertex_count":4,"decimated":false,"source":"Copernicus GLO-30 DEM at 180 m, D8 flow accumulation"},"geometry":{"type":"LineString","coordinates":[[-57.106432185845,-25.609187034495],[-57.106987741385,-25.609187034495],[-57.107543296925,-25.609742590035],[-57.108098852465,-25.610298145575]]}},{"type":"Feature","properties":{"category":"dem_stream","class":"main","threshold_label":"tributaries \u2265 200 cells","catchment_km2":28.8,"accumulation_cells":889,"vertex_count":401,"decimated":true,"source":"Copernicus GLO-30 DEM at 180 m, D8 flow accumulation"},"geometry":{"type":"MultiLineString","coordinates":[[[-57.105876630305,-25.633631478255],[-57.108654408005,-25.633631478255],[-57.111432185705,-25.631964811635],[-57.114209963405,-25.632520367175],[-57.116987741105,-25.633075922715],[-57.117543296645,-25.633075922715]],[[-57.117543296645,-25.633075922715],[-57.118098852185,-25.633631478255]]]}},{"type":"Feature","properties":{"category":"dem_stream","class":"tributary","threshold_label":"tributaries \u2265 200 cells","catchment_km2":15.62,"accumulation_cells":482,"vertex_count":401,"decimated":true,"source":"Copernicus GLO-30 DEM at 180 m, D8 flow accumulation"},"geometry":{"type":"LineString","coordinates":[[-57.104765519225,-25.560298146975],[-57.107543296925,-25.558631480355],[-57.109765519085,-25.560853702515],[-57.110321074625,-25.561409258055]]}},{"type":"Feature","properties":{"category":"dem_stream","class":"rill","threshold_label":"tributaries \u2265 200 cells","catchment_km2":0.58,"accumulation_cells":18,"vertex_count":6,"decimated":false,"source":"Copernicus GLO-30 DEM at 180 m, D8 flow accumulation"},"geometry":{"type":"LineString","coordinates":[[-57.104209963685,-25.628631478395],[-57.104765519225,-25.629187033935],[-57.105321074765,-25.629187033935],[-57.105876630305,-25.629742589475],[-57.106432185845,-25.629187033935],[-57.106987741385,-25.629742589475]]}},{"type":"Feature","properties":{"category":"dem_stream","class":"rill","threshold_label":"tributaries \u2265 200 cells","catchment_km2":0.06,"accumulation_cells":2,"vertex_count":15,"decimated":false,"source":"Copernicus GLO-30 DEM at 180 m, D8 flow accumulation"},"geometry":{"type":"LineString","coordinates":[[-57.102543297065,-25.529187036735],[-57.101987741525,-25.528631481195],[-57.101432185985,-25.528075925655],[-57.100876630445,-25.527520370115],[-57.100876630445,-25.526964814575],[-57.100321074905,-25.526409259035],[-57.100876630445,-25.525853703495],[-57.101432185985,-25.525298147955],[-57.100876630445,-25.524742592415],[-57.100876630445,-25.524187036875],[-57.100321074905,-25.523631481335],[-57.100321074905,-25.523075925795],[-57.099765519365,-25.522520370255],[-57.099765519365,-25.521964814715],[-57.099765519365,-25.521409259174998]]}},{"type":"Feature","properties":{"category":"dem_stream","class":"creek","threshold_label":"tributaries \u2265 200 cells","catchment_km2":1.39,"accumulation_cells":43,"vertex_count":6,"decimated":true,"source":"Copernicus GLO-30 DEM at 180 m, D8 flow accumulation"},"geometry":{"type":"LineString","coordinates":[[-57.098654408285,-25.683075921314998],[-57.101432185985,-25.685298143475],[-57.102543297065,-25.688075921175],[-57.104209963685,-25.690853698875],[-57.104209963685,-25.693631476575],[-57.105876630305,-25.696409254275]]}},{"type":"Feature","properties":{"category":"dem_stream","class":"main","threshold_label":"tributaries \u2265 200 cells","catchment_km2":30.65,"accumulation_cells":946,"vertex_count":401,"decimated":true,"source":"Copernicus GLO-30 DEM at 180 m, D8 flow accumulation"},"geometry":{"type":"LineString","coordinates":[[-57.096987741665,-25.664187032955],[-57.099765519365,-25.665298144035],[-57.102543297065,-25.668075921735],[-57.103098852605,-25.669187032815]]}},{"type":"Feature","properties":{"category":"dem_stream","class":"rill","threshold_label":"tributaries \u2265 200 cells","catchment_km2":0.65,"accumulation_cells":20,"vertex_count":4,"decimated":false,"source":"Copernicus GLO-30 DEM at 180 m, D8 flow accumulation"},"geometry":{"type":"LineString","coordinates":[[-57.093654408425,-25.591409257215],[-57.093654408425,-25.591964812755],[-57.093654408425,-25.592520368295],[-57.093654408425,-25.593075923835]]}},{"type":"Feature","properties":{"category":"dem_stream","class":"tributary","threshold_label":"tributaries \u2265 200 cells","catchment_km2":7.13,"accumulation_cells":220,"vertex_count":401,"decimated":true,"source":"Copernicus GLO-30 DEM at 180 m, D8 flow accumulation"},"geometry":{"type":"MultiLineString","coordinates":[[[-57.085321075325,-25.531964814435],[-57.083654408705,-25.530853703355]],[[-57.083654408705,-25.530853703355],[-57.084209964245,-25.530853703355]]]}},{"type":"Feature","properties":{"category":"dem_stream","class":"rill","threshold_label":"tributaries \u2265 200 cells","catchment_km2":0.13,"accumulation_cells":4,"vertex_count":3,"decimated":false,"source":"Copernicus GLO-30 DEM at 180 m, D8 flow accumulation"},"geometry":{"type":"LineString","coordinates":[[-57.084765519785,-25.576964813175],[-57.085321075325,-25.576964813175],[-57.085876630865,-25.577520368715]]}},{"type":"Feature","properties":{"category":"dem_stream","class":"tributary","threshold_label":"tributaries \u2265 200 cells","catchment_km2":13.19,"accumulation_cells":407,"vertex_count":401,"decimated":true,"source":"Copernicus GLO-30 DEM at 180 m, D8 flow accumulation"},"geometry":{"type":"MultiLineString","coordinates":[[[-57.081987742085,-25.532520369975],[-57.081987742085,-25.531964814435]],[[-57.081987742085,-25.531964814435],[-57.082543297625,-25.532520369975]]]}},{"type":"Feature","properties":{"category":"dem_stream","class":"tributary","threshold_label":"tributaries \u2265 200 cells","catchment_km2":8.33,"accumulation_cells":257,"vertex_count":401,"decimated":true,"source":"Copernicus GLO-30 DEM at 180 m, D8 flow accumulation"},"geometry":{"type":"MultiLineString","coordinates":[[[-57.078654408845,-25.545298147395],[-57.078098853305,-25.542520369694998],[-57.078098853305,-25.541964814154998]],[[-57.078098853305,-25.541964814154998],[-57.078098853305,-25.541409258615]]]}},{"type":"Feature","properties":{"category":"dem_stream","class":"main","threshold_label":"tributaries \u2265 200 cells","catchment_km2":31.33,"accumulation_cells":967,"vertex_count":401,"decimated":true,"source":"Copernicus GLO-30 DEM at 180 m, D8 flow accumulation"},"geometry":{"type":"MultiLineString","coordinates":[[[-57.074209964525,-25.551964813875],[-57.075321075605,-25.549187036175],[-57.076987742225,-25.546409258475],[-57.076432186685,-25.543631480774998]],[[-57.076432186685,-25.543631480774998],[-57.076432186685,-25.543075925234998]]]}},{"type":"Feature","properties":{"category":"dem_stream","class":"tributary","threshold_label":"tributaries \u2265 200 cells","catchment_km2":16.72,"accumulation_cells":516,"vertex_count":401,"decimated":true,"source":"Copernicus GLO-30 DEM at 180 m, D8 flow accumulation"},"geometry":{"type":"MultiLineString","coordinates":[[[-57.074209964525,-25.623075922995],[-57.076432186685,-25.624742589615],[-57.079209964385,-25.626409256235],[-57.081432186545,-25.628631478395],[-57.084209964245,-25.629742589475],[-57.084765519785,-25.629742589475]],[[-57.084765519785,-25.629742589475],[-57.084765519785,-25.630298145015]]]}},{"type":"Feature","properties":{"category":"dem_stream","class":"rill","threshold_label":"tributaries \u2265 200 cells","catchment_km2":0.52,"accumulation_cells":16,"vertex_count":18,"decimated":false,"source":"Copernicus GLO-30 DEM at 180 m, D8 flow accumulation"},"geometry":{"type":"LineString","coordinates":[[-57.069209964665,-25.550298147255],[-57.069765520205,-25.549742591715],[-57.070321075745,-25.549187036175],[-57.070321075745,-25.548631480635],[-57.070876631285,-25.548075925095],[-57.070876631285,-25.547520369555],[-57.071432186825,-25.546964814015],[-57.071432186825,-25.546409258475],[-57.071987742365,-25.545853702935],[-57.072543297905,-25.545298147395],[-57.073098853444996,-25.544742591854998],[-57.073654408985,-25.544187036314998],[-57.074209964525,-25.543631480774998],[-57.074765520065,-25.543631480774998],[-57.075321075605,-25.543075925234998],[-57.075321075605,-25.542520369694998],[-57.075876631145,-25.541964814154998],[-57.076432186685,-25.541964814154998]]}},{"type":"Feature","properties":{"category":"dem_stream","class":"tributary","threshold_label":"tributaries \u2265 200 cells","catchment_km2":9.27,"accumulation_cells":286,"vertex_count":401,"decimated":true,"source":"Copernicus GLO-30 DEM at 180 m, D8 flow accumulation"},"geometry":{"type":"MultiLineString","coordinates":[[[-57.069209964665,-25.675298143755],[-57.071987742365,-25.674742588215],[-57.073654408985,-25.675298143755]],[[-57.073654408985,-25.675298143755],[-57.073654408985,-25.675853699295]]]}},{"type":"Feature","properties":{"category":"dem_stream","class":"tributary","threshold_label":"tributaries \u2265 200 cells","catchment_km2":5.25,"accumulation_cells":162,"vertex_count":10,"decimated":false,"source":"Copernicus GLO-30 DEM at 180 m, D8 flow accumulation"},"geometry":{"type":"LineString","coordinates":[[-57.064765520345,-25.567520368994998],[-57.065321075885,-25.568075924534998],[-57.065876631425,-25.568631480075],[-57.065876631425,-25.569187035615],[-57.065876631425,-25.569742591155],[-57.066432186965,-25.570298146695],[-57.066432186965,-25.570853702235],[-57.066987742505,-25.571409257775],[-57.066987742505,-25.571964813315],[-57.066987742505,-25.572520368855]]}},{"type":"Feature","properties":{"category":"dem_stream","class":"tributary","threshold_label":"tributaries \u2265 200 cells","catchment_km2":15.62,"accumulation_cells":482,"vertex_count":401,"decimated":true,"source":"Copernicus GLO-30 DEM at 180 m, D8 flow accumulation"},"geometry":{"type":"LineString","coordinates":[[-57.064209964805,-25.689742587795],[-57.066987742505,-25.691409254415]]}},{"type":"Feature","properties":{"category":"dem_stream","class":"rill","threshold_label":"tributaries \u2265 200 cells","catchment_km2":0.23,"accumulation_cells":7,"vertex_count":6,"decimated":false,"source":"Copernicus GLO-30 DEM at 180 m, D8 flow accumulation"},"geometry":{"type":"LineString","coordinates":[[-57.063098853725,-25.539187036455],[-57.063654409265,-25.538631480915],[-57.064209964805,-25.538631480915],[-57.064765520345,-25.538631480915],[-57.064765520345,-25.538075925375],[-57.064765520345,-25.537520369835]]}},{"type":"Feature","properties":{"category":"dem_stream","class":"rill","threshold_label":"tributaries \u2265 200 cells","catchment_km2":0.29,"accumulation_cells":9,"vertex_count":4,"decimated":false,"source":"Copernicus GLO-30 DEM at 180 m, D8 flow accumulation"},"geometry":{"type":"LineString","coordinates":[[-57.062543298185,-25.549742591715],[-57.062543298185,-25.549187036175],[-57.063098853725,-25.548631480635],[-57.063098853725,-25.548075925095]]}},{"type":"Feature","properties":{"category":"dem_stream","class":"tributary","threshold_label":"tributaries \u2265 200 cells","catchment_km2":20.09,"accumulation_cells":620,"vertex_count":401,"decimated":true,"source":"Copernicus GLO-30 DEM at 180 m, D8 flow accumulation"},"geometry":{"type":"LineString","coordinates":[[-57.060321076025,-25.666409255115],[-57.061432187105,-25.665298144035]]}},{"type":"Feature","properties":{"category":"dem_stream","class":"rill","threshold_label":"tributaries \u2265 200 cells","catchment_km2":0.16,"accumulation_cells":5,"vertex_count":5,"decimated":false,"source":"Copernicus GLO-30 DEM at 180 m, D8 flow accumulation"},"geometry":{"type":"LineString","coordinates":[[-57.058654409405,-25.585853701815],[-57.059209964945,-25.586409257355],[-57.059765520485,-25.586409257355],[-57.060321076025,-25.586409257355],[-57.060876631565,-25.586964812895]]}},{"type":"Feature","properties":{"category":"dem_stream","class":"creek","threshold_label":"tributaries \u2265 200 cells","catchment_km2":2.49,"accumulation_cells":77,"vertex_count":5,"decimated":false,"source":"Copernicus GLO-30 DEM at 180 m, D8 flow accumulation"},"geometry":{"type":"LineString","coordinates":[[-57.055321076165,-25.534742592135],[-57.055321076165,-25.534187036595],[-57.055321076165,-25.533631481055],[-57.055876631705,-25.533631481055],[-57.056432187245,-25.533075925515]]}},{"type":"Feature","properties":{"category":"dem_stream","class":"tributary","threshold_label":"tributaries \u2265 200 cells","catchment_km2":13.96,"accumulation_cells":431,"vertex_count":401,"decimated":true,"source":"Copernicus GLO-30 DEM at 180 m, D8 flow accumulation"},"geometry":{"type":"LineString","coordinates":[[-57.055321076165,-25.603631479095],[-57.058098853865,-25.605298145715],[-57.059209964945,-25.604742590175]]}},{"type":"Feature","properties":{"category":"dem_stream","class":"rill","threshold_label":"tributaries \u2265 200 cells","catchment_km2":0.39,"accumulation_cells":12,"vertex_count":8,"decimated":false,"source":"Copernicus GLO-30 DEM at 180 m, D8 flow accumulation"},"geometry":{"type":"LineString","coordinates":[[-57.053098854005,-25.632520367175],[-57.053654409545,-25.631964811635],[-57.054209965085,-25.631964811635],[-57.054765520625,-25.631964811635],[-57.055321076165,-25.631964811635],[-57.055876631705,-25.631964811635],[-57.056432187245,-25.631964811635],[-57.056987742785,-25.631964811635]]}},{"type":"Feature","properties":{"category":"dem_stream","class":"tributary","threshold_label":"tributaries \u2265 200 cells","catchment_km2":11.08,"accumulation_cells":342,"vertex_count":7,"decimated":false,"source":"Copernicus GLO-30 DEM at 180 m, D8 flow accumulation"},"geometry":{"type":"LineString","coordinates":[[-57.050876631845,-25.630298145015],[-57.051432187385,-25.630298145015],[-57.051987742925,-25.630853700555],[-57.052543298465,-25.630853700555],[-57.053098854005,-25.630853700555],[-57.053654409545,-25.631409256095],[-57.054209965085,-25.631409256095]]}},{"type":"Feature","properties":{"category":"dem_stream","class":"rill","threshold_label":"tributaries \u2265 200 cells","catchment_km2":0.13,"accumulation_cells":4,"vertex_count":5,"decimated":false,"source":"Copernicus GLO-30 DEM at 180 m, D8 flow accumulation"},"geometry":{"type":"LineString","coordinates":[[-57.041987743205,-25.672520366055],[-57.042543298745,-25.673075921595],[-57.042543298745,-25.673631477135],[-57.043098854285,-25.674187032675],[-57.043098854285,-25.674742588215]]}},{"type":"Feature","properties":{"category":"dem_stream","class":"rill","threshold_label":"tributaries \u2265 200 cells","catchment_km2":0.1,"accumulation_cells":3,"vertex_count":3,"decimated":false,"source":"Copernicus GLO-30 DEM at 180 m, D8 flow accumulation"},"geometry":{"type":"LineString","coordinates":[[-57.041432187665,-25.582520368575],[-57.040876632125,-25.581964813035],[-57.040321076585,-25.581409257495]]}},{"type":"Feature","properties":{"category":"dem_stream","class":"rill","threshold_label":"tributaries \u2265 200 cells","catchment_km2":0.36,"accumulation_cells":11,"vertex_count":12,"decimated":false,"source":"Copernicus GLO-30 DEM at 180 m, D8 flow accumulation"},"geometry":{"type":"LineString","coordinates":[[-57.040321076585,-25.651409255535],[-57.040876632125,-25.651409255535],[-57.041432187665,-25.651964811075],[-57.041987743205,-25.651964811075],[-57.042543298745,-25.652520366615],[-57.043098854285,-25.653075922155],[-57.043654409825,-25.653631477695],[-57.044209965365,-25.654187033235],[-57.044765520905,-25.654742588775],[-57.045321076445,-25.655298144315],[-57.045321076445,-25.655853699855],[-57.045321076445,-25.656409255395]]}},{"type":"Feature","properties":{"category":"dem_stream","class":"tributary","threshold_label":"tributaries \u2265 200 cells","catchment_km2":7.52,"accumulation_cells":232,"vertex_count":401,"decimated":true,"source":"Copernicus GLO-30 DEM at 180 m, D8 flow accumulation"},"geometry":{"type":"LineString","coordinates":[[-57.039765521045,-25.697520365355],[-57.039946065926664,-25.698062]]}},{"type":"Feature","properties":{"category":"dem_stream","class":"rill","threshold_label":"tributaries \u2265 200 cells","catchment_km2":0.29,"accumulation_cells":9,"vertex_count":15,"decimated":false,"source":"Copernicus GLO-30 DEM at 180 m, D8 flow accumulation"},"geometry":{"type":"LineString","coordinates":[[-57.039209965505,-25.680298143614998],[-57.039765521045,-25.680853699154998],[-57.040321076585,-25.681409254694998],[-57.040876632125,-25.681409254694998],[-57.041432187665,-25.681964810234998],[-57.041987743205,-25.682520365774998],[-57.041987743205,-25.683075921314998],[-57.042543298745,-25.683075921314998],[-57.043098854285,-25.683631476855],[-57.043098854285,-25.684187032395],[-57.043098854285,-25.684742587935],[-57.043098854285,-25.685298143475],[-57.043098854285,-25.685853699015],[-57.043098854285,-25.686409254555],[-57.043654409825,-25.686964810095]]}},{"type":"Feature","properties":{"category":"dem_stream","class":"rill","threshold_label":"tributaries \u2265 200 cells","catchment_km2":0.19,"accumulation_cells":6,"vertex_count":18,"decimated":false,"source":"Copernicus GLO-30 DEM at 180 m, D8 flow accumulation"},"geometry":{"type":"LineString","coordinates":[[-57.038654409965,-25.660853699715],[-57.039209965505,-25.660853699715],[-57.039765521045,-25.660853699715],[-57.040321076585,-25.660853699715],[-57.040876632125,-25.660298144174998],[-57.041432187665,-25.660298144174998],[-57.041987743205,-25.660298144174998],[-57.042543298745,-25.660298144174998],[-57.043098854285,-25.660298144174998],[-57.043654409825,-25.659742588634998],[-57.044209965365,-25.659742588634998],[-57.044765520905,-25.659742588634998],[-57.045321076445,-25.659187033094998],[-57.045321076445,-25.658631477554998],[-57.045876631985,-25.658075922014998],[-57.046432187525,-25.657520366474998],[-57.046987743065,-25.656964810934998],[-57.047543298605,-25.657520366474998]]}},{"type":"Feature","properties":{"category":"dem_stream","class":"tributary","threshold_label":"tributaries \u2265 200 cells","catchment_km2":15.03,"accumulation_cells":464,"vertex_count":401,"decimated":true,"source":"Copernicus GLO-30 DEM at 180 m, D8 flow accumulation"},"geometry":{"type":"LineString","coordinates":[[-57.035876632265,-25.616409256515],[-57.035321076725,-25.616409256515]]}},{"type":"Feature","properties":{"category":"dem_stream","class":"tributary","threshold_label":"tributaries \u2265 200 cells","catchment_km2":7.61,"accumulation_cells":235,"vertex_count":401,"decimated":true,"source":"Copernicus GLO-30 DEM at 180 m, D8 flow accumulation"},"geometry":{"type":"MultiLineString","coordinates":[[[-57.035321076725,-25.585298146275],[-57.035321076725,-25.584742590735]],[[-57.035321076725,-25.584742590735],[-57.035321076725,-25.584187035195]]]}},{"type":"Feature","properties":{"category":"dem_stream","class":"tributary","threshold_label":"tributaries \u2265 200 cells","catchment_km2":15.03,"accumulation_cells":464,"vertex_count":401,"decimated":true,"source":"Copernicus GLO-30 DEM at 180 m, D8 flow accumulation"},"geometry":{"type":"LineString","coordinates":[[-57.033098854565,-25.618075923135],[-57.031987743485,-25.617520367595]]}},{"type":"Feature","properties":{"category":"dem_stream","class":"rill","threshold_label":"tributaries \u2265 200 cells","catchment_km2":0.52,"accumulation_cells":16,"vertex_count":6,"decimated":false,"source":"Copernicus GLO-30 DEM at 180 m, D8 flow accumulation"},"geometry":{"type":"LineString","coordinates":[[-57.032543299025,-25.594742590455],[-57.031987743485,-25.594187034915],[-57.031432187945,-25.593631479375],[-57.031432187945,-25.593075923835],[-57.030876632405,-25.592520368295],[-57.030321076865,-25.591964812755]]}},{"type":"Feature","properties":{"category":"dem_stream","class":"rill","threshold_label":"tributaries \u2265 200 cells","catchment_km2":0.52,"accumulation_cells":16,"vertex_count":6,"decimated":false,"source":"Copernicus GLO-30 DEM at 180 m, D8 flow accumulation"},"geometry":{"type":"LineString","coordinates":[[-57.031987743485,-25.650298144455],[-57.032543299025,-25.650298144455],[-57.033098854565,-25.650298144455],[-57.033654410105,-25.650853699995],[-57.034209965645,-25.651409255535],[-57.034765521185,-25.651409255535]]}},{"type":"Feature","properties":{"category":"dem_stream","class":"main","threshold_label":"tributaries \u2265 200 cells","catchment_km2":50.38,"accumulation_cells":1555,"vertex_count":401,"decimated":true,"source":"Copernicus GLO-30 DEM at 180 m, D8 flow accumulation"},"geometry":{"type":"MultiLineString","coordinates":[[[-57.030321076865,-25.633631478255],[-57.030321076865,-25.630853700555],[-57.030321076865,-25.628075922855],[-57.030321076865,-25.625298145155],[-57.028654410245,-25.623075922995],[-57.027543299164996,-25.620298145295],[-57.026987743625,-25.619187034215]],[[-57.026987743625,-25.619187034215],[-57.027543299164996,-25.619187034215]]]}},{"type":"Feature","properties":{"category":"dem_stream","class":"rill","threshold_label":"tributaries \u2265 200 cells","catchment_km2":0.16,"accumulation_cells":5,"vertex_count":17,"decimated":false,"source":"Copernicus GLO-30 DEM at 180 m, D8 flow accumulation"},"geometry":{"type":"LineString","coordinates":[[-57.027543299164996,-25.684187032395],[-57.028098854705,-25.684742587935],[-57.028654410245,-25.684742587935],[-57.028654410245,-25.685298143475],[-57.029209965785,-25.685853699015],[-57.029765521325,-25.685853699015],[-57.030321076865,-25.686409254555],[-57.030876632405,-25.686409254555],[-57.031432187945,-25.686409254555],[-57.031987743485,-25.686964810095],[-57.032543299025,-25.686964810095],[-57.033098854565,-25.687520365635],[-57.033098854565,-25.688075921175],[-57.033654410105,-25.688631476715],[-57.034209965645,-25.688631476715],[-57.034765521185,-25.688075921175],[-57.035321076725,-25.688631476715]]}},{"type":"Feature","properties":{"category":"dem_stream","class":"tributary","threshold_label":"tributaries \u2265 200 cells","catchment_km2":14.97,"accumulation_cells":462,"vertex_count":401,"decimated":true,"source":"Copernicus GLO-30 DEM at 180 m, D8 flow accumulation"},"geometry":{"type":"LineString","coordinates":[[-57.025321077005,-25.676409254835],[-57.026432188084996,-25.679187032535],[-57.026432188084996,-25.680298143614998]]}},{"type":"Feature","properties":{"category":"dem_stream","class":"rill","threshold_label":"tributaries \u2265 200 cells","catchment_km2":0.39,"accumulation_cells":12,"vertex_count":8,"decimated":false,"source":"Copernicus GLO-30 DEM at 180 m, D8 flow accumulation"},"geometry":{"type":"LineString","coordinates":[[-57.019765521605,-25.683075921314998],[-57.020321077145,-25.683075921314998],[-57.020876632685,-25.683075921314998],[-57.021432188225,-25.683631476855],[-57.021987743765,-25.683631476855],[-57.022543299305,-25.683631476855],[-57.023098854845,-25.683631476855],[-57.023654410385,-25.683075921314998]]}},{"type":"Feature","properties":{"category":"dem_stream","class":"rill","threshold_label":"tributaries \u2265 200 cells","catchment_km2":0.06,"accumulation_cells":2,"vertex_count":5,"decimated":false,"source":"Copernicus GLO-30 DEM at 180 m, D8 flow accumulation"},"geometry":{"type":"LineString","coordinates":[[-57.016432188365,-25.630853700555],[-57.016987743905,-25.630298145015],[-57.016432188365,-25.629742589475],[-57.015876632825,-25.629187033935],[-57.015876632825,-25.628631478395]]}},{"type":"Feature","properties":{"category":"dem_stream","class":"creek","threshold_label":"tributaries \u2265 200 cells","catchment_km2":4.15,"accumulation_cells":128,"vertex_count":8,"decimated":true,"source":"Copernicus GLO-30 DEM at 180 m, D8 flow accumulation"},"geometry":{"type":"LineString","coordinates":[[-57.016432188365,-25.696409254275],[-57.01849812052125,-25.698062]]}},{"type":"Feature","properties":{"category":"dem_stream","class":"main","threshold_label":"tributaries \u2265 200 cells","catchment_km2":27.35,"accumulation_cells":844,"vertex_count":401,"decimated":true,"source":"Copernicus GLO-30 DEM at 180 m, D8 flow accumulation"},"geometry":{"type":"LineString","coordinates":[[-57.013098855125,-25.666964810655],[-57.010321077425,-25.664742588495],[-57.007543299725,-25.661964810795],[-57.006432188645,-25.659187033094998],[-57.004209966485,-25.656964810934998],[-57.003098855405,-25.656409255395]]}},{"type":"Feature","properties":{"category":"dem_stream","class":"rill","threshold_label":"tributaries \u2265 200 cells","catchment_km2":0.26,"accumulation_cells":8,"vertex_count":13,"decimated":false,"source":"Copernicus GLO-30 DEM at 180 m, D8 flow accumulation"},"geometry":{"type":"LineString","coordinates":[[-57.012543299585,-25.659187033094998],[-57.011987744045,-25.658631477554998],[-57.011987744045,-25.658075922014998],[-57.011432188505,-25.657520366474998],[-57.011432188505,-25.656964810934998],[-57.010876632965,-25.656409255395],[-57.010321077425,-25.655853699855],[-57.009765521885,-25.655853699855],[-57.009209966345,-25.655853699855],[-57.008654410805,-25.655853699855],[-57.008098855265,-25.655298144315],[-57.007543299725,-25.655298144315],[-57.006987744185,-25.655298144315]]}},{"type":"Feature","properties":{"category":"dem_stream","class":"rill","threshold_label":"tributaries \u2265 200 cells","catchment_km2":0.45,"accumulation_cells":14,"vertex_count":14,"decimated":false,"source":"Copernicus GLO-30 DEM at 180 m, D8 flow accumulation"},"geometry":{"type":"LineString","coordinates":[[-57.001987744325,-25.681964810234998],[-57.001432188785,-25.681409254694998],[-57.000876633245,-25.680853699154998],[-57.000321077705,-25.680298143614998],[-56.999765522165,-25.679742588075],[-56.999209966625,-25.679187032535],[-56.999209966625,-25.678631476995],[-56.998654411085,-25.678075921455],[-56.998654411085,-25.677520365915],[-56.998098855545,-25.676964810375],[-56.997543300005,-25.676964810375],[-56.996987744465,-25.676409254835],[-56.996987744465,-25.675853699295],[-56.996987744465,-25.675298143755]]}},{"type":"Feature","properties":{"category":"dem_stream","class":"tributary","threshold_label":"tributaries \u2265 200 cells","catchment_km2":14.39,"accumulation_cells":444,"vertex_count":401,"decimated":true,"source":"Copernicus GLO-30 DEM at 180 m, D8 flow accumulation"},"geometry":{"type":"LineString","coordinates":[[-56.998654411085,-25.663631477415],[-56.998098855545,-25.663075921875]]}},{"type":"Feature","properties":{"category":"dem_stream","class":"rill","threshold_label":"tributaries \u2265 200 cells","catchment_km2":0.16,"accumulation_cells":5,"vertex_count":3,"decimated":false,"source":"Copernicus GLO-30 DEM at 180 m, D8 flow accumulation"},"geometry":{"type":"LineString","coordinates":[[-56.991432189065,-25.638631478115],[-56.991432189065,-25.638075922575],[-56.990876633525,-25.637520367035]]}},{"type":"Feature","properties":{"category":"dem_stream","class":"tributary","threshold_label":"tributaries \u2265 200 cells","catchment_km2":9.56,"accumulation_cells":295,"vertex_count":401,"decimated":true,"source":"Copernicus GLO-30 DEM at 180 m, D8 flow accumulation"},"geometry":{"type":"MultiLineString","coordinates":[[[-56.980321078265,-25.521409259174998],[-56.979765522725,-25.518631481474998]],[[-56.979765522725,-25.518631481474998],[-56.979765522725,-25.519187037014998]]]}},{"type":"Feature","properties":{"category":"dem_stream","class":"tributary","threshold_label":"tributaries \u2265 200 cells","catchment_km2":6.9,"accumulation_cells":213,"vertex_count":401,"decimated":true,"source":"Copernicus GLO-30 DEM at 180 m, D8 flow accumulation"},"geometry":{"type":"LineString","coordinates":[[-56.978098856105,-25.642520366895],[-56.978654411645,-25.641964811355]]}},{"type":"Feature","properties":{"category":"dem_stream","class":"rill","threshold_label":"tributaries \u2265 200 cells","catchment_km2":0.06,"accumulation_cells":2,"vertex_count":5,"decimated":false,"source":"Copernicus GLO-30 DEM at 180 m, D8 flow accumulation"},"geometry":{"type":"LineString","coordinates":[[-56.971987745165,-25.656409255395],[-56.971432189625,-25.655853699855],[-56.971432189625,-25.655298144315],[-56.971432189625,-25.654742588775],[-56.971432189625,-25.654187033235]]}},{"type":"Feature","properties":{"category":"dem_stream","class":"tributary","threshold_label":"tributaries \u2265 200 cells","catchment_km2":11.6,"accumulation_cells":358,"vertex_count":401,"decimated":true,"source":"Copernicus GLO-30 DEM at 180 m, D8 flow accumulation"},"geometry":{"type":"MultiLineString","coordinates":[[[-56.967543300845,-25.584742590735],[-56.966987745305,-25.581964813035],[-56.964765523145,-25.579187035335],[-56.965876634225,-25.576409257635],[-56.963654412065,-25.574187035475],[-56.963098856525,-25.573631479935]],[[-56.963098856525,-25.573631479935],[-56.963098856525,-25.573075924395]]]}},{"type":"Feature","properties":{"category":"dem_stream","class":"rill","threshold_label":"tributaries \u2265 200 cells","catchment_km2":0.32,"accumulation_cells":10,"vertex_count":3,"decimated":false,"source":"Copernicus GLO-30 DEM at 180 m, D8 flow accumulation"},"geometry":{"type":"LineString","coordinates":[[-56.964765523145,-25.656964810934998],[-56.965321078685,-25.656409255395],[-56.965876634225,-25.656964810934998]]}},{"type":"Feature","properties":{"category":"dem_stream","class":"rill","threshold_label":"tributaries \u2265 200 cells","catchment_km2":0.29,"accumulation_cells":9,"vertex_count":12,"decimated":false,"source":"Copernicus GLO-30 DEM at 180 m, D8 flow accumulation"},"geometry":{"type":"LineString","coordinates":[[-56.956987745584996,-25.599742590315],[-56.956432190045,-25.599187034775],[-56.955876634505,-25.598631479235],[-56.955321078965,-25.598075923695],[-56.954765523425,-25.597520368155],[-56.954765523425,-25.596964812615],[-56.954765523425,-25.596409257075],[-56.954765523425,-25.595853701535],[-56.955321078965,-25.595298145995],[-56.955321078965,-25.594742590455],[-56.955321078965,-25.594187034915],[-56.954765523425,-25.593631479375]]}},{"type":"Feature","properties":{"category":"dem_stream","class":"tributary","threshold_label":"tributaries \u2265 200 cells","catchment_km2":14.97,"accumulation_cells":462,"vertex_count":401,"decimated":true,"source":"Copernicus GLO-30 DEM at 180 m, D8 flow accumulation"},"geometry":{"type":"MultiLineString","coordinates":[[[-56.953098856805,-25.549742591715],[-56.953098856805,-25.549187036175]],[[-56.953098856805,-25.549187036175],[-56.952543301265,-25.548631480635]]]}},{"type":"Feature","properties":{"category":"dem_stream","class":"tributary","threshold_label":"headwaters \u2265 80 cells","catchment_km2":6.77,"accumulation_cells":209,"vertex_count":401,"decimated":true,"source":"Copernicus GLO-30 DEM at 180 m, D8 flow accumulation"},"geometry":{"type":"MultiLineString","coordinates":[[[-57.129765518525,-25.583631479655],[-57.129765518525,-25.584187035195]],[[-57.129765518525,-25.584187035195],[-57.129765518525,-25.584742590735]]]}},{"type":"Feature","properties":{"category":"dem_stream","class":"tributary","threshold_label":"headwaters \u2265 80 cells","catchment_km2":7.45,"accumulation_cells":230,"vertex_count":401,"decimated":true,"source":"Copernicus GLO-30 DEM at 180 m, D8 flow accumulation"},"geometry":{"type":"MultiLineString","coordinates":[[[-57.128654407445,-25.555853702655],[-57.129209962985,-25.555853702655]],[[-57.129209962985,-25.555853702655],[-57.129765518525,-25.555853702655]]]}},{"type":"Feature","properties":{"category":"dem_stream","class":"tributary","threshold_label":"headwaters \u2265 80 cells","catchment_km2":8.33,"accumulation_cells":257,"vertex_count":401,"decimated":true,"source":"Copernicus GLO-30 DEM at 180 m, D8 flow accumulation"},"geometry":{"type":"MultiLineString","coordinates":[[[-57.128098851905,-25.534742592135],[-57.129765518525,-25.536409258755]],[[-57.129765518525,-25.536409258755],[-57.129765518525,-25.536964814295]]]}},{"type":"Feature","properties":{"category":"dem_stream","class":"tributary","threshold_label":"headwaters \u2265 80 cells","catchment_km2":9.14,"accumulation_cells":282,"vertex_count":401,"decimated":true,"source":"Copernicus GLO-30 DEM at 180 m, D8 flow accumulation"},"geometry":{"type":"MultiLineString","coordinates":[[[-57.128098851905,-25.685853699015],[-57.128654407445,-25.685853699015]],[[-57.128654407445,-25.685853699015],[-57.128654407445,-25.685298143475]]]}},{"type":"Feature","properties":{"category":"dem_stream","class":"tributary","threshold_label":"headwaters \u2265 80 cells","catchment_km2":6.74,"accumulation_cells":208,"vertex_count":401,"decimated":true,"source":"Copernicus GLO-30 DEM at 180 m, D8 flow accumulation"},"geometry":{"type":"MultiLineString","coordinates":[[[-57.126432185285,-25.566409257914998],[-57.129209962985,-25.565298146834998],[-57.129765518525,-25.565298146834998]],[[-57.129765518525,-25.565298146834998],[-57.129765518525,-25.564742591294998]]]}},{"type":"Feature","properties":{"category":"dem_stream","class":"creek","threshold_label":"headwaters \u2265 80 cells","catchment_km2":1.3,"accumulation_cells":40,"vertex_count":7,"decimated":false,"source":"Copernicus GLO-30 DEM at 180 m, D8 flow accumulation"},"geometry":{"type":"LineString","coordinates":[[-57.126432185285,-25.690298143335],[-57.126987740825,-25.689742587795],[-57.126987740825,-25.689187032255],[-57.127543296365,-25.688631476715],[-57.128098851905,-25.688075921175],[-57.128654407445,-25.688075921175],[-57.129209962985,-25.688075921175]]}},{"type":"Feature","properties":{"category":"dem_stream","class":"rill","threshold_label":"headwaters \u2265 80 cells","catchment_km2":0.29,"accumulation_cells":9,"vertex_count":4,"decimated":false,"source":"Copernicus GLO-30 DEM at 180 m, D8 flow accumulation"},"geometry":{"type":"LineString","coordinates":[[-57.125321074205,-25.530298147815],[-57.125876629745,-25.530853703355],[-57.126432185285,-25.531409258895],[-57.126432185285,-25.531964814435]]}},{"type":"Feature","properties":{"category":"dem_stream","class":"tributary","threshold_label":"headwaters \u2265 80 cells","catchment_km2":6.12,"accumulation_cells":189,"vertex_count":8,"decimated":false,"source":"Copernicus GLO-30 DEM at 180 m, D8 flow accumulation"},"geometry":{"type":"LineString","coordinates":[[-57.125321074205,-25.681964810234998],[-57.125876629745,-25.682520365774998],[-57.126432185285,-25.682520365774998],[-57.126987740825,-25.683075921314998],[-57.127543296365,-25.683075921314998],[-57.128098851905,-25.683631476855],[-57.128098851905,-25.684187032395],[-57.128654407445,-25.684742587935]]}},{"type":"Feature","properties":{"category":"dem_stream","class":"rill","threshold_label":"headwaters \u2265 80 cells","catchment_km2":0.13,"accumulation_cells":4,"vertex_count":3,"decimated":false,"source":"Copernicus GLO-30 DEM at 180 m, D8 flow accumulation"},"geometry":{"type":"LineString","coordinates":[[-57.123654407585,-25.591964812755],[-57.124209963125,-25.592520368295],[-57.124765518665,-25.593075923835]]}},{"type":"Feature","properties":{"category":"dem_stream","class":"tributary","threshold_label":"headwaters \u2265 80 cells","catchment_km2":5.48,"accumulation_cells":169,"vertex_count":401,"decimated":true,"source":"Copernicus GLO-30 DEM at 180 m, D8 flow accumulation"},"geometry":{"type":"MultiLineString","coordinates":[[[-57.123098852045,-25.671964810515],[-57.125876629745,-25.670298143895],[-57.126987740825,-25.669742588355]],[[-57.126987740825,-25.669742588355],[-57.126432185285,-25.669187032815]]]}},{"type":"Feature","properties":{"category":"dem_stream","class":"rill","threshold_label":"headwaters \u2265 80 cells","catchment_km2":0.16,"accumulation_cells":5,"vertex_count":12,"decimated":false,"source":"Copernicus GLO-30 DEM at 180 m, D8 flow accumulation"},"geometry":{"type":"LineString","coordinates":[[-57.122543296505,-25.595298145995],[-57.123098852045,-25.594742590455],[-57.123654407585,-25.594742590455],[-57.124209963125,-25.594742590455],[-57.124765518665,-25.594742590455],[-57.125321074205,-25.595298145995],[-57.125321074205,-25.595853701535],[-57.125876629745,-25.596409257075],[-57.126432185285,-25.596964812615],[-57.126432185285,-25.597520368155],[-57.126987740825,-25.596964812615],[-57.127543296365,-25.596964812615]]}},{"type":"Feature","properties":{"category":"dem_stream","class":"creek","threshold_label":"headwaters \u2265 80 cells","catchment_km2":4.24,"accumulation_cells":131,"vertex_count":6,"decimated":false,"source":"Copernicus GLO-30 DEM at 180 m, D8 flow accumulation"},"geometry":{"type":"LineString","coordinates":[[-57.121987740965,-25.597520368155],[-57.122543296505,-25.597520368155],[-57.123098852045,-25.597520368155],[-57.123654407585,-25.596964812615],[-57.124209963125,-25.596409257075],[-57.124765518665,-25.595853701535]]}},{"type":"Feature","properties":{"category":"dem_stream","class":"tributary","threshold_label":"headwaters \u2265 80 cells","catchment_km2":6.58,"accumulation_cells":203,"vertex_count":401,"decimated":true,"source":"Copernicus GLO-30 DEM at 180 m, D8 flow accumulation"},"geometry":{"type":"LineString","coordinates":[[-57.121987740965,-25.606409256795],[-57.124765518665,-25.606409256795]]}},{"type":"Feature","properties":{"category":"dem_stream","class":"rill","threshold_label":"headwaters \u2265 80 cells","catchment_km2":0.65,"accumulation_cells":20,"vertex_count":5,"decimated":false,"source":"Copernicus GLO-30 DEM at 180 m, D8 flow accumulation"},"geometry":{"type":"LineString","coordinates":[[-57.121432185425,-25.529187036735],[-57.121987740965,-25.528631481195],[-57.122543296505,-25.528075925655],[-57.123098852045,-25.528631481195],[-57.123654407585,-25.529187036735]]}},{"type":"Feature","properties":{"category":"dem_stream","class":"rill","threshold_label":"headwaters \u2265 80 cells","catchment_km2":0.49,"accumulation_cells":15,"vertex_count":9,"decimated":false,"source":"Copernicus GLO-30 DEM at 180 m, D8 flow accumulation"},"geometry":{"type":"LineString","coordinates":[[-57.121432185425,-25.550853702795],[-57.121987740965,-25.551409258335],[-57.122543296505,-25.551409258335],[-57.123098852045,-25.551409258335],[-57.123654407585,-25.551409258335],[-57.124209963125,-25.551964813875],[-57.124765518665,-25.552520369415],[-57.125321074205,-25.553075924955],[-57.125876629745,-25.553631480495]]}},{"type":"Feature","properties":{"category":"dem_stream","class":"tributary","threshold_label":"headwaters \u2265 80 cells","catchment_km2":8.0,"accumulation_cells":247,"vertex_count":401,"decimated":true,"source":"Copernicus GLO-30 DEM at 180 m, D8 flow accumulation"},"geometry":{"type":"MultiLineString","coordinates":[[[-57.121432185425,-25.586409257355],[-57.123098852045,-25.586409257355]],[[-57.123098852045,-25.586409257355],[-57.123098852045,-25.586964812895]]]}},{"type":"Feature","properties":{"category":"dem_stream","class":"creek","threshold_label":"headwaters \u2265 80 cells","catchment_km2":4.15,"accumulation_cells":128,"vertex_count":4,"decimated":false,"source":"Copernicus GLO-30 DEM at 180 m, D8 flow accumulation"},"geometry":{"type":"LineString","coordinates":[[-57.120876629885,-25.525853703495],[-57.121432185425,-25.526409259035],[-57.121987740965,-25.526964814575],[-57.121987740965,-25.527520370115]]}},{"type":"Feature","properties":{"category":"dem_stream","class":"creek","threshold_label":"headwaters \u2265 80 cells","catchment_km2":3.69,"accumulation_cells":114,"vertex_count":9,"decimated":false,"source":"Copernicus GLO-30 DEM at 180 m, D8 flow accumulation"},"geometry":{"type":"LineString","coordinates":[[-57.118098852185,-25.588631479514998],[-57.118654407724996,-25.588631479514998],[-57.119209963265,-25.588631479514998],[-57.119765518804996,-25.588631479514998],[-57.120321074345,-25.588631479514998],[-57.120876629885,-25.588631479514998],[-57.121432185425,-25.588075923974998],[-57.121987740965,-25.587520368435],[-57.122543296505,-25.586964812895]]}},{"type":"Feature","properties":{"category":"dem_stream","class":"creek","threshold_label":"headwaters \u2265 80 cells","catchment_km2":3.89,"accumulation_cells":120,"vertex_count":401,"decimated":true,"source":"Copernicus GLO-30 DEM at 180 m, D8 flow accumulation"},"geometry":{"type":"MultiLineString","coordinates":[[[-57.117543296645,-25.653075922155],[-57.118098852185,-25.651409255535]],[[-57.118098852185,-25.651409255535],[-57.118654407724996,-25.651964811075]]]}},{"type":"Feature","properties":{"category":"dem_stream","class":"rill","threshold_label":"headwaters \u2265 80 cells","catchment_km2":0.23,"accumulation_cells":7,"vertex_count":6,"decimated":true,"source":"Copernicus GLO-30 DEM at 180 m, D8 flow accumulation"},"geometry":{"type":"LineString","coordinates":[[-57.116432185565,-25.536409258755],[-57.119209963265,-25.537520369835],[-57.121987740965,-25.538075925375],[-57.124765518665,-25.539742591995],[-57.126432185285,-25.542520369694998],[-57.128098851905,-25.543631480774998]]}},{"type":"Feature","properties":{"category":"dem_stream","class":"rill","threshold_label":"headwaters \u2265 80 cells","catchment_km2":0.94,"accumulation_cells":29,"vertex_count":8,"decimated":false,"source":"Copernicus GLO-30 DEM at 180 m, D8 flow accumulation"},"geometry":{"type":"LineString","coordinates":[[-57.115321074485,-25.663631477415],[-57.115876630025,-25.663631477415],[-57.116432185565,-25.663631477415],[-57.116987741105,-25.663075921875],[-57.117543296645,-25.663075921875],[-57.118098852185,-25.662520366335],[-57.118654407724996,-25.662520366335],[-57.119209963265,-25.661964810795]]}},{"type":"Feature","properties":{"category":"dem_stream","class":"tributary","threshold_label":"headwaters \u2265 80 cells","catchment_km2":7.35,"accumulation_cells":227,"vertex_count":401,"decimated":true,"source":"Copernicus GLO-30 DEM at 180 m, D8 flow accumulation"},"geometry":{"type":"MultiLineString","coordinates":[[[-57.114765518945,-25.626964811775],[-57.115321074485,-25.626409256235]],[[-57.115321074485,-25.626409256235],[-57.115876630025,-25.626409256235]]]}},{"type":"Feature","properties":{"category":"dem_stream","class":"rill","threshold_label":"headwaters \u2265 80 cells","catchment_km2":0.91,"accumulation_cells":28,"vertex_count":7,"decimated":false,"source":"Copernicus GLO-30 DEM at 180 m, D8 flow accumulation"},"geometry":{"type":"LineString","coordinates":[[-57.114765518945,-25.684187032395],[-57.114765518945,-25.684742587935],[-57.115321074485,-25.685298143475],[-57.115321074485,-25.685853699015],[-57.115321074485,-25.686409254555],[-57.115321074485,-25.686964810095],[-57.115876630025,-25.687520365635]]}},{"type":"Feature","properties":{"category":"dem_stream","class":"rill","threshold_label":"headwaters \u2265 80 cells","catchment_km2":0.45,"accumulation_cells":14,"vertex_count":5,"decimated":false,"source":"Copernicus GLO-30 DEM at 180 m, D8 flow accumulation"},"geometry":{"type":"LineString","coordinates":[[-57.114209963405,-25.619742589755],[-57.114765518945,-25.619742589755],[-57.114765518945,-25.620298145295],[-57.115321074485,-25.620853700835],[-57.115876630025,-25.621409256375]]}},{"type":"Feature","properties":{"category":"dem_stream","class":"tributary","threshold_label":"headwaters \u2265 80 cells","catchment_km2":7.45,"accumulation_cells":230,"vertex_count":8,"decimated":false,"source":"Copernicus GLO-30 DEM at 180 m, D8 flow accumulation"},"geometry":{"type":"LineString","coordinates":[[-57.112543296785,-25.667520366195],[-57.113098852325,-25.666964810655],[-57.113654407865,-25.666964810655],[-57.114209963405,-25.666409255115],[-57.114765518945,-25.665853699575],[-57.115321074485,-25.665298144035],[-57.115321074485,-25.664742588495],[-57.115321074485,-25.664187032955]]}},{"type":"Feature","properties":{"category":"dem_stream","class":"creek","threshold_label":"headwaters \u2265 80 cells","catchment_km2":2.24,"accumulation_cells":69,"vertex_count":10,"decimated":false,"source":"Copernicus GLO-30 DEM at 180 m, D8 flow accumulation"},"geometry":{"type":"LineString","coordinates":[[-57.111987741245,-25.649187033375],[-57.112543296785,-25.649187033375],[-57.113098852325,-25.649187033375],[-57.113654407865,-25.649187033375],[-57.114209963405,-25.649187033375],[-57.114765518945,-25.648631477835],[-57.115321074485,-25.648631477835],[-57.115876630025,-25.648631477835],[-57.115876630025,-25.648075922295],[-57.115321074485,-25.647520366755]]}},{"type":"Feature","properties":{"category":"dem_stream","class":"creek","threshold_label":"headwaters \u2265 80 cells","catchment_km2":4.44,"accumulation_cells":137,"vertex_count":401,"decimated":true,"source":"Copernicus GLO-30 DEM at 180 m, D8 flow accumulation"},"geometry":{"type":"MultiLineString","coordinates":[[[-57.111432185705,-25.519187037014998],[-57.110876630165,-25.518631481474998]],[[-57.110876630165,-25.518631481474998],[-57.110321074625,-25.518631481474998]]]}},{"type":"Feature","properties":{"category":"dem_stream","class":"tributary","threshold_label":"headwaters \u2265 80 cells","catchment_km2":5.22,"accumulation_cells":161,"vertex_count":401,"decimated":true,"source":"Copernicus GLO-30 DEM at 180 m, D8 flow accumulation"},"geometry":{"type":"MultiLineString","coordinates":[[[-57.111432185705,-25.546964814015],[-57.113098852325,-25.549187036175]],[[-57.113098852325,-25.549187036175],[-57.112543296785,-25.549187036175]]]}},{"type":"Feature","properties":{"category":"dem_stream","class":"creek","threshold_label":"headwaters \u2265 80 cells","catchment_km2":4.54,"accumulation_cells":140,"vertex_count":401,"decimated":true,"source":"Copernicus GLO-30 DEM at 180 m, D8 flow accumulation"},"geometry":{"type":"MultiLineString","coordinates":[[[-57.111432185705,-25.565298146834998],[-57.111432185705,-25.564742591294998]],[[-57.111432185705,-25.564742591294998],[-57.111987741245,-25.565298146834998]]]}},{"type":"Feature","properties":{"category":"dem_stream","class":"rill","threshold_label":"headwaters \u2265 80 cells","catchment_km2":0.36,"accumulation_cells":11,"vertex_count":4,"decimated":false,"source":"Copernicus GLO-30 DEM at 180 m, D8 flow accumulation"},"geometry":{"type":"LineString","coordinates":[[-57.110876630165,-25.599742590315],[-57.111432185705,-25.600298145855],[-57.111432185705,-25.600853701395],[-57.111432185705,-25.601409256935]]}},{"type":"Feature","properties":{"category":"dem_stream","class":"rill","threshold_label":"headwaters \u2265 80 cells","catchment_km2":0.19,"accumulation_cells":6,"vertex_count":9,"decimated":false,"source":"Copernicus GLO-30 DEM at 180 m, D8 flow accumulation"},"geometry":{"type":"LineString","coordinates":[[-57.109765519085,-25.575298146555],[-57.110321074625,-25.575853702095],[-57.110876630165,-25.575853702095],[-57.111432185705,-25.575853702095],[-57.111987741245,-25.575853702095],[-57.112543296785,-25.575298146555],[-57.113098852325,-25.575298146555],[-57.113654407865,-25.575298146555],[-57.114209963405,-25.575298146555]]}},{"type":"Feature","properties":{"category":"dem_stream","class":"rill","threshold_label":"headwaters \u2265 80 cells","catchment_km2":0.06,"accumulation_cells":2,"vertex_count":8,"decimated":false,"source":"Copernicus GLO-30 DEM at 180 m, D8 flow accumulation"},"geometry":{"type":"LineString","coordinates":[[-57.108654408005,-25.580298146415],[-57.109209963545,-25.579742590875],[-57.109765519085,-25.579742590875],[-57.110321074625,-25.579187035335],[-57.110321074625,-25.578631479795],[-57.110321074625,-25.578075924255],[-57.110321074625,-25.577520368715],[-57.110876630165,-25.576964813175]]}},{"type":"Feature","properties":{"category":"dem_stream","class":"rill","threshold_label":"headwaters \u2265 80 cells","catchment_km2":0.94,"accumulation_cells":29,"vertex_count":16,"decimated":false,"source":"Copernicus GLO-30 DEM at 180 m, D8 flow accumulation"},"geometry":{"type":"LineString","coordinates":[[-57.108098852465,-25.643075922435],[-57.108654408005,-25.642520366895],[-57.109209963545,-25.642520366895],[-57.109765519085,-25.642520366895],[-57.110321074625,-25.641964811355],[-57.110876630165,-25.641409255815],[-57.111432185705,-25.641409255815],[-57.111987741245,-25.641409255815],[-57.112543296785,-25.641409255815],[-57.113098852325,-25.641409255815],[-57.113654407865,-25.641409255815],[-57.114209963405,-25.641964811355],[-57.114765518945,-25.642520366895],[-57.115321074485,-25.643075922435],[-57.115876630025,-25.643631477975],[-57.116432185565,-25.643631477975]]}},{"type":"Feature","properties":{"category":"dem_stream","class":"creek","threshold_label":"headwaters \u2265 80 cells","catchment_km2":1.26,"accumulation_cells":39,"vertex_count":3,"decimated":false,"source":"Copernicus GLO-30 DEM at 180 m, D8 flow accumulation"},"geometry":{"type":"LineString","coordinates":[[-57.107543296925,-25.595853701535],[-57.108098852465,-25.596409257075],[-57.108654408005,-25.596964812615]]}},{"type":"Feature","properties":{"category":"dem_stream","class":"tributary","threshold_label":"headwaters \u2265 80 cells","catchment_km2":11.08,"accumulation_cells":342,"vertex_count":401,"decimated":true,"source":"Copernicus GLO-30 DEM at 180 m, D8 flow accumulation"},"geometry":{"type":"LineString","coordinates":[[-57.106432185845,-25.525298147955],[-57.104209963685,-25.523075925795]]}},{"type":"Feature","properties":{"category":"dem_stream","class":"creek","threshold_label":"headwaters \u2265 80 cells","catchment_km2":1.1,"accumulation_cells":34,"vertex_count":6,"decimated":true,"source":"Copernicus GLO-30 DEM at 180 m, D8 flow accumulation"},"geometry":{"type":"LineString","coordinates":[[-57.105876630305,-25.623075922995],[-57.108654408005,-25.621964811915],[-57.111432185705,-25.621964811915],[-57.114209963405,-25.622520367455],[-57.116432185565,-25.623631478535],[-57.116432185565,-25.624187034075]]}},{"type":"Feature","properties":{"category":"dem_stream","class":"creek","threshold_label":"headwaters \u2265 80 cells","catchment_km2":4.83,"accumulation_cells":149,"vertex_count":11,"decimated":false,"source":"Copernicus GLO-30 DEM at 180 m, D8 flow accumulation"},"geometry":{"type":"LineString","coordinates":[[-57.105321074765,-25.578075924255],[-57.105876630305,-25.578075924255],[-57.106432185845,-25.577520368715],[-57.106987741385,-25.578075924255],[-57.107543296925,-25.578075924255],[-57.108098852465,-25.578075924255],[-57.108654408005,-25.578075924255],[-57.109209963545,-25.577520368715],[-57.109765519085,-25.577520368715],[-57.109765519085,-25.576964813175],[-57.110321074625,-25.576409257635]]}},{"type":"Feature","properties":{"category":"dem_stream","class":"rill","threshold_label":"headwaters \u2265 80 cells","catchment_km2":0.71,"accumulation_cells":22,"vertex_count":6,"decimated":false,"source":"Copernicus GLO-30 DEM at 180 m, D8 flow accumulation"},"geometry":{"type":"LineString","coordinates":[[-57.105321074765,-25.608075923415],[-57.105876630305,-25.608631478955],[-57.106432185845,-25.609187034495],[-57.106987741385,-25.609187034495],[-57.107543296925,-25.609742590035],[-57.108098852465,-25.610298145575]]}},{"type":"Feature","properties":{"category":"dem_stream","class":"rill","threshold_label":"headwaters \u2265 80 cells","catchment_km2":0.58,"accumulation_cells":18,"vertex_count":7,"decimated":false,"source":"Copernicus GLO-30 DEM at 180 m, D8 flow accumulation"},"geometry":{"type":"LineString","coordinates":[[-57.104209963685,-25.628075922855],[-57.104209963685,-25.628631478395],[-57.104765519225,-25.629187033935],[-57.105321074765,-25.629187033935],[-57.105876630305,-25.629742589475],[-57.106432185845,-25.629187033935],[-57.106987741385,-25.629742589475]]}},{"type":"Feature","properties":{"category":"dem_stream","class":"tributary","threshold_label":"headwaters \u2265 80 cells","catchment_km2":7.42,"accumulation_cells":229,"vertex_count":20,"decimated":false,"source":"Copernicus GLO-30 DEM at 180 m, D8 flow accumulation"},"geometry":{"type":"LineString","coordinates":[[-57.104209963685,-25.638075922575],[-57.104765519225,-25.638631478115],[-57.105321074765,-25.638631478115],[-57.105876630305,-25.638631478115],[-57.106432185845,-25.638075922575],[-57.106987741385,-25.638075922575],[-57.107543296925,-25.638075922575],[-57.108098852465,-25.638075922575],[-57.108654408005,-25.638075922575],[-57.109209963545,-25.638631478115],[-57.109765519085,-25.639187033655],[-57.110321074625,-25.639187033655],[-57.110876630165,-25.639187033655],[-57.111432185705,-25.639187033655],[-57.111987741245,-25.639742589195],[-57.112543296785,-25.640298144735],[-57.113098852325,-25.640853700275],[-57.113654407865,-25.640853700275],[-57.114209963405,-25.641409255815],[-57.114765518945,-25.641964811355]]}},{"type":"Feature","properties":{"category":"dem_stream","class":"rill","threshold_label":"headwaters \u2265 80 cells","catchment_km2":0.06,"accumulation_cells":2,"vertex_count":6,"decimated":true,"source":"Copernicus GLO-30 DEM at 180 m, D8 flow accumulation"},"geometry":{"type":"LineString","coordinates":[[-57.103654408145,-25.533631481055],[-57.102543297065,-25.530853703355],[-57.101432185985,-25.528075925655],[-57.101432185985,-25.525298147955],[-57.099765519365,-25.522520370255],[-57.099765519365,-25.521409259174998]]}},{"type":"Feature","properties":{"category":"dem_stream","class":"tributary","threshold_label":"headwaters \u2265 80 cells","catchment_km2":15.62,"accumulation_cells":482,"vertex_count":401,"decimated":true,"source":"Copernicus GLO-30 DEM at 180 m, D8 flow accumulation"},"geometry":{"type":"LineString","coordinates":[[-57.103654408145,-25.557520369275],[-57.106432185845,-25.556964813735],[-57.108654408005,-25.559187035895],[-57.110321074625,-25.561409258055]]}},{"type":"Feature","properties":{"category":"dem_stream","class":"tributary","threshold_label":"headwaters \u2265 80 cells","catchment_km2":10.59,"accumulation_cells":327,"vertex_count":7,"decimated":false,"source":"Copernicus GLO-30 DEM at 180 m, D8 flow accumulation"},"geometry":{"type":"LineString","coordinates":[[-57.103654408145,-25.560298146975],[-57.104209963685,-25.560298146975],[-57.104765519225,-25.560298146975],[-57.105321074765,-25.559742591435],[-57.105876630305,-25.559187035895],[-57.106432185845,-25.559187035895],[-57.106987741385,-25.558631480355]]}},{"type":"Feature","properties":{"category":"dem_stream","class":"rill","threshold_label":"headwaters \u2265 80 cells","catchment_km2":0.87,"accumulation_cells":27,"vertex_count":8,"decimated":false,"source":"Copernicus GLO-30 DEM at 180 m, D8 flow accumulation"},"geometry":{"type":"LineString","coordinates":[[-57.103654408145,-25.590853701674998],[-57.103654408145,-25.591409257215],[-57.103654408145,-25.591964812755],[-57.104209963685,-25.592520368295],[-57.104765519225,-25.593075923835],[-57.104765519225,-25.593631479375],[-57.105321074765,-25.594187034915],[-57.105876630305,-25.594742590455]]}},{"type":"Feature","properties":{"category":"dem_stream","class":"creek","threshold_label":"headwaters \u2265 80 cells","catchment_km2":1.39,"accumulation_cells":43,"vertex_count":10,"decimated":false,"source":"Copernicus GLO-30 DEM at 180 m, D8 flow accumulation"},"geometry":{"type":"LineString","coordinates":[[-57.103654408145,-25.691409254415],[-57.104209963685,-25.691964809955],[-57.104209963685,-25.692520365495],[-57.104209963685,-25.693075921035],[-57.104209963685,-25.693631476575],[-57.104209963685,-25.694187032115],[-57.104765519225,-25.694742587655],[-57.105321074765,-25.695298143195],[-57.105876630305,-25.695853698735],[-57.105876630305,-25.696409254275]]}},{"type":"Feature","properties":{"category":"dem_stream","class":"tributary","threshold_label":"headwaters \u2265 80 cells","catchment_km2":7.0,"accumulation_cells":216,"vertex_count":401,"decimated":true,"source":"Copernicus GLO-30 DEM at 180 m, D8 flow accumulation"},"geometry":{"type":"MultiLineString","coordinates":[[[-57.101987741525,-25.547520369555],[-57.103098852605,-25.550298147255]],[[-57.103098852605,-25.550298147255],[-57.103098852605,-25.549742591715]]]}},{"type":"Feature","properties":{"category":"dem_stream","class":"tributary","threshold_label":"headwaters \u2265 80 cells","catchment_km2":6.12,"accumulation_cells":189,"vertex_count":9,"decimated":false,"source":"Copernicus GLO-30 DEM at 180 m, D8 flow accumulation"},"geometry":{"type":"LineString","coordinates":[[-57.101432185985,-25.610853701114998],[-57.101987741525,-25.610298145575],[-57.102543297065,-25.610298145575],[-57.103098852605,-25.609742590035],[-57.103654408145,-25.609187034495],[-57.104209963685,-25.609187034495],[-57.104765519225,-25.609187034495],[-57.105321074765,-25.609187034495],[-57.105876630305,-25.609187034495]]}},{"type":"Feature","properties":{"category":"dem_stream","class":"tributary","threshold_label":"headwaters \u2265 80 cells","catchment_km2":5.51,"accumulation_cells":170,"vertex_count":5,"decimated":false,"source":"Copernicus GLO-30 DEM at 180 m, D8 flow accumulation"},"geometry":{"type":"LineString","coordinates":[[-57.101432185985,-25.627520367315],[-57.101987741525,-25.628075922855],[-57.102543297065,-25.628075922855],[-57.103098852605,-25.628631478395],[-57.103654408145,-25.628631478395]]}},{"type":"Feature","properties":{"category":"dem_stream","class":"tributary","threshold_label":"headwaters \u2265 80 cells","catchment_km2":5.15,"accumulation_cells":159,"vertex_count":10,"decimated":false,"source":"Copernicus GLO-30 DEM at 180 m, D8 flow accumulation"},"geometry":{"type":"LineString","coordinates":[[-57.099765519365,-25.563075924675],[-57.100321074905,-25.563075924675],[-57.100876630445,-25.563075924675],[-57.101432185985,-25.562520369135],[-57.101987741525,-25.562520369135],[-57.102543297065,-25.561964813595],[-57.103098852605,-25.561964813595],[-57.103654408145,-25.561409258055],[-57.103654408145,-25.560853702515],[-57.104209963685,-25.560853702515]]}},{"type":"Feature","properties":{"category":"dem_stream","class":"creek","threshold_label":"headwaters \u2265 80 cells","catchment_km2":3.76,"accumulation_cells":116,"vertex_count":401,"decimated":true,"source":"Copernicus GLO-30 DEM at 180 m, D8 flow accumulation"},"geometry":{"type":"MultiLineString","coordinates":[[[-57.099765519365,-25.609742590035],[-57.100321074905,-25.609742590035]],[[-57.100321074905,-25.609742590035],[-57.100876630445,-25.609742590035]]]}},{"type":"Feature","properties":{"category":"dem_stream","class":"main","threshold_label":"headwaters \u2265 80 cells","catchment_km2":28.8,"accumulation_cells":889,"vertex_count":401,"decimated":true,"source":"Copernicus GLO-30 DEM at 180 m, D8 flow accumulation"},"geometry":{"type":"MultiLineString","coordinates":[[[-57.099209963825,-25.633631478255],[-57.101987741525,-25.632520367175],[-57.104765519225,-25.633075922715],[-57.107543296925,-25.633631478255],[-57.110321074625,-25.632520367175],[-57.113098852325,-25.631964811635],[-57.115876630025,-25.632520367175],[-57.117543296645,-25.633075922715]],[[-57.117543296645,-25.633075922715],[-57.118098852185,-25.633631478255]]]}},{"type":"Feature","properties":{"category":"dem_stream","class":"rill","threshold_label":"headwaters \u2265 80 cells","catchment_km2":0.1,"accumulation_cells":3,"vertex_count":5,"decimated":false,"source":"Copernicus GLO-30 DEM at 180 m, D8 flow accumulation"},"geometry":{"type":"LineString","coordinates":[[-57.096987741665,-25.549187036175],[-57.097543297205,-25.549187036175],[-57.098098852745,-25.548631480635],[-57.098654408285,-25.548631480635],[-57.099209963825,-25.548631480635]]}},{"type":"Feature","properties":{"category":"dem_stream","class":"rill","threshold_label":"headwaters \u2265 80 cells","catchment_km2":0.49,"accumulation_cells":15,"vertex_count":5,"decimated":false,"source":"Copernicus GLO-30 DEM at 180 m, D8 flow accumulation"},"geometry":{"type":"LineString","coordinates":[[-57.096432186125,-25.608075923415],[-57.096987741665,-25.608631478955],[-57.097543297205,-25.609187034495],[-57.098098852745,-25.609187034495],[-57.098654408285,-25.609187034495]]}},{"type":"Feature","properties":{"category":"dem_stream","class":"tributary","threshold_label":"headwaters \u2265 80 cells","catchment_km2":12.64,"accumulation_cells":390,"vertex_count":6,"decimated":true,"source":"Copernicus GLO-30 DEM at 180 m, D8 flow accumulation"},"geometry":{"type":"LineString","coordinates":[[-57.095876630584996,-25.681409254694998],[-57.098654408285,-25.683075921314998],[-57.101432185985,-25.685298143475],[-57.102543297065,-25.688075921175],[-57.104209963685,-25.690853698875],[-57.104209963685,-25.691409254415]]}},{"type":"Feature","properties":{"category":"dem_stream","class":"creek","threshold_label":"headwaters \u2265 80 cells","catchment_km2":3.05,"accumulation_cells":94,"vertex_count":401,"decimated":true,"source":"Copernicus GLO-30 DEM at 180 m, D8 flow accumulation"},"geometry":{"type":"MultiLineString","coordinates":[[[-57.093654408425,-25.538075925375],[-57.092543297345,-25.536409258755]],[[-57.092543297345,-25.536409258755],[-57.092543297345,-25.536964814295]]]}},{"type":"Feature","properties":{"category":"dem_stream","class":"rill","threshold_label":"headwaters \u2265 80 cells","catchment_km2":0.13,"accumulation_cells":4,"vertex_count":13,"decimated":false,"source":"Copernicus GLO-30 DEM at 180 m, D8 flow accumulation"},"geometry":{"type":"LineString","coordinates":[[-57.093654408425,-25.544742591854998],[-57.093098852885,-25.544187036314998],[-57.093098852885,-25.543631480774998],[-57.093098852885,-25.543075925234998],[-57.093098852885,-25.542520369694998],[-57.092543297345,-25.541964814154998],[-57.091987741805,-25.541409258615],[-57.091987741805,-25.540853703075],[-57.091432186265,-25.540298147535],[-57.090876630725,-25.539742591995],[-57.090876630725,-25.539187036455],[-57.090876630725,-25.538631480915],[-57.090321075185,-25.538075925375]]}},{"type":"Feature","properties":{"category":"dem_stream","class":"rill","threshold_label":"headwaters \u2265 80 cells","catchment_km2":0.65,"accumulation_cells":20,"vertex_count":11,"decimated":false,"source":"Copernicus GLO-30 DEM at 180 m, D8 flow accumulation"},"geometry":{"type":"LineString","coordinates":[[-57.091432186265,-25.588631479514998],[-57.091987741805,-25.588631479514998],[-57.092543297345,-25.588631479514998],[-57.092543297345,-25.589187035054998],[-57.093098852885,-25.589742590594998],[-57.093654408425,-25.590298146134998],[-57.093654408425,-25.590853701674998],[-57.093654408425,-25.591409257215],[-57.093654408425,-25.591964812755],[-57.093654408425,-25.592520368295],[-57.093654408425,-25.593075923835]]}},{"type":"Feature","properties":{"category":"dem_stream","class":"main","threshold_label":"headwaters \u2265 80 cells","catchment_km2":30.65,"accumulation_cells":946,"vertex_count":401,"decimated":true,"source":"Copernicus GLO-30 DEM at 180 m, D8 flow accumulation"},"geometry":{"type":"LineString","coordinates":[[-57.091432186265,-25.662520366335],[-57.094209963965,-25.662520366335],[-57.096987741665,-25.664187032955],[-57.099765519365,-25.665298144035],[-57.102543297065,-25.668075921735],[-57.103098852605,-25.669187032815]]}},{"type":"Feature","properties":{"category":"dem_stream","class":"rill","threshold_label":"headwaters \u2265 80 cells","catchment_km2":0.62,"accumulation_cells":19,"vertex_count":5,"decimated":false,"source":"Copernicus GLO-30 DEM at 180 m, D8 flow accumulation"},"geometry":{"type":"LineString","coordinates":[[-57.090876630725,-25.566409257914998],[-57.091432186265,-25.566964813454998],[-57.091987741805,-25.566964813454998],[-57.092543297345,-25.567520368994998],[-57.092543297345,-25.568075924534998]]}},{"type":"Feature","properties":{"category":"dem_stream","class":"creek","threshold_label":"headwaters \u2265 80 cells","catchment_km2":1.59,"accumulation_cells":49,"vertex_count":3,"decimated":false,"source":"Copernicus GLO-30 DEM at 180 m, D8 flow accumulation"},"geometry":{"type":"LineString","coordinates":[[-57.090321075185,-25.524742592415],[-57.090321075185,-25.524187036875],[-57.090321075185,-25.523631481335]]}},{"type":"Feature","properties":{"category":"dem_stream","class":"rill","threshold_label":"headwaters \u2265 80 cells","catchment_km2":0.39,"accumulation_cells":12,"vertex_count":6,"decimated":false,"source":"Copernicus GLO-30 DEM at 180 m, D8 flow accumulation"},"geometry":{"type":"LineString","coordinates":[[-57.089765519645,-25.522520370255],[-57.089209964105,-25.521964814715],[-57.089209964105,-25.521409259174998],[-57.088654408565,-25.520853703634998],[-57.089209964105,-25.520298148094998],[-57.088654408565,-25.519742592554998]]}},{"type":"Feature","properties":{"category":"dem_stream","class":"rill","threshold_label":"headwaters \u2265 80 cells","catchment_km2":0.45,"accumulation_cells":14,"vertex_count":3,"decimated":false,"source":"Copernicus GLO-30 DEM at 180 m, D8 flow accumulation"},"geometry":{"type":"LineString","coordinates":[[-57.089765519645,-25.651409255535],[-57.090321075185,-25.651964811075],[-57.090321075185,-25.652520366615]]}},{"type":"Feature","properties":{"category":"dem_stream","class":"tributary","threshold_label":"headwaters \u2265 80 cells","catchment_km2":7.29,"accumulation_cells":225,"vertex_count":401,"decimated":true,"source":"Copernicus GLO-30 DEM at 180 m, D8 flow accumulation"},"geometry":{"type":"MultiLineString","coordinates":[[[-57.088654408565,-25.542520369694998],[-57.089209964105,-25.539742591995],[-57.088654408565,-25.536964814295],[-57.087543297485,-25.534742592135],[-57.085321075325,-25.532520369975],[-57.084209964245,-25.530853703355]],[[-57.084209964245,-25.530853703355],[-57.083654408705,-25.530853703355]]]}},{"type":"Feature","properties":{"category":"dem_stream","class":"creek","threshold_label":"headwaters \u2265 80 cells","catchment_km2":1.78,"accumulation_cells":55,"vertex_count":6,"decimated":false,"source":"Copernicus GLO-30 DEM at 180 m, D8 flow accumulation"},"geometry":{"type":"LineString","coordinates":[[-57.088654408565,-25.660298144174998],[-57.089209964105,-25.660853699715],[-57.089765519645,-25.660853699715],[-57.090321075185,-25.660853699715],[-57.090321075185,-25.661409255255],[-57.090876630725,-25.661964810795]]}},{"type":"Feature","properties":{"category":"dem_stream","class":"creek","threshold_label":"headwaters \u2265 80 cells","catchment_km2":4.63,"accumulation_cells":143,"vertex_count":401,"decimated":true,"source":"Copernicus GLO-30 DEM at 180 m, D8 flow accumulation"},"geometry":{"type":"MultiLineString","coordinates":[[[-57.086432186405,-25.581409257495],[-57.089209964105,-25.581409257495]],[[-57.089209964105,-25.581409257495],[-57.089765519645,-25.581964813035]]]}},{"type":"Feature","properties":{"category":"dem_stream","class":"tributary","threshold_label":"headwaters \u2265 80 cells","catchment_km2":14.58,"accumulation_cells":450,"vertex_count":401,"decimated":true,"source":"Copernicus GLO-30 DEM at 180 m, D8 flow accumulation"},"geometry":{"type":"LineString","coordinates":[[-57.086432186405,-25.633631478255],[-57.086432186405,-25.636409255954998],[-57.086432186405,-25.639187033655],[-57.086432186405,-25.639742589195]]}},{"type":"Feature","properties":{"category":"dem_stream","class":"rill","threshold_label":"headwaters \u2265 80 cells","catchment_km2":0.1,"accumulation_cells":3,"vertex_count":12,"decimated":false,"source":"Copernicus GLO-30 DEM at 180 m, D8 flow accumulation"},"geometry":{"type":"LineString","coordinates":[[-57.086432186405,-25.654187033235],[-57.086987741945,-25.654742588775],[-57.087543297485,-25.654742588775],[-57.088098853025,-25.654742588775],[-57.088098853025,-25.655298144315],[-57.088654408565,-25.655853699855],[-57.089209964105,-25.656409255395],[-57.089209964105,-25.656964810934998],[-57.089765519645,-25.657520366474998],[-57.090321075185,-25.657520366474998],[-57.090876630725,-25.658075922014998],[-57.091432186265,-25.658631477554998]]}},{"type":"Feature","properties":{"category":"dem_stream","class":"tributary","threshold_label":"headwaters \u2265 80 cells","catchment_km2":17.95,"accumulation_cells":554,"vertex_count":401,"decimated":true,"source":"Copernicus GLO-30 DEM at 180 m, D8 flow accumulation"},"geometry":{"type":"MultiLineString","coordinates":[[[-57.085876630865,-25.538075925375],[-57.085321075325,-25.535298147675],[-57.083098853165,-25.533075925515],[-57.082543297625,-25.532520369975]],[[-57.082543297625,-25.532520369975],[-57.081987742085,-25.531964814435]]]}},{"type":"Feature","properties":{"category":"dem_stream","class":"creek","threshold_label":"headwaters \u2265 80 cells","catchment_km2":1.94,"accumulation_cells":60,"vertex_count":4,"decimated":false,"source":"Copernicus GLO-30 DEM at 180 m, D8 flow accumulation"},"geometry":{"type":"LineString","coordinates":[[-57.085876630865,-25.561964813595],[-57.086432186405,-25.561964813595],[-57.086987741945,-25.562520369135],[-57.087543297485,-25.562520369135]]}},{"type":"Feature","properties":{"category":"dem_stream","class":"rill","threshold_label":"headwaters \u2265 80 cells","catchment_km2":0.32,"accumulation_cells":10,"vertex_count":3,"decimated":false,"source":"Copernicus GLO-30 DEM at 180 m, D8 flow accumulation"},"geometry":{"type":"LineString","coordinates":[[-57.084765519785,-25.604187034635],[-57.085321075325,-25.604742590175],[-57.085876630865,-25.604742590175]]}},{"type":"Feature","properties":{"category":"dem_stream","class":"rill","threshold_label":"headwaters \u2265 80 cells","catchment_km2":0.13,"accumulation_cells":4,"vertex_count":5,"decimated":false,"source":"Copernicus GLO-30 DEM at 180 m, D8 flow accumulation"},"geometry":{"type":"LineString","coordinates":[[-57.083654408705,-25.576409257635],[-57.084209964245,-25.576409257635],[-57.084765519785,-25.576964813175],[-57.085321075325,-25.576964813175],[-57.085876630865,-25.577520368715]]}},{"type":"Feature","properties":{"category":"dem_stream","class":"creek","threshold_label":"headwaters \u2265 80 cells","catchment_km2":3.63,"accumulation_cells":112,"vertex_count":401,"decimated":true,"source":"Copernicus GLO-30 DEM at 180 m, D8 flow accumulation"},"geometry":{"type":"LineString","coordinates":[[-57.083654408705,-25.614187034354998],[-57.084765519785,-25.615853700975]]}},{"type":"Feature","properties":{"category":"dem_stream","class":"creek","threshold_label":"headwaters \u2265 80 cells","catchment_km2":4.08,"accumulation_cells":126,"vertex_count":401,"decimated":true,"source":"Copernicus GLO-30 DEM at 180 m, D8 flow accumulation"},"geometry":{"type":"LineString","coordinates":[[-57.083098853165,-25.618075923135],[-57.084765519785,-25.616964812055]]}},{"type":"Feature","properties":{"category":"dem_stream","class":"tributary","threshold_label":"headwaters \u2265 80 cells","catchment_km2":7.39,"accumulation_cells":228,"vertex_count":18,"decimated":false,"source":"Copernicus GLO-30 DEM at 180 m, D8 flow accumulation"},"geometry":{"type":"LineString","coordinates":[[-57.082543297625,-25.541964814154998],[-57.082543297625,-25.541409258615],[-57.081987742085,-25.540853703075],[-57.081987742085,-25.540298147535],[-57.081987742085,-25.539742591995],[-57.081432186545,-25.539187036455],[-57.080876631005,-25.538631480915],[-57.080876631005,-25.538075925375],[-57.080321075465,-25.537520369835],[-57.080321075465,-25.536964814295],[-57.080876631005,-25.536409258755],[-57.080876631005,-25.535853703215],[-57.081432186545,-25.535298147675],[-57.081432186545,-25.534742592135],[-57.081432186545,-25.534187036595],[-57.081432186545,-25.533631481055],[-57.081987742085,-25.533075925515],[-57.081987742085,-25.532520369975]]}},{"type":"Feature","properties":{"category":"dem_stream","class":"tributary","threshold_label":"headwaters \u2265 80 cells","catchment_km2":16.49,"accumulation_cells":509,"vertex_count":401,"decimated":true,"source":"Copernicus GLO-30 DEM at 180 m, D8 flow accumulation"},"geometry":{"type":"MultiLineString","coordinates":[[[-57.081432186545,-25.549187036175],[-57.079209964385,-25.546409258475],[-57.078098853305,-25.543631480774998],[-57.078098853305,-25.541964814154998]],[[-57.078098853305,-25.541964814154998],[-57.078098853305,-25.541409258615]]]}},{"type":"Feature","properties":{"category":"dem_stream","class":"tributary","threshold_label":"headwaters \u2265 80 cells","catchment_km2":7.71,"accumulation_cells":238,"vertex_count":401,"decimated":true,"source":"Copernicus GLO-30 DEM at 180 m, D8 flow accumulation"},"geometry":{"type":"LineString","coordinates":[[-57.081432186545,-25.594742590455],[-57.081987742085,-25.596409257075]]}},{"type":"Feature","properties":{"category":"dem_stream","class":"creek","threshold_label":"headwaters \u2265 80 cells","catchment_km2":4.44,"accumulation_cells":137,"vertex_count":401,"decimated":true,"source":"Copernicus GLO-30 DEM at 180 m, D8 flow accumulation"},"geometry":{"type":"MultiLineString","coordinates":[[[-57.080321075465,-25.640853700275],[-57.081987742085,-25.640298144735]],[[-57.081987742085,-25.640298144735],[-57.081432186545,-25.640298144735]]]}},{"type":"Feature","properties":{"category":"dem_stream","class":"rill","threshold_label":"headwaters \u2265 80 cells","catchment_km2":0.32,"accumulation_cells":10,"vertex_count":3,"decimated":false,"source":"Copernicus GLO-30 DEM at 180 m, D8 flow accumulation"},"geometry":{"type":"LineString","coordinates":[[-57.079209964385,-25.683631476855],[-57.079209964385,-25.684187032395],[-57.079765519925,-25.684742587935]]}},{"type":"Feature","properties":{"category":"dem_stream","class":"rill","threshold_label":"headwaters \u2265 80 cells","catchment_km2":0.13,"accumulation_cells":4,"vertex_count":3,"decimated":false,"source":"Copernicus GLO-30 DEM at 180 m, D8 flow accumulation"},"geometry":{"type":"LineString","coordinates":[[-57.078098853305,-25.608075923415],[-57.078654408845,-25.608631478955],[-57.079209964385,-25.608631478955]]}},{"type":"Feature","properties":{"category":"dem_stream","class":"creek","threshold_label":"headwaters \u2265 80 cells","catchment_km2":1.56,"accumulation_cells":48,"vertex_count":6,"decimated":false,"source":"Copernicus GLO-30 DEM at 180 m, D8 flow accumulation"},"geometry":{"type":"LineString","coordinates":[[-57.076987742225,-25.599742590315],[-57.077543297765,-25.600298145855],[-57.078098853305,-25.599742590315],[-57.078654408845,-25.599742590315],[-57.079209964385,-25.599742590315],[-57.079765519925,-25.599742590315]]}},{"type":"Feature","properties":{"category":"dem_stream","class":"creek","threshold_label":"headwaters \u2265 80 cells","catchment_km2":1.1,"accumulation_cells":34,"vertex_count":7,"decimated":false,"source":"Copernicus GLO-30 DEM at 180 m, D8 flow accumulation"},"geometry":{"type":"LineString","coordinates":[[-57.075321075605,-25.540853703075],[-57.075876631145,-25.540853703075],[-57.076432186685,-25.540298147535],[-57.076987742225,-25.539742591995],[-57.077543297765,-25.539742591995],[-57.077543297765,-25.539187036455],[-57.078098853305,-25.538631480915]]}},{"type":"Feature","properties":{"category":"dem_stream","class":"creek","threshold_label":"headwaters \u2265 80 cells","catchment_km2":1.75,"accumulation_cells":54,"vertex_count":4,"decimated":false,"source":"Copernicus GLO-30 DEM at 180 m, D8 flow accumulation"},"geometry":{"type":"LineString","coordinates":[[-57.074209964525,-25.653075922155],[-57.074765520065,-25.653631477695],[-57.074765520065,-25.654187033235],[-57.075321075605,-25.654742588775]]}},{"type":"Feature","properties":{"category":"dem_stream","class":"rill","threshold_label":"headwaters \u2265 80 cells","catchment_km2":0.19,"accumulation_cells":6,"vertex_count":5,"decimated":false,"source":"Copernicus GLO-30 DEM at 180 m, D8 flow accumulation"},"geometry":{"type":"LineString","coordinates":[[-57.073654408985,-25.610853701114998],[-57.074209964525,-25.610853701114998],[-57.074765520065,-25.610853701114998],[-57.075321075605,-25.610853701114998],[-57.075876631145,-25.611409256654998]]}},{"type":"Feature","properties":{"category":"dem_stream","class":"tributary","threshold_label":"headwaters \u2265 80 cells","catchment_km2":5.64,"accumulation_cells":174,"vertex_count":401,"decimated":true,"source":"Copernicus GLO-30 DEM at 180 m, D8 flow accumulation"},"geometry":{"type":"MultiLineString","coordinates":[[[-57.072543297905,-25.520298148094998],[-57.075321075605,-25.518631481474998],[-57.075876631145,-25.518631481474998]],[[-57.075876631145,-25.518631481474998],[-57.076432186685,-25.518631481474998]]]}},{"type":"Feature","properties":{"category":"dem_stream","class":"main","threshold_label":"headwaters \u2265 80 cells","catchment_km2":31.33,"accumulation_cells":967,"vertex_count":401,"decimated":true,"source":"Copernicus GLO-30 DEM at 180 m, D8 flow accumulation"},"geometry":{"type":"MultiLineString","coordinates":[[[-57.072543297905,-25.556409258195],[-57.073654408985,-25.553631480495],[-57.074209964525,-25.550853702795],[-57.075876631145,-25.548075925095],[-57.076987742225,-25.545298147395],[-57.076432186685,-25.543631480774998]],[[-57.076432186685,-25.543631480774998],[-57.076432186685,-25.543075925234998]]]}},{"type":"Feature","properties":{"category":"dem_stream","class":"tributary","threshold_label":"headwaters \u2265 80 cells","catchment_km2":16.72,"accumulation_cells":516,"vertex_count":401,"decimated":true,"source":"Copernicus GLO-30 DEM at 180 m, D8 flow accumulation"},"geometry":{"type":"MultiLineString","coordinates":[[[-57.071987742365,-25.623075922995],[-57.074765520065,-25.623075922995],[-57.076987742225,-25.625298145155],[-57.079765519925,-25.626964811775],[-57.081987742085,-25.628631478395],[-57.084765519785,-25.629742589475]],[[-57.084765519785,-25.629742589475],[-57.084765519785,-25.630298145015]]]}},{"type":"Feature","properties":{"category":"dem_stream","class":"rill","threshold_label":"headwaters \u2265 80 cells","catchment_km2":0.29,"accumulation_cells":9,"vertex_count":3,"decimated":false,"source":"Copernicus GLO-30 DEM at 180 m, D8 flow accumulation"},"geometry":{"type":"LineString","coordinates":[[-57.068654409125,-25.694742587655],[-57.068654409125,-25.695298143195],[-57.069209964665,-25.695853698735]]}},{"type":"Feature","properties":{"category":"dem_stream","class":"tributary","threshold_label":"headwaters \u2265 80 cells","catchment_km2":9.27,"accumulation_cells":286,"vertex_count":401,"decimated":true,"source":"Copernicus GLO-30 DEM at 180 m, D8 flow accumulation"},"geometry":{"type":"MultiLineString","coordinates":[[[-57.068098853585,-25.675853699295],[-57.070876631285,-25.674742588215],[-57.073654408985,-25.675298143755]],[[-57.073654408985,-25.675298143755],[-57.073654408985,-25.675853699295]]]}},{"type":"Feature","properties":{"category":"dem_stream","class":"rill","threshold_label":"headwaters \u2265 80 cells","catchment_km2":0.23,"accumulation_cells":7,"vertex_count":5,"decimated":false,"source":"Copernicus GLO-30 DEM at 180 m, D8 flow accumulation"},"geometry":{"type":"LineString","coordinates":[[-57.067543298045,-25.576964813175],[-57.067543298045,-25.577520368715],[-57.067543298045,-25.578075924255],[-57.067543298045,-25.578631479795],[-57.068098853585,-25.579187035335]]}},{"type":"Feature","properties":{"category":"dem_stream","class":"rill","threshold_label":"headwaters \u2265 80 cells","catchment_km2":0.36,"accumulation_cells":11,"vertex_count":6,"decimated":false,"source":"Copernicus GLO-30 DEM at 180 m, D8 flow accumulation"},"geometry":{"type":"LineString","coordinates":[[-57.067543298045,-25.661409255255],[-57.067543298045,-25.661964810795],[-57.068098853585,-25.662520366335],[-57.068098853585,-25.663075921875],[-57.068098853585,-25.663631477415],[-57.068098853585,-25.664187032955]]}},{"type":"Feature","properties":{"category":"dem_stream","class":"rill","threshold_label":"headwaters \u2265 80 cells","catchment_km2":0.52,"accumulation_cells":16,"vertex_count":6,"decimated":true,"source":"Copernicus GLO-30 DEM at 180 m, D8 flow accumulation"},"geometry":{"type":"LineString","coordinates":[[-57.066987742505,-25.553631480495],[-57.068654409125,-25.550853702795],[-57.070876631285,-25.548075925095],[-57.072543297905,-25.545298147395],[-57.075321075605,-25.543075925234998],[-57.076432186685,-25.541964814154998]]}},{"type":"Feature","properties":{"category":"dem_stream","class":"tributary","threshold_label":"headwaters \u2265 80 cells","catchment_km2":15.68,"accumulation_cells":484,"vertex_count":401,"decimated":true,"source":"Copernicus GLO-30 DEM at 180 m, D8 flow accumulation"},"geometry":{"type":"MultiLineString","coordinates":[[[-57.065876631425,-25.646409255675],[-57.068654409125,-25.646409255675]],[[-57.068654409125,-25.646409255675],[-57.069209964665,-25.646409255675]]]}},{"type":"Feature","properties":{"category":"dem_stream","class":"rill","threshold_label":"headwaters \u2265 80 cells","catchment_km2":0.23,"accumulation_cells":7,"vertex_count":4,"decimated":false,"source":"Copernicus GLO-30 DEM at 180 m, D8 flow accumulation"},"geometry":{"type":"LineString","coordinates":[[-57.065321075885,-25.538631480915],[-57.064765520345,-25.538631480915],[-57.064765520345,-25.538075925375],[-57.064765520345,-25.537520369835]]}},{"type":"Feature","properties":{"category":"dem_stream","class":"creek","threshold_label":"headwaters \u2265 80 cells","catchment_km2":3.18,"accumulation_cells":98,"vertex_count":401,"decimated":true,"source":"Copernicus GLO-30 DEM at 180 m, D8 flow accumulation"},"geometry":{"type":"MultiLineString","coordinates":[[[-57.065321075885,-25.687520365635],[-57.066432186965,-25.688631476715]],[[-57.066432186965,-25.688631476715],[-57.065876631425,-25.688631476715]]]}},{"type":"Feature","properties":{"category":"dem_stream","class":"tributary","threshold_label":"headwaters \u2265 80 cells","catchment_km2":5.99,"accumulation_cells":185,"vertex_count":401,"decimated":true,"source":"Copernicus GLO-30 DEM at 180 m, D8 flow accumulation"},"geometry":{"type":"MultiLineString","coordinates":[[[-57.064765520345,-25.534187036595],[-57.063654409265,-25.531409258895],[-57.061432187105,-25.529187036735]],[[-57.061432187105,-25.529187036735],[-57.060876631565,-25.529187036735]]]}},{"type":"Feature","properties":{"category":"dem_stream","class":"rill","threshold_label":"headwaters \u2265 80 cells","catchment_km2":0.19,"accumulation_cells":6,"vertex_count":3,"decimated":false,"source":"Copernicus GLO-30 DEM at 180 m, D8 flow accumulation"},"geometry":{"type":"LineString","coordinates":[[-57.064765520345,-25.558075924815],[-57.065321075885,-25.557520369275],[-57.065321075885,-25.556964813735]]}},{"type":"Feature","properties":{"category":"dem_stream","class":"creek","threshold_label":"headwaters \u2265 80 cells","catchment_km2":3.79,"accumulation_cells":117,"vertex_count":401,"decimated":true,"source":"Copernicus GLO-30 DEM at 180 m, D8 flow accumulation"},"geometry":{"type":"MultiLineString","coordinates":[[[-57.064765520345,-25.640298144735],[-57.065321075885,-25.640853700275]],[[-57.065321075885,-25.640853700275],[-57.065876631425,-25.640853700275]]]}},{"type":"Feature","properties":{"category":"dem_stream","class":"tributary","threshold_label":"headwaters \u2265 80 cells","catchment_km2":7.03,"accumulation_cells":217,"vertex_count":401,"decimated":true,"source":"Copernicus GLO-30 DEM at 180 m, D8 flow accumulation"},"geometry":{"type":"MultiLineString","coordinates":[[[-57.064765520345,-25.666964810655],[-57.065876631425,-25.666964810655]],[[-57.065876631425,-25.666964810655],[-57.066432186965,-25.666964810655]]]}},{"type":"Feature","properties":{"category":"dem_stream","class":"tributary","threshold_label":"headwaters \u2265 80 cells","catchment_km2":12.64,"accumulation_cells":390,"vertex_count":401,"decimated":true,"source":"Copernicus GLO-30 DEM at 180 m, D8 flow accumulation"},"geometry":{"type":"LineString","coordinates":[[-57.062543298185,-25.572520368855],[-57.065321075885,-25.572520368855],[-57.067543298045,-25.573631479935],[-57.068098853585,-25.574187035475]]}},{"type":"Feature","properties":{"category":"dem_stream","class":"tributary","threshold_label":"headwaters \u2265 80 cells","catchment_km2":7.0,"accumulation_cells":216,"vertex_count":401,"decimated":true,"source":"Copernicus GLO-30 DEM at 180 m, D8 flow accumulation"},"geometry":{"type":"LineString","coordinates":[[-57.062543298185,-25.589742590594998],[-57.064765520345,-25.590853701674998]]}},{"type":"Feature","properties":{"category":"dem_stream","class":"tributary","threshold_label":"headwaters \u2265 80 cells","catchment_km2":15.62,"accumulation_cells":482,"vertex_count":401,"decimated":true,"source":"Copernicus GLO-30 DEM at 180 m, D8 flow accumulation"},"geometry":{"type":"LineString","coordinates":[[-57.061987742645,-25.688631476715],[-57.064765520345,-25.690298143335],[-57.066987742505,-25.691409254415]]}},{"type":"Feature","properties":{"category":"dem_stream","class":"tributary","threshold_label":"headwaters \u2265 80 cells","catchment_km2":9.01,"accumulation_cells":278,"vertex_count":16,"decimated":false,"source":"Copernicus GLO-30 DEM at 180 m, D8 flow accumulation"},"geometry":{"type":"LineString","coordinates":[[-57.061432187105,-25.565298146834998],[-57.061987742645,-25.565298146834998],[-57.062543298185,-25.565298146834998],[-57.063098853725,-25.565853702374998],[-57.063654409265,-25.565853702374998],[-57.064209964805,-25.566409257914998],[-57.064765520345,-25.566964813454998],[-57.064765520345,-25.567520368994998],[-57.065321075885,-25.568075924534998],[-57.065876631425,-25.568631480075],[-57.065876631425,-25.569187035615],[-57.065876631425,-25.569742591155],[-57.066432186965,-25.570298146695],[-57.066432186965,-25.570853702235],[-57.066987742505,-25.571409257775],[-57.066987742505,-25.571964813315]]}},{"type":"Feature","properties":{"category":"dem_stream","class":"rill","threshold_label":"headwaters \u2265 80 cells","catchment_km2":0.29,"accumulation_cells":9,"vertex_count":8,"decimated":false,"source":"Copernicus GLO-30 DEM at 180 m, D8 flow accumulation"},"geometry":{"type":"LineString","coordinates":[[-57.060876631565,-25.551964813875],[-57.061432187105,-25.551409258335],[-57.061987742645,-25.550853702795],[-57.061987742645,-25.550298147255],[-57.062543298185,-25.549742591715],[-57.062543298185,-25.549187036175],[-57.063098853725,-25.548631480635],[-57.063098853725,-25.548075925095]]}},{"type":"Feature","properties":{"category":"dem_stream","class":"rill","threshold_label":"headwaters \u2265 80 cells","catchment_km2":0.16,"accumulation_cells":5,"vertex_count":4,"decimated":false,"source":"Copernicus GLO-30 DEM at 180 m, D8 flow accumulation"},"geometry":{"type":"LineString","coordinates":[[-57.060876631565,-25.678075921455],[-57.061432187105,-25.678075921455],[-57.061987742645,-25.678075921455],[-57.062543298185,-25.678631476995]]}},{"type":"Feature","properties":{"category":"dem_stream","class":"tributary","threshold_label":"headwaters \u2265 80 cells","catchment_km2":6.84,"accumulation_cells":211,"vertex_count":11,"decimated":false,"source":"Copernicus GLO-30 DEM at 180 m, D8 flow accumulation"},"geometry":{"type":"LineString","coordinates":[[-57.060321076025,-25.543631480774998],[-57.060876631565,-25.543075925234998],[-57.061432187105,-25.542520369694998],[-57.061432187105,-25.541964814154998],[-57.061987742645,-25.541409258615],[-57.062543298185,-25.540853703075],[-57.062543298185,-25.540298147535],[-57.062543298185,-25.539742591995],[-57.063098853725,-25.539187036455],[-57.063654409265,-25.538631480915],[-57.064209964805,-25.538631480915]]}},{"type":"Feature","properties":{"category":"dem_stream","class":"tributary","threshold_label":"headwaters \u2265 80 cells","catchment_km2":20.09,"accumulation_cells":620,"vertex_count":401,"decimated":true,"source":"Copernicus GLO-30 DEM at 180 m, D8 flow accumulation"},"geometry":{"type":"LineString","coordinates":[[-57.059209964945,-25.667520366195],[-57.061432187105,-25.665298144035]]}},{"type":"Feature","properties":{"category":"dem_stream","class":"rill","threshold_label":"headwaters \u2265 80 cells","catchment_km2":0.16,"accumulation_cells":5,"vertex_count":6,"decimated":false,"source":"Copernicus GLO-30 DEM at 180 m, D8 flow accumulation"},"geometry":{"type":"LineString","coordinates":[[-57.058098853865,-25.585853701815],[-57.058654409405,-25.585853701815],[-57.059209964945,-25.586409257355],[-57.059765520485,-25.586409257355],[-57.060321076025,-25.586409257355],[-57.060876631565,-25.586964812895]]}},{"type":"Feature","properties":{"category":"dem_stream","class":"tributary","threshold_label":"headwaters \u2265 80 cells","catchment_km2":7.91,"accumulation_cells":244,"vertex_count":401,"decimated":true,"source":"Copernicus GLO-30 DEM at 180 m, D8 flow accumulation"},"geometry":{"type":"LineString","coordinates":[[-57.058098853865,-25.652520366615],[-57.058654409405,-25.655298144315],[-57.058654409405,-25.655853699855]]}},{"type":"Feature","properties":{"category":"dem_stream","class":"creek","threshold_label":"headwaters \u2265 80 cells","catchment_km2":3.43,"accumulation_cells":106,"vertex_count":6,"decimated":false,"source":"Copernicus GLO-30 DEM at 180 m, D8 flow accumulation"},"geometry":{"type":"LineString","coordinates":[[-57.057543298325,-25.582520368575],[-57.058098853865,-25.583075924115],[-57.058098853865,-25.583631479655],[-57.058654409405,-25.584187035195],[-57.058654409405,-25.584742590735],[-57.058654409405,-25.585298146275]]}},{"type":"Feature","properties":{"category":"dem_stream","class":"creek","threshold_label":"headwaters \u2265 80 cells","catchment_km2":2.11,"accumulation_cells":65,"vertex_count":6,"decimated":false,"source":"Copernicus GLO-30 DEM at 180 m, D8 flow accumulation"},"geometry":{"type":"LineString","coordinates":[[-57.057543298325,-25.631964811635],[-57.058098853865,-25.631964811635],[-57.058654409405,-25.632520367175],[-57.059209964945,-25.633075922715],[-57.059765520485,-25.633631478255],[-57.059765520485,-25.634187033794998]]}},{"type":"Feature","properties":{"category":"dem_stream","class":"tributary","threshold_label":"headwaters \u2265 80 cells","catchment_km2":8.42,"accumulation_cells":260,"vertex_count":401,"decimated":true,"source":"Copernicus GLO-30 DEM at 180 m, D8 flow accumulation"},"geometry":{"type":"LineString","coordinates":[[-57.056987742785,-25.626409256235],[-57.057543298325,-25.626964811775]]}},{"type":"Feature","properties":{"category":"dem_stream","class":"tributary","threshold_label":"headwaters \u2265 80 cells","catchment_km2":8.1,"accumulation_cells":250,"vertex_count":401,"decimated":true,"source":"Copernicus GLO-30 DEM at 180 m, D8 flow accumulation"},"geometry":{"type":"LineString","coordinates":[[-57.056987742785,-25.696409254275],[-57.05740092921625,-25.698062]]}},{"type":"Feature","properties":{"category":"dem_stream","class":"rill","threshold_label":"headwaters \u2265 80 cells","catchment_km2":0.65,"accumulation_cells":20,"vertex_count":7,"decimated":false,"source":"Copernicus GLO-30 DEM at 180 m, D8 flow accumulation"},"geometry":{"type":"LineString","coordinates":[[-57.056432187245,-25.531964814435],[-57.056987742785,-25.531409258895],[-57.057543298325,-25.530853703355],[-57.058098853865,-25.530298147815],[-57.058098853865,-25.529742592275],[-57.058654409405,-25.529187036735],[-57.059209964945,-25.529742592275]]}},{"type":"Feature","properties":{"category":"dem_stream","class":"creek","threshold_label":"headwaters \u2265 80 cells","catchment_km2":2.49,"accumulation_cells":77,"vertex_count":11,"decimated":false,"source":"Copernicus GLO-30 DEM at 180 m, D8 flow accumulation"},"geometry":{"type":"LineString","coordinates":[[-57.056432187245,-25.538075925375],[-57.055876631705,-25.537520369835],[-57.055876631705,-25.536964814295],[-57.055321076165,-25.536409258755],[-57.055321076165,-25.535853703215],[-57.055321076165,-25.535298147675],[-57.055321076165,-25.534742592135],[-57.055321076165,-25.534187036595],[-57.055321076165,-25.533631481055],[-57.055876631705,-25.533631481055],[-57.056432187245,-25.533075925515]]}},{"type":"Feature","properties":{"category":"dem_stream","class":"rill","threshold_label":"headwaters \u2265 80 cells","catchment_km2":0.39,"accumulation_cells":12,"vertex_count":8,"decimated":false,"source":"Copernicus GLO-30 DEM at 180 m, D8 flow accumulation"},"geometry":{"type":"LineString","coordinates":[[-57.056432187245,-25.643075922435],[-57.056987742785,-25.642520366895],[-57.057543298325,-25.641964811355],[-57.058098853865,-25.641964811355],[-57.058654409405,-25.641964811355],[-57.059209964945,-25.641964811355],[-57.059765520485,-25.641964811355],[-57.060321076025,-25.641409255815]]}},{"type":"Feature","properties":{"category":"dem_stream","class":"tributary","threshold_label":"headwaters \u2265 80 cells","catchment_km2":5.09,"accumulation_cells":157,"vertex_count":14,"decimated":false,"source":"Copernicus GLO-30 DEM at 180 m, D8 flow accumulation"},"geometry":{"type":"LineString","coordinates":[[-57.053098854005,-25.665298144035],[-57.053654409545,-25.664742588495],[-57.054209965085,-25.664742588495],[-57.054765520625,-25.664742588495],[-57.055321076165,-25.664187032955],[-57.055876631705,-25.664187032955],[-57.056432187245,-25.664187032955],[-57.056987742785,-25.664187032955],[-57.057543298325,-25.664187032955],[-57.058098853865,-25.664187032955],[-57.058654409405,-25.664187032955],[-57.059209964945,-25.664742588495],[-57.059209964945,-25.665298144035],[-57.059765520485,-25.665853699575]]}},{"type":"Feature","properties":{"category":"dem_stream","class":"tributary","threshold_label":"headwaters \u2265 80 cells","catchment_km2":5.48,"accumulation_cells":169,"vertex_count":10,"decimated":false,"source":"Copernicus GLO-30 DEM at 180 m, D8 flow accumulation"},"geometry":{"type":"LineString","coordinates":[[-57.051987742925,-25.540298147535],[-57.051987742925,-25.539742591995],[-57.052543298465,-25.539187036455],[-57.052543298465,-25.538631480915],[-57.052543298465,-25.538075925375],[-57.053098854005,-25.537520369835],[-57.053654409545,-25.536964814295],[-57.054209965085,-25.536409258755],[-57.054765520625,-25.535853703215],[-57.054765520625,-25.535298147675]]}},{"type":"Feature","properties":{"category":"dem_stream","class":"tributary","threshold_label":"headwaters \u2265 80 cells","catchment_km2":13.96,"accumulation_cells":431,"vertex_count":401,"decimated":true,"source":"Copernicus GLO-30 DEM at 180 m, D8 flow accumulation"},"geometry":{"type":"LineString","coordinates":[[-57.050876631845,-25.599187034775],[-57.053098854005,-25.601409256935],[-57.055321076165,-25.603631479095],[-57.058098853865,-25.605298145715],[-57.059209964945,-25.604742590175]]}},{"type":"Feature","properties":{"category":"dem_stream","class":"rill","threshold_label":"headwaters \u2265 80 cells","catchment_km2":0.39,"accumulation_cells":12,"vertex_count":14,"decimated":false,"source":"Copernicus GLO-30 DEM at 180 m, D8 flow accumulation"},"geometry":{"type":"LineString","coordinates":[[-57.050876631845,-25.635298144874998],[-57.051432187385,-25.634742589334998],[-57.051987742925,-25.634742589334998],[-57.052543298465,-25.634187033794998],[-57.053098854005,-25.633631478255],[-57.053098854005,-25.633075922715],[-57.053098854005,-25.632520367175],[-57.053654409545,-25.631964811635],[-57.054209965085,-25.631964811635],[-57.054765520625,-25.631964811635],[-57.055321076165,-25.631964811635],[-57.055876631705,-25.631964811635],[-57.056432187245,-25.631964811635],[-57.056987742785,-25.631964811635]]}},{"type":"Feature","properties":{"category":"dem_stream","class":"tributary","threshold_label":"headwaters \u2265 80 cells","catchment_km2":11.08,"accumulation_cells":342,"vertex_count":8,"decimated":false,"source":"Copernicus GLO-30 DEM at 180 m, D8 flow accumulation"},"geometry":{"type":"LineString","coordinates":[[-57.050321076304996,-25.630853700555],[-57.050876631845,-25.630298145015],[-57.051432187385,-25.630298145015],[-57.051987742925,-25.630853700555],[-57.052543298465,-25.630853700555],[-57.053098854005,-25.630853700555],[-57.053654409545,-25.631409256095],[-57.054209965085,-25.631409256095]]}},{"type":"Feature","properties":{"category":"dem_stream","class":"tributary","threshold_label":"headwaters \u2265 80 cells","catchment_km2":5.18,"accumulation_cells":160,"vertex_count":401,"decimated":true,"source":"Copernicus GLO-30 DEM at 180 m, D8 flow accumulation"},"geometry":{"type":"MultiLineString","coordinates":[[[-57.049209965225,-25.519742592554998],[-57.051432187385,-25.518631481474998]],[[-57.051432187385,-25.518631481474998],[-57.050876631845,-25.518631481474998]]]}},{"type":"Feature","properties":{"category":"dem_stream","class":"tributary","threshold_label":"headwaters \u2265 80 cells","catchment_km2":5.18,"accumulation_cells":160,"vertex_count":4,"decimated":false,"source":"Copernicus GLO-30 DEM at 180 m, D8 flow accumulation"},"geometry":{"type":"LineString","coordinates":[[-57.048654409685,-25.630298145015],[-57.049209965225,-25.629742589475],[-57.049765520765,-25.629742589475],[-57.050321076304996,-25.629742589475]]}},{"type":"Feature","properties":{"category":"dem_stream","class":"rill","threshold_label":"headwaters \u2265 80 cells","catchment_km2":0.58,"accumulation_cells":18,"vertex_count":3,"decimated":false,"source":"Copernicus GLO-30 DEM at 180 m, D8 flow accumulation"},"geometry":{"type":"LineString","coordinates":[[-57.048654409685,-25.658631477554998],[-57.049209965225,-25.659187033094998],[-57.049765520765,-25.659742588634998]]}},{"type":"Feature","properties":{"category":"dem_stream","class":"creek","threshold_label":"headwaters \u2265 80 cells","catchment_km2":4.31,"accumulation_cells":133,"vertex_count":401,"decimated":true,"source":"Copernicus GLO-30 DEM at 180 m, D8 flow accumulation"},"geometry":{"type":"MultiLineString","coordinates":[[[-57.046432187525,-25.551409258335],[-57.045876631985,-25.551409258335]],[[-57.045876631985,-25.551409258335],[-57.045321076445,-25.551409258335]]]}},{"type":"Feature","properties":{"category":"dem_stream","class":"rill","threshold_label":"headwaters \u2265 80 cells","catchment_km2":0.81,"accumulation_cells":25,"vertex_count":6,"decimated":false,"source":"Copernicus GLO-30 DEM at 180 m, D8 flow accumulation"},"geometry":{"type":"LineString","coordinates":[[-57.045876631985,-25.690853698875],[-57.046432187525,-25.691409254415],[-57.046432187525,-25.691964809955],[-57.046432187525,-25.692520365495],[-57.046432187525,-25.693075921035],[-57.046987743065,-25.693631476575]]}},{"type":"Feature","properties":{"category":"dem_stream","class":"tributary","threshold_label":"headwaters \u2265 80 cells","catchment_km2":7.97,"accumulation_cells":246,"vertex_count":401,"decimated":true,"source":"Copernicus GLO-30 DEM at 180 m, D8 flow accumulation"},"geometry":{"type":"LineString","coordinates":[[-57.043654409825,-25.529187036735],[-57.040876632125,-25.528075925655],[-57.040321076585,-25.528075925655]]}},{"type":"Feature","properties":{"category":"dem_stream","class":"tributary","threshold_label":"headwaters \u2265 80 cells","catchment_km2":6.61,"accumulation_cells":204,"vertex_count":401,"decimated":true,"source":"Copernicus GLO-30 DEM at 180 m, D8 flow accumulation"},"geometry":{"type":"LineString","coordinates":[[-57.043654409825,-25.613631478814998],[-57.040876632125,-25.611964812194998]]}},{"type":"Feature","properties":{"category":"dem_stream","class":"rill","threshold_label":"headwaters \u2265 80 cells","catchment_km2":0.1,"accumulation_cells":3,"vertex_count":6,"decimated":false,"source":"Copernicus GLO-30 DEM at 180 m, D8 flow accumulation"},"geometry":{"type":"LineString","coordinates":[[-57.043098854285,-25.583631479655],[-57.042543298745,-25.583075924115],[-57.041987743205,-25.582520368575],[-57.041432187665,-25.582520368575],[-57.040876632125,-25.581964813035],[-57.040321076585,-25.581409257495]]}},{"type":"Feature","properties":{"category":"dem_stream","class":"rill","threshold_label":"headwaters \u2265 80 cells","catchment_km2":0.1,"accumulation_cells":3,"vertex_count":4,"decimated":false,"source":"Copernicus GLO-30 DEM at 180 m, D8 flow accumulation"},"geometry":{"type":"LineString","coordinates":[[-57.040876632125,-25.563631480215],[-57.040321076585,-25.563631480215],[-57.039765521045,-25.563075924675],[-57.039765521045,-25.562520369135]]}},{"type":"Feature","properties":{"category":"dem_stream","class":"tributary","threshold_label":"headwaters \u2265 80 cells","catchment_km2":7.71,"accumulation_cells":238,"vertex_count":401,"decimated":true,"source":"Copernicus GLO-30 DEM at 180 m, D8 flow accumulation"},"geometry":{"type":"MultiLineString","coordinates":[[[-57.039765521045,-25.588075923974998],[-57.036987743345,-25.586964812895],[-57.035321076725,-25.584742590735]],[[-57.035321076725,-25.584742590735],[-57.035321076725,-25.584187035195]]]}},{"type":"Feature","properties":{"category":"dem_stream","class":"main","threshold_label":"headwaters \u2265 80 cells","catchment_km2":25.27,"accumulation_cells":780,"vertex_count":401,"decimated":true,"source":"Copernicus GLO-30 DEM at 180 m, D8 flow accumulation"},"geometry":{"type":"MultiLineString","coordinates":[[[-57.039765521045,-25.630853700555],[-57.038098854425,-25.628075922855],[-57.035321076725,-25.625298145155],[-57.032543299025,-25.623075922995],[-57.029765521325,-25.622520367455],[-57.026987743625,-25.620853700835],[-57.027543299164996,-25.619187034215]],[[-57.027543299164996,-25.619187034215],[-57.026987743625,-25.619187034215]]]}},{"type":"Feature","properties":{"category":"dem_stream","class":"rill","threshold_label":"headwaters \u2265 80 cells","catchment_km2":0.13,"accumulation_cells":4,"vertex_count":11,"decimated":false,"source":"Copernicus GLO-30 DEM at 180 m, D8 flow accumulation"},"geometry":{"type":"LineString","coordinates":[[-57.039209965505,-25.669742588355],[-57.039765521045,-25.669742588355],[-57.040321076585,-25.670298143895],[-57.040321076585,-25.670853699435],[-57.040876632125,-25.671409254975],[-57.041432187665,-25.671964810515],[-57.041987743205,-25.672520366055],[-57.042543298745,-25.673075921595],[-57.042543298745,-25.673631477135],[-57.043098854285,-25.674187032675],[-57.043098854285,-25.674742588215]]}},{"type":"Feature","properties":{"category":"dem_stream","class":"tributary","threshold_label":"headwaters \u2265 80 cells","catchment_km2":15.03,"accumulation_cells":464,"vertex_count":401,"decimated":true,"source":"Copernicus GLO-30 DEM at 180 m, D8 flow accumulation"},"geometry":{"type":"LineString","coordinates":[[-57.038654409965,-25.619187034215],[-57.036432187805,-25.617520367595],[-57.035321076725,-25.616409256515]]}},{"type":"Feature","properties":{"category":"dem_stream","class":"rill","threshold_label":"headwaters \u2265 80 cells","catchment_km2":0.52,"accumulation_cells":16,"vertex_count":13,"decimated":false,"source":"Copernicus GLO-30 DEM at 180 m, D8 flow accumulation"},"geometry":{"type":"LineString","coordinates":[[-57.036432187805,-25.596409257075],[-57.035876632265,-25.595853701535],[-57.035321076725,-25.595298145995],[-57.034765521185,-25.595298145995],[-57.034209965645,-25.595298145995],[-57.033654410105,-25.595298145995],[-57.033098854565,-25.595298145995],[-57.032543299025,-25.594742590455],[-57.031987743485,-25.594187034915],[-57.031432187945,-25.593631479375],[-57.031432187945,-25.593075923835],[-57.030876632405,-25.592520368295],[-57.030321076865,-25.591964812755]]}},{"type":"Feature","properties":{"category":"dem_stream","class":"tributary","threshold_label":"headwaters \u2265 80 cells","catchment_km2":15.03,"accumulation_cells":464,"vertex_count":401,"decimated":true,"source":"Copernicus GLO-30 DEM at 180 m, D8 flow accumulation"},"geometry":{"type":"LineString","coordinates":[[-57.036432187805,-25.621409256375],[-57.034209965645,-25.619742589755],[-57.031987743485,-25.617520367595]]}},{"type":"Feature","properties":{"category":"dem_stream","class":"rill","threshold_label":"headwaters \u2265 80 cells","catchment_km2":0.19,"accumulation_cells":6,"vertex_count":6,"decimated":true,"source":"Copernicus GLO-30 DEM at 180 m, D8 flow accumulation"},"geometry":{"type":"LineString","coordinates":[[-57.036432187805,-25.661409255255],[-57.039209965505,-25.660853699715],[-57.041987743205,-25.660298144174998],[-57.044765520905,-25.659742588634998],[-57.046987743065,-25.656964810934998],[-57.047543298605,-25.657520366474998]]}},{"type":"Feature","properties":{"category":"dem_stream","class":"rill","threshold_label":"headwaters \u2265 80 cells","catchment_km2":0.36,"accumulation_cells":11,"vertex_count":6,"decimated":true,"source":"Copernicus GLO-30 DEM at 180 m, D8 flow accumulation"},"geometry":{"type":"LineString","coordinates":[[-57.035321076725,-25.651964811075],[-57.037543298885,-25.651409255535],[-57.040321076585,-25.651409255535],[-57.043098854285,-25.653075922155],[-57.045321076445,-25.655853699855],[-57.045321076445,-25.656409255395]]}},{"type":"Feature","properties":{"category":"dem_stream","class":"rill","threshold_label":"headwaters \u2265 80 cells","catchment_km2":0.29,"accumulation_cells":9,"vertex_count":6,"decimated":true,"source":"Copernicus GLO-30 DEM at 180 m, D8 flow accumulation"},"geometry":{"type":"LineString","coordinates":[[-57.034209965645,-25.675298143755],[-57.036432187805,-25.677520365915],[-57.039209965505,-25.680298143614998],[-57.041987743205,-25.682520365774998],[-57.043098854285,-25.684742587935],[-57.043654409825,-25.686964810095]]}},{"type":"Feature","properties":{"category":"dem_stream","class":"tributary","threshold_label":"headwaters \u2265 80 cells","catchment_km2":7.29,"accumulation_cells":225,"vertex_count":401,"decimated":true,"source":"Copernicus GLO-30 DEM at 180 m, D8 flow accumulation"},"geometry":{"type":"LineString","coordinates":[[-57.034209965645,-25.694742587655],[-57.036987743345,-25.695298143195],[-57.039765521045,-25.696964809815],[-57.040131251106665,-25.698062]]}},{"type":"Feature","properties":{"category":"dem_stream","class":"creek","threshold_label":"headwaters \u2265 80 cells","catchment_km2":2.75,"accumulation_cells":85,"vertex_count":3,"decimated":false,"source":"Copernicus GLO-30 DEM at 180 m, D8 flow accumulation"},"geometry":{"type":"LineString","coordinates":[[-57.033098854565,-25.619742589755],[-57.033098854565,-25.619187034215],[-57.033098854565,-25.618631478675]]}},{"type":"Feature","properties":{"category":"dem_stream","class":"creek","threshold_label":"headwaters \u2265 80 cells","catchment_km2":4.47,"accumulation_cells":138,"vertex_count":3,"decimated":false,"source":"Copernicus GLO-30 DEM at 180 m, D8 flow accumulation"},"geometry":{"type":"LineString","coordinates":[[-57.032543299025,-25.596409257075],[-57.032543299025,-25.595853701535],[-57.032543299025,-25.595298145995]]}},{"type":"Feature","properties":{"category":"dem_stream","class":"tributary","threshold_label":"headwaters \u2265 80 cells","catchment_km2":19.47,"accumulation_cells":601,"vertex_count":7,"decimated":true,"source":"Copernicus GLO-30 DEM at 180 m, D8 flow accumulation"},"geometry":{"type":"LineString","coordinates":[[-57.032543299025,-25.636964811494998],[-57.031432187945,-25.634742589334998],[-57.030321076865,-25.631964811635],[-57.030321076865,-25.629187033935],[-57.030321076865,-25.626409256235],[-57.029765521325,-25.623631478535],[-57.027543299164996,-25.621964811915]]}},{"type":"Feature","properties":{"category":"dem_stream","class":"rill","threshold_label":"headwaters \u2265 80 cells","catchment_km2":0.52,"accumulation_cells":16,"vertex_count":12,"decimated":false,"source":"Copernicus GLO-30 DEM at 180 m, D8 flow accumulation"},"geometry":{"type":"LineString","coordinates":[[-57.028654410245,-25.650298144455],[-57.029209965785,-25.650853699995],[-57.029765521325,-25.650853699995],[-57.030321076865,-25.650298144455],[-57.030876632405,-25.650298144455],[-57.031432187945,-25.650853699995],[-57.031987743485,-25.650298144455],[-57.032543299025,-25.650298144455],[-57.033098854565,-25.650298144455],[-57.033654410105,-25.650853699995],[-57.034209965645,-25.651409255535],[-57.034765521185,-25.651409255535]]}},{"type":"Feature","properties":{"category":"dem_stream","class":"rill","threshold_label":"headwaters \u2265 80 cells","catchment_km2":0.16,"accumulation_cells":5,"vertex_count":15,"decimated":false,"source":"Copernicus GLO-30 DEM at 180 m, D8 flow accumulation"},"geometry":{"type":"LineString","coordinates":[[-57.028098854705,-25.687520365635],[-57.028654410245,-25.686964810095],[-57.029209965785,-25.686409254555],[-57.029765521325,-25.686409254555],[-57.030321076865,-25.686409254555],[-57.030876632405,-25.686409254555],[-57.031432187945,-25.686409254555],[-57.031987743485,-25.686964810095],[-57.032543299025,-25.686964810095],[-57.033098854565,-25.687520365635],[-57.033098854565,-25.688075921175],[-57.033654410105,-25.688631476715],[-57.034209965645,-25.688631476715],[-57.034765521185,-25.688075921175],[-57.035321076725,-25.688631476715]]}},{"type":"Feature","properties":{"category":"dem_stream","class":"tributary","threshold_label":"headwaters \u2265 80 cells","catchment_km2":11.11,"accumulation_cells":343,"vertex_count":401,"decimated":true,"source":"Copernicus GLO-30 DEM at 180 m, D8 flow accumulation"},"geometry":{"type":"MultiLineString","coordinates":[[[-57.027543299164996,-25.522520370255],[-57.028098854705,-25.519742592554998],[-57.028654410245,-25.518631481474998]],[[-57.028654410245,-25.518631481474998],[-57.028098854705,-25.518631481474998]]]}},{"type":"Feature","properties":{"category":"dem_stream","class":"tributary","threshold_label":"headwaters \u2265 80 cells","catchment_km2":10.5,"accumulation_cells":324,"vertex_count":401,"decimated":true,"source":"Copernicus GLO-30 DEM at 180 m, D8 flow accumulation"},"geometry":{"type":"MultiLineString","coordinates":[[[-57.026987743625,-25.591409257215],[-57.029209965785,-25.589187035054998],[-57.028098854705,-25.588075923974998]],[[-57.028098854705,-25.588075923974998],[-57.028654410245,-25.588075923974998]]]}},{"type":"Feature","properties":{"category":"dem_stream","class":"tributary","threshold_label":"headwaters \u2265 80 cells","catchment_km2":8.39,"accumulation_cells":259,"vertex_count":7,"decimated":false,"source":"Copernicus GLO-30 DEM at 180 m, D8 flow accumulation"},"geometry":{"type":"LineString","coordinates":[[-57.026987743625,-25.684187032395],[-57.027543299164996,-25.684187032395],[-57.028098854705,-25.684742587935],[-57.028654410245,-25.684742587935],[-57.028654410245,-25.685298143475],[-57.029209965785,-25.685853699015],[-57.029765521325,-25.685853699015]]}},{"type":"Feature","properties":{"category":"dem_stream","class":"creek","threshold_label":"headwaters \u2265 80 cells","catchment_km2":4.34,"accumulation_cells":134,"vertex_count":7,"decimated":false,"source":"Copernicus GLO-30 DEM at 180 m, D8 flow accumulation"},"geometry":{"type":"LineString","coordinates":[[-57.025321077005,-25.680853699154998],[-57.025876632545,-25.680853699154998],[-57.026432188084996,-25.681409254694998],[-57.026432188084996,-25.681964810234998],[-57.026987743625,-25.682520365774998],[-57.027543299164996,-25.683075921314998],[-57.027543299164996,-25.683631476855]]}},{"type":"Feature","properties":{"category":"dem_stream","class":"rill","threshold_label":"headwaters \u2265 80 cells","catchment_km2":0.32,"accumulation_cells":10,"vertex_count":3,"decimated":false,"source":"Copernicus GLO-30 DEM at 180 m, D8 flow accumulation"},"geometry":{"type":"LineString","coordinates":[[-57.023098854845,-25.625298145155],[-57.023654410385,-25.624742589615],[-57.023654410385,-25.624187034075]]}},{"type":"Feature","properties":{"category":"dem_stream","class":"tributary","threshold_label":"headwaters \u2265 80 cells","catchment_km2":14.97,"accumulation_cells":462,"vertex_count":401,"decimated":true,"source":"Copernicus GLO-30 DEM at 180 m, D8 flow accumulation"},"geometry":{"type":"LineString","coordinates":[[-57.023098854845,-25.673631477135],[-57.025321077005,-25.675853699295],[-57.026432188084996,-25.678631476995],[-57.026432188084996,-25.680298143614998]]}},{"type":"Feature","properties":{"category":"dem_stream","class":"rill","threshold_label":"headwaters \u2265 80 cells","catchment_km2":0.06,"accumulation_cells":2,"vertex_count":15,"decimated":false,"source":"Copernicus GLO-30 DEM at 180 m, D8 flow accumulation"},"geometry":{"type":"LineString","coordinates":[[-57.020876632685,-25.634187033794998],[-57.020321077145,-25.634187033794998],[-57.019765521605,-25.634187033794998],[-57.019209966065,-25.634187033794998],[-57.018654410525,-25.633631478255],[-57.018098854985,-25.633631478255],[-57.017543299445,-25.633075922715],[-57.016987743905,-25.632520367175],[-57.017543299445,-25.631964811635],[-57.016987743905,-25.631409256095],[-57.016432188365,-25.630853700555],[-57.016987743905,-25.630298145015],[-57.016432188365,-25.629742589475],[-57.015876632825,-25.629187033935],[-57.015876632825,-25.628631478395]]}},{"type":"Feature","properties":{"category":"dem_stream","class":"rill","threshold_label":"headwaters \u2265 80 cells","catchment_km2":0.26,"accumulation_cells":8,"vertex_count":6,"decimated":true,"source":"Copernicus GLO-30 DEM at 180 m, D8 flow accumulation"},"geometry":{"type":"LineString","coordinates":[[-57.018654410525,-25.661964810795],[-57.015876632825,-25.660853699715],[-57.013098855125,-25.659187033094998],[-57.011432188505,-25.656964810934998],[-57.008654410805,-25.655853699855],[-57.006987744185,-25.655298144315]]}},{"type":"Feature","properties":{"category":"dem_stream","class":"tributary","threshold_label":"headwaters \u2265 80 cells","catchment_km2":10.66,"accumulation_cells":329,"vertex_count":401,"decimated":true,"source":"Copernicus GLO-30 DEM at 180 m, D8 flow accumulation"},"geometry":{"type":"MultiLineString","coordinates":[[[-57.016987743905,-25.592520368295],[-57.014209966205,-25.591964812755]],[[-57.014209966205,-25.591964812755],[-57.013654410665,-25.591964812755]]]}},{"type":"Feature","properties":{"category":"dem_stream","class":"creek","threshold_label":"headwaters \u2265 80 cells","catchment_km2":3.69,"accumulation_cells":114,"vertex_count":401,"decimated":true,"source":"Copernicus GLO-30 DEM at 180 m, D8 flow accumulation"},"geometry":{"type":"MultiLineString","coordinates":[[[-57.016432188365,-25.645298144595],[-57.016432188365,-25.644187033515]],[[-57.016432188365,-25.644187033515],[-57.016432188365,-25.643631477975]]]}},{"type":"Feature","properties":{"category":"dem_stream","class":"tributary","threshold_label":"headwaters \u2265 80 cells","catchment_km2":5.9,"accumulation_cells":182,"vertex_count":401,"decimated":true,"source":"Copernicus GLO-30 DEM at 180 m, D8 flow accumulation"},"geometry":{"type":"MultiLineString","coordinates":[[[-57.015876632825,-25.524742592415],[-57.013654410665,-25.523075925795],[-57.010876632965,-25.521409259174998],[-57.008098855265,-25.520298148094998],[-57.005321077565,-25.519742592554998],[-57.004765522025,-25.518631481474998]],[[-57.004765522025,-25.518631481474998],[-57.004209966485,-25.518631481474998]]]}},{"type":"Feature","properties":{"category":"dem_stream","class":"rill","threshold_label":"headwaters \u2265 80 cells","catchment_km2":0.39,"accumulation_cells":12,"vertex_count":15,"decimated":false,"source":"Copernicus GLO-30 DEM at 180 m, D8 flow accumulation"},"geometry":{"type":"LineString","coordinates":[[-57.015876632825,-25.682520365774998],[-57.016432188365,-25.683075921314998],[-57.016987743905,-25.683075921314998],[-57.017543299445,-25.683075921314998],[-57.018098854985,-25.683075921314998],[-57.018654410525,-25.683075921314998],[-57.019209966065,-25.683075921314998],[-57.019765521605,-25.683075921314998],[-57.020321077145,-25.683075921314998],[-57.020876632685,-25.683075921314998],[-57.021432188225,-25.683631476855],[-57.021987743765,-25.683631476855],[-57.022543299305,-25.683631476855],[-57.023098854845,-25.683631476855],[-57.023654410385,-25.683075921314998]]}},{"type":"Feature","properties":{"category":"dem_stream","class":"main","threshold_label":"headwaters \u2265 80 cells","catchment_km2":29.65,"accumulation_cells":915,"vertex_count":8,"decimated":true,"source":"Copernicus GLO-30 DEM at 180 m, D8 flow accumulation"},"geometry":{"type":"LineString","coordinates":[[-57.013654410665,-25.694742587655],[-57.016432188365,-25.696409254275],[-57.01849812052125,-25.698062]]}},{"type":"Feature","properties":{"category":"dem_stream","class":"main","threshold_label":"headwaters \u2265 80 cells","catchment_km2":27.35,"accumulation_cells":844,"vertex_count":401,"decimated":true,"source":"Copernicus GLO-30 DEM at 180 m, D8 flow accumulation"},"geometry":{"type":"LineString","coordinates":[[-57.013098855125,-25.671964810515],[-57.013654410665,-25.669187032815],[-57.012543299585,-25.666409255115],[-57.009765521885,-25.664187032955],[-57.006987744185,-25.661409255255],[-57.006432188645,-25.658631477554998],[-57.003654410944996,-25.656409255395],[-57.003098855405,-25.656409255395]]}},{"type":"Feature","properties":{"category":"dem_stream","class":"rill","threshold_label":"headwaters \u2265 80 cells","catchment_km2":0.16,"accumulation_cells":5,"vertex_count":9,"decimated":false,"source":"Copernicus GLO-30 DEM at 180 m, D8 flow accumulation"},"geometry":{"type":"LineString","coordinates":[[-57.010876632965,-25.525298147955],[-57.010321077425,-25.524742592415],[-57.009765521885,-25.524742592415],[-57.009209966345,-25.524187036875],[-57.008654410805,-25.523631481335],[-57.008098855265,-25.523075925795],[-57.008098855265,-25.522520370255],[-57.007543299725,-25.521964814715],[-57.007543299725,-25.521409259174998]]}},{"type":"Feature","properties":{"category":"dem_stream","class":"tributary","threshold_label":"headwaters \u2265 80 cells","catchment_km2":5.44,"accumulation_cells":168,"vertex_count":401,"decimated":true,"source":"Copernicus GLO-30 DEM at 180 m, D8 flow accumulation"},"geometry":{"type":"LineString","coordinates":[[-57.009209966345,-25.518631481474998],[-57.008098855265,-25.518631481474998]]}},{"type":"Feature","properties":{"category":"dem_stream","class":"rill","threshold_label":"headwaters \u2265 80 cells","catchment_km2":0.19,"accumulation_cells":6,"vertex_count":3,"decimated":false,"source":"Copernicus GLO-30 DEM at 180 m, D8 flow accumulation"},"geometry":{"type":"LineString","coordinates":[[-57.005876633105,-25.538075925375],[-57.006432188645,-25.537520369835],[-57.006432188645,-25.536964814295]]}},{"type":"Feature","properties":{"category":"dem_stream","class":"rill","threshold_label":"headwaters \u2265 80 cells","catchment_km2":0.45,"accumulation_cells":14,"vertex_count":17,"decimated":false,"source":"Copernicus GLO-30 DEM at 180 m, D8 flow accumulation"},"geometry":{"type":"LineString","coordinates":[[-57.004209966485,-25.682520365774998],[-57.003654410944996,-25.681964810234998],[-57.003098855405,-25.681409254694998],[-57.002543299865,-25.680853699154998],[-57.001987744325,-25.680853699154998],[-57.001432188785,-25.680298143614998],[-57.000876633245,-25.679742588075],[-57.000321077705,-25.679742588075],[-56.999765522165,-25.679187032535],[-56.999209966625,-25.678631476995],[-56.998654411085,-25.678075921455],[-56.998654411085,-25.677520365915],[-56.998098855545,-25.676964810375],[-56.997543300005,-25.676964810375],[-56.996987744465,-25.676409254835],[-56.996987744465,-25.675853699295],[-56.996987744465,-25.675298143755]]}},{"type":"Feature","properties":{"category":"dem_stream","class":"tributary","threshold_label":"headwaters \u2265 80 cells","catchment_km2":8.36,"accumulation_cells":258,"vertex_count":401,"decimated":true,"source":"Copernicus GLO-30 DEM at 180 m, D8 flow accumulation"},"geometry":{"type":"LineString","coordinates":[[-57.003098855405,-25.554187036035],[-57.005321077565,-25.556409258195]]}},{"type":"Feature","properties":{"category":"dem_stream","class":"tributary","threshold_label":"headwaters \u2265 80 cells","catchment_km2":6.09,"accumulation_cells":188,"vertex_count":401,"decimated":true,"source":"Copernicus GLO-30 DEM at 180 m, D8 flow accumulation"},"geometry":{"type":"LineString","coordinates":[[-57.003098855405,-25.595853701535],[-57.002543299865,-25.595853701535]]}},{"type":"Feature","properties":{"category":"dem_stream","class":"tributary","threshold_label":"headwaters \u2265 80 cells","catchment_km2":8.26,"accumulation_cells":255,"vertex_count":9,"decimated":false,"source":"Copernicus GLO-30 DEM at 180 m, D8 flow accumulation"},"geometry":{"type":"LineString","coordinates":[[-57.003098855405,-25.683631476855],[-57.003098855405,-25.683075921314998],[-57.002543299865,-25.682520365774998],[-57.001987744325,-25.681964810234998],[-57.001432188785,-25.681409254694998],[-57.000876633245,-25.680853699154998],[-57.000321077705,-25.680298143614998],[-56.999765522165,-25.679742588075],[-56.999209966625,-25.679187032535]]}},{"type":"Feature","properties":{"category":"dem_stream","class":"tributary","threshold_label":"headwaters \u2265 80 cells","catchment_km2":14.39,"accumulation_cells":444,"vertex_count":401,"decimated":true,"source":"Copernicus GLO-30 DEM at 180 m, D8 flow accumulation"},"geometry":{"type":"LineString","coordinates":[[-57.002543299865,-25.668075921735],[-56.999765522165,-25.666964810655],[-56.999209966625,-25.664187032955],[-56.998098855545,-25.663075921875]]}},{"type":"Feature","properties":{"category":"dem_stream","class":"rill","threshold_label":"headwaters \u2265 80 cells","catchment_km2":0.36,"accumulation_cells":11,"vertex_count":9,"decimated":false,"source":"Copernicus GLO-30 DEM at 180 m, D8 flow accumulation"},"geometry":{"type":"LineString","coordinates":[[-57.001987744325,-25.599742590315],[-57.001987744325,-25.599187034775],[-57.001987744325,-25.598631479235],[-57.001432188785,-25.598075923695],[-57.001432188785,-25.597520368155],[-57.001432188785,-25.596964812615],[-57.001432188785,-25.596409257075],[-57.000876633245,-25.596409257075],[-57.000321077705,-25.596409257075]]}},{"type":"Feature","properties":{"category":"dem_stream","class":"tributary","threshold_label":"headwaters \u2265 80 cells","catchment_km2":5.64,"accumulation_cells":174,"vertex_count":401,"decimated":true,"source":"Copernicus GLO-30 DEM at 180 m, D8 flow accumulation"},"geometry":{"type":"LineString","coordinates":[[-56.999765522165,-25.574187035475],[-56.998654411085,-25.574187035475]]}},{"type":"Feature","properties":{"category":"dem_stream","class":"tributary","threshold_label":"headwaters \u2265 80 cells","catchment_km2":5.9,"accumulation_cells":182,"vertex_count":401,"decimated":true,"source":"Copernicus GLO-30 DEM at 180 m, D8 flow accumulation"},"geometry":{"type":"LineString","coordinates":[[-56.998654411085,-25.523075925795],[-56.996987744465,-25.522520370255]]}},{"type":"Feature","properties":{"category":"dem_stream","class":"rill","threshold_label":"headwaters \u2265 80 cells","catchment_km2":0.58,"accumulation_cells":18,"vertex_count":8,"decimated":false,"source":"Copernicus GLO-30 DEM at 180 m, D8 flow accumulation"},"geometry":{"type":"LineString","coordinates":[[-56.996432188925,-25.541964814154998],[-56.995876633385,-25.541409258615],[-56.995876633385,-25.540853703075],[-56.996432188925,-25.540298147535],[-56.996987744465,-25.539742591995],[-56.996987744465,-25.539187036455],[-56.996987744465,-25.538631480915],[-56.997543300005,-25.538075925375]]}},{"type":"Feature","properties":{"category":"dem_stream","class":"rill","threshold_label":"headwaters \u2265 80 cells","catchment_km2":0.42,"accumulation_cells":13,"vertex_count":3,"decimated":false,"source":"Copernicus GLO-30 DEM at 180 m, D8 flow accumulation"},"geometry":{"type":"LineString","coordinates":[[-56.994209966765,-25.655298144315],[-56.994765522305,-25.654742588775],[-56.995321077845,-25.654187033235]]}},{"type":"Feature","properties":{"category":"dem_stream","class":"rill","threshold_label":"headwaters \u2265 80 cells","catchment_km2":0.13,"accumulation_cells":4,"vertex_count":7,"decimated":false,"source":"Copernicus GLO-30 DEM at 180 m, D8 flow accumulation"},"geometry":{"type":"LineString","coordinates":[[-56.994209966765,-25.682520365774998],[-56.993654411225,-25.681964810234998],[-56.993654411225,-25.681409254694998],[-56.993098855685,-25.680853699154998],[-56.992543300145,-25.680853699154998],[-56.991987744605,-25.680298143614998],[-56.991432189065,-25.680298143614998]]}},{"type":"Feature","properties":{"category":"dem_stream","class":"rill","threshold_label":"headwaters \u2265 80 cells","catchment_km2":0.62,"accumulation_cells":19,"vertex_count":10,"decimated":false,"source":"Copernicus GLO-30 DEM at 180 m, D8 flow accumulation"},"geometry":{"type":"LineString","coordinates":[[-56.993654411225,-25.625853700695],[-56.993098855685,-25.625298145155],[-56.992543300145,-25.625298145155],[-56.991987744605,-25.624742589615],[-56.991432189065,-25.624187034075],[-56.990876633525,-25.623631478535],[-56.990321077985,-25.623075922995],[-56.989765522445,-25.623075922995],[-56.989209966905,-25.623075922995],[-56.988654411365,-25.623075922995]]}},{"type":"Feature","properties":{"category":"dem_stream","class":"tributary","threshold_label":"headwaters \u2265 80 cells","catchment_km2":6.35,"accumulation_cells":196,"vertex_count":401,"decimated":true,"source":"Copernicus GLO-30 DEM at 180 m, D8 flow accumulation"},"geometry":{"type":"MultiLineString","coordinates":[[[-56.992543300145,-25.663075921875],[-56.993098855685,-25.663075921875]],[[-56.993098855685,-25.663075921875],[-56.993654411225,-25.663631477415]]]}},{"type":"Feature","properties":{"category":"dem_stream","class":"rill","threshold_label":"headwaters \u2265 80 cells","catchment_km2":0.23,"accumulation_cells":7,"vertex_count":3,"decimated":false,"source":"Copernicus GLO-30 DEM at 180 m, D8 flow accumulation"},"geometry":{"type":"LineString","coordinates":[[-56.991987744605,-25.543631480774998],[-56.991432189065,-25.543075925234998],[-56.991432189065,-25.542520369694998]]}},{"type":"Feature","properties":{"category":"dem_stream","class":"rill","threshold_label":"headwaters \u2265 80 cells","catchment_km2":0.16,"accumulation_cells":5,"vertex_count":9,"decimated":false,"source":"Copernicus GLO-30 DEM at 180 m, D8 flow accumulation"},"geometry":{"type":"LineString","coordinates":[[-56.991987744605,-25.641964811355],[-56.991432189065,-25.641409255815],[-56.991987744605,-25.640853700275],[-56.991432189065,-25.640298144735],[-56.991987744605,-25.639742589195],[-56.991987744605,-25.639187033655],[-56.991432189065,-25.638631478115],[-56.991432189065,-25.638075922575],[-56.990876633525,-25.637520367035]]}},{"type":"Feature","properties":{"category":"dem_stream","class":"creek","threshold_label":"headwaters \u2265 80 cells","catchment_km2":1.07,"accumulation_cells":33,"vertex_count":8,"decimated":false,"source":"Copernicus GLO-30 DEM at 180 m, D8 flow accumulation"},"geometry":{"type":"LineString","coordinates":[[-56.990876633525,-25.685853699015],[-56.990876633525,-25.685298143475],[-56.990321077985,-25.684742587935],[-56.990876633525,-25.684187032395],[-56.990876633525,-25.683631476855],[-56.991432189065,-25.683075921314998],[-56.991432189065,-25.682520365774998],[-56.991432189065,-25.681964810234998]]}},{"type":"Feature","properties":{"category":"dem_stream","class":"creek","threshold_label":"headwaters \u2265 80 cells","catchment_km2":1.81,"accumulation_cells":56,"vertex_count":7,"decimated":false,"source":"Copernicus GLO-30 DEM at 180 m, D8 flow accumulation"},"geometry":{"type":"LineString","coordinates":[[-56.990321077985,-25.670853699435],[-56.990876633525,-25.670298143895],[-56.990321077985,-25.669742588355],[-56.990876633525,-25.669187032815],[-56.991432189065,-25.668631477275],[-56.991432189065,-25.668075921735],[-56.991987744605,-25.667520366195]]}},{"type":"Feature","properties":{"category":"dem_stream","class":"rill","threshold_label":"headwaters \u2265 80 cells","catchment_km2":0.1,"accumulation_cells":3,"vertex_count":4,"decimated":false,"source":"Copernicus GLO-30 DEM at 180 m, D8 flow accumulation"},"geometry":{"type":"LineString","coordinates":[[-56.989765522445,-25.529187036735],[-56.989209966905,-25.528631481195],[-56.988654411365,-25.528075925655],[-56.988654411365,-25.527520370115]]}},{"type":"Feature","properties":{"category":"dem_stream","class":"tributary","threshold_label":"headwaters \u2265 80 cells","catchment_km2":7.84,"accumulation_cells":242,"vertex_count":401,"decimated":true,"source":"Copernicus GLO-30 DEM at 180 m, D8 flow accumulation"},"geometry":{"type":"LineString","coordinates":[[-56.988654411365,-25.537520369835],[-56.985876633665,-25.536409258755],[-56.985321078125,-25.536409258755]]}},{"type":"Feature","properties":{"category":"dem_stream","class":"creek","threshold_label":"headwaters \u2265 80 cells","catchment_km2":3.99,"accumulation_cells":123,"vertex_count":7,"decimated":false,"source":"Copernicus GLO-30 DEM at 180 m, D8 flow accumulation"},"geometry":{"type":"LineString","coordinates":[[-56.987543300285,-25.641964811355],[-56.988098855825,-25.641409255815],[-56.988654411365,-25.640853700275],[-56.989209966905,-25.640298144735],[-56.989765522445,-25.639742589195],[-56.990321077985,-25.639187033655],[-56.990876633525,-25.638631478115]]}},{"type":"Feature","properties":{"category":"dem_stream","class":"tributary","threshold_label":"headwaters \u2265 80 cells","catchment_km2":5.48,"accumulation_cells":169,"vertex_count":401,"decimated":true,"source":"Copernicus GLO-30 DEM at 180 m, D8 flow accumulation"},"geometry":{"type":"MultiLineString","coordinates":[[[-56.986987744745,-25.652520366615],[-56.989765522445,-25.650853699995],[-56.990321077985,-25.650853699995]],[[-56.990321077985,-25.650853699995],[-56.990321077985,-25.650298144455]]]}},{"type":"Feature","properties":{"category":"dem_stream","class":"rill","threshold_label":"headwaters \u2265 80 cells","catchment_km2":0.52,"accumulation_cells":16,"vertex_count":7,"decimated":false,"source":"Copernicus GLO-30 DEM at 180 m, D8 flow accumulation"},"geometry":{"type":"LineString","coordinates":[[-56.985876633665,-25.665298144035],[-56.986432189205,-25.665298144035],[-56.986987744745,-25.665298144035],[-56.987543300285,-25.665298144035],[-56.988098855825,-25.664742588495],[-56.988654411365,-25.664187032955],[-56.989209966905,-25.664187032955]]}},{"type":"Feature","properties":{"category":"dem_stream","class":"creek","threshold_label":"headwaters \u2265 80 cells","catchment_km2":3.56,"accumulation_cells":110,"vertex_count":401,"decimated":true,"source":"Copernicus GLO-30 DEM at 180 m, D8 flow accumulation"},"geometry":{"type":"MultiLineString","coordinates":[[[-56.984765522585,-25.673075921595],[-56.987543300285,-25.673631477135],[-56.988098855825,-25.673631477135]],[[-56.988098855825,-25.673631477135],[-56.988654411365,-25.674187032675]]]}},{"type":"Feature","properties":{"category":"dem_stream","class":"rill","threshold_label":"headwaters \u2265 80 cells","catchment_km2":0.1,"accumulation_cells":3,"vertex_count":4,"decimated":false,"source":"Copernicus GLO-30 DEM at 180 m, D8 flow accumulation"},"geometry":{"type":"LineString","coordinates":[[-56.983098855965,-25.633631478255],[-56.983098855965,-25.633075922715],[-56.983654411505,-25.632520367175],[-56.983654411505,-25.631964811635]]}},{"type":"Feature","properties":{"category":"dem_stream","class":"creek","threshold_label":"headwaters \u2265 80 cells","catchment_km2":4.86,"accumulation_cells":150,"vertex_count":401,"decimated":true,"source":"Copernicus GLO-30 DEM at 180 m, D8 flow accumulation"},"geometry":{"type":"MultiLineString","coordinates":[[[-56.981987744885,-25.524187036875],[-56.981987744885,-25.521409259174998],[-56.981432189345,-25.519742592554998]],[[-56.981432189345,-25.519742592554998],[-56.981987744885,-25.520298148094998]]]}},{"type":"Feature","properties":{"category":"dem_stream","class":"creek","threshold_label":"headwaters \u2265 80 cells","catchment_km2":2.82,"accumulation_cells":87,"vertex_count":401,"decimated":true,"source":"Copernicus GLO-30 DEM at 180 m, D8 flow accumulation"},"geometry":{"type":"LineString","coordinates":[[-56.981987744885,-25.675298143755],[-56.982543300425,-25.674742588215]]}},{"type":"Feature","properties":{"category":"dem_stream","class":"rill","threshold_label":"headwaters \u2265 80 cells","catchment_km2":0.23,"accumulation_cells":7,"vertex_count":3,"decimated":false,"source":"Copernicus GLO-30 DEM at 180 m, D8 flow accumulation"},"geometry":{"type":"LineString","coordinates":[[-56.981432189345,-25.636964811494998],[-56.981987744885,-25.636409255954998],[-56.981987744885,-25.635853700414998]]}},{"type":"Feature","properties":{"category":"dem_stream","class":"creek","threshold_label":"headwaters \u2265 80 cells","catchment_km2":3.66,"accumulation_cells":113,"vertex_count":401,"decimated":true,"source":"Copernicus GLO-30 DEM at 180 m, D8 flow accumulation"},"geometry":{"type":"MultiLineString","coordinates":[[[-56.980876633804996,-25.595298145995],[-56.981432189345,-25.594742590455]],[[-56.981432189345,-25.594742590455],[-56.980876633804996,-25.594742590455]]]}},{"type":"Feature","properties":{"category":"dem_stream","class":"creek","threshold_label":"headwaters \u2265 80 cells","catchment_km2":3.89,"accumulation_cells":120,"vertex_count":401,"decimated":true,"source":"Copernicus GLO-30 DEM at 180 m, D8 flow accumulation"},"geometry":{"type":"LineString","coordinates":[[-56.980321078265,-25.544742591854998],[-56.979209967185,-25.544187036314998]]}},{"type":"Feature","properties":{"category":"dem_stream","class":"tributary","threshold_label":"headwaters \u2265 80 cells","catchment_km2":9.56,"accumulation_cells":295,"vertex_count":401,"decimated":true,"source":"Copernicus GLO-30 DEM at 180 m, D8 flow accumulation"},"geometry":{"type":"MultiLineString","coordinates":[[[-56.979765522725,-25.524742592415],[-56.980321078265,-25.521964814715],[-56.979765522725,-25.519187037014998]],[[-56.979765522725,-25.519187037014998],[-56.979765522725,-25.518631481474998]]]}},{"type":"Feature","properties":{"category":"dem_stream","class":"rill","threshold_label":"headwaters \u2265 80 cells","catchment_km2":0.49,"accumulation_cells":15,"vertex_count":8,"decimated":false,"source":"Copernicus GLO-30 DEM at 180 m, D8 flow accumulation"},"geometry":{"type":"LineString","coordinates":[[-56.979209967185,-25.604742590175],[-56.979765522725,-25.604187034635],[-56.979765522725,-25.603631479095],[-56.979765522725,-25.603075923555],[-56.980321078265,-25.602520368015],[-56.980876633804996,-25.601964812475],[-56.981432189345,-25.601409256935],[-56.980876633804996,-25.600853701395]]}},{"type":"Feature","properties":{"category":"dem_stream","class":"rill","threshold_label":"headwaters \u2265 80 cells","catchment_km2":0.75,"accumulation_cells":23,"vertex_count":3,"decimated":false,"source":"Copernicus GLO-30 DEM at 180 m, D8 flow accumulation"},"geometry":{"type":"LineString","coordinates":[[-56.978098856105,-25.613631478814998],[-56.978654411645,-25.613075923274998],[-56.978654411645,-25.612520367734998]]}},{"type":"Feature","properties":{"category":"dem_stream","class":"creek","threshold_label":"headwaters \u2265 80 cells","catchment_km2":4.99,"accumulation_cells":154,"vertex_count":401,"decimated":true,"source":"Copernicus GLO-30 DEM at 180 m, D8 flow accumulation"},"geometry":{"type":"MultiLineString","coordinates":[[[-56.976432189485,-25.600853701395],[-56.979209967185,-25.600853701395],[-56.981432189345,-25.598075923695]],[[-56.981432189345,-25.598075923695],[-56.981987744885,-25.598075923695]]]}},{"type":"Feature","properties":{"category":"dem_stream","class":"rill","threshold_label":"headwaters \u2265 80 cells","catchment_km2":0.36,"accumulation_cells":11,"vertex_count":4,"decimated":false,"source":"Copernicus GLO-30 DEM at 180 m, D8 flow accumulation"},"geometry":{"type":"LineString","coordinates":[[-56.976432189485,-25.617520367595],[-56.976987745025,-25.616964812055],[-56.976987745025,-25.616409256515],[-56.977543300565,-25.615853700975]]}},{"type":"Feature","properties":{"category":"dem_stream","class":"tributary","threshold_label":"headwaters \u2265 80 cells","catchment_km2":5.51,"accumulation_cells":170,"vertex_count":401,"decimated":true,"source":"Copernicus GLO-30 DEM at 180 m, D8 flow accumulation"},"geometry":{"type":"LineString","coordinates":[[-56.975321078405,-25.555298147115],[-56.972543300705,-25.553631480495],[-56.969765523005,-25.553075924955]]}},{"type":"Feature","properties":{"category":"dem_stream","class":"rill","threshold_label":"headwaters \u2265 80 cells","catchment_km2":0.19,"accumulation_cells":6,"vertex_count":3,"decimated":false,"source":"Copernicus GLO-30 DEM at 180 m, D8 flow accumulation"},"geometry":{"type":"LineString","coordinates":[[-56.974765522865,-25.628631478395],[-56.975321078405,-25.628075922855],[-56.975321078405,-25.627520367315]]}},{"type":"Feature","properties":{"category":"dem_stream","class":"tributary","threshold_label":"headwaters \u2265 80 cells","catchment_km2":6.9,"accumulation_cells":213,"vertex_count":401,"decimated":true,"source":"Copernicus GLO-30 DEM at 180 m, D8 flow accumulation"},"geometry":{"type":"LineString","coordinates":[[-56.974765522865,-25.645853700135],[-56.976987745025,-25.643075922435],[-56.978654411645,-25.641964811355]]}},{"type":"Feature","properties":{"category":"dem_stream","class":"rill","threshold_label":"headwaters \u2265 80 cells","catchment_km2":0.06,"accumulation_cells":2,"vertex_count":9,"decimated":false,"source":"Copernicus GLO-30 DEM at 180 m, D8 flow accumulation"},"geometry":{"type":"LineString","coordinates":[[-56.974209967325,-25.656964810934998],[-56.973654411785,-25.656964810934998],[-56.973098856245,-25.656409255395],[-56.972543300705,-25.656409255395],[-56.971987745165,-25.656409255395],[-56.971432189625,-25.655853699855],[-56.971432189625,-25.655298144315],[-56.971432189625,-25.654742588775],[-56.971432189625,-25.654187033235]]}},{"type":"Feature","properties":{"category":"dem_stream","class":"rill","threshold_label":"headwaters \u2265 80 cells","catchment_km2":0.32,"accumulation_cells":10,"vertex_count":5,"decimated":false,"source":"Copernicus GLO-30 DEM at 180 m, D8 flow accumulation"},"geometry":{"type":"LineString","coordinates":[[-56.971987745165,-25.612520367734998],[-56.972543300705,-25.612520367734998],[-56.973098856245,-25.612520367734998],[-56.973654411785,-25.611964812194998],[-56.974209967325,-25.611409256654998]]}},{"type":"Feature","properties":{"category":"dem_stream","class":"tributary","threshold_label":"headwaters \u2265 80 cells","catchment_km2":6.12,"accumulation_cells":189,"vertex_count":12,"decimated":false,"source":"Copernicus GLO-30 DEM at 180 m, D8 flow accumulation"},"geometry":{"type":"LineString","coordinates":[[-56.971432189625,-25.663075921875],[-56.971432189625,-25.662520366335],[-56.971987745165,-25.661964810795],[-56.972543300705,-25.661409255255],[-56.972543300705,-25.660853699715],[-56.972543300705,-25.660298144174998],[-56.971987745165,-25.659742588634998],[-56.972543300705,-25.659187033094998],[-56.971987745165,-25.658631477554998],[-56.971987745165,-25.658075922014998],[-56.971432189625,-25.657520366474998],[-56.971432189625,-25.656964810934998]]}},{"type":"Feature","properties":{"category":"dem_stream","class":"rill","threshold_label":"headwaters \u2265 80 cells","catchment_km2":0.58,"accumulation_cells":18,"vertex_count":4,"decimated":false,"source":"Copernicus GLO-30 DEM at 180 m, D8 flow accumulation"},"geometry":{"type":"LineString","coordinates":[[-56.970876634085,-25.578075924255],[-56.970321078545,-25.577520368715],[-56.970321078545,-25.576964813175],[-56.969765523005,-25.576409257635]]}},{"type":"Feature","properties":{"category":"dem_stream","class":"tributary","threshold_label":"headwaters \u2265 80 cells","catchment_km2":11.63,"accumulation_cells":359,"vertex_count":401,"decimated":true,"source":"Copernicus GLO-30 DEM at 180 m, D8 flow accumulation"},"geometry":{"type":"MultiLineString","coordinates":[[[-56.969765523005,-25.590853701674998],[-56.969765523005,-25.588075923974998],[-56.968098856385,-25.585298146275],[-56.967543300845,-25.582520368575],[-56.965321078685,-25.579742590875],[-56.965876634225,-25.576964813175],[-56.964209967605,-25.574187035475],[-56.963098856525,-25.573075924395]],[[-56.963098856525,-25.573075924395],[-56.963098856525,-25.573631479935]]]}},{"type":"Feature","properties":{"category":"dem_stream","class":"rill","threshold_label":"headwaters \u2265 80 cells","catchment_km2":0.13,"accumulation_cells":4,"vertex_count":7,"decimated":false,"source":"Copernicus GLO-30 DEM at 180 m, D8 flow accumulation"},"geometry":{"type":"LineString","coordinates":[[-56.968654411925,-25.574742591015],[-56.968098856385,-25.574187035475],[-56.967543300845,-25.574187035475],[-56.966987745305,-25.573631479935],[-56.967543300845,-25.573075924395],[-56.967543300845,-25.572520368855],[-56.966987745305,-25.571964813315]]}},{"type":"Feature","properties":{"category":"dem_stream","class":"tributary","threshold_label":"headwaters \u2265 80 cells","catchment_km2":9.14,"accumulation_cells":282,"vertex_count":401,"decimated":true,"source":"Copernicus GLO-30 DEM at 180 m, D8 flow accumulation"},"geometry":{"type":"LineString","coordinates":[[-56.968654411925,-25.655298144315],[-56.970876634085,-25.653075922155],[-56.971432189625,-25.651964811075]]}},{"type":"Feature","properties":{"category":"dem_stream","class":"creek","threshold_label":"headwaters \u2265 80 cells","catchment_km2":4.15,"accumulation_cells":128,"vertex_count":401,"decimated":true,"source":"Copernicus GLO-30 DEM at 180 m, D8 flow accumulation"},"geometry":{"type":"MultiLineString","coordinates":[[[-56.965321078685,-25.593631479375],[-56.964765523145,-25.591964812755]],[[-56.964765523145,-25.591964812755],[-56.964765523145,-25.592520368295]]]}},{"type":"Feature","properties":{"category":"dem_stream","class":"tributary","threshold_label":"headwaters \u2265 80 cells","catchment_km2":10.4,"accumulation_cells":321,"vertex_count":401,"decimated":true,"source":"Copernicus GLO-30 DEM at 180 m, D8 flow accumulation"},"geometry":{"type":"MultiLineString","coordinates":[[[-56.965321078685,-25.614187034354998],[-56.965876634225,-25.613631478814998]],[[-56.965876634225,-25.613631478814998],[-56.966432189765,-25.614187034354998]]]}},{"type":"Feature","properties":{"category":"dem_stream","class":"creek","threshold_label":"headwaters \u2265 80 cells","catchment_km2":3.82,"accumulation_cells":118,"vertex_count":401,"decimated":true,"source":"Copernicus GLO-30 DEM at 180 m, D8 flow accumulation"},"geometry":{"type":"MultiLineString","coordinates":[[[-56.964765523145,-25.599742590315],[-56.964765523145,-25.598631479235]],[[-56.964765523145,-25.598631479235],[-56.964765523145,-25.598075923695]]]}},{"type":"Feature","properties":{"category":"dem_stream","class":"tributary","threshold_label":"headwaters \u2265 80 cells","catchment_km2":5.51,"accumulation_cells":170,"vertex_count":401,"decimated":true,"source":"Copernicus GLO-30 DEM at 180 m, D8 flow accumulation"},"geometry":{"type":"MultiLineString","coordinates":[[[-56.964209967605,-25.693631476575],[-56.966432189765,-25.692520365495],[-56.966987745305,-25.693075921035]],[[-56.966987745305,-25.693075921035],[-56.967543300845,-25.693075921035]]]}},{"type":"Feature","properties":{"category":"dem_stream","class":"tributary","threshold_label":"headwaters \u2265 80 cells","catchment_km2":9.27,"accumulation_cells":286,"vertex_count":401,"decimated":true,"source":"Copernicus GLO-30 DEM at 180 m, D8 flow accumulation"},"geometry":{"type":"LineString","coordinates":[[-56.963654412065,-25.534742592135],[-56.961432189905,-25.533631481055]]}},{"type":"Feature","properties":{"category":"dem_stream","class":"tributary","threshold_label":"headwaters \u2265 80 cells","catchment_km2":5.83,"accumulation_cells":180,"vertex_count":401,"decimated":true,"source":"Copernicus GLO-30 DEM at 180 m, D8 flow accumulation"},"geometry":{"type":"MultiLineString","coordinates":[[[-56.963654412065,-25.644742589055],[-56.964209967605,-25.644742589055]],[[-56.964209967605,-25.644742589055],[-56.964765523145,-25.644742589055]]]}},{"type":"Feature","properties":{"category":"dem_stream","class":"rill","threshold_label":"headwaters \u2265 80 cells","catchment_km2":0.16,"accumulation_cells":5,"vertex_count":3,"decimated":false,"source":"Copernicus GLO-30 DEM at 180 m, D8 flow accumulation"},"geometry":{"type":"LineString","coordinates":[[-56.962543300985,-25.582520368575],[-56.963098856525,-25.581964813035],[-56.963098856525,-25.581409257495]]}},{"type":"Feature","properties":{"category":"dem_stream","class":"rill","threshold_label":"headwaters \u2265 80 cells","catchment_km2":0.65,"accumulation_cells":20,"vertex_count":4,"decimated":false,"source":"Copernicus GLO-30 DEM at 180 m, D8 flow accumulation"},"geometry":{"type":"LineString","coordinates":[[-56.962543300985,-25.601409256935],[-56.963098856525,-25.600853701395],[-56.963654412065,-25.600853701395],[-56.964209967605,-25.600298145855]]}},{"type":"Feature","properties":{"category":"dem_stream","class":"rill","threshold_label":"headwaters \u2265 80 cells","catchment_km2":0.32,"accumulation_cells":10,"vertex_count":12,"decimated":false,"source":"Copernicus GLO-30 DEM at 180 m, D8 flow accumulation"},"geometry":{"type":"LineString","coordinates":[[-56.962543300985,-25.661964810795],[-56.962543300985,-25.661409255255],[-56.962543300985,-25.660853699715],[-56.962543300985,-25.660298144174998],[-56.963098856525,-25.659742588634998],[-56.963098856525,-25.659187033094998],[-56.963654412065,-25.658631477554998],[-56.964209967605,-25.658075922014998],[-56.964209967605,-25.657520366474998],[-56.964765523145,-25.656964810934998],[-56.965321078685,-25.656409255395],[-56.965876634225,-25.656964810934998]]}},{"type":"Feature","properties":{"category":"dem_stream","class":"rill","threshold_label":"headwaters \u2265 80 cells","catchment_km2":0.26,"accumulation_cells":8,"vertex_count":6,"decimated":false,"source":"Copernicus GLO-30 DEM at 180 m, D8 flow accumulation"},"geometry":{"type":"LineString","coordinates":[[-56.961432189905,-25.669187032815],[-56.961987745445,-25.669187032815],[-56.962543300985,-25.668631477275],[-56.963098856525,-25.668075921735],[-56.963654412065,-25.667520366195],[-56.963654412065,-25.666964810655]]}},{"type":"Feature","properties":{"category":"dem_stream","class":"creek","threshold_label":"headwaters \u2265 80 cells","catchment_km2":3.79,"accumulation_cells":117,"vertex_count":401,"decimated":true,"source":"Copernicus GLO-30 DEM at 180 m, D8 flow accumulation"},"geometry":{"type":"MultiLineString","coordinates":[[[-56.958654412205,-25.553075924955],[-56.959209967745,-25.551409258335]],[[-56.959209967745,-25.551409258335],[-56.958654412205,-25.550853702795]]]}},{"type":"Feature","properties":{"category":"dem_stream","class":"rill","threshold_label":"headwaters \u2265 80 cells","catchment_km2":0.29,"accumulation_cells":9,"vertex_count":19,"decimated":false,"source":"Copernicus GLO-30 DEM at 180 m, D8 flow accumulation"},"geometry":{"type":"LineString","coordinates":[[-56.958654412205,-25.603075923555],[-56.958654412205,-25.602520368015],[-56.959209967745,-25.601964812475],[-56.959209967745,-25.601409256935],[-56.958654412205,-25.600853701395],[-56.958098856664996,-25.600298145855],[-56.957543301125,-25.599742590315],[-56.956987745584996,-25.599742590315],[-56.956432190045,-25.599187034775],[-56.955876634505,-25.598631479235],[-56.955321078965,-25.598075923695],[-56.954765523425,-25.597520368155],[-56.954765523425,-25.596964812615],[-56.954765523425,-25.596409257075],[-56.954765523425,-25.595853701535],[-56.955321078965,-25.595298145995],[-56.955321078965,-25.594742590455],[-56.955321078965,-25.594187034915],[-56.954765523425,-25.593631479375]]}},{"type":"Feature","properties":{"category":"dem_stream","class":"creek","threshold_label":"headwaters \u2265 80 cells","catchment_km2":2.95,"accumulation_cells":91,"vertex_count":401,"decimated":true,"source":"Copernicus GLO-30 DEM at 180 m, D8 flow accumulation"},"geometry":{"type":"LineString","coordinates":[[-56.958654412205,-25.626964811775],[-56.959209967745,-25.626409256235]]}},{"type":"Feature","properties":{"category":"dem_stream","class":"rill","threshold_label":"headwaters \u2265 80 cells","catchment_km2":0.39,"accumulation_cells":12,"vertex_count":6,"decimated":false,"source":"Copernicus GLO-30 DEM at 180 m, D8 flow accumulation"},"geometry":{"type":"LineString","coordinates":[[-56.958654412205,-25.648075922295],[-56.959209967745,-25.647520366755],[-56.959765523285,-25.646964811215],[-56.959765523285,-25.646409255675],[-56.960321078825,-25.645853700135],[-56.960876634365,-25.645298144595]]}},{"type":"Feature","properties":{"category":"dem_stream","class":"tributary","threshold_label":"headwaters \u2265 80 cells","catchment_km2":6.48,"accumulation_cells":200,"vertex_count":401,"decimated":true,"source":"Copernicus GLO-30 DEM at 180 m, D8 flow accumulation"},"geometry":{"type":"MultiLineString","coordinates":[[[-56.955876634505,-25.579187035335],[-56.957543301125,-25.578075924255]],[[-56.957543301125,-25.578075924255],[-56.956987745584996,-25.578075924255]]]}},{"type":"Feature","properties":{"category":"dem_stream","class":"rill","threshold_label":"headwaters \u2265 80 cells","catchment_km2":0.68,"accumulation_cells":21,"vertex_count":10,"decimated":false,"source":"Copernicus GLO-30 DEM at 180 m, D8 flow accumulation"},"geometry":{"type":"LineString","coordinates":[[-56.955321078965,-25.569742591155],[-56.955876634505,-25.570298146695],[-56.956432190045,-25.570298146695],[-56.956987745584996,-25.570298146695],[-56.957543301125,-25.570298146695],[-56.958098856664996,-25.570853702235],[-56.958654412205,-25.571409257775],[-56.959209967745,-25.571409257775],[-56.959765523285,-25.570853702235],[-56.959765523285,-25.570298146695]]}},{"type":"Feature","properties":{"category":"dem_stream","class":"tributary","threshold_label":"headwaters \u2265 80 cells","catchment_km2":8.23,"accumulation_cells":254,"vertex_count":401,"decimated":true,"source":"Copernicus GLO-30 DEM at 180 m, D8 flow accumulation"},"geometry":{"type":"LineString","coordinates":[[-56.954765523425,-25.577520368715],[-56.956987745584996,-25.575853702095]]}},{"type":"Feature","properties":{"category":"dem_stream","class":"rill","threshold_label":"headwaters \u2265 80 cells","catchment_km2":0.29,"accumulation_cells":9,"vertex_count":14,"decimated":false,"source":"Copernicus GLO-30 DEM at 180 m, D8 flow accumulation"},"geometry":{"type":"LineString","coordinates":[[-56.951432190185,-25.678075921455],[-56.950876634645,-25.677520365915],[-56.950321079105,-25.676964810375],[-56.950321079105,-25.676409254835],[-56.950321079105,-25.675853699295],[-56.950321079105,-25.675298143755],[-56.950876634645,-25.674742588215],[-56.950876634645,-25.674187032675],[-56.950876634645,-25.673631477135],[-56.950876634645,-25.673075921595],[-56.950321079105,-25.673075921595],[-56.950321079105,-25.672520366055],[-56.950321079105,-25.671964810515],[-56.950321079105,-25.671409254975]]}},{"type":"Feature","properties":{"category":"dem_stream","class":"tributary","threshold_label":"headwaters \u2265 80 cells","catchment_km2":6.84,"accumulation_cells":211,"vertex_count":401,"decimated":true,"source":"Copernicus GLO-30 DEM at 180 m, D8 flow accumulation"},"geometry":{"type":"MultiLineString","coordinates":[[[-56.950876634645,-25.605298145715],[-56.950876634645,-25.604742590175]],[[-56.950876634645,-25.604742590175],[-56.950321079105,-25.604742590175]]]}},{"type":"Feature","properties":{"category":"dem_stream","class":"tributary","threshold_label":"headwaters \u2265 80 cells","catchment_km2":14.97,"accumulation_cells":462,"vertex_count":401,"decimated":true,"source":"Copernicus GLO-30 DEM at 180 m, D8 flow accumulation"},"geometry":{"type":"MultiLineString","coordinates":[[[-56.950321079105,-25.557520369275],[-56.950321079105,-25.554742591575],[-56.950876634645,-25.552520369415],[-56.953098856805,-25.550298147255],[-56.952543301265,-25.548631480635]],[[-56.952543301265,-25.548631480635],[-56.953098856805,-25.549187036175]]]}},{"type":"Feature","properties":{"category":"dem_stream","class":"tributary","threshold_label":"headwaters \u2265 80 cells","catchment_km2":5.99,"accumulation_cells":185,"vertex_count":401,"decimated":true,"source":"Copernicus GLO-30 DEM at 180 m, D8 flow accumulation"},"geometry":{"type":"MultiLineString","coordinates":[[[-56.950321079105,-25.634187033794998],[-56.950321079105,-25.633631478255]],[[-56.950321079105,-25.633631478255],[-56.950321079105,-25.633075922715]]]}}]}