{"type":"FeatureCollection","name":"dem_streams_20km","metadata":{"source":"Copernicus GLO-30 (AWS S3) + D8 flow accumulation","bbox":[-25.787336,-57.231502,-25.427336,-56.839502],"pixel_resolution_m":180,"thresholds":{"main_rivers_cells":500,"tributaries_cells":200,"headwaters_cells":80},"feature_count":1175,"generated_utc":"2026-07-05T18:49:10.581910Z"},"features":[{"type":"Feature","properties":{"category":"dem_stream","class":"tributary","threshold_label":"main_rivers \u2265 500 cells","catchment_km2":18.24,"accumulation_cells":563,"vertex_count":401,"decimated":true,"source":"Copernicus GLO-30 DEM at 180 m, D8 flow accumulation"},"geometry":{"type":"MultiLineString","coordinates":[[[-57.221826074344996,-25.652567475175],[-57.22238162988499,-25.653123030715]],[[-57.22238162988499,-25.653123030715],[-57.222937185424996,-25.653678586255]]]}},{"type":"Feature","properties":{"category":"dem_stream","class":"tributary","threshold_label":"main_rivers \u2265 500 cells","catchment_km2":22.06,"accumulation_cells":681,"vertex_count":401,"decimated":true,"source":"Copernicus GLO-30 DEM at 180 m, D8 flow accumulation"},"geometry":{"type":"LineString","coordinates":[[-57.22127051880499,-25.784234138155],[-57.222937185424996,-25.787011915855],[-57.223909437859994,-25.787336]]}},{"type":"Feature","properties":{"category":"dem_stream","class":"tributary","threshold_label":"main_rivers \u2265 500 cells","catchment_km2":21.61,"accumulation_cells":667,"vertex_count":401,"decimated":true,"source":"Copernicus GLO-30 DEM at 180 m, D8 flow accumulation"},"geometry":{"type":"LineString","coordinates":[[-57.215714963405,-25.543123033795],[-57.218492741104996,-25.542567478255002],[-57.219603852184996,-25.542011922715]]}},{"type":"Feature","properties":{"category":"dem_stream","class":"main","threshold_label":"main_rivers \u2265 500 cells","catchment_km2":37.07,"accumulation_cells":1144,"vertex_count":401,"decimated":true,"source":"Copernicus GLO-30 DEM at 180 m, D8 flow accumulation"},"geometry":{"type":"MultiLineString","coordinates":[[[-57.212937185704995,-25.720345251055],[-57.213492741245,-25.720345251055]],[[-57.213492741245,-25.720345251055],[-57.213492741245,-25.719789695515]]]}},{"type":"Feature","properties":{"category":"dem_stream","class":"creek","threshold_label":"main_rivers \u2265 500 cells","catchment_km2":1.23,"accumulation_cells":38,"vertex_count":9,"decimated":false,"source":"Copernicus GLO-30 DEM at 180 m, D8 flow accumulation"},"geometry":{"type":"LineString","coordinates":[[-57.196270519505,-25.513123034635],[-57.196270519505,-25.512567479095],[-57.196270519505,-25.512011923555],[-57.196270519505,-25.511456368015],[-57.195714963964996,-25.510900812475],[-57.195714963964996,-25.510345256935],[-57.195714963964996,-25.509789701395],[-57.195159408425,-25.509234145855],[-57.195714963964996,-25.508678590315]]}},{"type":"Feature","properties":{"category":"dem_stream","class":"creek","threshold_label":"main_rivers \u2265 500 cells","catchment_km2":1.04,"accumulation_cells":32,"vertex_count":12,"decimated":false,"source":"Copernicus GLO-30 DEM at 180 m, D8 flow accumulation"},"geometry":{"type":"LineString","coordinates":[[-57.166270520344995,-25.543123033795],[-57.166826075885,-25.543123033795],[-57.167381631424995,-25.543678589335],[-57.167937186965,-25.543678589335],[-57.168492742504995,-25.544234144875],[-57.169048298045,-25.544234144875],[-57.169603853584995,-25.544789700415],[-57.170159409125,-25.544789700415],[-57.170714964664995,-25.544789700415],[-57.171270520205,-25.544789700415],[-57.171826075744995,-25.544789700415],[-57.172381631285,-25.544789700415]]}},{"type":"Feature","properties":{"category":"dem_stream","class":"main","threshold_label":"main_rivers \u2265 500 cells","catchment_km2":46.33,"accumulation_cells":1430,"vertex_count":401,"decimated":true,"source":"Copernicus GLO-30 DEM at 180 m, D8 flow accumulation"},"geometry":{"type":"MultiLineString","coordinates":[[[-57.15849274278499,-25.767011916415],[-57.160159409405,-25.765900805335]],[[-57.160159409405,-25.765900805335],[-57.160714964944994,-25.765900805335]]]}},{"type":"Feature","properties":{"category":"dem_stream","class":"rill","threshold_label":"main_rivers \u2265 500 cells","catchment_km2":0.39,"accumulation_cells":12,"vertex_count":3,"decimated":false,"source":"Copernicus GLO-30 DEM at 180 m, D8 flow accumulation"},"geometry":{"type":"LineString","coordinates":[[-57.119048299445,-25.569789699715],[-57.119603854984994,-25.570345255255],[-57.119603854984994,-25.570900810795]]}},{"type":"Feature","properties":{"category":"dem_stream","class":"rill","threshold_label":"main_rivers \u2265 500 cells","catchment_km2":0.13,"accumulation_cells":4,"vertex_count":5,"decimated":false,"source":"Copernicus GLO-30 DEM at 180 m, D8 flow accumulation"},"geometry":{"type":"LineString","coordinates":[[-57.094048300145,-25.640345253295],[-57.094603855684994,-25.640345253295],[-57.095159411225,-25.640345253295],[-57.095714966764994,-25.640900808835],[-57.095714966764994,-25.641456364375]]}},{"type":"Feature","properties":{"category":"dem_stream","class":"main","threshold_label":"main_rivers \u2265 500 cells","catchment_km2":45.42,"accumulation_cells":1402,"vertex_count":401,"decimated":true,"source":"Copernicus GLO-30 DEM at 180 m, D8 flow accumulation"},"geometry":{"type":"LineString","coordinates":[[-57.087381633665,-25.554234144595],[-57.087381633665,-25.553678589055]]}},{"type":"Feature","properties":{"category":"dem_stream","class":"main","threshold_label":"main_rivers \u2265 500 cells","catchment_km2":37.58,"accumulation_cells":1160,"vertex_count":401,"decimated":true,"source":"Copernicus GLO-30 DEM at 180 m, D8 flow accumulation"},"geometry":{"type":"LineString","coordinates":[[-57.075159411784995,-25.544789700415],[-57.074048300704995,-25.542011922715],[-57.072381634085,-25.539234145015]]}},{"type":"Feature","properties":{"category":"dem_stream","class":"rill","threshold_label":"main_rivers \u2265 500 cells","catchment_km2":0.1,"accumulation_cells":3,"vertex_count":13,"decimated":false,"source":"Copernicus GLO-30 DEM at 180 m, D8 flow accumulation"},"geometry":{"type":"LineString","coordinates":[[-57.064603856525,-25.642011919915],[-57.06515941206499,-25.642011919915],[-57.065714967605,-25.642011919915],[-57.06627052314499,-25.642011919915],[-57.066826078685,-25.642567475455],[-57.06738163422499,-25.642567475455],[-57.067937189765,-25.642567475455],[-57.068492745304994,-25.642567475455],[-57.069048300845,-25.642567475455],[-57.069603856384994,-25.643123030995],[-57.069603856384994,-25.643678586535],[-57.070159411925,-25.644234142075],[-57.070714967464994,-25.644789697615]]}},{"type":"Feature","properties":{"category":"dem_stream","class":"rill","threshold_label":"main_rivers \u2265 500 cells","catchment_km2":0.13,"accumulation_cells":4,"vertex_count":7,"decimated":false,"source":"Copernicus GLO-30 DEM at 180 m, D8 flow accumulation"},"geometry":{"type":"LineString","coordinates":[[-57.048492745865,-25.710345251335],[-57.049048301404994,-25.710345251335],[-57.049603856945,-25.709789695795],[-57.050159412484994,-25.709789695795],[-57.050714968025,-25.709234140255],[-57.051270523564995,-25.709234140255],[-57.051826079105,-25.709789695795]]}},{"type":"Feature","properties":{"category":"dem_stream","class":"main","threshold_label":"main_rivers \u2265 500 cells","catchment_km2":42.48,"accumulation_cells":1311,"vertex_count":401,"decimated":true,"source":"Copernicus GLO-30 DEM at 180 m, D8 flow accumulation"},"geometry":{"type":"MultiLineString","coordinates":[[[-57.042937190465,-25.697567473915],[-57.045714968164994,-25.699234140535],[-57.046826079244994,-25.698678584995]],[[-57.046826079244994,-25.698678584995],[-57.046826079244994,-25.699234140535]]]}},{"type":"Feature","properties":{"category":"dem_stream","class":"tributary","threshold_label":"main_rivers \u2265 500 cells","catchment_km2":20.28,"accumulation_cells":626,"vertex_count":401,"decimated":true,"source":"Copernicus GLO-30 DEM at 180 m, D8 flow accumulation"},"geometry":{"type":"LineString","coordinates":[[-57.039603857224996,-25.633678586815],[-57.03793719060499,-25.631456364655],[-57.038492746144996,-25.629234142495]]}},{"type":"Feature","properties":{"category":"dem_stream","class":"rill","threshold_label":"main_rivers \u2265 500 cells","catchment_km2":0.75,"accumulation_cells":23,"vertex_count":3,"decimated":false,"source":"Copernicus GLO-30 DEM at 180 m, D8 flow accumulation"},"geometry":{"type":"LineString","coordinates":[[-57.033492746285,-25.711456362415],[-57.034048301824996,-25.711456362415],[-57.034603857365,-25.711456362415]]}},{"type":"Feature","properties":{"category":"dem_stream","class":"rill","threshold_label":"main_rivers \u2265 500 cells","catchment_km2":0.42,"accumulation_cells":13,"vertex_count":4,"decimated":false,"source":"Copernicus GLO-30 DEM at 180 m, D8 flow accumulation"},"geometry":{"type":"LineString","coordinates":[[-57.029048301965,-25.767011916415],[-57.029048301965,-25.767567471955],[-57.029603857504995,-25.767011916415],[-57.030159413045,-25.767011916415]]}},{"type":"Feature","properties":{"category":"dem_stream","class":"rill","threshold_label":"main_rivers \u2265 500 cells","catchment_km2":0.1,"accumulation_cells":3,"vertex_count":17,"decimated":false,"source":"Copernicus GLO-30 DEM at 180 m, D8 flow accumulation"},"geometry":{"type":"LineString","coordinates":[[-57.023492746565,-25.737567472795],[-57.024048302104994,-25.737567472795],[-57.024603857645,-25.737567472795],[-57.025159413184994,-25.737567472795],[-57.025714968725,-25.737567472795],[-57.026270524264994,-25.737011917255],[-57.026826079805,-25.737011917255],[-57.027381635344994,-25.737011917255],[-57.027937190885,-25.736456361715],[-57.028492746424995,-25.737011917255],[-57.029048301965,-25.737567472795],[-57.029603857504995,-25.738123028335],[-57.030159413045,-25.738678583875],[-57.030714968584995,-25.738678583875],[-57.031270524125,-25.739234139415],[-57.031826079664995,-25.739789694955],[-57.031826079664995,-25.740345250495]]}},{"type":"Feature","properties":{"category":"dem_stream","class":"rill","threshold_label":"main_rivers \u2265 500 cells","catchment_km2":0.68,"accumulation_cells":21,"vertex_count":6,"decimated":true,"source":"Copernicus GLO-30 DEM at 180 m, D8 flow accumulation"},"geometry":{"type":"LineString","coordinates":[[-57.02071496886499,-25.726456361995],[-57.023492746565,-25.726456361995],[-57.026270524264994,-25.727011917535002],[-57.029048301965,-25.727011917535002],[-57.031826079664995,-25.727567473075],[-57.032381635205,-25.727567473075]]}},{"type":"Feature","properties":{"category":"dem_stream","class":"tributary","threshold_label":"main_rivers \u2265 500 cells","catchment_km2":24.14,"accumulation_cells":745,"vertex_count":401,"decimated":true,"source":"Copernicus GLO-30 DEM at 180 m, D8 flow accumulation"},"geometry":{"type":"MultiLineString","coordinates":[[[-57.016826080084996,-25.770345249655],[-57.019048302245,-25.773123027355002],[-57.020159413325,-25.775900805055],[-57.022937191024994,-25.777567471675],[-57.025714968725,-25.779789693835],[-57.027381635344994,-25.782567471535],[-57.027937190885,-25.783123027075]],[[-57.027937190885,-25.783123027075],[-57.027937190885,-25.783678582615]]]}},{"type":"Feature","properties":{"category":"dem_stream","class":"tributary","threshold_label":"main_rivers \u2265 500 cells","catchment_km2":18.63,"accumulation_cells":575,"vertex_count":401,"decimated":true,"source":"Copernicus GLO-30 DEM at 180 m, D8 flow accumulation"},"geometry":{"type":"MultiLineString","coordinates":[[[-56.99015941416499,-25.529789700835],[-56.99015941416499,-25.527011923135],[-56.99015941416499,-25.526456367595]],[[-56.99015941416499,-25.526456367595],[-56.989603858624996,-25.525900812055]]]}},{"type":"Feature","properties":{"category":"dem_stream","class":"rill","threshold_label":"main_rivers \u2265 500 cells","catchment_km2":0.52,"accumulation_cells":16,"vertex_count":9,"decimated":false,"source":"Copernicus GLO-30 DEM at 180 m, D8 flow accumulation"},"geometry":{"type":"LineString","coordinates":[[-56.952381637444994,-25.539234145015],[-56.952937192985,-25.539234145015],[-56.953492748524994,-25.539234145015],[-56.954048304065,-25.538678589475],[-56.954603859604994,-25.538678589475],[-56.955159415145,-25.538678589475],[-56.955714970684994,-25.538123033935],[-56.956270526225,-25.538123033935],[-56.956826081764994,-25.537567478395]]}},{"type":"Feature","properties":{"category":"dem_stream","class":"rill","threshold_label":"main_rivers \u2265 500 cells","catchment_km2":0.42,"accumulation_cells":13,"vertex_count":6,"decimated":false,"source":"Copernicus GLO-30 DEM at 180 m, D8 flow accumulation"},"geometry":{"type":"LineString","coordinates":[[-56.925714971525,-25.618123031695],[-56.92515941598499,-25.617567476155],[-56.924603860444996,-25.617011920615],[-56.924603860444996,-25.616456365075],[-56.92515941598499,-25.615900809535],[-56.925714971525,-25.615345253995]]}},{"type":"Feature","properties":{"category":"dem_stream","class":"tributary","threshold_label":"tributaries \u2265 200 cells","catchment_km2":17.66,"accumulation_cells":545,"vertex_count":401,"decimated":true,"source":"Copernicus GLO-30 DEM at 180 m, D8 flow accumulation"},"geometry":{"type":"MultiLineString","coordinates":[[[-57.231270518524994,-25.708123029175],[-57.231270518524994,-25.708678584715]],[[-57.231270518524994,-25.708678584715],[-57.231270518524994,-25.709234140255]]]}},{"type":"Feature","properties":{"category":"dem_stream","class":"tributary","threshold_label":"tributaries \u2265 200 cells","catchment_km2":8.46,"accumulation_cells":261,"vertex_count":401,"decimated":true,"source":"Copernicus GLO-30 DEM at 180 m, D8 flow accumulation"},"geometry":{"type":"MultiLineString","coordinates":[[[-57.230159407444994,-25.553678589055],[-57.230714962985,-25.553678589055]],[[-57.230714962985,-25.553678589055],[-57.231270518524994,-25.554234144595]]]}},{"type":"Feature","properties":{"category":"dem_stream","class":"tributary","threshold_label":"tributaries \u2265 200 cells","catchment_km2":15.81,"accumulation_cells":488,"vertex_count":401,"decimated":true,"source":"Copernicus GLO-30 DEM at 180 m, D8 flow accumulation"},"geometry":{"type":"MultiLineString","coordinates":[[[-57.22793718528499,-25.603678587655],[-57.228492740825,-25.606456365355],[-57.229603851905,-25.608678587515],[-57.229603851905,-25.609789698595]],[[-57.229603851905,-25.609789698595],[-57.229603851905,-25.610345254135]]]}},{"type":"Feature","properties":{"category":"dem_stream","class":"tributary","threshold_label":"tributaries \u2265 200 cells","catchment_km2":12.8,"accumulation_cells":395,"vertex_count":401,"decimated":true,"source":"Copernicus GLO-30 DEM at 180 m, D8 flow accumulation"},"geometry":{"type":"LineString","coordinates":[[-57.226270518665,-25.585345254835],[-57.229048296364994,-25.582567477135],[-57.229603851905,-25.581456366055]]}},{"type":"Feature","properties":{"category":"dem_stream","class":"tributary","threshold_label":"tributaries \u2265 200 cells","catchment_km2":11.99,"accumulation_cells":370,"vertex_count":401,"decimated":true,"source":"Copernicus GLO-30 DEM at 180 m, D8 flow accumulation"},"geometry":{"type":"MultiLineString","coordinates":[[[-57.22571496312499,-25.689234140815],[-57.228492740825,-25.690900807435],[-57.230714962985,-25.690900807435]],[[-57.230714962985,-25.690900807435],[-57.231270518524994,-25.690900807435]]]}},{"type":"Feature","properties":{"category":"dem_stream","class":"tributary","threshold_label":"tributaries \u2265 200 cells","catchment_km2":16.56,"accumulation_cells":511,"vertex_count":401,"decimated":true,"source":"Copernicus GLO-30 DEM at 180 m, D8 flow accumulation"},"geometry":{"type":"LineString","coordinates":[[-57.225159407585,-25.516456367875],[-57.22793718528499,-25.518123034495],[-57.230714962985,-25.517567478955]]}},{"type":"Feature","properties":{"category":"dem_stream","class":"rill","threshold_label":"tributaries \u2265 200 cells","catchment_km2":0.06,"accumulation_cells":2,"vertex_count":15,"decimated":false,"source":"Copernicus GLO-30 DEM at 180 m, D8 flow accumulation"},"geometry":{"type":"LineString","coordinates":[[-57.224048296504996,-25.471456369135],[-57.22349274096499,-25.470900813595],[-57.222937185424996,-25.470345258055],[-57.22238162988499,-25.469789702515],[-57.22238162988499,-25.469234146975],[-57.221826074344996,-25.468678591435],[-57.221826074344996,-25.468123035895],[-57.22127051880499,-25.467567480355],[-57.22127051880499,-25.467011924815],[-57.22127051880499,-25.466456369275],[-57.22127051880499,-25.465900813735],[-57.220714963264996,-25.465345258195],[-57.220714963264996,-25.464789702655],[-57.220714963264996,-25.464234147115],[-57.220714963264996,-25.463678591575]]}},{"type":"Feature","properties":{"category":"dem_stream","class":"tributary","threshold_label":"tributaries \u2265 200 cells","catchment_km2":10.5,"accumulation_cells":324,"vertex_count":401,"decimated":true,"source":"Copernicus GLO-30 DEM at 180 m, D8 flow accumulation"},"geometry":{"type":"MultiLineString","coordinates":[[[-57.222937185424996,-25.565900810935],[-57.22349274096499,-25.565900810935]],[[-57.22349274096499,-25.565900810935],[-57.22349274096499,-25.566456366475]]]}},{"type":"Feature","properties":{"category":"dem_stream","class":"creek","threshold_label":"tributaries \u2265 200 cells","catchment_km2":1.04,"accumulation_cells":32,"vertex_count":3,"decimated":false,"source":"Copernicus GLO-30 DEM at 180 m, D8 flow accumulation"},"geometry":{"type":"LineString","coordinates":[[-57.22127051880499,-25.665900808135],[-57.221826074344996,-25.665345252595],[-57.22238162988499,-25.664789697055]]}},{"type":"Feature","properties":{"category":"dem_stream","class":"creek","threshold_label":"tributaries \u2265 200 cells","catchment_km2":1.07,"accumulation_cells":33,"vertex_count":7,"decimated":false,"source":"Copernicus GLO-30 DEM at 180 m, D8 flow accumulation"},"geometry":{"type":"LineString","coordinates":[[-57.22015940772499,-25.578678588355],[-57.220714963264996,-25.578678588355],[-57.22127051880499,-25.578678588355],[-57.221826074344996,-25.579234143895],[-57.22238162988499,-25.579234143895],[-57.222937185424996,-25.579234143895],[-57.22349274096499,-25.579234143895]]}},{"type":"Feature","properties":{"category":"dem_stream","class":"tributary","threshold_label":"tributaries \u2265 200 cells","catchment_km2":18.24,"accumulation_cells":563,"vertex_count":401,"decimated":true,"source":"Copernicus GLO-30 DEM at 180 m, D8 flow accumulation"},"geometry":{"type":"MultiLineString","coordinates":[[[-57.22015940772499,-25.649234141935],[-57.221826074344996,-25.652011919635],[-57.222937185424996,-25.653678586255]],[[-57.222937185424996,-25.653678586255],[-57.22238162988499,-25.653123030715]]]}},{"type":"Feature","properties":{"category":"dem_stream","class":"rill","threshold_label":"tributaries \u2265 200 cells","catchment_km2":0.06,"accumulation_cells":2,"vertex_count":8,"decimated":false,"source":"Copernicus GLO-30 DEM at 180 m, D8 flow accumulation"},"geometry":{"type":"LineString","coordinates":[[-57.217937185565,-25.477567480075],[-57.217937185565,-25.477011924535],[-57.218492741104996,-25.476456368995],[-57.218492741104996,-25.475900813455],[-57.218492741104996,-25.475345257915],[-57.218492741104996,-25.474789702375],[-57.218492741104996,-25.474234146835],[-57.218492741104996,-25.473678591295]]}},{"type":"Feature","properties":{"category":"dem_stream","class":"rill","threshold_label":"tributaries \u2265 200 cells","catchment_km2":0.16,"accumulation_cells":5,"vertex_count":7,"decimated":false,"source":"Copernicus GLO-30 DEM at 180 m, D8 flow accumulation"},"geometry":{"type":"LineString","coordinates":[[-57.217381630024995,-25.559234144455],[-57.217937185565,-25.559789699995],[-57.218492741104996,-25.560345255535],[-57.219048296645,-25.560900811075],[-57.219048296645,-25.561456366615],[-57.219603852184996,-25.562011922155],[-57.219603852184996,-25.562567477695]]}},{"type":"Feature","properties":{"category":"dem_stream","class":"main","threshold_label":"tributaries \u2265 200 cells","catchment_km2":43.68,"accumulation_cells":1348,"vertex_count":401,"decimated":true,"source":"Copernicus GLO-30 DEM at 180 m, D8 flow accumulation"},"geometry":{"type":"LineString","coordinates":[[-57.217381630024995,-25.782567471535],[-57.22015940772499,-25.783123027075],[-57.22238162988499,-25.785900804775],[-57.224295223518325,-25.787336]]}},{"type":"Feature","properties":{"category":"dem_stream","class":"tributary","threshold_label":"tributaries \u2265 200 cells","catchment_km2":8.26,"accumulation_cells":255,"vertex_count":401,"decimated":true,"source":"Copernicus GLO-30 DEM at 180 m, D8 flow accumulation"},"geometry":{"type":"MultiLineString","coordinates":[[[-57.215159407864995,-25.744789694815],[-57.217937185565,-25.747011916975]],[[-57.217937185565,-25.747011916975],[-57.218492741104996,-25.747011916975]]]}},{"type":"Feature","properties":{"category":"dem_stream","class":"rill","threshold_label":"tributaries \u2265 200 cells","catchment_km2":0.55,"accumulation_cells":17,"vertex_count":7,"decimated":true,"source":"Copernicus GLO-30 DEM at 180 m, D8 flow accumulation"},"geometry":{"type":"LineString","coordinates":[[-57.213492741245,-25.465345258195],[-57.211826074624994,-25.462567480495],[-57.209048296925,-25.460900813875],[-57.206270519224994,-25.460900813875],[-57.203492741525,-25.459789702795],[-57.20182607490499,-25.457011925095],[-57.202381630445,-25.455900814015]]}},{"type":"Feature","properties":{"category":"dem_stream","class":"tributary","threshold_label":"tributaries \u2265 200 cells","catchment_km2":21.61,"accumulation_cells":667,"vertex_count":401,"decimated":true,"source":"Copernicus GLO-30 DEM at 180 m, D8 flow accumulation"},"geometry":{"type":"LineString","coordinates":[[-57.212381630165,-25.543123033795],[-57.215159407864995,-25.543678589335],[-57.217937185565,-25.542567478255002],[-57.219603852184996,-25.542011922715]]}},{"type":"Feature","properties":{"category":"dem_stream","class":"tributary","threshold_label":"tributaries \u2265 200 cells","catchment_km2":15.45,"accumulation_cells":477,"vertex_count":401,"decimated":true,"source":"Copernicus GLO-30 DEM at 180 m, D8 flow accumulation"},"geometry":{"type":"MultiLineString","coordinates":[[[-57.209603852464994,-25.705345251475],[-57.210159408005,-25.705345251475]],[[-57.210159408005,-25.705345251475],[-57.210714963544994,-25.705900807015]]]}},{"type":"Feature","properties":{"category":"dem_stream","class":"main","threshold_label":"tributaries \u2265 200 cells","catchment_km2":37.07,"accumulation_cells":1144,"vertex_count":401,"decimated":true,"source":"Copernicus GLO-30 DEM at 180 m, D8 flow accumulation"},"geometry":{"type":"MultiLineString","coordinates":[[[-57.209603852464994,-25.721456362135],[-57.212381630165,-25.720900806595],[-57.213492741245,-25.719789695515]],[[-57.213492741245,-25.719789695515],[-57.213492741245,-25.720345251055]]]}},{"type":"Feature","properties":{"category":"dem_stream","class":"rill","threshold_label":"tributaries \u2265 200 cells","catchment_km2":0.36,"accumulation_cells":11,"vertex_count":20,"decimated":false,"source":"Copernicus GLO-30 DEM at 180 m, D8 flow accumulation"},"geometry":{"type":"LineString","coordinates":[[-57.208492741384994,-25.454234147395],[-57.207937185845,-25.453678591855],[-57.207381630304994,-25.453678591855],[-57.206826074765,-25.453678591855],[-57.206270519224994,-25.453678591855],[-57.205714963685,-25.453678591855],[-57.20515940814499,-25.453123036315],[-57.204603852605,-25.452567480775],[-57.20404829706499,-25.452011925235],[-57.203492741525,-25.451456369695],[-57.20293718598499,-25.450900814155],[-57.20293718598499,-25.450345258615002],[-57.20293718598499,-25.449789703075],[-57.202381630445,-25.449234147535],[-57.202381630445,-25.448678591995],[-57.202381630445,-25.448123036455],[-57.20293718598499,-25.447567480915],[-57.20293718598499,-25.447011925375],[-57.203492741525,-25.446456369835],[-57.20404829706499,-25.445900814295]]}},{"type":"Feature","properties":{"category":"dem_stream","class":"main","threshold_label":"tributaries \u2265 200 cells","catchment_km2":30.78,"accumulation_cells":950,"vertex_count":401,"decimated":true,"source":"Copernicus GLO-30 DEM at 180 m, D8 flow accumulation"},"geometry":{"type":"LineString","coordinates":[[-57.208492741384994,-25.668678585835],[-57.211270519085,-25.668678585835],[-57.214048296784995,-25.668123030295],[-57.215159407864995,-25.669234141375]]}},{"type":"Feature","properties":{"category":"dem_stream","class":"tributary","threshold_label":"tributaries \u2265 200 cells","catchment_km2":18.11,"accumulation_cells":559,"vertex_count":401,"decimated":true,"source":"Copernicus GLO-30 DEM at 180 m, D8 flow accumulation"},"geometry":{"type":"MultiLineString","coordinates":[[[-57.206270519224994,-25.513123034635],[-57.206270519224994,-25.512567479095]],[[-57.206270519224994,-25.512567479095],[-57.206270519224994,-25.512011923555]]]}},{"type":"Feature","properties":{"category":"dem_stream","class":"rill","threshold_label":"tributaries \u2265 200 cells","catchment_km2":0.16,"accumulation_cells":5,"vertex_count":10,"decimated":false,"source":"Copernicus GLO-30 DEM at 180 m, D8 flow accumulation"},"geometry":{"type":"LineString","coordinates":[[-57.204603852605,-25.507011923695],[-57.20404829706499,-25.507011923695],[-57.203492741525,-25.506456368155],[-57.20293718598499,-25.505900812615],[-57.202381630445,-25.505345257075],[-57.20182607490499,-25.505345257075],[-57.201270519364996,-25.504789701535],[-57.20071496382499,-25.504789701535],[-57.200159408284996,-25.504234145995],[-57.19960385274499,-25.503678590455]]}},{"type":"Feature","properties":{"category":"dem_stream","class":"tributary","threshold_label":"tributaries \u2265 200 cells","catchment_km2":16.2,"accumulation_cells":500,"vertex_count":401,"decimated":true,"source":"Copernicus GLO-30 DEM at 180 m, D8 flow accumulation"},"geometry":{"type":"LineString","coordinates":[[-57.200159408284996,-25.465900813735],[-57.199048297204996,-25.463678591575]]}},{"type":"Feature","properties":{"category":"dem_stream","class":"creek","threshold_label":"tributaries \u2265 200 cells","catchment_km2":1.23,"accumulation_cells":38,"vertex_count":17,"decimated":false,"source":"Copernicus GLO-30 DEM at 180 m, D8 flow accumulation"},"geometry":{"type":"LineString","coordinates":[[-57.197937186124996,-25.517567478955],[-57.197937186124996,-25.517011923415],[-57.19738163058499,-25.516456367875],[-57.19738163058499,-25.515900812335],[-57.19738163058499,-25.515345256795],[-57.19738163058499,-25.514789701255],[-57.19738163058499,-25.514234145715],[-57.196826075044996,-25.513678590175],[-57.196270519505,-25.513123034635],[-57.196270519505,-25.512567479095],[-57.196270519505,-25.512011923555],[-57.196270519505,-25.511456368015],[-57.195714963964996,-25.510900812475],[-57.195714963964996,-25.510345256935],[-57.195714963964996,-25.509789701395],[-57.195159408425,-25.509234145855],[-57.195714963964996,-25.508678590315]]}},{"type":"Feature","properties":{"category":"dem_stream","class":"tributary","threshold_label":"tributaries \u2265 200 cells","catchment_km2":10.47,"accumulation_cells":323,"vertex_count":401,"decimated":true,"source":"Copernicus GLO-30 DEM at 180 m, D8 flow accumulation"},"geometry":{"type":"MultiLineString","coordinates":[[[-57.195159408425,-25.468678591435],[-57.196270519505,-25.465900813735],[-57.196826075044996,-25.465345258195]],[[-57.196826075044996,-25.465345258195],[-57.196270519505,-25.464789702655]]]}},{"type":"Feature","properties":{"category":"dem_stream","class":"rill","threshold_label":"tributaries \u2265 200 cells","catchment_km2":0.39,"accumulation_cells":12,"vertex_count":5,"decimated":false,"source":"Copernicus GLO-30 DEM at 180 m, D8 flow accumulation"},"geometry":{"type":"LineString","coordinates":[[-57.194048297345,-25.539789700555],[-57.194048297345,-25.540345256095],[-57.194048297345,-25.540900811635],[-57.194048297345,-25.541456367175],[-57.194048297345,-25.542011922715]]}},{"type":"Feature","properties":{"category":"dem_stream","class":"tributary","threshold_label":"tributaries \u2265 200 cells","catchment_km2":12.51,"accumulation_cells":386,"vertex_count":11,"decimated":false,"source":"Copernicus GLO-30 DEM at 180 m, D8 flow accumulation"},"geometry":{"type":"LineString","coordinates":[[-57.191270519644995,-25.519234145575002],[-57.191826075185,-25.518678590035],[-57.192381630724995,-25.518123034495],[-57.192937186265,-25.517567478955],[-57.192937186265,-25.517011923415],[-57.193492741804995,-25.516456367875],[-57.193492741804995,-25.515900812335],[-57.194048297345,-25.515345256795],[-57.194603852884995,-25.514789701255],[-57.195159408425,-25.514234145715],[-57.195714963964996,-25.513678590175]]}},{"type":"Feature","properties":{"category":"dem_stream","class":"tributary","threshold_label":"tributaries \u2265 200 cells","catchment_km2":11.08,"accumulation_cells":342,"vertex_count":401,"decimated":true,"source":"Copernicus GLO-30 DEM at 180 m, D8 flow accumulation"},"geometry":{"type":"MultiLineString","coordinates":[[[-57.186826075324994,-25.579234143895],[-57.187937186404994,-25.581456366055],[-57.189603853025,-25.583678588215],[-57.190159408564995,-25.584234143755]],[[-57.190159408564995,-25.584234143755],[-57.190159408564995,-25.584789699295]]]}},{"type":"Feature","properties":{"category":"dem_stream","class":"rill","threshold_label":"tributaries \u2265 200 cells","catchment_km2":0.23,"accumulation_cells":7,"vertex_count":5,"decimated":false,"source":"Copernicus GLO-30 DEM at 180 m, D8 flow accumulation"},"geometry":{"type":"LineString","coordinates":[[-57.185159408705,-25.504789701535],[-57.185159408705,-25.504234145995],[-57.185714964244994,-25.503678590455],[-57.185159408705,-25.503123034915],[-57.184603853164994,-25.502567479375]]}},{"type":"Feature","properties":{"category":"dem_stream","class":"creek","threshold_label":"tributaries \u2265 200 cells","catchment_km2":1.59,"accumulation_cells":49,"vertex_count":4,"decimated":false,"source":"Copernicus GLO-30 DEM at 180 m, D8 flow accumulation"},"geometry":{"type":"LineString","coordinates":[[-57.184603853164994,-25.509789701395],[-57.184603853164994,-25.509234145855],[-57.185159408705,-25.508678590315],[-57.185714964244994,-25.508123034775]]}},{"type":"Feature","properties":{"category":"dem_stream","class":"rill","threshold_label":"tributaries \u2265 200 cells","catchment_km2":0.16,"accumulation_cells":5,"vertex_count":17,"decimated":false,"source":"Copernicus GLO-30 DEM at 180 m, D8 flow accumulation"},"geometry":{"type":"LineString","coordinates":[[-57.183492742084994,-25.597011921175],[-57.184048297625,-25.597011921175],[-57.184603853164994,-25.597011921175],[-57.185159408705,-25.597011921175],[-57.185714964244994,-25.597011921175],[-57.186270519785,-25.597567476715],[-57.186826075324994,-25.597567476715],[-57.187381630865,-25.597567476715],[-57.187937186404994,-25.598123032255],[-57.188492741945,-25.598123032255],[-57.189048297484995,-25.598123032255],[-57.189603853025,-25.598678587795],[-57.190159408564995,-25.598678587795],[-57.190714964105,-25.598678587795],[-57.191270519644995,-25.598678587795],[-57.191826075185,-25.599234143335],[-57.192381630724995,-25.599789698875]]}},{"type":"Feature","properties":{"category":"dem_stream","class":"tributary","threshold_label":"tributaries \u2265 200 cells","catchment_km2":21.45,"accumulation_cells":662,"vertex_count":401,"decimated":true,"source":"Copernicus GLO-30 DEM at 180 m, D8 flow accumulation"},"geometry":{"type":"LineString","coordinates":[[-57.18127051992499,-25.745900805895],[-57.184048297625,-25.747011916975],[-57.184603853164994,-25.749234139135]]}},{"type":"Feature","properties":{"category":"dem_stream","class":"rill","threshold_label":"tributaries \u2265 200 cells","catchment_km2":0.16,"accumulation_cells":5,"vertex_count":14,"decimated":false,"source":"Copernicus GLO-30 DEM at 180 m, D8 flow accumulation"},"geometry":{"type":"LineString","coordinates":[[-57.179603853305,-25.589789699155],[-57.18015940884499,-25.589234143615],[-57.180714964385,-25.589789699155],[-57.18127051992499,-25.590345254695],[-57.181826075465,-25.590900810235],[-57.18238163100499,-25.590900810235],[-57.182937186545,-25.591456365775],[-57.183492742084994,-25.592011921315],[-57.184048297625,-25.592567476855],[-57.184603853164994,-25.593123032395],[-57.185159408705,-25.593123032395],[-57.185714964244994,-25.593678587935],[-57.186270519785,-25.594234143475],[-57.186826075324994,-25.594789699015]]}},{"type":"Feature","properties":{"category":"dem_stream","class":"creek","threshold_label":"tributaries \u2265 200 cells","catchment_km2":1.59,"accumulation_cells":49,"vertex_count":4,"decimated":false,"source":"Copernicus GLO-30 DEM at 180 m, D8 flow accumulation"},"geometry":{"type":"LineString","coordinates":[[-57.178492742225,-25.563123033235],[-57.17904829776499,-25.562567477695],[-57.179603853305,-25.562011922155],[-57.18015940884499,-25.562011922155]]}},{"type":"Feature","properties":{"category":"dem_stream","class":"tributary","threshold_label":"tributaries \u2265 200 cells","catchment_km2":16.49,"accumulation_cells":509,"vertex_count":401,"decimated":true,"source":"Copernicus GLO-30 DEM at 180 m, D8 flow accumulation"},"geometry":{"type":"MultiLineString","coordinates":[[[-57.178492742225,-25.713123029035],[-57.18015940884499,-25.714789695655]],[[-57.18015940884499,-25.714789695655],[-57.180714964385,-25.715345251195]]]}},{"type":"Feature","properties":{"category":"dem_stream","class":"rill","threshold_label":"tributaries \u2265 200 cells","catchment_km2":0.26,"accumulation_cells":8,"vertex_count":6,"decimated":false,"source":"Copernicus GLO-30 DEM at 180 m, D8 flow accumulation"},"geometry":{"type":"LineString","coordinates":[[-57.17571496452499,-25.694234140675],[-57.176270520064996,-25.694234140675],[-57.17682607560499,-25.694234140675],[-57.177381631144996,-25.694234140675],[-57.17793718668499,-25.694234140675],[-57.178492742225,-25.694234140675]]}},{"type":"Feature","properties":{"category":"dem_stream","class":"tributary","threshold_label":"tributaries \u2265 200 cells","catchment_km2":19.18,"accumulation_cells":592,"vertex_count":401,"decimated":true,"source":"Copernicus GLO-30 DEM at 180 m, D8 flow accumulation"},"geometry":{"type":"LineString","coordinates":[[-57.173492742365,-25.502567479375],[-57.174048297904996,-25.500345257215],[-57.17460385344499,-25.497567479515],[-57.17682607560499,-25.496456368435002],[-57.177381631144996,-25.495900812895]]}},{"type":"Feature","properties":{"category":"dem_stream","class":"tributary","threshold_label":"tributaries \u2265 200 cells","catchment_km2":19.83,"accumulation_cells":612,"vertex_count":401,"decimated":true,"source":"Copernicus GLO-30 DEM at 180 m, D8 flow accumulation"},"geometry":{"type":"MultiLineString","coordinates":[[[-57.172937186824996,-25.533123034075],[-57.17460385344499,-25.534789700695]],[[-57.17460385344499,-25.534789700695],[-57.17460385344499,-25.535345256235]]]}},{"type":"Feature","properties":{"category":"dem_stream","class":"main","threshold_label":"tributaries \u2265 200 cells","catchment_km2":27.05,"accumulation_cells":835,"vertex_count":401,"decimated":true,"source":"Copernicus GLO-30 DEM at 180 m, D8 flow accumulation"},"geometry":{"type":"MultiLineString","coordinates":[[[-57.172381631285,-25.512567479095],[-57.171826075744995,-25.509789701395],[-57.170714964664995,-25.507567479235]],[[-57.170714964664995,-25.507567479235],[-57.171270520205,-25.508123034775]]]}},{"type":"Feature","properties":{"category":"dem_stream","class":"tributary","threshold_label":"tributaries \u2265 200 cells","catchment_km2":10.85,"accumulation_cells":335,"vertex_count":401,"decimated":true,"source":"Copernicus GLO-30 DEM at 180 m, D8 flow accumulation"},"geometry":{"type":"MultiLineString","coordinates":[[[-57.171826075744995,-25.500345257215],[-57.172381631285,-25.498678590595]],[[-57.172381631285,-25.498678590595],[-57.172381631285,-25.499234146135]]]}},{"type":"Feature","properties":{"category":"dem_stream","class":"rill","threshold_label":"tributaries \u2265 200 cells","catchment_km2":0.49,"accumulation_cells":15,"vertex_count":9,"decimated":false,"source":"Copernicus GLO-30 DEM at 180 m, D8 flow accumulation"},"geometry":{"type":"LineString","coordinates":[[-57.167381631424995,-25.515345256795],[-57.167381631424995,-25.514789701255],[-57.167381631424995,-25.514234145715],[-57.167381631424995,-25.513678590175],[-57.167381631424995,-25.513123034635],[-57.167381631424995,-25.512567479095],[-57.167381631424995,-25.512011923555],[-57.167937186965,-25.511456368015],[-57.167937186965,-25.510900812475]]}},{"type":"Feature","properties":{"category":"dem_stream","class":"tributary","threshold_label":"tributaries \u2265 200 cells","catchment_km2":11.05,"accumulation_cells":341,"vertex_count":401,"decimated":true,"source":"Copernicus GLO-30 DEM at 180 m, D8 flow accumulation"},"geometry":{"type":"MultiLineString","coordinates":[[[-57.164048298184994,-25.478123035615],[-57.165159409264994,-25.476456368995]],[[-57.165159409264994,-25.476456368995],[-57.165159409264994,-25.477011924535]]]}},{"type":"Feature","properties":{"category":"dem_stream","class":"creek","threshold_label":"tributaries \u2265 200 cells","catchment_km2":1.23,"accumulation_cells":38,"vertex_count":6,"decimated":false,"source":"Copernicus GLO-30 DEM at 180 m, D8 flow accumulation"},"geometry":{"type":"LineString","coordinates":[[-57.164048298184994,-25.778678582755],[-57.163492742645,-25.778123027215],[-57.164048298184994,-25.777567471675],[-57.164603853725,-25.777567471675],[-57.165159409264994,-25.777011916135],[-57.165714964805,-25.777567471675]]}},{"type":"Feature","properties":{"category":"dem_stream","class":"tributary","threshold_label":"tributaries \u2265 200 cells","catchment_km2":13.28,"accumulation_cells":410,"vertex_count":401,"decimated":true,"source":"Copernicus GLO-30 DEM at 180 m, D8 flow accumulation"},"geometry":{"type":"LineString","coordinates":[[-57.163492742645,-25.653123030715],[-57.165714964805,-25.655900808415],[-57.167381631424995,-25.658123030575]]}},{"type":"Feature","properties":{"category":"dem_stream","class":"creek","threshold_label":"tributaries \u2265 200 cells","catchment_km2":1.1,"accumulation_cells":34,"vertex_count":3,"decimated":false,"source":"Copernicus GLO-30 DEM at 180 m, D8 flow accumulation"},"geometry":{"type":"LineString","coordinates":[[-57.162381631565,-25.690345251895],[-57.162381631565,-25.690900807435],[-57.162937187104994,-25.691456362975]]}},{"type":"Feature","properties":{"category":"dem_stream","class":"creek","threshold_label":"tributaries \u2265 200 cells","catchment_km2":1.04,"accumulation_cells":32,"vertex_count":20,"decimated":false,"source":"Copernicus GLO-30 DEM at 180 m, D8 flow accumulation"},"geometry":{"type":"LineString","coordinates":[[-57.161826076024994,-25.541456367175],[-57.162381631565,-25.541456367175],[-57.162937187104994,-25.541456367175],[-57.163492742645,-25.541456367175],[-57.164048298184994,-25.542011922715],[-57.164603853725,-25.542011922715],[-57.165159409264994,-25.542011922715],[-57.165714964805,-25.542567478255002],[-57.166270520344995,-25.543123033795],[-57.166826075885,-25.543123033795],[-57.167381631424995,-25.543678589335],[-57.167937186965,-25.543678589335],[-57.168492742504995,-25.544234144875],[-57.169048298045,-25.544234144875],[-57.169603853584995,-25.544789700415],[-57.170159409125,-25.544789700415],[-57.170714964664995,-25.544789700415],[-57.171270520205,-25.544789700415],[-57.171826075744995,-25.544789700415],[-57.172381631285,-25.544789700415]]}},{"type":"Feature","properties":{"category":"dem_stream","class":"rill","threshold_label":"tributaries \u2265 200 cells","catchment_km2":0.06,"accumulation_cells":2,"vertex_count":3,"decimated":false,"source":"Copernicus GLO-30 DEM at 180 m, D8 flow accumulation"},"geometry":{"type":"LineString","coordinates":[[-57.161270520485,-25.462011924955],[-57.160714964944994,-25.461456369415],[-57.160714964944994,-25.460900813875]]}},{"type":"Feature","properties":{"category":"dem_stream","class":"tributary","threshold_label":"tributaries \u2265 200 cells","catchment_km2":8.46,"accumulation_cells":261,"vertex_count":401,"decimated":true,"source":"Copernicus GLO-30 DEM at 180 m, D8 flow accumulation"},"geometry":{"type":"LineString","coordinates":[[-57.161270520485,-25.488123035335],[-57.161826076024994,-25.487567479795]]}},{"type":"Feature","properties":{"category":"dem_stream","class":"rill","threshold_label":"tributaries \u2265 200 cells","catchment_km2":0.06,"accumulation_cells":2,"vertex_count":16,"decimated":false,"source":"Copernicus GLO-30 DEM at 180 m, D8 flow accumulation"},"geometry":{"type":"LineString","coordinates":[[-57.160159409405,-25.515900812335],[-57.15960385386499,-25.515345256795],[-57.159048298325,-25.514789701255],[-57.15849274278499,-25.514234145715],[-57.15849274278499,-25.513678590175],[-57.157937187245,-25.513123034635],[-57.157937187245,-25.512567479095],[-57.157937187245,-25.512011923555],[-57.15738163170499,-25.511456368015],[-57.15738163170499,-25.510900812475],[-57.15738163170499,-25.510345256935],[-57.156826076165,-25.509789701395],[-57.15627052062499,-25.509234145855],[-57.15627052062499,-25.508678590315],[-57.155714965085,-25.508123034775],[-57.15515940954499,-25.508123034775]]}},{"type":"Feature","properties":{"category":"dem_stream","class":"tributary","threshold_label":"tributaries \u2265 200 cells","catchment_km2":15.68,"accumulation_cells":484,"vertex_count":401,"decimated":true,"source":"Copernicus GLO-30 DEM at 180 m, D8 flow accumulation"},"geometry":{"type":"LineString","coordinates":[[-57.157937187245,-25.580900810515],[-57.15849274278499,-25.583678588215],[-57.15849274278499,-25.584234143755]]}},{"type":"Feature","properties":{"category":"dem_stream","class":"main","threshold_label":"tributaries \u2265 200 cells","catchment_km2":46.33,"accumulation_cells":1430,"vertex_count":401,"decimated":true,"source":"Copernicus GLO-30 DEM at 180 m, D8 flow accumulation"},"geometry":{"type":"MultiLineString","coordinates":[[[-57.155714965085,-25.769234138575],[-57.157937187245,-25.767567471955],[-57.160714964944994,-25.765900805335]],[[-57.160714964944994,-25.765900805335],[-57.160159409405,-25.765900805335]]]}},{"type":"Feature","properties":{"category":"dem_stream","class":"creek","threshold_label":"tributaries \u2265 200 cells","catchment_km2":2.53,"accumulation_cells":78,"vertex_count":10,"decimated":false,"source":"Copernicus GLO-30 DEM at 180 m, D8 flow accumulation"},"geometry":{"type":"LineString","coordinates":[[-57.15515940954499,-25.602011921035],[-57.155714965085,-25.602011921035],[-57.15627052062499,-25.602567476575],[-57.156826076165,-25.602567476575],[-57.15738163170499,-25.603123032115],[-57.157937187245,-25.603123032115],[-57.15849274278499,-25.603678587655],[-57.15849274278499,-25.604234143195],[-57.15849274278499,-25.604789698735],[-57.15849274278499,-25.605345254275]]}},{"type":"Feature","properties":{"category":"dem_stream","class":"rill","threshold_label":"tributaries \u2265 200 cells","catchment_km2":0.06,"accumulation_cells":2,"vertex_count":3,"decimated":false,"source":"Copernicus GLO-30 DEM at 180 m, D8 flow accumulation"},"geometry":{"type":"LineString","coordinates":[[-57.153492742924996,-25.648123030855],[-57.15404829846499,-25.648678586395],[-57.154603854004996,-25.648678586395]]}},{"type":"Feature","properties":{"category":"dem_stream","class":"rill","threshold_label":"tributaries \u2265 200 cells","catchment_km2":0.13,"accumulation_cells":4,"vertex_count":3,"decimated":false,"source":"Copernicus GLO-30 DEM at 180 m, D8 flow accumulation"},"geometry":{"type":"LineString","coordinates":[[-57.151270520764996,-25.741456361575],[-57.15182607630499,-25.740900806035],[-57.15182607630499,-25.740345250495]]}},{"type":"Feature","properties":{"category":"dem_stream","class":"tributary","threshold_label":"tributaries \u2265 200 cells","catchment_km2":10.5,"accumulation_cells":324,"vertex_count":401,"decimated":true,"source":"Copernicus GLO-30 DEM at 180 m, D8 flow accumulation"},"geometry":{"type":"MultiLineString","coordinates":[[[-57.147381631985,-25.521456367735],[-57.146270520905,-25.518678590035],[-57.145714965364995,-25.515900812335],[-57.144603854284995,-25.514234145715]],[[-57.144603854284995,-25.514234145715],[-57.144603854284995,-25.514789701255]]]}},{"type":"Feature","properties":{"category":"dem_stream","class":"creek","threshold_label":"tributaries \u2265 200 cells","catchment_km2":1.0,"accumulation_cells":31,"vertex_count":3,"decimated":false,"source":"Copernicus GLO-30 DEM at 180 m, D8 flow accumulation"},"geometry":{"type":"LineString","coordinates":[[-57.146826076444995,-25.716456362275],[-57.147381631985,-25.717011917815],[-57.147937187524995,-25.717011917815]]}},{"type":"Feature","properties":{"category":"dem_stream","class":"rill","threshold_label":"tributaries \u2265 200 cells","catchment_km2":0.23,"accumulation_cells":7,"vertex_count":10,"decimated":false,"source":"Copernicus GLO-30 DEM at 180 m, D8 flow accumulation"},"geometry":{"type":"LineString","coordinates":[[-57.146270520905,-25.455345258475],[-57.146270520905,-25.454789702935],[-57.146826076444995,-25.454234147395],[-57.147381631985,-25.453678591855],[-57.147937187524995,-25.453678591855],[-57.148492743065,-25.454234147395],[-57.149048298604995,-25.454234147395],[-57.149603854145,-25.453678591855],[-57.150159409684996,-25.453123036315],[-57.150714965225,-25.453678591855]]}},{"type":"Feature","properties":{"category":"dem_stream","class":"tributary","threshold_label":"tributaries \u2265 200 cells","catchment_km2":8.33,"accumulation_cells":257,"vertex_count":401,"decimated":true,"source":"Copernicus GLO-30 DEM at 180 m, D8 flow accumulation"},"geometry":{"type":"MultiLineString","coordinates":[[[-57.144603854284995,-25.729789695235],[-57.145714965364995,-25.729789695235]],[[-57.145714965364995,-25.729789695235],[-57.146270520905,-25.730345250775]]]}},{"type":"Feature","properties":{"category":"dem_stream","class":"rill","threshold_label":"tributaries \u2265 200 cells","catchment_km2":0.42,"accumulation_cells":13,"vertex_count":6,"decimated":true,"source":"Copernicus GLO-30 DEM at 180 m, D8 flow accumulation"},"geometry":{"type":"LineString","coordinates":[[-57.144603854284995,-25.772011916275],[-57.147381631985,-25.773678582895],[-57.150159409684996,-25.773123027355002],[-57.15293718738499,-25.773678582895],[-57.155714965085,-25.776456360595],[-57.15849274278499,-25.775900805055]]}},{"type":"Feature","properties":{"category":"dem_stream","class":"tributary","threshold_label":"tributaries \u2265 200 cells","catchment_km2":11.37,"accumulation_cells":351,"vertex_count":401,"decimated":true,"source":"Copernicus GLO-30 DEM at 180 m, D8 flow accumulation"},"geometry":{"type":"MultiLineString","coordinates":[[[-57.142381632124994,-25.712011917955],[-57.145159409825,-25.712011917955],[-57.146826076444995,-25.713123029035]],[[-57.146826076444995,-25.713123029035],[-57.146826076444995,-25.713678584575]]]}},{"type":"Feature","properties":{"category":"dem_stream","class":"main","threshold_label":"tributaries \u2265 200 cells","catchment_km2":28.32,"accumulation_cells":874,"vertex_count":401,"decimated":true,"source":"Copernicus GLO-30 DEM at 180 m, D8 flow accumulation"},"geometry":{"type":"LineString","coordinates":[[-57.140714965505,-25.522567478815],[-57.142381632124994,-25.522011923275]]}},{"type":"Feature","properties":{"category":"dem_stream","class":"rill","threshold_label":"tributaries \u2265 200 cells","catchment_km2":0.26,"accumulation_cells":8,"vertex_count":3,"decimated":false,"source":"Copernicus GLO-30 DEM at 180 m, D8 flow accumulation"},"geometry":{"type":"LineString","coordinates":[[-57.136826076724994,-25.679789696635],[-57.137381632265,-25.680345252175],[-57.137937187804994,-25.680900807715002]]}},{"type":"Feature","properties":{"category":"dem_stream","class":"rill","threshold_label":"tributaries \u2265 200 cells","catchment_km2":0.32,"accumulation_cells":10,"vertex_count":3,"decimated":false,"source":"Copernicus GLO-30 DEM at 180 m, D8 flow accumulation"},"geometry":{"type":"LineString","coordinates":[[-57.136270521185,-25.606456365355],[-57.136270521185,-25.607011920895],[-57.136826076724994,-25.607567476435]]}},{"type":"Feature","properties":{"category":"dem_stream","class":"rill","threshold_label":"tributaries \u2265 200 cells","catchment_km2":0.32,"accumulation_cells":10,"vertex_count":8,"decimated":false,"source":"Copernicus GLO-30 DEM at 180 m, D8 flow accumulation"},"geometry":{"type":"LineString","coordinates":[[-57.13349274348499,-25.538678589475],[-57.134048299025,-25.539234145015],[-57.13460385456499,-25.539789700555],[-57.135159410105,-25.540345256095],[-57.13571496564499,-25.540345256095],[-57.136270521185,-25.540900811635],[-57.136270521185,-25.541456367175],[-57.136826076724994,-25.542011922715]]}},{"type":"Feature","properties":{"category":"dem_stream","class":"rill","threshold_label":"tributaries \u2265 200 cells","catchment_km2":0.1,"accumulation_cells":3,"vertex_count":18,"decimated":false,"source":"Copernicus GLO-30 DEM at 180 m, D8 flow accumulation"},"geometry":{"type":"LineString","coordinates":[[-57.130714965784996,-25.548123033655],[-57.13127052132499,-25.548123033655],[-57.131826076864996,-25.548123033655],[-57.13238163240499,-25.548123033655],[-57.132937187945,-25.548678589195],[-57.13349274348499,-25.548678589195],[-57.134048299025,-25.549234144735],[-57.13460385456499,-25.549789700275],[-57.135159410105,-25.550345255815],[-57.13571496564499,-25.550900811355],[-57.136270521185,-25.551456366895],[-57.136270521185,-25.552011922435],[-57.136826076724994,-25.552567477975],[-57.137381632265,-25.553123033515],[-57.137937187804994,-25.553678589055],[-57.138492743345,-25.554234144595],[-57.139048298884994,-25.554789700135],[-57.139603854425,-25.555345255675]]}},{"type":"Feature","properties":{"category":"dem_stream","class":"rill","threshold_label":"tributaries \u2265 200 cells","catchment_km2":0.36,"accumulation_cells":11,"vertex_count":5,"decimated":false,"source":"Copernicus GLO-30 DEM at 180 m, D8 flow accumulation"},"geometry":{"type":"LineString","coordinates":[[-57.130714965784996,-25.754789694535],[-57.13015941024499,-25.754234138995],[-57.129603854704996,-25.754234138995],[-57.12904829916499,-25.753678583455],[-57.128492743624996,-25.753678583455]]}},{"type":"Feature","properties":{"category":"dem_stream","class":"creek","threshold_label":"tributaries \u2265 200 cells","catchment_km2":2.4,"accumulation_cells":74,"vertex_count":5,"decimated":false,"source":"Copernicus GLO-30 DEM at 180 m, D8 flow accumulation"},"geometry":{"type":"LineString","coordinates":[[-57.12793718808499,-25.451456369695],[-57.128492743624996,-25.451456369695],[-57.12904829916499,-25.450900814155],[-57.129603854704996,-25.450345258615002],[-57.13015941024499,-25.450345258615002]]}},{"type":"Feature","properties":{"category":"dem_stream","class":"tributary","threshold_label":"tributaries \u2265 200 cells","catchment_km2":9.98,"accumulation_cells":308,"vertex_count":401,"decimated":true,"source":"Copernicus GLO-30 DEM at 180 m, D8 flow accumulation"},"geometry":{"type":"MultiLineString","coordinates":[[[-57.126270521464996,-25.633123031275],[-57.126826077005,-25.634789697895002]],[[-57.126826077005,-25.634789697895002],[-57.126826077005,-25.635345253435]]]}},{"type":"Feature","properties":{"category":"dem_stream","class":"rill","threshold_label":"tributaries \u2265 200 cells","catchment_km2":0.91,"accumulation_cells":28,"vertex_count":9,"decimated":false,"source":"Copernicus GLO-30 DEM at 180 m, D8 flow accumulation"},"geometry":{"type":"LineString","coordinates":[[-57.125714965925,-25.675345252315],[-57.125714965925,-25.674789696775],[-57.126270521464996,-25.674234141235],[-57.126826077005,-25.673678585695],[-57.127381632544996,-25.673678585695],[-57.12793718808499,-25.673123030155],[-57.128492743624996,-25.673123030155],[-57.12904829916499,-25.672567474615],[-57.129603854704996,-25.672567474615]]}},{"type":"Feature","properties":{"category":"dem_stream","class":"rill","threshold_label":"tributaries \u2265 200 cells","catchment_km2":0.65,"accumulation_cells":20,"vertex_count":3,"decimated":false,"source":"Copernicus GLO-30 DEM at 180 m, D8 flow accumulation"},"geometry":{"type":"LineString","coordinates":[[-57.123492743765,-25.492011924115],[-57.124048299304995,-25.491456368575],[-57.124603854845,-25.490900813035]]}},{"type":"Feature","properties":{"category":"dem_stream","class":"tributary","threshold_label":"tributaries \u2265 200 cells","catchment_km2":16.56,"accumulation_cells":511,"vertex_count":401,"decimated":true,"source":"Copernicus GLO-30 DEM at 180 m, D8 flow accumulation"},"geometry":{"type":"MultiLineString","coordinates":[[[-57.122381632685,-25.650345253015],[-57.125159410384995,-25.652567475175],[-57.125714965925,-25.653123030715]],[[-57.125714965925,-25.653123030715],[-57.125714965925,-25.653678586255]]]}},{"type":"Feature","properties":{"category":"dem_stream","class":"tributary","threshold_label":"tributaries \u2265 200 cells","catchment_km2":18.79,"accumulation_cells":580,"vertex_count":401,"decimated":true,"source":"Copernicus GLO-30 DEM at 180 m, D8 flow accumulation"},"geometry":{"type":"LineString","coordinates":[[-57.121826077144995,-25.775900805055],[-57.121826077144995,-25.778123027215]]}},{"type":"Feature","properties":{"category":"dem_stream","class":"tributary","threshold_label":"tributaries \u2265 200 cells","catchment_km2":7.52,"accumulation_cells":232,"vertex_count":5,"decimated":false,"source":"Copernicus GLO-30 DEM at 180 m, D8 flow accumulation"},"geometry":{"type":"LineString","coordinates":[[-57.121270521605,-25.652011919635],[-57.121826077144995,-25.652011919635],[-57.122381632685,-25.652011919635],[-57.122937188224995,-25.652011919635],[-57.123492743765,-25.652011919635]]}},{"type":"Feature","properties":{"category":"dem_stream","class":"tributary","threshold_label":"tributaries \u2265 200 cells","catchment_km2":16.59,"accumulation_cells":512,"vertex_count":401,"decimated":true,"source":"Copernicus GLO-30 DEM at 180 m, D8 flow accumulation"},"geometry":{"type":"MultiLineString","coordinates":[[[-57.120714966064995,-25.586456365915],[-57.123492743765,-25.585900810375],[-57.126270521464996,-25.584234143755]],[[-57.126270521464996,-25.584234143755],[-57.126270521464996,-25.584789699295]]]}},{"type":"Feature","properties":{"category":"dem_stream","class":"rill","threshold_label":"tributaries \u2265 200 cells","catchment_km2":0.13,"accumulation_cells":4,"vertex_count":3,"decimated":false,"source":"Copernicus GLO-30 DEM at 180 m, D8 flow accumulation"},"geometry":{"type":"LineString","coordinates":[[-57.120159410525,-25.747011916975],[-57.119603854984994,-25.746456361435],[-57.119048299445,-25.745900805895]]}},{"type":"Feature","properties":{"category":"dem_stream","class":"tributary","threshold_label":"tributaries \u2265 200 cells","catchment_km2":10.92,"accumulation_cells":337,"vertex_count":401,"decimated":true,"source":"Copernicus GLO-30 DEM at 180 m, D8 flow accumulation"},"geometry":{"type":"MultiLineString","coordinates":[[[-57.117937188365,-25.620345253855],[-57.120714966064995,-25.622567476015],[-57.121270521605,-25.622011920475]],[[-57.121270521605,-25.622011920475],[-57.121826077144995,-25.622011920475]]]}},{"type":"Feature","properties":{"category":"dem_stream","class":"tributary","threshold_label":"tributaries \u2265 200 cells","catchment_km2":22.42,"accumulation_cells":692,"vertex_count":401,"decimated":true,"source":"Copernicus GLO-30 DEM at 180 m, D8 flow accumulation"},"geometry":{"type":"MultiLineString","coordinates":[[[-57.116270521744994,-25.643678586535],[-57.119048299445,-25.644234142075],[-57.121826077144995,-25.643123030995],[-57.123492743765,-25.642567475455]],[[-57.123492743765,-25.642567475455],[-57.122937188224995,-25.642567475455]]]}},{"type":"Feature","properties":{"category":"dem_stream","class":"rill","threshold_label":"tributaries \u2265 200 cells","catchment_km2":0.39,"accumulation_cells":12,"vertex_count":7,"decimated":false,"source":"Copernicus GLO-30 DEM at 180 m, D8 flow accumulation"},"geometry":{"type":"LineString","coordinates":[[-57.115714966205,-25.604234143195],[-57.116270521744994,-25.604789698735],[-57.116826077285,-25.605345254275],[-57.117381632824994,-25.605900809815],[-57.117937188365,-25.606456365355],[-57.118492743904994,-25.607011920895],[-57.119048299445,-25.607011920895]]}},{"type":"Feature","properties":{"category":"dem_stream","class":"rill","threshold_label":"tributaries \u2265 200 cells","catchment_km2":0.39,"accumulation_cells":12,"vertex_count":11,"decimated":false,"source":"Copernicus GLO-30 DEM at 180 m, D8 flow accumulation"},"geometry":{"type":"LineString","coordinates":[[-57.114603855125,-25.570900810795],[-57.115159410664994,-25.570345255255],[-57.115714966205,-25.570345255255],[-57.116270521744994,-25.569789699715],[-57.116826077285,-25.569789699715],[-57.117381632824994,-25.569789699715],[-57.117937188365,-25.569234144175],[-57.118492743904994,-25.569234144175],[-57.119048299445,-25.569789699715],[-57.119603854984994,-25.570345255255],[-57.119603854984994,-25.570900810795]]}},{"type":"Feature","properties":{"category":"dem_stream","class":"tributary","threshold_label":"tributaries \u2265 200 cells","catchment_km2":13.09,"accumulation_cells":404,"vertex_count":16,"decimated":false,"source":"Copernicus GLO-30 DEM at 180 m, D8 flow accumulation"},"geometry":{"type":"LineString","coordinates":[[-57.114603855125,-25.639234142215],[-57.115159410664994,-25.639789697755],[-57.115714966205,-25.639789697755],[-57.116270521744994,-25.639789697755],[-57.116826077285,-25.639789697755],[-57.117381632824994,-25.640345253295],[-57.117381632824994,-25.640900808835],[-57.117937188365,-25.641456364375],[-57.118492743904994,-25.641456364375],[-57.119048299445,-25.642011919915],[-57.119603854984994,-25.642011919915],[-57.120159410525,-25.642567475455],[-57.120714966064995,-25.642567475455],[-57.121270521605,-25.642567475455],[-57.121826077144995,-25.642567475455],[-57.122381632685,-25.642567475455]]}},{"type":"Feature","properties":{"category":"dem_stream","class":"rill","threshold_label":"tributaries \u2265 200 cells","catchment_km2":0.91,"accumulation_cells":28,"vertex_count":3,"decimated":false,"source":"Copernicus GLO-30 DEM at 180 m, D8 flow accumulation"},"geometry":{"type":"LineString","coordinates":[[-57.11293718850499,-25.620345253855],[-57.113492744045,-25.620345253855],[-57.114048299584994,-25.619789698315]]}},{"type":"Feature","properties":{"category":"dem_stream","class":"rill","threshold_label":"tributaries \u2265 200 cells","catchment_km2":0.06,"accumulation_cells":2,"vertex_count":13,"decimated":false,"source":"Copernicus GLO-30 DEM at 180 m, D8 flow accumulation"},"geometry":{"type":"LineString","coordinates":[[-57.112381632965,-25.538678589475],[-57.11182607742499,-25.538123033935],[-57.111270521885,-25.537567478395],[-57.11071496634499,-25.537011922855],[-57.111270521885,-25.536456367315],[-57.11182607742499,-25.535900811775],[-57.11182607742499,-25.535345256235],[-57.111270521885,-25.534789700695],[-57.111270521885,-25.534234145155],[-57.111270521885,-25.533678589615],[-57.111270521885,-25.533123034075],[-57.11071496634499,-25.532567478535],[-57.11071496634499,-25.532011922995]]}},{"type":"Feature","properties":{"category":"dem_stream","class":"rill","threshold_label":"tributaries \u2265 200 cells","catchment_km2":0.1,"accumulation_cells":3,"vertex_count":4,"decimated":false,"source":"Copernicus GLO-30 DEM at 180 m, D8 flow accumulation"},"geometry":{"type":"LineString","coordinates":[[-57.111270521885,-25.695345251755],[-57.11182607742499,-25.695345251755],[-57.112381632965,-25.695900807295],[-57.112381632965,-25.696456362835]]}},{"type":"Feature","properties":{"category":"dem_stream","class":"main","threshold_label":"tributaries \u2265 200 cells","catchment_km2":26.83,"accumulation_cells":828,"vertex_count":401,"decimated":true,"source":"Copernicus GLO-30 DEM at 180 m, D8 flow accumulation"},"geometry":{"type":"MultiLineString","coordinates":[[[-57.111270521885,-25.715900806735],[-57.114048299584994,-25.714789695655],[-57.116826077285,-25.714234140115],[-57.117937188365,-25.717011917815]],[[-57.117937188365,-25.717011917815],[-57.117937188365,-25.717567473355]]]}},{"type":"Feature","properties":{"category":"dem_stream","class":"tributary","threshold_label":"tributaries \u2265 200 cells","catchment_km2":20.41,"accumulation_cells":630,"vertex_count":401,"decimated":true,"source":"Copernicus GLO-30 DEM at 180 m, D8 flow accumulation"},"geometry":{"type":"MultiLineString","coordinates":[[[-57.11071496634499,-25.676456363395],[-57.11293718850499,-25.679234141095],[-57.11293718850499,-25.682011918795],[-57.11293718850499,-25.682567474335]],[[-57.11293718850499,-25.682567474335],[-57.11293718850499,-25.683123029875]]]}},{"type":"Feature","properties":{"category":"dem_stream","class":"tributary","threshold_label":"tributaries \u2265 200 cells","catchment_km2":22.13,"accumulation_cells":683,"vertex_count":401,"decimated":true,"source":"Copernicus GLO-30 DEM at 180 m, D8 flow accumulation"},"geometry":{"type":"LineString","coordinates":[[-57.105714966484996,-25.752011916835],[-57.10515941094499,-25.751456361295]]}},{"type":"Feature","properties":{"category":"dem_stream","class":"rill","threshold_label":"tributaries \u2265 200 cells","catchment_km2":0.1,"accumulation_cells":3,"vertex_count":12,"decimated":false,"source":"Copernicus GLO-30 DEM at 180 m, D8 flow accumulation"},"geometry":{"type":"LineString","coordinates":[[-57.099048300004995,-25.547567478115],[-57.099048300004995,-25.547011922575],[-57.098492744465,-25.546456367035],[-57.097937188924995,-25.545900811495],[-57.097937188924995,-25.545345255955],[-57.097937188924995,-25.544789700415],[-57.097381633385,-25.544234144875],[-57.096826077844995,-25.543678589335],[-57.096270522305,-25.543123033795],[-57.096270522305,-25.542567478255002],[-57.095714966764994,-25.542011922715],[-57.095159411225,-25.541456367175]]}},{"type":"Feature","properties":{"category":"dem_stream","class":"main","threshold_label":"tributaries \u2265 200 cells","catchment_km2":45.42,"accumulation_cells":1402,"vertex_count":401,"decimated":true,"source":"Copernicus GLO-30 DEM at 180 m, D8 flow accumulation"},"geometry":{"type":"LineString","coordinates":[[-57.09015941136499,-25.557567477835],[-57.088492744745,-25.554789700135],[-57.087381633665,-25.553678589055]]}},{"type":"Feature","properties":{"category":"dem_stream","class":"rill","threshold_label":"tributaries \u2265 200 cells","catchment_km2":0.78,"accumulation_cells":24,"vertex_count":3,"decimated":false,"source":"Copernicus GLO-30 DEM at 180 m, D8 flow accumulation"},"geometry":{"type":"LineString","coordinates":[[-57.08904830028499,-25.610345254135],[-57.089603855825,-25.610345254135],[-57.09015941136499,-25.610345254135]]}},{"type":"Feature","properties":{"category":"dem_stream","class":"tributary","threshold_label":"tributaries \u2265 200 cells","catchment_km2":13.93,"accumulation_cells":430,"vertex_count":401,"decimated":true,"source":"Copernicus GLO-30 DEM at 180 m, D8 flow accumulation"},"geometry":{"type":"LineString","coordinates":[[-57.08793718920499,-25.472011924675],[-57.089603855825,-25.473678591295]]}},{"type":"Feature","properties":{"category":"dem_stream","class":"tributary","threshold_label":"tributaries \u2265 200 cells","catchment_km2":7.52,"accumulation_cells":232,"vertex_count":401,"decimated":true,"source":"Copernicus GLO-30 DEM at 180 m, D8 flow accumulation"},"geometry":{"type":"LineString","coordinates":[[-57.08682607812499,-25.527567478675],[-57.088492744745,-25.527011923135]]}},{"type":"Feature","properties":{"category":"dem_stream","class":"rill","threshold_label":"tributaries \u2265 200 cells","catchment_km2":0.13,"accumulation_cells":4,"vertex_count":6,"decimated":true,"source":"Copernicus GLO-30 DEM at 180 m, D8 flow accumulation"},"geometry":{"type":"LineString","coordinates":[[-57.085159411504996,-25.633678586815],[-57.08793718920499,-25.635900808975],[-57.090714966905,-25.637567475595],[-57.092937189065,-25.639234142215],[-57.095714966764994,-25.640900808835],[-57.095714966764994,-25.641456364375]]}},{"type":"Feature","properties":{"category":"dem_stream","class":"tributary","threshold_label":"tributaries \u2265 200 cells","catchment_km2":14.48,"accumulation_cells":447,"vertex_count":14,"decimated":false,"source":"Copernicus GLO-30 DEM at 180 m, D8 flow accumulation"},"geometry":{"type":"LineString","coordinates":[[-57.08460385596499,-25.562011922155],[-57.08460385596499,-25.561456366615],[-57.085159411504996,-25.560900811075],[-57.08571496704499,-25.560345255535],[-57.08571496704499,-25.559789699995],[-57.08571496704499,-25.559234144455],[-57.086270522585,-25.558678588915],[-57.08682607812499,-25.558123033375],[-57.08682607812499,-25.557567477835],[-57.087381633665,-25.557011922295],[-57.087381633665,-25.556456366755],[-57.087381633665,-25.555900811215],[-57.087381633665,-25.555345255675],[-57.087381633665,-25.554789700135]]}},{"type":"Feature","properties":{"category":"dem_stream","class":"tributary","threshold_label":"tributaries \u2265 200 cells","catchment_km2":21.84,"accumulation_cells":674,"vertex_count":401,"decimated":true,"source":"Copernicus GLO-30 DEM at 180 m, D8 flow accumulation"},"geometry":{"type":"LineString","coordinates":[[-57.080714967184996,-25.711456362415],[-57.081826078264996,-25.714234140115],[-57.08238163380499,-25.717011917815],[-57.08238163380499,-25.718678584435]]}},{"type":"Feature","properties":{"category":"dem_stream","class":"rill","threshold_label":"tributaries \u2265 200 cells","catchment_km2":0.16,"accumulation_cells":5,"vertex_count":18,"decimated":false,"source":"Copernicus GLO-30 DEM at 180 m, D8 flow accumulation"},"geometry":{"type":"LineString","coordinates":[[-57.079603856104995,-25.560900811075],[-57.080159411645,-25.560345255535],[-57.080714967184996,-25.559789699995],[-57.080714967184996,-25.559234144455],[-57.081270522725,-25.558678588915],[-57.081270522725,-25.558123033375],[-57.081826078264996,-25.557567477835],[-57.081826078264996,-25.557011922295],[-57.08238163380499,-25.556456366755],[-57.082937189344996,-25.555900811215],[-57.08349274488499,-25.555345255675],[-57.084048300424996,-25.554789700135],[-57.08460385596499,-25.554234144595],[-57.085159411504996,-25.554234144595],[-57.08571496704499,-25.553678589055],[-57.08571496704499,-25.553123033515],[-57.086270522585,-25.552567477975],[-57.08682607812499,-25.552011922435]]}},{"type":"Feature","properties":{"category":"dem_stream","class":"tributary","threshold_label":"tributaries \u2265 200 cells","catchment_km2":13.19,"accumulation_cells":407,"vertex_count":401,"decimated":true,"source":"Copernicus GLO-30 DEM at 180 m, D8 flow accumulation"},"geometry":{"type":"MultiLineString","coordinates":[[[-57.077937189485,-25.686456363115],[-57.080714967184996,-25.685345252035],[-57.08349274488499,-25.685900807575],[-57.084048300424996,-25.685900807575]],[[-57.084048300424996,-25.685900807575],[-57.084048300424996,-25.686456363115]]]}},{"type":"Feature","properties":{"category":"dem_stream","class":"rill","threshold_label":"tributaries \u2265 200 cells","catchment_km2":0.23,"accumulation_cells":7,"vertex_count":7,"decimated":false,"source":"Copernicus GLO-30 DEM at 180 m, D8 flow accumulation"},"geometry":{"type":"LineString","coordinates":[[-57.077381633944995,-25.703123029315],[-57.077937189485,-25.703678584855002],[-57.077937189485,-25.704234140395002],[-57.078492745024995,-25.704789695935],[-57.079048300565,-25.705345251475],[-57.079603856104995,-25.705900807015],[-57.079603856104995,-25.706456362555]]}},{"type":"Feature","properties":{"category":"dem_stream","class":"main","threshold_label":"tributaries \u2265 200 cells","catchment_km2":37.58,"accumulation_cells":1160,"vertex_count":401,"decimated":true,"source":"Copernicus GLO-30 DEM at 180 m, D8 flow accumulation"},"geometry":{"type":"LineString","coordinates":[[-57.075159411784995,-25.548678589195],[-57.075159411784995,-25.545900811495],[-57.074603856245,-25.543123033795],[-57.072937189624994,-25.540345256095],[-57.072381634085,-25.539234145015]]}},{"type":"Feature","properties":{"category":"dem_stream","class":"rill","threshold_label":"tributaries \u2265 200 cells","catchment_km2":0.13,"accumulation_cells":4,"vertex_count":13,"decimated":false,"source":"Copernicus GLO-30 DEM at 180 m, D8 flow accumulation"},"geometry":{"type":"LineString","coordinates":[[-57.074048300704995,-25.576456366195],[-57.074603856245,-25.577011921735],[-57.075159411784995,-25.577567477275],[-57.075159411784995,-25.578123032815],[-57.075714967325,-25.578678588355],[-57.076270522864995,-25.579234143895],[-57.076270522864995,-25.579789699435],[-57.076270522864995,-25.580345254975],[-57.076826078405,-25.580900810515],[-57.076826078405,-25.581456366055],[-57.077381633944995,-25.581456366055],[-57.077381633944995,-25.582011921595],[-57.077937189485,-25.582567477135]]}},{"type":"Feature","properties":{"category":"dem_stream","class":"tributary","threshold_label":"tributaries \u2265 200 cells","catchment_km2":7.78,"accumulation_cells":240,"vertex_count":6,"decimated":false,"source":"Copernicus GLO-30 DEM at 180 m, D8 flow accumulation"},"geometry":{"type":"LineString","coordinates":[[-57.073492745165,-25.549234144735],[-57.074048300704995,-25.548678589195],[-57.074048300704995,-25.548123033655],[-57.074048300704995,-25.547567478115],[-57.074048300704995,-25.547011922575],[-57.074603856245,-25.546456367035]]}},{"type":"Feature","properties":{"category":"dem_stream","class":"rill","threshold_label":"tributaries \u2265 200 cells","catchment_km2":0.45,"accumulation_cells":14,"vertex_count":6,"decimated":false,"source":"Copernicus GLO-30 DEM at 180 m, D8 flow accumulation"},"geometry":{"type":"LineString","coordinates":[[-57.071826078544994,-25.561456366615],[-57.072381634085,-25.560900811075],[-57.072937189624994,-25.560345255535],[-57.072937189624994,-25.559789699995],[-57.073492745165,-25.559234144455],[-57.073492745165,-25.558678588915]]}},{"type":"Feature","properties":{"category":"dem_stream","class":"tributary","threshold_label":"tributaries \u2265 200 cells","catchment_km2":9.56,"accumulation_cells":295,"vertex_count":401,"decimated":true,"source":"Copernicus GLO-30 DEM at 180 m, D8 flow accumulation"},"geometry":{"type":"MultiLineString","coordinates":[[[-57.071826078544994,-25.651456364095],[-57.074603856245,-25.650900808555],[-57.076270522864995,-25.651456364095]],[[-57.076270522864995,-25.651456364095],[-57.075714967325,-25.651456364095]]]}},{"type":"Feature","properties":{"category":"dem_stream","class":"tributary","threshold_label":"tributaries \u2265 200 cells","catchment_km2":10.08,"accumulation_cells":311,"vertex_count":401,"decimated":true,"source":"Copernicus GLO-30 DEM at 180 m, D8 flow accumulation"},"geometry":{"type":"LineString","coordinates":[[-57.071270523005,-25.676456363395],[-57.071826078544994,-25.675900807855]]}},{"type":"Feature","properties":{"category":"dem_stream","class":"main","threshold_label":"tributaries \u2265 200 cells","catchment_km2":33.92,"accumulation_cells":1047,"vertex_count":401,"decimated":true,"source":"Copernicus GLO-30 DEM at 180 m, D8 flow accumulation"},"geometry":{"type":"MultiLineString","coordinates":[[[-57.070159411925,-25.434789703495],[-57.067937189765,-25.433123036875],[-57.065714967605,-25.430345259175]],[[-57.065714967605,-25.430345259175],[-57.06627052314499,-25.430900814715]]]}},{"type":"Feature","properties":{"category":"dem_stream","class":"tributary","threshold_label":"tributaries \u2265 200 cells","catchment_km2":24.88,"accumulation_cells":768,"vertex_count":401,"decimated":true,"source":"Copernicus GLO-30 DEM at 180 m, D8 flow accumulation"},"geometry":{"type":"LineString","coordinates":[[-57.070159411925,-25.597567476715],[-57.072937189624994,-25.599789698875],[-57.075159411784995,-25.602567476575]]}},{"type":"Feature","properties":{"category":"dem_stream","class":"rill","threshold_label":"tributaries \u2265 200 cells","catchment_km2":0.55,"accumulation_cells":17,"vertex_count":15,"decimated":false,"source":"Copernicus GLO-30 DEM at 180 m, D8 flow accumulation"},"geometry":{"type":"LineString","coordinates":[[-57.065714967605,-25.545345255955],[-57.065714967605,-25.544789700415],[-57.065714967605,-25.544234144875],[-57.06627052314499,-25.544234144875],[-57.066826078685,-25.543678589335],[-57.06627052314499,-25.543123033795],[-57.066826078685,-25.542567478255002],[-57.06738163422499,-25.542011922715],[-57.067937189765,-25.541456367175],[-57.067937189765,-25.540900811635],[-57.068492745304994,-25.540345256095],[-57.069048300845,-25.540345256095],[-57.069603856384994,-25.540345256095],[-57.070159411925,-25.539789700555],[-57.070159411925,-25.539234145015]]}},{"type":"Feature","properties":{"category":"dem_stream","class":"tributary","threshold_label":"tributaries \u2265 200 cells","catchment_km2":10.27,"accumulation_cells":317,"vertex_count":401,"decimated":true,"source":"Copernicus GLO-30 DEM at 180 m, D8 flow accumulation"},"geometry":{"type":"LineString","coordinates":[[-57.064603856525,-25.613123031835],[-57.066826078685,-25.614789698455],[-57.069603856384994,-25.615345253995]]}},{"type":"Feature","properties":{"category":"dem_stream","class":"rill","threshold_label":"tributaries \u2265 200 cells","catchment_km2":0.1,"accumulation_cells":3,"vertex_count":15,"decimated":false,"source":"Copernicus GLO-30 DEM at 180 m, D8 flow accumulation"},"geometry":{"type":"LineString","coordinates":[[-57.063492745445,-25.643123030995],[-57.06404830098499,-25.642567475455],[-57.064603856525,-25.642011919915],[-57.06515941206499,-25.642011919915],[-57.065714967605,-25.642011919915],[-57.06627052314499,-25.642011919915],[-57.066826078685,-25.642567475455],[-57.06738163422499,-25.642567475455],[-57.067937189765,-25.642567475455],[-57.068492745304994,-25.642567475455],[-57.069048300845,-25.642567475455],[-57.069603856384994,-25.643123030995],[-57.069603856384994,-25.643678586535],[-57.070159411925,-25.644234142075],[-57.070714967464994,-25.644789697615]]}},{"type":"Feature","properties":{"category":"dem_stream","class":"tributary","threshold_label":"tributaries \u2265 200 cells","catchment_km2":10.47,"accumulation_cells":323,"vertex_count":5,"decimated":false,"source":"Copernicus GLO-30 DEM at 180 m, D8 flow accumulation"},"geometry":{"type":"LineString","coordinates":[[-57.06182607882499,-25.640900808835],[-57.062381634364996,-25.640900808835],[-57.06293718990499,-25.641456364375],[-57.063492745445,-25.641456364375],[-57.06404830098499,-25.642011919915]]}},{"type":"Feature","properties":{"category":"dem_stream","class":"tributary","threshold_label":"tributaries \u2265 200 cells","catchment_km2":9.59,"accumulation_cells":296,"vertex_count":401,"decimated":true,"source":"Copernicus GLO-30 DEM at 180 m, D8 flow accumulation"},"geometry":{"type":"MultiLineString","coordinates":[[[-57.061270523284996,-25.525900812055],[-57.061270523284996,-25.523123034355]],[[-57.061270523284996,-25.523123034355],[-57.061270523284996,-25.522567478815]]]}},{"type":"Feature","properties":{"category":"dem_stream","class":"rill","threshold_label":"tributaries \u2265 200 cells","catchment_km2":0.23,"accumulation_cells":7,"vertex_count":3,"decimated":false,"source":"Copernicus GLO-30 DEM at 180 m, D8 flow accumulation"},"geometry":{"type":"LineString","coordinates":[[-57.057381634505,-25.716456362275],[-57.057937190044996,-25.717011917815],[-57.058492745585,-25.717567473355]]}},{"type":"Feature","properties":{"category":"dem_stream","class":"rill","threshold_label":"tributaries \u2265 200 cells","catchment_km2":0.55,"accumulation_cells":17,"vertex_count":5,"decimated":false,"source":"Copernicus GLO-30 DEM at 180 m, D8 flow accumulation"},"geometry":{"type":"LineString","coordinates":[[-57.055714967884995,-25.435345259035],[-57.055714967884995,-25.434789703495],[-57.055714967884995,-25.434234147955],[-57.055714967884995,-25.433678592415],[-57.055714967884995,-25.433123036875]]}},{"type":"Feature","properties":{"category":"dem_stream","class":"tributary","threshold_label":"tributaries \u2265 200 cells","catchment_km2":12.57,"accumulation_cells":388,"vertex_count":401,"decimated":true,"source":"Copernicus GLO-30 DEM at 180 m, D8 flow accumulation"},"geometry":{"type":"LineString","coordinates":[[-57.055159412345,-25.504789701535],[-57.057381634505,-25.503678590455]]}},{"type":"Feature","properties":{"category":"dem_stream","class":"tributary","threshold_label":"tributaries \u2265 200 cells","catchment_km2":11.11,"accumulation_cells":343,"vertex_count":401,"decimated":true,"source":"Copernicus GLO-30 DEM at 180 m, D8 flow accumulation"},"geometry":{"type":"MultiLineString","coordinates":[[[-57.055159412345,-25.759234138855],[-57.055714967884995,-25.758123027775]],[[-57.055714967884995,-25.758123027775],[-57.055159412345,-25.758123027775]]]}},{"type":"Feature","properties":{"category":"dem_stream","class":"tributary","threshold_label":"tributaries \u2265 200 cells","catchment_km2":9.85,"accumulation_cells":304,"vertex_count":401,"decimated":true,"source":"Copernicus GLO-30 DEM at 180 m, D8 flow accumulation"},"geometry":{"type":"LineString","coordinates":[[-57.052937190185,-25.593678587935],[-57.050159412484994,-25.591456365775],[-57.049048301404994,-25.590900810235]]}},{"type":"Feature","properties":{"category":"dem_stream","class":"tributary","threshold_label":"tributaries \u2265 200 cells","catchment_km2":13.06,"accumulation_cells":403,"vertex_count":401,"decimated":true,"source":"Copernicus GLO-30 DEM at 180 m, D8 flow accumulation"},"geometry":{"type":"MultiLineString","coordinates":[[[-57.052381634644995,-25.475345257915],[-57.052381634644995,-25.472567480215],[-57.052937190185,-25.472011924675]],[[-57.052937190185,-25.472011924675],[-57.052381634644995,-25.471456369135]]]}},{"type":"Feature","properties":{"category":"dem_stream","class":"tributary","threshold_label":"tributaries \u2265 200 cells","catchment_km2":8.62,"accumulation_cells":266,"vertex_count":401,"decimated":true,"source":"Copernicus GLO-30 DEM at 180 m, D8 flow accumulation"},"geometry":{"type":"MultiLineString","coordinates":[[[-57.051270523564995,-25.682011918795],[-57.052937190185,-25.684234140955]],[[-57.052937190185,-25.684234140955],[-57.052937190185,-25.683678585415]]]}},{"type":"Feature","properties":{"category":"dem_stream","class":"rill","threshold_label":"tributaries \u2265 200 cells","catchment_km2":0.13,"accumulation_cells":4,"vertex_count":4,"decimated":false,"source":"Copernicus GLO-30 DEM at 180 m, D8 flow accumulation"},"geometry":{"type":"LineString","coordinates":[[-57.050714968025,-25.708678584715],[-57.050714968025,-25.709234140255],[-57.051270523564995,-25.709234140255],[-57.051826079105,-25.709789695795]]}},{"type":"Feature","properties":{"category":"dem_stream","class":"rill","threshold_label":"tributaries \u2265 200 cells","catchment_km2":0.13,"accumulation_cells":4,"vertex_count":15,"decimated":false,"source":"Copernicus GLO-30 DEM at 180 m, D8 flow accumulation"},"geometry":{"type":"LineString","coordinates":[[-57.050159412484994,-25.661456363815],[-57.050714968025,-25.662011919355],[-57.051270523564995,-25.662011919355],[-57.051826079105,-25.662011919355],[-57.052381634644995,-25.662567474895],[-57.052937190185,-25.663123030435],[-57.053492745724995,-25.663678585975],[-57.054048301265,-25.664234141515],[-57.054603856804995,-25.664789697055],[-57.055159412345,-25.665345252595],[-57.055714967884995,-25.665900808135],[-57.055714967884995,-25.666456363675],[-57.055714967884995,-25.667011919215],[-57.056270523425,-25.667011919215],[-57.056826078964995,-25.667567474755]]}},{"type":"Feature","properties":{"category":"dem_stream","class":"main","threshold_label":"tributaries \u2265 200 cells","catchment_km2":34.02,"accumulation_cells":1050,"vertex_count":401,"decimated":true,"source":"Copernicus GLO-30 DEM at 180 m, D8 flow accumulation"},"geometry":{"type":"MultiLineString","coordinates":[[[-57.049603856945,-25.670900807995],[-57.052381634644995,-25.670900807995],[-57.055159412345,-25.669789696915],[-57.057937190044996,-25.668123030295],[-57.06071496774499,-25.670345252455],[-57.061270523284996,-25.670345252455]],[[-57.061270523284996,-25.670345252455],[-57.061270523284996,-25.670900807995]]]}},{"type":"Feature","properties":{"category":"dem_stream","class":"rill","threshold_label":"tributaries \u2265 200 cells","catchment_km2":0.29,"accumulation_cells":9,"vertex_count":19,"decimated":false,"source":"Copernicus GLO-30 DEM at 180 m, D8 flow accumulation"},"geometry":{"type":"LineString","coordinates":[[-57.048492745865,-25.690345251895],[-57.049048301404994,-25.690345251895],[-57.049603856945,-25.690900807435],[-57.050159412484994,-25.690900807435],[-57.050714968025,-25.691456362975],[-57.051270523564995,-25.692011918515],[-57.051826079105,-25.692567474055],[-57.052381634644995,-25.693123029595],[-57.052937190185,-25.693678585135],[-57.053492745724995,-25.694234140675],[-57.053492745724995,-25.694789696215],[-57.053492745724995,-25.695345251755],[-57.053492745724995,-25.695900807295],[-57.053492745724995,-25.696456362835],[-57.054048301265,-25.697011918375],[-57.054048301265,-25.697567473915],[-57.054603856804995,-25.698123029455],[-57.055159412345,-25.698678584995],[-57.055159412345,-25.699234140535]]}},{"type":"Feature","properties":{"category":"dem_stream","class":"tributary","threshold_label":"tributaries \u2265 200 cells","catchment_km2":14.0,"accumulation_cells":432,"vertex_count":401,"decimated":true,"source":"Copernicus GLO-30 DEM at 180 m, D8 flow accumulation"},"geometry":{"type":"MultiLineString","coordinates":[[[-57.042937190465,-25.660900808275],[-57.045714968164994,-25.660900808275],[-57.046270523705,-25.660900808275]],[[-57.046270523705,-25.660900808275],[-57.046826079244994,-25.660900808275]]]}},{"type":"Feature","properties":{"category":"dem_stream","class":"rill","threshold_label":"tributaries \u2265 200 cells","catchment_km2":0.58,"accumulation_cells":18,"vertex_count":5,"decimated":false,"source":"Copernicus GLO-30 DEM at 180 m, D8 flow accumulation"},"geometry":{"type":"LineString","coordinates":[[-57.04238163492499,-25.604789698735],[-57.041826079385,-25.604234143195],[-57.041826079385,-25.603678587655],[-57.04127052384499,-25.603123032115],[-57.040714968305,-25.602567476575]]}},{"type":"Feature","properties":{"category":"dem_stream","class":"tributary","threshold_label":"tributaries \u2265 200 cells","catchment_km2":17.46,"accumulation_cells":539,"vertex_count":15,"decimated":false,"source":"Copernicus GLO-30 DEM at 180 m, D8 flow accumulation"},"geometry":{"type":"LineString","coordinates":[[-57.04238163492499,-25.712567473495],[-57.042937190465,-25.712567473495],[-57.04349274600499,-25.712567473495],[-57.044048301545,-25.712011917955],[-57.044603857084994,-25.712011917955],[-57.045159412625,-25.711456362415],[-57.045714968164994,-25.711456362415],[-57.046270523705,-25.710900806875],[-57.046826079244994,-25.710345251335],[-57.047381634785,-25.710345251335],[-57.047937190324994,-25.710345251335],[-57.048492745865,-25.710345251335],[-57.049048301404994,-25.710345251335],[-57.049603856945,-25.709789695795],[-57.050159412484994,-25.709789695795]]}},{"type":"Feature","properties":{"category":"dem_stream","class":"tributary","threshold_label":"tributaries \u2265 200 cells","catchment_km2":20.28,"accumulation_cells":626,"vertex_count":401,"decimated":true,"source":"Copernicus GLO-30 DEM at 180 m, D8 flow accumulation"},"geometry":{"type":"LineString","coordinates":[[-57.040714968305,-25.644234142075],[-57.040714968305,-25.641456364375],[-57.040714968305,-25.638678586675],[-57.04127052384499,-25.635900808975],[-57.03904830168499,-25.633678586815],[-57.03793719060499,-25.630900809115],[-57.038492746144996,-25.629234142495]]}},{"type":"Feature","properties":{"category":"dem_stream","class":"tributary","threshold_label":"tributaries \u2265 200 cells","catchment_km2":19.21,"accumulation_cells":593,"vertex_count":401,"decimated":true,"source":"Copernicus GLO-30 DEM at 180 m, D8 flow accumulation"},"geometry":{"type":"MultiLineString","coordinates":[[[-57.04015941276499,-25.462011924955],[-57.04015941276499,-25.459234147255]],[[-57.04015941276499,-25.459234147255],[-57.039603857224996,-25.459234147255]]]}},{"type":"Feature","properties":{"category":"dem_stream","class":"main","threshold_label":"tributaries \u2265 200 cells","catchment_km2":42.48,"accumulation_cells":1311,"vertex_count":401,"decimated":true,"source":"Copernicus GLO-30 DEM at 180 m, D8 flow accumulation"},"geometry":{"type":"MultiLineString","coordinates":[[[-57.03793719060499,-25.694234140675],[-57.04015941276499,-25.696456362835],[-57.042937190465,-25.697567473915],[-57.045714968164994,-25.699234140535],[-57.046826079244994,-25.698678584995]],[[-57.046826079244994,-25.698678584995],[-57.046826079244994,-25.699234140535]]]}},{"type":"Feature","properties":{"category":"dem_stream","class":"rill","threshold_label":"tributaries \u2265 200 cells","catchment_km2":0.19,"accumulation_cells":6,"vertex_count":8,"decimated":false,"source":"Copernicus GLO-30 DEM at 180 m, D8 flow accumulation"},"geometry":{"type":"LineString","coordinates":[[-57.030159413045,-25.693678585135],[-57.030714968584995,-25.693678585135],[-57.031270524125,-25.693678585135],[-57.031826079664995,-25.694234140675],[-57.032381635205,-25.694234140675],[-57.032937190744995,-25.694234140675],[-57.033492746285,-25.694234140675],[-57.034048301824996,-25.693678585135]]}},{"type":"Feature","properties":{"category":"dem_stream","class":"rill","threshold_label":"tributaries \u2265 200 cells","catchment_km2":0.75,"accumulation_cells":23,"vertex_count":13,"decimated":false,"source":"Copernicus GLO-30 DEM at 180 m, D8 flow accumulation"},"geometry":{"type":"LineString","coordinates":[[-57.027937190885,-25.707567473635],[-57.028492746424995,-25.708123029175],[-57.029048301965,-25.708678584715],[-57.029603857504995,-25.709234140255],[-57.030159413045,-25.709789695795],[-57.030714968584995,-25.710345251335],[-57.031270524125,-25.710345251335],[-57.031826079664995,-25.710900806875],[-57.032381635205,-25.710900806875],[-57.032937190744995,-25.710900806875],[-57.033492746285,-25.711456362415],[-57.034048301824996,-25.711456362415],[-57.034603857365,-25.711456362415]]}},{"type":"Feature","properties":{"category":"dem_stream","class":"tributary","threshold_label":"tributaries \u2265 200 cells","catchment_km2":16.2,"accumulation_cells":500,"vertex_count":401,"decimated":true,"source":"Copernicus GLO-30 DEM at 180 m, D8 flow accumulation"},"geometry":{"type":"LineString","coordinates":[[-57.024603857645,-25.602567476575],[-57.024048302104994,-25.602567476575]]}},{"type":"Feature","properties":{"category":"dem_stream","class":"tributary","threshold_label":"tributaries \u2265 200 cells","catchment_km2":8.29,"accumulation_cells":256,"vertex_count":401,"decimated":true,"source":"Copernicus GLO-30 DEM at 180 m, D8 flow accumulation"},"geometry":{"type":"MultiLineString","coordinates":[[[-57.024048302104994,-25.635345253435],[-57.022937191024994,-25.632567475735],[-57.022937191024994,-25.632011920195]],[[-57.022937191024994,-25.632011920195],[-57.022381635485,-25.631456364655]]]}},{"type":"Feature","properties":{"category":"dem_stream","class":"tributary","threshold_label":"tributaries \u2265 200 cells","catchment_km2":18.99,"accumulation_cells":586,"vertex_count":401,"decimated":true,"source":"Copernicus GLO-30 DEM at 180 m, D8 flow accumulation"},"geometry":{"type":"LineString","coordinates":[[-57.024048302104994,-25.669789696915],[-57.021826079944994,-25.667567474755],[-57.01960385778499,-25.666456363675],[-57.01849274670499,-25.665900808135]]}},{"type":"Feature","properties":{"category":"dem_stream","class":"main","threshold_label":"tributaries \u2265 200 cells","catchment_km2":27.57,"accumulation_cells":851,"vertex_count":401,"decimated":true,"source":"Copernicus GLO-30 DEM at 180 m, D8 flow accumulation"},"geometry":{"type":"MultiLineString","coordinates":[[[-57.023492746565,-25.678123030015],[-57.021270524405,-25.675345252315],[-57.019048302245,-25.673123030155],[-57.016826080084996,-25.670345252455],[-57.01515941346499,-25.667567474755],[-57.014603857924996,-25.667567474755]],[[-57.014603857924996,-25.667567474755],[-57.01404830238499,-25.667011919215]]]}},{"type":"Feature","properties":{"category":"dem_stream","class":"rill","threshold_label":"tributaries \u2265 200 cells","catchment_km2":0.26,"accumulation_cells":8,"vertex_count":3,"decimated":false,"source":"Copernicus GLO-30 DEM at 180 m, D8 flow accumulation"},"geometry":{"type":"LineString","coordinates":[[-57.021270524405,-25.765900805335],[-57.021270524405,-25.766456360875],[-57.021826079944994,-25.767011916415]]}},{"type":"Feature","properties":{"category":"dem_stream","class":"rill","threshold_label":"tributaries \u2265 200 cells","catchment_km2":0.42,"accumulation_cells":13,"vertex_count":7,"decimated":true,"source":"Copernicus GLO-30 DEM at 180 m, D8 flow accumulation"},"geometry":{"type":"LineString","coordinates":[[-57.017937191165,-25.754789694535],[-57.02071496886499,-25.757011916695],[-57.022937191024994,-25.759234138855],[-57.025714968725,-25.760345249935],[-57.027381635344994,-25.763123027635],[-57.029048301965,-25.765900805335],[-57.030159413045,-25.767011916415]]}},{"type":"Feature","properties":{"category":"dem_stream","class":"rill","threshold_label":"tributaries \u2265 200 cells","catchment_km2":0.13,"accumulation_cells":4,"vertex_count":4,"decimated":false,"source":"Copernicus GLO-30 DEM at 180 m, D8 flow accumulation"},"geometry":{"type":"LineString","coordinates":[[-57.01738163562499,-25.777567471675],[-57.017937191165,-25.777567471675],[-57.01849274670499,-25.777567471675],[-57.019048302245,-25.778123027215]]}},{"type":"Feature","properties":{"category":"dem_stream","class":"rill","threshold_label":"tributaries \u2265 200 cells","catchment_km2":0.19,"accumulation_cells":6,"vertex_count":9,"decimated":false,"source":"Copernicus GLO-30 DEM at 180 m, D8 flow accumulation"},"geometry":{"type":"LineString","coordinates":[[-57.016826080084996,-25.715345251195],[-57.01738163562499,-25.715900806735],[-57.017937191165,-25.715900806735],[-57.01849274670499,-25.715900806735],[-57.019048302245,-25.716456362275],[-57.01960385778499,-25.717011917815],[-57.01960385778499,-25.717567473355],[-57.020159413325,-25.717567473355],[-57.02071496886499,-25.718123028895]]}},{"type":"Feature","properties":{"category":"dem_stream","class":"rill","threshold_label":"tributaries \u2265 200 cells","catchment_km2":0.68,"accumulation_cells":21,"vertex_count":7,"decimated":true,"source":"Copernicus GLO-30 DEM at 180 m, D8 flow accumulation"},"geometry":{"type":"LineString","coordinates":[[-57.01627052454499,-25.725900806455],[-57.019048302245,-25.725900806455],[-57.021826079944994,-25.725900806455],[-57.024603857645,-25.727011917535002],[-57.027381635344994,-25.727011917535002],[-57.030159413045,-25.727011917535002],[-57.032381635205,-25.727567473075]]}},{"type":"Feature","properties":{"category":"dem_stream","class":"tributary","threshold_label":"tributaries \u2265 200 cells","catchment_km2":15.68,"accumulation_cells":484,"vertex_count":401,"decimated":true,"source":"Copernicus GLO-30 DEM at 180 m, D8 flow accumulation"},"geometry":{"type":"LineString","coordinates":[[-57.015714969004996,-25.428123037015],[-57.01293719130499,-25.427567481475],[-57.012381635764996,-25.427567481475]]}},{"type":"Feature","properties":{"category":"dem_stream","class":"rill","threshold_label":"tributaries \u2265 200 cells","catchment_km2":0.1,"accumulation_cells":3,"vertex_count":8,"decimated":true,"source":"Copernicus GLO-30 DEM at 180 m, D8 flow accumulation"},"geometry":{"type":"LineString","coordinates":[[-57.01293719130499,-25.736456361715],[-57.015714969004996,-25.735900806175],[-57.01849274670499,-25.737011917255],[-57.021270524405,-25.738123028335],[-57.024048302104994,-25.737567472795],[-57.026826079805,-25.737011917255],[-57.029603857504995,-25.738123028335],[-57.031826079664995,-25.740345250495]]}},{"type":"Feature","properties":{"category":"dem_stream","class":"tributary","threshold_label":"tributaries \u2265 200 cells","catchment_km2":16.26,"accumulation_cells":502,"vertex_count":401,"decimated":true,"source":"Copernicus GLO-30 DEM at 180 m, D8 flow accumulation"},"geometry":{"type":"MultiLineString","coordinates":[[[-57.012381635764996,-25.692011918515],[-57.009603858065,-25.689234140815],[-57.007381635905,-25.687011918655],[-57.007381635905,-25.686456363115]],[[-57.007381635905,-25.686456363115],[-57.007381635905,-25.685900807575]]]}},{"type":"Feature","properties":{"category":"dem_stream","class":"main","threshold_label":"tributaries \u2265 200 cells","catchment_km2":28.12,"accumulation_cells":868,"vertex_count":401,"decimated":true,"source":"Copernicus GLO-30 DEM at 180 m, D8 flow accumulation"},"geometry":{"type":"LineString","coordinates":[[-57.011826080225,-25.433123036875],[-57.009603858065,-25.430345259175],[-57.006826080364995,-25.427567481475],[-57.004048302665,-25.427567481475],[-57.002937191585,-25.427567481475]]}},{"type":"Feature","properties":{"category":"dem_stream","class":"rill","threshold_label":"tributaries \u2265 200 cells","catchment_km2":0.16,"accumulation_cells":5,"vertex_count":4,"decimated":false,"source":"Copernicus GLO-30 DEM at 180 m, D8 flow accumulation"},"geometry":{"type":"LineString","coordinates":[[-57.011826080225,-25.612567476295],[-57.012381635764996,-25.612011920755],[-57.012381635764996,-25.611456365215002],[-57.012381635764996,-25.610900809675]]}},{"type":"Feature","properties":{"category":"dem_stream","class":"main","threshold_label":"tributaries \u2265 200 cells","catchment_km2":48.08,"accumulation_cells":1484,"vertex_count":401,"decimated":true,"source":"Copernicus GLO-30 DEM at 180 m, D8 flow accumulation"},"geometry":{"type":"MultiLineString","coordinates":[[[-57.011270524684996,-25.762011916555],[-57.01293719130499,-25.764789694255],[-57.015714969004996,-25.767567471955],[-57.016826080084996,-25.770345249655],[-57.019048302245,-25.773123027355002],[-57.020159413325,-25.775900805055],[-57.022937191024994,-25.777567471675],[-57.025714968725,-25.779789693835],[-57.027381635344994,-25.782567471535],[-57.027937190885,-25.783123027075]],[[-57.027937190885,-25.783123027075],[-57.027937190885,-25.783678582615]]]}},{"type":"Feature","properties":{"category":"dem_stream","class":"rill","threshold_label":"tributaries \u2265 200 cells","catchment_km2":0.13,"accumulation_cells":4,"vertex_count":10,"decimated":false,"source":"Copernicus GLO-30 DEM at 180 m, D8 flow accumulation"},"geometry":{"type":"LineString","coordinates":[[-57.010714969145,-25.528678589755],[-57.010159413604995,-25.528123034215],[-57.009603858065,-25.527567478675],[-57.009048302524995,-25.527567478675],[-57.008492746985,-25.527567478675],[-57.007937191444995,-25.527011923135],[-57.007381635905,-25.526456367595],[-57.006826080364995,-25.525900812055],[-57.006270524825,-25.525900812055],[-57.005714969284995,-25.525900812055]]}},{"type":"Feature","properties":{"category":"dem_stream","class":"rill","threshold_label":"tributaries \u2265 200 cells","catchment_km2":0.94,"accumulation_cells":29,"vertex_count":5,"decimated":false,"source":"Copernicus GLO-30 DEM at 180 m, D8 flow accumulation"},"geometry":{"type":"LineString","coordinates":[[-57.010714969145,-25.747567472515],[-57.011270524684996,-25.748123028055],[-57.011826080225,-25.748123028055],[-57.012381635764996,-25.748678583595],[-57.012381635764996,-25.749234139135]]}},{"type":"Feature","properties":{"category":"dem_stream","class":"tributary","threshold_label":"tributaries \u2265 200 cells","catchment_km2":15.81,"accumulation_cells":488,"vertex_count":401,"decimated":true,"source":"Copernicus GLO-30 DEM at 180 m, D8 flow accumulation"},"geometry":{"type":"LineString","coordinates":[[-57.009603858065,-25.674234141235],[-57.006826080364995,-25.673678585695]]}},{"type":"Feature","properties":{"category":"dem_stream","class":"creek","threshold_label":"tributaries \u2265 200 cells","catchment_km2":2.27,"accumulation_cells":70,"vertex_count":6,"decimated":true,"source":"Copernicus GLO-30 DEM at 180 m, D8 flow accumulation"},"geometry":{"type":"LineString","coordinates":[[-57.005159413745,-25.455900814015],[-57.002381636044994,-25.453678591855],[-57.000159413884994,-25.451456369695],[-56.999603858345,-25.448678591995],[-56.999048302804994,-25.445900814295],[-56.999048302804994,-25.445345258755]]}},{"type":"Feature","properties":{"category":"dem_stream","class":"tributary","threshold_label":"tributaries \u2265 200 cells","catchment_km2":7.26,"accumulation_cells":224,"vertex_count":401,"decimated":true,"source":"Copernicus GLO-30 DEM at 180 m, D8 flow accumulation"},"geometry":{"type":"MultiLineString","coordinates":[[[-57.002381636044994,-25.429789703635],[-57.002381636044994,-25.428123037015]],[[-57.002381636044994,-25.428123037015],[-57.002381636044994,-25.427567481475]]]}},{"type":"Feature","properties":{"category":"dem_stream","class":"rill","threshold_label":"tributaries \u2265 200 cells","catchment_km2":0.13,"accumulation_cells":4,"vertex_count":5,"decimated":true,"source":"Copernicus GLO-30 DEM at 180 m, D8 flow accumulation"},"geometry":{"type":"LineString","coordinates":[[-57.002381636044994,-25.550345255815],[-56.999603858345,-25.548678589195],[-56.998492747265,-25.545900811495],[-56.99793719172499,-25.543123033795],[-56.99571496956499,-25.540900811635]]}},{"type":"Feature","properties":{"category":"dem_stream","class":"tributary","threshold_label":"tributaries \u2265 200 cells","catchment_km2":12.15,"accumulation_cells":375,"vertex_count":401,"decimated":true,"source":"Copernicus GLO-30 DEM at 180 m, D8 flow accumulation"},"geometry":{"type":"MultiLineString","coordinates":[[[-57.001826080505,-25.649234141935],[-57.000714969425,-25.647567475315]],[[-57.000714969425,-25.647567475315],[-57.001270524964994,-25.648123030855]]]}},{"type":"Feature","properties":{"category":"dem_stream","class":"creek","threshold_label":"tributaries \u2265 200 cells","catchment_km2":2.53,"accumulation_cells":78,"vertex_count":4,"decimated":false,"source":"Copernicus GLO-30 DEM at 180 m, D8 flow accumulation"},"geometry":{"type":"LineString","coordinates":[[-57.001270524964994,-25.679789696635],[-57.001826080505,-25.679234141095],[-57.001826080505,-25.678678585555],[-57.002381636044994,-25.678123030015]]}},{"type":"Feature","properties":{"category":"dem_stream","class":"creek","threshold_label":"tributaries \u2265 200 cells","catchment_km2":2.56,"accumulation_cells":79,"vertex_count":12,"decimated":false,"source":"Copernicus GLO-30 DEM at 180 m, D8 flow accumulation"},"geometry":{"type":"LineString","coordinates":[[-56.999048302804994,-25.772567471815],[-56.999603858345,-25.773123027355002],[-56.999603858345,-25.773678582895],[-56.999603858345,-25.774234138435],[-57.000159413884994,-25.774789693975],[-57.000714969425,-25.775345249515],[-57.001270524964994,-25.775900805055],[-57.001270524964994,-25.776456360595],[-57.001826080505,-25.777011916135],[-57.002381636044994,-25.777567471675],[-57.002381636044994,-25.778123027215],[-57.002937191585,-25.778678582755]]}},{"type":"Feature","properties":{"category":"dem_stream","class":"tributary","threshold_label":"tributaries \u2265 200 cells","catchment_km2":7.55,"accumulation_cells":233,"vertex_count":401,"decimated":true,"source":"Copernicus GLO-30 DEM at 180 m, D8 flow accumulation"},"geometry":{"type":"MultiLineString","coordinates":[[[-56.998492747265,-25.713678584575],[-56.99682608064499,-25.712567473495]],[[-56.99682608064499,-25.712567473495],[-56.996270525105,-25.712567473495]]]}},{"type":"Feature","properties":{"category":"dem_stream","class":"rill","threshold_label":"tributaries \u2265 200 cells","catchment_km2":0.16,"accumulation_cells":5,"vertex_count":9,"decimated":false,"source":"Copernicus GLO-30 DEM at 180 m, D8 flow accumulation"},"geometry":{"type":"LineString","coordinates":[[-56.99682608064499,-25.534234145155],[-56.99682608064499,-25.533678589615],[-56.996270525105,-25.533123034075],[-56.99571496956499,-25.533123034075],[-56.995159414025,-25.532567478535],[-56.99460385848499,-25.532567478535],[-56.994048302945,-25.532011922995],[-56.99349274740499,-25.531456367455],[-56.992937191864996,-25.530900811915]]}},{"type":"Feature","properties":{"category":"dem_stream","class":"tributary","threshold_label":"tributaries \u2265 200 cells","catchment_km2":16.2,"accumulation_cells":500,"vertex_count":401,"decimated":true,"source":"Copernicus GLO-30 DEM at 180 m, D8 flow accumulation"},"geometry":{"type":"LineString","coordinates":[[-56.99571496956499,-25.465900813735],[-56.99349274740499,-25.463123036035],[-56.991826080784996,-25.462011924955]]}},{"type":"Feature","properties":{"category":"dem_stream","class":"rill","threshold_label":"tributaries \u2265 200 cells","catchment_km2":0.94,"accumulation_cells":29,"vertex_count":18,"decimated":false,"source":"Copernicus GLO-30 DEM at 180 m, D8 flow accumulation"},"geometry":{"type":"LineString","coordinates":[[-56.99460385848499,-25.510900812475],[-56.994048302945,-25.510345256935],[-56.99349274740499,-25.509789701395],[-56.992937191864996,-25.509789701395],[-56.99238163632499,-25.509234145855],[-56.991826080784996,-25.509234145855],[-56.99127052524499,-25.508678590315],[-56.99127052524499,-25.508123034775],[-56.99127052524499,-25.507567479235],[-56.990714969704996,-25.507011923695],[-56.99015941416499,-25.506456368155],[-56.99015941416499,-25.505900812615],[-56.989603858624996,-25.505345257075],[-56.989048303085,-25.504789701535],[-56.988492747544996,-25.504234145995],[-56.987937192005,-25.504234145995],[-56.988492747544996,-25.503678590455],[-56.988492747544996,-25.503123034915]]}},{"type":"Feature","properties":{"category":"dem_stream","class":"tributary","threshold_label":"tributaries \u2265 200 cells","catchment_km2":18.79,"accumulation_cells":580,"vertex_count":401,"decimated":true,"source":"Copernicus GLO-30 DEM at 180 m, D8 flow accumulation"},"geometry":{"type":"MultiLineString","coordinates":[[[-56.99015941416499,-25.533678589615],[-56.99127052524499,-25.530900811915],[-56.990714969704996,-25.528123034215],[-56.99015941416499,-25.526456367595]],[[-56.99015941416499,-25.526456367595],[-56.989603858624996,-25.525900812055]]]}},{"type":"Feature","properties":{"category":"dem_stream","class":"tributary","threshold_label":"tributaries \u2265 200 cells","catchment_km2":8.52,"accumulation_cells":263,"vertex_count":401,"decimated":true,"source":"Copernicus GLO-30 DEM at 180 m, D8 flow accumulation"},"geometry":{"type":"MultiLineString","coordinates":[[[-56.988492747544996,-25.484234146555],[-56.989048303085,-25.483123035475]],[[-56.989048303085,-25.483123035475],[-56.988492747544996,-25.483123035475]]]}},{"type":"Feature","properties":{"category":"dem_stream","class":"tributary","threshold_label":"tributaries \u2265 200 cells","catchment_km2":22.1,"accumulation_cells":682,"vertex_count":401,"decimated":true,"source":"Copernicus GLO-30 DEM at 180 m, D8 flow accumulation"},"geometry":{"type":"LineString","coordinates":[[-56.981270525525,-25.663123030435],[-56.981826081064995,-25.662567474895]]}},{"type":"Feature","properties":{"category":"dem_stream","class":"rill","threshold_label":"tributaries \u2265 200 cells","catchment_km2":0.75,"accumulation_cells":23,"vertex_count":6,"decimated":true,"source":"Copernicus GLO-30 DEM at 180 m, D8 flow accumulation"},"geometry":{"type":"LineString","coordinates":[[-56.977937192285,-25.594789699015],[-56.977381636744994,-25.592011921315],[-56.976270525664994,-25.589789699155],[-56.976270525664994,-25.587011921455],[-56.97404830350499,-25.584234143755],[-56.973492747965,-25.582567477135]]}},{"type":"Feature","properties":{"category":"dem_stream","class":"tributary","threshold_label":"tributaries \u2265 200 cells","catchment_km2":15.13,"accumulation_cells":467,"vertex_count":401,"decimated":true,"source":"Copernicus GLO-30 DEM at 180 m, D8 flow accumulation"},"geometry":{"type":"MultiLineString","coordinates":[[[-56.975159414584994,-25.609789698595],[-56.975159414584994,-25.609234143055]],[[-56.975159414584994,-25.609234143055],[-56.975159414584994,-25.608678587515]]]}},{"type":"Feature","properties":{"category":"dem_stream","class":"rill","threshold_label":"tributaries \u2265 200 cells","catchment_km2":0.06,"accumulation_cells":2,"vertex_count":3,"decimated":false,"source":"Copernicus GLO-30 DEM at 180 m, D8 flow accumulation"},"geometry":{"type":"LineString","coordinates":[[-56.975159414584994,-25.667011919215],[-56.975714970125,-25.667011919215],[-56.976270525664994,-25.667011919215]]}},{"type":"Feature","properties":{"category":"dem_stream","class":"creek","threshold_label":"tributaries \u2265 200 cells","catchment_km2":1.04,"accumulation_cells":32,"vertex_count":3,"decimated":false,"source":"Copernicus GLO-30 DEM at 180 m, D8 flow accumulation"},"geometry":{"type":"LineString","coordinates":[[-56.96738163702499,-25.609789698595],[-56.966826081484996,-25.609234143055],[-56.96627052594499,-25.609234143055]]}},{"type":"Feature","properties":{"category":"dem_stream","class":"tributary","threshold_label":"tributaries \u2265 200 cells","catchment_km2":17.07,"accumulation_cells":527,"vertex_count":401,"decimated":true,"source":"Copernicus GLO-30 DEM at 180 m, D8 flow accumulation"},"geometry":{"type":"MultiLineString","coordinates":[[[-56.966826081484996,-25.589234143615],[-56.96738163702499,-25.588678588075002]],[[-56.96738163702499,-25.588678588075002],[-56.967937192564996,-25.588678588075002]]]}},{"type":"Feature","properties":{"category":"dem_stream","class":"rill","threshold_label":"tributaries \u2265 200 cells","catchment_km2":0.23,"accumulation_cells":7,"vertex_count":8,"decimated":false,"source":"Copernicus GLO-30 DEM at 180 m, D8 flow accumulation"},"geometry":{"type":"LineString","coordinates":[[-56.964603859324995,-25.602567476575],[-56.964603859324995,-25.602011921035],[-56.965159414865,-25.601456365495],[-56.965714970404996,-25.600900809955],[-56.965714970404996,-25.600345254415],[-56.965714970404996,-25.599789698875],[-56.96627052594499,-25.599234143335],[-56.966826081484996,-25.599234143335]]}},{"type":"Feature","properties":{"category":"dem_stream","class":"rill","threshold_label":"tributaries \u2265 200 cells","catchment_km2":0.06,"accumulation_cells":2,"vertex_count":11,"decimated":false,"source":"Copernicus GLO-30 DEM at 180 m, D8 flow accumulation"},"geometry":{"type":"LineString","coordinates":[[-56.960714970545,-25.768123027495],[-56.961270526084995,-25.767567471955],[-56.961826081625,-25.768123027495],[-56.962381637164995,-25.768123027495],[-56.962937192705,-25.768678583035],[-56.963492748244995,-25.768678583035],[-56.964048303785,-25.768678583035],[-56.964603859324995,-25.769234138575],[-56.965159414865,-25.769789694115],[-56.965714970404996,-25.769789694115],[-56.96627052594499,-25.769789694115]]}},{"type":"Feature","properties":{"category":"dem_stream","class":"main","threshold_label":"tributaries \u2265 200 cells","catchment_km2":25.27,"accumulation_cells":780,"vertex_count":401,"decimated":true,"source":"Copernicus GLO-30 DEM at 180 m, D8 flow accumulation"},"geometry":{"type":"LineString","coordinates":[[-56.960159415004995,-25.590345254695],[-56.962937192705,-25.588678588075002],[-56.965714970404996,-25.588123032535],[-56.96738163702499,-25.586456365915]]}},{"type":"Feature","properties":{"category":"dem_stream","class":"rill","threshold_label":"tributaries \u2265 200 cells","catchment_km2":0.45,"accumulation_cells":14,"vertex_count":6,"decimated":false,"source":"Copernicus GLO-30 DEM at 180 m, D8 flow accumulation"},"geometry":{"type":"LineString","coordinates":[[-56.959048303924995,-25.683678585415],[-56.959603859465,-25.683123029875],[-56.960159415004995,-25.683123029875],[-56.960714970545,-25.683123029875],[-56.960714970545,-25.682567474335],[-56.960714970545,-25.682011918795]]}},{"type":"Feature","properties":{"category":"dem_stream","class":"tributary","threshold_label":"tributaries \u2265 200 cells","catchment_km2":7.45,"accumulation_cells":230,"vertex_count":401,"decimated":true,"source":"Copernicus GLO-30 DEM at 180 m, D8 flow accumulation"},"geometry":{"type":"MultiLineString","coordinates":[[[-56.957381637305,-25.562011922155],[-56.957937192844994,-25.561456366615]],[[-56.957937192844994,-25.561456366615],[-56.958492748385,-25.561456366615]]]}},{"type":"Feature","properties":{"category":"dem_stream","class":"rill","threshold_label":"tributaries \u2265 200 cells","catchment_km2":0.45,"accumulation_cells":14,"vertex_count":4,"decimated":false,"source":"Copernicus GLO-30 DEM at 180 m, D8 flow accumulation"},"geometry":{"type":"LineString","coordinates":[[-56.955714970684994,-25.749234139135],[-56.956270526225,-25.749234139135],[-56.956826081764994,-25.749789694675002],[-56.957381637305,-25.749234139135]]}},{"type":"Feature","properties":{"category":"dem_stream","class":"tributary","threshold_label":"tributaries \u2265 200 cells","catchment_km2":12.15,"accumulation_cells":375,"vertex_count":401,"decimated":true,"source":"Copernicus GLO-30 DEM at 180 m, D8 flow accumulation"},"geometry":{"type":"MultiLineString","coordinates":[[[-56.955159415145,-25.545900811495],[-56.956826081764994,-25.543123033795]],[[-56.956826081764994,-25.543123033795],[-56.957381637305,-25.543678589335]]]}},{"type":"Feature","properties":{"category":"dem_stream","class":"creek","threshold_label":"tributaries \u2265 200 cells","catchment_km2":1.0,"accumulation_cells":31,"vertex_count":3,"decimated":false,"source":"Copernicus GLO-30 DEM at 180 m, D8 flow accumulation"},"geometry":{"type":"LineString","coordinates":[[-56.955159415145,-25.766456360875],[-56.955714970684994,-25.765900805335],[-56.956270526225,-25.765345249795]]}},{"type":"Feature","properties":{"category":"dem_stream","class":"rill","threshold_label":"tributaries \u2265 200 cells","catchment_km2":0.32,"accumulation_cells":10,"vertex_count":15,"decimated":false,"source":"Copernicus GLO-30 DEM at 180 m, D8 flow accumulation"},"geometry":{"type":"LineString","coordinates":[[-56.954603859604994,-25.578678588355],[-56.954603859604994,-25.578123032815],[-56.954603859604994,-25.577567477275],[-56.954603859604994,-25.577011921735],[-56.954603859604994,-25.576456366195],[-56.954048304065,-25.575900810655],[-56.954048304065,-25.575345255115],[-56.953492748524994,-25.574789699575],[-56.953492748524994,-25.574234144035],[-56.952937192985,-25.573678588495],[-56.952937192985,-25.573123032955],[-56.953492748524994,-25.572567477415],[-56.954048304065,-25.572011921875],[-56.954603859604994,-25.571456366335],[-56.954048304065,-25.570900810795]]}},{"type":"Feature","properties":{"category":"dem_stream","class":"tributary","threshold_label":"tributaries \u2265 200 cells","catchment_km2":15.26,"accumulation_cells":471,"vertex_count":401,"decimated":true,"source":"Copernicus GLO-30 DEM at 180 m, D8 flow accumulation"},"geometry":{"type":"MultiLineString","coordinates":[[[-56.951826081905,-25.689789696355],[-56.951826081905,-25.689234140815]],[[-56.951826081905,-25.689234140815],[-56.951826081905,-25.688678585275]]]}},{"type":"Feature","properties":{"category":"dem_stream","class":"rill","threshold_label":"tributaries \u2265 200 cells","catchment_km2":0.52,"accumulation_cells":16,"vertex_count":17,"decimated":false,"source":"Copernicus GLO-30 DEM at 180 m, D8 flow accumulation"},"geometry":{"type":"LineString","coordinates":[[-56.94793719312499,-25.542567478255002],[-56.948492748665,-25.542011922715],[-56.94904830420499,-25.541456367175],[-56.949603859745,-25.540900811635],[-56.95015941528499,-25.540345256095],[-56.950714970825,-25.539789700555],[-56.95127052636499,-25.539789700555],[-56.951826081905,-25.539789700555],[-56.952381637444994,-25.539234145015],[-56.952937192985,-25.539234145015],[-56.953492748524994,-25.539234145015],[-56.954048304065,-25.538678589475],[-56.954603859604994,-25.538678589475],[-56.955159415145,-25.538678589475],[-56.955714970684994,-25.538123033935],[-56.956270526225,-25.538123033935],[-56.956826081764994,-25.537567478395]]}},{"type":"Feature","properties":{"category":"dem_stream","class":"creek","threshold_label":"tributaries \u2265 200 cells","catchment_km2":1.98,"accumulation_cells":61,"vertex_count":5,"decimated":false,"source":"Copernicus GLO-30 DEM at 180 m, D8 flow accumulation"},"geometry":{"type":"LineString","coordinates":[[-56.94460385988499,-25.668678585835],[-56.94460385988499,-25.668123030295],[-56.94460385988499,-25.667567474755],[-56.94460385988499,-25.667011919215],[-56.94460385988499,-25.666456363675]]}},{"type":"Feature","properties":{"category":"dem_stream","class":"tributary","threshold_label":"tributaries \u2265 200 cells","catchment_km2":10.76,"accumulation_cells":332,"vertex_count":401,"decimated":true,"source":"Copernicus GLO-30 DEM at 180 m, D8 flow accumulation"},"geometry":{"type":"MultiLineString","coordinates":[[[-56.94349274880499,-25.596456365635],[-56.94349274880499,-25.594789699015]],[[-56.94349274880499,-25.594789699015],[-56.944048304344996,-25.595345254555]]]}},{"type":"Feature","properties":{"category":"dem_stream","class":"rill","threshold_label":"tributaries \u2265 200 cells","catchment_km2":0.13,"accumulation_cells":4,"vertex_count":3,"decimated":false,"source":"Copernicus GLO-30 DEM at 180 m, D8 flow accumulation"},"geometry":{"type":"LineString","coordinates":[[-56.941270526645,-25.678123030015],[-56.941270526645,-25.677567474475],[-56.941270526645,-25.677011918935]]}},{"type":"Feature","properties":{"category":"dem_stream","class":"tributary","threshold_label":"tributaries \u2265 200 cells","catchment_km2":9.17,"accumulation_cells":283,"vertex_count":401,"decimated":true,"source":"Copernicus GLO-30 DEM at 180 m, D8 flow accumulation"},"geometry":{"type":"LineString","coordinates":[[-56.940714971104995,-25.653678586255],[-56.941826082184996,-25.652567475175]]}},{"type":"Feature","properties":{"category":"dem_stream","class":"tributary","threshold_label":"tributaries \u2265 200 cells","catchment_km2":12.83,"accumulation_cells":396,"vertex_count":401,"decimated":true,"source":"Copernicus GLO-30 DEM at 180 m, D8 flow accumulation"},"geometry":{"type":"LineString","coordinates":[[-56.937937193405,-25.530345256375],[-56.938492748944995,-25.529789700835]]}},{"type":"Feature","properties":{"category":"dem_stream","class":"tributary","threshold_label":"tributaries \u2265 200 cells","catchment_km2":9.49,"accumulation_cells":293,"vertex_count":401,"decimated":true,"source":"Copernicus GLO-30 DEM at 180 m, D8 flow accumulation"},"geometry":{"type":"LineString","coordinates":[[-56.937381637864995,-25.581456366055],[-56.937937193405,-25.580900810515]]}},{"type":"Feature","properties":{"category":"dem_stream","class":"tributary","threshold_label":"tributaries \u2265 200 cells","catchment_km2":8.75,"accumulation_cells":270,"vertex_count":401,"decimated":true,"source":"Copernicus GLO-30 DEM at 180 m, D8 flow accumulation"},"geometry":{"type":"MultiLineString","coordinates":[[[-56.934603860165,-25.568678588635],[-56.934048304624994,-25.567011922015]],[[-56.934048304624994,-25.567011922015],[-56.933492749085,-25.567011922015]]]}},{"type":"Feature","properties":{"category":"dem_stream","class":"tributary","threshold_label":"tributaries \u2265 200 cells","catchment_km2":8.78,"accumulation_cells":271,"vertex_count":401,"decimated":true,"source":"Copernicus GLO-30 DEM at 180 m, D8 flow accumulation"},"geometry":{"type":"MultiLineString","coordinates":[[[-56.930714971384994,-25.661456363815],[-56.927937193685,-25.659234141655]],[[-56.927937193685,-25.659234141655],[-56.92849274922499,-25.659789697195]]]}},{"type":"Feature","properties":{"category":"dem_stream","class":"tributary","threshold_label":"tributaries \u2265 200 cells","catchment_km2":14.35,"accumulation_cells":443,"vertex_count":401,"decimated":true,"source":"Copernicus GLO-30 DEM at 180 m, D8 flow accumulation"},"geometry":{"type":"LineString","coordinates":[[-56.927937193685,-25.549234144735],[-56.930159415845,-25.548123033655]]}},{"type":"Feature","properties":{"category":"dem_stream","class":"tributary","threshold_label":"tributaries \u2265 200 cells","catchment_km2":9.23,"accumulation_cells":285,"vertex_count":401,"decimated":true,"source":"Copernicus GLO-30 DEM at 180 m, D8 flow accumulation"},"geometry":{"type":"MultiLineString","coordinates":[[[-56.927937193685,-25.615345253995],[-56.930714971384994,-25.613678587375],[-56.932381638005,-25.613123031835]],[[-56.932381638005,-25.613123031835],[-56.932937193544994,-25.613123031835]]]}},{"type":"Feature","properties":{"category":"dem_stream","class":"rill","threshold_label":"tributaries \u2265 200 cells","catchment_km2":0.23,"accumulation_cells":7,"vertex_count":13,"decimated":false,"source":"Copernicus GLO-30 DEM at 180 m, D8 flow accumulation"},"geometry":{"type":"LineString","coordinates":[[-56.926826082605,-25.534234145155],[-56.926826082605,-25.533678589615],[-56.92738163814499,-25.533123034075],[-56.92738163814499,-25.532567478535],[-56.92738163814499,-25.532011922995],[-56.927937193685,-25.531456367455],[-56.927937193685,-25.530900811915],[-56.92849274922499,-25.530345256375],[-56.92849274922499,-25.529789700835],[-56.92849274922499,-25.529234145295],[-56.92849274922499,-25.528678589755],[-56.927937193685,-25.528123034215],[-56.927937193685,-25.527567478675]]}},{"type":"Feature","properties":{"category":"dem_stream","class":"rill","threshold_label":"tributaries \u2265 200 cells","catchment_km2":0.58,"accumulation_cells":18,"vertex_count":11,"decimated":false,"source":"Copernicus GLO-30 DEM at 180 m, D8 flow accumulation"},"geometry":{"type":"LineString","coordinates":[[-56.92293719382499,-25.522567478815],[-56.923492749364996,-25.522011923275],[-56.923492749364996,-25.521456367735],[-56.923492749364996,-25.520900812195],[-56.92404830490499,-25.520345256655],[-56.924603860444996,-25.519789701115],[-56.92404830490499,-25.519234145575002],[-56.924603860444996,-25.518678590035],[-56.92404830490499,-25.518123034495],[-56.923492749364996,-25.517567478955],[-56.923492749364996,-25.517011923415]]}},{"type":"Feature","properties":{"category":"dem_stream","class":"rill","threshold_label":"tributaries \u2265 200 cells","catchment_km2":0.42,"accumulation_cells":13,"vertex_count":15,"decimated":false,"source":"Copernicus GLO-30 DEM at 180 m, D8 flow accumulation"},"geometry":{"type":"LineString","coordinates":[[-56.92182608274499,-25.621456364935],[-56.922381638284996,-25.620900809395],[-56.92293719382499,-25.620345253855],[-56.923492749364996,-25.620900809395],[-56.92404830490499,-25.620900809395],[-56.924603860444996,-25.620345253855],[-56.924603860444996,-25.619789698315],[-56.92515941598499,-25.619234142775],[-56.925714971525,-25.618678587235],[-56.925714971525,-25.618123031695],[-56.92515941598499,-25.617567476155],[-56.924603860444996,-25.617011920615],[-56.924603860444996,-25.616456365075],[-56.92515941598499,-25.615900809535],[-56.925714971525,-25.615345253995]]}},{"type":"Feature","properties":{"category":"dem_stream","class":"creek","threshold_label":"tributaries \u2265 200 cells","catchment_km2":4.47,"accumulation_cells":138,"vertex_count":7,"decimated":false,"source":"Copernicus GLO-30 DEM at 180 m, D8 flow accumulation"},"geometry":{"type":"LineString","coordinates":[[-56.919048305044996,-25.570345255255],[-56.919603860585,-25.569789699715],[-56.920159416124996,-25.569789699715],[-56.92071497166499,-25.569789699715],[-56.921270527204996,-25.569234144175],[-56.92182608274499,-25.568678588635],[-56.922381638284996,-25.568123033095]]}},{"type":"Feature","properties":{"category":"dem_stream","class":"tributary","threshold_label":"tributaries \u2265 200 cells","catchment_km2":8.23,"accumulation_cells":254,"vertex_count":401,"decimated":true,"source":"Copernicus GLO-30 DEM at 180 m, D8 flow accumulation"},"geometry":{"type":"MultiLineString","coordinates":[[[-56.917937193964995,-25.598123032255],[-56.918492749505,-25.597567476715]],[[-56.918492749505,-25.597567476715],[-56.919048305044996,-25.597567476715]]]}},{"type":"Feature","properties":{"category":"dem_stream","class":"rill","threshold_label":"tributaries \u2265 200 cells","catchment_km2":0.39,"accumulation_cells":12,"vertex_count":3,"decimated":false,"source":"Copernicus GLO-30 DEM at 180 m, D8 flow accumulation"},"geometry":{"type":"LineString","coordinates":[[-56.916270527345,-25.507011923695],[-56.916826082884995,-25.506456368155],[-56.917381638425,-25.507011923695]]}},{"type":"Feature","properties":{"category":"dem_stream","class":"tributary","threshold_label":"tributaries \u2265 200 cells","catchment_km2":14.52,"accumulation_cells":448,"vertex_count":401,"decimated":true,"source":"Copernicus GLO-30 DEM at 180 m, D8 flow accumulation"},"geometry":{"type":"LineString","coordinates":[[-56.916270527345,-25.589234143615],[-56.917937193964995,-25.592011921315],[-56.917937193964995,-25.592567476855]]}},{"type":"Feature","properties":{"category":"dem_stream","class":"tributary","threshold_label":"tributaries \u2265 200 cells","catchment_km2":11.15,"accumulation_cells":344,"vertex_count":401,"decimated":true,"source":"Copernicus GLO-30 DEM at 180 m, D8 flow accumulation"},"geometry":{"type":"MultiLineString","coordinates":[[[-56.912937194105,-25.734234139555],[-56.913492749644995,-25.731456361855]],[[-56.913492749644995,-25.731456361855],[-56.913492749644995,-25.730900806315]]]}},{"type":"Feature","properties":{"category":"dem_stream","class":"tributary","threshold_label":"tributaries \u2265 200 cells","catchment_km2":9.01,"accumulation_cells":278,"vertex_count":401,"decimated":true,"source":"Copernicus GLO-30 DEM at 180 m, D8 flow accumulation"},"geometry":{"type":"MultiLineString","coordinates":[[[-56.907381638705,-25.648123030855],[-56.907381638705,-25.646456364235]],[[-56.907381638705,-25.646456364235],[-56.907937194244994,-25.646456364235]]]}},{"type":"Feature","properties":{"category":"dem_stream","class":"rill","threshold_label":"tributaries \u2265 200 cells","catchment_km2":0.19,"accumulation_cells":6,"vertex_count":4,"decimated":false,"source":"Copernicus GLO-30 DEM at 180 m, D8 flow accumulation"},"geometry":{"type":"LineString","coordinates":[[-56.906826083164994,-25.662567474895],[-56.906826083164994,-25.662011919355],[-56.906826083164994,-25.661456363815],[-56.906826083164994,-25.660900808275]]}},{"type":"Feature","properties":{"category":"dem_stream","class":"main","threshold_label":"tributaries \u2265 200 cells","catchment_km2":25.27,"accumulation_cells":780,"vertex_count":401,"decimated":true,"source":"Copernicus GLO-30 DEM at 180 m, D8 flow accumulation"},"geometry":{"type":"LineString","coordinates":[[-56.906270527625,-25.657011919495],[-56.906826083164994,-25.656456363955]]}},{"type":"Feature","properties":{"category":"dem_stream","class":"tributary","threshold_label":"tributaries \u2265 200 cells","catchment_km2":11.11,"accumulation_cells":343,"vertex_count":401,"decimated":true,"source":"Copernicus GLO-30 DEM at 180 m, D8 flow accumulation"},"geometry":{"type":"MultiLineString","coordinates":[[[-56.90127052776499,-25.628678586955],[-56.90349274992499,-25.627567475875]],[[-56.90349274992499,-25.627567475875],[-56.90349274992499,-25.628123031415]]]}},{"type":"Feature","properties":{"category":"dem_stream","class":"tributary","threshold_label":"tributaries \u2265 200 cells","catchment_km2":16.1,"accumulation_cells":497,"vertex_count":401,"decimated":true,"source":"Copernicus GLO-30 DEM at 180 m, D8 flow accumulation"},"geometry":{"type":"MultiLineString","coordinates":[[[-56.899603861144996,-25.762011916555],[-56.899603861144996,-25.761456361015]],[[-56.899603861144996,-25.761456361015],[-56.899603861144996,-25.760900805475]]]}},{"type":"Feature","properties":{"category":"dem_stream","class":"rill","threshold_label":"tributaries \u2265 200 cells","catchment_km2":0.16,"accumulation_cells":5,"vertex_count":5,"decimated":false,"source":"Copernicus GLO-30 DEM at 180 m, D8 flow accumulation"},"geometry":{"type":"LineString","coordinates":[[-56.891270528045,-25.582011921595],[-56.891270528045,-25.581456366055],[-56.890714972504995,-25.580900810515],[-56.891270528045,-25.580345254975],[-56.890714972504995,-25.579789699435]]}},{"type":"Feature","properties":{"category":"dem_stream","class":"tributary","threshold_label":"tributaries \u2265 200 cells","catchment_km2":7.42,"accumulation_cells":229,"vertex_count":401,"decimated":true,"source":"Copernicus GLO-30 DEM at 180 m, D8 flow accumulation"},"geometry":{"type":"MultiLineString","coordinates":[[[-56.87627052846499,-25.588123032535],[-56.875714972924996,-25.587567476995]],[[-56.875714972924996,-25.587567476995],[-56.875714972924996,-25.587011921455]]]}},{"type":"Feature","properties":{"category":"dem_stream","class":"tributary","threshold_label":"tributaries \u2265 200 cells","catchment_km2":10.66,"accumulation_cells":329,"vertex_count":401,"decimated":true,"source":"Copernicus GLO-30 DEM at 180 m, D8 flow accumulation"},"geometry":{"type":"MultiLineString","coordinates":[[[-56.87515941738499,-25.641456364375],[-56.874603861844996,-25.639789697755]],[[-56.874603861844996,-25.639789697755],[-56.874603861844996,-25.640345253295]]]}},{"type":"Feature","properties":{"category":"dem_stream","class":"rill","threshold_label":"tributaries \u2265 200 cells","catchment_km2":0.06,"accumulation_cells":2,"vertex_count":5,"decimated":false,"source":"Copernicus GLO-30 DEM at 180 m, D8 flow accumulation"},"geometry":{"type":"LineString","coordinates":[[-56.87515941738499,-25.729234139695],[-56.874603861844996,-25.729234139695],[-56.874048306305,-25.729234139695],[-56.873492750764996,-25.728678584155],[-56.872937195225,-25.728678584155]]}},{"type":"Feature","properties":{"category":"dem_stream","class":"tributary","threshold_label":"headwaters \u2265 80 cells","catchment_km2":5.83,"accumulation_cells":180,"vertex_count":401,"decimated":true,"source":"Copernicus GLO-30 DEM at 180 m, D8 flow accumulation"},"geometry":{"type":"LineString","coordinates":[[-57.231270518524994,-25.604789698735],[-57.231270518524994,-25.605900809815]]}},{"type":"Feature","properties":{"category":"dem_stream","class":"tributary","threshold_label":"headwaters \u2265 80 cells","catchment_km2":8.39,"accumulation_cells":259,"vertex_count":401,"decimated":true,"source":"Copernicus GLO-30 DEM at 180 m, D8 flow accumulation"},"geometry":{"type":"MultiLineString","coordinates":[[[-57.231270518524994,-25.616456365075],[-57.231270518524994,-25.614789698455]],[[-57.231270518524994,-25.614789698455],[-57.231270518524994,-25.614234142915]]]}},{"type":"Feature","properties":{"category":"dem_stream","class":"tributary","threshold_label":"headwaters \u2265 80 cells","catchment_km2":11.08,"accumulation_cells":342,"vertex_count":401,"decimated":true,"source":"Copernicus GLO-30 DEM at 180 m, D8 flow accumulation"},"geometry":{"type":"LineString","coordinates":[[-57.231270518524994,-25.649789697475],[-57.231270518524994,-25.652567475175],[-57.231270518524994,-25.653678586255]]}},{"type":"Feature","properties":{"category":"dem_stream","class":"creek","threshold_label":"headwaters \u2265 80 cells","catchment_km2":3.5,"accumulation_cells":108,"vertex_count":401,"decimated":true,"source":"Copernicus GLO-30 DEM at 180 m, D8 flow accumulation"},"geometry":{"type":"LineString","coordinates":[[-57.231270518524994,-25.688678585275],[-57.231270518524994,-25.689234140815]]}},{"type":"Feature","properties":{"category":"dem_stream","class":"tributary","threshold_label":"headwaters \u2265 80 cells","catchment_km2":17.66,"accumulation_cells":545,"vertex_count":401,"decimated":true,"source":"Copernicus GLO-30 DEM at 180 m, D8 flow accumulation"},"geometry":{"type":"MultiLineString","coordinates":[[[-57.231270518524994,-25.705900807015],[-57.231270518524994,-25.708678584715]],[[-57.231270518524994,-25.708678584715],[-57.231270518524994,-25.709234140255]]]}},{"type":"Feature","properties":{"category":"dem_stream","class":"tributary","threshold_label":"headwaters \u2265 80 cells","catchment_km2":11.21,"accumulation_cells":346,"vertex_count":401,"decimated":true,"source":"Copernicus GLO-30 DEM at 180 m, D8 flow accumulation"},"geometry":{"type":"LineString","coordinates":[[-57.231270518524994,-25.735900806175],[-57.231270518524994,-25.738678583875]]}},{"type":"Feature","properties":{"category":"dem_stream","class":"rill","threshold_label":"headwaters \u2265 80 cells","catchment_km2":0.19,"accumulation_cells":6,"vertex_count":5,"decimated":false,"source":"Copernicus GLO-30 DEM at 180 m, D8 flow accumulation"},"geometry":{"type":"LineString","coordinates":[[-57.230159407444994,-25.627567475875],[-57.230714962985,-25.628123031415],[-57.231270518524994,-25.628123031415],[-57.231270518524994,-25.628678586955],[-57.231270518524994,-25.629234142495]]}},{"type":"Feature","properties":{"category":"dem_stream","class":"creek","threshold_label":"headwaters \u2265 80 cells","catchment_km2":4.11,"accumulation_cells":127,"vertex_count":401,"decimated":true,"source":"Copernicus GLO-30 DEM at 180 m, D8 flow accumulation"},"geometry":{"type":"MultiLineString","coordinates":[[[-57.229603851905,-25.497011923975],[-57.231270518524994,-25.495345257355]],[[-57.231270518524994,-25.495345257355],[-57.231270518524994,-25.495900812895]]]}},{"type":"Feature","properties":{"category":"dem_stream","class":"creek","threshold_label":"headwaters \u2265 80 cells","catchment_km2":1.36,"accumulation_cells":42,"vertex_count":3,"decimated":false,"source":"Copernicus GLO-30 DEM at 180 m, D8 flow accumulation"},"geometry":{"type":"LineString","coordinates":[[-57.229048296364994,-25.567011922015],[-57.229603851905,-25.567567477555],[-57.230159407444994,-25.567567477555]]}},{"type":"Feature","properties":{"category":"dem_stream","class":"rill","threshold_label":"headwaters \u2265 80 cells","catchment_km2":0.87,"accumulation_cells":27,"vertex_count":6,"decimated":false,"source":"Copernicus GLO-30 DEM at 180 m, D8 flow accumulation"},"geometry":{"type":"LineString","coordinates":[[-57.228492740825,-25.764234138715],[-57.228492740825,-25.764789694255],[-57.228492740825,-25.765345249795],[-57.229048296364994,-25.765900805335],[-57.229048296364994,-25.766456360875],[-57.229603851905,-25.767011916415]]}},{"type":"Feature","properties":{"category":"dem_stream","class":"tributary","threshold_label":"headwaters \u2265 80 cells","catchment_km2":15.81,"accumulation_cells":488,"vertex_count":401,"decimated":true,"source":"Copernicus GLO-30 DEM at 180 m, D8 flow accumulation"},"geometry":{"type":"MultiLineString","coordinates":[[[-57.22793718528499,-25.605900809815],[-57.229603851905,-25.608123031975],[-57.229603851905,-25.609789698595]],[[-57.229603851905,-25.609789698595],[-57.229603851905,-25.610345254135]]]}},{"type":"Feature","properties":{"category":"dem_stream","class":"creek","threshold_label":"headwaters \u2265 80 cells","catchment_km2":4.08,"accumulation_cells":126,"vertex_count":6,"decimated":false,"source":"Copernicus GLO-30 DEM at 180 m, D8 flow accumulation"},"geometry":{"type":"LineString","coordinates":[[-57.22793718528499,-25.704789695935],[-57.228492740825,-25.705345251475],[-57.229048296364994,-25.705900807015],[-57.229603851905,-25.706456362555],[-57.230159407444994,-25.707011918095],[-57.230714962985,-25.707567473635]]}},{"type":"Feature","properties":{"category":"dem_stream","class":"tributary","threshold_label":"headwaters \u2265 80 cells","catchment_km2":9.1,"accumulation_cells":281,"vertex_count":401,"decimated":true,"source":"Copernicus GLO-30 DEM at 180 m, D8 flow accumulation"},"geometry":{"type":"MultiLineString","coordinates":[[[-57.227381629745,-25.539789700555],[-57.22793718528499,-25.542567478255002],[-57.229603851905,-25.545345255955]],[[-57.229603851905,-25.545345255955],[-57.229048296364994,-25.544789700415]]]}},{"type":"Feature","properties":{"category":"dem_stream","class":"rill","threshold_label":"headwaters \u2265 80 cells","catchment_km2":0.06,"accumulation_cells":2,"vertex_count":6,"decimated":true,"source":"Copernicus GLO-30 DEM at 180 m, D8 flow accumulation"},"geometry":{"type":"LineString","coordinates":[[-57.22682607420499,-25.476456368995],[-57.22571496312499,-25.473678591295],[-57.22349274096499,-25.470900813595],[-57.221826074344996,-25.468123035895],[-57.220714963264996,-25.465345258195],[-57.220714963264996,-25.463678591575]]}},{"type":"Feature","properties":{"category":"dem_stream","class":"tributary","threshold_label":"headwaters \u2265 80 cells","catchment_km2":16.56,"accumulation_cells":511,"vertex_count":401,"decimated":true,"source":"Copernicus GLO-30 DEM at 180 m, D8 flow accumulation"},"geometry":{"type":"LineString","coordinates":[[-57.22682607420499,-25.518678590035],[-57.229603851905,-25.518123034495],[-57.230714962985,-25.517567478955]]}},{"type":"Feature","properties":{"category":"dem_stream","class":"tributary","threshold_label":"headwaters \u2265 80 cells","catchment_km2":12.8,"accumulation_cells":395,"vertex_count":401,"decimated":true,"source":"Copernicus GLO-30 DEM at 180 m, D8 flow accumulation"},"geometry":{"type":"LineString","coordinates":[[-57.22682607420499,-25.587567476995],[-57.22682607420499,-25.584789699295],[-57.229048296364994,-25.582011921595],[-57.229603851905,-25.581456366055]]}},{"type":"Feature","properties":{"category":"dem_stream","class":"tributary","threshold_label":"headwaters \u2265 80 cells","catchment_km2":7.42,"accumulation_cells":229,"vertex_count":401,"decimated":true,"source":"Copernicus GLO-30 DEM at 180 m, D8 flow accumulation"},"geometry":{"type":"MultiLineString","coordinates":[[[-57.22682607420499,-25.714789695655],[-57.227381629745,-25.714789695655]],[[-57.227381629745,-25.714789695655],[-57.22793718528499,-25.715345251195]]]}},{"type":"Feature","properties":{"category":"dem_stream","class":"tributary","threshold_label":"headwaters \u2265 80 cells","catchment_km2":5.57,"accumulation_cells":172,"vertex_count":401,"decimated":true,"source":"Copernicus GLO-30 DEM at 180 m, D8 flow accumulation"},"geometry":{"type":"MultiLineString","coordinates":[[[-57.22682607420499,-25.738678583875],[-57.229603851905,-25.740900806035],[-57.231270518524994,-25.741456361575]],[[-57.231270518524994,-25.741456361575],[-57.231270518524994,-25.742011917115]]]}},{"type":"Feature","properties":{"category":"dem_stream","class":"rill","threshold_label":"headwaters \u2265 80 cells","catchment_km2":0.49,"accumulation_cells":15,"vertex_count":3,"decimated":false,"source":"Copernicus GLO-30 DEM at 180 m, D8 flow accumulation"},"geometry":{"type":"LineString","coordinates":[[-57.226270518665,-25.447011925375],[-57.22682607420499,-25.446456369835],[-57.22682607420499,-25.445900814295]]}},{"type":"Feature","properties":{"category":"dem_stream","class":"rill","threshold_label":"headwaters \u2265 80 cells","catchment_km2":0.81,"accumulation_cells":25,"vertex_count":3,"decimated":false,"source":"Copernicus GLO-30 DEM at 180 m, D8 flow accumulation"},"geometry":{"type":"LineString","coordinates":[[-57.226270518665,-25.567011922015],[-57.22682607420499,-25.567011922015],[-57.227381629745,-25.567011922015]]}},{"type":"Feature","properties":{"category":"dem_stream","class":"tributary","threshold_label":"headwaters \u2265 80 cells","catchment_km2":6.74,"accumulation_cells":208,"vertex_count":401,"decimated":true,"source":"Copernicus GLO-30 DEM at 180 m, D8 flow accumulation"},"geometry":{"type":"MultiLineString","coordinates":[[[-57.226270518665,-25.658123030575],[-57.226270518665,-25.657011919495]],[[-57.226270518665,-25.657011919495],[-57.22571496312499,-25.657011919495]]]}},{"type":"Feature","properties":{"category":"dem_stream","class":"tributary","threshold_label":"headwaters \u2265 80 cells","catchment_km2":8.46,"accumulation_cells":261,"vertex_count":401,"decimated":true,"source":"Copernicus GLO-30 DEM at 180 m, D8 flow accumulation"},"geometry":{"type":"MultiLineString","coordinates":[[[-57.22571496312499,-25.554234144595],[-57.228492740825,-25.553678589055],[-57.231270518524994,-25.554234144595]],[[-57.231270518524994,-25.554234144595],[-57.230714962985,-25.553678589055]]]}},{"type":"Feature","properties":{"category":"dem_stream","class":"rill","threshold_label":"headwaters \u2265 80 cells","catchment_km2":0.39,"accumulation_cells":12,"vertex_count":9,"decimated":false,"source":"Copernicus GLO-30 DEM at 180 m, D8 flow accumulation"},"geometry":{"type":"LineString","coordinates":[[-57.225159407585,-25.489789701955],[-57.225159407585,-25.489234146415],[-57.225159407585,-25.488678590875],[-57.22571496312499,-25.488123035335],[-57.22571496312499,-25.487567479795],[-57.226270518665,-25.487011924255],[-57.226270518665,-25.486456368715],[-57.22682607420499,-25.485900813175],[-57.22682607420499,-25.485345257635]]}},{"type":"Feature","properties":{"category":"dem_stream","class":"creek","threshold_label":"headwaters \u2265 80 cells","catchment_km2":4.99,"accumulation_cells":154,"vertex_count":401,"decimated":true,"source":"Copernicus GLO-30 DEM at 180 m, D8 flow accumulation"},"geometry":{"type":"MultiLineString","coordinates":[[[-57.225159407585,-25.580345254975],[-57.22793718528499,-25.580900810515]],[[-57.22793718528499,-25.580900810515],[-57.228492740825,-25.580900810515]]]}},{"type":"Feature","properties":{"category":"dem_stream","class":"tributary","threshold_label":"headwaters \u2265 80 cells","catchment_km2":8.49,"accumulation_cells":262,"vertex_count":14,"decimated":false,"source":"Copernicus GLO-30 DEM at 180 m, D8 flow accumulation"},"geometry":{"type":"LineString","coordinates":[[-57.22460385204499,-25.598678587795],[-57.225159407585,-25.599234143335],[-57.225159407585,-25.599789698875],[-57.22571496312499,-25.600345254415],[-57.226270518665,-25.600900809955],[-57.22682607420499,-25.601456365495],[-57.227381629745,-25.602011921035],[-57.227381629745,-25.602567476575],[-57.22793718528499,-25.603123032115],[-57.22793718528499,-25.603678587655],[-57.22793718528499,-25.604234143195],[-57.228492740825,-25.604789698735],[-57.228492740825,-25.605345254275],[-57.228492740825,-25.605900809815]]}},{"type":"Feature","properties":{"category":"dem_stream","class":"rill","threshold_label":"headwaters \u2265 80 cells","catchment_km2":0.13,"accumulation_cells":4,"vertex_count":5,"decimated":false,"source":"Copernicus GLO-30 DEM at 180 m, D8 flow accumulation"},"geometry":{"type":"LineString","coordinates":[[-57.224048296504996,-25.453123036315],[-57.22349274096499,-25.452567480775],[-57.222937185424996,-25.452567480775],[-57.22238162988499,-25.452011925235],[-57.22238162988499,-25.451456369695]]}},{"type":"Feature","properties":{"category":"dem_stream","class":"rill","threshold_label":"headwaters \u2265 80 cells","catchment_km2":0.1,"accumulation_cells":3,"vertex_count":4,"decimated":false,"source":"Copernicus GLO-30 DEM at 180 m, D8 flow accumulation"},"geometry":{"type":"LineString","coordinates":[[-57.224048296504996,-25.532011922995],[-57.22460385204499,-25.532567478535],[-57.22460385204499,-25.533123034075],[-57.225159407585,-25.533678589615]]}},{"type":"Feature","properties":{"category":"dem_stream","class":"creek","threshold_label":"headwaters \u2265 80 cells","catchment_km2":2.4,"accumulation_cells":74,"vertex_count":3,"decimated":false,"source":"Copernicus GLO-30 DEM at 180 m, D8 flow accumulation"},"geometry":{"type":"LineString","coordinates":[[-57.224048296504996,-25.662567474895],[-57.224048296504996,-25.662011919355],[-57.22460385204499,-25.661456363815]]}},{"type":"Feature","properties":{"category":"dem_stream","class":"tributary","threshold_label":"headwaters \u2265 80 cells","catchment_km2":5.22,"accumulation_cells":161,"vertex_count":401,"decimated":true,"source":"Copernicus GLO-30 DEM at 180 m, D8 flow accumulation"},"geometry":{"type":"MultiLineString","coordinates":[[[-57.224048296504996,-25.722567473215],[-57.22460385204499,-25.719789695515]],[[-57.22460385204499,-25.719789695515],[-57.224048296504996,-25.719789695515]]]}},{"type":"Feature","properties":{"category":"dem_stream","class":"rill","threshold_label":"headwaters \u2265 80 cells","catchment_km2":0.13,"accumulation_cells":4,"vertex_count":5,"decimated":false,"source":"Copernicus GLO-30 DEM at 180 m, D8 flow accumulation"},"geometry":{"type":"LineString","coordinates":[[-57.22349274096499,-25.458123036175],[-57.22349274096499,-25.457567480635],[-57.224048296504996,-25.457011925095],[-57.22349274096499,-25.456456369555],[-57.22349274096499,-25.455900814015]]}},{"type":"Feature","properties":{"category":"dem_stream","class":"tributary","threshold_label":"headwaters \u2265 80 cells","catchment_km2":5.18,"accumulation_cells":160,"vertex_count":5,"decimated":false,"source":"Copernicus GLO-30 DEM at 180 m, D8 flow accumulation"},"geometry":{"type":"LineString","coordinates":[[-57.22349274096499,-25.587011921455],[-57.224048296504996,-25.586456365915],[-57.22460385204499,-25.586456365915],[-57.225159407585,-25.585900810375],[-57.22571496312499,-25.585900810375]]}},{"type":"Feature","properties":{"category":"dem_stream","class":"tributary","threshold_label":"headwaters \u2265 80 cells","catchment_km2":7.78,"accumulation_cells":240,"vertex_count":401,"decimated":true,"source":"Copernicus GLO-30 DEM at 180 m, D8 flow accumulation"},"geometry":{"type":"MultiLineString","coordinates":[[[-57.22349274096499,-25.639789697755],[-57.22460385204499,-25.642567475455],[-57.22460385204499,-25.643123030995]],[[-57.22460385204499,-25.643123030995],[-57.22460385204499,-25.643678586535]]]}},{"type":"Feature","properties":{"category":"dem_stream","class":"tributary","threshold_label":"headwaters \u2265 80 cells","catchment_km2":11.99,"accumulation_cells":370,"vertex_count":401,"decimated":true,"source":"Copernicus GLO-30 DEM at 180 m, D8 flow accumulation"},"geometry":{"type":"MultiLineString","coordinates":[[[-57.22349274096499,-25.687011918655],[-57.225159407585,-25.688678585275],[-57.22793718528499,-25.690345251895],[-57.230714962985,-25.690900807435]],[[-57.230714962985,-25.690900807435],[-57.231270518524994,-25.690900807435]]]}},{"type":"Feature","properties":{"category":"dem_stream","class":"tributary","threshold_label":"headwaters \u2265 80 cells","catchment_km2":7.29,"accumulation_cells":225,"vertex_count":401,"decimated":true,"source":"Copernicus GLO-30 DEM at 180 m, D8 flow accumulation"},"geometry":{"type":"MultiLineString","coordinates":[[[-57.222937185424996,-25.542567478255002],[-57.22571496312499,-25.542567478255002],[-57.226270518665,-25.543123033795]],[[-57.226270518665,-25.543123033795],[-57.22682607420499,-25.543123033795]]]}},{"type":"Feature","properties":{"category":"dem_stream","class":"rill","threshold_label":"headwaters \u2265 80 cells","catchment_km2":0.06,"accumulation_cells":2,"vertex_count":15,"decimated":false,"source":"Copernicus GLO-30 DEM at 180 m, D8 flow accumulation"},"geometry":{"type":"LineString","coordinates":[[-57.22238162988499,-25.439789703355],[-57.221826074344996,-25.439234147815],[-57.221826074344996,-25.438678592275],[-57.221826074344996,-25.438123036735],[-57.221826074344996,-25.437567481195],[-57.221826074344996,-25.437011925655],[-57.221826074344996,-25.436456370115],[-57.221826074344996,-25.435900814575],[-57.22127051880499,-25.435345259035],[-57.220714963264996,-25.434789703495],[-57.220714963264996,-25.434234147955],[-57.220714963264996,-25.433678592415],[-57.22015940772499,-25.433678592415],[-57.22015940772499,-25.433123036875],[-57.22015940772499,-25.432567481335]]}},{"type":"Feature","properties":{"category":"dem_stream","class":"tributary","threshold_label":"headwaters \u2265 80 cells","catchment_km2":8.42,"accumulation_cells":260,"vertex_count":12,"decimated":false,"source":"Copernicus GLO-30 DEM at 180 m, D8 flow accumulation"},"geometry":{"type":"LineString","coordinates":[[-57.22238162988499,-25.512011923555],[-57.22238162988499,-25.512567479095],[-57.22238162988499,-25.513123034635],[-57.22238162988499,-25.513678590175],[-57.222937185424996,-25.514234145715],[-57.22349274096499,-25.514789701255],[-57.224048296504996,-25.515345256795],[-57.22460385204499,-25.515900812335],[-57.225159407585,-25.516456367875],[-57.22571496312499,-25.517011923415],[-57.226270518665,-25.517567478955],[-57.22682607420499,-25.518123034495]]}},{"type":"Feature","properties":{"category":"dem_stream","class":"tributary","threshold_label":"headwaters \u2265 80 cells","catchment_km2":10.66,"accumulation_cells":329,"vertex_count":401,"decimated":true,"source":"Copernicus GLO-30 DEM at 180 m, D8 flow accumulation"},"geometry":{"type":"MultiLineString","coordinates":[[[-57.22238162988499,-25.565345255395002],[-57.22349274096499,-25.566456366475]],[[-57.22349274096499,-25.566456366475],[-57.22349274096499,-25.565900810935]]]}},{"type":"Feature","properties":{"category":"dem_stream","class":"tributary","threshold_label":"headwaters \u2265 80 cells","catchment_km2":6.19,"accumulation_cells":191,"vertex_count":401,"decimated":true,"source":"Copernicus GLO-30 DEM at 180 m, D8 flow accumulation"},"geometry":{"type":"MultiLineString","coordinates":[[[-57.221826074344996,-25.688123029735],[-57.22238162988499,-25.688123029735]],[[-57.22238162988499,-25.688123029735],[-57.22238162988499,-25.687567474195]]]}},{"type":"Feature","properties":{"category":"dem_stream","class":"rill","threshold_label":"headwaters \u2265 80 cells","catchment_km2":0.13,"accumulation_cells":4,"vertex_count":13,"decimated":false,"source":"Copernicus GLO-30 DEM at 180 m, D8 flow accumulation"},"geometry":{"type":"LineString","coordinates":[[-57.22127051880499,-25.457567480635],[-57.22127051880499,-25.457011925095],[-57.22127051880499,-25.456456369555],[-57.220714963264996,-25.455900814015],[-57.220714963264996,-25.455345258475],[-57.22015940772499,-25.454789702935],[-57.219603852184996,-25.454234147395],[-57.219603852184996,-25.453678591855],[-57.219048296645,-25.453123036315],[-57.219048296645,-25.452567480775],[-57.219048296645,-25.452011925235],[-57.219048296645,-25.451456369695],[-57.219048296645,-25.450900814155]]}},{"type":"Feature","properties":{"category":"dem_stream","class":"rill","threshold_label":"headwaters \u2265 80 cells","catchment_km2":0.1,"accumulation_cells":3,"vertex_count":3,"decimated":false,"source":"Copernicus GLO-30 DEM at 180 m, D8 flow accumulation"},"geometry":{"type":"LineString","coordinates":[[-57.22127051880499,-25.482011924395],[-57.220714963264996,-25.481456368855],[-57.22015940772499,-25.480900813315]]}},{"type":"Feature","properties":{"category":"dem_stream","class":"tributary","threshold_label":"headwaters \u2265 80 cells","catchment_km2":6.32,"accumulation_cells":195,"vertex_count":4,"decimated":false,"source":"Copernicus GLO-30 DEM at 180 m, D8 flow accumulation"},"geometry":{"type":"LineString","coordinates":[[-57.220714963264996,-25.567567477555],[-57.22127051880499,-25.567011922015],[-57.221826074344996,-25.566456366475],[-57.22238162988499,-25.565900810935]]}},{"type":"Feature","properties":{"category":"dem_stream","class":"rill","threshold_label":"headwaters \u2265 80 cells","catchment_km2":0.06,"accumulation_cells":2,"vertex_count":3,"decimated":false,"source":"Copernicus GLO-30 DEM at 180 m, D8 flow accumulation"},"geometry":{"type":"LineString","coordinates":[[-57.220714963264996,-25.686456363115],[-57.22127051880499,-25.687011918655],[-57.221826074344996,-25.687011918655]]}},{"type":"Feature","properties":{"category":"dem_stream","class":"rill","threshold_label":"headwaters \u2265 80 cells","catchment_km2":0.39,"accumulation_cells":12,"vertex_count":5,"decimated":false,"source":"Copernicus GLO-30 DEM at 180 m, D8 flow accumulation"},"geometry":{"type":"LineString","coordinates":[[-57.22015940772499,-25.488678590875],[-57.22015940772499,-25.488123035335],[-57.220714963264996,-25.487567479795],[-57.22127051880499,-25.487011924255],[-57.22127051880499,-25.486456368715]]}},{"type":"Feature","properties":{"category":"dem_stream","class":"rill","threshold_label":"headwaters \u2265 80 cells","catchment_km2":0.94,"accumulation_cells":29,"vertex_count":6,"decimated":false,"source":"Copernicus GLO-30 DEM at 180 m, D8 flow accumulation"},"geometry":{"type":"LineString","coordinates":[[-57.22015940772499,-25.552011922435],[-57.220714963264996,-25.552567477975],[-57.22127051880499,-25.552567477975],[-57.221826074344996,-25.553123033515],[-57.22238162988499,-25.552567477975],[-57.222937185424996,-25.552567477975]]}},{"type":"Feature","properties":{"category":"dem_stream","class":"rill","threshold_label":"headwaters \u2265 80 cells","catchment_km2":0.1,"accumulation_cells":3,"vertex_count":10,"decimated":false,"source":"Copernicus GLO-30 DEM at 180 m, D8 flow accumulation"},"geometry":{"type":"LineString","coordinates":[[-57.219603852184996,-25.470345258055],[-57.219603852184996,-25.469789702515],[-57.22015940772499,-25.469234146975],[-57.22015940772499,-25.468678591435],[-57.22015940772499,-25.468123035895],[-57.22015940772499,-25.467567480355],[-57.219603852184996,-25.467011924815],[-57.219603852184996,-25.466456369275],[-57.219603852184996,-25.465900813735],[-57.219603852184996,-25.465345258195]]}},{"type":"Feature","properties":{"category":"dem_stream","class":"creek","threshold_label":"headwaters \u2265 80 cells","catchment_km2":1.04,"accumulation_cells":32,"vertex_count":7,"decimated":false,"source":"Copernicus GLO-30 DEM at 180 m, D8 flow accumulation"},"geometry":{"type":"LineString","coordinates":[[-57.219603852184996,-25.668123030295],[-57.22015940772499,-25.667567474755],[-57.22015940772499,-25.667011919215],[-57.220714963264996,-25.666456363675],[-57.22127051880499,-25.665900808135],[-57.221826074344996,-25.665345252595],[-57.22238162988499,-25.664789697055]]}},{"type":"Feature","properties":{"category":"dem_stream","class":"tributary","threshold_label":"headwaters \u2265 80 cells","catchment_km2":6.29,"accumulation_cells":194,"vertex_count":401,"decimated":true,"source":"Copernicus GLO-30 DEM at 180 m, D8 flow accumulation"},"geometry":{"type":"LineString","coordinates":[[-57.219603852184996,-25.774789693975],[-57.22015940772499,-25.777567471675]]}},{"type":"Feature","properties":{"category":"dem_stream","class":"rill","threshold_label":"headwaters \u2265 80 cells","catchment_km2":0.06,"accumulation_cells":2,"vertex_count":7,"decimated":false,"source":"Copernicus GLO-30 DEM at 180 m, D8 flow accumulation"},"geometry":{"type":"LineString","coordinates":[[-57.219048296645,-25.433678592415],[-57.219603852184996,-25.433123036875],[-57.219603852184996,-25.432567481335],[-57.219603852184996,-25.432011925795],[-57.22015940772499,-25.432011925795],[-57.219603852184996,-25.431456370255],[-57.219603852184996,-25.430900814715]]}},{"type":"Feature","properties":{"category":"dem_stream","class":"rill","threshold_label":"headwaters \u2265 80 cells","catchment_km2":0.52,"accumulation_cells":16,"vertex_count":5,"decimated":false,"source":"Copernicus GLO-30 DEM at 180 m, D8 flow accumulation"},"geometry":{"type":"LineString","coordinates":[[-57.218492741104996,-25.720900806595],[-57.219048296645,-25.720345251055],[-57.219048296645,-25.719789695515],[-57.219603852184996,-25.720345251055],[-57.22015940772499,-25.720345251055]]}},{"type":"Feature","properties":{"category":"dem_stream","class":"tributary","threshold_label":"headwaters \u2265 80 cells","catchment_km2":18.24,"accumulation_cells":563,"vertex_count":401,"decimated":true,"source":"Copernicus GLO-30 DEM at 180 m, D8 flow accumulation"},"geometry":{"type":"MultiLineString","coordinates":[[[-57.217381630024995,-25.643678586535],[-57.219603852184996,-25.646456364235],[-57.22015940772499,-25.649234141935],[-57.221826074344996,-25.652011919635],[-57.222937185424996,-25.653678586255]],[[-57.222937185424996,-25.653678586255],[-57.22238162988499,-25.653123030715]]]}},{"type":"Feature","properties":{"category":"dem_stream","class":"tributary","threshold_label":"headwaters \u2265 80 cells","catchment_km2":6.29,"accumulation_cells":194,"vertex_count":401,"decimated":true,"source":"Copernicus GLO-30 DEM at 180 m, D8 flow accumulation"},"geometry":{"type":"LineString","coordinates":[[-57.217381630024995,-25.673123030155],[-57.216826074485,-25.670345252455],[-57.217381630024995,-25.669789696915]]}},{"type":"Feature","properties":{"category":"dem_stream","class":"creek","threshold_label":"headwaters \u2265 80 cells","catchment_km2":1.07,"accumulation_cells":33,"vertex_count":13,"decimated":false,"source":"Copernicus GLO-30 DEM at 180 m, D8 flow accumulation"},"geometry":{"type":"LineString","coordinates":[[-57.216826074485,-25.577567477275],[-57.217381630024995,-25.577567477275],[-57.217937185565,-25.577567477275],[-57.218492741104996,-25.577567477275],[-57.219048296645,-25.578123032815],[-57.219603852184996,-25.578123032815],[-57.22015940772499,-25.578678588355],[-57.220714963264996,-25.578678588355],[-57.22127051880499,-25.578678588355],[-57.221826074344996,-25.579234143895],[-57.22238162988499,-25.579234143895],[-57.222937185424996,-25.579234143895],[-57.22349274096499,-25.579234143895]]}},{"type":"Feature","properties":{"category":"dem_stream","class":"creek","threshold_label":"headwaters \u2265 80 cells","catchment_km2":4.31,"accumulation_cells":133,"vertex_count":7,"decimated":false,"source":"Copernicus GLO-30 DEM at 180 m, D8 flow accumulation"},"geometry":{"type":"LineString","coordinates":[[-57.216270518944995,-25.647567475315],[-57.216826074485,-25.648123030855],[-57.217381630024995,-25.648123030855],[-57.217937185565,-25.648678586395],[-57.218492741104996,-25.648678586395],[-57.219048296645,-25.648678586395],[-57.219603852184996,-25.648678586395]]}},{"type":"Feature","properties":{"category":"dem_stream","class":"tributary","threshold_label":"headwaters \u2265 80 cells","catchment_km2":6.38,"accumulation_cells":197,"vertex_count":10,"decimated":false,"source":"Copernicus GLO-30 DEM at 180 m, D8 flow accumulation"},"geometry":{"type":"LineString","coordinates":[[-57.216270518944995,-25.652567475175],[-57.216826074485,-25.652567475175],[-57.217381630024995,-25.652567475175],[-57.217937185565,-25.653123030715],[-57.218492741104996,-25.653678586255],[-57.219048296645,-25.653678586255],[-57.219603852184996,-25.653678586255],[-57.22015940772499,-25.653123030715],[-57.220714963264996,-25.652567475175],[-57.22127051880499,-25.652011919635]]}},{"type":"Feature","properties":{"category":"dem_stream","class":"rill","threshold_label":"headwaters \u2265 80 cells","catchment_km2":0.36,"accumulation_cells":11,"vertex_count":8,"decimated":true,"source":"Copernicus GLO-30 DEM at 180 m, D8 flow accumulation"},"geometry":{"type":"LineString","coordinates":[[-57.215714963405,-25.462011924955],[-57.213492741245,-25.459234147255],[-57.211270519085,-25.457011925095],[-57.208492741384994,-25.454789702935],[-57.206270519224994,-25.453678591855],[-57.203492741525,-25.451456369695],[-57.202381630445,-25.448678591995],[-57.20404829706499,-25.445900814295]]}},{"type":"Feature","properties":{"category":"dem_stream","class":"rill","threshold_label":"headwaters \u2265 80 cells","catchment_km2":0.06,"accumulation_cells":2,"vertex_count":16,"decimated":false,"source":"Copernicus GLO-30 DEM at 180 m, D8 flow accumulation"},"geometry":{"type":"LineString","coordinates":[[-57.215714963405,-25.482011924395],[-57.215714963405,-25.481456368855],[-57.215714963405,-25.480900813315],[-57.216270518944995,-25.480345257775],[-57.216270518944995,-25.479789702235],[-57.216826074485,-25.479234146695],[-57.217381630024995,-25.478678591155],[-57.217937185565,-25.478123035615],[-57.217937185565,-25.477567480075],[-57.217937185565,-25.477011924535],[-57.218492741104996,-25.476456368995],[-57.218492741104996,-25.475900813455],[-57.218492741104996,-25.475345257915],[-57.218492741104996,-25.474789702375],[-57.218492741104996,-25.474234146835],[-57.218492741104996,-25.473678591295]]}},{"type":"Feature","properties":{"category":"dem_stream","class":"creek","threshold_label":"headwaters \u2265 80 cells","catchment_km2":2.98,"accumulation_cells":92,"vertex_count":3,"decimated":false,"source":"Copernicus GLO-30 DEM at 180 m, D8 flow accumulation"},"geometry":{"type":"LineString","coordinates":[[-57.215714963405,-25.673678585695],[-57.216270518944995,-25.673123030155],[-57.216270518944995,-25.672567474615]]}},{"type":"Feature","properties":{"category":"dem_stream","class":"rill","threshold_label":"headwaters \u2265 80 cells","catchment_km2":0.55,"accumulation_cells":17,"vertex_count":8,"decimated":true,"source":"Copernicus GLO-30 DEM at 180 m, D8 flow accumulation"},"geometry":{"type":"LineString","coordinates":[[-57.215159407864995,-25.469234146975],[-57.214048296784995,-25.466456369275],[-57.212937185704995,-25.463678591575],[-57.210159408005,-25.461456369415],[-57.207381630304994,-25.460900813875],[-57.204603852605,-25.460900813875],[-57.202381630445,-25.458123036175],[-57.202381630445,-25.455900814015]]}},{"type":"Feature","properties":{"category":"dem_stream","class":"rill","threshold_label":"headwaters \u2265 80 cells","catchment_km2":0.16,"accumulation_cells":5,"vertex_count":12,"decimated":false,"source":"Copernicus GLO-30 DEM at 180 m, D8 flow accumulation"},"geometry":{"type":"LineString","coordinates":[[-57.215159407864995,-25.524234145435],[-57.215714963405,-25.524234145435],[-57.216270518944995,-25.524234145435],[-57.216826074485,-25.524234145435],[-57.217381630024995,-25.523678589895],[-57.217937185565,-25.523678589895],[-57.218492741104996,-25.523678589895],[-57.219048296645,-25.523678589895],[-57.219603852184996,-25.523678589895],[-57.22015940772499,-25.523678589895],[-57.220714963264996,-25.523123034355],[-57.220714963264996,-25.522567478815]]}},{"type":"Feature","properties":{"category":"dem_stream","class":"tributary","threshold_label":"headwaters \u2265 80 cells","catchment_km2":22.06,"accumulation_cells":681,"vertex_count":401,"decimated":true,"source":"Copernicus GLO-30 DEM at 180 m, D8 flow accumulation"},"geometry":{"type":"LineString","coordinates":[[-57.215159407864995,-25.776456360595],[-57.216270518944995,-25.779234138295],[-57.217937185565,-25.782011915995],[-57.220714963264996,-25.783678582615],[-57.222937185424996,-25.786456360315],[-57.22411003833833,-25.787336]]}},{"type":"Feature","properties":{"category":"dem_stream","class":"rill","threshold_label":"headwaters \u2265 80 cells","catchment_km2":0.29,"accumulation_cells":9,"vertex_count":3,"decimated":false,"source":"Copernicus GLO-30 DEM at 180 m, D8 flow accumulation"},"geometry":{"type":"LineString","coordinates":[[-57.214603852325,-25.444234147675],[-57.214603852325,-25.443678592135],[-57.214603852325,-25.443123036595]]}},{"type":"Feature","properties":{"category":"dem_stream","class":"rill","threshold_label":"headwaters \u2265 80 cells","catchment_km2":0.13,"accumulation_cells":4,"vertex_count":3,"decimated":false,"source":"Copernicus GLO-30 DEM at 180 m, D8 flow accumulation"},"geometry":{"type":"LineString","coordinates":[[-57.214603852325,-25.617567476155],[-57.215159407864995,-25.618123031695],[-57.215159407864995,-25.618678587235]]}},{"type":"Feature","properties":{"category":"dem_stream","class":"tributary","threshold_label":"headwaters \u2265 80 cells","catchment_km2":9.98,"accumulation_cells":308,"vertex_count":401,"decimated":true,"source":"Copernicus GLO-30 DEM at 180 m, D8 flow accumulation"},"geometry":{"type":"LineString","coordinates":[[-57.214048296784995,-25.499234146135],[-57.211270519085,-25.497567479515],[-57.210159408005,-25.497011923975]]}},{"type":"Feature","properties":{"category":"dem_stream","class":"creek","threshold_label":"headwaters \u2265 80 cells","catchment_km2":4.63,"accumulation_cells":143,"vertex_count":401,"decimated":true,"source":"Copernicus GLO-30 DEM at 180 m, D8 flow accumulation"},"geometry":{"type":"LineString","coordinates":[[-57.214048296784995,-25.554234144595],[-57.216270518944995,-25.552567477975]]}},{"type":"Feature","properties":{"category":"dem_stream","class":"rill","threshold_label":"headwaters \u2265 80 cells","catchment_km2":0.16,"accumulation_cells":5,"vertex_count":13,"decimated":false,"source":"Copernicus GLO-30 DEM at 180 m, D8 flow accumulation"},"geometry":{"type":"LineString","coordinates":[[-57.214048296784995,-25.560345255535],[-57.214603852325,-25.560345255535],[-57.215159407864995,-25.560345255535],[-57.215714963405,-25.559789699995],[-57.216270518944995,-25.559234144455],[-57.216826074485,-25.559234144455],[-57.217381630024995,-25.559234144455],[-57.217937185565,-25.559789699995],[-57.218492741104996,-25.560345255535],[-57.219048296645,-25.560900811075],[-57.219048296645,-25.561456366615],[-57.219603852184996,-25.562011922155],[-57.219603852184996,-25.562567477695]]}},{"type":"Feature","properties":{"category":"dem_stream","class":"tributary","threshold_label":"headwaters \u2265 80 cells","catchment_km2":7.16,"accumulation_cells":221,"vertex_count":401,"decimated":true,"source":"Copernicus GLO-30 DEM at 180 m, D8 flow accumulation"},"geometry":{"type":"MultiLineString","coordinates":[[[-57.214048296784995,-25.606456365355],[-57.215159407864995,-25.608678587515]],[[-57.215159407864995,-25.608678587515],[-57.215159407864995,-25.608123031975]]]}},{"type":"Feature","properties":{"category":"dem_stream","class":"tributary","threshold_label":"headwaters \u2265 80 cells","catchment_km2":7.0,"accumulation_cells":216,"vertex_count":401,"decimated":true,"source":"Copernicus GLO-30 DEM at 180 m, D8 flow accumulation"},"geometry":{"type":"LineString","coordinates":[[-57.214048296784995,-25.707567473635],[-57.214048296784995,-25.707011918095]]}},{"type":"Feature","properties":{"category":"dem_stream","class":"tributary","threshold_label":"headwaters \u2265 80 cells","catchment_km2":7.91,"accumulation_cells":244,"vertex_count":9,"decimated":false,"source":"Copernicus GLO-30 DEM at 180 m, D8 flow accumulation"},"geometry":{"type":"LineString","coordinates":[[-57.214048296784995,-25.784234138155],[-57.214603852325,-25.784789693695],[-57.215159407864995,-25.784789693695],[-57.215714963405,-25.784234138155],[-57.216270518944995,-25.783678582615],[-57.216270518944995,-25.783123027075],[-57.216826074485,-25.782567471535],[-57.217381630024995,-25.782567471535],[-57.217937185565,-25.782567471535]]}},{"type":"Feature","properties":{"category":"dem_stream","class":"rill","threshold_label":"headwaters \u2265 80 cells","catchment_km2":0.06,"accumulation_cells":2,"vertex_count":4,"decimated":false,"source":"Copernicus GLO-30 DEM at 180 m, D8 flow accumulation"},"geometry":{"type":"LineString","coordinates":[[-57.213492741245,-25.673678585695],[-57.213492741245,-25.673123030155],[-57.214048296784995,-25.673123030155],[-57.214603852325,-25.672567474615]]}},{"type":"Feature","properties":{"category":"dem_stream","class":"creek","threshold_label":"headwaters \u2265 80 cells","catchment_km2":4.21,"accumulation_cells":130,"vertex_count":401,"decimated":true,"source":"Copernicus GLO-30 DEM at 180 m, D8 flow accumulation"},"geometry":{"type":"MultiLineString","coordinates":[[[-57.212937185704995,-25.608678587515],[-57.214048296784995,-25.611456365215002],[-57.214603852325,-25.612011920755]],[[-57.214603852325,-25.612011920755],[-57.214048296784995,-25.612011920755]]]}},{"type":"Feature","properties":{"category":"dem_stream","class":"tributary","threshold_label":"headwaters \u2265 80 cells","catchment_km2":6.03,"accumulation_cells":186,"vertex_count":401,"decimated":true,"source":"Copernicus GLO-30 DEM at 180 m, D8 flow accumulation"},"geometry":{"type":"LineString","coordinates":[[-57.212381630165,-25.538678589475],[-57.212937185704995,-25.539789700555]]}},{"type":"Feature","properties":{"category":"dem_stream","class":"creek","threshold_label":"headwaters \u2265 80 cells","catchment_km2":3.6,"accumulation_cells":111,"vertex_count":401,"decimated":true,"source":"Copernicus GLO-30 DEM at 180 m, D8 flow accumulation"},"geometry":{"type":"MultiLineString","coordinates":[[[-57.212381630165,-25.712011917955],[-57.213492741245,-25.712011917955]],[[-57.213492741245,-25.712011917955],[-57.213492741245,-25.711456362415]]]}},{"type":"Feature","properties":{"category":"dem_stream","class":"creek","threshold_label":"headwaters \u2265 80 cells","catchment_km2":3.47,"accumulation_cells":107,"vertex_count":4,"decimated":false,"source":"Copernicus GLO-30 DEM at 180 m, D8 flow accumulation"},"geometry":{"type":"LineString","coordinates":[[-57.211826074624994,-25.605345254275],[-57.212381630165,-25.605900809815],[-57.212937185704995,-25.606456365355],[-57.213492741245,-25.607011920895]]}},{"type":"Feature","properties":{"category":"dem_stream","class":"rill","threshold_label":"headwaters \u2265 80 cells","catchment_km2":0.1,"accumulation_cells":3,"vertex_count":5,"decimated":false,"source":"Copernicus GLO-30 DEM at 180 m, D8 flow accumulation"},"geometry":{"type":"LineString","coordinates":[[-57.211270519085,-25.526456367595],[-57.211826074624994,-25.526456367595],[-57.212381630165,-25.526456367595],[-57.212937185704995,-25.525900812055],[-57.213492741245,-25.525900812055]]}},{"type":"Feature","properties":{"category":"dem_stream","class":"tributary","threshold_label":"headwaters \u2265 80 cells","catchment_km2":21.61,"accumulation_cells":667,"vertex_count":401,"decimated":true,"source":"Copernicus GLO-30 DEM at 180 m, D8 flow accumulation"},"geometry":{"type":"LineString","coordinates":[[-57.211270519085,-25.547011922575],[-57.213492741245,-25.544234144875],[-57.216270518944995,-25.543123033795],[-57.219048296645,-25.542567478255002],[-57.219603852184996,-25.542011922715]]}},{"type":"Feature","properties":{"category":"dem_stream","class":"rill","threshold_label":"headwaters \u2265 80 cells","catchment_km2":0.16,"accumulation_cells":5,"vertex_count":20,"decimated":false,"source":"Copernicus GLO-30 DEM at 180 m, D8 flow accumulation"},"geometry":{"type":"LineString","coordinates":[[-57.210159408005,-25.508123034775],[-57.209603852464994,-25.508123034775],[-57.209048296925,-25.508123034775],[-57.208492741384994,-25.508123034775],[-57.207937185845,-25.508123034775],[-57.207381630304994,-25.508123034775],[-57.206826074765,-25.508123034775],[-57.206270519224994,-25.508123034775],[-57.205714963685,-25.507567479235],[-57.20515940814499,-25.507567479235],[-57.204603852605,-25.507011923695],[-57.20404829706499,-25.507011923695],[-57.203492741525,-25.506456368155],[-57.20293718598499,-25.505900812615],[-57.202381630445,-25.505345257075],[-57.20182607490499,-25.505345257075],[-57.201270519364996,-25.504789701535],[-57.20071496382499,-25.504789701535],[-57.200159408284996,-25.504234145995],[-57.19960385274499,-25.503678590455]]}},{"type":"Feature","properties":{"category":"dem_stream","class":"tributary","threshold_label":"headwaters \u2265 80 cells","catchment_km2":7.65,"accumulation_cells":236,"vertex_count":401,"decimated":true,"source":"Copernicus GLO-30 DEM at 180 m, D8 flow accumulation"},"geometry":{"type":"LineString","coordinates":[[-57.210159408005,-25.586456365915],[-57.207937185845,-25.585900810375]]}},{"type":"Feature","properties":{"category":"dem_stream","class":"tributary","threshold_label":"headwaters \u2265 80 cells","catchment_km2":8.26,"accumulation_cells":255,"vertex_count":401,"decimated":true,"source":"Copernicus GLO-30 DEM at 180 m, D8 flow accumulation"},"geometry":{"type":"MultiLineString","coordinates":[[[-57.210159408005,-25.740345250495],[-57.212937185704995,-25.742567472655],[-57.215159407864995,-25.744789694815],[-57.217937185565,-25.747011916975]],[[-57.217937185565,-25.747011916975],[-57.218492741104996,-25.747011916975]]]}},{"type":"Feature","properties":{"category":"dem_stream","class":"main","threshold_label":"headwaters \u2265 80 cells","catchment_km2":30.78,"accumulation_cells":950,"vertex_count":401,"decimated":true,"source":"Copernicus GLO-30 DEM at 180 m, D8 flow accumulation"},"geometry":{"type":"LineString","coordinates":[[-57.209603852464994,-25.666456363675],[-57.210159408005,-25.668678585835],[-57.212937185704995,-25.668678585835],[-57.215159407864995,-25.669234141375]]}},{"type":"Feature","properties":{"category":"dem_stream","class":"main","threshold_label":"headwaters \u2265 80 cells","catchment_km2":37.07,"accumulation_cells":1144,"vertex_count":401,"decimated":true,"source":"Copernicus GLO-30 DEM at 180 m, D8 flow accumulation"},"geometry":{"type":"MultiLineString","coordinates":[[[-57.209603852464994,-25.726456361995],[-57.210714963544994,-25.723678584295],[-57.212937185704995,-25.721456362135],[-57.213492741245,-25.720345251055]],[[-57.213492741245,-25.720345251055],[-57.213492741245,-25.719789695515]]]}},{"type":"Feature","properties":{"category":"dem_stream","class":"creek","threshold_label":"headwaters \u2265 80 cells","catchment_km2":3.89,"accumulation_cells":120,"vertex_count":401,"decimated":true,"source":"Copernicus GLO-30 DEM at 180 m, D8 flow accumulation"},"geometry":{"type":"MultiLineString","coordinates":[[[-57.209048296925,-25.657011919495],[-57.211270519085,-25.659234141655]],[[-57.211270519085,-25.659234141655],[-57.211270519085,-25.658678586115]]]}},{"type":"Feature","properties":{"category":"dem_stream","class":"tributary","threshold_label":"headwaters \u2265 80 cells","catchment_km2":10.01,"accumulation_cells":309,"vertex_count":12,"decimated":false,"source":"Copernicus GLO-30 DEM at 180 m, D8 flow accumulation"},"geometry":{"type":"LineString","coordinates":[[-57.208492741384994,-25.540345256095],[-57.209048296925,-25.540900811635],[-57.209603852464994,-25.541456367175],[-57.210159408005,-25.541456367175],[-57.210714963544994,-25.542011922715],[-57.210714963544994,-25.542567478255002],[-57.211270519085,-25.543123033795],[-57.211826074624994,-25.543123033795],[-57.212381630165,-25.543123033795],[-57.212937185704995,-25.543123033795],[-57.213492741245,-25.543123033795],[-57.214048296784995,-25.543123033795]]}},{"type":"Feature","properties":{"category":"dem_stream","class":"tributary","threshold_label":"headwaters \u2265 80 cells","catchment_km2":5.15,"accumulation_cells":159,"vertex_count":401,"decimated":true,"source":"Copernicus GLO-30 DEM at 180 m, D8 flow accumulation"},"geometry":{"type":"MultiLineString","coordinates":[[[-57.207381630304994,-25.625900809255],[-57.207937185845,-25.627567475875]],[[-57.207937185845,-25.627567475875],[-57.207937185845,-25.628123031415]]]}},{"type":"Feature","properties":{"category":"dem_stream","class":"tributary","threshold_label":"headwaters \u2265 80 cells","catchment_km2":5.12,"accumulation_cells":158,"vertex_count":401,"decimated":true,"source":"Copernicus GLO-30 DEM at 180 m, D8 flow accumulation"},"geometry":{"type":"MultiLineString","coordinates":[[[-57.206826074765,-25.445900814295],[-57.206826074765,-25.447567480915]],[[-57.206826074765,-25.447567480915],[-57.206826074765,-25.448123036455]]]}},{"type":"Feature","properties":{"category":"dem_stream","class":"rill","threshold_label":"headwaters \u2265 80 cells","catchment_km2":0.29,"accumulation_cells":9,"vertex_count":7,"decimated":false,"source":"Copernicus GLO-30 DEM at 180 m, D8 flow accumulation"},"geometry":{"type":"LineString","coordinates":[[-57.206826074765,-25.498123035055],[-57.207381630304994,-25.497567479515],[-57.206826074765,-25.497011923975],[-57.206270519224994,-25.496456368435002],[-57.205714963685,-25.495900812895],[-57.20515940814499,-25.495900812895],[-57.204603852605,-25.495900812895]]}},{"type":"Feature","properties":{"category":"dem_stream","class":"tributary","threshold_label":"headwaters \u2265 80 cells","catchment_km2":13.22,"accumulation_cells":408,"vertex_count":11,"decimated":false,"source":"Copernicus GLO-30 DEM at 180 m, D8 flow accumulation"},"geometry":{"type":"LineString","coordinates":[[-57.206826074765,-25.722011917675],[-57.207381630304994,-25.721456362135],[-57.207937185845,-25.721456362135],[-57.208492741384994,-25.721456362135],[-57.209048296925,-25.721456362135],[-57.209603852464994,-25.721456362135],[-57.210159408005,-25.722011917675],[-57.210714963544994,-25.722011917675],[-57.211270519085,-25.722011917675],[-57.211826074624994,-25.721456362135],[-57.212381630165,-25.720900806595]]}},{"type":"Feature","properties":{"category":"dem_stream","class":"creek","threshold_label":"headwaters \u2265 80 cells","catchment_km2":4.24,"accumulation_cells":131,"vertex_count":12,"decimated":false,"source":"Copernicus GLO-30 DEM at 180 m, D8 flow accumulation"},"geometry":{"type":"LineString","coordinates":[[-57.206826074765,-25.725900806455],[-57.206270519224994,-25.725345250915],[-57.206270519224994,-25.724789695375],[-57.206270519224994,-25.724234139835],[-57.206826074765,-25.723678584295],[-57.207381630304994,-25.723678584295],[-57.207937185845,-25.723123028755],[-57.208492741384994,-25.722567473215],[-57.209048296925,-25.722567473215],[-57.209603852464994,-25.722567473215],[-57.210159408005,-25.722567473215],[-57.210714963544994,-25.722567473215]]}},{"type":"Feature","properties":{"category":"dem_stream","class":"tributary","threshold_label":"headwaters \u2265 80 cells","catchment_km2":10.56,"accumulation_cells":326,"vertex_count":401,"decimated":true,"source":"Copernicus GLO-30 DEM at 180 m, D8 flow accumulation"},"geometry":{"type":"LineString","coordinates":[[-57.206270519224994,-25.638678586675],[-57.207937185845,-25.639789697755]]}},{"type":"Feature","properties":{"category":"dem_stream","class":"tributary","threshold_label":"headwaters \u2265 80 cells","catchment_km2":8.68,"accumulation_cells":268,"vertex_count":401,"decimated":true,"source":"Copernicus GLO-30 DEM at 180 m, D8 flow accumulation"},"geometry":{"type":"MultiLineString","coordinates":[[[-57.205714963685,-25.704234140395002],[-57.208492741384994,-25.704789695935],[-57.210159408005,-25.705345251475]],[[-57.210159408005,-25.705345251475],[-57.210714963544994,-25.705900807015]]]}},{"type":"Feature","properties":{"category":"dem_stream","class":"rill","threshold_label":"headwaters \u2265 80 cells","catchment_km2":0.19,"accumulation_cells":6,"vertex_count":8,"decimated":false,"source":"Copernicus GLO-30 DEM at 180 m, D8 flow accumulation"},"geometry":{"type":"LineString","coordinates":[[-57.205714963685,-25.717011917815],[-57.206270519224994,-25.717011917815],[-57.206826074765,-25.717567473355],[-57.207381630304994,-25.717567473355],[-57.207937185845,-25.718123028895],[-57.207937185845,-25.718678584435],[-57.208492741384994,-25.718123028895],[-57.209048296925,-25.718123028895]]}},{"type":"Feature","properties":{"category":"dem_stream","class":"tributary","threshold_label":"headwaters \u2265 80 cells","catchment_km2":10.4,"accumulation_cells":321,"vertex_count":401,"decimated":true,"source":"Copernicus GLO-30 DEM at 180 m, D8 flow accumulation"},"geometry":{"type":"MultiLineString","coordinates":[[[-57.20515940814499,-25.517011923415],[-57.205714963685,-25.514234145715],[-57.206270519224994,-25.512567479095]],[[-57.206270519224994,-25.512567479095],[-57.206270519224994,-25.512011923555]]]}},{"type":"Feature","properties":{"category":"dem_stream","class":"tributary","threshold_label":"headwaters \u2265 80 cells","catchment_km2":8.85,"accumulation_cells":273,"vertex_count":401,"decimated":true,"source":"Copernicus GLO-30 DEM at 180 m, D8 flow accumulation"},"geometry":{"type":"MultiLineString","coordinates":[[[-57.20515940814499,-25.645345253155],[-57.206270519224994,-25.645900808695]],[[-57.206270519224994,-25.645900808695],[-57.206270519224994,-25.646456364235]]]}},{"type":"Feature","properties":{"category":"dem_stream","class":"tributary","threshold_label":"headwaters \u2265 80 cells","catchment_km2":5.99,"accumulation_cells":185,"vertex_count":401,"decimated":true,"source":"Copernicus GLO-30 DEM at 180 m, D8 flow accumulation"},"geometry":{"type":"MultiLineString","coordinates":[[[-57.20515940814499,-25.757567472235],[-57.206826074765,-25.760345249935]],[[-57.206826074765,-25.760345249935],[-57.206826074765,-25.759789694395]]]}},{"type":"Feature","properties":{"category":"dem_stream","class":"rill","threshold_label":"headwaters \u2265 80 cells","catchment_km2":0.26,"accumulation_cells":8,"vertex_count":3,"decimated":false,"source":"Copernicus GLO-30 DEM at 180 m, D8 flow accumulation"},"geometry":{"type":"LineString","coordinates":[[-57.204603852605,-25.463678591575],[-57.20515940814499,-25.463123036035],[-57.20515940814499,-25.462567480495]]}},{"type":"Feature","properties":{"category":"dem_stream","class":"rill","threshold_label":"headwaters \u2265 80 cells","catchment_km2":0.42,"accumulation_cells":13,"vertex_count":6,"decimated":false,"source":"Copernicus GLO-30 DEM at 180 m, D8 flow accumulation"},"geometry":{"type":"LineString","coordinates":[[-57.20404829706499,-25.485900813175],[-57.203492741525,-25.485345257635],[-57.203492741525,-25.484789702095],[-57.20293718598499,-25.484234146555],[-57.202381630445,-25.483678591015],[-57.202381630445,-25.483123035475]]}},{"type":"Feature","properties":{"category":"dem_stream","class":"tributary","threshold_label":"headwaters \u2265 80 cells","catchment_km2":7.1,"accumulation_cells":219,"vertex_count":10,"decimated":false,"source":"Copernicus GLO-30 DEM at 180 m, D8 flow accumulation"},"geometry":{"type":"LineString","coordinates":[[-57.20404829706499,-25.669234141375],[-57.204603852605,-25.669234141375],[-57.20515940814499,-25.669234141375],[-57.205714963685,-25.669789696915],[-57.206270519224994,-25.669789696915],[-57.206826074765,-25.669789696915],[-57.207381630304994,-25.669234141375],[-57.207937185845,-25.669234141375],[-57.208492741384994,-25.668678585835],[-57.209048296925,-25.668678585835]]}},{"type":"Feature","properties":{"category":"dem_stream","class":"creek","threshold_label":"headwaters \u2265 80 cells","catchment_km2":3.4,"accumulation_cells":105,"vertex_count":401,"decimated":true,"source":"Copernicus GLO-30 DEM at 180 m, D8 flow accumulation"},"geometry":{"type":"MultiLineString","coordinates":[[[-57.203492741525,-25.463678591575],[-57.201270519364996,-25.461456369415]],[[-57.201270519364996,-25.461456369415],[-57.20071496382499,-25.460900813875]]]}},{"type":"Feature","properties":{"category":"dem_stream","class":"rill","threshold_label":"headwaters \u2265 80 cells","catchment_km2":0.23,"accumulation_cells":7,"vertex_count":3,"decimated":false,"source":"Copernicus GLO-30 DEM at 180 m, D8 flow accumulation"},"geometry":{"type":"LineString","coordinates":[[-57.203492741525,-25.685345252035],[-57.20404829706499,-25.685345252035],[-57.204603852605,-25.685345252035]]}},{"type":"Feature","properties":{"category":"dem_stream","class":"tributary","threshold_label":"headwaters \u2265 80 cells","catchment_km2":16.2,"accumulation_cells":500,"vertex_count":401,"decimated":true,"source":"Copernicus GLO-30 DEM at 180 m, D8 flow accumulation"},"geometry":{"type":"LineString","coordinates":[[-57.20293718598499,-25.473123035755002],[-57.20071496382499,-25.470345258055],[-57.200159408284996,-25.468123035895],[-57.200159408284996,-25.465345258195],[-57.199048297204996,-25.463678591575]]}},{"type":"Feature","properties":{"category":"dem_stream","class":"creek","threshold_label":"headwaters \u2265 80 cells","catchment_km2":4.24,"accumulation_cells":131,"vertex_count":401,"decimated":true,"source":"Copernicus GLO-30 DEM at 180 m, D8 flow accumulation"},"geometry":{"type":"MultiLineString","coordinates":[[[-57.202381630445,-25.478123035615],[-57.202381630445,-25.477567480075]],[[-57.202381630445,-25.477567480075],[-57.202381630445,-25.477011924535]]]}},{"type":"Feature","properties":{"category":"dem_stream","class":"rill","threshold_label":"headwaters \u2265 80 cells","catchment_km2":0.42,"accumulation_cells":13,"vertex_count":6,"decimated":false,"source":"Copernicus GLO-30 DEM at 180 m, D8 flow accumulation"},"geometry":{"type":"LineString","coordinates":[[-57.20182607490499,-25.697011918375],[-57.202381630445,-25.696456362835],[-57.20293718598499,-25.696456362835],[-57.203492741525,-25.696456362835],[-57.20404829706499,-25.696456362835],[-57.204603852605,-25.696456362835]]}},{"type":"Feature","properties":{"category":"dem_stream","class":"creek","threshold_label":"headwaters \u2265 80 cells","catchment_km2":1.23,"accumulation_cells":38,"vertex_count":6,"decimated":true,"source":"Copernicus GLO-30 DEM at 180 m, D8 flow accumulation"},"geometry":{"type":"LineString","coordinates":[[-57.200159408284996,-25.521456367735],[-57.199048297204996,-25.518678590035],[-57.19738163058499,-25.515900812335],[-57.196270519505,-25.513123034635],[-57.195714963964996,-25.510345256935],[-57.195714963964996,-25.508678590315]]}},{"type":"Feature","properties":{"category":"dem_stream","class":"creek","threshold_label":"headwaters \u2265 80 cells","catchment_km2":4.63,"accumulation_cells":143,"vertex_count":401,"decimated":true,"source":"Copernicus GLO-30 DEM at 180 m, D8 flow accumulation"},"geometry":{"type":"MultiLineString","coordinates":[[[-57.200159408284996,-25.594789699015],[-57.19738163058499,-25.594234143475]],[[-57.19738163058499,-25.594234143475],[-57.19738163058499,-25.594789699015]]]}},{"type":"Feature","properties":{"category":"dem_stream","class":"tributary","threshold_label":"headwaters \u2265 80 cells","catchment_km2":5.48,"accumulation_cells":169,"vertex_count":401,"decimated":true,"source":"Copernicus GLO-30 DEM at 180 m, D8 flow accumulation"},"geometry":{"type":"MultiLineString","coordinates":[[[-57.19738163058499,-25.685345252035],[-57.19849274166499,-25.686456363115]],[[-57.19849274166499,-25.686456363115],[-57.197937186124996,-25.686456363115]]]}},{"type":"Feature","properties":{"category":"dem_stream","class":"tributary","threshold_label":"headwaters \u2265 80 cells","catchment_km2":6.22,"accumulation_cells":192,"vertex_count":401,"decimated":true,"source":"Copernicus GLO-30 DEM at 180 m, D8 flow accumulation"},"geometry":{"type":"LineString","coordinates":[[-57.196826075044996,-25.480345257775],[-57.194048297345,-25.479789702235]]}},{"type":"Feature","properties":{"category":"dem_stream","class":"creek","threshold_label":"headwaters \u2265 80 cells","catchment_km2":2.14,"accumulation_cells":66,"vertex_count":5,"decimated":false,"source":"Copernicus GLO-30 DEM at 180 m, D8 flow accumulation"},"geometry":{"type":"LineString","coordinates":[[-57.196826075044996,-25.587567476995],[-57.19738163058499,-25.587011921455],[-57.197937186124996,-25.587011921455],[-57.19849274166499,-25.586456365915],[-57.19849274166499,-25.585900810375]]}},{"type":"Feature","properties":{"category":"dem_stream","class":"creek","threshold_label":"headwaters \u2265 80 cells","catchment_km2":3.08,"accumulation_cells":95,"vertex_count":4,"decimated":false,"source":"Copernicus GLO-30 DEM at 180 m, D8 flow accumulation"},"geometry":{"type":"LineString","coordinates":[[-57.196270519505,-25.518123034495],[-57.196826075044996,-25.517567478955],[-57.196826075044996,-25.517011923415],[-57.196826075044996,-25.516456367875]]}},{"type":"Feature","properties":{"category":"dem_stream","class":"tributary","threshold_label":"headwaters \u2265 80 cells","catchment_km2":5.9,"accumulation_cells":182,"vertex_count":401,"decimated":true,"source":"Copernicus GLO-30 DEM at 180 m, D8 flow accumulation"},"geometry":{"type":"LineString","coordinates":[[-57.196270519505,-25.533123034075],[-57.196826075044996,-25.535900811775]]}},{"type":"Feature","properties":{"category":"dem_stream","class":"tributary","threshold_label":"headwaters \u2265 80 cells","catchment_km2":10.47,"accumulation_cells":323,"vertex_count":401,"decimated":true,"source":"Copernicus GLO-30 DEM at 180 m, D8 flow accumulation"},"geometry":{"type":"MultiLineString","coordinates":[[[-57.195714963964996,-25.469789702515],[-57.195159408425,-25.467011924815],[-57.196826075044996,-25.465345258195]],[[-57.196826075044996,-25.465345258195],[-57.196270519505,-25.464789702655]]]}},{"type":"Feature","properties":{"category":"dem_stream","class":"rill","threshold_label":"headwaters \u2265 80 cells","catchment_km2":0.45,"accumulation_cells":14,"vertex_count":8,"decimated":false,"source":"Copernicus GLO-30 DEM at 180 m, D8 flow accumulation"},"geometry":{"type":"LineString","coordinates":[[-57.195159408425,-25.457011925095],[-57.195159408425,-25.456456369555],[-57.195159408425,-25.455900814015],[-57.195159408425,-25.455345258475],[-57.194603852884995,-25.454789702935],[-57.194603852884995,-25.454234147395],[-57.194603852884995,-25.453678591855],[-57.195159408425,-25.453123036315]]}},{"type":"Feature","properties":{"category":"dem_stream","class":"creek","threshold_label":"headwaters \u2265 80 cells","catchment_km2":3.76,"accumulation_cells":116,"vertex_count":401,"decimated":true,"source":"Copernicus GLO-30 DEM at 180 m, D8 flow accumulation"},"geometry":{"type":"MultiLineString","coordinates":[[[-57.195159408425,-25.500900812755],[-57.195159408425,-25.500345257215]],[[-57.195159408425,-25.500345257215],[-57.194603852884995,-25.499789701675]]]}},{"type":"Feature","properties":{"category":"dem_stream","class":"tributary","threshold_label":"headwaters \u2265 80 cells","catchment_km2":5.22,"accumulation_cells":161,"vertex_count":401,"decimated":true,"source":"Copernicus GLO-30 DEM at 180 m, D8 flow accumulation"},"geometry":{"type":"MultiLineString","coordinates":[[[-57.195159408425,-25.682011918795],[-57.196270519505,-25.683678585415]],[[-57.196270519505,-25.683678585415],[-57.196270519505,-25.684234140955]]]}},{"type":"Feature","properties":{"category":"dem_stream","class":"rill","threshold_label":"headwaters \u2265 80 cells","catchment_km2":0.23,"accumulation_cells":7,"vertex_count":4,"decimated":false,"source":"Copernicus GLO-30 DEM at 180 m, D8 flow accumulation"},"geometry":{"type":"LineString","coordinates":[[-57.194048297345,-25.592011921315],[-57.194048297345,-25.592567476855],[-57.194603852884995,-25.593123032395],[-57.194603852884995,-25.593678587935]]}},{"type":"Feature","properties":{"category":"dem_stream","class":"rill","threshold_label":"headwaters \u2265 80 cells","catchment_km2":0.16,"accumulation_cells":5,"vertex_count":5,"decimated":false,"source":"Copernicus GLO-30 DEM at 180 m, D8 flow accumulation"},"geometry":{"type":"LineString","coordinates":[[-57.194048297345,-25.737011917255],[-57.194603852884995,-25.737567472795],[-57.195159408425,-25.738123028335],[-57.195714963964996,-25.738678583875],[-57.195714963964996,-25.739234139415]]}},{"type":"Feature","properties":{"category":"dem_stream","class":"tributary","threshold_label":"headwaters \u2265 80 cells","catchment_km2":5.9,"accumulation_cells":182,"vertex_count":401,"decimated":true,"source":"Copernicus GLO-30 DEM at 180 m, D8 flow accumulation"},"geometry":{"type":"LineString","coordinates":[[-57.193492741804995,-25.448678591995],[-57.194048297345,-25.447567480915]]}},{"type":"Feature","properties":{"category":"dem_stream","class":"creek","threshold_label":"headwaters \u2265 80 cells","catchment_km2":4.11,"accumulation_cells":127,"vertex_count":8,"decimated":false,"source":"Copernicus GLO-30 DEM at 180 m, D8 flow accumulation"},"geometry":{"type":"LineString","coordinates":[[-57.193492741804995,-25.472567480215],[-57.192937186265,-25.472011924675],[-57.192381630724995,-25.471456369135],[-57.192937186265,-25.470900813595],[-57.192937186265,-25.470345258055],[-57.193492741804995,-25.469789702515],[-57.194048297345,-25.469234146975],[-57.194603852884995,-25.469234146975]]}},{"type":"Feature","properties":{"category":"dem_stream","class":"rill","threshold_label":"headwaters \u2265 80 cells","catchment_km2":0.52,"accumulation_cells":16,"vertex_count":3,"decimated":false,"source":"Copernicus GLO-30 DEM at 180 m, D8 flow accumulation"},"geometry":{"type":"LineString","coordinates":[[-57.193492741804995,-25.566456366475],[-57.194048297345,-25.567011922015],[-57.194603852884995,-25.567567477555]]}},{"type":"Feature","properties":{"category":"dem_stream","class":"tributary","threshold_label":"headwaters \u2265 80 cells","catchment_km2":9.85,"accumulation_cells":304,"vertex_count":401,"decimated":true,"source":"Copernicus GLO-30 DEM at 180 m, D8 flow accumulation"},"geometry":{"type":"MultiLineString","coordinates":[[[-57.192937186265,-25.550345255815],[-57.194603852884995,-25.553123033515]],[[-57.194603852884995,-25.553123033515],[-57.195159408425,-25.553678589055]]]}},{"type":"Feature","properties":{"category":"dem_stream","class":"creek","threshold_label":"headwaters \u2265 80 cells","catchment_km2":4.41,"accumulation_cells":136,"vertex_count":401,"decimated":true,"source":"Copernicus GLO-30 DEM at 180 m, D8 flow accumulation"},"geometry":{"type":"MultiLineString","coordinates":[[[-57.191826075185,-25.761456361015],[-57.192937186265,-25.764234138715],[-57.193492741804995,-25.765900805335]],[[-57.193492741804995,-25.765900805335],[-57.192937186265,-25.765345249795]]]}},{"type":"Feature","properties":{"category":"dem_stream","class":"tributary","threshold_label":"headwaters \u2265 80 cells","catchment_km2":12.51,"accumulation_cells":386,"vertex_count":12,"decimated":false,"source":"Copernicus GLO-30 DEM at 180 m, D8 flow accumulation"},"geometry":{"type":"LineString","coordinates":[[-57.191270519644995,-25.519789701115],[-57.191270519644995,-25.519234145575002],[-57.191826075185,-25.518678590035],[-57.192381630724995,-25.518123034495],[-57.192937186265,-25.517567478955],[-57.192937186265,-25.517011923415],[-57.193492741804995,-25.516456367875],[-57.193492741804995,-25.515900812335],[-57.194048297345,-25.515345256795],[-57.194603852884995,-25.514789701255],[-57.195159408425,-25.514234145715],[-57.195714963964996,-25.513678590175]]}},{"type":"Feature","properties":{"category":"dem_stream","class":"creek","threshold_label":"headwaters \u2265 80 cells","catchment_km2":4.37,"accumulation_cells":135,"vertex_count":401,"decimated":true,"source":"Copernicus GLO-30 DEM at 180 m, D8 flow accumulation"},"geometry":{"type":"MultiLineString","coordinates":[[[-57.191270519644995,-25.706456362555],[-57.191270519644995,-25.707567473635]],[[-57.191270519644995,-25.707567473635],[-57.191270519644995,-25.708123029175]]]}},{"type":"Feature","properties":{"category":"dem_stream","class":"rill","threshold_label":"headwaters \u2265 80 cells","catchment_km2":0.39,"accumulation_cells":12,"vertex_count":13,"decimated":false,"source":"Copernicus GLO-30 DEM at 180 m, D8 flow accumulation"},"geometry":{"type":"LineString","coordinates":[[-57.190714964105,-25.535345256235],[-57.191270519644995,-25.535900811775],[-57.191826075185,-25.536456367315],[-57.192381630724995,-25.537011922855],[-57.192937186265,-25.537567478395],[-57.193492741804995,-25.538123033935],[-57.193492741804995,-25.538678589475],[-57.194048297345,-25.539234145015],[-57.194048297345,-25.539789700555],[-57.194048297345,-25.540345256095],[-57.194048297345,-25.540900811635],[-57.194048297345,-25.541456367175],[-57.194048297345,-25.542011922715]]}},{"type":"Feature","properties":{"category":"dem_stream","class":"tributary","threshold_label":"headwaters \u2265 80 cells","catchment_km2":6.9,"accumulation_cells":213,"vertex_count":401,"decimated":true,"source":"Copernicus GLO-30 DEM at 180 m, D8 flow accumulation"},"geometry":{"type":"MultiLineString","coordinates":[[[-57.190714964105,-25.544234144875],[-57.192381630724995,-25.546456367035]],[[-57.192381630724995,-25.546456367035],[-57.192381630724995,-25.547011922575]]]}},{"type":"Feature","properties":{"category":"dem_stream","class":"tributary","threshold_label":"headwaters \u2265 80 cells","catchment_km2":7.03,"accumulation_cells":217,"vertex_count":401,"decimated":true,"source":"Copernicus GLO-30 DEM at 180 m, D8 flow accumulation"},"geometry":{"type":"MultiLineString","coordinates":[[[-57.190714964105,-25.620345253855],[-57.191270519644995,-25.620345253855]],[[-57.191270519644995,-25.620345253855],[-57.191270519644995,-25.619789698315]]]}},{"type":"Feature","properties":{"category":"dem_stream","class":"tributary","threshold_label":"headwaters \u2265 80 cells","catchment_km2":8.94,"accumulation_cells":276,"vertex_count":401,"decimated":true,"source":"Copernicus GLO-30 DEM at 180 m, D8 flow accumulation"},"geometry":{"type":"MultiLineString","coordinates":[[[-57.190714964105,-25.633123031275],[-57.190714964105,-25.635345253435]],[[-57.190714964105,-25.635345253435],[-57.190714964105,-25.635900808975]]]}},{"type":"Feature","properties":{"category":"dem_stream","class":"tributary","threshold_label":"headwaters \u2265 80 cells","catchment_km2":6.84,"accumulation_cells":211,"vertex_count":401,"decimated":true,"source":"Copernicus GLO-30 DEM at 180 m, D8 flow accumulation"},"geometry":{"type":"MultiLineString","coordinates":[[[-57.190159408564995,-25.640900808835],[-57.190714964105,-25.641456364375]],[[-57.190714964105,-25.641456364375],[-57.191270519644995,-25.642011919915]]]}},{"type":"Feature","properties":{"category":"dem_stream","class":"creek","threshold_label":"headwaters \u2265 80 cells","catchment_km2":4.21,"accumulation_cells":130,"vertex_count":3,"decimated":false,"source":"Copernicus GLO-30 DEM at 180 m, D8 flow accumulation"},"geometry":{"type":"LineString","coordinates":[[-57.189603853025,-25.520900812195],[-57.190159408564995,-25.520345256655],[-57.190714964105,-25.519789701115]]}},{"type":"Feature","properties":{"category":"dem_stream","class":"tributary","threshold_label":"headwaters \u2265 80 cells","catchment_km2":6.93,"accumulation_cells":214,"vertex_count":401,"decimated":true,"source":"Copernicus GLO-30 DEM at 180 m, D8 flow accumulation"},"geometry":{"type":"LineString","coordinates":[[-57.187937186404994,-25.713123029035],[-57.189048297484995,-25.715345251195]]}},{"type":"Feature","properties":{"category":"dem_stream","class":"creek","threshold_label":"headwaters \u2265 80 cells","catchment_km2":2.98,"accumulation_cells":92,"vertex_count":401,"decimated":true,"source":"Copernicus GLO-30 DEM at 180 m, D8 flow accumulation"},"geometry":{"type":"LineString","coordinates":[[-57.186826075324994,-25.459234147255],[-57.187381630865,-25.458678591715]]}},{"type":"Feature","properties":{"category":"dem_stream","class":"rill","threshold_label":"headwaters \u2265 80 cells","catchment_km2":0.23,"accumulation_cells":7,"vertex_count":9,"decimated":false,"source":"Copernicus GLO-30 DEM at 180 m, D8 flow accumulation"},"geometry":{"type":"LineString","coordinates":[[-57.186826075324994,-25.506456368155],[-57.186826075324994,-25.505900812615],[-57.186270519785,-25.505345257075],[-57.185714964244994,-25.505345257075],[-57.185159408705,-25.504789701535],[-57.185159408705,-25.504234145995],[-57.185714964244994,-25.503678590455],[-57.185159408705,-25.503123034915],[-57.184603853164994,-25.502567479375]]}},{"type":"Feature","properties":{"category":"dem_stream","class":"tributary","threshold_label":"headwaters \u2265 80 cells","catchment_km2":10.21,"accumulation_cells":315,"vertex_count":401,"decimated":true,"source":"Copernicus GLO-30 DEM at 180 m, D8 flow accumulation"},"geometry":{"type":"MultiLineString","coordinates":[[[-57.186826075324994,-25.715900806735],[-57.187937186404994,-25.717011917815]],[[-57.187937186404994,-25.717011917815],[-57.188492741945,-25.717567473355]]]}},{"type":"Feature","properties":{"category":"dem_stream","class":"creek","threshold_label":"headwaters \u2265 80 cells","catchment_km2":3.92,"accumulation_cells":121,"vertex_count":401,"decimated":true,"source":"Copernicus GLO-30 DEM at 180 m, D8 flow accumulation"},"geometry":{"type":"MultiLineString","coordinates":[[[-57.186270519785,-25.559789699995],[-57.186826075324994,-25.559789699995]],[[-57.186826075324994,-25.559789699995],[-57.186826075324994,-25.560345255535]]]}},{"type":"Feature","properties":{"category":"dem_stream","class":"creek","threshold_label":"headwaters \u2265 80 cells","catchment_km2":3.21,"accumulation_cells":99,"vertex_count":4,"decimated":false,"source":"Copernicus GLO-30 DEM at 180 m, D8 flow accumulation"},"geometry":{"type":"LineString","coordinates":[[-57.185159408705,-25.507011923695],[-57.185159408705,-25.506456368155],[-57.185159408705,-25.505900812615],[-57.185159408705,-25.505345257075]]}},{"type":"Feature","properties":{"category":"dem_stream","class":"creek","threshold_label":"headwaters \u2265 80 cells","catchment_km2":1.59,"accumulation_cells":49,"vertex_count":8,"decimated":false,"source":"Copernicus GLO-30 DEM at 180 m, D8 flow accumulation"},"geometry":{"type":"LineString","coordinates":[[-57.185159408705,-25.512011923555],[-57.185159408705,-25.511456368015],[-57.185159408705,-25.510900812475],[-57.185159408705,-25.510345256935],[-57.184603853164994,-25.509789701395],[-57.184603853164994,-25.509234145855],[-57.185159408705,-25.508678590315],[-57.185714964244994,-25.508123034775]]}},{"type":"Feature","properties":{"category":"dem_stream","class":"rill","threshold_label":"headwaters \u2265 80 cells","catchment_km2":0.1,"accumulation_cells":3,"vertex_count":5,"decimated":false,"source":"Copernicus GLO-30 DEM at 180 m, D8 flow accumulation"},"geometry":{"type":"LineString","coordinates":[[-57.184048297625,-25.501456368295],[-57.184048297625,-25.500900812755],[-57.184048297625,-25.500345257215],[-57.183492742084994,-25.499789701675],[-57.183492742084994,-25.499234146135]]}},{"type":"Feature","properties":{"category":"dem_stream","class":"tributary","threshold_label":"headwaters \u2265 80 cells","catchment_km2":7.65,"accumulation_cells":236,"vertex_count":401,"decimated":true,"source":"Copernicus GLO-30 DEM at 180 m, D8 flow accumulation"},"geometry":{"type":"LineString","coordinates":[[-57.184048297625,-25.740900806035],[-57.186826075324994,-25.743678583735],[-57.186826075324994,-25.744234139275]]}},{"type":"Feature","properties":{"category":"dem_stream","class":"rill","threshold_label":"headwaters \u2265 80 cells","catchment_km2":0.23,"accumulation_cells":7,"vertex_count":5,"decimated":false,"source":"Copernicus GLO-30 DEM at 180 m, D8 flow accumulation"},"geometry":{"type":"LineString","coordinates":[[-57.182937186545,-25.459234147255],[-57.18238163100499,-25.458678591715],[-57.18238163100499,-25.458123036175],[-57.182937186545,-25.457567480635],[-57.182937186545,-25.457011925095]]}},{"type":"Feature","properties":{"category":"dem_stream","class":"rill","threshold_label":"headwaters \u2265 80 cells","catchment_km2":0.13,"accumulation_cells":4,"vertex_count":8,"decimated":false,"source":"Copernicus GLO-30 DEM at 180 m, D8 flow accumulation"},"geometry":{"type":"LineString","coordinates":[[-57.182937186545,-25.579789699435],[-57.183492742084994,-25.579789699435],[-57.184048297625,-25.580345254975],[-57.184603853164994,-25.580900810515],[-57.185159408705,-25.581456366055],[-57.185159408705,-25.582011921595],[-57.185714964244994,-25.581456366055],[-57.186270519785,-25.580900810515]]}},{"type":"Feature","properties":{"category":"dem_stream","class":"rill","threshold_label":"headwaters \u2265 80 cells","catchment_km2":0.19,"accumulation_cells":6,"vertex_count":14,"decimated":false,"source":"Copernicus GLO-30 DEM at 180 m, D8 flow accumulation"},"geometry":{"type":"LineString","coordinates":[[-57.182937186545,-25.607567476435],[-57.183492742084994,-25.608123031975],[-57.184048297625,-25.608123031975],[-57.184603853164994,-25.608123031975],[-57.185159408705,-25.608123031975],[-57.185714964244994,-25.608678587515],[-57.186270519785,-25.608678587515],[-57.186826075324994,-25.609234143055],[-57.187381630865,-25.609789698595],[-57.187381630865,-25.610345254135],[-57.187937186404994,-25.610900809675],[-57.187937186404994,-25.611456365215002],[-57.187937186404994,-25.612011920755],[-57.187937186404994,-25.612567476295]]}},{"type":"Feature","properties":{"category":"dem_stream","class":"tributary","threshold_label":"headwaters \u2265 80 cells","catchment_km2":10.43,"accumulation_cells":322,"vertex_count":401,"decimated":true,"source":"Copernicus GLO-30 DEM at 180 m, D8 flow accumulation"},"geometry":{"type":"MultiLineString","coordinates":[[[-57.181826075465,-25.494234146275],[-57.18015940884499,-25.492567479655]],[[-57.18015940884499,-25.492567479655],[-57.179603853305,-25.492567479655]]]}},{"type":"Feature","properties":{"category":"dem_stream","class":"tributary","threshold_label":"headwaters \u2265 80 cells","catchment_km2":11.08,"accumulation_cells":342,"vertex_count":401,"decimated":true,"source":"Copernicus GLO-30 DEM at 180 m, D8 flow accumulation"},"geometry":{"type":"MultiLineString","coordinates":[[[-57.181826075465,-25.577011921735],[-57.184048297625,-25.578123032815],[-57.186826075324994,-25.579234143895],[-57.187937186404994,-25.581456366055],[-57.189603853025,-25.583678588215],[-57.190159408564995,-25.584234143755]],[[-57.190159408564995,-25.584234143755],[-57.190159408564995,-25.584789699295]]]}},{"type":"Feature","properties":{"category":"dem_stream","class":"tributary","threshold_label":"headwaters \u2265 80 cells","catchment_km2":10.82,"accumulation_cells":334,"vertex_count":401,"decimated":true,"source":"Copernicus GLO-30 DEM at 180 m, D8 flow accumulation"},"geometry":{"type":"LineString","coordinates":[[-57.18127051992499,-25.747567472515],[-57.182937186545,-25.750345250215],[-57.183492742084994,-25.753123027915],[-57.183492742084994,-25.753678583455]]}},{"type":"Feature","properties":{"category":"dem_stream","class":"creek","threshold_label":"headwaters \u2265 80 cells","catchment_km2":1.13,"accumulation_cells":35,"vertex_count":6,"decimated":false,"source":"Copernicus GLO-30 DEM at 180 m, D8 flow accumulation"},"geometry":{"type":"LineString","coordinates":[[-57.180714964385,-25.561456366615],[-57.18127051992499,-25.561456366615],[-57.181826075465,-25.561456366615],[-57.18238163100499,-25.561456366615],[-57.182937186545,-25.560900811075],[-57.183492742084994,-25.560900811075]]}},{"type":"Feature","properties":{"category":"dem_stream","class":"tributary","threshold_label":"headwaters \u2265 80 cells","catchment_km2":5.61,"accumulation_cells":173,"vertex_count":401,"decimated":true,"source":"Copernicus GLO-30 DEM at 180 m, D8 flow accumulation"},"geometry":{"type":"LineString","coordinates":[[-57.18015940884499,-25.693678585135],[-57.181826075465,-25.693123029595]]}},{"type":"Feature","properties":{"category":"dem_stream","class":"creek","threshold_label":"headwaters \u2265 80 cells","catchment_km2":4.05,"accumulation_cells":125,"vertex_count":8,"decimated":false,"source":"Copernicus GLO-30 DEM at 180 m, D8 flow accumulation"},"geometry":{"type":"LineString","coordinates":[[-57.179603853305,-25.496456368435002],[-57.17904829776499,-25.495900812895],[-57.17904829776499,-25.495345257355],[-57.179603853305,-25.495345257355],[-57.18015940884499,-25.494789701815],[-57.18015940884499,-25.494234146275],[-57.180714964385,-25.493678590735],[-57.18015940884499,-25.493123035195]]}},{"type":"Feature","properties":{"category":"dem_stream","class":"rill","threshold_label":"headwaters \u2265 80 cells","catchment_km2":0.16,"accumulation_cells":5,"vertex_count":6,"decimated":true,"source":"Copernicus GLO-30 DEM at 180 m, D8 flow accumulation"},"geometry":{"type":"LineString","coordinates":[[-57.17904829776499,-25.596456365635],[-57.181826075465,-25.596456365635],[-57.184603853164994,-25.597011921175],[-57.187381630865,-25.597567476715],[-57.190159408564995,-25.598678587795],[-57.192381630724995,-25.599789698875]]}},{"type":"Feature","properties":{"category":"dem_stream","class":"creek","threshold_label":"headwaters \u2265 80 cells","catchment_km2":1.59,"accumulation_cells":49,"vertex_count":8,"decimated":false,"source":"Copernicus GLO-30 DEM at 180 m, D8 flow accumulation"},"geometry":{"type":"LineString","coordinates":[[-57.178492742225,-25.565345255395002],[-57.178492742225,-25.564789699855],[-57.178492742225,-25.564234144315],[-57.178492742225,-25.563678588775],[-57.178492742225,-25.563123033235],[-57.17904829776499,-25.562567477695],[-57.179603853305,-25.562011922155],[-57.18015940884499,-25.562011922155]]}},{"type":"Feature","properties":{"category":"dem_stream","class":"rill","threshold_label":"headwaters \u2265 80 cells","catchment_km2":0.16,"accumulation_cells":5,"vertex_count":16,"decimated":false,"source":"Copernicus GLO-30 DEM at 180 m, D8 flow accumulation"},"geometry":{"type":"LineString","coordinates":[[-57.178492742225,-25.588678588075002],[-57.17904829776499,-25.589234143615],[-57.179603853305,-25.589789699155],[-57.18015940884499,-25.589234143615],[-57.180714964385,-25.589789699155],[-57.18127051992499,-25.590345254695],[-57.181826075465,-25.590900810235],[-57.18238163100499,-25.590900810235],[-57.182937186545,-25.591456365775],[-57.183492742084994,-25.592011921315],[-57.184048297625,-25.592567476855],[-57.184603853164994,-25.593123032395],[-57.185159408705,-25.593123032395],[-57.185714964244994,-25.593678587935],[-57.186270519785,-25.594234143475],[-57.186826075324994,-25.594789699015]]}},{"type":"Feature","properties":{"category":"dem_stream","class":"rill","threshold_label":"headwaters \u2265 80 cells","catchment_km2":0.75,"accumulation_cells":23,"vertex_count":5,"decimated":false,"source":"Copernicus GLO-30 DEM at 180 m, D8 flow accumulation"},"geometry":{"type":"LineString","coordinates":[[-57.17793718668499,-25.682011918795],[-57.178492742225,-25.682011918795],[-57.17904829776499,-25.682567474335],[-57.179603853305,-25.683123029875],[-57.18015940884499,-25.683123029875]]}},{"type":"Feature","properties":{"category":"dem_stream","class":"tributary","threshold_label":"headwaters \u2265 80 cells","catchment_km2":8.55,"accumulation_cells":264,"vertex_count":401,"decimated":true,"source":"Copernicus GLO-30 DEM at 180 m, D8 flow accumulation"},"geometry":{"type":"LineString","coordinates":[[-57.17793718668499,-25.709234140255],[-57.17793718668499,-25.710900806875]]}},{"type":"Feature","properties":{"category":"dem_stream","class":"tributary","threshold_label":"headwaters \u2265 80 cells","catchment_km2":6.22,"accumulation_cells":192,"vertex_count":401,"decimated":true,"source":"Copernicus GLO-30 DEM at 180 m, D8 flow accumulation"},"geometry":{"type":"LineString","coordinates":[[-57.17793718668499,-25.725345250915],[-57.17793718668499,-25.726456361995]]}},{"type":"Feature","properties":{"category":"dem_stream","class":"creek","threshold_label":"headwaters \u2265 80 cells","catchment_km2":4.8,"accumulation_cells":148,"vertex_count":401,"decimated":true,"source":"Copernicus GLO-30 DEM at 180 m, D8 flow accumulation"},"geometry":{"type":"LineString","coordinates":[[-57.17793718668499,-25.759789694395],[-57.178492742225,-25.759234138855]]}},{"type":"Feature","properties":{"category":"dem_stream","class":"rill","threshold_label":"headwaters \u2265 80 cells","catchment_km2":0.23,"accumulation_cells":7,"vertex_count":6,"decimated":false,"source":"Copernicus GLO-30 DEM at 180 m, D8 flow accumulation"},"geometry":{"type":"LineString","coordinates":[[-57.177381631144996,-25.444789703215],[-57.17793718668499,-25.444234147675],[-57.177381631144996,-25.443678592135],[-57.177381631144996,-25.443123036595],[-57.17793718668499,-25.442567481055],[-57.178492742225,-25.442567481055]]}},{"type":"Feature","properties":{"category":"dem_stream","class":"tributary","threshold_label":"headwaters \u2265 80 cells","catchment_km2":16.49,"accumulation_cells":509,"vertex_count":401,"decimated":true,"source":"Copernicus GLO-30 DEM at 180 m, D8 flow accumulation"},"geometry":{"type":"MultiLineString","coordinates":[[[-57.177381631144996,-25.710900806875],[-57.17904829776499,-25.713678584575],[-57.180714964385,-25.715345251195]],[[-57.180714964385,-25.715345251195],[-57.18015940884499,-25.714789695655]]]}},{"type":"Feature","properties":{"category":"dem_stream","class":"tributary","threshold_label":"headwaters \u2265 80 cells","catchment_km2":6.58,"accumulation_cells":203,"vertex_count":401,"decimated":true,"source":"Copernicus GLO-30 DEM at 180 m, D8 flow accumulation"},"geometry":{"type":"MultiLineString","coordinates":[[[-57.177381631144996,-25.772011916275],[-57.179603853305,-25.772011916275]],[[-57.179603853305,-25.772011916275],[-57.18015940884499,-25.772011916275]]]}},{"type":"Feature","properties":{"category":"dem_stream","class":"rill","threshold_label":"headwaters \u2265 80 cells","catchment_km2":0.97,"accumulation_cells":30,"vertex_count":9,"decimated":false,"source":"Copernicus GLO-30 DEM at 180 m, D8 flow accumulation"},"geometry":{"type":"LineString","coordinates":[[-57.177381631144996,-25.782011915995],[-57.177381631144996,-25.781456360455],[-57.177381631144996,-25.780900804915],[-57.177381631144996,-25.780345249375],[-57.17793718668499,-25.779789693835],[-57.17793718668499,-25.779234138295],[-57.178492742225,-25.778678582755],[-57.17904829776499,-25.778678582755],[-57.179603853305,-25.778678582755]]}},{"type":"Feature","properties":{"category":"dem_stream","class":"creek","threshold_label":"headwaters \u2265 80 cells","catchment_km2":3.76,"accumulation_cells":116,"vertex_count":5,"decimated":false,"source":"Copernicus GLO-30 DEM at 180 m, D8 flow accumulation"},"geometry":{"type":"LineString","coordinates":[[-57.17682607560499,-25.590900810235],[-57.177381631144996,-25.590345254695],[-57.17793718668499,-25.590345254695],[-57.178492742225,-25.590345254695],[-57.17904829776499,-25.589789699155]]}},{"type":"Feature","properties":{"category":"dem_stream","class":"tributary","threshold_label":"headwaters \u2265 80 cells","catchment_km2":19.18,"accumulation_cells":592,"vertex_count":401,"decimated":true,"source":"Copernicus GLO-30 DEM at 180 m, D8 flow accumulation"},"geometry":{"type":"LineString","coordinates":[[-57.17571496452499,-25.504789701535],[-57.173492742365,-25.502011923835],[-57.174048297904996,-25.499789701675],[-57.175159408984996,-25.497567479515],[-57.177381631144996,-25.495900812895]]}},{"type":"Feature","properties":{"category":"dem_stream","class":"tributary","threshold_label":"headwaters \u2265 80 cells","catchment_km2":8.0,"accumulation_cells":247,"vertex_count":401,"decimated":true,"source":"Copernicus GLO-30 DEM at 180 m, D8 flow accumulation"},"geometry":{"type":"MultiLineString","coordinates":[[[-57.175159408984996,-25.548678589195],[-57.17793718668499,-25.548123033655]],[[-57.17793718668499,-25.548123033655],[-57.178492742225,-25.548123033655]]]}},{"type":"Feature","properties":{"category":"dem_stream","class":"tributary","threshold_label":"headwaters \u2265 80 cells","catchment_km2":5.12,"accumulation_cells":158,"vertex_count":6,"decimated":false,"source":"Copernicus GLO-30 DEM at 180 m, D8 flow accumulation"},"geometry":{"type":"LineString","coordinates":[[-57.175159408984996,-25.563123033235],[-57.17571496452499,-25.563123033235],[-57.176270520064996,-25.563678588775],[-57.17682607560499,-25.563678588775],[-57.177381631144996,-25.563678588775],[-57.17793718668499,-25.563678588775]]}},{"type":"Feature","properties":{"category":"dem_stream","class":"creek","threshold_label":"headwaters \u2265 80 cells","catchment_km2":4.63,"accumulation_cells":143,"vertex_count":7,"decimated":false,"source":"Copernicus GLO-30 DEM at 180 m, D8 flow accumulation"},"geometry":{"type":"LineString","coordinates":[[-57.17460385344499,-25.552011922435],[-57.175159408984996,-25.551456366895],[-57.17571496452499,-25.550900811355],[-57.17571496452499,-25.550345255815],[-57.176270520064996,-25.549789700275],[-57.17682607560499,-25.549234144735],[-57.177381631144996,-25.548678589195]]}},{"type":"Feature","properties":{"category":"dem_stream","class":"rill","threshold_label":"headwaters \u2265 80 cells","catchment_km2":0.58,"accumulation_cells":18,"vertex_count":4,"decimated":false,"source":"Copernicus GLO-30 DEM at 180 m, D8 flow accumulation"},"geometry":{"type":"LineString","coordinates":[[-57.174048297904996,-25.537567478395],[-57.174048297904996,-25.538123033935],[-57.174048297904996,-25.538678589475],[-57.174048297904996,-25.539234145015]]}},{"type":"Feature","properties":{"category":"dem_stream","class":"creek","threshold_label":"headwaters \u2265 80 cells","catchment_km2":2.59,"accumulation_cells":80,"vertex_count":401,"decimated":true,"source":"Copernicus GLO-30 DEM at 180 m, D8 flow accumulation"},"geometry":{"type":"MultiLineString","coordinates":[[[-57.174048297904996,-25.543123033795],[-57.17460385344499,-25.544789700415]],[[-57.17460385344499,-25.544789700415],[-57.17460385344499,-25.544234144875]]]}},{"type":"Feature","properties":{"category":"dem_stream","class":"tributary","threshold_label":"headwaters \u2265 80 cells","catchment_km2":21.45,"accumulation_cells":662,"vertex_count":401,"decimated":true,"source":"Copernicus GLO-30 DEM at 180 m, D8 flow accumulation"},"geometry":{"type":"LineString","coordinates":[[-57.174048297904996,-25.742567472655],[-57.17682607560499,-25.743678583735],[-57.179603853305,-25.745345250355],[-57.18238163100499,-25.746456361435],[-57.184603853164994,-25.748123028055],[-57.184603853164994,-25.749234139135]]}},{"type":"Feature","properties":{"category":"dem_stream","class":"rill","threshold_label":"headwaters \u2265 80 cells","catchment_km2":0.26,"accumulation_cells":8,"vertex_count":10,"decimated":false,"source":"Copernicus GLO-30 DEM at 180 m, D8 flow accumulation"},"geometry":{"type":"LineString","coordinates":[[-57.173492742365,-25.694234140675],[-57.174048297904996,-25.694234140675],[-57.17460385344499,-25.693678585135],[-57.175159408984996,-25.694234140675],[-57.17571496452499,-25.694234140675],[-57.176270520064996,-25.694234140675],[-57.17682607560499,-25.694234140675],[-57.177381631144996,-25.694234140675],[-57.17793718668499,-25.694234140675],[-57.178492742225,-25.694234140675]]}},{"type":"Feature","properties":{"category":"dem_stream","class":"tributary","threshold_label":"headwaters \u2265 80 cells","catchment_km2":13.87,"accumulation_cells":428,"vertex_count":401,"decimated":true,"source":"Copernicus GLO-30 DEM at 180 m, D8 flow accumulation"},"geometry":{"type":"MultiLineString","coordinates":[[[-57.172937186824996,-25.513123034635],[-57.171826075744995,-25.510345256935],[-57.171270520205,-25.508123034775]],[[-57.171270520205,-25.508123034775],[-57.170714964664995,-25.507567479235]]]}},{"type":"Feature","properties":{"category":"dem_stream","class":"creek","threshold_label":"headwaters \u2265 80 cells","catchment_km2":4.99,"accumulation_cells":154,"vertex_count":7,"decimated":false,"source":"Copernicus GLO-30 DEM at 180 m, D8 flow accumulation"},"geometry":{"type":"LineString","coordinates":[[-57.172937186824996,-25.516456367875],[-57.172381631285,-25.515900812335],[-57.172381631285,-25.515345256795],[-57.172381631285,-25.514789701255],[-57.172381631285,-25.514234145715],[-57.172381631285,-25.513678590175],[-57.172381631285,-25.513123034635]]}},{"type":"Feature","properties":{"category":"dem_stream","class":"creek","threshold_label":"headwaters \u2265 80 cells","catchment_km2":3.14,"accumulation_cells":97,"vertex_count":3,"decimated":false,"source":"Copernicus GLO-30 DEM at 180 m, D8 flow accumulation"},"geometry":{"type":"LineString","coordinates":[[-57.171826075744995,-25.504234145995],[-57.172381631285,-25.503678590455],[-57.172937186824996,-25.503123034915]]}},{"type":"Feature","properties":{"category":"dem_stream","class":"rill","threshold_label":"headwaters \u2265 80 cells","catchment_km2":0.75,"accumulation_cells":23,"vertex_count":7,"decimated":false,"source":"Copernicus GLO-30 DEM at 180 m, D8 flow accumulation"},"geometry":{"type":"LineString","coordinates":[[-57.171826075744995,-25.567567477555],[-57.172381631285,-25.567011922015],[-57.172937186824996,-25.566456366475],[-57.173492742365,-25.566456366475],[-57.174048297904996,-25.565900810935],[-57.17460385344499,-25.565345255395002],[-57.175159408984996,-25.565345255395002]]}},{"type":"Feature","properties":{"category":"dem_stream","class":"tributary","threshold_label":"headwaters \u2265 80 cells","catchment_km2":5.96,"accumulation_cells":184,"vertex_count":401,"decimated":true,"source":"Copernicus GLO-30 DEM at 180 m, D8 flow accumulation"},"geometry":{"type":"MultiLineString","coordinates":[[[-57.171826075744995,-25.731456361855],[-57.171826075744995,-25.729789695235]],[[-57.171826075744995,-25.729789695235],[-57.171826075744995,-25.729234139695]]]}},{"type":"Feature","properties":{"category":"dem_stream","class":"tributary","threshold_label":"headwaters \u2265 80 cells","catchment_km2":19.83,"accumulation_cells":612,"vertex_count":401,"decimated":true,"source":"Copernicus GLO-30 DEM at 180 m, D8 flow accumulation"},"geometry":{"type":"MultiLineString","coordinates":[[[-57.171270520205,-25.529789700835],[-57.172937186824996,-25.532567478535],[-57.17460385344499,-25.535345256235]],[[-57.17460385344499,-25.535345256235],[-57.17460385344499,-25.534789700695]]]}},{"type":"Feature","properties":{"category":"dem_stream","class":"creek","threshold_label":"headwaters \u2265 80 cells","catchment_km2":4.67,"accumulation_cells":144,"vertex_count":401,"decimated":true,"source":"Copernicus GLO-30 DEM at 180 m, D8 flow accumulation"},"geometry":{"type":"MultiLineString","coordinates":[[[-57.170714964664995,-25.641456364375],[-57.170714964664995,-25.644234142075],[-57.171270520205,-25.644789697615]],[[-57.171270520205,-25.644789697615],[-57.171270520205,-25.645345253155]]]}},{"type":"Feature","properties":{"category":"dem_stream","class":"tributary","threshold_label":"headwaters \u2265 80 cells","catchment_km2":5.25,"accumulation_cells":162,"vertex_count":401,"decimated":true,"source":"Copernicus GLO-30 DEM at 180 m, D8 flow accumulation"},"geometry":{"type":"MultiLineString","coordinates":[[[-57.170714964664995,-25.668678585835],[-57.173492742365,-25.667567474755],[-57.172937186824996,-25.665900808135]],[[-57.172937186824996,-25.665900808135],[-57.172381631285,-25.665900808135]]]}},{"type":"Feature","properties":{"category":"dem_stream","class":"creek","threshold_label":"headwaters \u2265 80 cells","catchment_km2":1.17,"accumulation_cells":36,"vertex_count":5,"decimated":false,"source":"Copernicus GLO-30 DEM at 180 m, D8 flow accumulation"},"geometry":{"type":"LineString","coordinates":[[-57.169603853584995,-25.619789698315],[-57.170159409125,-25.619789698315],[-57.170714964664995,-25.619789698315],[-57.171270520205,-25.620345253855],[-57.171826075744995,-25.620345253855]]}},{"type":"Feature","properties":{"category":"dem_stream","class":"tributary","threshold_label":"headwaters \u2265 80 cells","catchment_km2":20.41,"accumulation_cells":630,"vertex_count":401,"decimated":true,"source":"Copernicus GLO-30 DEM at 180 m, D8 flow accumulation"},"geometry":{"type":"MultiLineString","coordinates":[[[-57.169048298045,-25.499234146135],[-57.171826075744995,-25.500345257215],[-57.172381631285,-25.498678590595]],[[-57.172381631285,-25.498678590595],[-57.172381631285,-25.499234146135]]]}},{"type":"Feature","properties":{"category":"dem_stream","class":"tributary","threshold_label":"headwaters \u2265 80 cells","catchment_km2":5.48,"accumulation_cells":169,"vertex_count":7,"decimated":false,"source":"Copernicus GLO-30 DEM at 180 m, D8 flow accumulation"},"geometry":{"type":"LineString","coordinates":[[-57.168492742504995,-25.503123034915],[-57.169048298045,-25.503123034915],[-57.169603853584995,-25.503123034915],[-57.170159409125,-25.502567479375],[-57.170714964664995,-25.502011923835],[-57.171270520205,-25.501456368295],[-57.171270520205,-25.500900812755]]}},{"type":"Feature","properties":{"category":"dem_stream","class":"creek","threshold_label":"headwaters \u2265 80 cells","catchment_km2":1.04,"accumulation_cells":32,"vertex_count":11,"decimated":false,"source":"Copernicus GLO-30 DEM at 180 m, D8 flow accumulation"},"geometry":{"type":"LineString","coordinates":[[-57.168492742504995,-25.548123033655],[-57.168492742504995,-25.547567478115],[-57.169048298045,-25.547011922575],[-57.169048298045,-25.546456367035],[-57.169603853584995,-25.545900811495],[-57.169603853584995,-25.545345255955],[-57.170159409125,-25.544789700415],[-57.170714964664995,-25.544789700415],[-57.171270520205,-25.544789700415],[-57.171826075744995,-25.544789700415],[-57.172381631285,-25.544789700415]]}},{"type":"Feature","properties":{"category":"dem_stream","class":"creek","threshold_label":"headwaters \u2265 80 cells","catchment_km2":3.34,"accumulation_cells":103,"vertex_count":401,"decimated":true,"source":"Copernicus GLO-30 DEM at 180 m, D8 flow accumulation"},"geometry":{"type":"MultiLineString","coordinates":[[[-57.167937186965,-25.483678591015],[-57.167937186965,-25.481456368855]],[[-57.167937186965,-25.481456368855],[-57.167381631424995,-25.481456368855]]]}},{"type":"Feature","properties":{"category":"dem_stream","class":"rill","threshold_label":"headwaters \u2265 80 cells","catchment_km2":0.49,"accumulation_cells":15,"vertex_count":19,"decimated":false,"source":"Copernicus GLO-30 DEM at 180 m, D8 flow accumulation"},"geometry":{"type":"LineString","coordinates":[[-57.167937186965,-25.520900812195],[-57.168492742504995,-25.520345256655],[-57.168492742504995,-25.519789701115],[-57.168492742504995,-25.519234145575002],[-57.168492742504995,-25.518678590035],[-57.167937186965,-25.518123034495],[-57.167937186965,-25.517567478955],[-57.167381631424995,-25.517011923415],[-57.167381631424995,-25.516456367875],[-57.167381631424995,-25.515900812335],[-57.167381631424995,-25.515345256795],[-57.167381631424995,-25.514789701255],[-57.167381631424995,-25.514234145715],[-57.167381631424995,-25.513678590175],[-57.167381631424995,-25.513123034635],[-57.167381631424995,-25.512567479095],[-57.167381631424995,-25.512011923555],[-57.167937186965,-25.511456368015],[-57.167937186965,-25.510900812475]]}},{"type":"Feature","properties":{"category":"dem_stream","class":"rill","threshold_label":"headwaters \u2265 80 cells","catchment_km2":0.91,"accumulation_cells":28,"vertex_count":5,"decimated":false,"source":"Copernicus GLO-30 DEM at 180 m, D8 flow accumulation"},"geometry":{"type":"LineString","coordinates":[[-57.167937186965,-25.773678582895],[-57.168492742504995,-25.774234138435],[-57.169048298045,-25.774234138435],[-57.169603853584995,-25.774234138435],[-57.170159409125,-25.774789693975]]}},{"type":"Feature","properties":{"category":"dem_stream","class":"tributary","threshold_label":"headwaters \u2265 80 cells","catchment_km2":13.28,"accumulation_cells":410,"vertex_count":401,"decimated":true,"source":"Copernicus GLO-30 DEM at 180 m, D8 flow accumulation"},"geometry":{"type":"LineString","coordinates":[[-57.165714964805,-25.657011919495],[-57.167381631424995,-25.658123030575]]}},{"type":"Feature","properties":{"category":"dem_stream","class":"creek","threshold_label":"headwaters \u2265 80 cells","catchment_km2":1.23,"accumulation_cells":38,"vertex_count":19,"decimated":false,"source":"Copernicus GLO-30 DEM at 180 m, D8 flow accumulation"},"geometry":{"type":"LineString","coordinates":[[-57.164603853725,-25.785900804775],[-57.165159409264994,-25.785345249235],[-57.165159409264994,-25.784789693695],[-57.165159409264994,-25.784234138155],[-57.164603853725,-25.783678582615],[-57.164603853725,-25.783123027075],[-57.164603853725,-25.782567471535],[-57.164603853725,-25.782011915995],[-57.164603853725,-25.781456360455],[-57.164603853725,-25.780900804915],[-57.164048298184994,-25.780345249375],[-57.164048298184994,-25.779789693835],[-57.164048298184994,-25.779234138295],[-57.164048298184994,-25.778678582755],[-57.163492742645,-25.778123027215],[-57.164048298184994,-25.777567471675],[-57.164603853725,-25.777567471675],[-57.165159409264994,-25.777011916135],[-57.165714964805,-25.777567471675]]}},{"type":"Feature","properties":{"category":"dem_stream","class":"rill","threshold_label":"headwaters \u2265 80 cells","catchment_km2":0.29,"accumulation_cells":9,"vertex_count":6,"decimated":false,"source":"Copernicus GLO-30 DEM at 180 m, D8 flow accumulation"},"geometry":{"type":"LineString","coordinates":[[-57.164048298184994,-25.484789702095],[-57.164603853725,-25.484234146555],[-57.164603853725,-25.483678591015],[-57.164603853725,-25.483123035475],[-57.164048298184994,-25.482567479935],[-57.164048298184994,-25.482011924395]]}},{"type":"Feature","properties":{"category":"dem_stream","class":"tributary","threshold_label":"headwaters \u2265 80 cells","catchment_km2":8.39,"accumulation_cells":259,"vertex_count":401,"decimated":true,"source":"Copernicus GLO-30 DEM at 180 m, D8 flow accumulation"},"geometry":{"type":"MultiLineString","coordinates":[[[-57.164048298184994,-25.692567474055],[-57.164603853725,-25.692567474055]],[[-57.164603853725,-25.692567474055],[-57.165159409264994,-25.693123029595]]]}},{"type":"Feature","properties":{"category":"dem_stream","class":"tributary","threshold_label":"headwaters \u2265 80 cells","catchment_km2":8.23,"accumulation_cells":254,"vertex_count":401,"decimated":true,"source":"Copernicus GLO-30 DEM at 180 m, D8 flow accumulation"},"geometry":{"type":"MultiLineString","coordinates":[[[-57.162381631565,-25.733123028475],[-57.161826076024994,-25.733123028475]],[[-57.161826076024994,-25.733123028475],[-57.161270520485,-25.733123028475]]]}},{"type":"Feature","properties":{"category":"dem_stream","class":"tributary","threshold_label":"headwaters \u2265 80 cells","catchment_km2":20.64,"accumulation_cells":637,"vertex_count":19,"decimated":false,"source":"Copernicus GLO-30 DEM at 180 m, D8 flow accumulation"},"geometry":{"type":"LineString","coordinates":[[-57.161826076024994,-25.536456367315],[-57.162381631565,-25.537011922855],[-57.162381631565,-25.537567478395],[-57.162381631565,-25.538123033935],[-57.162381631565,-25.538678589475],[-57.162937187104994,-25.539234145015],[-57.163492742645,-25.539789700555],[-57.164048298184994,-25.540345256095],[-57.164603853725,-25.540900811635],[-57.164603853725,-25.541456367175],[-57.165159409264994,-25.542011922715],[-57.165714964805,-25.542567478255002],[-57.166270520344995,-25.543123033795],[-57.166826075885,-25.543123033795],[-57.167381631424995,-25.543678589335],[-57.167937186965,-25.543678589335],[-57.168492742504995,-25.544234144875],[-57.169048298045,-25.544234144875],[-57.169603853584995,-25.544789700415]]}},{"type":"Feature","properties":{"category":"dem_stream","class":"rill","threshold_label":"headwaters \u2265 80 cells","catchment_km2":0.94,"accumulation_cells":29,"vertex_count":5,"decimated":false,"source":"Copernicus GLO-30 DEM at 180 m, D8 flow accumulation"},"geometry":{"type":"LineString","coordinates":[[-57.161826076024994,-25.640900808835],[-57.161826076024994,-25.641456364375],[-57.162381631565,-25.641456364375],[-57.162381631565,-25.642011919915],[-57.162937187104994,-25.642567475455]]}},{"type":"Feature","properties":{"category":"dem_stream","class":"tributary","threshold_label":"headwaters \u2265 80 cells","catchment_km2":10.21,"accumulation_cells":315,"vertex_count":15,"decimated":false,"source":"Copernicus GLO-30 DEM at 180 m, D8 flow accumulation"},"geometry":{"type":"LineString","coordinates":[[-57.161826076024994,-25.649234141935],[-57.162381631565,-25.649789697475],[-57.162381631565,-25.650345253015],[-57.162937187104994,-25.650900808555],[-57.162937187104994,-25.651456364095],[-57.163492742645,-25.652011919635],[-57.163492742645,-25.652567475175],[-57.163492742645,-25.653123030715],[-57.164048298184994,-25.653678586255],[-57.164048298184994,-25.654234141795],[-57.164603853725,-25.654789697335],[-57.165159409264994,-25.655345252875],[-57.165714964805,-25.655900808415],[-57.166270520344995,-25.656456363955],[-57.166270520344995,-25.657011919495]]}},{"type":"Feature","properties":{"category":"dem_stream","class":"tributary","threshold_label":"headwaters \u2265 80 cells","catchment_km2":6.19,"accumulation_cells":191,"vertex_count":401,"decimated":true,"source":"Copernicus GLO-30 DEM at 180 m, D8 flow accumulation"},"geometry":{"type":"MultiLineString","coordinates":[[[-57.161270520485,-25.612567476295],[-57.162937187104994,-25.612011920755]],[[-57.162937187104994,-25.612011920755],[-57.162937187104994,-25.611456365215002]]]}},{"type":"Feature","properties":{"category":"dem_stream","class":"rill","threshold_label":"headwaters \u2265 80 cells","catchment_km2":0.13,"accumulation_cells":4,"vertex_count":5,"decimated":false,"source":"Copernicus GLO-30 DEM at 180 m, D8 flow accumulation"},"geometry":{"type":"LineString","coordinates":[[-57.161270520485,-25.779234138295],[-57.160714964944994,-25.778678582755],[-57.160714964944994,-25.778123027215],[-57.161270520485,-25.777567471675],[-57.161826076024994,-25.777011916135]]}},{"type":"Feature","properties":{"category":"dem_stream","class":"tributary","threshold_label":"headwaters \u2265 80 cells","catchment_km2":8.46,"accumulation_cells":261,"vertex_count":401,"decimated":true,"source":"Copernicus GLO-30 DEM at 180 m, D8 flow accumulation"},"geometry":{"type":"LineString","coordinates":[[-57.160714964944994,-25.490345257495],[-57.161826076024994,-25.487567479795]]}},{"type":"Feature","properties":{"category":"dem_stream","class":"tributary","threshold_label":"headwaters \u2265 80 cells","catchment_km2":6.54,"accumulation_cells":202,"vertex_count":401,"decimated":true,"source":"Copernicus GLO-30 DEM at 180 m, D8 flow accumulation"},"geometry":{"type":"MultiLineString","coordinates":[[[-57.160714964944994,-25.616456365075],[-57.163492742645,-25.615345253995],[-57.164048298184994,-25.615345253995]],[[-57.164048298184994,-25.615345253995],[-57.164603853725,-25.615900809535]]]}},{"type":"Feature","properties":{"category":"dem_stream","class":"rill","threshold_label":"headwaters \u2265 80 cells","catchment_km2":0.06,"accumulation_cells":2,"vertex_count":6,"decimated":true,"source":"Copernicus GLO-30 DEM at 180 m, D8 flow accumulation"},"geometry":{"type":"LineString","coordinates":[[-57.160159409405,-25.520900812195],[-57.160714964944994,-25.518123034495],[-57.15960385386499,-25.515345256795],[-57.157937187245,-25.512567479095],[-57.156826076165,-25.509789701395],[-57.15515940954499,-25.508123034775]]}},{"type":"Feature","properties":{"category":"dem_stream","class":"tributary","threshold_label":"headwaters \u2265 80 cells","catchment_km2":11.63,"accumulation_cells":359,"vertex_count":401,"decimated":true,"source":"Copernicus GLO-30 DEM at 180 m, D8 flow accumulation"},"geometry":{"type":"MultiLineString","coordinates":[[[-57.160159409405,-25.709234140255],[-57.160159409405,-25.710900806875]],[[-57.160159409405,-25.710900806875],[-57.160714964944994,-25.711456362415]]]}},{"type":"Feature","properties":{"category":"dem_stream","class":"rill","threshold_label":"headwaters \u2265 80 cells","catchment_km2":0.1,"accumulation_cells":3,"vertex_count":5,"decimated":false,"source":"Copernicus GLO-30 DEM at 180 m, D8 flow accumulation"},"geometry":{"type":"LineString","coordinates":[[-57.15960385386499,-25.454234147395],[-57.160159409405,-25.453678591855],[-57.160159409405,-25.453123036315],[-57.160159409405,-25.452567480775],[-57.15960385386499,-25.452011925235]]}},{"type":"Feature","properties":{"category":"dem_stream","class":"tributary","threshold_label":"headwaters \u2265 80 cells","catchment_km2":6.32,"accumulation_cells":195,"vertex_count":401,"decimated":true,"source":"Copernicus GLO-30 DEM at 180 m, D8 flow accumulation"},"geometry":{"type":"MultiLineString","coordinates":[[[-57.159048298325,-25.508678590315],[-57.156826076165,-25.507011923695],[-57.15515940954499,-25.504234145995],[-57.15404829846499,-25.502567479375]],[[-57.15404829846499,-25.502567479375],[-57.15404829846499,-25.503123034915]]]}},{"type":"Feature","properties":{"category":"dem_stream","class":"tributary","threshold_label":"headwaters \u2265 80 cells","catchment_km2":9.36,"accumulation_cells":289,"vertex_count":12,"decimated":false,"source":"Copernicus GLO-30 DEM at 180 m, D8 flow accumulation"},"geometry":{"type":"LineString","coordinates":[[-57.15849274278499,-25.540900811635],[-57.159048298325,-25.540900811635],[-57.15960385386499,-25.541456367175],[-57.160159409405,-25.541456367175],[-57.160714964944994,-25.541456367175],[-57.161270520485,-25.541456367175],[-57.161826076024994,-25.541456367175],[-57.162381631565,-25.541456367175],[-57.162937187104994,-25.541456367175],[-57.163492742645,-25.541456367175],[-57.164048298184994,-25.542011922715],[-57.164603853725,-25.542011922715]]}},{"type":"Feature","properties":{"category":"dem_stream","class":"creek","threshold_label":"headwaters \u2265 80 cells","catchment_km2":1.1,"accumulation_cells":34,"vertex_count":11,"decimated":false,"source":"Copernicus GLO-30 DEM at 180 m, D8 flow accumulation"},"geometry":{"type":"LineString","coordinates":[[-57.15849274278499,-25.687011918655],[-57.159048298325,-25.687567474195],[-57.15960385386499,-25.688123029735],[-57.160159409405,-25.688678585275],[-57.160714964944994,-25.689234140815],[-57.161270520485,-25.689234140815],[-57.161826076024994,-25.689234140815],[-57.161826076024994,-25.689789696355],[-57.162381631565,-25.690345251895],[-57.162381631565,-25.690900807435],[-57.162937187104994,-25.691456362975]]}},{"type":"Feature","properties":{"category":"dem_stream","class":"tributary","threshold_label":"headwaters \u2265 80 cells","catchment_km2":6.32,"accumulation_cells":195,"vertex_count":401,"decimated":true,"source":"Copernicus GLO-30 DEM at 180 m, D8 flow accumulation"},"geometry":{"type":"MultiLineString","coordinates":[[[-57.157937187245,-25.587567476995],[-57.15849274278499,-25.590345254695],[-57.15849274278499,-25.592011921315]],[[-57.15849274278499,-25.592011921315],[-57.15849274278499,-25.592567476855]]]}},{"type":"Feature","properties":{"category":"dem_stream","class":"rill","threshold_label":"headwaters \u2265 80 cells","catchment_km2":0.06,"accumulation_cells":2,"vertex_count":12,"decimated":false,"source":"Copernicus GLO-30 DEM at 180 m, D8 flow accumulation"},"geometry":{"type":"LineString","coordinates":[[-57.157937187245,-25.632011920195],[-57.15849274278499,-25.632567475735],[-57.159048298325,-25.632567475735],[-57.15960385386499,-25.632567475735],[-57.160159409405,-25.632567475735],[-57.160714964944994,-25.633123031275],[-57.160714964944994,-25.633678586815],[-57.160714964944994,-25.634234142355],[-57.161270520485,-25.634789697895002],[-57.161826076024994,-25.635345253435],[-57.162381631565,-25.635900808975],[-57.162381631565,-25.636456364515]]}},{"type":"Feature","properties":{"category":"dem_stream","class":"rill","threshold_label":"headwaters \u2265 80 cells","catchment_km2":0.06,"accumulation_cells":2,"vertex_count":11,"decimated":false,"source":"Copernicus GLO-30 DEM at 180 m, D8 flow accumulation"},"geometry":{"type":"LineString","coordinates":[[-57.15738163170499,-25.465345258195],[-57.157937187245,-25.464789702655],[-57.15849274278499,-25.464234147115],[-57.159048298325,-25.463678591575],[-57.15960385386499,-25.463123036035],[-57.15960385386499,-25.462567480495],[-57.160159409405,-25.462567480495],[-57.160714964944994,-25.462011924955],[-57.161270520485,-25.462011924955],[-57.160714964944994,-25.461456369415],[-57.160714964944994,-25.460900813875]]}},{"type":"Feature","properties":{"category":"dem_stream","class":"rill","threshold_label":"headwaters \u2265 80 cells","catchment_km2":0.29,"accumulation_cells":9,"vertex_count":5,"decimated":false,"source":"Copernicus GLO-30 DEM at 180 m, D8 flow accumulation"},"geometry":{"type":"LineString","coordinates":[[-57.15738163170499,-25.595900810095],[-57.157937187245,-25.596456365635],[-57.15849274278499,-25.597011921175],[-57.15849274278499,-25.597567476715],[-57.15849274278499,-25.598123032255]]}},{"type":"Feature","properties":{"category":"dem_stream","class":"rill","threshold_label":"headwaters \u2265 80 cells","catchment_km2":0.13,"accumulation_cells":4,"vertex_count":3,"decimated":false,"source":"Copernicus GLO-30 DEM at 180 m, D8 flow accumulation"},"geometry":{"type":"LineString","coordinates":[[-57.15738163170499,-25.750345250215],[-57.157937187245,-25.750345250215],[-57.15849274278499,-25.750345250215]]}},{"type":"Feature","properties":{"category":"dem_stream","class":"tributary","threshold_label":"headwaters \u2265 80 cells","catchment_km2":10.24,"accumulation_cells":316,"vertex_count":401,"decimated":true,"source":"Copernicus GLO-30 DEM at 180 m, D8 flow accumulation"},"geometry":{"type":"MultiLineString","coordinates":[[[-57.156826076165,-25.485345257635],[-57.159048298325,-25.482567479935],[-57.161270520485,-25.479789702235],[-57.164048298184994,-25.478123035615],[-57.165159409264994,-25.476456368995]],[[-57.165159409264994,-25.476456368995],[-57.165159409264994,-25.477011924535]]]}},{"type":"Feature","properties":{"category":"dem_stream","class":"tributary","threshold_label":"headwaters \u2265 80 cells","catchment_km2":6.09,"accumulation_cells":188,"vertex_count":401,"decimated":true,"source":"Copernicus GLO-30 DEM at 180 m, D8 flow accumulation"},"geometry":{"type":"MultiLineString","coordinates":[[[-57.15627052062499,-25.497011923975],[-57.15627052062499,-25.494234146275],[-57.15738163170499,-25.491456368575],[-57.15738163170499,-25.489234146415]],[[-57.15738163170499,-25.489234146415],[-57.15738163170499,-25.488678590875]]]}},{"type":"Feature","properties":{"category":"dem_stream","class":"tributary","threshold_label":"headwaters \u2265 80 cells","catchment_km2":15.68,"accumulation_cells":484,"vertex_count":401,"decimated":true,"source":"Copernicus GLO-30 DEM at 180 m, D8 flow accumulation"},"geometry":{"type":"LineString","coordinates":[[-57.15627052062499,-25.575345255115],[-57.156826076165,-25.578123032815],[-57.157937187245,-25.580900810515],[-57.15849274278499,-25.583678588215],[-57.15849274278499,-25.584234143755]]}},{"type":"Feature","properties":{"category":"dem_stream","class":"rill","threshold_label":"headwaters \u2265 80 cells","catchment_km2":0.78,"accumulation_cells":24,"vertex_count":3,"decimated":false,"source":"Copernicus GLO-30 DEM at 180 m, D8 flow accumulation"},"geometry":{"type":"LineString","coordinates":[[-57.155714965085,-25.626456364795],[-57.155714965085,-25.627011920335],[-57.15627052062499,-25.627567475875]]}},{"type":"Feature","properties":{"category":"dem_stream","class":"tributary","threshold_label":"headwaters \u2265 80 cells","catchment_km2":23.36,"accumulation_cells":721,"vertex_count":401,"decimated":true,"source":"Copernicus GLO-30 DEM at 180 m, D8 flow accumulation"},"geometry":{"type":"MultiLineString","coordinates":[[[-57.155714965085,-25.759789694395],[-57.15627052062499,-25.762567472095],[-57.159048298325,-25.764789694255],[-57.160714964944994,-25.765900805335]],[[-57.160714964944994,-25.765900805335],[-57.160159409405,-25.765900805335]]]}},{"type":"Feature","properties":{"category":"dem_stream","class":"rill","threshold_label":"headwaters \u2265 80 cells","catchment_km2":0.29,"accumulation_cells":9,"vertex_count":16,"decimated":false,"source":"Copernicus GLO-30 DEM at 180 m, D8 flow accumulation"},"geometry":{"type":"LineString","coordinates":[[-57.15515940954499,-25.473678591295],[-57.155714965085,-25.473123035755002],[-57.15627052062499,-25.472567480215],[-57.15627052062499,-25.472011924675],[-57.156826076165,-25.471456369135],[-57.15738163170499,-25.470900813595],[-57.157937187245,-25.470900813595],[-57.15849274278499,-25.470345258055],[-57.159048298325,-25.469789702515],[-57.15960385386499,-25.469234146975],[-57.15960385386499,-25.468678591435],[-57.160159409405,-25.468123035895],[-57.160714964944994,-25.468123035895],[-57.160714964944994,-25.467567480355],[-57.161270520485,-25.467567480355],[-57.161826076024994,-25.467567480355]]}},{"type":"Feature","properties":{"category":"dem_stream","class":"rill","threshold_label":"headwaters \u2265 80 cells","catchment_km2":0.39,"accumulation_cells":12,"vertex_count":8,"decimated":false,"source":"Copernicus GLO-30 DEM at 180 m, D8 flow accumulation"},"geometry":{"type":"LineString","coordinates":[[-57.15515940954499,-25.510345256935],[-57.154603854004996,-25.509789701395],[-57.154603854004996,-25.509234145855],[-57.154603854004996,-25.508678590315],[-57.15404829846499,-25.508123034775],[-57.153492742924996,-25.508123034775],[-57.153492742924996,-25.507567479235],[-57.15293718738499,-25.507011923695]]}},{"type":"Feature","properties":{"category":"dem_stream","class":"rill","threshold_label":"headwaters \u2265 80 cells","catchment_km2":0.1,"accumulation_cells":3,"vertex_count":11,"decimated":false,"source":"Copernicus GLO-30 DEM at 180 m, D8 flow accumulation"},"geometry":{"type":"LineString","coordinates":[[-57.15404829846499,-25.627011920335],[-57.154603854004996,-25.627567475875],[-57.15515940954499,-25.627567475875],[-57.155714965085,-25.628123031415],[-57.155714965085,-25.628678586955],[-57.15627052062499,-25.629234142495],[-57.156826076165,-25.629234142495],[-57.15738163170499,-25.629234142495],[-57.157937187245,-25.629789698035],[-57.15849274278499,-25.630345253575],[-57.15849274278499,-25.630900809115]]}},{"type":"Feature","properties":{"category":"dem_stream","class":"rill","threshold_label":"headwaters \u2265 80 cells","catchment_km2":0.19,"accumulation_cells":6,"vertex_count":13,"decimated":false,"source":"Copernicus GLO-30 DEM at 180 m, D8 flow accumulation"},"geometry":{"type":"LineString","coordinates":[[-57.15293718738499,-25.459789702795],[-57.15293718738499,-25.459234147255],[-57.153492742924996,-25.458678591715],[-57.15404829846499,-25.458123036175],[-57.15404829846499,-25.457567480635],[-57.15404829846499,-25.457011925095],[-57.15404829846499,-25.456456369555],[-57.153492742924996,-25.455900814015],[-57.153492742924996,-25.455345258475],[-57.153492742924996,-25.454789702935],[-57.15404829846499,-25.454234147395],[-57.154603854004996,-25.453678591855],[-57.15515940954499,-25.453678591855]]}},{"type":"Feature","properties":{"category":"dem_stream","class":"creek","threshold_label":"headwaters \u2265 80 cells","catchment_km2":2.53,"accumulation_cells":78,"vertex_count":15,"decimated":false,"source":"Copernicus GLO-30 DEM at 180 m, D8 flow accumulation"},"geometry":{"type":"LineString","coordinates":[[-57.15293718738499,-25.599234143335],[-57.153492742924996,-25.599234143335],[-57.15404829846499,-25.599789698875],[-57.154603854004996,-25.600345254415],[-57.15515940954499,-25.600900809955],[-57.15515940954499,-25.601456365495],[-57.155714965085,-25.602011921035],[-57.15627052062499,-25.602567476575],[-57.156826076165,-25.602567476575],[-57.15738163170499,-25.603123032115],[-57.157937187245,-25.603123032115],[-57.15849274278499,-25.603678587655],[-57.15849274278499,-25.604234143195],[-57.15849274278499,-25.604789698735],[-57.15849274278499,-25.605345254275]]}},{"type":"Feature","properties":{"category":"dem_stream","class":"tributary","threshold_label":"headwaters \u2265 80 cells","catchment_km2":7.13,"accumulation_cells":220,"vertex_count":5,"decimated":false,"source":"Copernicus GLO-30 DEM at 180 m, D8 flow accumulation"},"geometry":{"type":"LineString","coordinates":[[-57.15293718738499,-25.601456365495],[-57.153492742924996,-25.601456365495],[-57.15404829846499,-25.601456365495],[-57.154603854004996,-25.601456365495],[-57.15515940954499,-25.602011921035]]}},{"type":"Feature","properties":{"category":"dem_stream","class":"creek","threshold_label":"headwaters \u2265 80 cells","catchment_km2":4.21,"accumulation_cells":130,"vertex_count":401,"decimated":true,"source":"Copernicus GLO-30 DEM at 180 m, D8 flow accumulation"},"geometry":{"type":"MultiLineString","coordinates":[[[-57.15293718738499,-25.779789693835],[-57.154603854004996,-25.778678582755]],[[-57.154603854004996,-25.778678582755],[-57.15515940954499,-25.778678582755]]]}},{"type":"Feature","properties":{"category":"dem_stream","class":"creek","threshold_label":"headwaters \u2265 80 cells","catchment_km2":4.24,"accumulation_cells":131,"vertex_count":401,"decimated":true,"source":"Copernicus GLO-30 DEM at 180 m, D8 flow accumulation"},"geometry":{"type":"LineString","coordinates":[[-57.152381631844996,-25.442011925515],[-57.15404829846499,-25.441456369975]]}},{"type":"Feature","properties":{"category":"dem_stream","class":"rill","threshold_label":"headwaters \u2265 80 cells","catchment_km2":0.06,"accumulation_cells":2,"vertex_count":9,"decimated":false,"source":"Copernicus GLO-30 DEM at 180 m, D8 flow accumulation"},"geometry":{"type":"LineString","coordinates":[[-57.152381631844996,-25.644789697615],[-57.152381631844996,-25.645345253155],[-57.152381631844996,-25.645900808695],[-57.15293718738499,-25.646456364235],[-57.15293718738499,-25.647011919775],[-57.15293718738499,-25.647567475315],[-57.153492742924996,-25.648123030855],[-57.15404829846499,-25.648678586395],[-57.154603854004996,-25.648678586395]]}},{"type":"Feature","properties":{"category":"dem_stream","class":"creek","threshold_label":"headwaters \u2265 80 cells","catchment_km2":3.3,"accumulation_cells":102,"vertex_count":401,"decimated":true,"source":"Copernicus GLO-30 DEM at 180 m, D8 flow accumulation"},"geometry":{"type":"LineString","coordinates":[[-57.150714965225,-25.491456368575],[-57.151270520764996,-25.490900813035]]}},{"type":"Feature","properties":{"category":"dem_stream","class":"tributary","threshold_label":"headwaters \u2265 80 cells","catchment_km2":18.11,"accumulation_cells":559,"vertex_count":20,"decimated":false,"source":"Copernicus GLO-30 DEM at 180 m, D8 flow accumulation"},"geometry":{"type":"LineString","coordinates":[[-57.150714965225,-25.764234138715],[-57.151270520764996,-25.764789694255],[-57.151270520764996,-25.765345249795],[-57.15182607630499,-25.765900805335],[-57.152381631844996,-25.765900805335],[-57.15293718738499,-25.765900805335],[-57.153492742924996,-25.766456360875],[-57.15404829846499,-25.767011916415],[-57.154603854004996,-25.767567471955],[-57.154603854004996,-25.768123027495],[-57.15515940954499,-25.768678583035],[-57.155714965085,-25.769234138575],[-57.15627052062499,-25.769789694115],[-57.156826076165,-25.769234138575],[-57.15738163170499,-25.768678583035],[-57.157937187245,-25.768123027495],[-57.157937187245,-25.767567471955],[-57.15849274278499,-25.767011916415],[-57.159048298325,-25.766456360875],[-57.15960385386499,-25.766456360875]]}},{"type":"Feature","properties":{"category":"dem_stream","class":"rill","threshold_label":"headwaters \u2265 80 cells","catchment_km2":0.13,"accumulation_cells":4,"vertex_count":9,"decimated":false,"source":"Copernicus GLO-30 DEM at 180 m, D8 flow accumulation"},"geometry":{"type":"LineString","coordinates":[[-57.150159409684996,-25.744789694815],[-57.150159409684996,-25.744234139275],[-57.150714965225,-25.743678583735],[-57.150714965225,-25.743123028195],[-57.150714965225,-25.742567472655],[-57.150714965225,-25.742011917115],[-57.151270520764996,-25.741456361575],[-57.15182607630499,-25.740900806035],[-57.15182607630499,-25.740345250495]]}},{"type":"Feature","properties":{"category":"dem_stream","class":"rill","threshold_label":"headwaters \u2265 80 cells","catchment_km2":0.1,"accumulation_cells":3,"vertex_count":9,"decimated":false,"source":"Copernicus GLO-30 DEM at 180 m, D8 flow accumulation"},"geometry":{"type":"LineString","coordinates":[[-57.149603854145,-25.639234142215],[-57.150159409684996,-25.639789697755],[-57.150159409684996,-25.640345253295],[-57.150159409684996,-25.640900808835],[-57.150714965225,-25.641456364375],[-57.151270520764996,-25.642011919915],[-57.151270520764996,-25.642567475455],[-57.151270520764996,-25.643123030995],[-57.15182607630499,-25.643678586535]]}},{"type":"Feature","properties":{"category":"dem_stream","class":"tributary","threshold_label":"headwaters \u2265 80 cells","catchment_km2":6.74,"accumulation_cells":208,"vertex_count":401,"decimated":true,"source":"Copernicus GLO-30 DEM at 180 m, D8 flow accumulation"},"geometry":{"type":"LineString","coordinates":[[-57.149048298604995,-25.557567477835],[-57.147381631985,-25.557567477835]]}},{"type":"Feature","properties":{"category":"dem_stream","class":"tributary","threshold_label":"headwaters \u2265 80 cells","catchment_km2":6.38,"accumulation_cells":197,"vertex_count":401,"decimated":true,"source":"Copernicus GLO-30 DEM at 180 m, D8 flow accumulation"},"geometry":{"type":"MultiLineString","coordinates":[[[-57.148492743065,-25.518123034495],[-57.147937187524995,-25.517567478955]],[[-57.147937187524995,-25.517567478955],[-57.147937187524995,-25.517011923415]]]}},{"type":"Feature","properties":{"category":"dem_stream","class":"rill","threshold_label":"headwaters \u2265 80 cells","catchment_km2":0.23,"accumulation_cells":7,"vertex_count":3,"decimated":false,"source":"Copernicus GLO-30 DEM at 180 m, D8 flow accumulation"},"geometry":{"type":"LineString","coordinates":[[-57.148492743065,-25.639789697755],[-57.148492743065,-25.640345253295],[-57.149048298604995,-25.640900808835]]}},{"type":"Feature","properties":{"category":"dem_stream","class":"tributary","threshold_label":"headwaters \u2265 80 cells","catchment_km2":6.16,"accumulation_cells":190,"vertex_count":10,"decimated":false,"source":"Copernicus GLO-30 DEM at 180 m, D8 flow accumulation"},"geometry":{"type":"LineString","coordinates":[[-57.148492743065,-25.651456364095],[-57.149048298604995,-25.651456364095],[-57.149603854145,-25.650900808555],[-57.150159409684996,-25.650900808555],[-57.150714965225,-25.650900808555],[-57.151270520764996,-25.650345253015],[-57.15182607630499,-25.649789697475],[-57.152381631844996,-25.649789697475],[-57.15293718738499,-25.649234141935],[-57.153492742924996,-25.648678586395]]}},{"type":"Feature","properties":{"category":"dem_stream","class":"tributary","threshold_label":"headwaters \u2265 80 cells","catchment_km2":10.5,"accumulation_cells":324,"vertex_count":401,"decimated":true,"source":"Copernicus GLO-30 DEM at 180 m, D8 flow accumulation"},"geometry":{"type":"MultiLineString","coordinates":[[[-57.147381631985,-25.524789700975],[-57.147381631985,-25.522011923275],[-57.146826076444995,-25.519234145575002],[-57.145714965364995,-25.516456367875],[-57.144603854284995,-25.514789701255]],[[-57.144603854284995,-25.514789701255],[-57.144603854284995,-25.514234145715]]]}},{"type":"Feature","properties":{"category":"dem_stream","class":"tributary","threshold_label":"headwaters \u2265 80 cells","catchment_km2":6.03,"accumulation_cells":186,"vertex_count":401,"decimated":true,"source":"Copernicus GLO-30 DEM at 180 m, D8 flow accumulation"},"geometry":{"type":"MultiLineString","coordinates":[[[-57.146826076444995,-25.739789694955],[-57.149603854145,-25.739789694955],[-57.150714965225,-25.739789694955]],[[-57.150714965225,-25.739789694955],[-57.150714965225,-25.739234139415]]]}},{"type":"Feature","properties":{"category":"dem_stream","class":"tributary","threshold_label":"headwaters \u2265 80 cells","catchment_km2":7.65,"accumulation_cells":236,"vertex_count":401,"decimated":true,"source":"Copernicus GLO-30 DEM at 180 m, D8 flow accumulation"},"geometry":{"type":"LineString","coordinates":[[-57.146270520905,-25.558123033375],[-57.145714965364995,-25.558123033375]]}},{"type":"Feature","properties":{"category":"dem_stream","class":"tributary","threshold_label":"headwaters \u2265 80 cells","catchment_km2":5.44,"accumulation_cells":168,"vertex_count":19,"decimated":false,"source":"Copernicus GLO-30 DEM at 180 m, D8 flow accumulation"},"geometry":{"type":"LineString","coordinates":[[-57.146270520905,-25.764234138715],[-57.146826076444995,-25.764789694255],[-57.147381631985,-25.765345249795],[-57.147937187524995,-25.765900805335],[-57.148492743065,-25.766456360875],[-57.149048298604995,-25.766456360875],[-57.149603854145,-25.767011916415],[-57.150159409684996,-25.767011916415],[-57.150714965225,-25.767011916415],[-57.151270520764996,-25.767011916415],[-57.15182607630499,-25.767567471955],[-57.152381631844996,-25.768123027495],[-57.15293718738499,-25.768678583035],[-57.153492742924996,-25.769234138575],[-57.153492742924996,-25.769789694115],[-57.15404829846499,-25.770345249655],[-57.154603854004996,-25.770345249655],[-57.15515940954499,-25.769789694115],[-57.155714965085,-25.769789694115]]}},{"type":"Feature","properties":{"category":"dem_stream","class":"rill","threshold_label":"headwaters \u2265 80 cells","catchment_km2":0.23,"accumulation_cells":7,"vertex_count":10,"decimated":false,"source":"Copernicus GLO-30 DEM at 180 m, D8 flow accumulation"},"geometry":{"type":"LineString","coordinates":[[-57.145714965364995,-25.454234147395],[-57.146270520905,-25.454789702935],[-57.146826076444995,-25.454234147395],[-57.147381631985,-25.453678591855],[-57.147937187524995,-25.453678591855],[-57.148492743065,-25.454234147395],[-57.149048298604995,-25.454234147395],[-57.149603854145,-25.453678591855],[-57.150159409684996,-25.453123036315],[-57.150714965225,-25.453678591855]]}},{"type":"Feature","properties":{"category":"dem_stream","class":"tributary","threshold_label":"headwaters \u2265 80 cells","catchment_km2":10.82,"accumulation_cells":334,"vertex_count":401,"decimated":true,"source":"Copernicus GLO-30 DEM at 180 m, D8 flow accumulation"},"geometry":{"type":"LineString","coordinates":[[-57.145714965364995,-25.725900806455],[-57.146270520905,-25.727011917535002]]}},{"type":"Feature","properties":{"category":"dem_stream","class":"creek","threshold_label":"headwaters \u2265 80 cells","catchment_km2":1.0,"accumulation_cells":31,"vertex_count":7,"decimated":false,"source":"Copernicus GLO-30 DEM at 180 m, D8 flow accumulation"},"geometry":{"type":"LineString","coordinates":[[-57.144603854284995,-25.717011917815],[-57.145159409825,-25.717011917815],[-57.145714965364995,-25.717011917815],[-57.146270520905,-25.716456362275],[-57.146826076444995,-25.716456362275],[-57.147381631985,-25.717011917815],[-57.147937187524995,-25.717011917815]]}},{"type":"Feature","properties":{"category":"dem_stream","class":"tributary","threshold_label":"headwaters \u2265 80 cells","catchment_km2":5.44,"accumulation_cells":168,"vertex_count":401,"decimated":true,"source":"Copernicus GLO-30 DEM at 180 m, D8 flow accumulation"},"geometry":{"type":"LineString","coordinates":[[-57.144603854284995,-25.786456360315],[-57.144603854284995,-25.787011915855]]}},{"type":"Feature","properties":{"category":"dem_stream","class":"tributary","threshold_label":"headwaters \u2265 80 cells","catchment_km2":6.67,"accumulation_cells":206,"vertex_count":14,"decimated":false,"source":"Copernicus GLO-30 DEM at 180 m, D8 flow accumulation"},"geometry":{"type":"LineString","coordinates":[[-57.144048298745,-25.461456369415],[-57.144048298745,-25.460900813875],[-57.144048298745,-25.460345258335],[-57.144048298745,-25.459789702795],[-57.143492743204995,-25.459234147255],[-57.143492743204995,-25.458678591715],[-57.142937187665,-25.458123036175],[-57.143492743204995,-25.457567480635],[-57.144048298745,-25.457011925095],[-57.144048298745,-25.456456369555],[-57.144603854284995,-25.455900814015],[-57.145159409825,-25.456456369555],[-57.145714965364995,-25.455900814015],[-57.146270520905,-25.455345258475]]}},{"type":"Feature","properties":{"category":"dem_stream","class":"tributary","threshold_label":"headwaters \u2265 80 cells","catchment_km2":11.79,"accumulation_cells":364,"vertex_count":401,"decimated":true,"source":"Copernicus GLO-30 DEM at 180 m, D8 flow accumulation"},"geometry":{"type":"MultiLineString","coordinates":[[[-57.144048298745,-25.484234146555],[-57.142937187665,-25.481456368855],[-57.140714965505,-25.478678591155]],[[-57.140714965505,-25.478678591155],[-57.141270521044994,-25.479234146695]]]}},{"type":"Feature","properties":{"category":"dem_stream","class":"tributary","threshold_label":"headwaters \u2265 80 cells","catchment_km2":5.96,"accumulation_cells":184,"vertex_count":401,"decimated":true,"source":"Copernicus GLO-30 DEM at 180 m, D8 flow accumulation"},"geometry":{"type":"MultiLineString","coordinates":[[[-57.142937187665,-25.774789693975],[-57.145714965364995,-25.775345249515],[-57.146270520905,-25.778123027215],[-57.149048298604995,-25.779234138295],[-57.149603854145,-25.779234138295]],[[-57.149603854145,-25.779234138295],[-57.149603854145,-25.779789693835]]]}},{"type":"Feature","properties":{"category":"dem_stream","class":"creek","threshold_label":"headwaters \u2265 80 cells","catchment_km2":4.34,"accumulation_cells":134,"vertex_count":401,"decimated":true,"source":"Copernicus GLO-30 DEM at 180 m, D8 flow accumulation"},"geometry":{"type":"LineString","coordinates":[[-57.142381632124994,-25.591456365775],[-57.142937187665,-25.590900810235]]}},{"type":"Feature","properties":{"category":"dem_stream","class":"tributary","threshold_label":"headwaters \u2265 80 cells","catchment_km2":7.52,"accumulation_cells":232,"vertex_count":401,"decimated":true,"source":"Copernicus GLO-30 DEM at 180 m, D8 flow accumulation"},"geometry":{"type":"LineString","coordinates":[[-57.142381632124994,-25.780900804915],[-57.145159409825,-25.783678582615],[-57.145714965364995,-25.785900804775]]}},{"type":"Feature","properties":{"category":"dem_stream","class":"tributary","threshold_label":"headwaters \u2265 80 cells","catchment_km2":8.85,"accumulation_cells":273,"vertex_count":401,"decimated":true,"source":"Copernicus GLO-30 DEM at 180 m, D8 flow accumulation"},"geometry":{"type":"MultiLineString","coordinates":[[[-57.141826076585,-25.518123034495],[-57.142937187665,-25.515900812335]],[[-57.142937187665,-25.515900812335],[-57.142381632124994,-25.515900812335]]]}},{"type":"Feature","properties":{"category":"dem_stream","class":"main","threshold_label":"headwaters \u2265 80 cells","catchment_km2":28.32,"accumulation_cells":874,"vertex_count":401,"decimated":true,"source":"Copernicus GLO-30 DEM at 180 m, D8 flow accumulation"},"geometry":{"type":"LineString","coordinates":[[-57.141826076585,-25.526456367595],[-57.141270521044994,-25.523678589895],[-57.142381632124994,-25.522011923275]]}},{"type":"Feature","properties":{"category":"dem_stream","class":"rill","threshold_label":"headwaters \u2265 80 cells","catchment_km2":0.75,"accumulation_cells":23,"vertex_count":7,"decimated":false,"source":"Copernicus GLO-30 DEM at 180 m, D8 flow accumulation"},"geometry":{"type":"LineString","coordinates":[[-57.141826076585,-25.557567477835],[-57.141826076585,-25.558123033375],[-57.141826076585,-25.558678588915],[-57.141826076585,-25.559234144455],[-57.141826076585,-25.559789699995],[-57.141826076585,-25.560345255535],[-57.141826076585,-25.560900811075]]}},{"type":"Feature","properties":{"category":"dem_stream","class":"tributary","threshold_label":"headwaters \u2265 80 cells","catchment_km2":10.72,"accumulation_cells":331,"vertex_count":401,"decimated":true,"source":"Copernicus GLO-30 DEM at 180 m, D8 flow accumulation"},"geometry":{"type":"MultiLineString","coordinates":[[[-57.141826076585,-25.712011917955],[-57.144603854284995,-25.712011917955],[-57.146826076444995,-25.712567473495],[-57.146826076444995,-25.713123029035]],[[-57.146826076444995,-25.713123029035],[-57.146826076444995,-25.713678584575]]]}},{"type":"Feature","properties":{"category":"dem_stream","class":"creek","threshold_label":"headwaters \u2265 80 cells","catchment_km2":2.72,"accumulation_cells":84,"vertex_count":3,"decimated":false,"source":"Copernicus GLO-30 DEM at 180 m, D8 flow accumulation"},"geometry":{"type":"LineString","coordinates":[[-57.140714965505,-25.710345251335],[-57.141270521044994,-25.710900806875],[-57.141826076585,-25.711456362415]]}},{"type":"Feature","properties":{"category":"dem_stream","class":"rill","threshold_label":"headwaters \u2265 80 cells","catchment_km2":0.42,"accumulation_cells":13,"vertex_count":8,"decimated":true,"source":"Copernicus GLO-30 DEM at 180 m, D8 flow accumulation"},"geometry":{"type":"LineString","coordinates":[[-57.140714965505,-25.768678583035],[-57.142381632124994,-25.771456360735],[-57.145159409825,-25.772011916275],[-57.147937187524995,-25.773678582895],[-57.150714965225,-25.773123027355002],[-57.153492742924996,-25.774234138435],[-57.15627052062499,-25.776456360595],[-57.15849274278499,-25.775900805055]]}},{"type":"Feature","properties":{"category":"dem_stream","class":"rill","threshold_label":"headwaters \u2265 80 cells","catchment_km2":0.23,"accumulation_cells":7,"vertex_count":3,"decimated":false,"source":"Copernicus GLO-30 DEM at 180 m, D8 flow accumulation"},"geometry":{"type":"LineString","coordinates":[[-57.140159409964994,-25.480345257775],[-57.140714965505,-25.479789702235],[-57.140714965505,-25.479234146695]]}},{"type":"Feature","properties":{"category":"dem_stream","class":"creek","threshold_label":"headwaters \u2265 80 cells","catchment_km2":2.27,"accumulation_cells":70,"vertex_count":4,"decimated":false,"source":"Copernicus GLO-30 DEM at 180 m, D8 flow accumulation"},"geometry":{"type":"LineString","coordinates":[[-57.139603854425,-25.566456366475],[-57.140159409964994,-25.566456366475],[-57.140714965505,-25.567011922015],[-57.141270521044994,-25.567567477555]]}},{"type":"Feature","properties":{"category":"dem_stream","class":"tributary","threshold_label":"headwaters \u2265 80 cells","catchment_km2":8.42,"accumulation_cells":260,"vertex_count":401,"decimated":true,"source":"Copernicus GLO-30 DEM at 180 m, D8 flow accumulation"},"geometry":{"type":"MultiLineString","coordinates":[[[-57.139603854425,-25.727567473075],[-57.142381632124994,-25.728678584155],[-57.145159409825,-25.729234139695],[-57.146270520905,-25.730345250775]],[[-57.146270520905,-25.730345250775],[-57.145714965364995,-25.729789695235]]]}},{"type":"Feature","properties":{"category":"dem_stream","class":"tributary","threshold_label":"headwaters \u2265 80 cells","catchment_km2":6.74,"accumulation_cells":208,"vertex_count":401,"decimated":true,"source":"Copernicus GLO-30 DEM at 180 m, D8 flow accumulation"},"geometry":{"type":"LineString","coordinates":[[-57.139048298884994,-25.434789703495],[-57.139603854425,-25.437567481195],[-57.139603854425,-25.438123036735]]}},{"type":"Feature","properties":{"category":"dem_stream","class":"tributary","threshold_label":"headwaters \u2265 80 cells","catchment_km2":12.05,"accumulation_cells":372,"vertex_count":401,"decimated":true,"source":"Copernicus GLO-30 DEM at 180 m, D8 flow accumulation"},"geometry":{"type":"LineString","coordinates":[[-57.139048298884994,-25.629234142495],[-57.136826076724994,-25.627567475875],[-57.135159410105,-25.627567475875]]}},{"type":"Feature","properties":{"category":"dem_stream","class":"tributary","threshold_label":"headwaters \u2265 80 cells","catchment_km2":6.16,"accumulation_cells":190,"vertex_count":401,"decimated":true,"source":"Copernicus GLO-30 DEM at 180 m, D8 flow accumulation"},"geometry":{"type":"MultiLineString","coordinates":[[[-57.138492743345,-25.696456362835],[-57.139048298884994,-25.696456362835]],[[-57.139048298884994,-25.696456362835],[-57.139048298884994,-25.695900807295]]]}},{"type":"Feature","properties":{"category":"dem_stream","class":"rill","threshold_label":"headwaters \u2265 80 cells","catchment_km2":0.26,"accumulation_cells":8,"vertex_count":14,"decimated":false,"source":"Copernicus GLO-30 DEM at 180 m, D8 flow accumulation"},"geometry":{"type":"LineString","coordinates":[[-57.137937187804994,-25.467567480355],[-57.137937187804994,-25.467011924815],[-57.137381632265,-25.466456369275],[-57.137381632265,-25.465900813735],[-57.136826076724994,-25.465345258195],[-57.136270521185,-25.464789702655],[-57.136270521185,-25.464234147115],[-57.136270521185,-25.463678591575],[-57.136826076724994,-25.463123036035],[-57.137381632265,-25.462567480495],[-57.137381632265,-25.462011924955],[-57.137937187804994,-25.461456369415],[-57.137381632265,-25.460900813875],[-57.137937187804994,-25.460345258335]]}},{"type":"Feature","properties":{"category":"dem_stream","class":"creek","threshold_label":"headwaters \u2265 80 cells","catchment_km2":4.08,"accumulation_cells":126,"vertex_count":401,"decimated":true,"source":"Copernicus GLO-30 DEM at 180 m, D8 flow accumulation"},"geometry":{"type":"MultiLineString","coordinates":[[[-57.137381632265,-25.505900812615],[-57.137381632265,-25.505345257075]],[[-57.137381632265,-25.505345257075],[-57.137937187804994,-25.505345257075]]]}},{"type":"Feature","properties":{"category":"dem_stream","class":"rill","threshold_label":"headwaters \u2265 80 cells","catchment_km2":0.1,"accumulation_cells":3,"vertex_count":5,"decimated":false,"source":"Copernicus GLO-30 DEM at 180 m, D8 flow accumulation"},"geometry":{"type":"LineString","coordinates":[[-57.137381632265,-25.553678589055],[-57.137937187804994,-25.553678589055],[-57.138492743345,-25.554234144595],[-57.139048298884994,-25.554789700135],[-57.139603854425,-25.555345255675]]}},{"type":"Feature","properties":{"category":"dem_stream","class":"tributary","threshold_label":"headwaters \u2265 80 cells","catchment_km2":7.42,"accumulation_cells":229,"vertex_count":401,"decimated":true,"source":"Copernicus GLO-30 DEM at 180 m, D8 flow accumulation"},"geometry":{"type":"MultiLineString","coordinates":[[[-57.137381632265,-25.575900810655],[-57.140159409964994,-25.575345255115],[-57.140714965505,-25.574789699575]],[[-57.140714965505,-25.574789699575],[-57.141270521044994,-25.575345255115]]]}},{"type":"Feature","properties":{"category":"dem_stream","class":"tributary","threshold_label":"headwaters \u2265 80 cells","catchment_km2":6.51,"accumulation_cells":201,"vertex_count":12,"decimated":false,"source":"Copernicus GLO-30 DEM at 180 m, D8 flow accumulation"},"geometry":{"type":"LineString","coordinates":[[-57.136826076724994,-25.528123034215],[-57.137381632265,-25.527567478675],[-57.137937187804994,-25.527011923135],[-57.138492743345,-25.526456367595],[-57.138492743345,-25.525900812055],[-57.139048298884994,-25.525345256515],[-57.139603854425,-25.524789700975],[-57.140159409964994,-25.524234145435],[-57.140159409964994,-25.523678589895],[-57.140159409964994,-25.523123034355],[-57.140714965505,-25.522567478815],[-57.141270521044994,-25.522567478815]]}},{"type":"Feature","properties":{"category":"dem_stream","class":"tributary","threshold_label":"headwaters \u2265 80 cells","catchment_km2":5.93,"accumulation_cells":183,"vertex_count":401,"decimated":true,"source":"Copernicus GLO-30 DEM at 180 m, D8 flow accumulation"},"geometry":{"type":"MultiLineString","coordinates":[[[-57.136826076724994,-25.700345251615],[-57.138492743345,-25.698678584995]],[[-57.138492743345,-25.698678584995],[-57.138492743345,-25.698123029455]]]}},{"type":"Feature","properties":{"category":"dem_stream","class":"creek","threshold_label":"headwaters \u2265 80 cells","catchment_km2":1.85,"accumulation_cells":57,"vertex_count":6,"decimated":false,"source":"Copernicus GLO-30 DEM at 180 m, D8 flow accumulation"},"geometry":{"type":"LineString","coordinates":[[-57.136270521185,-25.692567474055],[-57.136826076724994,-25.693123029595],[-57.137381632265,-25.693678585135],[-57.137937187804994,-25.693678585135],[-57.138492743345,-25.694234140675],[-57.139048298884994,-25.694234140675]]}},{"type":"Feature","properties":{"category":"dem_stream","class":"rill","threshold_label":"headwaters \u2265 80 cells","catchment_km2":0.29,"accumulation_cells":9,"vertex_count":3,"decimated":false,"source":"Copernicus GLO-30 DEM at 180 m, D8 flow accumulation"},"geometry":{"type":"LineString","coordinates":[[-57.13460385456499,-25.450345258615002],[-57.135159410105,-25.450900814155],[-57.13571496564499,-25.450345258615002]]}},{"type":"Feature","properties":{"category":"dem_stream","class":"rill","threshold_label":"headwaters \u2265 80 cells","catchment_km2":0.13,"accumulation_cells":4,"vertex_count":3,"decimated":false,"source":"Copernicus GLO-30 DEM at 180 m, D8 flow accumulation"},"geometry":{"type":"LineString","coordinates":[[-57.134048299025,-25.471456369135],[-57.134048299025,-25.470900813595],[-57.134048299025,-25.470345258055]]}},{"type":"Feature","properties":{"category":"dem_stream","class":"rill","threshold_label":"headwaters \u2265 80 cells","catchment_km2":0.26,"accumulation_cells":8,"vertex_count":10,"decimated":false,"source":"Copernicus GLO-30 DEM at 180 m, D8 flow accumulation"},"geometry":{"type":"LineString","coordinates":[[-57.13349274348499,-25.682011918795],[-57.134048299025,-25.682011918795],[-57.13460385456499,-25.681456363255],[-57.135159410105,-25.680900807715002],[-57.13571496564499,-25.680900807715002],[-57.136270521185,-25.680900807715002],[-57.136826076724994,-25.680345252175],[-57.136826076724994,-25.679789696635],[-57.137381632265,-25.680345252175],[-57.137937187804994,-25.680900807715002]]}},{"type":"Feature","properties":{"category":"dem_stream","class":"rill","threshold_label":"headwaters \u2265 80 cells","catchment_km2":0.36,"accumulation_cells":11,"vertex_count":10,"decimated":false,"source":"Copernicus GLO-30 DEM at 180 m, D8 flow accumulation"},"geometry":{"type":"LineString","coordinates":[[-57.13349274348499,-25.756456361155],[-57.132937187945,-25.755900805615],[-57.13238163240499,-25.755345250075],[-57.131826076864996,-25.755345250075],[-57.13127052132499,-25.755345250075],[-57.130714965784996,-25.754789694535],[-57.13015941024499,-25.754234138995],[-57.129603854704996,-25.754234138995],[-57.12904829916499,-25.753678583455],[-57.128492743624996,-25.753678583455]]}},{"type":"Feature","properties":{"category":"dem_stream","class":"rill","threshold_label":"headwaters \u2265 80 cells","catchment_km2":0.13,"accumulation_cells":4,"vertex_count":16,"decimated":false,"source":"Copernicus GLO-30 DEM at 180 m, D8 flow accumulation"},"geometry":{"type":"LineString","coordinates":[[-57.132937187945,-25.520900812195],[-57.132937187945,-25.520345256655],[-57.13349274348499,-25.519789701115],[-57.13349274348499,-25.519234145575002],[-57.13349274348499,-25.518678590035],[-57.13349274348499,-25.518123034495],[-57.13349274348499,-25.517567478955],[-57.13349274348499,-25.517011923415],[-57.13349274348499,-25.516456367875],[-57.132937187945,-25.515900812335],[-57.132937187945,-25.515345256795],[-57.132937187945,-25.514789701255],[-57.13238163240499,-25.514234145715],[-57.131826076864996,-25.514234145715],[-57.13127052132499,-25.514234145715],[-57.130714965784996,-25.513678590175]]}},{"type":"Feature","properties":{"category":"dem_stream","class":"rill","threshold_label":"headwaters \u2265 80 cells","catchment_km2":0.32,"accumulation_cells":10,"vertex_count":9,"decimated":false,"source":"Copernicus GLO-30 DEM at 180 m, D8 flow accumulation"},"geometry":{"type":"LineString","coordinates":[[-57.132937187945,-25.607011920895],[-57.13349274348499,-25.607011920895],[-57.134048299025,-25.607011920895],[-57.13460385456499,-25.606456365355],[-57.135159410105,-25.606456365355],[-57.13571496564499,-25.606456365355],[-57.136270521185,-25.606456365355],[-57.136270521185,-25.607011920895],[-57.136826076724994,-25.607567476435]]}},{"type":"Feature","properties":{"category":"dem_stream","class":"tributary","threshold_label":"headwaters \u2265 80 cells","catchment_km2":12.44,"accumulation_cells":384,"vertex_count":401,"decimated":true,"source":"Copernicus GLO-30 DEM at 180 m, D8 flow accumulation"},"geometry":{"type":"LineString","coordinates":[[-57.132937187945,-25.617011920615],[-57.135159410105,-25.617011920615]]}},{"type":"Feature","properties":{"category":"dem_stream","class":"rill","threshold_label":"headwaters \u2265 80 cells","catchment_km2":0.29,"accumulation_cells":9,"vertex_count":3,"decimated":false,"source":"Copernicus GLO-30 DEM at 180 m, D8 flow accumulation"},"geometry":{"type":"LineString","coordinates":[[-57.13238163240499,-25.670900807995],[-57.132937187945,-25.671456363535],[-57.13349274348499,-25.671456363535]]}},{"type":"Feature","properties":{"category":"dem_stream","class":"rill","threshold_label":"headwaters \u2265 80 cells","catchment_km2":0.32,"accumulation_cells":10,"vertex_count":11,"decimated":false,"source":"Copernicus GLO-30 DEM at 180 m, D8 flow accumulation"},"geometry":{"type":"LineString","coordinates":[[-57.131826076864996,-25.539789700555],[-57.13238163240499,-25.539234145015],[-57.132937187945,-25.538678589475],[-57.13349274348499,-25.538678589475],[-57.134048299025,-25.539234145015],[-57.13460385456499,-25.539789700555],[-57.135159410105,-25.540345256095],[-57.13571496564499,-25.540345256095],[-57.136270521185,-25.540900811635],[-57.136270521185,-25.541456367175],[-57.136826076724994,-25.542011922715]]}},{"type":"Feature","properties":{"category":"dem_stream","class":"creek","threshold_label":"headwaters \u2265 80 cells","catchment_km2":4.08,"accumulation_cells":126,"vertex_count":5,"decimated":false,"source":"Copernicus GLO-30 DEM at 180 m, D8 flow accumulation"},"geometry":{"type":"LineString","coordinates":[[-57.13127052132499,-25.535900811775],[-57.131826076864996,-25.536456367315],[-57.131826076864996,-25.537011922855],[-57.13238163240499,-25.537567478395],[-57.132937187945,-25.538123033935]]}},{"type":"Feature","properties":{"category":"dem_stream","class":"creek","threshold_label":"headwaters \u2265 80 cells","catchment_km2":4.21,"accumulation_cells":130,"vertex_count":401,"decimated":true,"source":"Copernicus GLO-30 DEM at 180 m, D8 flow accumulation"},"geometry":{"type":"MultiLineString","coordinates":[[[-57.13127052132499,-25.593123032395],[-57.131826076864996,-25.593123032395]],[[-57.131826076864996,-25.593123032395],[-57.131826076864996,-25.592567476855]]]}},{"type":"Feature","properties":{"category":"dem_stream","class":"rill","threshold_label":"headwaters \u2265 80 cells","catchment_km2":0.49,"accumulation_cells":15,"vertex_count":3,"decimated":false,"source":"Copernicus GLO-30 DEM at 180 m, D8 flow accumulation"},"geometry":{"type":"LineString","coordinates":[[-57.129603854704996,-25.589234143615],[-57.13015941024499,-25.589789699155],[-57.130714965784996,-25.590345254695]]}},{"type":"Feature","properties":{"category":"dem_stream","class":"tributary","threshold_label":"headwaters \u2265 80 cells","catchment_km2":5.54,"accumulation_cells":171,"vertex_count":401,"decimated":true,"source":"Copernicus GLO-30 DEM at 180 m, D8 flow accumulation"},"geometry":{"type":"MultiLineString","coordinates":[[[-57.12904829916499,-25.510345256935],[-57.129603854704996,-25.507567479235],[-57.129603854704996,-25.507011923695]],[[-57.129603854704996,-25.507011923695],[-57.12904829916499,-25.506456368155]]]}},{"type":"Feature","properties":{"category":"dem_stream","class":"tributary","threshold_label":"headwaters \u2265 80 cells","catchment_km2":11.02,"accumulation_cells":340,"vertex_count":401,"decimated":true,"source":"Copernicus GLO-30 DEM at 180 m, D8 flow accumulation"},"geometry":{"type":"LineString","coordinates":[[-57.128492743624996,-25.439789703355],[-57.13015941024499,-25.442567481055],[-57.132937187945,-25.444789703215],[-57.13349274348499,-25.447011925375]]}},{"type":"Feature","properties":{"category":"dem_stream","class":"creek","threshold_label":"headwaters \u2265 80 cells","catchment_km2":3.3,"accumulation_cells":102,"vertex_count":401,"decimated":true,"source":"Copernicus GLO-30 DEM at 180 m, D8 flow accumulation"},"geometry":{"type":"MultiLineString","coordinates":[[[-57.128492743624996,-25.663678585975],[-57.12904829916499,-25.662011919355]],[[-57.12904829916499,-25.662011919355],[-57.12904829916499,-25.662567474895]]]}},{"type":"Feature","properties":{"category":"dem_stream","class":"creek","threshold_label":"headwaters \u2265 80 cells","catchment_km2":2.4,"accumulation_cells":74,"vertex_count":9,"decimated":false,"source":"Copernicus GLO-30 DEM at 180 m, D8 flow accumulation"},"geometry":{"type":"LineString","coordinates":[[-57.12793718808499,-25.449234147535],[-57.12793718808499,-25.449789703075],[-57.12793718808499,-25.450345258615002],[-57.12793718808499,-25.450900814155],[-57.12793718808499,-25.451456369695],[-57.128492743624996,-25.451456369695],[-57.12904829916499,-25.450900814155],[-57.129603854704996,-25.450345258615002],[-57.13015941024499,-25.450345258615002]]}},{"type":"Feature","properties":{"category":"dem_stream","class":"tributary","threshold_label":"headwaters \u2265 80 cells","catchment_km2":10.89,"accumulation_cells":336,"vertex_count":20,"decimated":false,"source":"Copernicus GLO-30 DEM at 180 m, D8 flow accumulation"},"geometry":{"type":"LineString","coordinates":[[-57.127381632544996,-25.548123033655],[-57.12793718808499,-25.548123033655],[-57.128492743624996,-25.548123033655],[-57.12904829916499,-25.548123033655],[-57.129603854704996,-25.548123033655],[-57.13015941024499,-25.548123033655],[-57.130714965784996,-25.548123033655],[-57.13127052132499,-25.548123033655],[-57.131826076864996,-25.548123033655],[-57.13238163240499,-25.548123033655],[-57.132937187945,-25.548678589195],[-57.13349274348499,-25.548678589195],[-57.134048299025,-25.549234144735],[-57.13460385456499,-25.549789700275],[-57.135159410105,-25.550345255815],[-57.13571496564499,-25.550900811355],[-57.136270521185,-25.551456366895],[-57.136270521185,-25.552011922435],[-57.136826076724994,-25.552567477975],[-57.137381632265,-25.553123033515]]}},{"type":"Feature","properties":{"category":"dem_stream","class":"rill","threshold_label":"headwaters \u2265 80 cells","catchment_km2":0.26,"accumulation_cells":8,"vertex_count":13,"decimated":false,"source":"Copernicus GLO-30 DEM at 180 m, D8 flow accumulation"},"geometry":{"type":"LineString","coordinates":[[-57.127381632544996,-25.561456366615],[-57.12793718808499,-25.561456366615],[-57.128492743624996,-25.561456366615],[-57.12904829916499,-25.561456366615],[-57.129603854704996,-25.561456366615],[-57.13015941024499,-25.561456366615],[-57.130714965784996,-25.561456366615],[-57.13127052132499,-25.561456366615],[-57.131826076864996,-25.561456366615],[-57.13238163240499,-25.561456366615],[-57.132937187945,-25.561456366615],[-57.13349274348499,-25.562011922155],[-57.134048299025,-25.562011922155]]}},{"type":"Feature","properties":{"category":"dem_stream","class":"tributary","threshold_label":"headwaters \u2265 80 cells","catchment_km2":8.36,"accumulation_cells":258,"vertex_count":401,"decimated":true,"source":"Copernicus GLO-30 DEM at 180 m, D8 flow accumulation"},"geometry":{"type":"MultiLineString","coordinates":[[[-57.127381632544996,-25.597567476715],[-57.13015941024499,-25.597567476715],[-57.132937187945,-25.597011921175],[-57.13349274348499,-25.597567476715]],[[-57.13349274348499,-25.597567476715],[-57.13349274348499,-25.598123032255]]]}},{"type":"Feature","properties":{"category":"dem_stream","class":"tributary","threshold_label":"headwaters \u2265 80 cells","catchment_km2":9.98,"accumulation_cells":308,"vertex_count":401,"decimated":true,"source":"Copernicus GLO-30 DEM at 180 m, D8 flow accumulation"},"geometry":{"type":"MultiLineString","coordinates":[[[-57.126270521464996,-25.632011920195],[-57.126826077005,-25.634789697895002]],[[-57.126826077005,-25.634789697895002],[-57.126826077005,-25.635345253435]]]}},{"type":"Feature","properties":{"category":"dem_stream","class":"rill","threshold_label":"headwaters \u2265 80 cells","catchment_km2":0.91,"accumulation_cells":28,"vertex_count":8,"decimated":false,"source":"Copernicus GLO-30 DEM at 180 m, D8 flow accumulation"},"geometry":{"type":"LineString","coordinates":[[-57.125714965925,-25.674234141235],[-57.126270521464996,-25.674234141235],[-57.126826077005,-25.673678585695],[-57.127381632544996,-25.673678585695],[-57.12793718808499,-25.673123030155],[-57.128492743624996,-25.673123030155],[-57.12904829916499,-25.672567474615],[-57.129603854704996,-25.672567474615]]}},{"type":"Feature","properties":{"category":"dem_stream","class":"rill","threshold_label":"headwaters \u2265 80 cells","catchment_km2":0.65,"accumulation_cells":20,"vertex_count":7,"decimated":false,"source":"Copernicus GLO-30 DEM at 180 m, D8 flow accumulation"},"geometry":{"type":"LineString","coordinates":[[-57.125159410384995,-25.694789696215],[-57.125159410384995,-25.695345251755],[-57.125714965925,-25.695900807295],[-57.125714965925,-25.696456362835],[-57.125714965925,-25.697011918375],[-57.126270521464996,-25.697567473915],[-57.126270521464996,-25.698123029455]]}},{"type":"Feature","properties":{"category":"dem_stream","class":"tributary","threshold_label":"headwaters \u2265 80 cells","catchment_km2":12.18,"accumulation_cells":376,"vertex_count":401,"decimated":true,"source":"Copernicus GLO-30 DEM at 180 m, D8 flow accumulation"},"geometry":{"type":"MultiLineString","coordinates":[[[-57.124603854845,-25.753123027915],[-57.125159410384995,-25.750345250215]],[[-57.125159410384995,-25.750345250215],[-57.125159410384995,-25.749789694675002]]]}},{"type":"Feature","properties":{"category":"dem_stream","class":"tributary","threshold_label":"headwaters \u2265 80 cells","catchment_km2":5.54,"accumulation_cells":171,"vertex_count":8,"decimated":false,"source":"Copernicus GLO-30 DEM at 180 m, D8 flow accumulation"},"geometry":{"type":"LineString","coordinates":[[-57.124048299304995,-25.448678591995],[-57.124603854845,-25.449234147535],[-57.124603854845,-25.449789703075],[-57.125159410384995,-25.450345258615002],[-57.125714965925,-25.450900814155],[-57.126270521464996,-25.450900814155],[-57.126826077005,-25.450900814155],[-57.127381632544996,-25.451456369695]]}},{"type":"Feature","properties":{"category":"dem_stream","class":"creek","threshold_label":"headwaters \u2265 80 cells","catchment_km2":1.2,"accumulation_cells":37,"vertex_count":4,"decimated":false,"source":"Copernicus GLO-30 DEM at 180 m, D8 flow accumulation"},"geometry":{"type":"LineString","coordinates":[[-57.123492743765,-25.429789703635],[-57.123492743765,-25.429234148095],[-57.123492743765,-25.428678592555],[-57.124048299304995,-25.428123037015]]}},{"type":"Feature","properties":{"category":"dem_stream","class":"rill","threshold_label":"headwaters \u2265 80 cells","catchment_km2":0.65,"accumulation_cells":20,"vertex_count":14,"decimated":false,"source":"Copernicus GLO-30 DEM at 180 m, D8 flow accumulation"},"geometry":{"type":"LineString","coordinates":[[-57.122937188224995,-25.498123035055],[-57.122937188224995,-25.497567479515],[-57.122937188224995,-25.497011923975],[-57.122381632685,-25.496456368435002],[-57.122381632685,-25.495900812895],[-57.122381632685,-25.495345257355],[-57.122381632685,-25.494789701815],[-57.122381632685,-25.494234146275],[-57.122937188224995,-25.493678590735],[-57.123492743765,-25.493123035195],[-57.123492743765,-25.492567479655],[-57.123492743765,-25.492011924115],[-57.124048299304995,-25.491456368575],[-57.124603854845,-25.490900813035]]}},{"type":"Feature","properties":{"category":"dem_stream","class":"rill","threshold_label":"headwaters \u2265 80 cells","catchment_km2":0.13,"accumulation_cells":4,"vertex_count":8,"decimated":false,"source":"Copernicus GLO-30 DEM at 180 m, D8 flow accumulation"},"geometry":{"type":"LineString","coordinates":[[-57.122937188224995,-25.749234139135],[-57.122381632685,-25.748678583595],[-57.121826077144995,-25.748123028055],[-57.121270521605,-25.747567472515],[-57.120714966064995,-25.747011916975],[-57.120159410525,-25.747011916975],[-57.119603854984994,-25.746456361435],[-57.119048299445,-25.745900805895]]}},{"type":"Feature","properties":{"category":"dem_stream","class":"tributary","threshold_label":"headwaters \u2265 80 cells","catchment_km2":7.06,"accumulation_cells":218,"vertex_count":401,"decimated":true,"source":"Copernicus GLO-30 DEM at 180 m, D8 flow accumulation"},"geometry":{"type":"MultiLineString","coordinates":[[[-57.122381632685,-25.514789701255],[-57.120159410525,-25.512567479095],[-57.119603854984994,-25.512567479095]],[[-57.119603854984994,-25.512567479095],[-57.119048299445,-25.512567479095]]]}},{"type":"Feature","properties":{"category":"dem_stream","class":"rill","threshold_label":"headwaters \u2265 80 cells","catchment_km2":0.84,"accumulation_cells":26,"vertex_count":10,"decimated":false,"source":"Copernicus GLO-30 DEM at 180 m, D8 flow accumulation"},"geometry":{"type":"LineString","coordinates":[[-57.122381632685,-25.558123033375],[-57.122381632685,-25.558678588915],[-57.122381632685,-25.559234144455],[-57.122937188224995,-25.559234144455],[-57.123492743765,-25.559789699995],[-57.124048299304995,-25.559789699995],[-57.124603854845,-25.559789699995],[-57.125159410384995,-25.560345255535],[-57.125714965925,-25.560900811075],[-57.126270521464996,-25.560900811075]]}},{"type":"Feature","properties":{"category":"dem_stream","class":"tributary","threshold_label":"headwaters \u2265 80 cells","catchment_km2":7.45,"accumulation_cells":230,"vertex_count":401,"decimated":true,"source":"Copernicus GLO-30 DEM at 180 m, D8 flow accumulation"},"geometry":{"type":"MultiLineString","coordinates":[[[-57.122381632685,-25.615900809535],[-57.122381632685,-25.617567476155]],[[-57.122381632685,-25.617567476155],[-57.122381632685,-25.618123031695]]]}},{"type":"Feature","properties":{"category":"dem_stream","class":"creek","threshold_label":"headwaters \u2265 80 cells","catchment_km2":2.59,"accumulation_cells":80,"vertex_count":401,"decimated":true,"source":"Copernicus GLO-30 DEM at 180 m, D8 flow accumulation"},"geometry":{"type":"MultiLineString","coordinates":[[[-57.122381632685,-25.659789697195],[-57.125159410384995,-25.659234141655],[-57.126270521464996,-25.657567475035002]],[[-57.126270521464996,-25.657567475035002],[-57.125714965925,-25.657567475035002]]]}},{"type":"Feature","properties":{"category":"dem_stream","class":"tributary","threshold_label":"headwaters \u2265 80 cells","catchment_km2":7.91,"accumulation_cells":244,"vertex_count":8,"decimated":false,"source":"Copernicus GLO-30 DEM at 180 m, D8 flow accumulation"},"geometry":{"type":"LineString","coordinates":[[-57.122381632685,-25.678678585555],[-57.122937188224995,-25.678123030015],[-57.123492743765,-25.677567474475],[-57.124048299304995,-25.677011918935],[-57.124603854845,-25.676456363395],[-57.125159410384995,-25.675900807855],[-57.125714965925,-25.675345252315],[-57.125714965925,-25.674789696775]]}},{"type":"Feature","properties":{"category":"dem_stream","class":"tributary","threshold_label":"headwaters \u2265 80 cells","catchment_km2":8.42,"accumulation_cells":260,"vertex_count":401,"decimated":true,"source":"Copernicus GLO-30 DEM at 180 m, D8 flow accumulation"},"geometry":{"type":"MultiLineString","coordinates":[[[-57.121826077144995,-25.529789700835],[-57.120714966064995,-25.527011923135],[-57.120714966064995,-25.526456367595]],[[-57.120714966064995,-25.526456367595],[-57.120159410525,-25.526456367595]]]}},{"type":"Feature","properties":{"category":"dem_stream","class":"tributary","threshold_label":"headwaters \u2265 80 cells","catchment_km2":5.31,"accumulation_cells":164,"vertex_count":401,"decimated":true,"source":"Copernicus GLO-30 DEM at 180 m, D8 flow accumulation"},"geometry":{"type":"LineString","coordinates":[[-57.121826077144995,-25.768123027495],[-57.121826077144995,-25.769234138575]]}},{"type":"Feature","properties":{"category":"dem_stream","class":"rill","threshold_label":"headwaters \u2265 80 cells","catchment_km2":0.23,"accumulation_cells":7,"vertex_count":7,"decimated":false,"source":"Copernicus GLO-30 DEM at 180 m, D8 flow accumulation"},"geometry":{"type":"LineString","coordinates":[[-57.121270521605,-25.575345255115],[-57.121826077144995,-25.575345255115],[-57.122381632685,-25.575900810655],[-57.122937188224995,-25.576456366195],[-57.123492743765,-25.577011921735],[-57.124048299304995,-25.577567477275],[-57.124603854845,-25.578123032815]]}},{"type":"Feature","properties":{"category":"dem_stream","class":"creek","threshold_label":"headwaters \u2265 80 cells","catchment_km2":4.37,"accumulation_cells":135,"vertex_count":3,"decimated":false,"source":"Copernicus GLO-30 DEM at 180 m, D8 flow accumulation"},"geometry":{"type":"LineString","coordinates":[[-57.121270521605,-25.577011921735],[-57.121826077144995,-25.577011921735],[-57.122381632685,-25.576456366195]]}},{"type":"Feature","properties":{"category":"dem_stream","class":"tributary","threshold_label":"headwaters \u2265 80 cells","catchment_km2":18.79,"accumulation_cells":580,"vertex_count":401,"decimated":true,"source":"Copernicus GLO-30 DEM at 180 m, D8 flow accumulation"},"geometry":{"type":"LineString","coordinates":[[-57.121270521605,-25.772567471815],[-57.121826077144995,-25.775345249515],[-57.121826077144995,-25.778123027215]]}},{"type":"Feature","properties":{"category":"dem_stream","class":"creek","threshold_label":"headwaters \u2265 80 cells","catchment_km2":4.05,"accumulation_cells":125,"vertex_count":401,"decimated":true,"source":"Copernicus GLO-30 DEM at 180 m, D8 flow accumulation"},"geometry":{"type":"MultiLineString","coordinates":[[[-57.120714966064995,-25.609234143055],[-57.121826077144995,-25.610900809675]],[[-57.121826077144995,-25.610900809675],[-57.121826077144995,-25.611456365215002]]]}},{"type":"Feature","properties":{"category":"dem_stream","class":"rill","threshold_label":"headwaters \u2265 80 cells","catchment_km2":0.39,"accumulation_cells":12,"vertex_count":16,"decimated":false,"source":"Copernicus GLO-30 DEM at 180 m, D8 flow accumulation"},"geometry":{"type":"LineString","coordinates":[[-57.120159410525,-25.508678590315],[-57.120714966064995,-25.508123034775],[-57.120714966064995,-25.507567479235],[-57.120714966064995,-25.507011923695],[-57.120714966064995,-25.506456368155],[-57.120714966064995,-25.505900812615],[-57.120714966064995,-25.505345257075],[-57.120159410525,-25.504789701535],[-57.119603854984994,-25.504234145995],[-57.119048299445,-25.503678590455],[-57.119048299445,-25.503123034915],[-57.119048299445,-25.502567479375],[-57.119048299445,-25.502011923835],[-57.118492743904994,-25.502011923835],[-57.117937188365,-25.501456368295],[-57.117937188365,-25.500900812755]]}},{"type":"Feature","properties":{"category":"dem_stream","class":"tributary","threshold_label":"headwaters \u2265 80 cells","catchment_km2":16.1,"accumulation_cells":497,"vertex_count":401,"decimated":true,"source":"Copernicus GLO-30 DEM at 180 m, D8 flow accumulation"},"geometry":{"type":"MultiLineString","coordinates":[[[-57.120159410525,-25.585900810375],[-57.122937188224995,-25.585900810375],[-57.125714965925,-25.584234143755],[-57.126270521464996,-25.584234143755]],[[-57.126270521464996,-25.584234143755],[-57.126270521464996,-25.584789699295]]]}},{"type":"Feature","properties":{"category":"dem_stream","class":"rill","threshold_label":"headwaters \u2265 80 cells","catchment_km2":0.1,"accumulation_cells":3,"vertex_count":6,"decimated":false,"source":"Copernicus GLO-30 DEM at 180 m, D8 flow accumulation"},"geometry":{"type":"LineString","coordinates":[[-57.119603854984994,-25.490345257495],[-57.120159410525,-25.489789701955],[-57.120714966064995,-25.489234146415],[-57.120714966064995,-25.488678590875],[-57.121270521605,-25.488678590875],[-57.121826077144995,-25.488123035335]]}},{"type":"Feature","properties":{"category":"dem_stream","class":"rill","threshold_label":"headwaters \u2265 80 cells","catchment_km2":0.49,"accumulation_cells":15,"vertex_count":5,"decimated":false,"source":"Copernicus GLO-30 DEM at 180 m, D8 flow accumulation"},"geometry":{"type":"LineString","coordinates":[[-57.119603854984994,-25.720900806595],[-57.120159410525,-25.721456362135],[-57.120714966064995,-25.722011917675],[-57.121270521605,-25.722567473215],[-57.121826077144995,-25.723123028755]]}},{"type":"Feature","properties":{"category":"dem_stream","class":"rill","threshold_label":"headwaters \u2265 80 cells","catchment_km2":0.1,"accumulation_cells":3,"vertex_count":9,"decimated":false,"source":"Copernicus GLO-30 DEM at 180 m, D8 flow accumulation"},"geometry":{"type":"LineString","coordinates":[[-57.119048299445,-25.450345258615002],[-57.119603854984994,-25.450900814155],[-57.120159410525,-25.451456369695],[-57.120714966064995,-25.451456369695],[-57.120714966064995,-25.452011925235],[-57.121270521605,-25.452567480775],[-57.121826077144995,-25.453123036315],[-57.121826077144995,-25.453678591855],[-57.122381632685,-25.454234147395]]}},{"type":"Feature","properties":{"category":"dem_stream","class":"rill","threshold_label":"headwaters \u2265 80 cells","catchment_km2":0.06,"accumulation_cells":2,"vertex_count":7,"decimated":false,"source":"Copernicus GLO-30 DEM at 180 m, D8 flow accumulation"},"geometry":{"type":"LineString","coordinates":[[-57.119048299445,-25.590900810235],[-57.119603854984994,-25.590345254695],[-57.120159410525,-25.589789699155],[-57.120714966064995,-25.589234143615],[-57.120714966064995,-25.588678588075002],[-57.120714966064995,-25.588123032535],[-57.121270521605,-25.587567476995]]}},{"type":"Feature","properties":{"category":"dem_stream","class":"main","threshold_label":"headwaters \u2265 80 cells","catchment_km2":31.95,"accumulation_cells":986,"vertex_count":401,"decimated":true,"source":"Copernicus GLO-30 DEM at 180 m, D8 flow accumulation"},"geometry":{"type":"MultiLineString","coordinates":[[[-57.119048299445,-25.653678586255],[-57.121270521605,-25.652011919635],[-57.124048299304995,-25.651456364095],[-57.125714965925,-25.653123030715]],[[-57.125714965925,-25.653123030715],[-57.125714965925,-25.653678586255]]]}},{"type":"Feature","properties":{"category":"dem_stream","class":"creek","threshold_label":"headwaters \u2265 80 cells","catchment_km2":3.69,"accumulation_cells":114,"vertex_count":9,"decimated":false,"source":"Copernicus GLO-30 DEM at 180 m, D8 flow accumulation"},"geometry":{"type":"LineString","coordinates":[[-57.118492743904994,-25.583123032675],[-57.119048299445,-25.583123032675],[-57.119603854984994,-25.583123032675],[-57.120159410525,-25.583123032675],[-57.120159410525,-25.583678588215],[-57.120714966064995,-25.584234143755],[-57.121270521605,-25.584789699295],[-57.121826077144995,-25.584789699295],[-57.122381632685,-25.585345254835]]}},{"type":"Feature","properties":{"category":"dem_stream","class":"rill","threshold_label":"headwaters \u2265 80 cells","catchment_km2":0.13,"accumulation_cells":4,"vertex_count":11,"decimated":false,"source":"Copernicus GLO-30 DEM at 180 m, D8 flow accumulation"},"geometry":{"type":"LineString","coordinates":[[-57.117937188365,-25.520900812195],[-57.117381632824994,-25.520345256655],[-57.117381632824994,-25.519789701115],[-57.117937188365,-25.519234145575002],[-57.117381632824994,-25.518678590035],[-57.117381632824994,-25.518123034495],[-57.117381632824994,-25.517567478955],[-57.117381632824994,-25.517011923415],[-57.117937188365,-25.516456367875],[-57.118492743904994,-25.515900812335],[-57.117937188365,-25.515345256795]]}},{"type":"Feature","properties":{"category":"dem_stream","class":"rill","threshold_label":"headwaters \u2265 80 cells","catchment_km2":0.39,"accumulation_cells":12,"vertex_count":7,"decimated":false,"source":"Copernicus GLO-30 DEM at 180 m, D8 flow accumulation"},"geometry":{"type":"LineString","coordinates":[[-57.117381632824994,-25.567567477555],[-57.117937188365,-25.568123033095],[-57.117937188365,-25.568678588635],[-57.118492743904994,-25.569234144175],[-57.119048299445,-25.569789699715],[-57.119603854984994,-25.570345255255],[-57.119603854984994,-25.570900810795]]}},{"type":"Feature","properties":{"category":"dem_stream","class":"tributary","threshold_label":"headwaters \u2265 80 cells","catchment_km2":9.72,"accumulation_cells":300,"vertex_count":401,"decimated":true,"source":"Copernicus GLO-30 DEM at 180 m, D8 flow accumulation"},"geometry":{"type":"LineString","coordinates":[[-57.116826077285,-25.535900811775],[-57.114603855125,-25.533678589615]]}},{"type":"Feature","properties":{"category":"dem_stream","class":"tributary","threshold_label":"headwaters \u2265 80 cells","catchment_km2":6.09,"accumulation_cells":188,"vertex_count":18,"decimated":false,"source":"Copernicus GLO-30 DEM at 180 m, D8 flow accumulation"},"geometry":{"type":"LineString","coordinates":[[-57.116270521744994,-25.633123031275],[-57.116826077285,-25.633123031275],[-57.117381632824994,-25.633123031275],[-57.117937188365,-25.632567475735],[-57.118492743904994,-25.632567475735],[-57.119048299445,-25.632567475735],[-57.119603854984994,-25.632567475735],[-57.120159410525,-25.632567475735],[-57.120714966064995,-25.632567475735],[-57.121270521605,-25.632567475735],[-57.121826077144995,-25.632567475735],[-57.122381632685,-25.633123031275],[-57.122937188224995,-25.633123031275],[-57.123492743765,-25.633123031275],[-57.124048299304995,-25.633123031275],[-57.124603854845,-25.633123031275],[-57.125159410384995,-25.633123031275],[-57.125714965925,-25.633123031275]]}},{"type":"Feature","properties":{"category":"dem_stream","class":"tributary","threshold_label":"headwaters \u2265 80 cells","catchment_km2":5.18,"accumulation_cells":160,"vertex_count":401,"decimated":true,"source":"Copernicus GLO-30 DEM at 180 m, D8 flow accumulation"},"geometry":{"type":"MultiLineString","coordinates":[[[-57.115714966205,-25.451456369695],[-57.116826077285,-25.454234147395],[-57.117937188365,-25.457011925095],[-57.117937188365,-25.458678591715]],[[-57.117937188365,-25.458678591715],[-57.118492743904994,-25.458678591715]]]}},{"type":"Feature","properties":{"category":"dem_stream","class":"creek","threshold_label":"headwaters \u2265 80 cells","catchment_km2":4.8,"accumulation_cells":148,"vertex_count":9,"decimated":false,"source":"Copernicus GLO-30 DEM at 180 m, D8 flow accumulation"},"geometry":{"type":"LineString","coordinates":[[-57.115714966205,-25.588678588075002],[-57.116270521744994,-25.588678588075002],[-57.116826077285,-25.588123032535],[-57.117381632824994,-25.588123032535],[-57.117937188365,-25.588123032535],[-57.118492743904994,-25.588123032535],[-57.119048299445,-25.588123032535],[-57.119603854984994,-25.587567476995],[-57.120159410525,-25.587011921455]]}},{"type":"Feature","properties":{"category":"dem_stream","class":"tributary","threshold_label":"headwaters \u2265 80 cells","catchment_km2":6.8,"accumulation_cells":210,"vertex_count":401,"decimated":true,"source":"Copernicus GLO-30 DEM at 180 m, D8 flow accumulation"},"geometry":{"type":"MultiLineString","coordinates":[[[-57.115714966205,-25.705345251475],[-57.117381632824994,-25.707567473635],[-57.119048299445,-25.709789695795]],[[-57.119048299445,-25.709789695795],[-57.118492743904994,-25.709789695795]]]}},{"type":"Feature","properties":{"category":"dem_stream","class":"creek","threshold_label":"headwaters \u2265 80 cells","catchment_km2":3.73,"accumulation_cells":115,"vertex_count":401,"decimated":true,"source":"Copernicus GLO-30 DEM at 180 m, D8 flow accumulation"},"geometry":{"type":"LineString","coordinates":[[-57.115159410664994,-25.499789701675],[-57.115159410664994,-25.497011923975]]}},{"type":"Feature","properties":{"category":"dem_stream","class":"tributary","threshold_label":"headwaters \u2265 80 cells","catchment_km2":21.68,"accumulation_cells":669,"vertex_count":401,"decimated":true,"source":"Copernicus GLO-30 DEM at 180 m, D8 flow accumulation"},"geometry":{"type":"MultiLineString","coordinates":[[[-57.115159410664994,-25.618678587235],[-57.117937188365,-25.620345253855],[-57.120714966064995,-25.622567476015],[-57.121270521605,-25.622011920475]],[[-57.121270521605,-25.622011920475],[-57.121826077144995,-25.622011920475]]]}},{"type":"Feature","properties":{"category":"dem_stream","class":"tributary","threshold_label":"headwaters \u2265 80 cells","catchment_km2":6.61,"accumulation_cells":204,"vertex_count":17,"decimated":false,"source":"Copernicus GLO-30 DEM at 180 m, D8 flow accumulation"},"geometry":{"type":"LineString","coordinates":[[-57.114603855125,-25.648678586395],[-57.115159410664994,-25.648123030855],[-57.115714966205,-25.648123030855],[-57.116270521744994,-25.648123030855],[-57.116826077285,-25.648123030855],[-57.117381632824994,-25.648123030855],[-57.117937188365,-25.648123030855],[-57.118492743904994,-25.648678586395],[-57.119048299445,-25.648678586395],[-57.119603854984994,-25.648678586395],[-57.120159410525,-25.648678586395],[-57.120714966064995,-25.649234141935],[-57.121270521605,-25.649234141935],[-57.121826077144995,-25.649789697475],[-57.122381632685,-25.650345253015],[-57.122937188224995,-25.650900808555],[-57.123492743765,-25.650900808555]]}},{"type":"Feature","properties":{"category":"dem_stream","class":"creek","threshold_label":"headwaters \u2265 80 cells","catchment_km2":1.56,"accumulation_cells":48,"vertex_count":5,"decimated":false,"source":"Copernicus GLO-30 DEM at 180 m, D8 flow accumulation"},"geometry":{"type":"LineString","coordinates":[[-57.114603855125,-25.702567473775],[-57.114603855125,-25.703123029315],[-57.114603855125,-25.703678584855002],[-57.114603855125,-25.704234140395002],[-57.115159410664994,-25.704789695935]]}},{"type":"Feature","properties":{"category":"dem_stream","class":"rill","threshold_label":"headwaters \u2265 80 cells","catchment_km2":0.06,"accumulation_cells":2,"vertex_count":6,"decimated":true,"source":"Copernicus GLO-30 DEM at 180 m, D8 flow accumulation"},"geometry":{"type":"LineString","coordinates":[[-57.114048299584994,-25.544234144875],[-57.11293718850499,-25.541456367175],[-57.112381632965,-25.538678589475],[-57.11182607742499,-25.535900811775],[-57.111270521885,-25.533123034075],[-57.11071496634499,-25.532011922995]]}},{"type":"Feature","properties":{"category":"dem_stream","class":"rill","threshold_label":"headwaters \u2265 80 cells","catchment_km2":0.39,"accumulation_cells":12,"vertex_count":14,"decimated":false,"source":"Copernicus GLO-30 DEM at 180 m, D8 flow accumulation"},"geometry":{"type":"LineString","coordinates":[[-57.11293718850499,-25.600345254415],[-57.113492744045,-25.600900809955],[-57.114048299584994,-25.601456365495],[-57.114048299584994,-25.602011921035],[-57.114048299584994,-25.602567476575],[-57.114603855125,-25.603123032115],[-57.115159410664994,-25.603678587655],[-57.115714966205,-25.604234143195],[-57.116270521744994,-25.604789698735],[-57.116826077285,-25.605345254275],[-57.117381632824994,-25.605900809815],[-57.117937188365,-25.606456365355],[-57.118492743904994,-25.607011920895],[-57.119048299445,-25.607011920895]]}},{"type":"Feature","properties":{"category":"dem_stream","class":"tributary","threshold_label":"headwaters \u2265 80 cells","catchment_km2":9.59,"accumulation_cells":296,"vertex_count":401,"decimated":true,"source":"Copernicus GLO-30 DEM at 180 m, D8 flow accumulation"},"geometry":{"type":"LineString","coordinates":[[-57.11293718850499,-25.698678584995],[-57.115159410664994,-25.701456362695]]}},{"type":"Feature","properties":{"category":"dem_stream","class":"creek","threshold_label":"headwaters \u2265 80 cells","catchment_km2":3.53,"accumulation_cells":109,"vertex_count":4,"decimated":false,"source":"Copernicus GLO-30 DEM at 180 m, D8 flow accumulation"},"geometry":{"type":"LineString","coordinates":[[-57.112381632965,-25.536456367315],[-57.112381632965,-25.535900811775],[-57.112381632965,-25.535345256235],[-57.11182607742499,-25.534789700695]]}},{"type":"Feature","properties":{"category":"dem_stream","class":"tributary","threshold_label":"headwaters \u2265 80 cells","catchment_km2":6.48,"accumulation_cells":200,"vertex_count":401,"decimated":true,"source":"Copernicus GLO-30 DEM at 180 m, D8 flow accumulation"},"geometry":{"type":"MultiLineString","coordinates":[[[-57.112381632965,-25.557567477835],[-57.113492744045,-25.560345255535]],[[-57.113492744045,-25.560345255535],[-57.114048299584994,-25.560900811075]]]}},{"type":"Feature","properties":{"category":"dem_stream","class":"tributary","threshold_label":"headwaters \u2265 80 cells","catchment_km2":7.55,"accumulation_cells":233,"vertex_count":401,"decimated":true,"source":"Copernicus GLO-30 DEM at 180 m, D8 flow accumulation"},"geometry":{"type":"MultiLineString","coordinates":[[[-57.11182607742499,-25.431456370255],[-57.111270521885,-25.428678592555],[-57.11182607742499,-25.427567481475]],[[-57.11182607742499,-25.427567481475],[-57.111270521885,-25.427567481475]]]}},{"type":"Feature","properties":{"category":"dem_stream","class":"tributary","threshold_label":"headwaters \u2265 80 cells","catchment_km2":22.13,"accumulation_cells":683,"vertex_count":401,"decimated":true,"source":"Copernicus GLO-30 DEM at 180 m, D8 flow accumulation"},"geometry":{"type":"LineString","coordinates":[[-57.11182607742499,-25.753123027915],[-57.109048299724996,-25.752011916835],[-57.10627052202499,-25.752011916835],[-57.10515941094499,-25.751456361295]]}},{"type":"Feature","properties":{"category":"dem_stream","class":"creek","threshold_label":"headwaters \u2265 80 cells","catchment_km2":3.79,"accumulation_cells":117,"vertex_count":401,"decimated":true,"source":"Copernicus GLO-30 DEM at 180 m, D8 flow accumulation"},"geometry":{"type":"MultiLineString","coordinates":[[[-57.111270521885,-25.520900812195],[-57.110159410805,-25.518123034495]],[[-57.110159410805,-25.518123034495],[-57.10960385526499,-25.517567478955]]]}},{"type":"Feature","properties":{"category":"dem_stream","class":"rill","threshold_label":"headwaters \u2265 80 cells","catchment_km2":0.91,"accumulation_cells":28,"vertex_count":6,"decimated":false,"source":"Copernicus GLO-30 DEM at 180 m, D8 flow accumulation"},"geometry":{"type":"LineString","coordinates":[[-57.111270521885,-25.622011920475],[-57.11182607742499,-25.621456364935],[-57.112381632965,-25.620900809395],[-57.11293718850499,-25.620345253855],[-57.113492744045,-25.620345253855],[-57.114048299584994,-25.619789698315]]}},{"type":"Feature","properties":{"category":"dem_stream","class":"tributary","threshold_label":"headwaters \u2265 80 cells","catchment_km2":10.11,"accumulation_cells":312,"vertex_count":14,"decimated":false,"source":"Copernicus GLO-30 DEM at 180 m, D8 flow accumulation"},"geometry":{"type":"LineString","coordinates":[[-57.11071496634499,-25.572567477415],[-57.111270521885,-25.572011921875],[-57.11182607742499,-25.571456366335],[-57.112381632965,-25.571456366335],[-57.11293718850499,-25.570900810795],[-57.113492744045,-25.570900810795],[-57.114048299584994,-25.570900810795],[-57.114603855125,-25.570900810795],[-57.115159410664994,-25.570345255255],[-57.115714966205,-25.570345255255],[-57.116270521744994,-25.569789699715],[-57.116826077285,-25.569789699715],[-57.117381632824994,-25.569789699715],[-57.117937188365,-25.569234144175]]}},{"type":"Feature","properties":{"category":"dem_stream","class":"main","threshold_label":"headwaters \u2265 80 cells","catchment_km2":26.83,"accumulation_cells":828,"vertex_count":401,"decimated":true,"source":"Copernicus GLO-30 DEM at 180 m, D8 flow accumulation"},"geometry":{"type":"MultiLineString","coordinates":[[[-57.11071496634499,-25.718123028895],[-57.11182607742499,-25.715345251195],[-57.114603855125,-25.714234140115],[-57.117381632824994,-25.714789695655],[-57.117937188365,-25.717567473355]],[[-57.117937188365,-25.717567473355],[-57.117937188365,-25.717011917815]]]}},{"type":"Feature","properties":{"category":"dem_stream","class":"tributary","threshold_label":"headwaters \u2265 80 cells","catchment_km2":6.54,"accumulation_cells":202,"vertex_count":401,"decimated":true,"source":"Copernicus GLO-30 DEM at 180 m, D8 flow accumulation"},"geometry":{"type":"LineString","coordinates":[[-57.110159410805,-25.458123036175],[-57.11182607742499,-25.460345258335]]}},{"type":"Feature","properties":{"category":"dem_stream","class":"tributary","threshold_label":"headwaters \u2265 80 cells","catchment_km2":22.42,"accumulation_cells":692,"vertex_count":401,"decimated":true,"source":"Copernicus GLO-30 DEM at 180 m, D8 flow accumulation"},"geometry":{"type":"MultiLineString","coordinates":[[[-57.110159410805,-25.639789697755],[-57.11293718850499,-25.639234142215],[-57.115714966205,-25.639789697755],[-57.117937188365,-25.641456364375],[-57.120714966064995,-25.642567475455],[-57.122937188224995,-25.642567475455]],[[-57.122937188224995,-25.642567475455],[-57.123492743765,-25.642567475455]]]}},{"type":"Feature","properties":{"category":"dem_stream","class":"tributary","threshold_label":"headwaters \u2265 80 cells","catchment_km2":9.04,"accumulation_cells":279,"vertex_count":6,"decimated":true,"source":"Copernicus GLO-30 DEM at 180 m, D8 flow accumulation"},"geometry":{"type":"LineString","coordinates":[[-57.110159410805,-25.643678586535],[-57.11293718850499,-25.643123030995],[-57.115714966205,-25.643678586535],[-57.118492743904994,-25.644234142075],[-57.121270521605,-25.643123030995],[-57.122381632685,-25.643123030995]]}},{"type":"Feature","properties":{"category":"dem_stream","class":"tributary","threshold_label":"headwaters \u2265 80 cells","catchment_km2":7.13,"accumulation_cells":220,"vertex_count":401,"decimated":true,"source":"Copernicus GLO-30 DEM at 180 m, D8 flow accumulation"},"geometry":{"type":"LineString","coordinates":[[-57.110159410805,-25.674234141235],[-57.11293718850499,-25.676456363395],[-57.113492744045,-25.677011918935]]}},{"type":"Feature","properties":{"category":"dem_stream","class":"creek","threshold_label":"headwaters \u2265 80 cells","catchment_km2":3.69,"accumulation_cells":114,"vertex_count":401,"decimated":true,"source":"Copernicus GLO-30 DEM at 180 m, D8 flow accumulation"},"geometry":{"type":"MultiLineString","coordinates":[[[-57.107937188644996,-25.433123036875],[-57.107937188644996,-25.431456370255]],[[-57.107937188644996,-25.431456370255],[-57.107937188644996,-25.430900814715]]]}},{"type":"Feature","properties":{"category":"dem_stream","class":"rill","threshold_label":"headwaters \u2265 80 cells","catchment_km2":0.39,"accumulation_cells":12,"vertex_count":3,"decimated":false,"source":"Copernicus GLO-30 DEM at 180 m, D8 flow accumulation"},"geometry":{"type":"LineString","coordinates":[[-57.107937188644996,-25.559234144455],[-57.10849274418499,-25.559234144455],[-57.109048299724996,-25.558678588915]]}},{"type":"Feature","properties":{"category":"dem_stream","class":"rill","threshold_label":"headwaters \u2265 80 cells","catchment_km2":0.16,"accumulation_cells":5,"vertex_count":11,"decimated":false,"source":"Copernicus GLO-30 DEM at 180 m, D8 flow accumulation"},"geometry":{"type":"LineString","coordinates":[[-57.10738163310499,-25.458678591715],[-57.107937188644996,-25.459234147255],[-57.10849274418499,-25.459789702795],[-57.109048299724996,-25.459789702795],[-57.10960385526499,-25.459789702795],[-57.110159410805,-25.460345258335],[-57.11071496634499,-25.460900813875],[-57.111270521885,-25.461456369415],[-57.111270521885,-25.462011924955],[-57.11182607742499,-25.462567480495],[-57.112381632965,-25.463123036035]]}},{"type":"Feature","properties":{"category":"dem_stream","class":"tributary","threshold_label":"headwaters \u2265 80 cells","catchment_km2":6.32,"accumulation_cells":195,"vertex_count":10,"decimated":false,"source":"Copernicus GLO-30 DEM at 180 m, D8 flow accumulation"},"geometry":{"type":"LineString","coordinates":[[-57.10738163310499,-25.619234142775],[-57.107937188644996,-25.619789698315],[-57.10849274418499,-25.619789698315],[-57.109048299724996,-25.619789698315],[-57.10960385526499,-25.619789698315],[-57.110159410805,-25.619789698315],[-57.11071496634499,-25.619789698315],[-57.111270521885,-25.620345253855],[-57.11182607742499,-25.620345253855],[-57.112381632965,-25.620345253855]]}},{"type":"Feature","properties":{"category":"dem_stream","class":"tributary","threshold_label":"headwaters \u2265 80 cells","catchment_km2":10.69,"accumulation_cells":330,"vertex_count":401,"decimated":true,"source":"Copernicus GLO-30 DEM at 180 m, D8 flow accumulation"},"geometry":{"type":"MultiLineString","coordinates":[[[-57.106826077564996,-25.674234141235],[-57.10960385526499,-25.675345252315],[-57.112381632965,-25.678123030015],[-57.11293718850499,-25.680900807715002],[-57.11293718850499,-25.682567474335]],[[-57.11293718850499,-25.682567474335],[-57.11293718850499,-25.683123029875]]]}},{"type":"Feature","properties":{"category":"dem_stream","class":"rill","threshold_label":"headwaters \u2265 80 cells","catchment_km2":0.1,"accumulation_cells":3,"vertex_count":13,"decimated":false,"source":"Copernicus GLO-30 DEM at 180 m, D8 flow accumulation"},"geometry":{"type":"LineString","coordinates":[[-57.106826077564996,-25.692011918515],[-57.10738163310499,-25.692567474055],[-57.107937188644996,-25.693123029595],[-57.10849274418499,-25.693123029595],[-57.109048299724996,-25.693678585135],[-57.10960385526499,-25.693678585135],[-57.110159410805,-25.694234140675],[-57.11071496634499,-25.694234140675],[-57.111270521885,-25.694789696215],[-57.111270521885,-25.695345251755],[-57.11182607742499,-25.695345251755],[-57.112381632965,-25.695900807295],[-57.112381632965,-25.696456362835]]}},{"type":"Feature","properties":{"category":"dem_stream","class":"creek","threshold_label":"headwaters \u2265 80 cells","catchment_km2":4.76,"accumulation_cells":147,"vertex_count":401,"decimated":true,"source":"Copernicus GLO-30 DEM at 180 m, D8 flow accumulation"},"geometry":{"type":"MultiLineString","coordinates":[[[-57.104048299865,-25.460345258335],[-57.106826077564996,-25.462567480495],[-57.106826077564996,-25.463123036035]],[[-57.106826077564996,-25.463123036035],[-57.106826077564996,-25.463678591575]]]}},{"type":"Feature","properties":{"category":"dem_stream","class":"creek","threshold_label":"headwaters \u2265 80 cells","catchment_km2":3.18,"accumulation_cells":98,"vertex_count":401,"decimated":true,"source":"Copernicus GLO-30 DEM at 180 m, D8 flow accumulation"},"geometry":{"type":"MultiLineString","coordinates":[[[-57.104048299865,-25.548123033655],[-57.102937188785,-25.547011922575]],[[-57.102937188785,-25.547011922575],[-57.102937188785,-25.547567478115]]]}},{"type":"Feature","properties":{"category":"dem_stream","class":"rill","threshold_label":"headwaters \u2265 80 cells","catchment_km2":0.1,"accumulation_cells":3,"vertex_count":7,"decimated":true,"source":"Copernicus GLO-30 DEM at 180 m, D8 flow accumulation"},"geometry":{"type":"LineString","coordinates":[[-57.104048299865,-25.555345255675],[-57.102937188785,-25.552567477975],[-57.101270522164995,-25.549789700275],[-57.099048300004995,-25.547567478115],[-57.097937188924995,-25.544789700415],[-57.095714966764994,-25.542011922715],[-57.095159411225,-25.541456367175]]}},{"type":"Feature","properties":{"category":"dem_stream","class":"rill","threshold_label":"headwaters \u2265 80 cells","catchment_km2":0.06,"accumulation_cells":2,"vertex_count":7,"decimated":false,"source":"Copernicus GLO-30 DEM at 180 m, D8 flow accumulation"},"geometry":{"type":"LineString","coordinates":[[-57.104048299865,-25.595345254555],[-57.104048299865,-25.595900810095],[-57.104048299865,-25.596456365635],[-57.104048299865,-25.597011921175],[-57.104048299865,-25.597567476715],[-57.104048299865,-25.598123032255],[-57.104048299865,-25.598678587795]]}},{"type":"Feature","properties":{"category":"dem_stream","class":"rill","threshold_label":"headwaters \u2265 80 cells","catchment_km2":0.23,"accumulation_cells":7,"vertex_count":3,"decimated":false,"source":"Copernicus GLO-30 DEM at 180 m, D8 flow accumulation"},"geometry":{"type":"LineString","coordinates":[[-57.104048299865,-25.672567474615],[-57.104603855404996,-25.673123030155],[-57.10515941094499,-25.673123030155]]}},{"type":"Feature","properties":{"category":"dem_stream","class":"tributary","threshold_label":"headwaters \u2265 80 cells","catchment_km2":6.74,"accumulation_cells":208,"vertex_count":401,"decimated":true,"source":"Copernicus GLO-30 DEM at 180 m, D8 flow accumulation"},"geometry":{"type":"LineString","coordinates":[[-57.104048299865,-25.736456361715],[-57.104048299865,-25.737011917255]]}},{"type":"Feature","properties":{"category":"dem_stream","class":"rill","threshold_label":"headwaters \u2265 80 cells","catchment_km2":0.06,"accumulation_cells":2,"vertex_count":3,"decimated":false,"source":"Copernicus GLO-30 DEM at 180 m, D8 flow accumulation"},"geometry":{"type":"LineString","coordinates":[[-57.102937188785,-25.427567481475],[-57.102381633244995,-25.427567481475],[-57.101826077705,-25.427567481475]]}},{"type":"Feature","properties":{"category":"dem_stream","class":"rill","threshold_label":"headwaters \u2265 80 cells","catchment_km2":0.16,"accumulation_cells":5,"vertex_count":12,"decimated":false,"source":"Copernicus GLO-30 DEM at 180 m, D8 flow accumulation"},"geometry":{"type":"LineString","coordinates":[[-57.102937188785,-25.599234143335],[-57.102937188785,-25.599789698875],[-57.103492744324996,-25.600345254415],[-57.104048299865,-25.600900809955],[-57.104048299865,-25.601456365495],[-57.104048299865,-25.602011921035],[-57.104048299865,-25.602567476575],[-57.104048299865,-25.603123032115],[-57.104048299865,-25.603678587655],[-57.104048299865,-25.604234143195],[-57.104048299865,-25.604789698735],[-57.104048299865,-25.605345254275]]}},{"type":"Feature","properties":{"category":"dem_stream","class":"tributary","threshold_label":"headwaters \u2265 80 cells","catchment_km2":11.73,"accumulation_cells":362,"vertex_count":401,"decimated":true,"source":"Copernicus GLO-30 DEM at 180 m, D8 flow accumulation"},"geometry":{"type":"LineString","coordinates":[[-57.102381633244995,-25.742011917115],[-57.102937188785,-25.744789694815],[-57.102937188785,-25.747567472515],[-57.102937188785,-25.748123028055]]}},{"type":"Feature","properties":{"category":"dem_stream","class":"rill","threshold_label":"headwaters \u2265 80 cells","catchment_km2":0.65,"accumulation_cells":20,"vertex_count":5,"decimated":false,"source":"Copernicus GLO-30 DEM at 180 m, D8 flow accumulation"},"geometry":{"type":"LineString","coordinates":[[-57.101270522164995,-25.440345258895],[-57.100714966625,-25.440345258895],[-57.100159411084995,-25.440345258895],[-57.099603855545,-25.440345258895],[-57.099048300004995,-25.440345258895]]}},{"type":"Feature","properties":{"category":"dem_stream","class":"tributary","threshold_label":"headwaters \u2265 80 cells","catchment_km2":6.16,"accumulation_cells":190,"vertex_count":401,"decimated":true,"source":"Copernicus GLO-30 DEM at 180 m, D8 flow accumulation"},"geometry":{"type":"MultiLineString","coordinates":[[[-57.100714966625,-25.534234145155],[-57.099603855545,-25.531456367455]],[[-57.099603855545,-25.531456367455],[-57.099048300004995,-25.531456367455]]]}},{"type":"Feature","properties":{"category":"dem_stream","class":"rill","threshold_label":"headwaters \u2265 80 cells","catchment_km2":0.1,"accumulation_cells":3,"vertex_count":5,"decimated":false,"source":"Copernicus GLO-30 DEM at 180 m, D8 flow accumulation"},"geometry":{"type":"LineString","coordinates":[[-57.100714966625,-25.577011921735],[-57.101270522164995,-25.577011921735],[-57.101826077705,-25.577011921735],[-57.102381633244995,-25.577567477275],[-57.102937188785,-25.578123032815]]}},{"type":"Feature","properties":{"category":"dem_stream","class":"creek","threshold_label":"headwaters \u2265 80 cells","catchment_km2":3.89,"accumulation_cells":120,"vertex_count":401,"decimated":true,"source":"Copernicus GLO-30 DEM at 180 m, D8 flow accumulation"},"geometry":{"type":"MultiLineString","coordinates":[[[-57.100159411084995,-25.428123037015],[-57.097381633385,-25.427567481475]],[[-57.097381633385,-25.427567481475],[-57.096826077844995,-25.427567481475]]]}},{"type":"Feature","properties":{"category":"dem_stream","class":"rill","threshold_label":"headwaters \u2265 80 cells","catchment_km2":0.49,"accumulation_cells":15,"vertex_count":4,"decimated":false,"source":"Copernicus GLO-30 DEM at 180 m, D8 flow accumulation"},"geometry":{"type":"LineString","coordinates":[[-57.100159411084995,-25.661456363815],[-57.100714966625,-25.662011919355],[-57.100714966625,-25.662567474895],[-57.100714966625,-25.663123030435]]}},{"type":"Feature","properties":{"category":"dem_stream","class":"creek","threshold_label":"headwaters \u2265 80 cells","catchment_km2":2.72,"accumulation_cells":84,"vertex_count":3,"decimated":false,"source":"Copernicus GLO-30 DEM at 180 m, D8 flow accumulation"},"geometry":{"type":"LineString","coordinates":[[-57.099048300004995,-25.429234148095],[-57.099048300004995,-25.428678592555],[-57.099048300004995,-25.428123037015]]}},{"type":"Feature","properties":{"category":"dem_stream","class":"creek","threshold_label":"headwaters \u2265 80 cells","catchment_km2":4.05,"accumulation_cells":125,"vertex_count":10,"decimated":false,"source":"Copernicus GLO-30 DEM at 180 m, D8 flow accumulation"},"geometry":{"type":"LineString","coordinates":[[-57.099048300004995,-25.553123033515],[-57.099048300004995,-25.552567477975],[-57.099048300004995,-25.552011922435],[-57.099048300004995,-25.551456366895],[-57.099048300004995,-25.550900811355],[-57.099048300004995,-25.550345255815],[-57.099048300004995,-25.549789700275],[-57.099048300004995,-25.549234144735],[-57.099048300004995,-25.548678589195],[-57.099048300004995,-25.548123033655]]}},{"type":"Feature","properties":{"category":"dem_stream","class":"rill","threshold_label":"headwaters \u2265 80 cells","catchment_km2":0.58,"accumulation_cells":18,"vertex_count":6,"decimated":false,"source":"Copernicus GLO-30 DEM at 180 m, D8 flow accumulation"},"geometry":{"type":"LineString","coordinates":[[-57.099048300004995,-25.670900807995],[-57.099603855545,-25.671456363535],[-57.100159411084995,-25.671456363535],[-57.100714966625,-25.671456363535],[-57.101270522164995,-25.672011919075],[-57.101826077705,-25.672567474615]]}},{"type":"Feature","properties":{"category":"dem_stream","class":"tributary","threshold_label":"headwaters \u2265 80 cells","catchment_km2":8.75,"accumulation_cells":270,"vertex_count":401,"decimated":true,"source":"Copernicus GLO-30 DEM at 180 m, D8 flow accumulation"},"geometry":{"type":"LineString","coordinates":[[-57.099048300004995,-25.767567471955],[-57.099048300004995,-25.770345249655],[-57.099048300004995,-25.770900805195]]}},{"type":"Feature","properties":{"category":"dem_stream","class":"tributary","threshold_label":"headwaters \u2265 80 cells","catchment_km2":10.43,"accumulation_cells":322,"vertex_count":401,"decimated":true,"source":"Copernicus GLO-30 DEM at 180 m, D8 flow accumulation"},"geometry":{"type":"LineString","coordinates":[[-57.098492744465,-25.665345252595],[-57.100714966625,-25.668123030295],[-57.103492744324996,-25.669789696915]]}},{"type":"Feature","properties":{"category":"dem_stream","class":"tributary","threshold_label":"headwaters \u2265 80 cells","catchment_km2":9.75,"accumulation_cells":301,"vertex_count":401,"decimated":true,"source":"Copernicus GLO-30 DEM at 180 m, D8 flow accumulation"},"geometry":{"type":"LineString","coordinates":[[-57.098492744465,-25.772011916275],[-57.098492744465,-25.773123027355002]]}},{"type":"Feature","properties":{"category":"dem_stream","class":"creek","threshold_label":"headwaters \u2265 80 cells","catchment_km2":4.54,"accumulation_cells":140,"vertex_count":401,"decimated":true,"source":"Copernicus GLO-30 DEM at 180 m, D8 flow accumulation"},"geometry":{"type":"MultiLineString","coordinates":[[[-57.097381633385,-25.591456365775],[-57.100159411084995,-25.592567476855]],[[-57.100159411084995,-25.592567476855],[-57.099603855545,-25.592011921315]]]}},{"type":"Feature","properties":{"category":"dem_stream","class":"tributary","threshold_label":"headwaters \u2265 80 cells","catchment_km2":12.38,"accumulation_cells":382,"vertex_count":401,"decimated":true,"source":"Copernicus GLO-30 DEM at 180 m, D8 flow accumulation"},"geometry":{"type":"LineString","coordinates":[[-57.096826077844995,-25.644234142075],[-57.096826077844995,-25.647011919775],[-57.096826077844995,-25.649789697475],[-57.096826077844995,-25.650345253015]]}},{"type":"Feature","properties":{"category":"dem_stream","class":"rill","threshold_label":"headwaters \u2265 80 cells","catchment_km2":0.1,"accumulation_cells":3,"vertex_count":9,"decimated":false,"source":"Copernicus GLO-30 DEM at 180 m, D8 flow accumulation"},"geometry":{"type":"LineString","coordinates":[[-57.096270522305,-25.548123033655],[-57.096270522305,-25.547567478115],[-57.096270522305,-25.547011922575],[-57.096270522305,-25.546456367035],[-57.096270522305,-25.545900811495],[-57.095714966764994,-25.545345255955],[-57.095159411225,-25.544789700415],[-57.095159411225,-25.544234144875],[-57.094603855684994,-25.543678589335]]}},{"type":"Feature","properties":{"category":"dem_stream","class":"tributary","threshold_label":"headwaters \u2265 80 cells","catchment_km2":7.23,"accumulation_cells":223,"vertex_count":401,"decimated":true,"source":"Copernicus GLO-30 DEM at 180 m, D8 flow accumulation"},"geometry":{"type":"MultiLineString","coordinates":[[[-57.094603855684994,-25.625345253715],[-57.094603855684994,-25.627567475875]],[[-57.094603855684994,-25.627567475875],[-57.094603855684994,-25.628123031415]]]}},{"type":"Feature","properties":{"category":"dem_stream","class":"creek","threshold_label":"headwaters \u2265 80 cells","catchment_km2":4.05,"accumulation_cells":125,"vertex_count":401,"decimated":true,"source":"Copernicus GLO-30 DEM at 180 m, D8 flow accumulation"},"geometry":{"type":"MultiLineString","coordinates":[[[-57.094603855684994,-25.753123027915],[-57.094048300145,-25.753123027915]],[[-57.094048300145,-25.753123027915],[-57.093492744604994,-25.752567472375]]]}},{"type":"Feature","properties":{"category":"dem_stream","class":"tributary","threshold_label":"headwaters \u2265 80 cells","catchment_km2":7.16,"accumulation_cells":221,"vertex_count":401,"decimated":true,"source":"Copernicus GLO-30 DEM at 180 m, D8 flow accumulation"},"geometry":{"type":"MultiLineString","coordinates":[[[-57.094048300145,-25.431456370255],[-57.094603855684994,-25.428678592555],[-57.095159411225,-25.427567481475]],[[-57.095159411225,-25.427567481475],[-57.094603855684994,-25.427567481475]]]}},{"type":"Feature","properties":{"category":"dem_stream","class":"tributary","threshold_label":"headwaters \u2265 80 cells","catchment_km2":5.9,"accumulation_cells":182,"vertex_count":401,"decimated":true,"source":"Copernicus GLO-30 DEM at 180 m, D8 flow accumulation"},"geometry":{"type":"LineString","coordinates":[[-57.094048300145,-25.458123036175],[-57.094048300145,-25.458678591715]]}},{"type":"Feature","properties":{"category":"dem_stream","class":"tributary","threshold_label":"headwaters \u2265 80 cells","catchment_km2":6.93,"accumulation_cells":214,"vertex_count":401,"decimated":true,"source":"Copernicus GLO-30 DEM at 180 m, D8 flow accumulation"},"geometry":{"type":"MultiLineString","coordinates":[[[-57.094048300145,-25.587011921455],[-57.096826077844995,-25.588678588075002],[-57.097381633385,-25.590345254695]],[[-57.097381633385,-25.590345254695],[-57.097381633385,-25.589789699155]]]}},{"type":"Feature","properties":{"category":"dem_stream","class":"tributary","threshold_label":"headwaters \u2265 80 cells","catchment_km2":5.77,"accumulation_cells":178,"vertex_count":401,"decimated":true,"source":"Copernicus GLO-30 DEM at 180 m, D8 flow accumulation"},"geometry":{"type":"MultiLineString","coordinates":[[[-57.094048300145,-25.708678584715],[-57.096270522305,-25.710900806875],[-57.096826077844995,-25.711456362415]],[[-57.096826077844995,-25.711456362415],[-57.097381633385,-25.712011917955]]]}},{"type":"Feature","properties":{"category":"dem_stream","class":"rill","threshold_label":"headwaters \u2265 80 cells","catchment_km2":0.29,"accumulation_cells":9,"vertex_count":3,"decimated":false,"source":"Copernicus GLO-30 DEM at 180 m, D8 flow accumulation"},"geometry":{"type":"LineString","coordinates":[[-57.092937189065,-25.612011920755],[-57.092937189065,-25.612567476295],[-57.093492744604994,-25.613123031835]]}},{"type":"Feature","properties":{"category":"dem_stream","class":"tributary","threshold_label":"headwaters \u2265 80 cells","catchment_km2":9.62,"accumulation_cells":297,"vertex_count":401,"decimated":true,"source":"Copernicus GLO-30 DEM at 180 m, D8 flow accumulation"},"geometry":{"type":"MultiLineString","coordinates":[[[-57.092381633524994,-25.545900811495],[-57.092381633524994,-25.543123033795]],[[-57.092381633524994,-25.543123033795],[-57.092381633524994,-25.542567478255002]]]}},{"type":"Feature","properties":{"category":"dem_stream","class":"creek","threshold_label":"headwaters \u2265 80 cells","catchment_km2":4.57,"accumulation_cells":141,"vertex_count":401,"decimated":true,"source":"Copernicus GLO-30 DEM at 180 m, D8 flow accumulation"},"geometry":{"type":"MultiLineString","coordinates":[[[-57.092381633524994,-25.717011917815],[-57.093492744604994,-25.715900806735]],[[-57.093492744604994,-25.715900806735],[-57.093492744604994,-25.716456362275]]]}},{"type":"Feature","properties":{"category":"dem_stream","class":"tributary","threshold_label":"headwaters \u2265 80 cells","catchment_km2":7.65,"accumulation_cells":236,"vertex_count":401,"decimated":true,"source":"Copernicus GLO-30 DEM at 180 m, D8 flow accumulation"},"geometry":{"type":"LineString","coordinates":[[-57.091826077985,-25.604789698735],[-57.092381633524994,-25.607011920895]]}},{"type":"Feature","properties":{"category":"dem_stream","class":"tributary","threshold_label":"headwaters \u2265 80 cells","catchment_km2":12.25,"accumulation_cells":378,"vertex_count":401,"decimated":true,"source":"Copernicus GLO-30 DEM at 180 m, D8 flow accumulation"},"geometry":{"type":"MultiLineString","coordinates":[[[-57.091270522444994,-25.430900814715],[-57.090714966905,-25.428123037015],[-57.08793718920499,-25.427567481475]],[[-57.08793718920499,-25.427567481475],[-57.087381633665,-25.427567481475]]]}},{"type":"Feature","properties":{"category":"dem_stream","class":"main","threshold_label":"headwaters \u2265 80 cells","catchment_km2":45.42,"accumulation_cells":1402,"vertex_count":401,"decimated":true,"source":"Copernicus GLO-30 DEM at 180 m, D8 flow accumulation"},"geometry":{"type":"LineString","coordinates":[[-57.090714966905,-25.558123033375],[-57.08904830028499,-25.555900811215],[-57.087381633665,-25.553678589055]]}},{"type":"Feature","properties":{"category":"dem_stream","class":"tributary","threshold_label":"headwaters \u2265 80 cells","catchment_km2":7.87,"accumulation_cells":243,"vertex_count":401,"decimated":true,"source":"Copernicus GLO-30 DEM at 180 m, D8 flow accumulation"},"geometry":{"type":"MultiLineString","coordinates":[[[-57.09015941136499,-25.755345250075],[-57.089603855825,-25.754789694535]],[[-57.089603855825,-25.754789694535],[-57.089603855825,-25.754234138995]]]}},{"type":"Feature","properties":{"category":"dem_stream","class":"tributary","threshold_label":"headwaters \u2265 80 cells","catchment_km2":10.89,"accumulation_cells":336,"vertex_count":401,"decimated":true,"source":"Copernicus GLO-30 DEM at 180 m, D8 flow accumulation"},"geometry":{"type":"LineString","coordinates":[[-57.089603855825,-25.463123036035],[-57.092381633524994,-25.464234147115],[-57.094048300145,-25.465345258195]]}},{"type":"Feature","properties":{"category":"dem_stream","class":"creek","threshold_label":"headwaters \u2265 80 cells","catchment_km2":4.63,"accumulation_cells":143,"vertex_count":401,"decimated":true,"source":"Copernicus GLO-30 DEM at 180 m, D8 flow accumulation"},"geometry":{"type":"MultiLineString","coordinates":[[[-57.08904830028499,-25.693678585135],[-57.089603855825,-25.694234140675]],[[-57.089603855825,-25.694234140675],[-57.09015941136499,-25.694789696215]]]}},{"type":"Feature","properties":{"category":"dem_stream","class":"tributary","threshold_label":"headwaters \u2265 80 cells","catchment_km2":8.72,"accumulation_cells":269,"vertex_count":401,"decimated":true,"source":"Copernicus GLO-30 DEM at 180 m, D8 flow accumulation"},"geometry":{"type":"MultiLineString","coordinates":[[[-57.087381633665,-25.550345255815],[-57.09015941136499,-25.548678589195],[-57.090714966905,-25.547011922575]],[[-57.090714966905,-25.547011922575],[-57.09015941136499,-25.547011922575]]]}},{"type":"Feature","properties":{"category":"dem_stream","class":"rill","threshold_label":"headwaters \u2265 80 cells","catchment_km2":0.78,"accumulation_cells":24,"vertex_count":6,"decimated":false,"source":"Copernicus GLO-30 DEM at 180 m, D8 flow accumulation"},"geometry":{"type":"LineString","coordinates":[[-57.087381633665,-25.609234143055],[-57.08793718920499,-25.609234143055],[-57.088492744745,-25.609789698595],[-57.08904830028499,-25.610345254135],[-57.089603855825,-25.610345254135],[-57.09015941136499,-25.610345254135]]}},{"type":"Feature","properties":{"category":"dem_stream","class":"tributary","threshold_label":"headwaters \u2265 80 cells","catchment_km2":9.85,"accumulation_cells":304,"vertex_count":401,"decimated":true,"source":"Copernicus GLO-30 DEM at 180 m, D8 flow accumulation"},"geometry":{"type":"MultiLineString","coordinates":[[[-57.087381633665,-25.617567476155],[-57.088492744745,-25.618123031695]],[[-57.088492744745,-25.618123031695],[-57.088492744745,-25.618678587235]]]}},{"type":"Feature","properties":{"category":"dem_stream","class":"rill","threshold_label":"headwaters \u2265 80 cells","catchment_km2":0.13,"accumulation_cells":4,"vertex_count":5,"decimated":true,"source":"Copernicus GLO-30 DEM at 180 m, D8 flow accumulation"},"geometry":{"type":"LineString","coordinates":[[-57.08571496704499,-25.635900808975],[-57.088492744745,-25.635900808975],[-57.091270522444994,-25.638123031135],[-57.093492744604994,-25.639789697755],[-57.095714966764994,-25.641456364375]]}},{"type":"Feature","properties":{"category":"dem_stream","class":"rill","threshold_label":"headwaters \u2265 80 cells","catchment_km2":0.19,"accumulation_cells":6,"vertex_count":5,"decimated":false,"source":"Copernicus GLO-30 DEM at 180 m, D8 flow accumulation"},"geometry":{"type":"LineString","coordinates":[[-57.085159411504996,-25.520900812195],[-57.085159411504996,-25.520345256655],[-57.085159411504996,-25.519789701115],[-57.085159411504996,-25.519234145575002],[-57.08571496704499,-25.518678590035]]}},{"type":"Feature","properties":{"category":"dem_stream","class":"creek","threshold_label":"headwaters \u2265 80 cells","catchment_km2":3.53,"accumulation_cells":109,"vertex_count":401,"decimated":true,"source":"Copernicus GLO-30 DEM at 180 m, D8 flow accumulation"},"geometry":{"type":"MultiLineString","coordinates":[[[-57.085159411504996,-25.688678585275],[-57.08571496704499,-25.688123029735]],[[-57.08571496704499,-25.688123029735],[-57.08571496704499,-25.688678585275]]]}},{"type":"Feature","properties":{"category":"dem_stream","class":"tributary","threshold_label":"headwaters \u2265 80 cells","catchment_km2":14.48,"accumulation_cells":447,"vertex_count":6,"decimated":true,"source":"Copernicus GLO-30 DEM at 180 m, D8 flow accumulation"},"geometry":{"type":"LineString","coordinates":[[-57.08349274488499,-25.566456366475],[-57.084048300424996,-25.563678588775],[-57.085159411504996,-25.560900811075],[-57.08682607812499,-25.558123033375],[-57.087381633665,-25.555345255675],[-57.087381633665,-25.554789700135]]}},{"type":"Feature","properties":{"category":"dem_stream","class":"rill","threshold_label":"headwaters \u2265 80 cells","catchment_km2":0.23,"accumulation_cells":7,"vertex_count":8,"decimated":false,"source":"Copernicus GLO-30 DEM at 180 m, D8 flow accumulation"},"geometry":{"type":"LineString","coordinates":[[-57.08349274488499,-25.620900809395],[-57.084048300424996,-25.620900809395],[-57.08460385596499,-25.621456364935],[-57.085159411504996,-25.621456364935],[-57.08571496704499,-25.621456364935],[-57.086270522585,-25.621456364935],[-57.08682607812499,-25.622011920475],[-57.087381633665,-25.622011920475]]}},{"type":"Feature","properties":{"category":"dem_stream","class":"tributary","threshold_label":"headwaters \u2265 80 cells","catchment_km2":11.28,"accumulation_cells":348,"vertex_count":401,"decimated":true,"source":"Copernicus GLO-30 DEM at 180 m, D8 flow accumulation"},"geometry":{"type":"LineString","coordinates":[[-57.08349274488499,-25.662567474895],[-57.08571496704499,-25.665345252595],[-57.087381633665,-25.667011919215]]}},{"type":"Feature","properties":{"category":"dem_stream","class":"creek","threshold_label":"headwaters \u2265 80 cells","catchment_km2":4.34,"accumulation_cells":134,"vertex_count":401,"decimated":true,"source":"Copernicus GLO-30 DEM at 180 m, D8 flow accumulation"},"geometry":{"type":"MultiLineString","coordinates":[[[-57.08349274488499,-25.749789694675002],[-57.08571496704499,-25.748123028055],[-57.08571496704499,-25.747567472515]],[[-57.08571496704499,-25.747567472515],[-57.085159411504996,-25.747567472515]]]}},{"type":"Feature","properties":{"category":"dem_stream","class":"tributary","threshold_label":"headwaters \u2265 80 cells","catchment_km2":7.39,"accumulation_cells":228,"vertex_count":8,"decimated":false,"source":"Copernicus GLO-30 DEM at 180 m, D8 flow accumulation"},"geometry":{"type":"LineString","coordinates":[[-57.08238163380499,-25.633678586815],[-57.082937189344996,-25.633678586815],[-57.08349274488499,-25.633678586815],[-57.084048300424996,-25.633678586815],[-57.08460385596499,-25.633678586815],[-57.085159411504996,-25.633678586815],[-57.08571496704499,-25.634234142355],[-57.086270522585,-25.634789697895002]]}},{"type":"Feature","properties":{"category":"dem_stream","class":"tributary","threshold_label":"headwaters \u2265 80 cells","catchment_km2":7.52,"accumulation_cells":232,"vertex_count":401,"decimated":true,"source":"Copernicus GLO-30 DEM at 180 m, D8 flow accumulation"},"geometry":{"type":"LineString","coordinates":[[-57.081826078264996,-25.532011922995],[-57.08460385596499,-25.529234145295],[-57.08682607812499,-25.527567478675],[-57.088492744745,-25.527011923135]]}},{"type":"Feature","properties":{"category":"dem_stream","class":"rill","threshold_label":"headwaters \u2265 80 cells","catchment_km2":0.13,"accumulation_cells":4,"vertex_count":5,"decimated":false,"source":"Copernicus GLO-30 DEM at 180 m, D8 flow accumulation"},"geometry":{"type":"LineString","coordinates":[[-57.081270522725,-25.455345258475],[-57.081826078264996,-25.455900814015],[-57.081826078264996,-25.456456369555],[-57.081826078264996,-25.457011925095],[-57.08238163380499,-25.457567480635]]}},{"type":"Feature","properties":{"category":"dem_stream","class":"rill","threshold_label":"headwaters \u2265 80 cells","catchment_km2":0.19,"accumulation_cells":6,"vertex_count":3,"decimated":false,"source":"Copernicus GLO-30 DEM at 180 m, D8 flow accumulation"},"geometry":{"type":"LineString","coordinates":[[-57.081270522725,-25.680900807715002],[-57.081826078264996,-25.681456363255],[-57.081826078264996,-25.682011918795]]}},{"type":"Feature","properties":{"category":"dem_stream","class":"tributary","threshold_label":"headwaters \u2265 80 cells","catchment_km2":5.64,"accumulation_cells":174,"vertex_count":401,"decimated":true,"source":"Copernicus GLO-30 DEM at 180 m, D8 flow accumulation"},"geometry":{"type":"LineString","coordinates":[[-57.081270522725,-25.730345250775],[-57.081270522725,-25.730900806315]]}},{"type":"Feature","properties":{"category":"dem_stream","class":"tributary","threshold_label":"headwaters \u2265 80 cells","catchment_km2":8.42,"accumulation_cells":260,"vertex_count":401,"decimated":true,"source":"Copernicus GLO-30 DEM at 180 m, D8 flow accumulation"},"geometry":{"type":"LineString","coordinates":[[-57.080159411645,-25.726456361995],[-57.080714967184996,-25.728123028615]]}},{"type":"Feature","properties":{"category":"dem_stream","class":"rill","threshold_label":"headwaters \u2265 80 cells","catchment_km2":0.16,"accumulation_cells":5,"vertex_count":4,"decimated":false,"source":"Copernicus GLO-30 DEM at 180 m, D8 flow accumulation"},"geometry":{"type":"LineString","coordinates":[[-57.079603856104995,-25.459234147255],[-57.080159411645,-25.459234147255],[-57.080714967184996,-25.459234147255],[-57.081270522725,-25.459234147255]]}},{"type":"Feature","properties":{"category":"dem_stream","class":"tributary","threshold_label":"headwaters \u2265 80 cells","catchment_km2":9.33,"accumulation_cells":288,"vertex_count":401,"decimated":true,"source":"Copernicus GLO-30 DEM at 180 m, D8 flow accumulation"},"geometry":{"type":"LineString","coordinates":[[-57.079603856104995,-25.473123035755002],[-57.08238163380499,-25.475900813455],[-57.08460385596499,-25.478678591155],[-57.08571496704499,-25.478678591155]]}},{"type":"Feature","properties":{"category":"dem_stream","class":"tributary","threshold_label":"headwaters \u2265 80 cells","catchment_km2":7.84,"accumulation_cells":242,"vertex_count":401,"decimated":true,"source":"Copernicus GLO-30 DEM at 180 m, D8 flow accumulation"},"geometry":{"type":"LineString","coordinates":[[-57.079603856104995,-25.776456360595],[-57.081270522725,-25.778678582755],[-57.081826078264996,-25.779789693835]]}},{"type":"Feature","properties":{"category":"dem_stream","class":"tributary","threshold_label":"headwaters \u2265 80 cells","catchment_km2":8.0,"accumulation_cells":247,"vertex_count":401,"decimated":true,"source":"Copernicus GLO-30 DEM at 180 m, D8 flow accumulation"},"geometry":{"type":"MultiLineString","coordinates":[[[-57.078492745024995,-25.589234143615],[-57.079048300565,-25.592011921315]],[[-57.079048300565,-25.592011921315],[-57.079048300565,-25.591456365775]]]}},{"type":"Feature","properties":{"category":"dem_stream","class":"creek","threshold_label":"headwaters \u2265 80 cells","catchment_km2":4.44,"accumulation_cells":137,"vertex_count":401,"decimated":true,"source":"Copernicus GLO-30 DEM at 180 m, D8 flow accumulation"},"geometry":{"type":"MultiLineString","coordinates":[[[-57.077937189485,-25.542011922715],[-57.077937189485,-25.540900811635]],[[-57.077937189485,-25.540900811635],[-57.077937189485,-25.540345256095]]]}},{"type":"Feature","properties":{"category":"dem_stream","class":"rill","threshold_label":"headwaters \u2265 80 cells","catchment_km2":0.16,"accumulation_cells":5,"vertex_count":6,"decimated":true,"source":"Copernicus GLO-30 DEM at 180 m, D8 flow accumulation"},"geometry":{"type":"LineString","coordinates":[[-57.077937189485,-25.563678588775],[-57.079603856104995,-25.560900811075],[-57.081270522725,-25.558123033375],[-57.08349274488499,-25.555345255675],[-57.08571496704499,-25.553123033515],[-57.08682607812499,-25.552011922435]]}},{"type":"Feature","properties":{"category":"dem_stream","class":"tributary","threshold_label":"headwaters \u2265 80 cells","catchment_km2":8.62,"accumulation_cells":266,"vertex_count":401,"decimated":true,"source":"Copernicus GLO-30 DEM at 180 m, D8 flow accumulation"},"geometry":{"type":"LineString","coordinates":[[-57.077937189485,-25.671456363535],[-57.078492745024995,-25.673678585695]]}},{"type":"Feature","properties":{"category":"dem_stream","class":"tributary","threshold_label":"headwaters \u2265 80 cells","catchment_km2":16.72,"accumulation_cells":516,"vertex_count":401,"decimated":true,"source":"Copernicus GLO-30 DEM at 180 m, D8 flow accumulation"},"geometry":{"type":"LineString","coordinates":[[-57.077381633944995,-25.476456368995],[-57.079603856104995,-25.479234146695]]}},{"type":"Feature","properties":{"category":"dem_stream","class":"tributary","threshold_label":"headwaters \u2265 80 cells","catchment_km2":21.84,"accumulation_cells":674,"vertex_count":401,"decimated":true,"source":"Copernicus GLO-30 DEM at 180 m, D8 flow accumulation"},"geometry":{"type":"LineString","coordinates":[[-57.077381633944995,-25.711456362415],[-57.080159411645,-25.710900806875],[-57.081270522725,-25.713678584575],[-57.081826078264996,-25.716456362275],[-57.08238163380499,-25.718678584435]]}},{"type":"Feature","properties":{"category":"dem_stream","class":"tributary","threshold_label":"headwaters \u2265 80 cells","catchment_km2":13.93,"accumulation_cells":430,"vertex_count":401,"decimated":true,"source":"Copernicus GLO-30 DEM at 180 m, D8 flow accumulation"},"geometry":{"type":"LineString","coordinates":[[-57.076826078405,-25.464789702655],[-57.079603856104995,-25.465900813735],[-57.08238163380499,-25.467567480355],[-57.085159411504996,-25.469789702515],[-57.087381633665,-25.471456369135],[-57.089603855825,-25.473678591295]]}},{"type":"Feature","properties":{"category":"dem_stream","class":"tributary","threshold_label":"headwaters \u2265 80 cells","catchment_km2":12.12,"accumulation_cells":374,"vertex_count":401,"decimated":true,"source":"Copernicus GLO-30 DEM at 180 m, D8 flow accumulation"},"geometry":{"type":"LineString","coordinates":[[-57.076270522864995,-25.488123035335],[-57.079048300565,-25.487567479795],[-57.079603856104995,-25.487011924255]]}},{"type":"Feature","properties":{"category":"dem_stream","class":"tributary","threshold_label":"headwaters \u2265 80 cells","catchment_km2":9.2,"accumulation_cells":284,"vertex_count":401,"decimated":true,"source":"Copernicus GLO-30 DEM at 180 m, D8 flow accumulation"},"geometry":{"type":"MultiLineString","coordinates":[[[-57.076270522864995,-25.657011919495],[-57.079048300565,-25.656456363955]],[[-57.079048300565,-25.656456363955],[-57.078492745024995,-25.656456363955]]]}},{"type":"Feature","properties":{"category":"dem_stream","class":"tributary","threshold_label":"headwaters \u2265 80 cells","catchment_km2":6.61,"accumulation_cells":204,"vertex_count":401,"decimated":true,"source":"Copernicus GLO-30 DEM at 180 m, D8 flow accumulation"},"geometry":{"type":"LineString","coordinates":[[-57.076270522864995,-25.698678584995],[-57.076826078405,-25.699234140535]]}},{"type":"Feature","properties":{"category":"dem_stream","class":"creek","threshold_label":"headwaters \u2265 80 cells","catchment_km2":1.94,"accumulation_cells":60,"vertex_count":5,"decimated":false,"source":"Copernicus GLO-30 DEM at 180 m, D8 flow accumulation"},"geometry":{"type":"LineString","coordinates":[[-57.075714967325,-25.524789700975],[-57.075714967325,-25.524234145435],[-57.075714967325,-25.523678589895],[-57.076270522864995,-25.523123034355],[-57.076826078405,-25.522567478815]]}},{"type":"Feature","properties":{"category":"dem_stream","class":"tributary","threshold_label":"headwaters \u2265 80 cells","catchment_km2":6.93,"accumulation_cells":214,"vertex_count":401,"decimated":true,"source":"Copernicus GLO-30 DEM at 180 m, D8 flow accumulation"},"geometry":{"type":"LineString","coordinates":[[-57.075714967325,-25.743123028195],[-57.075714967325,-25.742011917115]]}},{"type":"Feature","properties":{"category":"dem_stream","class":"tributary","threshold_label":"headwaters \u2265 80 cells","catchment_km2":17.76,"accumulation_cells":548,"vertex_count":401,"decimated":true,"source":"Copernicus GLO-30 DEM at 180 m, D8 flow accumulation"},"geometry":{"type":"MultiLineString","coordinates":[[[-57.075159411784995,-25.437567481195],[-57.072381634085,-25.436456370115],[-57.069603856384994,-25.434234147955],[-57.06738163422499,-25.432567481335],[-57.06627052314499,-25.430900814715]],[[-57.06627052314499,-25.430900814715],[-57.065714967605,-25.430345259175]]]}},{"type":"Feature","properties":{"category":"dem_stream","class":"rill","threshold_label":"headwaters \u2265 80 cells","catchment_km2":0.23,"accumulation_cells":7,"vertex_count":3,"decimated":false,"source":"Copernicus GLO-30 DEM at 180 m, D8 flow accumulation"},"geometry":{"type":"LineString","coordinates":[[-57.075159411784995,-25.568678588635],[-57.075159411784995,-25.568123033095],[-57.075714967325,-25.567567477555]]}},{"type":"Feature","properties":{"category":"dem_stream","class":"tributary","threshold_label":"headwaters \u2265 80 cells","catchment_km2":5.7,"accumulation_cells":176,"vertex_count":401,"decimated":true,"source":"Copernicus GLO-30 DEM at 180 m, D8 flow accumulation"},"geometry":{"type":"MultiLineString","coordinates":[[[-57.075159411784995,-25.677567474475],[-57.076270522864995,-25.677567474475]],[[-57.076270522864995,-25.677567474475],[-57.076826078405,-25.677567474475]]]}},{"type":"Feature","properties":{"category":"dem_stream","class":"main","threshold_label":"headwaters \u2265 80 cells","catchment_km2":37.58,"accumulation_cells":1160,"vertex_count":401,"decimated":true,"source":"Copernicus GLO-30 DEM at 180 m, D8 flow accumulation"},"geometry":{"type":"LineString","coordinates":[[-57.074603856245,-25.555900811215],[-57.075714967325,-25.553123033515],[-57.076270522864995,-25.550345255815],[-57.075159411784995,-25.547567478115],[-57.075159411784995,-25.544789700415],[-57.074048300704995,-25.542011922715],[-57.072381634085,-25.539234145015]]}},{"type":"Feature","properties":{"category":"dem_stream","class":"tributary","threshold_label":"headwaters \u2265 80 cells","catchment_km2":11.79,"accumulation_cells":364,"vertex_count":401,"decimated":true,"source":"Copernicus GLO-30 DEM at 180 m, D8 flow accumulation"},"geometry":{"type":"LineString","coordinates":[[-57.074048300704995,-25.582567477135],[-57.076826078405,-25.583123032675],[-57.078492745024995,-25.584789699295]]}},{"type":"Feature","properties":{"category":"dem_stream","class":"creek","threshold_label":"headwaters \u2265 80 cells","catchment_km2":3.56,"accumulation_cells":110,"vertex_count":401,"decimated":true,"source":"Copernicus GLO-30 DEM at 180 m, D8 flow accumulation"},"geometry":{"type":"LineString","coordinates":[[-57.073492745165,-25.493123035195],[-57.074048300704995,-25.492567479655]]}},{"type":"Feature","properties":{"category":"dem_stream","class":"tributary","threshold_label":"headwaters \u2265 80 cells","catchment_km2":5.18,"accumulation_cells":160,"vertex_count":11,"decimated":false,"source":"Copernicus GLO-30 DEM at 180 m, D8 flow accumulation"},"geometry":{"type":"LineString","coordinates":[[-57.072381634085,-25.439789703355],[-57.071826078544994,-25.439234147815],[-57.071270523005,-25.439234147815],[-57.070714967464994,-25.438678592275],[-57.070159411925,-25.438678592275],[-57.070159411925,-25.438123036735],[-57.070159411925,-25.437567481195],[-57.070159411925,-25.437011925655],[-57.070159411925,-25.436456370115],[-57.070159411925,-25.435900814575],[-57.070159411925,-25.435345259035]]}},{"type":"Feature","properties":{"category":"dem_stream","class":"creek","threshold_label":"headwaters \u2265 80 cells","catchment_km2":3.95,"accumulation_cells":122,"vertex_count":13,"decimated":false,"source":"Copernicus GLO-30 DEM at 180 m, D8 flow accumulation"},"geometry":{"type":"LineString","coordinates":[[-57.072381634085,-25.479234146695],[-57.072937189624994,-25.479234146695],[-57.073492745165,-25.479234146695],[-57.074048300704995,-25.479234146695],[-57.074603856245,-25.479234146695],[-57.075159411784995,-25.479234146695],[-57.075714967325,-25.479234146695],[-57.076270522864995,-25.479234146695],[-57.076826078405,-25.479234146695],[-57.077381633944995,-25.479234146695],[-57.077937189485,-25.479789702235],[-57.078492745024995,-25.479234146695],[-57.079048300565,-25.479234146695]]}},{"type":"Feature","properties":{"category":"dem_stream","class":"rill","threshold_label":"headwaters \u2265 80 cells","catchment_km2":0.23,"accumulation_cells":7,"vertex_count":18,"decimated":false,"source":"Copernicus GLO-30 DEM at 180 m, D8 flow accumulation"},"geometry":{"type":"LineString","coordinates":[[-57.072381634085,-25.699234140535],[-57.072937189624994,-25.699234140535],[-57.073492745165,-25.699789696075],[-57.074048300704995,-25.700345251615],[-57.074603856245,-25.700345251615],[-57.075159411784995,-25.700900807155],[-57.075714967325,-25.700900807155],[-57.076270522864995,-25.701456362695],[-57.076826078405,-25.701456362695],[-57.076826078405,-25.702011918235],[-57.076826078405,-25.702567473775],[-57.077381633944995,-25.703123029315],[-57.077937189485,-25.703678584855002],[-57.077937189485,-25.704234140395002],[-57.078492745024995,-25.704789695935],[-57.079048300565,-25.705345251475],[-57.079603856104995,-25.705900807015],[-57.079603856104995,-25.706456362555]]}},{"type":"Feature","properties":{"category":"dem_stream","class":"rill","threshold_label":"headwaters \u2265 80 cells","catchment_km2":0.13,"accumulation_cells":4,"vertex_count":17,"decimated":false,"source":"Copernicus GLO-30 DEM at 180 m, D8 flow accumulation"},"geometry":{"type":"LineString","coordinates":[[-57.071826078544994,-25.574789699575],[-57.072381634085,-25.575345255115],[-57.072937189624994,-25.575900810655],[-57.073492745165,-25.576456366195],[-57.074048300704995,-25.576456366195],[-57.074603856245,-25.577011921735],[-57.075159411784995,-25.577567477275],[-57.075159411784995,-25.578123032815],[-57.075714967325,-25.578678588355],[-57.076270522864995,-25.579234143895],[-57.076270522864995,-25.579789699435],[-57.076270522864995,-25.580345254975],[-57.076826078405,-25.580900810515],[-57.076826078405,-25.581456366055],[-57.077381633944995,-25.581456366055],[-57.077381633944995,-25.582011921595],[-57.077937189485,-25.582567477135]]}},{"type":"Feature","properties":{"category":"dem_stream","class":"tributary","threshold_label":"headwaters \u2265 80 cells","catchment_km2":13.38,"accumulation_cells":413,"vertex_count":401,"decimated":true,"source":"Copernicus GLO-30 DEM at 180 m, D8 flow accumulation"},"geometry":{"type":"MultiLineString","coordinates":[[[-57.071826078544994,-25.688678585275],[-57.074603856245,-25.689234140815],[-57.077381633944995,-25.687011918655],[-57.080159411645,-25.685900807575],[-57.082937189344996,-25.685345252035],[-57.084048300424996,-25.686456363115]],[[-57.084048300424996,-25.686456363115],[-57.084048300424996,-25.685900807575]]]}},{"type":"Feature","properties":{"category":"dem_stream","class":"rill","threshold_label":"headwaters \u2265 80 cells","catchment_km2":0.45,"accumulation_cells":14,"vertex_count":9,"decimated":false,"source":"Copernicus GLO-30 DEM at 180 m, D8 flow accumulation"},"geometry":{"type":"LineString","coordinates":[[-57.071270523005,-25.563123033235],[-57.071270523005,-25.562567477695],[-57.071826078544994,-25.562011922155],[-57.071826078544994,-25.561456366615],[-57.072381634085,-25.560900811075],[-57.072937189624994,-25.560345255535],[-57.072937189624994,-25.559789699995],[-57.073492745165,-25.559234144455],[-57.073492745165,-25.558678588915]]}},{"type":"Feature","properties":{"category":"dem_stream","class":"creek","threshold_label":"headwaters \u2265 80 cells","catchment_km2":2.75,"accumulation_cells":85,"vertex_count":401,"decimated":true,"source":"Copernicus GLO-30 DEM at 180 m, D8 flow accumulation"},"geometry":{"type":"LineString","coordinates":[[-57.071270523005,-25.612567476295],[-57.071270523005,-25.613123031835]]}},{"type":"Feature","properties":{"category":"dem_stream","class":"tributary","threshold_label":"headwaters \u2265 80 cells","catchment_km2":7.78,"accumulation_cells":240,"vertex_count":15,"decimated":false,"source":"Copernicus GLO-30 DEM at 180 m, D8 flow accumulation"},"geometry":{"type":"LineString","coordinates":[[-57.070714967464994,-25.554234144595],[-57.071270523005,-25.553678589055],[-57.071826078544994,-25.553123033515],[-57.071826078544994,-25.552567477975],[-57.072381634085,-25.552011922435],[-57.072937189624994,-25.551456366895],[-57.072937189624994,-25.550900811355],[-57.072937189624994,-25.550345255815],[-57.072937189624994,-25.549789700275],[-57.073492745165,-25.549234144735],[-57.074048300704995,-25.548678589195],[-57.074048300704995,-25.548123033655],[-57.074048300704995,-25.547567478115],[-57.074048300704995,-25.547011922575],[-57.074603856245,-25.546456367035]]}},{"type":"Feature","properties":{"category":"dem_stream","class":"tributary","threshold_label":"headwaters \u2265 80 cells","catchment_km2":10.08,"accumulation_cells":311,"vertex_count":401,"decimated":true,"source":"Copernicus GLO-30 DEM at 180 m, D8 flow accumulation"},"geometry":{"type":"LineString","coordinates":[[-57.070159411925,-25.677567474475],[-57.071826078544994,-25.675900807855]]}},{"type":"Feature","properties":{"category":"dem_stream","class":"tributary","threshold_label":"headwaters \u2265 80 cells","catchment_km2":24.88,"accumulation_cells":768,"vertex_count":401,"decimated":true,"source":"Copernicus GLO-30 DEM at 180 m, D8 flow accumulation"},"geometry":{"type":"LineString","coordinates":[[-57.069048300845,-25.594234143475],[-57.070159411925,-25.597011921175],[-57.072381634085,-25.599234143335],[-57.074603856245,-25.602011921035],[-57.075159411784995,-25.602567476575]]}},{"type":"Feature","properties":{"category":"dem_stream","class":"creek","threshold_label":"headwaters \u2265 80 cells","catchment_km2":4.92,"accumulation_cells":152,"vertex_count":3,"decimated":false,"source":"Copernicus GLO-30 DEM at 180 m, D8 flow accumulation"},"geometry":{"type":"LineString","coordinates":[[-57.068492745304994,-25.595900810095],[-57.069048300845,-25.596456365635],[-57.069603856384994,-25.597011921175]]}},{"type":"Feature","properties":{"category":"dem_stream","class":"tributary","threshold_label":"headwaters \u2265 80 cells","catchment_km2":7.97,"accumulation_cells":246,"vertex_count":401,"decimated":true,"source":"Copernicus GLO-30 DEM at 180 m, D8 flow accumulation"},"geometry":{"type":"LineString","coordinates":[[-57.068492745304994,-25.662567474895],[-57.069048300845,-25.665345252595],[-57.069048300845,-25.666456363675]]}},{"type":"Feature","properties":{"category":"dem_stream","class":"tributary","threshold_label":"headwaters \u2265 80 cells","catchment_km2":11.21,"accumulation_cells":346,"vertex_count":401,"decimated":true,"source":"Copernicus GLO-30 DEM at 180 m, D8 flow accumulation"},"geometry":{"type":"LineString","coordinates":[[-57.068492745304994,-25.777567471675],[-57.069603856384994,-25.780345249375],[-57.070714967464994,-25.782567471535]]}},{"type":"Feature","properties":{"category":"dem_stream","class":"rill","threshold_label":"headwaters \u2265 80 cells","catchment_km2":0.1,"accumulation_cells":3,"vertex_count":7,"decimated":false,"source":"Copernicus GLO-30 DEM at 180 m, D8 flow accumulation"},"geometry":{"type":"LineString","coordinates":[[-57.067937189765,-25.448678591995],[-57.06738163422499,-25.448123036455],[-57.066826078685,-25.447567480915],[-57.06627052314499,-25.447011925375],[-57.06627052314499,-25.446456369835],[-57.065714967605,-25.446456369835],[-57.06515941206499,-25.445900814295]]}},{"type":"Feature","properties":{"category":"dem_stream","class":"rill","threshold_label":"headwaters \u2265 80 cells","catchment_km2":0.32,"accumulation_cells":10,"vertex_count":8,"decimated":false,"source":"Copernicus GLO-30 DEM at 180 m, D8 flow accumulation"},"geometry":{"type":"LineString","coordinates":[[-57.067937189765,-25.512011923555],[-57.067937189765,-25.511456368015],[-57.067937189765,-25.510900812475],[-57.06738163422499,-25.510345256935],[-57.06738163422499,-25.509789701395],[-57.066826078685,-25.509789701395],[-57.06738163422499,-25.509234145855],[-57.066826078685,-25.508678590315]]}},{"type":"Feature","properties":{"category":"dem_stream","class":"tributary","threshold_label":"headwaters \u2265 80 cells","catchment_km2":8.42,"accumulation_cells":260,"vertex_count":401,"decimated":true,"source":"Copernicus GLO-30 DEM at 180 m, D8 flow accumulation"},"geometry":{"type":"LineString","coordinates":[[-57.06738163422499,-25.706456362555],[-57.067937189765,-25.709234140255]]}},{"type":"Feature","properties":{"category":"dem_stream","class":"tributary","threshold_label":"headwaters \u2265 80 cells","catchment_km2":7.45,"accumulation_cells":230,"vertex_count":401,"decimated":true,"source":"Copernicus GLO-30 DEM at 180 m, D8 flow accumulation"},"geometry":{"type":"LineString","coordinates":[[-57.06738163422499,-25.783678582615],[-57.068492745304994,-25.785345249235]]}},{"type":"Feature","properties":{"category":"dem_stream","class":"rill","threshold_label":"headwaters \u2265 80 cells","catchment_km2":0.55,"accumulation_cells":17,"vertex_count":5,"decimated":true,"source":"Copernicus GLO-30 DEM at 180 m, D8 flow accumulation"},"geometry":{"type":"LineString","coordinates":[[-57.066826078685,-25.548678589195],[-57.065714967605,-25.545900811495],[-57.066826078685,-25.543678589335],[-57.067937189765,-25.540900811635],[-57.070159411925,-25.539234145015]]}},{"type":"Feature","properties":{"category":"dem_stream","class":"tributary","threshold_label":"headwaters \u2265 80 cells","catchment_km2":6.22,"accumulation_cells":192,"vertex_count":401,"decimated":true,"source":"Copernicus GLO-30 DEM at 180 m, D8 flow accumulation"},"geometry":{"type":"MultiLineString","coordinates":[[[-57.066826078685,-25.636456364515],[-57.067937189765,-25.637567475595]],[[-57.067937189765,-25.637567475595],[-57.067937189765,-25.638123031135]]]}},{"type":"Feature","properties":{"category":"dem_stream","class":"tributary","threshold_label":"headwaters \u2265 80 cells","catchment_km2":9.69,"accumulation_cells":299,"vertex_count":401,"decimated":true,"source":"Copernicus GLO-30 DEM at 180 m, D8 flow accumulation"},"geometry":{"type":"MultiLineString","coordinates":[[[-57.066826078685,-25.653123030715],[-57.069603856384994,-25.652567475175],[-57.072381634085,-25.651456364095],[-57.075159411784995,-25.650900808555],[-57.075714967325,-25.651456364095]],[[-57.075714967325,-25.651456364095],[-57.076270522864995,-25.651456364095]]]}},{"type":"Feature","properties":{"category":"dem_stream","class":"rill","threshold_label":"headwaters \u2265 80 cells","catchment_km2":0.13,"accumulation_cells":4,"vertex_count":11,"decimated":false,"source":"Copernicus GLO-30 DEM at 180 m, D8 flow accumulation"},"geometry":{"type":"LineString","coordinates":[[-57.06627052314499,-25.491456368575],[-57.06627052314499,-25.492011924115],[-57.06627052314499,-25.492567479655],[-57.06627052314499,-25.493123035195],[-57.066826078685,-25.493678590735],[-57.066826078685,-25.494234146275],[-57.06738163422499,-25.494789701815],[-57.067937189765,-25.495345257355],[-57.067937189765,-25.495900812895],[-57.068492745304994,-25.495900812895],[-57.069048300845,-25.496456368435002]]}},{"type":"Feature","properties":{"category":"dem_stream","class":"tributary","threshold_label":"headwaters \u2265 80 cells","catchment_km2":5.73,"accumulation_cells":177,"vertex_count":401,"decimated":true,"source":"Copernicus GLO-30 DEM at 180 m, D8 flow accumulation"},"geometry":{"type":"LineString","coordinates":[[-57.06627052314499,-25.496456368435002],[-57.06738163422499,-25.497567479515]]}},{"type":"Feature","properties":{"category":"dem_stream","class":"rill","threshold_label":"headwaters \u2265 80 cells","catchment_km2":0.06,"accumulation_cells":2,"vertex_count":6,"decimated":false,"source":"Copernicus GLO-30 DEM at 180 m, D8 flow accumulation"},"geometry":{"type":"LineString","coordinates":[[-57.06404830098499,-25.495900812895],[-57.064603856525,-25.496456368435002],[-57.06515941206499,-25.497011923975],[-57.065714967605,-25.497567479515],[-57.065714967605,-25.498123035055],[-57.06627052314499,-25.498678590595]]}},{"type":"Feature","properties":{"category":"dem_stream","class":"rill","threshold_label":"headwaters \u2265 80 cells","catchment_km2":0.49,"accumulation_cells":15,"vertex_count":8,"decimated":false,"source":"Copernicus GLO-30 DEM at 180 m, D8 flow accumulation"},"geometry":{"type":"LineString","coordinates":[[-57.06404830098499,-25.538123033935],[-57.064603856525,-25.537567478395],[-57.06515941206499,-25.537567478395],[-57.06515941206499,-25.537011922855],[-57.06515941206499,-25.536456367315],[-57.065714967605,-25.535900811775],[-57.06627052314499,-25.535345256235],[-57.066826078685,-25.534789700695]]}},{"type":"Feature","properties":{"category":"dem_stream","class":"tributary","threshold_label":"headwaters \u2265 80 cells","catchment_km2":5.18,"accumulation_cells":160,"vertex_count":14,"decimated":false,"source":"Copernicus GLO-30 DEM at 180 m, D8 flow accumulation"},"geometry":{"type":"LineString","coordinates":[[-57.06404830098499,-25.675345252315],[-57.064603856525,-25.675345252315],[-57.06515941206499,-25.675345252315],[-57.065714967605,-25.674789696775],[-57.06627052314499,-25.674789696775],[-57.066826078685,-25.674234141235],[-57.06738163422499,-25.674789696775],[-57.067937189765,-25.674789696775],[-57.068492745304994,-25.674789696775],[-57.069048300845,-25.674789696775],[-57.069603856384994,-25.675345252315],[-57.069603856384994,-25.675900807855],[-57.070159411925,-25.676456363395],[-57.070714967464994,-25.676456363395]]}},{"type":"Feature","properties":{"category":"dem_stream","class":"tributary","threshold_label":"headwaters \u2265 80 cells","catchment_km2":5.48,"accumulation_cells":169,"vertex_count":10,"decimated":false,"source":"Copernicus GLO-30 DEM at 180 m, D8 flow accumulation"},"geometry":{"type":"LineString","coordinates":[[-57.062381634364996,-25.550900811355],[-57.062381634364996,-25.550345255815],[-57.06293718990499,-25.549789700275],[-57.06293718990499,-25.549234144735],[-57.06293718990499,-25.548678589195],[-57.063492745445,-25.548123033655],[-57.06404830098499,-25.547567478115],[-57.064603856525,-25.547011922575],[-57.064603856525,-25.546456367035],[-57.06515941206499,-25.545900811495]]}},{"type":"Feature","properties":{"category":"dem_stream","class":"tributary","threshold_label":"headwaters \u2265 80 cells","catchment_km2":9.85,"accumulation_cells":304,"vertex_count":401,"decimated":true,"source":"Copernicus GLO-30 DEM at 180 m, D8 flow accumulation"},"geometry":{"type":"LineString","coordinates":[[-57.06182607882499,-25.470345258055],[-57.060159412204996,-25.468678591435],[-57.057381634505,-25.467011924815]]}},{"type":"Feature","properties":{"category":"dem_stream","class":"tributary","threshold_label":"headwaters \u2265 80 cells","catchment_km2":5.48,"accumulation_cells":169,"vertex_count":401,"decimated":true,"source":"Copernicus GLO-30 DEM at 180 m, D8 flow accumulation"},"geometry":{"type":"MultiLineString","coordinates":[[[-57.06182607882499,-25.499234146135],[-57.061270523284996,-25.500345257215]],[[-57.061270523284996,-25.500345257215],[-57.06182607882499,-25.500345257215]]]}},{"type":"Feature","properties":{"category":"dem_stream","class":"tributary","threshold_label":"headwaters \u2265 80 cells","catchment_km2":10.27,"accumulation_cells":317,"vertex_count":401,"decimated":true,"source":"Copernicus GLO-30 DEM at 180 m, D8 flow accumulation"},"geometry":{"type":"LineString","coordinates":[[-57.06182607882499,-25.610345254135],[-57.064603856525,-25.613123031835],[-57.066826078685,-25.614789698455],[-57.069603856384994,-25.615345253995]]}},{"type":"Feature","properties":{"category":"dem_stream","class":"rill","threshold_label":"headwaters \u2265 80 cells","catchment_km2":0.1,"accumulation_cells":3,"vertex_count":20,"decimated":false,"source":"Copernicus GLO-30 DEM at 180 m, D8 flow accumulation"},"geometry":{"type":"LineString","coordinates":[[-57.061270523284996,-25.645900808695],[-57.06182607882499,-25.645345253155],[-57.062381634364996,-25.644789697615],[-57.062381634364996,-25.644234142075],[-57.06293718990499,-25.643678586535],[-57.063492745445,-25.643123030995],[-57.06404830098499,-25.642567475455],[-57.064603856525,-25.642011919915],[-57.06515941206499,-25.642011919915],[-57.065714967605,-25.642011919915],[-57.06627052314499,-25.642011919915],[-57.066826078685,-25.642567475455],[-57.06738163422499,-25.642567475455],[-57.067937189765,-25.642567475455],[-57.068492745304994,-25.642567475455],[-57.069048300845,-25.642567475455],[-57.069603856384994,-25.643123030995],[-57.069603856384994,-25.643678586535],[-57.070159411925,-25.644234142075],[-57.070714967464994,-25.644789697615]]}},{"type":"Feature","properties":{"category":"dem_stream","class":"creek","threshold_label":"headwaters \u2265 80 cells","catchment_km2":4.11,"accumulation_cells":127,"vertex_count":401,"decimated":true,"source":"Copernicus GLO-30 DEM at 180 m, D8 flow accumulation"},"geometry":{"type":"MultiLineString","coordinates":[[[-57.061270523284996,-25.709234140255],[-57.063492745445,-25.712011917955]],[[-57.063492745445,-25.712011917955],[-57.06293718990499,-25.711456362415]]]}},{"type":"Feature","properties":{"category":"dem_stream","class":"tributary","threshold_label":"headwaters \u2265 80 cells","catchment_km2":10.47,"accumulation_cells":323,"vertex_count":7,"decimated":false,"source":"Copernicus GLO-30 DEM at 180 m, D8 flow accumulation"},"geometry":{"type":"LineString","coordinates":[[-57.06071496774499,-25.641456364375],[-57.061270523284996,-25.640900808835],[-57.06182607882499,-25.640900808835],[-57.062381634364996,-25.640900808835],[-57.06293718990499,-25.641456364375],[-57.063492745445,-25.641456364375],[-57.06404830098499,-25.642011919915]]}},{"type":"Feature","properties":{"category":"dem_stream","class":"tributary","threshold_label":"headwaters \u2265 80 cells","catchment_km2":6.12,"accumulation_cells":189,"vertex_count":401,"decimated":true,"source":"Copernicus GLO-30 DEM at 180 m, D8 flow accumulation"},"geometry":{"type":"MultiLineString","coordinates":[[[-57.06071496774499,-25.726456361995],[-57.062381634364996,-25.728678584155]],[[-57.062381634364996,-25.728678584155],[-57.062381634364996,-25.728123028615]]]}},{"type":"Feature","properties":{"category":"dem_stream","class":"creek","threshold_label":"headwaters \u2265 80 cells","catchment_km2":4.8,"accumulation_cells":148,"vertex_count":401,"decimated":true,"source":"Copernicus GLO-30 DEM at 180 m, D8 flow accumulation"},"geometry":{"type":"MultiLineString","coordinates":[[[-57.060159412204996,-25.462011924955],[-57.057937190044996,-25.460900813875]],[[-57.057937190044996,-25.460900813875],[-57.057937190044996,-25.461456369415]]]}},{"type":"Feature","properties":{"category":"dem_stream","class":"creek","threshold_label":"headwaters \u2265 80 cells","catchment_km2":2.88,"accumulation_cells":89,"vertex_count":401,"decimated":true,"source":"Copernicus GLO-30 DEM at 180 m, D8 flow accumulation"},"geometry":{"type":"MultiLineString","coordinates":[[[-57.060159412204996,-25.720900806595],[-57.06071496774499,-25.721456362135]],[[-57.06071496774499,-25.721456362135],[-57.060159412204996,-25.721456362135]]]}},{"type":"Feature","properties":{"category":"dem_stream","class":"tributary","threshold_label":"headwaters \u2265 80 cells","catchment_km2":11.11,"accumulation_cells":343,"vertex_count":401,"decimated":true,"source":"Copernicus GLO-30 DEM at 180 m, D8 flow accumulation"},"geometry":{"type":"MultiLineString","coordinates":[[[-57.05960385666499,-25.764234138715],[-57.057381634505,-25.761456361015],[-57.055159412345,-25.759234138855],[-57.055714967884995,-25.758123027775]],[[-57.055714967884995,-25.758123027775],[-57.055159412345,-25.758123027775]]]}},{"type":"Feature","properties":{"category":"dem_stream","class":"tributary","threshold_label":"headwaters \u2265 80 cells","catchment_km2":9.75,"accumulation_cells":301,"vertex_count":401,"decimated":true,"source":"Copernicus GLO-30 DEM at 180 m, D8 flow accumulation"},"geometry":{"type":"MultiLineString","coordinates":[[[-57.059048301124996,-25.530900811915],[-57.061270523284996,-25.528123034215],[-57.061270523284996,-25.525345256515],[-57.061270523284996,-25.523123034355]],[[-57.061270523284996,-25.523123034355],[-57.061270523284996,-25.522567478815]]]}},{"type":"Feature","properties":{"category":"dem_stream","class":"tributary","threshold_label":"headwaters \u2265 80 cells","catchment_km2":8.23,"accumulation_cells":254,"vertex_count":401,"decimated":true,"source":"Copernicus GLO-30 DEM at 180 m, D8 flow accumulation"},"geometry":{"type":"MultiLineString","coordinates":[[[-57.059048301124996,-25.735345250635],[-57.06182607882499,-25.733678584015],[-57.06404830098499,-25.734234139555]],[[-57.06404830098499,-25.734234139555],[-57.063492745445,-25.734234139555]]]}},{"type":"Feature","properties":{"category":"dem_stream","class":"tributary","threshold_label":"headwaters \u2265 80 cells","catchment_km2":6.35,"accumulation_cells":196,"vertex_count":6,"decimated":false,"source":"Copernicus GLO-30 DEM at 180 m, D8 flow accumulation"},"geometry":{"type":"LineString","coordinates":[[-57.058492745585,-25.640900808835],[-57.059048301124996,-25.640900808835],[-57.05960385666499,-25.640345253295],[-57.060159412204996,-25.640345253295],[-57.06071496774499,-25.640345253295],[-57.061270523284996,-25.640345253295]]}},{"type":"Feature","properties":{"category":"dem_stream","class":"tributary","threshold_label":"headwaters \u2265 80 cells","catchment_km2":8.29,"accumulation_cells":256,"vertex_count":401,"decimated":true,"source":"Copernicus GLO-30 DEM at 180 m, D8 flow accumulation"},"geometry":{"type":"LineString","coordinates":[[-57.056826078964995,-25.562011922155],[-57.055714967884995,-25.562011922155]]}},{"type":"Feature","properties":{"category":"dem_stream","class":"rill","threshold_label":"headwaters \u2265 80 cells","catchment_km2":0.55,"accumulation_cells":17,"vertex_count":7,"decimated":false,"source":"Copernicus GLO-30 DEM at 180 m, D8 flow accumulation"},"geometry":{"type":"LineString","coordinates":[[-57.056270523425,-25.435900814575],[-57.055714967884995,-25.435900814575],[-57.055714967884995,-25.435345259035],[-57.055714967884995,-25.434789703495],[-57.055714967884995,-25.434234147955],[-57.055714967884995,-25.433678592415],[-57.055714967884995,-25.433123036875]]}},{"type":"Feature","properties":{"category":"dem_stream","class":"rill","threshold_label":"headwaters \u2265 80 cells","catchment_km2":0.23,"accumulation_cells":7,"vertex_count":7,"decimated":false,"source":"Copernicus GLO-30 DEM at 180 m, D8 flow accumulation"},"geometry":{"type":"LineString","coordinates":[[-57.055714967884995,-25.431456370255],[-57.055714967884995,-25.430900814715],[-57.056270523425,-25.430345259175],[-57.056270523425,-25.429789703635],[-57.056826078964995,-25.429789703635],[-57.056270523425,-25.429234148095],[-57.056270523425,-25.428678592555]]}},{"type":"Feature","properties":{"category":"dem_stream","class":"tributary","threshold_label":"headwaters \u2265 80 cells","catchment_km2":16.1,"accumulation_cells":497,"vertex_count":401,"decimated":true,"source":"Copernicus GLO-30 DEM at 180 m, D8 flow accumulation"},"geometry":{"type":"MultiLineString","coordinates":[[[-57.055714967884995,-25.478123035615],[-57.053492745724995,-25.475900813455],[-57.051826079105,-25.473678591295],[-57.052937190185,-25.472011924675]],[[-57.052937190185,-25.472011924675],[-57.052381634644995,-25.471456369135]]]}},{"type":"Feature","properties":{"category":"dem_stream","class":"rill","threshold_label":"headwaters \u2265 80 cells","catchment_km2":0.13,"accumulation_cells":4,"vertex_count":13,"decimated":false,"source":"Copernicus GLO-30 DEM at 180 m, D8 flow accumulation"},"geometry":{"type":"LineString","coordinates":[[-57.055714967884995,-25.723123028755],[-57.056270523425,-25.723123028755],[-57.056826078964995,-25.723123028755],[-57.057381634505,-25.723678584295],[-57.057937190044996,-25.724234139835],[-57.058492745585,-25.724234139835],[-57.059048301124996,-25.724234139835],[-57.05960385666499,-25.724789695375],[-57.060159412204996,-25.724789695375],[-57.06071496774499,-25.724789695375],[-57.061270523284996,-25.725345250915],[-57.06182607882499,-25.725900806455],[-57.062381634364996,-25.726456361995]]}},{"type":"Feature","properties":{"category":"dem_stream","class":"creek","threshold_label":"headwaters \u2265 80 cells","catchment_km2":2.92,"accumulation_cells":90,"vertex_count":4,"decimated":false,"source":"Copernicus GLO-30 DEM at 180 m, D8 flow accumulation"},"geometry":{"type":"LineString","coordinates":[[-57.055159412345,-25.473123035755002],[-57.054603856804995,-25.472567480215],[-57.054048301265,-25.472567480215],[-57.053492745724995,-25.472567480215]]}},{"type":"Feature","properties":{"category":"dem_stream","class":"tributary","threshold_label":"headwaters \u2265 80 cells","catchment_km2":12.57,"accumulation_cells":388,"vertex_count":401,"decimated":true,"source":"Copernicus GLO-30 DEM at 180 m, D8 flow accumulation"},"geometry":{"type":"LineString","coordinates":[[-57.055159412345,-25.504234145995],[-57.057381634505,-25.503678590455]]}},{"type":"Feature","properties":{"category":"dem_stream","class":"rill","threshold_label":"headwaters \u2265 80 cells","catchment_km2":0.23,"accumulation_cells":7,"vertex_count":7,"decimated":false,"source":"Copernicus GLO-30 DEM at 180 m, D8 flow accumulation"},"geometry":{"type":"LineString","coordinates":[[-57.055159412345,-25.716456362275],[-57.055714967884995,-25.716456362275],[-57.056270523425,-25.716456362275],[-57.056826078964995,-25.716456362275],[-57.057381634505,-25.716456362275],[-57.057937190044996,-25.717011917815],[-57.058492745585,-25.717567473355]]}},{"type":"Feature","properties":{"category":"dem_stream","class":"creek","threshold_label":"headwaters \u2265 80 cells","catchment_km2":2.79,"accumulation_cells":86,"vertex_count":3,"decimated":false,"source":"Copernicus GLO-30 DEM at 180 m, D8 flow accumulation"},"geometry":{"type":"LineString","coordinates":[[-57.055159412345,-25.760900805475],[-57.055159412345,-25.760345249935],[-57.055159412345,-25.759789694395]]}},{"type":"Feature","properties":{"category":"dem_stream","class":"tributary","threshold_label":"headwaters \u2265 80 cells","catchment_km2":7.78,"accumulation_cells":240,"vertex_count":401,"decimated":true,"source":"Copernicus GLO-30 DEM at 180 m, D8 flow accumulation"},"geometry":{"type":"LineString","coordinates":[[-57.054048301265,-25.539789700555],[-57.051270523564995,-25.538678589475],[-57.050714968025,-25.538678589475]]}},{"type":"Feature","properties":{"category":"dem_stream","class":"tributary","threshold_label":"headwaters \u2265 80 cells","catchment_km2":9.85,"accumulation_cells":304,"vertex_count":401,"decimated":true,"source":"Copernicus GLO-30 DEM at 180 m, D8 flow accumulation"},"geometry":{"type":"LineString","coordinates":[[-57.054048301265,-25.594234143475],[-57.051270523564995,-25.592567476855],[-57.049048301404994,-25.590900810235]]}},{"type":"Feature","properties":{"category":"dem_stream","class":"rill","threshold_label":"headwaters \u2265 80 cells","catchment_km2":0.71,"accumulation_cells":22,"vertex_count":5,"decimated":false,"source":"Copernicus GLO-30 DEM at 180 m, D8 flow accumulation"},"geometry":{"type":"LineString","coordinates":[[-57.053492745724995,-25.712011917955],[-57.054048301265,-25.712567473495],[-57.054603856804995,-25.712567473495],[-57.055159412345,-25.712567473495],[-57.055714967884995,-25.713123029035]]}},{"type":"Feature","properties":{"category":"dem_stream","class":"tributary","threshold_label":"headwaters \u2265 80 cells","catchment_km2":6.67,"accumulation_cells":206,"vertex_count":9,"decimated":false,"source":"Copernicus GLO-30 DEM at 180 m, D8 flow accumulation"},"geometry":{"type":"LineString","coordinates":[[-57.052937190185,-25.508123034775],[-57.052937190185,-25.507567479235],[-57.053492745724995,-25.507011923695],[-57.054048301265,-25.506456368155],[-57.054603856804995,-25.507011923695],[-57.055159412345,-25.506456368155],[-57.055159412345,-25.505900812615],[-57.054603856804995,-25.505345257075],[-57.055159412345,-25.504789701535]]}},{"type":"Feature","properties":{"category":"dem_stream","class":"rill","threshold_label":"headwaters \u2265 80 cells","catchment_km2":0.13,"accumulation_cells":4,"vertex_count":11,"decimated":false,"source":"Copernicus GLO-30 DEM at 180 m, D8 flow accumulation"},"geometry":{"type":"LineString","coordinates":[[-57.051270523564995,-25.450345258615002],[-57.051270523564995,-25.449789703075],[-57.051270523564995,-25.449234147535],[-57.050714968025,-25.448678591995],[-57.050159412484994,-25.448678591995],[-57.049603856945,-25.448123036455],[-57.049048301404994,-25.448123036455],[-57.048492745865,-25.448123036455],[-57.047937190324994,-25.448123036455],[-57.047381634785,-25.447567480915],[-57.046826079244994,-25.447567480915]]}},{"type":"Feature","properties":{"category":"dem_stream","class":"tributary","threshold_label":"headwaters \u2265 80 cells","catchment_km2":13.45,"accumulation_cells":415,"vertex_count":401,"decimated":true,"source":"Copernicus GLO-30 DEM at 180 m, D8 flow accumulation"},"geometry":{"type":"MultiLineString","coordinates":[[[-57.051270523564995,-25.760900805475],[-57.051270523564995,-25.758123027775],[-57.050159412484994,-25.757011916695]],[[-57.050159412484994,-25.757011916695],[-57.050159412484994,-25.757567472235]]]}},{"type":"Feature","properties":{"category":"dem_stream","class":"tributary","threshold_label":"headwaters \u2265 80 cells","catchment_km2":7.19,"accumulation_cells":222,"vertex_count":401,"decimated":true,"source":"Copernicus GLO-30 DEM at 180 m, D8 flow accumulation"},"geometry":{"type":"LineString","coordinates":[[-57.050714968025,-25.559789699995],[-57.048492745865,-25.558123033375]]}},{"type":"Feature","properties":{"category":"dem_stream","class":"tributary","threshold_label":"headwaters \u2265 80 cells","catchment_km2":8.52,"accumulation_cells":263,"vertex_count":401,"decimated":true,"source":"Copernicus GLO-30 DEM at 180 m, D8 flow accumulation"},"geometry":{"type":"MultiLineString","coordinates":[[[-57.050714968025,-25.681456363255],[-57.052937190185,-25.683678585415]],[[-57.052937190185,-25.683678585415],[-57.052937190185,-25.684234140955]]]}},{"type":"Feature","properties":{"category":"dem_stream","class":"rill","threshold_label":"headwaters \u2265 80 cells","catchment_km2":0.42,"accumulation_cells":13,"vertex_count":4,"decimated":false,"source":"Copernicus GLO-30 DEM at 180 m, D8 flow accumulation"},"geometry":{"type":"LineString","coordinates":[[-57.050714968025,-25.738123028335],[-57.051270523564995,-25.738678583875],[-57.051826079105,-25.739234139415],[-57.051826079105,-25.739789694955]]}},{"type":"Feature","properties":{"category":"dem_stream","class":"tributary","threshold_label":"headwaters \u2265 80 cells","catchment_km2":12.12,"accumulation_cells":374,"vertex_count":401,"decimated":true,"source":"Copernicus GLO-30 DEM at 180 m, D8 flow accumulation"},"geometry":{"type":"LineString","coordinates":[[-57.050159412484994,-25.641456364375],[-57.049048301404994,-25.638678586675],[-57.046270523705,-25.635900808975],[-57.04349274600499,-25.634234142355],[-57.040714968305,-25.632567475735]]}},{"type":"Feature","properties":{"category":"dem_stream","class":"creek","threshold_label":"headwaters \u2265 80 cells","catchment_km2":3.37,"accumulation_cells":104,"vertex_count":5,"decimated":false,"source":"Copernicus GLO-30 DEM at 180 m, D8 flow accumulation"},"geometry":{"type":"LineString","coordinates":[[-57.050159412484994,-25.679234141095],[-57.050714968025,-25.679789696635],[-57.051270523564995,-25.680345252175],[-57.051270523564995,-25.680900807715002],[-57.051270523564995,-25.681456363255]]}},{"type":"Feature","properties":{"category":"dem_stream","class":"tributary","threshold_label":"headwaters \u2265 80 cells","catchment_km2":8.29,"accumulation_cells":256,"vertex_count":401,"decimated":true,"source":"Copernicus GLO-30 DEM at 180 m, D8 flow accumulation"},"geometry":{"type":"LineString","coordinates":[[-57.049603856945,-25.598123032255],[-57.047937190324994,-25.597011921175]]}},{"type":"Feature","properties":{"category":"dem_stream","class":"creek","threshold_label":"headwaters \u2265 80 cells","catchment_km2":3.34,"accumulation_cells":103,"vertex_count":401,"decimated":true,"source":"Copernicus GLO-30 DEM at 180 m, D8 flow accumulation"},"geometry":{"type":"MultiLineString","coordinates":[[[-57.049048301404994,-25.478678591155],[-57.049048301404994,-25.478123035615]],[[-57.049048301404994,-25.478123035615],[-57.049603856945,-25.478123035615]]]}},{"type":"Feature","properties":{"category":"dem_stream","class":"tributary","threshold_label":"headwaters \u2265 80 cells","catchment_km2":5.44,"accumulation_cells":168,"vertex_count":401,"decimated":true,"source":"Copernicus GLO-30 DEM at 180 m, D8 flow accumulation"},"geometry":{"type":"LineString","coordinates":[[-57.049048301404994,-25.519789701115],[-57.047937190324994,-25.519789701115]]}},{"type":"Feature","properties":{"category":"dem_stream","class":"tributary","threshold_label":"headwaters \u2265 80 cells","catchment_km2":17.76,"accumulation_cells":548,"vertex_count":401,"decimated":true,"source":"Copernicus GLO-30 DEM at 180 m, D8 flow accumulation"},"geometry":{"type":"MultiLineString","coordinates":[[[-57.049048301404994,-25.670900807995],[-57.051826079105,-25.670900807995],[-57.054603856804995,-25.670345252455],[-57.057381634505,-25.667567474755],[-57.060159412204996,-25.669789696915],[-57.061270523284996,-25.670900807995]],[[-57.061270523284996,-25.670900807995],[-57.061270523284996,-25.670345252455]]]}},{"type":"Feature","properties":{"category":"dem_stream","class":"rill","threshold_label":"headwaters \u2265 80 cells","catchment_km2":0.16,"accumulation_cells":5,"vertex_count":3,"decimated":false,"source":"Copernicus GLO-30 DEM at 180 m, D8 flow accumulation"},"geometry":{"type":"LineString","coordinates":[[-57.046826079244994,-25.463678591575],[-57.046270523705,-25.463123036035],[-57.045714968164994,-25.463123036035]]}},{"type":"Feature","properties":{"category":"dem_stream","class":"tributary","threshold_label":"headwaters \u2265 80 cells","catchment_km2":7.58,"accumulation_cells":234,"vertex_count":401,"decimated":true,"source":"Copernicus GLO-30 DEM at 180 m, D8 flow accumulation"},"geometry":{"type":"LineString","coordinates":[[-57.046826079244994,-25.606456365355],[-57.044603857084994,-25.605345254275]]}},{"type":"Feature","properties":{"category":"dem_stream","class":"tributary","threshold_label":"headwaters \u2265 80 cells","catchment_km2":6.58,"accumulation_cells":203,"vertex_count":401,"decimated":true,"source":"Copernicus GLO-30 DEM at 180 m, D8 flow accumulation"},"geometry":{"type":"MultiLineString","coordinates":[[[-57.046826079244994,-25.628123031415],[-57.045714968164994,-25.627011920335]],[[-57.045714968164994,-25.627011920335],[-57.046270523705,-25.627011920335]]]}},{"type":"Feature","properties":{"category":"dem_stream","class":"creek","threshold_label":"headwaters \u2265 80 cells","catchment_km2":4.05,"accumulation_cells":125,"vertex_count":5,"decimated":false,"source":"Copernicus GLO-30 DEM at 180 m, D8 flow accumulation"},"geometry":{"type":"LineString","coordinates":[[-57.046826079244994,-25.671456363535],[-57.047381634785,-25.671456363535],[-57.047937190324994,-25.671456363535],[-57.048492745865,-25.671456363535],[-57.049048301404994,-25.671456363535]]}},{"type":"Feature","properties":{"category":"dem_stream","class":"tributary","threshold_label":"headwaters \u2265 80 cells","catchment_km2":13.96,"accumulation_cells":431,"vertex_count":401,"decimated":true,"source":"Copernicus GLO-30 DEM at 180 m, D8 flow accumulation"},"geometry":{"type":"MultiLineString","coordinates":[[[-57.046270523705,-25.660345252735],[-57.046270523705,-25.660900808275]],[[-57.046270523705,-25.660900808275],[-57.046826079244994,-25.660900808275]]]}},{"type":"Feature","properties":{"category":"dem_stream","class":"rill","threshold_label":"headwaters \u2265 80 cells","catchment_km2":0.13,"accumulation_cells":4,"vertex_count":6,"decimated":true,"source":"Copernicus GLO-30 DEM at 180 m, D8 flow accumulation"},"geometry":{"type":"LineString","coordinates":[[-57.045714968164994,-25.662011919355],[-57.048492745865,-25.661456363815],[-57.051270523564995,-25.662011919355],[-57.054048301265,-25.664234141515],[-57.055714967884995,-25.667011919215],[-57.056826078964995,-25.667567474755]]}},{"type":"Feature","properties":{"category":"dem_stream","class":"creek","threshold_label":"headwaters \u2265 80 cells","catchment_km2":4.21,"accumulation_cells":130,"vertex_count":401,"decimated":true,"source":"Copernicus GLO-30 DEM at 180 m, D8 flow accumulation"},"geometry":{"type":"LineString","coordinates":[[-57.045714968164994,-25.755900805615],[-57.045714968164994,-25.753123027915]]}},{"type":"Feature","properties":{"category":"dem_stream","class":"creek","threshold_label":"headwaters \u2265 80 cells","catchment_km2":4.5,"accumulation_cells":139,"vertex_count":401,"decimated":true,"source":"Copernicus GLO-30 DEM at 180 m, D8 flow accumulation"},"geometry":{"type":"MultiLineString","coordinates":[[[-57.045159412625,-25.453123036315],[-57.045714968164994,-25.451456369695]],[[-57.045714968164994,-25.451456369695],[-57.045714968164994,-25.452011925235]]]}},{"type":"Feature","properties":{"category":"dem_stream","class":"rill","threshold_label":"headwaters \u2265 80 cells","catchment_km2":0.26,"accumulation_cells":8,"vertex_count":10,"decimated":false,"source":"Copernicus GLO-30 DEM at 180 m, D8 flow accumulation"},"geometry":{"type":"LineString","coordinates":[[-57.045159412625,-25.630900809115],[-57.044603857084994,-25.630345253575],[-57.044603857084994,-25.629789698035],[-57.044048301545,-25.629234142495],[-57.044048301545,-25.628678586955],[-57.04349274600499,-25.628123031415],[-57.042937190465,-25.628123031415],[-57.04238163492499,-25.628123031415],[-57.041826079385,-25.628123031415],[-57.04127052384499,-25.628123031415]]}},{"type":"Feature","properties":{"category":"dem_stream","class":"rill","threshold_label":"headwaters \u2265 80 cells","catchment_km2":0.13,"accumulation_cells":4,"vertex_count":16,"decimated":false,"source":"Copernicus GLO-30 DEM at 180 m, D8 flow accumulation"},"geometry":{"type":"LineString","coordinates":[[-57.045159412625,-25.705345251475],[-57.045714968164994,-25.705900807015],[-57.046270523705,-25.705345251475],[-57.046826079244994,-25.705345251475],[-57.047381634785,-25.705345251475],[-57.047937190324994,-25.705345251475],[-57.048492745865,-25.705345251475],[-57.049048301404994,-25.705900807015],[-57.049048301404994,-25.706456362555],[-57.049603856945,-25.707011918095],[-57.050159412484994,-25.707567473635],[-57.050159412484994,-25.708123029175],[-57.050714968025,-25.708678584715],[-57.050714968025,-25.709234140255],[-57.051270523564995,-25.709234140255],[-57.051826079105,-25.709789695795]]}},{"type":"Feature","properties":{"category":"dem_stream","class":"rill","threshold_label":"headwaters \u2265 80 cells","catchment_km2":0.39,"accumulation_cells":12,"vertex_count":4,"decimated":false,"source":"Copernicus GLO-30 DEM at 180 m, D8 flow accumulation"},"geometry":{"type":"LineString","coordinates":[[-57.044603857084994,-25.735900806175],[-57.044603857084994,-25.735345250635],[-57.045159412625,-25.735345250635],[-57.045714968164994,-25.735345250635]]}},{"type":"Feature","properties":{"category":"dem_stream","class":"rill","threshold_label":"headwaters \u2265 80 cells","catchment_km2":0.29,"accumulation_cells":9,"vertex_count":7,"decimated":true,"source":"Copernicus GLO-30 DEM at 180 m, D8 flow accumulation"},"geometry":{"type":"LineString","coordinates":[[-57.044048301545,-25.685345252035],[-57.046270523705,-25.688123029735],[-57.048492745865,-25.690345251895],[-57.051270523564995,-25.692011918515],[-57.053492745724995,-25.694789696215],[-57.054048301265,-25.697567473915],[-57.055159412345,-25.699234140535]]}},{"type":"Feature","properties":{"category":"dem_stream","class":"tributary","threshold_label":"headwaters \u2265 80 cells","catchment_km2":17.46,"accumulation_cells":539,"vertex_count":16,"decimated":false,"source":"Copernicus GLO-30 DEM at 180 m, D8 flow accumulation"},"geometry":{"type":"LineString","coordinates":[[-57.044048301545,-25.715345251195],[-57.044048301545,-25.714789695655],[-57.044048301545,-25.714234140115],[-57.044048301545,-25.713678584575],[-57.044048301545,-25.713123029035],[-57.044603857084994,-25.712567473495],[-57.045159412625,-25.712011917955],[-57.045714968164994,-25.711456362415],[-57.046270523705,-25.710900806875],[-57.046826079244994,-25.710345251335],[-57.047381634785,-25.710345251335],[-57.047937190324994,-25.710345251335],[-57.048492745865,-25.710345251335],[-57.049048301404994,-25.710345251335],[-57.049603856945,-25.709789695795],[-57.050159412484994,-25.709789695795]]}},{"type":"Feature","properties":{"category":"dem_stream","class":"creek","threshold_label":"headwaters \u2265 80 cells","catchment_km2":4.73,"accumulation_cells":146,"vertex_count":401,"decimated":true,"source":"Copernicus GLO-30 DEM at 180 m, D8 flow accumulation"},"geometry":{"type":"MultiLineString","coordinates":[[[-57.044048301545,-25.746456361435],[-57.045159412625,-25.749234139135],[-57.046826079244994,-25.751456361295]],[[-57.046826079244994,-25.751456361295],[-57.046270523705,-25.751456361295]]]}},{"type":"Feature","properties":{"category":"dem_stream","class":"rill","threshold_label":"headwaters \u2265 80 cells","catchment_km2":0.58,"accumulation_cells":18,"vertex_count":9,"decimated":false,"source":"Copernicus GLO-30 DEM at 180 m, D8 flow accumulation"},"geometry":{"type":"LineString","coordinates":[[-57.042937190465,-25.607011920895],[-57.042937190465,-25.606456365355],[-57.042937190465,-25.605900809815],[-57.042937190465,-25.605345254275],[-57.04238163492499,-25.604789698735],[-57.041826079385,-25.604234143195],[-57.041826079385,-25.603678587655],[-57.04127052384499,-25.603123032115],[-57.040714968305,-25.602567476575]]}},{"type":"Feature","properties":{"category":"dem_stream","class":"tributary","threshold_label":"headwaters \u2265 80 cells","catchment_km2":20.28,"accumulation_cells":626,"vertex_count":401,"decimated":true,"source":"Copernicus GLO-30 DEM at 180 m, D8 flow accumulation"},"geometry":{"type":"LineString","coordinates":[[-57.042937190465,-25.647567475315],[-57.040714968305,-25.645345253155],[-57.040714968305,-25.642567475455],[-57.040714968305,-25.639789697755],[-57.040714968305,-25.637011920055],[-57.04015941276499,-25.634234142355],[-57.03793719060499,-25.632011920195],[-57.038492746144996,-25.629234142495]]}},{"type":"Feature","properties":{"category":"dem_stream","class":"tributary","threshold_label":"headwaters \u2265 80 cells","catchment_km2":8.1,"accumulation_cells":250,"vertex_count":7,"decimated":false,"source":"Copernicus GLO-30 DEM at 180 m, D8 flow accumulation"},"geometry":{"type":"LineString","coordinates":[[-57.041826079385,-25.713123029035],[-57.04238163492499,-25.712567473495],[-57.042937190465,-25.712567473495],[-57.04349274600499,-25.712567473495],[-57.044048301545,-25.712011917955],[-57.044603857084994,-25.712011917955],[-57.045159412625,-25.711456362415]]}},{"type":"Feature","properties":{"category":"dem_stream","class":"creek","threshold_label":"headwaters \u2265 80 cells","catchment_km2":4.5,"accumulation_cells":139,"vertex_count":401,"decimated":true,"source":"Copernicus GLO-30 DEM at 180 m, D8 flow accumulation"},"geometry":{"type":"MultiLineString","coordinates":[[[-57.040714968305,-25.733123028475],[-57.041826079385,-25.732567472935]],[[-57.041826079385,-25.732567472935],[-57.041826079385,-25.733123028475]]]}},{"type":"Feature","properties":{"category":"dem_stream","class":"tributary","threshold_label":"headwaters \u2265 80 cells","catchment_km2":19.21,"accumulation_cells":593,"vertex_count":401,"decimated":true,"source":"Copernicus GLO-30 DEM at 180 m, D8 flow accumulation"},"geometry":{"type":"MultiLineString","coordinates":[[[-57.04015941276499,-25.468678591435],[-57.03793719060499,-25.465900813735],[-57.039603857224996,-25.463123036035],[-57.04015941276499,-25.460345258335],[-57.039603857224996,-25.459234147255]],[[-57.039603857224996,-25.459234147255],[-57.04015941276499,-25.459234147255]]]}},{"type":"Feature","properties":{"category":"dem_stream","class":"tributary","threshold_label":"headwaters \u2265 80 cells","catchment_km2":10.34,"accumulation_cells":319,"vertex_count":12,"decimated":false,"source":"Copernicus GLO-30 DEM at 180 m, D8 flow accumulation"},"geometry":{"type":"LineString","coordinates":[[-57.039603857224996,-25.660900808275],[-57.04015941276499,-25.660900808275],[-57.040714968305,-25.660900808275],[-57.04127052384499,-25.660900808275],[-57.041826079385,-25.661456363815],[-57.04238163492499,-25.661456363815],[-57.042937190465,-25.660900808275],[-57.04349274600499,-25.660900808275],[-57.044048301545,-25.660900808275],[-57.044603857084994,-25.660900808275],[-57.045159412625,-25.661456363815],[-57.045714968164994,-25.660900808275]]}},{"type":"Feature","properties":{"category":"dem_stream","class":"rill","threshold_label":"headwaters \u2265 80 cells","catchment_km2":0.58,"accumulation_cells":18,"vertex_count":3,"decimated":false,"source":"Copernicus GLO-30 DEM at 180 m, D8 flow accumulation"},"geometry":{"type":"LineString","coordinates":[[-57.03904830168499,-25.600345254415],[-57.039603857224996,-25.599789698875],[-57.039603857224996,-25.599234143335]]}},{"type":"Feature","properties":{"category":"dem_stream","class":"main","threshold_label":"headwaters \u2265 80 cells","catchment_km2":42.48,"accumulation_cells":1311,"vertex_count":401,"decimated":true,"source":"Copernicus GLO-30 DEM at 180 m, D8 flow accumulation"},"geometry":{"type":"MultiLineString","coordinates":[[[-57.038492746144996,-25.698123029455],[-57.04127052384499,-25.697011918375],[-57.044048301545,-25.698678584995],[-57.046826079244994,-25.699234140535]],[[-57.046826079244994,-25.699234140535],[-57.046826079244994,-25.698678584995]]]}},{"type":"Feature","properties":{"category":"dem_stream","class":"tributary","threshold_label":"headwaters \u2265 80 cells","catchment_km2":5.38,"accumulation_cells":166,"vertex_count":401,"decimated":true,"source":"Copernicus GLO-30 DEM at 180 m, D8 flow accumulation"},"geometry":{"type":"LineString","coordinates":[[-57.038492746144996,-25.766456360875],[-57.038492746144996,-25.767011916415]]}},{"type":"Feature","properties":{"category":"dem_stream","class":"creek","threshold_label":"headwaters \u2265 80 cells","catchment_km2":1.49,"accumulation_cells":46,"vertex_count":8,"decimated":false,"source":"Copernicus GLO-30 DEM at 180 m, D8 flow accumulation"},"geometry":{"type":"LineString","coordinates":[[-57.03793719060499,-25.532567478535],[-57.03793719060499,-25.532011922995],[-57.03793719060499,-25.531456367455],[-57.038492746144996,-25.530900811915],[-57.038492746144996,-25.530345256375],[-57.038492746144996,-25.529789700835],[-57.038492746144996,-25.529234145295],[-57.03904830168499,-25.528678589755]]}},{"type":"Feature","properties":{"category":"dem_stream","class":"tributary","threshold_label":"headwaters \u2265 80 cells","catchment_km2":6.09,"accumulation_cells":188,"vertex_count":401,"decimated":true,"source":"Copernicus GLO-30 DEM at 180 m, D8 flow accumulation"},"geometry":{"type":"LineString","coordinates":[[-57.037381635064996,-25.573678588495],[-57.034603857365,-25.573123032955],[-57.034048301824996,-25.573123032955]]}},{"type":"Feature","properties":{"category":"dem_stream","class":"tributary","threshold_label":"headwaters \u2265 80 cells","catchment_km2":5.31,"accumulation_cells":164,"vertex_count":401,"decimated":true,"source":"Copernicus GLO-30 DEM at 180 m, D8 flow accumulation"},"geometry":{"type":"MultiLineString","coordinates":[[[-57.03682607952499,-25.730345250775],[-57.038492746144996,-25.729789695235]],[[-57.038492746144996,-25.729789695235],[-57.03793719060499,-25.729789695235]]]}},{"type":"Feature","properties":{"category":"dem_stream","class":"rill","threshold_label":"headwaters \u2265 80 cells","catchment_km2":0.52,"accumulation_cells":16,"vertex_count":7,"decimated":false,"source":"Copernicus GLO-30 DEM at 180 m, D8 flow accumulation"},"geometry":{"type":"LineString","coordinates":[[-57.036270523984996,-25.712567473495],[-57.03682607952499,-25.713123029035],[-57.037381635064996,-25.713123029035],[-57.03793719060499,-25.713123029035],[-57.038492746144996,-25.713123029035],[-57.03904830168499,-25.713123029035],[-57.039603857224996,-25.712567473495]]}},{"type":"Feature","properties":{"category":"dem_stream","class":"tributary","threshold_label":"headwaters \u2265 80 cells","catchment_km2":10.14,"accumulation_cells":313,"vertex_count":401,"decimated":true,"source":"Copernicus GLO-30 DEM at 180 m, D8 flow accumulation"},"geometry":{"type":"MultiLineString","coordinates":[[[-57.03571496844499,-25.427567481475],[-57.032937190744995,-25.427567481475],[-57.030159413045,-25.427567481475],[-57.029603857504995,-25.427567481475]],[[-57.029603857504995,-25.427567481475],[-57.029048301965,-25.427567481475]]]}},{"type":"Feature","properties":{"category":"dem_stream","class":"tributary","threshold_label":"headwaters \u2265 80 cells","catchment_km2":5.05,"accumulation_cells":156,"vertex_count":401,"decimated":true,"source":"Copernicus GLO-30 DEM at 180 m, D8 flow accumulation"},"geometry":{"type":"MultiLineString","coordinates":[[[-57.035159412904996,-25.750900805755],[-57.037381635064996,-25.753123027915],[-57.03904830168499,-25.754234138995]],[[-57.03904830168499,-25.754234138995],[-57.038492746144996,-25.753678583455]]]}},{"type":"Feature","properties":{"category":"dem_stream","class":"rill","threshold_label":"headwaters \u2265 80 cells","catchment_km2":0.06,"accumulation_cells":2,"vertex_count":8,"decimated":false,"source":"Copernicus GLO-30 DEM at 180 m, D8 flow accumulation"},"geometry":{"type":"LineString","coordinates":[[-57.034603857365,-25.685345252035],[-57.035159412904996,-25.685345252035],[-57.03571496844499,-25.685900807575],[-57.03571496844499,-25.686456363115],[-57.03571496844499,-25.687011918655],[-57.03571496844499,-25.687567474195],[-57.036270523984996,-25.688123029735],[-57.036270523984996,-25.688678585275]]}},{"type":"Feature","properties":{"category":"dem_stream","class":"tributary","threshold_label":"headwaters \u2265 80 cells","catchment_km2":11.21,"accumulation_cells":346,"vertex_count":17,"decimated":false,"source":"Copernicus GLO-30 DEM at 180 m, D8 flow accumulation"},"geometry":{"type":"LineString","coordinates":[[-57.033492746285,-25.689789696355],[-57.034048301824996,-25.690345251895],[-57.034603857365,-25.690900807435],[-57.035159412904996,-25.690900807435],[-57.03571496844499,-25.691456362975],[-57.036270523984996,-25.691456362975],[-57.03682607952499,-25.692011918515],[-57.037381635064996,-25.692567474055],[-57.037381635064996,-25.693123029595],[-57.03793719060499,-25.693678585135],[-57.03793719060499,-25.694234140675],[-57.03793719060499,-25.694789696215],[-57.038492746144996,-25.695345251755],[-57.03904830168499,-25.695345251755],[-57.039603857224996,-25.695900807295],[-57.04015941276499,-25.696456362835],[-57.040714968305,-25.696456362835]]}},{"type":"Feature","properties":{"category":"dem_stream","class":"creek","threshold_label":"headwaters \u2265 80 cells","catchment_km2":3.89,"accumulation_cells":120,"vertex_count":401,"decimated":true,"source":"Copernicus GLO-30 DEM at 180 m, D8 flow accumulation"},"geometry":{"type":"MultiLineString","coordinates":[[[-57.033492746285,-25.747011916975],[-57.034048301824996,-25.747567472515]],[[-57.034048301824996,-25.747567472515],[-57.034603857365,-25.748123028055]]]}},{"type":"Feature","properties":{"category":"dem_stream","class":"rill","threshold_label":"headwaters \u2265 80 cells","catchment_km2":0.75,"accumulation_cells":23,"vertex_count":4,"decimated":false,"source":"Copernicus GLO-30 DEM at 180 m, D8 flow accumulation"},"geometry":{"type":"LineString","coordinates":[[-57.032937190744995,-25.744234139275],[-57.032937190744995,-25.744789694815],[-57.033492746285,-25.745345250355],[-57.034048301824996,-25.745345250355]]}},{"type":"Feature","properties":{"category":"dem_stream","class":"creek","threshold_label":"headwaters \u2265 80 cells","catchment_km2":1.62,"accumulation_cells":50,"vertex_count":5,"decimated":false,"source":"Copernicus GLO-30 DEM at 180 m, D8 flow accumulation"},"geometry":{"type":"LineString","coordinates":[[-57.031826079664995,-25.520345256655],[-57.031270524125,-25.519789701115],[-57.031270524125,-25.519234145575002],[-57.030714968584995,-25.519234145575002],[-57.030159413045,-25.519234145575002]]}},{"type":"Feature","properties":{"category":"dem_stream","class":"rill","threshold_label":"headwaters \u2265 80 cells","catchment_km2":0.29,"accumulation_cells":9,"vertex_count":7,"decimated":false,"source":"Copernicus GLO-30 DEM at 180 m, D8 flow accumulation"},"geometry":{"type":"LineString","coordinates":[[-57.030714968584995,-25.644789697615],[-57.030159413045,-25.644789697615],[-57.029603857504995,-25.644234142075],[-57.029048301965,-25.644234142075],[-57.028492746424995,-25.644234142075],[-57.028492746424995,-25.643678586535],[-57.027937190885,-25.643123030995]]}},{"type":"Feature","properties":{"category":"dem_stream","class":"tributary","threshold_label":"headwaters \u2265 80 cells","catchment_km2":18.99,"accumulation_cells":586,"vertex_count":401,"decimated":true,"source":"Copernicus GLO-30 DEM at 180 m, D8 flow accumulation"},"geometry":{"type":"LineString","coordinates":[[-57.029048301965,-25.672567474615],[-57.026270524264994,-25.670900807995],[-57.023492746565,-25.669789696915],[-57.021826079944994,-25.667011919215],[-57.019048302245,-25.666456363675],[-57.01849274670499,-25.665900808135]]}},{"type":"Feature","properties":{"category":"dem_stream","class":"rill","threshold_label":"headwaters \u2265 80 cells","catchment_km2":0.68,"accumulation_cells":21,"vertex_count":7,"decimated":false,"source":"Copernicus GLO-30 DEM at 180 m, D8 flow accumulation"},"geometry":{"type":"LineString","coordinates":[[-57.029048301965,-25.726456361995],[-57.029603857504995,-25.727011917535002],[-57.030159413045,-25.727011917535002],[-57.030714968584995,-25.727011917535002],[-57.031270524125,-25.727011917535002],[-57.031826079664995,-25.727567473075],[-57.032381635205,-25.727567473075]]}},{"type":"Feature","properties":{"category":"dem_stream","class":"tributary","threshold_label":"headwaters \u2265 80 cells","catchment_km2":5.64,"accumulation_cells":174,"vertex_count":401,"decimated":true,"source":"Copernicus GLO-30 DEM at 180 m, D8 flow accumulation"},"geometry":{"type":"LineString","coordinates":[[-57.027937190885,-25.518678590035],[-57.028492746424995,-25.518123034495]]}},{"type":"Feature","properties":{"category":"dem_stream","class":"tributary","threshold_label":"headwaters \u2265 80 cells","catchment_km2":7.26,"accumulation_cells":224,"vertex_count":401,"decimated":true,"source":"Copernicus GLO-30 DEM at 180 m, D8 flow accumulation"},"geometry":{"type":"LineString","coordinates":[[-57.027937190885,-25.567567477555],[-57.026826079805,-25.565345255395002]]}},{"type":"Feature","properties":{"category":"dem_stream","class":"tributary","threshold_label":"headwaters \u2265 80 cells","catchment_km2":16.2,"accumulation_cells":500,"vertex_count":401,"decimated":true,"source":"Copernicus GLO-30 DEM at 180 m, D8 flow accumulation"},"geometry":{"type":"LineString","coordinates":[[-57.027381635344994,-25.603123032115],[-57.024603857645,-25.602011921035],[-57.024048302104994,-25.602567476575]]}},{"type":"Feature","properties":{"category":"dem_stream","class":"rill","threshold_label":"headwaters \u2265 80 cells","catchment_km2":0.19,"accumulation_cells":6,"vertex_count":13,"decimated":false,"source":"Copernicus GLO-30 DEM at 180 m, D8 flow accumulation"},"geometry":{"type":"LineString","coordinates":[[-57.027381635344994,-25.693123029595],[-57.027937190885,-25.693123029595],[-57.028492746424995,-25.693123029595],[-57.029048301965,-25.693123029595],[-57.029603857504995,-25.693678585135],[-57.030159413045,-25.693678585135],[-57.030714968584995,-25.693678585135],[-57.031270524125,-25.693678585135],[-57.031826079664995,-25.694234140675],[-57.032381635205,-25.694234140675],[-57.032937190744995,-25.694234140675],[-57.033492746285,-25.694234140675],[-57.034048301824996,-25.693678585135]]}},{"type":"Feature","properties":{"category":"dem_stream","class":"tributary","threshold_label":"headwaters \u2265 80 cells","catchment_km2":5.7,"accumulation_cells":176,"vertex_count":401,"decimated":true,"source":"Copernicus GLO-30 DEM at 180 m, D8 flow accumulation"},"geometry":{"type":"LineString","coordinates":[[-57.026826079805,-25.545900811495],[-57.025714968725,-25.545345255955]]}},{"type":"Feature","properties":{"category":"dem_stream","class":"creek","threshold_label":"headwaters \u2265 80 cells","catchment_km2":3.27,"accumulation_cells":101,"vertex_count":6,"decimated":false,"source":"Copernicus GLO-30 DEM at 180 m, D8 flow accumulation"},"geometry":{"type":"LineString","coordinates":[[-57.026826079805,-25.605345254275],[-57.026826079805,-25.604789698735],[-57.026826079805,-25.604234143195],[-57.026270524264994,-25.603678587655],[-57.025714968725,-25.603123032115],[-57.025159413184994,-25.602567476575]]}},{"type":"Feature","properties":{"category":"dem_stream","class":"tributary","threshold_label":"headwaters \u2265 80 cells","catchment_km2":8.29,"accumulation_cells":256,"vertex_count":401,"decimated":true,"source":"Copernicus GLO-30 DEM at 180 m, D8 flow accumulation"},"geometry":{"type":"MultiLineString","coordinates":[[[-57.026826079805,-25.639789697755],[-57.024603857645,-25.637011920055],[-57.023492746565,-25.634234142355],[-57.022381635485,-25.631456364655]],[[-57.022381635485,-25.631456364655],[-57.022937191024994,-25.632011920195]]]}},{"type":"Feature","properties":{"category":"dem_stream","class":"tributary","threshold_label":"headwaters \u2265 80 cells","catchment_km2":6.71,"accumulation_cells":207,"vertex_count":401,"decimated":true,"source":"Copernicus GLO-30 DEM at 180 m, D8 flow accumulation"},"geometry":{"type":"MultiLineString","coordinates":[[[-57.026826079805,-25.655345252875],[-57.026826079805,-25.654789697335]],[[-57.026826079805,-25.654789697335],[-57.026826079805,-25.654234141795]]]}},{"type":"Feature","properties":{"category":"dem_stream","class":"tributary","threshold_label":"headwaters \u2265 80 cells","catchment_km2":7.84,"accumulation_cells":242,"vertex_count":401,"decimated":true,"source":"Copernicus GLO-30 DEM at 180 m, D8 flow accumulation"},"geometry":{"type":"LineString","coordinates":[[-57.026270524264994,-25.534789700695],[-57.023492746565,-25.533123034075],[-57.02071496886499,-25.532011922995],[-57.017937191165,-25.529789700835]]}},{"type":"Feature","properties":{"category":"dem_stream","class":"rill","threshold_label":"headwaters \u2265 80 cells","catchment_km2":0.1,"accumulation_cells":3,"vertex_count":14,"decimated":false,"source":"Copernicus GLO-30 DEM at 180 m, D8 flow accumulation"},"geometry":{"type":"LineString","coordinates":[[-57.026270524264994,-25.733678584015],[-57.026826079805,-25.734234139555],[-57.027381635344994,-25.734789695095],[-57.027381635344994,-25.735345250635],[-57.027937190885,-25.735900806175],[-57.027937190885,-25.736456361715],[-57.028492746424995,-25.737011917255],[-57.029048301965,-25.737567472795],[-57.029603857504995,-25.738123028335],[-57.030159413045,-25.738678583875],[-57.030714968584995,-25.738678583875],[-57.031270524125,-25.739234139415],[-57.031826079664995,-25.739789694955],[-57.031826079664995,-25.740345250495]]}},{"type":"Feature","properties":{"category":"dem_stream","class":"tributary","threshold_label":"headwaters \u2265 80 cells","catchment_km2":12.51,"accumulation_cells":386,"vertex_count":401,"decimated":true,"source":"Copernicus GLO-30 DEM at 180 m, D8 flow accumulation"},"geometry":{"type":"LineString","coordinates":[[-57.025714968725,-25.430345259175],[-57.022937191024994,-25.429234148095],[-57.020159413325,-25.428123037015],[-57.017937191165,-25.427567481475]]}},{"type":"Feature","properties":{"category":"dem_stream","class":"tributary","threshold_label":"headwaters \u2265 80 cells","catchment_km2":15.68,"accumulation_cells":484,"vertex_count":401,"decimated":true,"source":"Copernicus GLO-30 DEM at 180 m, D8 flow accumulation"},"geometry":{"type":"LineString","coordinates":[[-57.025159413184994,-25.434789703495],[-57.022381635485,-25.432567481335],[-57.01960385778499,-25.430345259175],[-57.016826080084996,-25.429234148095],[-57.01404830238499,-25.427567481475],[-57.012381635764996,-25.427567481475]]}},{"type":"Feature","properties":{"category":"dem_stream","class":"tributary","threshold_label":"headwaters \u2265 80 cells","catchment_km2":5.9,"accumulation_cells":182,"vertex_count":401,"decimated":true,"source":"Copernicus GLO-30 DEM at 180 m, D8 flow accumulation"},"geometry":{"type":"LineString","coordinates":[[-57.025159413184994,-25.717567473355],[-57.025159413184994,-25.720345251055]]}},{"type":"Feature","properties":{"category":"dem_stream","class":"main","threshold_label":"headwaters \u2265 80 cells","catchment_km2":48.08,"accumulation_cells":1484,"vertex_count":401,"decimated":true,"source":"Copernicus GLO-30 DEM at 180 m, D8 flow accumulation"},"geometry":{"type":"MultiLineString","coordinates":[[[-57.025159413184994,-25.781456360455],[-57.027937190885,-25.783123027075]],[[-57.027937190885,-25.783123027075],[-57.027937190885,-25.783678582615]]]}},{"type":"Feature","properties":{"category":"dem_stream","class":"tributary","threshold_label":"headwaters \u2265 80 cells","catchment_km2":6.87,"accumulation_cells":212,"vertex_count":401,"decimated":true,"source":"Copernicus GLO-30 DEM at 180 m, D8 flow accumulation"},"geometry":{"type":"LineString","coordinates":[[-57.024603857645,-25.751456361295],[-57.025714968725,-25.754234138995],[-57.025714968725,-25.755900805615]]}},{"type":"Feature","properties":{"category":"dem_stream","class":"rill","threshold_label":"headwaters \u2265 80 cells","catchment_km2":0.75,"accumulation_cells":23,"vertex_count":20,"decimated":false,"source":"Copernicus GLO-30 DEM at 180 m, D8 flow accumulation"},"geometry":{"type":"LineString","coordinates":[[-57.024048302104994,-25.704789695935],[-57.024603857645,-25.705345251475],[-57.025159413184994,-25.705345251475],[-57.025714968725,-25.705900807015],[-57.026270524264994,-25.706456362555],[-57.026826079805,-25.707011918095],[-57.027381635344994,-25.707567473635],[-57.027937190885,-25.707567473635],[-57.028492746424995,-25.708123029175],[-57.029048301965,-25.708678584715],[-57.029603857504995,-25.709234140255],[-57.030159413045,-25.709789695795],[-57.030714968584995,-25.710345251335],[-57.031270524125,-25.710345251335],[-57.031826079664995,-25.710900806875],[-57.032381635205,-25.710900806875],[-57.032937190744995,-25.710900806875],[-57.033492746285,-25.711456362415],[-57.034048301824996,-25.711456362415],[-57.034603857365,-25.711456362415]]}},{"type":"Feature","properties":{"category":"dem_stream","class":"main","threshold_label":"headwaters \u2265 80 cells","catchment_km2":27.57,"accumulation_cells":851,"vertex_count":401,"decimated":true,"source":"Copernicus GLO-30 DEM at 180 m, D8 flow accumulation"},"geometry":{"type":"MultiLineString","coordinates":[[[-57.023492746565,-25.682567474335],[-57.024048302104994,-25.679789696635],[-57.022937191024994,-25.677011918935],[-57.020159413325,-25.674789696775],[-57.017937191165,-25.672011919075],[-57.016826080084996,-25.669234141375],[-57.01404830238499,-25.667011919215]],[[-57.01404830238499,-25.667011919215],[-57.014603857924996,-25.667567474755]]]}},{"type":"Feature","properties":{"category":"dem_stream","class":"tributary","threshold_label":"headwaters \u2265 80 cells","catchment_km2":6.35,"accumulation_cells":196,"vertex_count":401,"decimated":true,"source":"Copernicus GLO-30 DEM at 180 m, D8 flow accumulation"},"geometry":{"type":"LineString","coordinates":[[-57.022937191024994,-25.745900805895],[-57.023492746565,-25.747011916975]]}},{"type":"Feature","properties":{"category":"dem_stream","class":"rill","threshold_label":"headwaters \u2265 80 cells","catchment_km2":0.06,"accumulation_cells":2,"vertex_count":20,"decimated":false,"source":"Copernicus GLO-30 DEM at 180 m, D8 flow accumulation"},"geometry":{"type":"LineString","coordinates":[[-57.021826079944994,-25.454234147395],[-57.021270524405,-25.453678591855],[-57.02071496886499,-25.453678591855],[-57.020159413325,-25.453123036315],[-57.01960385778499,-25.452567480775],[-57.019048302245,-25.452567480775],[-57.01849274670499,-25.452567480775],[-57.017937191165,-25.452567480775],[-57.017937191165,-25.452011925235],[-57.01738163562499,-25.451456369695],[-57.016826080084996,-25.450900814155],[-57.01627052454499,-25.450900814155],[-57.015714969004996,-25.450900814155],[-57.01515941346499,-25.450345258615002],[-57.014603857924996,-25.450345258615002],[-57.01404830238499,-25.450345258615002],[-57.013492746844996,-25.450345258615002],[-57.01293719130499,-25.449789703075],[-57.012381635764996,-25.449789703075],[-57.011826080225,-25.449789703075]]}},{"type":"Feature","properties":{"category":"dem_stream","class":"rill","threshold_label":"headwaters \u2265 80 cells","catchment_km2":0.26,"accumulation_cells":8,"vertex_count":10,"decimated":false,"source":"Copernicus GLO-30 DEM at 180 m, D8 flow accumulation"},"geometry":{"type":"LineString","coordinates":[[-57.021826079944994,-25.535900811775],[-57.021270524405,-25.535345256235],[-57.02071496886499,-25.534789700695],[-57.02071496886499,-25.534234145155],[-57.020159413325,-25.533678589615],[-57.01960385778499,-25.533123034075],[-57.019048302245,-25.533123034075],[-57.01849274670499,-25.533123034075],[-57.017937191165,-25.532567478535],[-57.017937191165,-25.532011922995]]}},{"type":"Feature","properties":{"category":"dem_stream","class":"rill","threshold_label":"headwaters \u2265 80 cells","catchment_km2":0.16,"accumulation_cells":5,"vertex_count":8,"decimated":false,"source":"Copernicus GLO-30 DEM at 180 m, D8 flow accumulation"},"geometry":{"type":"LineString","coordinates":[[-57.021826079944994,-25.719234139975],[-57.022381635485,-25.719789695515],[-57.022937191024994,-25.720345251055],[-57.023492746565,-25.720900806595],[-57.024048302104994,-25.720900806595],[-57.024603857645,-25.720900806595],[-57.025159413184994,-25.721456362135],[-57.025159413184994,-25.722011917675]]}},{"type":"Feature","properties":{"category":"dem_stream","class":"rill","threshold_label":"headwaters \u2265 80 cells","catchment_km2":0.13,"accumulation_cells":4,"vertex_count":4,"decimated":false,"source":"Copernicus GLO-30 DEM at 180 m, D8 flow accumulation"},"geometry":{"type":"LineString","coordinates":[[-57.021270524405,-25.772567471815],[-57.021826079944994,-25.773123027355002],[-57.022381635485,-25.773678582895],[-57.022937191024994,-25.774234138435]]}},{"type":"Feature","properties":{"category":"dem_stream","class":"rill","threshold_label":"headwaters \u2265 80 cells","catchment_km2":0.13,"accumulation_cells":4,"vertex_count":8,"decimated":true,"source":"Copernicus GLO-30 DEM at 180 m, D8 flow accumulation"},"geometry":{"type":"LineString","coordinates":[[-57.02071496886499,-25.539789700555],[-57.019048302245,-25.537011922855],[-57.016826080084996,-25.534234145155],[-57.015714969004996,-25.531456367455],[-57.01293719130499,-25.529789700835],[-57.010159413604995,-25.528123034215],[-57.007381635905,-25.526456367595],[-57.005714969284995,-25.525900812055]]}},{"type":"Feature","properties":{"category":"dem_stream","class":"tributary","threshold_label":"headwaters \u2265 80 cells","catchment_km2":5.77,"accumulation_cells":178,"vertex_count":401,"decimated":true,"source":"Copernicus GLO-30 DEM at 180 m, D8 flow accumulation"},"geometry":{"type":"LineString","coordinates":[[-57.02071496886499,-25.653678586255],[-57.020159413325,-25.652567475175]]}},{"type":"Feature","properties":{"category":"dem_stream","class":"tributary","threshold_label":"headwaters \u2265 80 cells","catchment_km2":8.29,"accumulation_cells":256,"vertex_count":401,"decimated":true,"source":"Copernicus GLO-30 DEM at 180 m, D8 flow accumulation"},"geometry":{"type":"LineString","coordinates":[[-57.020159413325,-25.529234145295],[-57.01738163562499,-25.527011923135],[-57.01627052454499,-25.526456367595]]}},{"type":"Feature","properties":{"category":"dem_stream","class":"tributary","threshold_label":"headwaters \u2265 80 cells","catchment_km2":24.82,"accumulation_cells":766,"vertex_count":18,"decimated":false,"source":"Copernicus GLO-30 DEM at 180 m, D8 flow accumulation"},"geometry":{"type":"LineString","coordinates":[[-57.020159413325,-25.727567473075],[-57.020159413325,-25.727011917535002],[-57.02071496886499,-25.726456361995],[-57.021270524405,-25.725900806455],[-57.021826079944994,-25.725900806455],[-57.022381635485,-25.725900806455],[-57.022937191024994,-25.725900806455],[-57.023492746565,-25.726456361995],[-57.024048302104994,-25.726456361995],[-57.024603857645,-25.727011917535002],[-57.025159413184994,-25.727011917535002],[-57.025714968725,-25.727011917535002],[-57.026270524264994,-25.727011917535002],[-57.026826079805,-25.727011917535002],[-57.027381635344994,-25.727011917535002],[-57.027937190885,-25.727011917535002],[-57.028492746424995,-25.727011917535002],[-57.029048301965,-25.727011917535002]]}},{"type":"Feature","properties":{"category":"dem_stream","class":"tributary","threshold_label":"headwaters \u2265 80 cells","catchment_km2":7.13,"accumulation_cells":220,"vertex_count":401,"decimated":true,"source":"Copernicus GLO-30 DEM at 180 m, D8 flow accumulation"},"geometry":{"type":"LineString","coordinates":[[-57.019048302245,-25.502567479375],[-57.01627052454499,-25.502011923835],[-57.01515941346499,-25.501456368295]]}},{"type":"Feature","properties":{"category":"dem_stream","class":"rill","threshold_label":"headwaters \u2265 80 cells","catchment_km2":0.26,"accumulation_cells":8,"vertex_count":8,"decimated":false,"source":"Copernicus GLO-30 DEM at 180 m, D8 flow accumulation"},"geometry":{"type":"LineString","coordinates":[[-57.01849274670499,-25.763678583175],[-57.019048302245,-25.763678583175],[-57.01960385778499,-25.764234138715],[-57.020159413325,-25.764789694255],[-57.02071496886499,-25.765345249795],[-57.021270524405,-25.765900805335],[-57.021270524405,-25.766456360875],[-57.021826079944994,-25.767011916415]]}},{"type":"Feature","properties":{"category":"dem_stream","class":"rill","threshold_label":"headwaters \u2265 80 cells","catchment_km2":0.19,"accumulation_cells":6,"vertex_count":14,"decimated":false,"source":"Copernicus GLO-30 DEM at 180 m, D8 flow accumulation"},"geometry":{"type":"LineString","coordinates":[[-57.016826080084996,-25.712567473495],[-57.016826080084996,-25.713123029035],[-57.016826080084996,-25.713678584575],[-57.016826080084996,-25.714234140115],[-57.016826080084996,-25.714789695655],[-57.016826080084996,-25.715345251195],[-57.01738163562499,-25.715900806735],[-57.017937191165,-25.715900806735],[-57.01849274670499,-25.715900806735],[-57.019048302245,-25.716456362275],[-57.01960385778499,-25.717011917815],[-57.01960385778499,-25.717567473355],[-57.020159413325,-25.717567473355],[-57.02071496886499,-25.718123028895]]}},{"type":"Feature","properties":{"category":"dem_stream","class":"tributary","threshold_label":"headwaters \u2265 80 cells","catchment_km2":9.07,"accumulation_cells":280,"vertex_count":401,"decimated":true,"source":"Copernicus GLO-30 DEM at 180 m, D8 flow accumulation"},"geometry":{"type":"LineString","coordinates":[[-57.01627052454499,-25.545345255955],[-57.013492746844996,-25.543123033795],[-57.011826080225,-25.542011922715]]}},{"type":"Feature","properties":{"category":"dem_stream","class":"tributary","threshold_label":"headwaters \u2265 80 cells","catchment_km2":18.89,"accumulation_cells":583,"vertex_count":5,"decimated":true,"source":"Copernicus GLO-30 DEM at 180 m, D8 flow accumulation"},"geometry":{"type":"LineString","coordinates":[[-57.01627052454499,-25.737567472795],[-57.019048302245,-25.737011917255],[-57.021826079944994,-25.738123028335],[-57.024603857645,-25.737567472795],[-57.027381635344994,-25.737011917255]]}},{"type":"Feature","properties":{"category":"dem_stream","class":"creek","threshold_label":"headwaters \u2265 80 cells","catchment_km2":4.34,"accumulation_cells":134,"vertex_count":15,"decimated":false,"source":"Copernicus GLO-30 DEM at 180 m, D8 flow accumulation"},"geometry":{"type":"LineString","coordinates":[[-57.01627052454499,-25.759234138855],[-57.016826080084996,-25.759789694395],[-57.01738163562499,-25.759789694395],[-57.017937191165,-25.759789694395],[-57.01849274670499,-25.760345249935],[-57.019048302245,-25.760345249935],[-57.01960385778499,-25.760900805475],[-57.020159413325,-25.761456361015],[-57.020159413325,-25.762011916555],[-57.02071496886499,-25.762567472095],[-57.02071496886499,-25.763123027635],[-57.02071496886499,-25.763678583175],[-57.02071496886499,-25.764234138715],[-57.02071496886499,-25.764789694255],[-57.021270524405,-25.765345249795]]}},{"type":"Feature","properties":{"category":"dem_stream","class":"main","threshold_label":"headwaters \u2265 80 cells","catchment_km2":28.12,"accumulation_cells":868,"vertex_count":401,"decimated":true,"source":"Copernicus GLO-30 DEM at 180 m, D8 flow accumulation"},"geometry":{"type":"LineString","coordinates":[[-57.015714969004996,-25.437567481195],[-57.01293719130499,-25.434789703495],[-57.011270524684996,-25.432011925795],[-57.008492746985,-25.429234148095],[-57.005714969284995,-25.427567481475],[-57.002937191585,-25.427567481475]]}},{"type":"Feature","properties":{"category":"dem_stream","class":"tributary","threshold_label":"headwaters \u2265 80 cells","catchment_km2":8.81,"accumulation_cells":272,"vertex_count":401,"decimated":true,"source":"Copernicus GLO-30 DEM at 180 m, D8 flow accumulation"},"geometry":{"type":"LineString","coordinates":[[-57.015714969004996,-25.512011923555],[-57.01293719130499,-25.510345256935]]}},{"type":"Feature","properties":{"category":"dem_stream","class":"rill","threshold_label":"headwaters \u2265 80 cells","catchment_km2":0.1,"accumulation_cells":3,"vertex_count":3,"decimated":false,"source":"Copernicus GLO-30 DEM at 180 m, D8 flow accumulation"},"geometry":{"type":"LineString","coordinates":[[-57.01515941346499,-25.489789701955],[-57.014603857924996,-25.489789701955],[-57.01404830238499,-25.489234146415]]}},{"type":"Feature","properties":{"category":"dem_stream","class":"tributary","threshold_label":"headwaters \u2265 80 cells","catchment_km2":16.26,"accumulation_cells":502,"vertex_count":401,"decimated":true,"source":"Copernicus GLO-30 DEM at 180 m, D8 flow accumulation"},"geometry":{"type":"MultiLineString","coordinates":[[[-57.014603857924996,-25.692567474055],[-57.011826080225,-25.690345251895],[-57.009603858065,-25.688678585275],[-57.007381635905,-25.686456363115]],[[-57.007381635905,-25.686456363115],[-57.007381635905,-25.685900807575]]]}},{"type":"Feature","properties":{"category":"dem_stream","class":"tributary","threshold_label":"headwaters \u2265 80 cells","catchment_km2":15.45,"accumulation_cells":477,"vertex_count":11,"decimated":false,"source":"Copernicus GLO-30 DEM at 180 m, D8 flow accumulation"},"geometry":{"type":"LineString","coordinates":[[-57.014603857924996,-25.724789695375],[-57.01515941346499,-25.724789695375],[-57.015714969004996,-25.725345250915],[-57.01627052454499,-25.725900806455],[-57.016826080084996,-25.725345250915],[-57.01738163562499,-25.725345250915],[-57.017937191165,-25.725345250915],[-57.01849274670499,-25.725900806455],[-57.019048302245,-25.725900806455],[-57.01960385778499,-25.726456361995],[-57.020159413325,-25.726456361995]]}},{"type":"Feature","properties":{"category":"dem_stream","class":"rill","threshold_label":"headwaters \u2265 80 cells","catchment_km2":0.13,"accumulation_cells":4,"vertex_count":8,"decimated":false,"source":"Copernicus GLO-30 DEM at 180 m, D8 flow accumulation"},"geometry":{"type":"LineString","coordinates":[[-57.01404830238499,-25.454234147395],[-57.013492746844996,-25.454234147395],[-57.01293719130499,-25.453678591855],[-57.012381635764996,-25.453678591855],[-57.011826080225,-25.453123036315],[-57.011270524684996,-25.452567480775],[-57.010714969145,-25.452011925235],[-57.010159413604995,-25.451456369695]]}},{"type":"Feature","properties":{"category":"dem_stream","class":"rill","threshold_label":"headwaters \u2265 80 cells","catchment_km2":0.19,"accumulation_cells":6,"vertex_count":4,"decimated":false,"source":"Copernicus GLO-30 DEM at 180 m, D8 flow accumulation"},"geometry":{"type":"LineString","coordinates":[[-57.01404830238499,-25.609234143055],[-57.01404830238499,-25.608678587515],[-57.01404830238499,-25.608123031975],[-57.01404830238499,-25.607567476435]]}},{"type":"Feature","properties":{"category":"dem_stream","class":"creek","threshold_label":"headwaters \u2265 80 cells","catchment_km2":3.3,"accumulation_cells":102,"vertex_count":4,"decimated":false,"source":"Copernicus GLO-30 DEM at 180 m, D8 flow accumulation"},"geometry":{"type":"LineString","coordinates":[[-57.01404830238499,-25.728123028615],[-57.014603857924996,-25.727567473075],[-57.01515941346499,-25.727011917535002],[-57.015714969004996,-25.726456361995]]}},{"type":"Feature","properties":{"category":"dem_stream","class":"tributary","threshold_label":"headwaters \u2265 80 cells","catchment_km2":6.93,"accumulation_cells":214,"vertex_count":10,"decimated":false,"source":"Copernicus GLO-30 DEM at 180 m, D8 flow accumulation"},"geometry":{"type":"LineString","coordinates":[[-57.013492746844996,-25.695345251755],[-57.013492746844996,-25.694789696215],[-57.013492746844996,-25.694234140675],[-57.013492746844996,-25.693678585135],[-57.013492746844996,-25.693123029595],[-57.01293719130499,-25.692567474055],[-57.012381635764996,-25.692011918515],[-57.011826080225,-25.691456362975],[-57.011270524684996,-25.690900807435],[-57.010714969145,-25.690345251895]]}},{"type":"Feature","properties":{"category":"dem_stream","class":"rill","threshold_label":"headwaters \u2265 80 cells","catchment_km2":0.42,"accumulation_cells":13,"vertex_count":9,"decimated":true,"source":"Copernicus GLO-30 DEM at 180 m, D8 flow accumulation"},"geometry":{"type":"LineString","coordinates":[[-57.013492746844996,-25.750345250215],[-57.01627052454499,-25.753123027915],[-57.01849274670499,-25.755345250075],[-57.02071496886499,-25.757567472235],[-57.023492746565,-25.759234138855],[-57.025714968725,-25.760900805475],[-57.027937190885,-25.763678583175],[-57.029048301965,-25.766456360875],[-57.030159413045,-25.767011916415]]}},{"type":"Feature","properties":{"category":"dem_stream","class":"rill","threshold_label":"headwaters \u2265 80 cells","catchment_km2":0.23,"accumulation_cells":7,"vertex_count":3,"decimated":false,"source":"Copernicus GLO-30 DEM at 180 m, D8 flow accumulation"},"geometry":{"type":"LineString","coordinates":[[-57.01293719130499,-25.565345255395002],[-57.013492746844996,-25.564789699855],[-57.01404830238499,-25.565345255395002]]}},{"type":"Feature","properties":{"category":"dem_stream","class":"rill","threshold_label":"headwaters \u2265 80 cells","catchment_km2":0.16,"accumulation_cells":5,"vertex_count":10,"decimated":false,"source":"Copernicus GLO-30 DEM at 180 m, D8 flow accumulation"},"geometry":{"type":"LineString","coordinates":[[-57.012381635764996,-25.615900809535],[-57.011826080225,-25.615345253995],[-57.011826080225,-25.614789698455],[-57.011826080225,-25.614234142915],[-57.011826080225,-25.613678587375],[-57.011826080225,-25.613123031835],[-57.011826080225,-25.612567476295],[-57.012381635764996,-25.612011920755],[-57.012381635764996,-25.611456365215002],[-57.012381635764996,-25.610900809675]]}},{"type":"Feature","properties":{"category":"dem_stream","class":"tributary","threshold_label":"headwaters \u2265 80 cells","catchment_km2":8.04,"accumulation_cells":248,"vertex_count":8,"decimated":false,"source":"Copernicus GLO-30 DEM at 180 m, D8 flow accumulation"},"geometry":{"type":"LineString","coordinates":[[-57.012381635764996,-25.736456361715],[-57.01293719130499,-25.736456361715],[-57.013492746844996,-25.736456361715],[-57.01404830238499,-25.736456361715],[-57.014603857924996,-25.735900806175],[-57.01515941346499,-25.735900806175],[-57.015714969004996,-25.735900806175],[-57.01627052454499,-25.736456361715]]}},{"type":"Feature","properties":{"category":"dem_stream","class":"tributary","threshold_label":"headwaters \u2265 80 cells","catchment_km2":7.26,"accumulation_cells":224,"vertex_count":401,"decimated":true,"source":"Copernicus GLO-30 DEM at 180 m, D8 flow accumulation"},"geometry":{"type":"MultiLineString","coordinates":[[[-57.011826080225,-25.439234147815],[-57.009603858065,-25.436456370115],[-57.006826080364995,-25.434789703495],[-57.004048302665,-25.432567481335],[-57.002381636044994,-25.429789703635],[-57.002381636044994,-25.428123037015]],[[-57.002381636044994,-25.428123037015],[-57.002381636044994,-25.427567481475]]]}},{"type":"Feature","properties":{"category":"dem_stream","class":"rill","threshold_label":"headwaters \u2265 80 cells","catchment_km2":0.13,"accumulation_cells":4,"vertex_count":14,"decimated":false,"source":"Copernicus GLO-30 DEM at 180 m, D8 flow accumulation"},"geometry":{"type":"LineString","coordinates":[[-57.011826080225,-25.774789693975],[-57.012381635764996,-25.774789693975],[-57.01293719130499,-25.775345249515],[-57.013492746844996,-25.775900805055],[-57.01404830238499,-25.776456360595],[-57.014603857924996,-25.777011916135],[-57.01515941346499,-25.777011916135],[-57.015714969004996,-25.777567471675],[-57.01627052454499,-25.777567471675],[-57.016826080084996,-25.777567471675],[-57.01738163562499,-25.777567471675],[-57.017937191165,-25.777567471675],[-57.01849274670499,-25.777567471675],[-57.019048302245,-25.778123027215]]}},{"type":"Feature","properties":{"category":"dem_stream","class":"tributary","threshold_label":"headwaters \u2265 80 cells","catchment_km2":23.49,"accumulation_cells":725,"vertex_count":8,"decimated":true,"source":"Copernicus GLO-30 DEM at 180 m, D8 flow accumulation"},"geometry":{"type":"LineString","coordinates":[[-57.011270524684996,-25.769234138575],[-57.01404830238499,-25.770900805195],[-57.016826080084996,-25.770345249655],[-57.019048302245,-25.773123027355002],[-57.020159413325,-25.775900805055],[-57.022937191024994,-25.777567471675],[-57.025714968725,-25.779789693835],[-57.025714968725,-25.780345249375]]}},{"type":"Feature","properties":{"category":"dem_stream","class":"creek","threshold_label":"headwaters \u2265 80 cells","catchment_km2":4.83,"accumulation_cells":149,"vertex_count":401,"decimated":true,"source":"Copernicus GLO-30 DEM at 180 m, D8 flow accumulation"},"geometry":{"type":"LineString","coordinates":[[-57.010714969145,-25.478123035615],[-57.009603858065,-25.475900813455]]}},{"type":"Feature","properties":{"category":"dem_stream","class":"tributary","threshold_label":"headwaters \u2265 80 cells","catchment_km2":15.81,"accumulation_cells":488,"vertex_count":401,"decimated":true,"source":"Copernicus GLO-30 DEM at 180 m, D8 flow accumulation"},"geometry":{"type":"LineString","coordinates":[[-57.010714969145,-25.677011918935],[-57.009603858065,-25.674789696775],[-57.007381635905,-25.673678585695],[-57.006826080364995,-25.673678585695]]}},{"type":"Feature","properties":{"category":"dem_stream","class":"tributary","threshold_label":"headwaters \u2265 80 cells","catchment_km2":6.09,"accumulation_cells":188,"vertex_count":11,"decimated":false,"source":"Copernicus GLO-30 DEM at 180 m, D8 flow accumulation"},"geometry":{"type":"LineString","coordinates":[[-57.010714969145,-25.723123028755],[-57.011270524684996,-25.723123028755],[-57.011826080225,-25.723123028755],[-57.012381635764996,-25.723678584295],[-57.01293719130499,-25.723678584295],[-57.013492746844996,-25.723678584295],[-57.01404830238499,-25.723678584295],[-57.014603857924996,-25.724234139835],[-57.01515941346499,-25.724234139835],[-57.015714969004996,-25.724789695375],[-57.01627052454499,-25.725345250915]]}},{"type":"Feature","properties":{"category":"dem_stream","class":"creek","threshold_label":"headwaters \u2265 80 cells","catchment_km2":2.27,"accumulation_cells":70,"vertex_count":7,"decimated":true,"source":"Copernicus GLO-30 DEM at 180 m, D8 flow accumulation"},"geometry":{"type":"LineString","coordinates":[[-57.009603858065,-25.460345258335],[-57.006826080364995,-25.457567480635],[-57.004603858204995,-25.455345258475],[-57.001826080505,-25.453123036315],[-56.999603858345,-25.450900814155],[-56.999048302804994,-25.448123036455],[-56.999048302804994,-25.445345258755]]}},{"type":"Feature","properties":{"category":"dem_stream","class":"tributary","threshold_label":"headwaters \u2265 80 cells","catchment_km2":10.11,"accumulation_cells":312,"vertex_count":401,"decimated":true,"source":"Copernicus GLO-30 DEM at 180 m, D8 flow accumulation"},"geometry":{"type":"LineString","coordinates":[[-57.009048302524995,-25.533678589615],[-57.007937191444995,-25.530900811915],[-57.005714969284995,-25.528678589755],[-57.005159413745,-25.528678589755]]}},{"type":"Feature","properties":{"category":"dem_stream","class":"rill","threshold_label":"headwaters \u2265 80 cells","catchment_km2":0.94,"accumulation_cells":29,"vertex_count":12,"decimated":false,"source":"Copernicus GLO-30 DEM at 180 m, D8 flow accumulation"},"geometry":{"type":"LineString","coordinates":[[-57.009048302524995,-25.554234144595],[-57.008492746985,-25.553678589055],[-57.007937191444995,-25.553123033515],[-57.007381635905,-25.553123033515],[-57.007381635905,-25.552567477975],[-57.006826080364995,-25.552011922435],[-57.006270524825,-25.551456366895],[-57.006826080364995,-25.550900811355],[-57.006826080364995,-25.550345255815],[-57.007381635905,-25.549789700275],[-57.007381635905,-25.549234144735],[-57.007937191444995,-25.548678589195]]}},{"type":"Feature","properties":{"category":"dem_stream","class":"tributary","threshold_label":"headwaters \u2265 80 cells","catchment_km2":11.92,"accumulation_cells":368,"vertex_count":20,"decimated":false,"source":"Copernicus GLO-30 DEM at 180 m, D8 flow accumulation"},"geometry":{"type":"LineString","coordinates":[[-57.009048302524995,-25.759234138855],[-57.009603858065,-25.759789694395],[-57.010159413604995,-25.760345249935],[-57.010714969145,-25.760900805475],[-57.011270524684996,-25.761456361015],[-57.011270524684996,-25.762011916555],[-57.011826080225,-25.762567472095],[-57.012381635764996,-25.763123027635],[-57.012381635764996,-25.763678583175],[-57.012381635764996,-25.764234138715],[-57.01293719130499,-25.764789694255],[-57.013492746844996,-25.765345249795],[-57.01404830238499,-25.765900805335],[-57.014603857924996,-25.766456360875],[-57.01515941346499,-25.767011916415],[-57.015714969004996,-25.767567471955],[-57.015714969004996,-25.768123027495],[-57.01627052454499,-25.768678583035],[-57.01627052454499,-25.769234138575],[-57.01627052454499,-25.769789694115]]}},{"type":"Feature","properties":{"category":"dem_stream","class":"creek","threshold_label":"headwaters \u2265 80 cells","catchment_km2":3.53,"accumulation_cells":109,"vertex_count":4,"decimated":false,"source":"Copernicus GLO-30 DEM at 180 m, D8 flow accumulation"},"geometry":{"type":"LineString","coordinates":[[-57.009048302524995,-25.762011916555],[-57.009603858065,-25.762011916555],[-57.010159413604995,-25.762011916555],[-57.010714969145,-25.762011916555]]}},{"type":"Feature","properties":{"category":"dem_stream","class":"creek","threshold_label":"headwaters \u2265 80 cells","catchment_km2":4.63,"accumulation_cells":143,"vertex_count":6,"decimated":false,"source":"Copernicus GLO-30 DEM at 180 m, D8 flow accumulation"},"geometry":{"type":"LineString","coordinates":[[-57.008492746985,-25.457011925095],[-57.007937191444995,-25.457011925095],[-57.007381635905,-25.457011925095],[-57.006826080364995,-25.456456369555],[-57.006270524825,-25.455900814015],[-57.005714969284995,-25.455900814015]]}},{"type":"Feature","properties":{"category":"dem_stream","class":"tributary","threshold_label":"headwaters \u2265 80 cells","catchment_km2":7.78,"accumulation_cells":240,"vertex_count":401,"decimated":true,"source":"Copernicus GLO-30 DEM at 180 m, D8 flow accumulation"},"geometry":{"type":"LineString","coordinates":[[-57.008492746985,-25.559789699995],[-57.006270524825,-25.558678588915],[-57.005159413745,-25.555900811215],[-57.005159413745,-25.554789700135]]}},{"type":"Feature","properties":{"category":"dem_stream","class":"rill","threshold_label":"headwaters \u2265 80 cells","catchment_km2":0.94,"accumulation_cells":29,"vertex_count":9,"decimated":false,"source":"Copernicus GLO-30 DEM at 180 m, D8 flow accumulation"},"geometry":{"type":"LineString","coordinates":[[-57.008492746985,-25.746456361435],[-57.009048302524995,-25.747011916975],[-57.009603858065,-25.746456361435],[-57.010159413604995,-25.747011916975],[-57.010714969145,-25.747567472515],[-57.011270524684996,-25.748123028055],[-57.011826080225,-25.748123028055],[-57.012381635764996,-25.748678583595],[-57.012381635764996,-25.749234139135]]}},{"type":"Feature","properties":{"category":"dem_stream","class":"creek","threshold_label":"headwaters \u2265 80 cells","catchment_km2":2.75,"accumulation_cells":85,"vertex_count":401,"decimated":true,"source":"Copernicus GLO-30 DEM at 180 m, D8 flow accumulation"},"geometry":{"type":"LineString","coordinates":[[-57.007937191444995,-25.489789701955],[-57.008492746985,-25.489234146415]]}},{"type":"Feature","properties":{"category":"dem_stream","class":"rill","threshold_label":"headwaters \u2265 80 cells","catchment_km2":0.06,"accumulation_cells":2,"vertex_count":3,"decimated":false,"source":"Copernicus GLO-30 DEM at 180 m, D8 flow accumulation"},"geometry":{"type":"LineString","coordinates":[[-57.007381635905,-25.604789698735],[-57.006826080364995,-25.604789698735],[-57.006270524825,-25.604789698735]]}},{"type":"Feature","properties":{"category":"dem_stream","class":"rill","threshold_label":"headwaters \u2265 80 cells","catchment_km2":0.36,"accumulation_cells":11,"vertex_count":6,"decimated":false,"source":"Copernicus GLO-30 DEM at 180 m, D8 flow accumulation"},"geometry":{"type":"LineString","coordinates":[[-57.006270524825,-25.782567471535],[-57.006826080364995,-25.782567471535],[-57.006826080364995,-25.783123027075],[-57.006826080364995,-25.783678582615],[-57.007381635905,-25.784234138155],[-57.007381635905,-25.784789693695]]}},{"type":"Feature","properties":{"category":"dem_stream","class":"rill","threshold_label":"headwaters \u2265 80 cells","catchment_km2":0.26,"accumulation_cells":8,"vertex_count":8,"decimated":false,"source":"Copernicus GLO-30 DEM at 180 m, D8 flow accumulation"},"geometry":{"type":"LineString","coordinates":[[-57.005714969284995,-25.466456369275],[-57.005159413745,-25.465900813735],[-57.004603858204995,-25.465345258195],[-57.004603858204995,-25.464789702655],[-57.004603858204995,-25.464234147115],[-57.004048302665,-25.463678591575],[-57.003492747124994,-25.463123036035],[-57.002937191585,-25.462567480495]]}},{"type":"Feature","properties":{"category":"dem_stream","class":"rill","threshold_label":"headwaters \u2265 80 cells","catchment_km2":0.26,"accumulation_cells":8,"vertex_count":5,"decimated":false,"source":"Copernicus GLO-30 DEM at 180 m, D8 flow accumulation"},"geometry":{"type":"LineString","coordinates":[[-57.005159413745,-25.447011925375],[-57.005159413745,-25.446456369835],[-57.005159413745,-25.445900814295],[-57.005714969284995,-25.445345258755],[-57.005714969284995,-25.444789703215]]}},{"type":"Feature","properties":{"category":"dem_stream","class":"tributary","threshold_label":"headwaters \u2265 80 cells","catchment_km2":10.17,"accumulation_cells":314,"vertex_count":401,"decimated":true,"source":"Copernicus GLO-30 DEM at 180 m, D8 flow accumulation"},"geometry":{"type":"MultiLineString","coordinates":[[[-57.005159413745,-25.604234143195],[-57.002937191585,-25.603123032115]],[[-57.002937191585,-25.603123032115],[-57.002937191585,-25.602567476575]]]}},{"type":"Feature","properties":{"category":"dem_stream","class":"tributary","threshold_label":"headwaters \u2265 80 cells","catchment_km2":8.16,"accumulation_cells":252,"vertex_count":401,"decimated":true,"source":"Copernicus GLO-30 DEM at 180 m, D8 flow accumulation"},"geometry":{"type":"MultiLineString","coordinates":[[[-57.004603858204995,-25.460900813875],[-57.002381636044994,-25.458678591715],[-57.002381636044994,-25.456456369555]],[[-57.002381636044994,-25.456456369555],[-57.001826080505,-25.456456369555]]]}},{"type":"Feature","properties":{"category":"dem_stream","class":"rill","threshold_label":"headwaters \u2265 80 cells","catchment_km2":0.94,"accumulation_cells":29,"vertex_count":11,"decimated":false,"source":"Copernicus GLO-30 DEM at 180 m, D8 flow accumulation"},"geometry":{"type":"LineString","coordinates":[[-57.004603858204995,-25.692567474055],[-57.004048302665,-25.692011918515],[-57.003492747124994,-25.691456362975],[-57.002937191585,-25.691456362975],[-57.002381636044994,-25.690900807435],[-57.001826080505,-25.690345251895],[-57.001270524964994,-25.689789696355],[-57.001270524964994,-25.689234140815],[-57.000714969425,-25.688678585275],[-57.000159413884994,-25.688123029735],[-56.999603858345,-25.687567474195]]}},{"type":"Feature","properties":{"category":"dem_stream","class":"creek","threshold_label":"headwaters \u2265 80 cells","catchment_km2":4.41,"accumulation_cells":136,"vertex_count":401,"decimated":true,"source":"Copernicus GLO-30 DEM at 180 m, D8 flow accumulation"},"geometry":{"type":"MultiLineString","coordinates":[[[-57.004048302665,-25.636456364515],[-57.001270524964994,-25.634234142355],[-56.999048302804994,-25.633123031275]],[[-56.999048302804994,-25.633123031275],[-56.999048302804994,-25.633678586815]]]}},{"type":"Feature","properties":{"category":"dem_stream","class":"tributary","threshold_label":"headwaters \u2265 80 cells","catchment_km2":16.2,"accumulation_cells":500,"vertex_count":401,"decimated":true,"source":"Copernicus GLO-30 DEM at 180 m, D8 flow accumulation"},"geometry":{"type":"LineString","coordinates":[[-57.002381636044994,-25.471456369135],[-57.000714969425,-25.469234146975],[-56.998492747265,-25.467567480355],[-56.99571496956499,-25.465900813735],[-56.99349274740499,-25.463123036035],[-56.991826080784996,-25.462011924955]]}},{"type":"Feature","properties":{"category":"dem_stream","class":"rill","threshold_label":"headwaters \u2265 80 cells","catchment_km2":0.13,"accumulation_cells":4,"vertex_count":17,"decimated":false,"source":"Copernicus GLO-30 DEM at 180 m, D8 flow accumulation"},"geometry":{"type":"LineString","coordinates":[[-57.002381636044994,-25.480900813315],[-57.001826080505,-25.480345257775],[-57.001270524964994,-25.480345257775],[-57.000714969425,-25.479789702235],[-57.000159413884994,-25.479789702235],[-56.999603858345,-25.479234146695],[-56.999048302804994,-25.479234146695],[-56.998492747265,-25.478678591155],[-56.99793719172499,-25.478123035615],[-56.997381636185,-25.478123035615],[-56.99682608064499,-25.478123035615],[-56.996270525105,-25.477567480075],[-56.99571496956499,-25.477567480075],[-56.995159414025,-25.477011924535],[-56.99460385848499,-25.477011924535],[-56.99460385848499,-25.476456368995],[-56.99460385848499,-25.475900813455]]}},{"type":"Feature","properties":{"category":"dem_stream","class":"tributary","threshold_label":"headwaters \u2265 80 cells","catchment_km2":12.15,"accumulation_cells":375,"vertex_count":401,"decimated":true,"source":"Copernicus GLO-30 DEM at 180 m, D8 flow accumulation"},"geometry":{"type":"MultiLineString","coordinates":[[[-57.002381636044994,-25.652567475175],[-57.002381636044994,-25.649789697475],[-57.001270524964994,-25.648123030855]],[[-57.001270524964994,-25.648123030855],[-57.000714969425,-25.647567475315]]]}},{"type":"Feature","properties":{"category":"dem_stream","class":"tributary","threshold_label":"headwaters \u2265 80 cells","catchment_km2":7.32,"accumulation_cells":226,"vertex_count":401,"decimated":true,"source":"Copernicus GLO-30 DEM at 180 m, D8 flow accumulation"},"geometry":{"type":"LineString","coordinates":[[-57.001826080505,-25.437011925655],[-57.001270524964994,-25.436456370115]]}},{"type":"Feature","properties":{"category":"dem_stream","class":"creek","threshold_label":"headwaters \u2265 80 cells","catchment_km2":4.15,"accumulation_cells":128,"vertex_count":401,"decimated":true,"source":"Copernicus GLO-30 DEM at 180 m, D8 flow accumulation"},"geometry":{"type":"LineString","coordinates":[[-57.001826080505,-25.483123035475],[-57.002381636044994,-25.482567479935]]}},{"type":"Feature","properties":{"category":"dem_stream","class":"rill","threshold_label":"headwaters \u2265 80 cells","catchment_km2":0.13,"accumulation_cells":4,"vertex_count":7,"decimated":true,"source":"Copernicus GLO-30 DEM at 180 m, D8 flow accumulation"},"geometry":{"type":"LineString","coordinates":[[-57.001826080505,-25.554789700135],[-57.003492747124994,-25.552011922435],[-57.001826080505,-25.549789700275],[-56.999603858345,-25.548123033655],[-56.998492747265,-25.545345255955],[-56.997381636185,-25.542567478255002],[-56.99571496956499,-25.540900811635]]}},{"type":"Feature","properties":{"category":"dem_stream","class":"tributary","threshold_label":"headwaters \u2265 80 cells","catchment_km2":12.8,"accumulation_cells":395,"vertex_count":401,"decimated":true,"source":"Copernicus GLO-30 DEM at 180 m, D8 flow accumulation"},"geometry":{"type":"MultiLineString","coordinates":[[[-57.001826080505,-25.612011920755],[-56.999048302804994,-25.610345254135],[-56.996270525105,-25.609234143055],[-56.99571496956499,-25.608678587515]],[[-56.99571496956499,-25.608678587515],[-56.99571496956499,-25.608123031975]]]}},{"type":"Feature","properties":{"category":"dem_stream","class":"creek","threshold_label":"headwaters \u2265 80 cells","catchment_km2":4.08,"accumulation_cells":126,"vertex_count":401,"decimated":true,"source":"Copernicus GLO-30 DEM at 180 m, D8 flow accumulation"},"geometry":{"type":"MultiLineString","coordinates":[[[-57.001826080505,-25.638123031135],[-57.001826080505,-25.637011920055]],[[-57.001826080505,-25.637011920055],[-57.001826080505,-25.636456364515]]]}},{"type":"Feature","properties":{"category":"dem_stream","class":"creek","threshold_label":"headwaters \u2265 80 cells","catchment_km2":1.04,"accumulation_cells":32,"vertex_count":6,"decimated":false,"source":"Copernicus GLO-30 DEM at 180 m, D8 flow accumulation"},"geometry":{"type":"LineString","coordinates":[[-57.001826080505,-25.668123030295],[-57.002381636044994,-25.667567474755],[-57.002937191585,-25.667567474755],[-57.003492747124994,-25.667567474755],[-57.004048302665,-25.668123030295],[-57.004603858204995,-25.667567474755]]}},{"type":"Feature","properties":{"category":"dem_stream","class":"tributary","threshold_label":"headwaters \u2265 80 cells","catchment_km2":6.61,"accumulation_cells":204,"vertex_count":401,"decimated":true,"source":"Copernicus GLO-30 DEM at 180 m, D8 flow accumulation"},"geometry":{"type":"LineString","coordinates":[[-57.001826080505,-25.757567472235],[-57.001826080505,-25.758678583315]]}},{"type":"Feature","properties":{"category":"dem_stream","class":"rill","threshold_label":"headwaters \u2265 80 cells","catchment_km2":0.94,"accumulation_cells":29,"vertex_count":8,"decimated":true,"source":"Copernicus GLO-30 DEM at 180 m, D8 flow accumulation"},"geometry":{"type":"LineString","coordinates":[[-57.001270524964994,-25.515345256795],[-56.998492747265,-25.514789701255],[-56.99571496956499,-25.513123034635],[-56.994048302945,-25.510345256935],[-56.99127052524499,-25.508678590315],[-56.99015941416499,-25.505900812615],[-56.988492747544996,-25.503678590455],[-56.988492747544996,-25.503123034915]]}},{"type":"Feature","properties":{"category":"dem_stream","class":"tributary","threshold_label":"headwaters \u2265 80 cells","catchment_km2":12.34,"accumulation_cells":381,"vertex_count":401,"decimated":true,"source":"Copernicus GLO-30 DEM at 180 m, D8 flow accumulation"},"geometry":{"type":"MultiLineString","coordinates":[[[-57.001270524964994,-25.695345251755],[-57.001826080505,-25.692567474055]],[[-57.001826080505,-25.692567474055],[-57.001826080505,-25.692011918515]]]}},{"type":"Feature","properties":{"category":"dem_stream","class":"tributary","threshold_label":"headwaters \u2265 80 cells","catchment_km2":7.78,"accumulation_cells":240,"vertex_count":401,"decimated":true,"source":"Copernicus GLO-30 DEM at 180 m, D8 flow accumulation"},"geometry":{"type":"LineString","coordinates":[[-57.000714969425,-25.661456363815],[-57.002381636044994,-25.660345252735]]}},{"type":"Feature","properties":{"category":"dem_stream","class":"tributary","threshold_label":"headwaters \u2265 80 cells","catchment_km2":5.09,"accumulation_cells":157,"vertex_count":401,"decimated":true,"source":"Copernicus GLO-30 DEM at 180 m, D8 flow accumulation"},"geometry":{"type":"MultiLineString","coordinates":[[[-56.999603858345,-25.439789703355],[-57.000159413884994,-25.437011925655]],[[-57.000159413884994,-25.437011925655],[-57.000714969425,-25.437011925655]]]}},{"type":"Feature","properties":{"category":"dem_stream","class":"rill","threshold_label":"headwaters \u2265 80 cells","catchment_km2":0.1,"accumulation_cells":3,"vertex_count":12,"decimated":false,"source":"Copernicus GLO-30 DEM at 180 m, D8 flow accumulation"},"geometry":{"type":"LineString","coordinates":[[-56.999603858345,-25.489789701955],[-56.999603858345,-25.489234146415],[-56.999603858345,-25.488678590875],[-56.999048302804994,-25.488123035335],[-56.999048302804994,-25.487567479795],[-56.999603858345,-25.487011924255],[-57.000159413884994,-25.486456368715],[-56.999603858345,-25.485900813175],[-56.999603858345,-25.485345257635],[-56.999048302804994,-25.484789702095],[-56.998492747265,-25.484234146555],[-56.99793719172499,-25.484234146555]]}},{"type":"Feature","properties":{"category":"dem_stream","class":"rill","threshold_label":"headwaters \u2265 80 cells","catchment_km2":0.16,"accumulation_cells":5,"vertex_count":18,"decimated":false,"source":"Copernicus GLO-30 DEM at 180 m, D8 flow accumulation"},"geometry":{"type":"LineString","coordinates":[[-56.999603858345,-25.539234145015],[-56.999603858345,-25.538678589475],[-56.999048302804994,-25.538123033935],[-56.998492747265,-25.537567478395],[-56.998492747265,-25.537011922855],[-56.999048302804994,-25.536456367315],[-56.998492747265,-25.535900811775],[-56.99793719172499,-25.535345256235],[-56.997381636185,-25.534789700695],[-56.99682608064499,-25.534234145155],[-56.99682608064499,-25.533678589615],[-56.996270525105,-25.533123034075],[-56.99571496956499,-25.533123034075],[-56.995159414025,-25.532567478535],[-56.99460385848499,-25.532567478535],[-56.994048302945,-25.532011922995],[-56.99349274740499,-25.531456367455],[-56.992937191864996,-25.530900811915]]}},{"type":"Feature","properties":{"category":"dem_stream","class":"rill","threshold_label":"headwaters \u2265 80 cells","catchment_km2":0.06,"accumulation_cells":2,"vertex_count":3,"decimated":false,"source":"Copernicus GLO-30 DEM at 180 m, D8 flow accumulation"},"geometry":{"type":"LineString","coordinates":[[-56.999603858345,-25.663123030435],[-57.000159413884994,-25.662567474895],[-57.000714969425,-25.662011919355]]}},{"type":"Feature","properties":{"category":"dem_stream","class":"tributary","threshold_label":"headwaters \u2265 80 cells","catchment_km2":7.55,"accumulation_cells":233,"vertex_count":401,"decimated":true,"source":"Copernicus GLO-30 DEM at 180 m, D8 flow accumulation"},"geometry":{"type":"MultiLineString","coordinates":[[[-56.999603858345,-25.715345251195],[-56.99793719172499,-25.713123029035],[-56.996270525105,-25.712567473495]],[[-56.996270525105,-25.712567473495],[-56.99682608064499,-25.712567473495]]]}},{"type":"Feature","properties":{"category":"dem_stream","class":"creek","threshold_label":"headwaters \u2265 80 cells","catchment_km2":2.82,"accumulation_cells":87,"vertex_count":3,"decimated":false,"source":"Copernicus GLO-30 DEM at 180 m, D8 flow accumulation"},"geometry":{"type":"LineString","coordinates":[[-56.999048302804994,-25.717011917815],[-56.999048302804994,-25.716456362275],[-56.999048302804994,-25.715900806735]]}},{"type":"Feature","properties":{"category":"dem_stream","class":"rill","threshold_label":"headwaters \u2265 80 cells","catchment_km2":0.42,"accumulation_cells":13,"vertex_count":9,"decimated":false,"source":"Copernicus GLO-30 DEM at 180 m, D8 flow accumulation"},"geometry":{"type":"LineString","coordinates":[[-56.998492747265,-25.730900806315],[-56.99793719172499,-25.730345250775],[-56.997381636185,-25.729789695235],[-56.99682608064499,-25.729234139695],[-56.996270525105,-25.729234139695],[-56.99571496956499,-25.729234139695],[-56.995159414025,-25.729234139695],[-56.99460385848499,-25.728678584155],[-56.99460385848499,-25.728123028615]]}},{"type":"Feature","properties":{"category":"dem_stream","class":"creek","threshold_label":"headwaters \u2265 80 cells","catchment_km2":3.99,"accumulation_cells":123,"vertex_count":10,"decimated":false,"source":"Copernicus GLO-30 DEM at 180 m, D8 flow accumulation"},"geometry":{"type":"LineString","coordinates":[[-56.997381636185,-25.654234141795],[-56.99793719172499,-25.653678586255],[-56.99793719172499,-25.653123030715],[-56.99793719172499,-25.652567475175],[-56.998492747265,-25.652011919635],[-56.999048302804994,-25.651456364095],[-56.999603858345,-25.650900808555],[-57.000159413884994,-25.650345253015],[-57.000714969425,-25.649789697475],[-57.001270524964994,-25.649789697475]]}},{"type":"Feature","properties":{"category":"dem_stream","class":"creek","threshold_label":"headwaters \u2265 80 cells","catchment_km2":2.53,"accumulation_cells":78,"vertex_count":14,"decimated":false,"source":"Copernicus GLO-30 DEM at 180 m, D8 flow accumulation"},"geometry":{"type":"LineString","coordinates":[[-56.997381636185,-25.683678585415],[-56.99793719172499,-25.683678585415],[-56.998492747265,-25.683678585415],[-56.999048302804994,-25.683678585415],[-56.999603858345,-25.683123029875],[-56.999603858345,-25.682567474335],[-57.000159413884994,-25.682011918795],[-57.000714969425,-25.681456363255],[-57.000714969425,-25.680900807715002],[-57.000714969425,-25.680345252175],[-57.001270524964994,-25.679789696635],[-57.001826080505,-25.679234141095],[-57.001826080505,-25.678678585555],[-57.002381636044994,-25.678123030015]]}},{"type":"Feature","properties":{"category":"dem_stream","class":"rill","threshold_label":"headwaters \u2265 80 cells","catchment_km2":0.26,"accumulation_cells":8,"vertex_count":3,"decimated":false,"source":"Copernicus GLO-30 DEM at 180 m, D8 flow accumulation"},"geometry":{"type":"LineString","coordinates":[[-56.997381636185,-25.688123029735],[-56.99793719172499,-25.688123029735],[-56.998492747265,-25.688123029735]]}},{"type":"Feature","properties":{"category":"dem_stream","class":"creek","threshold_label":"headwaters \u2265 80 cells","catchment_km2":2.56,"accumulation_cells":79,"vertex_count":19,"decimated":false,"source":"Copernicus GLO-30 DEM at 180 m, D8 flow accumulation"},"geometry":{"type":"LineString","coordinates":[[-56.997381636185,-25.768678583035],[-56.99793719172499,-25.769234138575],[-56.99793719172499,-25.769789694115],[-56.998492747265,-25.770345249655],[-56.998492747265,-25.770900805195],[-56.998492747265,-25.771456360735],[-56.999048302804994,-25.772011916275],[-56.999048302804994,-25.772567471815],[-56.999603858345,-25.773123027355002],[-56.999603858345,-25.773678582895],[-56.999603858345,-25.774234138435],[-57.000159413884994,-25.774789693975],[-57.000714969425,-25.775345249515],[-57.001270524964994,-25.775900805055],[-57.001270524964994,-25.776456360595],[-57.001826080505,-25.777011916135],[-57.002381636044994,-25.777567471675],[-57.002381636044994,-25.778123027215],[-57.002937191585,-25.778678582755]]}},{"type":"Feature","properties":{"category":"dem_stream","class":"rill","threshold_label":"headwaters \u2265 80 cells","catchment_km2":0.1,"accumulation_cells":3,"vertex_count":5,"decimated":false,"source":"Copernicus GLO-30 DEM at 180 m, D8 flow accumulation"},"geometry":{"type":"LineString","coordinates":[[-56.996270525105,-25.517011923415],[-56.99571496956499,-25.516456367875],[-56.995159414025,-25.515900812335],[-56.995159414025,-25.515345256795],[-56.99460385848499,-25.514789701255]]}},{"type":"Feature","properties":{"category":"dem_stream","class":"tributary","threshold_label":"headwaters \u2265 80 cells","catchment_km2":14.29,"accumulation_cells":441,"vertex_count":401,"decimated":true,"source":"Copernicus GLO-30 DEM at 180 m, D8 flow accumulation"},"geometry":{"type":"MultiLineString","coordinates":[[[-56.996270525105,-25.675900807855],[-56.999048302804994,-25.674789696775],[-57.001826080505,-25.674234141235],[-57.003492747124994,-25.673678585695]],[[-57.003492747124994,-25.673678585695],[-57.004048302665,-25.674234141235]]]}},{"type":"Feature","properties":{"category":"dem_stream","class":"rill","threshold_label":"headwaters \u2265 80 cells","catchment_km2":0.13,"accumulation_cells":4,"vertex_count":11,"decimated":false,"source":"Copernicus GLO-30 DEM at 180 m, D8 flow accumulation"},"geometry":{"type":"LineString","coordinates":[[-56.99460385848499,-25.547011922575],[-56.994048302945,-25.547011922575],[-56.99349274740499,-25.547011922575],[-56.992937191864996,-25.546456367035],[-56.99238163632499,-25.545900811495],[-56.991826080784996,-25.545900811495],[-56.99127052524499,-25.545345255955],[-56.990714969704996,-25.544789700415],[-56.99015941416499,-25.544789700415],[-56.990714969704996,-25.544234144875],[-56.99127052524499,-25.543678589335]]}},{"type":"Feature","properties":{"category":"dem_stream","class":"rill","threshold_label":"headwaters \u2265 80 cells","catchment_km2":0.32,"accumulation_cells":10,"vertex_count":3,"decimated":false,"source":"Copernicus GLO-30 DEM at 180 m, D8 flow accumulation"},"geometry":{"type":"LineString","coordinates":[[-56.994048302945,-25.663123030435],[-56.99460385848499,-25.663123030435],[-56.995159414025,-25.663123030435]]}},{"type":"Feature","properties":{"category":"dem_stream","class":"creek","threshold_label":"headwaters \u2265 80 cells","catchment_km2":1.43,"accumulation_cells":44,"vertex_count":5,"decimated":false,"source":"Copernicus GLO-30 DEM at 180 m, D8 flow accumulation"},"geometry":{"type":"LineString","coordinates":[[-56.99349274740499,-25.451456369695],[-56.99349274740499,-25.450900814155],[-56.994048302945,-25.450345258615002],[-56.994048302945,-25.449789703075],[-56.994048302945,-25.449234147535]]}},{"type":"Feature","properties":{"category":"dem_stream","class":"rill","threshold_label":"headwaters \u2265 80 cells","catchment_km2":0.1,"accumulation_cells":3,"vertex_count":12,"decimated":false,"source":"Copernicus GLO-30 DEM at 180 m, D8 flow accumulation"},"geometry":{"type":"LineString","coordinates":[[-56.99238163632499,-25.499234146135],[-56.991826080784996,-25.498678590595],[-56.991826080784996,-25.498123035055],[-56.99127052524499,-25.498123035055],[-56.990714969704996,-25.497567479515],[-56.99015941416499,-25.497011923975],[-56.990714969704996,-25.496456368435002],[-56.99015941416499,-25.495900812895],[-56.989603858624996,-25.495345257355],[-56.989603858624996,-25.494789701815],[-56.989048303085,-25.494789701815],[-56.988492747544996,-25.494234146275]]}},{"type":"Feature","properties":{"category":"dem_stream","class":"tributary","threshold_label":"headwaters \u2265 80 cells","catchment_km2":18.79,"accumulation_cells":580,"vertex_count":401,"decimated":true,"source":"Copernicus GLO-30 DEM at 180 m, D8 flow accumulation"},"geometry":{"type":"MultiLineString","coordinates":[[[-56.99238163632499,-25.532011922995],[-56.99015941416499,-25.529789700835],[-56.99015941416499,-25.527011923135],[-56.99015941416499,-25.526456367595]],[[-56.99015941416499,-25.526456367595],[-56.989603858624996,-25.525900812055]]]}},{"type":"Feature","properties":{"category":"dem_stream","class":"creek","threshold_label":"headwaters \u2265 80 cells","catchment_km2":3.92,"accumulation_cells":121,"vertex_count":8,"decimated":false,"source":"Copernicus GLO-30 DEM at 180 m, D8 flow accumulation"},"geometry":{"type":"LineString","coordinates":[[-56.99238163632499,-25.549234144735],[-56.991826080784996,-25.548678589195],[-56.99127052524499,-25.548123033655],[-56.99127052524499,-25.547567478115],[-56.990714969704996,-25.547011922575],[-56.990714969704996,-25.546456367035],[-56.99015941416499,-25.545900811495],[-56.99015941416499,-25.545345255955]]}},{"type":"Feature","properties":{"category":"dem_stream","class":"tributary","threshold_label":"headwaters \u2265 80 cells","catchment_km2":7.45,"accumulation_cells":230,"vertex_count":401,"decimated":true,"source":"Copernicus GLO-30 DEM at 180 m, D8 flow accumulation"},"geometry":{"type":"MultiLineString","coordinates":[[[-56.99238163632499,-25.646456364235],[-56.99349274740499,-25.643678586535],[-56.994048302945,-25.640900808835],[-56.99349274740499,-25.639234142215]],[[-56.99349274740499,-25.639234142215],[-56.994048302945,-25.639789697755]]]}},{"type":"Feature","properties":{"category":"dem_stream","class":"tributary","threshold_label":"headwaters \u2265 80 cells","catchment_km2":8.49,"accumulation_cells":262,"vertex_count":401,"decimated":true,"source":"Copernicus GLO-30 DEM at 180 m, D8 flow accumulation"},"geometry":{"type":"MultiLineString","coordinates":[[[-56.99238163632499,-25.741456361575],[-56.990714969704996,-25.739234139415]],[[-56.990714969704996,-25.739234139415],[-56.99015941416499,-25.739234139415]]]}},{"type":"Feature","properties":{"category":"dem_stream","class":"tributary","threshold_label":"headwaters \u2265 80 cells","catchment_km2":8.33,"accumulation_cells":257,"vertex_count":401,"decimated":true,"source":"Copernicus GLO-30 DEM at 180 m, D8 flow accumulation"},"geometry":{"type":"MultiLineString","coordinates":[[[-56.99238163632499,-25.745345250355],[-56.989603858624996,-25.743678583735],[-56.989048303085,-25.743678583735]],[[-56.989048303085,-25.743678583735],[-56.988492747544996,-25.743678583735]]]}},{"type":"Feature","properties":{"category":"dem_stream","class":"creek","threshold_label":"headwaters \u2265 80 cells","catchment_km2":3.79,"accumulation_cells":117,"vertex_count":401,"decimated":true,"source":"Copernicus GLO-30 DEM at 180 m, D8 flow accumulation"},"geometry":{"type":"MultiLineString","coordinates":[[[-56.99127052524499,-25.477567480075],[-56.988492747544996,-25.475900813455]],[[-56.988492747544996,-25.475900813455],[-56.989048303085,-25.475900813455]]]}},{"type":"Feature","properties":{"category":"dem_stream","class":"tributary","threshold_label":"headwaters \u2265 80 cells","catchment_km2":8.04,"accumulation_cells":248,"vertex_count":401,"decimated":true,"source":"Copernicus GLO-30 DEM at 180 m, D8 flow accumulation"},"geometry":{"type":"LineString","coordinates":[[-56.99127052524499,-25.555900811215],[-56.988492747544996,-25.553678589055]]}},{"type":"Feature","properties":{"category":"dem_stream","class":"tributary","threshold_label":"headwaters \u2265 80 cells","catchment_km2":9.07,"accumulation_cells":280,"vertex_count":401,"decimated":true,"source":"Copernicus GLO-30 DEM at 180 m, D8 flow accumulation"},"geometry":{"type":"MultiLineString","coordinates":[[[-56.99127052524499,-25.599234143335],[-56.991826080784996,-25.598678587795]],[[-56.991826080784996,-25.598678587795],[-56.99127052524499,-25.598123032255]]]}},{"type":"Feature","properties":{"category":"dem_stream","class":"tributary","threshold_label":"headwaters \u2265 80 cells","catchment_km2":10.43,"accumulation_cells":322,"vertex_count":10,"decimated":false,"source":"Copernicus GLO-30 DEM at 180 m, D8 flow accumulation"},"geometry":{"type":"LineString","coordinates":[[-56.99015941416499,-25.535900811775],[-56.99015941416499,-25.535345256235],[-56.99015941416499,-25.534789700695],[-56.99015941416499,-25.534234145155],[-56.99015941416499,-25.533678589615],[-56.99015941416499,-25.533123034075],[-56.990714969704996,-25.532567478535],[-56.990714969704996,-25.532011922995],[-56.99127052524499,-25.531456367455],[-56.99127052524499,-25.530900811915]]}},{"type":"Feature","properties":{"category":"dem_stream","class":"creek","threshold_label":"headwaters \u2265 80 cells","catchment_km2":4.7,"accumulation_cells":145,"vertex_count":401,"decimated":true,"source":"Copernicus GLO-30 DEM at 180 m, D8 flow accumulation"},"geometry":{"type":"MultiLineString","coordinates":[[[-56.989603858624996,-25.480345257775],[-56.988492747544996,-25.477567480075],[-56.986826080925,-25.475345257915]],[[-56.986826080925,-25.475345257915],[-56.986270525384995,-25.475345257915]]]}},{"type":"Feature","properties":{"category":"dem_stream","class":"tributary","threshold_label":"headwaters \u2265 80 cells","catchment_km2":8.52,"accumulation_cells":263,"vertex_count":401,"decimated":true,"source":"Copernicus GLO-30 DEM at 180 m, D8 flow accumulation"},"geometry":{"type":"MultiLineString","coordinates":[[[-56.989603858624996,-25.489234146415],[-56.988492747544996,-25.487011924255],[-56.988492747544996,-25.484234146555],[-56.989048303085,-25.483123035475]],[[-56.989048303085,-25.483123035475],[-56.988492747544996,-25.483123035475]]]}},{"type":"Feature","properties":{"category":"dem_stream","class":"creek","threshold_label":"headwaters \u2265 80 cells","catchment_km2":2.79,"accumulation_cells":86,"vertex_count":3,"decimated":false,"source":"Copernicus GLO-30 DEM at 180 m, D8 flow accumulation"},"geometry":{"type":"LineString","coordinates":[[-56.989048303085,-25.530900811915],[-56.989603858624996,-25.530900811915],[-56.99015941416499,-25.530345256375]]}},{"type":"Feature","properties":{"category":"dem_stream","class":"creek","threshold_label":"headwaters \u2265 80 cells","catchment_km2":4.28,"accumulation_cells":132,"vertex_count":4,"decimated":false,"source":"Copernicus GLO-30 DEM at 180 m, D8 flow accumulation"},"geometry":{"type":"LineString","coordinates":[[-56.989048303085,-25.745900805895],[-56.989048303085,-25.745345250355],[-56.989048303085,-25.744789694815],[-56.989048303085,-25.744234139275]]}},{"type":"Feature","properties":{"category":"dem_stream","class":"creek","threshold_label":"headwaters \u2265 80 cells","catchment_km2":4.08,"accumulation_cells":126,"vertex_count":5,"decimated":false,"source":"Copernicus GLO-30 DEM at 180 m, D8 flow accumulation"},"geometry":{"type":"LineString","coordinates":[[-56.987937192005,-25.536456367315],[-56.988492747544996,-25.535900811775],[-56.988492747544996,-25.535345256235],[-56.989048303085,-25.534789700695],[-56.989603858624996,-25.534234145155]]}},{"type":"Feature","properties":{"category":"dem_stream","class":"rill","threshold_label":"headwaters \u2265 80 cells","catchment_km2":0.19,"accumulation_cells":6,"vertex_count":5,"decimated":false,"source":"Copernicus GLO-30 DEM at 180 m, D8 flow accumulation"},"geometry":{"type":"LineString","coordinates":[[-56.987937192005,-25.625345253715],[-56.987937192005,-25.624789698175],[-56.988492747544996,-25.624789698175],[-56.988492747544996,-25.624234142635],[-56.989048303085,-25.623678587095]]}},{"type":"Feature","properties":{"category":"dem_stream","class":"tributary","threshold_label":"headwaters \u2265 80 cells","catchment_km2":8.29,"accumulation_cells":256,"vertex_count":401,"decimated":true,"source":"Copernicus GLO-30 DEM at 180 m, D8 flow accumulation"},"geometry":{"type":"MultiLineString","coordinates":[[[-56.987937192005,-25.692567474055],[-56.990714969704996,-25.692011918515]],[[-56.990714969704996,-25.692011918515],[-56.990714969704996,-25.691456362975]]]}},{"type":"Feature","properties":{"category":"dem_stream","class":"creek","threshold_label":"headwaters \u2265 80 cells","catchment_km2":4.6,"accumulation_cells":142,"vertex_count":401,"decimated":true,"source":"Copernicus GLO-30 DEM at 180 m, D8 flow accumulation"},"geometry":{"type":"MultiLineString","coordinates":[[[-56.987381636464995,-25.653678586255],[-56.989048303085,-25.652567475175]],[[-56.989048303085,-25.652567475175],[-56.988492747544996,-25.652567475175]]]}},{"type":"Feature","properties":{"category":"dem_stream","class":"rill","threshold_label":"headwaters \u2265 80 cells","catchment_km2":0.19,"accumulation_cells":6,"vertex_count":8,"decimated":false,"source":"Copernicus GLO-30 DEM at 180 m, D8 flow accumulation"},"geometry":{"type":"LineString","coordinates":[[-56.986826080925,-25.611456365215002],[-56.987381636464995,-25.611456365215002],[-56.987937192005,-25.611456365215002],[-56.988492747544996,-25.610900809675],[-56.989048303085,-25.610900809675],[-56.989048303085,-25.610345254135],[-56.989603858624996,-25.609789698595],[-56.989603858624996,-25.609234143055]]}},{"type":"Feature","properties":{"category":"dem_stream","class":"tributary","threshold_label":"headwaters \u2265 80 cells","catchment_km2":7.52,"accumulation_cells":232,"vertex_count":401,"decimated":true,"source":"Copernicus GLO-30 DEM at 180 m, D8 flow accumulation"},"geometry":{"type":"LineString","coordinates":[[-56.985714969845,-25.494789701815],[-56.986270525384995,-25.494234146275]]}},{"type":"Feature","properties":{"category":"dem_stream","class":"rill","threshold_label":"headwaters \u2265 80 cells","catchment_km2":0.16,"accumulation_cells":5,"vertex_count":3,"decimated":false,"source":"Copernicus GLO-30 DEM at 180 m, D8 flow accumulation"},"geometry":{"type":"LineString","coordinates":[[-56.985159414304995,-25.550345255815],[-56.984603858765,-25.550345255815],[-56.984048303224995,-25.549789700275]]}},{"type":"Feature","properties":{"category":"dem_stream","class":"tributary","threshold_label":"headwaters \u2265 80 cells","catchment_km2":12.64,"accumulation_cells":390,"vertex_count":401,"decimated":true,"source":"Copernicus GLO-30 DEM at 180 m, D8 flow accumulation"},"geometry":{"type":"LineString","coordinates":[[-56.985159414304995,-25.558123033375],[-56.982937192144995,-25.556456366755],[-56.980159414445,-25.556456366755],[-56.977381636744994,-25.556456366755],[-56.974603859045,-25.555345255675],[-56.97293719242499,-25.554789700135]]}},{"type":"Feature","properties":{"category":"dem_stream","class":"rill","threshold_label":"headwaters \u2265 80 cells","catchment_km2":0.42,"accumulation_cells":13,"vertex_count":3,"decimated":false,"source":"Copernicus GLO-30 DEM at 180 m, D8 flow accumulation"},"geometry":{"type":"LineString","coordinates":[[-56.985159414304995,-25.639234142215],[-56.985714969845,-25.638678586675],[-56.985714969845,-25.638123031135]]}},{"type":"Feature","properties":{"category":"dem_stream","class":"rill","threshold_label":"headwaters \u2265 80 cells","catchment_km2":0.68,"accumulation_cells":21,"vertex_count":3,"decimated":false,"source":"Copernicus GLO-30 DEM at 180 m, D8 flow accumulation"},"geometry":{"type":"LineString","coordinates":[[-56.985159414304995,-25.656456363955],[-56.985714969845,-25.655900808415],[-56.986270525384995,-25.655345252875]]}},{"type":"Feature","properties":{"category":"dem_stream","class":"tributary","threshold_label":"headwaters \u2265 80 cells","catchment_km2":10.04,"accumulation_cells":310,"vertex_count":401,"decimated":true,"source":"Copernicus GLO-30 DEM at 180 m, D8 flow accumulation"},"geometry":{"type":"LineString","coordinates":[[-56.984603858765,-25.565345255395002],[-56.981826081064995,-25.563678588775],[-56.980159414445,-25.563678588775]]}},{"type":"Feature","properties":{"category":"dem_stream","class":"tributary","threshold_label":"headwaters \u2265 80 cells","catchment_km2":22.1,"accumulation_cells":682,"vertex_count":401,"decimated":true,"source":"Copernicus GLO-30 DEM at 180 m, D8 flow accumulation"},"geometry":{"type":"LineString","coordinates":[[-56.984603858765,-25.667567474755],[-56.981826081064995,-25.664789697055],[-56.981826081064995,-25.662567474895]]}},{"type":"Feature","properties":{"category":"dem_stream","class":"rill","threshold_label":"headwaters \u2265 80 cells","catchment_km2":0.19,"accumulation_cells":6,"vertex_count":3,"decimated":false,"source":"Copernicus GLO-30 DEM at 180 m, D8 flow accumulation"},"geometry":{"type":"LineString","coordinates":[[-56.983492747685,-25.660900808275],[-56.984048303224995,-25.660345252735],[-56.984048303224995,-25.659789697195]]}},{"type":"Feature","properties":{"category":"dem_stream","class":"tributary","threshold_label":"headwaters \u2265 80 cells","catchment_km2":7.48,"accumulation_cells":231,"vertex_count":401,"decimated":true,"source":"Copernicus GLO-30 DEM at 180 m, D8 flow accumulation"},"geometry":{"type":"MultiLineString","coordinates":[[[-56.982937192144995,-25.459234147255],[-56.981270525525,-25.456456369555],[-56.980159414445,-25.454789702935]],[[-56.980159414445,-25.454789702935],[-56.980159414445,-25.455345258475]]]}},{"type":"Feature","properties":{"category":"dem_stream","class":"tributary","threshold_label":"headwaters \u2265 80 cells","catchment_km2":16.78,"accumulation_cells":518,"vertex_count":401,"decimated":true,"source":"Copernicus GLO-30 DEM at 180 m, D8 flow accumulation"},"geometry":{"type":"LineString","coordinates":[[-56.982381636605,-25.519234145575002],[-56.981826081064995,-25.516456367875]]}},{"type":"Feature","properties":{"category":"dem_stream","class":"rill","threshold_label":"headwaters \u2265 80 cells","catchment_km2":0.26,"accumulation_cells":8,"vertex_count":4,"decimated":false,"source":"Copernicus GLO-30 DEM at 180 m, D8 flow accumulation"},"geometry":{"type":"LineString","coordinates":[[-56.982381636605,-25.623123031555],[-56.982937192144995,-25.623123031555],[-56.983492747685,-25.623123031555],[-56.984048303224995,-25.622567476015]]}},{"type":"Feature","properties":{"category":"dem_stream","class":"rill","threshold_label":"headwaters \u2265 80 cells","catchment_km2":0.55,"accumulation_cells":17,"vertex_count":14,"decimated":false,"source":"Copernicus GLO-30 DEM at 180 m, D8 flow accumulation"},"geometry":{"type":"LineString","coordinates":[[-56.981826081064995,-25.673678585695],[-56.981826081064995,-25.673123030155],[-56.981826081064995,-25.672567474615],[-56.981826081064995,-25.672011919075],[-56.982381636605,-25.671456363535],[-56.982381636605,-25.670900807995],[-56.982381636605,-25.670345252455],[-56.982381636605,-25.669789696915],[-56.982381636605,-25.669234141375],[-56.982381636605,-25.668678585835],[-56.981826081064995,-25.668123030295],[-56.981826081064995,-25.667567474755],[-56.982381636605,-25.667011919215],[-56.982381636605,-25.666456363675]]}},{"type":"Feature","properties":{"category":"dem_stream","class":"tributary","threshold_label":"headwaters \u2265 80 cells","catchment_km2":5.7,"accumulation_cells":176,"vertex_count":401,"decimated":true,"source":"Copernicus GLO-30 DEM at 180 m, D8 flow accumulation"},"geometry":{"type":"LineString","coordinates":[[-56.981270525525,-25.444789703215],[-56.981826081064995,-25.444234147675]]}},{"type":"Feature","properties":{"category":"dem_stream","class":"tributary","threshold_label":"headwaters \u2265 80 cells","catchment_km2":11.34,"accumulation_cells":350,"vertex_count":401,"decimated":true,"source":"Copernicus GLO-30 DEM at 180 m, D8 flow accumulation"},"geometry":{"type":"LineString","coordinates":[[-56.981270525525,-25.588123032535],[-56.980159414445,-25.585345254835],[-56.979048303365,-25.583678588215]]}},{"type":"Feature","properties":{"category":"dem_stream","class":"rill","threshold_label":"headwaters \u2265 80 cells","catchment_km2":0.75,"accumulation_cells":23,"vertex_count":9,"decimated":true,"source":"Copernicus GLO-30 DEM at 180 m, D8 flow accumulation"},"geometry":{"type":"LineString","coordinates":[[-56.980159414445,-25.602011921035],[-56.980159414445,-25.599234143335],[-56.978492747824994,-25.596456365635],[-56.977937192285,-25.593678587935],[-56.976270525664994,-25.591456365775],[-56.975714970125,-25.588678588075002],[-56.975714970125,-25.585900810375],[-56.97404830350499,-25.583123032675],[-56.973492747965,-25.582567477135]]}},{"type":"Feature","properties":{"category":"dem_stream","class":"creek","threshold_label":"headwaters \u2265 80 cells","catchment_km2":3.82,"accumulation_cells":118,"vertex_count":401,"decimated":true,"source":"Copernicus GLO-30 DEM at 180 m, D8 flow accumulation"},"geometry":{"type":"MultiLineString","coordinates":[[[-56.979603858904994,-25.646456364235],[-56.979603858904994,-25.647011919775]],[[-56.979603858904994,-25.647011919775],[-56.979603858904994,-25.647567475315]]]}},{"type":"Feature","properties":{"category":"dem_stream","class":"rill","threshold_label":"headwaters \u2265 80 cells","catchment_km2":0.52,"accumulation_cells":16,"vertex_count":7,"decimated":false,"source":"Copernicus GLO-30 DEM at 180 m, D8 flow accumulation"},"geometry":{"type":"LineString","coordinates":[[-56.977381636744994,-25.515345256795],[-56.977381636744994,-25.514789701255],[-56.977381636744994,-25.514234145715],[-56.976826081205,-25.513678590175],[-56.976270525664994,-25.513678590175],[-56.975714970125,-25.513123034635],[-56.975159414584994,-25.512567479095]]}},{"type":"Feature","properties":{"category":"dem_stream","class":"tributary","threshold_label":"headwaters \u2265 80 cells","catchment_km2":7.06,"accumulation_cells":218,"vertex_count":401,"decimated":true,"source":"Copernicus GLO-30 DEM at 180 m, D8 flow accumulation"},"geometry":{"type":"MultiLineString","coordinates":[[[-56.977381636744994,-25.563123033235],[-56.975159414584994,-25.561456366615],[-56.973492747965,-25.559789699995],[-56.97182608134499,-25.557567477835]],[[-56.97182608134499,-25.557567477835],[-56.97182608134499,-25.557011922295]]]}},{"type":"Feature","properties":{"category":"dem_stream","class":"tributary","threshold_label":"headwaters \u2265 80 cells","catchment_km2":6.16,"accumulation_cells":190,"vertex_count":8,"decimated":false,"source":"Copernicus GLO-30 DEM at 180 m, D8 flow accumulation"},"geometry":{"type":"LineString","coordinates":[[-56.977381636744994,-25.667567474755],[-56.977937192285,-25.667011919215],[-56.978492747824994,-25.666456363675],[-56.979048303365,-25.665900808135],[-56.979603858904994,-25.665345252595],[-56.979603858904994,-25.664789697055],[-56.980159414445,-25.664234141515],[-56.980714969984994,-25.663678585975]]}},{"type":"Feature","properties":{"category":"dem_stream","class":"rill","threshold_label":"headwaters \u2265 80 cells","catchment_km2":0.58,"accumulation_cells":18,"vertex_count":5,"decimated":false,"source":"Copernicus GLO-30 DEM at 180 m, D8 flow accumulation"},"geometry":{"type":"LineString","coordinates":[[-56.975714970125,-25.604234143195],[-56.975714970125,-25.603678587655],[-56.975159414584994,-25.603123032115],[-56.975714970125,-25.602567476575],[-56.975159414584994,-25.602011921035]]}},{"type":"Feature","properties":{"category":"dem_stream","class":"rill","threshold_label":"headwaters \u2265 80 cells","catchment_km2":0.19,"accumulation_cells":6,"vertex_count":5,"decimated":false,"source":"Copernicus GLO-30 DEM at 180 m, D8 flow accumulation"},"geometry":{"type":"LineString","coordinates":[[-56.975159414584994,-25.727011917535002],[-56.975714970125,-25.727011917535002],[-56.976270525664994,-25.727011917535002],[-56.976826081205,-25.727011917535002],[-56.977381636744994,-25.727567473075]]}},{"type":"Feature","properties":{"category":"dem_stream","class":"creek","threshold_label":"headwaters \u2265 80 cells","catchment_km2":4.83,"accumulation_cells":149,"vertex_count":401,"decimated":true,"source":"Copernicus GLO-30 DEM at 180 m, D8 flow accumulation"},"geometry":{"type":"MultiLineString","coordinates":[[[-56.974603859045,-25.704234140395002],[-56.975714970125,-25.703123029315]],[[-56.975714970125,-25.703123029315],[-56.975714970125,-25.702567473775]]]}},{"type":"Feature","properties":{"category":"dem_stream","class":"rill","threshold_label":"headwaters \u2265 80 cells","catchment_km2":0.29,"accumulation_cells":9,"vertex_count":10,"decimated":false,"source":"Copernicus GLO-30 DEM at 180 m, D8 flow accumulation"},"geometry":{"type":"LineString","coordinates":[[-56.97404830350499,-25.435345259035],[-56.973492747965,-25.434789703495],[-56.973492747965,-25.434234147955],[-56.973492747965,-25.433678592415],[-56.97293719242499,-25.433123036875],[-56.97293719242499,-25.432567481335],[-56.972381636885,-25.432011925795],[-56.97182608134499,-25.431456370255],[-56.972381636885,-25.430900814715],[-56.972381636885,-25.430345259175]]}},{"type":"Feature","properties":{"category":"dem_stream","class":"tributary","threshold_label":"headwaters \u2265 80 cells","catchment_km2":8.49,"accumulation_cells":262,"vertex_count":401,"decimated":true,"source":"Copernicus GLO-30 DEM at 180 m, D8 flow accumulation"},"geometry":{"type":"LineString","coordinates":[[-56.97404830350499,-25.545345255955],[-56.97182608134499,-25.544234144875]]}},{"type":"Feature","properties":{"category":"dem_stream","class":"creek","threshold_label":"headwaters \u2265 80 cells","catchment_km2":3.4,"accumulation_cells":105,"vertex_count":401,"decimated":true,"source":"Copernicus GLO-30 DEM at 180 m, D8 flow accumulation"},"geometry":{"type":"LineString","coordinates":[[-56.97404830350499,-25.644789697615],[-56.974603859045,-25.644234142075]]}},{"type":"Feature","properties":{"category":"dem_stream","class":"tributary","threshold_label":"headwaters \u2265 80 cells","catchment_km2":5.18,"accumulation_cells":160,"vertex_count":401,"decimated":true,"source":"Copernicus GLO-30 DEM at 180 m, D8 flow accumulation"},"geometry":{"type":"MultiLineString","coordinates":[[[-56.973492747965,-25.429789703635],[-56.97182608134499,-25.427567481475]],[[-56.97182608134499,-25.427567481475],[-56.972381636885,-25.427567481475]]]}},{"type":"Feature","properties":{"category":"dem_stream","class":"tributary","threshold_label":"headwaters \u2265 80 cells","catchment_km2":15.13,"accumulation_cells":467,"vertex_count":401,"decimated":true,"source":"Copernicus GLO-30 DEM at 180 m, D8 flow accumulation"},"geometry":{"type":"MultiLineString","coordinates":[[[-56.97293719242499,-25.612011920755],[-56.975159414584994,-25.609234143055]],[[-56.975159414584994,-25.609234143055],[-56.975159414584994,-25.608678587515]]]}},{"type":"Feature","properties":{"category":"dem_stream","class":"rill","threshold_label":"headwaters \u2265 80 cells","catchment_km2":0.06,"accumulation_cells":2,"vertex_count":13,"decimated":false,"source":"Copernicus GLO-30 DEM at 180 m, D8 flow accumulation"},"geometry":{"type":"LineString","coordinates":[[-56.972381636885,-25.672567474615],[-56.97293719242499,-25.672011919075],[-56.97293719242499,-25.671456363535],[-56.97293719242499,-25.670900807995],[-56.973492747965,-25.670345252455],[-56.973492747965,-25.669789696915],[-56.973492747965,-25.669234141375],[-56.97404830350499,-25.668678585835],[-56.974603859045,-25.668123030295],[-56.975159414584994,-25.667567474755],[-56.975159414584994,-25.667011919215],[-56.975714970125,-25.667011919215],[-56.976270525664994,-25.667011919215]]}},{"type":"Feature","properties":{"category":"dem_stream","class":"rill","threshold_label":"headwaters \u2265 80 cells","catchment_km2":0.29,"accumulation_cells":9,"vertex_count":5,"decimated":false,"source":"Copernicus GLO-30 DEM at 180 m, D8 flow accumulation"},"geometry":{"type":"LineString","coordinates":[[-56.972381636885,-25.679789696635],[-56.97293719242499,-25.679234141095],[-56.973492747965,-25.678678585555],[-56.97404830350499,-25.678123030015],[-56.97404830350499,-25.677567474475]]}},{"type":"Feature","properties":{"category":"dem_stream","class":"tributary","threshold_label":"headwaters \u2265 80 cells","catchment_km2":11.79,"accumulation_cells":364,"vertex_count":401,"decimated":true,"source":"Copernicus GLO-30 DEM at 180 m, D8 flow accumulation"},"geometry":{"type":"LineString","coordinates":[[-56.972381636885,-25.715900806735],[-56.975159414584994,-25.717567473355],[-56.977937192285,-25.718123028895],[-56.980159414445,-25.719789695515],[-56.981270525525,-25.722011917675]]}},{"type":"Feature","properties":{"category":"dem_stream","class":"creek","threshold_label":"headwaters \u2265 80 cells","catchment_km2":1.2,"accumulation_cells":37,"vertex_count":3,"decimated":false,"source":"Copernicus GLO-30 DEM at 180 m, D8 flow accumulation"},"geometry":{"type":"LineString","coordinates":[[-56.97182608134499,-25.655900808415],[-56.972381636885,-25.655345252875],[-56.97293719242499,-25.655345252875]]}},{"type":"Feature","properties":{"category":"dem_stream","class":"creek","threshold_label":"headwaters \u2265 80 cells","catchment_km2":4.83,"accumulation_cells":149,"vertex_count":401,"decimated":true,"source":"Copernicus GLO-30 DEM at 180 m, D8 flow accumulation"},"geometry":{"type":"LineString","coordinates":[[-56.970159414724996,-25.522011923275],[-56.96738163702499,-25.519789701115],[-56.966826081484996,-25.517011923415],[-56.96738163702499,-25.516456367875]]}},{"type":"Feature","properties":{"category":"dem_stream","class":"rill","threshold_label":"headwaters \u2265 80 cells","catchment_km2":0.23,"accumulation_cells":7,"vertex_count":4,"decimated":false,"source":"Copernicus GLO-30 DEM at 180 m, D8 flow accumulation"},"geometry":{"type":"LineString","coordinates":[[-56.970159414724996,-25.770345249655],[-56.970159414724996,-25.770900805195],[-56.97071497026499,-25.770900805195],[-56.971270525805,-25.771456360735]]}},{"type":"Feature","properties":{"category":"dem_stream","class":"tributary","threshold_label":"headwaters \u2265 80 cells","catchment_km2":7.48,"accumulation_cells":231,"vertex_count":401,"decimated":true,"source":"Copernicus GLO-30 DEM at 180 m, D8 flow accumulation"},"geometry":{"type":"MultiLineString","coordinates":[[[-56.969048303644996,-25.562567477695],[-56.96960385918499,-25.562011922155]],[[-56.96960385918499,-25.562011922155],[-56.969048303644996,-25.561456366615]]]}},{"type":"Feature","properties":{"category":"dem_stream","class":"rill","threshold_label":"headwaters \u2265 80 cells","catchment_km2":0.19,"accumulation_cells":6,"vertex_count":12,"decimated":false,"source":"Copernicus GLO-30 DEM at 180 m, D8 flow accumulation"},"geometry":{"type":"LineString","coordinates":[[-56.969048303644996,-25.597011921175],[-56.96849274810499,-25.596456365635],[-56.969048303644996,-25.595900810095],[-56.96960385918499,-25.595345254555],[-56.96960385918499,-25.594789699015],[-56.969048303644996,-25.594234143475],[-56.96960385918499,-25.593678587935],[-56.96960385918499,-25.593123032395],[-56.96960385918499,-25.592567476855],[-56.96960385918499,-25.592011921315],[-56.96960385918499,-25.591456365775],[-56.969048303644996,-25.590900810235]]}},{"type":"Feature","properties":{"category":"dem_stream","class":"creek","threshold_label":"headwaters \u2265 80 cells","catchment_km2":1.04,"accumulation_cells":32,"vertex_count":11,"decimated":false,"source":"Copernicus GLO-30 DEM at 180 m, D8 flow accumulation"},"geometry":{"type":"LineString","coordinates":[[-56.969048303644996,-25.613678587375],[-56.969048303644996,-25.613123031835],[-56.96960385918499,-25.612567476295],[-56.96960385918499,-25.612011920755],[-56.96960385918499,-25.611456365215002],[-56.969048303644996,-25.610900809675],[-56.96849274810499,-25.610900809675],[-56.967937192564996,-25.610345254135],[-56.96738163702499,-25.609789698595],[-56.966826081484996,-25.609234143055],[-56.96627052594499,-25.609234143055]]}},{"type":"Feature","properties":{"category":"dem_stream","class":"rill","threshold_label":"headwaters \u2265 80 cells","catchment_km2":0.68,"accumulation_cells":21,"vertex_count":6,"decimated":false,"source":"Copernicus GLO-30 DEM at 180 m, D8 flow accumulation"},"geometry":{"type":"LineString","coordinates":[[-56.96849274810499,-25.659789697195],[-56.96849274810499,-25.659234141655],[-56.96849274810499,-25.658678586115],[-56.96849274810499,-25.658123030575],[-56.969048303644996,-25.658123030575],[-56.96960385918499,-25.658123030575]]}},{"type":"Feature","properties":{"category":"dem_stream","class":"tributary","threshold_label":"headwaters \u2265 80 cells","catchment_km2":12.83,"accumulation_cells":396,"vertex_count":401,"decimated":true,"source":"Copernicus GLO-30 DEM at 180 m, D8 flow accumulation"},"geometry":{"type":"LineString","coordinates":[[-56.96849274810499,-25.734234139555],[-56.971270525805,-25.734789695095],[-56.973492747965,-25.736456361715],[-56.975159414584994,-25.735900806175]]}},{"type":"Feature","properties":{"category":"dem_stream","class":"rill","threshold_label":"headwaters \u2265 80 cells","catchment_km2":0.45,"accumulation_cells":14,"vertex_count":9,"decimated":false,"source":"Copernicus GLO-30 DEM at 180 m, D8 flow accumulation"},"geometry":{"type":"LineString","coordinates":[[-56.967937192564996,-25.727567473075],[-56.96849274810499,-25.727567473075],[-56.969048303644996,-25.727567473075],[-56.96960385918499,-25.727011917535002],[-56.970159414724996,-25.727567473075],[-56.97071497026499,-25.727567473075],[-56.971270525805,-25.728123028615],[-56.971270525805,-25.728678584155],[-56.971270525805,-25.729234139695]]}},{"type":"Feature","properties":{"category":"dem_stream","class":"tributary","threshold_label":"headwaters \u2265 80 cells","catchment_km2":7.94,"accumulation_cells":245,"vertex_count":401,"decimated":true,"source":"Copernicus GLO-30 DEM at 180 m, D8 flow accumulation"},"geometry":{"type":"MultiLineString","coordinates":[[[-56.966826081484996,-25.449789703075],[-56.966826081484996,-25.449234147535]],[[-56.966826081484996,-25.449234147535],[-56.966826081484996,-25.448678591995]]]}},{"type":"Feature","properties":{"category":"dem_stream","class":"tributary","threshold_label":"headwaters \u2265 80 cells","catchment_km2":7.84,"accumulation_cells":242,"vertex_count":401,"decimated":true,"source":"Copernicus GLO-30 DEM at 180 m, D8 flow accumulation"},"geometry":{"type":"MultiLineString","coordinates":[[[-56.966826081484996,-25.744789694815],[-56.96960385918499,-25.746456361435],[-56.971270525805,-25.749234139135],[-56.971270525805,-25.750900805755]],[[-56.971270525805,-25.750900805755],[-56.97182608134499,-25.751456361295]]]}},{"type":"Feature","properties":{"category":"dem_stream","class":"creek","threshold_label":"headwaters \u2265 80 cells","catchment_km2":4.76,"accumulation_cells":147,"vertex_count":401,"decimated":true,"source":"Copernicus GLO-30 DEM at 180 m, D8 flow accumulation"},"geometry":{"type":"MultiLineString","coordinates":[[[-56.965714970404996,-25.580345254975],[-56.96849274810499,-25.580900810515],[-56.970159414724996,-25.580900810515]],[[-56.970159414724996,-25.580900810515],[-56.970159414724996,-25.580345254975]]]}},{"type":"Feature","properties":{"category":"dem_stream","class":"rill","threshold_label":"headwaters \u2265 80 cells","catchment_km2":0.23,"accumulation_cells":7,"vertex_count":17,"decimated":false,"source":"Copernicus GLO-30 DEM at 180 m, D8 flow accumulation"},"geometry":{"type":"LineString","coordinates":[[-56.965159414865,-25.607567476435],[-56.965159414865,-25.607011920895],[-56.965159414865,-25.606456365355],[-56.965714970404996,-25.605900809815],[-56.965714970404996,-25.605345254275],[-56.965714970404996,-25.604789698735],[-56.965159414865,-25.604234143195],[-56.965159414865,-25.603678587655],[-56.965159414865,-25.603123032115],[-56.964603859324995,-25.602567476575],[-56.964603859324995,-25.602011921035],[-56.965159414865,-25.601456365495],[-56.965714970404996,-25.600900809955],[-56.965714970404996,-25.600345254415],[-56.965714970404996,-25.599789698875],[-56.96627052594499,-25.599234143335],[-56.966826081484996,-25.599234143335]]}},{"type":"Feature","properties":{"category":"dem_stream","class":"tributary","threshold_label":"headwaters \u2265 80 cells","catchment_km2":10.37,"accumulation_cells":320,"vertex_count":401,"decimated":true,"source":"Copernicus GLO-30 DEM at 180 m, D8 flow accumulation"},"geometry":{"type":"LineString","coordinates":[[-56.964048303785,-25.702011918235],[-56.964603859324995,-25.704789695935],[-56.965159414865,-25.707567473635]]}},{"type":"Feature","properties":{"category":"dem_stream","class":"rill","threshold_label":"headwaters \u2265 80 cells","catchment_km2":0.26,"accumulation_cells":8,"vertex_count":3,"decimated":false,"source":"Copernicus GLO-30 DEM at 180 m, D8 flow accumulation"},"geometry":{"type":"LineString","coordinates":[[-56.963492748244995,-25.450345258615002],[-56.963492748244995,-25.449789703075],[-56.962937192705,-25.449234147535]]}},{"type":"Feature","properties":{"category":"dem_stream","class":"rill","threshold_label":"headwaters \u2265 80 cells","catchment_km2":0.13,"accumulation_cells":4,"vertex_count":3,"decimated":false,"source":"Copernicus GLO-30 DEM at 180 m, D8 flow accumulation"},"geometry":{"type":"LineString","coordinates":[[-56.963492748244995,-25.477567480075],[-56.964048303785,-25.477011924535],[-56.964048303785,-25.476456368995]]}},{"type":"Feature","properties":{"category":"dem_stream","class":"tributary","threshold_label":"headwaters \u2265 80 cells","catchment_km2":7.87,"accumulation_cells":243,"vertex_count":401,"decimated":true,"source":"Copernicus GLO-30 DEM at 180 m, D8 flow accumulation"},"geometry":{"type":"MultiLineString","coordinates":[[[-56.963492748244995,-25.560345255535],[-56.963492748244995,-25.559789699995]],[[-56.963492748244995,-25.559789699995],[-56.963492748244995,-25.559234144455]]]}},{"type":"Feature","properties":{"category":"dem_stream","class":"tributary","threshold_label":"headwaters \u2265 80 cells","catchment_km2":5.05,"accumulation_cells":156,"vertex_count":3,"decimated":false,"source":"Copernicus GLO-30 DEM at 180 m, D8 flow accumulation"},"geometry":{"type":"LineString","coordinates":[[-56.963492748244995,-25.604234143195],[-56.963492748244995,-25.603678587655],[-56.964048303785,-25.603123032115]]}},{"type":"Feature","properties":{"category":"dem_stream","class":"tributary","threshold_label":"headwaters \u2265 80 cells","catchment_km2":6.77,"accumulation_cells":209,"vertex_count":401,"decimated":true,"source":"Copernicus GLO-30 DEM at 180 m, D8 flow accumulation"},"geometry":{"type":"MultiLineString","coordinates":[[[-56.962937192705,-25.554789700135],[-56.962937192705,-25.554234144595]],[[-56.962937192705,-25.554234144595],[-56.962937192705,-25.553678589055]]]}},{"type":"Feature","properties":{"category":"dem_stream","class":"tributary","threshold_label":"headwaters \u2265 80 cells","catchment_km2":8.72,"accumulation_cells":269,"vertex_count":401,"decimated":true,"source":"Copernicus GLO-30 DEM at 180 m, D8 flow accumulation"},"geometry":{"type":"MultiLineString","coordinates":[[[-56.961826081625,-25.595345254555],[-56.964603859324995,-25.593123032395],[-56.965714970404996,-25.590345254695],[-56.967937192564996,-25.588678588075002]],[[-56.967937192564996,-25.588678588075002],[-56.96738163702499,-25.588678588075002]]]}},{"type":"Feature","properties":{"category":"dem_stream","class":"rill","threshold_label":"headwaters \u2265 80 cells","catchment_km2":0.45,"accumulation_cells":14,"vertex_count":17,"decimated":false,"source":"Copernicus GLO-30 DEM at 180 m, D8 flow accumulation"},"geometry":{"type":"LineString","coordinates":[[-56.961826081625,-25.689789696355],[-56.961826081625,-25.689234140815],[-56.961826081625,-25.688678585275],[-56.961270526084995,-25.688123029735],[-56.961270526084995,-25.687567474195],[-56.960714970545,-25.687011918655],[-56.960159415004995,-25.686456363115],[-56.959603859465,-25.685900807575],[-56.959048303924995,-25.685345252035],[-56.959048303924995,-25.684789696495],[-56.959048303924995,-25.684234140955],[-56.959048303924995,-25.683678585415],[-56.959603859465,-25.683123029875],[-56.960159415004995,-25.683123029875],[-56.960714970545,-25.683123029875],[-56.960714970545,-25.682567474335],[-56.960714970545,-25.682011918795]]}},{"type":"Feature","properties":{"category":"dem_stream","class":"creek","threshold_label":"headwaters \u2265 80 cells","catchment_km2":4.41,"accumulation_cells":136,"vertex_count":401,"decimated":true,"source":"Copernicus GLO-30 DEM at 180 m, D8 flow accumulation"},"geometry":{"type":"MultiLineString","coordinates":[[[-56.961826081625,-25.755900805615],[-56.962937192705,-25.757567472235]],[[-56.962937192705,-25.757567472235],[-56.963492748244995,-25.757567472235]]]}},{"type":"Feature","properties":{"category":"dem_stream","class":"tributary","threshold_label":"headwaters \u2265 80 cells","catchment_km2":6.22,"accumulation_cells":192,"vertex_count":401,"decimated":true,"source":"Copernicus GLO-30 DEM at 180 m, D8 flow accumulation"},"geometry":{"type":"LineString","coordinates":[[-56.961270526084995,-25.707011918095],[-56.961270526084995,-25.707567473635]]}},{"type":"Feature","properties":{"category":"dem_stream","class":"tributary","threshold_label":"headwaters \u2265 80 cells","catchment_km2":9.14,"accumulation_cells":282,"vertex_count":401,"decimated":true,"source":"Copernicus GLO-30 DEM at 180 m, D8 flow accumulation"},"geometry":{"type":"MultiLineString","coordinates":[[[-56.961270526084995,-25.708678584715],[-56.964048303785,-25.708678584715],[-56.964603859324995,-25.708678584715]],[[-56.964603859324995,-25.708678584715],[-56.964603859324995,-25.708123029175]]]}},{"type":"Feature","properties":{"category":"dem_stream","class":"creek","threshold_label":"headwaters \u2265 80 cells","catchment_km2":1.43,"accumulation_cells":44,"vertex_count":15,"decimated":false,"source":"Copernicus GLO-30 DEM at 180 m, D8 flow accumulation"},"geometry":{"type":"LineString","coordinates":[[-56.960159415004995,-25.468123035895],[-56.959603859465,-25.467567480355],[-56.959048303924995,-25.467011924815],[-56.958492748385,-25.467011924815],[-56.957937192844994,-25.466456369275],[-56.957381637305,-25.465900813735],[-56.956826081764994,-25.465900813735],[-56.956270526225,-25.465345258195],[-56.955714970684994,-25.464789702655],[-56.955159415145,-25.464234147115],[-56.954603859604994,-25.463678591575],[-56.954048304065,-25.463123036035],[-56.954603859604994,-25.462567480495],[-56.955159415145,-25.462011924955],[-56.954603859604994,-25.461456369415]]}},{"type":"Feature","properties":{"category":"dem_stream","class":"tributary","threshold_label":"headwaters \u2265 80 cells","catchment_km2":10.3,"accumulation_cells":318,"vertex_count":401,"decimated":true,"source":"Copernicus GLO-30 DEM at 180 m, D8 flow accumulation"},"geometry":{"type":"LineString","coordinates":[[-56.960159415004995,-25.678678585555],[-56.960159415004995,-25.677567474475]]}},{"type":"Feature","properties":{"category":"dem_stream","class":"creek","threshold_label":"headwaters \u2265 80 cells","catchment_km2":4.8,"accumulation_cells":148,"vertex_count":401,"decimated":true,"source":"Copernicus GLO-30 DEM at 180 m, D8 flow accumulation"},"geometry":{"type":"LineString","coordinates":[[-56.959603859465,-25.658678586115],[-56.960159415004995,-25.658123030575]]}},{"type":"Feature","properties":{"category":"dem_stream","class":"rill","threshold_label":"headwaters \u2265 80 cells","catchment_km2":0.19,"accumulation_cells":6,"vertex_count":3,"decimated":false,"source":"Copernicus GLO-30 DEM at 180 m, D8 flow accumulation"},"geometry":{"type":"LineString","coordinates":[[-56.957937192844994,-25.540900811635],[-56.957937192844994,-25.540345256095],[-56.957937192844994,-25.539789700555]]}},{"type":"Feature","properties":{"category":"dem_stream","class":"tributary","threshold_label":"headwaters \u2265 80 cells","catchment_km2":7.45,"accumulation_cells":230,"vertex_count":401,"decimated":true,"source":"Copernicus GLO-30 DEM at 180 m, D8 flow accumulation"},"geometry":{"type":"MultiLineString","coordinates":[[[-56.957937192844994,-25.563123033235],[-56.957937192844994,-25.561456366615]],[[-56.957937192844994,-25.561456366615],[-56.958492748385,-25.561456366615]]]}},{"type":"Feature","properties":{"category":"dem_stream","class":"main","threshold_label":"headwaters \u2265 80 cells","catchment_km2":25.27,"accumulation_cells":780,"vertex_count":401,"decimated":true,"source":"Copernicus GLO-30 DEM at 180 m, D8 flow accumulation"},"geometry":{"type":"LineString","coordinates":[[-56.957937192844994,-25.591456365775],[-56.960714970545,-25.590345254695],[-56.963492748244995,-25.588678588075002],[-56.96627052594499,-25.587567476995],[-56.96738163702499,-25.586456365915]]}},{"type":"Feature","properties":{"category":"dem_stream","class":"creek","threshold_label":"headwaters \u2265 80 cells","catchment_km2":2.79,"accumulation_cells":86,"vertex_count":401,"decimated":true,"source":"Copernicus GLO-30 DEM at 180 m, D8 flow accumulation"},"geometry":{"type":"LineString","coordinates":[[-56.956270526225,-25.569234144175],[-56.956270526225,-25.566456366475]]}},{"type":"Feature","properties":{"category":"dem_stream","class":"rill","threshold_label":"headwaters \u2265 80 cells","catchment_km2":0.32,"accumulation_cells":10,"vertex_count":5,"decimated":true,"source":"Copernicus GLO-30 DEM at 180 m, D8 flow accumulation"},"geometry":{"type":"LineString","coordinates":[[-56.956270526225,-25.582011921595],[-56.955159415145,-25.579234143895],[-56.954603859604994,-25.576456366195],[-56.952937192985,-25.573678588495],[-56.954048304065,-25.570900810795]]}},{"type":"Feature","properties":{"category":"dem_stream","class":"creek","threshold_label":"headwaters \u2265 80 cells","catchment_km2":3.66,"accumulation_cells":113,"vertex_count":401,"decimated":true,"source":"Copernicus GLO-30 DEM at 180 m, D8 flow accumulation"},"geometry":{"type":"MultiLineString","coordinates":[[[-56.956270526225,-25.615900809535],[-56.954603859604994,-25.615345253995]],[[-56.954603859604994,-25.615345253995],[-56.954603859604994,-25.614789698455]]]}},{"type":"Feature","properties":{"category":"dem_stream","class":"tributary","threshold_label":"headwaters \u2265 80 cells","catchment_km2":5.93,"accumulation_cells":183,"vertex_count":401,"decimated":true,"source":"Copernicus GLO-30 DEM at 180 m, D8 flow accumulation"},"geometry":{"type":"MultiLineString","coordinates":[[[-56.956270526225,-25.752011916835],[-56.959048303924995,-25.752567472375]],[[-56.959048303924995,-25.752567472375],[-56.958492748385,-25.752567472375]]]}},{"type":"Feature","properties":{"category":"dem_stream","class":"creek","threshold_label":"headwaters \u2265 80 cells","catchment_km2":3.14,"accumulation_cells":97,"vertex_count":4,"decimated":false,"source":"Copernicus GLO-30 DEM at 180 m, D8 flow accumulation"},"geometry":{"type":"LineString","coordinates":[[-56.955714970684994,-25.563123033235],[-56.956270526225,-25.562567477695],[-56.956270526225,-25.562011922155],[-56.956826081764994,-25.561456366615]]}},{"type":"Feature","properties":{"category":"dem_stream","class":"tributary","threshold_label":"headwaters \u2265 80 cells","catchment_km2":8.85,"accumulation_cells":273,"vertex_count":401,"decimated":true,"source":"Copernicus GLO-30 DEM at 180 m, D8 flow accumulation"},"geometry":{"type":"LineString","coordinates":[[-56.955714970684994,-25.687011918655],[-56.955714970684994,-25.688123029735]]}},{"type":"Feature","properties":{"category":"dem_stream","class":"rill","threshold_label":"headwaters \u2265 80 cells","catchment_km2":0.87,"accumulation_cells":27,"vertex_count":10,"decimated":false,"source":"Copernicus GLO-30 DEM at 180 m, D8 flow accumulation"},"geometry":{"type":"LineString","coordinates":[[-56.955159415145,-25.470345258055],[-56.954603859604994,-25.469789702515],[-56.954603859604994,-25.469234146975],[-56.954048304065,-25.468678591435],[-56.953492748524994,-25.468123035895],[-56.954048304065,-25.467567480355],[-56.953492748524994,-25.467011924815],[-56.953492748524994,-25.466456369275],[-56.954048304065,-25.465900813735],[-56.953492748524994,-25.465345258195]]}},{"type":"Feature","properties":{"category":"dem_stream","class":"creek","threshold_label":"headwaters \u2265 80 cells","catchment_km2":4.28,"accumulation_cells":132,"vertex_count":401,"decimated":true,"source":"Copernicus GLO-30 DEM at 180 m, D8 flow accumulation"},"geometry":{"type":"MultiLineString","coordinates":[[[-56.955159415145,-25.672567474615],[-56.957381637305,-25.669789696915],[-56.959048303924995,-25.667567474755]],[[-56.959048303924995,-25.667567474755],[-56.958492748385,-25.667567474755]]]}},{"type":"Feature","properties":{"category":"dem_stream","class":"creek","threshold_label":"headwaters \u2265 80 cells","catchment_km2":4.8,"accumulation_cells":148,"vertex_count":401,"decimated":true,"source":"Copernicus GLO-30 DEM at 180 m, D8 flow accumulation"},"geometry":{"type":"MultiLineString","coordinates":[[[-56.954603859604994,-25.629789698035],[-56.955159415145,-25.628678586955]],[[-56.955159415145,-25.628678586955],[-56.954603859604994,-25.628678586955]]]}},{"type":"Feature","properties":{"category":"dem_stream","class":"tributary","threshold_label":"headwaters \u2265 80 cells","catchment_km2":9.2,"accumulation_cells":284,"vertex_count":401,"decimated":true,"source":"Copernicus GLO-30 DEM at 180 m, D8 flow accumulation"},"geometry":{"type":"MultiLineString","coordinates":[[[-56.954603859604994,-25.664789697055],[-56.951826081905,-25.663123030435],[-56.949603859745,-25.662011919355]],[[-56.949603859745,-25.662011919355],[-56.949603859745,-25.661456363815]]]}},{"type":"Feature","properties":{"category":"dem_stream","class":"creek","threshold_label":"headwaters \u2265 80 cells","catchment_km2":4.89,"accumulation_cells":151,"vertex_count":401,"decimated":true,"source":"Copernicus GLO-30 DEM at 180 m, D8 flow accumulation"},"geometry":{"type":"MultiLineString","coordinates":[[[-56.953492748524994,-25.527011923135],[-56.954048304065,-25.526456367595]],[[-56.954048304065,-25.526456367595],[-56.954048304065,-25.525900812055]]]}},{"type":"Feature","properties":{"category":"dem_stream","class":"rill","threshold_label":"headwaters \u2265 80 cells","catchment_km2":0.45,"accumulation_cells":14,"vertex_count":8,"decimated":false,"source":"Copernicus GLO-30 DEM at 180 m, D8 flow accumulation"},"geometry":{"type":"LineString","coordinates":[[-56.953492748524994,-25.748123028055],[-56.954048304065,-25.748123028055],[-56.954603859604994,-25.748678583595],[-56.955159415145,-25.748678583595],[-56.955714970684994,-25.749234139135],[-56.956270526225,-25.749234139135],[-56.956826081764994,-25.749789694675002],[-56.957381637305,-25.749234139135]]}},{"type":"Feature","properties":{"category":"dem_stream","class":"rill","threshold_label":"headwaters \u2265 80 cells","catchment_km2":0.06,"accumulation_cells":2,"vertex_count":7,"decimated":true,"source":"Copernicus GLO-30 DEM at 180 m, D8 flow accumulation"},"geometry":{"type":"LineString","coordinates":[[-56.953492748524994,-25.773678582895],[-56.956270526225,-25.771456360735],[-56.957381637305,-25.769234138575],[-56.960159415004995,-25.768123027495],[-56.962937192705,-25.768678583035],[-56.965714970404996,-25.769789694115],[-56.96627052594499,-25.769789694115]]}},{"type":"Feature","properties":{"category":"dem_stream","class":"tributary","threshold_label":"headwaters \u2265 80 cells","catchment_km2":6.61,"accumulation_cells":204,"vertex_count":401,"decimated":true,"source":"Copernicus GLO-30 DEM at 180 m, D8 flow accumulation"},"geometry":{"type":"LineString","coordinates":[[-56.952937192985,-25.556456366755],[-56.954048304065,-25.555900811215]]}},{"type":"Feature","properties":{"category":"dem_stream","class":"tributary","threshold_label":"headwaters \u2265 80 cells","catchment_km2":5.48,"accumulation_cells":169,"vertex_count":401,"decimated":true,"source":"Copernicus GLO-30 DEM at 180 m, D8 flow accumulation"},"geometry":{"type":"MultiLineString","coordinates":[[[-56.952937192985,-25.724789695375],[-56.953492748524994,-25.727567473075],[-56.954048304065,-25.728123028615]],[[-56.954048304065,-25.728123028615],[-56.954048304065,-25.728678584155]]]}},{"type":"Feature","properties":{"category":"dem_stream","class":"rill","threshold_label":"headwaters \u2265 80 cells","catchment_km2":0.13,"accumulation_cells":4,"vertex_count":6,"decimated":false,"source":"Copernicus GLO-30 DEM at 180 m, D8 flow accumulation"},"geometry":{"type":"LineString","coordinates":[[-56.952381637444994,-25.741456361575],[-56.952937192985,-25.742011917115],[-56.953492748524994,-25.741456361575],[-56.954048304065,-25.741456361575],[-56.954048304065,-25.742011917115],[-56.954048304065,-25.742567472655]]}},{"type":"Feature","properties":{"category":"dem_stream","class":"creek","threshold_label":"headwaters \u2265 80 cells","catchment_km2":2.79,"accumulation_cells":86,"vertex_count":3,"decimated":false,"source":"Copernicus GLO-30 DEM at 180 m, D8 flow accumulation"},"geometry":{"type":"LineString","coordinates":[[-56.952381637444994,-25.747011916975],[-56.952937192985,-25.747567472515],[-56.953492748524994,-25.747567472515]]}},{"type":"Feature","properties":{"category":"dem_stream","class":"tributary","threshold_label":"headwaters \u2265 80 cells","catchment_km2":15.26,"accumulation_cells":471,"vertex_count":401,"decimated":true,"source":"Copernicus GLO-30 DEM at 180 m, D8 flow accumulation"},"geometry":{"type":"MultiLineString","coordinates":[[[-56.951826081905,-25.692011918515],[-56.951826081905,-25.689234140815]],[[-56.951826081905,-25.689234140815],[-56.951826081905,-25.688678585275]]]}},{"type":"Feature","properties":{"category":"dem_stream","class":"creek","threshold_label":"headwaters \u2265 80 cells","catchment_km2":1.0,"accumulation_cells":31,"vertex_count":12,"decimated":false,"source":"Copernicus GLO-30 DEM at 180 m, D8 flow accumulation"},"geometry":{"type":"LineString","coordinates":[[-56.950714970825,-25.764789694255],[-56.95127052636499,-25.764789694255],[-56.951826081905,-25.764789694255],[-56.952381637444994,-25.765345249795],[-56.952937192985,-25.765345249795],[-56.953492748524994,-25.765345249795],[-56.954048304065,-25.765900805335],[-56.954603859604994,-25.765900805335],[-56.955159415145,-25.765900805335],[-56.955159415145,-25.766456360875],[-56.955714970684994,-25.765900805335],[-56.956270526225,-25.765345249795]]}},{"type":"Feature","properties":{"category":"dem_stream","class":"rill","threshold_label":"headwaters \u2265 80 cells","catchment_km2":0.26,"accumulation_cells":8,"vertex_count":3,"decimated":false,"source":"Copernicus GLO-30 DEM at 180 m, D8 flow accumulation"},"geometry":{"type":"LineString","coordinates":[[-56.95015941528499,-25.713678584575],[-56.950714970825,-25.714234140115],[-56.95127052636499,-25.714789695655]]}},{"type":"Feature","properties":{"category":"dem_stream","class":"tributary","threshold_label":"headwaters \u2265 80 cells","catchment_km2":9.14,"accumulation_cells":282,"vertex_count":401,"decimated":true,"source":"Copernicus GLO-30 DEM at 180 m, D8 flow accumulation"},"geometry":{"type":"LineString","coordinates":[[-56.94904830420499,-25.708678584715],[-56.94904830420499,-25.709234140255]]}},{"type":"Feature","properties":{"category":"dem_stream","class":"rill","threshold_label":"headwaters \u2265 80 cells","catchment_km2":0.52,"accumulation_cells":16,"vertex_count":16,"decimated":false,"source":"Copernicus GLO-30 DEM at 180 m, D8 flow accumulation"},"geometry":{"type":"LineString","coordinates":[[-56.948492748665,-25.540345256095],[-56.94904830420499,-25.540345256095],[-56.949603859745,-25.540345256095],[-56.95015941528499,-25.540345256095],[-56.950714970825,-25.539789700555],[-56.95127052636499,-25.539789700555],[-56.951826081905,-25.539789700555],[-56.952381637444994,-25.539234145015],[-56.952937192985,-25.539234145015],[-56.953492748524994,-25.539234145015],[-56.954048304065,-25.538678589475],[-56.954603859604994,-25.538678589475],[-56.955159415145,-25.538678589475],[-56.955714970684994,-25.538123033935],[-56.956270526225,-25.538123033935],[-56.956826081764994,-25.537567478395]]}},{"type":"Feature","properties":{"category":"dem_stream","class":"tributary","threshold_label":"headwaters \u2265 80 cells","catchment_km2":12.6,"accumulation_cells":389,"vertex_count":401,"decimated":true,"source":"Copernicus GLO-30 DEM at 180 m, D8 flow accumulation"},"geometry":{"type":"MultiLineString","coordinates":[[[-56.948492748665,-25.608678587515],[-56.94904830420499,-25.608123031975]],[[-56.94904830420499,-25.608123031975],[-56.94904830420499,-25.607567476435]]]}},{"type":"Feature","properties":{"category":"dem_stream","class":"tributary","threshold_label":"headwaters \u2265 80 cells","catchment_km2":6.58,"accumulation_cells":203,"vertex_count":401,"decimated":true,"source":"Copernicus GLO-30 DEM at 180 m, D8 flow accumulation"},"geometry":{"type":"MultiLineString","coordinates":[[[-56.94793719312499,-25.520345256655],[-56.94793719312499,-25.517567478955],[-56.94793719312499,-25.514789701255]],[[-56.94793719312499,-25.514789701255],[-56.947381637584996,-25.514789701255]]]}},{"type":"Feature","properties":{"category":"dem_stream","class":"creek","threshold_label":"headwaters \u2265 80 cells","catchment_km2":1.98,"accumulation_cells":61,"vertex_count":8,"decimated":false,"source":"Copernicus GLO-30 DEM at 180 m, D8 flow accumulation"},"geometry":{"type":"LineString","coordinates":[[-56.946270526504996,-25.670345252455],[-56.94571497096499,-25.669789696915],[-56.945159415424996,-25.669234141375],[-56.94460385988499,-25.668678585835],[-56.94460385988499,-25.668123030295],[-56.94460385988499,-25.667567474755],[-56.94460385988499,-25.667011919215],[-56.94460385988499,-25.666456363675]]}},{"type":"Feature","properties":{"category":"dem_stream","class":"creek","threshold_label":"headwaters \u2265 80 cells","catchment_km2":1.36,"accumulation_cells":42,"vertex_count":5,"decimated":false,"source":"Copernicus GLO-30 DEM at 180 m, D8 flow accumulation"},"geometry":{"type":"LineString","coordinates":[[-56.945159415424996,-25.728123028615],[-56.94571497096499,-25.728123028615],[-56.946270526504996,-25.728123028615],[-56.94682608204499,-25.728678584155],[-56.947381637584996,-25.728678584155]]}},{"type":"Feature","properties":{"category":"dem_stream","class":"creek","threshold_label":"headwaters \u2265 80 cells","catchment_km2":3.82,"accumulation_cells":118,"vertex_count":401,"decimated":true,"source":"Copernicus GLO-30 DEM at 180 m, D8 flow accumulation"},"geometry":{"type":"MultiLineString","coordinates":[[[-56.945159415424996,-25.747011916975],[-56.947381637584996,-25.745900805895],[-56.94904830420499,-25.745345250355]],[[-56.94904830420499,-25.745345250355],[-56.948492748665,-25.745345250355]]]}},{"type":"Feature","properties":{"category":"dem_stream","class":"tributary","threshold_label":"headwaters \u2265 80 cells","catchment_km2":10.04,"accumulation_cells":310,"vertex_count":13,"decimated":false,"source":"Copernicus GLO-30 DEM at 180 m, D8 flow accumulation"},"geometry":{"type":"LineString","coordinates":[[-56.94460385988499,-25.547011922575],[-56.945159415424996,-25.546456367035],[-56.94571497096499,-25.545900811495],[-56.946270526504996,-25.545900811495],[-56.94682608204499,-25.545345255955],[-56.947381637584996,-25.544789700415],[-56.947381637584996,-25.544234144875],[-56.947381637584996,-25.543678589335],[-56.94793719312499,-25.543123033795],[-56.94793719312499,-25.542567478255002],[-56.948492748665,-25.542011922715],[-56.94904830420499,-25.541456367175],[-56.949603859745,-25.540900811635]]}},{"type":"Feature","properties":{"category":"dem_stream","class":"tributary","threshold_label":"headwaters \u2265 80 cells","catchment_km2":14.58,"accumulation_cells":450,"vertex_count":401,"decimated":true,"source":"Copernicus GLO-30 DEM at 180 m, D8 flow accumulation"},"geometry":{"type":"MultiLineString","coordinates":[[[-56.94460385988499,-25.553678589055],[-56.946270526504996,-25.550900811355],[-56.94904830420499,-25.549789700275],[-56.951826081905,-25.549234144735],[-56.954603859604994,-25.547567478115],[-56.955714970684994,-25.544789700415],[-56.956826081764994,-25.543123033795]],[[-56.956826081764994,-25.543123033795],[-56.957381637305,-25.543678589335]]]}},{"type":"Feature","properties":{"category":"dem_stream","class":"creek","threshold_label":"headwaters \u2265 80 cells","catchment_km2":3.63,"accumulation_cells":112,"vertex_count":401,"decimated":true,"source":"Copernicus GLO-30 DEM at 180 m, D8 flow accumulation"},"geometry":{"type":"MultiLineString","coordinates":[[[-56.94460385988499,-25.568123033095],[-56.946270526504996,-25.567567477555]],[[-56.946270526504996,-25.567567477555],[-56.94571497096499,-25.567567477555]]]}},{"type":"Feature","properties":{"category":"dem_stream","class":"rill","threshold_label":"headwaters \u2265 80 cells","catchment_km2":0.13,"accumulation_cells":4,"vertex_count":9,"decimated":false,"source":"Copernicus GLO-30 DEM at 180 m, D8 flow accumulation"},"geometry":{"type":"LineString","coordinates":[[-56.944048304344996,-25.680900807715002],[-56.944048304344996,-25.680345252175],[-56.94349274880499,-25.679789696635],[-56.942937193264996,-25.679234141095],[-56.942381637725,-25.678678585555],[-56.941826082184996,-25.678678585555],[-56.941270526645,-25.678123030015],[-56.941270526645,-25.677567474475],[-56.941270526645,-25.677011918935]]}},{"type":"Feature","properties":{"category":"dem_stream","class":"tributary","threshold_label":"headwaters \u2265 80 cells","catchment_km2":10.76,"accumulation_cells":332,"vertex_count":401,"decimated":true,"source":"Copernicus GLO-30 DEM at 180 m, D8 flow accumulation"},"geometry":{"type":"MultiLineString","coordinates":[[[-56.94349274880499,-25.600900809955],[-56.94349274880499,-25.598123032255],[-56.94349274880499,-25.595345254555],[-56.94349274880499,-25.594789699015]],[[-56.94349274880499,-25.594789699015],[-56.944048304344996,-25.595345254555]]]}},{"type":"Feature","properties":{"category":"dem_stream","class":"tributary","threshold_label":"headwaters \u2265 80 cells","catchment_km2":6.45,"accumulation_cells":199,"vertex_count":6,"decimated":false,"source":"Copernicus GLO-30 DEM at 180 m, D8 flow accumulation"},"geometry":{"type":"LineString","coordinates":[[-56.942937193264996,-25.672011919075],[-56.942937193264996,-25.671456363535],[-56.94349274880499,-25.670900807995],[-56.944048304344996,-25.670345252455],[-56.944048304344996,-25.669789696915],[-56.944048304344996,-25.669234141375]]}},{"type":"Feature","properties":{"category":"dem_stream","class":"tributary","threshold_label":"headwaters \u2265 80 cells","catchment_km2":5.7,"accumulation_cells":176,"vertex_count":13,"decimated":false,"source":"Copernicus GLO-30 DEM at 180 m, D8 flow accumulation"},"geometry":{"type":"LineString","coordinates":[[-56.940714971104995,-25.545345255955],[-56.941270526645,-25.545345255955],[-56.941826082184996,-25.545345255955],[-56.942381637725,-25.544789700415],[-56.942937193264996,-25.545345255955],[-56.94349274880499,-25.545345255955],[-56.944048304344996,-25.544789700415],[-56.94460385988499,-25.544234144875],[-56.945159415424996,-25.543678589335],[-56.94571497096499,-25.543123033795],[-56.946270526504996,-25.543123033795],[-56.94682608204499,-25.542567478255002],[-56.947381637584996,-25.542567478255002]]}},{"type":"Feature","properties":{"category":"dem_stream","class":"creek","threshold_label":"headwaters \u2265 80 cells","catchment_km2":1.0,"accumulation_cells":31,"vertex_count":3,"decimated":false,"source":"Copernicus GLO-30 DEM at 180 m, D8 flow accumulation"},"geometry":{"type":"LineString","coordinates":[[-56.940714971104995,-25.778123027215],[-56.940714971104995,-25.777567471675],[-56.941270526645,-25.777011916135]]}},{"type":"Feature","properties":{"category":"dem_stream","class":"creek","threshold_label":"headwaters \u2265 80 cells","catchment_km2":3.76,"accumulation_cells":116,"vertex_count":401,"decimated":true,"source":"Copernicus GLO-30 DEM at 180 m, D8 flow accumulation"},"geometry":{"type":"MultiLineString","coordinates":[[[-56.939603860024995,-25.562567477695],[-56.939603860024995,-25.564234144315]],[[-56.939603860024995,-25.564234144315],[-56.939048304485,-25.564234144315]]]}},{"type":"Feature","properties":{"category":"dem_stream","class":"tributary","threshold_label":"headwaters \u2265 80 cells","catchment_km2":5.8,"accumulation_cells":179,"vertex_count":401,"decimated":true,"source":"Copernicus GLO-30 DEM at 180 m, D8 flow accumulation"},"geometry":{"type":"MultiLineString","coordinates":[[[-56.939603860024995,-25.622567476015],[-56.939048304485,-25.620900809395]],[[-56.939048304485,-25.620900809395],[-56.939048304485,-25.621456364935]]]}},{"type":"Feature","properties":{"category":"dem_stream","class":"rill","threshold_label":"headwaters \u2265 80 cells","catchment_km2":0.26,"accumulation_cells":8,"vertex_count":7,"decimated":false,"source":"Copernicus GLO-30 DEM at 180 m, D8 flow accumulation"},"geometry":{"type":"LineString","coordinates":[[-56.939048304485,-25.640900808835],[-56.938492748944995,-25.640345253295],[-56.938492748944995,-25.639789697755],[-56.938492748944995,-25.639234142215],[-56.938492748944995,-25.638678586675],[-56.938492748944995,-25.638123031135],[-56.939048304485,-25.637567475595]]}},{"type":"Feature","properties":{"category":"dem_stream","class":"rill","threshold_label":"headwaters \u2265 80 cells","catchment_km2":0.36,"accumulation_cells":11,"vertex_count":9,"decimated":false,"source":"Copernicus GLO-30 DEM at 180 m, D8 flow accumulation"},"geometry":{"type":"LineString","coordinates":[[-56.938492748944995,-25.510345256935],[-56.938492748944995,-25.509789701395],[-56.937937193405,-25.509789701395],[-56.937381637864995,-25.509234145855],[-56.937937193405,-25.508678590315],[-56.938492748944995,-25.508123034775],[-56.938492748944995,-25.507567479235],[-56.937937193405,-25.507011923695],[-56.938492748944995,-25.506456368155]]}},{"type":"Feature","properties":{"category":"dem_stream","class":"tributary","threshold_label":"headwaters \u2265 80 cells","catchment_km2":12.83,"accumulation_cells":396,"vertex_count":401,"decimated":true,"source":"Copernicus GLO-30 DEM at 180 m, D8 flow accumulation"},"geometry":{"type":"LineString","coordinates":[[-56.938492748944995,-25.535345256235],[-56.936826082325,-25.533123034075],[-56.937937193405,-25.530345256375],[-56.938492748944995,-25.529789700835]]}},{"type":"Feature","properties":{"category":"dem_stream","class":"tributary","threshold_label":"headwaters \u2265 80 cells","catchment_km2":8.42,"accumulation_cells":260,"vertex_count":401,"decimated":true,"source":"Copernicus GLO-30 DEM at 180 m, D8 flow accumulation"},"geometry":{"type":"LineString","coordinates":[[-56.938492748944995,-25.633123031275],[-56.939048304485,-25.632011920195]]}},{"type":"Feature","properties":{"category":"dem_stream","class":"tributary","threshold_label":"headwaters \u2265 80 cells","catchment_km2":9.17,"accumulation_cells":283,"vertex_count":401,"decimated":true,"source":"Copernicus GLO-30 DEM at 180 m, D8 flow accumulation"},"geometry":{"type":"LineString","coordinates":[[-56.938492748944995,-25.655345252875],[-56.941270526645,-25.653123030715],[-56.941826082184996,-25.652567475175]]}},{"type":"Feature","properties":{"category":"dem_stream","class":"rill","threshold_label":"headwaters \u2265 80 cells","catchment_km2":0.1,"accumulation_cells":3,"vertex_count":3,"decimated":false,"source":"Copernicus GLO-30 DEM at 180 m, D8 flow accumulation"},"geometry":{"type":"LineString","coordinates":[[-56.938492748944995,-25.757567472235],[-56.939048304485,-25.758123027775],[-56.939603860024995,-25.758123027775]]}},{"type":"Feature","properties":{"category":"dem_stream","class":"tributary","threshold_label":"headwaters \u2265 80 cells","catchment_km2":9.49,"accumulation_cells":293,"vertex_count":401,"decimated":true,"source":"Copernicus GLO-30 DEM at 180 m, D8 flow accumulation"},"geometry":{"type":"LineString","coordinates":[[-56.936270526784995,-25.580345254975],[-56.937937193405,-25.580900810515]]}},{"type":"Feature","properties":{"category":"dem_stream","class":"tributary","threshold_label":"headwaters \u2265 80 cells","catchment_km2":10.43,"accumulation_cells":322,"vertex_count":401,"decimated":true,"source":"Copernicus GLO-30 DEM at 180 m, D8 flow accumulation"},"geometry":{"type":"MultiLineString","coordinates":[[[-56.935714971245,-25.515900812335],[-56.935159415704995,-25.513123034635],[-56.934048304624994,-25.512567479095]],[[-56.934048304624994,-25.512567479095],[-56.934048304624994,-25.513123034635]]]}},{"type":"Feature","properties":{"category":"dem_stream","class":"rill","threshold_label":"headwaters \u2265 80 cells","catchment_km2":0.55,"accumulation_cells":17,"vertex_count":3,"decimated":false,"source":"Copernicus GLO-30 DEM at 180 m, D8 flow accumulation"},"geometry":{"type":"LineString","coordinates":[[-56.935714971245,-25.747011916975],[-56.936270526784995,-25.746456361435],[-56.936826082325,-25.745900805895]]}},{"type":"Feature","properties":{"category":"dem_stream","class":"creek","threshold_label":"headwaters \u2265 80 cells","catchment_km2":4.86,"accumulation_cells":150,"vertex_count":401,"decimated":true,"source":"Copernicus GLO-30 DEM at 180 m, D8 flow accumulation"},"geometry":{"type":"MultiLineString","coordinates":[[[-56.935714971245,-25.762567472095],[-56.936826082325,-25.762567472095]],[[-56.936826082325,-25.762567472095],[-56.937381637864995,-25.762567472095]]]}},{"type":"Feature","properties":{"category":"dem_stream","class":"rill","threshold_label":"headwaters \u2265 80 cells","catchment_km2":0.55,"accumulation_cells":17,"vertex_count":14,"decimated":false,"source":"Copernicus GLO-30 DEM at 180 m, D8 flow accumulation"},"geometry":{"type":"LineString","coordinates":[[-56.935159415704995,-25.546456367035],[-56.935159415704995,-25.545900811495],[-56.935159415704995,-25.545345255955],[-56.935159415704995,-25.544789700415],[-56.934603860165,-25.544234144875],[-56.934048304624994,-25.543678589335],[-56.934048304624994,-25.543123033795],[-56.934048304624994,-25.542567478255002],[-56.934048304624994,-25.542011922715],[-56.934048304624994,-25.541456367175],[-56.934048304624994,-25.540900811635],[-56.934048304624994,-25.540345256095],[-56.934048304624994,-25.539789700555],[-56.934048304624994,-25.539234145015]]}},{"type":"Feature","properties":{"category":"dem_stream","class":"tributary","threshold_label":"headwaters \u2265 80 cells","catchment_km2":8.75,"accumulation_cells":270,"vertex_count":401,"decimated":true,"source":"Copernicus GLO-30 DEM at 180 m, D8 flow accumulation"},"geometry":{"type":"MultiLineString","coordinates":[[[-56.935159415704995,-25.569789699715],[-56.934048304624994,-25.567011922015]],[[-56.934048304624994,-25.567011922015],[-56.933492749085,-25.567011922015]]]}},{"type":"Feature","properties":{"category":"dem_stream","class":"tributary","threshold_label":"headwaters \u2265 80 cells","catchment_km2":5.05,"accumulation_cells":156,"vertex_count":401,"decimated":true,"source":"Copernicus GLO-30 DEM at 180 m, D8 flow accumulation"},"geometry":{"type":"MultiLineString","coordinates":[[[-56.934048304624994,-25.620900809395],[-56.936826082325,-25.619789698315],[-56.937381637864995,-25.619789698315]],[[-56.937381637864995,-25.619789698315],[-56.937937193405,-25.620345253855]]]}},{"type":"Feature","properties":{"category":"dem_stream","class":"creek","threshold_label":"headwaters \u2265 80 cells","catchment_km2":4.05,"accumulation_cells":125,"vertex_count":6,"decimated":false,"source":"Copernicus GLO-30 DEM at 180 m, D8 flow accumulation"},"geometry":{"type":"LineString","coordinates":[[-56.932937193544994,-25.572011921875],[-56.932937193544994,-25.571456366335],[-56.933492749085,-25.570900810795],[-56.933492749085,-25.570345255255],[-56.933492749085,-25.569789699715],[-56.934048304624994,-25.569234144175]]}},{"type":"Feature","properties":{"category":"dem_stream","class":"tributary","threshold_label":"headwaters \u2265 80 cells","catchment_km2":8.36,"accumulation_cells":258,"vertex_count":401,"decimated":true,"source":"Copernicus GLO-30 DEM at 180 m, D8 flow accumulation"},"geometry":{"type":"LineString","coordinates":[[-56.932937193544994,-25.595345254555],[-56.933492749085,-25.594789699015]]}},{"type":"Feature","properties":{"category":"dem_stream","class":"tributary","threshold_label":"headwaters \u2265 80 cells","catchment_km2":8.78,"accumulation_cells":271,"vertex_count":401,"decimated":true,"source":"Copernicus GLO-30 DEM at 180 m, D8 flow accumulation"},"geometry":{"type":"MultiLineString","coordinates":[[[-56.932937193544994,-25.663678585975],[-56.930159415845,-25.661456363815],[-56.92849274922499,-25.659789697195]],[[-56.92849274922499,-25.659789697195],[-56.927937193685,-25.659234141655]]]}},{"type":"Feature","properties":{"category":"dem_stream","class":"tributary","threshold_label":"headwaters \u2265 80 cells","catchment_km2":5.96,"accumulation_cells":184,"vertex_count":401,"decimated":true,"source":"Copernicus GLO-30 DEM at 180 m, D8 flow accumulation"},"geometry":{"type":"LineString","coordinates":[[-56.932937193544994,-25.768123027495],[-56.930714971384994,-25.767567471955]]}},{"type":"Feature","properties":{"category":"dem_stream","class":"creek","threshold_label":"headwaters \u2265 80 cells","catchment_km2":4.63,"accumulation_cells":143,"vertex_count":11,"decimated":false,"source":"Copernicus GLO-30 DEM at 180 m, D8 flow accumulation"},"geometry":{"type":"LineString","coordinates":[[-56.932381638005,-25.584234143755],[-56.932937193544994,-25.584234143755],[-56.933492749085,-25.584789699295],[-56.934048304624994,-25.584789699295],[-56.934603860165,-25.584789699295],[-56.935159415704995,-25.584789699295],[-56.935714971245,-25.584234143755],[-56.936270526784995,-25.583678588215],[-56.936826082325,-25.583123032675],[-56.936826082325,-25.582567477135],[-56.937381637864995,-25.582011921595]]}},{"type":"Feature","properties":{"category":"dem_stream","class":"tributary","threshold_label":"headwaters \u2265 80 cells","catchment_km2":6.87,"accumulation_cells":212,"vertex_count":401,"decimated":true,"source":"Copernicus GLO-30 DEM at 180 m, D8 flow accumulation"},"geometry":{"type":"MultiLineString","coordinates":[[[-56.932381638005,-25.755345250075],[-56.932937193544994,-25.757011916695]],[[-56.932937193544994,-25.757011916695],[-56.932937193544994,-25.757567472235]]]}},{"type":"Feature","properties":{"category":"dem_stream","class":"creek","threshold_label":"headwaters \u2265 80 cells","catchment_km2":4.28,"accumulation_cells":132,"vertex_count":401,"decimated":true,"source":"Copernicus GLO-30 DEM at 180 m, D8 flow accumulation"},"geometry":{"type":"MultiLineString","coordinates":[[[-56.931826082464994,-25.630345253575],[-56.931826082464994,-25.629789698035]],[[-56.931826082464994,-25.629789698035],[-56.931826082464994,-25.629234142495]]]}},{"type":"Feature","properties":{"category":"dem_stream","class":"creek","threshold_label":"headwaters \u2265 80 cells","catchment_km2":2.92,"accumulation_cells":90,"vertex_count":3,"decimated":false,"source":"Copernicus GLO-30 DEM at 180 m, D8 flow accumulation"},"geometry":{"type":"LineString","coordinates":[[-56.931826082464994,-25.664789697055],[-56.931826082464994,-25.664234141515],[-56.931826082464994,-25.663678585975]]}},{"type":"Feature","properties":{"category":"dem_stream","class":"rill","threshold_label":"headwaters \u2265 80 cells","catchment_km2":0.1,"accumulation_cells":3,"vertex_count":3,"decimated":false,"source":"Copernicus GLO-30 DEM at 180 m, D8 flow accumulation"},"geometry":{"type":"LineString","coordinates":[[-56.931826082464994,-25.677567474475],[-56.931270526925,-25.677011918935],[-56.930714971384994,-25.677011918935]]}},{"type":"Feature","properties":{"category":"dem_stream","class":"tributary","threshold_label":"headwaters \u2265 80 cells","catchment_km2":10.56,"accumulation_cells":326,"vertex_count":401,"decimated":true,"source":"Copernicus GLO-30 DEM at 180 m, D8 flow accumulation"},"geometry":{"type":"MultiLineString","coordinates":[[[-56.930714971384994,-25.589234143615],[-56.931826082464994,-25.591456365775],[-56.931826082464994,-25.592011921315]],[[-56.931826082464994,-25.592011921315],[-56.931826082464994,-25.592567476855]]]}},{"type":"Feature","properties":{"category":"dem_stream","class":"tributary","threshold_label":"headwaters \u2265 80 cells","catchment_km2":8.39,"accumulation_cells":259,"vertex_count":401,"decimated":true,"source":"Copernicus GLO-30 DEM at 180 m, D8 flow accumulation"},"geometry":{"type":"MultiLineString","coordinates":[[[-56.929603860304994,-25.622011920475],[-56.931826082464994,-25.619234142775],[-56.933492749085,-25.617011920615],[-56.934048304624994,-25.614234142915]],[[-56.934048304624994,-25.614234142915],[-56.934603860165,-25.614234142915]]]}},{"type":"Feature","properties":{"category":"dem_stream","class":"tributary","threshold_label":"headwaters \u2265 80 cells","catchment_km2":14.35,"accumulation_cells":443,"vertex_count":401,"decimated":true,"source":"Copernicus GLO-30 DEM at 180 m, D8 flow accumulation"},"geometry":{"type":"LineString","coordinates":[[-56.929048304765,-25.553123033515],[-56.929048304765,-25.550345255815],[-56.930159415845,-25.548123033655]]}},{"type":"Feature","properties":{"category":"dem_stream","class":"creek","threshold_label":"headwaters \u2265 80 cells","catchment_km2":2.17,"accumulation_cells":67,"vertex_count":3,"decimated":false,"source":"Copernicus GLO-30 DEM at 180 m, D8 flow accumulation"},"geometry":{"type":"LineString","coordinates":[[-56.92849274922499,-25.453123036315],[-56.929048304765,-25.453123036315],[-56.929603860304994,-25.453678591855]]}},{"type":"Feature","properties":{"category":"dem_stream","class":"rill","threshold_label":"headwaters \u2265 80 cells","catchment_km2":0.23,"accumulation_cells":7,"vertex_count":5,"decimated":true,"source":"Copernicus GLO-30 DEM at 180 m, D8 flow accumulation"},"geometry":{"type":"LineString","coordinates":[[-56.927937193685,-25.538678589475],[-56.927937193685,-25.535900811775],[-56.92738163814499,-25.533123034075],[-56.92849274922499,-25.530345256375],[-56.927937193685,-25.527567478675]]}},{"type":"Feature","properties":{"category":"dem_stream","class":"creek","threshold_label":"headwaters \u2265 80 cells","catchment_km2":3.34,"accumulation_cells":103,"vertex_count":401,"decimated":true,"source":"Copernicus GLO-30 DEM at 180 m, D8 flow accumulation"},"geometry":{"type":"MultiLineString","coordinates":[[[-56.927937193685,-25.608678587515],[-56.92849274922499,-25.608123031975]],[[-56.92849274922499,-25.608123031975],[-56.92849274922499,-25.607567476435]]]}},{"type":"Feature","properties":{"category":"dem_stream","class":"creek","threshold_label":"headwaters \u2265 80 cells","catchment_km2":3.47,"accumulation_cells":107,"vertex_count":401,"decimated":true,"source":"Copernicus GLO-30 DEM at 180 m, D8 flow accumulation"},"geometry":{"type":"MultiLineString","coordinates":[[[-56.927937193685,-25.725345250915],[-56.92627052706499,-25.724789695375]],[[-56.92627052706499,-25.724789695375],[-56.92627052706499,-25.724234139835]]]}},{"type":"Feature","properties":{"category":"dem_stream","class":"tributary","threshold_label":"headwaters \u2265 80 cells","catchment_km2":8.68,"accumulation_cells":268,"vertex_count":401,"decimated":true,"source":"Copernicus GLO-30 DEM at 180 m, D8 flow accumulation"},"geometry":{"type":"LineString","coordinates":[[-56.92738163814499,-25.693678585135],[-56.924603860444996,-25.692567474055]]}},{"type":"Feature","properties":{"category":"dem_stream","class":"tributary","threshold_label":"headwaters \u2265 80 cells","catchment_km2":9.14,"accumulation_cells":282,"vertex_count":401,"decimated":true,"source":"Copernicus GLO-30 DEM at 180 m, D8 flow accumulation"},"geometry":{"type":"LineString","coordinates":[[-56.926826082605,-25.598678587795],[-56.92849274922499,-25.597011921175]]}},{"type":"Feature","properties":{"category":"dem_stream","class":"tributary","threshold_label":"headwaters \u2265 80 cells","catchment_km2":7.19,"accumulation_cells":222,"vertex_count":401,"decimated":true,"source":"Copernicus GLO-30 DEM at 180 m, D8 flow accumulation"},"geometry":{"type":"LineString","coordinates":[[-56.926826082605,-25.703678584855002],[-56.92404830490499,-25.702567473775],[-56.923492749364996,-25.702567473775]]}},{"type":"Feature","properties":{"category":"dem_stream","class":"creek","threshold_label":"headwaters \u2265 80 cells","catchment_km2":3.01,"accumulation_cells":93,"vertex_count":401,"decimated":true,"source":"Copernicus GLO-30 DEM at 180 m, D8 flow accumulation"},"geometry":{"type":"MultiLineString","coordinates":[[[-56.925714971525,-25.677011918935],[-56.92515941598499,-25.677011918935]],[[-56.92515941598499,-25.677011918935],[-56.924603860444996,-25.677011918935]]]}},{"type":"Feature","properties":{"category":"dem_stream","class":"rill","threshold_label":"headwaters \u2265 80 cells","catchment_km2":0.26,"accumulation_cells":8,"vertex_count":8,"decimated":false,"source":"Copernicus GLO-30 DEM at 180 m, D8 flow accumulation"},"geometry":{"type":"LineString","coordinates":[[-56.925714971525,-25.730345250775],[-56.925714971525,-25.729789695235],[-56.925714971525,-25.729234139695],[-56.925714971525,-25.728678584155],[-56.925714971525,-25.728123028615],[-56.925714971525,-25.727567473075],[-56.92515941598499,-25.727011917535002],[-56.92515941598499,-25.726456361995]]}},{"type":"Feature","properties":{"category":"dem_stream","class":"creek","threshold_label":"headwaters \u2265 80 cells","catchment_km2":3.27,"accumulation_cells":101,"vertex_count":401,"decimated":true,"source":"Copernicus GLO-30 DEM at 180 m, D8 flow accumulation"},"geometry":{"type":"MultiLineString","coordinates":[[[-56.92515941598499,-25.460345258335],[-56.925714971525,-25.460900813875]],[[-56.925714971525,-25.460900813875],[-56.92515941598499,-25.460900813875]]]}},{"type":"Feature","properties":{"category":"dem_stream","class":"tributary","threshold_label":"headwaters \u2265 80 cells","catchment_km2":8.42,"accumulation_cells":260,"vertex_count":401,"decimated":true,"source":"Copernicus GLO-30 DEM at 180 m, D8 flow accumulation"},"geometry":{"type":"LineString","coordinates":[[-56.92515941598499,-25.473123035755002],[-56.92627052706499,-25.472567480215]]}},{"type":"Feature","properties":{"category":"dem_stream","class":"rill","threshold_label":"headwaters \u2265 80 cells","catchment_km2":0.1,"accumulation_cells":3,"vertex_count":4,"decimated":false,"source":"Copernicus GLO-30 DEM at 180 m, D8 flow accumulation"},"geometry":{"type":"LineString","coordinates":[[-56.92515941598499,-25.482567479935],[-56.925714971525,-25.483123035475],[-56.92627052706499,-25.483123035475],[-56.926826082605,-25.483123035475]]}},{"type":"Feature","properties":{"category":"dem_stream","class":"rill","threshold_label":"headwaters \u2265 80 cells","catchment_km2":0.16,"accumulation_cells":5,"vertex_count":4,"decimated":false,"source":"Copernicus GLO-30 DEM at 180 m, D8 flow accumulation"},"geometry":{"type":"LineString","coordinates":[[-56.924603860444996,-25.704789695935],[-56.924603860444996,-25.704234140395002],[-56.92404830490499,-25.703678584855002],[-56.923492749364996,-25.703123029315]]}},{"type":"Feature","properties":{"category":"dem_stream","class":"tributary","threshold_label":"headwaters \u2265 80 cells","catchment_km2":7.06,"accumulation_cells":218,"vertex_count":12,"decimated":false,"source":"Copernicus GLO-30 DEM at 180 m, D8 flow accumulation"},"geometry":{"type":"LineString","coordinates":[[-56.92404830490499,-25.552011922435],[-56.92404830490499,-25.551456366895],[-56.92404830490499,-25.550900811355],[-56.924603860444996,-25.550345255815],[-56.92515941598499,-25.550900811355],[-56.925714971525,-25.550900811355],[-56.92627052706499,-25.550345255815],[-56.926826082605,-25.549789700275],[-56.92738163814499,-25.549789700275],[-56.927937193685,-25.549234144735],[-56.92849274922499,-25.549234144735],[-56.929048304765,-25.548678589195]]}},{"type":"Feature","properties":{"category":"dem_stream","class":"rill","threshold_label":"headwaters \u2265 80 cells","catchment_km2":0.42,"accumulation_cells":13,"vertex_count":6,"decimated":true,"source":"Copernicus GLO-30 DEM at 180 m, D8 flow accumulation"},"geometry":{"type":"LineString","coordinates":[[-56.92404830490499,-25.626456364795],[-56.92293719382499,-25.623678587095],[-56.922381638284996,-25.620900809395],[-56.924603860444996,-25.619789698315],[-56.924603860444996,-25.617011920615],[-56.925714971525,-25.615345253995]]}},{"type":"Feature","properties":{"category":"dem_stream","class":"creek","threshold_label":"headwaters \u2265 80 cells","catchment_km2":4.28,"accumulation_cells":132,"vertex_count":401,"decimated":true,"source":"Copernicus GLO-30 DEM at 180 m, D8 flow accumulation"},"geometry":{"type":"LineString","coordinates":[[-56.923492749364996,-25.456456369555],[-56.92627052706499,-25.456456369555],[-56.92849274922499,-25.455345258475]]}},{"type":"Feature","properties":{"category":"dem_stream","class":"tributary","threshold_label":"headwaters \u2265 80 cells","catchment_km2":9.1,"accumulation_cells":281,"vertex_count":401,"decimated":true,"source":"Copernicus GLO-30 DEM at 180 m, D8 flow accumulation"},"geometry":{"type":"MultiLineString","coordinates":[[[-56.92293719382499,-25.613678587375],[-56.925714971525,-25.614789698455],[-56.92849274922499,-25.614789698455],[-56.931270526925,-25.613123031835],[-56.932381638005,-25.613123031835]],[[-56.932381638005,-25.613123031835],[-56.932937193544994,-25.613123031835]]]}},{"type":"Feature","properties":{"category":"dem_stream","class":"rill","threshold_label":"headwaters \u2265 80 cells","catchment_km2":0.06,"accumulation_cells":2,"vertex_count":3,"decimated":false,"source":"Copernicus GLO-30 DEM at 180 m, D8 flow accumulation"},"geometry":{"type":"LineString","coordinates":[[-56.922381638284996,-25.452567480775],[-56.92293719382499,-25.452567480775],[-56.923492749364996,-25.452567480775]]}},{"type":"Feature","properties":{"category":"dem_stream","class":"rill","threshold_label":"headwaters \u2265 80 cells","catchment_km2":0.49,"accumulation_cells":15,"vertex_count":9,"decimated":false,"source":"Copernicus GLO-30 DEM at 180 m, D8 flow accumulation"},"geometry":{"type":"LineString","coordinates":[[-56.922381638284996,-25.760900805475],[-56.922381638284996,-25.761456361015],[-56.922381638284996,-25.762011916555],[-56.92293719382499,-25.762567472095],[-56.92293719382499,-25.763123027635],[-56.92293719382499,-25.763678583175],[-56.92293719382499,-25.764234138715],[-56.92293719382499,-25.764789694255],[-56.923492749364996,-25.765345249795]]}},{"type":"Feature","properties":{"category":"dem_stream","class":"rill","threshold_label":"headwaters \u2265 80 cells","catchment_km2":0.19,"accumulation_cells":6,"vertex_count":4,"decimated":false,"source":"Copernicus GLO-30 DEM at 180 m, D8 flow accumulation"},"geometry":{"type":"LineString","coordinates":[[-56.921270527204996,-25.473123035755002],[-56.92182608274499,-25.473123035755002],[-56.922381638284996,-25.473123035755002],[-56.92293719382499,-25.473678591295]]}},{"type":"Feature","properties":{"category":"dem_stream","class":"tributary","threshold_label":"headwaters \u2265 80 cells","catchment_km2":5.05,"accumulation_cells":156,"vertex_count":401,"decimated":true,"source":"Copernicus GLO-30 DEM at 180 m, D8 flow accumulation"},"geometry":{"type":"MultiLineString","coordinates":[[[-56.921270527204996,-25.500345257215],[-56.922381638284996,-25.497567479515],[-56.924603860444996,-25.495900812895],[-56.925714971525,-25.495345257355]],[[-56.925714971525,-25.495345257355],[-56.92515941598499,-25.494789701815]]]}},{"type":"Feature","properties":{"category":"dem_stream","class":"rill","threshold_label":"headwaters \u2265 80 cells","catchment_km2":0.58,"accumulation_cells":18,"vertex_count":6,"decimated":true,"source":"Copernicus GLO-30 DEM at 180 m, D8 flow accumulation"},"geometry":{"type":"LineString","coordinates":[[-56.921270527204996,-25.528678589755],[-56.92182608274499,-25.525900812055],[-56.922381638284996,-25.523123034355],[-56.92404830490499,-25.520345256655],[-56.923492749364996,-25.517567478955],[-56.923492749364996,-25.517011923415]]}},{"type":"Feature","properties":{"category":"dem_stream","class":"creek","threshold_label":"headwaters \u2265 80 cells","catchment_km2":4.34,"accumulation_cells":134,"vertex_count":5,"decimated":false,"source":"Copernicus GLO-30 DEM at 180 m, D8 flow accumulation"},"geometry":{"type":"LineString","coordinates":[[-56.92071497166499,-25.498123035055],[-56.921270527204996,-25.498123035055],[-56.92182608274499,-25.497567479515],[-56.92182608274499,-25.497011923975],[-56.922381638284996,-25.497011923975]]}},{"type":"Feature","properties":{"category":"dem_stream","class":"tributary","threshold_label":"headwaters \u2265 80 cells","catchment_km2":6.16,"accumulation_cells":190,"vertex_count":15,"decimated":false,"source":"Copernicus GLO-30 DEM at 180 m, D8 flow accumulation"},"geometry":{"type":"LineString","coordinates":[[-56.92071497166499,-25.629789698035],[-56.92071497166499,-25.629234142495],[-56.920159416124996,-25.628678586955],[-56.920159416124996,-25.628123031415],[-56.920159416124996,-25.627567475875],[-56.920159416124996,-25.627011920335],[-56.920159416124996,-25.626456364795],[-56.920159416124996,-25.625900809255],[-56.92071497166499,-25.625345253715],[-56.92071497166499,-25.624789698175],[-56.92071497166499,-25.624234142635],[-56.921270527204996,-25.623678587095],[-56.92182608274499,-25.623123031555],[-56.92182608274499,-25.622567476015],[-56.92182608274499,-25.622011920475]]}},{"type":"Feature","properties":{"category":"dem_stream","class":"rill","threshold_label":"headwaters \u2265 80 cells","catchment_km2":0.23,"accumulation_cells":7,"vertex_count":6,"decimated":false,"source":"Copernicus GLO-30 DEM at 180 m, D8 flow accumulation"},"geometry":{"type":"LineString","coordinates":[[-56.920159416124996,-25.442011925515],[-56.920159416124996,-25.441456369975],[-56.92071497166499,-25.440900814435],[-56.921270527204996,-25.440900814435],[-56.92182608274499,-25.440900814435],[-56.922381638284996,-25.440345258895]]}},{"type":"Feature","properties":{"category":"dem_stream","class":"tributary","threshold_label":"headwaters \u2265 80 cells","catchment_km2":8.29,"accumulation_cells":256,"vertex_count":401,"decimated":true,"source":"Copernicus GLO-30 DEM at 180 m, D8 flow accumulation"},"geometry":{"type":"LineString","coordinates":[[-56.920159416124996,-25.565900810935],[-56.922381638284996,-25.565900810935]]}},{"type":"Feature","properties":{"category":"dem_stream","class":"rill","threshold_label":"headwaters \u2265 80 cells","catchment_km2":0.23,"accumulation_cells":7,"vertex_count":3,"decimated":false,"source":"Copernicus GLO-30 DEM at 180 m, D8 flow accumulation"},"geometry":{"type":"LineString","coordinates":[[-56.920159416124996,-25.622567476015],[-56.92071497166499,-25.622011920475],[-56.921270527204996,-25.622011920475]]}},{"type":"Feature","properties":{"category":"dem_stream","class":"rill","threshold_label":"headwaters \u2265 80 cells","catchment_km2":0.52,"accumulation_cells":16,"vertex_count":4,"decimated":false,"source":"Copernicus GLO-30 DEM at 180 m, D8 flow accumulation"},"geometry":{"type":"LineString","coordinates":[[-56.919048305044996,-25.467011924815],[-56.919603860585,-25.467011924815],[-56.920159416124996,-25.466456369275],[-56.92071497166499,-25.466456369275]]}},{"type":"Feature","properties":{"category":"dem_stream","class":"tributary","threshold_label":"headwaters \u2265 80 cells","catchment_km2":5.77,"accumulation_cells":178,"vertex_count":401,"decimated":true,"source":"Copernicus GLO-30 DEM at 180 m, D8 flow accumulation"},"geometry":{"type":"LineString","coordinates":[[-56.918492749505,-25.579789699435],[-56.918492749505,-25.580345254975]]}},{"type":"Feature","properties":{"category":"dem_stream","class":"tributary","threshold_label":"headwaters \u2265 80 cells","catchment_km2":11.66,"accumulation_cells":360,"vertex_count":401,"decimated":true,"source":"Copernicus GLO-30 DEM at 180 m, D8 flow accumulation"},"geometry":{"type":"LineString","coordinates":[[-56.918492749505,-25.583678588215],[-56.918492749505,-25.586456365915],[-56.918492749505,-25.589234143615]]}},{"type":"Feature","properties":{"category":"dem_stream","class":"rill","threshold_label":"headwaters \u2265 80 cells","catchment_km2":0.58,"accumulation_cells":18,"vertex_count":5,"decimated":false,"source":"Copernicus GLO-30 DEM at 180 m, D8 flow accumulation"},"geometry":{"type":"LineString","coordinates":[[-56.917937193964995,-25.443123036595],[-56.918492749505,-25.442567481055],[-56.917937193964995,-25.442011925515],[-56.918492749505,-25.441456369975],[-56.917937193964995,-25.440900814435]]}},{"type":"Feature","properties":{"category":"dem_stream","class":"creek","threshold_label":"headwaters \u2265 80 cells","catchment_km2":4.47,"accumulation_cells":138,"vertex_count":401,"decimated":true,"source":"Copernicus GLO-30 DEM at 180 m, D8 flow accumulation"},"geometry":{"type":"LineString","coordinates":[[-56.917937193964995,-25.570900810795],[-56.92071497166499,-25.569789699715],[-56.922381638284996,-25.568123033095]]}},{"type":"Feature","properties":{"category":"dem_stream","class":"tributary","threshold_label":"headwaters \u2265 80 cells","catchment_km2":8.68,"accumulation_cells":268,"vertex_count":401,"decimated":true,"source":"Copernicus GLO-30 DEM at 180 m, D8 flow accumulation"},"geometry":{"type":"LineString","coordinates":[[-56.917381638425,-25.594234143475],[-56.919048305044996,-25.597011921175]]}},{"type":"Feature","properties":{"category":"dem_stream","class":"rill","threshold_label":"headwaters \u2265 80 cells","catchment_km2":0.06,"accumulation_cells":2,"vertex_count":8,"decimated":false,"source":"Copernicus GLO-30 DEM at 180 m, D8 flow accumulation"},"geometry":{"type":"LineString","coordinates":[[-56.916270527345,-25.447567480915],[-56.916826082884995,-25.447011925375],[-56.917381638425,-25.446456369835],[-56.917937193964995,-25.445900814295],[-56.918492749505,-25.445345258755],[-56.917937193964995,-25.444789703215],[-56.918492749505,-25.444234147675],[-56.919048305044996,-25.443678592135]]}},{"type":"Feature","properties":{"category":"dem_stream","class":"rill","threshold_label":"headwaters \u2265 80 cells","catchment_km2":0.1,"accumulation_cells":3,"vertex_count":14,"decimated":false,"source":"Copernicus GLO-30 DEM at 180 m, D8 flow accumulation"},"geometry":{"type":"LineString","coordinates":[[-56.915714971804995,-25.453678591855],[-56.916270527345,-25.453123036315],[-56.916270527345,-25.452567480775],[-56.916826082884995,-25.452011925235],[-56.916826082884995,-25.451456369695],[-56.917381638425,-25.450900814155],[-56.917381638425,-25.450345258615002],[-56.917381638425,-25.449789703075],[-56.917937193964995,-25.449234147535],[-56.918492749505,-25.449234147535],[-56.919048305044996,-25.448678591995],[-56.918492749505,-25.448123036455],[-56.918492749505,-25.447567480915],[-56.918492749505,-25.447011925375]]}},{"type":"Feature","properties":{"category":"dem_stream","class":"tributary","threshold_label":"headwaters \u2265 80 cells","catchment_km2":6.09,"accumulation_cells":188,"vertex_count":401,"decimated":true,"source":"Copernicus GLO-30 DEM at 180 m, D8 flow accumulation"},"geometry":{"type":"LineString","coordinates":[[-56.915714971804995,-25.730900806315],[-56.914048305185,-25.730900806315]]}},{"type":"Feature","properties":{"category":"dem_stream","class":"creek","threshold_label":"headwaters \u2265 80 cells","catchment_km2":4.99,"accumulation_cells":154,"vertex_count":401,"decimated":true,"source":"Copernicus GLO-30 DEM at 180 m, D8 flow accumulation"},"geometry":{"type":"MultiLineString","coordinates":[[[-56.915714971804995,-25.763678583175],[-56.916270527345,-25.764234138715]],[[-56.916270527345,-25.764234138715],[-56.916826082884995,-25.764234138715]]]}},{"type":"Feature","properties":{"category":"dem_stream","class":"tributary","threshold_label":"headwaters \u2265 80 cells","catchment_km2":7.48,"accumulation_cells":231,"vertex_count":401,"decimated":true,"source":"Copernicus GLO-30 DEM at 180 m, D8 flow accumulation"},"geometry":{"type":"MultiLineString","coordinates":[[[-56.915159416265,-25.537011922855],[-56.914048305185,-25.535345256235]],[[-56.914048305185,-25.535345256235],[-56.913492749644995,-25.535345256235]]]}},{"type":"Feature","properties":{"category":"dem_stream","class":"tributary","threshold_label":"headwaters \u2265 80 cells","catchment_km2":6.38,"accumulation_cells":197,"vertex_count":401,"decimated":true,"source":"Copernicus GLO-30 DEM at 180 m, D8 flow accumulation"},"geometry":{"type":"MultiLineString","coordinates":[[[-56.915159416265,-25.657011919495],[-56.916826082884995,-25.655345252875]],[[-56.916826082884995,-25.655345252875],[-56.916270527345,-25.654789697335]]]}},{"type":"Feature","properties":{"category":"dem_stream","class":"tributary","threshold_label":"headwaters \u2265 80 cells","catchment_km2":8.39,"accumulation_cells":259,"vertex_count":401,"decimated":true,"source":"Copernicus GLO-30 DEM at 180 m, D8 flow accumulation"},"geometry":{"type":"MultiLineString","coordinates":[[[-56.914048305185,-25.597011921175],[-56.916826082884995,-25.598123032255],[-56.918492749505,-25.597567476715]],[[-56.918492749505,-25.597567476715],[-56.919048305044996,-25.597567476715]]]}},{"type":"Feature","properties":{"category":"dem_stream","class":"tributary","threshold_label":"headwaters \u2265 80 cells","catchment_km2":9.36,"accumulation_cells":289,"vertex_count":401,"decimated":true,"source":"Copernicus GLO-30 DEM at 180 m, D8 flow accumulation"},"geometry":{"type":"MultiLineString","coordinates":[[[-56.914048305185,-25.725900806455],[-56.914603860724995,-25.725345250915]],[[-56.914603860724995,-25.725345250915],[-56.914603860724995,-25.724789695375]]]}},{"type":"Feature","properties":{"category":"dem_stream","class":"tributary","threshold_label":"headwaters \u2265 80 cells","catchment_km2":11.15,"accumulation_cells":344,"vertex_count":401,"decimated":true,"source":"Copernicus GLO-30 DEM at 180 m, D8 flow accumulation"},"geometry":{"type":"MultiLineString","coordinates":[[[-56.914048305185,-25.736456361715],[-56.912937194105,-25.733678584015],[-56.913492749644995,-25.730900806315]],[[-56.913492749644995,-25.730900806315],[-56.913492749644995,-25.731456361855]]]}},{"type":"Feature","properties":{"category":"dem_stream","class":"rill","threshold_label":"headwaters \u2265 80 cells","catchment_km2":0.1,"accumulation_cells":3,"vertex_count":8,"decimated":false,"source":"Copernicus GLO-30 DEM at 180 m, D8 flow accumulation"},"geometry":{"type":"LineString","coordinates":[[-56.913492749644995,-25.553678589055],[-56.912937194105,-25.553678589055],[-56.912381638564995,-25.553123033515],[-56.912381638564995,-25.552567477975],[-56.912381638564995,-25.552011922435],[-56.912381638564995,-25.551456366895],[-56.912381638564995,-25.550900811355],[-56.912381638564995,-25.550345255815]]}},{"type":"Feature","properties":{"category":"dem_stream","class":"rill","threshold_label":"headwaters \u2265 80 cells","catchment_km2":0.87,"accumulation_cells":27,"vertex_count":17,"decimated":false,"source":"Copernicus GLO-30 DEM at 180 m, D8 flow accumulation"},"geometry":{"type":"LineString","coordinates":[[-56.911826083025,-25.491456368575],[-56.912381638564995,-25.492011924115],[-56.912937194105,-25.492567479655],[-56.913492749644995,-25.493123035195],[-56.913492749644995,-25.493678590735],[-56.914048305185,-25.494234146275],[-56.914603860724995,-25.494234146275],[-56.915159416265,-25.494234146275],[-56.915714971804995,-25.494234146275],[-56.916270527345,-25.494234146275],[-56.916826082884995,-25.494234146275],[-56.917381638425,-25.494234146275],[-56.917937193964995,-25.494234146275],[-56.918492749505,-25.494234146275],[-56.919048305044996,-25.494789701815],[-56.919603860585,-25.495345257355],[-56.919603860585,-25.495900812895]]}},{"type":"Feature","properties":{"category":"dem_stream","class":"tributary","threshold_label":"headwaters \u2265 80 cells","catchment_km2":14.52,"accumulation_cells":448,"vertex_count":401,"decimated":true,"source":"Copernicus GLO-30 DEM at 180 m, D8 flow accumulation"},"geometry":{"type":"LineString","coordinates":[[-56.911270527484994,-25.588123032535],[-56.914048305185,-25.589234143615],[-56.916826082884995,-25.589789699155],[-56.917937193964995,-25.592567476855]]}},{"type":"Feature","properties":{"category":"dem_stream","class":"creek","threshold_label":"headwaters \u2265 80 cells","catchment_km2":3.89,"accumulation_cells":120,"vertex_count":13,"decimated":false,"source":"Copernicus GLO-30 DEM at 180 m, D8 flow accumulation"},"geometry":{"type":"LineString","coordinates":[[-56.911270527484994,-25.600345254415],[-56.911826083025,-25.600345254415],[-56.912381638564995,-25.599789698875],[-56.912937194105,-25.599234143335],[-56.913492749644995,-25.599234143335],[-56.914048305185,-25.599234143335],[-56.914603860724995,-25.599234143335],[-56.915159416265,-25.599234143335],[-56.915714971804995,-25.599234143335],[-56.916270527345,-25.599234143335],[-56.916826082884995,-25.599234143335],[-56.917381638425,-25.599234143335],[-56.917937193964995,-25.598678587795]]}},{"type":"Feature","properties":{"category":"dem_stream","class":"rill","threshold_label":"headwaters \u2265 80 cells","catchment_km2":0.26,"accumulation_cells":8,"vertex_count":4,"decimated":false,"source":"Copernicus GLO-30 DEM at 180 m, D8 flow accumulation"},"geometry":{"type":"LineString","coordinates":[[-56.910159416404994,-25.647011919775],[-56.909603860865,-25.647011919775],[-56.909048305324994,-25.647011919775],[-56.908492749785,-25.646456364235]]}},{"type":"Feature","properties":{"category":"dem_stream","class":"tributary","threshold_label":"headwaters \u2265 80 cells","catchment_km2":5.8,"accumulation_cells":179,"vertex_count":401,"decimated":true,"source":"Copernicus GLO-30 DEM at 180 m, D8 flow accumulation"},"geometry":{"type":"MultiLineString","coordinates":[[[-56.910159416404994,-25.725345250915],[-56.911826083025,-25.722567473215]],[[-56.911826083025,-25.722567473215],[-56.911826083025,-25.723123028755]]]}},{"type":"Feature","properties":{"category":"dem_stream","class":"rill","threshold_label":"headwaters \u2265 80 cells","catchment_km2":0.16,"accumulation_cells":5,"vertex_count":3,"decimated":false,"source":"Copernicus GLO-30 DEM at 180 m, D8 flow accumulation"},"geometry":{"type":"LineString","coordinates":[[-56.909603860865,-25.770900805195],[-56.910159416404994,-25.771456360735],[-56.910714971945,-25.772011916275]]}},{"type":"Feature","properties":{"category":"dem_stream","class":"rill","threshold_label":"headwaters \u2265 80 cells","catchment_km2":0.39,"accumulation_cells":12,"vertex_count":17,"decimated":false,"source":"Copernicus GLO-30 DEM at 180 m, D8 flow accumulation"},"geometry":{"type":"LineString","coordinates":[[-56.909048305324994,-25.505345257075],[-56.909603860865,-25.505345257075],[-56.910159416404994,-25.505345257075],[-56.910714971945,-25.505345257075],[-56.911270527484994,-25.505345257075],[-56.911826083025,-25.505900812615],[-56.912381638564995,-25.505345257075],[-56.912937194105,-25.504789701535],[-56.913492749644995,-25.504789701535],[-56.914048305185,-25.504789701535],[-56.914603860724995,-25.505345257075],[-56.915159416265,-25.505345257075],[-56.915714971804995,-25.505900812615],[-56.916270527345,-25.506456368155],[-56.916270527345,-25.507011923695],[-56.916826082884995,-25.506456368155],[-56.917381638425,-25.507011923695]]}},{"type":"Feature","properties":{"category":"dem_stream","class":"rill","threshold_label":"headwaters \u2265 80 cells","catchment_km2":0.32,"accumulation_cells":10,"vertex_count":5,"decimated":false,"source":"Copernicus GLO-30 DEM at 180 m, D8 flow accumulation"},"geometry":{"type":"LineString","coordinates":[[-56.908492749785,-25.497011923975],[-56.908492749785,-25.497567479515],[-56.909048305324994,-25.497567479515],[-56.909048305324994,-25.498123035055],[-56.909603860865,-25.498678590595]]}},{"type":"Feature","properties":{"category":"dem_stream","class":"tributary","threshold_label":"headwaters \u2265 80 cells","catchment_km2":9.01,"accumulation_cells":278,"vertex_count":401,"decimated":true,"source":"Copernicus GLO-30 DEM at 180 m, D8 flow accumulation"},"geometry":{"type":"MultiLineString","coordinates":[[[-56.907937194244994,-25.651456364095],[-56.907381638705,-25.648678586395],[-56.907937194244994,-25.646456364235]],[[-56.907937194244994,-25.646456364235],[-56.907381638705,-25.646456364235]]]}},{"type":"Feature","properties":{"category":"dem_stream","class":"rill","threshold_label":"headwaters \u2265 80 cells","catchment_km2":0.19,"accumulation_cells":6,"vertex_count":10,"decimated":false,"source":"Copernicus GLO-30 DEM at 180 m, D8 flow accumulation"},"geometry":{"type":"LineString","coordinates":[[-56.907937194244994,-25.665345252595],[-56.907381638705,-25.665345252595],[-56.906826083164994,-25.664789697055],[-56.906826083164994,-25.664234141515],[-56.906826083164994,-25.663678585975],[-56.906826083164994,-25.663123030435],[-56.906826083164994,-25.662567474895],[-56.906826083164994,-25.662011919355],[-56.906826083164994,-25.661456363815],[-56.906826083164994,-25.660900808275]]}},{"type":"Feature","properties":{"category":"dem_stream","class":"tributary","threshold_label":"headwaters \u2265 80 cells","catchment_km2":5.51,"accumulation_cells":170,"vertex_count":401,"decimated":true,"source":"Copernicus GLO-30 DEM at 180 m, D8 flow accumulation"},"geometry":{"type":"MultiLineString","coordinates":[[[-56.907381638705,-25.538123033935],[-56.90571497208499,-25.535345256235],[-56.90571497208499,-25.534234145155]],[[-56.90571497208499,-25.534234145155],[-56.90571497208499,-25.533678589615]]]}},{"type":"Feature","properties":{"category":"dem_stream","class":"creek","threshold_label":"headwaters \u2265 80 cells","catchment_km2":3.11,"accumulation_cells":96,"vertex_count":401,"decimated":true,"source":"Copernicus GLO-30 DEM at 180 m, D8 flow accumulation"},"geometry":{"type":"MultiLineString","coordinates":[[[-56.907381638705,-25.609234143055],[-56.909048305324994,-25.609789698595]],[[-56.909048305324994,-25.609789698595],[-56.908492749785,-25.609789698595]]]}},{"type":"Feature","properties":{"category":"dem_stream","class":"main","threshold_label":"headwaters \u2265 80 cells","catchment_km2":25.27,"accumulation_cells":780,"vertex_count":401,"decimated":true,"source":"Copernicus GLO-30 DEM at 180 m, D8 flow accumulation"},"geometry":{"type":"LineString","coordinates":[[-56.907381638705,-25.657011919495],[-56.906826083164994,-25.656456363955]]}},{"type":"Feature","properties":{"category":"dem_stream","class":"tributary","threshold_label":"headwaters \u2265 80 cells","catchment_km2":12.12,"accumulation_cells":374,"vertex_count":401,"decimated":true,"source":"Copernicus GLO-30 DEM at 180 m, D8 flow accumulation"},"geometry":{"type":"MultiLineString","coordinates":[[[-56.906826083164994,-25.758123027775],[-56.90460386100499,-25.755345250075],[-56.905159416545,-25.753678583455]],[[-56.905159416545,-25.753678583455],[-56.905159416545,-25.754234138995]]]}},{"type":"Feature","properties":{"category":"dem_stream","class":"tributary","threshold_label":"headwaters \u2265 80 cells","catchment_km2":5.02,"accumulation_cells":155,"vertex_count":401,"decimated":true,"source":"Copernicus GLO-30 DEM at 180 m, D8 flow accumulation"},"geometry":{"type":"LineString","coordinates":[[-56.906270527625,-25.448123036455],[-56.906826083164994,-25.447011925375]]}},{"type":"Feature","properties":{"category":"dem_stream","class":"creek","threshold_label":"headwaters \u2265 80 cells","catchment_km2":3.89,"accumulation_cells":120,"vertex_count":401,"decimated":true,"source":"Copernicus GLO-30 DEM at 180 m, D8 flow accumulation"},"geometry":{"type":"MultiLineString","coordinates":[[[-56.906270527625,-25.467011924815],[-56.905159416545,-25.465900813735]],[[-56.905159416545,-25.465900813735],[-56.905159416545,-25.466456369275]]]}},{"type":"Feature","properties":{"category":"dem_stream","class":"rill","threshold_label":"headwaters \u2265 80 cells","catchment_km2":0.19,"accumulation_cells":6,"vertex_count":5,"decimated":false,"source":"Copernicus GLO-30 DEM at 180 m, D8 flow accumulation"},"geometry":{"type":"LineString","coordinates":[[-56.90571497208499,-25.555345255675],[-56.90571497208499,-25.554789700135],[-56.90571497208499,-25.554234144595],[-56.90571497208499,-25.553678589055],[-56.90571497208499,-25.553123033515]]}},{"type":"Feature","properties":{"category":"dem_stream","class":"rill","threshold_label":"headwaters \u2265 80 cells","catchment_km2":0.13,"accumulation_cells":4,"vertex_count":4,"decimated":false,"source":"Copernicus GLO-30 DEM at 180 m, D8 flow accumulation"},"geometry":{"type":"LineString","coordinates":[[-56.90571497208499,-25.720900806595],[-56.90571497208499,-25.720345251055],[-56.906270527625,-25.719789695515],[-56.906826083164994,-25.719234139975]]}},{"type":"Feature","properties":{"category":"dem_stream","class":"rill","threshold_label":"headwaters \u2265 80 cells","catchment_km2":0.23,"accumulation_cells":7,"vertex_count":3,"decimated":false,"source":"Copernicus GLO-30 DEM at 180 m, D8 flow accumulation"},"geometry":{"type":"LineString","coordinates":[[-56.905159416545,-25.502567479375],[-56.90571497208499,-25.503123034915],[-56.906270527625,-25.503678590455]]}},{"type":"Feature","properties":{"category":"dem_stream","class":"tributary","threshold_label":"headwaters \u2265 80 cells","catchment_km2":8.68,"accumulation_cells":268,"vertex_count":401,"decimated":true,"source":"Copernicus GLO-30 DEM at 180 m, D8 flow accumulation"},"geometry":{"type":"MultiLineString","coordinates":[[[-56.905159416545,-25.549234144735],[-56.90460386100499,-25.547567478115]],[[-56.90460386100499,-25.547567478115],[-56.905159416545,-25.548123033655]]]}},{"type":"Feature","properties":{"category":"dem_stream","class":"creek","threshold_label":"headwaters \u2265 80 cells","catchment_km2":4.76,"accumulation_cells":147,"vertex_count":401,"decimated":true,"source":"Copernicus GLO-30 DEM at 180 m, D8 flow accumulation"},"geometry":{"type":"MultiLineString","coordinates":[[[-56.90460386100499,-25.612567476295],[-56.907381638705,-25.610900809675]],[[-56.907381638705,-25.610900809675],[-56.906826083164994,-25.610900809675]]]}},{"type":"Feature","properties":{"category":"dem_stream","class":"tributary","threshold_label":"headwaters \u2265 80 cells","catchment_km2":8.59,"accumulation_cells":265,"vertex_count":8,"decimated":false,"source":"Copernicus GLO-30 DEM at 180 m, D8 flow accumulation"},"geometry":{"type":"LineString","coordinates":[[-56.90460386100499,-25.660900808275],[-56.905159416545,-25.660345252735],[-56.905159416545,-25.659789697195],[-56.905159416545,-25.659234141655],[-56.90571497208499,-25.658678586115],[-56.90571497208499,-25.658123030575],[-56.906270527625,-25.657567475035002],[-56.906270527625,-25.657011919495]]}},{"type":"Feature","properties":{"category":"dem_stream","class":"tributary","threshold_label":"headwaters \u2265 80 cells","catchment_km2":7.58,"accumulation_cells":234,"vertex_count":401,"decimated":true,"source":"Copernicus GLO-30 DEM at 180 m, D8 flow accumulation"},"geometry":{"type":"MultiLineString","coordinates":[[[-56.904048305465,-25.513123034635],[-56.905159416545,-25.514789701255]],[[-56.905159416545,-25.514789701255],[-56.90571497208499,-25.514789701255]]]}},{"type":"Feature","properties":{"category":"dem_stream","class":"creek","threshold_label":"headwaters \u2265 80 cells","catchment_km2":3.95,"accumulation_cells":122,"vertex_count":401,"decimated":true,"source":"Copernicus GLO-30 DEM at 180 m, D8 flow accumulation"},"geometry":{"type":"MultiLineString","coordinates":[[[-56.904048305465,-25.749789694675002],[-56.901826083305,-25.749789694675002]],[[-56.901826083305,-25.749789694675002],[-56.90127052776499,-25.749789694675002]]]}},{"type":"Feature","properties":{"category":"dem_stream","class":"rill","threshold_label":"headwaters \u2265 80 cells","catchment_km2":0.65,"accumulation_cells":20,"vertex_count":3,"decimated":false,"source":"Copernicus GLO-30 DEM at 180 m, D8 flow accumulation"},"geometry":{"type":"LineString","coordinates":[[-56.90349274992499,-25.433123036875],[-56.904048305465,-25.433123036875],[-56.90460386100499,-25.433678592415]]}},{"type":"Feature","properties":{"category":"dem_stream","class":"tributary","threshold_label":"headwaters \u2265 80 cells","catchment_km2":5.22,"accumulation_cells":161,"vertex_count":401,"decimated":true,"source":"Copernicus GLO-30 DEM at 180 m, D8 flow accumulation"},"geometry":{"type":"MultiLineString","coordinates":[[[-56.90349274992499,-25.715900806735],[-56.906270527625,-25.715900806735],[-56.907381638705,-25.714234140115]],[[-56.907381638705,-25.714234140115],[-56.907381638705,-25.714789695655]]]}},{"type":"Feature","properties":{"category":"dem_stream","class":"tributary","threshold_label":"headwaters \u2265 80 cells","catchment_km2":6.84,"accumulation_cells":211,"vertex_count":401,"decimated":true,"source":"Copernicus GLO-30 DEM at 180 m, D8 flow accumulation"},"geometry":{"type":"LineString","coordinates":[[-56.902937194385,-25.454789702935],[-56.900714972224996,-25.453123036315]]}},{"type":"Feature","properties":{"category":"dem_stream","class":"creek","threshold_label":"headwaters \u2265 80 cells","catchment_km2":3.3,"accumulation_cells":102,"vertex_count":6,"decimated":false,"source":"Copernicus GLO-30 DEM at 180 m, D8 flow accumulation"},"geometry":{"type":"LineString","coordinates":[[-56.902937194385,-25.658678586115],[-56.90349274992499,-25.658123030575],[-56.904048305465,-25.658123030575],[-56.90460386100499,-25.658123030575],[-56.905159416545,-25.658123030575],[-56.90571497208499,-25.657567475035002]]}},{"type":"Feature","properties":{"category":"dem_stream","class":"creek","threshold_label":"headwaters \u2265 80 cells","catchment_km2":3.5,"accumulation_cells":108,"vertex_count":401,"decimated":true,"source":"Copernicus GLO-30 DEM at 180 m, D8 flow accumulation"},"geometry":{"type":"LineString","coordinates":[[-56.901826083305,-25.637567475595],[-56.90238163884499,-25.637011920055]]}},{"type":"Feature","properties":{"category":"dem_stream","class":"creek","threshold_label":"headwaters \u2265 80 cells","catchment_km2":4.02,"accumulation_cells":124,"vertex_count":401,"decimated":true,"source":"Copernicus GLO-30 DEM at 180 m, D8 flow accumulation"},"geometry":{"type":"MultiLineString","coordinates":[[[-56.900714972224996,-25.779234138295],[-56.901826083305,-25.780345249375]],[[-56.901826083305,-25.780345249375],[-56.901826083305,-25.779789693835]]]}},{"type":"Feature","properties":{"category":"dem_stream","class":"rill","threshold_label":"headwaters \u2265 80 cells","catchment_km2":0.19,"accumulation_cells":6,"vertex_count":3,"decimated":false,"source":"Copernicus GLO-30 DEM at 180 m, D8 flow accumulation"},"geometry":{"type":"LineString","coordinates":[[-56.90015941668499,-25.615345253995],[-56.900714972224996,-25.615345253995],[-56.90127052776499,-25.615345253995]]}},{"type":"Feature","properties":{"category":"dem_stream","class":"rill","threshold_label":"headwaters \u2265 80 cells","catchment_km2":0.1,"accumulation_cells":3,"vertex_count":6,"decimated":false,"source":"Copernicus GLO-30 DEM at 180 m, D8 flow accumulation"},"geometry":{"type":"LineString","coordinates":[[-56.899603861144996,-25.608123031975],[-56.90015941668499,-25.608678587515],[-56.900714972224996,-25.609234143055],[-56.90127052776499,-25.609789698595],[-56.901826083305,-25.609789698595],[-56.90238163884499,-25.610345254135]]}},{"type":"Feature","properties":{"category":"dem_stream","class":"tributary","threshold_label":"headwaters \u2265 80 cells","catchment_km2":5.61,"accumulation_cells":173,"vertex_count":401,"decimated":true,"source":"Copernicus GLO-30 DEM at 180 m, D8 flow accumulation"},"geometry":{"type":"MultiLineString","coordinates":[[[-56.899603861144996,-25.707011918095],[-56.90015941668499,-25.704234140395002],[-56.899603861144996,-25.702567473775]],[[-56.899603861144996,-25.702567473775],[-56.89904830560499,-25.702011918235]]]}},{"type":"Feature","properties":{"category":"dem_stream","class":"tributary","threshold_label":"headwaters \u2265 80 cells","catchment_km2":8.13,"accumulation_cells":251,"vertex_count":401,"decimated":true,"source":"Copernicus GLO-30 DEM at 180 m, D8 flow accumulation"},"geometry":{"type":"MultiLineString","coordinates":[[[-56.899603861144996,-25.765900805335],[-56.899603861144996,-25.763123027635],[-56.899603861144996,-25.761456361015]],[[-56.899603861144996,-25.761456361015],[-56.899603861144996,-25.760900805475]]]}},{"type":"Feature","properties":{"category":"dem_stream","class":"tributary","threshold_label":"headwaters \u2265 80 cells","catchment_km2":9.85,"accumulation_cells":304,"vertex_count":401,"decimated":true,"source":"Copernicus GLO-30 DEM at 180 m, D8 flow accumulation"},"geometry":{"type":"LineString","coordinates":[[-56.89904830560499,-25.576456366195],[-56.897381638984996,-25.575345255115]]}},{"type":"Feature","properties":{"category":"dem_stream","class":"tributary","threshold_label":"headwaters \u2265 80 cells","catchment_km2":11.11,"accumulation_cells":343,"vertex_count":401,"decimated":true,"source":"Copernicus GLO-30 DEM at 180 m, D8 flow accumulation"},"geometry":{"type":"MultiLineString","coordinates":[[[-56.89904830560499,-25.629234142495],[-56.90127052776499,-25.628123031415],[-56.90349274992499,-25.628123031415]],[[-56.90349274992499,-25.628123031415],[-56.90349274992499,-25.627567475875]]]}},{"type":"Feature","properties":{"category":"dem_stream","class":"creek","threshold_label":"headwaters \u2265 80 cells","catchment_km2":4.05,"accumulation_cells":125,"vertex_count":6,"decimated":false,"source":"Copernicus GLO-30 DEM at 180 m, D8 flow accumulation"},"geometry":{"type":"LineString","coordinates":[[-56.89904830560499,-25.632011920195],[-56.899603861144996,-25.631456364655],[-56.90015941668499,-25.630900809115],[-56.900714972224996,-25.630345253575],[-56.900714972224996,-25.629789698035],[-56.90127052776499,-25.629234142495]]}},{"type":"Feature","properties":{"category":"dem_stream","class":"tributary","threshold_label":"headwaters \u2265 80 cells","catchment_km2":11.4,"accumulation_cells":352,"vertex_count":401,"decimated":true,"source":"Copernicus GLO-30 DEM at 180 m, D8 flow accumulation"},"geometry":{"type":"LineString","coordinates":[[-56.898492750064996,-25.557011922295],[-56.898492750064996,-25.554234144595],[-56.895714972365,-25.552011922435],[-56.895159416824995,-25.551456366895]]}},{"type":"Feature","properties":{"category":"dem_stream","class":"creek","threshold_label":"headwaters \u2265 80 cells","catchment_km2":4.24,"accumulation_cells":131,"vertex_count":401,"decimated":true,"source":"Copernicus GLO-30 DEM at 180 m, D8 flow accumulation"},"geometry":{"type":"MultiLineString","coordinates":[[[-56.89793719452499,-25.513678590175],[-56.899603861144996,-25.513123034635]],[[-56.899603861144996,-25.513123034635],[-56.899603861144996,-25.512567479095]]]}},{"type":"Feature","properties":{"category":"dem_stream","class":"tributary","threshold_label":"headwaters \u2265 80 cells","catchment_km2":6.16,"accumulation_cells":190,"vertex_count":401,"decimated":true,"source":"Copernicus GLO-30 DEM at 180 m, D8 flow accumulation"},"geometry":{"type":"MultiLineString","coordinates":[[[-56.89793719452499,-25.580900810515],[-56.89682608344499,-25.578123032815],[-56.895159416824995,-25.576456366195],[-56.892381639125,-25.575900810655]],[[-56.892381639125,-25.575900810655],[-56.892937194664995,-25.575900810655]]]}},{"type":"Feature","properties":{"category":"dem_stream","class":"creek","threshold_label":"headwaters \u2265 80 cells","catchment_km2":4.8,"accumulation_cells":148,"vertex_count":401,"decimated":true,"source":"Copernicus GLO-30 DEM at 180 m, D8 flow accumulation"},"geometry":{"type":"MultiLineString","coordinates":[[[-56.897381638984996,-25.642011919915],[-56.898492750064996,-25.640900808835]],[[-56.898492750064996,-25.640900808835],[-56.89904830560499,-25.640900808835]]]}},{"type":"Feature","properties":{"category":"dem_stream","class":"rill","threshold_label":"headwaters \u2265 80 cells","catchment_km2":0.36,"accumulation_cells":11,"vertex_count":8,"decimated":false,"source":"Copernicus GLO-30 DEM at 180 m, D8 flow accumulation"},"geometry":{"type":"LineString","coordinates":[[-56.897381638984996,-25.717011917815],[-56.89793719452499,-25.717011917815],[-56.898492750064996,-25.717011917815],[-56.89904830560499,-25.717011917815],[-56.899603861144996,-25.717011917815],[-56.90015941668499,-25.717011917815],[-56.900714972224996,-25.717567473355],[-56.90127052776499,-25.717011917815]]}},{"type":"Feature","properties":{"category":"dem_stream","class":"creek","threshold_label":"headwaters \u2265 80 cells","catchment_km2":4.18,"accumulation_cells":129,"vertex_count":401,"decimated":true,"source":"Copernicus GLO-30 DEM at 180 m, D8 flow accumulation"},"geometry":{"type":"MultiLineString","coordinates":[[[-56.896270527904996,-25.519789701115],[-56.89793719452499,-25.519234145575002]],[[-56.89793719452499,-25.519234145575002],[-56.898492750064996,-25.519234145575002]]]}},{"type":"Feature","properties":{"category":"dem_stream","class":"rill","threshold_label":"headwaters \u2265 80 cells","catchment_km2":0.19,"accumulation_cells":6,"vertex_count":4,"decimated":false,"source":"Copernicus GLO-30 DEM at 180 m, D8 flow accumulation"},"geometry":{"type":"LineString","coordinates":[[-56.896270527904996,-25.688678585275],[-56.89682608344499,-25.688123029735],[-56.897381638984996,-25.688123029735],[-56.89793719452499,-25.688678585275]]}},{"type":"Feature","properties":{"category":"dem_stream","class":"creek","threshold_label":"headwaters \u2265 80 cells","catchment_km2":4.31,"accumulation_cells":133,"vertex_count":401,"decimated":true,"source":"Copernicus GLO-30 DEM at 180 m, D8 flow accumulation"},"geometry":{"type":"MultiLineString","coordinates":[[[-56.894603861285,-25.676456363395],[-56.894603861285,-25.675900807855]],[[-56.894603861285,-25.675900807855],[-56.895159416824995,-25.676456363395]]]}},{"type":"Feature","properties":{"category":"dem_stream","class":"rill","threshold_label":"headwaters \u2265 80 cells","catchment_km2":0.16,"accumulation_cells":5,"vertex_count":13,"decimated":false,"source":"Copernicus GLO-30 DEM at 180 m, D8 flow accumulation"},"geometry":{"type":"LineString","coordinates":[[-56.894048305744995,-25.585900810375],[-56.894048305744995,-25.585345254835],[-56.894048305744995,-25.584789699295],[-56.894048305744995,-25.584234143755],[-56.893492750205,-25.583678588215],[-56.892937194664995,-25.583123032675],[-56.892381639125,-25.582567477135],[-56.891826083584995,-25.582567477135],[-56.891270528045,-25.582011921595],[-56.891270528045,-25.581456366055],[-56.890714972504995,-25.580900810515],[-56.891270528045,-25.580345254975],[-56.890714972504995,-25.579789699435]]}},{"type":"Feature","properties":{"category":"dem_stream","class":"creek","threshold_label":"headwaters \u2265 80 cells","catchment_km2":1.33,"accumulation_cells":41,"vertex_count":10,"decimated":false,"source":"Copernicus GLO-30 DEM at 180 m, D8 flow accumulation"},"geometry":{"type":"LineString","coordinates":[[-56.894048305744995,-25.708678584715],[-56.894048305744995,-25.708123029175],[-56.894048305744995,-25.707567473635],[-56.894048305744995,-25.707011918095],[-56.894048305744995,-25.706456362555],[-56.893492750205,-25.705900807015],[-56.893492750205,-25.705345251475],[-56.892937194664995,-25.705345251475],[-56.892937194664995,-25.704789695935],[-56.892937194664995,-25.704234140395002]]}},{"type":"Feature","properties":{"category":"dem_stream","class":"tributary","threshold_label":"headwaters \u2265 80 cells","catchment_km2":6.38,"accumulation_cells":197,"vertex_count":401,"decimated":true,"source":"Copernicus GLO-30 DEM at 180 m, D8 flow accumulation"},"geometry":{"type":"MultiLineString","coordinates":[[[-56.892937194664995,-25.554789700135],[-56.892937194664995,-25.553123033515]],[[-56.892937194664995,-25.553123033515],[-56.892937194664995,-25.552567477975]]]}},{"type":"Feature","properties":{"category":"dem_stream","class":"creek","threshold_label":"headwaters \u2265 80 cells","catchment_km2":3.43,"accumulation_cells":106,"vertex_count":401,"decimated":true,"source":"Copernicus GLO-30 DEM at 180 m, D8 flow accumulation"},"geometry":{"type":"MultiLineString","coordinates":[[[-56.891826083584995,-25.445900814295],[-56.892381639125,-25.445345258755]],[[-56.892381639125,-25.445345258755],[-56.892937194664995,-25.445345258755]]]}},{"type":"Feature","properties":{"category":"dem_stream","class":"creek","threshold_label":"headwaters \u2265 80 cells","catchment_km2":3.21,"accumulation_cells":99,"vertex_count":4,"decimated":false,"source":"Copernicus GLO-30 DEM at 180 m, D8 flow accumulation"},"geometry":{"type":"LineString","coordinates":[[-56.891270528045,-25.584234143755],[-56.891270528045,-25.583678588215],[-56.891270528045,-25.583123032675],[-56.891270528045,-25.582567477135]]}},{"type":"Feature","properties":{"category":"dem_stream","class":"tributary","threshold_label":"headwaters \u2265 80 cells","catchment_km2":12.6,"accumulation_cells":389,"vertex_count":401,"decimated":true,"source":"Copernicus GLO-30 DEM at 180 m, D8 flow accumulation"},"geometry":{"type":"MultiLineString","coordinates":[[[-56.890714972504995,-25.499234146135],[-56.889603861424995,-25.497567479515]],[[-56.889603861424995,-25.497567479515],[-56.889048305885,-25.497011923975]]]}},{"type":"Feature","properties":{"category":"dem_stream","class":"tributary","threshold_label":"headwaters \u2265 80 cells","catchment_km2":6.09,"accumulation_cells":188,"vertex_count":401,"decimated":true,"source":"Copernicus GLO-30 DEM at 180 m, D8 flow accumulation"},"geometry":{"type":"LineString","coordinates":[[-56.890714972504995,-25.728123028615],[-56.891270528045,-25.729789695235]]}},{"type":"Feature","properties":{"category":"dem_stream","class":"tributary","threshold_label":"headwaters \u2265 80 cells","catchment_km2":10.11,"accumulation_cells":312,"vertex_count":401,"decimated":true,"source":"Copernicus GLO-30 DEM at 180 m, D8 flow accumulation"},"geometry":{"type":"LineString","coordinates":[[-56.890159416965,-25.611456365215002],[-56.887937194805,-25.609234143055],[-56.885159417104994,-25.608678587515],[-56.885159417104994,-25.609789698595]]}},{"type":"Feature","properties":{"category":"dem_stream","class":"rill","threshold_label":"headwaters \u2265 80 cells","catchment_km2":0.13,"accumulation_cells":4,"vertex_count":3,"decimated":false,"source":"Copernicus GLO-30 DEM at 180 m, D8 flow accumulation"},"geometry":{"type":"LineString","coordinates":[[-56.890159416965,-25.706456362555],[-56.890714972504995,-25.705900807015],[-56.891270528045,-25.705900807015]]}},{"type":"Feature","properties":{"category":"dem_stream","class":"tributary","threshold_label":"headwaters \u2265 80 cells","catchment_km2":5.7,"accumulation_cells":176,"vertex_count":401,"decimated":true,"source":"Copernicus GLO-30 DEM at 180 m, D8 flow accumulation"},"geometry":{"type":"MultiLineString","coordinates":[[[-56.889603861424995,-25.699789696075],[-56.892381639125,-25.699789696075],[-56.895159416824995,-25.700900807155]],[[-56.895159416824995,-25.700900807155],[-56.895714972365,-25.700900807155]]]}},{"type":"Feature","properties":{"category":"dem_stream","class":"creek","threshold_label":"headwaters \u2265 80 cells","catchment_km2":3.37,"accumulation_cells":104,"vertex_count":401,"decimated":true,"source":"Copernicus GLO-30 DEM at 180 m, D8 flow accumulation"},"geometry":{"type":"MultiLineString","coordinates":[[[-56.889048305885,-25.468123035895],[-56.887381639264994,-25.467011924815]],[[-56.887381639264994,-25.467011924815],[-56.887937194805,-25.467011924815]]]}},{"type":"Feature","properties":{"category":"dem_stream","class":"tributary","threshold_label":"headwaters \u2265 80 cells","catchment_km2":13.41,"accumulation_cells":414,"vertex_count":401,"decimated":true,"source":"Copernicus GLO-30 DEM at 180 m, D8 flow accumulation"},"geometry":{"type":"MultiLineString","coordinates":[[[-56.887937194805,-25.509234145855],[-56.886270528184994,-25.506456368155],[-56.886270528184994,-25.503678590455],[-56.886270528184994,-25.503123034915]],[[-56.886270528184994,-25.503123034915],[-56.885714972645,-25.502567479375]]]}},{"type":"Feature","properties":{"category":"dem_stream","class":"creek","threshold_label":"headwaters \u2265 80 cells","catchment_km2":4.08,"accumulation_cells":126,"vertex_count":401,"decimated":true,"source":"Copernicus GLO-30 DEM at 180 m, D8 flow accumulation"},"geometry":{"type":"MultiLineString","coordinates":[[[-56.887937194805,-25.527567478675],[-56.886826083725,-25.527011923135]],[[-56.886826083725,-25.527011923135],[-56.886826083725,-25.526456367595]]]}},{"type":"Feature","properties":{"category":"dem_stream","class":"rill","threshold_label":"headwaters \u2265 80 cells","catchment_km2":0.1,"accumulation_cells":3,"vertex_count":4,"decimated":false,"source":"Copernicus GLO-30 DEM at 180 m, D8 flow accumulation"},"geometry":{"type":"LineString","coordinates":[[-56.887937194805,-25.620900809395],[-56.887381639264994,-25.620345253855],[-56.886826083725,-25.619789698315],[-56.886270528184994,-25.619789698315]]}},{"type":"Feature","properties":{"category":"dem_stream","class":"rill","threshold_label":"headwaters \u2265 80 cells","catchment_km2":0.1,"accumulation_cells":3,"vertex_count":3,"decimated":false,"source":"Copernicus GLO-30 DEM at 180 m, D8 flow accumulation"},"geometry":{"type":"LineString","coordinates":[[-56.887381639264994,-25.442567481055],[-56.887937194805,-25.442011925515],[-56.888492750344994,-25.442011925515]]}},{"type":"Feature","properties":{"category":"dem_stream","class":"creek","threshold_label":"headwaters \u2265 80 cells","catchment_km2":4.6,"accumulation_cells":142,"vertex_count":401,"decimated":true,"source":"Copernicus GLO-30 DEM at 180 m, D8 flow accumulation"},"geometry":{"type":"MultiLineString","coordinates":[[[-56.885159417104994,-25.787011915855],[-56.885714972645,-25.784234138155]],[[-56.885714972645,-25.784234138155],[-56.886270528184994,-25.784789693695]]]}},{"type":"Feature","properties":{"category":"dem_stream","class":"creek","threshold_label":"headwaters \u2265 80 cells","catchment_km2":4.99,"accumulation_cells":154,"vertex_count":401,"decimated":true,"source":"Copernicus GLO-30 DEM at 180 m, D8 flow accumulation"},"geometry":{"type":"MultiLineString","coordinates":[[[-56.884603861565,-25.566456366475],[-56.882381639405,-25.564789699855],[-56.88182608386499,-25.564789699855]],[[-56.88182608386499,-25.564789699855],[-56.88182608386499,-25.564234144315]]]}},{"type":"Feature","properties":{"category":"dem_stream","class":"creek","threshold_label":"headwaters \u2265 80 cells","catchment_km2":3.14,"accumulation_cells":97,"vertex_count":401,"decimated":true,"source":"Copernicus GLO-30 DEM at 180 m, D8 flow accumulation"},"geometry":{"type":"MultiLineString","coordinates":[[[-56.884603861565,-25.576456366195],[-56.884048306024994,-25.576456366195]],[[-56.884048306024994,-25.576456366195],[-56.883492750485,-25.576456366195]]]}},{"type":"Feature","properties":{"category":"dem_stream","class":"rill","threshold_label":"headwaters \u2265 80 cells","catchment_km2":0.06,"accumulation_cells":2,"vertex_count":10,"decimated":false,"source":"Copernicus GLO-30 DEM at 180 m, D8 flow accumulation"},"geometry":{"type":"LineString","coordinates":[[-56.884048306024994,-25.687567474195],[-56.884048306024994,-25.687011918655],[-56.883492750485,-25.686456363115],[-56.883492750485,-25.685900807575],[-56.883492750485,-25.685345252035],[-56.883492750485,-25.684789696495],[-56.883492750485,-25.684234140955],[-56.883492750485,-25.683678585415],[-56.883492750485,-25.683123029875],[-56.883492750485,-25.682567474335]]}},{"type":"Feature","properties":{"category":"dem_stream","class":"tributary","threshold_label":"headwaters \u2265 80 cells","catchment_km2":7.26,"accumulation_cells":224,"vertex_count":401,"decimated":true,"source":"Copernicus GLO-30 DEM at 180 m, D8 flow accumulation"},"geometry":{"type":"MultiLineString","coordinates":[[[-56.882937194944994,-25.452567480775],[-56.883492750485,-25.452567480775]],[[-56.883492750485,-25.452567480775],[-56.883492750485,-25.453123036315]]]}},{"type":"Feature","properties":{"category":"dem_stream","class":"rill","threshold_label":"headwaters \u2265 80 cells","catchment_km2":0.62,"accumulation_cells":19,"vertex_count":5,"decimated":false,"source":"Copernicus GLO-30 DEM at 180 m, D8 flow accumulation"},"geometry":{"type":"LineString","coordinates":[[-56.882937194944994,-25.584789699295],[-56.882937194944994,-25.584234143755],[-56.882937194944994,-25.583678588215],[-56.882381639405,-25.583123032675],[-56.882937194944994,-25.582567477135]]}},{"type":"Feature","properties":{"category":"dem_stream","class":"tributary","threshold_label":"headwaters \u2265 80 cells","catchment_km2":8.23,"accumulation_cells":254,"vertex_count":401,"decimated":true,"source":"Copernicus GLO-30 DEM at 180 m, D8 flow accumulation"},"geometry":{"type":"LineString","coordinates":[[-56.882937194944994,-25.610345254135],[-56.88182608386499,-25.610345254135]]}},{"type":"Feature","properties":{"category":"dem_stream","class":"creek","threshold_label":"headwaters \u2265 80 cells","catchment_km2":3.43,"accumulation_cells":106,"vertex_count":401,"decimated":true,"source":"Copernicus GLO-30 DEM at 180 m, D8 flow accumulation"},"geometry":{"type":"MultiLineString","coordinates":[[[-56.882937194944994,-25.675900807855],[-56.882381639405,-25.673123030155]],[[-56.882381639405,-25.673123030155],[-56.882381639405,-25.673678585695]]]}},{"type":"Feature","properties":{"category":"dem_stream","class":"tributary","threshold_label":"headwaters \u2265 80 cells","catchment_km2":5.18,"accumulation_cells":160,"vertex_count":401,"decimated":true,"source":"Copernicus GLO-30 DEM at 180 m, D8 flow accumulation"},"geometry":{"type":"MultiLineString","coordinates":[[[-56.882381639405,-25.527567478675],[-56.88182608386499,-25.527567478675]],[[-56.88182608386499,-25.527567478675],[-56.88182608386499,-25.527011923135]]]}},{"type":"Feature","properties":{"category":"dem_stream","class":"tributary","threshold_label":"headwaters \u2265 80 cells","catchment_km2":5.64,"accumulation_cells":174,"vertex_count":401,"decimated":true,"source":"Copernicus GLO-30 DEM at 180 m, D8 flow accumulation"},"geometry":{"type":"LineString","coordinates":[[-56.882381639405,-25.713123029035],[-56.882381639405,-25.714234140115]]}},{"type":"Feature","properties":{"category":"dem_stream","class":"rill","threshold_label":"headwaters \u2265 80 cells","catchment_km2":0.19,"accumulation_cells":6,"vertex_count":4,"decimated":false,"source":"Copernicus GLO-30 DEM at 180 m, D8 flow accumulation"},"geometry":{"type":"LineString","coordinates":[[-56.88182608386499,-25.577011921735],[-56.881270528325,-25.576456366195],[-56.88071497278499,-25.576456366195],[-56.880159417245,-25.575900810655]]}},{"type":"Feature","properties":{"category":"dem_stream","class":"tributary","threshold_label":"headwaters \u2265 80 cells","catchment_km2":8.42,"accumulation_cells":260,"vertex_count":401,"decimated":true,"source":"Copernicus GLO-30 DEM at 180 m, D8 flow accumulation"},"geometry":{"type":"MultiLineString","coordinates":[[[-56.881270528325,-25.512567479095],[-56.87960386170499,-25.510900812475]],[[-56.87960386170499,-25.510900812475],[-56.87960386170499,-25.510345256935]]]}},{"type":"Feature","properties":{"category":"dem_stream","class":"tributary","threshold_label":"headwaters \u2265 80 cells","catchment_km2":11.21,"accumulation_cells":346,"vertex_count":401,"decimated":true,"source":"Copernicus GLO-30 DEM at 180 m, D8 flow accumulation"},"geometry":{"type":"LineString","coordinates":[[-56.880159417245,-25.618678587235],[-56.879048306165,-25.615900809535],[-56.87738163954499,-25.614789698455]]}},{"type":"Feature","properties":{"category":"dem_stream","class":"tributary","threshold_label":"headwaters \u2265 80 cells","catchment_km2":9.07,"accumulation_cells":280,"vertex_count":401,"decimated":true,"source":"Copernicus GLO-30 DEM at 180 m, D8 flow accumulation"},"geometry":{"type":"MultiLineString","coordinates":[[[-56.87960386170499,-25.759234138855],[-56.88071497278499,-25.756456361155]],[[-56.88071497278499,-25.756456361155],[-56.880159417245,-25.755900805615]]]}},{"type":"Feature","properties":{"category":"dem_stream","class":"creek","threshold_label":"headwaters \u2265 80 cells","catchment_km2":4.92,"accumulation_cells":152,"vertex_count":401,"decimated":true,"source":"Copernicus GLO-30 DEM at 180 m, D8 flow accumulation"},"geometry":{"type":"LineString","coordinates":[[-56.879048306165,-25.577567477275],[-56.879048306165,-25.575345255115],[-56.87960386170499,-25.574789699575]]}},{"type":"Feature","properties":{"category":"dem_stream","class":"tributary","threshold_label":"headwaters \u2265 80 cells","catchment_km2":7.52,"accumulation_cells":232,"vertex_count":401,"decimated":true,"source":"Copernicus GLO-30 DEM at 180 m, D8 flow accumulation"},"geometry":{"type":"MultiLineString","coordinates":[[[-56.879048306165,-25.591456365775],[-56.87738163954499,-25.588678588075002],[-56.875714972924996,-25.587567476995]],[[-56.875714972924996,-25.587567476995],[-56.875714972924996,-25.587011921455]]]}},{"type":"Feature","properties":{"category":"dem_stream","class":"tributary","threshold_label":"headwaters \u2265 80 cells","catchment_km2":14.9,"accumulation_cells":460,"vertex_count":401,"decimated":true,"source":"Copernicus GLO-30 DEM at 180 m, D8 flow accumulation"},"geometry":{"type":"LineString","coordinates":[[-56.879048306165,-25.697567473915],[-56.87627052846499,-25.695345251755],[-56.874603861844996,-25.694234140675]]}},{"type":"Feature","properties":{"category":"dem_stream","class":"rill","threshold_label":"headwaters \u2265 80 cells","catchment_km2":0.06,"accumulation_cells":2,"vertex_count":12,"decimated":false,"source":"Copernicus GLO-30 DEM at 180 m, D8 flow accumulation"},"geometry":{"type":"LineString","coordinates":[[-56.879048306165,-25.732011917395],[-56.87849275062499,-25.732011917395],[-56.877937195084996,-25.732011917395],[-56.87738163954499,-25.731456361855],[-56.876826084004996,-25.730900806315],[-56.87627052846499,-25.730345250775],[-56.875714972924996,-25.729789695235],[-56.87515941738499,-25.729234139695],[-56.874603861844996,-25.729234139695],[-56.874048306305,-25.729234139695],[-56.873492750764996,-25.728678584155],[-56.872937195225,-25.728678584155]]}},{"type":"Feature","properties":{"category":"dem_stream","class":"creek","threshold_label":"headwaters \u2265 80 cells","catchment_km2":3.05,"accumulation_cells":94,"vertex_count":401,"decimated":true,"source":"Copernicus GLO-30 DEM at 180 m, D8 flow accumulation"},"geometry":{"type":"MultiLineString","coordinates":[[[-56.877937195084996,-25.462567480495],[-56.87960386170499,-25.461456369415]],[[-56.87960386170499,-25.461456369415],[-56.880159417245,-25.461456369415]]]}},{"type":"Feature","properties":{"category":"dem_stream","class":"rill","threshold_label":"headwaters \u2265 80 cells","catchment_km2":0.16,"accumulation_cells":5,"vertex_count":4,"decimated":false,"source":"Copernicus GLO-30 DEM at 180 m, D8 flow accumulation"},"geometry":{"type":"LineString","coordinates":[[-56.87738163954499,-25.437567481195],[-56.87738163954499,-25.438123036735],[-56.877937195084996,-25.438123036735],[-56.87849275062499,-25.438678592275]]}},{"type":"Feature","properties":{"category":"dem_stream","class":"tributary","threshold_label":"headwaters \u2265 80 cells","catchment_km2":12.64,"accumulation_cells":390,"vertex_count":401,"decimated":true,"source":"Copernicus GLO-30 DEM at 180 m, D8 flow accumulation"},"geometry":{"type":"MultiLineString","coordinates":[[[-56.875714972924996,-25.751456361295],[-56.872937195225,-25.749789694675002],[-56.871826084145,-25.748678583595]],[[-56.871826084145,-25.748678583595],[-56.872381639684995,-25.748678583595]]]}},{"type":"Feature","properties":{"category":"dem_stream","class":"tributary","threshold_label":"headwaters \u2265 80 cells","catchment_km2":7.0,"accumulation_cells":216,"vertex_count":401,"decimated":true,"source":"Copernicus GLO-30 DEM at 180 m, D8 flow accumulation"},"geometry":{"type":"LineString","coordinates":[[-56.87515941738499,-25.538678589475],[-56.873492750764996,-25.537567478395]]}},{"type":"Feature","properties":{"category":"dem_stream","class":"rill","threshold_label":"headwaters \u2265 80 cells","catchment_km2":0.32,"accumulation_cells":10,"vertex_count":10,"decimated":false,"source":"Copernicus GLO-30 DEM at 180 m, D8 flow accumulation"},"geometry":{"type":"LineString","coordinates":[[-56.87515941738499,-25.783678582615],[-56.87515941738499,-25.783123027075],[-56.87515941738499,-25.782567471535],[-56.87515941738499,-25.782011915995],[-56.87515941738499,-25.781456360455],[-56.875714972924996,-25.780900804915],[-56.875714972924996,-25.780345249375],[-56.87627052846499,-25.779789693835],[-56.875714972924996,-25.779234138295],[-56.875714972924996,-25.778678582755]]}},{"type":"Feature","properties":{"category":"dem_stream","class":"rill","threshold_label":"headwaters \u2265 80 cells","catchment_km2":0.19,"accumulation_cells":6,"vertex_count":6,"decimated":false,"source":"Copernicus GLO-30 DEM at 180 m, D8 flow accumulation"},"geometry":{"type":"LineString","coordinates":[[-56.874603861844996,-25.562567477695],[-56.874603861844996,-25.562011922155],[-56.874603861844996,-25.561456366615],[-56.874048306305,-25.560900811075],[-56.874048306305,-25.560345255535],[-56.874048306305,-25.559789699995]]}},{"type":"Feature","properties":{"category":"dem_stream","class":"tributary","threshold_label":"headwaters \u2265 80 cells","catchment_km2":10.66,"accumulation_cells":329,"vertex_count":401,"decimated":true,"source":"Copernicus GLO-30 DEM at 180 m, D8 flow accumulation"},"geometry":{"type":"MultiLineString","coordinates":[[[-56.874048306305,-25.644789697615],[-56.87515941738499,-25.642011919915],[-56.874603861844996,-25.640345253295]],[[-56.874603861844996,-25.640345253295],[-56.874603861844996,-25.639789697755]]]}},{"type":"Feature","properties":{"category":"dem_stream","class":"rill","threshold_label":"headwaters \u2265 80 cells","catchment_km2":0.23,"accumulation_cells":7,"vertex_count":6,"decimated":false,"source":"Copernicus GLO-30 DEM at 180 m, D8 flow accumulation"},"geometry":{"type":"LineString","coordinates":[[-56.873492750764996,-25.698678584995],[-56.874048306305,-25.698123029455],[-56.874048306305,-25.697567473915],[-56.874048306305,-25.697011918375],[-56.874603861844996,-25.696456362835],[-56.874603861844996,-25.695900807295]]}},{"type":"Feature","properties":{"category":"dem_stream","class":"rill","threshold_label":"headwaters \u2265 80 cells","catchment_km2":0.19,"accumulation_cells":6,"vertex_count":5,"decimated":false,"source":"Copernicus GLO-30 DEM at 180 m, D8 flow accumulation"},"geometry":{"type":"LineString","coordinates":[[-56.871826084145,-25.620345253855],[-56.871826084145,-25.619789698315],[-56.871826084145,-25.619234142775],[-56.871826084145,-25.618678587235],[-56.871826084145,-25.618123031695]]}}]}