{"type":"FeatureCollection","name":"dem_streams_arrows_20km","metadata":{"source":"Derived from dem_streams_20km.geojson","purpose":"Point markers every ~1.5 km along main_rivers and tributaries so the viewer can render arrowheads pointing in the direction of flow.","feature_count":1500,"generated_utc":"2026-07-05T18:49:10.569034Z"},"features":[{"type":"Feature","properties":{"category":"flow_arrow","class":"tributary","from":[-57.221826074344996,-25.652567475175],"to":[-57.22238162988499,-25.653123030715]},"geometry":{"type":"Point","coordinates":[-57.221826074344996,-25.652567475175]}},{"type":"Feature","properties":{"category":"flow_arrow","class":"tributary","from":[-57.222937185424996,-25.653678586255],"to":[-57.22238162988499,-25.653123030715]},"geometry":{"type":"Point","coordinates":[-57.222937185424996,-25.653678586255]}},{"type":"Feature","properties":{"category":"flow_arrow","class":"tributary","from":[-57.222937185424996,-25.653678586255],"to":[-57.22238162988499,-25.653123030715]},"geometry":{"type":"Point","coordinates":[-57.222937185424996,-25.653678586255]}},{"type":"Feature","properties":{"category":"flow_arrow","class":"tributary","from":[-57.222937185424996,-25.653678586255],"to":[-57.22238162988499,-25.653123030715]},"geometry":{"type":"Point","coordinates":[-57.222937185424996,-25.653678586255]}},{"type":"Feature","properties":{"category":"flow_arrow","class":"tributary","from":[-57.222937185424996,-25.653678586255],"to":[-57.22238162988499,-25.653123030715]},"geometry":{"type":"Point","coordinates":[-57.222937185424996,-25.653678586255]}},{"type":"Feature","properties":{"category":"flow_arrow","class":"tributary","from":[-57.22127051880499,-25.784234138155],"to":[-57.222937185424996,-25.787011915855]},"geometry":{"type":"Point","coordinates":[-57.22127051880499,-25.784234138155]}},{"type":"Feature","properties":{"category":"flow_arrow","class":"tributary","from":[-57.215714963405,-25.543123033795],"to":[-57.218492741104996,-25.542567478255002]},"geometry":{"type":"Point","coordinates":[-57.215714963405,-25.543123033795]}},{"type":"Feature","properties":{"category":"flow_arrow","class":"main","from":[-57.212937185704995,-25.720345251055],"to":[-57.213492741245,-25.720345251055]},"geometry":{"type":"Point","coordinates":[-57.212937185704995,-25.720345251055]}},{"type":"Feature","properties":{"category":"flow_arrow","class":"main","from":[-57.213492741245,-25.719789695515],"to":[-57.213492741245,-25.720345251055]},"geometry":{"type":"Point","coordinates":[-57.213492741245,-25.719789695515]}},{"type":"Feature","properties":{"category":"flow_arrow","class":"main","from":[-57.213492741245,-25.719789695515],"to":[-57.213492741245,-25.720345251055]},"geometry":{"type":"Point","coordinates":[-57.213492741245,-25.719789695515]}},{"type":"Feature","properties":{"category":"flow_arrow","class":"main","from":[-57.213492741245,-25.719789695515],"to":[-57.213492741245,-25.720345251055]},"geometry":{"type":"Point","coordinates":[-57.213492741245,-25.719789695515]}},{"type":"Feature","properties":{"category":"flow_arrow","class":"main","from":[-57.213492741245,-25.719789695515],"to":[-57.213492741245,-25.720345251055]},"geometry":{"type":"Point","coordinates":[-57.213492741245,-25.719789695515]}},{"type":"Feature","properties":{"category":"flow_arrow","class":"main","from":[-57.213492741245,-25.719789695515],"to":[-57.213492741245,-25.720345251055]},"geometry":{"type":"Point","coordinates":[-57.213492741245,-25.719789695515]}},{"type":"Feature","properties":{"category":"flow_arrow","class":"main","from":[-57.213492741245,-25.719789695515],"to":[-57.213492741245,-25.720345251055]},"geometry":{"type":"Point","coordinates":[-57.213492741245,-25.719789695515]}},{"type":"Feature","properties":{"category":"flow_arrow","class":"main","from":[-57.213492741245,-25.719789695515],"to":[-57.213492741245,-25.720345251055]},"geometry":{"type":"Point","coordinates":[-57.213492741245,-25.719789695515]}},{"type":"Feature","properties":{"category":"flow_arrow","class":"main","from":[-57.15849274278499,-25.767011916415],"to":[-57.160159409405,-25.765900805335]},"geometry":{"type":"Point","coordinates":[-57.15849274278499,-25.767011916415]}},{"type":"Feature","properties":{"category":"flow_arrow","class":"main","from":[-57.160714964944994,-25.765900805335],"to":[-57.160159409405,-25.765900805335]},"geometry":{"type":"Point","coordinates":[-57.160714964944994,-25.765900805335]}},{"type":"Feature","properties":{"category":"flow_arrow","class":"main","from":[-57.160714964944994,-25.765900805335],"to":[-57.160159409405,-25.765900805335]},"geometry":{"type":"Point","coordinates":[-57.160714964944994,-25.765900805335]}},{"type":"Feature","properties":{"category":"flow_arrow","class":"main","from":[-57.160714964944994,-25.765900805335],"to":[-57.160159409405,-25.765900805335]},"geometry":{"type":"Point","coordinates":[-57.160714964944994,-25.765900805335]}},{"type":"Feature","properties":{"category":"flow_arrow","class":"main","from":[-57.160714964944994,-25.765900805335],"to":[-57.160159409405,-25.765900805335]},"geometry":{"type":"Point","coordinates":[-57.160714964944994,-25.765900805335]}},{"type":"Feature","properties":{"category":"flow_arrow","class":"main","from":[-57.160714964944994,-25.765900805335],"to":[-57.160159409405,-25.765900805335]},"geometry":{"type":"Point","coordinates":[-57.160714964944994,-25.765900805335]}},{"type":"Feature","properties":{"category":"flow_arrow","class":"main","from":[-57.160714964944994,-25.765900805335],"to":[-57.160159409405,-25.765900805335]},"geometry":{"type":"Point","coordinates":[-57.160714964944994,-25.765900805335]}},{"type":"Feature","properties":{"category":"flow_arrow","class":"main","from":[-57.160714964944994,-25.765900805335],"to":[-57.160159409405,-25.765900805335]},"geometry":{"type":"Point","coordinates":[-57.160714964944994,-25.765900805335]}},{"type":"Feature","properties":{"category":"flow_arrow","class":"main","from":[-57.087381633665,-25.554234144595],"to":[-57.087381633665,-25.553678589055]},"geometry":{"type":"Point","coordinates":[-57.087381633665,-25.554234144595]}},{"type":"Feature","properties":{"category":"flow_arrow","class":"main","from":[-57.075159411784995,-25.544789700415],"to":[-57.074048300704995,-25.542011922715]},"geometry":{"type":"Point","coordinates":[-57.075159411784995,-25.544789700415]}},{"type":"Feature","properties":{"category":"flow_arrow","class":"main","from":[-57.042937190465,-25.697567473915],"to":[-57.045714968164994,-25.699234140535]},"geometry":{"type":"Point","coordinates":[-57.042937190465,-25.697567473915]}},{"type":"Feature","properties":{"category":"flow_arrow","class":"main","from":[-57.046826079244994,-25.698678584995],"to":[-57.046826079244994,-25.699234140535]},"geometry":{"type":"Point","coordinates":[-57.046826079244994,-25.698678584995]}},{"type":"Feature","properties":{"category":"flow_arrow","class":"main","from":[-57.046826079244994,-25.698678584995],"to":[-57.046826079244994,-25.699234140535]},"geometry":{"type":"Point","coordinates":[-57.046826079244994,-25.698678584995]}},{"type":"Feature","properties":{"category":"flow_arrow","class":"main","from":[-57.046826079244994,-25.698678584995],"to":[-57.046826079244994,-25.699234140535]},"geometry":{"type":"Point","coordinates":[-57.046826079244994,-25.698678584995]}},{"type":"Feature","properties":{"category":"flow_arrow","class":"main","from":[-57.046826079244994,-25.698678584995],"to":[-57.046826079244994,-25.699234140535]},"geometry":{"type":"Point","coordinates":[-57.046826079244994,-25.698678584995]}},{"type":"Feature","properties":{"category":"flow_arrow","class":"main","from":[-57.046826079244994,-25.698678584995],"to":[-57.046826079244994,-25.699234140535]},"geometry":{"type":"Point","coordinates":[-57.046826079244994,-25.698678584995]}},{"type":"Feature","properties":{"category":"flow_arrow","class":"main","from":[-57.046826079244994,-25.698678584995],"to":[-57.046826079244994,-25.699234140535]},"geometry":{"type":"Point","coordinates":[-57.046826079244994,-25.698678584995]}},{"type":"Feature","properties":{"category":"flow_arrow","class":"main","from":[-57.046826079244994,-25.698678584995],"to":[-57.046826079244994,-25.699234140535]},"geometry":{"type":"Point","coordinates":[-57.046826079244994,-25.698678584995]}},{"type":"Feature","properties":{"category":"flow_arrow","class":"tributary","from":[-57.039603857224996,-25.633678586815],"to":[-57.03793719060499,-25.631456364655]},"geometry":{"type":"Point","coordinates":[-57.039603857224996,-25.633678586815]}},{"type":"Feature","properties":{"category":"flow_arrow","class":"tributary","from":[-57.016826080084996,-25.770345249655],"to":[-57.019048302245,-25.773123027355002]},"geometry":{"type":"Point","coordinates":[-57.016826080084996,-25.770345249655]}},{"type":"Feature","properties":{"category":"flow_arrow","class":"tributary","from":[-57.027937190885,-25.783123027075],"to":[-57.027937190885,-25.783678582615]},"geometry":{"type":"Point","coordinates":[-57.027937190885,-25.783123027075]}},{"type":"Feature","properties":{"category":"flow_arrow","class":"tributary","from":[-57.027937190885,-25.783123027075],"to":[-57.027937190885,-25.783678582615]},"geometry":{"type":"Point","coordinates":[-57.027937190885,-25.783123027075]}},{"type":"Feature","properties":{"category":"flow_arrow","class":"tributary","from":[-57.027937190885,-25.783123027075],"to":[-57.027937190885,-25.783678582615]},"geometry":{"type":"Point","coordinates":[-57.027937190885,-25.783123027075]}},{"type":"Feature","properties":{"category":"flow_arrow","class":"tributary","from":[-57.027937190885,-25.783123027075],"to":[-57.027937190885,-25.783678582615]},"geometry":{"type":"Point","coordinates":[-57.027937190885,-25.783123027075]}},{"type":"Feature","properties":{"category":"flow_arrow","class":"tributary","from":[-56.99015941416499,-25.529789700835],"to":[-56.99015941416499,-25.527011923135]},"geometry":{"type":"Point","coordinates":[-56.99015941416499,-25.529789700835]}},{"type":"Feature","properties":{"category":"flow_arrow","class":"tributary","from":[-56.99015941416499,-25.526456367595],"to":[-56.989603858624996,-25.525900812055]},"geometry":{"type":"Point","coordinates":[-56.99015941416499,-25.526456367595]}},{"type":"Feature","properties":{"category":"flow_arrow","class":"tributary","from":[-56.99015941416499,-25.526456367595],"to":[-56.989603858624996,-25.525900812055]},"geometry":{"type":"Point","coordinates":[-56.99015941416499,-25.526456367595]}},{"type":"Feature","properties":{"category":"flow_arrow","class":"tributary","from":[-56.99015941416499,-25.526456367595],"to":[-56.989603858624996,-25.525900812055]},"geometry":{"type":"Point","coordinates":[-56.99015941416499,-25.526456367595]}},{"type":"Feature","properties":{"category":"flow_arrow","class":"tributary","from":[-56.99015941416499,-25.526456367595],"to":[-56.989603858624996,-25.525900812055]},"geometry":{"type":"Point","coordinates":[-56.99015941416499,-25.526456367595]}},{"type":"Feature","properties":{"category":"flow_arrow","class":"tributary","from":[-57.231270518524994,-25.708123029175],"to":[-57.231270518524994,-25.708678584715]},"geometry":{"type":"Point","coordinates":[-57.231270518524994,-25.708123029175]}},{"type":"Feature","properties":{"category":"flow_arrow","class":"tributary","from":[-57.231270518524994,-25.709234140255],"to":[-57.231270518524994,-25.708678584715]},"geometry":{"type":"Point","coordinates":[-57.231270518524994,-25.709234140255]}},{"type":"Feature","properties":{"category":"flow_arrow","class":"tributary","from":[-57.231270518524994,-25.709234140255],"to":[-57.231270518524994,-25.708678584715]},"geometry":{"type":"Point","coordinates":[-57.231270518524994,-25.709234140255]}},{"type":"Feature","properties":{"category":"flow_arrow","class":"tributary","from":[-57.231270518524994,-25.709234140255],"to":[-57.231270518524994,-25.708678584715]},"geometry":{"type":"Point","coordinates":[-57.231270518524994,-25.709234140255]}},{"type":"Feature","properties":{"category":"flow_arrow","class":"tributary","from":[-57.231270518524994,-25.709234140255],"to":[-57.231270518524994,-25.708678584715]},"geometry":{"type":"Point","coordinates":[-57.231270518524994,-25.709234140255]}},{"type":"Feature","properties":{"category":"flow_arrow","class":"tributary","from":[-57.230159407444994,-25.553678589055],"to":[-57.230714962985,-25.553678589055]},"geometry":{"type":"Point","coordinates":[-57.230159407444994,-25.553678589055]}},{"type":"Feature","properties":{"category":"flow_arrow","class":"tributary","from":[-57.231270518524994,-25.554234144595],"to":[-57.230714962985,-25.553678589055]},"geometry":{"type":"Point","coordinates":[-57.231270518524994,-25.554234144595]}},{"type":"Feature","properties":{"category":"flow_arrow","class":"tributary","from":[-57.231270518524994,-25.554234144595],"to":[-57.230714962985,-25.553678589055]},"geometry":{"type":"Point","coordinates":[-57.231270518524994,-25.554234144595]}},{"type":"Feature","properties":{"category":"flow_arrow","class":"tributary","from":[-57.231270518524994,-25.554234144595],"to":[-57.230714962985,-25.553678589055]},"geometry":{"type":"Point","coordinates":[-57.231270518524994,-25.554234144595]}},{"type":"Feature","properties":{"category":"flow_arrow","class":"tributary","from":[-57.231270518524994,-25.554234144595],"to":[-57.230714962985,-25.553678589055]},"geometry":{"type":"Point","coordinates":[-57.231270518524994,-25.554234144595]}},{"type":"Feature","properties":{"category":"flow_arrow","class":"tributary","from":[-57.22793718528499,-25.603678587655],"to":[-57.228492740825,-25.606456365355]},"geometry":{"type":"Point","coordinates":[-57.22793718528499,-25.603678587655]}},{"type":"Feature","properties":{"category":"flow_arrow","class":"tributary","from":[-57.229603851905,-25.609789698595],"to":[-57.229603851905,-25.610345254135]},"geometry":{"type":"Point","coordinates":[-57.229603851905,-25.609789698595]}},{"type":"Feature","properties":{"category":"flow_arrow","class":"tributary","from":[-57.229603851905,-25.609789698595],"to":[-57.229603851905,-25.610345254135]},"geometry":{"type":"Point","coordinates":[-57.229603851905,-25.609789698595]}},{"type":"Feature","properties":{"category":"flow_arrow","class":"tributary","from":[-57.229603851905,-25.609789698595],"to":[-57.229603851905,-25.610345254135]},"geometry":{"type":"Point","coordinates":[-57.229603851905,-25.609789698595]}},{"type":"Feature","properties":{"category":"flow_arrow","class":"tributary","from":[-57.229603851905,-25.609789698595],"to":[-57.229603851905,-25.610345254135]},"geometry":{"type":"Point","coordinates":[-57.229603851905,-25.609789698595]}},{"type":"Feature","properties":{"category":"flow_arrow","class":"tributary","from":[-57.226270518665,-25.585345254835],"to":[-57.229048296364994,-25.582567477135]},"geometry":{"type":"Point","coordinates":[-57.226270518665,-25.585345254835]}},{"type":"Feature","properties":{"category":"flow_arrow","class":"tributary","from":[-57.22571496312499,-25.689234140815],"to":[-57.228492740825,-25.690900807435]},"geometry":{"type":"Point","coordinates":[-57.22571496312499,-25.689234140815]}},{"type":"Feature","properties":{"category":"flow_arrow","class":"tributary","from":[-57.231270518524994,-25.690900807435],"to":[-57.230714962985,-25.690900807435]},"geometry":{"type":"Point","coordinates":[-57.231270518524994,-25.690900807435]}},{"type":"Feature","properties":{"category":"flow_arrow","class":"tributary","from":[-57.231270518524994,-25.690900807435],"to":[-57.230714962985,-25.690900807435]},"geometry":{"type":"Point","coordinates":[-57.231270518524994,-25.690900807435]}},{"type":"Feature","properties":{"category":"flow_arrow","class":"tributary","from":[-57.231270518524994,-25.690900807435],"to":[-57.230714962985,-25.690900807435]},"geometry":{"type":"Point","coordinates":[-57.231270518524994,-25.690900807435]}},{"type":"Feature","properties":{"category":"flow_arrow","class":"tributary","from":[-57.231270518524994,-25.690900807435],"to":[-57.230714962985,-25.690900807435]},"geometry":{"type":"Point","coordinates":[-57.231270518524994,-25.690900807435]}},{"type":"Feature","properties":{"category":"flow_arrow","class":"tributary","from":[-57.225159407585,-25.516456367875],"to":[-57.22793718528499,-25.518123034495]},"geometry":{"type":"Point","coordinates":[-57.225159407585,-25.516456367875]}},{"type":"Feature","properties":{"category":"flow_arrow","class":"tributary","from":[-57.222937185424996,-25.565900810935],"to":[-57.22349274096499,-25.565900810935]},"geometry":{"type":"Point","coordinates":[-57.222937185424996,-25.565900810935]}},{"type":"Feature","properties":{"category":"flow_arrow","class":"tributary","from":[-57.22349274096499,-25.566456366475],"to":[-57.22349274096499,-25.565900810935]},"geometry":{"type":"Point","coordinates":[-57.22349274096499,-25.566456366475]}},{"type":"Feature","properties":{"category":"flow_arrow","class":"tributary","from":[-57.22349274096499,-25.566456366475],"to":[-57.22349274096499,-25.565900810935]},"geometry":{"type":"Point","coordinates":[-57.22349274096499,-25.566456366475]}},{"type":"Feature","properties":{"category":"flow_arrow","class":"tributary","from":[-57.22349274096499,-25.566456366475],"to":[-57.22349274096499,-25.565900810935]},"geometry":{"type":"Point","coordinates":[-57.22349274096499,-25.566456366475]}},{"type":"Feature","properties":{"category":"flow_arrow","class":"tributary","from":[-57.22349274096499,-25.566456366475],"to":[-57.22349274096499,-25.565900810935]},"geometry":{"type":"Point","coordinates":[-57.22349274096499,-25.566456366475]}},{"type":"Feature","properties":{"category":"flow_arrow","class":"tributary","from":[-57.22015940772499,-25.649234141935],"to":[-57.221826074344996,-25.652011919635]},"geometry":{"type":"Point","coordinates":[-57.22015940772499,-25.649234141935]}},{"type":"Feature","properties":{"category":"flow_arrow","class":"tributary","from":[-57.222937185424996,-25.653678586255],"to":[-57.22238162988499,-25.653123030715]},"geometry":{"type":"Point","coordinates":[-57.222937185424996,-25.653678586255]}},{"type":"Feature","properties":{"category":"flow_arrow","class":"tributary","from":[-57.222937185424996,-25.653678586255],"to":[-57.22238162988499,-25.653123030715]},"geometry":{"type":"Point","coordinates":[-57.222937185424996,-25.653678586255]}},{"type":"Feature","properties":{"category":"flow_arrow","class":"tributary","from":[-57.222937185424996,-25.653678586255],"to":[-57.22238162988499,-25.653123030715]},"geometry":{"type":"Point","coordinates":[-57.222937185424996,-25.653678586255]}},{"type":"Feature","properties":{"category":"flow_arrow","class":"tributary","from":[-57.222937185424996,-25.653678586255],"to":[-57.22238162988499,-25.653123030715]},"geometry":{"type":"Point","coordinates":[-57.222937185424996,-25.653678586255]}},{"type":"Feature","properties":{"category":"flow_arrow","class":"main","from":[-57.217381630024995,-25.782567471535],"to":[-57.22015940772499,-25.783123027075]},"geometry":{"type":"Point","coordinates":[-57.217381630024995,-25.782567471535]}},{"type":"Feature","properties":{"category":"flow_arrow","class":"tributary","from":[-57.215159407864995,-25.744789694815],"to":[-57.217937185565,-25.747011916975]},"geometry":{"type":"Point","coordinates":[-57.215159407864995,-25.744789694815]}},{"type":"Feature","properties":{"category":"flow_arrow","class":"tributary","from":[-57.218492741104996,-25.747011916975],"to":[-57.217937185565,-25.747011916975]},"geometry":{"type":"Point","coordinates":[-57.218492741104996,-25.747011916975]}},{"type":"Feature","properties":{"category":"flow_arrow","class":"tributary","from":[-57.218492741104996,-25.747011916975],"to":[-57.217937185565,-25.747011916975]},"geometry":{"type":"Point","coordinates":[-57.218492741104996,-25.747011916975]}},{"type":"Feature","properties":{"category":"flow_arrow","class":"tributary","from":[-57.218492741104996,-25.747011916975],"to":[-57.217937185565,-25.747011916975]},"geometry":{"type":"Point","coordinates":[-57.218492741104996,-25.747011916975]}},{"type":"Feature","properties":{"category":"flow_arrow","class":"tributary","from":[-57.218492741104996,-25.747011916975],"to":[-57.217937185565,-25.747011916975]},"geometry":{"type":"Point","coordinates":[-57.218492741104996,-25.747011916975]}},{"type":"Feature","properties":{"category":"flow_arrow","class":"tributary","from":[-57.212381630165,-25.543123033795],"to":[-57.215159407864995,-25.543678589335]},"geometry":{"type":"Point","coordinates":[-57.212381630165,-25.543123033795]}},{"type":"Feature","properties":{"category":"flow_arrow","class":"tributary","from":[-57.209603852464994,-25.705345251475],"to":[-57.210159408005,-25.705345251475]},"geometry":{"type":"Point","coordinates":[-57.209603852464994,-25.705345251475]}},{"type":"Feature","properties":{"category":"flow_arrow","class":"tributary","from":[-57.210714963544994,-25.705900807015],"to":[-57.210159408005,-25.705345251475]},"geometry":{"type":"Point","coordinates":[-57.210714963544994,-25.705900807015]}},{"type":"Feature","properties":{"category":"flow_arrow","class":"tributary","from":[-57.210714963544994,-25.705900807015],"to":[-57.210159408005,-25.705345251475]},"geometry":{"type":"Point","coordinates":[-57.210714963544994,-25.705900807015]}},{"type":"Feature","properties":{"category":"flow_arrow","class":"tributary","from":[-57.210714963544994,-25.705900807015],"to":[-57.210159408005,-25.705345251475]},"geometry":{"type":"Point","coordinates":[-57.210714963544994,-25.705900807015]}},{"type":"Feature","properties":{"category":"flow_arrow","class":"tributary","from":[-57.210714963544994,-25.705900807015],"to":[-57.210159408005,-25.705345251475]},"geometry":{"type":"Point","coordinates":[-57.210714963544994,-25.705900807015]}},{"type":"Feature","properties":{"category":"flow_arrow","class":"main","from":[-57.209603852464994,-25.721456362135],"to":[-57.212381630165,-25.720900806595]},"geometry":{"type":"Point","coordinates":[-57.209603852464994,-25.721456362135]}},{"type":"Feature","properties":{"category":"flow_arrow","class":"main","from":[-57.213492741245,-25.719789695515],"to":[-57.213492741245,-25.720345251055]},"geometry":{"type":"Point","coordinates":[-57.213492741245,-25.719789695515]}},{"type":"Feature","properties":{"category":"flow_arrow","class":"main","from":[-57.213492741245,-25.719789695515],"to":[-57.213492741245,-25.720345251055]},"geometry":{"type":"Point","coordinates":[-57.213492741245,-25.719789695515]}},{"type":"Feature","properties":{"category":"flow_arrow","class":"main","from":[-57.213492741245,-25.719789695515],"to":[-57.213492741245,-25.720345251055]},"geometry":{"type":"Point","coordinates":[-57.213492741245,-25.719789695515]}},{"type":"Feature","properties":{"category":"flow_arrow","class":"main","from":[-57.213492741245,-25.719789695515],"to":[-57.213492741245,-25.720345251055]},"geometry":{"type":"Point","coordinates":[-57.213492741245,-25.719789695515]}},{"type":"Feature","properties":{"category":"flow_arrow","class":"main","from":[-57.213492741245,-25.719789695515],"to":[-57.213492741245,-25.720345251055]},"geometry":{"type":"Point","coordinates":[-57.213492741245,-25.719789695515]}},{"type":"Feature","properties":{"category":"flow_arrow","class":"main","from":[-57.213492741245,-25.719789695515],"to":[-57.213492741245,-25.720345251055]},"geometry":{"type":"Point","coordinates":[-57.213492741245,-25.719789695515]}},{"type":"Feature","properties":{"category":"flow_arrow","class":"main","from":[-57.213492741245,-25.719789695515],"to":[-57.213492741245,-25.720345251055]},"geometry":{"type":"Point","coordinates":[-57.213492741245,-25.719789695515]}},{"type":"Feature","properties":{"category":"flow_arrow","class":"main","from":[-57.208492741384994,-25.668678585835],"to":[-57.211270519085,-25.668678585835]},"geometry":{"type":"Point","coordinates":[-57.208492741384994,-25.668678585835]}},{"type":"Feature","properties":{"category":"flow_arrow","class":"tributary","from":[-57.206270519224994,-25.513123034635],"to":[-57.206270519224994,-25.512567479095]},"geometry":{"type":"Point","coordinates":[-57.206270519224994,-25.513123034635]}},{"type":"Feature","properties":{"category":"flow_arrow","class":"tributary","from":[-57.206270519224994,-25.512011923555],"to":[-57.206270519224994,-25.512567479095]},"geometry":{"type":"Point","coordinates":[-57.206270519224994,-25.512011923555]}},{"type":"Feature","properties":{"category":"flow_arrow","class":"tributary","from":[-57.206270519224994,-25.512011923555],"to":[-57.206270519224994,-25.512567479095]},"geometry":{"type":"Point","coordinates":[-57.206270519224994,-25.512011923555]}},{"type":"Feature","properties":{"category":"flow_arrow","class":"tributary","from":[-57.206270519224994,-25.512011923555],"to":[-57.206270519224994,-25.512567479095]},"geometry":{"type":"Point","coordinates":[-57.206270519224994,-25.512011923555]}},{"type":"Feature","properties":{"category":"flow_arrow","class":"tributary","from":[-57.206270519224994,-25.512011923555],"to":[-57.206270519224994,-25.512567479095]},"geometry":{"type":"Point","coordinates":[-57.206270519224994,-25.512011923555]}},{"type":"Feature","properties":{"category":"flow_arrow","class":"tributary","from":[-57.200159408284996,-25.465900813735],"to":[-57.199048297204996,-25.463678591575]},"geometry":{"type":"Point","coordinates":[-57.200159408284996,-25.465900813735]}},{"type":"Feature","properties":{"category":"flow_arrow","class":"tributary","from":[-57.195159408425,-25.468678591435],"to":[-57.196270519505,-25.465900813735]},"geometry":{"type":"Point","coordinates":[-57.195159408425,-25.468678591435]}},{"type":"Feature","properties":{"category":"flow_arrow","class":"tributary","from":[-57.196826075044996,-25.465345258195],"to":[-57.196270519505,-25.464789702655]},"geometry":{"type":"Point","coordinates":[-57.196826075044996,-25.465345258195]}},{"type":"Feature","properties":{"category":"flow_arrow","class":"tributary","from":[-57.196826075044996,-25.465345258195],"to":[-57.196270519505,-25.464789702655]},"geometry":{"type":"Point","coordinates":[-57.196826075044996,-25.465345258195]}},{"type":"Feature","properties":{"category":"flow_arrow","class":"tributary","from":[-57.196826075044996,-25.465345258195],"to":[-57.196270519505,-25.464789702655]},"geometry":{"type":"Point","coordinates":[-57.196826075044996,-25.465345258195]}},{"type":"Feature","properties":{"category":"flow_arrow","class":"tributary","from":[-57.196826075044996,-25.465345258195],"to":[-57.196270519505,-25.464789702655]},"geometry":{"type":"Point","coordinates":[-57.196826075044996,-25.465345258195]}},{"type":"Feature","properties":{"category":"flow_arrow","class":"tributary","from":[-57.191270519644995,-25.519234145575002],"to":[-57.191826075185,-25.518678590035]},"geometry":{"type":"Point","coordinates":[-57.191270519644995,-25.519234145575002]}},{"type":"Feature","properties":{"category":"flow_arrow","class":"tributary","from":[-57.186826075324994,-25.579234143895],"to":[-57.187937186404994,-25.581456366055]},"geometry":{"type":"Point","coordinates":[-57.186826075324994,-25.579234143895]}},{"type":"Feature","properties":{"category":"flow_arrow","class":"tributary","from":[-57.190159408564995,-25.584789699295],"to":[-57.190159408564995,-25.584234143755]},"geometry":{"type":"Point","coordinates":[-57.190159408564995,-25.584789699295]}},{"type":"Feature","properties":{"category":"flow_arrow","class":"tributary","from":[-57.190159408564995,-25.584789699295],"to":[-57.190159408564995,-25.584234143755]},"geometry":{"type":"Point","coordinates":[-57.190159408564995,-25.584789699295]}},{"type":"Feature","properties":{"category":"flow_arrow","class":"tributary","from":[-57.190159408564995,-25.584789699295],"to":[-57.190159408564995,-25.584234143755]},"geometry":{"type":"Point","coordinates":[-57.190159408564995,-25.584789699295]}},{"type":"Feature","properties":{"category":"flow_arrow","class":"tributary","from":[-57.190159408564995,-25.584789699295],"to":[-57.190159408564995,-25.584234143755]},"geometry":{"type":"Point","coordinates":[-57.190159408564995,-25.584789699295]}},{"type":"Feature","properties":{"category":"flow_arrow","class":"tributary","from":[-57.18127051992499,-25.745900805895],"to":[-57.184048297625,-25.747011916975]},"geometry":{"type":"Point","coordinates":[-57.18127051992499,-25.745900805895]}},{"type":"Feature","properties":{"category":"flow_arrow","class":"tributary","from":[-57.178492742225,-25.713123029035],"to":[-57.18015940884499,-25.714789695655]},"geometry":{"type":"Point","coordinates":[-57.178492742225,-25.713123029035]}},{"type":"Feature","properties":{"category":"flow_arrow","class":"tributary","from":[-57.180714964385,-25.715345251195],"to":[-57.18015940884499,-25.714789695655]},"geometry":{"type":"Point","coordinates":[-57.180714964385,-25.715345251195]}},{"type":"Feature","properties":{"category":"flow_arrow","class":"tributary","from":[-57.180714964385,-25.715345251195],"to":[-57.18015940884499,-25.714789695655]},"geometry":{"type":"Point","coordinates":[-57.180714964385,-25.715345251195]}},{"type":"Feature","properties":{"category":"flow_arrow","class":"tributary","from":[-57.180714964385,-25.715345251195],"to":[-57.18015940884499,-25.714789695655]},"geometry":{"type":"Point","coordinates":[-57.180714964385,-25.715345251195]}},{"type":"Feature","properties":{"category":"flow_arrow","class":"tributary","from":[-57.180714964385,-25.715345251195],"to":[-57.18015940884499,-25.714789695655]},"geometry":{"type":"Point","coordinates":[-57.180714964385,-25.715345251195]}},{"type":"Feature","properties":{"category":"flow_arrow","class":"tributary","from":[-57.173492742365,-25.502567479375],"to":[-57.174048297904996,-25.500345257215]},"geometry":{"type":"Point","coordinates":[-57.173492742365,-25.502567479375]}},{"type":"Feature","properties":{"category":"flow_arrow","class":"tributary","from":[-57.172937186824996,-25.533123034075],"to":[-57.17460385344499,-25.534789700695]},"geometry":{"type":"Point","coordinates":[-57.172937186824996,-25.533123034075]}},{"type":"Feature","properties":{"category":"flow_arrow","class":"tributary","from":[-57.17460385344499,-25.535345256235],"to":[-57.17460385344499,-25.534789700695]},"geometry":{"type":"Point","coordinates":[-57.17460385344499,-25.535345256235]}},{"type":"Feature","properties":{"category":"flow_arrow","class":"tributary","from":[-57.17460385344499,-25.535345256235],"to":[-57.17460385344499,-25.534789700695]},"geometry":{"type":"Point","coordinates":[-57.17460385344499,-25.535345256235]}},{"type":"Feature","properties":{"category":"flow_arrow","class":"tributary","from":[-57.17460385344499,-25.535345256235],"to":[-57.17460385344499,-25.534789700695]},"geometry":{"type":"Point","coordinates":[-57.17460385344499,-25.535345256235]}},{"type":"Feature","properties":{"category":"flow_arrow","class":"tributary","from":[-57.17460385344499,-25.535345256235],"to":[-57.17460385344499,-25.534789700695]},"geometry":{"type":"Point","coordinates":[-57.17460385344499,-25.535345256235]}},{"type":"Feature","properties":{"category":"flow_arrow","class":"main","from":[-57.172381631285,-25.512567479095],"to":[-57.171826075744995,-25.509789701395]},"geometry":{"type":"Point","coordinates":[-57.172381631285,-25.512567479095]}},{"type":"Feature","properties":{"category":"flow_arrow","class":"main","from":[-57.170714964664995,-25.507567479235],"to":[-57.171270520205,-25.508123034775]},"geometry":{"type":"Point","coordinates":[-57.170714964664995,-25.507567479235]}},{"type":"Feature","properties":{"category":"flow_arrow","class":"main","from":[-57.170714964664995,-25.507567479235],"to":[-57.171270520205,-25.508123034775]},"geometry":{"type":"Point","coordinates":[-57.170714964664995,-25.507567479235]}},{"type":"Feature","properties":{"category":"flow_arrow","class":"main","from":[-57.170714964664995,-25.507567479235],"to":[-57.171270520205,-25.508123034775]},"geometry":{"type":"Point","coordinates":[-57.170714964664995,-25.507567479235]}},{"type":"Feature","properties":{"category":"flow_arrow","class":"main","from":[-57.170714964664995,-25.507567479235],"to":[-57.171270520205,-25.508123034775]},"geometry":{"type":"Point","coordinates":[-57.170714964664995,-25.507567479235]}},{"type":"Feature","properties":{"category":"flow_arrow","class":"main","from":[-57.170714964664995,-25.507567479235],"to":[-57.171270520205,-25.508123034775]},"geometry":{"type":"Point","coordinates":[-57.170714964664995,-25.507567479235]}},{"type":"Feature","properties":{"category":"flow_arrow","class":"main","from":[-57.170714964664995,-25.507567479235],"to":[-57.171270520205,-25.508123034775]},"geometry":{"type":"Point","coordinates":[-57.170714964664995,-25.507567479235]}},{"type":"Feature","properties":{"category":"flow_arrow","class":"main","from":[-57.170714964664995,-25.507567479235],"to":[-57.171270520205,-25.508123034775]},"geometry":{"type":"Point","coordinates":[-57.170714964664995,-25.507567479235]}},{"type":"Feature","properties":{"category":"flow_arrow","class":"tributary","from":[-57.171826075744995,-25.500345257215],"to":[-57.172381631285,-25.498678590595]},"geometry":{"type":"Point","coordinates":[-57.171826075744995,-25.500345257215]}},{"type":"Feature","properties":{"category":"flow_arrow","class":"tributary","from":[-57.172381631285,-25.499234146135],"to":[-57.172381631285,-25.498678590595]},"geometry":{"type":"Point","coordinates":[-57.172381631285,-25.499234146135]}},{"type":"Feature","properties":{"category":"flow_arrow","class":"tributary","from":[-57.172381631285,-25.499234146135],"to":[-57.172381631285,-25.498678590595]},"geometry":{"type":"Point","coordinates":[-57.172381631285,-25.499234146135]}},{"type":"Feature","properties":{"category":"flow_arrow","class":"tributary","from":[-57.172381631285,-25.499234146135],"to":[-57.172381631285,-25.498678590595]},"geometry":{"type":"Point","coordinates":[-57.172381631285,-25.499234146135]}},{"type":"Feature","properties":{"category":"flow_arrow","class":"tributary","from":[-57.172381631285,-25.499234146135],"to":[-57.172381631285,-25.498678590595]},"geometry":{"type":"Point","coordinates":[-57.172381631285,-25.499234146135]}},{"type":"Feature","properties":{"category":"flow_arrow","class":"tributary","from":[-57.164048298184994,-25.478123035615],"to":[-57.165159409264994,-25.476456368995]},"geometry":{"type":"Point","coordinates":[-57.164048298184994,-25.478123035615]}},{"type":"Feature","properties":{"category":"flow_arrow","class":"tributary","from":[-57.165159409264994,-25.477011924535],"to":[-57.165159409264994,-25.476456368995]},"geometry":{"type":"Point","coordinates":[-57.165159409264994,-25.477011924535]}},{"type":"Feature","properties":{"category":"flow_arrow","class":"tributary","from":[-57.165159409264994,-25.477011924535],"to":[-57.165159409264994,-25.476456368995]},"geometry":{"type":"Point","coordinates":[-57.165159409264994,-25.477011924535]}},{"type":"Feature","properties":{"category":"flow_arrow","class":"tributary","from":[-57.165159409264994,-25.477011924535],"to":[-57.165159409264994,-25.476456368995]},"geometry":{"type":"Point","coordinates":[-57.165159409264994,-25.477011924535]}},{"type":"Feature","properties":{"category":"flow_arrow","class":"tributary","from":[-57.165159409264994,-25.477011924535],"to":[-57.165159409264994,-25.476456368995]},"geometry":{"type":"Point","coordinates":[-57.165159409264994,-25.477011924535]}},{"type":"Feature","properties":{"category":"flow_arrow","class":"tributary","from":[-57.163492742645,-25.653123030715],"to":[-57.165714964805,-25.655900808415]},"geometry":{"type":"Point","coordinates":[-57.163492742645,-25.653123030715]}},{"type":"Feature","properties":{"category":"flow_arrow","class":"tributary","from":[-57.161270520485,-25.488123035335],"to":[-57.161826076024994,-25.487567479795]},"geometry":{"type":"Point","coordinates":[-57.161270520485,-25.488123035335]}},{"type":"Feature","properties":{"category":"flow_arrow","class":"tributary","from":[-57.157937187245,-25.580900810515],"to":[-57.15849274278499,-25.583678588215]},"geometry":{"type":"Point","coordinates":[-57.157937187245,-25.580900810515]}},{"type":"Feature","properties":{"category":"flow_arrow","class":"main","from":[-57.155714965085,-25.769234138575],"to":[-57.157937187245,-25.767567471955]},"geometry":{"type":"Point","coordinates":[-57.155714965085,-25.769234138575]}},{"type":"Feature","properties":{"category":"flow_arrow","class":"main","from":[-57.160714964944994,-25.765900805335],"to":[-57.160159409405,-25.765900805335]},"geometry":{"type":"Point","coordinates":[-57.160714964944994,-25.765900805335]}},{"type":"Feature","properties":{"category":"flow_arrow","class":"main","from":[-57.160714964944994,-25.765900805335],"to":[-57.160159409405,-25.765900805335]},"geometry":{"type":"Point","coordinates":[-57.160714964944994,-25.765900805335]}},{"type":"Feature","properties":{"category":"flow_arrow","class":"main","from":[-57.160714964944994,-25.765900805335],"to":[-57.160159409405,-25.765900805335]},"geometry":{"type":"Point","coordinates":[-57.160714964944994,-25.765900805335]}},{"type":"Feature","properties":{"category":"flow_arrow","class":"main","from":[-57.160714964944994,-25.765900805335],"to":[-57.160159409405,-25.765900805335]},"geometry":{"type":"Point","coordinates":[-57.160714964944994,-25.765900805335]}},{"type":"Feature","properties":{"category":"flow_arrow","class":"main","from":[-57.160714964944994,-25.765900805335],"to":[-57.160159409405,-25.765900805335]},"geometry":{"type":"Point","coordinates":[-57.160714964944994,-25.765900805335]}},{"type":"Feature","properties":{"category":"flow_arrow","class":"main","from":[-57.160714964944994,-25.765900805335],"to":[-57.160159409405,-25.765900805335]},"geometry":{"type":"Point","coordinates":[-57.160714964944994,-25.765900805335]}},{"type":"Feature","properties":{"category":"flow_arrow","class":"main","from":[-57.160714964944994,-25.765900805335],"to":[-57.160159409405,-25.765900805335]},"geometry":{"type":"Point","coordinates":[-57.160714964944994,-25.765900805335]}},{"type":"Feature","properties":{"category":"flow_arrow","class":"tributary","from":[-57.147381631985,-25.521456367735],"to":[-57.146270520905,-25.518678590035]},"geometry":{"type":"Point","coordinates":[-57.147381631985,-25.521456367735]}},{"type":"Feature","properties":{"category":"flow_arrow","class":"tributary","from":[-57.144603854284995,-25.514789701255],"to":[-57.144603854284995,-25.514234145715]},"geometry":{"type":"Point","coordinates":[-57.144603854284995,-25.514789701255]}},{"type":"Feature","properties":{"category":"flow_arrow","class":"tributary","from":[-57.144603854284995,-25.514789701255],"to":[-57.144603854284995,-25.514234145715]},"geometry":{"type":"Point","coordinates":[-57.144603854284995,-25.514789701255]}},{"type":"Feature","properties":{"category":"flow_arrow","class":"tributary","from":[-57.144603854284995,-25.514789701255],"to":[-57.144603854284995,-25.514234145715]},"geometry":{"type":"Point","coordinates":[-57.144603854284995,-25.514789701255]}},{"type":"Feature","properties":{"category":"flow_arrow","class":"tributary","from":[-57.144603854284995,-25.514789701255],"to":[-57.144603854284995,-25.514234145715]},"geometry":{"type":"Point","coordinates":[-57.144603854284995,-25.514789701255]}},{"type":"Feature","properties":{"category":"flow_arrow","class":"tributary","from":[-57.144603854284995,-25.729789695235],"to":[-57.145714965364995,-25.729789695235]},"geometry":{"type":"Point","coordinates":[-57.144603854284995,-25.729789695235]}},{"type":"Feature","properties":{"category":"flow_arrow","class":"tributary","from":[-57.146270520905,-25.730345250775],"to":[-57.145714965364995,-25.729789695235]},"geometry":{"type":"Point","coordinates":[-57.146270520905,-25.730345250775]}},{"type":"Feature","properties":{"category":"flow_arrow","class":"tributary","from":[-57.146270520905,-25.730345250775],"to":[-57.145714965364995,-25.729789695235]},"geometry":{"type":"Point","coordinates":[-57.146270520905,-25.730345250775]}},{"type":"Feature","properties":{"category":"flow_arrow","class":"tributary","from":[-57.146270520905,-25.730345250775],"to":[-57.145714965364995,-25.729789695235]},"geometry":{"type":"Point","coordinates":[-57.146270520905,-25.730345250775]}},{"type":"Feature","properties":{"category":"flow_arrow","class":"tributary","from":[-57.146270520905,-25.730345250775],"to":[-57.145714965364995,-25.729789695235]},"geometry":{"type":"Point","coordinates":[-57.146270520905,-25.730345250775]}},{"type":"Feature","properties":{"category":"flow_arrow","class":"tributary","from":[-57.142381632124994,-25.712011917955],"to":[-57.145159409825,-25.712011917955]},"geometry":{"type":"Point","coordinates":[-57.142381632124994,-25.712011917955]}},{"type":"Feature","properties":{"category":"flow_arrow","class":"tributary","from":[-57.146826076444995,-25.713123029035],"to":[-57.146826076444995,-25.713678584575]},"geometry":{"type":"Point","coordinates":[-57.146826076444995,-25.713123029035]}},{"type":"Feature","properties":{"category":"flow_arrow","class":"tributary","from":[-57.146826076444995,-25.713123029035],"to":[-57.146826076444995,-25.713678584575]},"geometry":{"type":"Point","coordinates":[-57.146826076444995,-25.713123029035]}},{"type":"Feature","properties":{"category":"flow_arrow","class":"tributary","from":[-57.146826076444995,-25.713123029035],"to":[-57.146826076444995,-25.713678584575]},"geometry":{"type":"Point","coordinates":[-57.146826076444995,-25.713123029035]}},{"type":"Feature","properties":{"category":"flow_arrow","class":"tributary","from":[-57.146826076444995,-25.713123029035],"to":[-57.146826076444995,-25.713678584575]},"geometry":{"type":"Point","coordinates":[-57.146826076444995,-25.713123029035]}},{"type":"Feature","properties":{"category":"flow_arrow","class":"main","from":[-57.140714965505,-25.522567478815],"to":[-57.142381632124994,-25.522011923275]},"geometry":{"type":"Point","coordinates":[-57.140714965505,-25.522567478815]}},{"type":"Feature","properties":{"category":"flow_arrow","class":"tributary","from":[-57.126270521464996,-25.633123031275],"to":[-57.126826077005,-25.634789697895002]},"geometry":{"type":"Point","coordinates":[-57.126270521464996,-25.633123031275]}},{"type":"Feature","properties":{"category":"flow_arrow","class":"tributary","from":[-57.126826077005,-25.635345253435],"to":[-57.126826077005,-25.634789697895002]},"geometry":{"type":"Point","coordinates":[-57.126826077005,-25.635345253435]}},{"type":"Feature","properties":{"category":"flow_arrow","class":"tributary","from":[-57.126826077005,-25.635345253435],"to":[-57.126826077005,-25.634789697895002]},"geometry":{"type":"Point","coordinates":[-57.126826077005,-25.635345253435]}},{"type":"Feature","properties":{"category":"flow_arrow","class":"tributary","from":[-57.126826077005,-25.635345253435],"to":[-57.126826077005,-25.634789697895002]},"geometry":{"type":"Point","coordinates":[-57.126826077005,-25.635345253435]}},{"type":"Feature","properties":{"category":"flow_arrow","class":"tributary","from":[-57.126826077005,-25.635345253435],"to":[-57.126826077005,-25.634789697895002]},"geometry":{"type":"Point","coordinates":[-57.126826077005,-25.635345253435]}},{"type":"Feature","properties":{"category":"flow_arrow","class":"tributary","from":[-57.122381632685,-25.650345253015],"to":[-57.125159410384995,-25.652567475175]},"geometry":{"type":"Point","coordinates":[-57.122381632685,-25.650345253015]}},{"type":"Feature","properties":{"category":"flow_arrow","class":"tributary","from":[-57.125714965925,-25.653123030715],"to":[-57.125714965925,-25.653678586255]},"geometry":{"type":"Point","coordinates":[-57.125714965925,-25.653123030715]}},{"type":"Feature","properties":{"category":"flow_arrow","class":"tributary","from":[-57.125714965925,-25.653123030715],"to":[-57.125714965925,-25.653678586255]},"geometry":{"type":"Point","coordinates":[-57.125714965925,-25.653123030715]}},{"type":"Feature","properties":{"category":"flow_arrow","class":"tributary","from":[-57.125714965925,-25.653123030715],"to":[-57.125714965925,-25.653678586255]},"geometry":{"type":"Point","coordinates":[-57.125714965925,-25.653123030715]}},{"type":"Feature","properties":{"category":"flow_arrow","class":"tributary","from":[-57.125714965925,-25.653123030715],"to":[-57.125714965925,-25.653678586255]},"geometry":{"type":"Point","coordinates":[-57.125714965925,-25.653123030715]}},{"type":"Feature","properties":{"category":"flow_arrow","class":"tributary","from":[-57.121826077144995,-25.775900805055],"to":[-57.121826077144995,-25.778123027215]},"geometry":{"type":"Point","coordinates":[-57.121826077144995,-25.775900805055]}},{"type":"Feature","properties":{"category":"flow_arrow","class":"tributary","from":[-57.121270521605,-25.652011919635],"to":[-57.121826077144995,-25.652011919635]},"geometry":{"type":"Point","coordinates":[-57.121270521605,-25.652011919635]}},{"type":"Feature","properties":{"category":"flow_arrow","class":"tributary","from":[-57.120714966064995,-25.586456365915],"to":[-57.123492743765,-25.585900810375]},"geometry":{"type":"Point","coordinates":[-57.120714966064995,-25.586456365915]}},{"type":"Feature","properties":{"category":"flow_arrow","class":"tributary","from":[-57.126270521464996,-25.584234143755],"to":[-57.126270521464996,-25.584789699295]},"geometry":{"type":"Point","coordinates":[-57.126270521464996,-25.584234143755]}},{"type":"Feature","properties":{"category":"flow_arrow","class":"tributary","from":[-57.126270521464996,-25.584234143755],"to":[-57.126270521464996,-25.584789699295]},"geometry":{"type":"Point","coordinates":[-57.126270521464996,-25.584234143755]}},{"type":"Feature","properties":{"category":"flow_arrow","class":"tributary","from":[-57.126270521464996,-25.584234143755],"to":[-57.126270521464996,-25.584789699295]},"geometry":{"type":"Point","coordinates":[-57.126270521464996,-25.584234143755]}},{"type":"Feature","properties":{"category":"flow_arrow","class":"tributary","from":[-57.126270521464996,-25.584234143755],"to":[-57.126270521464996,-25.584789699295]},"geometry":{"type":"Point","coordinates":[-57.126270521464996,-25.584234143755]}},{"type":"Feature","properties":{"category":"flow_arrow","class":"tributary","from":[-57.117937188365,-25.620345253855],"to":[-57.120714966064995,-25.622567476015]},"geometry":{"type":"Point","coordinates":[-57.117937188365,-25.620345253855]}},{"type":"Feature","properties":{"category":"flow_arrow","class":"tributary","from":[-57.121270521605,-25.622011920475],"to":[-57.121826077144995,-25.622011920475]},"geometry":{"type":"Point","coordinates":[-57.121270521605,-25.622011920475]}},{"type":"Feature","properties":{"category":"flow_arrow","class":"tributary","from":[-57.121270521605,-25.622011920475],"to":[-57.121826077144995,-25.622011920475]},"geometry":{"type":"Point","coordinates":[-57.121270521605,-25.622011920475]}},{"type":"Feature","properties":{"category":"flow_arrow","class":"tributary","from":[-57.121270521605,-25.622011920475],"to":[-57.121826077144995,-25.622011920475]},"geometry":{"type":"Point","coordinates":[-57.121270521605,-25.622011920475]}},{"type":"Feature","properties":{"category":"flow_arrow","class":"tributary","from":[-57.121270521605,-25.622011920475],"to":[-57.121826077144995,-25.622011920475]},"geometry":{"type":"Point","coordinates":[-57.121270521605,-25.622011920475]}},{"type":"Feature","properties":{"category":"flow_arrow","class":"tributary","from":[-57.116270521744994,-25.643678586535],"to":[-57.119048299445,-25.644234142075]},"geometry":{"type":"Point","coordinates":[-57.116270521744994,-25.643678586535]}},{"type":"Feature","properties":{"category":"flow_arrow","class":"tributary","from":[-57.122937188224995,-25.642567475455],"to":[-57.123492743765,-25.642567475455]},"geometry":{"type":"Point","coordinates":[-57.122937188224995,-25.642567475455]}},{"type":"Feature","properties":{"category":"flow_arrow","class":"tributary","from":[-57.122937188224995,-25.642567475455],"to":[-57.123492743765,-25.642567475455]},"geometry":{"type":"Point","coordinates":[-57.122937188224995,-25.642567475455]}},{"type":"Feature","properties":{"category":"flow_arrow","class":"tributary","from":[-57.122937188224995,-25.642567475455],"to":[-57.123492743765,-25.642567475455]},"geometry":{"type":"Point","coordinates":[-57.122937188224995,-25.642567475455]}},{"type":"Feature","properties":{"category":"flow_arrow","class":"tributary","from":[-57.122937188224995,-25.642567475455],"to":[-57.123492743765,-25.642567475455]},"geometry":{"type":"Point","coordinates":[-57.122937188224995,-25.642567475455]}},{"type":"Feature","properties":{"category":"flow_arrow","class":"tributary","from":[-57.114603855125,-25.639234142215],"to":[-57.115159410664994,-25.639789697755]},"geometry":{"type":"Point","coordinates":[-57.114603855125,-25.639234142215]}},{"type":"Feature","properties":{"category":"flow_arrow","class":"main","from":[-57.111270521885,-25.715900806735],"to":[-57.114048299584994,-25.714789695655]},"geometry":{"type":"Point","coordinates":[-57.111270521885,-25.715900806735]}},{"type":"Feature","properties":{"category":"flow_arrow","class":"main","from":[-57.117937188365,-25.717567473355],"to":[-57.117937188365,-25.717011917815]},"geometry":{"type":"Point","coordinates":[-57.117937188365,-25.717567473355]}},{"type":"Feature","properties":{"category":"flow_arrow","class":"main","from":[-57.117937188365,-25.717567473355],"to":[-57.117937188365,-25.717011917815]},"geometry":{"type":"Point","coordinates":[-57.117937188365,-25.717567473355]}},{"type":"Feature","properties":{"category":"flow_arrow","class":"main","from":[-57.117937188365,-25.717567473355],"to":[-57.117937188365,-25.717011917815]},"geometry":{"type":"Point","coordinates":[-57.117937188365,-25.717567473355]}},{"type":"Feature","properties":{"category":"flow_arrow","class":"main","from":[-57.117937188365,-25.717567473355],"to":[-57.117937188365,-25.717011917815]},"geometry":{"type":"Point","coordinates":[-57.117937188365,-25.717567473355]}},{"type":"Feature","properties":{"category":"flow_arrow","class":"main","from":[-57.117937188365,-25.717567473355],"to":[-57.117937188365,-25.717011917815]},"geometry":{"type":"Point","coordinates":[-57.117937188365,-25.717567473355]}},{"type":"Feature","properties":{"category":"flow_arrow","class":"main","from":[-57.117937188365,-25.717567473355],"to":[-57.117937188365,-25.717011917815]},"geometry":{"type":"Point","coordinates":[-57.117937188365,-25.717567473355]}},{"type":"Feature","properties":{"category":"flow_arrow","class":"main","from":[-57.117937188365,-25.717567473355],"to":[-57.117937188365,-25.717011917815]},"geometry":{"type":"Point","coordinates":[-57.117937188365,-25.717567473355]}},{"type":"Feature","properties":{"category":"flow_arrow","class":"tributary","from":[-57.11071496634499,-25.676456363395],"to":[-57.11293718850499,-25.679234141095]},"geometry":{"type":"Point","coordinates":[-57.11071496634499,-25.676456363395]}},{"type":"Feature","properties":{"category":"flow_arrow","class":"tributary","from":[-57.11293718850499,-25.683123029875],"to":[-57.11293718850499,-25.682567474335]},"geometry":{"type":"Point","coordinates":[-57.11293718850499,-25.683123029875]}},{"type":"Feature","properties":{"category":"flow_arrow","class":"tributary","from":[-57.11293718850499,-25.683123029875],"to":[-57.11293718850499,-25.682567474335]},"geometry":{"type":"Point","coordinates":[-57.11293718850499,-25.683123029875]}},{"type":"Feature","properties":{"category":"flow_arrow","class":"tributary","from":[-57.11293718850499,-25.683123029875],"to":[-57.11293718850499,-25.682567474335]},"geometry":{"type":"Point","coordinates":[-57.11293718850499,-25.683123029875]}},{"type":"Feature","properties":{"category":"flow_arrow","class":"tributary","from":[-57.11293718850499,-25.683123029875],"to":[-57.11293718850499,-25.682567474335]},"geometry":{"type":"Point","coordinates":[-57.11293718850499,-25.683123029875]}},{"type":"Feature","properties":{"category":"flow_arrow","class":"tributary","from":[-57.105714966484996,-25.752011916835],"to":[-57.10515941094499,-25.751456361295]},"geometry":{"type":"Point","coordinates":[-57.105714966484996,-25.752011916835]}},{"type":"Feature","properties":{"category":"flow_arrow","class":"main","from":[-57.09015941136499,-25.557567477835],"to":[-57.088492744745,-25.554789700135]},"geometry":{"type":"Point","coordinates":[-57.09015941136499,-25.557567477835]}},{"type":"Feature","properties":{"category":"flow_arrow","class":"tributary","from":[-57.08793718920499,-25.472011924675],"to":[-57.089603855825,-25.473678591295]},"geometry":{"type":"Point","coordinates":[-57.08793718920499,-25.472011924675]}},{"type":"Feature","properties":{"category":"flow_arrow","class":"tributary","from":[-57.08682607812499,-25.527567478675],"to":[-57.088492744745,-25.527011923135]},"geometry":{"type":"Point","coordinates":[-57.08682607812499,-25.527567478675]}},{"type":"Feature","properties":{"category":"flow_arrow","class":"tributary","from":[-57.08460385596499,-25.562011922155],"to":[-57.08460385596499,-25.561456366615]},"geometry":{"type":"Point","coordinates":[-57.08460385596499,-25.562011922155]}},{"type":"Feature","properties":{"category":"flow_arrow","class":"tributary","from":[-57.080714967184996,-25.711456362415],"to":[-57.081826078264996,-25.714234140115]},"geometry":{"type":"Point","coordinates":[-57.080714967184996,-25.711456362415]}},{"type":"Feature","properties":{"category":"flow_arrow","class":"tributary","from":[-57.077937189485,-25.686456363115],"to":[-57.080714967184996,-25.685345252035]},"geometry":{"type":"Point","coordinates":[-57.077937189485,-25.686456363115]}},{"type":"Feature","properties":{"category":"flow_arrow","class":"tributary","from":[-57.084048300424996,-25.686456363115],"to":[-57.084048300424996,-25.685900807575]},"geometry":{"type":"Point","coordinates":[-57.084048300424996,-25.686456363115]}},{"type":"Feature","properties":{"category":"flow_arrow","class":"tributary","from":[-57.084048300424996,-25.686456363115],"to":[-57.084048300424996,-25.685900807575]},"geometry":{"type":"Point","coordinates":[-57.084048300424996,-25.686456363115]}},{"type":"Feature","properties":{"category":"flow_arrow","class":"tributary","from":[-57.084048300424996,-25.686456363115],"to":[-57.084048300424996,-25.685900807575]},"geometry":{"type":"Point","coordinates":[-57.084048300424996,-25.686456363115]}},{"type":"Feature","properties":{"category":"flow_arrow","class":"tributary","from":[-57.084048300424996,-25.686456363115],"to":[-57.084048300424996,-25.685900807575]},"geometry":{"type":"Point","coordinates":[-57.084048300424996,-25.686456363115]}},{"type":"Feature","properties":{"category":"flow_arrow","class":"main","from":[-57.075159411784995,-25.548678589195],"to":[-57.075159411784995,-25.545900811495]},"geometry":{"type":"Point","coordinates":[-57.075159411784995,-25.548678589195]}},{"type":"Feature","properties":{"category":"flow_arrow","class":"tributary","from":[-57.073492745165,-25.549234144735],"to":[-57.074048300704995,-25.548678589195]},"geometry":{"type":"Point","coordinates":[-57.073492745165,-25.549234144735]}},{"type":"Feature","properties":{"category":"flow_arrow","class":"tributary","from":[-57.071826078544994,-25.651456364095],"to":[-57.074603856245,-25.650900808555]},"geometry":{"type":"Point","coordinates":[-57.071826078544994,-25.651456364095]}},{"type":"Feature","properties":{"category":"flow_arrow","class":"tributary","from":[-57.076270522864995,-25.651456364095],"to":[-57.075714967325,-25.651456364095]},"geometry":{"type":"Point","coordinates":[-57.076270522864995,-25.651456364095]}},{"type":"Feature","properties":{"category":"flow_arrow","class":"tributary","from":[-57.076270522864995,-25.651456364095],"to":[-57.075714967325,-25.651456364095]},"geometry":{"type":"Point","coordinates":[-57.076270522864995,-25.651456364095]}},{"type":"Feature","properties":{"category":"flow_arrow","class":"tributary","from":[-57.076270522864995,-25.651456364095],"to":[-57.075714967325,-25.651456364095]},"geometry":{"type":"Point","coordinates":[-57.076270522864995,-25.651456364095]}},{"type":"Feature","properties":{"category":"flow_arrow","class":"tributary","from":[-57.076270522864995,-25.651456364095],"to":[-57.075714967325,-25.651456364095]},"geometry":{"type":"Point","coordinates":[-57.076270522864995,-25.651456364095]}},{"type":"Feature","properties":{"category":"flow_arrow","class":"tributary","from":[-57.071270523005,-25.676456363395],"to":[-57.071826078544994,-25.675900807855]},"geometry":{"type":"Point","coordinates":[-57.071270523005,-25.676456363395]}},{"type":"Feature","properties":{"category":"flow_arrow","class":"main","from":[-57.070159411925,-25.434789703495],"to":[-57.067937189765,-25.433123036875]},"geometry":{"type":"Point","coordinates":[-57.070159411925,-25.434789703495]}},{"type":"Feature","properties":{"category":"flow_arrow","class":"main","from":[-57.065714967605,-25.430345259175],"to":[-57.06627052314499,-25.430900814715]},"geometry":{"type":"Point","coordinates":[-57.065714967605,-25.430345259175]}},{"type":"Feature","properties":{"category":"flow_arrow","class":"main","from":[-57.065714967605,-25.430345259175],"to":[-57.06627052314499,-25.430900814715]},"geometry":{"type":"Point","coordinates":[-57.065714967605,-25.430345259175]}},{"type":"Feature","properties":{"category":"flow_arrow","class":"main","from":[-57.065714967605,-25.430345259175],"to":[-57.06627052314499,-25.430900814715]},"geometry":{"type":"Point","coordinates":[-57.065714967605,-25.430345259175]}},{"type":"Feature","properties":{"category":"flow_arrow","class":"main","from":[-57.065714967605,-25.430345259175],"to":[-57.06627052314499,-25.430900814715]},"geometry":{"type":"Point","coordinates":[-57.065714967605,-25.430345259175]}},{"type":"Feature","properties":{"category":"flow_arrow","class":"main","from":[-57.065714967605,-25.430345259175],"to":[-57.06627052314499,-25.430900814715]},"geometry":{"type":"Point","coordinates":[-57.065714967605,-25.430345259175]}},{"type":"Feature","properties":{"category":"flow_arrow","class":"main","from":[-57.065714967605,-25.430345259175],"to":[-57.06627052314499,-25.430900814715]},"geometry":{"type":"Point","coordinates":[-57.065714967605,-25.430345259175]}},{"type":"Feature","properties":{"category":"flow_arrow","class":"main","from":[-57.065714967605,-25.430345259175],"to":[-57.06627052314499,-25.430900814715]},"geometry":{"type":"Point","coordinates":[-57.065714967605,-25.430345259175]}},{"type":"Feature","properties":{"category":"flow_arrow","class":"tributary","from":[-57.070159411925,-25.597567476715],"to":[-57.072937189624994,-25.599789698875]},"geometry":{"type":"Point","coordinates":[-57.070159411925,-25.597567476715]}},{"type":"Feature","properties":{"category":"flow_arrow","class":"tributary","from":[-57.064603856525,-25.613123031835],"to":[-57.066826078685,-25.614789698455]},"geometry":{"type":"Point","coordinates":[-57.064603856525,-25.613123031835]}},{"type":"Feature","properties":{"category":"flow_arrow","class":"tributary","from":[-57.06182607882499,-25.640900808835],"to":[-57.062381634364996,-25.640900808835]},"geometry":{"type":"Point","coordinates":[-57.06182607882499,-25.640900808835]}},{"type":"Feature","properties":{"category":"flow_arrow","class":"tributary","from":[-57.061270523284996,-25.525900812055],"to":[-57.061270523284996,-25.523123034355]},"geometry":{"type":"Point","coordinates":[-57.061270523284996,-25.525900812055]}},{"type":"Feature","properties":{"category":"flow_arrow","class":"tributary","from":[-57.061270523284996,-25.522567478815],"to":[-57.061270523284996,-25.523123034355]},"geometry":{"type":"Point","coordinates":[-57.061270523284996,-25.522567478815]}},{"type":"Feature","properties":{"category":"flow_arrow","class":"tributary","from":[-57.061270523284996,-25.522567478815],"to":[-57.061270523284996,-25.523123034355]},"geometry":{"type":"Point","coordinates":[-57.061270523284996,-25.522567478815]}},{"type":"Feature","properties":{"category":"flow_arrow","class":"tributary","from":[-57.061270523284996,-25.522567478815],"to":[-57.061270523284996,-25.523123034355]},"geometry":{"type":"Point","coordinates":[-57.061270523284996,-25.522567478815]}},{"type":"Feature","properties":{"category":"flow_arrow","class":"tributary","from":[-57.061270523284996,-25.522567478815],"to":[-57.061270523284996,-25.523123034355]},"geometry":{"type":"Point","coordinates":[-57.061270523284996,-25.522567478815]}},{"type":"Feature","properties":{"category":"flow_arrow","class":"tributary","from":[-57.055159412345,-25.504789701535],"to":[-57.057381634505,-25.503678590455]},"geometry":{"type":"Point","coordinates":[-57.055159412345,-25.504789701535]}},{"type":"Feature","properties":{"category":"flow_arrow","class":"tributary","from":[-57.055159412345,-25.759234138855],"to":[-57.055714967884995,-25.758123027775]},"geometry":{"type":"Point","coordinates":[-57.055159412345,-25.759234138855]}},{"type":"Feature","properties":{"category":"flow_arrow","class":"tributary","from":[-57.055159412345,-25.758123027775],"to":[-57.055714967884995,-25.758123027775]},"geometry":{"type":"Point","coordinates":[-57.055159412345,-25.758123027775]}},{"type":"Feature","properties":{"category":"flow_arrow","class":"tributary","from":[-57.055159412345,-25.758123027775],"to":[-57.055714967884995,-25.758123027775]},"geometry":{"type":"Point","coordinates":[-57.055159412345,-25.758123027775]}},{"type":"Feature","properties":{"category":"flow_arrow","class":"tributary","from":[-57.055159412345,-25.758123027775],"to":[-57.055714967884995,-25.758123027775]},"geometry":{"type":"Point","coordinates":[-57.055159412345,-25.758123027775]}},{"type":"Feature","properties":{"category":"flow_arrow","class":"tributary","from":[-57.055159412345,-25.758123027775],"to":[-57.055714967884995,-25.758123027775]},"geometry":{"type":"Point","coordinates":[-57.055159412345,-25.758123027775]}},{"type":"Feature","properties":{"category":"flow_arrow","class":"tributary","from":[-57.052937190185,-25.593678587935],"to":[-57.050159412484994,-25.591456365775]},"geometry":{"type":"Point","coordinates":[-57.052937190185,-25.593678587935]}},{"type":"Feature","properties":{"category":"flow_arrow","class":"tributary","from":[-57.052381634644995,-25.475345257915],"to":[-57.052381634644995,-25.472567480215]},"geometry":{"type":"Point","coordinates":[-57.052381634644995,-25.475345257915]}},{"type":"Feature","properties":{"category":"flow_arrow","class":"tributary","from":[-57.052937190185,-25.472011924675],"to":[-57.052381634644995,-25.471456369135]},"geometry":{"type":"Point","coordinates":[-57.052937190185,-25.472011924675]}},{"type":"Feature","properties":{"category":"flow_arrow","class":"tributary","from":[-57.052937190185,-25.472011924675],"to":[-57.052381634644995,-25.471456369135]},"geometry":{"type":"Point","coordinates":[-57.052937190185,-25.472011924675]}},{"type":"Feature","properties":{"category":"flow_arrow","class":"tributary","from":[-57.052937190185,-25.472011924675],"to":[-57.052381634644995,-25.471456369135]},"geometry":{"type":"Point","coordinates":[-57.052937190185,-25.472011924675]}},{"type":"Feature","properties":{"category":"flow_arrow","class":"tributary","from":[-57.052937190185,-25.472011924675],"to":[-57.052381634644995,-25.471456369135]},"geometry":{"type":"Point","coordinates":[-57.052937190185,-25.472011924675]}},{"type":"Feature","properties":{"category":"flow_arrow","class":"tributary","from":[-57.051270523564995,-25.682011918795],"to":[-57.052937190185,-25.684234140955]},"geometry":{"type":"Point","coordinates":[-57.051270523564995,-25.682011918795]}},{"type":"Feature","properties":{"category":"flow_arrow","class":"tributary","from":[-57.052937190185,-25.683678585415],"to":[-57.052937190185,-25.684234140955]},"geometry":{"type":"Point","coordinates":[-57.052937190185,-25.683678585415]}},{"type":"Feature","properties":{"category":"flow_arrow","class":"tributary","from":[-57.052937190185,-25.683678585415],"to":[-57.052937190185,-25.684234140955]},"geometry":{"type":"Point","coordinates":[-57.052937190185,-25.683678585415]}},{"type":"Feature","properties":{"category":"flow_arrow","class":"tributary","from":[-57.052937190185,-25.683678585415],"to":[-57.052937190185,-25.684234140955]},"geometry":{"type":"Point","coordinates":[-57.052937190185,-25.683678585415]}},{"type":"Feature","properties":{"category":"flow_arrow","class":"tributary","from":[-57.052937190185,-25.683678585415],"to":[-57.052937190185,-25.684234140955]},"geometry":{"type":"Point","coordinates":[-57.052937190185,-25.683678585415]}},{"type":"Feature","properties":{"category":"flow_arrow","class":"main","from":[-57.049603856945,-25.670900807995],"to":[-57.052381634644995,-25.670900807995]},"geometry":{"type":"Point","coordinates":[-57.049603856945,-25.670900807995]}},{"type":"Feature","properties":{"category":"flow_arrow","class":"main","from":[-57.061270523284996,-25.670900807995],"to":[-57.061270523284996,-25.670345252455]},"geometry":{"type":"Point","coordinates":[-57.061270523284996,-25.670900807995]}},{"type":"Feature","properties":{"category":"flow_arrow","class":"main","from":[-57.061270523284996,-25.670900807995],"to":[-57.061270523284996,-25.670345252455]},"geometry":{"type":"Point","coordinates":[-57.061270523284996,-25.670900807995]}},{"type":"Feature","properties":{"category":"flow_arrow","class":"main","from":[-57.061270523284996,-25.670900807995],"to":[-57.061270523284996,-25.670345252455]},"geometry":{"type":"Point","coordinates":[-57.061270523284996,-25.670900807995]}},{"type":"Feature","properties":{"category":"flow_arrow","class":"main","from":[-57.061270523284996,-25.670900807995],"to":[-57.061270523284996,-25.670345252455]},"geometry":{"type":"Point","coordinates":[-57.061270523284996,-25.670900807995]}},{"type":"Feature","properties":{"category":"flow_arrow","class":"main","from":[-57.061270523284996,-25.670900807995],"to":[-57.061270523284996,-25.670345252455]},"geometry":{"type":"Point","coordinates":[-57.061270523284996,-25.670900807995]}},{"type":"Feature","properties":{"category":"flow_arrow","class":"main","from":[-57.061270523284996,-25.670900807995],"to":[-57.061270523284996,-25.670345252455]},"geometry":{"type":"Point","coordinates":[-57.061270523284996,-25.670900807995]}},{"type":"Feature","properties":{"category":"flow_arrow","class":"main","from":[-57.061270523284996,-25.670900807995],"to":[-57.061270523284996,-25.670345252455]},"geometry":{"type":"Point","coordinates":[-57.061270523284996,-25.670900807995]}},{"type":"Feature","properties":{"category":"flow_arrow","class":"tributary","from":[-57.042937190465,-25.660900808275],"to":[-57.045714968164994,-25.660900808275]},"geometry":{"type":"Point","coordinates":[-57.042937190465,-25.660900808275]}},{"type":"Feature","properties":{"category":"flow_arrow","class":"tributary","from":[-57.046270523705,-25.660900808275],"to":[-57.046826079244994,-25.660900808275]},"geometry":{"type":"Point","coordinates":[-57.046270523705,-25.660900808275]}},{"type":"Feature","properties":{"category":"flow_arrow","class":"tributary","from":[-57.046270523705,-25.660900808275],"to":[-57.046826079244994,-25.660900808275]},"geometry":{"type":"Point","coordinates":[-57.046270523705,-25.660900808275]}},{"type":"Feature","properties":{"category":"flow_arrow","class":"tributary","from":[-57.046270523705,-25.660900808275],"to":[-57.046826079244994,-25.660900808275]},"geometry":{"type":"Point","coordinates":[-57.046270523705,-25.660900808275]}},{"type":"Feature","properties":{"category":"flow_arrow","class":"tributary","from":[-57.046270523705,-25.660900808275],"to":[-57.046826079244994,-25.660900808275]},"geometry":{"type":"Point","coordinates":[-57.046270523705,-25.660900808275]}},{"type":"Feature","properties":{"category":"flow_arrow","class":"tributary","from":[-57.04238163492499,-25.712567473495],"to":[-57.042937190465,-25.712567473495]},"geometry":{"type":"Point","coordinates":[-57.04238163492499,-25.712567473495]}},{"type":"Feature","properties":{"category":"flow_arrow","class":"tributary","from":[-57.040714968305,-25.644234142075],"to":[-57.040714968305,-25.641456364375]},"geometry":{"type":"Point","coordinates":[-57.040714968305,-25.644234142075]}},{"type":"Feature","properties":{"category":"flow_arrow","class":"tributary","from":[-57.04015941276499,-25.462011924955],"to":[-57.04015941276499,-25.459234147255]},"geometry":{"type":"Point","coordinates":[-57.04015941276499,-25.462011924955]}},{"type":"Feature","properties":{"category":"flow_arrow","class":"tributary","from":[-57.039603857224996,-25.459234147255],"to":[-57.04015941276499,-25.459234147255]},"geometry":{"type":"Point","coordinates":[-57.039603857224996,-25.459234147255]}},{"type":"Feature","properties":{"category":"flow_arrow","class":"tributary","from":[-57.039603857224996,-25.459234147255],"to":[-57.04015941276499,-25.459234147255]},"geometry":{"type":"Point","coordinates":[-57.039603857224996,-25.459234147255]}},{"type":"Feature","properties":{"category":"flow_arrow","class":"tributary","from":[-57.039603857224996,-25.459234147255],"to":[-57.04015941276499,-25.459234147255]},"geometry":{"type":"Point","coordinates":[-57.039603857224996,-25.459234147255]}},{"type":"Feature","properties":{"category":"flow_arrow","class":"tributary","from":[-57.039603857224996,-25.459234147255],"to":[-57.04015941276499,-25.459234147255]},"geometry":{"type":"Point","coordinates":[-57.039603857224996,-25.459234147255]}},{"type":"Feature","properties":{"category":"flow_arrow","class":"main","from":[-57.03793719060499,-25.694234140675],"to":[-57.04015941276499,-25.696456362835]},"geometry":{"type":"Point","coordinates":[-57.03793719060499,-25.694234140675]}},{"type":"Feature","properties":{"category":"flow_arrow","class":"main","from":[-57.046826079244994,-25.698678584995],"to":[-57.046826079244994,-25.699234140535]},"geometry":{"type":"Point","coordinates":[-57.046826079244994,-25.698678584995]}},{"type":"Feature","properties":{"category":"flow_arrow","class":"main","from":[-57.046826079244994,-25.698678584995],"to":[-57.046826079244994,-25.699234140535]},"geometry":{"type":"Point","coordinates":[-57.046826079244994,-25.698678584995]}},{"type":"Feature","properties":{"category":"flow_arrow","class":"main","from":[-57.046826079244994,-25.698678584995],"to":[-57.046826079244994,-25.699234140535]},"geometry":{"type":"Point","coordinates":[-57.046826079244994,-25.698678584995]}},{"type":"Feature","properties":{"category":"flow_arrow","class":"main","from":[-57.046826079244994,-25.698678584995],"to":[-57.046826079244994,-25.699234140535]},"geometry":{"type":"Point","coordinates":[-57.046826079244994,-25.698678584995]}},{"type":"Feature","properties":{"category":"flow_arrow","class":"main","from":[-57.046826079244994,-25.698678584995],"to":[-57.046826079244994,-25.699234140535]},"geometry":{"type":"Point","coordinates":[-57.046826079244994,-25.698678584995]}},{"type":"Feature","properties":{"category":"flow_arrow","class":"main","from":[-57.046826079244994,-25.698678584995],"to":[-57.046826079244994,-25.699234140535]},"geometry":{"type":"Point","coordinates":[-57.046826079244994,-25.698678584995]}},{"type":"Feature","properties":{"category":"flow_arrow","class":"main","from":[-57.046826079244994,-25.698678584995],"to":[-57.046826079244994,-25.699234140535]},"geometry":{"type":"Point","coordinates":[-57.046826079244994,-25.698678584995]}},{"type":"Feature","properties":{"category":"flow_arrow","class":"tributary","from":[-57.024603857645,-25.602567476575],"to":[-57.024048302104994,-25.602567476575]},"geometry":{"type":"Point","coordinates":[-57.024603857645,-25.602567476575]}},{"type":"Feature","properties":{"category":"flow_arrow","class":"tributary","from":[-57.024048302104994,-25.635345253435],"to":[-57.022937191024994,-25.632567475735]},"geometry":{"type":"Point","coordinates":[-57.024048302104994,-25.635345253435]}},{"type":"Feature","properties":{"category":"flow_arrow","class":"tributary","from":[-57.022937191024994,-25.632011920195],"to":[-57.022381635485,-25.631456364655]},"geometry":{"type":"Point","coordinates":[-57.022937191024994,-25.632011920195]}},{"type":"Feature","properties":{"category":"flow_arrow","class":"tributary","from":[-57.022937191024994,-25.632011920195],"to":[-57.022381635485,-25.631456364655]},"geometry":{"type":"Point","coordinates":[-57.022937191024994,-25.632011920195]}},{"type":"Feature","properties":{"category":"flow_arrow","class":"tributary","from":[-57.022937191024994,-25.632011920195],"to":[-57.022381635485,-25.631456364655]},"geometry":{"type":"Point","coordinates":[-57.022937191024994,-25.632011920195]}},{"type":"Feature","properties":{"category":"flow_arrow","class":"tributary","from":[-57.022937191024994,-25.632011920195],"to":[-57.022381635485,-25.631456364655]},"geometry":{"type":"Point","coordinates":[-57.022937191024994,-25.632011920195]}},{"type":"Feature","properties":{"category":"flow_arrow","class":"tributary","from":[-57.024048302104994,-25.669789696915],"to":[-57.021826079944994,-25.667567474755]},"geometry":{"type":"Point","coordinates":[-57.024048302104994,-25.669789696915]}},{"type":"Feature","properties":{"category":"flow_arrow","class":"main","from":[-57.023492746565,-25.678123030015],"to":[-57.021270524405,-25.675345252315]},"geometry":{"type":"Point","coordinates":[-57.023492746565,-25.678123030015]}},{"type":"Feature","properties":{"category":"flow_arrow","class":"main","from":[-57.01404830238499,-25.667011919215],"to":[-57.014603857924996,-25.667567474755]},"geometry":{"type":"Point","coordinates":[-57.01404830238499,-25.667011919215]}},{"type":"Feature","properties":{"category":"flow_arrow","class":"main","from":[-57.01404830238499,-25.667011919215],"to":[-57.014603857924996,-25.667567474755]},"geometry":{"type":"Point","coordinates":[-57.01404830238499,-25.667011919215]}},{"type":"Feature","properties":{"category":"flow_arrow","class":"main","from":[-57.01404830238499,-25.667011919215],"to":[-57.014603857924996,-25.667567474755]},"geometry":{"type":"Point","coordinates":[-57.01404830238499,-25.667011919215]}},{"type":"Feature","properties":{"category":"flow_arrow","class":"main","from":[-57.01404830238499,-25.667011919215],"to":[-57.014603857924996,-25.667567474755]},"geometry":{"type":"Point","coordinates":[-57.01404830238499,-25.667011919215]}},{"type":"Feature","properties":{"category":"flow_arrow","class":"main","from":[-57.01404830238499,-25.667011919215],"to":[-57.014603857924996,-25.667567474755]},"geometry":{"type":"Point","coordinates":[-57.01404830238499,-25.667011919215]}},{"type":"Feature","properties":{"category":"flow_arrow","class":"main","from":[-57.01404830238499,-25.667011919215],"to":[-57.014603857924996,-25.667567474755]},"geometry":{"type":"Point","coordinates":[-57.01404830238499,-25.667011919215]}},{"type":"Feature","properties":{"category":"flow_arrow","class":"main","from":[-57.01404830238499,-25.667011919215],"to":[-57.014603857924996,-25.667567474755]},"geometry":{"type":"Point","coordinates":[-57.01404830238499,-25.667011919215]}},{"type":"Feature","properties":{"category":"flow_arrow","class":"tributary","from":[-57.015714969004996,-25.428123037015],"to":[-57.01293719130499,-25.427567481475]},"geometry":{"type":"Point","coordinates":[-57.015714969004996,-25.428123037015]}},{"type":"Feature","properties":{"category":"flow_arrow","class":"tributary","from":[-57.012381635764996,-25.692011918515],"to":[-57.009603858065,-25.689234140815]},"geometry":{"type":"Point","coordinates":[-57.012381635764996,-25.692011918515]}},{"type":"Feature","properties":{"category":"flow_arrow","class":"tributary","from":[-57.007381635905,-25.685900807575],"to":[-57.007381635905,-25.686456363115]},"geometry":{"type":"Point","coordinates":[-57.007381635905,-25.685900807575]}},{"type":"Feature","properties":{"category":"flow_arrow","class":"tributary","from":[-57.007381635905,-25.685900807575],"to":[-57.007381635905,-25.686456363115]},"geometry":{"type":"Point","coordinates":[-57.007381635905,-25.685900807575]}},{"type":"Feature","properties":{"category":"flow_arrow","class":"tributary","from":[-57.007381635905,-25.685900807575],"to":[-57.007381635905,-25.686456363115]},"geometry":{"type":"Point","coordinates":[-57.007381635905,-25.685900807575]}},{"type":"Feature","properties":{"category":"flow_arrow","class":"tributary","from":[-57.007381635905,-25.685900807575],"to":[-57.007381635905,-25.686456363115]},"geometry":{"type":"Point","coordinates":[-57.007381635905,-25.685900807575]}},{"type":"Feature","properties":{"category":"flow_arrow","class":"main","from":[-57.011826080225,-25.433123036875],"to":[-57.009603858065,-25.430345259175]},"geometry":{"type":"Point","coordinates":[-57.011826080225,-25.433123036875]}},{"type":"Feature","properties":{"category":"flow_arrow","class":"main","from":[-57.011270524684996,-25.762011916555],"to":[-57.01293719130499,-25.764789694255]},"geometry":{"type":"Point","coordinates":[-57.011270524684996,-25.762011916555]}},{"type":"Feature","properties":{"category":"flow_arrow","class":"main","from":[-57.027937190885,-25.783678582615],"to":[-57.027937190885,-25.783123027075]},"geometry":{"type":"Point","coordinates":[-57.027937190885,-25.783678582615]}},{"type":"Feature","properties":{"category":"flow_arrow","class":"main","from":[-57.027937190885,-25.783678582615],"to":[-57.027937190885,-25.783123027075]},"geometry":{"type":"Point","coordinates":[-57.027937190885,-25.783678582615]}},{"type":"Feature","properties":{"category":"flow_arrow","class":"main","from":[-57.027937190885,-25.783678582615],"to":[-57.027937190885,-25.783123027075]},"geometry":{"type":"Point","coordinates":[-57.027937190885,-25.783678582615]}},{"type":"Feature","properties":{"category":"flow_arrow","class":"main","from":[-57.027937190885,-25.783678582615],"to":[-57.027937190885,-25.783123027075]},"geometry":{"type":"Point","coordinates":[-57.027937190885,-25.783678582615]}},{"type":"Feature","properties":{"category":"flow_arrow","class":"main","from":[-57.027937190885,-25.783678582615],"to":[-57.027937190885,-25.783123027075]},"geometry":{"type":"Point","coordinates":[-57.027937190885,-25.783678582615]}},{"type":"Feature","properties":{"category":"flow_arrow","class":"main","from":[-57.027937190885,-25.783678582615],"to":[-57.027937190885,-25.783123027075]},"geometry":{"type":"Point","coordinates":[-57.027937190885,-25.783678582615]}},{"type":"Feature","properties":{"category":"flow_arrow","class":"main","from":[-57.027937190885,-25.783678582615],"to":[-57.027937190885,-25.783123027075]},"geometry":{"type":"Point","coordinates":[-57.027937190885,-25.783678582615]}},{"type":"Feature","properties":{"category":"flow_arrow","class":"tributary","from":[-57.009603858065,-25.674234141235],"to":[-57.006826080364995,-25.673678585695]},"geometry":{"type":"Point","coordinates":[-57.009603858065,-25.674234141235]}},{"type":"Feature","properties":{"category":"flow_arrow","class":"tributary","from":[-57.002381636044994,-25.429789703635],"to":[-57.002381636044994,-25.428123037015]},"geometry":{"type":"Point","coordinates":[-57.002381636044994,-25.429789703635]}},{"type":"Feature","properties":{"category":"flow_arrow","class":"tributary","from":[-57.002381636044994,-25.427567481475],"to":[-57.002381636044994,-25.428123037015]},"geometry":{"type":"Point","coordinates":[-57.002381636044994,-25.427567481475]}},{"type":"Feature","properties":{"category":"flow_arrow","class":"tributary","from":[-57.002381636044994,-25.427567481475],"to":[-57.002381636044994,-25.428123037015]},"geometry":{"type":"Point","coordinates":[-57.002381636044994,-25.427567481475]}},{"type":"Feature","properties":{"category":"flow_arrow","class":"tributary","from":[-57.002381636044994,-25.427567481475],"to":[-57.002381636044994,-25.428123037015]},"geometry":{"type":"Point","coordinates":[-57.002381636044994,-25.427567481475]}},{"type":"Feature","properties":{"category":"flow_arrow","class":"tributary","from":[-57.002381636044994,-25.427567481475],"to":[-57.002381636044994,-25.428123037015]},"geometry":{"type":"Point","coordinates":[-57.002381636044994,-25.427567481475]}},{"type":"Feature","properties":{"category":"flow_arrow","class":"tributary","from":[-57.001826080505,-25.649234141935],"to":[-57.000714969425,-25.647567475315]},"geometry":{"type":"Point","coordinates":[-57.001826080505,-25.649234141935]}},{"type":"Feature","properties":{"category":"flow_arrow","class":"tributary","from":[-57.001270524964994,-25.648123030855],"to":[-57.000714969425,-25.647567475315]},"geometry":{"type":"Point","coordinates":[-57.001270524964994,-25.648123030855]}},{"type":"Feature","properties":{"category":"flow_arrow","class":"tributary","from":[-57.001270524964994,-25.648123030855],"to":[-57.000714969425,-25.647567475315]},"geometry":{"type":"Point","coordinates":[-57.001270524964994,-25.648123030855]}},{"type":"Feature","properties":{"category":"flow_arrow","class":"tributary","from":[-57.001270524964994,-25.648123030855],"to":[-57.000714969425,-25.647567475315]},"geometry":{"type":"Point","coordinates":[-57.001270524964994,-25.648123030855]}},{"type":"Feature","properties":{"category":"flow_arrow","class":"tributary","from":[-57.001270524964994,-25.648123030855],"to":[-57.000714969425,-25.647567475315]},"geometry":{"type":"Point","coordinates":[-57.001270524964994,-25.648123030855]}},{"type":"Feature","properties":{"category":"flow_arrow","class":"tributary","from":[-56.998492747265,-25.713678584575],"to":[-56.99682608064499,-25.712567473495]},"geometry":{"type":"Point","coordinates":[-56.998492747265,-25.713678584575]}},{"type":"Feature","properties":{"category":"flow_arrow","class":"tributary","from":[-56.996270525105,-25.712567473495],"to":[-56.99682608064499,-25.712567473495]},"geometry":{"type":"Point","coordinates":[-56.996270525105,-25.712567473495]}},{"type":"Feature","properties":{"category":"flow_arrow","class":"tributary","from":[-56.996270525105,-25.712567473495],"to":[-56.99682608064499,-25.712567473495]},"geometry":{"type":"Point","coordinates":[-56.996270525105,-25.712567473495]}},{"type":"Feature","properties":{"category":"flow_arrow","class":"tributary","from":[-56.996270525105,-25.712567473495],"to":[-56.99682608064499,-25.712567473495]},"geometry":{"type":"Point","coordinates":[-56.996270525105,-25.712567473495]}},{"type":"Feature","properties":{"category":"flow_arrow","class":"tributary","from":[-56.996270525105,-25.712567473495],"to":[-56.99682608064499,-25.712567473495]},"geometry":{"type":"Point","coordinates":[-56.996270525105,-25.712567473495]}},{"type":"Feature","properties":{"category":"flow_arrow","class":"tributary","from":[-56.99571496956499,-25.465900813735],"to":[-56.99349274740499,-25.463123036035]},"geometry":{"type":"Point","coordinates":[-56.99571496956499,-25.465900813735]}},{"type":"Feature","properties":{"category":"flow_arrow","class":"tributary","from":[-56.99015941416499,-25.533678589615],"to":[-56.99127052524499,-25.530900811915]},"geometry":{"type":"Point","coordinates":[-56.99015941416499,-25.533678589615]}},{"type":"Feature","properties":{"category":"flow_arrow","class":"tributary","from":[-56.989603858624996,-25.525900812055],"to":[-56.99015941416499,-25.526456367595]},"geometry":{"type":"Point","coordinates":[-56.989603858624996,-25.525900812055]}},{"type":"Feature","properties":{"category":"flow_arrow","class":"tributary","from":[-56.989603858624996,-25.525900812055],"to":[-56.99015941416499,-25.526456367595]},"geometry":{"type":"Point","coordinates":[-56.989603858624996,-25.525900812055]}},{"type":"Feature","properties":{"category":"flow_arrow","class":"tributary","from":[-56.989603858624996,-25.525900812055],"to":[-56.99015941416499,-25.526456367595]},"geometry":{"type":"Point","coordinates":[-56.989603858624996,-25.525900812055]}},{"type":"Feature","properties":{"category":"flow_arrow","class":"tributary","from":[-56.989603858624996,-25.525900812055],"to":[-56.99015941416499,-25.526456367595]},"geometry":{"type":"Point","coordinates":[-56.989603858624996,-25.525900812055]}},{"type":"Feature","properties":{"category":"flow_arrow","class":"tributary","from":[-56.988492747544996,-25.484234146555],"to":[-56.989048303085,-25.483123035475]},"geometry":{"type":"Point","coordinates":[-56.988492747544996,-25.484234146555]}},{"type":"Feature","properties":{"category":"flow_arrow","class":"tributary","from":[-56.988492747544996,-25.483123035475],"to":[-56.989048303085,-25.483123035475]},"geometry":{"type":"Point","coordinates":[-56.988492747544996,-25.483123035475]}},{"type":"Feature","properties":{"category":"flow_arrow","class":"tributary","from":[-56.988492747544996,-25.483123035475],"to":[-56.989048303085,-25.483123035475]},"geometry":{"type":"Point","coordinates":[-56.988492747544996,-25.483123035475]}},{"type":"Feature","properties":{"category":"flow_arrow","class":"tributary","from":[-56.988492747544996,-25.483123035475],"to":[-56.989048303085,-25.483123035475]},"geometry":{"type":"Point","coordinates":[-56.988492747544996,-25.483123035475]}},{"type":"Feature","properties":{"category":"flow_arrow","class":"tributary","from":[-56.988492747544996,-25.483123035475],"to":[-56.989048303085,-25.483123035475]},"geometry":{"type":"Point","coordinates":[-56.988492747544996,-25.483123035475]}},{"type":"Feature","properties":{"category":"flow_arrow","class":"tributary","from":[-56.981270525525,-25.663123030435],"to":[-56.981826081064995,-25.662567474895]},"geometry":{"type":"Point","coordinates":[-56.981270525525,-25.663123030435]}},{"type":"Feature","properties":{"category":"flow_arrow","class":"tributary","from":[-56.975159414584994,-25.609789698595],"to":[-56.975159414584994,-25.609234143055]},"geometry":{"type":"Point","coordinates":[-56.975159414584994,-25.609789698595]}},{"type":"Feature","properties":{"category":"flow_arrow","class":"tributary","from":[-56.975159414584994,-25.608678587515],"to":[-56.975159414584994,-25.609234143055]},"geometry":{"type":"Point","coordinates":[-56.975159414584994,-25.608678587515]}},{"type":"Feature","properties":{"category":"flow_arrow","class":"tributary","from":[-56.975159414584994,-25.608678587515],"to":[-56.975159414584994,-25.609234143055]},"geometry":{"type":"Point","coordinates":[-56.975159414584994,-25.608678587515]}},{"type":"Feature","properties":{"category":"flow_arrow","class":"tributary","from":[-56.975159414584994,-25.608678587515],"to":[-56.975159414584994,-25.609234143055]},"geometry":{"type":"Point","coordinates":[-56.975159414584994,-25.608678587515]}},{"type":"Feature","properties":{"category":"flow_arrow","class":"tributary","from":[-56.975159414584994,-25.608678587515],"to":[-56.975159414584994,-25.609234143055]},"geometry":{"type":"Point","coordinates":[-56.975159414584994,-25.608678587515]}},{"type":"Feature","properties":{"category":"flow_arrow","class":"tributary","from":[-56.966826081484996,-25.589234143615],"to":[-56.96738163702499,-25.588678588075002]},"geometry":{"type":"Point","coordinates":[-56.966826081484996,-25.589234143615]}},{"type":"Feature","properties":{"category":"flow_arrow","class":"tributary","from":[-56.967937192564996,-25.588678588075002],"to":[-56.96738163702499,-25.588678588075002]},"geometry":{"type":"Point","coordinates":[-56.967937192564996,-25.588678588075002]}},{"type":"Feature","properties":{"category":"flow_arrow","class":"tributary","from":[-56.967937192564996,-25.588678588075002],"to":[-56.96738163702499,-25.588678588075002]},"geometry":{"type":"Point","coordinates":[-56.967937192564996,-25.588678588075002]}},{"type":"Feature","properties":{"category":"flow_arrow","class":"tributary","from":[-56.967937192564996,-25.588678588075002],"to":[-56.96738163702499,-25.588678588075002]},"geometry":{"type":"Point","coordinates":[-56.967937192564996,-25.588678588075002]}},{"type":"Feature","properties":{"category":"flow_arrow","class":"tributary","from":[-56.967937192564996,-25.588678588075002],"to":[-56.96738163702499,-25.588678588075002]},"geometry":{"type":"Point","coordinates":[-56.967937192564996,-25.588678588075002]}},{"type":"Feature","properties":{"category":"flow_arrow","class":"main","from":[-56.960159415004995,-25.590345254695],"to":[-56.962937192705,-25.588678588075002]},"geometry":{"type":"Point","coordinates":[-56.960159415004995,-25.590345254695]}},{"type":"Feature","properties":{"category":"flow_arrow","class":"tributary","from":[-56.957381637305,-25.562011922155],"to":[-56.957937192844994,-25.561456366615]},"geometry":{"type":"Point","coordinates":[-56.957381637305,-25.562011922155]}},{"type":"Feature","properties":{"category":"flow_arrow","class":"tributary","from":[-56.958492748385,-25.561456366615],"to":[-56.957937192844994,-25.561456366615]},"geometry":{"type":"Point","coordinates":[-56.958492748385,-25.561456366615]}},{"type":"Feature","properties":{"category":"flow_arrow","class":"tributary","from":[-56.958492748385,-25.561456366615],"to":[-56.957937192844994,-25.561456366615]},"geometry":{"type":"Point","coordinates":[-56.958492748385,-25.561456366615]}},{"type":"Feature","properties":{"category":"flow_arrow","class":"tributary","from":[-56.958492748385,-25.561456366615],"to":[-56.957937192844994,-25.561456366615]},"geometry":{"type":"Point","coordinates":[-56.958492748385,-25.561456366615]}},{"type":"Feature","properties":{"category":"flow_arrow","class":"tributary","from":[-56.958492748385,-25.561456366615],"to":[-56.957937192844994,-25.561456366615]},"geometry":{"type":"Point","coordinates":[-56.958492748385,-25.561456366615]}},{"type":"Feature","properties":{"category":"flow_arrow","class":"tributary","from":[-56.955159415145,-25.545900811495],"to":[-56.956826081764994,-25.543123033795]},"geometry":{"type":"Point","coordinates":[-56.955159415145,-25.545900811495]}},{"type":"Feature","properties":{"category":"flow_arrow","class":"tributary","from":[-56.957381637305,-25.543678589335],"to":[-56.956826081764994,-25.543123033795]},"geometry":{"type":"Point","coordinates":[-56.957381637305,-25.543678589335]}},{"type":"Feature","properties":{"category":"flow_arrow","class":"tributary","from":[-56.957381637305,-25.543678589335],"to":[-56.956826081764994,-25.543123033795]},"geometry":{"type":"Point","coordinates":[-56.957381637305,-25.543678589335]}},{"type":"Feature","properties":{"category":"flow_arrow","class":"tributary","from":[-56.957381637305,-25.543678589335],"to":[-56.956826081764994,-25.543123033795]},"geometry":{"type":"Point","coordinates":[-56.957381637305,-25.543678589335]}},{"type":"Feature","properties":{"category":"flow_arrow","class":"tributary","from":[-56.957381637305,-25.543678589335],"to":[-56.956826081764994,-25.543123033795]},"geometry":{"type":"Point","coordinates":[-56.957381637305,-25.543678589335]}},{"type":"Feature","properties":{"category":"flow_arrow","class":"tributary","from":[-56.951826081905,-25.689789696355],"to":[-56.951826081905,-25.689234140815]},"geometry":{"type":"Point","coordinates":[-56.951826081905,-25.689789696355]}},{"type":"Feature","properties":{"category":"flow_arrow","class":"tributary","from":[-56.951826081905,-25.688678585275],"to":[-56.951826081905,-25.689234140815]},"geometry":{"type":"Point","coordinates":[-56.951826081905,-25.688678585275]}},{"type":"Feature","properties":{"category":"flow_arrow","class":"tributary","from":[-56.951826081905,-25.688678585275],"to":[-56.951826081905,-25.689234140815]},"geometry":{"type":"Point","coordinates":[-56.951826081905,-25.688678585275]}},{"type":"Feature","properties":{"category":"flow_arrow","class":"tributary","from":[-56.951826081905,-25.688678585275],"to":[-56.951826081905,-25.689234140815]},"geometry":{"type":"Point","coordinates":[-56.951826081905,-25.688678585275]}},{"type":"Feature","properties":{"category":"flow_arrow","class":"tributary","from":[-56.951826081905,-25.688678585275],"to":[-56.951826081905,-25.689234140815]},"geometry":{"type":"Point","coordinates":[-56.951826081905,-25.688678585275]}},{"type":"Feature","properties":{"category":"flow_arrow","class":"tributary","from":[-56.94349274880499,-25.596456365635],"to":[-56.94349274880499,-25.594789699015]},"geometry":{"type":"Point","coordinates":[-56.94349274880499,-25.596456365635]}},{"type":"Feature","properties":{"category":"flow_arrow","class":"tributary","from":[-56.944048304344996,-25.595345254555],"to":[-56.94349274880499,-25.594789699015]},"geometry":{"type":"Point","coordinates":[-56.944048304344996,-25.595345254555]}},{"type":"Feature","properties":{"category":"flow_arrow","class":"tributary","from":[-56.944048304344996,-25.595345254555],"to":[-56.94349274880499,-25.594789699015]},"geometry":{"type":"Point","coordinates":[-56.944048304344996,-25.595345254555]}},{"type":"Feature","properties":{"category":"flow_arrow","class":"tributary","from":[-56.944048304344996,-25.595345254555],"to":[-56.94349274880499,-25.594789699015]},"geometry":{"type":"Point","coordinates":[-56.944048304344996,-25.595345254555]}},{"type":"Feature","properties":{"category":"flow_arrow","class":"tributary","from":[-56.944048304344996,-25.595345254555],"to":[-56.94349274880499,-25.594789699015]},"geometry":{"type":"Point","coordinates":[-56.944048304344996,-25.595345254555]}},{"type":"Feature","properties":{"category":"flow_arrow","class":"tributary","from":[-56.940714971104995,-25.653678586255],"to":[-56.941826082184996,-25.652567475175]},"geometry":{"type":"Point","coordinates":[-56.940714971104995,-25.653678586255]}},{"type":"Feature","properties":{"category":"flow_arrow","class":"tributary","from":[-56.937937193405,-25.530345256375],"to":[-56.938492748944995,-25.529789700835]},"geometry":{"type":"Point","coordinates":[-56.937937193405,-25.530345256375]}},{"type":"Feature","properties":{"category":"flow_arrow","class":"tributary","from":[-56.937381637864995,-25.581456366055],"to":[-56.937937193405,-25.580900810515]},"geometry":{"type":"Point","coordinates":[-56.937381637864995,-25.581456366055]}},{"type":"Feature","properties":{"category":"flow_arrow","class":"tributary","from":[-56.934603860165,-25.568678588635],"to":[-56.934048304624994,-25.567011922015]},"geometry":{"type":"Point","coordinates":[-56.934603860165,-25.568678588635]}},{"type":"Feature","properties":{"category":"flow_arrow","class":"tributary","from":[-56.933492749085,-25.567011922015],"to":[-56.934048304624994,-25.567011922015]},"geometry":{"type":"Point","coordinates":[-56.933492749085,-25.567011922015]}},{"type":"Feature","properties":{"category":"flow_arrow","class":"tributary","from":[-56.933492749085,-25.567011922015],"to":[-56.934048304624994,-25.567011922015]},"geometry":{"type":"Point","coordinates":[-56.933492749085,-25.567011922015]}},{"type":"Feature","properties":{"category":"flow_arrow","class":"tributary","from":[-56.933492749085,-25.567011922015],"to":[-56.934048304624994,-25.567011922015]},"geometry":{"type":"Point","coordinates":[-56.933492749085,-25.567011922015]}},{"type":"Feature","properties":{"category":"flow_arrow","class":"tributary","from":[-56.933492749085,-25.567011922015],"to":[-56.934048304624994,-25.567011922015]},"geometry":{"type":"Point","coordinates":[-56.933492749085,-25.567011922015]}},{"type":"Feature","properties":{"category":"flow_arrow","class":"tributary","from":[-56.930714971384994,-25.661456363815],"to":[-56.927937193685,-25.659234141655]},"geometry":{"type":"Point","coordinates":[-56.930714971384994,-25.661456363815]}},{"type":"Feature","properties":{"category":"flow_arrow","class":"tributary","from":[-56.92849274922499,-25.659789697195],"to":[-56.927937193685,-25.659234141655]},"geometry":{"type":"Point","coordinates":[-56.92849274922499,-25.659789697195]}},{"type":"Feature","properties":{"category":"flow_arrow","class":"tributary","from":[-56.92849274922499,-25.659789697195],"to":[-56.927937193685,-25.659234141655]},"geometry":{"type":"Point","coordinates":[-56.92849274922499,-25.659789697195]}},{"type":"Feature","properties":{"category":"flow_arrow","class":"tributary","from":[-56.92849274922499,-25.659789697195],"to":[-56.927937193685,-25.659234141655]},"geometry":{"type":"Point","coordinates":[-56.92849274922499,-25.659789697195]}},{"type":"Feature","properties":{"category":"flow_arrow","class":"tributary","from":[-56.92849274922499,-25.659789697195],"to":[-56.927937193685,-25.659234141655]},"geometry":{"type":"Point","coordinates":[-56.92849274922499,-25.659789697195]}},{"type":"Feature","properties":{"category":"flow_arrow","class":"tributary","from":[-56.927937193685,-25.549234144735],"to":[-56.930159415845,-25.548123033655]},"geometry":{"type":"Point","coordinates":[-56.927937193685,-25.549234144735]}},{"type":"Feature","properties":{"category":"flow_arrow","class":"tributary","from":[-56.927937193685,-25.615345253995],"to":[-56.930714971384994,-25.613678587375]},"geometry":{"type":"Point","coordinates":[-56.927937193685,-25.615345253995]}},{"type":"Feature","properties":{"category":"flow_arrow","class":"tributary","from":[-56.932381638005,-25.613123031835],"to":[-56.932937193544994,-25.613123031835]},"geometry":{"type":"Point","coordinates":[-56.932381638005,-25.613123031835]}},{"type":"Feature","properties":{"category":"flow_arrow","class":"tributary","from":[-56.932381638005,-25.613123031835],"to":[-56.932937193544994,-25.613123031835]},"geometry":{"type":"Point","coordinates":[-56.932381638005,-25.613123031835]}},{"type":"Feature","properties":{"category":"flow_arrow","class":"tributary","from":[-56.932381638005,-25.613123031835],"to":[-56.932937193544994,-25.613123031835]},"geometry":{"type":"Point","coordinates":[-56.932381638005,-25.613123031835]}},{"type":"Feature","properties":{"category":"flow_arrow","class":"tributary","from":[-56.932381638005,-25.613123031835],"to":[-56.932937193544994,-25.613123031835]},"geometry":{"type":"Point","coordinates":[-56.932381638005,-25.613123031835]}},{"type":"Feature","properties":{"category":"flow_arrow","class":"tributary","from":[-56.917937193964995,-25.598123032255],"to":[-56.918492749505,-25.597567476715]},"geometry":{"type":"Point","coordinates":[-56.917937193964995,-25.598123032255]}},{"type":"Feature","properties":{"category":"flow_arrow","class":"tributary","from":[-56.919048305044996,-25.597567476715],"to":[-56.918492749505,-25.597567476715]},"geometry":{"type":"Point","coordinates":[-56.919048305044996,-25.597567476715]}},{"type":"Feature","properties":{"category":"flow_arrow","class":"tributary","from":[-56.919048305044996,-25.597567476715],"to":[-56.918492749505,-25.597567476715]},"geometry":{"type":"Point","coordinates":[-56.919048305044996,-25.597567476715]}},{"type":"Feature","properties":{"category":"flow_arrow","class":"tributary","from":[-56.919048305044996,-25.597567476715],"to":[-56.918492749505,-25.597567476715]},"geometry":{"type":"Point","coordinates":[-56.919048305044996,-25.597567476715]}},{"type":"Feature","properties":{"category":"flow_arrow","class":"tributary","from":[-56.919048305044996,-25.597567476715],"to":[-56.918492749505,-25.597567476715]},"geometry":{"type":"Point","coordinates":[-56.919048305044996,-25.597567476715]}},{"type":"Feature","properties":{"category":"flow_arrow","class":"tributary","from":[-56.916270527345,-25.589234143615],"to":[-56.917937193964995,-25.592011921315]},"geometry":{"type":"Point","coordinates":[-56.916270527345,-25.589234143615]}},{"type":"Feature","properties":{"category":"flow_arrow","class":"tributary","from":[-56.912937194105,-25.734234139555],"to":[-56.913492749644995,-25.731456361855]},"geometry":{"type":"Point","coordinates":[-56.912937194105,-25.734234139555]}},{"type":"Feature","properties":{"category":"flow_arrow","class":"tributary","from":[-56.913492749644995,-25.730900806315],"to":[-56.913492749644995,-25.731456361855]},"geometry":{"type":"Point","coordinates":[-56.913492749644995,-25.730900806315]}},{"type":"Feature","properties":{"category":"flow_arrow","class":"tributary","from":[-56.913492749644995,-25.730900806315],"to":[-56.913492749644995,-25.731456361855]},"geometry":{"type":"Point","coordinates":[-56.913492749644995,-25.730900806315]}},{"type":"Feature","properties":{"category":"flow_arrow","class":"tributary","from":[-56.913492749644995,-25.730900806315],"to":[-56.913492749644995,-25.731456361855]},"geometry":{"type":"Point","coordinates":[-56.913492749644995,-25.730900806315]}},{"type":"Feature","properties":{"category":"flow_arrow","class":"tributary","from":[-56.913492749644995,-25.730900806315],"to":[-56.913492749644995,-25.731456361855]},"geometry":{"type":"Point","coordinates":[-56.913492749644995,-25.730900806315]}},{"type":"Feature","properties":{"category":"flow_arrow","class":"tributary","from":[-56.907381638705,-25.648123030855],"to":[-56.907381638705,-25.646456364235]},"geometry":{"type":"Point","coordinates":[-56.907381638705,-25.648123030855]}},{"type":"Feature","properties":{"category":"flow_arrow","class":"tributary","from":[-56.907937194244994,-25.646456364235],"to":[-56.907381638705,-25.646456364235]},"geometry":{"type":"Point","coordinates":[-56.907937194244994,-25.646456364235]}},{"type":"Feature","properties":{"category":"flow_arrow","class":"tributary","from":[-56.907937194244994,-25.646456364235],"to":[-56.907381638705,-25.646456364235]},"geometry":{"type":"Point","coordinates":[-56.907937194244994,-25.646456364235]}},{"type":"Feature","properties":{"category":"flow_arrow","class":"tributary","from":[-56.907937194244994,-25.646456364235],"to":[-56.907381638705,-25.646456364235]},"geometry":{"type":"Point","coordinates":[-56.907937194244994,-25.646456364235]}},{"type":"Feature","properties":{"category":"flow_arrow","class":"tributary","from":[-56.907937194244994,-25.646456364235],"to":[-56.907381638705,-25.646456364235]},"geometry":{"type":"Point","coordinates":[-56.907937194244994,-25.646456364235]}},{"type":"Feature","properties":{"category":"flow_arrow","class":"main","from":[-56.906270527625,-25.657011919495],"to":[-56.906826083164994,-25.656456363955]},"geometry":{"type":"Point","coordinates":[-56.906270527625,-25.657011919495]}},{"type":"Feature","properties":{"category":"flow_arrow","class":"tributary","from":[-56.90127052776499,-25.628678586955],"to":[-56.90349274992499,-25.627567475875]},"geometry":{"type":"Point","coordinates":[-56.90127052776499,-25.628678586955]}},{"type":"Feature","properties":{"category":"flow_arrow","class":"tributary","from":[-56.90349274992499,-25.628123031415],"to":[-56.90349274992499,-25.627567475875]},"geometry":{"type":"Point","coordinates":[-56.90349274992499,-25.628123031415]}},{"type":"Feature","properties":{"category":"flow_arrow","class":"tributary","from":[-56.90349274992499,-25.628123031415],"to":[-56.90349274992499,-25.627567475875]},"geometry":{"type":"Point","coordinates":[-56.90349274992499,-25.628123031415]}},{"type":"Feature","properties":{"category":"flow_arrow","class":"tributary","from":[-56.90349274992499,-25.628123031415],"to":[-56.90349274992499,-25.627567475875]},"geometry":{"type":"Point","coordinates":[-56.90349274992499,-25.628123031415]}},{"type":"Feature","properties":{"category":"flow_arrow","class":"tributary","from":[-56.90349274992499,-25.628123031415],"to":[-56.90349274992499,-25.627567475875]},"geometry":{"type":"Point","coordinates":[-56.90349274992499,-25.628123031415]}},{"type":"Feature","properties":{"category":"flow_arrow","class":"tributary","from":[-56.899603861144996,-25.762011916555],"to":[-56.899603861144996,-25.761456361015]},"geometry":{"type":"Point","coordinates":[-56.899603861144996,-25.762011916555]}},{"type":"Feature","properties":{"category":"flow_arrow","class":"tributary","from":[-56.899603861144996,-25.760900805475],"to":[-56.899603861144996,-25.761456361015]},"geometry":{"type":"Point","coordinates":[-56.899603861144996,-25.760900805475]}},{"type":"Feature","properties":{"category":"flow_arrow","class":"tributary","from":[-56.899603861144996,-25.760900805475],"to":[-56.899603861144996,-25.761456361015]},"geometry":{"type":"Point","coordinates":[-56.899603861144996,-25.760900805475]}},{"type":"Feature","properties":{"category":"flow_arrow","class":"tributary","from":[-56.899603861144996,-25.760900805475],"to":[-56.899603861144996,-25.761456361015]},"geometry":{"type":"Point","coordinates":[-56.899603861144996,-25.760900805475]}},{"type":"Feature","properties":{"category":"flow_arrow","class":"tributary","from":[-56.899603861144996,-25.760900805475],"to":[-56.899603861144996,-25.761456361015]},"geometry":{"type":"Point","coordinates":[-56.899603861144996,-25.760900805475]}},{"type":"Feature","properties":{"category":"flow_arrow","class":"tributary","from":[-56.87627052846499,-25.588123032535],"to":[-56.875714972924996,-25.587567476995]},"geometry":{"type":"Point","coordinates":[-56.87627052846499,-25.588123032535]}},{"type":"Feature","properties":{"category":"flow_arrow","class":"tributary","from":[-56.875714972924996,-25.587011921455],"to":[-56.875714972924996,-25.587567476995]},"geometry":{"type":"Point","coordinates":[-56.875714972924996,-25.587011921455]}},{"type":"Feature","properties":{"category":"flow_arrow","class":"tributary","from":[-56.875714972924996,-25.587011921455],"to":[-56.875714972924996,-25.587567476995]},"geometry":{"type":"Point","coordinates":[-56.875714972924996,-25.587011921455]}},{"type":"Feature","properties":{"category":"flow_arrow","class":"tributary","from":[-56.875714972924996,-25.587011921455],"to":[-56.875714972924996,-25.587567476995]},"geometry":{"type":"Point","coordinates":[-56.875714972924996,-25.587011921455]}},{"type":"Feature","properties":{"category":"flow_arrow","class":"tributary","from":[-56.875714972924996,-25.587011921455],"to":[-56.875714972924996,-25.587567476995]},"geometry":{"type":"Point","coordinates":[-56.875714972924996,-25.587011921455]}},{"type":"Feature","properties":{"category":"flow_arrow","class":"tributary","from":[-56.87515941738499,-25.641456364375],"to":[-56.874603861844996,-25.639789697755]},"geometry":{"type":"Point","coordinates":[-56.87515941738499,-25.641456364375]}},{"type":"Feature","properties":{"category":"flow_arrow","class":"tributary","from":[-56.874603861844996,-25.640345253295],"to":[-56.874603861844996,-25.639789697755]},"geometry":{"type":"Point","coordinates":[-56.874603861844996,-25.640345253295]}},{"type":"Feature","properties":{"category":"flow_arrow","class":"tributary","from":[-56.874603861844996,-25.640345253295],"to":[-56.874603861844996,-25.639789697755]},"geometry":{"type":"Point","coordinates":[-56.874603861844996,-25.640345253295]}},{"type":"Feature","properties":{"category":"flow_arrow","class":"tributary","from":[-56.874603861844996,-25.640345253295],"to":[-56.874603861844996,-25.639789697755]},"geometry":{"type":"Point","coordinates":[-56.874603861844996,-25.640345253295]}},{"type":"Feature","properties":{"category":"flow_arrow","class":"tributary","from":[-56.874603861844996,-25.640345253295],"to":[-56.874603861844996,-25.639789697755]},"geometry":{"type":"Point","coordinates":[-56.874603861844996,-25.640345253295]}},{"type":"Feature","properties":{"category":"flow_arrow","class":"tributary","from":[-57.231270518524994,-25.604789698735],"to":[-57.231270518524994,-25.605900809815]},"geometry":{"type":"Point","coordinates":[-57.231270518524994,-25.604789698735]}},{"type":"Feature","properties":{"category":"flow_arrow","class":"tributary","from":[-57.231270518524994,-25.616456365075],"to":[-57.231270518524994,-25.614789698455]},"geometry":{"type":"Point","coordinates":[-57.231270518524994,-25.616456365075]}},{"type":"Feature","properties":{"category":"flow_arrow","class":"tributary","from":[-57.231270518524994,-25.614234142915],"to":[-57.231270518524994,-25.614789698455]},"geometry":{"type":"Point","coordinates":[-57.231270518524994,-25.614234142915]}},{"type":"Feature","properties":{"category":"flow_arrow","class":"tributary","from":[-57.231270518524994,-25.614234142915],"to":[-57.231270518524994,-25.614789698455]},"geometry":{"type":"Point","coordinates":[-57.231270518524994,-25.614234142915]}},{"type":"Feature","properties":{"category":"flow_arrow","class":"tributary","from":[-57.231270518524994,-25.614234142915],"to":[-57.231270518524994,-25.614789698455]},"geometry":{"type":"Point","coordinates":[-57.231270518524994,-25.614234142915]}},{"type":"Feature","properties":{"category":"flow_arrow","class":"tributary","from":[-57.231270518524994,-25.614234142915],"to":[-57.231270518524994,-25.614789698455]},"geometry":{"type":"Point","coordinates":[-57.231270518524994,-25.614234142915]}},{"type":"Feature","properties":{"category":"flow_arrow","class":"tributary","from":[-57.231270518524994,-25.649789697475],"to":[-57.231270518524994,-25.652567475175]},"geometry":{"type":"Point","coordinates":[-57.231270518524994,-25.649789697475]}},{"type":"Feature","properties":{"category":"flow_arrow","class":"tributary","from":[-57.231270518524994,-25.705900807015],"to":[-57.231270518524994,-25.708678584715]},"geometry":{"type":"Point","coordinates":[-57.231270518524994,-25.705900807015]}},{"type":"Feature","properties":{"category":"flow_arrow","class":"tributary","from":[-57.231270518524994,-25.709234140255],"to":[-57.231270518524994,-25.708678584715]},"geometry":{"type":"Point","coordinates":[-57.231270518524994,-25.709234140255]}},{"type":"Feature","properties":{"category":"flow_arrow","class":"tributary","from":[-57.231270518524994,-25.709234140255],"to":[-57.231270518524994,-25.708678584715]},"geometry":{"type":"Point","coordinates":[-57.231270518524994,-25.709234140255]}},{"type":"Feature","properties":{"category":"flow_arrow","class":"tributary","from":[-57.231270518524994,-25.709234140255],"to":[-57.231270518524994,-25.708678584715]},"geometry":{"type":"Point","coordinates":[-57.231270518524994,-25.709234140255]}},{"type":"Feature","properties":{"category":"flow_arrow","class":"tributary","from":[-57.231270518524994,-25.709234140255],"to":[-57.231270518524994,-25.708678584715]},"geometry":{"type":"Point","coordinates":[-57.231270518524994,-25.709234140255]}},{"type":"Feature","properties":{"category":"flow_arrow","class":"tributary","from":[-57.231270518524994,-25.735900806175],"to":[-57.231270518524994,-25.738678583875]},"geometry":{"type":"Point","coordinates":[-57.231270518524994,-25.735900806175]}},{"type":"Feature","properties":{"category":"flow_arrow","class":"tributary","from":[-57.22793718528499,-25.605900809815],"to":[-57.229603851905,-25.608123031975]},"geometry":{"type":"Point","coordinates":[-57.22793718528499,-25.605900809815]}},{"type":"Feature","properties":{"category":"flow_arrow","class":"tributary","from":[-57.229603851905,-25.609789698595],"to":[-57.229603851905,-25.610345254135]},"geometry":{"type":"Point","coordinates":[-57.229603851905,-25.609789698595]}},{"type":"Feature","properties":{"category":"flow_arrow","class":"tributary","from":[-57.229603851905,-25.609789698595],"to":[-57.229603851905,-25.610345254135]},"geometry":{"type":"Point","coordinates":[-57.229603851905,-25.609789698595]}},{"type":"Feature","properties":{"category":"flow_arrow","class":"tributary","from":[-57.229603851905,-25.609789698595],"to":[-57.229603851905,-25.610345254135]},"geometry":{"type":"Point","coordinates":[-57.229603851905,-25.609789698595]}},{"type":"Feature","properties":{"category":"flow_arrow","class":"tributary","from":[-57.229603851905,-25.609789698595],"to":[-57.229603851905,-25.610345254135]},"geometry":{"type":"Point","coordinates":[-57.229603851905,-25.609789698595]}},{"type":"Feature","properties":{"category":"flow_arrow","class":"tributary","from":[-57.227381629745,-25.539789700555],"to":[-57.22793718528499,-25.542567478255002]},"geometry":{"type":"Point","coordinates":[-57.227381629745,-25.539789700555]}},{"type":"Feature","properties":{"category":"flow_arrow","class":"tributary","from":[-57.229603851905,-25.545345255955],"to":[-57.229048296364994,-25.544789700415]},"geometry":{"type":"Point","coordinates":[-57.229603851905,-25.545345255955]}},{"type":"Feature","properties":{"category":"flow_arrow","class":"tributary","from":[-57.229603851905,-25.545345255955],"to":[-57.229048296364994,-25.544789700415]},"geometry":{"type":"Point","coordinates":[-57.229603851905,-25.545345255955]}},{"type":"Feature","properties":{"category":"flow_arrow","class":"tributary","from":[-57.229603851905,-25.545345255955],"to":[-57.229048296364994,-25.544789700415]},"geometry":{"type":"Point","coordinates":[-57.229603851905,-25.545345255955]}},{"type":"Feature","properties":{"category":"flow_arrow","class":"tributary","from":[-57.229603851905,-25.545345255955],"to":[-57.229048296364994,-25.544789700415]},"geometry":{"type":"Point","coordinates":[-57.229603851905,-25.545345255955]}},{"type":"Feature","properties":{"category":"flow_arrow","class":"tributary","from":[-57.22682607420499,-25.518678590035],"to":[-57.229603851905,-25.518123034495]},"geometry":{"type":"Point","coordinates":[-57.22682607420499,-25.518678590035]}},{"type":"Feature","properties":{"category":"flow_arrow","class":"tributary","from":[-57.22682607420499,-25.587567476995],"to":[-57.22682607420499,-25.584789699295]},"geometry":{"type":"Point","coordinates":[-57.22682607420499,-25.587567476995]}},{"type":"Feature","properties":{"category":"flow_arrow","class":"tributary","from":[-57.22682607420499,-25.714789695655],"to":[-57.227381629745,-25.714789695655]},"geometry":{"type":"Point","coordinates":[-57.22682607420499,-25.714789695655]}},{"type":"Feature","properties":{"category":"flow_arrow","class":"tributary","from":[-57.22793718528499,-25.715345251195],"to":[-57.227381629745,-25.714789695655]},"geometry":{"type":"Point","coordinates":[-57.22793718528499,-25.715345251195]}},{"type":"Feature","properties":{"category":"flow_arrow","class":"tributary","from":[-57.22793718528499,-25.715345251195],"to":[-57.227381629745,-25.714789695655]},"geometry":{"type":"Point","coordinates":[-57.22793718528499,-25.715345251195]}},{"type":"Feature","properties":{"category":"flow_arrow","class":"tributary","from":[-57.22793718528499,-25.715345251195],"to":[-57.227381629745,-25.714789695655]},"geometry":{"type":"Point","coordinates":[-57.22793718528499,-25.715345251195]}},{"type":"Feature","properties":{"category":"flow_arrow","class":"tributary","from":[-57.22793718528499,-25.715345251195],"to":[-57.227381629745,-25.714789695655]},"geometry":{"type":"Point","coordinates":[-57.22793718528499,-25.715345251195]}},{"type":"Feature","properties":{"category":"flow_arrow","class":"tributary","from":[-57.22682607420499,-25.738678583875],"to":[-57.229603851905,-25.740900806035]},"geometry":{"type":"Point","coordinates":[-57.22682607420499,-25.738678583875]}},{"type":"Feature","properties":{"category":"flow_arrow","class":"tributary","from":[-57.231270518524994,-25.741456361575],"to":[-57.231270518524994,-25.742011917115]},"geometry":{"type":"Point","coordinates":[-57.231270518524994,-25.741456361575]}},{"type":"Feature","properties":{"category":"flow_arrow","class":"tributary","from":[-57.231270518524994,-25.741456361575],"to":[-57.231270518524994,-25.742011917115]},"geometry":{"type":"Point","coordinates":[-57.231270518524994,-25.741456361575]}},{"type":"Feature","properties":{"category":"flow_arrow","class":"tributary","from":[-57.231270518524994,-25.741456361575],"to":[-57.231270518524994,-25.742011917115]},"geometry":{"type":"Point","coordinates":[-57.231270518524994,-25.741456361575]}},{"type":"Feature","properties":{"category":"flow_arrow","class":"tributary","from":[-57.231270518524994,-25.741456361575],"to":[-57.231270518524994,-25.742011917115]},"geometry":{"type":"Point","coordinates":[-57.231270518524994,-25.741456361575]}},{"type":"Feature","properties":{"category":"flow_arrow","class":"tributary","from":[-57.226270518665,-25.658123030575],"to":[-57.226270518665,-25.657011919495]},"geometry":{"type":"Point","coordinates":[-57.226270518665,-25.658123030575]}},{"type":"Feature","properties":{"category":"flow_arrow","class":"tributary","from":[-57.22571496312499,-25.657011919495],"to":[-57.226270518665,-25.657011919495]},"geometry":{"type":"Point","coordinates":[-57.22571496312499,-25.657011919495]}},{"type":"Feature","properties":{"category":"flow_arrow","class":"tributary","from":[-57.22571496312499,-25.657011919495],"to":[-57.226270518665,-25.657011919495]},"geometry":{"type":"Point","coordinates":[-57.22571496312499,-25.657011919495]}},{"type":"Feature","properties":{"category":"flow_arrow","class":"tributary","from":[-57.22571496312499,-25.657011919495],"to":[-57.226270518665,-25.657011919495]},"geometry":{"type":"Point","coordinates":[-57.22571496312499,-25.657011919495]}},{"type":"Feature","properties":{"category":"flow_arrow","class":"tributary","from":[-57.22571496312499,-25.657011919495],"to":[-57.226270518665,-25.657011919495]},"geometry":{"type":"Point","coordinates":[-57.22571496312499,-25.657011919495]}},{"type":"Feature","properties":{"category":"flow_arrow","class":"tributary","from":[-57.22571496312499,-25.554234144595],"to":[-57.228492740825,-25.553678589055]},"geometry":{"type":"Point","coordinates":[-57.22571496312499,-25.554234144595]}},{"type":"Feature","properties":{"category":"flow_arrow","class":"tributary","from":[-57.231270518524994,-25.554234144595],"to":[-57.230714962985,-25.553678589055]},"geometry":{"type":"Point","coordinates":[-57.231270518524994,-25.554234144595]}},{"type":"Feature","properties":{"category":"flow_arrow","class":"tributary","from":[-57.231270518524994,-25.554234144595],"to":[-57.230714962985,-25.553678589055]},"geometry":{"type":"Point","coordinates":[-57.231270518524994,-25.554234144595]}},{"type":"Feature","properties":{"category":"flow_arrow","class":"tributary","from":[-57.231270518524994,-25.554234144595],"to":[-57.230714962985,-25.553678589055]},"geometry":{"type":"Point","coordinates":[-57.231270518524994,-25.554234144595]}},{"type":"Feature","properties":{"category":"flow_arrow","class":"tributary","from":[-57.231270518524994,-25.554234144595],"to":[-57.230714962985,-25.553678589055]},"geometry":{"type":"Point","coordinates":[-57.231270518524994,-25.554234144595]}},{"type":"Feature","properties":{"category":"flow_arrow","class":"tributary","from":[-57.22460385204499,-25.598678587795],"to":[-57.225159407585,-25.599234143335]},"geometry":{"type":"Point","coordinates":[-57.22460385204499,-25.598678587795]}},{"type":"Feature","properties":{"category":"flow_arrow","class":"tributary","from":[-57.224048296504996,-25.722567473215],"to":[-57.22460385204499,-25.719789695515]},"geometry":{"type":"Point","coordinates":[-57.224048296504996,-25.722567473215]}},{"type":"Feature","properties":{"category":"flow_arrow","class":"tributary","from":[-57.224048296504996,-25.719789695515],"to":[-57.22460385204499,-25.719789695515]},"geometry":{"type":"Point","coordinates":[-57.224048296504996,-25.719789695515]}},{"type":"Feature","properties":{"category":"flow_arrow","class":"tributary","from":[-57.224048296504996,-25.719789695515],"to":[-57.22460385204499,-25.719789695515]},"geometry":{"type":"Point","coordinates":[-57.224048296504996,-25.719789695515]}},{"type":"Feature","properties":{"category":"flow_arrow","class":"tributary","from":[-57.224048296504996,-25.719789695515],"to":[-57.22460385204499,-25.719789695515]},"geometry":{"type":"Point","coordinates":[-57.224048296504996,-25.719789695515]}},{"type":"Feature","properties":{"category":"flow_arrow","class":"tributary","from":[-57.224048296504996,-25.719789695515],"to":[-57.22460385204499,-25.719789695515]},"geometry":{"type":"Point","coordinates":[-57.224048296504996,-25.719789695515]}},{"type":"Feature","properties":{"category":"flow_arrow","class":"tributary","from":[-57.22349274096499,-25.587011921455],"to":[-57.224048296504996,-25.586456365915]},"geometry":{"type":"Point","coordinates":[-57.22349274096499,-25.587011921455]}},{"type":"Feature","properties":{"category":"flow_arrow","class":"tributary","from":[-57.22349274096499,-25.639789697755],"to":[-57.22460385204499,-25.642567475455]},"geometry":{"type":"Point","coordinates":[-57.22349274096499,-25.639789697755]}},{"type":"Feature","properties":{"category":"flow_arrow","class":"tributary","from":[-57.22460385204499,-25.643123030995],"to":[-57.22460385204499,-25.643678586535]},"geometry":{"type":"Point","coordinates":[-57.22460385204499,-25.643123030995]}},{"type":"Feature","properties":{"category":"flow_arrow","class":"tributary","from":[-57.22460385204499,-25.643123030995],"to":[-57.22460385204499,-25.643678586535]},"geometry":{"type":"Point","coordinates":[-57.22460385204499,-25.643123030995]}},{"type":"Feature","properties":{"category":"flow_arrow","class":"tributary","from":[-57.22460385204499,-25.643123030995],"to":[-57.22460385204499,-25.643678586535]},"geometry":{"type":"Point","coordinates":[-57.22460385204499,-25.643123030995]}},{"type":"Feature","properties":{"category":"flow_arrow","class":"tributary","from":[-57.22460385204499,-25.643123030995],"to":[-57.22460385204499,-25.643678586535]},"geometry":{"type":"Point","coordinates":[-57.22460385204499,-25.643123030995]}},{"type":"Feature","properties":{"category":"flow_arrow","class":"tributary","from":[-57.22349274096499,-25.687011918655],"to":[-57.225159407585,-25.688678585275]},"geometry":{"type":"Point","coordinates":[-57.22349274096499,-25.687011918655]}},{"type":"Feature","properties":{"category":"flow_arrow","class":"tributary","from":[-57.231270518524994,-25.690900807435],"to":[-57.230714962985,-25.690900807435]},"geometry":{"type":"Point","coordinates":[-57.231270518524994,-25.690900807435]}},{"type":"Feature","properties":{"category":"flow_arrow","class":"tributary","from":[-57.231270518524994,-25.690900807435],"to":[-57.230714962985,-25.690900807435]},"geometry":{"type":"Point","coordinates":[-57.231270518524994,-25.690900807435]}},{"type":"Feature","properties":{"category":"flow_arrow","class":"tributary","from":[-57.231270518524994,-25.690900807435],"to":[-57.230714962985,-25.690900807435]},"geometry":{"type":"Point","coordinates":[-57.231270518524994,-25.690900807435]}},{"type":"Feature","properties":{"category":"flow_arrow","class":"tributary","from":[-57.231270518524994,-25.690900807435],"to":[-57.230714962985,-25.690900807435]},"geometry":{"type":"Point","coordinates":[-57.231270518524994,-25.690900807435]}},{"type":"Feature","properties":{"category":"flow_arrow","class":"tributary","from":[-57.222937185424996,-25.542567478255002],"to":[-57.22571496312499,-25.542567478255002]},"geometry":{"type":"Point","coordinates":[-57.222937185424996,-25.542567478255002]}},{"type":"Feature","properties":{"category":"flow_arrow","class":"tributary","from":[-57.226270518665,-25.543123033795],"to":[-57.22682607420499,-25.543123033795]},"geometry":{"type":"Point","coordinates":[-57.226270518665,-25.543123033795]}},{"type":"Feature","properties":{"category":"flow_arrow","class":"tributary","from":[-57.226270518665,-25.543123033795],"to":[-57.22682607420499,-25.543123033795]},"geometry":{"type":"Point","coordinates":[-57.226270518665,-25.543123033795]}},{"type":"Feature","properties":{"category":"flow_arrow","class":"tributary","from":[-57.226270518665,-25.543123033795],"to":[-57.22682607420499,-25.543123033795]},"geometry":{"type":"Point","coordinates":[-57.226270518665,-25.543123033795]}},{"type":"Feature","properties":{"category":"flow_arrow","class":"tributary","from":[-57.226270518665,-25.543123033795],"to":[-57.22682607420499,-25.543123033795]},"geometry":{"type":"Point","coordinates":[-57.226270518665,-25.543123033795]}},{"type":"Feature","properties":{"category":"flow_arrow","class":"tributary","from":[-57.22238162988499,-25.512011923555],"to":[-57.22238162988499,-25.512567479095]},"geometry":{"type":"Point","coordinates":[-57.22238162988499,-25.512011923555]}},{"type":"Feature","properties":{"category":"flow_arrow","class":"tributary","from":[-57.22238162988499,-25.565345255395002],"to":[-57.22349274096499,-25.566456366475]},"geometry":{"type":"Point","coordinates":[-57.22238162988499,-25.565345255395002]}},{"type":"Feature","properties":{"category":"flow_arrow","class":"tributary","from":[-57.22349274096499,-25.565900810935],"to":[-57.22349274096499,-25.566456366475]},"geometry":{"type":"Point","coordinates":[-57.22349274096499,-25.565900810935]}},{"type":"Feature","properties":{"category":"flow_arrow","class":"tributary","from":[-57.22349274096499,-25.565900810935],"to":[-57.22349274096499,-25.566456366475]},"geometry":{"type":"Point","coordinates":[-57.22349274096499,-25.565900810935]}},{"type":"Feature","properties":{"category":"flow_arrow","class":"tributary","from":[-57.22349274096499,-25.565900810935],"to":[-57.22349274096499,-25.566456366475]},"geometry":{"type":"Point","coordinates":[-57.22349274096499,-25.565900810935]}},{"type":"Feature","properties":{"category":"flow_arrow","class":"tributary","from":[-57.22349274096499,-25.565900810935],"to":[-57.22349274096499,-25.566456366475]},"geometry":{"type":"Point","coordinates":[-57.22349274096499,-25.565900810935]}},{"type":"Feature","properties":{"category":"flow_arrow","class":"tributary","from":[-57.221826074344996,-25.688123029735],"to":[-57.22238162988499,-25.688123029735]},"geometry":{"type":"Point","coordinates":[-57.221826074344996,-25.688123029735]}},{"type":"Feature","properties":{"category":"flow_arrow","class":"tributary","from":[-57.22238162988499,-25.687567474195],"to":[-57.22238162988499,-25.688123029735]},"geometry":{"type":"Point","coordinates":[-57.22238162988499,-25.687567474195]}},{"type":"Feature","properties":{"category":"flow_arrow","class":"tributary","from":[-57.22238162988499,-25.687567474195],"to":[-57.22238162988499,-25.688123029735]},"geometry":{"type":"Point","coordinates":[-57.22238162988499,-25.687567474195]}},{"type":"Feature","properties":{"category":"flow_arrow","class":"tributary","from":[-57.22238162988499,-25.687567474195],"to":[-57.22238162988499,-25.688123029735]},"geometry":{"type":"Point","coordinates":[-57.22238162988499,-25.687567474195]}},{"type":"Feature","properties":{"category":"flow_arrow","class":"tributary","from":[-57.22238162988499,-25.687567474195],"to":[-57.22238162988499,-25.688123029735]},"geometry":{"type":"Point","coordinates":[-57.22238162988499,-25.687567474195]}},{"type":"Feature","properties":{"category":"flow_arrow","class":"tributary","from":[-57.220714963264996,-25.567567477555],"to":[-57.22127051880499,-25.567011922015]},"geometry":{"type":"Point","coordinates":[-57.220714963264996,-25.567567477555]}},{"type":"Feature","properties":{"category":"flow_arrow","class":"tributary","from":[-57.219603852184996,-25.774789693975],"to":[-57.22015940772499,-25.777567471675]},"geometry":{"type":"Point","coordinates":[-57.219603852184996,-25.774789693975]}},{"type":"Feature","properties":{"category":"flow_arrow","class":"tributary","from":[-57.217381630024995,-25.643678586535],"to":[-57.219603852184996,-25.646456364235]},"geometry":{"type":"Point","coordinates":[-57.217381630024995,-25.643678586535]}},{"type":"Feature","properties":{"category":"flow_arrow","class":"tributary","from":[-57.222937185424996,-25.653678586255],"to":[-57.22238162988499,-25.653123030715]},"geometry":{"type":"Point","coordinates":[-57.222937185424996,-25.653678586255]}},{"type":"Feature","properties":{"category":"flow_arrow","class":"tributary","from":[-57.222937185424996,-25.653678586255],"to":[-57.22238162988499,-25.653123030715]},"geometry":{"type":"Point","coordinates":[-57.222937185424996,-25.653678586255]}},{"type":"Feature","properties":{"category":"flow_arrow","class":"tributary","from":[-57.222937185424996,-25.653678586255],"to":[-57.22238162988499,-25.653123030715]},"geometry":{"type":"Point","coordinates":[-57.222937185424996,-25.653678586255]}},{"type":"Feature","properties":{"category":"flow_arrow","class":"tributary","from":[-57.222937185424996,-25.653678586255],"to":[-57.22238162988499,-25.653123030715]},"geometry":{"type":"Point","coordinates":[-57.222937185424996,-25.653678586255]}},{"type":"Feature","properties":{"category":"flow_arrow","class":"tributary","from":[-57.217381630024995,-25.673123030155],"to":[-57.216826074485,-25.670345252455]},"geometry":{"type":"Point","coordinates":[-57.217381630024995,-25.673123030155]}},{"type":"Feature","properties":{"category":"flow_arrow","class":"tributary","from":[-57.216270518944995,-25.652567475175],"to":[-57.216826074485,-25.652567475175]},"geometry":{"type":"Point","coordinates":[-57.216270518944995,-25.652567475175]}},{"type":"Feature","properties":{"category":"flow_arrow","class":"tributary","from":[-57.215159407864995,-25.776456360595],"to":[-57.216270518944995,-25.779234138295]},"geometry":{"type":"Point","coordinates":[-57.215159407864995,-25.776456360595]}},{"type":"Feature","properties":{"category":"flow_arrow","class":"tributary","from":[-57.214048296784995,-25.499234146135],"to":[-57.211270519085,-25.497567479515]},"geometry":{"type":"Point","coordinates":[-57.214048296784995,-25.499234146135]}},{"type":"Feature","properties":{"category":"flow_arrow","class":"tributary","from":[-57.214048296784995,-25.606456365355],"to":[-57.215159407864995,-25.608678587515]},"geometry":{"type":"Point","coordinates":[-57.214048296784995,-25.606456365355]}},{"type":"Feature","properties":{"category":"flow_arrow","class":"tributary","from":[-57.215159407864995,-25.608123031975],"to":[-57.215159407864995,-25.608678587515]},"geometry":{"type":"Point","coordinates":[-57.215159407864995,-25.608123031975]}},{"type":"Feature","properties":{"category":"flow_arrow","class":"tributary","from":[-57.215159407864995,-25.608123031975],"to":[-57.215159407864995,-25.608678587515]},"geometry":{"type":"Point","coordinates":[-57.215159407864995,-25.608123031975]}},{"type":"Feature","properties":{"category":"flow_arrow","class":"tributary","from":[-57.215159407864995,-25.608123031975],"to":[-57.215159407864995,-25.608678587515]},"geometry":{"type":"Point","coordinates":[-57.215159407864995,-25.608123031975]}},{"type":"Feature","properties":{"category":"flow_arrow","class":"tributary","from":[-57.215159407864995,-25.608123031975],"to":[-57.215159407864995,-25.608678587515]},"geometry":{"type":"Point","coordinates":[-57.215159407864995,-25.608123031975]}},{"type":"Feature","properties":{"category":"flow_arrow","class":"tributary","from":[-57.214048296784995,-25.707567473635],"to":[-57.214048296784995,-25.707011918095]},"geometry":{"type":"Point","coordinates":[-57.214048296784995,-25.707567473635]}},{"type":"Feature","properties":{"category":"flow_arrow","class":"tributary","from":[-57.214048296784995,-25.784234138155],"to":[-57.214603852325,-25.784789693695]},"geometry":{"type":"Point","coordinates":[-57.214048296784995,-25.784234138155]}},{"type":"Feature","properties":{"category":"flow_arrow","class":"tributary","from":[-57.212381630165,-25.538678589475],"to":[-57.212937185704995,-25.539789700555]},"geometry":{"type":"Point","coordinates":[-57.212381630165,-25.538678589475]}},{"type":"Feature","properties":{"category":"flow_arrow","class":"tributary","from":[-57.211270519085,-25.547011922575],"to":[-57.213492741245,-25.544234144875]},"geometry":{"type":"Point","coordinates":[-57.211270519085,-25.547011922575]}},{"type":"Feature","properties":{"category":"flow_arrow","class":"tributary","from":[-57.210159408005,-25.586456365915],"to":[-57.207937185845,-25.585900810375]},"geometry":{"type":"Point","coordinates":[-57.210159408005,-25.586456365915]}},{"type":"Feature","properties":{"category":"flow_arrow","class":"tributary","from":[-57.210159408005,-25.740345250495],"to":[-57.212937185704995,-25.742567472655]},"geometry":{"type":"Point","coordinates":[-57.210159408005,-25.740345250495]}},{"type":"Feature","properties":{"category":"flow_arrow","class":"tributary","from":[-57.218492741104996,-25.747011916975],"to":[-57.217937185565,-25.747011916975]},"geometry":{"type":"Point","coordinates":[-57.218492741104996,-25.747011916975]}},{"type":"Feature","properties":{"category":"flow_arrow","class":"tributary","from":[-57.218492741104996,-25.747011916975],"to":[-57.217937185565,-25.747011916975]},"geometry":{"type":"Point","coordinates":[-57.218492741104996,-25.747011916975]}},{"type":"Feature","properties":{"category":"flow_arrow","class":"tributary","from":[-57.218492741104996,-25.747011916975],"to":[-57.217937185565,-25.747011916975]},"geometry":{"type":"Point","coordinates":[-57.218492741104996,-25.747011916975]}},{"type":"Feature","properties":{"category":"flow_arrow","class":"tributary","from":[-57.218492741104996,-25.747011916975],"to":[-57.217937185565,-25.747011916975]},"geometry":{"type":"Point","coordinates":[-57.218492741104996,-25.747011916975]}},{"type":"Feature","properties":{"category":"flow_arrow","class":"main","from":[-57.209603852464994,-25.666456363675],"to":[-57.210159408005,-25.668678585835]},"geometry":{"type":"Point","coordinates":[-57.209603852464994,-25.666456363675]}},{"type":"Feature","properties":{"category":"flow_arrow","class":"main","from":[-57.209603852464994,-25.726456361995],"to":[-57.210714963544994,-25.723678584295]},"geometry":{"type":"Point","coordinates":[-57.209603852464994,-25.726456361995]}},{"type":"Feature","properties":{"category":"flow_arrow","class":"main","from":[-57.213492741245,-25.719789695515],"to":[-57.213492741245,-25.720345251055]},"geometry":{"type":"Point","coordinates":[-57.213492741245,-25.719789695515]}},{"type":"Feature","properties":{"category":"flow_arrow","class":"main","from":[-57.213492741245,-25.719789695515],"to":[-57.213492741245,-25.720345251055]},"geometry":{"type":"Point","coordinates":[-57.213492741245,-25.719789695515]}},{"type":"Feature","properties":{"category":"flow_arrow","class":"main","from":[-57.213492741245,-25.719789695515],"to":[-57.213492741245,-25.720345251055]},"geometry":{"type":"Point","coordinates":[-57.213492741245,-25.719789695515]}},{"type":"Feature","properties":{"category":"flow_arrow","class":"main","from":[-57.213492741245,-25.719789695515],"to":[-57.213492741245,-25.720345251055]},"geometry":{"type":"Point","coordinates":[-57.213492741245,-25.719789695515]}},{"type":"Feature","properties":{"category":"flow_arrow","class":"main","from":[-57.213492741245,-25.719789695515],"to":[-57.213492741245,-25.720345251055]},"geometry":{"type":"Point","coordinates":[-57.213492741245,-25.719789695515]}},{"type":"Feature","properties":{"category":"flow_arrow","class":"main","from":[-57.213492741245,-25.719789695515],"to":[-57.213492741245,-25.720345251055]},"geometry":{"type":"Point","coordinates":[-57.213492741245,-25.719789695515]}},{"type":"Feature","properties":{"category":"flow_arrow","class":"main","from":[-57.213492741245,-25.719789695515],"to":[-57.213492741245,-25.720345251055]},"geometry":{"type":"Point","coordinates":[-57.213492741245,-25.719789695515]}},{"type":"Feature","properties":{"category":"flow_arrow","class":"tributary","from":[-57.208492741384994,-25.540345256095],"to":[-57.209048296925,-25.540900811635]},"geometry":{"type":"Point","coordinates":[-57.208492741384994,-25.540345256095]}},{"type":"Feature","properties":{"category":"flow_arrow","class":"tributary","from":[-57.207381630304994,-25.625900809255],"to":[-57.207937185845,-25.627567475875]},"geometry":{"type":"Point","coordinates":[-57.207381630304994,-25.625900809255]}},{"type":"Feature","properties":{"category":"flow_arrow","class":"tributary","from":[-57.207937185845,-25.628123031415],"to":[-57.207937185845,-25.627567475875]},"geometry":{"type":"Point","coordinates":[-57.207937185845,-25.628123031415]}},{"type":"Feature","properties":{"category":"flow_arrow","class":"tributary","from":[-57.207937185845,-25.628123031415],"to":[-57.207937185845,-25.627567475875]},"geometry":{"type":"Point","coordinates":[-57.207937185845,-25.628123031415]}},{"type":"Feature","properties":{"category":"flow_arrow","class":"tributary","from":[-57.207937185845,-25.628123031415],"to":[-57.207937185845,-25.627567475875]},"geometry":{"type":"Point","coordinates":[-57.207937185845,-25.628123031415]}},{"type":"Feature","properties":{"category":"flow_arrow","class":"tributary","from":[-57.207937185845,-25.628123031415],"to":[-57.207937185845,-25.627567475875]},"geometry":{"type":"Point","coordinates":[-57.207937185845,-25.628123031415]}},{"type":"Feature","properties":{"category":"flow_arrow","class":"tributary","from":[-57.206826074765,-25.445900814295],"to":[-57.206826074765,-25.447567480915]},"geometry":{"type":"Point","coordinates":[-57.206826074765,-25.445900814295]}},{"type":"Feature","properties":{"category":"flow_arrow","class":"tributary","from":[-57.206826074765,-25.448123036455],"to":[-57.206826074765,-25.447567480915]},"geometry":{"type":"Point","coordinates":[-57.206826074765,-25.448123036455]}},{"type":"Feature","properties":{"category":"flow_arrow","class":"tributary","from":[-57.206826074765,-25.448123036455],"to":[-57.206826074765,-25.447567480915]},"geometry":{"type":"Point","coordinates":[-57.206826074765,-25.448123036455]}},{"type":"Feature","properties":{"category":"flow_arrow","class":"tributary","from":[-57.206826074765,-25.448123036455],"to":[-57.206826074765,-25.447567480915]},"geometry":{"type":"Point","coordinates":[-57.206826074765,-25.448123036455]}},{"type":"Feature","properties":{"category":"flow_arrow","class":"tributary","from":[-57.206826074765,-25.448123036455],"to":[-57.206826074765,-25.447567480915]},"geometry":{"type":"Point","coordinates":[-57.206826074765,-25.448123036455]}},{"type":"Feature","properties":{"category":"flow_arrow","class":"tributary","from":[-57.206826074765,-25.722011917675],"to":[-57.207381630304994,-25.721456362135]},"geometry":{"type":"Point","coordinates":[-57.206826074765,-25.722011917675]}},{"type":"Feature","properties":{"category":"flow_arrow","class":"tributary","from":[-57.206270519224994,-25.638678586675],"to":[-57.207937185845,-25.639789697755]},"geometry":{"type":"Point","coordinates":[-57.206270519224994,-25.638678586675]}},{"type":"Feature","properties":{"category":"flow_arrow","class":"tributary","from":[-57.205714963685,-25.704234140395002],"to":[-57.208492741384994,-25.704789695935]},"geometry":{"type":"Point","coordinates":[-57.205714963685,-25.704234140395002]}},{"type":"Feature","properties":{"category":"flow_arrow","class":"tributary","from":[-57.210159408005,-25.705345251475],"to":[-57.210714963544994,-25.705900807015]},"geometry":{"type":"Point","coordinates":[-57.210159408005,-25.705345251475]}},{"type":"Feature","properties":{"category":"flow_arrow","class":"tributary","from":[-57.210159408005,-25.705345251475],"to":[-57.210714963544994,-25.705900807015]},"geometry":{"type":"Point","coordinates":[-57.210159408005,-25.705345251475]}},{"type":"Feature","properties":{"category":"flow_arrow","class":"tributary","from":[-57.210159408005,-25.705345251475],"to":[-57.210714963544994,-25.705900807015]},"geometry":{"type":"Point","coordinates":[-57.210159408005,-25.705345251475]}},{"type":"Feature","properties":{"category":"flow_arrow","class":"tributary","from":[-57.210159408005,-25.705345251475],"to":[-57.210714963544994,-25.705900807015]},"geometry":{"type":"Point","coordinates":[-57.210159408005,-25.705345251475]}},{"type":"Feature","properties":{"category":"flow_arrow","class":"tributary","from":[-57.20515940814499,-25.517011923415],"to":[-57.205714963685,-25.514234145715]},"geometry":{"type":"Point","coordinates":[-57.20515940814499,-25.517011923415]}},{"type":"Feature","properties":{"category":"flow_arrow","class":"tributary","from":[-57.206270519224994,-25.512567479095],"to":[-57.206270519224994,-25.512011923555]},"geometry":{"type":"Point","coordinates":[-57.206270519224994,-25.512567479095]}},{"type":"Feature","properties":{"category":"flow_arrow","class":"tributary","from":[-57.206270519224994,-25.512567479095],"to":[-57.206270519224994,-25.512011923555]},"geometry":{"type":"Point","coordinates":[-57.206270519224994,-25.512567479095]}},{"type":"Feature","properties":{"category":"flow_arrow","class":"tributary","from":[-57.206270519224994,-25.512567479095],"to":[-57.206270519224994,-25.512011923555]},"geometry":{"type":"Point","coordinates":[-57.206270519224994,-25.512567479095]}},{"type":"Feature","properties":{"category":"flow_arrow","class":"tributary","from":[-57.206270519224994,-25.512567479095],"to":[-57.206270519224994,-25.512011923555]},"geometry":{"type":"Point","coordinates":[-57.206270519224994,-25.512567479095]}},{"type":"Feature","properties":{"category":"flow_arrow","class":"tributary","from":[-57.20515940814499,-25.645345253155],"to":[-57.206270519224994,-25.645900808695]},"geometry":{"type":"Point","coordinates":[-57.20515940814499,-25.645345253155]}},{"type":"Feature","properties":{"category":"flow_arrow","class":"tributary","from":[-57.206270519224994,-25.646456364235],"to":[-57.206270519224994,-25.645900808695]},"geometry":{"type":"Point","coordinates":[-57.206270519224994,-25.646456364235]}},{"type":"Feature","properties":{"category":"flow_arrow","class":"tributary","from":[-57.206270519224994,-25.646456364235],"to":[-57.206270519224994,-25.645900808695]},"geometry":{"type":"Point","coordinates":[-57.206270519224994,-25.646456364235]}},{"type":"Feature","properties":{"category":"flow_arrow","class":"tributary","from":[-57.206270519224994,-25.646456364235],"to":[-57.206270519224994,-25.645900808695]},"geometry":{"type":"Point","coordinates":[-57.206270519224994,-25.646456364235]}},{"type":"Feature","properties":{"category":"flow_arrow","class":"tributary","from":[-57.206270519224994,-25.646456364235],"to":[-57.206270519224994,-25.645900808695]},"geometry":{"type":"Point","coordinates":[-57.206270519224994,-25.646456364235]}},{"type":"Feature","properties":{"category":"flow_arrow","class":"tributary","from":[-57.20515940814499,-25.757567472235],"to":[-57.206826074765,-25.760345249935]},"geometry":{"type":"Point","coordinates":[-57.20515940814499,-25.757567472235]}},{"type":"Feature","properties":{"category":"flow_arrow","class":"tributary","from":[-57.206826074765,-25.759789694395],"to":[-57.206826074765,-25.760345249935]},"geometry":{"type":"Point","coordinates":[-57.206826074765,-25.759789694395]}},{"type":"Feature","properties":{"category":"flow_arrow","class":"tributary","from":[-57.206826074765,-25.759789694395],"to":[-57.206826074765,-25.760345249935]},"geometry":{"type":"Point","coordinates":[-57.206826074765,-25.759789694395]}},{"type":"Feature","properties":{"category":"flow_arrow","class":"tributary","from":[-57.206826074765,-25.759789694395],"to":[-57.206826074765,-25.760345249935]},"geometry":{"type":"Point","coordinates":[-57.206826074765,-25.759789694395]}},{"type":"Feature","properties":{"category":"flow_arrow","class":"tributary","from":[-57.206826074765,-25.759789694395],"to":[-57.206826074765,-25.760345249935]},"geometry":{"type":"Point","coordinates":[-57.206826074765,-25.759789694395]}},{"type":"Feature","properties":{"category":"flow_arrow","class":"tributary","from":[-57.20404829706499,-25.669234141375],"to":[-57.204603852605,-25.669234141375]},"geometry":{"type":"Point","coordinates":[-57.20404829706499,-25.669234141375]}},{"type":"Feature","properties":{"category":"flow_arrow","class":"tributary","from":[-57.20293718598499,-25.473123035755002],"to":[-57.20071496382499,-25.470345258055]},"geometry":{"type":"Point","coordinates":[-57.20293718598499,-25.473123035755002]}},{"type":"Feature","properties":{"category":"flow_arrow","class":"tributary","from":[-57.19738163058499,-25.685345252035],"to":[-57.19849274166499,-25.686456363115]},"geometry":{"type":"Point","coordinates":[-57.19738163058499,-25.685345252035]}},{"type":"Feature","properties":{"category":"flow_arrow","class":"tributary","from":[-57.197937186124996,-25.686456363115],"to":[-57.19849274166499,-25.686456363115]},"geometry":{"type":"Point","coordinates":[-57.197937186124996,-25.686456363115]}},{"type":"Feature","properties":{"category":"flow_arrow","class":"tributary","from":[-57.197937186124996,-25.686456363115],"to":[-57.19849274166499,-25.686456363115]},"geometry":{"type":"Point","coordinates":[-57.197937186124996,-25.686456363115]}},{"type":"Feature","properties":{"category":"flow_arrow","class":"tributary","from":[-57.197937186124996,-25.686456363115],"to":[-57.19849274166499,-25.686456363115]},"geometry":{"type":"Point","coordinates":[-57.197937186124996,-25.686456363115]}},{"type":"Feature","properties":{"category":"flow_arrow","class":"tributary","from":[-57.197937186124996,-25.686456363115],"to":[-57.19849274166499,-25.686456363115]},"geometry":{"type":"Point","coordinates":[-57.197937186124996,-25.686456363115]}},{"type":"Feature","properties":{"category":"flow_arrow","class":"tributary","from":[-57.196826075044996,-25.480345257775],"to":[-57.194048297345,-25.479789702235]},"geometry":{"type":"Point","coordinates":[-57.196826075044996,-25.480345257775]}},{"type":"Feature","properties":{"category":"flow_arrow","class":"tributary","from":[-57.196270519505,-25.533123034075],"to":[-57.196826075044996,-25.535900811775]},"geometry":{"type":"Point","coordinates":[-57.196270519505,-25.533123034075]}},{"type":"Feature","properties":{"category":"flow_arrow","class":"tributary","from":[-57.195714963964996,-25.469789702515],"to":[-57.195159408425,-25.467011924815]},"geometry":{"type":"Point","coordinates":[-57.195714963964996,-25.469789702515]}},{"type":"Feature","properties":{"category":"flow_arrow","class":"tributary","from":[-57.196826075044996,-25.465345258195],"to":[-57.196270519505,-25.464789702655]},"geometry":{"type":"Point","coordinates":[-57.196826075044996,-25.465345258195]}},{"type":"Feature","properties":{"category":"flow_arrow","class":"tributary","from":[-57.196826075044996,-25.465345258195],"to":[-57.196270519505,-25.464789702655]},"geometry":{"type":"Point","coordinates":[-57.196826075044996,-25.465345258195]}},{"type":"Feature","properties":{"category":"flow_arrow","class":"tributary","from":[-57.196826075044996,-25.465345258195],"to":[-57.196270519505,-25.464789702655]},"geometry":{"type":"Point","coordinates":[-57.196826075044996,-25.465345258195]}},{"type":"Feature","properties":{"category":"flow_arrow","class":"tributary","from":[-57.196826075044996,-25.465345258195],"to":[-57.196270519505,-25.464789702655]},"geometry":{"type":"Point","coordinates":[-57.196826075044996,-25.465345258195]}},{"type":"Feature","properties":{"category":"flow_arrow","class":"tributary","from":[-57.195159408425,-25.682011918795],"to":[-57.196270519505,-25.683678585415]},"geometry":{"type":"Point","coordinates":[-57.195159408425,-25.682011918795]}},{"type":"Feature","properties":{"category":"flow_arrow","class":"tributary","from":[-57.196270519505,-25.684234140955],"to":[-57.196270519505,-25.683678585415]},"geometry":{"type":"Point","coordinates":[-57.196270519505,-25.684234140955]}},{"type":"Feature","properties":{"category":"flow_arrow","class":"tributary","from":[-57.196270519505,-25.684234140955],"to":[-57.196270519505,-25.683678585415]},"geometry":{"type":"Point","coordinates":[-57.196270519505,-25.684234140955]}},{"type":"Feature","properties":{"category":"flow_arrow","class":"tributary","from":[-57.196270519505,-25.684234140955],"to":[-57.196270519505,-25.683678585415]},"geometry":{"type":"Point","coordinates":[-57.196270519505,-25.684234140955]}},{"type":"Feature","properties":{"category":"flow_arrow","class":"tributary","from":[-57.196270519505,-25.684234140955],"to":[-57.196270519505,-25.683678585415]},"geometry":{"type":"Point","coordinates":[-57.196270519505,-25.684234140955]}},{"type":"Feature","properties":{"category":"flow_arrow","class":"tributary","from":[-57.193492741804995,-25.448678591995],"to":[-57.194048297345,-25.447567480915]},"geometry":{"type":"Point","coordinates":[-57.193492741804995,-25.448678591995]}},{"type":"Feature","properties":{"category":"flow_arrow","class":"tributary","from":[-57.192937186265,-25.550345255815],"to":[-57.194603852884995,-25.553123033515]},"geometry":{"type":"Point","coordinates":[-57.192937186265,-25.550345255815]}},{"type":"Feature","properties":{"category":"flow_arrow","class":"tributary","from":[-57.195159408425,-25.553678589055],"to":[-57.194603852884995,-25.553123033515]},"geometry":{"type":"Point","coordinates":[-57.195159408425,-25.553678589055]}},{"type":"Feature","properties":{"category":"flow_arrow","class":"tributary","from":[-57.195159408425,-25.553678589055],"to":[-57.194603852884995,-25.553123033515]},"geometry":{"type":"Point","coordinates":[-57.195159408425,-25.553678589055]}},{"type":"Feature","properties":{"category":"flow_arrow","class":"tributary","from":[-57.195159408425,-25.553678589055],"to":[-57.194603852884995,-25.553123033515]},"geometry":{"type":"Point","coordinates":[-57.195159408425,-25.553678589055]}},{"type":"Feature","properties":{"category":"flow_arrow","class":"tributary","from":[-57.195159408425,-25.553678589055],"to":[-57.194603852884995,-25.553123033515]},"geometry":{"type":"Point","coordinates":[-57.195159408425,-25.553678589055]}},{"type":"Feature","properties":{"category":"flow_arrow","class":"tributary","from":[-57.191270519644995,-25.519789701115],"to":[-57.191270519644995,-25.519234145575002]},"geometry":{"type":"Point","coordinates":[-57.191270519644995,-25.519789701115]}},{"type":"Feature","properties":{"category":"flow_arrow","class":"tributary","from":[-57.190714964105,-25.544234144875],"to":[-57.192381630724995,-25.546456367035]},"geometry":{"type":"Point","coordinates":[-57.190714964105,-25.544234144875]}},{"type":"Feature","properties":{"category":"flow_arrow","class":"tributary","from":[-57.192381630724995,-25.547011922575],"to":[-57.192381630724995,-25.546456367035]},"geometry":{"type":"Point","coordinates":[-57.192381630724995,-25.547011922575]}},{"type":"Feature","properties":{"category":"flow_arrow","class":"tributary","from":[-57.192381630724995,-25.547011922575],"to":[-57.192381630724995,-25.546456367035]},"geometry":{"type":"Point","coordinates":[-57.192381630724995,-25.547011922575]}},{"type":"Feature","properties":{"category":"flow_arrow","class":"tributary","from":[-57.192381630724995,-25.547011922575],"to":[-57.192381630724995,-25.546456367035]},"geometry":{"type":"Point","coordinates":[-57.192381630724995,-25.547011922575]}},{"type":"Feature","properties":{"category":"flow_arrow","class":"tributary","from":[-57.192381630724995,-25.547011922575],"to":[-57.192381630724995,-25.546456367035]},"geometry":{"type":"Point","coordinates":[-57.192381630724995,-25.547011922575]}},{"type":"Feature","properties":{"category":"flow_arrow","class":"tributary","from":[-57.190714964105,-25.620345253855],"to":[-57.191270519644995,-25.620345253855]},"geometry":{"type":"Point","coordinates":[-57.190714964105,-25.620345253855]}},{"type":"Feature","properties":{"category":"flow_arrow","class":"tributary","from":[-57.191270519644995,-25.619789698315],"to":[-57.191270519644995,-25.620345253855]},"geometry":{"type":"Point","coordinates":[-57.191270519644995,-25.619789698315]}},{"type":"Feature","properties":{"category":"flow_arrow","class":"tributary","from":[-57.191270519644995,-25.619789698315],"to":[-57.191270519644995,-25.620345253855]},"geometry":{"type":"Point","coordinates":[-57.191270519644995,-25.619789698315]}},{"type":"Feature","properties":{"category":"flow_arrow","class":"tributary","from":[-57.191270519644995,-25.619789698315],"to":[-57.191270519644995,-25.620345253855]},"geometry":{"type":"Point","coordinates":[-57.191270519644995,-25.619789698315]}},{"type":"Feature","properties":{"category":"flow_arrow","class":"tributary","from":[-57.191270519644995,-25.619789698315],"to":[-57.191270519644995,-25.620345253855]},"geometry":{"type":"Point","coordinates":[-57.191270519644995,-25.619789698315]}},{"type":"Feature","properties":{"category":"flow_arrow","class":"tributary","from":[-57.190714964105,-25.633123031275],"to":[-57.190714964105,-25.635900808975]},"geometry":{"type":"Point","coordinates":[-57.190714964105,-25.633123031275]}},{"type":"Feature","properties":{"category":"flow_arrow","class":"tributary","from":[-57.190714964105,-25.635345253435],"to":[-57.190714964105,-25.635900808975]},"geometry":{"type":"Point","coordinates":[-57.190714964105,-25.635345253435]}},{"type":"Feature","properties":{"category":"flow_arrow","class":"tributary","from":[-57.190714964105,-25.635345253435],"to":[-57.190714964105,-25.635900808975]},"geometry":{"type":"Point","coordinates":[-57.190714964105,-25.635345253435]}},{"type":"Feature","properties":{"category":"flow_arrow","class":"tributary","from":[-57.190714964105,-25.635345253435],"to":[-57.190714964105,-25.635900808975]},"geometry":{"type":"Point","coordinates":[-57.190714964105,-25.635345253435]}},{"type":"Feature","properties":{"category":"flow_arrow","class":"tributary","from":[-57.190714964105,-25.635345253435],"to":[-57.190714964105,-25.635900808975]},"geometry":{"type":"Point","coordinates":[-57.190714964105,-25.635345253435]}},{"type":"Feature","properties":{"category":"flow_arrow","class":"tributary","from":[-57.190159408564995,-25.640900808835],"to":[-57.190714964105,-25.641456364375]},"geometry":{"type":"Point","coordinates":[-57.190159408564995,-25.640900808835]}},{"type":"Feature","properties":{"category":"flow_arrow","class":"tributary","from":[-57.191270519644995,-25.642011919915],"to":[-57.190714964105,-25.641456364375]},"geometry":{"type":"Point","coordinates":[-57.191270519644995,-25.642011919915]}},{"type":"Feature","properties":{"category":"flow_arrow","class":"tributary","from":[-57.191270519644995,-25.642011919915],"to":[-57.190714964105,-25.641456364375]},"geometry":{"type":"Point","coordinates":[-57.191270519644995,-25.642011919915]}},{"type":"Feature","properties":{"category":"flow_arrow","class":"tributary","from":[-57.191270519644995,-25.642011919915],"to":[-57.190714964105,-25.641456364375]},"geometry":{"type":"Point","coordinates":[-57.191270519644995,-25.642011919915]}},{"type":"Feature","properties":{"category":"flow_arrow","class":"tributary","from":[-57.191270519644995,-25.642011919915],"to":[-57.190714964105,-25.641456364375]},"geometry":{"type":"Point","coordinates":[-57.191270519644995,-25.642011919915]}},{"type":"Feature","properties":{"category":"flow_arrow","class":"tributary","from":[-57.187937186404994,-25.713123029035],"to":[-57.189048297484995,-25.715345251195]},"geometry":{"type":"Point","coordinates":[-57.187937186404994,-25.713123029035]}},{"type":"Feature","properties":{"category":"flow_arrow","class":"tributary","from":[-57.186826075324994,-25.715900806735],"to":[-57.187937186404994,-25.717011917815]},"geometry":{"type":"Point","coordinates":[-57.186826075324994,-25.715900806735]}},{"type":"Feature","properties":{"category":"flow_arrow","class":"tributary","from":[-57.188492741945,-25.717567473355],"to":[-57.187937186404994,-25.717011917815]},"geometry":{"type":"Point","coordinates":[-57.188492741945,-25.717567473355]}},{"type":"Feature","properties":{"category":"flow_arrow","class":"tributary","from":[-57.188492741945,-25.717567473355],"to":[-57.187937186404994,-25.717011917815]},"geometry":{"type":"Point","coordinates":[-57.188492741945,-25.717567473355]}},{"type":"Feature","properties":{"category":"flow_arrow","class":"tributary","from":[-57.188492741945,-25.717567473355],"to":[-57.187937186404994,-25.717011917815]},"geometry":{"type":"Point","coordinates":[-57.188492741945,-25.717567473355]}},{"type":"Feature","properties":{"category":"flow_arrow","class":"tributary","from":[-57.188492741945,-25.717567473355],"to":[-57.187937186404994,-25.717011917815]},"geometry":{"type":"Point","coordinates":[-57.188492741945,-25.717567473355]}},{"type":"Feature","properties":{"category":"flow_arrow","class":"tributary","from":[-57.184048297625,-25.740900806035],"to":[-57.186826075324994,-25.743678583735]},"geometry":{"type":"Point","coordinates":[-57.184048297625,-25.740900806035]}},{"type":"Feature","properties":{"category":"flow_arrow","class":"tributary","from":[-57.181826075465,-25.494234146275],"to":[-57.18015940884499,-25.492567479655]},"geometry":{"type":"Point","coordinates":[-57.181826075465,-25.494234146275]}},{"type":"Feature","properties":{"category":"flow_arrow","class":"tributary","from":[-57.179603853305,-25.492567479655],"to":[-57.18015940884499,-25.492567479655]},"geometry":{"type":"Point","coordinates":[-57.179603853305,-25.492567479655]}},{"type":"Feature","properties":{"category":"flow_arrow","class":"tributary","from":[-57.179603853305,-25.492567479655],"to":[-57.18015940884499,-25.492567479655]},"geometry":{"type":"Point","coordinates":[-57.179603853305,-25.492567479655]}},{"type":"Feature","properties":{"category":"flow_arrow","class":"tributary","from":[-57.179603853305,-25.492567479655],"to":[-57.18015940884499,-25.492567479655]},"geometry":{"type":"Point","coordinates":[-57.179603853305,-25.492567479655]}},{"type":"Feature","properties":{"category":"flow_arrow","class":"tributary","from":[-57.179603853305,-25.492567479655],"to":[-57.18015940884499,-25.492567479655]},"geometry":{"type":"Point","coordinates":[-57.179603853305,-25.492567479655]}},{"type":"Feature","properties":{"category":"flow_arrow","class":"tributary","from":[-57.181826075465,-25.577011921735],"to":[-57.184048297625,-25.578123032815]},"geometry":{"type":"Point","coordinates":[-57.181826075465,-25.577011921735]}},{"type":"Feature","properties":{"category":"flow_arrow","class":"tributary","from":[-57.190159408564995,-25.584789699295],"to":[-57.190159408564995,-25.584234143755]},"geometry":{"type":"Point","coordinates":[-57.190159408564995,-25.584789699295]}},{"type":"Feature","properties":{"category":"flow_arrow","class":"tributary","from":[-57.190159408564995,-25.584789699295],"to":[-57.190159408564995,-25.584234143755]},"geometry":{"type":"Point","coordinates":[-57.190159408564995,-25.584789699295]}},{"type":"Feature","properties":{"category":"flow_arrow","class":"tributary","from":[-57.190159408564995,-25.584789699295],"to":[-57.190159408564995,-25.584234143755]},"geometry":{"type":"Point","coordinates":[-57.190159408564995,-25.584789699295]}},{"type":"Feature","properties":{"category":"flow_arrow","class":"tributary","from":[-57.190159408564995,-25.584789699295],"to":[-57.190159408564995,-25.584234143755]},"geometry":{"type":"Point","coordinates":[-57.190159408564995,-25.584789699295]}},{"type":"Feature","properties":{"category":"flow_arrow","class":"tributary","from":[-57.18127051992499,-25.747567472515],"to":[-57.182937186545,-25.750345250215]},"geometry":{"type":"Point","coordinates":[-57.18127051992499,-25.747567472515]}},{"type":"Feature","properties":{"category":"flow_arrow","class":"tributary","from":[-57.18015940884499,-25.693678585135],"to":[-57.181826075465,-25.693123029595]},"geometry":{"type":"Point","coordinates":[-57.18015940884499,-25.693678585135]}},{"type":"Feature","properties":{"category":"flow_arrow","class":"tributary","from":[-57.17793718668499,-25.709234140255],"to":[-57.17793718668499,-25.710900806875]},"geometry":{"type":"Point","coordinates":[-57.17793718668499,-25.709234140255]}},{"type":"Feature","properties":{"category":"flow_arrow","class":"tributary","from":[-57.17793718668499,-25.725345250915],"to":[-57.17793718668499,-25.726456361995]},"geometry":{"type":"Point","coordinates":[-57.17793718668499,-25.725345250915]}},{"type":"Feature","properties":{"category":"flow_arrow","class":"tributary","from":[-57.177381631144996,-25.710900806875],"to":[-57.17904829776499,-25.713678584575]},"geometry":{"type":"Point","coordinates":[-57.177381631144996,-25.710900806875]}},{"type":"Feature","properties":{"category":"flow_arrow","class":"tributary","from":[-57.180714964385,-25.715345251195],"to":[-57.18015940884499,-25.714789695655]},"geometry":{"type":"Point","coordinates":[-57.180714964385,-25.715345251195]}},{"type":"Feature","properties":{"category":"flow_arrow","class":"tributary","from":[-57.180714964385,-25.715345251195],"to":[-57.18015940884499,-25.714789695655]},"geometry":{"type":"Point","coordinates":[-57.180714964385,-25.715345251195]}},{"type":"Feature","properties":{"category":"flow_arrow","class":"tributary","from":[-57.180714964385,-25.715345251195],"to":[-57.18015940884499,-25.714789695655]},"geometry":{"type":"Point","coordinates":[-57.180714964385,-25.715345251195]}},{"type":"Feature","properties":{"category":"flow_arrow","class":"tributary","from":[-57.180714964385,-25.715345251195],"to":[-57.18015940884499,-25.714789695655]},"geometry":{"type":"Point","coordinates":[-57.180714964385,-25.715345251195]}},{"type":"Feature","properties":{"category":"flow_arrow","class":"tributary","from":[-57.177381631144996,-25.772011916275],"to":[-57.18015940884499,-25.772011916275]},"geometry":{"type":"Point","coordinates":[-57.177381631144996,-25.772011916275]}},{"type":"Feature","properties":{"category":"flow_arrow","class":"tributary","from":[-57.179603853305,-25.772011916275],"to":[-57.18015940884499,-25.772011916275]},"geometry":{"type":"Point","coordinates":[-57.179603853305,-25.772011916275]}},{"type":"Feature","properties":{"category":"flow_arrow","class":"tributary","from":[-57.179603853305,-25.772011916275],"to":[-57.18015940884499,-25.772011916275]},"geometry":{"type":"Point","coordinates":[-57.179603853305,-25.772011916275]}},{"type":"Feature","properties":{"category":"flow_arrow","class":"tributary","from":[-57.179603853305,-25.772011916275],"to":[-57.18015940884499,-25.772011916275]},"geometry":{"type":"Point","coordinates":[-57.179603853305,-25.772011916275]}},{"type":"Feature","properties":{"category":"flow_arrow","class":"tributary","from":[-57.179603853305,-25.772011916275],"to":[-57.18015940884499,-25.772011916275]},"geometry":{"type":"Point","coordinates":[-57.179603853305,-25.772011916275]}},{"type":"Feature","properties":{"category":"flow_arrow","class":"tributary","from":[-57.17571496452499,-25.504789701535],"to":[-57.173492742365,-25.502011923835]},"geometry":{"type":"Point","coordinates":[-57.17571496452499,-25.504789701535]}},{"type":"Feature","properties":{"category":"flow_arrow","class":"tributary","from":[-57.175159408984996,-25.548678589195],"to":[-57.17793718668499,-25.548123033655]},"geometry":{"type":"Point","coordinates":[-57.175159408984996,-25.548678589195]}},{"type":"Feature","properties":{"category":"flow_arrow","class":"tributary","from":[-57.178492742225,-25.548123033655],"to":[-57.17793718668499,-25.548123033655]},"geometry":{"type":"Point","coordinates":[-57.178492742225,-25.548123033655]}},{"type":"Feature","properties":{"category":"flow_arrow","class":"tributary","from":[-57.178492742225,-25.548123033655],"to":[-57.17793718668499,-25.548123033655]},"geometry":{"type":"Point","coordinates":[-57.178492742225,-25.548123033655]}},{"type":"Feature","properties":{"category":"flow_arrow","class":"tributary","from":[-57.178492742225,-25.548123033655],"to":[-57.17793718668499,-25.548123033655]},"geometry":{"type":"Point","coordinates":[-57.178492742225,-25.548123033655]}},{"type":"Feature","properties":{"category":"flow_arrow","class":"tributary","from":[-57.178492742225,-25.548123033655],"to":[-57.17793718668499,-25.548123033655]},"geometry":{"type":"Point","coordinates":[-57.178492742225,-25.548123033655]}},{"type":"Feature","properties":{"category":"flow_arrow","class":"tributary","from":[-57.175159408984996,-25.563123033235],"to":[-57.17571496452499,-25.563123033235]},"geometry":{"type":"Point","coordinates":[-57.175159408984996,-25.563123033235]}},{"type":"Feature","properties":{"category":"flow_arrow","class":"tributary","from":[-57.174048297904996,-25.742567472655],"to":[-57.17682607560499,-25.743678583735]},"geometry":{"type":"Point","coordinates":[-57.174048297904996,-25.742567472655]}},{"type":"Feature","properties":{"category":"flow_arrow","class":"tributary","from":[-57.172937186824996,-25.513123034635],"to":[-57.171826075744995,-25.510345256935]},"geometry":{"type":"Point","coordinates":[-57.172937186824996,-25.513123034635]}},{"type":"Feature","properties":{"category":"flow_arrow","class":"tributary","from":[-57.171270520205,-25.508123034775],"to":[-57.170714964664995,-25.507567479235]},"geometry":{"type":"Point","coordinates":[-57.171270520205,-25.508123034775]}},{"type":"Feature","properties":{"category":"flow_arrow","class":"tributary","from":[-57.171270520205,-25.508123034775],"to":[-57.170714964664995,-25.507567479235]},"geometry":{"type":"Point","coordinates":[-57.171270520205,-25.508123034775]}},{"type":"Feature","properties":{"category":"flow_arrow","class":"tributary","from":[-57.171270520205,-25.508123034775],"to":[-57.170714964664995,-25.507567479235]},"geometry":{"type":"Point","coordinates":[-57.171270520205,-25.508123034775]}},{"type":"Feature","properties":{"category":"flow_arrow","class":"tributary","from":[-57.171270520205,-25.508123034775],"to":[-57.170714964664995,-25.507567479235]},"geometry":{"type":"Point","coordinates":[-57.171270520205,-25.508123034775]}},{"type":"Feature","properties":{"category":"flow_arrow","class":"tributary","from":[-57.171826075744995,-25.731456361855],"to":[-57.171826075744995,-25.729789695235]},"geometry":{"type":"Point","coordinates":[-57.171826075744995,-25.731456361855]}},{"type":"Feature","properties":{"category":"flow_arrow","class":"tributary","from":[-57.171826075744995,-25.729234139695],"to":[-57.171826075744995,-25.729789695235]},"geometry":{"type":"Point","coordinates":[-57.171826075744995,-25.729234139695]}},{"type":"Feature","properties":{"category":"flow_arrow","class":"tributary","from":[-57.171826075744995,-25.729234139695],"to":[-57.171826075744995,-25.729789695235]},"geometry":{"type":"Point","coordinates":[-57.171826075744995,-25.729234139695]}},{"type":"Feature","properties":{"category":"flow_arrow","class":"tributary","from":[-57.171826075744995,-25.729234139695],"to":[-57.171826075744995,-25.729789695235]},"geometry":{"type":"Point","coordinates":[-57.171826075744995,-25.729234139695]}},{"type":"Feature","properties":{"category":"flow_arrow","class":"tributary","from":[-57.171826075744995,-25.729234139695],"to":[-57.171826075744995,-25.729789695235]},"geometry":{"type":"Point","coordinates":[-57.171826075744995,-25.729234139695]}},{"type":"Feature","properties":{"category":"flow_arrow","class":"tributary","from":[-57.171270520205,-25.529789700835],"to":[-57.172937186824996,-25.532567478535]},"geometry":{"type":"Point","coordinates":[-57.171270520205,-25.529789700835]}},{"type":"Feature","properties":{"category":"flow_arrow","class":"tributary","from":[-57.17460385344499,-25.535345256235],"to":[-57.17460385344499,-25.534789700695]},"geometry":{"type":"Point","coordinates":[-57.17460385344499,-25.535345256235]}},{"type":"Feature","properties":{"category":"flow_arrow","class":"tributary","from":[-57.17460385344499,-25.535345256235],"to":[-57.17460385344499,-25.534789700695]},"geometry":{"type":"Point","coordinates":[-57.17460385344499,-25.535345256235]}},{"type":"Feature","properties":{"category":"flow_arrow","class":"tributary","from":[-57.17460385344499,-25.535345256235],"to":[-57.17460385344499,-25.534789700695]},"geometry":{"type":"Point","coordinates":[-57.17460385344499,-25.535345256235]}},{"type":"Feature","properties":{"category":"flow_arrow","class":"tributary","from":[-57.17460385344499,-25.535345256235],"to":[-57.17460385344499,-25.534789700695]},"geometry":{"type":"Point","coordinates":[-57.17460385344499,-25.535345256235]}},{"type":"Feature","properties":{"category":"flow_arrow","class":"tributary","from":[-57.170714964664995,-25.668678585835],"to":[-57.173492742365,-25.667567474755]},"geometry":{"type":"Point","coordinates":[-57.170714964664995,-25.668678585835]}},{"type":"Feature","properties":{"category":"flow_arrow","class":"tributary","from":[-57.172937186824996,-25.665900808135],"to":[-57.172381631285,-25.665900808135]},"geometry":{"type":"Point","coordinates":[-57.172937186824996,-25.665900808135]}},{"type":"Feature","properties":{"category":"flow_arrow","class":"tributary","from":[-57.172937186824996,-25.665900808135],"to":[-57.172381631285,-25.665900808135]},"geometry":{"type":"Point","coordinates":[-57.172937186824996,-25.665900808135]}},{"type":"Feature","properties":{"category":"flow_arrow","class":"tributary","from":[-57.172937186824996,-25.665900808135],"to":[-57.172381631285,-25.665900808135]},"geometry":{"type":"Point","coordinates":[-57.172937186824996,-25.665900808135]}},{"type":"Feature","properties":{"category":"flow_arrow","class":"tributary","from":[-57.172937186824996,-25.665900808135],"to":[-57.172381631285,-25.665900808135]},"geometry":{"type":"Point","coordinates":[-57.172937186824996,-25.665900808135]}},{"type":"Feature","properties":{"category":"flow_arrow","class":"tributary","from":[-57.169048298045,-25.499234146135],"to":[-57.171826075744995,-25.500345257215]},"geometry":{"type":"Point","coordinates":[-57.169048298045,-25.499234146135]}},{"type":"Feature","properties":{"category":"flow_arrow","class":"tributary","from":[-57.172381631285,-25.498678590595],"to":[-57.172381631285,-25.499234146135]},"geometry":{"type":"Point","coordinates":[-57.172381631285,-25.498678590595]}},{"type":"Feature","properties":{"category":"flow_arrow","class":"tributary","from":[-57.172381631285,-25.498678590595],"to":[-57.172381631285,-25.499234146135]},"geometry":{"type":"Point","coordinates":[-57.172381631285,-25.498678590595]}},{"type":"Feature","properties":{"category":"flow_arrow","class":"tributary","from":[-57.172381631285,-25.498678590595],"to":[-57.172381631285,-25.499234146135]},"geometry":{"type":"Point","coordinates":[-57.172381631285,-25.498678590595]}},{"type":"Feature","properties":{"category":"flow_arrow","class":"tributary","from":[-57.172381631285,-25.498678590595],"to":[-57.172381631285,-25.499234146135]},"geometry":{"type":"Point","coordinates":[-57.172381631285,-25.498678590595]}},{"type":"Feature","properties":{"category":"flow_arrow","class":"tributary","from":[-57.168492742504995,-25.503123034915],"to":[-57.169048298045,-25.503123034915]},"geometry":{"type":"Point","coordinates":[-57.168492742504995,-25.503123034915]}},{"type":"Feature","properties":{"category":"flow_arrow","class":"tributary","from":[-57.165714964805,-25.657011919495],"to":[-57.167381631424995,-25.658123030575]},"geometry":{"type":"Point","coordinates":[-57.165714964805,-25.657011919495]}},{"type":"Feature","properties":{"category":"flow_arrow","class":"tributary","from":[-57.164048298184994,-25.692567474055],"to":[-57.164603853725,-25.692567474055]},"geometry":{"type":"Point","coordinates":[-57.164048298184994,-25.692567474055]}},{"type":"Feature","properties":{"category":"flow_arrow","class":"tributary","from":[-57.165159409264994,-25.693123029595],"to":[-57.164603853725,-25.692567474055]},"geometry":{"type":"Point","coordinates":[-57.165159409264994,-25.693123029595]}},{"type":"Feature","properties":{"category":"flow_arrow","class":"tributary","from":[-57.165159409264994,-25.693123029595],"to":[-57.164603853725,-25.692567474055]},"geometry":{"type":"Point","coordinates":[-57.165159409264994,-25.693123029595]}},{"type":"Feature","properties":{"category":"flow_arrow","class":"tributary","from":[-57.165159409264994,-25.693123029595],"to":[-57.164603853725,-25.692567474055]},"geometry":{"type":"Point","coordinates":[-57.165159409264994,-25.693123029595]}},{"type":"Feature","properties":{"category":"flow_arrow","class":"tributary","from":[-57.165159409264994,-25.693123029595],"to":[-57.164603853725,-25.692567474055]},"geometry":{"type":"Point","coordinates":[-57.165159409264994,-25.693123029595]}},{"type":"Feature","properties":{"category":"flow_arrow","class":"tributary","from":[-57.162381631565,-25.733123028475],"to":[-57.161826076024994,-25.733123028475]},"geometry":{"type":"Point","coordinates":[-57.162381631565,-25.733123028475]}},{"type":"Feature","properties":{"category":"flow_arrow","class":"tributary","from":[-57.161270520485,-25.733123028475],"to":[-57.161826076024994,-25.733123028475]},"geometry":{"type":"Point","coordinates":[-57.161270520485,-25.733123028475]}},{"type":"Feature","properties":{"category":"flow_arrow","class":"tributary","from":[-57.161270520485,-25.733123028475],"to":[-57.161826076024994,-25.733123028475]},"geometry":{"type":"Point","coordinates":[-57.161270520485,-25.733123028475]}},{"type":"Feature","properties":{"category":"flow_arrow","class":"tributary","from":[-57.161270520485,-25.733123028475],"to":[-57.161826076024994,-25.733123028475]},"geometry":{"type":"Point","coordinates":[-57.161270520485,-25.733123028475]}},{"type":"Feature","properties":{"category":"flow_arrow","class":"tributary","from":[-57.161270520485,-25.733123028475],"to":[-57.161826076024994,-25.733123028475]},"geometry":{"type":"Point","coordinates":[-57.161270520485,-25.733123028475]}},{"type":"Feature","properties":{"category":"flow_arrow","class":"tributary","from":[-57.161826076024994,-25.536456367315],"to":[-57.162381631565,-25.537011922855]},"geometry":{"type":"Point","coordinates":[-57.161826076024994,-25.536456367315]}},{"type":"Feature","properties":{"category":"flow_arrow","class":"tributary","from":[-57.161826076024994,-25.649234141935],"to":[-57.162381631565,-25.649789697475]},"geometry":{"type":"Point","coordinates":[-57.161826076024994,-25.649234141935]}},{"type":"Feature","properties":{"category":"flow_arrow","class":"tributary","from":[-57.161270520485,-25.612567476295],"to":[-57.162937187104994,-25.612011920755]},"geometry":{"type":"Point","coordinates":[-57.161270520485,-25.612567476295]}},{"type":"Feature","properties":{"category":"flow_arrow","class":"tributary","from":[-57.162937187104994,-25.611456365215002],"to":[-57.162937187104994,-25.612011920755]},"geometry":{"type":"Point","coordinates":[-57.162937187104994,-25.611456365215002]}},{"type":"Feature","properties":{"category":"flow_arrow","class":"tributary","from":[-57.162937187104994,-25.611456365215002],"to":[-57.162937187104994,-25.612011920755]},"geometry":{"type":"Point","coordinates":[-57.162937187104994,-25.611456365215002]}},{"type":"Feature","properties":{"category":"flow_arrow","class":"tributary","from":[-57.162937187104994,-25.611456365215002],"to":[-57.162937187104994,-25.612011920755]},"geometry":{"type":"Point","coordinates":[-57.162937187104994,-25.611456365215002]}},{"type":"Feature","properties":{"category":"flow_arrow","class":"tributary","from":[-57.162937187104994,-25.611456365215002],"to":[-57.162937187104994,-25.612011920755]},"geometry":{"type":"Point","coordinates":[-57.162937187104994,-25.611456365215002]}},{"type":"Feature","properties":{"category":"flow_arrow","class":"tributary","from":[-57.160714964944994,-25.490345257495],"to":[-57.161826076024994,-25.487567479795]},"geometry":{"type":"Point","coordinates":[-57.160714964944994,-25.490345257495]}},{"type":"Feature","properties":{"category":"flow_arrow","class":"tributary","from":[-57.160714964944994,-25.616456365075],"to":[-57.163492742645,-25.615345253995]},"geometry":{"type":"Point","coordinates":[-57.160714964944994,-25.616456365075]}},{"type":"Feature","properties":{"category":"flow_arrow","class":"tributary","from":[-57.164048298184994,-25.615345253995],"to":[-57.164603853725,-25.615900809535]},"geometry":{"type":"Point","coordinates":[-57.164048298184994,-25.615345253995]}},{"type":"Feature","properties":{"category":"flow_arrow","class":"tributary","from":[-57.164048298184994,-25.615345253995],"to":[-57.164603853725,-25.615900809535]},"geometry":{"type":"Point","coordinates":[-57.164048298184994,-25.615345253995]}},{"type":"Feature","properties":{"category":"flow_arrow","class":"tributary","from":[-57.164048298184994,-25.615345253995],"to":[-57.164603853725,-25.615900809535]},"geometry":{"type":"Point","coordinates":[-57.164048298184994,-25.615345253995]}},{"type":"Feature","properties":{"category":"flow_arrow","class":"tributary","from":[-57.164048298184994,-25.615345253995],"to":[-57.164603853725,-25.615900809535]},"geometry":{"type":"Point","coordinates":[-57.164048298184994,-25.615345253995]}},{"type":"Feature","properties":{"category":"flow_arrow","class":"tributary","from":[-57.160159409405,-25.709234140255],"to":[-57.160159409405,-25.710900806875]},"geometry":{"type":"Point","coordinates":[-57.160159409405,-25.709234140255]}},{"type":"Feature","properties":{"category":"flow_arrow","class":"tributary","from":[-57.160714964944994,-25.711456362415],"to":[-57.160159409405,-25.710900806875]},"geometry":{"type":"Point","coordinates":[-57.160714964944994,-25.711456362415]}},{"type":"Feature","properties":{"category":"flow_arrow","class":"tributary","from":[-57.160714964944994,-25.711456362415],"to":[-57.160159409405,-25.710900806875]},"geometry":{"type":"Point","coordinates":[-57.160714964944994,-25.711456362415]}},{"type":"Feature","properties":{"category":"flow_arrow","class":"tributary","from":[-57.160714964944994,-25.711456362415],"to":[-57.160159409405,-25.710900806875]},"geometry":{"type":"Point","coordinates":[-57.160714964944994,-25.711456362415]}},{"type":"Feature","properties":{"category":"flow_arrow","class":"tributary","from":[-57.160714964944994,-25.711456362415],"to":[-57.160159409405,-25.710900806875]},"geometry":{"type":"Point","coordinates":[-57.160714964944994,-25.711456362415]}},{"type":"Feature","properties":{"category":"flow_arrow","class":"tributary","from":[-57.159048298325,-25.508678590315],"to":[-57.156826076165,-25.507011923695]},"geometry":{"type":"Point","coordinates":[-57.159048298325,-25.508678590315]}},{"type":"Feature","properties":{"category":"flow_arrow","class":"tributary","from":[-57.15404829846499,-25.503123034915],"to":[-57.15404829846499,-25.502567479375]},"geometry":{"type":"Point","coordinates":[-57.15404829846499,-25.503123034915]}},{"type":"Feature","properties":{"category":"flow_arrow","class":"tributary","from":[-57.15404829846499,-25.503123034915],"to":[-57.15404829846499,-25.502567479375]},"geometry":{"type":"Point","coordinates":[-57.15404829846499,-25.503123034915]}},{"type":"Feature","properties":{"category":"flow_arrow","class":"tributary","from":[-57.15404829846499,-25.503123034915],"to":[-57.15404829846499,-25.502567479375]},"geometry":{"type":"Point","coordinates":[-57.15404829846499,-25.503123034915]}},{"type":"Feature","properties":{"category":"flow_arrow","class":"tributary","from":[-57.15404829846499,-25.503123034915],"to":[-57.15404829846499,-25.502567479375]},"geometry":{"type":"Point","coordinates":[-57.15404829846499,-25.503123034915]}},{"type":"Feature","properties":{"category":"flow_arrow","class":"tributary","from":[-57.15849274278499,-25.540900811635],"to":[-57.159048298325,-25.540900811635]},"geometry":{"type":"Point","coordinates":[-57.15849274278499,-25.540900811635]}},{"type":"Feature","properties":{"category":"flow_arrow","class":"tributary","from":[-57.157937187245,-25.587567476995],"to":[-57.15849274278499,-25.590345254695]},"geometry":{"type":"Point","coordinates":[-57.157937187245,-25.587567476995]}},{"type":"Feature","properties":{"category":"flow_arrow","class":"tributary","from":[-57.15849274278499,-25.592011921315],"to":[-57.15849274278499,-25.592567476855]},"geometry":{"type":"Point","coordinates":[-57.15849274278499,-25.592011921315]}},{"type":"Feature","properties":{"category":"flow_arrow","class":"tributary","from":[-57.15849274278499,-25.592011921315],"to":[-57.15849274278499,-25.592567476855]},"geometry":{"type":"Point","coordinates":[-57.15849274278499,-25.592011921315]}},{"type":"Feature","properties":{"category":"flow_arrow","class":"tributary","from":[-57.15849274278499,-25.592011921315],"to":[-57.15849274278499,-25.592567476855]},"geometry":{"type":"Point","coordinates":[-57.15849274278499,-25.592011921315]}},{"type":"Feature","properties":{"category":"flow_arrow","class":"tributary","from":[-57.15849274278499,-25.592011921315],"to":[-57.15849274278499,-25.592567476855]},"geometry":{"type":"Point","coordinates":[-57.15849274278499,-25.592011921315]}},{"type":"Feature","properties":{"category":"flow_arrow","class":"tributary","from":[-57.156826076165,-25.485345257635],"to":[-57.159048298325,-25.482567479935]},"geometry":{"type":"Point","coordinates":[-57.156826076165,-25.485345257635]}},{"type":"Feature","properties":{"category":"flow_arrow","class":"tributary","from":[-57.165159409264994,-25.476456368995],"to":[-57.165159409264994,-25.477011924535]},"geometry":{"type":"Point","coordinates":[-57.165159409264994,-25.476456368995]}},{"type":"Feature","properties":{"category":"flow_arrow","class":"tributary","from":[-57.165159409264994,-25.476456368995],"to":[-57.165159409264994,-25.477011924535]},"geometry":{"type":"Point","coordinates":[-57.165159409264994,-25.476456368995]}},{"type":"Feature","properties":{"category":"flow_arrow","class":"tributary","from":[-57.165159409264994,-25.476456368995],"to":[-57.165159409264994,-25.477011924535]},"geometry":{"type":"Point","coordinates":[-57.165159409264994,-25.476456368995]}},{"type":"Feature","properties":{"category":"flow_arrow","class":"tributary","from":[-57.165159409264994,-25.476456368995],"to":[-57.165159409264994,-25.477011924535]},"geometry":{"type":"Point","coordinates":[-57.165159409264994,-25.476456368995]}},{"type":"Feature","properties":{"category":"flow_arrow","class":"tributary","from":[-57.15627052062499,-25.497011923975],"to":[-57.15627052062499,-25.494234146275]},"geometry":{"type":"Point","coordinates":[-57.15627052062499,-25.497011923975]}},{"type":"Feature","properties":{"category":"flow_arrow","class":"tributary","from":[-57.15738163170499,-25.489234146415],"to":[-57.15738163170499,-25.488678590875]},"geometry":{"type":"Point","coordinates":[-57.15738163170499,-25.489234146415]}},{"type":"Feature","properties":{"category":"flow_arrow","class":"tributary","from":[-57.15738163170499,-25.489234146415],"to":[-57.15738163170499,-25.488678590875]},"geometry":{"type":"Point","coordinates":[-57.15738163170499,-25.489234146415]}},{"type":"Feature","properties":{"category":"flow_arrow","class":"tributary","from":[-57.15738163170499,-25.489234146415],"to":[-57.15738163170499,-25.488678590875]},"geometry":{"type":"Point","coordinates":[-57.15738163170499,-25.489234146415]}},{"type":"Feature","properties":{"category":"flow_arrow","class":"tributary","from":[-57.15738163170499,-25.489234146415],"to":[-57.15738163170499,-25.488678590875]},"geometry":{"type":"Point","coordinates":[-57.15738163170499,-25.489234146415]}},{"type":"Feature","properties":{"category":"flow_arrow","class":"tributary","from":[-57.15627052062499,-25.575345255115],"to":[-57.156826076165,-25.578123032815]},"geometry":{"type":"Point","coordinates":[-57.15627052062499,-25.575345255115]}},{"type":"Feature","properties":{"category":"flow_arrow","class":"tributary","from":[-57.155714965085,-25.759789694395],"to":[-57.15627052062499,-25.762567472095]},"geometry":{"type":"Point","coordinates":[-57.155714965085,-25.759789694395]}},{"type":"Feature","properties":{"category":"flow_arrow","class":"tributary","from":[-57.160159409405,-25.765900805335],"to":[-57.160714964944994,-25.765900805335]},"geometry":{"type":"Point","coordinates":[-57.160159409405,-25.765900805335]}},{"type":"Feature","properties":{"category":"flow_arrow","class":"tributary","from":[-57.160159409405,-25.765900805335],"to":[-57.160714964944994,-25.765900805335]},"geometry":{"type":"Point","coordinates":[-57.160159409405,-25.765900805335]}},{"type":"Feature","properties":{"category":"flow_arrow","class":"tributary","from":[-57.160159409405,-25.765900805335],"to":[-57.160714964944994,-25.765900805335]},"geometry":{"type":"Point","coordinates":[-57.160159409405,-25.765900805335]}},{"type":"Feature","properties":{"category":"flow_arrow","class":"tributary","from":[-57.160159409405,-25.765900805335],"to":[-57.160714964944994,-25.765900805335]},"geometry":{"type":"Point","coordinates":[-57.160159409405,-25.765900805335]}},{"type":"Feature","properties":{"category":"flow_arrow","class":"tributary","from":[-57.15293718738499,-25.601456365495],"to":[-57.153492742924996,-25.601456365495]},"geometry":{"type":"Point","coordinates":[-57.15293718738499,-25.601456365495]}},{"type":"Feature","properties":{"category":"flow_arrow","class":"tributary","from":[-57.150714965225,-25.764234138715],"to":[-57.151270520764996,-25.764789694255]},"geometry":{"type":"Point","coordinates":[-57.150714965225,-25.764234138715]}},{"type":"Feature","properties":{"category":"flow_arrow","class":"tributary","from":[-57.149048298604995,-25.557567477835],"to":[-57.147381631985,-25.557567477835]},"geometry":{"type":"Point","coordinates":[-57.149048298604995,-25.557567477835]}},{"type":"Feature","properties":{"category":"flow_arrow","class":"tributary","from":[-57.148492743065,-25.518123034495],"to":[-57.147937187524995,-25.517567478955]},"geometry":{"type":"Point","coordinates":[-57.148492743065,-25.518123034495]}},{"type":"Feature","properties":{"category":"flow_arrow","class":"tributary","from":[-57.147937187524995,-25.517011923415],"to":[-57.147937187524995,-25.517567478955]},"geometry":{"type":"Point","coordinates":[-57.147937187524995,-25.517011923415]}},{"type":"Feature","properties":{"category":"flow_arrow","class":"tributary","from":[-57.147937187524995,-25.517011923415],"to":[-57.147937187524995,-25.517567478955]},"geometry":{"type":"Point","coordinates":[-57.147937187524995,-25.517011923415]}},{"type":"Feature","properties":{"category":"flow_arrow","class":"tributary","from":[-57.147937187524995,-25.517011923415],"to":[-57.147937187524995,-25.517567478955]},"geometry":{"type":"Point","coordinates":[-57.147937187524995,-25.517011923415]}},{"type":"Feature","properties":{"category":"flow_arrow","class":"tributary","from":[-57.147937187524995,-25.517011923415],"to":[-57.147937187524995,-25.517567478955]},"geometry":{"type":"Point","coordinates":[-57.147937187524995,-25.517011923415]}},{"type":"Feature","properties":{"category":"flow_arrow","class":"tributary","from":[-57.148492743065,-25.651456364095],"to":[-57.149048298604995,-25.651456364095]},"geometry":{"type":"Point","coordinates":[-57.148492743065,-25.651456364095]}},{"type":"Feature","properties":{"category":"flow_arrow","class":"tributary","from":[-57.147381631985,-25.524789700975],"to":[-57.147381631985,-25.522011923275]},"geometry":{"type":"Point","coordinates":[-57.147381631985,-25.524789700975]}},{"type":"Feature","properties":{"category":"flow_arrow","class":"tributary","from":[-57.144603854284995,-25.514789701255],"to":[-57.144603854284995,-25.514234145715]},"geometry":{"type":"Point","coordinates":[-57.144603854284995,-25.514789701255]}},{"type":"Feature","properties":{"category":"flow_arrow","class":"tributary","from":[-57.144603854284995,-25.514789701255],"to":[-57.144603854284995,-25.514234145715]},"geometry":{"type":"Point","coordinates":[-57.144603854284995,-25.514789701255]}},{"type":"Feature","properties":{"category":"flow_arrow","class":"tributary","from":[-57.144603854284995,-25.514789701255],"to":[-57.144603854284995,-25.514234145715]},"geometry":{"type":"Point","coordinates":[-57.144603854284995,-25.514789701255]}},{"type":"Feature","properties":{"category":"flow_arrow","class":"tributary","from":[-57.144603854284995,-25.514789701255],"to":[-57.144603854284995,-25.514234145715]},"geometry":{"type":"Point","coordinates":[-57.144603854284995,-25.514789701255]}},{"type":"Feature","properties":{"category":"flow_arrow","class":"tributary","from":[-57.146826076444995,-25.739789694955],"to":[-57.149603854145,-25.739789694955]},"geometry":{"type":"Point","coordinates":[-57.146826076444995,-25.739789694955]}},{"type":"Feature","properties":{"category":"flow_arrow","class":"tributary","from":[-57.150714965225,-25.739789694955],"to":[-57.150714965225,-25.739234139415]},"geometry":{"type":"Point","coordinates":[-57.150714965225,-25.739789694955]}},{"type":"Feature","properties":{"category":"flow_arrow","class":"tributary","from":[-57.150714965225,-25.739789694955],"to":[-57.150714965225,-25.739234139415]},"geometry":{"type":"Point","coordinates":[-57.150714965225,-25.739789694955]}},{"type":"Feature","properties":{"category":"flow_arrow","class":"tributary","from":[-57.150714965225,-25.739789694955],"to":[-57.150714965225,-25.739234139415]},"geometry":{"type":"Point","coordinates":[-57.150714965225,-25.739789694955]}},{"type":"Feature","properties":{"category":"flow_arrow","class":"tributary","from":[-57.150714965225,-25.739789694955],"to":[-57.150714965225,-25.739234139415]},"geometry":{"type":"Point","coordinates":[-57.150714965225,-25.739789694955]}},{"type":"Feature","properties":{"category":"flow_arrow","class":"tributary","from":[-57.146270520905,-25.558123033375],"to":[-57.145714965364995,-25.558123033375]},"geometry":{"type":"Point","coordinates":[-57.146270520905,-25.558123033375]}},{"type":"Feature","properties":{"category":"flow_arrow","class":"tributary","from":[-57.146270520905,-25.764234138715],"to":[-57.146826076444995,-25.764789694255]},"geometry":{"type":"Point","coordinates":[-57.146270520905,-25.764234138715]}},{"type":"Feature","properties":{"category":"flow_arrow","class":"tributary","from":[-57.145714965364995,-25.725900806455],"to":[-57.146270520905,-25.727011917535002]},"geometry":{"type":"Point","coordinates":[-57.145714965364995,-25.725900806455]}},{"type":"Feature","properties":{"category":"flow_arrow","class":"tributary","from":[-57.144603854284995,-25.786456360315],"to":[-57.144603854284995,-25.787011915855]},"geometry":{"type":"Point","coordinates":[-57.144603854284995,-25.786456360315]}},{"type":"Feature","properties":{"category":"flow_arrow","class":"tributary","from":[-57.144048298745,-25.461456369415],"to":[-57.144048298745,-25.460900813875]},"geometry":{"type":"Point","coordinates":[-57.144048298745,-25.461456369415]}},{"type":"Feature","properties":{"category":"flow_arrow","class":"tributary","from":[-57.144048298745,-25.484234146555],"to":[-57.142937187665,-25.481456368855]},"geometry":{"type":"Point","coordinates":[-57.144048298745,-25.484234146555]}},{"type":"Feature","properties":{"category":"flow_arrow","class":"tributary","from":[-57.140714965505,-25.478678591155],"to":[-57.141270521044994,-25.479234146695]},"geometry":{"type":"Point","coordinates":[-57.140714965505,-25.478678591155]}},{"type":"Feature","properties":{"category":"flow_arrow","class":"tributary","from":[-57.140714965505,-25.478678591155],"to":[-57.141270521044994,-25.479234146695]},"geometry":{"type":"Point","coordinates":[-57.140714965505,-25.478678591155]}},{"type":"Feature","properties":{"category":"flow_arrow","class":"tributary","from":[-57.140714965505,-25.478678591155],"to":[-57.141270521044994,-25.479234146695]},"geometry":{"type":"Point","coordinates":[-57.140714965505,-25.478678591155]}},{"type":"Feature","properties":{"category":"flow_arrow","class":"tributary","from":[-57.140714965505,-25.478678591155],"to":[-57.141270521044994,-25.479234146695]},"geometry":{"type":"Point","coordinates":[-57.140714965505,-25.478678591155]}},{"type":"Feature","properties":{"category":"flow_arrow","class":"tributary","from":[-57.142937187665,-25.774789693975],"to":[-57.145714965364995,-25.775345249515]},"geometry":{"type":"Point","coordinates":[-57.142937187665,-25.774789693975]}},{"type":"Feature","properties":{"category":"flow_arrow","class":"tributary","from":[-57.149603854145,-25.779234138295],"to":[-57.149603854145,-25.779789693835]},"geometry":{"type":"Point","coordinates":[-57.149603854145,-25.779234138295]}},{"type":"Feature","properties":{"category":"flow_arrow","class":"tributary","from":[-57.149603854145,-25.779234138295],"to":[-57.149603854145,-25.779789693835]},"geometry":{"type":"Point","coordinates":[-57.149603854145,-25.779234138295]}},{"type":"Feature","properties":{"category":"flow_arrow","class":"tributary","from":[-57.149603854145,-25.779234138295],"to":[-57.149603854145,-25.779789693835]},"geometry":{"type":"Point","coordinates":[-57.149603854145,-25.779234138295]}},{"type":"Feature","properties":{"category":"flow_arrow","class":"tributary","from":[-57.149603854145,-25.779234138295],"to":[-57.149603854145,-25.779789693835]},"geometry":{"type":"Point","coordinates":[-57.149603854145,-25.779234138295]}},{"type":"Feature","properties":{"category":"flow_arrow","class":"tributary","from":[-57.142381632124994,-25.780900804915],"to":[-57.145159409825,-25.783678582615]},"geometry":{"type":"Point","coordinates":[-57.142381632124994,-25.780900804915]}},{"type":"Feature","properties":{"category":"flow_arrow","class":"tributary","from":[-57.141826076585,-25.518123034495],"to":[-57.142937187665,-25.515900812335]},"geometry":{"type":"Point","coordinates":[-57.141826076585,-25.518123034495]}},{"type":"Feature","properties":{"category":"flow_arrow","class":"tributary","from":[-57.142381632124994,-25.515900812335],"to":[-57.142937187665,-25.515900812335]},"geometry":{"type":"Point","coordinates":[-57.142381632124994,-25.515900812335]}},{"type":"Feature","properties":{"category":"flow_arrow","class":"tributary","from":[-57.142381632124994,-25.515900812335],"to":[-57.142937187665,-25.515900812335]},"geometry":{"type":"Point","coordinates":[-57.142381632124994,-25.515900812335]}},{"type":"Feature","properties":{"category":"flow_arrow","class":"tributary","from":[-57.142381632124994,-25.515900812335],"to":[-57.142937187665,-25.515900812335]},"geometry":{"type":"Point","coordinates":[-57.142381632124994,-25.515900812335]}},{"type":"Feature","properties":{"category":"flow_arrow","class":"tributary","from":[-57.142381632124994,-25.515900812335],"to":[-57.142937187665,-25.515900812335]},"geometry":{"type":"Point","coordinates":[-57.142381632124994,-25.515900812335]}},{"type":"Feature","properties":{"category":"flow_arrow","class":"main","from":[-57.141826076585,-25.526456367595],"to":[-57.141270521044994,-25.523678589895]},"geometry":{"type":"Point","coordinates":[-57.141826076585,-25.526456367595]}},{"type":"Feature","properties":{"category":"flow_arrow","class":"tributary","from":[-57.141826076585,-25.712011917955],"to":[-57.144603854284995,-25.712011917955]},"geometry":{"type":"Point","coordinates":[-57.141826076585,-25.712011917955]}},{"type":"Feature","properties":{"category":"flow_arrow","class":"tributary","from":[-57.146826076444995,-25.713678584575],"to":[-57.146826076444995,-25.713123029035]},"geometry":{"type":"Point","coordinates":[-57.146826076444995,-25.713678584575]}},{"type":"Feature","properties":{"category":"flow_arrow","class":"tributary","from":[-57.146826076444995,-25.713678584575],"to":[-57.146826076444995,-25.713123029035]},"geometry":{"type":"Point","coordinates":[-57.146826076444995,-25.713678584575]}},{"type":"Feature","properties":{"category":"flow_arrow","class":"tributary","from":[-57.146826076444995,-25.713678584575],"to":[-57.146826076444995,-25.713123029035]},"geometry":{"type":"Point","coordinates":[-57.146826076444995,-25.713678584575]}},{"type":"Feature","properties":{"category":"flow_arrow","class":"tributary","from":[-57.146826076444995,-25.713678584575],"to":[-57.146826076444995,-25.713123029035]},"geometry":{"type":"Point","coordinates":[-57.146826076444995,-25.713678584575]}},{"type":"Feature","properties":{"category":"flow_arrow","class":"tributary","from":[-57.139603854425,-25.727567473075],"to":[-57.142381632124994,-25.728678584155]},"geometry":{"type":"Point","coordinates":[-57.139603854425,-25.727567473075]}},{"type":"Feature","properties":{"category":"flow_arrow","class":"tributary","from":[-57.145714965364995,-25.729789695235],"to":[-57.146270520905,-25.730345250775]},"geometry":{"type":"Point","coordinates":[-57.145714965364995,-25.729789695235]}},{"type":"Feature","properties":{"category":"flow_arrow","class":"tributary","from":[-57.145714965364995,-25.729789695235],"to":[-57.146270520905,-25.730345250775]},"geometry":{"type":"Point","coordinates":[-57.145714965364995,-25.729789695235]}},{"type":"Feature","properties":{"category":"flow_arrow","class":"tributary","from":[-57.145714965364995,-25.729789695235],"to":[-57.146270520905,-25.730345250775]},"geometry":{"type":"Point","coordinates":[-57.145714965364995,-25.729789695235]}},{"type":"Feature","properties":{"category":"flow_arrow","class":"tributary","from":[-57.145714965364995,-25.729789695235],"to":[-57.146270520905,-25.730345250775]},"geometry":{"type":"Point","coordinates":[-57.145714965364995,-25.729789695235]}},{"type":"Feature","properties":{"category":"flow_arrow","class":"tributary","from":[-57.139048298884994,-25.434789703495],"to":[-57.139603854425,-25.437567481195]},"geometry":{"type":"Point","coordinates":[-57.139048298884994,-25.434789703495]}},{"type":"Feature","properties":{"category":"flow_arrow","class":"tributary","from":[-57.139048298884994,-25.629234142495],"to":[-57.136826076724994,-25.627567475875]},"geometry":{"type":"Point","coordinates":[-57.139048298884994,-25.629234142495]}},{"type":"Feature","properties":{"category":"flow_arrow","class":"tributary","from":[-57.138492743345,-25.696456362835],"to":[-57.139048298884994,-25.696456362835]},"geometry":{"type":"Point","coordinates":[-57.138492743345,-25.696456362835]}},{"type":"Feature","properties":{"category":"flow_arrow","class":"tributary","from":[-57.139048298884994,-25.695900807295],"to":[-57.139048298884994,-25.696456362835]},"geometry":{"type":"Point","coordinates":[-57.139048298884994,-25.695900807295]}},{"type":"Feature","properties":{"category":"flow_arrow","class":"tributary","from":[-57.139048298884994,-25.695900807295],"to":[-57.139048298884994,-25.696456362835]},"geometry":{"type":"Point","coordinates":[-57.139048298884994,-25.695900807295]}},{"type":"Feature","properties":{"category":"flow_arrow","class":"tributary","from":[-57.139048298884994,-25.695900807295],"to":[-57.139048298884994,-25.696456362835]},"geometry":{"type":"Point","coordinates":[-57.139048298884994,-25.695900807295]}},{"type":"Feature","properties":{"category":"flow_arrow","class":"tributary","from":[-57.139048298884994,-25.695900807295],"to":[-57.139048298884994,-25.696456362835]},"geometry":{"type":"Point","coordinates":[-57.139048298884994,-25.695900807295]}},{"type":"Feature","properties":{"category":"flow_arrow","class":"tributary","from":[-57.137381632265,-25.575900810655],"to":[-57.140159409964994,-25.575345255115]},"geometry":{"type":"Point","coordinates":[-57.137381632265,-25.575900810655]}},{"type":"Feature","properties":{"category":"flow_arrow","class":"tributary","from":[-57.140714965505,-25.574789699575],"to":[-57.141270521044994,-25.575345255115]},"geometry":{"type":"Point","coordinates":[-57.140714965505,-25.574789699575]}},{"type":"Feature","properties":{"category":"flow_arrow","class":"tributary","from":[-57.140714965505,-25.574789699575],"to":[-57.141270521044994,-25.575345255115]},"geometry":{"type":"Point","coordinates":[-57.140714965505,-25.574789699575]}},{"type":"Feature","properties":{"category":"flow_arrow","class":"tributary","from":[-57.140714965505,-25.574789699575],"to":[-57.141270521044994,-25.575345255115]},"geometry":{"type":"Point","coordinates":[-57.140714965505,-25.574789699575]}},{"type":"Feature","properties":{"category":"flow_arrow","class":"tributary","from":[-57.140714965505,-25.574789699575],"to":[-57.141270521044994,-25.575345255115]},"geometry":{"type":"Point","coordinates":[-57.140714965505,-25.574789699575]}},{"type":"Feature","properties":{"category":"flow_arrow","class":"tributary","from":[-57.136826076724994,-25.528123034215],"to":[-57.137381632265,-25.527567478675]},"geometry":{"type":"Point","coordinates":[-57.136826076724994,-25.528123034215]}},{"type":"Feature","properties":{"category":"flow_arrow","class":"tributary","from":[-57.136826076724994,-25.700345251615],"to":[-57.138492743345,-25.698678584995]},"geometry":{"type":"Point","coordinates":[-57.136826076724994,-25.700345251615]}},{"type":"Feature","properties":{"category":"flow_arrow","class":"tributary","from":[-57.138492743345,-25.698123029455],"to":[-57.138492743345,-25.698678584995]},"geometry":{"type":"Point","coordinates":[-57.138492743345,-25.698123029455]}},{"type":"Feature","properties":{"category":"flow_arrow","class":"tributary","from":[-57.138492743345,-25.698123029455],"to":[-57.138492743345,-25.698678584995]},"geometry":{"type":"Point","coordinates":[-57.138492743345,-25.698123029455]}},{"type":"Feature","properties":{"category":"flow_arrow","class":"tributary","from":[-57.138492743345,-25.698123029455],"to":[-57.138492743345,-25.698678584995]},"geometry":{"type":"Point","coordinates":[-57.138492743345,-25.698123029455]}},{"type":"Feature","properties":{"category":"flow_arrow","class":"tributary","from":[-57.138492743345,-25.698123029455],"to":[-57.138492743345,-25.698678584995]},"geometry":{"type":"Point","coordinates":[-57.138492743345,-25.698123029455]}},{"type":"Feature","properties":{"category":"flow_arrow","class":"tributary","from":[-57.132937187945,-25.617011920615],"to":[-57.135159410105,-25.617011920615]},"geometry":{"type":"Point","coordinates":[-57.132937187945,-25.617011920615]}},{"type":"Feature","properties":{"category":"flow_arrow","class":"tributary","from":[-57.12904829916499,-25.510345256935],"to":[-57.129603854704996,-25.507567479235]},"geometry":{"type":"Point","coordinates":[-57.12904829916499,-25.510345256935]}},{"type":"Feature","properties":{"category":"flow_arrow","class":"tributary","from":[-57.129603854704996,-25.507011923695],"to":[-57.12904829916499,-25.506456368155]},"geometry":{"type":"Point","coordinates":[-57.129603854704996,-25.507011923695]}},{"type":"Feature","properties":{"category":"flow_arrow","class":"tributary","from":[-57.129603854704996,-25.507011923695],"to":[-57.12904829916499,-25.506456368155]},"geometry":{"type":"Point","coordinates":[-57.129603854704996,-25.507011923695]}},{"type":"Feature","properties":{"category":"flow_arrow","class":"tributary","from":[-57.129603854704996,-25.507011923695],"to":[-57.12904829916499,-25.506456368155]},"geometry":{"type":"Point","coordinates":[-57.129603854704996,-25.507011923695]}},{"type":"Feature","properties":{"category":"flow_arrow","class":"tributary","from":[-57.129603854704996,-25.507011923695],"to":[-57.12904829916499,-25.506456368155]},"geometry":{"type":"Point","coordinates":[-57.129603854704996,-25.507011923695]}},{"type":"Feature","properties":{"category":"flow_arrow","class":"tributary","from":[-57.128492743624996,-25.439789703355],"to":[-57.13015941024499,-25.442567481055]},"geometry":{"type":"Point","coordinates":[-57.128492743624996,-25.439789703355]}},{"type":"Feature","properties":{"category":"flow_arrow","class":"tributary","from":[-57.127381632544996,-25.548123033655],"to":[-57.12793718808499,-25.548123033655]},"geometry":{"type":"Point","coordinates":[-57.127381632544996,-25.548123033655]}},{"type":"Feature","properties":{"category":"flow_arrow","class":"tributary","from":[-57.127381632544996,-25.597567476715],"to":[-57.13015941024499,-25.597567476715]},"geometry":{"type":"Point","coordinates":[-57.127381632544996,-25.597567476715]}},{"type":"Feature","properties":{"category":"flow_arrow","class":"tributary","from":[-57.13349274348499,-25.598123032255],"to":[-57.13349274348499,-25.597567476715]},"geometry":{"type":"Point","coordinates":[-57.13349274348499,-25.598123032255]}},{"type":"Feature","properties":{"category":"flow_arrow","class":"tributary","from":[-57.13349274348499,-25.598123032255],"to":[-57.13349274348499,-25.597567476715]},"geometry":{"type":"Point","coordinates":[-57.13349274348499,-25.598123032255]}},{"type":"Feature","properties":{"category":"flow_arrow","class":"tributary","from":[-57.13349274348499,-25.598123032255],"to":[-57.13349274348499,-25.597567476715]},"geometry":{"type":"Point","coordinates":[-57.13349274348499,-25.598123032255]}},{"type":"Feature","properties":{"category":"flow_arrow","class":"tributary","from":[-57.13349274348499,-25.598123032255],"to":[-57.13349274348499,-25.597567476715]},"geometry":{"type":"Point","coordinates":[-57.13349274348499,-25.598123032255]}},{"type":"Feature","properties":{"category":"flow_arrow","class":"tributary","from":[-57.126270521464996,-25.632011920195],"to":[-57.126826077005,-25.634789697895002]},"geometry":{"type":"Point","coordinates":[-57.126270521464996,-25.632011920195]}},{"type":"Feature","properties":{"category":"flow_arrow","class":"tributary","from":[-57.126826077005,-25.635345253435],"to":[-57.126826077005,-25.634789697895002]},"geometry":{"type":"Point","coordinates":[-57.126826077005,-25.635345253435]}},{"type":"Feature","properties":{"category":"flow_arrow","class":"tributary","from":[-57.126826077005,-25.635345253435],"to":[-57.126826077005,-25.634789697895002]},"geometry":{"type":"Point","coordinates":[-57.126826077005,-25.635345253435]}},{"type":"Feature","properties":{"category":"flow_arrow","class":"tributary","from":[-57.126826077005,-25.635345253435],"to":[-57.126826077005,-25.634789697895002]},"geometry":{"type":"Point","coordinates":[-57.126826077005,-25.635345253435]}},{"type":"Feature","properties":{"category":"flow_arrow","class":"tributary","from":[-57.126826077005,-25.635345253435],"to":[-57.126826077005,-25.634789697895002]},"geometry":{"type":"Point","coordinates":[-57.126826077005,-25.635345253435]}},{"type":"Feature","properties":{"category":"flow_arrow","class":"tributary","from":[-57.124603854845,-25.753123027915],"to":[-57.125159410384995,-25.750345250215]},"geometry":{"type":"Point","coordinates":[-57.124603854845,-25.753123027915]}},{"type":"Feature","properties":{"category":"flow_arrow","class":"tributary","from":[-57.125159410384995,-25.749789694675002],"to":[-57.125159410384995,-25.750345250215]},"geometry":{"type":"Point","coordinates":[-57.125159410384995,-25.749789694675002]}},{"type":"Feature","properties":{"category":"flow_arrow","class":"tributary","from":[-57.125159410384995,-25.749789694675002],"to":[-57.125159410384995,-25.750345250215]},"geometry":{"type":"Point","coordinates":[-57.125159410384995,-25.749789694675002]}},{"type":"Feature","properties":{"category":"flow_arrow","class":"tributary","from":[-57.125159410384995,-25.749789694675002],"to":[-57.125159410384995,-25.750345250215]},"geometry":{"type":"Point","coordinates":[-57.125159410384995,-25.749789694675002]}},{"type":"Feature","properties":{"category":"flow_arrow","class":"tributary","from":[-57.125159410384995,-25.749789694675002],"to":[-57.125159410384995,-25.750345250215]},"geometry":{"type":"Point","coordinates":[-57.125159410384995,-25.749789694675002]}},{"type":"Feature","properties":{"category":"flow_arrow","class":"tributary","from":[-57.124048299304995,-25.448678591995],"to":[-57.124603854845,-25.449234147535]},"geometry":{"type":"Point","coordinates":[-57.124048299304995,-25.448678591995]}},{"type":"Feature","properties":{"category":"flow_arrow","class":"tributary","from":[-57.122381632685,-25.514789701255],"to":[-57.120159410525,-25.512567479095]},"geometry":{"type":"Point","coordinates":[-57.122381632685,-25.514789701255]}},{"type":"Feature","properties":{"category":"flow_arrow","class":"tributary","from":[-57.119603854984994,-25.512567479095],"to":[-57.119048299445,-25.512567479095]},"geometry":{"type":"Point","coordinates":[-57.119603854984994,-25.512567479095]}},{"type":"Feature","properties":{"category":"flow_arrow","class":"tributary","from":[-57.119603854984994,-25.512567479095],"to":[-57.119048299445,-25.512567479095]},"geometry":{"type":"Point","coordinates":[-57.119603854984994,-25.512567479095]}},{"type":"Feature","properties":{"category":"flow_arrow","class":"tributary","from":[-57.119603854984994,-25.512567479095],"to":[-57.119048299445,-25.512567479095]},"geometry":{"type":"Point","coordinates":[-57.119603854984994,-25.512567479095]}},{"type":"Feature","properties":{"category":"flow_arrow","class":"tributary","from":[-57.119603854984994,-25.512567479095],"to":[-57.119048299445,-25.512567479095]},"geometry":{"type":"Point","coordinates":[-57.119603854984994,-25.512567479095]}},{"type":"Feature","properties":{"category":"flow_arrow","class":"tributary","from":[-57.122381632685,-25.615900809535],"to":[-57.122381632685,-25.617567476155]},"geometry":{"type":"Point","coordinates":[-57.122381632685,-25.615900809535]}},{"type":"Feature","properties":{"category":"flow_arrow","class":"tributary","from":[-57.122381632685,-25.618123031695],"to":[-57.122381632685,-25.617567476155]},"geometry":{"type":"Point","coordinates":[-57.122381632685,-25.618123031695]}},{"type":"Feature","properties":{"category":"flow_arrow","class":"tributary","from":[-57.122381632685,-25.618123031695],"to":[-57.122381632685,-25.617567476155]},"geometry":{"type":"Point","coordinates":[-57.122381632685,-25.618123031695]}},{"type":"Feature","properties":{"category":"flow_arrow","class":"tributary","from":[-57.122381632685,-25.618123031695],"to":[-57.122381632685,-25.617567476155]},"geometry":{"type":"Point","coordinates":[-57.122381632685,-25.618123031695]}},{"type":"Feature","properties":{"category":"flow_arrow","class":"tributary","from":[-57.122381632685,-25.618123031695],"to":[-57.122381632685,-25.617567476155]},"geometry":{"type":"Point","coordinates":[-57.122381632685,-25.618123031695]}},{"type":"Feature","properties":{"category":"flow_arrow","class":"tributary","from":[-57.122381632685,-25.678678585555],"to":[-57.122937188224995,-25.678123030015]},"geometry":{"type":"Point","coordinates":[-57.122381632685,-25.678678585555]}},{"type":"Feature","properties":{"category":"flow_arrow","class":"tributary","from":[-57.121826077144995,-25.529789700835],"to":[-57.120714966064995,-25.527011923135]},"geometry":{"type":"Point","coordinates":[-57.121826077144995,-25.529789700835]}},{"type":"Feature","properties":{"category":"flow_arrow","class":"tributary","from":[-57.120714966064995,-25.526456367595],"to":[-57.120159410525,-25.526456367595]},"geometry":{"type":"Point","coordinates":[-57.120714966064995,-25.526456367595]}},{"type":"Feature","properties":{"category":"flow_arrow","class":"tributary","from":[-57.120714966064995,-25.526456367595],"to":[-57.120159410525,-25.526456367595]},"geometry":{"type":"Point","coordinates":[-57.120714966064995,-25.526456367595]}},{"type":"Feature","properties":{"category":"flow_arrow","class":"tributary","from":[-57.120714966064995,-25.526456367595],"to":[-57.120159410525,-25.526456367595]},"geometry":{"type":"Point","coordinates":[-57.120714966064995,-25.526456367595]}},{"type":"Feature","properties":{"category":"flow_arrow","class":"tributary","from":[-57.120714966064995,-25.526456367595],"to":[-57.120159410525,-25.526456367595]},"geometry":{"type":"Point","coordinates":[-57.120714966064995,-25.526456367595]}},{"type":"Feature","properties":{"category":"flow_arrow","class":"tributary","from":[-57.121826077144995,-25.768123027495],"to":[-57.121826077144995,-25.769234138575]},"geometry":{"type":"Point","coordinates":[-57.121826077144995,-25.768123027495]}},{"type":"Feature","properties":{"category":"flow_arrow","class":"tributary","from":[-57.121270521605,-25.772567471815],"to":[-57.121826077144995,-25.775345249515]},"geometry":{"type":"Point","coordinates":[-57.121270521605,-25.772567471815]}},{"type":"Feature","properties":{"category":"flow_arrow","class":"tributary","from":[-57.120159410525,-25.585900810375],"to":[-57.122937188224995,-25.585900810375]},"geometry":{"type":"Point","coordinates":[-57.120159410525,-25.585900810375]}},{"type":"Feature","properties":{"category":"flow_arrow","class":"tributary","from":[-57.126270521464996,-25.584789699295],"to":[-57.126270521464996,-25.584234143755]},"geometry":{"type":"Point","coordinates":[-57.126270521464996,-25.584789699295]}},{"type":"Feature","properties":{"category":"flow_arrow","class":"tributary","from":[-57.126270521464996,-25.584789699295],"to":[-57.126270521464996,-25.584234143755]},"geometry":{"type":"Point","coordinates":[-57.126270521464996,-25.584789699295]}},{"type":"Feature","properties":{"category":"flow_arrow","class":"tributary","from":[-57.126270521464996,-25.584789699295],"to":[-57.126270521464996,-25.584234143755]},"geometry":{"type":"Point","coordinates":[-57.126270521464996,-25.584789699295]}},{"type":"Feature","properties":{"category":"flow_arrow","class":"tributary","from":[-57.126270521464996,-25.584789699295],"to":[-57.126270521464996,-25.584234143755]},"geometry":{"type":"Point","coordinates":[-57.126270521464996,-25.584789699295]}},{"type":"Feature","properties":{"category":"flow_arrow","class":"main","from":[-57.119048299445,-25.653678586255],"to":[-57.121270521605,-25.652011919635]},"geometry":{"type":"Point","coordinates":[-57.119048299445,-25.653678586255]}},{"type":"Feature","properties":{"category":"flow_arrow","class":"main","from":[-57.125714965925,-25.653678586255],"to":[-57.125714965925,-25.653123030715]},"geometry":{"type":"Point","coordinates":[-57.125714965925,-25.653678586255]}},{"type":"Feature","properties":{"category":"flow_arrow","class":"main","from":[-57.125714965925,-25.653678586255],"to":[-57.125714965925,-25.653123030715]},"geometry":{"type":"Point","coordinates":[-57.125714965925,-25.653678586255]}},{"type":"Feature","properties":{"category":"flow_arrow","class":"main","from":[-57.125714965925,-25.653678586255],"to":[-57.125714965925,-25.653123030715]},"geometry":{"type":"Point","coordinates":[-57.125714965925,-25.653678586255]}},{"type":"Feature","properties":{"category":"flow_arrow","class":"main","from":[-57.125714965925,-25.653678586255],"to":[-57.125714965925,-25.653123030715]},"geometry":{"type":"Point","coordinates":[-57.125714965925,-25.653678586255]}},{"type":"Feature","properties":{"category":"flow_arrow","class":"main","from":[-57.125714965925,-25.653678586255],"to":[-57.125714965925,-25.653123030715]},"geometry":{"type":"Point","coordinates":[-57.125714965925,-25.653678586255]}},{"type":"Feature","properties":{"category":"flow_arrow","class":"main","from":[-57.125714965925,-25.653678586255],"to":[-57.125714965925,-25.653123030715]},"geometry":{"type":"Point","coordinates":[-57.125714965925,-25.653678586255]}},{"type":"Feature","properties":{"category":"flow_arrow","class":"main","from":[-57.125714965925,-25.653678586255],"to":[-57.125714965925,-25.653123030715]},"geometry":{"type":"Point","coordinates":[-57.125714965925,-25.653678586255]}},{"type":"Feature","properties":{"category":"flow_arrow","class":"tributary","from":[-57.116826077285,-25.535900811775],"to":[-57.114603855125,-25.533678589615]},"geometry":{"type":"Point","coordinates":[-57.116826077285,-25.535900811775]}},{"type":"Feature","properties":{"category":"flow_arrow","class":"tributary","from":[-57.116270521744994,-25.633123031275],"to":[-57.116826077285,-25.633123031275]},"geometry":{"type":"Point","coordinates":[-57.116270521744994,-25.633123031275]}},{"type":"Feature","properties":{"category":"flow_arrow","class":"tributary","from":[-57.115714966205,-25.451456369695],"to":[-57.116826077285,-25.454234147395]},"geometry":{"type":"Point","coordinates":[-57.115714966205,-25.451456369695]}},{"type":"Feature","properties":{"category":"flow_arrow","class":"tributary","from":[-57.118492743904994,-25.458678591715],"to":[-57.117937188365,-25.458678591715]},"geometry":{"type":"Point","coordinates":[-57.118492743904994,-25.458678591715]}},{"type":"Feature","properties":{"category":"flow_arrow","class":"tributary","from":[-57.118492743904994,-25.458678591715],"to":[-57.117937188365,-25.458678591715]},"geometry":{"type":"Point","coordinates":[-57.118492743904994,-25.458678591715]}},{"type":"Feature","properties":{"category":"flow_arrow","class":"tributary","from":[-57.118492743904994,-25.458678591715],"to":[-57.117937188365,-25.458678591715]},"geometry":{"type":"Point","coordinates":[-57.118492743904994,-25.458678591715]}},{"type":"Feature","properties":{"category":"flow_arrow","class":"tributary","from":[-57.118492743904994,-25.458678591715],"to":[-57.117937188365,-25.458678591715]},"geometry":{"type":"Point","coordinates":[-57.118492743904994,-25.458678591715]}},{"type":"Feature","properties":{"category":"flow_arrow","class":"tributary","from":[-57.115714966205,-25.705345251475],"to":[-57.117381632824994,-25.707567473635]},"geometry":{"type":"Point","coordinates":[-57.115714966205,-25.705345251475]}},{"type":"Feature","properties":{"category":"flow_arrow","class":"tributary","from":[-57.119048299445,-25.709789695795],"to":[-57.118492743904994,-25.709789695795]},"geometry":{"type":"Point","coordinates":[-57.119048299445,-25.709789695795]}},{"type":"Feature","properties":{"category":"flow_arrow","class":"tributary","from":[-57.119048299445,-25.709789695795],"to":[-57.118492743904994,-25.709789695795]},"geometry":{"type":"Point","coordinates":[-57.119048299445,-25.709789695795]}},{"type":"Feature","properties":{"category":"flow_arrow","class":"tributary","from":[-57.119048299445,-25.709789695795],"to":[-57.118492743904994,-25.709789695795]},"geometry":{"type":"Point","coordinates":[-57.119048299445,-25.709789695795]}},{"type":"Feature","properties":{"category":"flow_arrow","class":"tributary","from":[-57.119048299445,-25.709789695795],"to":[-57.118492743904994,-25.709789695795]},"geometry":{"type":"Point","coordinates":[-57.119048299445,-25.709789695795]}},{"type":"Feature","properties":{"category":"flow_arrow","class":"tributary","from":[-57.115159410664994,-25.618678587235],"to":[-57.117937188365,-25.620345253855]},"geometry":{"type":"Point","coordinates":[-57.115159410664994,-25.618678587235]}},{"type":"Feature","properties":{"category":"flow_arrow","class":"tributary","from":[-57.121826077144995,-25.622011920475],"to":[-57.121270521605,-25.622011920475]},"geometry":{"type":"Point","coordinates":[-57.121826077144995,-25.622011920475]}},{"type":"Feature","properties":{"category":"flow_arrow","class":"tributary","from":[-57.121826077144995,-25.622011920475],"to":[-57.121270521605,-25.622011920475]},"geometry":{"type":"Point","coordinates":[-57.121826077144995,-25.622011920475]}},{"type":"Feature","properties":{"category":"flow_arrow","class":"tributary","from":[-57.121826077144995,-25.622011920475],"to":[-57.121270521605,-25.622011920475]},"geometry":{"type":"Point","coordinates":[-57.121826077144995,-25.622011920475]}},{"type":"Feature","properties":{"category":"flow_arrow","class":"tributary","from":[-57.121826077144995,-25.622011920475],"to":[-57.121270521605,-25.622011920475]},"geometry":{"type":"Point","coordinates":[-57.121826077144995,-25.622011920475]}},{"type":"Feature","properties":{"category":"flow_arrow","class":"tributary","from":[-57.114603855125,-25.648678586395],"to":[-57.115159410664994,-25.648123030855]},"geometry":{"type":"Point","coordinates":[-57.114603855125,-25.648678586395]}},{"type":"Feature","properties":{"category":"flow_arrow","class":"tributary","from":[-57.11293718850499,-25.698678584995],"to":[-57.115159410664994,-25.701456362695]},"geometry":{"type":"Point","coordinates":[-57.11293718850499,-25.698678584995]}},{"type":"Feature","properties":{"category":"flow_arrow","class":"tributary","from":[-57.112381632965,-25.557567477835],"to":[-57.113492744045,-25.560345255535]},"geometry":{"type":"Point","coordinates":[-57.112381632965,-25.557567477835]}},{"type":"Feature","properties":{"category":"flow_arrow","class":"tributary","from":[-57.114048299584994,-25.560900811075],"to":[-57.113492744045,-25.560345255535]},"geometry":{"type":"Point","coordinates":[-57.114048299584994,-25.560900811075]}},{"type":"Feature","properties":{"category":"flow_arrow","class":"tributary","from":[-57.114048299584994,-25.560900811075],"to":[-57.113492744045,-25.560345255535]},"geometry":{"type":"Point","coordinates":[-57.114048299584994,-25.560900811075]}},{"type":"Feature","properties":{"category":"flow_arrow","class":"tributary","from":[-57.114048299584994,-25.560900811075],"to":[-57.113492744045,-25.560345255535]},"geometry":{"type":"Point","coordinates":[-57.114048299584994,-25.560900811075]}},{"type":"Feature","properties":{"category":"flow_arrow","class":"tributary","from":[-57.114048299584994,-25.560900811075],"to":[-57.113492744045,-25.560345255535]},"geometry":{"type":"Point","coordinates":[-57.114048299584994,-25.560900811075]}},{"type":"Feature","properties":{"category":"flow_arrow","class":"tributary","from":[-57.11182607742499,-25.431456370255],"to":[-57.111270521885,-25.428678592555]},"geometry":{"type":"Point","coordinates":[-57.11182607742499,-25.431456370255]}},{"type":"Feature","properties":{"category":"flow_arrow","class":"tributary","from":[-57.11182607742499,-25.427567481475],"to":[-57.111270521885,-25.427567481475]},"geometry":{"type":"Point","coordinates":[-57.11182607742499,-25.427567481475]}},{"type":"Feature","properties":{"category":"flow_arrow","class":"tributary","from":[-57.11182607742499,-25.427567481475],"to":[-57.111270521885,-25.427567481475]},"geometry":{"type":"Point","coordinates":[-57.11182607742499,-25.427567481475]}},{"type":"Feature","properties":{"category":"flow_arrow","class":"tributary","from":[-57.11182607742499,-25.427567481475],"to":[-57.111270521885,-25.427567481475]},"geometry":{"type":"Point","coordinates":[-57.11182607742499,-25.427567481475]}},{"type":"Feature","properties":{"category":"flow_arrow","class":"tributary","from":[-57.11182607742499,-25.427567481475],"to":[-57.111270521885,-25.427567481475]},"geometry":{"type":"Point","coordinates":[-57.11182607742499,-25.427567481475]}},{"type":"Feature","properties":{"category":"flow_arrow","class":"tributary","from":[-57.11182607742499,-25.753123027915],"to":[-57.109048299724996,-25.752011916835]},"geometry":{"type":"Point","coordinates":[-57.11182607742499,-25.753123027915]}},{"type":"Feature","properties":{"category":"flow_arrow","class":"tributary","from":[-57.11071496634499,-25.572567477415],"to":[-57.111270521885,-25.572011921875]},"geometry":{"type":"Point","coordinates":[-57.11071496634499,-25.572567477415]}},{"type":"Feature","properties":{"category":"flow_arrow","class":"main","from":[-57.11071496634499,-25.718123028895],"to":[-57.11182607742499,-25.715345251195]},"geometry":{"type":"Point","coordinates":[-57.11071496634499,-25.718123028895]}},{"type":"Feature","properties":{"category":"flow_arrow","class":"main","from":[-57.117937188365,-25.717567473355],"to":[-57.117937188365,-25.717011917815]},"geometry":{"type":"Point","coordinates":[-57.117937188365,-25.717567473355]}},{"type":"Feature","properties":{"category":"flow_arrow","class":"main","from":[-57.117937188365,-25.717567473355],"to":[-57.117937188365,-25.717011917815]},"geometry":{"type":"Point","coordinates":[-57.117937188365,-25.717567473355]}},{"type":"Feature","properties":{"category":"flow_arrow","class":"main","from":[-57.117937188365,-25.717567473355],"to":[-57.117937188365,-25.717011917815]},"geometry":{"type":"Point","coordinates":[-57.117937188365,-25.717567473355]}},{"type":"Feature","properties":{"category":"flow_arrow","class":"main","from":[-57.117937188365,-25.717567473355],"to":[-57.117937188365,-25.717011917815]},"geometry":{"type":"Point","coordinates":[-57.117937188365,-25.717567473355]}},{"type":"Feature","properties":{"category":"flow_arrow","class":"main","from":[-57.117937188365,-25.717567473355],"to":[-57.117937188365,-25.717011917815]},"geometry":{"type":"Point","coordinates":[-57.117937188365,-25.717567473355]}},{"type":"Feature","properties":{"category":"flow_arrow","class":"main","from":[-57.117937188365,-25.717567473355],"to":[-57.117937188365,-25.717011917815]},"geometry":{"type":"Point","coordinates":[-57.117937188365,-25.717567473355]}},{"type":"Feature","properties":{"category":"flow_arrow","class":"main","from":[-57.117937188365,-25.717567473355],"to":[-57.117937188365,-25.717011917815]},"geometry":{"type":"Point","coordinates":[-57.117937188365,-25.717567473355]}},{"type":"Feature","properties":{"category":"flow_arrow","class":"tributary","from":[-57.110159410805,-25.458123036175],"to":[-57.11182607742499,-25.460345258335]},"geometry":{"type":"Point","coordinates":[-57.110159410805,-25.458123036175]}},{"type":"Feature","properties":{"category":"flow_arrow","class":"tributary","from":[-57.110159410805,-25.639789697755],"to":[-57.11293718850499,-25.639234142215]},"geometry":{"type":"Point","coordinates":[-57.110159410805,-25.639789697755]}},{"type":"Feature","properties":{"category":"flow_arrow","class":"tributary","from":[-57.122937188224995,-25.642567475455],"to":[-57.123492743765,-25.642567475455]},"geometry":{"type":"Point","coordinates":[-57.122937188224995,-25.642567475455]}},{"type":"Feature","properties":{"category":"flow_arrow","class":"tributary","from":[-57.122937188224995,-25.642567475455],"to":[-57.123492743765,-25.642567475455]},"geometry":{"type":"Point","coordinates":[-57.122937188224995,-25.642567475455]}},{"type":"Feature","properties":{"category":"flow_arrow","class":"tributary","from":[-57.122937188224995,-25.642567475455],"to":[-57.123492743765,-25.642567475455]},"geometry":{"type":"Point","coordinates":[-57.122937188224995,-25.642567475455]}},{"type":"Feature","properties":{"category":"flow_arrow","class":"tributary","from":[-57.122937188224995,-25.642567475455],"to":[-57.123492743765,-25.642567475455]},"geometry":{"type":"Point","coordinates":[-57.122937188224995,-25.642567475455]}},{"type":"Feature","properties":{"category":"flow_arrow","class":"tributary","from":[-57.110159410805,-25.643678586535],"to":[-57.11293718850499,-25.643123030995]},"geometry":{"type":"Point","coordinates":[-57.110159410805,-25.643678586535]}},{"type":"Feature","properties":{"category":"flow_arrow","class":"tributary","from":[-57.110159410805,-25.674234141235],"to":[-57.11293718850499,-25.676456363395]},"geometry":{"type":"Point","coordinates":[-57.110159410805,-25.674234141235]}},{"type":"Feature","properties":{"category":"flow_arrow","class":"tributary","from":[-57.10738163310499,-25.619234142775],"to":[-57.107937188644996,-25.619789698315]},"geometry":{"type":"Point","coordinates":[-57.10738163310499,-25.619234142775]}},{"type":"Feature","properties":{"category":"flow_arrow","class":"tributary","from":[-57.106826077564996,-25.674234141235],"to":[-57.10960385526499,-25.675345252315]},"geometry":{"type":"Point","coordinates":[-57.106826077564996,-25.674234141235]}},{"type":"Feature","properties":{"category":"flow_arrow","class":"tributary","from":[-57.11293718850499,-25.682567474335],"to":[-57.11293718850499,-25.683123029875]},"geometry":{"type":"Point","coordinates":[-57.11293718850499,-25.682567474335]}},{"type":"Feature","properties":{"category":"flow_arrow","class":"tributary","from":[-57.11293718850499,-25.682567474335],"to":[-57.11293718850499,-25.683123029875]},"geometry":{"type":"Point","coordinates":[-57.11293718850499,-25.682567474335]}},{"type":"Feature","properties":{"category":"flow_arrow","class":"tributary","from":[-57.11293718850499,-25.682567474335],"to":[-57.11293718850499,-25.683123029875]},"geometry":{"type":"Point","coordinates":[-57.11293718850499,-25.682567474335]}},{"type":"Feature","properties":{"category":"flow_arrow","class":"tributary","from":[-57.11293718850499,-25.682567474335],"to":[-57.11293718850499,-25.683123029875]},"geometry":{"type":"Point","coordinates":[-57.11293718850499,-25.682567474335]}},{"type":"Feature","properties":{"category":"flow_arrow","class":"tributary","from":[-57.104048299865,-25.736456361715],"to":[-57.104048299865,-25.737011917255]},"geometry":{"type":"Point","coordinates":[-57.104048299865,-25.736456361715]}},{"type":"Feature","properties":{"category":"flow_arrow","class":"tributary","from":[-57.102381633244995,-25.742011917115],"to":[-57.102937188785,-25.744789694815]},"geometry":{"type":"Point","coordinates":[-57.102381633244995,-25.742011917115]}},{"type":"Feature","properties":{"category":"flow_arrow","class":"tributary","from":[-57.100714966625,-25.534234145155],"to":[-57.099603855545,-25.531456367455]},"geometry":{"type":"Point","coordinates":[-57.100714966625,-25.534234145155]}},{"type":"Feature","properties":{"category":"flow_arrow","class":"tributary","from":[-57.099048300004995,-25.531456367455],"to":[-57.099603855545,-25.531456367455]},"geometry":{"type":"Point","coordinates":[-57.099048300004995,-25.531456367455]}},{"type":"Feature","properties":{"category":"flow_arrow","class":"tributary","from":[-57.099048300004995,-25.531456367455],"to":[-57.099603855545,-25.531456367455]},"geometry":{"type":"Point","coordinates":[-57.099048300004995,-25.531456367455]}},{"type":"Feature","properties":{"category":"flow_arrow","class":"tributary","from":[-57.099048300004995,-25.531456367455],"to":[-57.099603855545,-25.531456367455]},"geometry":{"type":"Point","coordinates":[-57.099048300004995,-25.531456367455]}},{"type":"Feature","properties":{"category":"flow_arrow","class":"tributary","from":[-57.099048300004995,-25.531456367455],"to":[-57.099603855545,-25.531456367455]},"geometry":{"type":"Point","coordinates":[-57.099048300004995,-25.531456367455]}},{"type":"Feature","properties":{"category":"flow_arrow","class":"tributary","from":[-57.099048300004995,-25.767567471955],"to":[-57.099048300004995,-25.770345249655]},"geometry":{"type":"Point","coordinates":[-57.099048300004995,-25.767567471955]}},{"type":"Feature","properties":{"category":"flow_arrow","class":"tributary","from":[-57.098492744465,-25.665345252595],"to":[-57.100714966625,-25.668123030295]},"geometry":{"type":"Point","coordinates":[-57.098492744465,-25.665345252595]}},{"type":"Feature","properties":{"category":"flow_arrow","class":"tributary","from":[-57.098492744465,-25.772011916275],"to":[-57.098492744465,-25.773123027355002]},"geometry":{"type":"Point","coordinates":[-57.098492744465,-25.772011916275]}},{"type":"Feature","properties":{"category":"flow_arrow","class":"tributary","from":[-57.096826077844995,-25.644234142075],"to":[-57.096826077844995,-25.647011919775]},"geometry":{"type":"Point","coordinates":[-57.096826077844995,-25.644234142075]}},{"type":"Feature","properties":{"category":"flow_arrow","class":"tributary","from":[-57.094603855684994,-25.625345253715],"to":[-57.094603855684994,-25.628123031415]},"geometry":{"type":"Point","coordinates":[-57.094603855684994,-25.625345253715]}},{"type":"Feature","properties":{"category":"flow_arrow","class":"tributary","from":[-57.094603855684994,-25.627567475875],"to":[-57.094603855684994,-25.628123031415]},"geometry":{"type":"Point","coordinates":[-57.094603855684994,-25.627567475875]}},{"type":"Feature","properties":{"category":"flow_arrow","class":"tributary","from":[-57.094603855684994,-25.627567475875],"to":[-57.094603855684994,-25.628123031415]},"geometry":{"type":"Point","coordinates":[-57.094603855684994,-25.627567475875]}},{"type":"Feature","properties":{"category":"flow_arrow","class":"tributary","from":[-57.094603855684994,-25.627567475875],"to":[-57.094603855684994,-25.628123031415]},"geometry":{"type":"Point","coordinates":[-57.094603855684994,-25.627567475875]}},{"type":"Feature","properties":{"category":"flow_arrow","class":"tributary","from":[-57.094603855684994,-25.627567475875],"to":[-57.094603855684994,-25.628123031415]},"geometry":{"type":"Point","coordinates":[-57.094603855684994,-25.627567475875]}},{"type":"Feature","properties":{"category":"flow_arrow","class":"tributary","from":[-57.094048300145,-25.431456370255],"to":[-57.094603855684994,-25.428678592555]},"geometry":{"type":"Point","coordinates":[-57.094048300145,-25.431456370255]}},{"type":"Feature","properties":{"category":"flow_arrow","class":"tributary","from":[-57.095159411225,-25.427567481475],"to":[-57.094603855684994,-25.427567481475]},"geometry":{"type":"Point","coordinates":[-57.095159411225,-25.427567481475]}},{"type":"Feature","properties":{"category":"flow_arrow","class":"tributary","from":[-57.095159411225,-25.427567481475],"to":[-57.094603855684994,-25.427567481475]},"geometry":{"type":"Point","coordinates":[-57.095159411225,-25.427567481475]}},{"type":"Feature","properties":{"category":"flow_arrow","class":"tributary","from":[-57.095159411225,-25.427567481475],"to":[-57.094603855684994,-25.427567481475]},"geometry":{"type":"Point","coordinates":[-57.095159411225,-25.427567481475]}},{"type":"Feature","properties":{"category":"flow_arrow","class":"tributary","from":[-57.095159411225,-25.427567481475],"to":[-57.094603855684994,-25.427567481475]},"geometry":{"type":"Point","coordinates":[-57.095159411225,-25.427567481475]}},{"type":"Feature","properties":{"category":"flow_arrow","class":"tributary","from":[-57.094048300145,-25.458123036175],"to":[-57.094048300145,-25.458678591715]},"geometry":{"type":"Point","coordinates":[-57.094048300145,-25.458123036175]}},{"type":"Feature","properties":{"category":"flow_arrow","class":"tributary","from":[-57.094048300145,-25.587011921455],"to":[-57.096826077844995,-25.588678588075002]},"geometry":{"type":"Point","coordinates":[-57.094048300145,-25.587011921455]}},{"type":"Feature","properties":{"category":"flow_arrow","class":"tributary","from":[-57.097381633385,-25.590345254695],"to":[-57.097381633385,-25.589789699155]},"geometry":{"type":"Point","coordinates":[-57.097381633385,-25.590345254695]}},{"type":"Feature","properties":{"category":"flow_arrow","class":"tributary","from":[-57.097381633385,-25.590345254695],"to":[-57.097381633385,-25.589789699155]},"geometry":{"type":"Point","coordinates":[-57.097381633385,-25.590345254695]}},{"type":"Feature","properties":{"category":"flow_arrow","class":"tributary","from":[-57.097381633385,-25.590345254695],"to":[-57.097381633385,-25.589789699155]},"geometry":{"type":"Point","coordinates":[-57.097381633385,-25.590345254695]}},{"type":"Feature","properties":{"category":"flow_arrow","class":"tributary","from":[-57.097381633385,-25.590345254695],"to":[-57.097381633385,-25.589789699155]},"geometry":{"type":"Point","coordinates":[-57.097381633385,-25.590345254695]}},{"type":"Feature","properties":{"category":"flow_arrow","class":"tributary","from":[-57.094048300145,-25.708678584715],"to":[-57.096270522305,-25.710900806875]},"geometry":{"type":"Point","coordinates":[-57.094048300145,-25.708678584715]}},{"type":"Feature","properties":{"category":"flow_arrow","class":"tributary","from":[-57.096826077844995,-25.711456362415],"to":[-57.097381633385,-25.712011917955]},"geometry":{"type":"Point","coordinates":[-57.096826077844995,-25.711456362415]}},{"type":"Feature","properties":{"category":"flow_arrow","class":"tributary","from":[-57.096826077844995,-25.711456362415],"to":[-57.097381633385,-25.712011917955]},"geometry":{"type":"Point","coordinates":[-57.096826077844995,-25.711456362415]}},{"type":"Feature","properties":{"category":"flow_arrow","class":"tributary","from":[-57.096826077844995,-25.711456362415],"to":[-57.097381633385,-25.712011917955]},"geometry":{"type":"Point","coordinates":[-57.096826077844995,-25.711456362415]}},{"type":"Feature","properties":{"category":"flow_arrow","class":"tributary","from":[-57.096826077844995,-25.711456362415],"to":[-57.097381633385,-25.712011917955]},"geometry":{"type":"Point","coordinates":[-57.096826077844995,-25.711456362415]}},{"type":"Feature","properties":{"category":"flow_arrow","class":"tributary","from":[-57.092381633524994,-25.545900811495],"to":[-57.092381633524994,-25.543123033795]},"geometry":{"type":"Point","coordinates":[-57.092381633524994,-25.545900811495]}},{"type":"Feature","properties":{"category":"flow_arrow","class":"tributary","from":[-57.092381633524994,-25.542567478255002],"to":[-57.092381633524994,-25.543123033795]},"geometry":{"type":"Point","coordinates":[-57.092381633524994,-25.542567478255002]}},{"type":"Feature","properties":{"category":"flow_arrow","class":"tributary","from":[-57.092381633524994,-25.542567478255002],"to":[-57.092381633524994,-25.543123033795]},"geometry":{"type":"Point","coordinates":[-57.092381633524994,-25.542567478255002]}},{"type":"Feature","properties":{"category":"flow_arrow","class":"tributary","from":[-57.092381633524994,-25.542567478255002],"to":[-57.092381633524994,-25.543123033795]},"geometry":{"type":"Point","coordinates":[-57.092381633524994,-25.542567478255002]}},{"type":"Feature","properties":{"category":"flow_arrow","class":"tributary","from":[-57.092381633524994,-25.542567478255002],"to":[-57.092381633524994,-25.543123033795]},"geometry":{"type":"Point","coordinates":[-57.092381633524994,-25.542567478255002]}},{"type":"Feature","properties":{"category":"flow_arrow","class":"tributary","from":[-57.091826077985,-25.604789698735],"to":[-57.092381633524994,-25.607011920895]},"geometry":{"type":"Point","coordinates":[-57.091826077985,-25.604789698735]}},{"type":"Feature","properties":{"category":"flow_arrow","class":"tributary","from":[-57.091270522444994,-25.430900814715],"to":[-57.090714966905,-25.428123037015]},"geometry":{"type":"Point","coordinates":[-57.091270522444994,-25.430900814715]}},{"type":"Feature","properties":{"category":"flow_arrow","class":"tributary","from":[-57.08793718920499,-25.427567481475],"to":[-57.087381633665,-25.427567481475]},"geometry":{"type":"Point","coordinates":[-57.08793718920499,-25.427567481475]}},{"type":"Feature","properties":{"category":"flow_arrow","class":"tributary","from":[-57.08793718920499,-25.427567481475],"to":[-57.087381633665,-25.427567481475]},"geometry":{"type":"Point","coordinates":[-57.08793718920499,-25.427567481475]}},{"type":"Feature","properties":{"category":"flow_arrow","class":"tributary","from":[-57.08793718920499,-25.427567481475],"to":[-57.087381633665,-25.427567481475]},"geometry":{"type":"Point","coordinates":[-57.08793718920499,-25.427567481475]}},{"type":"Feature","properties":{"category":"flow_arrow","class":"tributary","from":[-57.08793718920499,-25.427567481475],"to":[-57.087381633665,-25.427567481475]},"geometry":{"type":"Point","coordinates":[-57.08793718920499,-25.427567481475]}},{"type":"Feature","properties":{"category":"flow_arrow","class":"main","from":[-57.090714966905,-25.558123033375],"to":[-57.08904830028499,-25.555900811215]},"geometry":{"type":"Point","coordinates":[-57.090714966905,-25.558123033375]}},{"type":"Feature","properties":{"category":"flow_arrow","class":"tributary","from":[-57.09015941136499,-25.755345250075],"to":[-57.089603855825,-25.754789694535]},"geometry":{"type":"Point","coordinates":[-57.09015941136499,-25.755345250075]}},{"type":"Feature","properties":{"category":"flow_arrow","class":"tributary","from":[-57.089603855825,-25.754234138995],"to":[-57.089603855825,-25.754789694535]},"geometry":{"type":"Point","coordinates":[-57.089603855825,-25.754234138995]}},{"type":"Feature","properties":{"category":"flow_arrow","class":"tributary","from":[-57.089603855825,-25.754234138995],"to":[-57.089603855825,-25.754789694535]},"geometry":{"type":"Point","coordinates":[-57.089603855825,-25.754234138995]}},{"type":"Feature","properties":{"category":"flow_arrow","class":"tributary","from":[-57.089603855825,-25.754234138995],"to":[-57.089603855825,-25.754789694535]},"geometry":{"type":"Point","coordinates":[-57.089603855825,-25.754234138995]}},{"type":"Feature","properties":{"category":"flow_arrow","class":"tributary","from":[-57.089603855825,-25.754234138995],"to":[-57.089603855825,-25.754789694535]},"geometry":{"type":"Point","coordinates":[-57.089603855825,-25.754234138995]}},{"type":"Feature","properties":{"category":"flow_arrow","class":"tributary","from":[-57.089603855825,-25.463123036035],"to":[-57.092381633524994,-25.464234147115]},"geometry":{"type":"Point","coordinates":[-57.089603855825,-25.463123036035]}},{"type":"Feature","properties":{"category":"flow_arrow","class":"tributary","from":[-57.087381633665,-25.550345255815],"to":[-57.09015941136499,-25.548678589195]},"geometry":{"type":"Point","coordinates":[-57.087381633665,-25.550345255815]}},{"type":"Feature","properties":{"category":"flow_arrow","class":"tributary","from":[-57.090714966905,-25.547011922575],"to":[-57.09015941136499,-25.547011922575]},"geometry":{"type":"Point","coordinates":[-57.090714966905,-25.547011922575]}},{"type":"Feature","properties":{"category":"flow_arrow","class":"tributary","from":[-57.090714966905,-25.547011922575],"to":[-57.09015941136499,-25.547011922575]},"geometry":{"type":"Point","coordinates":[-57.090714966905,-25.547011922575]}},{"type":"Feature","properties":{"category":"flow_arrow","class":"tributary","from":[-57.090714966905,-25.547011922575],"to":[-57.09015941136499,-25.547011922575]},"geometry":{"type":"Point","coordinates":[-57.090714966905,-25.547011922575]}},{"type":"Feature","properties":{"category":"flow_arrow","class":"tributary","from":[-57.090714966905,-25.547011922575],"to":[-57.09015941136499,-25.547011922575]},"geometry":{"type":"Point","coordinates":[-57.090714966905,-25.547011922575]}},{"type":"Feature","properties":{"category":"flow_arrow","class":"tributary","from":[-57.087381633665,-25.617567476155],"to":[-57.088492744745,-25.618123031695]},"geometry":{"type":"Point","coordinates":[-57.087381633665,-25.617567476155]}},{"type":"Feature","properties":{"category":"flow_arrow","class":"tributary","from":[-57.088492744745,-25.618678587235],"to":[-57.088492744745,-25.618123031695]},"geometry":{"type":"Point","coordinates":[-57.088492744745,-25.618678587235]}},{"type":"Feature","properties":{"category":"flow_arrow","class":"tributary","from":[-57.088492744745,-25.618678587235],"to":[-57.088492744745,-25.618123031695]},"geometry":{"type":"Point","coordinates":[-57.088492744745,-25.618678587235]}},{"type":"Feature","properties":{"category":"flow_arrow","class":"tributary","from":[-57.088492744745,-25.618678587235],"to":[-57.088492744745,-25.618123031695]},"geometry":{"type":"Point","coordinates":[-57.088492744745,-25.618678587235]}},{"type":"Feature","properties":{"category":"flow_arrow","class":"tributary","from":[-57.088492744745,-25.618678587235],"to":[-57.088492744745,-25.618123031695]},"geometry":{"type":"Point","coordinates":[-57.088492744745,-25.618678587235]}},{"type":"Feature","properties":{"category":"flow_arrow","class":"tributary","from":[-57.08349274488499,-25.566456366475],"to":[-57.084048300424996,-25.563678588775]},"geometry":{"type":"Point","coordinates":[-57.08349274488499,-25.566456366475]}},{"type":"Feature","properties":{"category":"flow_arrow","class":"tributary","from":[-57.08349274488499,-25.662567474895],"to":[-57.08571496704499,-25.665345252595]},"geometry":{"type":"Point","coordinates":[-57.08349274488499,-25.662567474895]}},{"type":"Feature","properties":{"category":"flow_arrow","class":"tributary","from":[-57.08238163380499,-25.633678586815],"to":[-57.082937189344996,-25.633678586815]},"geometry":{"type":"Point","coordinates":[-57.08238163380499,-25.633678586815]}},{"type":"Feature","properties":{"category":"flow_arrow","class":"tributary","from":[-57.081826078264996,-25.532011922995],"to":[-57.08460385596499,-25.529234145295]},"geometry":{"type":"Point","coordinates":[-57.081826078264996,-25.532011922995]}},{"type":"Feature","properties":{"category":"flow_arrow","class":"tributary","from":[-57.081270522725,-25.730345250775],"to":[-57.081270522725,-25.730900806315]},"geometry":{"type":"Point","coordinates":[-57.081270522725,-25.730345250775]}},{"type":"Feature","properties":{"category":"flow_arrow","class":"tributary","from":[-57.080159411645,-25.726456361995],"to":[-57.080714967184996,-25.728123028615]},"geometry":{"type":"Point","coordinates":[-57.080159411645,-25.726456361995]}},{"type":"Feature","properties":{"category":"flow_arrow","class":"tributary","from":[-57.079603856104995,-25.473123035755002],"to":[-57.08238163380499,-25.475900813455]},"geometry":{"type":"Point","coordinates":[-57.079603856104995,-25.473123035755002]}},{"type":"Feature","properties":{"category":"flow_arrow","class":"tributary","from":[-57.079603856104995,-25.776456360595],"to":[-57.081270522725,-25.778678582755]},"geometry":{"type":"Point","coordinates":[-57.079603856104995,-25.776456360595]}},{"type":"Feature","properties":{"category":"flow_arrow","class":"tributary","from":[-57.078492745024995,-25.589234143615],"to":[-57.079048300565,-25.592011921315]},"geometry":{"type":"Point","coordinates":[-57.078492745024995,-25.589234143615]}},{"type":"Feature","properties":{"category":"flow_arrow","class":"tributary","from":[-57.079048300565,-25.591456365775],"to":[-57.079048300565,-25.592011921315]},"geometry":{"type":"Point","coordinates":[-57.079048300565,-25.591456365775]}},{"type":"Feature","properties":{"category":"flow_arrow","class":"tributary","from":[-57.079048300565,-25.591456365775],"to":[-57.079048300565,-25.592011921315]},"geometry":{"type":"Point","coordinates":[-57.079048300565,-25.591456365775]}},{"type":"Feature","properties":{"category":"flow_arrow","class":"tributary","from":[-57.079048300565,-25.591456365775],"to":[-57.079048300565,-25.592011921315]},"geometry":{"type":"Point","coordinates":[-57.079048300565,-25.591456365775]}},{"type":"Feature","properties":{"category":"flow_arrow","class":"tributary","from":[-57.079048300565,-25.591456365775],"to":[-57.079048300565,-25.592011921315]},"geometry":{"type":"Point","coordinates":[-57.079048300565,-25.591456365775]}},{"type":"Feature","properties":{"category":"flow_arrow","class":"tributary","from":[-57.077937189485,-25.671456363535],"to":[-57.078492745024995,-25.673678585695]},"geometry":{"type":"Point","coordinates":[-57.077937189485,-25.671456363535]}},{"type":"Feature","properties":{"category":"flow_arrow","class":"tributary","from":[-57.077381633944995,-25.476456368995],"to":[-57.079603856104995,-25.479234146695]},"geometry":{"type":"Point","coordinates":[-57.077381633944995,-25.476456368995]}},{"type":"Feature","properties":{"category":"flow_arrow","class":"tributary","from":[-57.077381633944995,-25.711456362415],"to":[-57.080159411645,-25.710900806875]},"geometry":{"type":"Point","coordinates":[-57.077381633944995,-25.711456362415]}},{"type":"Feature","properties":{"category":"flow_arrow","class":"tributary","from":[-57.076826078405,-25.464789702655],"to":[-57.079603856104995,-25.465900813735]},"geometry":{"type":"Point","coordinates":[-57.076826078405,-25.464789702655]}},{"type":"Feature","properties":{"category":"flow_arrow","class":"tributary","from":[-57.076270522864995,-25.488123035335],"to":[-57.079048300565,-25.487567479795]},"geometry":{"type":"Point","coordinates":[-57.076270522864995,-25.488123035335]}},{"type":"Feature","properties":{"category":"flow_arrow","class":"tributary","from":[-57.076270522864995,-25.657011919495],"to":[-57.079048300565,-25.656456363955]},"geometry":{"type":"Point","coordinates":[-57.076270522864995,-25.657011919495]}},{"type":"Feature","properties":{"category":"flow_arrow","class":"tributary","from":[-57.078492745024995,-25.656456363955],"to":[-57.079048300565,-25.656456363955]},"geometry":{"type":"Point","coordinates":[-57.078492745024995,-25.656456363955]}},{"type":"Feature","properties":{"category":"flow_arrow","class":"tributary","from":[-57.078492745024995,-25.656456363955],"to":[-57.079048300565,-25.656456363955]},"geometry":{"type":"Point","coordinates":[-57.078492745024995,-25.656456363955]}},{"type":"Feature","properties":{"category":"flow_arrow","class":"tributary","from":[-57.078492745024995,-25.656456363955],"to":[-57.079048300565,-25.656456363955]},"geometry":{"type":"Point","coordinates":[-57.078492745024995,-25.656456363955]}},{"type":"Feature","properties":{"category":"flow_arrow","class":"tributary","from":[-57.078492745024995,-25.656456363955],"to":[-57.079048300565,-25.656456363955]},"geometry":{"type":"Point","coordinates":[-57.078492745024995,-25.656456363955]}},{"type":"Feature","properties":{"category":"flow_arrow","class":"tributary","from":[-57.076270522864995,-25.698678584995],"to":[-57.076826078405,-25.699234140535]},"geometry":{"type":"Point","coordinates":[-57.076270522864995,-25.698678584995]}},{"type":"Feature","properties":{"category":"flow_arrow","class":"tributary","from":[-57.075714967325,-25.743123028195],"to":[-57.075714967325,-25.742011917115]},"geometry":{"type":"Point","coordinates":[-57.075714967325,-25.743123028195]}},{"type":"Feature","properties":{"category":"flow_arrow","class":"tributary","from":[-57.075159411784995,-25.437567481195],"to":[-57.072381634085,-25.436456370115]},"geometry":{"type":"Point","coordinates":[-57.075159411784995,-25.437567481195]}},{"type":"Feature","properties":{"category":"flow_arrow","class":"tributary","from":[-57.06627052314499,-25.430900814715],"to":[-57.065714967605,-25.430345259175]},"geometry":{"type":"Point","coordinates":[-57.06627052314499,-25.430900814715]}},{"type":"Feature","properties":{"category":"flow_arrow","class":"tributary","from":[-57.06627052314499,-25.430900814715],"to":[-57.065714967605,-25.430345259175]},"geometry":{"type":"Point","coordinates":[-57.06627052314499,-25.430900814715]}},{"type":"Feature","properties":{"category":"flow_arrow","class":"tributary","from":[-57.06627052314499,-25.430900814715],"to":[-57.065714967605,-25.430345259175]},"geometry":{"type":"Point","coordinates":[-57.06627052314499,-25.430900814715]}},{"type":"Feature","properties":{"category":"flow_arrow","class":"tributary","from":[-57.06627052314499,-25.430900814715],"to":[-57.065714967605,-25.430345259175]},"geometry":{"type":"Point","coordinates":[-57.06627052314499,-25.430900814715]}},{"type":"Feature","properties":{"category":"flow_arrow","class":"tributary","from":[-57.075159411784995,-25.677567474475],"to":[-57.076826078405,-25.677567474475]},"geometry":{"type":"Point","coordinates":[-57.075159411784995,-25.677567474475]}},{"type":"Feature","properties":{"category":"flow_arrow","class":"tributary","from":[-57.076270522864995,-25.677567474475],"to":[-57.076826078405,-25.677567474475]},"geometry":{"type":"Point","coordinates":[-57.076270522864995,-25.677567474475]}},{"type":"Feature","properties":{"category":"flow_arrow","class":"tributary","from":[-57.076270522864995,-25.677567474475],"to":[-57.076826078405,-25.677567474475]},"geometry":{"type":"Point","coordinates":[-57.076270522864995,-25.677567474475]}},{"type":"Feature","properties":{"category":"flow_arrow","class":"tributary","from":[-57.076270522864995,-25.677567474475],"to":[-57.076826078405,-25.677567474475]},"geometry":{"type":"Point","coordinates":[-57.076270522864995,-25.677567474475]}},{"type":"Feature","properties":{"category":"flow_arrow","class":"tributary","from":[-57.076270522864995,-25.677567474475],"to":[-57.076826078405,-25.677567474475]},"geometry":{"type":"Point","coordinates":[-57.076270522864995,-25.677567474475]}},{"type":"Feature","properties":{"category":"flow_arrow","class":"main","from":[-57.074603856245,-25.555900811215],"to":[-57.075714967325,-25.553123033515]},"geometry":{"type":"Point","coordinates":[-57.074603856245,-25.555900811215]}},{"type":"Feature","properties":{"category":"flow_arrow","class":"tributary","from":[-57.074048300704995,-25.582567477135],"to":[-57.076826078405,-25.583123032675]},"geometry":{"type":"Point","coordinates":[-57.074048300704995,-25.582567477135]}},{"type":"Feature","properties":{"category":"flow_arrow","class":"tributary","from":[-57.072381634085,-25.439789703355],"to":[-57.071826078544994,-25.439234147815]},"geometry":{"type":"Point","coordinates":[-57.072381634085,-25.439789703355]}},{"type":"Feature","properties":{"category":"flow_arrow","class":"tributary","from":[-57.071826078544994,-25.688678585275],"to":[-57.074603856245,-25.689234140815]},"geometry":{"type":"Point","coordinates":[-57.071826078544994,-25.688678585275]}},{"type":"Feature","properties":{"category":"flow_arrow","class":"tributary","from":[-57.084048300424996,-25.685900807575],"to":[-57.084048300424996,-25.686456363115]},"geometry":{"type":"Point","coordinates":[-57.084048300424996,-25.685900807575]}},{"type":"Feature","properties":{"category":"flow_arrow","class":"tributary","from":[-57.084048300424996,-25.685900807575],"to":[-57.084048300424996,-25.686456363115]},"geometry":{"type":"Point","coordinates":[-57.084048300424996,-25.685900807575]}},{"type":"Feature","properties":{"category":"flow_arrow","class":"tributary","from":[-57.084048300424996,-25.685900807575],"to":[-57.084048300424996,-25.686456363115]},"geometry":{"type":"Point","coordinates":[-57.084048300424996,-25.685900807575]}},{"type":"Feature","properties":{"category":"flow_arrow","class":"tributary","from":[-57.084048300424996,-25.685900807575],"to":[-57.084048300424996,-25.686456363115]},"geometry":{"type":"Point","coordinates":[-57.084048300424996,-25.685900807575]}},{"type":"Feature","properties":{"category":"flow_arrow","class":"tributary","from":[-57.070714967464994,-25.554234144595],"to":[-57.071270523005,-25.553678589055]},"geometry":{"type":"Point","coordinates":[-57.070714967464994,-25.554234144595]}},{"type":"Feature","properties":{"category":"flow_arrow","class":"tributary","from":[-57.070159411925,-25.677567474475],"to":[-57.071826078544994,-25.675900807855]},"geometry":{"type":"Point","coordinates":[-57.070159411925,-25.677567474475]}},{"type":"Feature","properties":{"category":"flow_arrow","class":"tributary","from":[-57.069048300845,-25.594234143475],"to":[-57.070159411925,-25.597011921175]},"geometry":{"type":"Point","coordinates":[-57.069048300845,-25.594234143475]}},{"type":"Feature","properties":{"category":"flow_arrow","class":"tributary","from":[-57.068492745304994,-25.662567474895],"to":[-57.069048300845,-25.665345252595]},"geometry":{"type":"Point","coordinates":[-57.068492745304994,-25.662567474895]}},{"type":"Feature","properties":{"category":"flow_arrow","class":"tributary","from":[-57.068492745304994,-25.777567471675],"to":[-57.069603856384994,-25.780345249375]},"geometry":{"type":"Point","coordinates":[-57.068492745304994,-25.777567471675]}},{"type":"Feature","properties":{"category":"flow_arrow","class":"tributary","from":[-57.06738163422499,-25.706456362555],"to":[-57.067937189765,-25.709234140255]},"geometry":{"type":"Point","coordinates":[-57.06738163422499,-25.706456362555]}},{"type":"Feature","properties":{"category":"flow_arrow","class":"tributary","from":[-57.06738163422499,-25.783678582615],"to":[-57.068492745304994,-25.785345249235]},"geometry":{"type":"Point","coordinates":[-57.06738163422499,-25.783678582615]}},{"type":"Feature","properties":{"category":"flow_arrow","class":"tributary","from":[-57.066826078685,-25.636456364515],"to":[-57.067937189765,-25.637567475595]},"geometry":{"type":"Point","coordinates":[-57.066826078685,-25.636456364515]}},{"type":"Feature","properties":{"category":"flow_arrow","class":"tributary","from":[-57.067937189765,-25.638123031135],"to":[-57.067937189765,-25.637567475595]},"geometry":{"type":"Point","coordinates":[-57.067937189765,-25.638123031135]}},{"type":"Feature","properties":{"category":"flow_arrow","class":"tributary","from":[-57.067937189765,-25.638123031135],"to":[-57.067937189765,-25.637567475595]},"geometry":{"type":"Point","coordinates":[-57.067937189765,-25.638123031135]}},{"type":"Feature","properties":{"category":"flow_arrow","class":"tributary","from":[-57.067937189765,-25.638123031135],"to":[-57.067937189765,-25.637567475595]},"geometry":{"type":"Point","coordinates":[-57.067937189765,-25.638123031135]}},{"type":"Feature","properties":{"category":"flow_arrow","class":"tributary","from":[-57.067937189765,-25.638123031135],"to":[-57.067937189765,-25.637567475595]},"geometry":{"type":"Point","coordinates":[-57.067937189765,-25.638123031135]}},{"type":"Feature","properties":{"category":"flow_arrow","class":"tributary","from":[-57.066826078685,-25.653123030715],"to":[-57.069603856384994,-25.652567475175]},"geometry":{"type":"Point","coordinates":[-57.066826078685,-25.653123030715]}},{"type":"Feature","properties":{"category":"flow_arrow","class":"tributary","from":[-57.075714967325,-25.651456364095],"to":[-57.076270522864995,-25.651456364095]},"geometry":{"type":"Point","coordinates":[-57.075714967325,-25.651456364095]}},{"type":"Feature","properties":{"category":"flow_arrow","class":"tributary","from":[-57.075714967325,-25.651456364095],"to":[-57.076270522864995,-25.651456364095]},"geometry":{"type":"Point","coordinates":[-57.075714967325,-25.651456364095]}},{"type":"Feature","properties":{"category":"flow_arrow","class":"tributary","from":[-57.075714967325,-25.651456364095],"to":[-57.076270522864995,-25.651456364095]},"geometry":{"type":"Point","coordinates":[-57.075714967325,-25.651456364095]}},{"type":"Feature","properties":{"category":"flow_arrow","class":"tributary","from":[-57.075714967325,-25.651456364095],"to":[-57.076270522864995,-25.651456364095]},"geometry":{"type":"Point","coordinates":[-57.075714967325,-25.651456364095]}},{"type":"Feature","properties":{"category":"flow_arrow","class":"tributary","from":[-57.06627052314499,-25.496456368435002],"to":[-57.06738163422499,-25.497567479515]},"geometry":{"type":"Point","coordinates":[-57.06627052314499,-25.496456368435002]}},{"type":"Feature","properties":{"category":"flow_arrow","class":"tributary","from":[-57.06404830098499,-25.675345252315],"to":[-57.064603856525,-25.675345252315]},"geometry":{"type":"Point","coordinates":[-57.06404830098499,-25.675345252315]}},{"type":"Feature","properties":{"category":"flow_arrow","class":"tributary","from":[-57.062381634364996,-25.550900811355],"to":[-57.062381634364996,-25.550345255815]},"geometry":{"type":"Point","coordinates":[-57.062381634364996,-25.550900811355]}},{"type":"Feature","properties":{"category":"flow_arrow","class":"tributary","from":[-57.06182607882499,-25.470345258055],"to":[-57.060159412204996,-25.468678591435]},"geometry":{"type":"Point","coordinates":[-57.06182607882499,-25.470345258055]}},{"type":"Feature","properties":{"category":"flow_arrow","class":"tributary","from":[-57.06182607882499,-25.499234146135],"to":[-57.061270523284996,-25.500345257215]},"geometry":{"type":"Point","coordinates":[-57.06182607882499,-25.499234146135]}},{"type":"Feature","properties":{"category":"flow_arrow","class":"tributary","from":[-57.06182607882499,-25.500345257215],"to":[-57.061270523284996,-25.500345257215]},"geometry":{"type":"Point","coordinates":[-57.06182607882499,-25.500345257215]}},{"type":"Feature","properties":{"category":"flow_arrow","class":"tributary","from":[-57.06182607882499,-25.500345257215],"to":[-57.061270523284996,-25.500345257215]},"geometry":{"type":"Point","coordinates":[-57.06182607882499,-25.500345257215]}},{"type":"Feature","properties":{"category":"flow_arrow","class":"tributary","from":[-57.06182607882499,-25.500345257215],"to":[-57.061270523284996,-25.500345257215]},"geometry":{"type":"Point","coordinates":[-57.06182607882499,-25.500345257215]}},{"type":"Feature","properties":{"category":"flow_arrow","class":"tributary","from":[-57.06182607882499,-25.500345257215],"to":[-57.061270523284996,-25.500345257215]},"geometry":{"type":"Point","coordinates":[-57.06182607882499,-25.500345257215]}},{"type":"Feature","properties":{"category":"flow_arrow","class":"tributary","from":[-57.06182607882499,-25.610345254135],"to":[-57.064603856525,-25.613123031835]},"geometry":{"type":"Point","coordinates":[-57.06182607882499,-25.610345254135]}},{"type":"Feature","properties":{"category":"flow_arrow","class":"tributary","from":[-57.06071496774499,-25.641456364375],"to":[-57.061270523284996,-25.640900808835]},"geometry":{"type":"Point","coordinates":[-57.06071496774499,-25.641456364375]}},{"type":"Feature","properties":{"category":"flow_arrow","class":"tributary","from":[-57.06071496774499,-25.726456361995],"to":[-57.062381634364996,-25.728678584155]},"geometry":{"type":"Point","coordinates":[-57.06071496774499,-25.726456361995]}},{"type":"Feature","properties":{"category":"flow_arrow","class":"tributary","from":[-57.062381634364996,-25.728123028615],"to":[-57.062381634364996,-25.728678584155]},"geometry":{"type":"Point","coordinates":[-57.062381634364996,-25.728123028615]}},{"type":"Feature","properties":{"category":"flow_arrow","class":"tributary","from":[-57.062381634364996,-25.728123028615],"to":[-57.062381634364996,-25.728678584155]},"geometry":{"type":"Point","coordinates":[-57.062381634364996,-25.728123028615]}},{"type":"Feature","properties":{"category":"flow_arrow","class":"tributary","from":[-57.062381634364996,-25.728123028615],"to":[-57.062381634364996,-25.728678584155]},"geometry":{"type":"Point","coordinates":[-57.062381634364996,-25.728123028615]}},{"type":"Feature","properties":{"category":"flow_arrow","class":"tributary","from":[-57.062381634364996,-25.728123028615],"to":[-57.062381634364996,-25.728678584155]},"geometry":{"type":"Point","coordinates":[-57.062381634364996,-25.728123028615]}},{"type":"Feature","properties":{"category":"flow_arrow","class":"tributary","from":[-57.05960385666499,-25.764234138715],"to":[-57.057381634505,-25.761456361015]},"geometry":{"type":"Point","coordinates":[-57.05960385666499,-25.764234138715]}},{"type":"Feature","properties":{"category":"flow_arrow","class":"tributary","from":[-57.055159412345,-25.758123027775],"to":[-57.055714967884995,-25.758123027775]},"geometry":{"type":"Point","coordinates":[-57.055159412345,-25.758123027775]}},{"type":"Feature","properties":{"category":"flow_arrow","class":"tributary","from":[-57.055159412345,-25.758123027775],"to":[-57.055714967884995,-25.758123027775]},"geometry":{"type":"Point","coordinates":[-57.055159412345,-25.758123027775]}},{"type":"Feature","properties":{"category":"flow_arrow","class":"tributary","from":[-57.055159412345,-25.758123027775],"to":[-57.055714967884995,-25.758123027775]},"geometry":{"type":"Point","coordinates":[-57.055159412345,-25.758123027775]}},{"type":"Feature","properties":{"category":"flow_arrow","class":"tributary","from":[-57.055159412345,-25.758123027775],"to":[-57.055714967884995,-25.758123027775]},"geometry":{"type":"Point","coordinates":[-57.055159412345,-25.758123027775]}},{"type":"Feature","properties":{"category":"flow_arrow","class":"tributary","from":[-57.059048301124996,-25.530900811915],"to":[-57.061270523284996,-25.528123034215]},"geometry":{"type":"Point","coordinates":[-57.059048301124996,-25.530900811915]}},{"type":"Feature","properties":{"category":"flow_arrow","class":"tributary","from":[-57.061270523284996,-25.523123034355],"to":[-57.061270523284996,-25.522567478815]},"geometry":{"type":"Point","coordinates":[-57.061270523284996,-25.523123034355]}},{"type":"Feature","properties":{"category":"flow_arrow","class":"tributary","from":[-57.061270523284996,-25.523123034355],"to":[-57.061270523284996,-25.522567478815]},"geometry":{"type":"Point","coordinates":[-57.061270523284996,-25.523123034355]}},{"type":"Feature","properties":{"category":"flow_arrow","class":"tributary","from":[-57.061270523284996,-25.523123034355],"to":[-57.061270523284996,-25.522567478815]},"geometry":{"type":"Point","coordinates":[-57.061270523284996,-25.523123034355]}},{"type":"Feature","properties":{"category":"flow_arrow","class":"tributary","from":[-57.061270523284996,-25.523123034355],"to":[-57.061270523284996,-25.522567478815]},"geometry":{"type":"Point","coordinates":[-57.061270523284996,-25.523123034355]}},{"type":"Feature","properties":{"category":"flow_arrow","class":"tributary","from":[-57.059048301124996,-25.735345250635],"to":[-57.06182607882499,-25.733678584015]},"geometry":{"type":"Point","coordinates":[-57.059048301124996,-25.735345250635]}},{"type":"Feature","properties":{"category":"flow_arrow","class":"tributary","from":[-57.06404830098499,-25.734234139555],"to":[-57.063492745445,-25.734234139555]},"geometry":{"type":"Point","coordinates":[-57.06404830098499,-25.734234139555]}},{"type":"Feature","properties":{"category":"flow_arrow","class":"tributary","from":[-57.06404830098499,-25.734234139555],"to":[-57.063492745445,-25.734234139555]},"geometry":{"type":"Point","coordinates":[-57.06404830098499,-25.734234139555]}},{"type":"Feature","properties":{"category":"flow_arrow","class":"tributary","from":[-57.06404830098499,-25.734234139555],"to":[-57.063492745445,-25.734234139555]},"geometry":{"type":"Point","coordinates":[-57.06404830098499,-25.734234139555]}},{"type":"Feature","properties":{"category":"flow_arrow","class":"tributary","from":[-57.06404830098499,-25.734234139555],"to":[-57.063492745445,-25.734234139555]},"geometry":{"type":"Point","coordinates":[-57.06404830098499,-25.734234139555]}},{"type":"Feature","properties":{"category":"flow_arrow","class":"tributary","from":[-57.058492745585,-25.640900808835],"to":[-57.059048301124996,-25.640900808835]},"geometry":{"type":"Point","coordinates":[-57.058492745585,-25.640900808835]}},{"type":"Feature","properties":{"category":"flow_arrow","class":"tributary","from":[-57.056826078964995,-25.562011922155],"to":[-57.055714967884995,-25.562011922155]},"geometry":{"type":"Point","coordinates":[-57.056826078964995,-25.562011922155]}},{"type":"Feature","properties":{"category":"flow_arrow","class":"tributary","from":[-57.055714967884995,-25.478123035615],"to":[-57.053492745724995,-25.475900813455]},"geometry":{"type":"Point","coordinates":[-57.055714967884995,-25.478123035615]}},{"type":"Feature","properties":{"category":"flow_arrow","class":"tributary","from":[-57.052381634644995,-25.471456369135],"to":[-57.052937190185,-25.472011924675]},"geometry":{"type":"Point","coordinates":[-57.052381634644995,-25.471456369135]}},{"type":"Feature","properties":{"category":"flow_arrow","class":"tributary","from":[-57.052381634644995,-25.471456369135],"to":[-57.052937190185,-25.472011924675]},"geometry":{"type":"Point","coordinates":[-57.052381634644995,-25.471456369135]}},{"type":"Feature","properties":{"category":"flow_arrow","class":"tributary","from":[-57.052381634644995,-25.471456369135],"to":[-57.052937190185,-25.472011924675]},"geometry":{"type":"Point","coordinates":[-57.052381634644995,-25.471456369135]}},{"type":"Feature","properties":{"category":"flow_arrow","class":"tributary","from":[-57.052381634644995,-25.471456369135],"to":[-57.052937190185,-25.472011924675]},"geometry":{"type":"Point","coordinates":[-57.052381634644995,-25.471456369135]}},{"type":"Feature","properties":{"category":"flow_arrow","class":"tributary","from":[-57.055159412345,-25.504234145995],"to":[-57.057381634505,-25.503678590455]},"geometry":{"type":"Point","coordinates":[-57.055159412345,-25.504234145995]}},{"type":"Feature","properties":{"category":"flow_arrow","class":"tributary","from":[-57.054048301265,-25.539789700555],"to":[-57.051270523564995,-25.538678589475]},"geometry":{"type":"Point","coordinates":[-57.054048301265,-25.539789700555]}},{"type":"Feature","properties":{"category":"flow_arrow","class":"tributary","from":[-57.054048301265,-25.594234143475],"to":[-57.051270523564995,-25.592567476855]},"geometry":{"type":"Point","coordinates":[-57.054048301265,-25.594234143475]}},{"type":"Feature","properties":{"category":"flow_arrow","class":"tributary","from":[-57.052937190185,-25.508123034775],"to":[-57.052937190185,-25.507567479235]},"geometry":{"type":"Point","coordinates":[-57.052937190185,-25.508123034775]}},{"type":"Feature","properties":{"category":"flow_arrow","class":"tributary","from":[-57.051270523564995,-25.760900805475],"to":[-57.051270523564995,-25.758123027775]},"geometry":{"type":"Point","coordinates":[-57.051270523564995,-25.760900805475]}},{"type":"Feature","properties":{"category":"flow_arrow","class":"tributary","from":[-57.050159412484994,-25.757011916695],"to":[-57.050159412484994,-25.757567472235]},"geometry":{"type":"Point","coordinates":[-57.050159412484994,-25.757011916695]}},{"type":"Feature","properties":{"category":"flow_arrow","class":"tributary","from":[-57.050159412484994,-25.757011916695],"to":[-57.050159412484994,-25.757567472235]},"geometry":{"type":"Point","coordinates":[-57.050159412484994,-25.757011916695]}},{"type":"Feature","properties":{"category":"flow_arrow","class":"tributary","from":[-57.050159412484994,-25.757011916695],"to":[-57.050159412484994,-25.757567472235]},"geometry":{"type":"Point","coordinates":[-57.050159412484994,-25.757011916695]}},{"type":"Feature","properties":{"category":"flow_arrow","class":"tributary","from":[-57.050159412484994,-25.757011916695],"to":[-57.050159412484994,-25.757567472235]},"geometry":{"type":"Point","coordinates":[-57.050159412484994,-25.757011916695]}},{"type":"Feature","properties":{"category":"flow_arrow","class":"tributary","from":[-57.050714968025,-25.559789699995],"to":[-57.048492745865,-25.558123033375]},"geometry":{"type":"Point","coordinates":[-57.050714968025,-25.559789699995]}},{"type":"Feature","properties":{"category":"flow_arrow","class":"tributary","from":[-57.050714968025,-25.681456363255],"to":[-57.052937190185,-25.683678585415]},"geometry":{"type":"Point","coordinates":[-57.050714968025,-25.681456363255]}},{"type":"Feature","properties":{"category":"flow_arrow","class":"tributary","from":[-57.052937190185,-25.684234140955],"to":[-57.052937190185,-25.683678585415]},"geometry":{"type":"Point","coordinates":[-57.052937190185,-25.684234140955]}},{"type":"Feature","properties":{"category":"flow_arrow","class":"tributary","from":[-57.052937190185,-25.684234140955],"to":[-57.052937190185,-25.683678585415]},"geometry":{"type":"Point","coordinates":[-57.052937190185,-25.684234140955]}},{"type":"Feature","properties":{"category":"flow_arrow","class":"tributary","from":[-57.052937190185,-25.684234140955],"to":[-57.052937190185,-25.683678585415]},"geometry":{"type":"Point","coordinates":[-57.052937190185,-25.684234140955]}},{"type":"Feature","properties":{"category":"flow_arrow","class":"tributary","from":[-57.052937190185,-25.684234140955],"to":[-57.052937190185,-25.683678585415]},"geometry":{"type":"Point","coordinates":[-57.052937190185,-25.684234140955]}},{"type":"Feature","properties":{"category":"flow_arrow","class":"tributary","from":[-57.050159412484994,-25.641456364375],"to":[-57.049048301404994,-25.638678586675]},"geometry":{"type":"Point","coordinates":[-57.050159412484994,-25.641456364375]}},{"type":"Feature","properties":{"category":"flow_arrow","class":"tributary","from":[-57.049603856945,-25.598123032255],"to":[-57.047937190324994,-25.597011921175]},"geometry":{"type":"Point","coordinates":[-57.049603856945,-25.598123032255]}},{"type":"Feature","properties":{"category":"flow_arrow","class":"tributary","from":[-57.049048301404994,-25.519789701115],"to":[-57.047937190324994,-25.519789701115]},"geometry":{"type":"Point","coordinates":[-57.049048301404994,-25.519789701115]}},{"type":"Feature","properties":{"category":"flow_arrow","class":"tributary","from":[-57.049048301404994,-25.670900807995],"to":[-57.051826079105,-25.670900807995]},"geometry":{"type":"Point","coordinates":[-57.049048301404994,-25.670900807995]}},{"type":"Feature","properties":{"category":"flow_arrow","class":"tributary","from":[-57.061270523284996,-25.670345252455],"to":[-57.061270523284996,-25.670900807995]},"geometry":{"type":"Point","coordinates":[-57.061270523284996,-25.670345252455]}},{"type":"Feature","properties":{"category":"flow_arrow","class":"tributary","from":[-57.061270523284996,-25.670345252455],"to":[-57.061270523284996,-25.670900807995]},"geometry":{"type":"Point","coordinates":[-57.061270523284996,-25.670345252455]}},{"type":"Feature","properties":{"category":"flow_arrow","class":"tributary","from":[-57.061270523284996,-25.670345252455],"to":[-57.061270523284996,-25.670900807995]},"geometry":{"type":"Point","coordinates":[-57.061270523284996,-25.670345252455]}},{"type":"Feature","properties":{"category":"flow_arrow","class":"tributary","from":[-57.061270523284996,-25.670345252455],"to":[-57.061270523284996,-25.670900807995]},"geometry":{"type":"Point","coordinates":[-57.061270523284996,-25.670345252455]}},{"type":"Feature","properties":{"category":"flow_arrow","class":"tributary","from":[-57.046826079244994,-25.606456365355],"to":[-57.044603857084994,-25.605345254275]},"geometry":{"type":"Point","coordinates":[-57.046826079244994,-25.606456365355]}},{"type":"Feature","properties":{"category":"flow_arrow","class":"tributary","from":[-57.046826079244994,-25.628123031415],"to":[-57.045714968164994,-25.627011920335]},"geometry":{"type":"Point","coordinates":[-57.046826079244994,-25.628123031415]}},{"type":"Feature","properties":{"category":"flow_arrow","class":"tributary","from":[-57.046270523705,-25.627011920335],"to":[-57.045714968164994,-25.627011920335]},"geometry":{"type":"Point","coordinates":[-57.046270523705,-25.627011920335]}},{"type":"Feature","properties":{"category":"flow_arrow","class":"tributary","from":[-57.046270523705,-25.627011920335],"to":[-57.045714968164994,-25.627011920335]},"geometry":{"type":"Point","coordinates":[-57.046270523705,-25.627011920335]}},{"type":"Feature","properties":{"category":"flow_arrow","class":"tributary","from":[-57.046270523705,-25.627011920335],"to":[-57.045714968164994,-25.627011920335]},"geometry":{"type":"Point","coordinates":[-57.046270523705,-25.627011920335]}},{"type":"Feature","properties":{"category":"flow_arrow","class":"tributary","from":[-57.046270523705,-25.627011920335],"to":[-57.045714968164994,-25.627011920335]},"geometry":{"type":"Point","coordinates":[-57.046270523705,-25.627011920335]}},{"type":"Feature","properties":{"category":"flow_arrow","class":"tributary","from":[-57.046270523705,-25.660345252735],"to":[-57.046270523705,-25.660900808275]},"geometry":{"type":"Point","coordinates":[-57.046270523705,-25.660345252735]}},{"type":"Feature","properties":{"category":"flow_arrow","class":"tributary","from":[-57.046826079244994,-25.660900808275],"to":[-57.046270523705,-25.660900808275]},"geometry":{"type":"Point","coordinates":[-57.046826079244994,-25.660900808275]}},{"type":"Feature","properties":{"category":"flow_arrow","class":"tributary","from":[-57.046826079244994,-25.660900808275],"to":[-57.046270523705,-25.660900808275]},"geometry":{"type":"Point","coordinates":[-57.046826079244994,-25.660900808275]}},{"type":"Feature","properties":{"category":"flow_arrow","class":"tributary","from":[-57.046826079244994,-25.660900808275],"to":[-57.046270523705,-25.660900808275]},"geometry":{"type":"Point","coordinates":[-57.046826079244994,-25.660900808275]}},{"type":"Feature","properties":{"category":"flow_arrow","class":"tributary","from":[-57.046826079244994,-25.660900808275],"to":[-57.046270523705,-25.660900808275]},"geometry":{"type":"Point","coordinates":[-57.046826079244994,-25.660900808275]}},{"type":"Feature","properties":{"category":"flow_arrow","class":"tributary","from":[-57.044048301545,-25.715345251195],"to":[-57.044048301545,-25.714789695655]},"geometry":{"type":"Point","coordinates":[-57.044048301545,-25.715345251195]}},{"type":"Feature","properties":{"category":"flow_arrow","class":"tributary","from":[-57.042937190465,-25.647567475315],"to":[-57.040714968305,-25.645345253155]},"geometry":{"type":"Point","coordinates":[-57.042937190465,-25.647567475315]}},{"type":"Feature","properties":{"category":"flow_arrow","class":"tributary","from":[-57.041826079385,-25.713123029035],"to":[-57.04238163492499,-25.712567473495]},"geometry":{"type":"Point","coordinates":[-57.041826079385,-25.713123029035]}},{"type":"Feature","properties":{"category":"flow_arrow","class":"tributary","from":[-57.04015941276499,-25.468678591435],"to":[-57.03793719060499,-25.465900813735]},"geometry":{"type":"Point","coordinates":[-57.04015941276499,-25.468678591435]}},{"type":"Feature","properties":{"category":"flow_arrow","class":"tributary","from":[-57.039603857224996,-25.459234147255],"to":[-57.04015941276499,-25.459234147255]},"geometry":{"type":"Point","coordinates":[-57.039603857224996,-25.459234147255]}},{"type":"Feature","properties":{"category":"flow_arrow","class":"tributary","from":[-57.039603857224996,-25.459234147255],"to":[-57.04015941276499,-25.459234147255]},"geometry":{"type":"Point","coordinates":[-57.039603857224996,-25.459234147255]}},{"type":"Feature","properties":{"category":"flow_arrow","class":"tributary","from":[-57.039603857224996,-25.459234147255],"to":[-57.04015941276499,-25.459234147255]},"geometry":{"type":"Point","coordinates":[-57.039603857224996,-25.459234147255]}},{"type":"Feature","properties":{"category":"flow_arrow","class":"tributary","from":[-57.039603857224996,-25.459234147255],"to":[-57.04015941276499,-25.459234147255]},"geometry":{"type":"Point","coordinates":[-57.039603857224996,-25.459234147255]}},{"type":"Feature","properties":{"category":"flow_arrow","class":"tributary","from":[-57.039603857224996,-25.660900808275],"to":[-57.04015941276499,-25.660900808275]},"geometry":{"type":"Point","coordinates":[-57.039603857224996,-25.660900808275]}},{"type":"Feature","properties":{"category":"flow_arrow","class":"main","from":[-57.038492746144996,-25.698123029455],"to":[-57.04127052384499,-25.697011918375]},"geometry":{"type":"Point","coordinates":[-57.038492746144996,-25.698123029455]}},{"type":"Feature","properties":{"category":"flow_arrow","class":"main","from":[-57.046826079244994,-25.698678584995],"to":[-57.046826079244994,-25.699234140535]},"geometry":{"type":"Point","coordinates":[-57.046826079244994,-25.698678584995]}},{"type":"Feature","properties":{"category":"flow_arrow","class":"main","from":[-57.046826079244994,-25.698678584995],"to":[-57.046826079244994,-25.699234140535]},"geometry":{"type":"Point","coordinates":[-57.046826079244994,-25.698678584995]}},{"type":"Feature","properties":{"category":"flow_arrow","class":"main","from":[-57.046826079244994,-25.698678584995],"to":[-57.046826079244994,-25.699234140535]},"geometry":{"type":"Point","coordinates":[-57.046826079244994,-25.698678584995]}},{"type":"Feature","properties":{"category":"flow_arrow","class":"main","from":[-57.046826079244994,-25.698678584995],"to":[-57.046826079244994,-25.699234140535]},"geometry":{"type":"Point","coordinates":[-57.046826079244994,-25.698678584995]}},{"type":"Feature","properties":{"category":"flow_arrow","class":"main","from":[-57.046826079244994,-25.698678584995],"to":[-57.046826079244994,-25.699234140535]},"geometry":{"type":"Point","coordinates":[-57.046826079244994,-25.698678584995]}},{"type":"Feature","properties":{"category":"flow_arrow","class":"main","from":[-57.046826079244994,-25.698678584995],"to":[-57.046826079244994,-25.699234140535]},"geometry":{"type":"Point","coordinates":[-57.046826079244994,-25.698678584995]}},{"type":"Feature","properties":{"category":"flow_arrow","class":"main","from":[-57.046826079244994,-25.698678584995],"to":[-57.046826079244994,-25.699234140535]},"geometry":{"type":"Point","coordinates":[-57.046826079244994,-25.698678584995]}},{"type":"Feature","properties":{"category":"flow_arrow","class":"tributary","from":[-57.038492746144996,-25.766456360875],"to":[-57.038492746144996,-25.767011916415]},"geometry":{"type":"Point","coordinates":[-57.038492746144996,-25.766456360875]}},{"type":"Feature","properties":{"category":"flow_arrow","class":"tributary","from":[-57.037381635064996,-25.573678588495],"to":[-57.034603857365,-25.573123032955]},"geometry":{"type":"Point","coordinates":[-57.037381635064996,-25.573678588495]}},{"type":"Feature","properties":{"category":"flow_arrow","class":"tributary","from":[-57.03682607952499,-25.730345250775],"to":[-57.038492746144996,-25.729789695235]},"geometry":{"type":"Point","coordinates":[-57.03682607952499,-25.730345250775]}},{"type":"Feature","properties":{"category":"flow_arrow","class":"tributary","from":[-57.03793719060499,-25.729789695235],"to":[-57.038492746144996,-25.729789695235]},"geometry":{"type":"Point","coordinates":[-57.03793719060499,-25.729789695235]}},{"type":"Feature","properties":{"category":"flow_arrow","class":"tributary","from":[-57.03793719060499,-25.729789695235],"to":[-57.038492746144996,-25.729789695235]},"geometry":{"type":"Point","coordinates":[-57.03793719060499,-25.729789695235]}},{"type":"Feature","properties":{"category":"flow_arrow","class":"tributary","from":[-57.03793719060499,-25.729789695235],"to":[-57.038492746144996,-25.729789695235]},"geometry":{"type":"Point","coordinates":[-57.03793719060499,-25.729789695235]}},{"type":"Feature","properties":{"category":"flow_arrow","class":"tributary","from":[-57.03793719060499,-25.729789695235],"to":[-57.038492746144996,-25.729789695235]},"geometry":{"type":"Point","coordinates":[-57.03793719060499,-25.729789695235]}},{"type":"Feature","properties":{"category":"flow_arrow","class":"tributary","from":[-57.03571496844499,-25.427567481475],"to":[-57.032937190744995,-25.427567481475]},"geometry":{"type":"Point","coordinates":[-57.03571496844499,-25.427567481475]}},{"type":"Feature","properties":{"category":"flow_arrow","class":"tributary","from":[-57.029048301965,-25.427567481475],"to":[-57.029603857504995,-25.427567481475]},"geometry":{"type":"Point","coordinates":[-57.029048301965,-25.427567481475]}},{"type":"Feature","properties":{"category":"flow_arrow","class":"tributary","from":[-57.029048301965,-25.427567481475],"to":[-57.029603857504995,-25.427567481475]},"geometry":{"type":"Point","coordinates":[-57.029048301965,-25.427567481475]}},{"type":"Feature","properties":{"category":"flow_arrow","class":"tributary","from":[-57.029048301965,-25.427567481475],"to":[-57.029603857504995,-25.427567481475]},"geometry":{"type":"Point","coordinates":[-57.029048301965,-25.427567481475]}},{"type":"Feature","properties":{"category":"flow_arrow","class":"tributary","from":[-57.029048301965,-25.427567481475],"to":[-57.029603857504995,-25.427567481475]},"geometry":{"type":"Point","coordinates":[-57.029048301965,-25.427567481475]}},{"type":"Feature","properties":{"category":"flow_arrow","class":"tributary","from":[-57.035159412904996,-25.750900805755],"to":[-57.037381635064996,-25.753123027915]},"geometry":{"type":"Point","coordinates":[-57.035159412904996,-25.750900805755]}},{"type":"Feature","properties":{"category":"flow_arrow","class":"tributary","from":[-57.03904830168499,-25.754234138995],"to":[-57.038492746144996,-25.753678583455]},"geometry":{"type":"Point","coordinates":[-57.03904830168499,-25.754234138995]}},{"type":"Feature","properties":{"category":"flow_arrow","class":"tributary","from":[-57.03904830168499,-25.754234138995],"to":[-57.038492746144996,-25.753678583455]},"geometry":{"type":"Point","coordinates":[-57.03904830168499,-25.754234138995]}},{"type":"Feature","properties":{"category":"flow_arrow","class":"tributary","from":[-57.03904830168499,-25.754234138995],"to":[-57.038492746144996,-25.753678583455]},"geometry":{"type":"Point","coordinates":[-57.03904830168499,-25.754234138995]}},{"type":"Feature","properties":{"category":"flow_arrow","class":"tributary","from":[-57.03904830168499,-25.754234138995],"to":[-57.038492746144996,-25.753678583455]},"geometry":{"type":"Point","coordinates":[-57.03904830168499,-25.754234138995]}},{"type":"Feature","properties":{"category":"flow_arrow","class":"tributary","from":[-57.033492746285,-25.689789696355],"to":[-57.034048301824996,-25.690345251895]},"geometry":{"type":"Point","coordinates":[-57.033492746285,-25.689789696355]}},{"type":"Feature","properties":{"category":"flow_arrow","class":"tributary","from":[-57.029048301965,-25.672567474615],"to":[-57.026270524264994,-25.670900807995]},"geometry":{"type":"Point","coordinates":[-57.029048301965,-25.672567474615]}},{"type":"Feature","properties":{"category":"flow_arrow","class":"tributary","from":[-57.027937190885,-25.518678590035],"to":[-57.028492746424995,-25.518123034495]},"geometry":{"type":"Point","coordinates":[-57.027937190885,-25.518678590035]}},{"type":"Feature","properties":{"category":"flow_arrow","class":"tributary","from":[-57.027937190885,-25.567567477555],"to":[-57.026826079805,-25.565345255395002]},"geometry":{"type":"Point","coordinates":[-57.027937190885,-25.567567477555]}},{"type":"Feature","properties":{"category":"flow_arrow","class":"tributary","from":[-57.027381635344994,-25.603123032115],"to":[-57.024603857645,-25.602011921035]},"geometry":{"type":"Point","coordinates":[-57.027381635344994,-25.603123032115]}},{"type":"Feature","properties":{"category":"flow_arrow","class":"tributary","from":[-57.026826079805,-25.545900811495],"to":[-57.025714968725,-25.545345255955]},"geometry":{"type":"Point","coordinates":[-57.026826079805,-25.545900811495]}},{"type":"Feature","properties":{"category":"flow_arrow","class":"tributary","from":[-57.026826079805,-25.639789697755],"to":[-57.024603857645,-25.637011920055]},"geometry":{"type":"Point","coordinates":[-57.026826079805,-25.639789697755]}},{"type":"Feature","properties":{"category":"flow_arrow","class":"tributary","from":[-57.022937191024994,-25.632011920195],"to":[-57.022381635485,-25.631456364655]},"geometry":{"type":"Point","coordinates":[-57.022937191024994,-25.632011920195]}},{"type":"Feature","properties":{"category":"flow_arrow","class":"tributary","from":[-57.022937191024994,-25.632011920195],"to":[-57.022381635485,-25.631456364655]},"geometry":{"type":"Point","coordinates":[-57.022937191024994,-25.632011920195]}},{"type":"Feature","properties":{"category":"flow_arrow","class":"tributary","from":[-57.022937191024994,-25.632011920195],"to":[-57.022381635485,-25.631456364655]},"geometry":{"type":"Point","coordinates":[-57.022937191024994,-25.632011920195]}},{"type":"Feature","properties":{"category":"flow_arrow","class":"tributary","from":[-57.022937191024994,-25.632011920195],"to":[-57.022381635485,-25.631456364655]},"geometry":{"type":"Point","coordinates":[-57.022937191024994,-25.632011920195]}},{"type":"Feature","properties":{"category":"flow_arrow","class":"tributary","from":[-57.026826079805,-25.655345252875],"to":[-57.026826079805,-25.654789697335]},"geometry":{"type":"Point","coordinates":[-57.026826079805,-25.655345252875]}},{"type":"Feature","properties":{"category":"flow_arrow","class":"tributary","from":[-57.026826079805,-25.654234141795],"to":[-57.026826079805,-25.654789697335]},"geometry":{"type":"Point","coordinates":[-57.026826079805,-25.654234141795]}},{"type":"Feature","properties":{"category":"flow_arrow","class":"tributary","from":[-57.026826079805,-25.654234141795],"to":[-57.026826079805,-25.654789697335]},"geometry":{"type":"Point","coordinates":[-57.026826079805,-25.654234141795]}},{"type":"Feature","properties":{"category":"flow_arrow","class":"tributary","from":[-57.026826079805,-25.654234141795],"to":[-57.026826079805,-25.654789697335]},"geometry":{"type":"Point","coordinates":[-57.026826079805,-25.654234141795]}},{"type":"Feature","properties":{"category":"flow_arrow","class":"tributary","from":[-57.026826079805,-25.654234141795],"to":[-57.026826079805,-25.654789697335]},"geometry":{"type":"Point","coordinates":[-57.026826079805,-25.654234141795]}},{"type":"Feature","properties":{"category":"flow_arrow","class":"tributary","from":[-57.026270524264994,-25.534789700695],"to":[-57.023492746565,-25.533123034075]},"geometry":{"type":"Point","coordinates":[-57.026270524264994,-25.534789700695]}},{"type":"Feature","properties":{"category":"flow_arrow","class":"tributary","from":[-57.025714968725,-25.430345259175],"to":[-57.022937191024994,-25.429234148095]},"geometry":{"type":"Point","coordinates":[-57.025714968725,-25.430345259175]}},{"type":"Feature","properties":{"category":"flow_arrow","class":"tributary","from":[-57.025159413184994,-25.434789703495],"to":[-57.022381635485,-25.432567481335]},"geometry":{"type":"Point","coordinates":[-57.025159413184994,-25.434789703495]}},{"type":"Feature","properties":{"category":"flow_arrow","class":"tributary","from":[-57.025159413184994,-25.717567473355],"to":[-57.025159413184994,-25.720345251055]},"geometry":{"type":"Point","coordinates":[-57.025159413184994,-25.717567473355]}},{"type":"Feature","properties":{"category":"flow_arrow","class":"main","from":[-57.025159413184994,-25.781456360455],"to":[-57.027937190885,-25.783123027075]},"geometry":{"type":"Point","coordinates":[-57.025159413184994,-25.781456360455]}},{"type":"Feature","properties":{"category":"flow_arrow","class":"main","from":[-57.027937190885,-25.783678582615],"to":[-57.027937190885,-25.783123027075]},"geometry":{"type":"Point","coordinates":[-57.027937190885,-25.783678582615]}},{"type":"Feature","properties":{"category":"flow_arrow","class":"main","from":[-57.027937190885,-25.783678582615],"to":[-57.027937190885,-25.783123027075]},"geometry":{"type":"Point","coordinates":[-57.027937190885,-25.783678582615]}},{"type":"Feature","properties":{"category":"flow_arrow","class":"main","from":[-57.027937190885,-25.783678582615],"to":[-57.027937190885,-25.783123027075]},"geometry":{"type":"Point","coordinates":[-57.027937190885,-25.783678582615]}},{"type":"Feature","properties":{"category":"flow_arrow","class":"main","from":[-57.027937190885,-25.783678582615],"to":[-57.027937190885,-25.783123027075]},"geometry":{"type":"Point","coordinates":[-57.027937190885,-25.783678582615]}},{"type":"Feature","properties":{"category":"flow_arrow","class":"main","from":[-57.027937190885,-25.783678582615],"to":[-57.027937190885,-25.783123027075]},"geometry":{"type":"Point","coordinates":[-57.027937190885,-25.783678582615]}},{"type":"Feature","properties":{"category":"flow_arrow","class":"main","from":[-57.027937190885,-25.783678582615],"to":[-57.027937190885,-25.783123027075]},"geometry":{"type":"Point","coordinates":[-57.027937190885,-25.783678582615]}},{"type":"Feature","properties":{"category":"flow_arrow","class":"main","from":[-57.027937190885,-25.783678582615],"to":[-57.027937190885,-25.783123027075]},"geometry":{"type":"Point","coordinates":[-57.027937190885,-25.783678582615]}},{"type":"Feature","properties":{"category":"flow_arrow","class":"tributary","from":[-57.024603857645,-25.751456361295],"to":[-57.025714968725,-25.754234138995]},"geometry":{"type":"Point","coordinates":[-57.024603857645,-25.751456361295]}},{"type":"Feature","properties":{"category":"flow_arrow","class":"main","from":[-57.023492746565,-25.682567474335],"to":[-57.024048302104994,-25.679789696635]},"geometry":{"type":"Point","coordinates":[-57.023492746565,-25.682567474335]}},{"type":"Feature","properties":{"category":"flow_arrow","class":"main","from":[-57.01404830238499,-25.667011919215],"to":[-57.014603857924996,-25.667567474755]},"geometry":{"type":"Point","coordinates":[-57.01404830238499,-25.667011919215]}},{"type":"Feature","properties":{"category":"flow_arrow","class":"main","from":[-57.01404830238499,-25.667011919215],"to":[-57.014603857924996,-25.667567474755]},"geometry":{"type":"Point","coordinates":[-57.01404830238499,-25.667011919215]}},{"type":"Feature","properties":{"category":"flow_arrow","class":"main","from":[-57.01404830238499,-25.667011919215],"to":[-57.014603857924996,-25.667567474755]},"geometry":{"type":"Point","coordinates":[-57.01404830238499,-25.667011919215]}},{"type":"Feature","properties":{"category":"flow_arrow","class":"main","from":[-57.01404830238499,-25.667011919215],"to":[-57.014603857924996,-25.667567474755]},"geometry":{"type":"Point","coordinates":[-57.01404830238499,-25.667011919215]}},{"type":"Feature","properties":{"category":"flow_arrow","class":"main","from":[-57.01404830238499,-25.667011919215],"to":[-57.014603857924996,-25.667567474755]},"geometry":{"type":"Point","coordinates":[-57.01404830238499,-25.667011919215]}},{"type":"Feature","properties":{"category":"flow_arrow","class":"main","from":[-57.01404830238499,-25.667011919215],"to":[-57.014603857924996,-25.667567474755]},"geometry":{"type":"Point","coordinates":[-57.01404830238499,-25.667011919215]}},{"type":"Feature","properties":{"category":"flow_arrow","class":"main","from":[-57.01404830238499,-25.667011919215],"to":[-57.014603857924996,-25.667567474755]},"geometry":{"type":"Point","coordinates":[-57.01404830238499,-25.667011919215]}},{"type":"Feature","properties":{"category":"flow_arrow","class":"tributary","from":[-57.022937191024994,-25.745900805895],"to":[-57.023492746565,-25.747011916975]},"geometry":{"type":"Point","coordinates":[-57.022937191024994,-25.745900805895]}},{"type":"Feature","properties":{"category":"flow_arrow","class":"tributary","from":[-57.02071496886499,-25.653678586255],"to":[-57.020159413325,-25.652567475175]},"geometry":{"type":"Point","coordinates":[-57.02071496886499,-25.653678586255]}},{"type":"Feature","properties":{"category":"flow_arrow","class":"tributary","from":[-57.020159413325,-25.529234145295],"to":[-57.01738163562499,-25.527011923135]},"geometry":{"type":"Point","coordinates":[-57.020159413325,-25.529234145295]}},{"type":"Feature","properties":{"category":"flow_arrow","class":"tributary","from":[-57.020159413325,-25.727567473075],"to":[-57.020159413325,-25.727011917535002]},"geometry":{"type":"Point","coordinates":[-57.020159413325,-25.727567473075]}},{"type":"Feature","properties":{"category":"flow_arrow","class":"tributary","from":[-57.019048302245,-25.502567479375],"to":[-57.01627052454499,-25.502011923835]},"geometry":{"type":"Point","coordinates":[-57.019048302245,-25.502567479375]}},{"type":"Feature","properties":{"category":"flow_arrow","class":"tributary","from":[-57.01627052454499,-25.545345255955],"to":[-57.013492746844996,-25.543123033795]},"geometry":{"type":"Point","coordinates":[-57.01627052454499,-25.545345255955]}},{"type":"Feature","properties":{"category":"flow_arrow","class":"tributary","from":[-57.01627052454499,-25.737567472795],"to":[-57.019048302245,-25.737011917255]},"geometry":{"type":"Point","coordinates":[-57.01627052454499,-25.737567472795]}},{"type":"Feature","properties":{"category":"flow_arrow","class":"main","from":[-57.015714969004996,-25.437567481195],"to":[-57.01293719130499,-25.434789703495]},"geometry":{"type":"Point","coordinates":[-57.015714969004996,-25.437567481195]}},{"type":"Feature","properties":{"category":"flow_arrow","class":"tributary","from":[-57.015714969004996,-25.512011923555],"to":[-57.01293719130499,-25.510345256935]},"geometry":{"type":"Point","coordinates":[-57.015714969004996,-25.512011923555]}},{"type":"Feature","properties":{"category":"flow_arrow","class":"tributary","from":[-57.014603857924996,-25.692567474055],"to":[-57.011826080225,-25.690345251895]},"geometry":{"type":"Point","coordinates":[-57.014603857924996,-25.692567474055]}},{"type":"Feature","properties":{"category":"flow_arrow","class":"tributary","from":[-57.007381635905,-25.685900807575],"to":[-57.007381635905,-25.686456363115]},"geometry":{"type":"Point","coordinates":[-57.007381635905,-25.685900807575]}},{"type":"Feature","properties":{"category":"flow_arrow","class":"tributary","from":[-57.007381635905,-25.685900807575],"to":[-57.007381635905,-25.686456363115]},"geometry":{"type":"Point","coordinates":[-57.007381635905,-25.685900807575]}},{"type":"Feature","properties":{"category":"flow_arrow","class":"tributary","from":[-57.007381635905,-25.685900807575],"to":[-57.007381635905,-25.686456363115]},"geometry":{"type":"Point","coordinates":[-57.007381635905,-25.685900807575]}},{"type":"Feature","properties":{"category":"flow_arrow","class":"tributary","from":[-57.007381635905,-25.685900807575],"to":[-57.007381635905,-25.686456363115]},"geometry":{"type":"Point","coordinates":[-57.007381635905,-25.685900807575]}},{"type":"Feature","properties":{"category":"flow_arrow","class":"tributary","from":[-57.014603857924996,-25.724789695375],"to":[-57.01515941346499,-25.724789695375]},"geometry":{"type":"Point","coordinates":[-57.014603857924996,-25.724789695375]}},{"type":"Feature","properties":{"category":"flow_arrow","class":"tributary","from":[-57.013492746844996,-25.695345251755],"to":[-57.013492746844996,-25.694789696215]},"geometry":{"type":"Point","coordinates":[-57.013492746844996,-25.695345251755]}},{"type":"Feature","properties":{"category":"flow_arrow","class":"tributary","from":[-57.012381635764996,-25.736456361715],"to":[-57.01293719130499,-25.736456361715]},"geometry":{"type":"Point","coordinates":[-57.012381635764996,-25.736456361715]}},{"type":"Feature","properties":{"category":"flow_arrow","class":"tributary","from":[-57.011826080225,-25.439234147815],"to":[-57.009603858065,-25.436456370115]},"geometry":{"type":"Point","coordinates":[-57.011826080225,-25.439234147815]}},{"type":"Feature","properties":{"category":"flow_arrow","class":"tributary","from":[-57.002381636044994,-25.427567481475],"to":[-57.002381636044994,-25.428123037015]},"geometry":{"type":"Point","coordinates":[-57.002381636044994,-25.427567481475]}},{"type":"Feature","properties":{"category":"flow_arrow","class":"tributary","from":[-57.002381636044994,-25.427567481475],"to":[-57.002381636044994,-25.428123037015]},"geometry":{"type":"Point","coordinates":[-57.002381636044994,-25.427567481475]}},{"type":"Feature","properties":{"category":"flow_arrow","class":"tributary","from":[-57.002381636044994,-25.427567481475],"to":[-57.002381636044994,-25.428123037015]},"geometry":{"type":"Point","coordinates":[-57.002381636044994,-25.427567481475]}},{"type":"Feature","properties":{"category":"flow_arrow","class":"tributary","from":[-57.002381636044994,-25.427567481475],"to":[-57.002381636044994,-25.428123037015]},"geometry":{"type":"Point","coordinates":[-57.002381636044994,-25.427567481475]}},{"type":"Feature","properties":{"category":"flow_arrow","class":"tributary","from":[-57.011270524684996,-25.769234138575],"to":[-57.01404830238499,-25.770900805195]},"geometry":{"type":"Point","coordinates":[-57.011270524684996,-25.769234138575]}},{"type":"Feature","properties":{"category":"flow_arrow","class":"tributary","from":[-57.010714969145,-25.677011918935],"to":[-57.009603858065,-25.674789696775]},"geometry":{"type":"Point","coordinates":[-57.010714969145,-25.677011918935]}},{"type":"Feature","properties":{"category":"flow_arrow","class":"tributary","from":[-57.010714969145,-25.723123028755],"to":[-57.011270524684996,-25.723123028755]},"geometry":{"type":"Point","coordinates":[-57.010714969145,-25.723123028755]}},{"type":"Feature","properties":{"category":"flow_arrow","class":"tributary","from":[-57.009048302524995,-25.533678589615],"to":[-57.007937191444995,-25.530900811915]},"geometry":{"type":"Point","coordinates":[-57.009048302524995,-25.533678589615]}},{"type":"Feature","properties":{"category":"flow_arrow","class":"tributary","from":[-57.009048302524995,-25.759234138855],"to":[-57.009603858065,-25.759789694395]},"geometry":{"type":"Point","coordinates":[-57.009048302524995,-25.759234138855]}},{"type":"Feature","properties":{"category":"flow_arrow","class":"tributary","from":[-57.008492746985,-25.559789699995],"to":[-57.006270524825,-25.558678588915]},"geometry":{"type":"Point","coordinates":[-57.008492746985,-25.559789699995]}},{"type":"Feature","properties":{"category":"flow_arrow","class":"tributary","from":[-57.005159413745,-25.604234143195],"to":[-57.002937191585,-25.603123032115]},"geometry":{"type":"Point","coordinates":[-57.005159413745,-25.604234143195]}},{"type":"Feature","properties":{"category":"flow_arrow","class":"tributary","from":[-57.002937191585,-25.602567476575],"to":[-57.002937191585,-25.603123032115]},"geometry":{"type":"Point","coordinates":[-57.002937191585,-25.602567476575]}},{"type":"Feature","properties":{"category":"flow_arrow","class":"tributary","from":[-57.002937191585,-25.602567476575],"to":[-57.002937191585,-25.603123032115]},"geometry":{"type":"Point","coordinates":[-57.002937191585,-25.602567476575]}},{"type":"Feature","properties":{"category":"flow_arrow","class":"tributary","from":[-57.002937191585,-25.602567476575],"to":[-57.002937191585,-25.603123032115]},"geometry":{"type":"Point","coordinates":[-57.002937191585,-25.602567476575]}},{"type":"Feature","properties":{"category":"flow_arrow","class":"tributary","from":[-57.002937191585,-25.602567476575],"to":[-57.002937191585,-25.603123032115]},"geometry":{"type":"Point","coordinates":[-57.002937191585,-25.602567476575]}},{"type":"Feature","properties":{"category":"flow_arrow","class":"tributary","from":[-57.004603858204995,-25.460900813875],"to":[-57.002381636044994,-25.458678591715]},"geometry":{"type":"Point","coordinates":[-57.004603858204995,-25.460900813875]}},{"type":"Feature","properties":{"category":"flow_arrow","class":"tributary","from":[-57.002381636044994,-25.456456369555],"to":[-57.001826080505,-25.456456369555]},"geometry":{"type":"Point","coordinates":[-57.002381636044994,-25.456456369555]}},{"type":"Feature","properties":{"category":"flow_arrow","class":"tributary","from":[-57.002381636044994,-25.456456369555],"to":[-57.001826080505,-25.456456369555]},"geometry":{"type":"Point","coordinates":[-57.002381636044994,-25.456456369555]}},{"type":"Feature","properties":{"category":"flow_arrow","class":"tributary","from":[-57.002381636044994,-25.456456369555],"to":[-57.001826080505,-25.456456369555]},"geometry":{"type":"Point","coordinates":[-57.002381636044994,-25.456456369555]}},{"type":"Feature","properties":{"category":"flow_arrow","class":"tributary","from":[-57.002381636044994,-25.456456369555],"to":[-57.001826080505,-25.456456369555]},"geometry":{"type":"Point","coordinates":[-57.002381636044994,-25.456456369555]}},{"type":"Feature","properties":{"category":"flow_arrow","class":"tributary","from":[-57.002381636044994,-25.471456369135],"to":[-57.000714969425,-25.469234146975]},"geometry":{"type":"Point","coordinates":[-57.002381636044994,-25.471456369135]}},{"type":"Feature","properties":{"category":"flow_arrow","class":"tributary","from":[-57.002381636044994,-25.652567475175],"to":[-57.002381636044994,-25.649789697475]},"geometry":{"type":"Point","coordinates":[-57.002381636044994,-25.652567475175]}},{"type":"Feature","properties":{"category":"flow_arrow","class":"tributary","from":[-57.001270524964994,-25.648123030855],"to":[-57.000714969425,-25.647567475315]},"geometry":{"type":"Point","coordinates":[-57.001270524964994,-25.648123030855]}},{"type":"Feature","properties":{"category":"flow_arrow","class":"tributary","from":[-57.001270524964994,-25.648123030855],"to":[-57.000714969425,-25.647567475315]},"geometry":{"type":"Point","coordinates":[-57.001270524964994,-25.648123030855]}},{"type":"Feature","properties":{"category":"flow_arrow","class":"tributary","from":[-57.001270524964994,-25.648123030855],"to":[-57.000714969425,-25.647567475315]},"geometry":{"type":"Point","coordinates":[-57.001270524964994,-25.648123030855]}},{"type":"Feature","properties":{"category":"flow_arrow","class":"tributary","from":[-57.001270524964994,-25.648123030855],"to":[-57.000714969425,-25.647567475315]},"geometry":{"type":"Point","coordinates":[-57.001270524964994,-25.648123030855]}},{"type":"Feature","properties":{"category":"flow_arrow","class":"tributary","from":[-57.001826080505,-25.437011925655],"to":[-57.001270524964994,-25.436456370115]},"geometry":{"type":"Point","coordinates":[-57.001826080505,-25.437011925655]}},{"type":"Feature","properties":{"category":"flow_arrow","class":"tributary","from":[-57.001826080505,-25.612011920755],"to":[-56.999048302804994,-25.610345254135]},"geometry":{"type":"Point","coordinates":[-57.001826080505,-25.612011920755]}},{"type":"Feature","properties":{"category":"flow_arrow","class":"tributary","from":[-56.99571496956499,-25.608123031975],"to":[-56.99571496956499,-25.608678587515]},"geometry":{"type":"Point","coordinates":[-56.99571496956499,-25.608123031975]}},{"type":"Feature","properties":{"category":"flow_arrow","class":"tributary","from":[-56.99571496956499,-25.608123031975],"to":[-56.99571496956499,-25.608678587515]},"geometry":{"type":"Point","coordinates":[-56.99571496956499,-25.608123031975]}},{"type":"Feature","properties":{"category":"flow_arrow","class":"tributary","from":[-56.99571496956499,-25.608123031975],"to":[-56.99571496956499,-25.608678587515]},"geometry":{"type":"Point","coordinates":[-56.99571496956499,-25.608123031975]}},{"type":"Feature","properties":{"category":"flow_arrow","class":"tributary","from":[-56.99571496956499,-25.608123031975],"to":[-56.99571496956499,-25.608678587515]},"geometry":{"type":"Point","coordinates":[-56.99571496956499,-25.608123031975]}},{"type":"Feature","properties":{"category":"flow_arrow","class":"tributary","from":[-57.001826080505,-25.757567472235],"to":[-57.001826080505,-25.758678583315]},"geometry":{"type":"Point","coordinates":[-57.001826080505,-25.757567472235]}},{"type":"Feature","properties":{"category":"flow_arrow","class":"tributary","from":[-57.001270524964994,-25.695345251755],"to":[-57.001826080505,-25.692567474055]},"geometry":{"type":"Point","coordinates":[-57.001270524964994,-25.695345251755]}},{"type":"Feature","properties":{"category":"flow_arrow","class":"tributary","from":[-57.001826080505,-25.692011918515],"to":[-57.001826080505,-25.692567474055]},"geometry":{"type":"Point","coordinates":[-57.001826080505,-25.692011918515]}},{"type":"Feature","properties":{"category":"flow_arrow","class":"tributary","from":[-57.001826080505,-25.692011918515],"to":[-57.001826080505,-25.692567474055]},"geometry":{"type":"Point","coordinates":[-57.001826080505,-25.692011918515]}},{"type":"Feature","properties":{"category":"flow_arrow","class":"tributary","from":[-57.001826080505,-25.692011918515],"to":[-57.001826080505,-25.692567474055]},"geometry":{"type":"Point","coordinates":[-57.001826080505,-25.692011918515]}},{"type":"Feature","properties":{"category":"flow_arrow","class":"tributary","from":[-57.001826080505,-25.692011918515],"to":[-57.001826080505,-25.692567474055]},"geometry":{"type":"Point","coordinates":[-57.001826080505,-25.692011918515]}},{"type":"Feature","properties":{"category":"flow_arrow","class":"tributary","from":[-57.000714969425,-25.661456363815],"to":[-57.002381636044994,-25.660345252735]},"geometry":{"type":"Point","coordinates":[-57.000714969425,-25.661456363815]}},{"type":"Feature","properties":{"category":"flow_arrow","class":"tributary","from":[-56.999603858345,-25.439789703355],"to":[-57.000159413884994,-25.437011925655]},"geometry":{"type":"Point","coordinates":[-56.999603858345,-25.439789703355]}},{"type":"Feature","properties":{"category":"flow_arrow","class":"tributary","from":[-57.000714969425,-25.437011925655],"to":[-57.000159413884994,-25.437011925655]},"geometry":{"type":"Point","coordinates":[-57.000714969425,-25.437011925655]}},{"type":"Feature","properties":{"category":"flow_arrow","class":"tributary","from":[-57.000714969425,-25.437011925655],"to":[-57.000159413884994,-25.437011925655]},"geometry":{"type":"Point","coordinates":[-57.000714969425,-25.437011925655]}},{"type":"Feature","properties":{"category":"flow_arrow","class":"tributary","from":[-57.000714969425,-25.437011925655],"to":[-57.000159413884994,-25.437011925655]},"geometry":{"type":"Point","coordinates":[-57.000714969425,-25.437011925655]}},{"type":"Feature","properties":{"category":"flow_arrow","class":"tributary","from":[-57.000714969425,-25.437011925655],"to":[-57.000159413884994,-25.437011925655]},"geometry":{"type":"Point","coordinates":[-57.000714969425,-25.437011925655]}},{"type":"Feature","properties":{"category":"flow_arrow","class":"tributary","from":[-56.999603858345,-25.715345251195],"to":[-56.99793719172499,-25.713123029035]},"geometry":{"type":"Point","coordinates":[-56.999603858345,-25.715345251195]}},{"type":"Feature","properties":{"category":"flow_arrow","class":"tributary","from":[-56.996270525105,-25.712567473495],"to":[-56.99682608064499,-25.712567473495]},"geometry":{"type":"Point","coordinates":[-56.996270525105,-25.712567473495]}},{"type":"Feature","properties":{"category":"flow_arrow","class":"tributary","from":[-56.996270525105,-25.712567473495],"to":[-56.99682608064499,-25.712567473495]},"geometry":{"type":"Point","coordinates":[-56.996270525105,-25.712567473495]}},{"type":"Feature","properties":{"category":"flow_arrow","class":"tributary","from":[-56.996270525105,-25.712567473495],"to":[-56.99682608064499,-25.712567473495]},"geometry":{"type":"Point","coordinates":[-56.996270525105,-25.712567473495]}},{"type":"Feature","properties":{"category":"flow_arrow","class":"tributary","from":[-56.996270525105,-25.712567473495],"to":[-56.99682608064499,-25.712567473495]},"geometry":{"type":"Point","coordinates":[-56.996270525105,-25.712567473495]}},{"type":"Feature","properties":{"category":"flow_arrow","class":"tributary","from":[-56.996270525105,-25.675900807855],"to":[-56.999048302804994,-25.674789696775]},"geometry":{"type":"Point","coordinates":[-56.996270525105,-25.675900807855]}},{"type":"Feature","properties":{"category":"flow_arrow","class":"tributary","from":[-57.004048302665,-25.674234141235],"to":[-57.003492747124994,-25.673678585695]},"geometry":{"type":"Point","coordinates":[-57.004048302665,-25.674234141235]}},{"type":"Feature","properties":{"category":"flow_arrow","class":"tributary","from":[-57.004048302665,-25.674234141235],"to":[-57.003492747124994,-25.673678585695]},"geometry":{"type":"Point","coordinates":[-57.004048302665,-25.674234141235]}},{"type":"Feature","properties":{"category":"flow_arrow","class":"tributary","from":[-57.004048302665,-25.674234141235],"to":[-57.003492747124994,-25.673678585695]},"geometry":{"type":"Point","coordinates":[-57.004048302665,-25.674234141235]}},{"type":"Feature","properties":{"category":"flow_arrow","class":"tributary","from":[-57.004048302665,-25.674234141235],"to":[-57.003492747124994,-25.673678585695]},"geometry":{"type":"Point","coordinates":[-57.004048302665,-25.674234141235]}},{"type":"Feature","properties":{"category":"flow_arrow","class":"tributary","from":[-56.99238163632499,-25.532011922995],"to":[-56.99015941416499,-25.529789700835]},"geometry":{"type":"Point","coordinates":[-56.99238163632499,-25.532011922995]}},{"type":"Feature","properties":{"category":"flow_arrow","class":"tributary","from":[-56.989603858624996,-25.525900812055],"to":[-56.99015941416499,-25.526456367595]},"geometry":{"type":"Point","coordinates":[-56.989603858624996,-25.525900812055]}},{"type":"Feature","properties":{"category":"flow_arrow","class":"tributary","from":[-56.989603858624996,-25.525900812055],"to":[-56.99015941416499,-25.526456367595]},"geometry":{"type":"Point","coordinates":[-56.989603858624996,-25.525900812055]}},{"type":"Feature","properties":{"category":"flow_arrow","class":"tributary","from":[-56.989603858624996,-25.525900812055],"to":[-56.99015941416499,-25.526456367595]},"geometry":{"type":"Point","coordinates":[-56.989603858624996,-25.525900812055]}},{"type":"Feature","properties":{"category":"flow_arrow","class":"tributary","from":[-56.989603858624996,-25.525900812055],"to":[-56.99015941416499,-25.526456367595]},"geometry":{"type":"Point","coordinates":[-56.989603858624996,-25.525900812055]}},{"type":"Feature","properties":{"category":"flow_arrow","class":"tributary","from":[-56.99238163632499,-25.646456364235],"to":[-56.99349274740499,-25.643678586535]},"geometry":{"type":"Point","coordinates":[-56.99238163632499,-25.646456364235]}},{"type":"Feature","properties":{"category":"flow_arrow","class":"tributary","from":[-56.994048302945,-25.639789697755],"to":[-56.99349274740499,-25.639234142215]},"geometry":{"type":"Point","coordinates":[-56.994048302945,-25.639789697755]}},{"type":"Feature","properties":{"category":"flow_arrow","class":"tributary","from":[-56.994048302945,-25.639789697755],"to":[-56.99349274740499,-25.639234142215]},"geometry":{"type":"Point","coordinates":[-56.994048302945,-25.639789697755]}},{"type":"Feature","properties":{"category":"flow_arrow","class":"tributary","from":[-56.994048302945,-25.639789697755],"to":[-56.99349274740499,-25.639234142215]},"geometry":{"type":"Point","coordinates":[-56.994048302945,-25.639789697755]}},{"type":"Feature","properties":{"category":"flow_arrow","class":"tributary","from":[-56.994048302945,-25.639789697755],"to":[-56.99349274740499,-25.639234142215]},"geometry":{"type":"Point","coordinates":[-56.994048302945,-25.639789697755]}},{"type":"Feature","properties":{"category":"flow_arrow","class":"tributary","from":[-56.99238163632499,-25.741456361575],"to":[-56.990714969704996,-25.739234139415]},"geometry":{"type":"Point","coordinates":[-56.99238163632499,-25.741456361575]}},{"type":"Feature","properties":{"category":"flow_arrow","class":"tributary","from":[-56.99015941416499,-25.739234139415],"to":[-56.990714969704996,-25.739234139415]},"geometry":{"type":"Point","coordinates":[-56.99015941416499,-25.739234139415]}},{"type":"Feature","properties":{"category":"flow_arrow","class":"tributary","from":[-56.99015941416499,-25.739234139415],"to":[-56.990714969704996,-25.739234139415]},"geometry":{"type":"Point","coordinates":[-56.99015941416499,-25.739234139415]}},{"type":"Feature","properties":{"category":"flow_arrow","class":"tributary","from":[-56.99015941416499,-25.739234139415],"to":[-56.990714969704996,-25.739234139415]},"geometry":{"type":"Point","coordinates":[-56.99015941416499,-25.739234139415]}},{"type":"Feature","properties":{"category":"flow_arrow","class":"tributary","from":[-56.99015941416499,-25.739234139415],"to":[-56.990714969704996,-25.739234139415]},"geometry":{"type":"Point","coordinates":[-56.99015941416499,-25.739234139415]}},{"type":"Feature","properties":{"category":"flow_arrow","class":"tributary","from":[-56.99238163632499,-25.745345250355],"to":[-56.989603858624996,-25.743678583735]},"geometry":{"type":"Point","coordinates":[-56.99238163632499,-25.745345250355]}},{"type":"Feature","properties":{"category":"flow_arrow","class":"tributary","from":[-56.989048303085,-25.743678583735],"to":[-56.988492747544996,-25.743678583735]},"geometry":{"type":"Point","coordinates":[-56.989048303085,-25.743678583735]}},{"type":"Feature","properties":{"category":"flow_arrow","class":"tributary","from":[-56.989048303085,-25.743678583735],"to":[-56.988492747544996,-25.743678583735]},"geometry":{"type":"Point","coordinates":[-56.989048303085,-25.743678583735]}},{"type":"Feature","properties":{"category":"flow_arrow","class":"tributary","from":[-56.989048303085,-25.743678583735],"to":[-56.988492747544996,-25.743678583735]},"geometry":{"type":"Point","coordinates":[-56.989048303085,-25.743678583735]}},{"type":"Feature","properties":{"category":"flow_arrow","class":"tributary","from":[-56.989048303085,-25.743678583735],"to":[-56.988492747544996,-25.743678583735]},"geometry":{"type":"Point","coordinates":[-56.989048303085,-25.743678583735]}},{"type":"Feature","properties":{"category":"flow_arrow","class":"tributary","from":[-56.99127052524499,-25.555900811215],"to":[-56.988492747544996,-25.553678589055]},"geometry":{"type":"Point","coordinates":[-56.99127052524499,-25.555900811215]}},{"type":"Feature","properties":{"category":"flow_arrow","class":"tributary","from":[-56.99127052524499,-25.599234143335],"to":[-56.991826080784996,-25.598678587795]},"geometry":{"type":"Point","coordinates":[-56.99127052524499,-25.599234143335]}},{"type":"Feature","properties":{"category":"flow_arrow","class":"tributary","from":[-56.99127052524499,-25.598123032255],"to":[-56.991826080784996,-25.598678587795]},"geometry":{"type":"Point","coordinates":[-56.99127052524499,-25.598123032255]}},{"type":"Feature","properties":{"category":"flow_arrow","class":"tributary","from":[-56.99127052524499,-25.598123032255],"to":[-56.991826080784996,-25.598678587795]},"geometry":{"type":"Point","coordinates":[-56.99127052524499,-25.598123032255]}},{"type":"Feature","properties":{"category":"flow_arrow","class":"tributary","from":[-56.99127052524499,-25.598123032255],"to":[-56.991826080784996,-25.598678587795]},"geometry":{"type":"Point","coordinates":[-56.99127052524499,-25.598123032255]}},{"type":"Feature","properties":{"category":"flow_arrow","class":"tributary","from":[-56.99127052524499,-25.598123032255],"to":[-56.991826080784996,-25.598678587795]},"geometry":{"type":"Point","coordinates":[-56.99127052524499,-25.598123032255]}},{"type":"Feature","properties":{"category":"flow_arrow","class":"tributary","from":[-56.99015941416499,-25.535900811775],"to":[-56.99015941416499,-25.535345256235]},"geometry":{"type":"Point","coordinates":[-56.99015941416499,-25.535900811775]}},{"type":"Feature","properties":{"category":"flow_arrow","class":"tributary","from":[-56.989603858624996,-25.489234146415],"to":[-56.988492747544996,-25.487011924255]},"geometry":{"type":"Point","coordinates":[-56.989603858624996,-25.489234146415]}},{"type":"Feature","properties":{"category":"flow_arrow","class":"tributary","from":[-56.988492747544996,-25.483123035475],"to":[-56.989048303085,-25.483123035475]},"geometry":{"type":"Point","coordinates":[-56.988492747544996,-25.483123035475]}},{"type":"Feature","properties":{"category":"flow_arrow","class":"tributary","from":[-56.988492747544996,-25.483123035475],"to":[-56.989048303085,-25.483123035475]},"geometry":{"type":"Point","coordinates":[-56.988492747544996,-25.483123035475]}},{"type":"Feature","properties":{"category":"flow_arrow","class":"tributary","from":[-56.988492747544996,-25.483123035475],"to":[-56.989048303085,-25.483123035475]},"geometry":{"type":"Point","coordinates":[-56.988492747544996,-25.483123035475]}},{"type":"Feature","properties":{"category":"flow_arrow","class":"tributary","from":[-56.988492747544996,-25.483123035475],"to":[-56.989048303085,-25.483123035475]},"geometry":{"type":"Point","coordinates":[-56.988492747544996,-25.483123035475]}},{"type":"Feature","properties":{"category":"flow_arrow","class":"tributary","from":[-56.987937192005,-25.692567474055],"to":[-56.990714969704996,-25.692011918515]},"geometry":{"type":"Point","coordinates":[-56.987937192005,-25.692567474055]}},{"type":"Feature","properties":{"category":"flow_arrow","class":"tributary","from":[-56.990714969704996,-25.691456362975],"to":[-56.990714969704996,-25.692011918515]},"geometry":{"type":"Point","coordinates":[-56.990714969704996,-25.691456362975]}},{"type":"Feature","properties":{"category":"flow_arrow","class":"tributary","from":[-56.990714969704996,-25.691456362975],"to":[-56.990714969704996,-25.692011918515]},"geometry":{"type":"Point","coordinates":[-56.990714969704996,-25.691456362975]}},{"type":"Feature","properties":{"category":"flow_arrow","class":"tributary","from":[-56.990714969704996,-25.691456362975],"to":[-56.990714969704996,-25.692011918515]},"geometry":{"type":"Point","coordinates":[-56.990714969704996,-25.691456362975]}},{"type":"Feature","properties":{"category":"flow_arrow","class":"tributary","from":[-56.990714969704996,-25.691456362975],"to":[-56.990714969704996,-25.692011918515]},"geometry":{"type":"Point","coordinates":[-56.990714969704996,-25.691456362975]}},{"type":"Feature","properties":{"category":"flow_arrow","class":"tributary","from":[-56.985714969845,-25.494789701815],"to":[-56.986270525384995,-25.494234146275]},"geometry":{"type":"Point","coordinates":[-56.985714969845,-25.494789701815]}},{"type":"Feature","properties":{"category":"flow_arrow","class":"tributary","from":[-56.985159414304995,-25.558123033375],"to":[-56.982937192144995,-25.556456366755]},"geometry":{"type":"Point","coordinates":[-56.985159414304995,-25.558123033375]}},{"type":"Feature","properties":{"category":"flow_arrow","class":"tributary","from":[-56.984603858765,-25.565345255395002],"to":[-56.981826081064995,-25.563678588775]},"geometry":{"type":"Point","coordinates":[-56.984603858765,-25.565345255395002]}},{"type":"Feature","properties":{"category":"flow_arrow","class":"tributary","from":[-56.984603858765,-25.667567474755],"to":[-56.981826081064995,-25.664789697055]},"geometry":{"type":"Point","coordinates":[-56.984603858765,-25.667567474755]}},{"type":"Feature","properties":{"category":"flow_arrow","class":"tributary","from":[-56.982937192144995,-25.459234147255],"to":[-56.981270525525,-25.456456369555]},"geometry":{"type":"Point","coordinates":[-56.982937192144995,-25.459234147255]}},{"type":"Feature","properties":{"category":"flow_arrow","class":"tributary","from":[-56.980159414445,-25.454789702935],"to":[-56.980159414445,-25.455345258475]},"geometry":{"type":"Point","coordinates":[-56.980159414445,-25.454789702935]}},{"type":"Feature","properties":{"category":"flow_arrow","class":"tributary","from":[-56.980159414445,-25.454789702935],"to":[-56.980159414445,-25.455345258475]},"geometry":{"type":"Point","coordinates":[-56.980159414445,-25.454789702935]}},{"type":"Feature","properties":{"category":"flow_arrow","class":"tributary","from":[-56.980159414445,-25.454789702935],"to":[-56.980159414445,-25.455345258475]},"geometry":{"type":"Point","coordinates":[-56.980159414445,-25.454789702935]}},{"type":"Feature","properties":{"category":"flow_arrow","class":"tributary","from":[-56.980159414445,-25.454789702935],"to":[-56.980159414445,-25.455345258475]},"geometry":{"type":"Point","coordinates":[-56.980159414445,-25.454789702935]}},{"type":"Feature","properties":{"category":"flow_arrow","class":"tributary","from":[-56.982381636605,-25.519234145575002],"to":[-56.981826081064995,-25.516456367875]},"geometry":{"type":"Point","coordinates":[-56.982381636605,-25.519234145575002]}},{"type":"Feature","properties":{"category":"flow_arrow","class":"tributary","from":[-56.981270525525,-25.444789703215],"to":[-56.981826081064995,-25.444234147675]},"geometry":{"type":"Point","coordinates":[-56.981270525525,-25.444789703215]}},{"type":"Feature","properties":{"category":"flow_arrow","class":"tributary","from":[-56.981270525525,-25.588123032535],"to":[-56.980159414445,-25.585345254835]},"geometry":{"type":"Point","coordinates":[-56.981270525525,-25.588123032535]}},{"type":"Feature","properties":{"category":"flow_arrow","class":"tributary","from":[-56.977381636744994,-25.563123033235],"to":[-56.975159414584994,-25.561456366615]},"geometry":{"type":"Point","coordinates":[-56.977381636744994,-25.563123033235]}},{"type":"Feature","properties":{"category":"flow_arrow","class":"tributary","from":[-56.97182608134499,-25.557011922295],"to":[-56.97182608134499,-25.557567477835]},"geometry":{"type":"Point","coordinates":[-56.97182608134499,-25.557011922295]}},{"type":"Feature","properties":{"category":"flow_arrow","class":"tributary","from":[-56.97182608134499,-25.557011922295],"to":[-56.97182608134499,-25.557567477835]},"geometry":{"type":"Point","coordinates":[-56.97182608134499,-25.557011922295]}},{"type":"Feature","properties":{"category":"flow_arrow","class":"tributary","from":[-56.97182608134499,-25.557011922295],"to":[-56.97182608134499,-25.557567477835]},"geometry":{"type":"Point","coordinates":[-56.97182608134499,-25.557011922295]}},{"type":"Feature","properties":{"category":"flow_arrow","class":"tributary","from":[-56.97182608134499,-25.557011922295],"to":[-56.97182608134499,-25.557567477835]},"geometry":{"type":"Point","coordinates":[-56.97182608134499,-25.557011922295]}},{"type":"Feature","properties":{"category":"flow_arrow","class":"tributary","from":[-56.977381636744994,-25.667567474755],"to":[-56.977937192285,-25.667011919215]},"geometry":{"type":"Point","coordinates":[-56.977381636744994,-25.667567474755]}},{"type":"Feature","properties":{"category":"flow_arrow","class":"tributary","from":[-56.97404830350499,-25.545345255955],"to":[-56.97182608134499,-25.544234144875]},"geometry":{"type":"Point","coordinates":[-56.97404830350499,-25.545345255955]}},{"type":"Feature","properties":{"category":"flow_arrow","class":"tributary","from":[-56.973492747965,-25.429789703635],"to":[-56.97182608134499,-25.427567481475]},"geometry":{"type":"Point","coordinates":[-56.973492747965,-25.429789703635]}},{"type":"Feature","properties":{"category":"flow_arrow","class":"tributary","from":[-56.972381636885,-25.427567481475],"to":[-56.97182608134499,-25.427567481475]},"geometry":{"type":"Point","coordinates":[-56.972381636885,-25.427567481475]}},{"type":"Feature","properties":{"category":"flow_arrow","class":"tributary","from":[-56.972381636885,-25.427567481475],"to":[-56.97182608134499,-25.427567481475]},"geometry":{"type":"Point","coordinates":[-56.972381636885,-25.427567481475]}},{"type":"Feature","properties":{"category":"flow_arrow","class":"tributary","from":[-56.972381636885,-25.427567481475],"to":[-56.97182608134499,-25.427567481475]},"geometry":{"type":"Point","coordinates":[-56.972381636885,-25.427567481475]}},{"type":"Feature","properties":{"category":"flow_arrow","class":"tributary","from":[-56.972381636885,-25.427567481475],"to":[-56.97182608134499,-25.427567481475]},"geometry":{"type":"Point","coordinates":[-56.972381636885,-25.427567481475]}},{"type":"Feature","properties":{"category":"flow_arrow","class":"tributary","from":[-56.97293719242499,-25.612011920755],"to":[-56.975159414584994,-25.609234143055]},"geometry":{"type":"Point","coordinates":[-56.97293719242499,-25.612011920755]}},{"type":"Feature","properties":{"category":"flow_arrow","class":"tributary","from":[-56.975159414584994,-25.608678587515],"to":[-56.975159414584994,-25.609234143055]},"geometry":{"type":"Point","coordinates":[-56.975159414584994,-25.608678587515]}},{"type":"Feature","properties":{"category":"flow_arrow","class":"tributary","from":[-56.975159414584994,-25.608678587515],"to":[-56.975159414584994,-25.609234143055]},"geometry":{"type":"Point","coordinates":[-56.975159414584994,-25.608678587515]}},{"type":"Feature","properties":{"category":"flow_arrow","class":"tributary","from":[-56.975159414584994,-25.608678587515],"to":[-56.975159414584994,-25.609234143055]},"geometry":{"type":"Point","coordinates":[-56.975159414584994,-25.608678587515]}},{"type":"Feature","properties":{"category":"flow_arrow","class":"tributary","from":[-56.975159414584994,-25.608678587515],"to":[-56.975159414584994,-25.609234143055]},"geometry":{"type":"Point","coordinates":[-56.975159414584994,-25.608678587515]}},{"type":"Feature","properties":{"category":"flow_arrow","class":"tributary","from":[-56.972381636885,-25.715900806735],"to":[-56.975159414584994,-25.717567473355]},"geometry":{"type":"Point","coordinates":[-56.972381636885,-25.715900806735]}},{"type":"Feature","properties":{"category":"flow_arrow","class":"tributary","from":[-56.969048303644996,-25.562567477695],"to":[-56.96960385918499,-25.562011922155]},"geometry":{"type":"Point","coordinates":[-56.969048303644996,-25.562567477695]}},{"type":"Feature","properties":{"category":"flow_arrow","class":"tributary","from":[-56.969048303644996,-25.561456366615],"to":[-56.96960385918499,-25.562011922155]},"geometry":{"type":"Point","coordinates":[-56.969048303644996,-25.561456366615]}},{"type":"Feature","properties":{"category":"flow_arrow","class":"tributary","from":[-56.969048303644996,-25.561456366615],"to":[-56.96960385918499,-25.562011922155]},"geometry":{"type":"Point","coordinates":[-56.969048303644996,-25.561456366615]}},{"type":"Feature","properties":{"category":"flow_arrow","class":"tributary","from":[-56.969048303644996,-25.561456366615],"to":[-56.96960385918499,-25.562011922155]},"geometry":{"type":"Point","coordinates":[-56.969048303644996,-25.561456366615]}},{"type":"Feature","properties":{"category":"flow_arrow","class":"tributary","from":[-56.969048303644996,-25.561456366615],"to":[-56.96960385918499,-25.562011922155]},"geometry":{"type":"Point","coordinates":[-56.969048303644996,-25.561456366615]}},{"type":"Feature","properties":{"category":"flow_arrow","class":"tributary","from":[-56.96849274810499,-25.734234139555],"to":[-56.971270525805,-25.734789695095]},"geometry":{"type":"Point","coordinates":[-56.96849274810499,-25.734234139555]}},{"type":"Feature","properties":{"category":"flow_arrow","class":"tributary","from":[-56.966826081484996,-25.449789703075],"to":[-56.966826081484996,-25.449234147535]},"geometry":{"type":"Point","coordinates":[-56.966826081484996,-25.449789703075]}},{"type":"Feature","properties":{"category":"flow_arrow","class":"tributary","from":[-56.966826081484996,-25.448678591995],"to":[-56.966826081484996,-25.449234147535]},"geometry":{"type":"Point","coordinates":[-56.966826081484996,-25.448678591995]}},{"type":"Feature","properties":{"category":"flow_arrow","class":"tributary","from":[-56.966826081484996,-25.448678591995],"to":[-56.966826081484996,-25.449234147535]},"geometry":{"type":"Point","coordinates":[-56.966826081484996,-25.448678591995]}},{"type":"Feature","properties":{"category":"flow_arrow","class":"tributary","from":[-56.966826081484996,-25.448678591995],"to":[-56.966826081484996,-25.449234147535]},"geometry":{"type":"Point","coordinates":[-56.966826081484996,-25.448678591995]}},{"type":"Feature","properties":{"category":"flow_arrow","class":"tributary","from":[-56.966826081484996,-25.448678591995],"to":[-56.966826081484996,-25.449234147535]},"geometry":{"type":"Point","coordinates":[-56.966826081484996,-25.448678591995]}},{"type":"Feature","properties":{"category":"flow_arrow","class":"tributary","from":[-56.966826081484996,-25.744789694815],"to":[-56.96960385918499,-25.746456361435]},"geometry":{"type":"Point","coordinates":[-56.966826081484996,-25.744789694815]}},{"type":"Feature","properties":{"category":"flow_arrow","class":"tributary","from":[-56.97182608134499,-25.751456361295],"to":[-56.971270525805,-25.750900805755]},"geometry":{"type":"Point","coordinates":[-56.97182608134499,-25.751456361295]}},{"type":"Feature","properties":{"category":"flow_arrow","class":"tributary","from":[-56.97182608134499,-25.751456361295],"to":[-56.971270525805,-25.750900805755]},"geometry":{"type":"Point","coordinates":[-56.97182608134499,-25.751456361295]}},{"type":"Feature","properties":{"category":"flow_arrow","class":"tributary","from":[-56.97182608134499,-25.751456361295],"to":[-56.971270525805,-25.750900805755]},"geometry":{"type":"Point","coordinates":[-56.97182608134499,-25.751456361295]}},{"type":"Feature","properties":{"category":"flow_arrow","class":"tributary","from":[-56.97182608134499,-25.751456361295],"to":[-56.971270525805,-25.750900805755]},"geometry":{"type":"Point","coordinates":[-56.97182608134499,-25.751456361295]}},{"type":"Feature","properties":{"category":"flow_arrow","class":"tributary","from":[-56.964048303785,-25.702011918235],"to":[-56.964603859324995,-25.704789695935]},"geometry":{"type":"Point","coordinates":[-56.964048303785,-25.702011918235]}},{"type":"Feature","properties":{"category":"flow_arrow","class":"tributary","from":[-56.963492748244995,-25.560345255535],"to":[-56.963492748244995,-25.559789699995]},"geometry":{"type":"Point","coordinates":[-56.963492748244995,-25.560345255535]}},{"type":"Feature","properties":{"category":"flow_arrow","class":"tributary","from":[-56.963492748244995,-25.559234144455],"to":[-56.963492748244995,-25.559789699995]},"geometry":{"type":"Point","coordinates":[-56.963492748244995,-25.559234144455]}},{"type":"Feature","properties":{"category":"flow_arrow","class":"tributary","from":[-56.963492748244995,-25.559234144455],"to":[-56.963492748244995,-25.559789699995]},"geometry":{"type":"Point","coordinates":[-56.963492748244995,-25.559234144455]}},{"type":"Feature","properties":{"category":"flow_arrow","class":"tributary","from":[-56.963492748244995,-25.559234144455],"to":[-56.963492748244995,-25.559789699995]},"geometry":{"type":"Point","coordinates":[-56.963492748244995,-25.559234144455]}},{"type":"Feature","properties":{"category":"flow_arrow","class":"tributary","from":[-56.963492748244995,-25.559234144455],"to":[-56.963492748244995,-25.559789699995]},"geometry":{"type":"Point","coordinates":[-56.963492748244995,-25.559234144455]}},{"type":"Feature","properties":{"category":"flow_arrow","class":"tributary","from":[-56.963492748244995,-25.604234143195],"to":[-56.963492748244995,-25.603678587655]},"geometry":{"type":"Point","coordinates":[-56.963492748244995,-25.604234143195]}},{"type":"Feature","properties":{"category":"flow_arrow","class":"tributary","from":[-56.962937192705,-25.554789700135],"to":[-56.962937192705,-25.554234144595]},"geometry":{"type":"Point","coordinates":[-56.962937192705,-25.554789700135]}},{"type":"Feature","properties":{"category":"flow_arrow","class":"tributary","from":[-56.962937192705,-25.553678589055],"to":[-56.962937192705,-25.554234144595]},"geometry":{"type":"Point","coordinates":[-56.962937192705,-25.553678589055]}},{"type":"Feature","properties":{"category":"flow_arrow","class":"tributary","from":[-56.962937192705,-25.553678589055],"to":[-56.962937192705,-25.554234144595]},"geometry":{"type":"Point","coordinates":[-56.962937192705,-25.553678589055]}},{"type":"Feature","properties":{"category":"flow_arrow","class":"tributary","from":[-56.962937192705,-25.553678589055],"to":[-56.962937192705,-25.554234144595]},"geometry":{"type":"Point","coordinates":[-56.962937192705,-25.553678589055]}},{"type":"Feature","properties":{"category":"flow_arrow","class":"tributary","from":[-56.962937192705,-25.553678589055],"to":[-56.962937192705,-25.554234144595]},"geometry":{"type":"Point","coordinates":[-56.962937192705,-25.553678589055]}},{"type":"Feature","properties":{"category":"flow_arrow","class":"tributary","from":[-56.961826081625,-25.595345254555],"to":[-56.964603859324995,-25.593123032395]},"geometry":{"type":"Point","coordinates":[-56.961826081625,-25.595345254555]}},{"type":"Feature","properties":{"category":"flow_arrow","class":"tributary","from":[-56.96738163702499,-25.588678588075002],"to":[-56.967937192564996,-25.588678588075002]},"geometry":{"type":"Point","coordinates":[-56.96738163702499,-25.588678588075002]}},{"type":"Feature","properties":{"category":"flow_arrow","class":"tributary","from":[-56.96738163702499,-25.588678588075002],"to":[-56.967937192564996,-25.588678588075002]},"geometry":{"type":"Point","coordinates":[-56.96738163702499,-25.588678588075002]}},{"type":"Feature","properties":{"category":"flow_arrow","class":"tributary","from":[-56.96738163702499,-25.588678588075002],"to":[-56.967937192564996,-25.588678588075002]},"geometry":{"type":"Point","coordinates":[-56.96738163702499,-25.588678588075002]}},{"type":"Feature","properties":{"category":"flow_arrow","class":"tributary","from":[-56.96738163702499,-25.588678588075002],"to":[-56.967937192564996,-25.588678588075002]},"geometry":{"type":"Point","coordinates":[-56.96738163702499,-25.588678588075002]}},{"type":"Feature","properties":{"category":"flow_arrow","class":"tributary","from":[-56.961270526084995,-25.707011918095],"to":[-56.961270526084995,-25.707567473635]},"geometry":{"type":"Point","coordinates":[-56.961270526084995,-25.707011918095]}},{"type":"Feature","properties":{"category":"flow_arrow","class":"tributary","from":[-56.961270526084995,-25.708678584715],"to":[-56.964048303785,-25.708678584715]},"geometry":{"type":"Point","coordinates":[-56.961270526084995,-25.708678584715]}},{"type":"Feature","properties":{"category":"flow_arrow","class":"tributary","from":[-56.964603859324995,-25.708678584715],"to":[-56.964603859324995,-25.708123029175]},"geometry":{"type":"Point","coordinates":[-56.964603859324995,-25.708678584715]}},{"type":"Feature","properties":{"category":"flow_arrow","class":"tributary","from":[-56.964603859324995,-25.708678584715],"to":[-56.964603859324995,-25.708123029175]},"geometry":{"type":"Point","coordinates":[-56.964603859324995,-25.708678584715]}},{"type":"Feature","properties":{"category":"flow_arrow","class":"tributary","from":[-56.964603859324995,-25.708678584715],"to":[-56.964603859324995,-25.708123029175]},"geometry":{"type":"Point","coordinates":[-56.964603859324995,-25.708678584715]}},{"type":"Feature","properties":{"category":"flow_arrow","class":"tributary","from":[-56.964603859324995,-25.708678584715],"to":[-56.964603859324995,-25.708123029175]},"geometry":{"type":"Point","coordinates":[-56.964603859324995,-25.708678584715]}},{"type":"Feature","properties":{"category":"flow_arrow","class":"tributary","from":[-56.960159415004995,-25.678678585555],"to":[-56.960159415004995,-25.677567474475]},"geometry":{"type":"Point","coordinates":[-56.960159415004995,-25.678678585555]}},{"type":"Feature","properties":{"category":"flow_arrow","class":"tributary","from":[-56.957937192844994,-25.563123033235],"to":[-56.957937192844994,-25.561456366615]},"geometry":{"type":"Point","coordinates":[-56.957937192844994,-25.563123033235]}},{"type":"Feature","properties":{"category":"flow_arrow","class":"tributary","from":[-56.958492748385,-25.561456366615],"to":[-56.957937192844994,-25.561456366615]},"geometry":{"type":"Point","coordinates":[-56.958492748385,-25.561456366615]}},{"type":"Feature","properties":{"category":"flow_arrow","class":"tributary","from":[-56.958492748385,-25.561456366615],"to":[-56.957937192844994,-25.561456366615]},"geometry":{"type":"Point","coordinates":[-56.958492748385,-25.561456366615]}},{"type":"Feature","properties":{"category":"flow_arrow","class":"tributary","from":[-56.958492748385,-25.561456366615],"to":[-56.957937192844994,-25.561456366615]},"geometry":{"type":"Point","coordinates":[-56.958492748385,-25.561456366615]}},{"type":"Feature","properties":{"category":"flow_arrow","class":"tributary","from":[-56.958492748385,-25.561456366615],"to":[-56.957937192844994,-25.561456366615]},"geometry":{"type":"Point","coordinates":[-56.958492748385,-25.561456366615]}},{"type":"Feature","properties":{"category":"flow_arrow","class":"main","from":[-56.957937192844994,-25.591456365775],"to":[-56.960714970545,-25.590345254695]},"geometry":{"type":"Point","coordinates":[-56.957937192844994,-25.591456365775]}},{"type":"Feature","properties":{"category":"flow_arrow","class":"tributary","from":[-56.956270526225,-25.752011916835],"to":[-56.959048303924995,-25.752567472375]},"geometry":{"type":"Point","coordinates":[-56.956270526225,-25.752011916835]}},{"type":"Feature","properties":{"category":"flow_arrow","class":"tributary","from":[-56.958492748385,-25.752567472375],"to":[-56.959048303924995,-25.752567472375]},"geometry":{"type":"Point","coordinates":[-56.958492748385,-25.752567472375]}},{"type":"Feature","properties":{"category":"flow_arrow","class":"tributary","from":[-56.958492748385,-25.752567472375],"to":[-56.959048303924995,-25.752567472375]},"geometry":{"type":"Point","coordinates":[-56.958492748385,-25.752567472375]}},{"type":"Feature","properties":{"category":"flow_arrow","class":"tributary","from":[-56.958492748385,-25.752567472375],"to":[-56.959048303924995,-25.752567472375]},"geometry":{"type":"Point","coordinates":[-56.958492748385,-25.752567472375]}},{"type":"Feature","properties":{"category":"flow_arrow","class":"tributary","from":[-56.958492748385,-25.752567472375],"to":[-56.959048303924995,-25.752567472375]},"geometry":{"type":"Point","coordinates":[-56.958492748385,-25.752567472375]}},{"type":"Feature","properties":{"category":"flow_arrow","class":"tributary","from":[-56.955714970684994,-25.687011918655],"to":[-56.955714970684994,-25.688123029735]},"geometry":{"type":"Point","coordinates":[-56.955714970684994,-25.687011918655]}},{"type":"Feature","properties":{"category":"flow_arrow","class":"tributary","from":[-56.954603859604994,-25.664789697055],"to":[-56.951826081905,-25.663123030435]},"geometry":{"type":"Point","coordinates":[-56.954603859604994,-25.664789697055]}},{"type":"Feature","properties":{"category":"flow_arrow","class":"tributary","from":[-56.949603859745,-25.662011919355],"to":[-56.949603859745,-25.661456363815]},"geometry":{"type":"Point","coordinates":[-56.949603859745,-25.662011919355]}},{"type":"Feature","properties":{"category":"flow_arrow","class":"tributary","from":[-56.949603859745,-25.662011919355],"to":[-56.949603859745,-25.661456363815]},"geometry":{"type":"Point","coordinates":[-56.949603859745,-25.662011919355]}},{"type":"Feature","properties":{"category":"flow_arrow","class":"tributary","from":[-56.949603859745,-25.662011919355],"to":[-56.949603859745,-25.661456363815]},"geometry":{"type":"Point","coordinates":[-56.949603859745,-25.662011919355]}},{"type":"Feature","properties":{"category":"flow_arrow","class":"tributary","from":[-56.949603859745,-25.662011919355],"to":[-56.949603859745,-25.661456363815]},"geometry":{"type":"Point","coordinates":[-56.949603859745,-25.662011919355]}},{"type":"Feature","properties":{"category":"flow_arrow","class":"tributary","from":[-56.952937192985,-25.556456366755],"to":[-56.954048304065,-25.555900811215]},"geometry":{"type":"Point","coordinates":[-56.952937192985,-25.556456366755]}},{"type":"Feature","properties":{"category":"flow_arrow","class":"tributary","from":[-56.952937192985,-25.724789695375],"to":[-56.953492748524994,-25.727567473075]},"geometry":{"type":"Point","coordinates":[-56.952937192985,-25.724789695375]}},{"type":"Feature","properties":{"category":"flow_arrow","class":"tributary","from":[-56.954048304065,-25.728123028615],"to":[-56.954048304065,-25.728678584155]},"geometry":{"type":"Point","coordinates":[-56.954048304065,-25.728123028615]}},{"type":"Feature","properties":{"category":"flow_arrow","class":"tributary","from":[-56.954048304065,-25.728123028615],"to":[-56.954048304065,-25.728678584155]},"geometry":{"type":"Point","coordinates":[-56.954048304065,-25.728123028615]}},{"type":"Feature","properties":{"category":"flow_arrow","class":"tributary","from":[-56.954048304065,-25.728123028615],"to":[-56.954048304065,-25.728678584155]},"geometry":{"type":"Point","coordinates":[-56.954048304065,-25.728123028615]}},{"type":"Feature","properties":{"category":"flow_arrow","class":"tributary","from":[-56.954048304065,-25.728123028615],"to":[-56.954048304065,-25.728678584155]},"geometry":{"type":"Point","coordinates":[-56.954048304065,-25.728123028615]}},{"type":"Feature","properties":{"category":"flow_arrow","class":"tributary","from":[-56.951826081905,-25.692011918515],"to":[-56.951826081905,-25.689234140815]},"geometry":{"type":"Point","coordinates":[-56.951826081905,-25.692011918515]}},{"type":"Feature","properties":{"category":"flow_arrow","class":"tributary","from":[-56.951826081905,-25.688678585275],"to":[-56.951826081905,-25.689234140815]},"geometry":{"type":"Point","coordinates":[-56.951826081905,-25.688678585275]}}]}