{"type":"FeatureCollection","name":"hansen_gain_20km","metadata":{"source":"Hansen GFC v1.12","bbox":[-25.787336,-57.231502,-25.427336,-56.839502],"license":"CC-BY-4.0","pixel_count":1577,"feature_count":598,"generated_utc":"2026-07-05"},"features":[{"type":"Feature","properties":{"category":"hansen_gfc","layer":"forest_gain_2000_2012","color":"#22c55e","source":"Hansen GFC v1.12"},"geometry":{"type":"Polygon","coordinates":[[[-57.04625,-25.429],[-57.04625,-25.429249999999996],[-57.046,-25.429249999999996],[-57.046,-25.429],[-57.04625,-25.429]]]}},{"type":"Feature","properties":{"category":"hansen_gfc","layer":"forest_gain_2000_2012","color":"#22c55e","source":"Hansen GFC v1.12"},"geometry":{"type":"Polygon","coordinates":[[[-56.97025,-25.429],[-56.97025,-25.429249999999996],[-56.96975,-25.429249999999996],[-56.96975,-25.429],[-56.97025,-25.429]]]}},{"type":"Feature","properties":{"category":"hansen_gfc","layer":"forest_gain_2000_2012","color":"#22c55e","source":"Hansen GFC v1.12"},"geometry":{"type":"Polygon","coordinates":[[[-57.159749999999995,-25.429249999999996],[-57.159749999999995,-25.429499999999997],[-57.1595,-25.429499999999997],[-57.1595,-25.429249999999996],[-57.159749999999995,-25.429249999999996]]]}},{"type":"Feature","properties":{"category":"hansen_gfc","layer":"forest_gain_2000_2012","color":"#22c55e","source":"Hansen GFC v1.12"},"geometry":{"type":"Polygon","coordinates":[[[-57.046499999999995,-25.42975],[-57.046499999999995,-25.430249999999997],[-57.04625,-25.430249999999997],[-57.04625,-25.4305],[-57.046,-25.4305],[-57.046,-25.42975],[-57.046499999999995,-25.42975]]]}},{"type":"Feature","properties":{"category":"hansen_gfc","layer":"forest_gain_2000_2012","color":"#22c55e","source":"Hansen GFC v1.12"},"geometry":{"type":"Polygon","coordinates":[[[-56.991499999999995,-25.430249999999997],[-56.991499999999995,-25.4305],[-56.991,-25.4305],[-56.991,-25.430249999999997],[-56.991499999999995,-25.430249999999997]]]}},{"type":"Feature","properties":{"category":"hansen_gfc","layer":"forest_gain_2000_2012","color":"#22c55e","source":"Hansen GFC v1.12"},"geometry":{"type":"Polygon","coordinates":[[[-57.152249999999995,-25.4305],[-57.152249999999995,-25.430749999999996],[-57.152,-25.430749999999996],[-57.152,-25.4305],[-57.152249999999995,-25.4305]]]}},{"type":"Feature","properties":{"category":"hansen_gfc","layer":"forest_gain_2000_2012","color":"#22c55e","source":"Hansen GFC v1.12"},"geometry":{"type":"Polygon","coordinates":[[[-57.15575,-25.431499999999996],[-57.15575,-25.431749999999997],[-57.155499999999996,-25.431749999999997],[-57.155499999999996,-25.431499999999996],[-57.15575,-25.431499999999996]]]}},{"type":"Feature","properties":{"category":"hansen_gfc","layer":"forest_gain_2000_2012","color":"#22c55e","source":"Hansen GFC v1.12"},"geometry":{"type":"Polygon","coordinates":[[[-57.044,-25.432],[-57.044,-25.432249999999996],[-57.0435,-25.432249999999996],[-57.0435,-25.432],[-57.044,-25.432]]]}},{"type":"Feature","properties":{"category":"hansen_gfc","layer":"forest_gain_2000_2012","color":"#22c55e","source":"Hansen GFC v1.12"},"geometry":{"type":"Polygon","coordinates":[[[-56.94125,-25.432],[-56.94125,-25.43275],[-56.94075,-25.43275],[-56.94075,-25.432],[-56.94125,-25.432]]]}},{"type":"Feature","properties":{"category":"hansen_gfc","layer":"forest_gain_2000_2012","color":"#22c55e","source":"Hansen GFC v1.12"},"geometry":{"type":"Polygon","coordinates":[[[-57.04475,-25.432249999999996],[-57.04475,-25.43275],[-57.0445,-25.43275],[-57.0445,-25.432249999999996],[-57.04475,-25.432249999999996]]]}},{"type":"Feature","properties":{"category":"hansen_gfc","layer":"forest_gain_2000_2012","color":"#22c55e","source":"Hansen GFC v1.12"},"geometry":{"type":"Polygon","coordinates":[[[-57.131499999999996,-25.432999999999996],[-57.131499999999996,-25.433249999999997],[-57.13125,-25.433249999999997],[-57.13125,-25.432999999999996],[-57.131499999999996,-25.432999999999996]]]}},{"type":"Feature","properties":{"category":"hansen_gfc","layer":"forest_gain_2000_2012","color":"#22c55e","source":"Hansen GFC v1.12"},"geometry":{"type":"Polygon","coordinates":[[[-56.914,-25.433249999999997],[-56.914,-25.4335],[-56.91375,-25.4335],[-56.91375,-25.433249999999997],[-56.914,-25.433249999999997]]]}},{"type":"Feature","properties":{"category":"hansen_gfc","layer":"forest_gain_2000_2012","color":"#22c55e","source":"Hansen GFC v1.12"},"geometry":{"type":"Polygon","coordinates":[[[-57.132999999999996,-25.4335],[-57.132999999999996,-25.433749999999996],[-57.13275,-25.433749999999996],[-57.13275,-25.4335],[-57.132999999999996,-25.4335]]]}},{"type":"Feature","properties":{"category":"hansen_gfc","layer":"forest_gain_2000_2012","color":"#22c55e","source":"Hansen GFC v1.12"},"geometry":{"type":"Polygon","coordinates":[[[-56.91475,-25.4335],[-56.91475,-25.433749999999996],[-56.9145,-25.433749999999996],[-56.9145,-25.4335],[-56.91475,-25.4335]]]}},{"type":"Feature","properties":{"category":"hansen_gfc","layer":"forest_gain_2000_2012","color":"#22c55e","source":"Hansen GFC v1.12"},"geometry":{"type":"Polygon","coordinates":[[[-56.978,-25.433749999999996],[-56.978,-25.433999999999997],[-56.97775,-25.433999999999997],[-56.97775,-25.433749999999996],[-56.978,-25.433749999999996]]]}},{"type":"Feature","properties":{"category":"hansen_gfc","layer":"forest_gain_2000_2012","color":"#22c55e","source":"Hansen GFC v1.12"},"geometry":{"type":"Polygon","coordinates":[[[-56.952749999999995,-25.433999999999997],[-56.952749999999995,-25.43425],[-56.95225,-25.43425],[-56.95225,-25.433999999999997],[-56.952749999999995,-25.433999999999997]]]}},{"type":"Feature","properties":{"category":"hansen_gfc","layer":"forest_gain_2000_2012","color":"#22c55e","source":"Hansen GFC v1.12"},"geometry":{"type":"Polygon","coordinates":[[[-56.94075,-25.433999999999997],[-56.94075,-25.43425],[-56.94025,-25.43425],[-56.94025,-25.433999999999997],[-56.94075,-25.433999999999997]]]}},{"type":"Feature","properties":{"category":"hansen_gfc","layer":"forest_gain_2000_2012","color":"#22c55e","source":"Hansen GFC v1.12"},"geometry":{"type":"Polygon","coordinates":[[[-56.915749999999996,-25.433999999999997],[-56.915749999999996,-25.43425],[-56.91525,-25.43425],[-56.91525,-25.433999999999997],[-56.915749999999996,-25.433999999999997]]]}},{"type":"Feature","properties":{"category":"hansen_gfc","layer":"forest_gain_2000_2012","color":"#22c55e","source":"Hansen GFC v1.12"},"geometry":{"type":"Polygon","coordinates":[[[-57.14825,-25.434499999999996],[-57.14825,-25.434749999999998],[-57.147999999999996,-25.434749999999998],[-57.147999999999996,-25.434499999999996],[-57.14825,-25.434499999999996]]]}},{"type":"Feature","properties":{"category":"hansen_gfc","layer":"forest_gain_2000_2012","color":"#22c55e","source":"Hansen GFC v1.12"},"geometry":{"type":"Polygon","coordinates":[[[-56.91225,-25.434499999999996],[-56.91225,-25.434749999999998],[-56.912,-25.434749999999998],[-56.912,-25.435249999999996],[-56.91175,-25.435249999999996],[-56.91175,-25.434749999999998],[-56.912,-25.434749999999998],[-56.912,-25.434499999999996],[-56.91225,-25.434499999999996]]]}},{"type":"Feature","properties":{"category":"hansen_gfc","layer":"forest_gain_2000_2012","color":"#22c55e","source":"Hansen GFC v1.12"},"geometry":{"type":"Polygon","coordinates":[[[-56.911,-25.436249999999998],[-56.911,-25.4365],[-56.91075,-25.4365],[-56.91075,-25.436749999999996],[-56.9105,-25.436749999999996],[-56.9105,-25.4365],[-56.91075,-25.4365],[-56.91075,-25.436249999999998],[-56.911,-25.436249999999998]]]}},{"type":"Feature","properties":{"category":"hansen_gfc","layer":"forest_gain_2000_2012","color":"#22c55e","source":"Hansen GFC v1.12"},"geometry":{"type":"Polygon","coordinates":[[[-56.92975,-25.435999999999996],[-56.92975,-25.4365],[-56.93025,-25.4365],[-56.93025,-25.436749999999996],[-56.92975,-25.436749999999996],[-56.92975,-25.436999999999998],[-56.929249999999996,-25.436999999999998],[-56.929249999999996,-25.436749999999996],[-56.9295,-25.436749999999996],[-56.9295,-25.435999999999996],[-56.92975,-25.435999999999996]]]}},{"type":"Feature","properties":{"category":"hansen_gfc","layer":"forest_gain_2000_2012","color":"#22c55e","source":"Hansen GFC v1.12"},"geometry":{"type":"Polygon","coordinates":[[[-56.879,-25.436749999999996],[-56.879,-25.436999999999998],[-56.87875,-25.436999999999998],[-56.87875,-25.436749999999996],[-56.879,-25.436749999999996]]]}},{"type":"Feature","properties":{"category":"hansen_gfc","layer":"forest_gain_2000_2012","color":"#22c55e","source":"Hansen GFC v1.12"},"geometry":{"type":"Polygon","coordinates":[[[-56.900999999999996,-25.435249999999996],[-56.900999999999996,-25.435499999999998],[-56.900749999999995,-25.435499999999998],[-56.900749999999995,-25.43575],[-56.900999999999996,-25.43575],[-56.900999999999996,-25.435999999999996],[-56.90125,-25.435999999999996],[-56.90125,-25.436249999999998],[-56.900749999999995,-25.436249999999998],[-56.900749999999995,-25.4365],[-56.900999999999996,-25.4365],[-56.900999999999996,-25.436749999999996],[-56.900749999999995,-25.436749999999996],[-56.900749999999995,-25.436999999999998],[-56.9005,-25.436999999999998],[-56.9005,-25.43725],[-56.90025,-25.43725],[-56.90025,-25.437749999999998],[-56.89975,-25.437749999999998],[-56.89975,-25.438],[-56.89875,-25.438],[-56.89875,-25.437749999999998],[-56.89825,-25.437749999999998],[-56.89825,-25.43725],[-56.8985,-25.43725],[-56.8985,-25.436749999999996],[-56.899,-25.436749999999996],[-56.899,-25.4365],[-56.899249999999995,-25.4365],[-56.899249999999995,-25.436249999999998],[-56.899499999999996,-25.436249999999998],[-56.899499999999996,-25.435999999999996],[-56.89975,-25.435999999999996],[-56.89975,-25.43575],[-56.90025,-25.43575],[-56.90025,-25.435499999999998],[-56.900749999999995,-25.435499999999998],[-56.900749999999995,-25.435249999999996],[-56.900999999999996,-25.435249999999996]],[[-56.900749999999995,-25.4365],[-56.9005,-25.4365],[-56.9005,-25.436749999999996],[-56.900749999999995,-25.436749999999996],[-56.900749999999995,-25.4365]]]}},{"type":"Feature","properties":{"category":"hansen_gfc","layer":"forest_gain_2000_2012","color":"#22c55e","source":"Hansen GFC v1.12"},"geometry":{"type":"Polygon","coordinates":[[[-56.929249999999996,-25.437749999999998],[-56.929249999999996,-25.438],[-56.928999999999995,-25.438],[-56.928999999999995,-25.437749999999998],[-56.929249999999996,-25.437749999999998]]]}},{"type":"Feature","properties":{"category":"hansen_gfc","layer":"forest_gain_2000_2012","color":"#22c55e","source":"Hansen GFC v1.12"},"geometry":{"type":"Polygon","coordinates":[[[-57.1615,-25.438249999999996],[-57.1615,-25.438499999999998],[-57.161249999999995,-25.438499999999998],[-57.161249999999995,-25.438249999999996],[-57.1615,-25.438249999999996]]]}},{"type":"Feature","properties":{"category":"hansen_gfc","layer":"forest_gain_2000_2012","color":"#22c55e","source":"Hansen GFC v1.12"},"geometry":{"type":"Polygon","coordinates":[[[-56.995999999999995,-25.438499999999998],[-56.995999999999995,-25.438999999999997],[-56.99575,-25.438999999999997],[-56.99575,-25.43875],[-56.99525,-25.43875],[-56.99525,-25.438499999999998],[-56.995999999999995,-25.438499999999998]]]}},{"type":"Feature","properties":{"category":"hansen_gfc","layer":"forest_gain_2000_2012","color":"#22c55e","source":"Hansen GFC v1.12"},"geometry":{"type":"Polygon","coordinates":[[[-56.994,-25.43875],[-56.994,-25.438999999999997],[-56.99375,-25.438999999999997],[-56.99375,-25.43875],[-56.994,-25.43875]]]}},{"type":"Feature","properties":{"category":"hansen_gfc","layer":"forest_gain_2000_2012","color":"#22c55e","source":"Hansen GFC v1.12"},"geometry":{"type":"Polygon","coordinates":[[[-57.1695,-25.438999999999997],[-57.1695,-25.439249999999998],[-57.16925,-25.439249999999998],[-57.16925,-25.438999999999997],[-57.1695,-25.438999999999997]]]}},{"type":"Feature","properties":{"category":"hansen_gfc","layer":"forest_gain_2000_2012","color":"#22c55e","source":"Hansen GFC v1.12"},"geometry":{"type":"Polygon","coordinates":[[[-56.911,-25.438999999999997],[-56.911,-25.439249999999998],[-56.91075,-25.439249999999998],[-56.91075,-25.438999999999997],[-56.911,-25.438999999999997]]]}},{"type":"Feature","properties":{"category":"hansen_gfc","layer":"forest_gain_2000_2012","color":"#22c55e","source":"Hansen GFC v1.12"},"geometry":{"type":"Polygon","coordinates":[[[-56.99725,-25.439249999999998],[-56.99725,-25.4395],[-56.997,-25.4395],[-56.997,-25.439249999999998],[-56.99725,-25.439249999999998]]]}},{"type":"Feature","properties":{"category":"hansen_gfc","layer":"forest_gain_2000_2012","color":"#22c55e","source":"Hansen GFC v1.12"},"geometry":{"type":"Polygon","coordinates":[[[-57.1155,-25.44025],[-57.1155,-25.440499999999997],[-57.11575,-25.440499999999997],[-57.11575,-25.440749999999998],[-57.1155,-25.440749999999998],[-57.1155,-25.440499999999997],[-57.115249999999996,-25.440499999999997],[-57.115249999999996,-25.44025],[-57.1155,-25.44025]]]}},{"type":"Feature","properties":{"category":"hansen_gfc","layer":"forest_gain_2000_2012","color":"#22c55e","source":"Hansen GFC v1.12"},"geometry":{"type":"Polygon","coordinates":[[[-56.930499999999995,-25.440749999999998],[-56.930499999999995,-25.441249999999997],[-56.93025,-25.441249999999997],[-56.93025,-25.441499999999998],[-56.92975,-25.441499999999998],[-56.92975,-25.440749999999998],[-56.930499999999995,-25.440749999999998]]]}},{"type":"Feature","properties":{"category":"hansen_gfc","layer":"forest_gain_2000_2012","color":"#22c55e","source":"Hansen GFC v1.12"},"geometry":{"type":"Polygon","coordinates":[[[-56.9505,-25.44175],[-56.9505,-25.441999999999997],[-56.95025,-25.441999999999997],[-56.95025,-25.44175],[-56.9505,-25.44175]]]}},{"type":"Feature","properties":{"category":"hansen_gfc","layer":"forest_gain_2000_2012","color":"#22c55e","source":"Hansen GFC v1.12"},"geometry":{"type":"Polygon","coordinates":[[[-57.01075,-25.441999999999997],[-57.01075,-25.442249999999998],[-57.0105,-25.442249999999998],[-57.0105,-25.441999999999997],[-57.01075,-25.441999999999997]]]}},{"type":"Feature","properties":{"category":"hansen_gfc","layer":"forest_gain_2000_2012","color":"#22c55e","source":"Hansen GFC v1.12"},"geometry":{"type":"Polygon","coordinates":[[[-56.912749999999996,-25.441999999999997],[-56.912749999999996,-25.442249999999998],[-56.912,-25.442249999999998],[-56.912,-25.441999999999997],[-56.912749999999996,-25.441999999999997]]]}},{"type":"Feature","properties":{"category":"hansen_gfc","layer":"forest_gain_2000_2012","color":"#22c55e","source":"Hansen GFC v1.12"},"geometry":{"type":"Polygon","coordinates":[[[-56.95625,-25.442249999999998],[-56.95625,-25.442749999999997],[-56.955999999999996,-25.442749999999997],[-56.955999999999996,-25.442249999999998],[-56.95625,-25.442249999999998]]]}},{"type":"Feature","properties":{"category":"hansen_gfc","layer":"forest_gain_2000_2012","color":"#22c55e","source":"Hansen GFC v1.12"},"geometry":{"type":"Polygon","coordinates":[[[-57.010999999999996,-25.442749999999997],[-57.010999999999996,-25.442999999999998],[-57.01075,-25.442999999999998],[-57.01075,-25.442749999999997],[-57.010999999999996,-25.442749999999997]]]}},{"type":"Feature","properties":{"category":"hansen_gfc","layer":"forest_gain_2000_2012","color":"#22c55e","source":"Hansen GFC v1.12"},"geometry":{"type":"Polygon","coordinates":[[[-57.119499999999995,-25.442749999999997],[-57.119499999999995,-25.442999999999998],[-57.11925,-25.442999999999998],[-57.11925,-25.443249999999995],[-57.119,-25.443249999999995],[-57.119,-25.442999999999998],[-57.11925,-25.442999999999998],[-57.11925,-25.442749999999997],[-57.119499999999995,-25.442749999999997]]]}},{"type":"Feature","properties":{"category":"hansen_gfc","layer":"forest_gain_2000_2012","color":"#22c55e","source":"Hansen GFC v1.12"},"geometry":{"type":"Polygon","coordinates":[[[-56.93125,-25.442249999999998],[-56.93125,-25.442749999999997],[-56.9315,-25.442749999999997],[-56.9315,-25.442999999999998],[-56.93125,-25.442999999999998],[-56.93125,-25.443249999999995],[-56.930749999999996,-25.443249999999995],[-56.930749999999996,-25.443499999999997],[-56.930499999999995,-25.443499999999997],[-56.930499999999995,-25.442999999999998],[-56.93025,-25.442999999999998],[-56.93025,-25.442749999999997],[-56.930499999999995,-25.442749999999997],[-56.930499999999995,-25.442249999999998],[-56.93125,-25.442249999999998]]]}},{"type":"Feature","properties":{"category":"hansen_gfc","layer":"forest_gain_2000_2012","color":"#22c55e","source":"Hansen GFC v1.12"},"geometry":{"type":"Polygon","coordinates":[[[-56.94775,-25.443249999999995],[-56.94775,-25.443499999999997],[-56.94725,-25.443499999999997],[-56.94725,-25.443749999999998],[-56.946999999999996,-25.443749999999998],[-56.946999999999996,-25.443249999999995],[-56.94775,-25.443249999999995]]]}},{"type":"Feature","properties":{"category":"hansen_gfc","layer":"forest_gain_2000_2012","color":"#22c55e","source":"Hansen GFC v1.12"},"geometry":{"type":"Polygon","coordinates":[[[-56.954499999999996,-25.443499999999997],[-56.954499999999996,-25.443749999999998],[-56.954249999999995,-25.443749999999998],[-56.954249999999995,-25.443499999999997],[-56.954499999999996,-25.443499999999997]]]}},{"type":"Feature","properties":{"category":"hansen_gfc","layer":"forest_gain_2000_2012","color":"#22c55e","source":"Hansen GFC v1.12"},"geometry":{"type":"Polygon","coordinates":[[[-56.913,-25.443249999999995],[-56.913,-25.443999999999996],[-56.91225,-25.443999999999996],[-56.91225,-25.443499999999997],[-56.912,-25.443499999999997],[-56.912,-25.443249999999995],[-56.913,-25.443249999999995]]]}},{"type":"Feature","properties":{"category":"hansen_gfc","layer":"forest_gain_2000_2012","color":"#22c55e","source":"Hansen GFC v1.12"},"geometry":{"type":"Polygon","coordinates":[[[-57.12375,-25.443749999999998],[-57.12375,-25.443999999999996],[-57.123999999999995,-25.443999999999996],[-57.123999999999995,-25.444249999999997],[-57.12375,-25.444249999999997],[-57.12375,-25.443999999999996],[-57.1235,-25.443999999999996],[-57.1235,-25.443749999999998],[-57.12375,-25.443749999999998]]]}},{"type":"Feature","properties":{"category":"hansen_gfc","layer":"forest_gain_2000_2012","color":"#22c55e","source":"Hansen GFC v1.12"},"geometry":{"type":"Polygon","coordinates":[[[-56.9535,-25.442999999999998],[-56.9535,-25.443249999999995],[-56.952999999999996,-25.443249999999995],[-56.952999999999996,-25.443499999999997],[-56.95325,-25.443499999999997],[-56.95325,-25.443749999999998],[-56.95375,-25.443749999999998],[-56.95375,-25.443999999999996],[-56.9535,-25.443999999999996],[-56.9535,-25.444249999999997],[-56.95325,-25.444249999999997],[-56.95325,-25.443999999999996],[-56.952999999999996,-25.443999999999996],[-56.952999999999996,-25.443499999999997],[-56.952749999999995,-25.443499999999997],[-56.952749999999995,-25.443249999999995],[-56.952999999999996,-25.443249999999995],[-56.952999999999996,-25.442999999999998],[-56.9535,-25.442999999999998]]]}},{"type":"Feature","properties":{"category":"hansen_gfc","layer":"forest_gain_2000_2012","color":"#22c55e","source":"Hansen GFC v1.12"},"geometry":{"type":"Polygon","coordinates":[[[-57.11875,-25.443499999999997],[-57.11875,-25.443749999999998],[-57.1185,-25.443749999999998],[-57.1185,-25.443999999999996],[-57.118249999999996,-25.443999999999996],[-57.118249999999996,-25.444499999999998],[-57.117999999999995,-25.444499999999998],[-57.117999999999995,-25.444249999999997],[-57.11775,-25.444249999999997],[-57.11775,-25.443749999999998],[-57.117999999999995,-25.443749999999998],[-57.117999999999995,-25.443499999999997],[-57.11875,-25.443499999999997]]]}},{"type":"Feature","properties":{"category":"hansen_gfc","layer":"forest_gain_2000_2012","color":"#22c55e","source":"Hansen GFC v1.12"},"geometry":{"type":"Polygon","coordinates":[[[-56.903749999999995,-25.444749999999996],[-56.903749999999995,-25.445249999999998],[-56.90325,-25.445249999999998],[-56.90325,-25.444749999999996],[-56.903749999999995,-25.444749999999996]]]}},{"type":"Feature","properties":{"category":"hansen_gfc","layer":"forest_gain_2000_2012","color":"#22c55e","source":"Hansen GFC v1.12"},"geometry":{"type":"Polygon","coordinates":[[[-56.9135,-25.444249999999997],[-56.9135,-25.444749999999996],[-56.91375,-25.444749999999996],[-56.91375,-25.445499999999996],[-56.91325,-25.445499999999996],[-56.91325,-25.445249999999998],[-56.9135,-25.445249999999998],[-56.9135,-25.444749999999996],[-56.91325,-25.444749999999996],[-56.91325,-25.444249999999997],[-56.9135,-25.444249999999997]]]}},{"type":"Feature","properties":{"category":"hansen_gfc","layer":"forest_gain_2000_2012","color":"#22c55e","source":"Hansen GFC v1.12"},"geometry":{"type":"Polygon","coordinates":[[[-56.866499999999995,-25.445249999999998],[-56.866499999999995,-25.445499999999996],[-56.86625,-25.445499999999996],[-56.86625,-25.445249999999998],[-56.866499999999995,-25.445249999999998]]]}},{"type":"Feature","properties":{"category":"hansen_gfc","layer":"forest_gain_2000_2012","color":"#22c55e","source":"Hansen GFC v1.12"},"geometry":{"type":"Polygon","coordinates":[[[-57.1265,-25.445499999999996],[-57.1265,-25.445749999999997],[-57.12675,-25.445749999999997],[-57.12675,-25.445999999999998],[-57.1265,-25.445999999999998],[-57.1265,-25.445749999999997],[-57.12625,-25.445749999999997],[-57.12625,-25.445499999999996],[-57.1265,-25.445499999999996]]]}},{"type":"Feature","properties":{"category":"hansen_gfc","layer":"forest_gain_2000_2012","color":"#22c55e","source":"Hansen GFC v1.12"},"geometry":{"type":"Polygon","coordinates":[[[-57.02325,-25.446249999999996],[-57.02325,-25.446499999999997],[-57.022999999999996,-25.446499999999997],[-57.022999999999996,-25.446249999999996],[-57.02325,-25.446249999999996]]]}},{"type":"Feature","properties":{"category":"hansen_gfc","layer":"forest_gain_2000_2012","color":"#22c55e","source":"Hansen GFC v1.12"},"geometry":{"type":"Polygon","coordinates":[[[-57.12575,-25.446249999999996],[-57.12575,-25.446749999999998],[-57.125499999999995,-25.446749999999998],[-57.125499999999995,-25.446249999999996],[-57.12575,-25.446249999999996]]]}},{"type":"Feature","properties":{"category":"hansen_gfc","layer":"forest_gain_2000_2012","color":"#22c55e","source":"Hansen GFC v1.12"},"geometry":{"type":"Polygon","coordinates":[[[-56.8565,-25.446999999999996],[-56.8565,-25.447749999999996],[-56.856249999999996,-25.447749999999996],[-56.856249999999996,-25.446999999999996],[-56.8565,-25.446999999999996]]]}},{"type":"Feature","properties":{"category":"hansen_gfc","layer":"forest_gain_2000_2012","color":"#22c55e","source":"Hansen GFC v1.12"},"geometry":{"type":"Polygon","coordinates":[[[-56.920249999999996,-25.447999999999997],[-56.920249999999996,-25.448249999999998],[-56.91975,-25.448249999999998],[-56.91975,-25.447999999999997],[-56.920249999999996,-25.447999999999997]]]}},{"type":"Feature","properties":{"category":"hansen_gfc","layer":"forest_gain_2000_2012","color":"#22c55e","source":"Hansen GFC v1.12"},"geometry":{"type":"Polygon","coordinates":[[[-56.9015,-25.447999999999997],[-56.9015,-25.448249999999998],[-56.90125,-25.448249999999998],[-56.90125,-25.447999999999997],[-56.9015,-25.447999999999997]]]}},{"type":"Feature","properties":{"category":"hansen_gfc","layer":"forest_gain_2000_2012","color":"#22c55e","source":"Hansen GFC v1.12"},"geometry":{"type":"Polygon","coordinates":[[[-56.85675,-25.447999999999997],[-56.85675,-25.448249999999998],[-56.8565,-25.448249999999998],[-56.8565,-25.447999999999997],[-56.85675,-25.447999999999997]]]}},{"type":"Feature","properties":{"category":"hansen_gfc","layer":"forest_gain_2000_2012","color":"#22c55e","source":"Hansen GFC v1.12"},"geometry":{"type":"Polygon","coordinates":[[[-56.973749999999995,-25.448249999999998],[-56.973749999999995,-25.448499999999996],[-56.9735,-25.448499999999996],[-56.9735,-25.448249999999998],[-56.973749999999995,-25.448249999999998]]]}},{"type":"Feature","properties":{"category":"hansen_gfc","layer":"forest_gain_2000_2012","color":"#22c55e","source":"Hansen GFC v1.12"},"geometry":{"type":"Polygon","coordinates":[[[-56.932249999999996,-25.448249999999998],[-56.932249999999996,-25.448499999999996],[-56.931999999999995,-25.448499999999996],[-56.931999999999995,-25.448249999999998],[-56.932249999999996,-25.448249999999998]]]}},{"type":"Feature","properties":{"category":"hansen_gfc","layer":"forest_gain_2000_2012","color":"#22c55e","source":"Hansen GFC v1.12"},"geometry":{"type":"Polygon","coordinates":[[[-56.95475,-25.448499999999996],[-56.95475,-25.448749999999997],[-56.954249999999995,-25.448749999999997],[-56.954249999999995,-25.448499999999996],[-56.95475,-25.448499999999996]]]}},{"type":"Feature","properties":{"category":"hansen_gfc","layer":"forest_gain_2000_2012","color":"#22c55e","source":"Hansen GFC v1.12"},"geometry":{"type":"Polygon","coordinates":[[[-57.14875,-25.448749999999997],[-57.14875,-25.448999999999998],[-57.1485,-25.448999999999998],[-57.1485,-25.448749999999997],[-57.14875,-25.448749999999997]]]}},{"type":"Feature","properties":{"category":"hansen_gfc","layer":"forest_gain_2000_2012","color":"#22c55e","source":"Hansen GFC v1.12"},"geometry":{"type":"Polygon","coordinates":[[[-56.917249999999996,-25.448749999999997],[-56.917249999999996,-25.448999999999998],[-56.917,-25.448999999999998],[-56.917,-25.448749999999997],[-56.917249999999996,-25.448749999999997]]]}},{"type":"Feature","properties":{"category":"hansen_gfc","layer":"forest_gain_2000_2012","color":"#22c55e","source":"Hansen GFC v1.12"},"geometry":{"type":"Polygon","coordinates":[[[-56.85225,-25.448999999999998],[-56.85225,-25.449249999999996],[-56.852,-25.449249999999996],[-56.852,-25.448999999999998],[-56.85225,-25.448999999999998]]]}},{"type":"Feature","properties":{"category":"hansen_gfc","layer":"forest_gain_2000_2012","color":"#22c55e","source":"Hansen GFC v1.12"},"geometry":{"type":"Polygon","coordinates":[[[-57.012,-25.449499999999997],[-57.012,-25.449749999999998],[-57.01175,-25.449749999999998],[-57.01175,-25.449499999999997],[-57.012,-25.449499999999997]]]}},{"type":"Feature","properties":{"category":"hansen_gfc","layer":"forest_gain_2000_2012","color":"#22c55e","source":"Hansen GFC v1.12"},"geometry":{"type":"Polygon","coordinates":[[[-56.8735,-25.449499999999997],[-56.8735,-25.449749999999998],[-56.87325,-25.449749999999998],[-56.87325,-25.449499999999997],[-56.8735,-25.449499999999997]]]}},{"type":"Feature","properties":{"category":"hansen_gfc","layer":"forest_gain_2000_2012","color":"#22c55e","source":"Hansen GFC v1.12"},"geometry":{"type":"Polygon","coordinates":[[[-56.92525,-25.449749999999998],[-56.92525,-25.450249999999997],[-56.924749999999996,-25.450249999999997],[-56.924749999999996,-25.449749999999998],[-56.92525,-25.449749999999998]]]}},{"type":"Feature","properties":{"category":"hansen_gfc","layer":"forest_gain_2000_2012","color":"#22c55e","source":"Hansen GFC v1.12"},"geometry":{"type":"Polygon","coordinates":[[[-56.854,-25.449749999999998],[-56.854,-25.450499999999998],[-56.85375,-25.450499999999998],[-56.85375,-25.449749999999998],[-56.854,-25.449749999999998]]]}},{"type":"Feature","properties":{"category":"hansen_gfc","layer":"forest_gain_2000_2012","color":"#22c55e","source":"Hansen GFC v1.12"},"geometry":{"type":"Polygon","coordinates":[[[-57.149499999999996,-25.449499999999997],[-57.149499999999996,-25.449749999999998],[-57.14975,-25.449749999999998],[-57.14975,-25.450249999999997],[-57.15025,-25.450249999999997],[-57.15025,-25.450499999999998],[-57.14975,-25.450499999999998],[-57.14975,-25.450249999999997],[-57.149,-25.450249999999997],[-57.149,-25.449749999999998],[-57.149249999999995,-25.449749999999998],[-57.149249999999995,-25.449499999999997],[-57.149499999999996,-25.449499999999997]]]}},{"type":"Feature","properties":{"category":"hansen_gfc","layer":"forest_gain_2000_2012","color":"#22c55e","source":"Hansen GFC v1.12"},"geometry":{"type":"Polygon","coordinates":[[[-56.933499999999995,-25.450249999999997],[-56.933499999999995,-25.450499999999998],[-56.93325,-25.450499999999998],[-56.93325,-25.450249999999997],[-56.933499999999995,-25.450249999999997]]]}},{"type":"Feature","properties":{"category":"hansen_gfc","layer":"forest_gain_2000_2012","color":"#22c55e","source":"Hansen GFC v1.12"},"geometry":{"type":"Polygon","coordinates":[[[-56.918,-25.450249999999997],[-56.918,-25.450499999999998],[-56.91775,-25.450499999999998],[-56.91775,-25.450249999999997],[-56.918,-25.450249999999997]]]}},{"type":"Feature","properties":{"category":"hansen_gfc","layer":"forest_gain_2000_2012","color":"#22c55e","source":"Hansen GFC v1.12"},"geometry":{"type":"Polygon","coordinates":[[[-56.8735,-25.450249999999997],[-56.8735,-25.450499999999998],[-56.87325,-25.450499999999998],[-56.87325,-25.450249999999997],[-56.8735,-25.450249999999997]]]}},{"type":"Feature","properties":{"category":"hansen_gfc","layer":"forest_gain_2000_2012","color":"#22c55e","source":"Hansen GFC v1.12"},"geometry":{"type":"Polygon","coordinates":[[[-56.93425,-25.450749999999996],[-56.93425,-25.450999999999997],[-56.934,-25.450999999999997],[-56.934,-25.450749999999996],[-56.93425,-25.450749999999996]]]}},{"type":"Feature","properties":{"category":"hansen_gfc","layer":"forest_gain_2000_2012","color":"#22c55e","source":"Hansen GFC v1.12"},"geometry":{"type":"Polygon","coordinates":[[[-56.8685,-25.450749999999996],[-56.8685,-25.450999999999997],[-56.868249999999996,-25.450999999999997],[-56.868249999999996,-25.450749999999996],[-56.8685,-25.450749999999996]]]}},{"type":"Feature","properties":{"category":"hansen_gfc","layer":"forest_gain_2000_2012","color":"#22c55e","source":"Hansen GFC v1.12"},"geometry":{"type":"Polygon","coordinates":[[[-57.001999999999995,-25.449499999999997],[-57.001999999999995,-25.449749999999998],[-57.00225,-25.449749999999998],[-57.00225,-25.450249999999997],[-57.00275,-25.450249999999997],[-57.00275,-25.450499999999998],[-57.00225,-25.450499999999998],[-57.00225,-25.450749999999996],[-57.001999999999995,-25.450749999999996],[-57.001999999999995,-25.450999999999997],[-57.00175,-25.450999999999997],[-57.00175,-25.451249999999998],[-57.0015,-25.451249999999998],[-57.0015,-25.450999999999997],[-57.00125,-25.450999999999997],[-57.00125,-25.450749999999996],[-57.0015,-25.450749999999996],[-57.0015,-25.450249999999997],[-57.00175,-25.450249999999997],[-57.00175,-25.449499999999997],[-57.001999999999995,-25.449499999999997]]]}},{"type":"Feature","properties":{"category":"hansen_gfc","layer":"forest_gain_2000_2012","color":"#22c55e","source":"Hansen GFC v1.12"},"geometry":{"type":"Polygon","coordinates":[[[-56.853249999999996,-25.450499999999998],[-56.853249999999996,-25.450999999999997],[-56.853,-25.450999999999997],[-56.853,-25.451249999999998],[-56.85275,-25.451249999999998],[-56.85275,-25.450999999999997],[-56.85225,-25.450999999999997],[-56.85225,-25.450749999999996],[-56.85275,-25.450749999999996],[-56.85275,-25.450499999999998],[-56.853249999999996,-25.450499999999998]]]}},{"type":"Feature","properties":{"category":"hansen_gfc","layer":"forest_gain_2000_2012","color":"#22c55e","source":"Hansen GFC v1.12"},"geometry":{"type":"Polygon","coordinates":[[[-56.852,-25.450999999999997],[-56.852,-25.451249999999998],[-56.851749999999996,-25.451249999999998],[-56.851749999999996,-25.450999999999997],[-56.852,-25.450999999999997]]]}},{"type":"Feature","properties":{"category":"hansen_gfc","layer":"forest_gain_2000_2012","color":"#22c55e","source":"Hansen GFC v1.12"},"geometry":{"type":"Polygon","coordinates":[[[-56.8515,-25.450999999999997],[-56.8515,-25.451249999999998],[-56.85125,-25.451249999999998],[-56.85125,-25.450999999999997],[-56.8515,-25.450999999999997]]]}},{"type":"Feature","properties":{"category":"hansen_gfc","layer":"forest_gain_2000_2012","color":"#22c55e","source":"Hansen GFC v1.12"},"geometry":{"type":"Polygon","coordinates":[[[-57.12625,-25.451249999999998],[-57.12625,-25.451499999999996],[-57.126,-25.451499999999996],[-57.126,-25.451249999999998],[-57.12625,-25.451249999999998]]]}},{"type":"Feature","properties":{"category":"hansen_gfc","layer":"forest_gain_2000_2012","color":"#22c55e","source":"Hansen GFC v1.12"},"geometry":{"type":"Polygon","coordinates":[[[-57.141,-25.451499999999996],[-57.141,-25.451749999999997],[-57.14075,-25.451749999999997],[-57.14075,-25.451499999999996],[-57.141,-25.451499999999996]]]}},{"type":"Feature","properties":{"category":"hansen_gfc","layer":"forest_gain_2000_2012","color":"#22c55e","source":"Hansen GFC v1.12"},"geometry":{"type":"Polygon","coordinates":[[[-56.845749999999995,-25.451499999999996],[-56.845749999999995,-25.451749999999997],[-56.8455,-25.451749999999997],[-56.8455,-25.451499999999996],[-56.845749999999995,-25.451499999999996]]]}},{"type":"Feature","properties":{"category":"hansen_gfc","layer":"forest_gain_2000_2012","color":"#22c55e","source":"Hansen GFC v1.12"},"geometry":{"type":"Polygon","coordinates":[[[-56.84925,-25.451999999999998],[-56.84925,-25.452749999999998],[-56.849,-25.452749999999998],[-56.849,-25.451999999999998],[-56.84925,-25.451999999999998]]]}},{"type":"Feature","properties":{"category":"hansen_gfc","layer":"forest_gain_2000_2012","color":"#22c55e","source":"Hansen GFC v1.12"},"geometry":{"type":"Polygon","coordinates":[[[-57.04425,-25.452749999999998],[-57.04425,-25.452999999999996],[-57.044,-25.452999999999996],[-57.044,-25.452749999999998],[-57.04425,-25.452749999999998]]]}},{"type":"Feature","properties":{"category":"hansen_gfc","layer":"forest_gain_2000_2012","color":"#22c55e","source":"Hansen GFC v1.12"},"geometry":{"type":"Polygon","coordinates":[[[-57.003,-25.452749999999998],[-57.003,-25.452999999999996],[-57.00275,-25.452999999999996],[-57.00275,-25.452749999999998],[-57.003,-25.452749999999998]]]}},{"type":"Feature","properties":{"category":"hansen_gfc","layer":"forest_gain_2000_2012","color":"#22c55e","source":"Hansen GFC v1.12"},"geometry":{"type":"Polygon","coordinates":[[[-57.1095,-25.452999999999996],[-57.1095,-25.453249999999997],[-57.109249999999996,-25.453249999999997],[-57.109249999999996,-25.452999999999996],[-57.1095,-25.452999999999996]]]}},{"type":"Feature","properties":{"category":"hansen_gfc","layer":"forest_gain_2000_2012","color":"#22c55e","source":"Hansen GFC v1.12"},"geometry":{"type":"Polygon","coordinates":[[[-57.001999999999995,-25.452999999999996],[-57.001999999999995,-25.453249999999997],[-57.00175,-25.453249999999997],[-57.00175,-25.452999999999996],[-57.001999999999995,-25.452999999999996]]]}},{"type":"Feature","properties":{"category":"hansen_gfc","layer":"forest_gain_2000_2012","color":"#22c55e","source":"Hansen GFC v1.12"},"geometry":{"type":"Polygon","coordinates":[[[-56.993249999999996,-25.452999999999996],[-56.993249999999996,-25.453249999999997],[-56.992999999999995,-25.453249999999997],[-56.992999999999995,-25.452999999999996],[-56.993249999999996,-25.452999999999996]]]}},{"type":"Feature","properties":{"category":"hansen_gfc","layer":"forest_gain_2000_2012","color":"#22c55e","source":"Hansen GFC v1.12"},"geometry":{"type":"Polygon","coordinates":[[[-56.85725,-25.4535],[-56.85725,-25.453749999999996],[-56.857,-25.453749999999996],[-56.857,-25.4535],[-56.85725,-25.4535]]]}},{"type":"Feature","properties":{"category":"hansen_gfc","layer":"forest_gain_2000_2012","color":"#22c55e","source":"Hansen GFC v1.12"},"geometry":{"type":"Polygon","coordinates":[[[-56.9695,-25.4535],[-56.9695,-25.453749999999996],[-56.96975,-25.453749999999996],[-56.96975,-25.453999999999997],[-56.9695,-25.453999999999997],[-56.9695,-25.453749999999996],[-56.969249999999995,-25.453749999999996],[-56.969249999999995,-25.4535],[-56.9695,-25.4535]]]}},{"type":"Feature","properties":{"category":"hansen_gfc","layer":"forest_gain_2000_2012","color":"#22c55e","source":"Hansen GFC v1.12"},"geometry":{"type":"Polygon","coordinates":[[[-56.848,-25.453749999999996],[-56.848,-25.453999999999997],[-56.847249999999995,-25.453999999999997],[-56.847249999999995,-25.453749999999996],[-56.848,-25.453749999999996]]]}},{"type":"Feature","properties":{"category":"hansen_gfc","layer":"forest_gain_2000_2012","color":"#22c55e","source":"Hansen GFC v1.12"},"geometry":{"type":"Polygon","coordinates":[[[-57.11725,-25.454499999999996],[-57.11725,-25.454749999999997],[-57.117,-25.454749999999997],[-57.117,-25.454499999999996],[-57.11725,-25.454499999999996]]]}},{"type":"Feature","properties":{"category":"hansen_gfc","layer":"forest_gain_2000_2012","color":"#22c55e","source":"Hansen GFC v1.12"},"geometry":{"type":"Polygon","coordinates":[[[-56.8615,-25.454749999999997],[-56.8615,-25.455249999999996],[-56.86125,-25.455249999999996],[-56.86125,-25.454749999999997],[-56.8615,-25.454749999999997]]]}},{"type":"Feature","properties":{"category":"hansen_gfc","layer":"forest_gain_2000_2012","color":"#22c55e","source":"Hansen GFC v1.12"},"geometry":{"type":"Polygon","coordinates":[[[-57.05675,-25.45575],[-57.05675,-25.455999999999996],[-57.0565,-25.455999999999996],[-57.0565,-25.45575],[-57.05675,-25.45575]]]}},{"type":"Feature","properties":{"category":"hansen_gfc","layer":"forest_gain_2000_2012","color":"#22c55e","source":"Hansen GFC v1.12"},"geometry":{"type":"Polygon","coordinates":[[[-57.0565,-25.456249999999997],[-57.0565,-25.4565],[-57.05625,-25.4565],[-57.05625,-25.456249999999997],[-57.0565,-25.456249999999997]]]}},{"type":"Feature","properties":{"category":"hansen_gfc","layer":"forest_gain_2000_2012","color":"#22c55e","source":"Hansen GFC v1.12"},"geometry":{"type":"Polygon","coordinates":[[[-57.147999999999996,-25.4565],[-57.147999999999996,-25.456749999999996],[-57.147749999999995,-25.456749999999996],[-57.147749999999995,-25.4565],[-57.147999999999996,-25.4565]]]}},{"type":"Feature","properties":{"category":"hansen_gfc","layer":"forest_gain_2000_2012","color":"#22c55e","source":"Hansen GFC v1.12"},"geometry":{"type":"Polygon","coordinates":[[[-56.984249999999996,-25.4565],[-56.984249999999996,-25.456749999999996],[-56.983999999999995,-25.456749999999996],[-56.983999999999995,-25.4565],[-56.984249999999996,-25.4565]]]}},{"type":"Feature","properties":{"category":"hansen_gfc","layer":"forest_gain_2000_2012","color":"#22c55e","source":"Hansen GFC v1.12"},"geometry":{"type":"Polygon","coordinates":[[[-57.0945,-25.456249999999997],[-57.0945,-25.456999999999997],[-57.094249999999995,-25.456999999999997],[-57.094249999999995,-25.456749999999996],[-57.094,-25.456749999999996],[-57.094,-25.4565],[-57.094249999999995,-25.4565],[-57.094249999999995,-25.456249999999997],[-57.0945,-25.456249999999997]]]}},{"type":"Feature","properties":{"category":"hansen_gfc","layer":"forest_gain_2000_2012","color":"#22c55e","source":"Hansen GFC v1.12"},"geometry":{"type":"Polygon","coordinates":[[[-57.1505,-25.456999999999997],[-57.1505,-25.45725],[-57.15025,-25.45725],[-57.15025,-25.456999999999997],[-57.1505,-25.456999999999997]]]}},{"type":"Feature","properties":{"category":"hansen_gfc","layer":"forest_gain_2000_2012","color":"#22c55e","source":"Hansen GFC v1.12"},"geometry":{"type":"Polygon","coordinates":[[[-57.02925,-25.455499999999997],[-57.02925,-25.45575],[-57.0295,-25.45575],[-57.0295,-25.456249999999997],[-57.02925,-25.456249999999997],[-57.02925,-25.4565],[-57.0295,-25.4565],[-57.0295,-25.456749999999996],[-57.0285,-25.456749999999996],[-57.0285,-25.456999999999997],[-57.02975,-25.456999999999997],[-57.02975,-25.45725],[-57.028999999999996,-25.45725],[-57.028999999999996,-25.457749999999997],[-57.028,-25.457749999999997],[-57.028,-25.45725],[-57.02825,-25.45725],[-57.02825,-25.4565],[-57.028,-25.4565],[-57.028,-25.45575],[-57.02825,-25.45575],[-57.02825,-25.455499999999997],[-57.02925,-25.455499999999997]]]}},{"type":"Feature","properties":{"category":"hansen_gfc","layer":"forest_gain_2000_2012","color":"#22c55e","source":"Hansen GFC v1.12"},"geometry":{"type":"Polygon","coordinates":[[[-56.874249999999996,-25.45725],[-56.874249999999996,-25.457749999999997],[-56.873999999999995,-25.457749999999997],[-56.873999999999995,-25.45725],[-56.874249999999996,-25.45725]]]}},{"type":"Feature","properties":{"category":"hansen_gfc","layer":"forest_gain_2000_2012","color":"#22c55e","source":"Hansen GFC v1.12"},"geometry":{"type":"Polygon","coordinates":[[[-57.09475,-25.45725],[-57.09475,-25.458],[-57.0945,-25.458],[-57.0945,-25.45725],[-57.09475,-25.45725]]]}},{"type":"Feature","properties":{"category":"hansen_gfc","layer":"forest_gain_2000_2012","color":"#22c55e","source":"Hansen GFC v1.12"},"geometry":{"type":"Polygon","coordinates":[[[-57.019,-25.457749999999997],[-57.019,-25.458],[-57.0195,-25.458],[-57.0195,-25.458249999999996],[-57.019,-25.458249999999996],[-57.019,-25.458],[-57.01875,-25.458],[-57.01875,-25.457749999999997],[-57.019,-25.457749999999997]]]}},{"type":"Feature","properties":{"category":"hansen_gfc","layer":"forest_gain_2000_2012","color":"#22c55e","source":"Hansen GFC v1.12"},"geometry":{"type":"Polygon","coordinates":[[[-56.8885,-25.457749999999997],[-56.8885,-25.458249999999996],[-56.888,-25.458249999999996],[-56.888,-25.458499999999997],[-56.88825,-25.458499999999997],[-56.88825,-25.45875],[-56.888,-25.45875],[-56.888,-25.458999999999996],[-56.88775,-25.458999999999996],[-56.88775,-25.45875],[-56.887249999999995,-25.45875],[-56.887249999999995,-25.458],[-56.888,-25.458],[-56.888,-25.457749999999997],[-56.8885,-25.457749999999997]]]}},{"type":"Feature","properties":{"category":"hansen_gfc","layer":"forest_gain_2000_2012","color":"#22c55e","source":"Hansen GFC v1.12"},"geometry":{"type":"Polygon","coordinates":[[[-56.890249999999995,-25.458499999999997],[-56.890249999999995,-25.45875],[-56.8895,-25.45875],[-56.8895,-25.458999999999996],[-56.888999999999996,-25.458999999999996],[-56.888999999999996,-25.45875],[-56.888749999999995,-25.45875],[-56.888749999999995,-25.458499999999997],[-56.890249999999995,-25.458499999999997]]]}},{"type":"Feature","properties":{"category":"hansen_gfc","layer":"forest_gain_2000_2012","color":"#22c55e","source":"Hansen GFC v1.12"},"geometry":{"type":"Polygon","coordinates":[[[-56.8685,-25.45875],[-56.8685,-25.458999999999996],[-56.868249999999996,-25.458999999999996],[-56.868249999999996,-25.45875],[-56.8685,-25.45875]]]}},{"type":"Feature","properties":{"category":"hansen_gfc","layer":"forest_gain_2000_2012","color":"#22c55e","source":"Hansen GFC v1.12"},"geometry":{"type":"Polygon","coordinates":[[[-56.885999999999996,-25.458999999999996],[-56.885999999999996,-25.459249999999997],[-56.88575,-25.459249999999997],[-56.88575,-25.458999999999996],[-56.885999999999996,-25.458999999999996]]]}},{"type":"Feature","properties":{"category":"hansen_gfc","layer":"forest_gain_2000_2012","color":"#22c55e","source":"Hansen GFC v1.12"},"geometry":{"type":"Polygon","coordinates":[[[-56.884499999999996,-25.459249999999997],[-56.884499999999996,-25.4595],[-56.88425,-25.4595],[-56.88425,-25.459249999999997],[-56.884499999999996,-25.459249999999997]]]}},{"type":"Feature","properties":{"category":"hansen_gfc","layer":"forest_gain_2000_2012","color":"#22c55e","source":"Hansen GFC v1.12"},"geometry":{"type":"Polygon","coordinates":[[[-57.007999999999996,-25.46025],[-57.007999999999996,-25.460499999999996],[-57.00775,-25.460499999999996],[-57.00775,-25.46025],[-57.007999999999996,-25.46025]]]}},{"type":"Feature","properties":{"category":"hansen_gfc","layer":"forest_gain_2000_2012","color":"#22c55e","source":"Hansen GFC v1.12"},"geometry":{"type":"Polygon","coordinates":[[[-56.842,-25.460749999999997],[-56.842,-25.461],[-56.84175,-25.461],[-56.84175,-25.460749999999997],[-56.842,-25.460749999999997]]]}},{"type":"Feature","properties":{"category":"hansen_gfc","layer":"forest_gain_2000_2012","color":"#22c55e","source":"Hansen GFC v1.12"},"geometry":{"type":"Polygon","coordinates":[[[-56.91775,-25.461499999999997],[-56.91775,-25.46175],[-56.917249999999996,-25.46175],[-56.917249999999996,-25.461499999999997],[-56.91775,-25.461499999999997]]]}},{"type":"Feature","properties":{"category":"hansen_gfc","layer":"forest_gain_2000_2012","color":"#22c55e","source":"Hansen GFC v1.12"},"geometry":{"type":"Polygon","coordinates":[[[-56.86925,-25.462999999999997],[-56.86925,-25.46325],[-56.869,-25.46325],[-56.869,-25.462999999999997],[-56.86925,-25.462999999999997]]]}},{"type":"Feature","properties":{"category":"hansen_gfc","layer":"forest_gain_2000_2012","color":"#22c55e","source":"Hansen GFC v1.12"},"geometry":{"type":"Polygon","coordinates":[[[-56.9985,-25.462999999999997],[-56.9985,-25.463499999999996],[-56.998,-25.463499999999996],[-56.998,-25.46325],[-56.997749999999996,-25.46325],[-56.997749999999996,-25.463499999999996],[-56.99725,-25.463499999999996],[-56.99725,-25.46325],[-56.997749999999996,-25.46325],[-56.997749999999996,-25.462999999999997],[-56.9985,-25.462999999999997]]]}},{"type":"Feature","properties":{"category":"hansen_gfc","layer":"forest_gain_2000_2012","color":"#22c55e","source":"Hansen GFC v1.12"},"geometry":{"type":"Polygon","coordinates":[[[-56.872749999999996,-25.463749999999997],[-56.872749999999996,-25.464249999999996],[-56.87225,-25.464249999999996],[-56.87225,-25.463749999999997],[-56.872749999999996,-25.463749999999997]]]}},{"type":"Feature","properties":{"category":"hansen_gfc","layer":"forest_gain_2000_2012","color":"#22c55e","source":"Hansen GFC v1.12"},"geometry":{"type":"Polygon","coordinates":[[[-56.866,-25.46475],[-56.866,-25.465749999999996],[-56.86575,-25.465749999999996],[-56.86575,-25.46475],[-56.866,-25.46475]]]}},{"type":"Feature","properties":{"category":"hansen_gfc","layer":"forest_gain_2000_2012","color":"#22c55e","source":"Hansen GFC v1.12"},"geometry":{"type":"Polygon","coordinates":[[[-57.02175,-25.466499999999996],[-57.02175,-25.466749999999998],[-57.021499999999996,-25.466749999999998],[-57.021499999999996,-25.466499999999996],[-57.02175,-25.466499999999996]]]}},{"type":"Feature","properties":{"category":"hansen_gfc","layer":"forest_gain_2000_2012","color":"#22c55e","source":"Hansen GFC v1.12"},"geometry":{"type":"Polygon","coordinates":[[[-56.86775,-25.466499999999996],[-56.86775,-25.466749999999998],[-56.86725,-25.466749999999998],[-56.86725,-25.466499999999996],[-56.86775,-25.466499999999996]]]}},{"type":"Feature","properties":{"category":"hansen_gfc","layer":"forest_gain_2000_2012","color":"#22c55e","source":"Hansen GFC v1.12"},"geometry":{"type":"Polygon","coordinates":[[[-56.87675,-25.467249999999996],[-56.87675,-25.46775],[-56.8765,-25.46775],[-56.8765,-25.467249999999996],[-56.87675,-25.467249999999996]]]}},{"type":"Feature","properties":{"category":"hansen_gfc","layer":"forest_gain_2000_2012","color":"#22c55e","source":"Hansen GFC v1.12"},"geometry":{"type":"Polygon","coordinates":[[[-56.9265,-25.46775],[-56.9265,-25.467999999999996],[-56.926249999999996,-25.467999999999996],[-56.926249999999996,-25.46775],[-56.9265,-25.46775]]]}},{"type":"Feature","properties":{"category":"hansen_gfc","layer":"forest_gain_2000_2012","color":"#22c55e","source":"Hansen GFC v1.12"},"geometry":{"type":"Polygon","coordinates":[[[-56.95775,-25.467999999999996],[-56.95775,-25.468249999999998],[-56.957249999999995,-25.468249999999998],[-56.957249999999995,-25.467999999999996],[-56.95775,-25.467999999999996]]]}},{"type":"Feature","properties":{"category":"hansen_gfc","layer":"forest_gain_2000_2012","color":"#22c55e","source":"Hansen GFC v1.12"},"geometry":{"type":"Polygon","coordinates":[[[-56.87075,-25.46775],[-56.87075,-25.467999999999996],[-56.870999999999995,-25.467999999999996],[-56.870999999999995,-25.468249999999998],[-56.871249999999996,-25.468249999999998],[-56.871249999999996,-25.4685],[-56.87075,-25.4685],[-56.87075,-25.467999999999996],[-56.8705,-25.467999999999996],[-56.8705,-25.46775],[-56.87075,-25.46775]]]}},{"type":"Feature","properties":{"category":"hansen_gfc","layer":"forest_gain_2000_2012","color":"#22c55e","source":"Hansen GFC v1.12"},"geometry":{"type":"Polygon","coordinates":[[[-57.09525,-25.4685],[-57.09525,-25.468749999999996],[-57.09475,-25.468749999999996],[-57.09475,-25.4685],[-57.09525,-25.4685]]]}},{"type":"Feature","properties":{"category":"hansen_gfc","layer":"forest_gain_2000_2012","color":"#22c55e","source":"Hansen GFC v1.12"},"geometry":{"type":"Polygon","coordinates":[[[-56.91975,-25.468749999999996],[-56.91975,-25.468999999999998],[-56.9195,-25.468999999999998],[-56.9195,-25.468749999999996],[-56.91975,-25.468749999999996]]]}},{"type":"Feature","properties":{"category":"hansen_gfc","layer":"forest_gain_2000_2012","color":"#22c55e","source":"Hansen GFC v1.12"},"geometry":{"type":"Polygon","coordinates":[[[-56.873,-25.468999999999998],[-56.873,-25.46925],[-56.872749999999996,-25.46925],[-56.872749999999996,-25.468999999999998],[-56.873,-25.468999999999998]]]}},{"type":"Feature","properties":{"category":"hansen_gfc","layer":"forest_gain_2000_2012","color":"#22c55e","source":"Hansen GFC v1.12"},"geometry":{"type":"Polygon","coordinates":[[[-56.873999999999995,-25.46925],[-56.873999999999995,-25.469499999999996],[-56.874249999999996,-25.469499999999996],[-56.874249999999996,-25.469749999999998],[-56.87375,-25.469749999999998],[-56.87375,-25.469499999999996],[-56.8735,-25.469499999999996],[-56.8735,-25.46925],[-56.873999999999995,-25.46925]]]}},{"type":"Feature","properties":{"category":"hansen_gfc","layer":"forest_gain_2000_2012","color":"#22c55e","source":"Hansen GFC v1.12"},"geometry":{"type":"Polygon","coordinates":[[[-56.858999999999995,-25.469499999999996],[-56.858999999999995,-25.469749999999998],[-56.8585,-25.469749999999998],[-56.8585,-25.469499999999996],[-56.858999999999995,-25.469499999999996]]]}},{"type":"Feature","properties":{"category":"hansen_gfc","layer":"forest_gain_2000_2012","color":"#22c55e","source":"Hansen GFC v1.12"},"geometry":{"type":"Polygon","coordinates":[[[-56.85675,-25.469499999999996],[-56.85675,-25.469749999999998],[-56.8565,-25.469749999999998],[-56.8565,-25.469499999999996],[-56.85675,-25.469499999999996]]]}},{"type":"Feature","properties":{"category":"hansen_gfc","layer":"forest_gain_2000_2012","color":"#22c55e","source":"Hansen GFC v1.12"},"geometry":{"type":"Polygon","coordinates":[[[-56.873999999999995,-25.470249999999997],[-56.873999999999995,-25.470499999999998],[-56.87375,-25.470499999999998],[-56.87375,-25.470249999999997],[-56.873999999999995,-25.470249999999997]]]}},{"type":"Feature","properties":{"category":"hansen_gfc","layer":"forest_gain_2000_2012","color":"#22c55e","source":"Hansen GFC v1.12"},"geometry":{"type":"Polygon","coordinates":[[[-56.9135,-25.470499999999998],[-56.9135,-25.47075],[-56.913,-25.47075],[-56.913,-25.470499999999998],[-56.9135,-25.470499999999998]]]}},{"type":"Feature","properties":{"category":"hansen_gfc","layer":"forest_gain_2000_2012","color":"#22c55e","source":"Hansen GFC v1.12"},"geometry":{"type":"Polygon","coordinates":[[[-57.18175,-25.471249999999998],[-57.18175,-25.4715],[-57.1815,-25.4715],[-57.1815,-25.471249999999998],[-57.18175,-25.471249999999998]]]}},{"type":"Feature","properties":{"category":"hansen_gfc","layer":"forest_gain_2000_2012","color":"#22c55e","source":"Hansen GFC v1.12"},"geometry":{"type":"Polygon","coordinates":[[[-56.9205,-25.4715],[-56.9205,-25.471999999999998],[-56.920249999999996,-25.471999999999998],[-56.920249999999996,-25.471749999999997],[-56.91975,-25.471749999999997],[-56.91975,-25.4715],[-56.9205,-25.4715]]]}},{"type":"Feature","properties":{"category":"hansen_gfc","layer":"forest_gain_2000_2012","color":"#22c55e","source":"Hansen GFC v1.12"},"geometry":{"type":"Polygon","coordinates":[[[-57.076499999999996,-25.471749999999997],[-57.076499999999996,-25.471999999999998],[-57.076249999999995,-25.471999999999998],[-57.076249999999995,-25.471749999999997],[-57.076499999999996,-25.471749999999997]]]}},{"type":"Feature","properties":{"category":"hansen_gfc","layer":"forest_gain_2000_2012","color":"#22c55e","source":"Hansen GFC v1.12"},"geometry":{"type":"Polygon","coordinates":[[[-56.89425,-25.471999999999998],[-56.89425,-25.47225],[-56.894,-25.47225],[-56.894,-25.471999999999998],[-56.89425,-25.471999999999998]]]}},{"type":"Feature","properties":{"category":"hansen_gfc","layer":"forest_gain_2000_2012","color":"#22c55e","source":"Hansen GFC v1.12"},"geometry":{"type":"Polygon","coordinates":[[[-56.8715,-25.471999999999998],[-56.8715,-25.47225],[-56.871249999999996,-25.47225],[-56.871249999999996,-25.472749999999998],[-56.87075,-25.472749999999998],[-56.87075,-25.47225],[-56.871249999999996,-25.47225],[-56.871249999999996,-25.471999999999998],[-56.8715,-25.471999999999998]]]}},{"type":"Feature","properties":{"category":"hansen_gfc","layer":"forest_gain_2000_2012","color":"#22c55e","source":"Hansen GFC v1.12"},"geometry":{"type":"Polygon","coordinates":[[[-56.9805,-25.47225],[-56.9805,-25.472749999999998],[-56.98025,-25.472749999999998],[-56.98025,-25.47225],[-56.9805,-25.47225]]]}},{"type":"Feature","properties":{"category":"hansen_gfc","layer":"forest_gain_2000_2012","color":"#22c55e","source":"Hansen GFC v1.12"},"geometry":{"type":"Polygon","coordinates":[[[-57.1515,-25.473],[-57.1515,-25.473249999999997],[-57.150999999999996,-25.473249999999997],[-57.150999999999996,-25.473],[-57.1515,-25.473]]]}},{"type":"Feature","properties":{"category":"hansen_gfc","layer":"forest_gain_2000_2012","color":"#22c55e","source":"Hansen GFC v1.12"},"geometry":{"type":"Polygon","coordinates":[[[-57.152,-25.473249999999997],[-57.152,-25.473499999999998],[-57.15175,-25.473499999999998],[-57.15175,-25.473249999999997],[-57.152,-25.473249999999997]]]}},{"type":"Feature","properties":{"category":"hansen_gfc","layer":"forest_gain_2000_2012","color":"#22c55e","source":"Hansen GFC v1.12"},"geometry":{"type":"Polygon","coordinates":[[[-56.92375,-25.473249999999997],[-56.92375,-25.473499999999998],[-56.9235,-25.473499999999998],[-56.9235,-25.473249999999997],[-56.92375,-25.473249999999997]]]}},{"type":"Feature","properties":{"category":"hansen_gfc","layer":"forest_gain_2000_2012","color":"#22c55e","source":"Hansen GFC v1.12"},"geometry":{"type":"Polygon","coordinates":[[[-56.873,-25.472749999999998],[-56.873,-25.473],[-56.87225,-25.473],[-56.87225,-25.473249999999997],[-56.872,-25.473249999999997],[-56.872,-25.473499999999998],[-56.87175,-25.473499999999998],[-56.87175,-25.47375],[-56.871249999999996,-25.47375],[-56.871249999999996,-25.473249999999997],[-56.8715,-25.473249999999997],[-56.8715,-25.473499999999998],[-56.87175,-25.473499999999998],[-56.87175,-25.473249999999997],[-56.872,-25.473249999999997],[-56.872,-25.473],[-56.87225,-25.473],[-56.87225,-25.472749999999998],[-56.873,-25.472749999999998]]]}},{"type":"Feature","properties":{"category":"hansen_gfc","layer":"forest_gain_2000_2012","color":"#22c55e","source":"Hansen GFC v1.12"},"geometry":{"type":"Polygon","coordinates":[[[-56.85225,-25.473999999999997],[-56.85225,-25.474249999999998],[-56.852,-25.474249999999998],[-56.852,-25.473999999999997],[-56.85225,-25.473999999999997]]]}},{"type":"Feature","properties":{"category":"hansen_gfc","layer":"forest_gain_2000_2012","color":"#22c55e","source":"Hansen GFC v1.12"},"geometry":{"type":"Polygon","coordinates":[[[-56.851749999999996,-25.473999999999997],[-56.851749999999996,-25.474249999999998],[-56.8515,-25.474249999999998],[-56.8515,-25.473999999999997],[-56.851749999999996,-25.473999999999997]]]}},{"type":"Feature","properties":{"category":"hansen_gfc","layer":"forest_gain_2000_2012","color":"#22c55e","source":"Hansen GFC v1.12"},"geometry":{"type":"Polygon","coordinates":[[[-57.01075,-25.474249999999998],[-57.01075,-25.474499999999995],[-57.0105,-25.474499999999995],[-57.0105,-25.474249999999998],[-57.01075,-25.474249999999998]]]}},{"type":"Feature","properties":{"category":"hansen_gfc","layer":"forest_gain_2000_2012","color":"#22c55e","source":"Hansen GFC v1.12"},"geometry":{"type":"Polygon","coordinates":[[[-57.150999999999996,-25.474499999999995],[-57.150999999999996,-25.475249999999996],[-57.150749999999995,-25.475249999999996],[-57.150749999999995,-25.474499999999995],[-57.150999999999996,-25.474499999999995]]]}},{"type":"Feature","properties":{"category":"hansen_gfc","layer":"forest_gain_2000_2012","color":"#22c55e","source":"Hansen GFC v1.12"},"geometry":{"type":"Polygon","coordinates":[[[-56.871249999999996,-25.474499999999995],[-56.871249999999996,-25.474749999999997],[-56.8715,-25.474749999999997],[-56.8715,-25.475249999999996],[-56.870999999999995,-25.475249999999996],[-56.870999999999995,-25.474499999999995],[-56.871249999999996,-25.474499999999995]]]}},{"type":"Feature","properties":{"category":"hansen_gfc","layer":"forest_gain_2000_2012","color":"#22c55e","source":"Hansen GFC v1.12"},"geometry":{"type":"Polygon","coordinates":[[[-57.153999999999996,-25.476499999999998],[-57.153999999999996,-25.476749999999996],[-57.153749999999995,-25.476749999999996],[-57.153749999999995,-25.476499999999998],[-57.153999999999996,-25.476499999999998]]]}},{"type":"Feature","properties":{"category":"hansen_gfc","layer":"forest_gain_2000_2012","color":"#22c55e","source":"Hansen GFC v1.12"},"geometry":{"type":"Polygon","coordinates":[[[-56.87325,-25.476499999999998],[-56.87325,-25.476749999999996],[-56.873,-25.476749999999996],[-56.873,-25.476499999999998],[-56.87325,-25.476499999999998]]]}},{"type":"Feature","properties":{"category":"hansen_gfc","layer":"forest_gain_2000_2012","color":"#22c55e","source":"Hansen GFC v1.12"},"geometry":{"type":"Polygon","coordinates":[[[-56.88325,-25.477249999999998],[-56.88325,-25.477749999999997],[-56.882999999999996,-25.477749999999997],[-56.882999999999996,-25.477249999999998],[-56.88325,-25.477249999999998]]]}},{"type":"Feature","properties":{"category":"hansen_gfc","layer":"forest_gain_2000_2012","color":"#22c55e","source":"Hansen GFC v1.12"},"geometry":{"type":"Polygon","coordinates":[[[-57.02925,-25.478249999999996],[-57.02925,-25.478499999999997],[-57.028999999999996,-25.478499999999997],[-57.028999999999996,-25.478249999999996],[-57.02925,-25.478249999999996]]]}},{"type":"Feature","properties":{"category":"hansen_gfc","layer":"forest_gain_2000_2012","color":"#22c55e","source":"Hansen GFC v1.12"},"geometry":{"type":"Polygon","coordinates":[[[-56.851,-25.476999999999997],[-56.851,-25.477749999999997],[-56.85075,-25.477749999999997],[-56.85075,-25.478999999999996],[-56.8505,-25.478999999999996],[-56.8505,-25.477749999999997],[-56.85075,-25.477749999999997],[-56.85075,-25.476999999999997],[-56.851,-25.476999999999997]]]}},{"type":"Feature","properties":{"category":"hansen_gfc","layer":"forest_gain_2000_2012","color":"#22c55e","source":"Hansen GFC v1.12"},"geometry":{"type":"Polygon","coordinates":[[[-56.9785,-25.478749999999998],[-56.9785,-25.478999999999996],[-56.978249999999996,-25.478999999999996],[-56.978249999999996,-25.478749999999998],[-56.9785,-25.478749999999998]]]}},{"type":"Feature","properties":{"category":"hansen_gfc","layer":"forest_gain_2000_2012","color":"#22c55e","source":"Hansen GFC v1.12"},"geometry":{"type":"Polygon","coordinates":[[[-56.912749999999996,-25.479499999999998],[-56.912749999999996,-25.480249999999998],[-56.91225,-25.480249999999998],[-56.91225,-25.479499999999998],[-56.912749999999996,-25.479499999999998]]]}},{"type":"Feature","properties":{"category":"hansen_gfc","layer":"forest_gain_2000_2012","color":"#22c55e","source":"Hansen GFC v1.12"},"geometry":{"type":"Polygon","coordinates":[[[-57.16675,-25.480999999999998],[-57.16675,-25.481249999999996],[-57.1665,-25.481249999999996],[-57.1665,-25.480999999999998],[-57.16675,-25.480999999999998]]]}},{"type":"Feature","properties":{"category":"hansen_gfc","layer":"forest_gain_2000_2012","color":"#22c55e","source":"Hansen GFC v1.12"},"geometry":{"type":"Polygon","coordinates":[[[-56.8945,-25.481749999999998],[-56.8945,-25.481999999999996],[-56.89425,-25.481999999999996],[-56.89425,-25.482249999999997],[-56.894,-25.482249999999997],[-56.894,-25.481749999999998],[-56.8945,-25.481749999999998]]]}},{"type":"Feature","properties":{"category":"hansen_gfc","layer":"forest_gain_2000_2012","color":"#22c55e","source":"Hansen GFC v1.12"},"geometry":{"type":"Polygon","coordinates":[[[-57.0285,-25.482249999999997],[-57.0285,-25.482749999999996],[-57.02825,-25.482749999999996],[-57.02825,-25.482249999999997],[-57.0285,-25.482249999999997]]]}},{"type":"Feature","properties":{"category":"hansen_gfc","layer":"forest_gain_2000_2012","color":"#22c55e","source":"Hansen GFC v1.12"},"geometry":{"type":"Polygon","coordinates":[[[-56.870999999999995,-25.483999999999998],[-56.870999999999995,-25.484249999999996],[-56.87075,-25.484249999999996],[-56.87075,-25.483999999999998],[-56.870999999999995,-25.483999999999998]]]}},{"type":"Feature","properties":{"category":"hansen_gfc","layer":"forest_gain_2000_2012","color":"#22c55e","source":"Hansen GFC v1.12"},"geometry":{"type":"Polygon","coordinates":[[[-56.869749999999996,-25.484249999999996],[-56.869749999999996,-25.484499999999997],[-56.87025,-25.484499999999997],[-56.87025,-25.48475],[-56.869749999999996,-25.48475],[-56.869749999999996,-25.484499999999997],[-56.869499999999995,-25.484499999999997],[-56.869499999999995,-25.484249999999996],[-56.869749999999996,-25.484249999999996]]]}},{"type":"Feature","properties":{"category":"hansen_gfc","layer":"forest_gain_2000_2012","color":"#22c55e","source":"Hansen GFC v1.12"},"geometry":{"type":"Polygon","coordinates":[[[-56.897749999999995,-25.48475],[-56.897749999999995,-25.485249999999997],[-56.89725,-25.485249999999997],[-56.89725,-25.48475],[-56.897749999999995,-25.48475]]]}},{"type":"Feature","properties":{"category":"hansen_gfc","layer":"forest_gain_2000_2012","color":"#22c55e","source":"Hansen GFC v1.12"},"geometry":{"type":"Polygon","coordinates":[[[-57.16975,-25.485749999999996],[-57.16975,-25.485999999999997],[-57.1695,-25.485999999999997],[-57.1695,-25.485749999999996],[-57.16975,-25.485749999999996]]]}},{"type":"Feature","properties":{"category":"hansen_gfc","layer":"forest_gain_2000_2012","color":"#22c55e","source":"Hansen GFC v1.12"},"geometry":{"type":"Polygon","coordinates":[[[-57.068999999999996,-25.485999999999997],[-57.068999999999996,-25.48625],[-57.0685,-25.48625],[-57.0685,-25.485999999999997],[-57.068999999999996,-25.485999999999997]]]}},{"type":"Feature","properties":{"category":"hansen_gfc","layer":"forest_gain_2000_2012","color":"#22c55e","source":"Hansen GFC v1.12"},"geometry":{"type":"Polygon","coordinates":[[[-56.845749999999995,-25.485999999999997],[-56.845749999999995,-25.48625],[-56.84525,-25.48625],[-56.84525,-25.485999999999997],[-56.845749999999995,-25.485999999999997]]]}},{"type":"Feature","properties":{"category":"hansen_gfc","layer":"forest_gain_2000_2012","color":"#22c55e","source":"Hansen GFC v1.12"},"geometry":{"type":"Polygon","coordinates":[[[-56.9065,-25.48625],[-56.9065,-25.486499999999996],[-56.90625,-25.486499999999996],[-56.90625,-25.48625],[-56.9065,-25.48625]]]}},{"type":"Feature","properties":{"category":"hansen_gfc","layer":"forest_gain_2000_2012","color":"#22c55e","source":"Hansen GFC v1.12"},"geometry":{"type":"Polygon","coordinates":[[[-56.84475,-25.487],[-56.84475,-25.487249999999996],[-56.8445,-25.487249999999996],[-56.8445,-25.487],[-56.84475,-25.487]]]}},{"type":"Feature","properties":{"category":"hansen_gfc","layer":"forest_gain_2000_2012","color":"#22c55e","source":"Hansen GFC v1.12"},"geometry":{"type":"Polygon","coordinates":[[[-57.17575,-25.487249999999996],[-57.17575,-25.48775],[-57.1755,-25.48775],[-57.1755,-25.487249999999996],[-57.17575,-25.487249999999996]]]}},{"type":"Feature","properties":{"category":"hansen_gfc","layer":"forest_gain_2000_2012","color":"#22c55e","source":"Hansen GFC v1.12"},"geometry":{"type":"Polygon","coordinates":[[[-57.176249999999996,-25.48775],[-57.176249999999996,-25.487999999999996],[-57.175999999999995,-25.487999999999996],[-57.175999999999995,-25.48775],[-57.176249999999996,-25.48775]]]}},{"type":"Feature","properties":{"category":"hansen_gfc","layer":"forest_gain_2000_2012","color":"#22c55e","source":"Hansen GFC v1.12"},"geometry":{"type":"Polygon","coordinates":[[[-57.17525,-25.487249999999996],[-57.17525,-25.488249999999997],[-57.17425,-25.488249999999997],[-57.17425,-25.488749999999996],[-57.17375,-25.488749999999996],[-57.17375,-25.4885],[-57.1735,-25.4885],[-57.1735,-25.488249999999997],[-57.17375,-25.488249999999997],[-57.17375,-25.487999999999996],[-57.174,-25.487999999999996],[-57.174,-25.48775],[-57.17425,-25.48775],[-57.17425,-25.487249999999996],[-57.17525,-25.487249999999996]]]}},{"type":"Feature","properties":{"category":"hansen_gfc","layer":"forest_gain_2000_2012","color":"#22c55e","source":"Hansen GFC v1.12"},"geometry":{"type":"Polygon","coordinates":[[[-57.17575,-25.4885],[-57.17575,-25.488749999999996],[-57.17525,-25.488749999999996],[-57.17525,-25.4885],[-57.17575,-25.4885]]]}},{"type":"Feature","properties":{"category":"hansen_gfc","layer":"forest_gain_2000_2012","color":"#22c55e","source":"Hansen GFC v1.12"},"geometry":{"type":"Polygon","coordinates":[[[-57.02925,-25.488749999999996],[-57.02925,-25.488999999999997],[-57.028999999999996,-25.488999999999997],[-57.028999999999996,-25.488749999999996],[-57.02925,-25.488749999999996]]]}},{"type":"Feature","properties":{"category":"hansen_gfc","layer":"forest_gain_2000_2012","color":"#22c55e","source":"Hansen GFC v1.12"},"geometry":{"type":"Polygon","coordinates":[[[-56.84225,-25.488749999999996],[-56.84225,-25.488999999999997],[-56.842,-25.488999999999997],[-56.842,-25.488749999999996],[-56.84225,-25.488749999999996]]]}},{"type":"Feature","properties":{"category":"hansen_gfc","layer":"forest_gain_2000_2012","color":"#22c55e","source":"Hansen GFC v1.12"},"geometry":{"type":"Polygon","coordinates":[[[-57.02825,-25.488999999999997],[-57.02825,-25.48925],[-57.028,-25.48925],[-57.028,-25.489499999999996],[-57.02775,-25.489499999999996],[-57.02775,-25.48925],[-57.028,-25.48925],[-57.028,-25.488999999999997],[-57.02825,-25.488999999999997]]]}},{"type":"Feature","properties":{"category":"hansen_gfc","layer":"forest_gain_2000_2012","color":"#22c55e","source":"Hansen GFC v1.12"},"geometry":{"type":"Polygon","coordinates":[[[-57.17725,-25.488249999999997],[-57.17725,-25.48925],[-57.177,-25.48925],[-57.177,-25.489749999999997],[-57.175999999999995,-25.489749999999997],[-57.175999999999995,-25.48925],[-57.1755,-25.48925],[-57.1755,-25.489499999999996],[-57.17575,-25.489499999999996],[-57.17575,-25.489749999999997],[-57.1755,-25.489749999999997],[-57.1755,-25.489499999999996],[-57.174499999999995,-25.489499999999996],[-57.174499999999995,-25.488999999999997],[-57.175999999999995,-25.488999999999997],[-57.175999999999995,-25.488249999999997],[-57.17725,-25.488249999999997]],[[-57.1765,-25.488749999999996],[-57.176249999999996,-25.488749999999996],[-57.176249999999996,-25.488999999999997],[-57.1765,-25.488999999999997],[-57.1765,-25.488749999999996]]]}},{"type":"Feature","properties":{"category":"hansen_gfc","layer":"forest_gain_2000_2012","color":"#22c55e","source":"Hansen GFC v1.12"},"geometry":{"type":"Polygon","coordinates":[[[-57.0285,-25.489499999999996],[-57.0285,-25.489749999999997],[-57.02825,-25.489749999999997],[-57.02825,-25.489499999999996],[-57.0285,-25.489499999999996]]]}},{"type":"Feature","properties":{"category":"hansen_gfc","layer":"forest_gain_2000_2012","color":"#22c55e","source":"Hansen GFC v1.12"},"geometry":{"type":"Polygon","coordinates":[[[-56.85875,-25.490249999999996],[-56.85875,-25.490499999999997],[-56.8585,-25.490499999999997],[-56.8585,-25.490249999999996],[-56.85875,-25.490249999999996]]]}},{"type":"Feature","properties":{"category":"hansen_gfc","layer":"forest_gain_2000_2012","color":"#22c55e","source":"Hansen GFC v1.12"},"geometry":{"type":"Polygon","coordinates":[[[-56.857,-25.490249999999996],[-56.857,-25.490499999999997],[-56.85675,-25.490499999999997],[-56.85675,-25.490249999999996],[-56.857,-25.490249999999996]]]}},{"type":"Feature","properties":{"category":"hansen_gfc","layer":"forest_gain_2000_2012","color":"#22c55e","source":"Hansen GFC v1.12"},"geometry":{"type":"Polygon","coordinates":[[[-57.028,-25.490499999999997],[-57.028,-25.49075],[-57.02775,-25.49075],[-57.02775,-25.490499999999997],[-57.028,-25.490499999999997]]]}},{"type":"Feature","properties":{"category":"hansen_gfc","layer":"forest_gain_2000_2012","color":"#22c55e","source":"Hansen GFC v1.12"},"geometry":{"type":"Polygon","coordinates":[[[-57.027249999999995,-25.490499999999997],[-57.027249999999995,-25.49075],[-57.027,-25.49075],[-57.027,-25.490499999999997],[-57.027249999999995,-25.490499999999997]]]}},{"type":"Feature","properties":{"category":"hansen_gfc","layer":"forest_gain_2000_2012","color":"#22c55e","source":"Hansen GFC v1.12"},"geometry":{"type":"Polygon","coordinates":[[[-56.853,-25.490499999999997],[-56.853,-25.49075],[-56.85275,-25.49075],[-56.85275,-25.490499999999997],[-56.853,-25.490499999999997]]]}},{"type":"Feature","properties":{"category":"hansen_gfc","layer":"forest_gain_2000_2012","color":"#22c55e","source":"Hansen GFC v1.12"},"geometry":{"type":"Polygon","coordinates":[[[-56.8435,-25.490499999999997],[-56.8435,-25.49075],[-56.84325,-25.49075],[-56.84325,-25.490499999999997],[-56.8435,-25.490499999999997]]]}},{"type":"Feature","properties":{"category":"hansen_gfc","layer":"forest_gain_2000_2012","color":"#22c55e","source":"Hansen GFC v1.12"},"geometry":{"type":"Polygon","coordinates":[[[-56.86475,-25.49075],[-56.86475,-25.490999999999996],[-56.8645,-25.490999999999996],[-56.8645,-25.49075],[-56.86475,-25.49075]]]}},{"type":"Feature","properties":{"category":"hansen_gfc","layer":"forest_gain_2000_2012","color":"#22c55e","source":"Hansen GFC v1.12"},"geometry":{"type":"Polygon","coordinates":[[[-56.86275,-25.490999999999996],[-56.86275,-25.491249999999997],[-56.862249999999996,-25.491249999999997],[-56.862249999999996,-25.490999999999996],[-56.86275,-25.490999999999996]]]}},{"type":"Feature","properties":{"category":"hansen_gfc","layer":"forest_gain_2000_2012","color":"#22c55e","source":"Hansen GFC v1.12"},"geometry":{"type":"Polygon","coordinates":[[[-56.842,-25.49225],[-56.842,-25.492749999999997],[-56.84175,-25.492749999999997],[-56.84175,-25.49225],[-56.842,-25.49225]]]}},{"type":"Feature","properties":{"category":"hansen_gfc","layer":"forest_gain_2000_2012","color":"#22c55e","source":"Hansen GFC v1.12"},"geometry":{"type":"Polygon","coordinates":[[[-56.842749999999995,-25.493],[-56.842749999999995,-25.493249999999996],[-56.842,-25.493249999999996],[-56.842,-25.493],[-56.842749999999995,-25.493]]]}},{"type":"Feature","properties":{"category":"hansen_gfc","layer":"forest_gain_2000_2012","color":"#22c55e","source":"Hansen GFC v1.12"},"geometry":{"type":"Polygon","coordinates":[[[-56.8465,-25.493249999999996],[-56.8465,-25.493499999999997],[-56.846,-25.493499999999997],[-56.846,-25.493249999999996],[-56.8465,-25.493249999999996]]]}},{"type":"Feature","properties":{"category":"hansen_gfc","layer":"forest_gain_2000_2012","color":"#22c55e","source":"Hansen GFC v1.12"},"geometry":{"type":"Polygon","coordinates":[[[-56.88375,-25.493499999999997],[-56.88375,-25.49375],[-56.884,-25.49375],[-56.884,-25.493999999999996],[-56.88375,-25.493999999999996],[-56.88375,-25.49375],[-56.88325,-25.49375],[-56.88325,-25.493499999999997],[-56.88375,-25.493499999999997]]]}},{"type":"Feature","properties":{"category":"hansen_gfc","layer":"forest_gain_2000_2012","color":"#22c55e","source":"Hansen GFC v1.12"},"geometry":{"type":"Polygon","coordinates":[[[-56.8595,-25.494249999999997],[-56.8595,-25.4945],[-56.859249999999996,-25.4945],[-56.859249999999996,-25.494249999999997],[-56.8595,-25.494249999999997]]]}},{"type":"Feature","properties":{"category":"hansen_gfc","layer":"forest_gain_2000_2012","color":"#22c55e","source":"Hansen GFC v1.12"},"geometry":{"type":"Polygon","coordinates":[[[-56.845749999999995,-25.494749999999996],[-56.845749999999995,-25.49525],[-56.8455,-25.49525],[-56.8455,-25.494749999999996],[-56.845749999999995,-25.494749999999996]]]}},{"type":"Feature","properties":{"category":"hansen_gfc","layer":"forest_gain_2000_2012","color":"#22c55e","source":"Hansen GFC v1.12"},"geometry":{"type":"Polygon","coordinates":[[[-56.96875,-25.495499999999996],[-56.96875,-25.495749999999997],[-56.9685,-25.495749999999997],[-56.9685,-25.495499999999996],[-56.96875,-25.495499999999996]]]}},{"type":"Feature","properties":{"category":"hansen_gfc","layer":"forest_gain_2000_2012","color":"#22c55e","source":"Hansen GFC v1.12"},"geometry":{"type":"Polygon","coordinates":[[[-56.873,-25.495499999999996],[-56.873,-25.495749999999997],[-56.872749999999996,-25.495749999999997],[-56.872749999999996,-25.495499999999996],[-56.873,-25.495499999999996]]]}},{"type":"Feature","properties":{"category":"hansen_gfc","layer":"forest_gain_2000_2012","color":"#22c55e","source":"Hansen GFC v1.12"},"geometry":{"type":"Polygon","coordinates":[[[-56.967,-25.496],[-56.967,-25.496249999999996],[-56.967749999999995,-25.496249999999996],[-56.967749999999995,-25.496499999999997],[-56.967,-25.496499999999997],[-56.967,-25.496249999999996],[-56.96675,-25.496249999999996],[-56.96675,-25.496],[-56.967,-25.496]]]}},{"type":"Feature","properties":{"category":"hansen_gfc","layer":"forest_gain_2000_2012","color":"#22c55e","source":"Hansen GFC v1.12"},"geometry":{"type":"Polygon","coordinates":[[[-56.851749999999996,-25.496249999999996],[-56.851749999999996,-25.496499999999997],[-56.85125,-25.496499999999997],[-56.85125,-25.496249999999996],[-56.851749999999996,-25.496249999999996]]]}},{"type":"Feature","properties":{"category":"hansen_gfc","layer":"forest_gain_2000_2012","color":"#22c55e","source":"Hansen GFC v1.12"},"geometry":{"type":"Polygon","coordinates":[[[-56.84675,-25.496249999999996],[-56.84675,-25.496499999999997],[-56.8465,-25.496499999999997],[-56.8465,-25.496249999999996],[-56.84675,-25.496249999999996]]]}},{"type":"Feature","properties":{"category":"hansen_gfc","layer":"forest_gain_2000_2012","color":"#22c55e","source":"Hansen GFC v1.12"},"geometry":{"type":"Polygon","coordinates":[[[-56.846,-25.496249999999996],[-56.846,-25.496499999999997],[-56.845749999999995,-25.496499999999997],[-56.845749999999995,-25.49675],[-56.8455,-25.49675],[-56.8455,-25.496499999999997],[-56.845749999999995,-25.496499999999997],[-56.845749999999995,-25.496249999999996],[-56.846,-25.496249999999996]]]}},{"type":"Feature","properties":{"category":"hansen_gfc","layer":"forest_gain_2000_2012","color":"#22c55e","source":"Hansen GFC v1.12"},"geometry":{"type":"Polygon","coordinates":[[[-57.15625,-25.496999999999996],[-57.15625,-25.497249999999998],[-57.156,-25.497249999999998],[-57.156,-25.496999999999996],[-57.15625,-25.496999999999996]]]}},{"type":"Feature","properties":{"category":"hansen_gfc","layer":"forest_gain_2000_2012","color":"#22c55e","source":"Hansen GFC v1.12"},"geometry":{"type":"Polygon","coordinates":[[[-57.153749999999995,-25.496999999999996],[-57.153749999999995,-25.497249999999998],[-57.15325,-25.497249999999998],[-57.15325,-25.496999999999996],[-57.153749999999995,-25.496999999999996]]]}},{"type":"Feature","properties":{"category":"hansen_gfc","layer":"forest_gain_2000_2012","color":"#22c55e","source":"Hansen GFC v1.12"},"geometry":{"type":"Polygon","coordinates":[[[-57.153,-25.496999999999996],[-57.153,-25.497249999999998],[-57.15275,-25.497249999999998],[-57.15275,-25.496999999999996],[-57.153,-25.496999999999996]]]}},{"type":"Feature","properties":{"category":"hansen_gfc","layer":"forest_gain_2000_2012","color":"#22c55e","source":"Hansen GFC v1.12"},"geometry":{"type":"Polygon","coordinates":[[[-57.15575,-25.497249999999998],[-57.15575,-25.497749999999996],[-57.155249999999995,-25.497749999999996],[-57.155249999999995,-25.497249999999998],[-57.15575,-25.497249999999998]]]}},{"type":"Feature","properties":{"category":"hansen_gfc","layer":"forest_gain_2000_2012","color":"#22c55e","source":"Hansen GFC v1.12"},"geometry":{"type":"Polygon","coordinates":[[[-56.936749999999996,-25.497749999999996],[-56.936749999999996,-25.497999999999998],[-56.936499999999995,-25.497999999999998],[-56.936499999999995,-25.497749999999996],[-56.936749999999996,-25.497749999999996]]]}},{"type":"Feature","properties":{"category":"hansen_gfc","layer":"forest_gain_2000_2012","color":"#22c55e","source":"Hansen GFC v1.12"},"geometry":{"type":"Polygon","coordinates":[[[-56.84625,-25.498499999999996],[-56.84625,-25.498749999999998],[-56.846,-25.498749999999998],[-56.846,-25.498499999999996],[-56.84625,-25.498499999999996]]]}},{"type":"Feature","properties":{"category":"hansen_gfc","layer":"forest_gain_2000_2012","color":"#22c55e","source":"Hansen GFC v1.12"},"geometry":{"type":"Polygon","coordinates":[[[-56.872749999999996,-25.498749999999998],[-56.872749999999996,-25.499],[-56.872,-25.499],[-56.872,-25.498749999999998],[-56.872749999999996,-25.498749999999998]]]}},{"type":"Feature","properties":{"category":"hansen_gfc","layer":"forest_gain_2000_2012","color":"#22c55e","source":"Hansen GFC v1.12"},"geometry":{"type":"Polygon","coordinates":[[[-56.8485,-25.498499999999996],[-56.8485,-25.498749999999998],[-56.84825,-25.498749999999998],[-56.84825,-25.499249999999996],[-56.848,-25.499249999999996],[-56.848,-25.498749999999998],[-56.84775,-25.498749999999998],[-56.84775,-25.498499999999996],[-56.8485,-25.498499999999996]]]}},{"type":"Feature","properties":{"category":"hansen_gfc","layer":"forest_gain_2000_2012","color":"#22c55e","source":"Hansen GFC v1.12"},"geometry":{"type":"Polygon","coordinates":[[[-56.84775,-25.499],[-56.84775,-25.499249999999996],[-56.847,-25.499249999999996],[-56.847,-25.499],[-56.84775,-25.499]]]}},{"type":"Feature","properties":{"category":"hansen_gfc","layer":"forest_gain_2000_2012","color":"#22c55e","source":"Hansen GFC v1.12"},"geometry":{"type":"Polygon","coordinates":[[[-56.87525,-25.499],[-56.87525,-25.499249999999996],[-56.876,-25.499249999999996],[-56.876,-25.499499999999998],[-56.87525,-25.499499999999998],[-56.87525,-25.499249999999996],[-56.87475,-25.499249999999996],[-56.87475,-25.499499999999998],[-56.8745,-25.499499999999998],[-56.8745,-25.49975],[-56.873999999999995,-25.49975],[-56.873999999999995,-25.499499999999998],[-56.87375,-25.499499999999998],[-56.87375,-25.499249999999996],[-56.8745,-25.499249999999996],[-56.8745,-25.499],[-56.87525,-25.499]]]}},{"type":"Feature","properties":{"category":"hansen_gfc","layer":"forest_gain_2000_2012","color":"#22c55e","source":"Hansen GFC v1.12"},"geometry":{"type":"Polygon","coordinates":[[[-56.854749999999996,-25.499499999999998],[-56.854749999999996,-25.49975],[-56.8545,-25.49975],[-56.8545,-25.499499999999998],[-56.854749999999996,-25.499499999999998]]]}},{"type":"Feature","properties":{"category":"hansen_gfc","layer":"forest_gain_2000_2012","color":"#22c55e","source":"Hansen GFC v1.12"},"geometry":{"type":"Polygon","coordinates":[[[-57.06225,-25.5005],[-57.06225,-25.500749999999996],[-57.062,-25.500749999999996],[-57.062,-25.5005],[-57.06225,-25.5005]]]}},{"type":"Feature","properties":{"category":"hansen_gfc","layer":"forest_gain_2000_2012","color":"#22c55e","source":"Hansen GFC v1.12"},"geometry":{"type":"Polygon","coordinates":[[[-56.8745,-25.500749999999996],[-56.8745,-25.500999999999998],[-56.874249999999996,-25.500999999999998],[-56.874249999999996,-25.500749999999996],[-56.8745,-25.500749999999996]]]}},{"type":"Feature","properties":{"category":"hansen_gfc","layer":"forest_gain_2000_2012","color":"#22c55e","source":"Hansen GFC v1.12"},"geometry":{"type":"Polygon","coordinates":[[[-56.87225,-25.50125],[-56.87225,-25.501499999999997],[-56.871249999999996,-25.501499999999997],[-56.871249999999996,-25.50125],[-56.87225,-25.50125]]]}},{"type":"Feature","properties":{"category":"hansen_gfc","layer":"forest_gain_2000_2012","color":"#22c55e","source":"Hansen GFC v1.12"},"geometry":{"type":"Polygon","coordinates":[[[-57.14675,-25.502],[-57.14675,-25.502249999999997],[-57.146499999999996,-25.502249999999997],[-57.146499999999996,-25.502],[-57.14675,-25.502]]]}},{"type":"Feature","properties":{"category":"hansen_gfc","layer":"forest_gain_2000_2012","color":"#22c55e","source":"Hansen GFC v1.12"},"geometry":{"type":"Polygon","coordinates":[[[-56.91675,-25.502],[-56.91675,-25.502249999999997],[-56.9165,-25.502249999999997],[-56.9165,-25.502],[-56.91675,-25.502]]]}},{"type":"Feature","properties":{"category":"hansen_gfc","layer":"forest_gain_2000_2012","color":"#22c55e","source":"Hansen GFC v1.12"},"geometry":{"type":"Polygon","coordinates":[[[-56.870999999999995,-25.502999999999997],[-56.870999999999995,-25.503249999999998],[-56.8705,-25.503249999999998],[-56.8705,-25.502999999999997],[-56.870999999999995,-25.502999999999997]]]}},{"type":"Feature","properties":{"category":"hansen_gfc","layer":"forest_gain_2000_2012","color":"#22c55e","source":"Hansen GFC v1.12"},"geometry":{"type":"Polygon","coordinates":[[[-56.854749999999996,-25.501749999999998],[-56.854749999999996,-25.502249999999997],[-56.85525,-25.502249999999997],[-56.85525,-25.502999999999997],[-56.85575,-25.502999999999997],[-56.85575,-25.503249999999998],[-56.854749999999996,-25.503249999999998],[-56.854749999999996,-25.5035],[-56.8545,-25.5035],[-56.8545,-25.503249999999998],[-56.854749999999996,-25.503249999999998],[-56.854749999999996,-25.50275],[-56.85425,-25.50275],[-56.85425,-25.502249999999997],[-56.8545,-25.502249999999997],[-56.8545,-25.501749999999998],[-56.854749999999996,-25.501749999999998]]]}},{"type":"Feature","properties":{"category":"hansen_gfc","layer":"forest_gain_2000_2012","color":"#22c55e","source":"Hansen GFC v1.12"},"geometry":{"type":"Polygon","coordinates":[[[-56.85425,-25.502999999999997],[-56.85425,-25.503249999999998],[-56.854,-25.503249999999998],[-56.854,-25.5035],[-56.85375,-25.5035],[-56.85375,-25.503249999999998],[-56.854,-25.503249999999998],[-56.854,-25.502999999999997],[-56.85425,-25.502999999999997]]]}},{"type":"Feature","properties":{"category":"hansen_gfc","layer":"forest_gain_2000_2012","color":"#22c55e","source":"Hansen GFC v1.12"},"geometry":{"type":"Polygon","coordinates":[[[-57.14675,-25.5035],[-57.14675,-25.503749999999997],[-57.146499999999996,-25.503749999999997],[-57.146499999999996,-25.5035],[-57.14675,-25.5035]]]}},{"type":"Feature","properties":{"category":"hansen_gfc","layer":"forest_gain_2000_2012","color":"#22c55e","source":"Hansen GFC v1.12"},"geometry":{"type":"Polygon","coordinates":[[[-57.14275,-25.503999999999998],[-57.14275,-25.50425],[-57.143,-25.50425],[-57.143,-25.504749999999998],[-57.14275,-25.504749999999998],[-57.14275,-25.50425],[-57.14225,-25.50425],[-57.14225,-25.503999999999998],[-57.14275,-25.503999999999998]]]}},{"type":"Feature","properties":{"category":"hansen_gfc","layer":"forest_gain_2000_2012","color":"#22c55e","source":"Hansen GFC v1.12"},"geometry":{"type":"Polygon","coordinates":[[[-57.19825,-25.504499999999997],[-57.19825,-25.504749999999998],[-57.198,-25.504749999999998],[-57.198,-25.504499999999997],[-57.19825,-25.504499999999997]]]}},{"type":"Feature","properties":{"category":"hansen_gfc","layer":"forest_gain_2000_2012","color":"#22c55e","source":"Hansen GFC v1.12"},"geometry":{"type":"Polygon","coordinates":[[[-57.143,-25.505999999999997],[-57.143,-25.506249999999998],[-57.14275,-25.506249999999998],[-57.14275,-25.505999999999997],[-57.143,-25.505999999999997]]]}},{"type":"Feature","properties":{"category":"hansen_gfc","layer":"forest_gain_2000_2012","color":"#22c55e","source":"Hansen GFC v1.12"},"geometry":{"type":"Polygon","coordinates":[[[-57.117,-25.505749999999995],[-57.117,-25.505999999999997],[-57.11775,-25.505999999999997],[-57.11775,-25.506499999999996],[-57.117,-25.506499999999996],[-57.117,-25.505999999999997],[-57.116749999999996,-25.505999999999997],[-57.116749999999996,-25.505749999999995],[-57.117,-25.505749999999995]]]}},{"type":"Feature","properties":{"category":"hansen_gfc","layer":"forest_gain_2000_2012","color":"#22c55e","source":"Hansen GFC v1.12"},"geometry":{"type":"Polygon","coordinates":[[[-57.14375,-25.506249999999998],[-57.14375,-25.506499999999996],[-57.143499999999996,-25.506499999999996],[-57.143499999999996,-25.506249999999998],[-57.14375,-25.506249999999998]]]}},{"type":"Feature","properties":{"category":"hansen_gfc","layer":"forest_gain_2000_2012","color":"#22c55e","source":"Hansen GFC v1.12"},"geometry":{"type":"Polygon","coordinates":[[[-56.97275,-25.505999999999997],[-56.97275,-25.506249999999998],[-56.972249999999995,-25.506249999999998],[-56.972249999999995,-25.506749999999997],[-56.972,-25.506749999999997],[-56.972,-25.506249999999998],[-56.972249999999995,-25.506249999999998],[-56.972249999999995,-25.505999999999997],[-56.97275,-25.505999999999997]]]}},{"type":"Feature","properties":{"category":"hansen_gfc","layer":"forest_gain_2000_2012","color":"#22c55e","source":"Hansen GFC v1.12"},"geometry":{"type":"Polygon","coordinates":[[[-57.0195,-25.506749999999997],[-57.0195,-25.507749999999998],[-57.01925,-25.507749999999998],[-57.01925,-25.507249999999996],[-57.019,-25.507249999999996],[-57.019,-25.506749999999997],[-57.0195,-25.506749999999997]]]}},{"type":"Feature","properties":{"category":"hansen_gfc","layer":"forest_gain_2000_2012","color":"#22c55e","source":"Hansen GFC v1.12"},"geometry":{"type":"Polygon","coordinates":[[[-57.022,-25.507249999999996],[-57.022,-25.507749999999998],[-57.02175,-25.507749999999998],[-57.02175,-25.507249999999996],[-57.022,-25.507249999999996]]]}},{"type":"Feature","properties":{"category":"hansen_gfc","layer":"forest_gain_2000_2012","color":"#22c55e","source":"Hansen GFC v1.12"},"geometry":{"type":"Polygon","coordinates":[[[-57.024499999999996,-25.507249999999996],[-57.024499999999996,-25.507749999999998],[-57.02525,-25.507749999999998],[-57.02525,-25.507999999999996],[-57.024499999999996,-25.507999999999996],[-57.024499999999996,-25.507749999999998],[-57.024249999999995,-25.507749999999998],[-57.024249999999995,-25.507249999999996],[-57.024499999999996,-25.507249999999996]]]}},{"type":"Feature","properties":{"category":"hansen_gfc","layer":"forest_gain_2000_2012","color":"#22c55e","source":"Hansen GFC v1.12"},"geometry":{"type":"Polygon","coordinates":[[[-57.021,-25.506249999999998],[-57.021,-25.506749999999997],[-57.021249999999995,-25.506749999999997],[-57.021249999999995,-25.506999999999998],[-57.02075,-25.506999999999998],[-57.02075,-25.507749999999998],[-57.021,-25.507749999999998],[-57.021,-25.507999999999996],[-57.021249999999995,-25.507999999999996],[-57.021249999999995,-25.508249999999997],[-57.021,-25.508249999999997],[-57.021,-25.507999999999996],[-57.0205,-25.507999999999996],[-57.0205,-25.506999999999998],[-57.02075,-25.506999999999998],[-57.02075,-25.506249999999998],[-57.021,-25.506249999999998]]]}},{"type":"Feature","properties":{"category":"hansen_gfc","layer":"forest_gain_2000_2012","color":"#22c55e","source":"Hansen GFC v1.12"},"geometry":{"type":"Polygon","coordinates":[[[-56.97175,-25.507749999999998],[-56.97175,-25.507999999999996],[-56.972,-25.507999999999996],[-56.972,-25.508249999999997],[-56.97175,-25.508249999999997],[-56.97175,-25.507999999999996],[-56.971,-25.507999999999996],[-56.971,-25.507749999999998],[-56.97175,-25.507749999999998]]]}},{"type":"Feature","properties":{"category":"hansen_gfc","layer":"forest_gain_2000_2012","color":"#22c55e","source":"Hansen GFC v1.12"},"geometry":{"type":"Polygon","coordinates":[[[-56.973,-25.507749999999998],[-56.973,-25.507999999999996],[-56.9735,-25.507999999999996],[-56.9735,-25.508249999999997],[-56.973,-25.508249999999997],[-56.973,-25.507999999999996],[-56.97275,-25.507999999999996],[-56.97275,-25.507749999999998],[-56.973,-25.507749999999998]]]}},{"type":"Feature","properties":{"category":"hansen_gfc","layer":"forest_gain_2000_2012","color":"#22c55e","source":"Hansen GFC v1.12"},"geometry":{"type":"Polygon","coordinates":[[[-56.974,-25.508249999999997],[-56.974,-25.508499999999998],[-56.973749999999995,-25.508499999999998],[-56.973749999999995,-25.508249999999997],[-56.974,-25.508249999999997]]]}},{"type":"Feature","properties":{"category":"hansen_gfc","layer":"forest_gain_2000_2012","color":"#22c55e","source":"Hansen GFC v1.12"},"geometry":{"type":"Polygon","coordinates":[[[-56.97275,-25.508249999999997],[-56.97275,-25.508499999999998],[-56.972249999999995,-25.508499999999998],[-56.972249999999995,-25.508249999999997],[-56.97275,-25.508249999999997]]]}},{"type":"Feature","properties":{"category":"hansen_gfc","layer":"forest_gain_2000_2012","color":"#22c55e","source":"Hansen GFC v1.12"},"geometry":{"type":"Polygon","coordinates":[[[-56.97325,-25.508499999999998],[-56.97325,-25.508749999999996],[-56.973,-25.508749999999996],[-56.973,-25.508499999999998],[-56.97325,-25.508499999999998]]]}},{"type":"Feature","properties":{"category":"hansen_gfc","layer":"forest_gain_2000_2012","color":"#22c55e","source":"Hansen GFC v1.12"},"geometry":{"type":"Polygon","coordinates":[[[-56.973749999999995,-25.508749999999996],[-56.973749999999995,-25.508999999999997],[-56.9735,-25.508999999999997],[-56.9735,-25.508749999999996],[-56.973749999999995,-25.508749999999996]]]}},{"type":"Feature","properties":{"category":"hansen_gfc","layer":"forest_gain_2000_2012","color":"#22c55e","source":"Hansen GFC v1.12"},"geometry":{"type":"Polygon","coordinates":[[[-57.10875,-25.510749999999998],[-57.10875,-25.510999999999996],[-57.1085,-25.510999999999996],[-57.1085,-25.510749999999998],[-57.10875,-25.510749999999998]]]}},{"type":"Feature","properties":{"category":"hansen_gfc","layer":"forest_gain_2000_2012","color":"#22c55e","source":"Hansen GFC v1.12"},"geometry":{"type":"Polygon","coordinates":[[[-57.141,-25.511999999999997],[-57.141,-25.512249999999998],[-57.14075,-25.512249999999998],[-57.14075,-25.511999999999997],[-57.141,-25.511999999999997]]]}},{"type":"Feature","properties":{"category":"hansen_gfc","layer":"forest_gain_2000_2012","color":"#22c55e","source":"Hansen GFC v1.12"},"geometry":{"type":"Polygon","coordinates":[[[-57.143499999999996,-25.512249999999998],[-57.143499999999996,-25.512749999999997],[-57.143249999999995,-25.512749999999997],[-57.143249999999995,-25.512249999999998],[-57.143499999999996,-25.512249999999998]]]}},{"type":"Feature","properties":{"category":"hansen_gfc","layer":"forest_gain_2000_2012","color":"#22c55e","source":"Hansen GFC v1.12"},"geometry":{"type":"Polygon","coordinates":[[[-57.118249999999996,-25.513749999999998],[-57.118249999999996,-25.513999999999996],[-57.117999999999995,-25.513999999999996],[-57.117999999999995,-25.513749999999998],[-57.118249999999996,-25.513749999999998]]]}},{"type":"Feature","properties":{"category":"hansen_gfc","layer":"forest_gain_2000_2012","color":"#22c55e","source":"Hansen GFC v1.12"},"geometry":{"type":"Polygon","coordinates":[[[-57.122,-25.514749999999996],[-57.122,-25.515249999999998],[-57.12175,-25.515249999999998],[-57.12175,-25.514749999999996],[-57.122,-25.514749999999996]]]}},{"type":"Feature","properties":{"category":"hansen_gfc","layer":"forest_gain_2000_2012","color":"#22c55e","source":"Hansen GFC v1.12"},"geometry":{"type":"Polygon","coordinates":[[[-57.07425,-25.514749999999996],[-57.07425,-25.515249999999998],[-57.074,-25.515249999999998],[-57.074,-25.514749999999996],[-57.07425,-25.514749999999996]]]}},{"type":"Feature","properties":{"category":"hansen_gfc","layer":"forest_gain_2000_2012","color":"#22c55e","source":"Hansen GFC v1.12"},"geometry":{"type":"Polygon","coordinates":[[[-57.05225,-25.518749999999997],[-57.05225,-25.519],[-57.052,-25.519],[-57.052,-25.519249999999996],[-57.05175,-25.519249999999996],[-57.05175,-25.519],[-57.052,-25.519],[-57.052,-25.518749999999997],[-57.05225,-25.518749999999997]]]}},{"type":"Feature","properties":{"category":"hansen_gfc","layer":"forest_gain_2000_2012","color":"#22c55e","source":"Hansen GFC v1.12"},"geometry":{"type":"Polygon","coordinates":[[[-57.13975,-25.520749999999996],[-57.13975,-25.52125],[-57.140249999999995,-25.52125],[-57.140249999999995,-25.521499999999996],[-57.140499999999996,-25.521499999999996],[-57.140499999999996,-25.521749999999997],[-57.140249999999995,-25.521749999999997],[-57.140249999999995,-25.522],[-57.13975,-25.522],[-57.13975,-25.52125],[-57.1395,-25.52125],[-57.1395,-25.520749999999996],[-57.13975,-25.520749999999996]]]}},{"type":"Feature","properties":{"category":"hansen_gfc","layer":"forest_gain_2000_2012","color":"#22c55e","source":"Hansen GFC v1.12"},"geometry":{"type":"Polygon","coordinates":[[[-57.04425,-25.521749999999997],[-57.04425,-25.522],[-57.044,-25.522],[-57.044,-25.521749999999997],[-57.04425,-25.521749999999997]]]}},{"type":"Feature","properties":{"category":"hansen_gfc","layer":"forest_gain_2000_2012","color":"#22c55e","source":"Hansen GFC v1.12"},"geometry":{"type":"Polygon","coordinates":[[[-56.845749999999995,-25.522999999999996],[-56.845749999999995,-25.523249999999997],[-56.8455,-25.523249999999997],[-56.8455,-25.522999999999996],[-56.845749999999995,-25.522999999999996]]]}},{"type":"Feature","properties":{"category":"hansen_gfc","layer":"forest_gain_2000_2012","color":"#22c55e","source":"Hansen GFC v1.12"},"geometry":{"type":"Polygon","coordinates":[[[-57.19825,-25.52425],[-57.19825,-25.524499999999996],[-57.198,-25.524499999999996],[-57.198,-25.52425],[-57.19825,-25.52425]]]}},{"type":"Feature","properties":{"category":"hansen_gfc","layer":"forest_gain_2000_2012","color":"#22c55e","source":"Hansen GFC v1.12"},"geometry":{"type":"Polygon","coordinates":[[[-57.135999999999996,-25.523249999999997],[-57.135999999999996,-25.5235],[-57.13625,-25.5235],[-57.13625,-25.523749999999996],[-57.1365,-25.523749999999996],[-57.1365,-25.52425],[-57.13675,-25.52425],[-57.13675,-25.524499999999996],[-57.13625,-25.524499999999996],[-57.13625,-25.524749999999997],[-57.1355,-25.524749999999997],[-57.1355,-25.524499999999996],[-57.13475,-25.524499999999996],[-57.13475,-25.52425],[-57.13525,-25.52425],[-57.13525,-25.523999999999997],[-57.1355,-25.523999999999997],[-57.1355,-25.52425],[-57.13575,-25.52425],[-57.13575,-25.523999999999997],[-57.13625,-25.523999999999997],[-57.13625,-25.523749999999996],[-57.13575,-25.523749999999996],[-57.13575,-25.523249999999997],[-57.135999999999996,-25.523249999999997]]]}},{"type":"Feature","properties":{"category":"hansen_gfc","layer":"forest_gain_2000_2012","color":"#22c55e","source":"Hansen GFC v1.12"},"geometry":{"type":"Polygon","coordinates":[[[-57.146249999999995,-25.52425],[-57.146249999999995,-25.524749999999997],[-57.146,-25.524749999999997],[-57.146,-25.52425],[-57.146249999999995,-25.52425]]]}},{"type":"Feature","properties":{"category":"hansen_gfc","layer":"forest_gain_2000_2012","color":"#22c55e","source":"Hansen GFC v1.12"},"geometry":{"type":"Polygon","coordinates":[[[-57.17375,-25.5265],[-57.17375,-25.526749999999996],[-57.1735,-25.526749999999996],[-57.1735,-25.5265],[-57.17375,-25.5265]]]}},{"type":"Feature","properties":{"category":"hansen_gfc","layer":"forest_gain_2000_2012","color":"#22c55e","source":"Hansen GFC v1.12"},"geometry":{"type":"Polygon","coordinates":[[[-57.13625,-25.526749999999996],[-57.13625,-25.526999999999997],[-57.13575,-25.526999999999997],[-57.13575,-25.526749999999996],[-57.13625,-25.526749999999996]]]}},{"type":"Feature","properties":{"category":"hansen_gfc","layer":"forest_gain_2000_2012","color":"#22c55e","source":"Hansen GFC v1.12"},"geometry":{"type":"Polygon","coordinates":[[[-57.174499999999995,-25.526749999999996],[-57.174499999999995,-25.526999999999997],[-57.17525,-25.526999999999997],[-57.17525,-25.52725],[-57.174499999999995,-25.52725],[-57.174499999999995,-25.526999999999997],[-57.174,-25.526999999999997],[-57.174,-25.526749999999996],[-57.174499999999995,-25.526749999999996]]]}},{"type":"Feature","properties":{"category":"hansen_gfc","layer":"forest_gain_2000_2012","color":"#22c55e","source":"Hansen GFC v1.12"},"geometry":{"type":"Polygon","coordinates":[[[-57.079249999999995,-25.528499999999998],[-57.079249999999995,-25.52875],[-57.07875,-25.52875],[-57.07875,-25.528499999999998],[-57.079249999999995,-25.528499999999998]]]}},{"type":"Feature","properties":{"category":"hansen_gfc","layer":"forest_gain_2000_2012","color":"#22c55e","source":"Hansen GFC v1.12"},"geometry":{"type":"Polygon","coordinates":[[[-56.896249999999995,-25.528499999999998],[-56.896249999999995,-25.52875],[-56.896,-25.52875],[-56.896,-25.528499999999998],[-56.896249999999995,-25.528499999999998]]]}},{"type":"Feature","properties":{"category":"hansen_gfc","layer":"forest_gain_2000_2012","color":"#22c55e","source":"Hansen GFC v1.12"},"geometry":{"type":"Polygon","coordinates":[[[-56.842999999999996,-25.528499999999998],[-56.842999999999996,-25.52875],[-56.842749999999995,-25.52875],[-56.842749999999995,-25.528499999999998],[-56.842999999999996,-25.528499999999998]]]}},{"type":"Feature","properties":{"category":"hansen_gfc","layer":"forest_gain_2000_2012","color":"#22c55e","source":"Hansen GFC v1.12"},"geometry":{"type":"Polygon","coordinates":[[[-57.173249999999996,-25.528999999999996],[-57.173249999999996,-25.5295],[-57.17275,-25.5295],[-57.17275,-25.528999999999996],[-57.173249999999996,-25.528999999999996]]]}},{"type":"Feature","properties":{"category":"hansen_gfc","layer":"forest_gain_2000_2012","color":"#22c55e","source":"Hansen GFC v1.12"},"geometry":{"type":"Polygon","coordinates":[[[-56.97625,-25.529749999999996],[-56.97625,-25.53025],[-56.976,-25.53025],[-56.976,-25.529749999999996],[-56.97625,-25.529749999999996]]]}},{"type":"Feature","properties":{"category":"hansen_gfc","layer":"forest_gain_2000_2012","color":"#22c55e","source":"Hansen GFC v1.12"},"geometry":{"type":"Polygon","coordinates":[[[-57.1395,-25.530749999999998],[-57.1395,-25.531],[-57.13925,-25.531],[-57.13925,-25.530749999999998],[-57.1395,-25.530749999999998]]]}},{"type":"Feature","properties":{"category":"hansen_gfc","layer":"forest_gain_2000_2012","color":"#22c55e","source":"Hansen GFC v1.12"},"geometry":{"type":"Polygon","coordinates":[[[-57.138749999999995,-25.530749999999998],[-57.138749999999995,-25.531],[-57.1385,-25.531],[-57.1385,-25.530749999999998],[-57.138749999999995,-25.530749999999998]]]}},{"type":"Feature","properties":{"category":"hansen_gfc","layer":"forest_gain_2000_2012","color":"#22c55e","source":"Hansen GFC v1.12"},"geometry":{"type":"Polygon","coordinates":[[[-57.138,-25.530749999999998],[-57.138,-25.531],[-57.13775,-25.531],[-57.13775,-25.530749999999998],[-57.138,-25.530749999999998]]]}},{"type":"Feature","properties":{"category":"hansen_gfc","layer":"forest_gain_2000_2012","color":"#22c55e","source":"Hansen GFC v1.12"},"geometry":{"type":"Polygon","coordinates":[[[-57.1355,-25.531],[-57.1355,-25.531249999999996],[-57.13525,-25.531249999999996],[-57.13525,-25.531],[-57.1355,-25.531]]]}},{"type":"Feature","properties":{"category":"hansen_gfc","layer":"forest_gain_2000_2012","color":"#22c55e","source":"Hansen GFC v1.12"},"geometry":{"type":"Polygon","coordinates":[[[-56.87875,-25.531499999999998],[-56.87875,-25.53175],[-56.87825,-25.53175],[-56.87825,-25.531499999999998],[-56.87875,-25.531499999999998]]]}},{"type":"Feature","properties":{"category":"hansen_gfc","layer":"forest_gain_2000_2012","color":"#22c55e","source":"Hansen GFC v1.12"},"geometry":{"type":"Polygon","coordinates":[[[-57.18275,-25.534249999999997],[-57.18275,-25.534499999999998],[-57.181999999999995,-25.534499999999998],[-57.181999999999995,-25.534249999999997],[-57.18275,-25.534249999999997]]]}},{"type":"Feature","properties":{"category":"hansen_gfc","layer":"forest_gain_2000_2012","color":"#22c55e","source":"Hansen GFC v1.12"},"geometry":{"type":"Polygon","coordinates":[[[-56.87775,-25.534249999999997],[-56.87775,-25.534499999999998],[-56.87725,-25.534499999999998],[-56.87725,-25.534249999999997],[-56.87775,-25.534249999999997]]]}},{"type":"Feature","properties":{"category":"hansen_gfc","layer":"forest_gain_2000_2012","color":"#22c55e","source":"Hansen GFC v1.12"},"geometry":{"type":"Polygon","coordinates":[[[-56.85975,-25.534249999999997],[-56.85975,-25.534499999999998],[-56.859249999999996,-25.534499999999998],[-56.859249999999996,-25.534249999999997],[-56.85975,-25.534249999999997]]]}},{"type":"Feature","properties":{"category":"hansen_gfc","layer":"forest_gain_2000_2012","color":"#22c55e","source":"Hansen GFC v1.12"},"geometry":{"type":"Polygon","coordinates":[[[-56.871249999999996,-25.534499999999998],[-56.871249999999996,-25.53475],[-56.870999999999995,-25.53475],[-56.870999999999995,-25.534499999999998],[-56.871249999999996,-25.534499999999998]]]}},{"type":"Feature","properties":{"category":"hansen_gfc","layer":"forest_gain_2000_2012","color":"#22c55e","source":"Hansen GFC v1.12"},"geometry":{"type":"Polygon","coordinates":[[[-56.84075,-25.534499999999998],[-56.84075,-25.53475],[-56.8405,-25.53475],[-56.8405,-25.534499999999998],[-56.84075,-25.534499999999998]]]}},{"type":"Feature","properties":{"category":"hansen_gfc","layer":"forest_gain_2000_2012","color":"#22c55e","source":"Hansen GFC v1.12"},"geometry":{"type":"Polygon","coordinates":[[[-56.872,-25.535249999999998],[-56.872,-25.5355],[-56.871249999999996,-25.5355],[-56.871249999999996,-25.535249999999998],[-56.872,-25.535249999999998]]]}},{"type":"Feature","properties":{"category":"hansen_gfc","layer":"forest_gain_2000_2012","color":"#22c55e","source":"Hansen GFC v1.12"},"geometry":{"type":"Polygon","coordinates":[[[-56.87025,-25.535249999999998],[-56.87025,-25.535749999999997],[-56.869499999999995,-25.535749999999997],[-56.869499999999995,-25.5355],[-56.869749999999996,-25.5355],[-56.869749999999996,-25.535249999999998],[-56.87025,-25.535249999999998]]]}},{"type":"Feature","properties":{"category":"hansen_gfc","layer":"forest_gain_2000_2012","color":"#22c55e","source":"Hansen GFC v1.12"},"geometry":{"type":"Polygon","coordinates":[[[-57.179249999999996,-25.5355],[-57.179249999999996,-25.535749999999997],[-57.178999999999995,-25.535749999999997],[-57.178999999999995,-25.5355],[-57.179249999999996,-25.5355]]]}},{"type":"Feature","properties":{"category":"hansen_gfc","layer":"forest_gain_2000_2012","color":"#22c55e","source":"Hansen GFC v1.12"},"geometry":{"type":"Polygon","coordinates":[[[-57.00075,-25.5355],[-57.00075,-25.535749999999997],[-57.001,-25.535749999999997],[-57.001,-25.535999999999998],[-57.000499999999995,-25.535999999999998],[-57.000499999999995,-25.5355],[-57.00075,-25.5355]]]}},{"type":"Feature","properties":{"category":"hansen_gfc","layer":"forest_gain_2000_2012","color":"#22c55e","source":"Hansen GFC v1.12"},"geometry":{"type":"Polygon","coordinates":[[[-56.872749999999996,-25.5355],[-56.872749999999996,-25.535749999999997],[-56.87325,-25.535749999999997],[-56.87325,-25.535999999999998],[-56.872749999999996,-25.535999999999998],[-56.872749999999996,-25.535749999999997],[-56.87225,-25.535749999999997],[-56.87225,-25.5355],[-56.872749999999996,-25.5355]]]}},{"type":"Feature","properties":{"category":"hansen_gfc","layer":"forest_gain_2000_2012","color":"#22c55e","source":"Hansen GFC v1.12"},"geometry":{"type":"Polygon","coordinates":[[[-56.8745,-25.535999999999998],[-56.8745,-25.53625],[-56.8735,-25.53625],[-56.8735,-25.535999999999998],[-56.8745,-25.535999999999998]]]}},{"type":"Feature","properties":{"category":"hansen_gfc","layer":"forest_gain_2000_2012","color":"#22c55e","source":"Hansen GFC v1.12"},"geometry":{"type":"Polygon","coordinates":[[[-56.89875,-25.537249999999997],[-56.89875,-25.537749999999996],[-56.89825,-25.537749999999996],[-56.89825,-25.537249999999997],[-56.89875,-25.537249999999997]]]}},{"type":"Feature","properties":{"category":"hansen_gfc","layer":"forest_gain_2000_2012","color":"#22c55e","source":"Hansen GFC v1.12"},"geometry":{"type":"Polygon","coordinates":[[[-57.00525,-25.538749999999997],[-57.00525,-25.538999999999998],[-57.00475,-25.538999999999998],[-57.00475,-25.538749999999997],[-57.00525,-25.538749999999997]]]}},{"type":"Feature","properties":{"category":"hansen_gfc","layer":"forest_gain_2000_2012","color":"#22c55e","source":"Hansen GFC v1.12"},"geometry":{"type":"Polygon","coordinates":[[[-57.18325,-25.541499999999996],[-57.18325,-25.541749999999997],[-57.183,-25.541749999999997],[-57.183,-25.541499999999996],[-57.18325,-25.541499999999996]]]}},{"type":"Feature","properties":{"category":"hansen_gfc","layer":"forest_gain_2000_2012","color":"#22c55e","source":"Hansen GFC v1.12"},"geometry":{"type":"Polygon","coordinates":[[[-57.092999999999996,-25.541749999999997],[-57.092999999999996,-25.541999999999998],[-57.092749999999995,-25.541999999999998],[-57.092749999999995,-25.541749999999997],[-57.092999999999996,-25.541749999999997]]]}},{"type":"Feature","properties":{"category":"hansen_gfc","layer":"forest_gain_2000_2012","color":"#22c55e","source":"Hansen GFC v1.12"},"geometry":{"type":"Polygon","coordinates":[[[-56.881499999999996,-25.543249999999997],[-56.881499999999996,-25.543499999999998],[-56.88125,-25.543499999999998],[-56.88125,-25.543249999999997],[-56.881499999999996,-25.543249999999997]]]}},{"type":"Feature","properties":{"category":"hansen_gfc","layer":"forest_gain_2000_2012","color":"#22c55e","source":"Hansen GFC v1.12"},"geometry":{"type":"Polygon","coordinates":[[[-57.11925,-25.543749999999996],[-57.11925,-25.543999999999997],[-57.119,-25.543999999999997],[-57.119,-25.543749999999996],[-57.11925,-25.543749999999996]]]}},{"type":"Feature","properties":{"category":"hansen_gfc","layer":"forest_gain_2000_2012","color":"#22c55e","source":"Hansen GFC v1.12"},"geometry":{"type":"Polygon","coordinates":[[[-57.062,-25.543999999999997],[-57.062,-25.544249999999998],[-57.061749999999996,-25.544249999999998],[-57.061749999999996,-25.543999999999997],[-57.062,-25.543999999999997]]]}},{"type":"Feature","properties":{"category":"hansen_gfc","layer":"forest_gain_2000_2012","color":"#22c55e","source":"Hansen GFC v1.12"},"geometry":{"type":"Polygon","coordinates":[[[-56.8735,-25.545749999999998],[-56.8735,-25.545999999999996],[-56.87325,-25.545999999999996],[-56.87325,-25.545749999999998],[-56.8735,-25.545749999999998]]]}},{"type":"Feature","properties":{"category":"hansen_gfc","layer":"forest_gain_2000_2012","color":"#22c55e","source":"Hansen GFC v1.12"},"geometry":{"type":"Polygon","coordinates":[[[-57.231249999999996,-25.545999999999996],[-57.231249999999996,-25.546249999999997],[-57.231,-25.546249999999997],[-57.231,-25.545999999999996],[-57.231249999999996,-25.545999999999996]]]}},{"type":"Feature","properties":{"category":"hansen_gfc","layer":"forest_gain_2000_2012","color":"#22c55e","source":"Hansen GFC v1.12"},"geometry":{"type":"Polygon","coordinates":[[[-56.8735,-25.546249999999997],[-56.8735,-25.546499999999998],[-56.87325,-25.546499999999998],[-56.87325,-25.546249999999997],[-56.8735,-25.546249999999997]]]}},{"type":"Feature","properties":{"category":"hansen_gfc","layer":"forest_gain_2000_2012","color":"#22c55e","source":"Hansen GFC v1.12"},"geometry":{"type":"Polygon","coordinates":[[[-56.876,-25.545499999999997],[-56.876,-25.545999999999996],[-56.875499999999995,-25.545999999999996],[-56.875499999999995,-25.546499999999998],[-56.87525,-25.546499999999998],[-56.87525,-25.546749999999996],[-56.875499999999995,-25.546749999999996],[-56.875499999999995,-25.546999999999997],[-56.87475,-25.546999999999997],[-56.87475,-25.546749999999996],[-56.8745,-25.546749999999996],[-56.8745,-25.546499999999998],[-56.874249999999996,-25.546499999999998],[-56.874249999999996,-25.545999999999996],[-56.8745,-25.545999999999996],[-56.8745,-25.545749999999998],[-56.874249999999996,-25.545749999999998],[-56.874249999999996,-25.545499999999997],[-56.87475,-25.545499999999997],[-56.87475,-25.545749999999998],[-56.87525,-25.545749999999998],[-56.87525,-25.545499999999997],[-56.875499999999995,-25.545499999999997],[-56.875499999999995,-25.545749999999998],[-56.87575,-25.545749999999998],[-56.87575,-25.545499999999997],[-56.876,-25.545499999999997]],[[-56.87475,-25.545999999999996],[-56.8745,-25.545999999999996],[-56.8745,-25.546249999999997],[-56.87475,-25.546249999999997],[-56.87475,-25.545999999999996]]]}},{"type":"Feature","properties":{"category":"hansen_gfc","layer":"forest_gain_2000_2012","color":"#22c55e","source":"Hansen GFC v1.12"},"geometry":{"type":"Polygon","coordinates":[[[-56.87875,-25.54725],[-56.87875,-25.547749999999997],[-56.878499999999995,-25.547749999999997],[-56.878499999999995,-25.54725],[-56.87875,-25.54725]]]}},{"type":"Feature","properties":{"category":"hansen_gfc","layer":"forest_gain_2000_2012","color":"#22c55e","source":"Hansen GFC v1.12"},"geometry":{"type":"Polygon","coordinates":[[[-57.1795,-25.54875],[-57.1795,-25.548999999999996],[-57.178999999999995,-25.548999999999996],[-57.178999999999995,-25.54875],[-57.1795,-25.54875]]]}},{"type":"Feature","properties":{"category":"hansen_gfc","layer":"forest_gain_2000_2012","color":"#22c55e","source":"Hansen GFC v1.12"},"geometry":{"type":"Polygon","coordinates":[[[-57.17975,-25.5495],[-57.17975,-25.549749999999996],[-57.1795,-25.549749999999996],[-57.1795,-25.5495],[-57.17975,-25.5495]]]}},{"type":"Feature","properties":{"category":"hansen_gfc","layer":"forest_gain_2000_2012","color":"#22c55e","source":"Hansen GFC v1.12"},"geometry":{"type":"Polygon","coordinates":[[[-56.842999999999996,-25.550499999999996],[-56.842999999999996,-25.550749999999997],[-56.84225,-25.550749999999997],[-56.84225,-25.550499999999996],[-56.842999999999996,-25.550499999999996]]]}},{"type":"Feature","properties":{"category":"hansen_gfc","layer":"forest_gain_2000_2012","color":"#22c55e","source":"Hansen GFC v1.12"},"geometry":{"type":"Polygon","coordinates":[[[-57.19525,-25.550749999999997],[-57.19525,-25.551],[-57.19475,-25.551],[-57.19475,-25.550749999999997],[-57.19525,-25.550749999999997]]]}},{"type":"Feature","properties":{"category":"hansen_gfc","layer":"forest_gain_2000_2012","color":"#22c55e","source":"Hansen GFC v1.12"},"geometry":{"type":"Polygon","coordinates":[[[-57.074,-25.552749999999996],[-57.074,-25.552999999999997],[-57.07375,-25.552999999999997],[-57.07375,-25.552749999999996],[-57.074,-25.552749999999996]]]}},{"type":"Feature","properties":{"category":"hansen_gfc","layer":"forest_gain_2000_2012","color":"#22c55e","source":"Hansen GFC v1.12"},"geometry":{"type":"Polygon","coordinates":[[[-57.110499999999995,-25.553499999999996],[-57.110499999999995,-25.553749999999997],[-57.10975,-25.553749999999997],[-57.10975,-25.553499999999996],[-57.110499999999995,-25.553499999999996]]]}},{"type":"Feature","properties":{"category":"hansen_gfc","layer":"forest_gain_2000_2012","color":"#22c55e","source":"Hansen GFC v1.12"},"geometry":{"type":"Polygon","coordinates":[[[-56.8805,-25.554],[-56.8805,-25.554249999999996],[-56.87975,-25.554249999999996],[-56.87975,-25.55475],[-56.8795,-25.55475],[-56.8795,-25.555249999999997],[-56.87925,-25.555249999999997],[-56.87925,-25.554499999999997],[-56.8795,-25.554499999999997],[-56.8795,-25.554],[-56.8805,-25.554]]]}},{"type":"Feature","properties":{"category":"hansen_gfc","layer":"forest_gain_2000_2012","color":"#22c55e","source":"Hansen GFC v1.12"},"geometry":{"type":"Polygon","coordinates":[[[-56.87825,-25.5555],[-56.87825,-25.555749999999996],[-56.878,-25.555749999999996],[-56.878,-25.5555],[-56.87825,-25.5555]]]}},{"type":"Feature","properties":{"category":"hansen_gfc","layer":"forest_gain_2000_2012","color":"#22c55e","source":"Hansen GFC v1.12"},"geometry":{"type":"Polygon","coordinates":[[[-57.116,-25.55625],[-57.116,-25.556499999999996],[-57.11575,-25.556499999999996],[-57.11575,-25.55625],[-57.116,-25.55625]]]}},{"type":"Feature","properties":{"category":"hansen_gfc","layer":"forest_gain_2000_2012","color":"#22c55e","source":"Hansen GFC v1.12"},"geometry":{"type":"Polygon","coordinates":[[[-56.903749999999995,-25.55625],[-56.903749999999995,-25.556499999999996],[-56.9035,-25.556499999999996],[-56.9035,-25.55625],[-56.903749999999995,-25.55625]]]}},{"type":"Feature","properties":{"category":"hansen_gfc","layer":"forest_gain_2000_2012","color":"#22c55e","source":"Hansen GFC v1.12"},"geometry":{"type":"Polygon","coordinates":[[[-56.85975,-25.55625],[-56.85975,-25.556499999999996],[-56.8595,-25.556499999999996],[-56.8595,-25.55625],[-56.85975,-25.55625]]]}},{"type":"Feature","properties":{"category":"hansen_gfc","layer":"forest_gain_2000_2012","color":"#22c55e","source":"Hansen GFC v1.12"},"geometry":{"type":"Polygon","coordinates":[[[-56.902,-25.55625],[-56.902,-25.556499999999996],[-56.90125,-25.556499999999996],[-56.90125,-25.556749999999997],[-56.900999999999996,-25.556749999999997],[-56.900999999999996,-25.55625],[-56.902,-25.55625]]]}},{"type":"Feature","properties":{"category":"hansen_gfc","layer":"forest_gain_2000_2012","color":"#22c55e","source":"Hansen GFC v1.12"},"geometry":{"type":"Polygon","coordinates":[[[-57.046499999999995,-25.556499999999996],[-57.046499999999995,-25.556749999999997],[-57.04625,-25.556749999999997],[-57.04625,-25.556499999999996],[-57.046499999999995,-25.556499999999996]]]}},{"type":"Feature","properties":{"category":"hansen_gfc","layer":"forest_gain_2000_2012","color":"#22c55e","source":"Hansen GFC v1.12"},"geometry":{"type":"Polygon","coordinates":[[[-56.899,-25.556499999999996],[-56.899,-25.556749999999997],[-56.89875,-25.556749999999997],[-56.89875,-25.556499999999996],[-56.899,-25.556499999999996]]]}},{"type":"Feature","properties":{"category":"hansen_gfc","layer":"forest_gain_2000_2012","color":"#22c55e","source":"Hansen GFC v1.12"},"geometry":{"type":"Polygon","coordinates":[[[-57.043,-25.556749999999997],[-57.043,-25.557],[-57.04275,-25.557],[-57.04275,-25.556749999999997],[-57.043,-25.556749999999997]]]}},{"type":"Feature","properties":{"category":"hansen_gfc","layer":"forest_gain_2000_2012","color":"#22c55e","source":"Hansen GFC v1.12"},"geometry":{"type":"Polygon","coordinates":[[[-56.89825,-25.556749999999997],[-56.89825,-25.557],[-56.897,-25.557],[-56.897,-25.556749999999997],[-56.89825,-25.556749999999997]]]}},{"type":"Feature","properties":{"category":"hansen_gfc","layer":"forest_gain_2000_2012","color":"#22c55e","source":"Hansen GFC v1.12"},"geometry":{"type":"Polygon","coordinates":[[[-56.86925,-25.557],[-56.86925,-25.557249999999996],[-56.86875,-25.557249999999996],[-56.86875,-25.557],[-56.86925,-25.557]]]}},{"type":"Feature","properties":{"category":"hansen_gfc","layer":"forest_gain_2000_2012","color":"#22c55e","source":"Hansen GFC v1.12"},"geometry":{"type":"Polygon","coordinates":[[[-56.969249999999995,-25.557249999999996],[-56.969249999999995,-25.55775],[-56.969,-25.55775],[-56.969,-25.557249999999996],[-56.969249999999995,-25.557249999999996]]]}},{"type":"Feature","properties":{"category":"hansen_gfc","layer":"forest_gain_2000_2012","color":"#22c55e","source":"Hansen GFC v1.12"},"geometry":{"type":"Polygon","coordinates":[[[-57.05825,-25.557],[-57.05825,-25.557999999999996],[-57.058,-25.557999999999996],[-57.058,-25.557],[-57.05825,-25.557]]]}},{"type":"Feature","properties":{"category":"hansen_gfc","layer":"forest_gain_2000_2012","color":"#22c55e","source":"Hansen GFC v1.12"},"geometry":{"type":"Polygon","coordinates":[[[-56.86875,-25.55625],[-56.86875,-25.556749999999997],[-56.8685,-25.556749999999997],[-56.8685,-25.557],[-56.867999999999995,-25.557],[-56.867999999999995,-25.557249999999996],[-56.8685,-25.557249999999996],[-56.8685,-25.558249999999997],[-56.867999999999995,-25.558249999999997],[-56.867999999999995,-25.5585],[-56.86775,-25.5585],[-56.86775,-25.55775],[-56.86725,-25.55775],[-56.86725,-25.557999999999996],[-56.866749999999996,-25.557999999999996],[-56.866749999999996,-25.558249999999997],[-56.866499999999995,-25.558249999999997],[-56.866499999999995,-25.5585],[-56.86625,-25.5585],[-56.86625,-25.557999999999996],[-56.866,-25.557999999999996],[-56.866,-25.557249999999996],[-56.86575,-25.557249999999996],[-56.86575,-25.557],[-56.866,-25.557],[-56.866,-25.557249999999996],[-56.866749999999996,-25.557249999999996],[-56.866749999999996,-25.556749999999997],[-56.867,-25.556749999999997],[-56.867,-25.556499999999996],[-56.86775,-25.556499999999996],[-56.86775,-25.55625],[-56.86875,-25.55625]],[[-56.8685,-25.556499999999996],[-56.86775,-25.556499999999996],[-56.86775,-25.556749999999997],[-56.8685,-25.556749999999997],[-56.8685,-25.556499999999996]],[[-56.86775,-25.557],[-56.86725,-25.557],[-56.86725,-25.557249999999996],[-56.86775,-25.557249999999996],[-56.86775,-25.557]]]}},{"type":"Feature","properties":{"category":"hansen_gfc","layer":"forest_gain_2000_2012","color":"#22c55e","source":"Hansen GFC v1.12"},"geometry":{"type":"Polygon","coordinates":[[[-57.0285,-25.5585],[-57.0285,-25.558749999999996],[-57.02825,-25.558749999999996],[-57.02825,-25.5585],[-57.0285,-25.5585]]]}},{"type":"Feature","properties":{"category":"hansen_gfc","layer":"forest_gain_2000_2012","color":"#22c55e","source":"Hansen GFC v1.12"},"geometry":{"type":"Polygon","coordinates":[[[-57.13675,-25.558749999999996],[-57.13675,-25.558999999999997],[-57.1365,-25.558999999999997],[-57.1365,-25.558749999999996],[-57.13675,-25.558749999999996]]]}},{"type":"Feature","properties":{"category":"hansen_gfc","layer":"forest_gain_2000_2012","color":"#22c55e","source":"Hansen GFC v1.12"},"geometry":{"type":"Polygon","coordinates":[[[-57.056999999999995,-25.558749999999996],[-57.056999999999995,-25.558999999999997],[-57.05675,-25.558999999999997],[-57.05675,-25.558749999999996],[-57.056999999999995,-25.558749999999996]]]}},{"type":"Feature","properties":{"category":"hansen_gfc","layer":"forest_gain_2000_2012","color":"#22c55e","source":"Hansen GFC v1.12"},"geometry":{"type":"Polygon","coordinates":[[[-57.097,-25.558999999999997],[-57.097,-25.55925],[-57.097249999999995,-25.55925],[-57.097249999999995,-25.559499999999996],[-57.09675,-25.559499999999996],[-57.09675,-25.558999999999997],[-57.097,-25.558999999999997]]]}},{"type":"Feature","properties":{"category":"hansen_gfc","layer":"forest_gain_2000_2012","color":"#22c55e","source":"Hansen GFC v1.12"},"geometry":{"type":"Polygon","coordinates":[[[-56.87225,-25.559499999999996],[-56.87225,-25.559749999999998],[-56.872,-25.559749999999998],[-56.872,-25.559499999999996],[-56.87225,-25.559499999999996]]]}},{"type":"Feature","properties":{"category":"hansen_gfc","layer":"forest_gain_2000_2012","color":"#22c55e","source":"Hansen GFC v1.12"},"geometry":{"type":"Polygon","coordinates":[[[-57.1205,-25.560499999999998],[-57.1205,-25.56075],[-57.12025,-25.56075],[-57.12025,-25.560499999999998],[-57.1205,-25.560499999999998]]]}},{"type":"Feature","properties":{"category":"hansen_gfc","layer":"forest_gain_2000_2012","color":"#22c55e","source":"Hansen GFC v1.12"},"geometry":{"type":"Polygon","coordinates":[[[-57.094,-25.560999999999996],[-57.094,-25.561249999999998],[-57.09375,-25.561249999999998],[-57.09375,-25.560999999999996],[-57.094,-25.560999999999996]]]}},{"type":"Feature","properties":{"category":"hansen_gfc","layer":"forest_gain_2000_2012","color":"#22c55e","source":"Hansen GFC v1.12"},"geometry":{"type":"Polygon","coordinates":[[[-57.21725,-25.562749999999998],[-57.21725,-25.563],[-57.217,-25.563],[-57.217,-25.562749999999998],[-57.21725,-25.562749999999998]]]}},{"type":"Feature","properties":{"category":"hansen_gfc","layer":"forest_gain_2000_2012","color":"#22c55e","source":"Hansen GFC v1.12"},"geometry":{"type":"Polygon","coordinates":[[[-56.88675,-25.56375],[-56.88675,-25.563999999999997],[-56.8865,-25.563999999999997],[-56.8865,-25.56375],[-56.88675,-25.56375]]]}},{"type":"Feature","properties":{"category":"hansen_gfc","layer":"forest_gain_2000_2012","color":"#22c55e","source":"Hansen GFC v1.12"},"geometry":{"type":"Polygon","coordinates":[[[-57.101749999999996,-25.564749999999997],[-57.101749999999996,-25.56525],[-57.1015,-25.56525],[-57.1015,-25.564749999999997],[-57.101749999999996,-25.564749999999997]]]}},{"type":"Feature","properties":{"category":"hansen_gfc","layer":"forest_gain_2000_2012","color":"#22c55e","source":"Hansen GFC v1.12"},"geometry":{"type":"Polygon","coordinates":[[[-57.102,-25.565499999999997],[-57.102,-25.565749999999998],[-57.101749999999996,-25.565749999999998],[-57.101749999999996,-25.565499999999997],[-57.102,-25.565499999999997]]]}},{"type":"Feature","properties":{"category":"hansen_gfc","layer":"forest_gain_2000_2012","color":"#22c55e","source":"Hansen GFC v1.12"},"geometry":{"type":"Polygon","coordinates":[[[-56.98625,-25.565749999999998],[-56.98625,-25.566],[-56.985749999999996,-25.566],[-56.985749999999996,-25.565749999999998],[-56.98625,-25.565749999999998]]]}},{"type":"Feature","properties":{"category":"hansen_gfc","layer":"forest_gain_2000_2012","color":"#22c55e","source":"Hansen GFC v1.12"},"geometry":{"type":"Polygon","coordinates":[[[-57.164,-25.567999999999998],[-57.164,-25.56825],[-57.16375,-25.56825],[-57.16375,-25.567999999999998],[-57.164,-25.567999999999998]]]}},{"type":"Feature","properties":{"category":"hansen_gfc","layer":"forest_gain_2000_2012","color":"#22c55e","source":"Hansen GFC v1.12"},"geometry":{"type":"Polygon","coordinates":[[[-57.03675,-25.568499999999997],[-57.03675,-25.568749999999998],[-57.0365,-25.568749999999998],[-57.0365,-25.568499999999997],[-57.03675,-25.568499999999997]]]}},{"type":"Feature","properties":{"category":"hansen_gfc","layer":"forest_gain_2000_2012","color":"#22c55e","source":"Hansen GFC v1.12"},"geometry":{"type":"Polygon","coordinates":[[[-57.144,-25.568499999999997],[-57.144,-25.568749999999998],[-57.14425,-25.568749999999998],[-57.14425,-25.568999999999996],[-57.14375,-25.568999999999996],[-57.14375,-25.568499999999997],[-57.144,-25.568499999999997]]]}},{"type":"Feature","properties":{"category":"hansen_gfc","layer":"forest_gain_2000_2012","color":"#22c55e","source":"Hansen GFC v1.12"},"geometry":{"type":"Polygon","coordinates":[[[-57.103,-25.568749999999998],[-57.103,-25.568999999999996],[-57.10225,-25.568999999999996],[-57.10225,-25.568749999999998],[-57.103,-25.568749999999998]]]}},{"type":"Feature","properties":{"category":"hansen_gfc","layer":"forest_gain_2000_2012","color":"#22c55e","source":"Hansen GFC v1.12"},"geometry":{"type":"Polygon","coordinates":[[[-56.8835,-25.569249999999997],[-56.8835,-25.569499999999998],[-56.88325,-25.569499999999998],[-56.88325,-25.569249999999997],[-56.8835,-25.569249999999997]]]}},{"type":"Feature","properties":{"category":"hansen_gfc","layer":"forest_gain_2000_2012","color":"#22c55e","source":"Hansen GFC v1.12"},"geometry":{"type":"Polygon","coordinates":[[[-57.163,-25.570499999999996],[-57.163,-25.570749999999997],[-57.162749999999996,-25.570749999999997],[-57.162749999999996,-25.570499999999996],[-57.163,-25.570499999999996]]]}},{"type":"Feature","properties":{"category":"hansen_gfc","layer":"forest_gain_2000_2012","color":"#22c55e","source":"Hansen GFC v1.12"},"geometry":{"type":"Polygon","coordinates":[[[-57.1915,-25.571249999999996],[-57.1915,-25.571499999999997],[-57.19125,-25.571499999999997],[-57.19125,-25.571249999999996],[-57.1915,-25.571249999999996]]]}},{"type":"Feature","properties":{"category":"hansen_gfc","layer":"forest_gain_2000_2012","color":"#22c55e","source":"Hansen GFC v1.12"},"geometry":{"type":"Polygon","coordinates":[[[-57.112249999999996,-25.572249999999997],[-57.112249999999996,-25.572749999999996],[-57.111999999999995,-25.572749999999996],[-57.111999999999995,-25.572249999999997],[-57.112249999999996,-25.572249999999997]]]}},{"type":"Feature","properties":{"category":"hansen_gfc","layer":"forest_gain_2000_2012","color":"#22c55e","source":"Hansen GFC v1.12"},"geometry":{"type":"Polygon","coordinates":[[[-56.876999999999995,-25.575249999999997],[-56.876999999999995,-25.575499999999998],[-56.87675,-25.575499999999998],[-56.87675,-25.575249999999997],[-56.876999999999995,-25.575249999999997]]]}},{"type":"Feature","properties":{"category":"hansen_gfc","layer":"forest_gain_2000_2012","color":"#22c55e","source":"Hansen GFC v1.12"},"geometry":{"type":"Polygon","coordinates":[[[-56.876,-25.575499999999998],[-56.876,-25.575749999999996],[-56.87575,-25.575749999999996],[-56.87575,-25.575499999999998],[-56.876,-25.575499999999998]]]}},{"type":"Feature","properties":{"category":"hansen_gfc","layer":"forest_gain_2000_2012","color":"#22c55e","source":"Hansen GFC v1.12"},"geometry":{"type":"Polygon","coordinates":[[[-56.999249999999996,-25.576749999999997],[-56.999249999999996,-25.576999999999998],[-56.998999999999995,-25.576999999999998],[-56.998999999999995,-25.576749999999997],[-56.999249999999996,-25.576749999999997]]]}},{"type":"Feature","properties":{"category":"hansen_gfc","layer":"forest_gain_2000_2012","color":"#22c55e","source":"Hansen GFC v1.12"},"geometry":{"type":"Polygon","coordinates":[[[-56.997749999999996,-25.576499999999996],[-56.997749999999996,-25.576999999999998],[-56.99725,-25.576999999999998],[-56.99725,-25.577249999999996],[-56.997,-25.577249999999996],[-56.997,-25.576999999999998],[-56.99675,-25.576999999999998],[-56.99675,-25.576749999999997],[-56.997,-25.576749999999997],[-56.997,-25.576499999999996],[-56.997749999999996,-25.576499999999996]],[[-56.99725,-25.576749999999997],[-56.997,-25.576749999999997],[-56.997,-25.576999999999998],[-56.99725,-25.576999999999998],[-56.99725,-25.576749999999997]]]}},{"type":"Feature","properties":{"category":"hansen_gfc","layer":"forest_gain_2000_2012","color":"#22c55e","source":"Hansen GFC v1.12"},"geometry":{"type":"Polygon","coordinates":[[[-56.99825,-25.576749999999997],[-56.99825,-25.577249999999996],[-56.9985,-25.577249999999996],[-56.9985,-25.577749999999998],[-56.99825,-25.577749999999998],[-56.99825,-25.577249999999996],[-56.998,-25.577249999999996],[-56.998,-25.577999999999996],[-56.99725,-25.577999999999996],[-56.99725,-25.577749999999998],[-56.997749999999996,-25.577749999999998],[-56.997749999999996,-25.577249999999996],[-56.998,-25.577249999999996],[-56.998,-25.576749999999997],[-56.99825,-25.576749999999997]]]}},{"type":"Feature","properties":{"category":"hansen_gfc","layer":"forest_gain_2000_2012","color":"#22c55e","source":"Hansen GFC v1.12"},"geometry":{"type":"Polygon","coordinates":[[[-57.104,-25.577749999999998],[-57.104,-25.577999999999996],[-57.10375,-25.577999999999996],[-57.10375,-25.577749999999998],[-57.104,-25.577749999999998]]]}},{"type":"Feature","properties":{"category":"hansen_gfc","layer":"forest_gain_2000_2012","color":"#22c55e","source":"Hansen GFC v1.12"},"geometry":{"type":"Polygon","coordinates":[[[-57.04325,-25.5785],[-57.04325,-25.578749999999996],[-57.043,-25.578749999999996],[-57.043,-25.5785],[-57.04325,-25.5785]]]}},{"type":"Feature","properties":{"category":"hansen_gfc","layer":"forest_gain_2000_2012","color":"#22c55e","source":"Hansen GFC v1.12"},"geometry":{"type":"Polygon","coordinates":[[[-57.04275,-25.5785],[-57.04275,-25.578749999999996],[-57.042249999999996,-25.578749999999996],[-57.042249999999996,-25.5785],[-57.04275,-25.5785]]]}},{"type":"Feature","properties":{"category":"hansen_gfc","layer":"forest_gain_2000_2012","color":"#22c55e","source":"Hansen GFC v1.12"},"geometry":{"type":"Polygon","coordinates":[[[-57.071,-25.5785],[-57.071,-25.578749999999996],[-57.07125,-25.578749999999996],[-57.07125,-25.578999999999997],[-57.070499999999996,-25.578999999999997],[-57.070499999999996,-25.5785],[-57.071,-25.5785]]]}},{"type":"Feature","properties":{"category":"hansen_gfc","layer":"forest_gain_2000_2012","color":"#22c55e","source":"Hansen GFC v1.12"},"geometry":{"type":"Polygon","coordinates":[[[-57.05825,-25.578749999999996],[-57.05825,-25.578999999999997],[-57.058,-25.578999999999997],[-57.058,-25.578749999999996],[-57.05825,-25.578749999999996]]]}},{"type":"Feature","properties":{"category":"hansen_gfc","layer":"forest_gain_2000_2012","color":"#22c55e","source":"Hansen GFC v1.12"},"geometry":{"type":"Polygon","coordinates":[[[-57.2115,-25.579499999999996],[-57.2115,-25.579749999999997],[-57.21125,-25.579749999999997],[-57.21125,-25.579499999999996],[-57.2115,-25.579499999999996]]]}},{"type":"Feature","properties":{"category":"hansen_gfc","layer":"forest_gain_2000_2012","color":"#22c55e","source":"Hansen GFC v1.12"},"geometry":{"type":"Polygon","coordinates":[[[-57.0145,-25.579749999999997],[-57.0145,-25.580249999999996],[-57.013999999999996,-25.580249999999996],[-57.013999999999996,-25.579749999999997],[-57.0145,-25.579749999999997]]]}},{"type":"Feature","properties":{"category":"hansen_gfc","layer":"forest_gain_2000_2012","color":"#22c55e","source":"Hansen GFC v1.12"},"geometry":{"type":"Polygon","coordinates":[[[-57.1945,-25.581749999999996],[-57.1945,-25.581999999999997],[-57.19425,-25.581999999999997],[-57.19425,-25.581749999999996],[-57.1945,-25.581749999999996]]]}},{"type":"Feature","properties":{"category":"hansen_gfc","layer":"forest_gain_2000_2012","color":"#22c55e","source":"Hansen GFC v1.12"},"geometry":{"type":"Polygon","coordinates":[[[-57.22875,-25.581999999999997],[-57.22875,-25.58225],[-57.2285,-25.58225],[-57.2285,-25.581999999999997],[-57.22875,-25.581999999999997]]]}},{"type":"Feature","properties":{"category":"hansen_gfc","layer":"forest_gain_2000_2012","color":"#22c55e","source":"Hansen GFC v1.12"},"geometry":{"type":"Polygon","coordinates":[[[-57.0165,-25.58225],[-57.0165,-25.582749999999997],[-57.016,-25.582749999999997],[-57.016,-25.58225],[-57.0165,-25.58225]]]}},{"type":"Feature","properties":{"category":"hansen_gfc","layer":"forest_gain_2000_2012","color":"#22c55e","source":"Hansen GFC v1.12"},"geometry":{"type":"Polygon","coordinates":[[[-57.22875,-25.582749999999997],[-57.22875,-25.583],[-57.2285,-25.583],[-57.2285,-25.582749999999997],[-57.22875,-25.582749999999997]]]}},{"type":"Feature","properties":{"category":"hansen_gfc","layer":"forest_gain_2000_2012","color":"#22c55e","source":"Hansen GFC v1.12"},"geometry":{"type":"Polygon","coordinates":[[[-57.03425,-25.583],[-57.03425,-25.583249999999996],[-57.034,-25.583249999999996],[-57.034,-25.583],[-57.03425,-25.583]]]}},{"type":"Feature","properties":{"category":"hansen_gfc","layer":"forest_gain_2000_2012","color":"#22c55e","source":"Hansen GFC v1.12"},"geometry":{"type":"Polygon","coordinates":[[[-57.22875,-25.583499999999997],[-57.22875,-25.58375],[-57.228,-25.58375],[-57.228,-25.583499999999997],[-57.22875,-25.583499999999997]]]}},{"type":"Feature","properties":{"category":"hansen_gfc","layer":"forest_gain_2000_2012","color":"#22c55e","source":"Hansen GFC v1.12"},"geometry":{"type":"Polygon","coordinates":[[[-57.086999999999996,-25.58525],[-57.086999999999996,-25.585499999999996],[-57.086749999999995,-25.585499999999996],[-57.086749999999995,-25.58525],[-57.086999999999996,-25.58525]]]}},{"type":"Feature","properties":{"category":"hansen_gfc","layer":"forest_gain_2000_2012","color":"#22c55e","source":"Hansen GFC v1.12"},"geometry":{"type":"Polygon","coordinates":[[[-57.19125,-25.5845],[-57.19125,-25.58525],[-57.190999999999995,-25.58525],[-57.190999999999995,-25.585499999999996],[-57.19075,-25.585499999999996],[-57.19075,-25.585749999999997],[-57.1905,-25.585749999999997],[-57.1905,-25.58525],[-57.19075,-25.58525],[-57.19075,-25.5845],[-57.19125,-25.5845]]]}},{"type":"Feature","properties":{"category":"hansen_gfc","layer":"forest_gain_2000_2012","color":"#22c55e","source":"Hansen GFC v1.12"},"geometry":{"type":"Polygon","coordinates":[[[-56.876,-25.585499999999996],[-56.876,-25.585749999999997],[-56.87575,-25.585749999999997],[-56.87575,-25.585499999999996],[-56.876,-25.585499999999996]]]}},{"type":"Feature","properties":{"category":"hansen_gfc","layer":"forest_gain_2000_2012","color":"#22c55e","source":"Hansen GFC v1.12"},"geometry":{"type":"Polygon","coordinates":[[[-57.228249999999996,-25.585749999999997],[-57.228249999999996,-25.586],[-57.22775,-25.586],[-57.22775,-25.585749999999997],[-57.228249999999996,-25.585749999999997]]]}},{"type":"Feature","properties":{"category":"hansen_gfc","layer":"forest_gain_2000_2012","color":"#22c55e","source":"Hansen GFC v1.12"},"geometry":{"type":"Polygon","coordinates":[[[-57.2255,-25.58675],[-57.2255,-25.586999999999996],[-57.225249999999996,-25.586999999999996],[-57.225249999999996,-25.58675],[-57.2255,-25.58675]]]}},{"type":"Feature","properties":{"category":"hansen_gfc","layer":"forest_gain_2000_2012","color":"#22c55e","source":"Hansen GFC v1.12"},"geometry":{"type":"Polygon","coordinates":[[[-57.19325,-25.586999999999996],[-57.19325,-25.587249999999997],[-57.193,-25.587249999999997],[-57.193,-25.586999999999996],[-57.19325,-25.586999999999996]]]}},{"type":"Feature","properties":{"category":"hansen_gfc","layer":"forest_gain_2000_2012","color":"#22c55e","source":"Hansen GFC v1.12"},"geometry":{"type":"Polygon","coordinates":[[[-56.91825,-25.58825],[-56.91825,-25.588499999999996],[-56.918,-25.588499999999996],[-56.918,-25.58825],[-56.91825,-25.58825]]]}},{"type":"Feature","properties":{"category":"hansen_gfc","layer":"forest_gain_2000_2012","color":"#22c55e","source":"Hansen GFC v1.12"},"geometry":{"type":"Polygon","coordinates":[[[-57.20775,-25.588749999999997],[-57.20775,-25.589],[-57.2085,-25.589],[-57.2085,-25.589249999999996],[-57.20825,-25.589249999999996],[-57.20825,-25.589499999999997],[-57.20775,-25.589499999999997],[-57.20775,-25.58975],[-57.207249999999995,-25.58975],[-57.207249999999995,-25.588749999999997],[-57.20775,-25.588749999999997]]]}},{"type":"Feature","properties":{"category":"hansen_gfc","layer":"forest_gain_2000_2012","color":"#22c55e","source":"Hansen GFC v1.12"},"geometry":{"type":"Polygon","coordinates":[[[-57.216249999999995,-25.589499999999997],[-57.216249999999995,-25.58975],[-57.216,-25.58975],[-57.216,-25.589499999999997],[-57.216249999999995,-25.589499999999997]]]}},{"type":"Feature","properties":{"category":"hansen_gfc","layer":"forest_gain_2000_2012","color":"#22c55e","source":"Hansen GFC v1.12"},"geometry":{"type":"Polygon","coordinates":[[[-57.071999999999996,-25.59125],[-57.071999999999996,-25.591499999999996],[-57.07175,-25.591499999999996],[-57.07175,-25.59125],[-57.071999999999996,-25.59125]]]}},{"type":"Feature","properties":{"category":"hansen_gfc","layer":"forest_gain_2000_2012","color":"#22c55e","source":"Hansen GFC v1.12"},"geometry":{"type":"Polygon","coordinates":[[[-57.02175,-25.59275],[-57.02175,-25.592999999999996],[-57.021499999999996,-25.592999999999996],[-57.021499999999996,-25.59275],[-57.02175,-25.59275]]]}},{"type":"Feature","properties":{"category":"hansen_gfc","layer":"forest_gain_2000_2012","color":"#22c55e","source":"Hansen GFC v1.12"},"geometry":{"type":"Polygon","coordinates":[[[-57.229749999999996,-25.592999999999996],[-57.229749999999996,-25.593249999999998],[-57.2295,-25.593249999999998],[-57.2295,-25.592999999999996],[-57.229749999999996,-25.592999999999996]]]}},{"type":"Feature","properties":{"category":"hansen_gfc","layer":"forest_gain_2000_2012","color":"#22c55e","source":"Hansen GFC v1.12"},"geometry":{"type":"Polygon","coordinates":[[[-57.077999999999996,-25.592999999999996],[-57.077999999999996,-25.593249999999998],[-57.077749999999995,-25.593249999999998],[-57.077749999999995,-25.592999999999996],[-57.077999999999996,-25.592999999999996]]]}},{"type":"Feature","properties":{"category":"hansen_gfc","layer":"forest_gain_2000_2012","color":"#22c55e","source":"Hansen GFC v1.12"},"geometry":{"type":"Polygon","coordinates":[[[-57.08025,-25.593249999999998],[-57.08025,-25.5935],[-57.07975,-25.5935],[-57.07975,-25.593249999999998],[-57.08025,-25.593249999999998]]]}},{"type":"Feature","properties":{"category":"hansen_gfc","layer":"forest_gain_2000_2012","color":"#22c55e","source":"Hansen GFC v1.12"},"geometry":{"type":"Polygon","coordinates":[[[-57.07975,-25.593999999999998],[-57.07975,-25.594499999999996],[-57.079499999999996,-25.594499999999996],[-57.079499999999996,-25.595499999999998],[-57.079,-25.595499999999998],[-57.079,-25.595249999999997],[-57.079249999999995,-25.595249999999997],[-57.079249999999995,-25.594749999999998],[-57.079,-25.594749999999998],[-57.079,-25.594499999999996],[-57.079249999999995,-25.594499999999996],[-57.079249999999995,-25.593999999999998],[-57.07975,-25.593999999999998]]]}},{"type":"Feature","properties":{"category":"hansen_gfc","layer":"forest_gain_2000_2012","color":"#22c55e","source":"Hansen GFC v1.12"},"geometry":{"type":"Polygon","coordinates":[[[-57.07475,-25.595499999999998],[-57.07475,-25.59575],[-57.07425,-25.59575],[-57.07425,-25.595499999999998],[-57.07475,-25.595499999999998]]]}},{"type":"Feature","properties":{"category":"hansen_gfc","layer":"forest_gain_2000_2012","color":"#22c55e","source":"Hansen GFC v1.12"},"geometry":{"type":"Polygon","coordinates":[[[-56.97625,-25.595999999999997],[-56.97625,-25.596249999999998],[-56.976,-25.596249999999998],[-56.976,-25.595999999999997],[-56.97625,-25.595999999999997]]]}},{"type":"Feature","properties":{"category":"hansen_gfc","layer":"forest_gain_2000_2012","color":"#22c55e","source":"Hansen GFC v1.12"},"geometry":{"type":"Polygon","coordinates":[[[-57.149249999999995,-25.596749999999997],[-57.149249999999995,-25.596999999999998],[-57.149,-25.596999999999998],[-57.149,-25.596749999999997],[-57.149249999999995,-25.596749999999997]]]}},{"type":"Feature","properties":{"category":"hansen_gfc","layer":"forest_gain_2000_2012","color":"#22c55e","source":"Hansen GFC v1.12"},"geometry":{"type":"Polygon","coordinates":[[[-56.86775,-25.596999999999998],[-56.86775,-25.59725],[-56.86725,-25.59725],[-56.86725,-25.596999999999998],[-56.86775,-25.596999999999998]]]}},{"type":"Feature","properties":{"category":"hansen_gfc","layer":"forest_gain_2000_2012","color":"#22c55e","source":"Hansen GFC v1.12"},"geometry":{"type":"Polygon","coordinates":[[[-57.2265,-25.596999999999998],[-57.2265,-25.59725],[-57.22625,-25.59725],[-57.22625,-25.597749999999998],[-57.226,-25.597749999999998],[-57.226,-25.59725],[-57.22625,-25.59725],[-57.22625,-25.596999999999998],[-57.2265,-25.596999999999998]]]}},{"type":"Feature","properties":{"category":"hansen_gfc","layer":"forest_gain_2000_2012","color":"#22c55e","source":"Hansen GFC v1.12"},"geometry":{"type":"Polygon","coordinates":[[[-57.12225,-25.597749999999998],[-57.12225,-25.598],[-57.12175,-25.598],[-57.12175,-25.597749999999998],[-57.12225,-25.597749999999998]]]}},{"type":"Feature","properties":{"category":"hansen_gfc","layer":"forest_gain_2000_2012","color":"#22c55e","source":"Hansen GFC v1.12"},"geometry":{"type":"Polygon","coordinates":[[[-57.19625,-25.598],[-57.19625,-25.598499999999998],[-57.196,-25.598499999999998],[-57.196,-25.598],[-57.19625,-25.598]]]}},{"type":"Feature","properties":{"category":"hansen_gfc","layer":"forest_gain_2000_2012","color":"#22c55e","source":"Hansen GFC v1.12"},"geometry":{"type":"Polygon","coordinates":[[[-57.16325,-25.598],[-57.16325,-25.598499999999998],[-57.163,-25.598499999999998],[-57.163,-25.598249999999997],[-57.162749999999996,-25.598249999999997],[-57.162749999999996,-25.598],[-57.16325,-25.598]]]}},{"type":"Feature","properties":{"category":"hansen_gfc","layer":"forest_gain_2000_2012","color":"#22c55e","source":"Hansen GFC v1.12"},"geometry":{"type":"Polygon","coordinates":[[[-57.177749999999996,-25.598249999999997],[-57.177749999999996,-25.598499999999998],[-57.177,-25.598499999999998],[-57.177,-25.598249999999997],[-57.177749999999996,-25.598249999999997]]]}},{"type":"Feature","properties":{"category":"hansen_gfc","layer":"forest_gain_2000_2012","color":"#22c55e","source":"Hansen GFC v1.12"},"geometry":{"type":"Polygon","coordinates":[[[-57.18425,-25.598499999999998],[-57.18425,-25.59875],[-57.184,-25.59875],[-57.184,-25.598499999999998],[-57.18425,-25.598499999999998]]]}},{"type":"Feature","properties":{"category":"hansen_gfc","layer":"forest_gain_2000_2012","color":"#22c55e","source":"Hansen GFC v1.12"},"geometry":{"type":"Polygon","coordinates":[[[-57.19925,-25.59875],[-57.19925,-25.598999999999997],[-57.199,-25.598999999999997],[-57.199,-25.59875],[-57.19925,-25.59875]]]}},{"type":"Feature","properties":{"category":"hansen_gfc","layer":"forest_gain_2000_2012","color":"#22c55e","source":"Hansen GFC v1.12"},"geometry":{"type":"Polygon","coordinates":[[[-57.183499999999995,-25.59875],[-57.183499999999995,-25.599249999999998],[-57.183749999999996,-25.599249999999998],[-57.183749999999996,-25.5995],[-57.183499999999995,-25.5995],[-57.183499999999995,-25.599249999999998],[-57.18275,-25.599249999999998],[-57.18275,-25.59875],[-57.183,-25.59875],[-57.183,-25.598999999999997],[-57.18325,-25.598999999999997],[-57.18325,-25.59875],[-57.183499999999995,-25.59875]]]}},{"type":"Feature","properties":{"category":"hansen_gfc","layer":"forest_gain_2000_2012","color":"#22c55e","source":"Hansen GFC v1.12"},"geometry":{"type":"Polygon","coordinates":[[[-57.182249999999996,-25.5995],[-57.182249999999996,-25.599749999999997],[-57.181999999999995,-25.599749999999997],[-57.181999999999995,-25.5995],[-57.182249999999996,-25.5995]]]}},{"type":"Feature","properties":{"category":"hansen_gfc","layer":"forest_gain_2000_2012","color":"#22c55e","source":"Hansen GFC v1.12"},"geometry":{"type":"Polygon","coordinates":[[[-56.961,-25.600249999999996],[-56.961,-25.600499999999997],[-56.96075,-25.600499999999997],[-56.96075,-25.600249999999996],[-56.961,-25.600249999999996]]]}},{"type":"Feature","properties":{"category":"hansen_gfc","layer":"forest_gain_2000_2012","color":"#22c55e","source":"Hansen GFC v1.12"},"geometry":{"type":"Polygon","coordinates":[[[-57.168,-25.601499999999998],[-57.168,-25.601749999999996],[-57.16775,-25.601749999999996],[-57.16775,-25.601499999999998],[-57.168,-25.601499999999998]]]}},{"type":"Feature","properties":{"category":"hansen_gfc","layer":"forest_gain_2000_2012","color":"#22c55e","source":"Hansen GFC v1.12"},"geometry":{"type":"Polygon","coordinates":[[[-57.079,-25.603749999999998],[-57.079,-25.603999999999996],[-57.07875,-25.603999999999996],[-57.07875,-25.603749999999998],[-57.079,-25.603749999999998]]]}},{"type":"Feature","properties":{"category":"hansen_gfc","layer":"forest_gain_2000_2012","color":"#22c55e","source":"Hansen GFC v1.12"},"geometry":{"type":"Polygon","coordinates":[[[-57.062999999999995,-25.603749999999998],[-57.062999999999995,-25.603999999999996],[-57.06275,-25.603999999999996],[-57.06275,-25.603749999999998],[-57.062999999999995,-25.603749999999998]]]}},{"type":"Feature","properties":{"category":"hansen_gfc","layer":"forest_gain_2000_2012","color":"#22c55e","source":"Hansen GFC v1.12"},"geometry":{"type":"Polygon","coordinates":[[[-57.06225,-25.603749999999998],[-57.06225,-25.603999999999996],[-57.062,-25.603999999999996],[-57.062,-25.603749999999998],[-57.06225,-25.603749999999998]]]}},{"type":"Feature","properties":{"category":"hansen_gfc","layer":"forest_gain_2000_2012","color":"#22c55e","source":"Hansen GFC v1.12"},"geometry":{"type":"Polygon","coordinates":[[[-56.8985,-25.604499999999998],[-56.8985,-25.604749999999996],[-56.89825,-25.604749999999996],[-56.89825,-25.604499999999998],[-56.8985,-25.604499999999998]]]}},{"type":"Feature","properties":{"category":"hansen_gfc","layer":"forest_gain_2000_2012","color":"#22c55e","source":"Hansen GFC v1.12"},"geometry":{"type":"Polygon","coordinates":[[[-56.954499999999996,-25.604499999999998],[-56.954499999999996,-25.605249999999998],[-56.954249999999995,-25.605249999999998],[-56.954249999999995,-25.604499999999998],[-56.954499999999996,-25.604499999999998]]]}},{"type":"Feature","properties":{"category":"hansen_gfc","layer":"forest_gain_2000_2012","color":"#22c55e","source":"Hansen GFC v1.12"},"geometry":{"type":"Polygon","coordinates":[[[-57.134,-25.604749999999996],[-57.134,-25.605249999999998],[-57.1335,-25.605249999999998],[-57.1335,-25.604749999999996],[-57.134,-25.604749999999996]]]}},{"type":"Feature","properties":{"category":"hansen_gfc","layer":"forest_gain_2000_2012","color":"#22c55e","source":"Hansen GFC v1.12"},"geometry":{"type":"Polygon","coordinates":[[[-56.894,-25.605999999999998],[-56.894,-25.606249999999996],[-56.89375,-25.606249999999996],[-56.89375,-25.605999999999998],[-56.894,-25.605999999999998]]]}},{"type":"Feature","properties":{"category":"hansen_gfc","layer":"forest_gain_2000_2012","color":"#22c55e","source":"Hansen GFC v1.12"},"geometry":{"type":"Polygon","coordinates":[[[-57.1645,-25.606499999999997],[-57.1645,-25.606749999999998],[-57.164249999999996,-25.606749999999998],[-57.164249999999996,-25.606499999999997],[-57.1645,-25.606499999999997]]]}},{"type":"Feature","properties":{"category":"hansen_gfc","layer":"forest_gain_2000_2012","color":"#22c55e","source":"Hansen GFC v1.12"},"geometry":{"type":"Polygon","coordinates":[[[-56.952749999999995,-25.606749999999998],[-56.952749999999995,-25.607249999999997],[-56.95225,-25.607249999999997],[-56.95225,-25.606749999999998],[-56.952749999999995,-25.606749999999998]]]}},{"type":"Feature","properties":{"category":"hansen_gfc","layer":"forest_gain_2000_2012","color":"#22c55e","source":"Hansen GFC v1.12"},"geometry":{"type":"Polygon","coordinates":[[[-57.07175,-25.606999999999996],[-57.07175,-25.607249999999997],[-57.0715,-25.607249999999997],[-57.0715,-25.606999999999996],[-57.07175,-25.606999999999996]]]}},{"type":"Feature","properties":{"category":"hansen_gfc","layer":"forest_gain_2000_2012","color":"#22c55e","source":"Hansen GFC v1.12"},"geometry":{"type":"Polygon","coordinates":[[[-57.071,-25.607249999999997],[-57.071,-25.607749999999996],[-57.07075,-25.607749999999996],[-57.07075,-25.607249999999997],[-57.071,-25.607249999999997]]]}},{"type":"Feature","properties":{"category":"hansen_gfc","layer":"forest_gain_2000_2012","color":"#22c55e","source":"Hansen GFC v1.12"},"geometry":{"type":"Polygon","coordinates":[[[-57.13325,-25.607999999999997],[-57.13325,-25.608249999999998],[-57.132999999999996,-25.608249999999998],[-57.132999999999996,-25.607999999999997],[-57.13325,-25.607999999999997]]]}},{"type":"Feature","properties":{"category":"hansen_gfc","layer":"forest_gain_2000_2012","color":"#22c55e","source":"Hansen GFC v1.12"},"geometry":{"type":"Polygon","coordinates":[[[-57.0505,-25.607999999999997],[-57.0505,-25.608249999999998],[-57.049749999999996,-25.608249999999998],[-57.049749999999996,-25.607999999999997],[-57.0505,-25.607999999999997]]]}},{"type":"Feature","properties":{"category":"hansen_gfc","layer":"forest_gain_2000_2012","color":"#22c55e","source":"Hansen GFC v1.12"},"geometry":{"type":"Polygon","coordinates":[[[-57.1065,-25.608249999999998],[-57.1065,-25.608499999999996],[-57.106,-25.608499999999996],[-57.106,-25.608249999999998],[-57.1065,-25.608249999999998]]]}},{"type":"Feature","properties":{"category":"hansen_gfc","layer":"forest_gain_2000_2012","color":"#22c55e","source":"Hansen GFC v1.12"},"geometry":{"type":"Polygon","coordinates":[[[-57.059,-25.608249999999998],[-57.059,-25.608499999999996],[-57.058499999999995,-25.608499999999996],[-57.058499999999995,-25.608249999999998],[-57.059,-25.608249999999998]]]}},{"type":"Feature","properties":{"category":"hansen_gfc","layer":"forest_gain_2000_2012","color":"#22c55e","source":"Hansen GFC v1.12"},"geometry":{"type":"Polygon","coordinates":[[[-56.87875,-25.609249999999996],[-56.87875,-25.609499999999997],[-56.878499999999995,-25.609499999999997],[-56.878499999999995,-25.609249999999996],[-56.87875,-25.609249999999996]]]}},{"type":"Feature","properties":{"category":"hansen_gfc","layer":"forest_gain_2000_2012","color":"#22c55e","source":"Hansen GFC v1.12"},"geometry":{"type":"Polygon","coordinates":[[[-56.99425,-25.609249999999996],[-56.99425,-25.609499999999997],[-56.994499999999995,-25.609499999999997],[-56.994499999999995,-25.60975],[-56.99425,-25.60975],[-56.99425,-25.609499999999997],[-56.994,-25.609499999999997],[-56.994,-25.609249999999996],[-56.99425,-25.609249999999996]]]}},{"type":"Feature","properties":{"category":"hansen_gfc","layer":"forest_gain_2000_2012","color":"#22c55e","source":"Hansen GFC v1.12"},"geometry":{"type":"Polygon","coordinates":[[[-57.053999999999995,-25.60975],[-57.053999999999995,-25.610249999999997],[-57.05375,-25.610249999999997],[-57.05375,-25.60975],[-57.053999999999995,-25.60975]]]}},{"type":"Feature","properties":{"category":"hansen_gfc","layer":"forest_gain_2000_2012","color":"#22c55e","source":"Hansen GFC v1.12"},"geometry":{"type":"Polygon","coordinates":[[[-57.174749999999996,-25.610249999999997],[-57.174749999999996,-25.6105],[-57.174499999999995,-25.6105],[-57.174499999999995,-25.610249999999997],[-57.174749999999996,-25.610249999999997]]]}},{"type":"Feature","properties":{"category":"hansen_gfc","layer":"forest_gain_2000_2012","color":"#22c55e","source":"Hansen GFC v1.12"},"geometry":{"type":"Polygon","coordinates":[[[-57.03825,-25.610249999999997],[-57.03825,-25.6105],[-57.038,-25.6105],[-57.038,-25.610249999999997],[-57.03825,-25.610249999999997]]]}},{"type":"Feature","properties":{"category":"hansen_gfc","layer":"forest_gain_2000_2012","color":"#22c55e","source":"Hansen GFC v1.12"},"geometry":{"type":"Polygon","coordinates":[[[-57.05375,-25.6105],[-57.05375,-25.610999999999997],[-57.0535,-25.610999999999997],[-57.0535,-25.6105],[-57.05375,-25.6105]]]}},{"type":"Feature","properties":{"category":"hansen_gfc","layer":"forest_gain_2000_2012","color":"#22c55e","source":"Hansen GFC v1.12"},"geometry":{"type":"Polygon","coordinates":[[[-56.994,-25.610999999999997],[-56.994,-25.611499999999996],[-56.9935,-25.611499999999996],[-56.9935,-25.611749999999997],[-56.993249999999996,-25.611749999999997],[-56.993249999999996,-25.610999999999997],[-56.994,-25.610999999999997]]]}},{"type":"Feature","properties":{"category":"hansen_gfc","layer":"forest_gain_2000_2012","color":"#22c55e","source":"Hansen GFC v1.12"},"geometry":{"type":"Polygon","coordinates":[[[-57.073499999999996,-25.611499999999996],[-57.073499999999996,-25.611749999999997],[-57.07325,-25.611749999999997],[-57.07325,-25.611499999999996],[-57.073499999999996,-25.611499999999996]]]}},{"type":"Feature","properties":{"category":"hansen_gfc","layer":"forest_gain_2000_2012","color":"#22c55e","source":"Hansen GFC v1.12"},"geometry":{"type":"Polygon","coordinates":[[[-57.1965,-25.611749999999997],[-57.1965,-25.612],[-57.19625,-25.612],[-57.19625,-25.611749999999997],[-57.1965,-25.611749999999997]]]}},{"type":"Feature","properties":{"category":"hansen_gfc","layer":"forest_gain_2000_2012","color":"#22c55e","source":"Hansen GFC v1.12"},"geometry":{"type":"Polygon","coordinates":[[[-57.0545,-25.612],[-57.0545,-25.612249999999996],[-57.054249999999996,-25.612249999999996],[-57.054249999999996,-25.612],[-57.0545,-25.612]]]}},{"type":"Feature","properties":{"category":"hansen_gfc","layer":"forest_gain_2000_2012","color":"#22c55e","source":"Hansen GFC v1.12"},"geometry":{"type":"Polygon","coordinates":[[[-57.225249999999996,-25.612999999999996],[-57.225249999999996,-25.613249999999997],[-57.22475,-25.613249999999997],[-57.22475,-25.612999999999996],[-57.225249999999996,-25.612999999999996]]]}},{"type":"Feature","properties":{"category":"hansen_gfc","layer":"forest_gain_2000_2012","color":"#22c55e","source":"Hansen GFC v1.12"},"geometry":{"type":"Polygon","coordinates":[[[-57.06525,-25.6135],[-57.06525,-25.613749999999996],[-57.06475,-25.613749999999996],[-57.06475,-25.6135],[-57.06525,-25.6135]]]}},{"type":"Feature","properties":{"category":"hansen_gfc","layer":"forest_gain_2000_2012","color":"#22c55e","source":"Hansen GFC v1.12"},"geometry":{"type":"Polygon","coordinates":[[[-57.0605,-25.613999999999997],[-57.0605,-25.61425],[-57.060249999999996,-25.61425],[-57.060249999999996,-25.613999999999997],[-57.0605,-25.613999999999997]]]}},{"type":"Feature","properties":{"category":"hansen_gfc","layer":"forest_gain_2000_2012","color":"#22c55e","source":"Hansen GFC v1.12"},"geometry":{"type":"Polygon","coordinates":[[[-57.13025,-25.61425],[-57.13025,-25.614499999999996],[-57.1295,-25.614499999999996],[-57.1295,-25.61425],[-57.13025,-25.61425]]]}},{"type":"Feature","properties":{"category":"hansen_gfc","layer":"forest_gain_2000_2012","color":"#22c55e","source":"Hansen GFC v1.12"},"geometry":{"type":"Polygon","coordinates":[[[-57.126,-25.61425],[-57.126,-25.614499999999996],[-57.125499999999995,-25.614499999999996],[-57.125499999999995,-25.61425],[-57.126,-25.61425]]]}},{"type":"Feature","properties":{"category":"hansen_gfc","layer":"forest_gain_2000_2012","color":"#22c55e","source":"Hansen GFC v1.12"},"geometry":{"type":"Polygon","coordinates":[[[-57.060249999999996,-25.615999999999996],[-57.060249999999996,-25.616249999999997],[-57.05975,-25.616249999999997],[-57.05975,-25.615999999999996],[-57.060249999999996,-25.615999999999996]]]}},{"type":"Feature","properties":{"category":"hansen_gfc","layer":"forest_gain_2000_2012","color":"#22c55e","source":"Hansen GFC v1.12"},"geometry":{"type":"Polygon","coordinates":[[[-57.051249999999996,-25.615999999999996],[-57.051249999999996,-25.616249999999997],[-57.050999999999995,-25.616249999999997],[-57.050999999999995,-25.615999999999996],[-57.051249999999996,-25.615999999999996]]]}},{"type":"Feature","properties":{"category":"hansen_gfc","layer":"forest_gain_2000_2012","color":"#22c55e","source":"Hansen GFC v1.12"},"geometry":{"type":"Polygon","coordinates":[[[-57.0355,-25.615999999999996],[-57.0355,-25.616249999999997],[-57.03525,-25.616249999999997],[-57.03525,-25.615999999999996],[-57.0355,-25.615999999999996]]]}},{"type":"Feature","properties":{"category":"hansen_gfc","layer":"forest_gain_2000_2012","color":"#22c55e","source":"Hansen GFC v1.12"},"geometry":{"type":"Polygon","coordinates":[[[-57.111,-25.6165],[-57.111,-25.616749999999996],[-57.11025,-25.616749999999996],[-57.11025,-25.6165],[-57.111,-25.6165]]]}},{"type":"Feature","properties":{"category":"hansen_gfc","layer":"forest_gain_2000_2012","color":"#22c55e","source":"Hansen GFC v1.12"},"geometry":{"type":"Polygon","coordinates":[[[-57.11325,-25.618],[-57.11325,-25.618249999999996],[-57.113,-25.618249999999996],[-57.113,-25.618],[-57.11325,-25.618]]]}},{"type":"Feature","properties":{"category":"hansen_gfc","layer":"forest_gain_2000_2012","color":"#22c55e","source":"Hansen GFC v1.12"},"geometry":{"type":"Polygon","coordinates":[[[-57.104749999999996,-25.618249999999996],[-57.104749999999996,-25.618499999999997],[-57.1045,-25.618499999999997],[-57.1045,-25.618249999999996],[-57.104749999999996,-25.618249999999996]]]}},{"type":"Feature","properties":{"category":"hansen_gfc","layer":"forest_gain_2000_2012","color":"#22c55e","source":"Hansen GFC v1.12"},"geometry":{"type":"Polygon","coordinates":[[[-57.11325,-25.618999999999996],[-57.11325,-25.619249999999997],[-57.113,-25.619249999999997],[-57.113,-25.618999999999996],[-57.11325,-25.618999999999996]]]}},{"type":"Feature","properties":{"category":"hansen_gfc","layer":"forest_gain_2000_2012","color":"#22c55e","source":"Hansen GFC v1.12"},"geometry":{"type":"Polygon","coordinates":[[[-57.0315,-25.618999999999996],[-57.0315,-25.619249999999997],[-57.03125,-25.619249999999997],[-57.03125,-25.618999999999996],[-57.0315,-25.618999999999996]]]}},{"type":"Feature","properties":{"category":"hansen_gfc","layer":"forest_gain_2000_2012","color":"#22c55e","source":"Hansen GFC v1.12"},"geometry":{"type":"Polygon","coordinates":[[[-56.86575,-25.618999999999996],[-56.86575,-25.619249999999997],[-56.8655,-25.619249999999997],[-56.8655,-25.618999999999996],[-56.86575,-25.618999999999996]]]}},{"type":"Feature","properties":{"category":"hansen_gfc","layer":"forest_gain_2000_2012","color":"#22c55e","source":"Hansen GFC v1.12"},"geometry":{"type":"Polygon","coordinates":[[[-57.16825,-25.619249999999997],[-57.16825,-25.6195],[-57.168,-25.6195],[-57.168,-25.619249999999997],[-57.16825,-25.619249999999997]]]}},{"type":"Feature","properties":{"category":"hansen_gfc","layer":"forest_gain_2000_2012","color":"#22c55e","source":"Hansen GFC v1.12"},"geometry":{"type":"Polygon","coordinates":[[[-56.86575,-25.6195],[-56.86575,-25.619749999999996],[-56.865249999999996,-25.619749999999996],[-56.865249999999996,-25.6195],[-56.86575,-25.6195]]]}},{"type":"Feature","properties":{"category":"hansen_gfc","layer":"forest_gain_2000_2012","color":"#22c55e","source":"Hansen GFC v1.12"},"geometry":{"type":"Polygon","coordinates":[[[-57.11325,-25.619749999999996],[-57.11325,-25.62025],[-57.113,-25.62025],[-57.113,-25.619749999999996],[-57.11325,-25.619749999999996]]]}},{"type":"Feature","properties":{"category":"hansen_gfc","layer":"forest_gain_2000_2012","color":"#22c55e","source":"Hansen GFC v1.12"},"geometry":{"type":"Polygon","coordinates":[[[-56.97325,-25.619749999999996],[-56.97325,-25.62025],[-56.973,-25.62025],[-56.973,-25.619749999999996],[-56.97325,-25.619749999999996]]]}},{"type":"Feature","properties":{"category":"hansen_gfc","layer":"forest_gain_2000_2012","color":"#22c55e","source":"Hansen GFC v1.12"},"geometry":{"type":"Polygon","coordinates":[[[-57.03125,-25.62025],[-57.03125,-25.620499999999996],[-57.03075,-25.620499999999996],[-57.03075,-25.62025],[-57.03125,-25.62025]]]}},{"type":"Feature","properties":{"category":"hansen_gfc","layer":"forest_gain_2000_2012","color":"#22c55e","source":"Hansen GFC v1.12"},"geometry":{"type":"Polygon","coordinates":[[[-57.0395,-25.620749999999997],[-57.0395,-25.621],[-57.039249999999996,-25.621],[-57.039249999999996,-25.620749999999997],[-57.0395,-25.620749999999997]]]}},{"type":"Feature","properties":{"category":"hansen_gfc","layer":"forest_gain_2000_2012","color":"#22c55e","source":"Hansen GFC v1.12"},"geometry":{"type":"Polygon","coordinates":[[[-57.05625,-25.621],[-57.05625,-25.621249999999996],[-57.056,-25.621249999999996],[-57.056,-25.621],[-57.05625,-25.621]]]}},{"type":"Feature","properties":{"category":"hansen_gfc","layer":"forest_gain_2000_2012","color":"#22c55e","source":"Hansen GFC v1.12"},"geometry":{"type":"Polygon","coordinates":[[[-57.07575,-25.621249999999996],[-57.07575,-25.62175],[-57.0755,-25.62175],[-57.0755,-25.621249999999996],[-57.07575,-25.621249999999996]]]}},{"type":"Feature","properties":{"category":"hansen_gfc","layer":"forest_gain_2000_2012","color":"#22c55e","source":"Hansen GFC v1.12"},"geometry":{"type":"Polygon","coordinates":[[[-57.0285,-25.621249999999996],[-57.0285,-25.62175],[-57.028,-25.62175],[-57.028,-25.621499999999997],[-57.02825,-25.621499999999997],[-57.02825,-25.621249999999996],[-57.0285,-25.621249999999996]]]}},{"type":"Feature","properties":{"category":"hansen_gfc","layer":"forest_gain_2000_2012","color":"#22c55e","source":"Hansen GFC v1.12"},"geometry":{"type":"Polygon","coordinates":[[[-56.987249999999996,-25.621499999999997],[-56.987249999999996,-25.621999999999996],[-56.986999999999995,-25.621999999999996],[-56.986999999999995,-25.621499999999997],[-56.987249999999996,-25.621499999999997]]]}},{"type":"Feature","properties":{"category":"hansen_gfc","layer":"forest_gain_2000_2012","color":"#22c55e","source":"Hansen GFC v1.12"},"geometry":{"type":"Polygon","coordinates":[[[-57.0635,-25.621999999999996],[-57.0635,-25.622749999999996],[-57.06325,-25.622749999999996],[-57.06325,-25.621999999999996],[-57.0635,-25.621999999999996]]]}},{"type":"Feature","properties":{"category":"hansen_gfc","layer":"forest_gain_2000_2012","color":"#22c55e","source":"Hansen GFC v1.12"},"geometry":{"type":"Polygon","coordinates":[[[-56.997749999999996,-25.623499999999996],[-56.997749999999996,-25.623749999999998],[-56.99725,-25.623749999999998],[-56.99725,-25.623499999999996],[-56.997749999999996,-25.623499999999996]]]}},{"type":"Feature","properties":{"category":"hansen_gfc","layer":"forest_gain_2000_2012","color":"#22c55e","source":"Hansen GFC v1.12"},"geometry":{"type":"Polygon","coordinates":[[[-57.024,-25.623499999999996],[-57.024,-25.623749999999998],[-57.0235,-25.623749999999998],[-57.0235,-25.624],[-57.02325,-25.624],[-57.02325,-25.623749999999998],[-57.0235,-25.623749999999998],[-57.0235,-25.623499999999996],[-57.024,-25.623499999999996]]]}},{"type":"Feature","properties":{"category":"hansen_gfc","layer":"forest_gain_2000_2012","color":"#22c55e","source":"Hansen GFC v1.12"},"geometry":{"type":"Polygon","coordinates":[[[-56.985499999999995,-25.623749999999998],[-56.985499999999995,-25.624],[-56.98475,-25.624],[-56.98475,-25.623749999999998],[-56.985499999999995,-25.623749999999998]]]}},{"type":"Feature","properties":{"category":"hansen_gfc","layer":"forest_gain_2000_2012","color":"#22c55e","source":"Hansen GFC v1.12"},"geometry":{"type":"Polygon","coordinates":[[[-57.052749999999996,-25.623749999999998],[-57.052749999999996,-25.624],[-57.05225,-25.624],[-57.05225,-25.624249999999996],[-57.052,-25.624249999999996],[-57.052,-25.624],[-57.05225,-25.624],[-57.05225,-25.623749999999998],[-57.052749999999996,-25.623749999999998]]]}},{"type":"Feature","properties":{"category":"hansen_gfc","layer":"forest_gain_2000_2012","color":"#22c55e","source":"Hansen GFC v1.12"},"geometry":{"type":"Polygon","coordinates":[[[-57.03975,-25.62475],[-57.03975,-25.6255],[-57.0395,-25.6255],[-57.0395,-25.62475],[-57.03975,-25.62475]]]}},{"type":"Feature","properties":{"category":"hansen_gfc","layer":"forest_gain_2000_2012","color":"#22c55e","source":"Hansen GFC v1.12"},"geometry":{"type":"Polygon","coordinates":[[[-57.02475,-25.625749999999996],[-57.02475,-25.625999999999998],[-57.024499999999996,-25.625999999999998],[-57.024499999999996,-25.625749999999996],[-57.02475,-25.625749999999996]]]}},{"type":"Feature","properties":{"category":"hansen_gfc","layer":"forest_gain_2000_2012","color":"#22c55e","source":"Hansen GFC v1.12"},"geometry":{"type":"Polygon","coordinates":[[[-57.0365,-25.625749999999996],[-57.0365,-25.625999999999998],[-57.03675,-25.625999999999998],[-57.03675,-25.62625],[-57.0365,-25.62625],[-57.0365,-25.625999999999998],[-57.036249999999995,-25.625999999999998],[-57.036249999999995,-25.625749999999996],[-57.0365,-25.625749999999996]]]}},{"type":"Feature","properties":{"category":"hansen_gfc","layer":"forest_gain_2000_2012","color":"#22c55e","source":"Hansen GFC v1.12"},"geometry":{"type":"Polygon","coordinates":[[[-56.985499999999995,-25.625749999999996],[-56.985499999999995,-25.625999999999998],[-56.985749999999996,-25.625999999999998],[-56.985749999999996,-25.62625],[-56.98475,-25.62625],[-56.98475,-25.625999999999998],[-56.98525,-25.625999999999998],[-56.98525,-25.625749999999996],[-56.985499999999995,-25.625749999999996]]]}},{"type":"Feature","properties":{"category":"hansen_gfc","layer":"forest_gain_2000_2012","color":"#22c55e","source":"Hansen GFC v1.12"},"geometry":{"type":"Polygon","coordinates":[[[-56.992,-25.625999999999998],[-56.992,-25.626499999999997],[-56.991499999999995,-25.626499999999997],[-56.991499999999995,-25.62625],[-56.991749999999996,-25.62625],[-56.991749999999996,-25.625999999999998],[-56.992,-25.625999999999998]]]}},{"type":"Feature","properties":{"category":"hansen_gfc","layer":"forest_gain_2000_2012","color":"#22c55e","source":"Hansen GFC v1.12"},"geometry":{"type":"Polygon","coordinates":[[[-57.0785,-25.626749999999998],[-57.0785,-25.627],[-57.07825,-25.627],[-57.07825,-25.626749999999998],[-57.0785,-25.626749999999998]]]}},{"type":"Feature","properties":{"category":"hansen_gfc","layer":"forest_gain_2000_2012","color":"#22c55e","source":"Hansen GFC v1.12"},"geometry":{"type":"Polygon","coordinates":[[[-56.969,-25.626749999999998],[-56.969,-25.627],[-56.96875,-25.627],[-56.96875,-25.626749999999998],[-56.969,-25.626749999999998]]]}},{"type":"Feature","properties":{"category":"hansen_gfc","layer":"forest_gain_2000_2012","color":"#22c55e","source":"Hansen GFC v1.12"},"geometry":{"type":"Polygon","coordinates":[[[-57.042249999999996,-25.627],[-57.042249999999996,-25.627249999999997],[-57.042,-25.627249999999997],[-57.042,-25.627],[-57.042249999999996,-25.627]]]}},{"type":"Feature","properties":{"category":"hansen_gfc","layer":"forest_gain_2000_2012","color":"#22c55e","source":"Hansen GFC v1.12"},"geometry":{"type":"Polygon","coordinates":[[[-57.01125,-25.627],[-57.01125,-25.627249999999997],[-57.010999999999996,-25.627249999999997],[-57.010999999999996,-25.627],[-57.01125,-25.627]]]}},{"type":"Feature","properties":{"category":"hansen_gfc","layer":"forest_gain_2000_2012","color":"#22c55e","source":"Hansen GFC v1.12"},"geometry":{"type":"Polygon","coordinates":[[[-57.043,-25.62775],[-57.043,-25.627999999999997],[-57.04275,-25.627999999999997],[-57.04275,-25.62775],[-57.043,-25.62775]]]}},{"type":"Feature","properties":{"category":"hansen_gfc","layer":"forest_gain_2000_2012","color":"#22c55e","source":"Hansen GFC v1.12"},"geometry":{"type":"Polygon","coordinates":[[[-56.99675,-25.629749999999998],[-56.99675,-25.630249999999997],[-56.9965,-25.630249999999997],[-56.9965,-25.629749999999998],[-56.99675,-25.629749999999998]]]}},{"type":"Feature","properties":{"category":"hansen_gfc","layer":"forest_gain_2000_2012","color":"#22c55e","source":"Hansen GFC v1.12"},"geometry":{"type":"Polygon","coordinates":[[[-56.997749999999996,-25.63075],[-56.997749999999996,-25.630999999999997],[-56.99725,-25.630999999999997],[-56.99725,-25.63075],[-56.997749999999996,-25.63075]]]}},{"type":"Feature","properties":{"category":"hansen_gfc","layer":"forest_gain_2000_2012","color":"#22c55e","source":"Hansen GFC v1.12"},"geometry":{"type":"Polygon","coordinates":[[[-56.997,-25.630999999999997],[-56.997,-25.631249999999998],[-56.99675,-25.631249999999998],[-56.99675,-25.630999999999997],[-56.997,-25.630999999999997]]]}},{"type":"Feature","properties":{"category":"hansen_gfc","layer":"forest_gain_2000_2012","color":"#22c55e","source":"Hansen GFC v1.12"},"geometry":{"type":"Polygon","coordinates":[[[-57.03225,-25.631499999999996],[-57.03225,-25.631749999999997],[-57.032,-25.631749999999997],[-57.032,-25.631499999999996],[-57.03225,-25.631499999999996]]]}},{"type":"Feature","properties":{"category":"hansen_gfc","layer":"forest_gain_2000_2012","color":"#22c55e","source":"Hansen GFC v1.12"},"geometry":{"type":"Polygon","coordinates":[[[-56.996249999999996,-25.631499999999996],[-56.996249999999996,-25.631749999999997],[-56.995999999999995,-25.631749999999997],[-56.995999999999995,-25.631499999999996],[-56.996249999999996,-25.631499999999996]]]}},{"type":"Feature","properties":{"category":"hansen_gfc","layer":"forest_gain_2000_2012","color":"#22c55e","source":"Hansen GFC v1.12"},"geometry":{"type":"Polygon","coordinates":[[[-57.07125,-25.633249999999997],[-57.07125,-25.633499999999998],[-57.071,-25.633499999999998],[-57.071,-25.633249999999997],[-57.07125,-25.633249999999997]]]}},{"type":"Feature","properties":{"category":"hansen_gfc","layer":"forest_gain_2000_2012","color":"#22c55e","source":"Hansen GFC v1.12"},"geometry":{"type":"Polygon","coordinates":[[[-57.06625,-25.634749999999997],[-57.06625,-25.635249999999996],[-57.065999999999995,-25.635249999999996],[-57.065999999999995,-25.634749999999997],[-57.06625,-25.634749999999997]]]}},{"type":"Feature","properties":{"category":"hansen_gfc","layer":"forest_gain_2000_2012","color":"#22c55e","source":"Hansen GFC v1.12"},"geometry":{"type":"Polygon","coordinates":[[[-57.03425,-25.634749999999997],[-57.03425,-25.635249999999996],[-57.034,-25.635249999999996],[-57.034,-25.634749999999997],[-57.03425,-25.634749999999997]]]}},{"type":"Feature","properties":{"category":"hansen_gfc","layer":"forest_gain_2000_2012","color":"#22c55e","source":"Hansen GFC v1.12"},"geometry":{"type":"Polygon","coordinates":[[[-57.06575,-25.635499999999997],[-57.06575,-25.635749999999998],[-57.0655,-25.635749999999998],[-57.0655,-25.635499999999997],[-57.06575,-25.635499999999997]]]}},{"type":"Feature","properties":{"category":"hansen_gfc","layer":"forest_gain_2000_2012","color":"#22c55e","source":"Hansen GFC v1.12"},"geometry":{"type":"Polygon","coordinates":[[[-57.046,-25.637249999999998],[-57.046,-25.637749999999997],[-57.04575,-25.637749999999997],[-57.04575,-25.637249999999998],[-57.046,-25.637249999999998]]]}},{"type":"Feature","properties":{"category":"hansen_gfc","layer":"forest_gain_2000_2012","color":"#22c55e","source":"Hansen GFC v1.12"},"geometry":{"type":"Polygon","coordinates":[[[-56.89425,-25.637249999999998],[-56.89425,-25.637749999999997],[-56.894,-25.637749999999997],[-56.894,-25.637249999999998],[-56.89425,-25.637249999999998]]]}},{"type":"Feature","properties":{"category":"hansen_gfc","layer":"forest_gain_2000_2012","color":"#22c55e","source":"Hansen GFC v1.12"},"geometry":{"type":"Polygon","coordinates":[[[-57.06825,-25.638749999999998],[-57.06825,-25.638999999999996],[-57.06775,-25.638999999999996],[-57.06775,-25.638749999999998],[-57.06825,-25.638749999999998]]]}},{"type":"Feature","properties":{"category":"hansen_gfc","layer":"forest_gain_2000_2012","color":"#22c55e","source":"Hansen GFC v1.12"},"geometry":{"type":"Polygon","coordinates":[[[-56.91375,-25.638749999999998],[-56.91375,-25.638999999999996],[-56.9135,-25.638999999999996],[-56.9135,-25.638749999999998],[-56.91375,-25.638749999999998]]]}},{"type":"Feature","properties":{"category":"hansen_gfc","layer":"forest_gain_2000_2012","color":"#22c55e","source":"Hansen GFC v1.12"},"geometry":{"type":"Polygon","coordinates":[[[-56.85125,-25.638499999999997],[-56.85125,-25.639499999999998],[-56.85075,-25.639499999999998],[-56.85075,-25.638749999999998],[-56.851,-25.638749999999998],[-56.851,-25.638499999999997],[-56.85125,-25.638499999999997]]]}},{"type":"Feature","properties":{"category":"hansen_gfc","layer":"forest_gain_2000_2012","color":"#22c55e","source":"Hansen GFC v1.12"},"geometry":{"type":"Polygon","coordinates":[[[-56.86175,-25.641499999999997],[-56.86175,-25.64175],[-56.8615,-25.64175],[-56.8615,-25.641499999999997],[-56.86175,-25.641499999999997]]]}},{"type":"Feature","properties":{"category":"hansen_gfc","layer":"forest_gain_2000_2012","color":"#22c55e","source":"Hansen GFC v1.12"},"geometry":{"type":"Polygon","coordinates":[[[-56.894749999999995,-25.64175],[-56.894749999999995,-25.641999999999996],[-56.8945,-25.641999999999996],[-56.8945,-25.64175],[-56.894749999999995,-25.64175]]]}},{"type":"Feature","properties":{"category":"hansen_gfc","layer":"forest_gain_2000_2012","color":"#22c55e","source":"Hansen GFC v1.12"},"geometry":{"type":"Polygon","coordinates":[[[-56.876,-25.64175],[-56.876,-25.641999999999996],[-56.87575,-25.641999999999996],[-56.87575,-25.64175],[-56.876,-25.64175]]]}},{"type":"Feature","properties":{"category":"hansen_gfc","layer":"forest_gain_2000_2012","color":"#22c55e","source":"Hansen GFC v1.12"},"geometry":{"type":"Polygon","coordinates":[[[-56.860749999999996,-25.641999999999996],[-56.860749999999996,-25.642249999999997],[-56.860499999999995,-25.642249999999997],[-56.860499999999995,-25.641999999999996],[-56.860749999999996,-25.641999999999996]]]}},{"type":"Feature","properties":{"category":"hansen_gfc","layer":"forest_gain_2000_2012","color":"#22c55e","source":"Hansen GFC v1.12"},"geometry":{"type":"Polygon","coordinates":[[[-56.980999999999995,-25.642249999999997],[-56.980999999999995,-25.642749999999996],[-56.98075,-25.642749999999996],[-56.98075,-25.642249999999997],[-56.980999999999995,-25.642249999999997]]]}},{"type":"Feature","properties":{"category":"hansen_gfc","layer":"forest_gain_2000_2012","color":"#22c55e","source":"Hansen GFC v1.12"},"geometry":{"type":"Polygon","coordinates":[[[-56.87625,-25.642249999999997],[-56.87625,-25.642749999999996],[-56.876,-25.642749999999996],[-56.876,-25.642249999999997],[-56.87625,-25.642249999999997]]]}},{"type":"Feature","properties":{"category":"hansen_gfc","layer":"forest_gain_2000_2012","color":"#22c55e","source":"Hansen GFC v1.12"},"geometry":{"type":"Polygon","coordinates":[[[-56.86125,-25.642749999999996],[-56.86125,-25.642999999999997],[-56.861,-25.642999999999997],[-56.861,-25.642749999999996],[-56.86125,-25.642749999999996]]]}},{"type":"Feature","properties":{"category":"hansen_gfc","layer":"forest_gain_2000_2012","color":"#22c55e","source":"Hansen GFC v1.12"},"geometry":{"type":"Polygon","coordinates":[[[-56.8565,-25.642749999999996],[-56.8565,-25.642999999999997],[-56.856249999999996,-25.642999999999997],[-56.856249999999996,-25.64325],[-56.85575,-25.64325],[-56.85575,-25.642749999999996],[-56.8565,-25.642749999999996]]]}},{"type":"Feature","properties":{"category":"hansen_gfc","layer":"forest_gain_2000_2012","color":"#22c55e","source":"Hansen GFC v1.12"},"geometry":{"type":"Polygon","coordinates":[[[-56.876,-25.642999999999997],[-56.876,-25.64325],[-56.87575,-25.64325],[-56.87575,-25.642999999999997],[-56.876,-25.642999999999997]]]}},{"type":"Feature","properties":{"category":"hansen_gfc","layer":"forest_gain_2000_2012","color":"#22c55e","source":"Hansen GFC v1.12"},"geometry":{"type":"Polygon","coordinates":[[[-57.01475,-25.642999999999997],[-57.01475,-25.64325],[-57.015499999999996,-25.64325],[-57.015499999999996,-25.643499999999996],[-57.01475,-25.643499999999996],[-57.01475,-25.64325],[-57.0145,-25.64325],[-57.0145,-25.642999999999997],[-57.01475,-25.642999999999997]]]}},{"type":"Feature","properties":{"category":"hansen_gfc","layer":"forest_gain_2000_2012","color":"#22c55e","source":"Hansen GFC v1.12"},"geometry":{"type":"Polygon","coordinates":[[[-56.86275,-25.643499999999996],[-56.86275,-25.644],[-56.862249999999996,-25.644],[-56.862249999999996,-25.643499999999996],[-56.86275,-25.643499999999996]]]}},{"type":"Feature","properties":{"category":"hansen_gfc","layer":"forest_gain_2000_2012","color":"#22c55e","source":"Hansen GFC v1.12"},"geometry":{"type":"Polygon","coordinates":[[[-56.9015,-25.644499999999997],[-56.9015,-25.64475],[-56.90125,-25.64475],[-56.90125,-25.644499999999997],[-56.9015,-25.644499999999997]]]}},{"type":"Feature","properties":{"category":"hansen_gfc","layer":"forest_gain_2000_2012","color":"#22c55e","source":"Hansen GFC v1.12"},"geometry":{"type":"Polygon","coordinates":[[[-56.8765,-25.644499999999997],[-56.8765,-25.645249999999997],[-56.87625,-25.645249999999997],[-56.87625,-25.644499999999997],[-56.8765,-25.644499999999997]]]}},{"type":"Feature","properties":{"category":"hansen_gfc","layer":"forest_gain_2000_2012","color":"#22c55e","source":"Hansen GFC v1.12"},"geometry":{"type":"Polygon","coordinates":[[[-56.98325,-25.64475],[-56.98325,-25.645249999999997],[-56.983,-25.645249999999997],[-56.983,-25.64475],[-56.98325,-25.64475]]]}},{"type":"Feature","properties":{"category":"hansen_gfc","layer":"forest_gain_2000_2012","color":"#22c55e","source":"Hansen GFC v1.12"},"geometry":{"type":"Polygon","coordinates":[[[-57.031,-25.645999999999997],[-57.031,-25.646499999999996],[-57.03075,-25.646499999999996],[-57.03075,-25.64625],[-57.030499999999996,-25.64625],[-57.030499999999996,-25.645999999999997],[-57.031,-25.645999999999997]]]}},{"type":"Feature","properties":{"category":"hansen_gfc","layer":"forest_gain_2000_2012","color":"#22c55e","source":"Hansen GFC v1.12"},"geometry":{"type":"Polygon","coordinates":[[[-56.91025,-25.64625],[-56.91025,-25.646749999999997],[-56.9095,-25.646749999999997],[-56.9095,-25.646499999999996],[-56.90925,-25.646499999999996],[-56.90925,-25.64625],[-56.91025,-25.64625]]]}},{"type":"Feature","properties":{"category":"hansen_gfc","layer":"forest_gain_2000_2012","color":"#22c55e","source":"Hansen GFC v1.12"},"geometry":{"type":"Polygon","coordinates":[[[-56.917249999999996,-25.646499999999996],[-56.917249999999996,-25.646749999999997],[-56.917,-25.646749999999997],[-56.917,-25.646499999999996],[-56.917249999999996,-25.646499999999996]]]}},{"type":"Feature","properties":{"category":"hansen_gfc","layer":"forest_gain_2000_2012","color":"#22c55e","source":"Hansen GFC v1.12"},"geometry":{"type":"Polygon","coordinates":[[[-56.972249999999995,-25.646749999999997],[-56.972249999999995,-25.647],[-56.972,-25.647],[-56.972,-25.646749999999997],[-56.972249999999995,-25.646749999999997]]]}},{"type":"Feature","properties":{"category":"hansen_gfc","layer":"forest_gain_2000_2012","color":"#22c55e","source":"Hansen GFC v1.12"},"geometry":{"type":"Polygon","coordinates":[[[-56.97725,-25.647],[-56.97725,-25.64775],[-56.976749999999996,-25.64775],[-56.976749999999996,-25.647249999999996],[-56.977,-25.647249999999996],[-56.977,-25.647],[-56.97725,-25.647]]]}},{"type":"Feature","properties":{"category":"hansen_gfc","layer":"forest_gain_2000_2012","color":"#22c55e","source":"Hansen GFC v1.12"},"geometry":{"type":"Polygon","coordinates":[[[-57.08125,-25.651249999999997],[-57.08125,-25.6515],[-57.080999999999996,-25.6515],[-57.080999999999996,-25.651249999999997],[-57.08125,-25.651249999999997]]]}},{"type":"Feature","properties":{"category":"hansen_gfc","layer":"forest_gain_2000_2012","color":"#22c55e","source":"Hansen GFC v1.12"},"geometry":{"type":"Polygon","coordinates":[[[-57.071,-25.651749999999996],[-57.071,-25.651999999999997],[-57.07075,-25.651999999999997],[-57.07075,-25.65225],[-57.070499999999996,-25.65225],[-57.070499999999996,-25.651999999999997],[-57.07075,-25.651999999999997],[-57.07075,-25.651749999999996],[-57.071,-25.651749999999996]]]}},{"type":"Feature","properties":{"category":"hansen_gfc","layer":"forest_gain_2000_2012","color":"#22c55e","source":"Hansen GFC v1.12"},"geometry":{"type":"Polygon","coordinates":[[[-56.911249999999995,-25.653],[-56.911249999999995,-25.653249999999996],[-56.911,-25.653249999999996],[-56.911,-25.653],[-56.911249999999995,-25.653]]]}},{"type":"Feature","properties":{"category":"hansen_gfc","layer":"forest_gain_2000_2012","color":"#22c55e","source":"Hansen GFC v1.12"},"geometry":{"type":"Polygon","coordinates":[[[-56.890249999999995,-25.653],[-56.890249999999995,-25.653249999999996],[-56.88975,-25.653249999999996],[-56.88975,-25.653],[-56.890249999999995,-25.653]]]}},{"type":"Feature","properties":{"category":"hansen_gfc","layer":"forest_gain_2000_2012","color":"#22c55e","source":"Hansen GFC v1.12"},"geometry":{"type":"Polygon","coordinates":[[[-56.85575,-25.653],[-56.85575,-25.653249999999996],[-56.8555,-25.653249999999996],[-56.8555,-25.653],[-56.85575,-25.653]]]}},{"type":"Feature","properties":{"category":"hansen_gfc","layer":"forest_gain_2000_2012","color":"#22c55e","source":"Hansen GFC v1.12"},"geometry":{"type":"Polygon","coordinates":[[[-56.93325,-25.653],[-56.93325,-25.653249999999996],[-56.933,-25.653249999999996],[-56.933,-25.653499999999998],[-56.93275,-25.653499999999998],[-56.93275,-25.653249999999996],[-56.933,-25.653249999999996],[-56.933,-25.653],[-56.93325,-25.653]]]}},{"type":"Feature","properties":{"category":"hansen_gfc","layer":"forest_gain_2000_2012","color":"#22c55e","source":"Hansen GFC v1.12"},"geometry":{"type":"Polygon","coordinates":[[[-56.97625,-25.654249999999998],[-56.97625,-25.6545],[-56.9755,-25.6545],[-56.9755,-25.654249999999998],[-56.97625,-25.654249999999998]]]}},{"type":"Feature","properties":{"category":"hansen_gfc","layer":"forest_gain_2000_2012","color":"#22c55e","source":"Hansen GFC v1.12"},"geometry":{"type":"Polygon","coordinates":[[[-56.84075,-25.6545],[-56.84075,-25.654749999999996],[-56.8405,-25.654749999999996],[-56.8405,-25.6545],[-56.84075,-25.6545]]]}},{"type":"Feature","properties":{"category":"hansen_gfc","layer":"forest_gain_2000_2012","color":"#22c55e","source":"Hansen GFC v1.12"},"geometry":{"type":"Polygon","coordinates":[[[-56.9755,-25.654749999999996],[-56.9755,-25.65525],[-56.975249999999996,-25.65525],[-56.975249999999996,-25.654749999999996],[-56.9755,-25.654749999999996]]]}},{"type":"Feature","properties":{"category":"hansen_gfc","layer":"forest_gain_2000_2012","color":"#22c55e","source":"Hansen GFC v1.12"},"geometry":{"type":"Polygon","coordinates":[[[-56.97475,-25.65525],[-56.97475,-25.655499999999996],[-56.9745,-25.655499999999996],[-56.9745,-25.65525],[-56.97475,-25.65525]]]}},{"type":"Feature","properties":{"category":"hansen_gfc","layer":"forest_gain_2000_2012","color":"#22c55e","source":"Hansen GFC v1.12"},"geometry":{"type":"Polygon","coordinates":[[[-56.90425,-25.656499999999998],[-56.90425,-25.65675],[-56.903999999999996,-25.65675],[-56.903999999999996,-25.656999999999996],[-56.903749999999995,-25.656999999999996],[-56.903749999999995,-25.656499999999998],[-56.90425,-25.656499999999998]]]}},{"type":"Feature","properties":{"category":"hansen_gfc","layer":"forest_gain_2000_2012","color":"#22c55e","source":"Hansen GFC v1.12"},"geometry":{"type":"Polygon","coordinates":[[[-56.9035,-25.65675],[-56.9035,-25.656999999999996],[-56.90325,-25.656999999999996],[-56.90325,-25.657249999999998],[-56.903,-25.657249999999998],[-56.903,-25.656999999999996],[-56.90325,-25.656999999999996],[-56.90325,-25.65675],[-56.9035,-25.65675]]]}},{"type":"Feature","properties":{"category":"hansen_gfc","layer":"forest_gain_2000_2012","color":"#22c55e","source":"Hansen GFC v1.12"},"geometry":{"type":"Polygon","coordinates":[[[-56.902249999999995,-25.65675],[-56.902249999999995,-25.656999999999996],[-56.90175,-25.656999999999996],[-56.90175,-25.657249999999998],[-56.9015,-25.657249999999998],[-56.9015,-25.65675],[-56.902249999999995,-25.65675]]]}},{"type":"Feature","properties":{"category":"hansen_gfc","layer":"forest_gain_2000_2012","color":"#22c55e","source":"Hansen GFC v1.12"},"geometry":{"type":"Polygon","coordinates":[[[-56.955999999999996,-25.65825],[-56.955999999999996,-25.658499999999997],[-56.95525,-25.658499999999997],[-56.95525,-25.65825],[-56.955999999999996,-25.65825]]]}},{"type":"Feature","properties":{"category":"hansen_gfc","layer":"forest_gain_2000_2012","color":"#22c55e","source":"Hansen GFC v1.12"},"geometry":{"type":"Polygon","coordinates":[[[-56.929249999999996,-25.661499999999997],[-56.929249999999996,-25.661749999999998],[-56.928999999999995,-25.661749999999998],[-56.928999999999995,-25.661499999999997],[-56.929249999999996,-25.661499999999997]]]}},{"type":"Feature","properties":{"category":"hansen_gfc","layer":"forest_gain_2000_2012","color":"#22c55e","source":"Hansen GFC v1.12"},"geometry":{"type":"Polygon","coordinates":[[[-56.849,-25.664249999999996],[-56.849,-25.664499999999997],[-56.848749999999995,-25.664499999999997],[-56.848749999999995,-25.664249999999996],[-56.849,-25.664249999999996]]]}},{"type":"Feature","properties":{"category":"hansen_gfc","layer":"forest_gain_2000_2012","color":"#22c55e","source":"Hansen GFC v1.12"},"geometry":{"type":"Polygon","coordinates":[[[-56.860499999999995,-25.665249999999997],[-56.860499999999995,-25.665499999999998],[-56.86025,-25.665499999999998],[-56.86025,-25.665249999999997],[-56.860499999999995,-25.665249999999997]]]}},{"type":"Feature","properties":{"category":"hansen_gfc","layer":"forest_gain_2000_2012","color":"#22c55e","source":"Hansen GFC v1.12"},"geometry":{"type":"Polygon","coordinates":[[[-57.0315,-25.666499999999996],[-57.0315,-25.666749999999997],[-57.03125,-25.666749999999997],[-57.03125,-25.666499999999996],[-57.0315,-25.666499999999996]]]}},{"type":"Feature","properties":{"category":"hansen_gfc","layer":"forest_gain_2000_2012","color":"#22c55e","source":"Hansen GFC v1.12"},"geometry":{"type":"Polygon","coordinates":[[[-56.8545,-25.666999999999998],[-56.8545,-25.667249999999996],[-56.85375,-25.667249999999996],[-56.85375,-25.666999999999998],[-56.8545,-25.666999999999998]]]}},{"type":"Feature","properties":{"category":"hansen_gfc","layer":"forest_gain_2000_2012","color":"#22c55e","source":"Hansen GFC v1.12"},"geometry":{"type":"Polygon","coordinates":[[[-56.848749999999995,-25.666999999999998],[-56.848749999999995,-25.667249999999996],[-56.8485,-25.667249999999996],[-56.8485,-25.666999999999998],[-56.848749999999995,-25.666999999999998]]]}},{"type":"Feature","properties":{"category":"hansen_gfc","layer":"forest_gain_2000_2012","color":"#22c55e","source":"Hansen GFC v1.12"},"geometry":{"type":"Polygon","coordinates":[[[-56.870999999999995,-25.667249999999996],[-56.870999999999995,-25.667749999999998],[-56.87075,-25.667749999999998],[-56.87075,-25.667249999999996],[-56.870999999999995,-25.667249999999996]]]}},{"type":"Feature","properties":{"category":"hansen_gfc","layer":"forest_gain_2000_2012","color":"#22c55e","source":"Hansen GFC v1.12"},"geometry":{"type":"Polygon","coordinates":[[[-56.9255,-25.668249999999997],[-56.9255,-25.668499999999998],[-56.92525,-25.668499999999998],[-56.92525,-25.668249999999997],[-56.9255,-25.668249999999997]]]}},{"type":"Feature","properties":{"category":"hansen_gfc","layer":"forest_gain_2000_2012","color":"#22c55e","source":"Hansen GFC v1.12"},"geometry":{"type":"Polygon","coordinates":[[[-56.858999999999995,-25.668249999999997],[-56.858999999999995,-25.668499999999998],[-56.85875,-25.668499999999998],[-56.85875,-25.668249999999997],[-56.858999999999995,-25.668249999999997]]]}},{"type":"Feature","properties":{"category":"hansen_gfc","layer":"forest_gain_2000_2012","color":"#22c55e","source":"Hansen GFC v1.12"},"geometry":{"type":"Polygon","coordinates":[[[-56.996249999999996,-25.669249999999998],[-56.996249999999996,-25.669499999999996],[-56.995999999999995,-25.669499999999996],[-56.995999999999995,-25.669249999999998],[-56.996249999999996,-25.669249999999998]]]}},{"type":"Feature","properties":{"category":"hansen_gfc","layer":"forest_gain_2000_2012","color":"#22c55e","source":"Hansen GFC v1.12"},"geometry":{"type":"Polygon","coordinates":[[[-56.925999999999995,-25.669499999999996],[-56.925999999999995,-25.669749999999997],[-56.92575,-25.669749999999997],[-56.92575,-25.669499999999996],[-56.925999999999995,-25.669499999999996]]]}},{"type":"Feature","properties":{"category":"hansen_gfc","layer":"forest_gain_2000_2012","color":"#22c55e","source":"Hansen GFC v1.12"},"geometry":{"type":"Polygon","coordinates":[[[-56.86775,-25.670749999999998],[-56.86775,-25.670999999999996],[-56.86725,-25.670999999999996],[-56.86725,-25.670749999999998],[-56.86775,-25.670749999999998]]]}},{"type":"Feature","properties":{"category":"hansen_gfc","layer":"forest_gain_2000_2012","color":"#22c55e","source":"Hansen GFC v1.12"},"geometry":{"type":"Polygon","coordinates":[[[-56.897749999999995,-25.670999999999996],[-56.897749999999995,-25.671249999999997],[-56.89725,-25.671249999999997],[-56.89725,-25.670999999999996],[-56.897749999999995,-25.670999999999996]]]}},{"type":"Feature","properties":{"category":"hansen_gfc","layer":"forest_gain_2000_2012","color":"#22c55e","source":"Hansen GFC v1.12"},"geometry":{"type":"Polygon","coordinates":[[[-56.87775,-25.670999999999996],[-56.87775,-25.671249999999997],[-56.87725,-25.671249999999997],[-56.87725,-25.670999999999996],[-56.87775,-25.670999999999996]]]}},{"type":"Feature","properties":{"category":"hansen_gfc","layer":"forest_gain_2000_2012","color":"#22c55e","source":"Hansen GFC v1.12"},"geometry":{"type":"Polygon","coordinates":[[[-56.89575,-25.671499999999998],[-56.89575,-25.671749999999996],[-56.8955,-25.671749999999996],[-56.8955,-25.671499999999998],[-56.89575,-25.671499999999998]]]}},{"type":"Feature","properties":{"category":"hansen_gfc","layer":"forest_gain_2000_2012","color":"#22c55e","source":"Hansen GFC v1.12"},"geometry":{"type":"Polygon","coordinates":[[[-56.87325,-25.671999999999997],[-56.87325,-25.67225],[-56.872749999999996,-25.67225],[-56.872749999999996,-25.671999999999997],[-56.87325,-25.671999999999997]]]}},{"type":"Feature","properties":{"category":"hansen_gfc","layer":"forest_gain_2000_2012","color":"#22c55e","source":"Hansen GFC v1.12"},"geometry":{"type":"Polygon","coordinates":[[[-57.19625,-25.673249999999996],[-57.19625,-25.673499999999997],[-57.196,-25.673499999999997],[-57.196,-25.673249999999996],[-57.19625,-25.673249999999996]]]}},{"type":"Feature","properties":{"category":"hansen_gfc","layer":"forest_gain_2000_2012","color":"#22c55e","source":"Hansen GFC v1.12"},"geometry":{"type":"Polygon","coordinates":[[[-57.1945,-25.673249999999996],[-57.1945,-25.673499999999997],[-57.19425,-25.673499999999997],[-57.19425,-25.673249999999996],[-57.1945,-25.673249999999996]]]}},{"type":"Feature","properties":{"category":"hansen_gfc","layer":"forest_gain_2000_2012","color":"#22c55e","source":"Hansen GFC v1.12"},"geometry":{"type":"Polygon","coordinates":[[[-57.02825,-25.675499999999996],[-57.02825,-25.675749999999997],[-57.02775,-25.675749999999997],[-57.02775,-25.675499999999996],[-57.02825,-25.675499999999996]]]}},{"type":"Feature","properties":{"category":"hansen_gfc","layer":"forest_gain_2000_2012","color":"#22c55e","source":"Hansen GFC v1.12"},"geometry":{"type":"Polygon","coordinates":[[[-56.92875,-25.68125],[-56.92875,-25.681499999999996],[-56.9285,-25.681499999999996],[-56.9285,-25.68125],[-56.92875,-25.68125]]]}},{"type":"Feature","properties":{"category":"hansen_gfc","layer":"forest_gain_2000_2012","color":"#22c55e","source":"Hansen GFC v1.12"},"geometry":{"type":"Polygon","coordinates":[[[-57.03525,-25.682999999999996],[-57.03525,-25.683249999999997],[-57.034749999999995,-25.683249999999997],[-57.034749999999995,-25.682999999999996],[-57.03525,-25.682999999999996]]]}},{"type":"Feature","properties":{"category":"hansen_gfc","layer":"forest_gain_2000_2012","color":"#22c55e","source":"Hansen GFC v1.12"},"geometry":{"type":"Polygon","coordinates":[[[-56.9695,-25.683749999999996],[-56.9695,-25.683999999999997],[-56.969249999999995,-25.683999999999997],[-56.969249999999995,-25.683749999999996],[-56.9695,-25.683749999999996]]]}},{"type":"Feature","properties":{"category":"hansen_gfc","layer":"forest_gain_2000_2012","color":"#22c55e","source":"Hansen GFC v1.12"},"geometry":{"type":"Polygon","coordinates":[[[-56.96125,-25.68575],[-56.96125,-25.685999999999996],[-56.961,-25.685999999999996],[-56.961,-25.686249999999998],[-56.96075,-25.686249999999998],[-56.96075,-25.685999999999996],[-56.961,-25.685999999999996],[-56.961,-25.68575],[-56.96125,-25.68575]]]}},{"type":"Feature","properties":{"category":"hansen_gfc","layer":"forest_gain_2000_2012","color":"#22c55e","source":"Hansen GFC v1.12"},"geometry":{"type":"Polygon","coordinates":[[[-56.967999999999996,-25.693749999999998],[-56.967999999999996,-25.693999999999996],[-56.96725,-25.693999999999996],[-56.96725,-25.693749999999998],[-56.967999999999996,-25.693749999999998]]]}},{"type":"Feature","properties":{"category":"hansen_gfc","layer":"forest_gain_2000_2012","color":"#22c55e","source":"Hansen GFC v1.12"},"geometry":{"type":"Polygon","coordinates":[[[-56.9695,-25.694749999999996],[-56.9695,-25.695249999999998],[-56.969,-25.695249999999998],[-56.969,-25.694749999999996],[-56.9695,-25.694749999999996]]]}},{"type":"Feature","properties":{"category":"hansen_gfc","layer":"forest_gain_2000_2012","color":"#22c55e","source":"Hansen GFC v1.12"},"geometry":{"type":"Polygon","coordinates":[[[-56.948,-25.696249999999996],[-56.948,-25.696499999999997],[-56.94775,-25.696499999999997],[-56.94775,-25.696249999999996],[-56.948,-25.696249999999996]]]}},{"type":"Feature","properties":{"category":"hansen_gfc","layer":"forest_gain_2000_2012","color":"#22c55e","source":"Hansen GFC v1.12"},"geometry":{"type":"Polygon","coordinates":[[[-57.0345,-25.696749999999998],[-57.0345,-25.696999999999996],[-57.03425,-25.696999999999996],[-57.03425,-25.696749999999998],[-57.0345,-25.696749999999998]]]}},{"type":"Feature","properties":{"category":"hansen_gfc","layer":"forest_gain_2000_2012","color":"#22c55e","source":"Hansen GFC v1.12"},"geometry":{"type":"Polygon","coordinates":[[[-56.966249999999995,-25.696999999999996],[-56.966249999999995,-25.697249999999997],[-56.966,-25.697249999999997],[-56.966,-25.696999999999996],[-56.966249999999995,-25.696999999999996]]]}},{"type":"Feature","properties":{"category":"hansen_gfc","layer":"forest_gain_2000_2012","color":"#22c55e","source":"Hansen GFC v1.12"},"geometry":{"type":"Polygon","coordinates":[[[-56.967749999999995,-25.697249999999997],[-56.967749999999995,-25.697749999999996],[-56.96725,-25.697749999999996],[-56.96725,-25.697249999999997],[-56.967749999999995,-25.697249999999997]]]}},{"type":"Feature","properties":{"category":"hansen_gfc","layer":"forest_gain_2000_2012","color":"#22c55e","source":"Hansen GFC v1.12"},"geometry":{"type":"Polygon","coordinates":[[[-56.967,-25.697999999999997],[-56.967,-25.698249999999998],[-56.96675,-25.698249999999998],[-56.96675,-25.697999999999997],[-56.967,-25.697999999999997]]]}},{"type":"Feature","properties":{"category":"hansen_gfc","layer":"forest_gain_2000_2012","color":"#22c55e","source":"Hansen GFC v1.12"},"geometry":{"type":"Polygon","coordinates":[[[-57.016,-25.698499999999996],[-57.016,-25.698749999999997],[-57.01575,-25.698749999999997],[-57.01575,-25.698499999999996],[-57.016,-25.698499999999996]]]}},{"type":"Feature","properties":{"category":"hansen_gfc","layer":"forest_gain_2000_2012","color":"#22c55e","source":"Hansen GFC v1.12"},"geometry":{"type":"Polygon","coordinates":[[[-56.84475,-25.698999999999998],[-56.84475,-25.699249999999996],[-56.844249999999995,-25.699249999999996],[-56.844249999999995,-25.698999999999998],[-56.84475,-25.698999999999998]]]}},{"type":"Feature","properties":{"category":"hansen_gfc","layer":"forest_gain_2000_2012","color":"#22c55e","source":"Hansen GFC v1.12"},"geometry":{"type":"Polygon","coordinates":[[[-56.8445,-25.700499999999998],[-56.8445,-25.700749999999996],[-56.844249999999995,-25.700749999999996],[-56.844249999999995,-25.700499999999998],[-56.8445,-25.700499999999998]]]}},{"type":"Feature","properties":{"category":"hansen_gfc","layer":"forest_gain_2000_2012","color":"#22c55e","source":"Hansen GFC v1.12"},"geometry":{"type":"Polygon","coordinates":[[[-56.9735,-25.701249999999998],[-56.9735,-25.701499999999996],[-56.97325,-25.701499999999996],[-56.97325,-25.701249999999998],[-56.9735,-25.701249999999998]]]}},{"type":"Feature","properties":{"category":"hansen_gfc","layer":"forest_gain_2000_2012","color":"#22c55e","source":"Hansen GFC v1.12"},"geometry":{"type":"Polygon","coordinates":[[[-56.98225,-25.7095],[-56.98225,-25.709749999999996],[-56.98175,-25.709749999999996],[-56.98175,-25.7095],[-56.98225,-25.7095]]]}},{"type":"Feature","properties":{"category":"hansen_gfc","layer":"forest_gain_2000_2012","color":"#22c55e","source":"Hansen GFC v1.12"},"geometry":{"type":"Polygon","coordinates":[[[-56.95825,-25.712249999999997],[-56.95825,-25.712749999999996],[-56.958,-25.712749999999996],[-56.958,-25.712249999999997],[-56.95825,-25.712249999999997]]]}},{"type":"Feature","properties":{"category":"hansen_gfc","layer":"forest_gain_2000_2012","color":"#22c55e","source":"Hansen GFC v1.12"},"geometry":{"type":"Polygon","coordinates":[[[-56.95675,-25.71325],[-56.95675,-25.713499999999996],[-56.95625,-25.713499999999996],[-56.95625,-25.71325],[-56.95675,-25.71325]]]}},{"type":"Feature","properties":{"category":"hansen_gfc","layer":"forest_gain_2000_2012","color":"#22c55e","source":"Hansen GFC v1.12"},"geometry":{"type":"Polygon","coordinates":[[[-56.85825,-25.714499999999997],[-56.85825,-25.71475],[-56.858,-25.71475],[-56.858,-25.714499999999997],[-56.85825,-25.714499999999997]]]}},{"type":"Feature","properties":{"category":"hansen_gfc","layer":"forest_gain_2000_2012","color":"#22c55e","source":"Hansen GFC v1.12"},"geometry":{"type":"Polygon","coordinates":[[[-56.96125,-25.7155],[-56.96125,-25.715749999999996],[-56.961,-25.715749999999996],[-56.961,-25.7155],[-56.96125,-25.7155]]]}},{"type":"Feature","properties":{"category":"hansen_gfc","layer":"forest_gain_2000_2012","color":"#22c55e","source":"Hansen GFC v1.12"},"geometry":{"type":"Polygon","coordinates":[[[-56.9445,-25.717249999999996],[-56.9445,-25.71775],[-56.94425,-25.71775],[-56.94425,-25.717249999999996],[-56.9445,-25.717249999999996]]]}},{"type":"Feature","properties":{"category":"hansen_gfc","layer":"forest_gain_2000_2012","color":"#22c55e","source":"Hansen GFC v1.12"},"geometry":{"type":"Polygon","coordinates":[[[-56.9435,-25.720249999999997],[-56.9435,-25.720499999999998],[-56.94325,-25.720499999999998],[-56.94325,-25.720249999999997],[-56.9435,-25.720249999999997]]]}},{"type":"Feature","properties":{"category":"hansen_gfc","layer":"forest_gain_2000_2012","color":"#22c55e","source":"Hansen GFC v1.12"},"geometry":{"type":"Polygon","coordinates":[[[-56.86175,-25.720499999999998],[-56.86175,-25.72075],[-56.8615,-25.72075],[-56.8615,-25.720499999999998],[-56.86175,-25.720499999999998]]]}},{"type":"Feature","properties":{"category":"hansen_gfc","layer":"forest_gain_2000_2012","color":"#22c55e","source":"Hansen GFC v1.12"},"geometry":{"type":"Polygon","coordinates":[[[-56.94575,-25.72075],[-56.94575,-25.720999999999997],[-56.945499999999996,-25.720999999999997],[-56.945499999999996,-25.72075],[-56.94575,-25.72075]]]}},{"type":"Feature","properties":{"category":"hansen_gfc","layer":"forest_gain_2000_2012","color":"#22c55e","source":"Hansen GFC v1.12"},"geometry":{"type":"Polygon","coordinates":[[[-56.89125,-25.720499999999998],[-56.89125,-25.721249999999998],[-56.89075,-25.721249999999998],[-56.89075,-25.720499999999998],[-56.89125,-25.720499999999998]]]}},{"type":"Feature","properties":{"category":"hansen_gfc","layer":"forest_gain_2000_2012","color":"#22c55e","source":"Hansen GFC v1.12"},"geometry":{"type":"Polygon","coordinates":[[[-57.04725,-25.721999999999998],[-57.04725,-25.72225],[-57.047,-25.72225],[-57.047,-25.721999999999998],[-57.04725,-25.721999999999998]]]}},{"type":"Feature","properties":{"category":"hansen_gfc","layer":"forest_gain_2000_2012","color":"#22c55e","source":"Hansen GFC v1.12"},"geometry":{"type":"Polygon","coordinates":[[[-57.048249999999996,-25.723],[-57.048249999999996,-25.723249999999997],[-57.047999999999995,-25.723249999999997],[-57.047999999999995,-25.723],[-57.048249999999996,-25.723]]]}},{"type":"Feature","properties":{"category":"hansen_gfc","layer":"forest_gain_2000_2012","color":"#22c55e","source":"Hansen GFC v1.12"},"geometry":{"type":"Polygon","coordinates":[[[-56.922999999999995,-25.724249999999998],[-56.922999999999995,-25.7245],[-56.92275,-25.7245],[-56.92275,-25.724249999999998],[-56.922999999999995,-25.724249999999998]]]}},{"type":"Feature","properties":{"category":"hansen_gfc","layer":"forest_gain_2000_2012","color":"#22c55e","source":"Hansen GFC v1.12"},"geometry":{"type":"Polygon","coordinates":[[[-56.94175,-25.7245],[-56.94175,-25.725249999999996],[-56.9415,-25.725249999999996],[-56.9415,-25.7245],[-56.94175,-25.7245]]]}},{"type":"Feature","properties":{"category":"hansen_gfc","layer":"forest_gain_2000_2012","color":"#22c55e","source":"Hansen GFC v1.12"},"geometry":{"type":"Polygon","coordinates":[[[-56.923249999999996,-25.724749999999997],[-56.923249999999996,-25.725249999999996],[-56.922999999999995,-25.725249999999996],[-56.922999999999995,-25.724749999999997],[-56.923249999999996,-25.724749999999997]]]}},{"type":"Feature","properties":{"category":"hansen_gfc","layer":"forest_gain_2000_2012","color":"#22c55e","source":"Hansen GFC v1.12"},"geometry":{"type":"Polygon","coordinates":[[[-57.1305,-25.729249999999997],[-57.1305,-25.729499999999998],[-57.13025,-25.729499999999998],[-57.13025,-25.729249999999997],[-57.1305,-25.729249999999997]]]}},{"type":"Feature","properties":{"category":"hansen_gfc","layer":"forest_gain_2000_2012","color":"#22c55e","source":"Hansen GFC v1.12"},"geometry":{"type":"Polygon","coordinates":[[[-56.88125,-25.729499999999998],[-56.88125,-25.729749999999996],[-56.8805,-25.729749999999996],[-56.8805,-25.729499999999998],[-56.88125,-25.729499999999998]]]}},{"type":"Feature","properties":{"category":"hansen_gfc","layer":"forest_gain_2000_2012","color":"#22c55e","source":"Hansen GFC v1.12"},"geometry":{"type":"Polygon","coordinates":[[[-56.95475,-25.730249999999998],[-56.95475,-25.730499999999996],[-56.954499999999996,-25.730499999999996],[-56.954499999999996,-25.730249999999998],[-56.95475,-25.730249999999998]]]}},{"type":"Feature","properties":{"category":"hansen_gfc","layer":"forest_gain_2000_2012","color":"#22c55e","source":"Hansen GFC v1.12"},"geometry":{"type":"Polygon","coordinates":[[[-56.87725,-25.730499999999996],[-56.87725,-25.730749999999997],[-56.87675,-25.730749999999997],[-56.87675,-25.730499999999996],[-56.87725,-25.730499999999996]]]}},{"type":"Feature","properties":{"category":"hansen_gfc","layer":"forest_gain_2000_2012","color":"#22c55e","source":"Hansen GFC v1.12"},"geometry":{"type":"Polygon","coordinates":[[[-56.919,-25.733499999999996],[-56.919,-25.733749999999997],[-56.918749999999996,-25.733749999999997],[-56.918749999999996,-25.733499999999996],[-56.919,-25.733499999999996]]]}},{"type":"Feature","properties":{"category":"hansen_gfc","layer":"forest_gain_2000_2012","color":"#22c55e","source":"Hansen GFC v1.12"},"geometry":{"type":"Polygon","coordinates":[[[-56.997749999999996,-25.733499999999996],[-56.997749999999996,-25.733999999999998],[-56.997,-25.733999999999998],[-56.997,-25.733749999999997],[-56.99725,-25.733749999999997],[-56.99725,-25.733499999999996],[-56.997749999999996,-25.733499999999996]]]}},{"type":"Feature","properties":{"category":"hansen_gfc","layer":"forest_gain_2000_2012","color":"#22c55e","source":"Hansen GFC v1.12"},"geometry":{"type":"Polygon","coordinates":[[[-56.879,-25.734249999999996],[-56.879,-25.73475],[-56.878499999999995,-25.73475],[-56.878499999999995,-25.734249999999996],[-56.879,-25.734249999999996]]]}},{"type":"Feature","properties":{"category":"hansen_gfc","layer":"forest_gain_2000_2012","color":"#22c55e","source":"Hansen GFC v1.12"},"geometry":{"type":"Polygon","coordinates":[[[-56.878,-25.7355],[-56.878,-25.735749999999996],[-56.87775,-25.735749999999996],[-56.87775,-25.7355],[-56.878,-25.7355]]]}},{"type":"Feature","properties":{"category":"hansen_gfc","layer":"forest_gain_2000_2012","color":"#22c55e","source":"Hansen GFC v1.12"},"geometry":{"type":"Polygon","coordinates":[[[-56.87525,-25.7355],[-56.87525,-25.735749999999996],[-56.8745,-25.735749999999996],[-56.8745,-25.7355],[-56.87525,-25.7355]]]}},{"type":"Feature","properties":{"category":"hansen_gfc","layer":"forest_gain_2000_2012","color":"#22c55e","source":"Hansen GFC v1.12"},"geometry":{"type":"Polygon","coordinates":[[[-56.851749999999996,-25.7355],[-56.851749999999996,-25.735749999999996],[-56.85125,-25.735749999999996],[-56.85125,-25.7355],[-56.851749999999996,-25.7355]]]}},{"type":"Feature","properties":{"category":"hansen_gfc","layer":"forest_gain_2000_2012","color":"#22c55e","source":"Hansen GFC v1.12"},"geometry":{"type":"Polygon","coordinates":[[[-56.980999999999995,-25.735749999999996],[-56.980999999999995,-25.735999999999997],[-56.98075,-25.735999999999997],[-56.98075,-25.735749999999996],[-56.980999999999995,-25.735749999999996]]]}},{"type":"Feature","properties":{"category":"hansen_gfc","layer":"forest_gain_2000_2012","color":"#22c55e","source":"Hansen GFC v1.12"},"geometry":{"type":"Polygon","coordinates":[[[-56.863,-25.735999999999997],[-56.863,-25.73625],[-56.86275,-25.73625],[-56.86275,-25.735999999999997],[-56.863,-25.735999999999997]]]}},{"type":"Feature","properties":{"category":"hansen_gfc","layer":"forest_gain_2000_2012","color":"#22c55e","source":"Hansen GFC v1.12"},"geometry":{"type":"Polygon","coordinates":[[[-56.87025,-25.73775],[-56.87025,-25.737999999999996],[-56.869749999999996,-25.737999999999996],[-56.869749999999996,-25.73775],[-56.87025,-25.73775]]]}},{"type":"Feature","properties":{"category":"hansen_gfc","layer":"forest_gain_2000_2012","color":"#22c55e","source":"Hansen GFC v1.12"},"geometry":{"type":"Polygon","coordinates":[[[-56.84975,-25.738249999999997],[-56.84975,-25.7385],[-56.84925,-25.7385],[-56.84925,-25.738999999999997],[-56.849,-25.738999999999997],[-56.849,-25.738249999999997],[-56.84975,-25.738249999999997]]]}},{"type":"Feature","properties":{"category":"hansen_gfc","layer":"forest_gain_2000_2012","color":"#22c55e","source":"Hansen GFC v1.12"},"geometry":{"type":"Polygon","coordinates":[[[-56.863499999999995,-25.7385],[-56.863499999999995,-25.738999999999997],[-56.863,-25.738999999999997],[-56.863,-25.738749999999996],[-56.86275,-25.738749999999996],[-56.86275,-25.7385],[-56.863499999999995,-25.7385]]]}},{"type":"Feature","properties":{"category":"hansen_gfc","layer":"forest_gain_2000_2012","color":"#22c55e","source":"Hansen GFC v1.12"},"geometry":{"type":"Polygon","coordinates":[[[-56.851,-25.7385],[-56.851,-25.738999999999997],[-56.85075,-25.738999999999997],[-56.85075,-25.738749999999996],[-56.8505,-25.738749999999996],[-56.8505,-25.7385],[-56.851,-25.7385]]]}},{"type":"Feature","properties":{"category":"hansen_gfc","layer":"forest_gain_2000_2012","color":"#22c55e","source":"Hansen GFC v1.12"},"geometry":{"type":"Polygon","coordinates":[[[-57.01175,-25.73925],[-57.01175,-25.739499999999996],[-57.0115,-25.739499999999996],[-57.0115,-25.73925],[-57.01175,-25.73925]]]}},{"type":"Feature","properties":{"category":"hansen_gfc","layer":"forest_gain_2000_2012","color":"#22c55e","source":"Hansen GFC v1.12"},"geometry":{"type":"Polygon","coordinates":[[[-56.89575,-25.73925],[-56.89575,-25.739499999999996],[-56.8955,-25.739499999999996],[-56.8955,-25.73925],[-56.89575,-25.73925]]]}},{"type":"Feature","properties":{"category":"hansen_gfc","layer":"forest_gain_2000_2012","color":"#22c55e","source":"Hansen GFC v1.12"},"geometry":{"type":"Polygon","coordinates":[[[-56.866749999999996,-25.73925],[-56.866749999999996,-25.739499999999996],[-56.866499999999995,-25.739499999999996],[-56.866499999999995,-25.73925],[-56.866749999999996,-25.73925]]]}},{"type":"Feature","properties":{"category":"hansen_gfc","layer":"forest_gain_2000_2012","color":"#22c55e","source":"Hansen GFC v1.12"},"geometry":{"type":"Polygon","coordinates":[[[-56.86775,-25.73925],[-56.86775,-25.739749999999997],[-56.867,-25.739749999999997],[-56.867,-25.739499999999996],[-56.86725,-25.739499999999996],[-56.86725,-25.73925],[-56.86775,-25.73925]]]}},{"type":"Feature","properties":{"category":"hansen_gfc","layer":"forest_gain_2000_2012","color":"#22c55e","source":"Hansen GFC v1.12"},"geometry":{"type":"Polygon","coordinates":[[[-56.84975,-25.739499999999996],[-56.84975,-25.739749999999997],[-56.84925,-25.739749999999997],[-56.84925,-25.739499999999996],[-56.84975,-25.739499999999996]]]}},{"type":"Feature","properties":{"category":"hansen_gfc","layer":"forest_gain_2000_2012","color":"#22c55e","source":"Hansen GFC v1.12"},"geometry":{"type":"Polygon","coordinates":[[[-57.00925,-25.739749999999997],[-57.00925,-25.740249999999996],[-57.009,-25.740249999999996],[-57.009,-25.739749999999997],[-57.00925,-25.739749999999997]]]}},{"type":"Feature","properties":{"category":"hansen_gfc","layer":"forest_gain_2000_2012","color":"#22c55e","source":"Hansen GFC v1.12"},"geometry":{"type":"Polygon","coordinates":[[[-56.8495,-25.740249999999996],[-56.8495,-25.740499999999997],[-56.84925,-25.740499999999997],[-56.84925,-25.740249999999996],[-56.8495,-25.740249999999996]]]}},{"type":"Feature","properties":{"category":"hansen_gfc","layer":"forest_gain_2000_2012","color":"#22c55e","source":"Hansen GFC v1.12"},"geometry":{"type":"Polygon","coordinates":[[[-56.899,-25.740499999999997],[-56.899,-25.74075],[-56.89875,-25.74075],[-56.89875,-25.740499999999997],[-56.899,-25.740499999999997]]]}},{"type":"Feature","properties":{"category":"hansen_gfc","layer":"forest_gain_2000_2012","color":"#22c55e","source":"Hansen GFC v1.12"},"geometry":{"type":"Polygon","coordinates":[[[-56.89725,-25.740499999999997],[-56.89725,-25.74075],[-56.897,-25.74075],[-56.897,-25.740499999999997],[-56.89725,-25.740499999999997]]]}},{"type":"Feature","properties":{"category":"hansen_gfc","layer":"forest_gain_2000_2012","color":"#22c55e","source":"Hansen GFC v1.12"},"geometry":{"type":"Polygon","coordinates":[[[-56.88125,-25.740999999999996],[-56.88125,-25.741249999999997],[-56.881,-25.741249999999997],[-56.881,-25.740999999999996],[-56.88125,-25.740999999999996]]]}},{"type":"Feature","properties":{"category":"hansen_gfc","layer":"forest_gain_2000_2012","color":"#22c55e","source":"Hansen GFC v1.12"},"geometry":{"type":"Polygon","coordinates":[[[-56.847249999999995,-25.742749999999997],[-56.847249999999995,-25.743],[-56.847,-25.743],[-56.847,-25.742749999999997],[-56.847249999999995,-25.742749999999997]]]}},{"type":"Feature","properties":{"category":"hansen_gfc","layer":"forest_gain_2000_2012","color":"#22c55e","source":"Hansen GFC v1.12"},"geometry":{"type":"Polygon","coordinates":[[[-56.85725,-25.746249999999996],[-56.85725,-25.746499999999997],[-56.857,-25.746499999999997],[-56.857,-25.74675],[-56.85675,-25.74675],[-56.85675,-25.746249999999996],[-56.85725,-25.746249999999996]]]}},{"type":"Feature","properties":{"category":"hansen_gfc","layer":"forest_gain_2000_2012","color":"#22c55e","source":"Hansen GFC v1.12"},"geometry":{"type":"Polygon","coordinates":[[[-56.857,-25.74825],[-56.857,-25.748499999999996],[-56.85675,-25.748499999999996],[-56.85675,-25.74825],[-56.857,-25.74825]]]}},{"type":"Feature","properties":{"category":"hansen_gfc","layer":"forest_gain_2000_2012","color":"#22c55e","source":"Hansen GFC v1.12"},"geometry":{"type":"Polygon","coordinates":[[[-56.89375,-25.749],[-56.89375,-25.749249999999996],[-56.893499999999996,-25.749249999999996],[-56.893499999999996,-25.749499999999998],[-56.893249999999995,-25.749499999999998],[-56.893249999999995,-25.749249999999996],[-56.893499999999996,-25.749249999999996],[-56.893499999999996,-25.749],[-56.89375,-25.749]]]}},{"type":"Feature","properties":{"category":"hansen_gfc","layer":"forest_gain_2000_2012","color":"#22c55e","source":"Hansen GFC v1.12"},"geometry":{"type":"Polygon","coordinates":[[[-56.91475,-25.7505],[-56.91475,-25.750749999999996],[-56.9145,-25.750749999999996],[-56.9145,-25.7505],[-56.91475,-25.7505]]]}},{"type":"Feature","properties":{"category":"hansen_gfc","layer":"forest_gain_2000_2012","color":"#22c55e","source":"Hansen GFC v1.12"},"geometry":{"type":"Polygon","coordinates":[[[-56.87625,-25.750999999999998],[-56.87625,-25.75125],[-56.876,-25.75125],[-56.876,-25.750999999999998],[-56.87625,-25.750999999999998]]]}},{"type":"Feature","properties":{"category":"hansen_gfc","layer":"forest_gain_2000_2012","color":"#22c55e","source":"Hansen GFC v1.12"},"geometry":{"type":"Polygon","coordinates":[[[-56.893,-25.751499999999997],[-56.893,-25.751749999999998],[-56.89275,-25.751749999999998],[-56.89275,-25.751499999999997],[-56.893,-25.751499999999997]]]}},{"type":"Feature","properties":{"category":"hansen_gfc","layer":"forest_gain_2000_2012","color":"#22c55e","source":"Hansen GFC v1.12"},"geometry":{"type":"Polygon","coordinates":[[[-56.884499999999996,-25.75275],[-56.884499999999996,-25.752999999999997],[-56.88425,-25.752999999999997],[-56.88425,-25.75275],[-56.884499999999996,-25.75275]]]}},{"type":"Feature","properties":{"category":"hansen_gfc","layer":"forest_gain_2000_2012","color":"#22c55e","source":"Hansen GFC v1.12"},"geometry":{"type":"Polygon","coordinates":[[[-56.866749999999996,-25.75425],[-56.866749999999996,-25.754499999999997],[-56.866499999999995,-25.754499999999997],[-56.866499999999995,-25.75425],[-56.866749999999996,-25.75425]]]}},{"type":"Feature","properties":{"category":"hansen_gfc","layer":"forest_gain_2000_2012","color":"#22c55e","source":"Hansen GFC v1.12"},"geometry":{"type":"Polygon","coordinates":[[[-56.9265,-25.756749999999997],[-56.9265,-25.756999999999998],[-56.926249999999996,-25.756999999999998],[-56.926249999999996,-25.756749999999997],[-56.9265,-25.756749999999997]]]}},{"type":"Feature","properties":{"category":"hansen_gfc","layer":"forest_gain_2000_2012","color":"#22c55e","source":"Hansen GFC v1.12"},"geometry":{"type":"Polygon","coordinates":[[[-56.84525,-25.756749999999997],[-56.84525,-25.756999999999998],[-56.84475,-25.756999999999998],[-56.84475,-25.757749999999998],[-56.84525,-25.757749999999998],[-56.84525,-25.757999999999996],[-56.84475,-25.757999999999996],[-56.84475,-25.757749999999998],[-56.8445,-25.757749999999998],[-56.8445,-25.757999999999996],[-56.8435,-25.757999999999996],[-56.8435,-25.757249999999996],[-56.844249999999995,-25.757249999999996],[-56.844249999999995,-25.756749999999997],[-56.84525,-25.756749999999997]]]}},{"type":"Feature","properties":{"category":"hansen_gfc","layer":"forest_gain_2000_2012","color":"#22c55e","source":"Hansen GFC v1.12"},"geometry":{"type":"Polygon","coordinates":[[[-56.87675,-25.763249999999996],[-56.87675,-25.763499999999997],[-56.8765,-25.763499999999997],[-56.8765,-25.763249999999996],[-56.87675,-25.763249999999996]]]}},{"type":"Feature","properties":{"category":"hansen_gfc","layer":"forest_gain_2000_2012","color":"#22c55e","source":"Hansen GFC v1.12"},"geometry":{"type":"Polygon","coordinates":[[[-56.94875,-25.763749999999998],[-56.94875,-25.763999999999996],[-56.948499999999996,-25.763999999999996],[-56.948499999999996,-25.763749999999998],[-56.94875,-25.763749999999998]]]}},{"type":"Feature","properties":{"category":"hansen_gfc","layer":"forest_gain_2000_2012","color":"#22c55e","source":"Hansen GFC v1.12"},"geometry":{"type":"Polygon","coordinates":[[[-56.954249999999995,-25.763749999999998],[-56.954249999999995,-25.764249999999997],[-56.954,-25.764249999999997],[-56.954,-25.763749999999998],[-56.954249999999995,-25.763749999999998]]]}},{"type":"Feature","properties":{"category":"hansen_gfc","layer":"forest_gain_2000_2012","color":"#22c55e","source":"Hansen GFC v1.12"},"geometry":{"type":"Polygon","coordinates":[[[-56.8885,-25.763999999999996],[-56.8885,-25.764249999999997],[-56.88825,-25.764249999999997],[-56.88825,-25.763999999999996],[-56.8885,-25.763999999999996]]]}},{"type":"Feature","properties":{"category":"hansen_gfc","layer":"forest_gain_2000_2012","color":"#22c55e","source":"Hansen GFC v1.12"},"geometry":{"type":"Polygon","coordinates":[[[-56.894749999999995,-25.765749999999997],[-56.894749999999995,-25.766],[-56.8945,-25.766],[-56.8945,-25.765749999999997],[-56.894749999999995,-25.765749999999997]]]}},{"type":"Feature","properties":{"category":"hansen_gfc","layer":"forest_gain_2000_2012","color":"#22c55e","source":"Hansen GFC v1.12"},"geometry":{"type":"Polygon","coordinates":[[[-56.85675,-25.766249999999996],[-56.85675,-25.766499999999997],[-56.8565,-25.766499999999997],[-56.8565,-25.766249999999996],[-56.85675,-25.766249999999996]]]}},{"type":"Feature","properties":{"category":"hansen_gfc","layer":"forest_gain_2000_2012","color":"#22c55e","source":"Hansen GFC v1.12"},"geometry":{"type":"Polygon","coordinates":[[[-56.8535,-25.766999999999996],[-56.8535,-25.767749999999996],[-56.853249999999996,-25.767749999999996],[-56.853249999999996,-25.767249999999997],[-56.853,-25.767249999999997],[-56.853,-25.766999999999996],[-56.8535,-25.766999999999996]]]}},{"type":"Feature","properties":{"category":"hansen_gfc","layer":"forest_gain_2000_2012","color":"#22c55e","source":"Hansen GFC v1.12"},"geometry":{"type":"Polygon","coordinates":[[[-56.8885,-25.767249999999997],[-56.8885,-25.767999999999997],[-56.888,-25.767999999999997],[-56.888,-25.767249999999997],[-56.8885,-25.767249999999997]]]}},{"type":"Feature","properties":{"category":"hansen_gfc","layer":"forest_gain_2000_2012","color":"#22c55e","source":"Hansen GFC v1.12"},"geometry":{"type":"Polygon","coordinates":[[[-56.855999999999995,-25.768749999999997],[-56.855999999999995,-25.769],[-56.85575,-25.769],[-56.85575,-25.768749999999997],[-56.855999999999995,-25.768749999999997]]]}},{"type":"Feature","properties":{"category":"hansen_gfc","layer":"forest_gain_2000_2012","color":"#22c55e","source":"Hansen GFC v1.12"},"geometry":{"type":"Polygon","coordinates":[[[-56.87825,-25.771749999999997],[-56.87825,-25.772],[-56.878,-25.772],[-56.878,-25.771749999999997],[-56.87825,-25.771749999999997]]]}},{"type":"Feature","properties":{"category":"hansen_gfc","layer":"forest_gain_2000_2012","color":"#22c55e","source":"Hansen GFC v1.12"},"geometry":{"type":"Polygon","coordinates":[[[-57.228249999999996,-25.774499999999996],[-57.228249999999996,-25.774749999999997],[-57.228,-25.774749999999997],[-57.228,-25.774499999999996],[-57.228249999999996,-25.774499999999996]]]}},{"type":"Feature","properties":{"category":"hansen_gfc","layer":"forest_gain_2000_2012","color":"#22c55e","source":"Hansen GFC v1.12"},"geometry":{"type":"Polygon","coordinates":[[[-56.96675,-25.775249999999996],[-56.96675,-25.775499999999997],[-56.966499999999996,-25.775499999999997],[-56.966499999999996,-25.775249999999996],[-56.96675,-25.775249999999996]]]}},{"type":"Feature","properties":{"category":"hansen_gfc","layer":"forest_gain_2000_2012","color":"#22c55e","source":"Hansen GFC v1.12"},"geometry":{"type":"Polygon","coordinates":[[[-56.850249999999996,-25.77575],[-56.850249999999996,-25.775999999999996],[-56.84975,-25.775999999999996],[-56.84975,-25.77575],[-56.850249999999996,-25.77575]]]}},{"type":"Feature","properties":{"category":"hansen_gfc","layer":"forest_gain_2000_2012","color":"#22c55e","source":"Hansen GFC v1.12"},"geometry":{"type":"Polygon","coordinates":[[[-56.95825,-25.775999999999996],[-56.95825,-25.776249999999997],[-56.958,-25.776249999999997],[-56.958,-25.775999999999996],[-56.95825,-25.775999999999996]]]}},{"type":"Feature","properties":{"category":"hansen_gfc","layer":"forest_gain_2000_2012","color":"#22c55e","source":"Hansen GFC v1.12"},"geometry":{"type":"Polygon","coordinates":[[[-56.957249999999995,-25.775999999999996],[-56.957249999999995,-25.776249999999997],[-56.957,-25.776249999999997],[-56.957,-25.775999999999996],[-56.957249999999995,-25.775999999999996]]]}},{"type":"Feature","properties":{"category":"hansen_gfc","layer":"forest_gain_2000_2012","color":"#22c55e","source":"Hansen GFC v1.12"},"geometry":{"type":"Polygon","coordinates":[[[-56.89525,-25.775999999999996],[-56.89525,-25.776249999999997],[-56.894749999999995,-25.776249999999997],[-56.894749999999995,-25.775999999999996],[-56.89525,-25.775999999999996]]]}},{"type":"Feature","properties":{"category":"hansen_gfc","layer":"forest_gain_2000_2012","color":"#22c55e","source":"Hansen GFC v1.12"},"geometry":{"type":"Polygon","coordinates":[[[-56.96875,-25.776249999999997],[-56.96875,-25.7765],[-56.96825,-25.7765],[-56.96825,-25.776249999999997],[-56.96875,-25.776249999999997]]]}},{"type":"Feature","properties":{"category":"hansen_gfc","layer":"forest_gain_2000_2012","color":"#22c55e","source":"Hansen GFC v1.12"},"geometry":{"type":"Polygon","coordinates":[[[-56.85075,-25.776249999999997],[-56.85075,-25.7765],[-56.8505,-25.7765],[-56.8505,-25.776249999999997],[-56.85075,-25.776249999999997]]]}},{"type":"Feature","properties":{"category":"hansen_gfc","layer":"forest_gain_2000_2012","color":"#22c55e","source":"Hansen GFC v1.12"},"geometry":{"type":"Polygon","coordinates":[[[-56.850249999999996,-25.776249999999997],[-56.850249999999996,-25.776999999999997],[-56.84975,-25.776999999999997],[-56.84975,-25.776749999999996],[-56.8495,-25.776749999999996],[-56.8495,-25.7765],[-56.84975,-25.7765],[-56.84975,-25.776249999999997],[-56.850249999999996,-25.776249999999997]]]}},{"type":"Feature","properties":{"category":"hansen_gfc","layer":"forest_gain_2000_2012","color":"#22c55e","source":"Hansen GFC v1.12"},"geometry":{"type":"Polygon","coordinates":[[[-57.0355,-25.77725],[-57.0355,-25.777749999999997],[-57.03525,-25.777749999999997],[-57.03525,-25.77725],[-57.0355,-25.77725]]]}},{"type":"Feature","properties":{"category":"hansen_gfc","layer":"forest_gain_2000_2012","color":"#22c55e","source":"Hansen GFC v1.12"},"geometry":{"type":"Polygon","coordinates":[[[-56.851,-25.77725],[-56.851,-25.777749999999997],[-56.85075,-25.777749999999997],[-56.85075,-25.77725],[-56.851,-25.77725]]]}},{"type":"Feature","properties":{"category":"hansen_gfc","layer":"forest_gain_2000_2012","color":"#22c55e","source":"Hansen GFC v1.12"},"geometry":{"type":"Polygon","coordinates":[[[-56.848749999999995,-25.776749999999996],[-56.848749999999995,-25.77725],[-56.8485,-25.77725],[-56.8485,-25.778],[-56.84825,-25.778],[-56.84825,-25.77725],[-56.848,-25.77725],[-56.848,-25.776999999999997],[-56.8485,-25.776999999999997],[-56.8485,-25.776749999999996],[-56.848749999999995,-25.776749999999996]]]}},{"type":"Feature","properties":{"category":"hansen_gfc","layer":"forest_gain_2000_2012","color":"#22c55e","source":"Hansen GFC v1.12"},"geometry":{"type":"Polygon","coordinates":[[[-56.8505,-25.777749999999997],[-56.8505,-25.778],[-56.850249999999996,-25.778],[-56.850249999999996,-25.777749999999997],[-56.8505,-25.777749999999997]]]}},{"type":"Feature","properties":{"category":"hansen_gfc","layer":"forest_gain_2000_2012","color":"#22c55e","source":"Hansen GFC v1.12"},"geometry":{"type":"Polygon","coordinates":[[[-56.84975,-25.777749999999997],[-56.84975,-25.778],[-56.8495,-25.778],[-56.8495,-25.777749999999997],[-56.84975,-25.777749999999997]]]}},{"type":"Feature","properties":{"category":"hansen_gfc","layer":"forest_gain_2000_2012","color":"#22c55e","source":"Hansen GFC v1.12"},"geometry":{"type":"Polygon","coordinates":[[[-56.84925,-25.777749999999997],[-56.84925,-25.778],[-56.849,-25.778],[-56.849,-25.777749999999997],[-56.84925,-25.777749999999997]]]}},{"type":"Feature","properties":{"category":"hansen_gfc","layer":"forest_gain_2000_2012","color":"#22c55e","source":"Hansen GFC v1.12"},"geometry":{"type":"Polygon","coordinates":[[[-56.94575,-25.778],[-56.94575,-25.778249999999996],[-56.945499999999996,-25.778249999999996],[-56.945499999999996,-25.778],[-56.94575,-25.778]]]}},{"type":"Feature","properties":{"category":"hansen_gfc","layer":"forest_gain_2000_2012","color":"#22c55e","source":"Hansen GFC v1.12"},"geometry":{"type":"Polygon","coordinates":[[[-57.031,-25.778249999999996],[-57.031,-25.778499999999998],[-57.03075,-25.778499999999998],[-57.03075,-25.778249999999996],[-57.031,-25.778249999999996]]]}},{"type":"Feature","properties":{"category":"hansen_gfc","layer":"forest_gain_2000_2012","color":"#22c55e","source":"Hansen GFC v1.12"},"geometry":{"type":"Polygon","coordinates":[[[-56.84825,-25.778249999999996],[-56.84825,-25.778499999999998],[-56.848,-25.778499999999998],[-56.848,-25.778249999999996],[-56.84825,-25.778249999999996]]]}},{"type":"Feature","properties":{"category":"hansen_gfc","layer":"forest_gain_2000_2012","color":"#22c55e","source":"Hansen GFC v1.12"},"geometry":{"type":"Polygon","coordinates":[[[-56.982749999999996,-25.77875],[-56.982749999999996,-25.778999999999996],[-56.98225,-25.778999999999996],[-56.98225,-25.77875],[-56.982749999999996,-25.77875]]]}},{"type":"Feature","properties":{"category":"hansen_gfc","layer":"forest_gain_2000_2012","color":"#22c55e","source":"Hansen GFC v1.12"},"geometry":{"type":"Polygon","coordinates":[[[-56.943999999999996,-25.778999999999996],[-56.943999999999996,-25.779249999999998],[-56.94375,-25.779249999999998],[-56.94375,-25.778999999999996],[-56.943999999999996,-25.778999999999996]]]}},{"type":"Feature","properties":{"category":"hansen_gfc","layer":"forest_gain_2000_2012","color":"#22c55e","source":"Hansen GFC v1.12"},"geometry":{"type":"Polygon","coordinates":[[[-56.94675,-25.7795],[-56.94675,-25.78025],[-56.9465,-25.78025],[-56.9465,-25.779749999999996],[-56.94625,-25.779749999999996],[-56.94625,-25.7795],[-56.94675,-25.7795]]]}},{"type":"Feature","properties":{"category":"hansen_gfc","layer":"forest_gain_2000_2012","color":"#22c55e","source":"Hansen GFC v1.12"},"geometry":{"type":"Polygon","coordinates":[[[-56.948499999999996,-25.779749999999996],[-56.948499999999996,-25.78025],[-56.948,-25.78025],[-56.948,-25.779749999999996],[-56.948499999999996,-25.779749999999996]]]}},{"type":"Feature","properties":{"category":"hansen_gfc","layer":"forest_gain_2000_2012","color":"#22c55e","source":"Hansen GFC v1.12"},"geometry":{"type":"Polygon","coordinates":[[[-57.174,-25.78025],[-57.174,-25.780499999999996],[-57.17375,-25.780499999999996],[-57.17375,-25.78025],[-57.174,-25.78025]]]}},{"type":"Feature","properties":{"category":"hansen_gfc","layer":"forest_gain_2000_2012","color":"#22c55e","source":"Hansen GFC v1.12"},"geometry":{"type":"Polygon","coordinates":[[[-56.869499999999995,-25.780499999999996],[-56.869499999999995,-25.780749999999998],[-56.86875,-25.780749999999998],[-56.86875,-25.780499999999996],[-56.869499999999995,-25.780499999999996]]]}},{"type":"Feature","properties":{"category":"hansen_gfc","layer":"forest_gain_2000_2012","color":"#22c55e","source":"Hansen GFC v1.12"},"geometry":{"type":"Polygon","coordinates":[[[-56.969,-25.781],[-56.969,-25.781249999999996],[-56.96875,-25.781249999999996],[-56.96875,-25.781],[-56.969,-25.781]]]}},{"type":"Feature","properties":{"category":"hansen_gfc","layer":"forest_gain_2000_2012","color":"#22c55e","source":"Hansen GFC v1.12"},"geometry":{"type":"Polygon","coordinates":[[[-57.214749999999995,-25.78175],[-57.214749999999995,-25.781999999999996],[-57.2145,-25.781999999999996],[-57.2145,-25.78175],[-57.214749999999995,-25.78175]]]}},{"type":"Feature","properties":{"category":"hansen_gfc","layer":"forest_gain_2000_2012","color":"#22c55e","source":"Hansen GFC v1.12"},"geometry":{"type":"Polygon","coordinates":[[[-56.94725,-25.78175],[-56.94725,-25.781999999999996],[-56.946999999999996,-25.781999999999996],[-56.946999999999996,-25.78175],[-56.94725,-25.78175]]]}},{"type":"Feature","properties":{"category":"hansen_gfc","layer":"forest_gain_2000_2012","color":"#22c55e","source":"Hansen GFC v1.12"},"geometry":{"type":"Polygon","coordinates":[[[-56.87475,-25.781999999999996],[-56.87475,-25.782249999999998],[-56.8745,-25.782249999999998],[-56.8745,-25.781999999999996],[-56.87475,-25.781999999999996]]]}},{"type":"Feature","properties":{"category":"hansen_gfc","layer":"forest_gain_2000_2012","color":"#22c55e","source":"Hansen GFC v1.12"},"geometry":{"type":"Polygon","coordinates":[[[-56.90025,-25.783499999999997],[-56.90025,-25.783749999999998],[-56.89975,-25.783749999999998],[-56.89975,-25.783499999999997],[-56.90025,-25.783499999999997]]]}},{"type":"Feature","properties":{"category":"hansen_gfc","layer":"forest_gain_2000_2012","color":"#22c55e","source":"Hansen GFC v1.12"},"geometry":{"type":"Polygon","coordinates":[[[-56.89725,-25.784499999999998],[-56.89725,-25.78475],[-56.897,-25.78475],[-56.897,-25.784499999999998],[-56.89725,-25.784499999999998]]]}}]}