{
 "type": "FeatureCollection",
 "name": "lqv_walkthrough_bundle",
 "description": "All LQV geojson data layers bundled. Each feature has a 'layer' property.",
 "features": [
  {
   "type": "Feature",
   "properties": {
    "class_id": 4,
    "class_label": "dense (>0.85)",
    "source": "Sentinel-2 S2B_21JVM_20260512_0_L2A NDVI",
    "method": "digitize 4 bins [<0.30, 0.30-0.60, 0.60-0.85, >0.85]",
    "fetched": "2026-06-28",
    "verification": "pending photos",
    "layer": "canopy"
   },
   "geometry": {
    "type": "Polygon",
    "coordinates": [
     [
      [
       -57.03744655645315,
       -25.60525458755354
      ],
      [
       -57.03744658458299,
       -25.6053448910449
      ],
      [
       -57.037247400655964,
       -25.605344941921967
      ],
      [
       -57.037247372675736,
       -25.6052546384304
      ],
      [
       -57.03744655645315,
       -25.60525458755354
      ]
     ]
    ]
   }
  },
  {
   "type": "Feature",
   "properties": {
    "class_id": 3,
    "class_label": "mid (0.60\u20130.85)",
    "source": "Sentinel-2 S2B_21JVM_20260512_0_L2A NDVI",
    "method": "digitize 4 bins [<0.30, 0.30-0.60, 0.60-0.85, >0.85]",
    "fetched": "2026-06-28",
    "verification": "pending photos",
    "layer": "canopy"
   },
   "geometry": {
    "type": "Polygon",
    "coordinates": [
     [
      [
       -57.03505635108951,
       -25.605255180167276
      ],
      [
       -57.035056377423835,
       -25.605345483661015
      ],
      [
       -57.03495678545726,
       -25.605345507505408
      ],
      [
       -57.03495675919775,
       -25.605255204011566
      ],
      [
       -57.03505635108951,
       -25.605255180167276
      ]
     ]
    ]
   }
  },
  {
   "type": "Feature",
   "properties": {
    "class_id": 4,
    "class_label": "dense (>0.85)",
    "source": "Sentinel-2 S2B_21JVM_20260512_0_L2A NDVI",
    "method": "digitize 4 bins [<0.30, 0.30-0.60, 0.60-0.85, >0.85]",
    "fetched": "2026-06-28",
    "verification": "pending photos",
    "layer": "canopy"
   },
   "geometry": {
    "type": "Polygon",
    "coordinates": [
     [
      [
       -57.03714780869224,
       -25.605344967258745
      ],
      [
       -57.03714783659778,
       -25.60543527074929
      ],
      [
       -57.03704824455912,
       -25.60543529601834
      ],
      [
       -57.037048216728394,
       -25.60534499252769
      ],
      [
       -57.03714780869224,
       -25.605344967258745
      ]
     ]
    ]
   }
  },
  {
   "type": "Feature",
   "properties": {
    "class_id": 3,
    "class_label": "mid (0.60\u20130.85)",
    "source": "Sentinel-2 S2B_21JVM_20260512_0_L2A NDVI",
    "method": "digitize 4 bins [<0.30, 0.30-0.60, 0.60-0.85, >0.85]",
    "fetched": "2026-06-28",
    "verification": "pending photos",
    "layer": "canopy"
   },
   "geometry": {
    "type": "Polygon",
    "coordinates": [
     [
      [
       -57.035753521186315,
       -25.60534531485089
      ],
      [
       -57.03575354804446,
       -25.605435618342835
      ],
      [
       -57.03565395600396,
       -25.60543564266218
      ],
      [
       -57.035653929220636,
       -25.605345339170135
      ],
      [
       -57.035753521186315,
       -25.60534531485089
      ]
     ]
    ]
   }
  },
  {
   "type": "Feature",
   "properties": {
    "class_id": 4,
    "class_label": "dense (>0.85)",
    "source": "Sentinel-2 S2B_21JVM_20260512_0_L2A NDVI",
    "method": "digitize 4 bins [<0.30, 0.30-0.60, 0.60-0.85, >0.85]",
    "fetched": "2026-06-28",
    "verification": "pending photos",
    "layer": "canopy"
   },
   "geometry": {
    "type": "Polygon",
    "coordinates": [
     [
      [
       -57.03595273212508,
       -25.605435569500656
      ],
      [
       -57.03595275913298,
       -25.605525872991283
      ],
      [
       -57.03585316701793,
       -25.605525897446395
      ],
      [
       -57.03585314008484,
       -25.60543559395566
      ],
      [
       -57.03595273212508,
       -25.605435569500656
      ]
     ]
    ]
   }
  },
  {
   "type": "Feature",
   "properties": {
    "class_id": 2,
    "class_label": "sparse (0.30\u20130.60)",
    "source": "Sentinel-2 S2B_21JVM_20260512_0_L2A NDVI",
    "method": "digitize 4 bins [<0.30, 0.30-0.60, 0.60-0.85, >0.85]",
    "fetched": "2026-06-28",
    "verification": "pending photos",
    "layer": "canopy"
   },
   "geometry": {
    "type": "Polygon",
    "coordinates": [
     [
      [
       -57.035653929220636,
       -25.605345339170135
      ],
      [
       -57.03565395600396,
       -25.60543564266218
      ],
      [
       -57.03575354804446,
       -25.605435618342835
      ],
      [
       -57.03575357490275,
       -25.605525921833664
      ],
      [
       -57.03555439067199,
       -25.6055259704047
      ],
      [
       -57.03555433725482,
       -25.605345363421538
      ],
      [
       -57.035653929220636,
       -25.605345339170135
      ]
     ]
    ]
   }
  },
  {
   "type": "Feature",
   "properties": {
    "class_id": 3,
    "class_label": "mid (0.60\u20130.85)",
    "source": "Sentinel-2 S2B_21JVM_20260512_0_L2A NDVI",
    "method": "digitize 4 bins [<0.30, 0.30-0.60, 0.60-0.85, >0.85]",
    "fetched": "2026-06-28",
    "verification": "pending photos",
    "layer": "canopy"
   },
   "geometry": {
    "type": "Polygon",
    "coordinates": [
     [
      [
       -57.03495678545726,
       -25.605345507505408
      ],
      [
       -57.034956811716896,
       -25.605435810998124
      ],
      [
       -57.03485721967538,
       -25.60543583477477
      ],
      [
       -57.03485727204541,
       -25.605616441757057
      ],
      [
       -57.03465808766275,
       -25.605616489107227
      ],
      [
       -57.034658035591974,
       -25.60543588212456
      ],
      [
       -57.034757627633745,
       -25.605435858483585
      ],
      [
       -57.03475760152373,
       -25.60534555499067
      ],
      [
       -57.03495678545726,
       -25.605345507505408
      ]
     ]
    ]
   }
  },
  {
   "type": "Feature",
   "properties": {
    "class_id": 4,
    "class_label": "dense (>0.85)",
    "source": "Sentinel-2 S2B_21JVM_20260512_0_L2A NDVI",
    "method": "digitize 4 bins [<0.30, 0.30-0.60, 0.60-0.85, >0.85]",
    "fetched": "2026-06-28",
    "verification": "pending photos",
    "layer": "canopy"
   },
   "geometry": {
    "type": "Polygon",
    "coordinates": [
     [
      [
       -57.03694865252032,
       -25.60543532121955
      ],
      [
       -57.03694870803255,
       -25.605615928197704
      ],
      [
       -57.036849115843985,
       -25.605615953331274
      ],
      [
       -57.03684906048139,
       -25.605435346352923
      ],
      [
       -57.03694865252032,
       -25.60543532121955
      ]
     ]
    ]
   }
  },
  {
   "type": "Feature",
   "properties": {
    "class_id": 4,
    "class_label": "dense (>0.85)",
    "source": "Sentinel-2 S2B_21JVM_20260512_0_L2A NDVI",
    "method": "digitize 4 bins [<0.30, 0.30-0.60, 0.60-0.85, >0.85]",
    "fetched": "2026-06-28",
    "verification": "pending photos",
    "layer": "canopy"
   },
   "geometry": {
    "type": "Polygon",
    "coordinates": [
     [
      [
       -57.03605235124791,
       -25.60552584846834
      ],
      [
       -57.036052378330766,
       -25.605616151957754
      ],
      [
       -57.035952786141024,
       -25.6056161764808
      ],
      [
       -57.03595275913298,
       -25.605525872991283
      ],
      [
       -57.03605235124791,
       -25.60552584846834
      ]
     ]
    ]
   }
  },
  {
   "type": "Feature",
   "properties": {
    "class_id": 4,
    "class_label": "dense (>0.85)",
    "source": "Sentinel-2 S2B_21JVM_20260512_0_L2A NDVI",
    "method": "digitize 4 bins [<0.30, 0.30-0.60, 0.60-0.85, >0.85]",
    "fetched": "2026-06-28",
    "verification": "pending photos",
    "layer": "canopy"
   },
   "geometry": {
    "type": "Polygon",
    "coordinates": [
     [
      [
       -57.036749523655295,
       -25.60561597839701
      ],
      [
       -57.03674955126198,
       -25.60570628188462
      ],
      [
       -57.03664995899834,
       -25.605706306882617
      ],
      [
       -57.03664993146647,
       -25.605616003394918
      ],
      [
       -57.036749523655295,
       -25.60561597839701
      ]
     ]
    ]
   }
  },
  {
   "type": "Feature",
   "properties": {
    "class_id": 4,
    "class_label": "dense (>0.85)",
    "source": "Sentinel-2 S2B_21JVM_20260512_0_L2A NDVI",
    "method": "digitize 4 bins [<0.30, 0.30-0.60, 0.60-0.85, >0.85]",
    "fetched": "2026-06-28",
    "verification": "pending photos",
    "layer": "canopy"
   },
   "geometry": {
    "type": "Polygon",
    "coordinates": [
     [
      [
       -57.03625156270985,
       -25.60561610270816
      ],
      [
       -57.03625158994246,
       -25.605706406196262
      ],
      [
       -57.03615199767817,
       -25.60570643085508
      ],
      [
       -57.03615197052038,
       -25.605616127366876
      ],
      [
       -57.03625156270985,
       -25.60561610270816
      ]
     ]
    ]
   }
  },
  {
   "type": "Feature",
   "properties": {
    "class_id": 4,
    "class_label": "dense (>0.85)",
    "source": "Sentinel-2 S2B_21JVM_20260512_0_L2A NDVI",
    "method": "digitize 4 bins [<0.30, 0.30-0.60, 0.60-0.85, >0.85]",
    "fetched": "2026-06-28",
    "verification": "pending photos",
    "layer": "canopy"
   },
   "geometry": {
    "type": "Polygon",
    "coordinates": [
     [
      [
       -57.036450774470666,
       -25.605706356675118
      ],
      [
       -57.036450801853036,
       -25.605796660161904
      ],
      [
       -57.03635120951419,
       -25.60579668495649
      ],
      [
       -57.03635118220663,
       -25.60570638146961
      ],
      [
       -57.036450774470666,
       -25.605706356675118
      ]
     ]
    ]
   }
  },
  {
   "type": "Feature",
   "properties": {
    "class_id": 4,
    "class_label": "dense (>0.85)",
    "source": "Sentinel-2 S2B_21JVM_20260512_0_L2A NDVI",
    "method": "digitize 4 bins [<0.30, 0.30-0.60, 0.60-0.85, >0.85]",
    "fetched": "2026-06-28",
    "verification": "pending photos",
    "layer": "canopy"
   },
   "geometry": {
    "type": "Polygon",
    "coordinates": [
     [
      [
       -57.03684914352549,
       -25.605706256818777
      ],
      [
       -57.03684922657078,
       -25.605977167274595
      ],
      [
       -57.0369488190586,
       -25.605977142140613
      ],
      [
       -57.03694887457242,
       -25.606157749105375
      ],
      [
       -57.03684928193497,
       -25.60615777423956
      ],
      [
       -57.03684925425281,
       -25.606067470757633
      ],
      [
       -57.03674966169004,
       -25.606067495823876
      ],
      [
       -57.03674963408282,
       -25.605977192340735
      ],
      [
       -57.03665004159473,
       -25.60597721733904
      ],
      [
       -57.036650014062474,
       -25.605886913854683
      ],
      [
       -57.036749606475745,
       -25.60588688885648
      ],
      [
       -57.03674955126198,
       -25.60570628188462
      ],
      [
       -57.03684914352549,
       -25.605706256818777
      ]
     ]
    ]
   }
  },
  {
   "type": "Feature",
   "properties": {
    "class_id": 4,
    "class_label": "dense (>0.85)",
    "source": "Sentinel-2 S2B_21JVM_20260512_0_L2A NDVI",
    "method": "digitize 4 bins [<0.30, 0.30-0.60, 0.60-0.85, >0.85]",
    "fetched": "2026-06-28",
    "verification": "pending photos",
    "layer": "canopy"
   },
   "geometry": {
    "type": "Polygon",
    "coordinates": [
     [
      [
       -57.03665004159473,
       -25.60597721733904
      ],
      [
       -57.03665009665966,
       -25.606157824304415
      ],
      [
       -57.03655050402181,
       -25.606157849235082
      ],
      [
       -57.03655044910652,
       -25.60597724226951
      ],
      [
       -57.03665004159473,
       -25.60597721733904
      ]
     ]
    ]
   }
  },
  {
   "type": "Feature",
   "properties": {
    "class_id": 3,
    "class_label": "mid (0.60\u20130.85)",
    "source": "Sentinel-2 S2B_21JVM_20260512_0_L2A NDVI",
    "method": "digitize 4 bins [<0.30, 0.30-0.60, 0.60-0.85, >0.85]",
    "fetched": "2026-06-28",
    "verification": "pending photos",
    "layer": "canopy"
   },
   "geometry": {
    "type": "Polygon",
    "coordinates": [
     [
      [
       -57.0382435788471,
       -25.606157416187685
      ],
      [
       -57.038243607576824,
       -25.606247719667046
      ],
      [
       -57.03814401486631,
       -25.60624774568323
      ],
      [
       -57.038143986211395,
       -25.60615744220377
      ],
      [
       -57.0382435788471,
       -25.606157416187685
      ]
     ]
    ]
   }
  },
  {
   "type": "Feature",
   "properties": {
    "class_id": 3,
    "class_label": "mid (0.60\u20130.85)",
    "source": "Sentinel-2 S2B_21JVM_20260512_0_L2A NDVI",
    "method": "digitize 4 bins [<0.30, 0.30-0.60, 0.60-0.85, >0.85]",
    "fetched": "2026-06-28",
    "verification": "pending photos",
    "layer": "canopy"
   },
   "geometry": {
    "type": "Polygon",
    "coordinates": [
     [
      [
       -57.03814407217656,
       -25.606428352638837
      ],
      [
       -57.03814410083188,
       -25.606518656114964
      ],
      [
       -57.03804450789678,
       -25.606518682063626
      ],
      [
       -57.03804447931626,
       -25.6064283785874
      ],
      [
       -57.03814407217656,
       -25.606428352638837
      ]
     ]
    ]
   }
  },
  {
   "type": "Feature",
   "properties": {
    "class_id": 3,
    "class_label": "mid (0.60\u20130.85)",
    "source": "Sentinel-2 S2B_21JVM_20260512_0_L2A NDVI",
    "method": "digitize 4 bins [<0.30, 0.30-0.60, 0.60-0.85, >0.85]",
    "fetched": "2026-06-28",
    "verification": "pending photos",
    "layer": "canopy"
   },
   "geometry": {
    "type": "Polygon",
    "coordinates": [
     [
      [
       -57.03515628630984,
       -25.606429101585512
      ],
      [
       -57.03515631272063,
       -25.606519405064653
      ],
      [
       -57.03505671978157,
       -25.60651942897813
      ],
      [
       -57.0350566934456,
       -25.60642912549889
      ],
      [
       -57.03515628630984,
       -25.606429101585512
      ]
     ]
    ]
   }
  },
  {
   "type": "Feature",
   "properties": {
    "class_id": 2,
    "class_label": "sparse (0.30\u20130.60)",
    "source": "Sentinel-2 S2B_21JVM_20260512_0_L2A NDVI",
    "method": "digitize 4 bins [<0.30, 0.30-0.60, 0.60-0.85, >0.85]",
    "fetched": "2026-06-28",
    "verification": "pending photos",
    "layer": "canopy"
   },
   "geometry": {
    "type": "Polygon",
    "coordinates": [
     [
      [
       -57.03814410083188,
       -25.606518656114964
      ],
      [
       -57.03814412948734,
       -25.606608959589973
      ],
      [
       -57.03804453647742,
       -25.60660898553875
      ],
      [
       -57.03804450789678,
       -25.606518682063626
      ],
      [
       -57.03814410083188,
       -25.606518656114964
      ]
     ]
    ]
   }
  },
  {
   "type": "Feature",
   "properties": {
    "class_id": 3,
    "class_label": "mid (0.60\u20130.85)",
    "source": "Sentinel-2 S2B_21JVM_20260512_0_L2A NDVI",
    "method": "digitize 4 bins [<0.30, 0.30-0.60, 0.60-0.85, >0.85]",
    "fetched": "2026-06-28",
    "verification": "pending photos",
    "layer": "canopy"
   },
   "geometry": {
    "type": "Polygon",
    "coordinates": [
     [
      [
       -57.03804450789678,
       -25.606518682063626
      ],
      [
       -57.03804456505821,
       -25.606699289012745
      ],
      [
       -57.037944971973324,
       -25.60669931489378
      ],
      [
       -57.037944914961535,
       -25.606518707944456
      ],
      [
       -57.03804450789678,
       -25.606518682063626
      ]
     ]
    ]
   }
  },
  {
   "type": "Feature",
   "properties": {
    "class_id": 2,
    "class_label": "sparse (0.30\u20130.60)",
    "source": "Sentinel-2 S2B_21JVM_20260512_0_L2A NDVI",
    "method": "digitize 4 bins [<0.30, 0.30-0.60, 0.60-0.85, >0.85]",
    "fetched": "2026-06-28",
    "verification": "pending photos",
    "layer": "canopy"
   },
   "geometry": {
    "type": "Polygon",
    "coordinates": [
     [
      [
       -57.03804456505821,
       -25.606699289012745
      ],
      [
       -57.03804462222018,
       -25.606879895957398
      ],
      [
       -57.03794502898566,
       -25.60687992183864
      ],
      [
       -57.037944971973324,
       -25.60669931489378
      ],
      [
       -57.03804456505821,
       -25.606699289012745
      ]
     ]
    ]
   }
  },
  {
   "type": "Feature",
   "properties": {
    "class_id": 3,
    "class_label": "mid (0.60\u20130.85)",
    "source": "Sentinel-2 S2B_21JVM_20260512_0_L2A NDVI",
    "method": "digitize 4 bins [<0.30, 0.30-0.60, 0.60-0.85, >0.85]",
    "fetched": "2026-06-28",
    "verification": "pending photos",
    "layer": "canopy"
   },
   "geometry": {
    "type": "Polygon",
    "coordinates": [
     [
      [
       -57.037944971973324,
       -25.60669931489378
      ],
      [
       -57.03794502898566,
       -25.60687992183864
      ],
      [
       -57.03784543575101,
       -25.60687994765204
      ],
      [
       -57.037845378888306,
       -25.60669934070697
      ],
      [
       -57.037944971973324,
       -25.60669931489378
      ]
     ]
    ]
   }
  },
  {
   "type": "Feature",
   "properties": {
    "class_id": 3,
    "class_label": "mid (0.60\u20130.85)",
    "source": "Sentinel-2 S2B_21JVM_20260512_0_L2A NDVI",
    "method": "digitize 4 bins [<0.30, 0.30-0.60, 0.60-0.85, >0.85]",
    "fetched": "2026-06-28",
    "verification": "pending photos",
    "layer": "canopy"
   },
   "geometry": {
    "type": "Polygon",
    "coordinates": [
     [
      [
       -57.037844924006336,
       -25.60525448498578
      ],
      [
       -57.03784498086468,
       -25.605435091966548
      ],
      [
       -57.037347020674716,
       -25.60543522000769
      ],
      [
       -57.03734707678545,
       -25.605615826985023
      ],
      [
       -57.037147892409266,
       -25.605615877727033
      ],
      [
       -57.03714792031521,
       -25.605706181214234
      ],
      [
       -57.03724751257818,
       -25.605706155877044
      ],
      [
       -57.03724754055908,
       -25.605796459363017
      ],
      [
       -57.037347132896734,
       -25.60579643395789
      ],
      [
       -57.037347245120905,
       -25.606157647890253
      ],
      [
       -57.03704846720974,
       -25.606157723903348
      ],
      [
       -57.037048495041674,
       -25.60624802738396
      ],
      [
       -57.036948902329534,
       -25.606248052586082
      ],
      [
       -57.03694893008677,
       -25.606338356065674
      ],
      [
       -57.03684933729969,
       -25.606338381200064
      ],
      [
       -57.036849364982245,
       -25.606428684678644
      ],
      [
       -57.03674977212021,
       -25.606428709745288
      ],
      [
       -57.036749799728085,
       -25.606519013222858
      ],
      [
       -57.036650206791094,
       -25.60651903822177
      ],
      [
       -57.03665023432428,
       -25.606609341698313
      ],
      [
       -57.036550641312346,
       -25.606609366629485
      ],
      [
       -57.03655066877084,
       -25.60669967010502
      ],
      [
       -57.03645107568395,
       -25.606699694968455
      ],
      [
       -57.03645110306776,
       -25.60678999844297
      ],
      [
       -57.03635150990593,
       -25.60679002323866
      ],
      [
       -57.03635156452431,
       -25.606970630184556
      ],
      [
       -57.0362519712127,
       -25.606970654912605
      ],
      [
       -57.03625199844726,
       -25.60706095838398
      ],
      [
       -57.035754031513164,
       -25.6070610810071
      ],
      [
       -57.0357540046527,
       -25.606970777535235
      ],
      [
       -57.03595319127709,
       -25.606970728689703
      ],
      [
       -57.03595313725726,
       -25.606790121743018
      ],
      [
       -57.03605273041963,
       -25.606790097218692
      ],
      [
       -57.03605267625068,
       -25.60660949026774
      ],
      [
       -57.03625186227574,
       -25.60660944101596
      ],
      [
       -57.03625180780804,
       -25.606428834060946
      ],
      [
       -57.035953029219165,
       -25.60642890783626
      ],
      [
       -57.03595305622849,
       -25.60651921131462
      ],
      [
       -57.035853463290465,
       -25.606519235770815
      ],
      [
       -57.03585343635595,
       -25.606428932292353
      ],
      [
       -57.03575384349261,
       -25.606428956680613
      ],
      [
       -57.03575378977361,
       -25.606248349720143
      ],
      [
       -57.03585338248731,
       -25.60624832533208
      ],
      [
       -57.03585340942157,
       -25.60633862881278
      ],
      [
       -57.03605259499824,
       -25.606338579832943
      ],
      [
       -57.036052567914346,
       -25.60624827635245
      ],
      [
       -57.03615216062767,
       -25.606248251760874
      ],
      [
       -57.03615218778638,
       -25.606338555241273
      ],
      [
       -57.03625178057438,
       -25.60633853058176
      ],
      [
       -57.03625175334086,
       -25.606248227101464
      ],
      [
       -57.03635134605393,
       -25.606248202374207
      ],
      [
       -57.036351318745716,
       -25.606157898892903
      ],
      [
       -57.036450911383824,
       -25.60615787409791
      ],
      [
       -57.036450829235534,
       -25.60588696364758
      ],
      [
       -57.03605245958009,
       -25.605887062419324
      ],
      [
       -57.03605243249685,
       -25.605796758933245
      ],
      [
       -57.035952840157485,
       -25.605796783456487
      ],
      [
       -57.0359528671659,
       -25.605887086942662
      ],
      [
       -57.03585327475159,
       -25.605887111398165
      ],
      [
       -57.035853247817975,
       -25.605796807911894
      ],
      [
       -57.03575365547835,
       -25.605796832299454
      ],
      [
       -57.03575362861969,
       -25.60570652881198
      ],
      [
       -57.03555444408967,
       -25.605706577383405
      ],
      [
       -57.035554417380766,
       -25.60561627389461
      ],
      [
       -57.03535523299987,
       -25.605616322194496
      ],
      [
       -57.035355179881705,
       -25.60543571521317
      ],
      [
       -57.03545477192258,
       -25.605435691097345
      ],
      [
       -57.035454718655295,
       -25.60525508411175
      ],
      [
       -57.035653902437424,
       -25.605255035676972
      ],
      [
       -57.035653929220636,
       -25.605345339170135
      ],
      [
       -57.03555433725482,
       -25.605345363421538
      ],
      [
       -57.03555439067199,
       -25.6055259704047
      ],
      [
       -57.03575357490275,
       -25.605525921833664
      ],
      [
       -57.03575354804446,
       -25.605435618342835
      ],
      [
       -57.03585314008484,
       -25.60543559395566
      ],
      [
       -57.03585316701793,
       -25.605525897446395
      ],
      [
       -57.03595275913298,
       -25.605525872991283
      ],
      [
       -57.035952786141024,
       -25.6056161764808
      ],
      [
       -57.03615197052038,
       -25.605616127366876
      ],
      [
       -57.03615199767817,
       -25.60570643085508
      ],
      [
       -57.03635118220663,
       -25.60570638146961
      ],
      [
       -57.03635120951419,
       -25.60579668495649
      ],
      [
       -57.036450801853036,
       -25.605796660161904
      ],
      [
       -57.036450774470666,
       -25.605706356675118
      ],
      [
       -57.036550366734566,
       -25.60570633181279
      ],
      [
       -57.03655033927751,
       -25.60561602832498
      ],
      [
       -57.03664993146647,
       -25.605616003394918
      ],
      [
       -57.03664995899834,
       -25.605706306882617
      ],
      [
       -57.03674955126198,
       -25.60570628188462
      ],
      [
       -57.03674949604874,
       -25.60552567490829
      ],
      [
       -57.03684908816262,
       -25.605525649842654
      ],
      [
       -57.036849115843985,
       -25.605615953331274
      ],
      [
       -57.03694870803255,
       -25.605615928197704
      ],
      [
       -57.03694865252032,
       -25.60543532121955
      ],
      [
       -57.03714783659778,
       -25.60543527074929
      ],
      [
       -57.03714780869224,
       -25.605344967258745
      ],
      [
       -57.03744658458299,
       -25.6053448910449
      ],
      [
       -57.03744655645315,
       -25.60525458755354
      ],
      [
       -57.037844924006336,
       -25.60525448498578
      ]
     ],
     [
      [
       -57.03684914352549,
       -25.605706256818777
      ],
      [
       -57.03674955126198,
       -25.60570628188462
      ],
      [
       -57.036749606475745,
       -25.60588688885648
      ],
      [
       -57.036650014062474,
       -25.605886913854683
      ],
      [
       -57.03665004159473,
       -25.60597721733904
      ],
      [
       -57.03674963408282,
       -25.605977192340735
      ],
      [
       -57.03674966169004,
       -25.606067495823876
      ],
      [
       -57.03684925425281,
       -25.606067470757633
      ],
      [
       -57.03684928193497,
       -25.60615777423956
      ],
      [
       -57.03694887457242,
       -25.606157749105375
      ],
      [
       -57.0369488190586,
       -25.605977142140613
      ],
      [
       -57.03684922657078,
       -25.605977167274595
      ],
      [
       -57.03684914352549,
       -25.605706256818777
      ]
     ],
     [
      [
       -57.03665004159473,
       -25.60597721733904
      ],
      [
       -57.03655044910652,
       -25.60597724226951
      ],
      [
       -57.03655050402181,
       -25.606157849235082
      ],
      [
       -57.03665009665966,
       -25.606157824304415
      ],
      [
       -57.03665004159473,
       -25.60597721733904
      ]
     ]
    ]
   }
  },
  {
   "type": "Feature",
   "properties": {
    "class_id": 3,
    "class_label": "mid (0.60\u20130.85)",
    "source": "Sentinel-2 S2B_21JVM_20260512_0_L2A NDVI",
    "method": "digitize 4 bins [<0.30, 0.30-0.60, 0.60-0.85, >0.85]",
    "fetched": "2026-06-28",
    "verification": "pending photos",
    "layer": "canopy"
   },
   "geometry": {
    "type": "Polygon",
    "coordinates": [
     [
      [
       -57.03784560634237,
       -25.60742176846048
      ],
      [
       -57.03784563477475,
       -25.60751207192465
      ],
      [
       -57.037746041016206,
       -25.607512097670934
      ],
      [
       -57.03774601265866,
       -25.607421794206665
      ],
      [
       -57.03784560634237,
       -25.60742176846048
      ]
     ]
    ]
   }
  },
  {
   "type": "Feature",
   "properties": {
    "class_id": 4,
    "class_label": "dense (>0.85)",
    "source": "Sentinel-2 S2B_21JVM_20260512_0_L2A NDVI",
    "method": "digitize 4 bins [<0.30, 0.30-0.60, 0.60-0.85, >0.85]",
    "fetched": "2026-06-28",
    "verification": "pending photos",
    "layer": "canopy"
   },
   "geometry": {
    "type": "Polygon",
    "coordinates": [
     [
      [
       -57.036750158642484,
       -25.607692958329693
      ],
      [
       -57.036750186252206,
       -25.607783261791642
      ],
      [
       -57.036650592267726,
       -25.60778328679196
      ],
      [
       -57.036650564732824,
       -25.607692983329915
      ],
      [
       -57.036750158642484,
       -25.607692958329693
      ]
     ]
    ]
   }
  },
  {
   "type": "Feature",
   "properties": {
    "class_id": 2,
    "class_label": "sparse (0.30\u20130.60)",
    "source": "Sentinel-2 S2B_21JVM_20260512_0_L2A NDVI",
    "method": "digitize 4 bins [<0.30, 0.30-0.60, 0.60-0.85, >0.85]",
    "fetched": "2026-06-28",
    "verification": "pending photos",
    "layer": "canopy"
   },
   "geometry": {
    "type": "Polygon",
    "coordinates": [
     [
      [
       -57.03794502898566,
       -25.60687992183864
      ],
      [
       -57.037945143011974,
       -25.607241135714975
      ],
      [
       -57.037845549478035,
       -25.607241161528794
      ],
      [
       -57.03784560634237,
       -25.60742176846048
      ],
      [
       -57.03774601265866,
       -25.607421794206665
      ],
      [
       -57.037746041016206,
       -25.607512097670934
      ],
      [
       -57.03764644725753,
       -25.607512123349377
      ],
      [
       -57.0376464755404,
       -25.607602426812637
      ],
      [
       -57.03754688170677,
       -25.60760245242334
      ],
      [
       -57.03754690991494,
       -25.607692755885598
      ],
      [
       -57.03734772209763,
       -25.607692806903675
      ],
      [
       -57.03734775015629,
       -25.607783110365016
      ],
      [
       -57.03724815617261,
       -25.607783135772394
      ],
      [
       -57.03724818415659,
       -25.607873439232723
      ],
      [
       -57.037048996039175,
       -25.60787348984415
      ],
      [
       -57.03704896820485,
       -25.607783186383628
      ],
      [
       -57.0371485621888,
       -25.60778316111193
      ],
      [
       -57.03714853427978,
       -25.60769285765039
      ],
      [
       -57.03724812818877,
       -25.607692832310956
      ],
      [
       -57.03724810020506,
       -25.6076025288484
      ],
      [
       -57.0373476940391,
       -25.607602503441218
      ],
      [
       -57.037347665980704,
       -25.60751219997765
      ],
      [
       -57.037447259739785,
       -25.607512174502737
      ],
      [
       -57.037447231606706,
       -25.607421871038156
      ],
      [
       -57.037546825290825,
       -25.607421845495498
      ],
      [
       -57.03754679708305,
       -25.607331542029907
      ],
      [
       -57.03764639069221,
       -25.607331516419507
      ],
      [
       -57.03764636240976,
       -25.607241212952903
      ],
      [
       -57.03774595594397,
       -25.60724118727477
      ],
      [
       -57.03774589922982,
       -25.607060580338413
      ],
      [
       -57.03784549261425,
       -25.607060554592653
      ],
      [
       -57.03784543575101,
       -25.60687994765204
      ],
      [
       -57.03794502898566,
       -25.60687992183864
      ]
     ]
    ]
   }
  },
  {
   "type": "Feature",
   "properties": {
    "class_id": 4,
    "class_label": "dense (>0.85)",
    "source": "Sentinel-2 S2B_21JVM_20260512_0_L2A NDVI",
    "method": "digitize 4 bins [<0.30, 0.30-0.60, 0.60-0.85, >0.85]",
    "fetched": "2026-06-28",
    "verification": "pending photos",
    "layer": "canopy"
   },
   "geometry": {
    "type": "Polygon",
    "coordinates": [
     [
      [
       -57.03684978023655,
       -25.60778323672348
      ],
      [
       -57.036849807921236,
       -25.607873540184208
      ],
      [
       -57.03675021386207,
       -25.607873565252472
      ],
      [
       -57.036750186252206,
       -25.607783261791642
      ],
      [
       -57.03684978023655,
       -25.60778323672348
      ]
     ]
    ]
   }
  },
  {
   "type": "Feature",
   "properties": {
    "class_id": 2,
    "class_label": "sparse (0.30\u20130.60)",
    "source": "Sentinel-2 S2B_21JVM_20260512_0_L2A NDVI",
    "method": "digitize 4 bins [<0.30, 0.30-0.60, 0.60-0.85, >0.85]",
    "fetched": "2026-06-28",
    "verification": "pending photos",
    "layer": "canopy"
   },
   "geometry": {
    "type": "Polygon",
    "coordinates": [
     [
      [
       -57.037048996039175,
       -25.60787348984415
      ],
      [
       -57.03704902387364,
       -25.607963793303565
      ],
      [
       -57.03694942973991,
       -25.607963818507617
      ],
      [
       -57.03694940198027,
       -25.6078735150481
      ],
      [
       -57.037048996039175,
       -25.60787348984415
      ]
     ]
    ]
   }
  },
  {
   "type": "Feature",
   "properties": {
    "class_id": 2,
    "class_label": "sparse (0.30\u20130.60)",
    "source": "Sentinel-2 S2B_21JVM_20260512_0_L2A NDVI",
    "method": "digitize 4 bins [<0.30, 0.30-0.60, 0.60-0.85, >0.85]",
    "fetched": "2026-06-28",
    "verification": "pending photos",
    "layer": "canopy"
   },
   "geometry": {
    "type": "Polygon",
    "coordinates": [
     [
      [
       -57.03694942973991,
       -25.607963818507617
      ],
      [
       -57.03694945749969,
       -25.608054121966013
      ],
      [
       -57.03675026908218,
       -25.608054172170792
      ],
      [
       -57.036750241472056,
       -25.607963868712194
      ],
      [
       -57.03694942973991,
       -25.607963818507617
      ]
     ]
    ]
   }
  },
  {
   "type": "Feature",
   "properties": {
    "class_id": 2,
    "class_label": "sparse (0.30\u20130.60)",
    "source": "Sentinel-2 S2B_21JVM_20260512_0_L2A NDVI",
    "method": "digitize 4 bins [<0.30, 0.30-0.60, 0.60-0.85, >0.85]",
    "fetched": "2026-06-28",
    "verification": "pending photos",
    "layer": "canopy"
   },
   "geometry": {
    "type": "Polygon",
    "coordinates": [
     [
      [
       -57.03675026908218,
       -25.608054172170792
      ],
      [
       -57.03675029669243,
       -25.60814447562828
      ],
      [
       -57.036551108124755,
       -25.60814452556188
      ],
      [
       -57.03655108066415,
       -25.60805422210419
      ],
      [
       -57.03675026908218,
       -25.608054172170792
      ]
     ]
    ]
   }
  },
  {
   "type": "Feature",
   "properties": {
    "class_id": 3,
    "class_label": "mid (0.60\u20130.85)",
    "source": "Sentinel-2 S2B_21JVM_20260512_0_L2A NDVI",
    "method": "digitize 4 bins [<0.30, 0.30-0.60, 0.60-0.85, >0.85]",
    "fetched": "2026-06-28",
    "verification": "pending photos",
    "layer": "canopy"
   },
   "geometry": {
    "type": "Polygon",
    "coordinates": [
     [
      [
       -57.03784546418256,
       -25.606970251122902
      ],
      [
       -57.03784549261425,
       -25.607060554592653
      ],
      [
       -57.03774589922982,
       -25.607060580338413
      ],
      [
       -57.03774595594397,
       -25.60724118727477
      ],
      [
       -57.03764636240976,
       -25.607241212952903
      ],
      [
       -57.03764639069221,
       -25.607331516419507
      ],
      [
       -57.03754679708305,
       -25.607331542029907
      ],
      [
       -57.037546825290825,
       -25.607421845495498
      ],
      [
       -57.037447231606706,
       -25.607421871038156
      ],
      [
       -57.037447259739785,
       -25.607512174502737
      ],
      [
       -57.037347665980704,
       -25.60751219997765
      ],
      [
       -57.0373476940391,
       -25.607602503441218
      ],
      [
       -57.03724810020506,
       -25.6076025288484
      ],
      [
       -57.03724812818877,
       -25.607692832310956
      ],
      [
       -57.03714853427978,
       -25.60769285765039
      ],
      [
       -57.0371485621888,
       -25.60778316111193
      ],
      [
       -57.03704896820485,
       -25.607783186383628
      ],
      [
       -57.037048996039175,
       -25.60787348984415
      ],
      [
       -57.03694940198027,
       -25.6078735150481
      ],
      [
       -57.03694942973991,
       -25.607963818507617
      ],
      [
       -57.036750241472056,
       -25.607963868712194
      ],
      [
       -57.03675026908218,
       -25.608054172170792
      ],
      [
       -57.03655108066415,
       -25.60805422210419
      ],
      [
       -57.036551108124755,
       -25.60814452556188
      ],
      [
       -57.03645151384072,
       -25.608144550426914
      ],
      [
       -57.036451541226626,
       -25.60823485388358
      ],
      [
       -57.036252352508505,
       -25.60823490341031
      ],
      [
       -57.036252270800105,
       -25.607963993036353
      ],
      [
       -57.03635186493476,
       -25.607963968307207
      ],
      [
       -57.03635183762407,
       -25.607873664847087
      ],
      [
       -57.036252243564235,
       -25.607873689576138
      ],
      [
       -57.0362522163285,
       -25.6077833861148
      ],
      [
       -57.036451404298376,
       -25.607783336589062
      ],
      [
       -57.036451322142995,
       -25.607512426198973
      ],
      [
       -57.03665050966342,
       -25.607512376402465
      ],
      [
       -57.03665048212891,
       -25.607422072937073
      ],
      [
       -57.0367500758141,
       -25.607422047937153
      ],
      [
       -57.0367500482049,
       -25.607331744470738
      ],
      [
       -57.03684964181514,
       -25.60733171940308
      ],
      [
       -57.036849614131256,
       -25.607241415935665
      ],
      [
       -57.03694920766653,
       -25.60724139080026
      ],
      [
       -57.03694923542524,
       -25.607331694267593
      ],
      [
       -57.037048829035214,
       -25.607331669064248
      ],
      [
       -57.037048773368284,
       -25.60715106212869
      ],
      [
       -57.03754674066792,
       -25.607150935095365
      ],
      [
       -57.03754671246055,
       -25.607060631626425
      ],
      [
       -57.03764630584526,
       -25.60706060601634
      ],
      [
       -57.037646277563205,
       -25.606970302546387
      ],
      [
       -57.03784546418256,
       -25.606970251122902
      ]
     ],
     [
      [
       -57.036750158642484,
       -25.607692958329693
      ],
      [
       -57.036650564732824,
       -25.607692983329915
      ],
      [
       -57.036650592267726,
       -25.60778328679196
      ],
      [
       -57.036750186252206,
       -25.607783261791642
      ],
      [
       -57.036750158642484,
       -25.607692958329693
      ]
     ],
     [
      [
       -57.03684978023655,
       -25.60778323672348
      ],
      [
       -57.036750186252206,
       -25.607783261791642
      ],
      [
       -57.03675021386207,
       -25.607873565252472
      ],
      [
       -57.036849807921236,
       -25.607873540184208
      ],
      [
       -57.03684978023655,
       -25.60778323672348
      ]
     ]
    ]
   }
  },
  {
   "type": "Feature",
   "properties": {
    "class_id": 2,
    "class_label": "sparse (0.30\u20130.60)",
    "source": "Sentinel-2 S2B_21JVM_20260512_0_L2A NDVI",
    "method": "digitize 4 bins [<0.30, 0.30-0.60, 0.60-0.85, >0.85]",
    "fetched": "2026-06-28",
    "verification": "pending photos",
    "layer": "canopy"
   },
   "geometry": {
    "type": "Polygon",
    "coordinates": [
     [
      [
       -57.036551108124755,
       -25.60814452556188
      ],
      [
       -57.03655113558549,
       -25.60823482901845
      ],
      [
       -57.036451541226626,
       -25.60823485388358
      ],
      [
       -57.03645151384072,
       -25.608144550426914
      ],
      [
       -57.036551108124755,
       -25.60814452556188
      ]
     ]
    ]
   }
  },
  {
   "type": "Feature",
   "properties": {
    "class_id": 2,
    "class_label": "sparse (0.30\u20130.60)",
    "source": "Sentinel-2 S2B_21JVM_20260512_0_L2A NDVI",
    "method": "digitize 4 bins [<0.30, 0.30-0.60, 0.60-0.85, >0.85]",
    "fetched": "2026-06-28",
    "verification": "pending photos",
    "layer": "canopy"
   },
   "geometry": {
    "type": "Polygon",
    "coordinates": [
     [
      [
       -57.036451541226626,
       -25.60823485388358
      ],
      [
       -57.03645156861267,
       -25.608325157339138
      ],
      [
       -57.0362523797449,
       -25.608325206866073
      ],
      [
       -57.036252352508505,
       -25.60823490341031
      ],
      [
       -57.036451541226626,
       -25.60823485388358
      ]
     ]
    ]
   }
  },
  {
   "type": "Feature",
   "properties": {
    "class_id": 2,
    "class_label": "sparse (0.30\u20130.60)",
    "source": "Sentinel-2 S2B_21JVM_20260512_0_L2A NDVI",
    "method": "digitize 4 bins [<0.30, 0.30-0.60, 0.60-0.85, >0.85]",
    "fetched": "2026-06-28",
    "verification": "pending photos",
    "layer": "canopy"
   },
   "geometry": {
    "type": "Polygon",
    "coordinates": [
     [
      [
       -57.0362523797449,
       -25.608325206866073
      ],
      [
       -57.036252406981426,
       -25.608415510320718
      ],
      [
       -57.036152812472515,
       -25.608415534982512
      ],
      [
       -57.03615283963435,
       -25.608505838436134
      ],
      [
       -57.03595365046649,
       -25.608505887556387
      ],
      [
       -57.0359536774788,
       -25.608596191009095
      ],
      [
       -57.03585408281985,
       -25.60859621546755
      ],
      [
       -57.03585410975746,
       -25.608686518919246
      ],
      [
       -57.03565492028952,
       -25.60868656763282
      ],
      [
       -57.035654866713735,
       -25.608505960727936
      ],
      [
       -57.03585405588237,
       -25.608505912014746
      ],
      [
       -57.03585402894502,
       -25.60841560856083
      ],
      [
       -57.036053217963484,
       -25.60841555957646
      ],
      [
       -57.03605319087661,
       -25.608325256121624
      ],
      [
       -57.0362523797449,
       -25.608325206866073
      ]
     ]
    ]
   }
  },
  {
   "type": "Feature",
   "properties": {
    "class_id": 4,
    "class_label": "dense (>0.85)",
    "source": "Sentinel-2 S2B_21JVM_20260512_0_L2A NDVI",
    "method": "digitize 4 bins [<0.30, 0.30-0.60, 0.60-0.85, >0.85]",
    "fetched": "2026-06-28",
    "verification": "pending photos",
    "layer": "canopy"
   },
   "geometry": {
    "type": "Polygon",
    "coordinates": [
     [
      [
       -57.035555298842226,
       -25.608596288435855
      ],
      [
       -57.03555532555536,
       -25.608686591887842
      ],
      [
       -57.03545573082107,
       -25.608686616075012
      ],
      [
       -57.03545570418277,
       -25.60859631262293
      ],
      [
       -57.035555298842226,
       -25.608596288435855
      ]
     ]
    ]
   }
  },
  {
   "type": "Feature",
   "properties": {
    "class_id": 2,
    "class_label": "sparse (0.30\u20130.60)",
    "source": "Sentinel-2 S2B_21JVM_20260512_0_L2A NDVI",
    "method": "digitize 4 bins [<0.30, 0.30-0.60, 0.60-0.85, >0.85]",
    "fetched": "2026-06-28",
    "verification": "pending photos",
    "layer": "canopy"
   },
   "geometry": {
    "type": "Polygon",
    "coordinates": [
     [
      [
       -57.03565492028952,
       -25.60868656763282
      ],
      [
       -57.0356549470776,
       -25.608776871083588
      ],
      [
       -57.03555535226862,
       -25.608776895338703
      ],
      [
       -57.03555532555536,
       -25.608686591887842
      ],
      [
       -57.03565492028952,
       -25.60868656763282
      ]
     ]
    ]
   }
  },
  {
   "type": "Feature",
   "properties": {
    "class_id": 3,
    "class_label": "mid (0.60\u20130.85)",
    "source": "Sentinel-2 S2B_21JVM_20260512_0_L2A NDVI",
    "method": "digitize 4 bins [<0.30, 0.30-0.60, 0.60-0.85, >0.85]",
    "fetched": "2026-06-28",
    "verification": "pending photos",
    "layer": "canopy"
   },
   "geometry": {
    "type": "Polygon",
    "coordinates": [
     [
      [
       -57.036252352508505,
       -25.60823490341031
      ],
      [
       -57.0362523797449,
       -25.608325206866073
      ],
      [
       -57.03605319087661,
       -25.608325256121624
      ],
      [
       -57.036053217963484,
       -25.60841555957646
      ],
      [
       -57.03585402894502,
       -25.60841560856083
      ],
      [
       -57.03585405588237,
       -25.608505912014746
      ],
      [
       -57.035654866713735,
       -25.608505960727936
      ],
      [
       -57.03565492028952,
       -25.60868656763282
      ],
      [
       -57.03555532555536,
       -25.608686591887842
      ],
      [
       -57.03555535226862,
       -25.608776895338703
      ],
      [
       -57.0354557574595,
       -25.608776919525972
      ],
      [
       -57.035455784098055,
       -25.608867222975825
      ],
      [
       -57.035356189213985,
       -25.60886724709535
      ],
      [
       -57.03535608295983,
       -25.60850603328886
      ],
      [
       -57.0354556775446,
       -25.608506009169734
      ],
      [
       -57.03545565090655,
       -25.60841570571542
      ],
      [
       -57.03555524541636,
       -25.60841568152854
      ],
      [
       -57.035555218703614,
       -25.608325378073207
      ],
      [
       -57.03565481313847,
       -25.608325353818586
      ],
      [
       -57.035654786351024,
       -25.608235050362232
      ],
      [
       -57.036252352508505,
       -25.60823490341031
      ]
     ],
     [
      [
       -57.035555298842226,
       -25.608596288435855
      ],
      [
       -57.03545570418277,
       -25.60859631262293
      ],
      [
       -57.03545573082107,
       -25.608686616075012
      ],
      [
       -57.03555532555536,
       -25.608686591887842
      ],
      [
       -57.035555298842226,
       -25.608596288435855
      ]
     ]
    ]
   }
  },
  {
   "type": "Feature",
   "properties": {
    "class_id": 2,
    "class_label": "sparse (0.30\u20130.60)",
    "source": "Sentinel-2 S2B_21JVM_20260512_0_L2A NDVI",
    "method": "digitize 4 bins [<0.30, 0.30-0.60, 0.60-0.85, >0.85]",
    "fetched": "2026-06-28",
    "verification": "pending photos",
    "layer": "canopy"
   },
   "geometry": {
    "type": "Polygon",
    "coordinates": [
     [
      [
       -57.03555535226862,
       -25.608776895338703
      ],
      [
       -57.035555378982004,
       -25.608867198788456
      ],
      [
       -57.035455784098055,
       -25.608867222975825
      ],
      [
       -57.0354557574595,
       -25.608776919525972
      ],
      [
       -57.03555535226862,
       -25.608776895338703
      ]
     ]
    ]
   }
  },
  {
   "type": "Feature",
   "properties": {
    "class_id": 3,
    "class_label": "mid (0.60\u20130.85)",
    "source": "Sentinel-2 S2B_21JVM_20260512_0_L2A NDVI",
    "method": "digitize 4 bins [<0.30, 0.30-0.60, 0.60-0.85, >0.85]",
    "fetched": "2026-06-28",
    "verification": "pending photos",
    "layer": "canopy"
   },
   "geometry": {
    "type": "Polygon",
    "coordinates": [
     [
      [
       -57.035555378982004,
       -25.608867198788456
      ],
      [
       -57.03555540569551,
       -25.608957502237093
      ],
      [
       -57.03545581073674,
       -25.60895752642456
      ],
      [
       -57.035455784098055,
       -25.608867222975825
      ],
      [
       -57.035555378982004,
       -25.608867198788456
      ]
     ]
    ]
   }
  },
  {
   "type": "Feature",
   "properties": {
    "class_id": 2,
    "class_label": "sparse (0.30\u20130.60)",
    "source": "Sentinel-2 S2B_21JVM_20260512_0_L2A NDVI",
    "method": "digitize 4 bins [<0.30, 0.30-0.60, 0.60-0.85, >0.85]",
    "fetched": "2026-06-28",
    "verification": "pending photos",
    "layer": "canopy"
   },
   "geometry": {
    "type": "Polygon",
    "coordinates": [
     [
      [
       -57.035455784098055,
       -25.608867222975825
      ],
      [
       -57.03545581073674,
       -25.60895752642456
      ],
      [
       -57.035356215777846,
       -25.608957550544172
      ],
      [
       -57.035356189213985,
       -25.60886724709535
      ],
      [
       -57.035455784098055,
       -25.608867222975825
      ]
     ]
    ]
   }
  },
  {
   "type": "Feature",
   "properties": {
    "class_id": 3,
    "class_label": "mid (0.60\u20130.85)",
    "source": "Sentinel-2 S2B_21JVM_20260512_0_L2A NDVI",
    "method": "digitize 4 bins [<0.30, 0.30-0.60, 0.60-0.85, >0.85]",
    "fetched": "2026-06-28",
    "verification": "pending photos",
    "layer": "canopy"
   },
   "geometry": {
    "type": "Polygon",
    "coordinates": [
     [
      [
       -57.035356189213985,
       -25.60886724709535
      ],
      [
       -57.035356215777846,
       -25.608957550544172
      ],
      [
       -57.03545581073674,
       -25.60895752642456
      ],
      [
       -57.03545583737556,
       -25.60904782987218
      ],
      [
       -57.03535624234183,
       -25.609047853991893
      ],
      [
       -57.03535626890594,
       -25.609138157438494
      ],
      [
       -57.035256673797264,
       -25.60913818149046
      ],
      [
       -57.03525670028667,
       -25.609228484936036
      ],
      [
       -57.03515710510303,
       -25.60922850892025
      ],
      [
       -57.03515702585966,
       -25.608957598579867
      ],
      [
       -57.03525662081882,
       -25.608957574595944
      ],
      [
       -57.035256594329795,
       -25.60886727114702
      ],
      [
       -57.035356189213985,
       -25.60886724709535
      ]
     ]
    ]
   }
  },
  {
   "type": "Feature",
   "properties": {
    "class_id": 2,
    "class_label": "sparse (0.30\u20130.60)",
    "source": "Sentinel-2 S2B_21JVM_20260512_0_L2A NDVI",
    "method": "digitize 4 bins [<0.30, 0.30-0.60, 0.60-0.85, >0.85]",
    "fetched": "2026-06-28",
    "verification": "pending photos",
    "layer": "canopy"
   },
   "geometry": {
    "type": "Polygon",
    "coordinates": [
     [
      [
       -57.03535626890594,
       -25.609138157438494
      ],
      [
       -57.03535629547018,
       -25.609228460883976
      ],
      [
       -57.03525670028667,
       -25.609228484936036
      ],
      [
       -57.035256673797264,
       -25.60913818149046
      ],
      [
       -57.03535626890594,
       -25.609138157438494
      ]
     ]
    ]
   }
  },
  {
   "type": "Feature",
   "properties": {
    "class_id": 3,
    "class_label": "mid (0.60\u20130.85)",
    "source": "Sentinel-2 S2B_21JVM_20260512_0_L2A NDVI",
    "method": "digitize 4 bins [<0.30, 0.30-0.60, 0.60-0.85, >0.85]",
    "fetched": "2026-06-28",
    "verification": "pending photos",
    "layer": "canopy"
   },
   "geometry": {
    "type": "Polygon",
    "coordinates": [
     [
      [
       -57.0343603436294,
       -25.609228698351433
      ],
      [
       -57.03436036944547,
       -25.609319001796763
      ],
      [
       -57.03445996470494,
       -25.609318978355244
      ],
      [
       -57.03445999059598,
       -25.609409281799355
      ],
      [
       -57.03436039526167,
       -25.609409305240973
      ],
      [
       -57.03436042107799,
       -25.609499608684064
      ],
      [
       -57.034260825668746,
       -25.609499632057933
      ],
      [
       -57.03426079992725,
       -25.609409328614742
      ],
      [
       -57.03406160925804,
       -25.60940937515874
      ],
      [
       -57.03406163484987,
       -25.609499678602113
      ],
      [
       -57.03396203944025,
       -25.609499701772435
      ],
      [
       -57.03396198840636,
       -25.609319094884384
      ],
      [
       -57.03416117892617,
       -25.60931904847627
      ],
      [
       -57.034161153259745,
       -25.60922874503075
      ],
      [
       -57.0343603436294,
       -25.609228698351433
      ]
     ]
    ]
   }
  },
  {
   "type": "Feature",
   "properties": {
    "class_id": 3,
    "class_label": "mid (0.60\u20130.85)",
    "source": "Sentinel-2 S2B_21JVM_20260512_0_L2A NDVI",
    "method": "digitize 4 bins [<0.30, 0.30-0.60, 0.60-0.85, >0.85]",
    "fetched": "2026-06-28",
    "verification": "pending photos",
    "layer": "canopy"
   },
   "geometry": {
    "type": "Polygon",
    "coordinates": [
     [
      [
       -57.03386252035775,
       -25.6097706351989
      ],
      [
       -57.03386254580042,
       -25.609860938637997
      ],
      [
       -57.03376295009123,
       -25.60986096167299
      ],
      [
       -57.0337629247234,
       -25.6097706582338
      ],
      [
       -57.03386252035775,
       -25.6097706351989
      ]
     ]
    ]
   }
  },
  {
   "type": "Feature",
   "properties": {
    "class_id": 3,
    "class_label": "mid (0.60\u20130.85)",
    "source": "Sentinel-2 S2B_21JVM_20260512_0_L2A NDVI",
    "method": "digitize 4 bins [<0.30, 0.30-0.60, 0.60-0.85, >0.85]",
    "fetched": "2026-06-28",
    "verification": "pending photos",
    "layer": "canopy"
   },
   "geometry": {
    "type": "Polygon",
    "coordinates": [
     [
      [
       -57.03416133292725,
       -25.609860869125928
      ],
      [
       -57.034161358594524,
       -25.609951172563623
      ],
      [
       -57.03406176281087,
       -25.609951195802264
      ],
      [
       -57.03406173721843,
       -25.609860892364466
      ],
      [
       -57.03416133292725,
       -25.609860869125928
      ]
     ]
    ]
   }
  },
  {
   "type": "Feature",
   "properties": {
    "class_id": 4,
    "class_label": "dense (>0.85)",
    "source": "Sentinel-2 S2B_21JVM_20260512_0_L2A NDVI",
    "method": "digitize 4 bins [<0.30, 0.30-0.60, 0.60-0.85, >0.85]",
    "fetched": "2026-06-28",
    "verification": "pending photos",
    "layer": "canopy"
   },
   "geometry": {
    "type": "Polygon",
    "coordinates": [
     [
      [
       -57.03465938959419,
       -25.610131662223825
      ],
      [
       -57.034659415636,
       -25.6102219656577
      ],
      [
       -57.03455981962846,
       -25.610221989235875
      ],
      [
       -57.03455979366149,
       -25.610131685801896
      ],
      [
       -57.03465938959419,
       -25.610131662223825
      ]
     ]
    ]
   }
  },
  {
   "type": "Feature",
   "properties": {
    "class_id": 3,
    "class_label": "mid (0.60\u20130.85)",
    "source": "Sentinel-2 S2B_21JVM_20260512_0_L2A NDVI",
    "method": "digitize 4 bins [<0.30, 0.30-0.60, 0.60-0.85, >0.85]",
    "fetched": "2026-06-28",
    "verification": "pending photos",
    "layer": "canopy"
   },
   "geometry": {
    "type": "Polygon",
    "coordinates": [
     [
      [
       -57.03246827904661,
       -25.610132165268013
      ],
      [
       -57.0324683034421,
       -25.610222468703924
      ],
      [
       -57.032368707431914,
       -25.610222490789372
      ],
      [
       -57.03236868311125,
       -25.610132187353372
      ],
      [
       -57.03246827904661,
       -25.610132165268013
      ]
     ]
    ]
   }
  },
  {
   "type": "Feature",
   "properties": {
    "class_id": 4,
    "class_label": "dense (>0.85)",
    "source": "Sentinel-2 S2B_21JVM_20260512_0_L2A NDVI",
    "method": "digitize 4 bins [<0.30, 0.30-0.60, 0.60-0.85, >0.85]",
    "fetched": "2026-06-28",
    "verification": "pending photos",
    "layer": "canopy"
   },
   "geometry": {
    "type": "Polygon",
    "coordinates": [
     [
      [
       -57.03455981962846,
       -25.610221989235875
      ],
      [
       -57.03455987156279,
       -25.610402596100496
      ],
      [
       -57.034460275405465,
       -25.610402619611005
      ],
      [
       -57.03446022362081,
       -25.6102220127462
      ],
      [
       -57.03455981962846,
       -25.610221989235875
      ]
     ]
    ]
   }
  },
  {
   "type": "Feature",
   "properties": {
    "class_id": 3,
    "class_label": "mid (0.60\u20130.85)",
    "source": "Sentinel-2 S2B_21JVM_20260512_0_L2A NDVI",
    "method": "digitize 4 bins [<0.30, 0.30-0.60, 0.60-0.85, >0.85]",
    "fetched": "2026-06-28",
    "verification": "pending photos",
    "layer": "canopy"
   },
   "geometry": {
    "type": "Polygon",
    "coordinates": [
     [
      [
       -57.03286671217661,
       -25.610312683118043
      ],
      [
       -57.032866761566844,
       -25.610493289983573
      ],
      [
       -57.03276716533263,
       -25.610493312340697
      ],
      [
       -57.03276714071228,
       -25.6104030089084
      ],
      [
       -57.03266754455279,
       -25.610403031197585
      ],
      [
       -57.032667520007394,
       -25.610312727764086
      ],
      [
       -57.03286671217661,
       -25.610312683118043
      ]
     ]
    ]
   }
  },
  {
   "type": "Feature",
   "properties": {
    "class_id": 2,
    "class_label": "sparse (0.30\u20130.60)",
    "source": "Sentinel-2 S2B_21JVM_20260512_0_L2A NDVI",
    "method": "digitize 4 bins [<0.30, 0.30-0.60, 0.60-0.85, >0.85]",
    "fetched": "2026-06-28",
    "verification": "pending photos",
    "layer": "canopy"
   },
   "geometry": {
    "type": "Polygon",
    "coordinates": [
     [
      [
       -57.03436065343047,
       -25.61031233962172
      ],
      [
       -57.03436067924802,
       -25.610402643053664
      ],
      [
       -57.034460275405465,
       -25.610402619611005
      ],
      [
       -57.03446030129799,
       -25.610492923041733
      ],
      [
       -57.03436070506571,
       -25.610492946484484
      ],
      [
       -57.03436073088351,
       -25.610583249914196
      ],
      [
       -57.03426113457627,
       -25.610583273289194
      ],
      [
       -57.0342611088333,
       -25.610492969859386
      ],
      [
       -57.034161512600775,
       -25.610492993166435
      ],
      [
       -57.034161461264866,
       -25.610312386303296
      ],
      [
       -57.03436065343047,
       -25.61031233962172
      ]
     ]
    ]
   }
  },
  {
   "type": "Feature",
   "properties": {
    "class_id": 2,
    "class_label": "sparse (0.30\u20130.60)",
    "source": "Sentinel-2 S2B_21JVM_20260512_0_L2A NDVI",
    "method": "digitize 4 bins [<0.30, 0.30-0.60, 0.60-0.85, >0.85]",
    "fetched": "2026-06-28",
    "verification": "pending photos",
    "layer": "canopy"
   },
   "geometry": {
    "type": "Polygon",
    "coordinates": [
     [
      [
       -57.034161512600775,
       -25.610492993166435
      ],
      [
       -57.03416153826891,
       -25.61058329659633
      ],
      [
       -57.034061941961426,
       -25.61058331983562
      ],
      [
       -57.034061916368124,
       -25.610493016405634
      ],
      [
       -57.034161512600775,
       -25.610492993166435
      ]
     ]
    ]
   }
  },
  {
   "type": "Feature",
   "properties": {
    "class_id": 4,
    "class_label": "dense (>0.85)",
    "source": "Sentinel-2 S2B_21JVM_20260512_0_L2A NDVI",
    "method": "digitize 4 bins [<0.30, 0.30-0.60, 0.60-0.85, >0.85]",
    "fetched": "2026-06-28",
    "verification": "pending photos",
    "layer": "canopy"
   },
   "geometry": {
    "type": "Polygon",
    "coordinates": [
     [
      [
       -57.03376315303824,
       -25.610583389146388
      ],
      [
       -57.033763178407156,
       -25.61067369257553
      ],
      [
       -57.03366358202435,
       -25.610673715543506
      ],
      [
       -57.03366355673026,
       -25.610583412114266
      ],
      [
       -57.03376315303824,
       -25.610583389146388
      ]
     ]
    ]
   }
  },
  {
   "type": "Feature",
   "properties": {
    "class_id": 4,
    "class_label": "dense (>0.85)",
    "source": "Sentinel-2 S2B_21JVM_20260512_0_L2A NDVI",
    "method": "digitize 4 bins [<0.30, 0.30-0.60, 0.60-0.85, >0.85]",
    "fetched": "2026-06-28",
    "verification": "pending photos",
    "layer": "canopy"
   },
   "geometry": {
    "type": "Polygon",
    "coordinates": [
     [
      [
       -57.033364767805615,
       -25.610583480610803
      ],
      [
       -57.03336481794491,
       -25.610764087468734
      ],
      [
       -57.03326522148678,
       -25.61076411016539
      ],
      [
       -57.033265171497156,
       -25.61058350330728
      ],
      [
       -57.033364767805615,
       -25.610583480610803
      ]
     ]
    ]
   }
  },
  {
   "type": "Feature",
   "properties": {
    "class_id": 4,
    "class_label": "dense (>0.85)",
    "source": "Sentinel-2 S2B_21JVM_20260512_0_L2A NDVI",
    "method": "digitize 4 bins [<0.30, 0.30-0.60, 0.60-0.85, >0.85]",
    "fetched": "2026-06-28",
    "verification": "pending photos",
    "layer": "canopy"
   },
   "geometry": {
    "type": "Polygon",
    "coordinates": [
     [
      [
       -57.03426116031937,
       -25.610673576717875
      ],
      [
       -57.03426118606259,
       -25.61076388014544
      ],
      [
       -57.03416158960556,
       -25.610763903452778
      ],
      [
       -57.03416156393717,
       -25.61067360002511
      ],
      [
       -57.03426116031937,
       -25.610673576717875
      ]
     ]
    ]
   }
  },
  {
   "type": "Feature",
   "properties": {
    "class_id": 2,
    "class_label": "sparse (0.30\u20130.60)",
    "source": "Sentinel-2 S2B_21JVM_20260512_0_L2A NDVI",
    "method": "digitize 4 bins [<0.30, 0.30-0.60, 0.60-0.85, >0.85]",
    "fetched": "2026-06-28",
    "verification": "pending photos",
    "layer": "canopy"
   },
   "geometry": {
    "type": "Polygon",
    "coordinates": [
     [
      [
       -57.03316555026879,
       -25.610493222505085
      ],
      [
       -57.033165575188576,
       -25.6105835259359
      ],
      [
       -57.033265171497156,
       -25.61058350330728
      ],
      [
       -57.03326524648177,
       -25.610854413592772
      ],
      [
       -57.033165649948685,
       -25.61085443622167
      ],
      [
       -57.03316562502853,
       -25.610764132794195
      ],
      [
       -57.03306602857017,
       -25.610764155355152
      ],
      [
       -57.033065954034925,
       -25.61049324506577
      ],
      [
       -57.03316555026879,
       -25.610493222505085
      ]
     ]
    ]
   }
  },
  {
   "type": "Feature",
   "properties": {
    "class_id": 3,
    "class_label": "mid (0.60\u20130.85)",
    "source": "Sentinel-2 S2B_21JVM_20260512_0_L2A NDVI",
    "method": "digitize 4 bins [<0.30, 0.30-0.60, 0.60-0.85, >0.85]",
    "fetched": "2026-06-28",
    "verification": "pending photos",
    "layer": "canopy"
   },
   "geometry": {
    "type": "Polygon",
    "coordinates": [
     [
      [
       -57.03216968461137,
       -25.610854658778738
      ],
      [
       -57.032169708783286,
       -25.610944962205995
      ],
      [
       -57.03207011217408,
       -25.610944984088604
      ],
      [
       -57.03207008807699,
       -25.610854680661255
      ],
      [
       -57.03216968461137,
       -25.610854658778738
      ]
     ]
    ]
   }
  },
  {
   "type": "Feature",
   "properties": {
    "class_id": 3,
    "class_label": "mid (0.60\u20130.85)",
    "source": "Sentinel-2 S2B_21JVM_20260512_0_L2A NDVI",
    "method": "digitize 4 bins [<0.30, 0.30-0.60, 0.60-0.85, >0.85]",
    "fetched": "2026-06-28",
    "verification": "pending photos",
    "layer": "canopy"
   },
   "geometry": {
    "type": "Polygon",
    "coordinates": [
     [
      [
       -57.03226930539239,
       -25.610944940255536
      ],
      [
       -57.032269329639256,
       -25.611035243681588
      ],
      [
       -57.032169732955325,
       -25.611035265632133
      ],
      [
       -57.032169708783286,
       -25.610944962205995
      ],
      [
       -57.03226930539239,
       -25.610944940255536
      ]
     ]
    ]
   }
  },
  {
   "type": "Feature",
   "properties": {
    "class_id": 4,
    "class_label": "dense (>0.85)",
    "source": "Sentinel-2 S2B_21JVM_20260512_0_L2A NDVI",
    "method": "digitize 4 bins [<0.30, 0.30-0.60, 0.60-0.85, >0.85]",
    "fetched": "2026-06-28",
    "verification": "pending photos",
    "layer": "canopy"
   },
   "geometry": {
    "type": "Polygon",
    "coordinates": [
     [
      [
       -57.03416158960556,
       -25.610763903452778
      ],
      [
       -57.03416164094269,
       -25.610944510304762
      ],
      [
       -57.03406204433586,
       -25.610944533544423
      ],
      [
       -57.03406209552383,
       -25.611125140392133
      ],
      [
       -57.03396249876721,
       -25.611125163564132
      ],
      [
       -57.03396252428653,
       -25.611215466986405
      ],
      [
       -57.03386292745495,
       -25.611215490090647
      ],
      [
       -57.03386287656609,
       -25.61103488324479
      ],
      [
       -57.033962473248,
       -25.611034860140744
      ],
      [
       -57.03396242220996,
       -25.610854253290615
      ],
      [
       -57.03406201874208,
       -25.610854230118896
      ],
      [
       -57.0340619931484,
       -25.610763926692258
      ],
      [
       -57.03416158960556,
       -25.610763903452778
      ]
     ]
    ]
   }
  },
  {
   "type": "Feature",
   "properties": {
    "class_id": 4,
    "class_label": "dense (>0.85)",
    "source": "Sentinel-2 S2B_21JVM_20260512_0_L2A NDVI",
    "method": "digitize 4 bins [<0.30, 0.30-0.60, 0.60-0.85, >0.85]",
    "fetched": "2026-06-28",
    "verification": "pending photos",
    "layer": "canopy"
   },
   "geometry": {
    "type": "Polygon",
    "coordinates": [
     [
      [
       -57.03386292745495,
       -25.611215490090647
      ],
      [
       -57.033862978344295,
       -25.611396096932037
      ],
      [
       -57.03376338136292,
       -25.611396119968607
      ],
      [
       -57.033763330623245,
       -25.611215513127032
      ],
      [
       -57.03386292745495,
       -25.611215490090647
      ]
     ]
    ]
   }
  },
  {
   "type": "Feature",
   "properties": {
    "class_id": 4,
    "class_label": "dense (>0.85)",
    "source": "Sentinel-2 S2B_21JVM_20260512_0_L2A NDVI",
    "method": "digitize 4 bins [<0.30, 0.30-0.60, 0.60-0.85, >0.85]",
    "fetched": "2026-06-28",
    "verification": "pending photos",
    "layer": "canopy"
   },
   "geometry": {
    "type": "Polygon",
    "coordinates": [
     [
      [
       -57.037745275410074,
       -25.605073903744042
      ],
      [
       -57.03774530376409,
       -25.605164207237323
      ],
      [
       -57.03794448739052,
       -25.605164155682303
      ],
      [
       -57.037944515894296,
       -25.60525445917425
      ],
      [
       -57.0381436996698,
       -25.605254407347687
      ],
      [
       -57.03814372832335,
       -25.605344710838317
      ],
      [
       -57.038342912247934,
       -25.605344658740197
      ],
      [
       -57.03834294105124,
       -25.605434962229502
      ],
      [
       -57.03844253308814,
       -25.60543493607858
      ],
      [
       -57.03844259084479,
       -25.60561554305363
      ],
      [
       -57.038342998658266,
       -25.605615569204755
      ],
      [
       -57.03834308506984,
       -25.60588647965928
      ],
      [
       -57.03824349265873,
       -25.605886505742884
      ],
      [
       -57.0382435788471,
       -25.606157416187685
      ],
      [
       -57.038143986211395,
       -25.60615744220377
      ],
      [
       -57.03814407217656,
       -25.606428352638837
      ],
      [
       -57.03804447931626,
       -25.6064283785874
      ],
      [
       -57.03804450789678,
       -25.606518682063626
      ],
      [
       -57.037944914961535,
       -25.606518707944456
      ],
      [
       -57.037944971973324,
       -25.60669931489378
      ],
      [
       -57.037845378888306,
       -25.60669934070697
      ],
      [
       -57.03784546418256,
       -25.606970251122902
      ],
      [
       -57.037646277563205,
       -25.606970302546387
      ],
      [
       -57.03764630584526,
       -25.60706060601634
      ],
      [
       -57.03754671246055,
       -25.607060631626425
      ],
      [
       -57.03754674066792,
       -25.607150935095365
      ],
      [
       -57.037048773368284,
       -25.60715106212869
      ],
      [
       -57.037048829035214,
       -25.607331669064248
      ],
      [
       -57.03694923542524,
       -25.607331694267593
      ],
      [
       -57.03694920766653,
       -25.60724139080026
      ],
      [
       -57.036849614131256,
       -25.607241415935665
      ],
      [
       -57.03684964181514,
       -25.60733171940308
      ],
      [
       -57.0367500482049,
       -25.607331744470738
      ],
      [
       -57.0367500758141,
       -25.607422047937153
      ],
      [
       -57.03665048212891,
       -25.607422072937073
      ],
      [
       -57.03665050966342,
       -25.607512376402465
      ],
      [
       -57.036451322142995,
       -25.607512426198973
      ],
      [
       -57.036451404298376,
       -25.607783336589062
      ],
      [
       -57.0362522163285,
       -25.6077833861148
      ],
      [
       -57.036252243564235,
       -25.607873689576138
      ],
      [
       -57.03635183762407,
       -25.607873664847087
      ],
      [
       -57.03635186493476,
       -25.607963968307207
      ],
      [
       -57.036252270800105,
       -25.607963993036353
      ],
      [
       -57.036252352508505,
       -25.60823490341031
      ],
      [
       -57.035654786351024,
       -25.608235050362232
      ],
      [
       -57.03565481313847,
       -25.608325353818586
      ],
      [
       -57.035555218703614,
       -25.608325378073207
      ],
      [
       -57.03555524541636,
       -25.60841568152854
      ],
      [
       -57.03545565090655,
       -25.60841570571542
      ],
      [
       -57.0354556775446,
       -25.608506009169734
      ],
      [
       -57.03535608295983,
       -25.60850603328886
      ],
      [
       -57.035356189213985,
       -25.60886724709535
      ],
      [
       -57.035256594329795,
       -25.60886727114702
      ],
      [
       -57.03525662081882,
       -25.608957574595944
      ],
      [
       -57.03515702585966,
       -25.608957598579867
      ],
      [
       -57.03515710510303,
       -25.60922850892025
      ],
      [
       -57.03525670028667,
       -25.609228484936036
      ],
      [
       -57.035256726776204,
       -25.60931878838051
      ],
      [
       -57.03495794100043,
       -25.609318860129893
      ],
      [
       -57.0349579672656,
       -25.609409163573535
      ],
      [
       -57.034858371931925,
       -25.60940918735439
      ],
      [
       -57.034858424313,
       -25.60958979423852
      ],
      [
       -57.03465923334595,
       -25.60958984159707
      ],
      [
       -57.0346592854282,
       -25.609770448477118
      ],
      [
       -57.03426090289396,
       -25.609770542380808
      ],
      [
       -57.03426098012029,
       -25.61004145269364
      ],
      [
       -57.033962192544834,
       -25.610041522409826
      ],
      [
       -57.033962320135345,
       -25.610493039576976
      ],
      [
       -57.03376312766943,
       -25.61049308571611
      ],
      [
       -57.03376310230075,
       -25.610402782284734
      ],
      [
       -57.033265121508016,
       -25.610402896444704
      ],
      [
       -57.03326514650252,
       -25.610493199876547
      ],
      [
       -57.032966357800944,
       -25.610493267558592
      ],
      [
       -57.032966432111685,
       -25.61076417784825
      ],
      [
       -57.03286683565308,
       -25.610764200273497
      ],
      [
       -57.03286681095755,
       -25.610673896844634
      ],
      [
       -57.03276721457366,
       -25.610673919201943
      ],
      [
       -57.03276718995309,
       -25.61058361577188
      ],
      [
       -57.032667593643914,
       -25.610583638061247
      ],
      [
       -57.032667569098294,
       -25.61049333462997
      ],
      [
       -57.03256797286384,
       -25.610493356851393
      ],
      [
       -57.032567948393165,
       -25.61040305341892
      ],
      [
       -57.03236875607357,
       -25.610403097658033
      ],
      [
       -57.032368780394584,
       -25.610493401090686
      ],
      [
       -57.03246837662927,
       -25.610493379004964
      ],
      [
       -57.0324684254213,
       -25.610673985866743
      ],
      [
       -57.03256802180554,
       -25.610673963712998
      ],
      [
       -57.032568046276566,
       -25.61076426714213
      ],
      [
       -57.032667642735525,
       -25.61076424492044
      ],
      [
       -57.032667716373815,
       -25.611035155200867
      ],
      [
       -57.032866909740385,
       -25.611035110553388
      ],
      [
       -57.032866934436385,
       -25.61112541397779
      ],
      [
       -57.03296653119433,
       -25.611125391552175
      ],
      [
       -57.03296650642349,
       -25.611035088127867
      ],
      [
       -57.033066103106485,
       -25.611035065634496
      ],
      [
       -57.03306607826093,
       -25.61094476220916
      ],
      [
       -57.03316567486896,
       -25.610944739648026
      ],
      [
       -57.03316582439311,
       -25.611486560182744
      ],
      [
       -57.03306622733606,
       -25.611486582744423
      ],
      [
       -57.0330662024899,
       -25.611396279324676
      ],
      [
       -57.0328670085251,
       -25.61139632424429
      ],
      [
       -57.03286698382875,
       -25.611306020823235
      ],
      [
       -57.03266779001316,
       -25.611306065471254
      ],
      [
       -57.03266776546659,
       -25.611215762048904
      ],
      [
       -57.03256816863345,
       -25.61121578427105
      ],
      [
       -57.032568144161836,
       -25.61112548084749
      ],
      [
       -57.03236895064489,
       -25.61112552508803
      ],
      [
       -57.032368926323066,
       -25.611035221663187
      ],
      [
       -57.032269329639256,
       -25.611035243681588
      ],
      [
       -57.03226930539239,
       -25.610944940255536
      ],
      [
       -57.032169708783286,
       -25.610944962205995
      ],
      [
       -57.03216968461137,
       -25.610854658778738
      ],
      [
       -57.0318708950079,
       -25.610854724222737
      ],
      [
       -57.031870871060605,
       -25.610764420794098
      ],
      [
       -57.031671678140725,
       -25.610764464083992
      ],
      [
       -57.031671654343214,
       -25.61067416065407
      ],
      [
       -57.03157205795794,
       -25.61067418219715
      ],
      [
       -57.031572034235374,
       -25.610583878766025
      ],
      [
       -57.03137284161414,
       -25.61058392164846
      ],
      [
       -57.03137281804136,
       -25.61049361821604
      ],
      [
       -57.03117362556935,
       -25.610493660826894
      ],
      [
       -57.031173602146346,
       -25.610403357393192
      ],
      [
       -57.03107400598501,
       -25.610403378596754
      ],
      [
       -57.031073982636954,
       -25.610313075161855
      ],
      [
       -57.030874790463606,
       -25.610313117365255
      ],
      [
       -57.03087476726533,
       -25.610222813929063
      ],
      [
       -57.030675575241204,
       -25.610222855860894
      ],
      [
       -57.030675552192704,
       -25.610132552423426
      ],
      [
       -57.030575956255305,
       -25.61013257328748
      ],
      [
       -57.03057593328175,
       -25.610042269848808
      ],
      [
       -57.03037674155629,
       -25.610042311373196
      ],
      [
       -57.03037671873251,
       -25.60995200793324
      ],
      [
       -57.03017752715628,
       -25.60995204918606
      ],
      [
       -57.03017750448227,
       -25.60986174574483
      ],
      [
       -57.030077908768824,
       -25.609861766269383
      ],
      [
       -57.03007788616976,
       -25.60977146282695
      ],
      [
       -57.0298786948922,
       -25.609771503672345
      ],
      [
       -57.0298786724429,
       -25.60968120022863
      ],
      [
       -57.029679481314574,
       -25.609681240802455
      ],
      [
       -57.02967945901504,
       -25.609590937357464
      ],
      [
       -57.02957986352555,
       -25.60959095754253
      ],
      [
       -57.02957984130095,
       -25.609500654096337
      ],
      [
       -57.02938065047131,
       -25.60950069426275
      ],
      [
       -57.029380606321766,
       -25.6093200873667
      ],
      [
       -57.02948020158698,
       -25.609320067317583
      ],
      [
       -57.029480179437535,
       -25.609229763867962
      ],
      [
       -57.02957977462781,
       -25.609229743751072
      ],
      [
       -57.02957975240364,
       -25.609139440300428
      ],
      [
       -57.029679347518986,
       -25.60913942011577
      ],
      [
       -57.029679325220094,
       -25.609049116664085
      ],
      [
       -57.02987851530081,
       -25.609049076091395
      ],
      [
       -57.02987849285236,
       -25.60895877263875
      ],
      [
       -57.02997808781773,
       -25.608958752250725
      ],
      [
       -57.02997806529457,
       -25.60886844879706
      ],
      [
       -57.030077660185,
       -25.60886842834126
      ],
      [
       -57.03007763758712,
       -25.608778124886552
      ],
      [
       -57.030177232402615,
       -25.60877810436299
      ],
      [
       -57.03017720973002,
       -25.608687800907255
      ],
      [
       -57.03037639921103,
       -25.60868775965676
      ],
      [
       -57.03037637638889,
       -25.608597456200073
      ],
      [
       -57.03047597105439,
       -25.608597435473136
      ],
      [
       -57.03047594815754,
       -25.60850713201542
      ],
      [
       -57.03057554274812,
       -25.60850711122072
      ],
      [
       -57.03057551977654,
       -25.608416807761976
      ],
      [
       -57.03067511429218,
       -25.608416786899518
      ],
      [
       -57.03067509124589,
       -25.608326483439733
      ],
      [
       -57.03087428012719,
       -25.60832644151145
      ],
      [
       -57.03087425693136,
       -25.60823613805072
      ],
      [
       -57.03097385129702,
       -25.608236116984898
      ],
      [
       -57.030973828026475,
       -25.608145813523148
      ],
      [
       -57.03107342231719,
       -25.60814579238956
      ],
      [
       -57.031073398971934,
       -25.60805548892677
      ],
      [
       -57.031172993187724,
       -25.60805546772542
      ],
      [
       -57.03117296976775,
       -25.607965164261604
      ],
      [
       -57.03137215804934,
       -25.607965121655564
      ],
      [
       -57.03137213447983,
       -25.607874818190794
      ],
      [
       -57.03147172854563,
       -25.60787479678609
      ],
      [
       -57.03147170490141,
       -25.607784493320302
      ],
      [
       -57.03157129889228,
       -25.60778447184784
      ],
      [
       -57.031571275173356,
       -25.60769416838102
      ],
      [
       -57.03167086908928,
       -25.6076941468408
      ],
      [
       -57.03167084529564,
       -25.60760384337295
      ],
      [
       -57.031770439136636,
       -25.607603821764975
      ],
      [
       -57.03177041526829,
       -25.607513518296095
      ],
      [
       -57.03196960280028,
       -25.607513474876797
      ],
      [
       -57.031969578782416,
       -25.607423171406978
      ],
      [
       -57.03206917247341,
       -25.60742314959565
      ],
      [
       -57.03206914838083,
       -25.607332846124812
      ],
      [
       -57.03216874199689,
       -25.607332824245724
      ],
      [
       -57.032168717829606,
       -25.60724252077385
      ],
      [
       -57.032268311370736,
       -25.607242498827016
      ],
      [
       -57.032268287128744,
       -25.607152195354114
      ],
      [
       -57.032467474061015,
       -25.6071521512571
      ],
      [
       -57.0324674496695,
       -25.607061847783257
      ],
      [
       -57.03256704306063,
       -25.60706182563308
      ],
      [
       -57.03256701859441,
       -25.60697152215821
      ],
      [
       -57.032666611910614,
       -25.60697149994028
      ],
      [
       -57.03266658736969,
       -25.60688119646439
      ],
      [
       -57.03276618061095,
       -25.606881174178707
      ],
      [
       -57.032766155995326,
       -25.60679087070179
      ],
      [
       -57.03296534232786,
       -25.606790825927074
      ],
      [
       -57.03296531756271,
       -25.60670052244922
      ],
      [
       -57.033064910653984,
       -25.606700499960198
      ],
      [
       -57.03306488581414,
       -25.60661019648132
      ],
      [
       -57.03316447883047,
       -25.606610173924544
      ],
      [
       -57.03316445391593,
       -25.60651987044465
      ],
      [
       -57.03326404685732,
       -25.606519847820124
      ],
      [
       -57.03326402186808,
       -25.606429544339196
      ],
      [
       -57.03346320760087,
       -25.60642949888682
      ],
      [
       -57.03346318246211,
       -25.606339195404956
      ],
      [
       -57.0335627752535,
       -25.606339172577098
      ],
      [
       -57.03356275004005,
       -25.606248869094212
      ],
      [
       -57.03366234275651,
       -25.606248846198607
      ],
      [
       -57.033662317468355,
       -25.60615854271471
      ],
      [
       -57.033761910109874,
       -25.606158519751357
      ],
      [
       -57.03376188474704,
       -25.606068216266426
      ],
      [
       -57.03396106988007,
       -25.606068170136393
      ],
      [
       -57.033961044367715,
       -25.605977866650537
      ],
      [
       -57.03406063685924,
       -25.605977843483853
      ],
      [
       -57.03406061127218,
       -25.605887539996974
      ],
      [
       -57.03416020368877,
       -25.60588751676255
      ],
      [
       -57.03416017802703,
       -25.60579721327465
      ],
      [
       -57.03425977036867,
       -25.60579718997248
      ],
      [
       -57.03425974463224,
       -25.60570688648356
      ],
      [
       -57.034458929165524,
       -25.605706839675896
      ],
      [
       -57.03445890327958,
       -25.605616536186044
      ],
      [
       -57.034558495471224,
       -25.605616512680555
      ],
      [
       -57.03455846951059,
       -25.605526209189676
      ],
      [
       -57.0346580616273,
       -25.605526185616448
      ],
      [
       -57.03465808766275,
       -25.605616489107227
      ],
      [
       -57.03485727204541,
       -25.605616441757057
      ],
      [
       -57.03485721967538,
       -25.60543583477477
      ],
      [
       -57.034956811716896,
       -25.605435810998124
      ],
      [
       -57.03495678545726,
       -25.605345507505408
      ],
      [
       -57.035056377423835,
       -25.605345483661015
      ],
      [
       -57.03505632475531,
       -25.605164876672426
      ],
      [
       -57.03515591657213,
       -25.60516485276039
      ],
      [
       -57.03515589016324,
       -25.60507454926451
      ],
      [
       -57.03535507364689,
       -25.605074501237137
      ],
      [
       -57.0353551002054,
       -25.605164804732823
      ],
      [
       -57.03545469202184,
       -25.60516478061729
      ],
      [
       -57.03545477192258,
       -25.605435691097345
      ],
      [
       -57.035355179881705,
       -25.60543571521317
      ],
      [
       -57.03535523299987,
       -25.605616322194496
      ],
      [
       -57.035554417380766,
       -25.60561627389461
      ],
      [
       -57.03555444408967,
       -25.605706577383405
      ],
      [
       -57.03575362861969,
       -25.60570652881198
      ],
      [
       -57.03575365547835,
       -25.605796832299454
      ],
      [
       -57.035853247817975,
       -25.605796807911894
      ],
      [
       -57.03585327475159,
       -25.605887111398165
      ],
      [
       -57.0359528671659,
       -25.605887086942662
      ],
      [
       -57.035952840157485,
       -25.605796783456487
      ],
      [
       -57.03605243249685,
       -25.605796758933245
      ],
      [
       -57.03605245958009,
       -25.605887062419324
      ],
      [
       -57.036450829235534,
       -25.60588696364758
      ],
      [
       -57.036450911383824,
       -25.60615787409791
      ],
      [
       -57.036351318745716,
       -25.606157898892903
      ],
      [
       -57.03635134605393,
       -25.606248202374207
      ],
      [
       -57.03625175334086,
       -25.606248227101464
      ],
      [
       -57.03625178057438,
       -25.60633853058176
      ],
      [
       -57.03615218778638,
       -25.606338555241273
      ],
      [
       -57.03615216062767,
       -25.606248251760874
      ],
      [
       -57.036052567914346,
       -25.60624827635245
      ],
      [
       -57.03605259499824,
       -25.606338579832943
      ],
      [
       -57.03585340942157,
       -25.60633862881278
      ],
      [
       -57.03585338248731,
       -25.60624832533208
      ],
      [
       -57.03575378977361,
       -25.606248349720143
      ],
      [
       -57.03575384349261,
       -25.606428956680613
      ],
      [
       -57.03585343635595,
       -25.606428932292353
      ],
      [
       -57.035853463290465,
       -25.606519235770815
      ],
      [
       -57.03595305622849,
       -25.60651921131462
      ],
      [
       -57.035953029219165,
       -25.60642890783626
      ],
      [
       -57.03625180780804,
       -25.606428834060946
      ],
      [
       -57.03625186227574,
       -25.60660944101596
      ],
      [
       -57.03605267625068,
       -25.60660949026774
      ],
      [
       -57.03605273041963,
       -25.606790097218692
      ],
      [
       -57.03595313725726,
       -25.606790121743018
      ],
      [
       -57.03595319127709,
       -25.606970728689703
      ],
      [
       -57.0357540046527,
       -25.606970777535235
      ],
      [
       -57.035754031513164,
       -25.6070610810071
      ],
      [
       -57.03625199844726,
       -25.60706095838398
      ],
      [
       -57.0362519712127,
       -25.606970654912605
      ],
      [
       -57.03635156452431,
       -25.606970630184556
      ],
      [
       -57.03635150990593,
       -25.60679002323866
      ],
      [
       -57.03645110306776,
       -25.60678999844297
      ],
      [
       -57.03645107568395,
       -25.606699694968455
      ],
      [
       -57.03655066877084,
       -25.60669967010502
      ],
      [
       -57.036550641312346,
       -25.606609366629485
      ],
      [
       -57.03665023432428,
       -25.606609341698313
      ],
      [
       -57.036650206791094,
       -25.60651903822177
      ],
      [
       -57.036749799728085,
       -25.606519013222858
      ],
      [
       -57.03674977212021,
       -25.606428709745288
      ],
      [
       -57.036849364982245,
       -25.606428684678644
      ],
      [
       -57.03684933729969,
       -25.606338381200064
      ],
      [
       -57.03694893008677,
       -25.606338356065674
      ],
      [
       -57.036948902329534,
       -25.606248052586082
      ],
      [
       -57.037048495041674,
       -25.60624802738396
      ],
      [
       -57.03704846720974,
       -25.606157723903348
      ],
      [
       -57.037347245120905,
       -25.606157647890253
      ],
      [
       -57.037347132896734,
       -25.60579643395789
      ],
      [
       -57.03724754055908,
       -25.605796459363017
      ],
      [
       -57.03724751257818,
       -25.605706155877044
      ],
      [
       -57.03714792031521,
       -25.605706181214234
      ],
      [
       -57.037147892409266,
       -25.605615877727033
      ],
      [
       -57.03734707678545,
       -25.605615826985023
      ],
      [
       -57.037347020674716,
       -25.60543522000769
      ],
      [
       -57.03784498086468,
       -25.605435091966548
      ],
      [
       -57.037844924006336,
       -25.60525448498578
      ],
      [
       -57.03744655645315,
       -25.60525458755354
      ],
      [
       -57.03744652832343,
       -25.605164284061075
      ],
      [
       -57.03754612013712,
       -25.60516425852099
      ],
      [
       -57.03754609193273,
       -25.605073955027503
      ],
      [
       -57.037745275410074,
       -25.605073903744042
      ]
     ],
     [
      [
       -57.03515628630984,
       -25.606429101585512
      ],
      [
       -57.0350566934456,
       -25.60642912549889
      ],
      [
       -57.03505671978157,
       -25.60651942897813
      ],
      [
       -57.03515631272063,
       -25.606519405064653
      ],
      [
       -57.03515628630984,
       -25.606429101585512
      ]
     ],
     [
      [
       -57.0343603436294,
       -25.609228698351433
      ],
      [
       -57.034161153259745,
       -25.60922874503075
      ],
      [
       -57.03416117892617,
       -25.60931904847627
      ],
      [
       -57.03396198840636,
       -25.609319094884384
      ],
      [
       -57.03396203944025,
       -25.609499701772435
      ],
      [
       -57.03406163484987,
       -25.609499678602113
      ],
      [
       -57.03406160925804,
       -25.60940937515874
      ],
      [
       -57.03426079992725,
       -25.609409328614742
      ],
      [
       -57.034260825668746,
       -25.609499632057933
      ],
      [
       -57.03436042107799,
       -25.609499608684064
      ],
      [
       -57.03436039526167,
       -25.609409305240973
      ],
      [
       -57.03445999059598,
       -25.609409281799355
      ],
      [
       -57.03445996470494,
       -25.609318978355244
      ],
      [
       -57.03436036944547,
       -25.609319001796763
      ],
      [
       -57.0343603436294,
       -25.609228698351433
      ]
     ],
     [
      [
       -57.03386252035775,
       -25.6097706351989
      ],
      [
       -57.0337629247234,
       -25.6097706582338
      ],
      [
       -57.03376295009123,
       -25.60986096167299
      ],
      [
       -57.03386254580042,
       -25.609860938637997
      ],
      [
       -57.03386252035775,
       -25.6097706351989
      ]
     ],
     [
      [
       -57.03416133292725,
       -25.609860869125928
      ],
      [
       -57.03406173721843,
       -25.609860892364466
      ],
      [
       -57.03406176281087,
       -25.609951195802264
      ],
      [
       -57.034161358594524,
       -25.609951172563623
      ],
      [
       -57.03416133292725,
       -25.609860869125928
      ]
     ],
     [
      [
       -57.03246827904661,
       -25.610132165268013
      ],
      [
       -57.03236868311125,
       -25.610132187353372
      ],
      [
       -57.032368707431914,
       -25.610222490789372
      ],
      [
       -57.0324683034421,
       -25.610222468703924
      ],
      [
       -57.03246827904661,
       -25.610132165268013
      ]
     ],
     [
      [
       -57.03286671217661,
       -25.610312683118043
      ],
      [
       -57.032667520007394,
       -25.610312727764086
      ],
      [
       -57.03266754455279,
       -25.610403031197585
      ],
      [
       -57.03276714071228,
       -25.6104030089084
      ],
      [
       -57.03276716533263,
       -25.610493312340697
      ],
      [
       -57.032866761566844,
       -25.610493289983573
      ],
      [
       -57.03286671217661,
       -25.610312683118043
      ]
     ]
    ]
   }
  },
  {
   "type": "Feature",
   "properties": {
    "class_id": 4,
    "class_label": "dense (>0.85)",
    "source": "Sentinel-2 S2B_21JVM_20260512_0_L2A NDVI",
    "method": "digitize 4 bins [<0.30, 0.30-0.60, 0.60-0.85, >0.85]",
    "fetched": "2026-06-28",
    "verification": "pending photos",
    "layer": "canopy"
   },
   "geometry": {
    "type": "Polygon",
    "coordinates": [
     [
      [
       -57.03356403608029,
       -25.610854345298964
      ],
      [
       -57.0335641117395,
       -25.61112525557359
      ],
      [
       -57.03346451498228,
       -25.611125278406323
      ],
      [
       -57.03346459041806,
       -25.611396188671193
      ],
      [
       -57.0335641873998,
       -25.611396165838183
      ],
      [
       -57.03356423784061,
       -25.61157677267566
      ],
      [
       -57.03346464070919,
       -25.611576795508853
      ],
      [
       -57.03346461556357,
       -25.611486492090574
      ],
      [
       -57.033265421450054,
       -25.61148653755321
      ],
      [
       -57.03326537145851,
       -25.61130593071295
      ],
      [
       -57.03336496836565,
       -25.611305908015748
      ],
      [
       -57.03336484301473,
       -25.610854390896026
      ],
      [
       -57.03356403608029,
       -25.610854345298964
      ]
     ]
    ]
   }
  },
  {
   "type": "Feature",
   "properties": {
    "class_id": 3,
    "class_label": "mid (0.60\u20130.85)",
    "source": "Sentinel-2 S2B_21JVM_20260512_0_L2A NDVI",
    "method": "digitize 4 bins [<0.30, 0.30-0.60, 0.60-0.85, >0.85]",
    "fetched": "2026-06-28",
    "verification": "pending photos",
    "layer": "canopy"
   },
   "geometry": {
    "type": "Polygon",
    "coordinates": [
     [
      [
       -57.03515713151774,
       -25.609318812364812
      ],
      [
       -57.03515718434754,
       -25.609499419250596
      ],
      [
       -57.03505758893928,
       -25.60949944316725
      ],
      [
       -57.03505764161992,
       -25.609680050048762
      ],
      [
       -57.03495804606188,
       -25.60968007389776
      ],
      [
       -57.03495807232756,
       -25.609770377336936
      ],
      [
       -57.034858476694566,
       -25.60977040111818
      ],
      [
       -57.03485852907664,
       -25.609951007993377
      ],
      [
       -57.03475893329385,
       -25.609951031706963
      ],
      [
       -57.03475895941025,
       -25.610041335142984
      ],
      [
       -57.03465936355251,
       -25.61004135878882
      ],
      [
       -57.03465938959419,
       -25.610131662223825
      ],
      [
       -57.03455979366149,
       -25.610131685801896
      ],
      [
       -57.03455981962846,
       -25.610221989235875
      ],
      [
       -57.03446022362081,
       -25.6102220127462
      ],
      [
       -57.034460275405465,
       -25.610402619611005
      ],
      [
       -57.03436067924802,
       -25.610402643053664
      ],
      [
       -57.03436065343047,
       -25.61031233962172
      ],
      [
       -57.034161461264866,
       -25.610312386303296
      ],
      [
       -57.034161512600775,
       -25.610492993166435
      ],
      [
       -57.0342611088333,
       -25.610492969859386
      ],
      [
       -57.03426113457627,
       -25.610583273289194
      ],
      [
       -57.03436073088351,
       -25.610583249914196
      ],
      [
       -57.03436075670144,
       -25.61067355334278
      ],
      [
       -57.03416156393717,
       -25.61067360002511
      ],
      [
       -57.03416158960556,
       -25.610763903452778
      ],
      [
       -57.0340619931484,
       -25.610763926692258
      ],
      [
       -57.03406201874208,
       -25.610854230118896
      ],
      [
       -57.03396242220996,
       -25.610854253290615
      ],
      [
       -57.033962473248,
       -25.611034860140744
      ],
      [
       -57.03386287656609,
       -25.61103488324479
      ],
      [
       -57.03386292745495,
       -25.611215490090647
      ],
      [
       -57.033763330623245,
       -25.611215513127032
      ],
      [
       -57.03376340673294,
       -25.611486423387714
      ],
      [
       -57.0336638096766,
       -25.611486446356523
      ],
      [
       -57.033663860267325,
       -25.611667053191585
      ],
      [
       -57.03336506864856,
       -25.611667121691436
      ],
      [
       -57.03336504357765,
       -25.611576818274184
      ],
      [
       -57.03316584931422,
       -25.611576863601293
      ],
      [
       -57.03316567486896,
       -25.610944739648026
      ],
      [
       -57.03306607826093,
       -25.61094476220916
      ],
      [
       -57.033066103106485,
       -25.611035065634496
      ],
      [
       -57.03296650642349,
       -25.611035088127867
      ],
      [
       -57.03296653119433,
       -25.611125391552175
      ],
      [
       -57.032866934436385,
       -25.61112541397779
      ],
      [
       -57.032866909740385,
       -25.611035110553388
      ],
      [
       -57.032667716373815,
       -25.611035155200867
      ],
      [
       -57.032667642735525,
       -25.61076424492044
      ],
      [
       -57.032568046276566,
       -25.61076426714213
      ],
      [
       -57.03256802180554,
       -25.610673963712998
      ],
      [
       -57.0324684254213,
       -25.610673985866743
      ],
      [
       -57.03246837662927,
       -25.610493379004964
      ],
      [
       -57.032368780394584,
       -25.610493401090686
      ],
      [
       -57.03236875607357,
       -25.610403097658033
      ],
      [
       -57.032567948393165,
       -25.61040305341892
      ],
      [
       -57.03256797286384,
       -25.610493356851393
      ],
      [
       -57.032667569098294,
       -25.61049333462997
      ],
      [
       -57.032667593643914,
       -25.610583638061247
      ],
      [
       -57.03276718995309,
       -25.61058361577188
      ],
      [
       -57.03276721457366,
       -25.610673919201943
      ],
      [
       -57.03286681095755,
       -25.610673896844634
      ],
      [
       -57.03286683565308,
       -25.610764200273497
      ],
      [
       -57.032966432111685,
       -25.61076417784825
      ],
      [
       -57.032966357800944,
       -25.610493267558592
      ],
      [
       -57.033065954034925,
       -25.61049324506577
      ],
      [
       -57.03306602857017,
       -25.610764155355152
      ],
      [
       -57.03316562502853,
       -25.610764132794195
      ],
      [
       -57.033165649948685,
       -25.61085443622167
      ],
      [
       -57.03326524648177,
       -25.610854413592772
      ],
      [
       -57.03326522148678,
       -25.61076411016539
      ],
      [
       -57.03336481794491,
       -25.610764087468734
      ],
      [
       -57.033364767805615,
       -25.610583480610803
      ],
      [
       -57.033165575188576,
       -25.6105835259359
      ],
      [
       -57.03316555026879,
       -25.610493222505085
      ],
      [
       -57.03326514650252,
       -25.610493199876547
      ],
      [
       -57.033265121508016,
       -25.610402896444704
      ],
      [
       -57.03376310230075,
       -25.610402782284734
      ],
      [
       -57.03376312766943,
       -25.61049308571611
      ],
      [
       -57.033962320135345,
       -25.610493039576976
      ],
      [
       -57.033962192544834,
       -25.610041522409826
      ],
      [
       -57.03426098012029,
       -25.61004145269364
      ],
      [
       -57.03426090289396,
       -25.609770542380808
      ],
      [
       -57.0346592854282,
       -25.609770448477118
      ],
      [
       -57.03465923334595,
       -25.60958984159707
      ],
      [
       -57.034858424313,
       -25.60958979423852
      ],
      [
       -57.034858371931925,
       -25.60940918735439
      ],
      [
       -57.0349579672656,
       -25.609409163573535
      ],
      [
       -57.03495794100043,
       -25.609318860129893
      ],
      [
       -57.03515713151774,
       -25.609318812364812
      ]
     ],
     [
      [
       -57.034161512600775,
       -25.610492993166435
      ],
      [
       -57.034061916368124,
       -25.610493016405634
      ],
      [
       -57.034061941961426,
       -25.61058331983562
      ],
      [
       -57.03416153826891,
       -25.61058329659633
      ],
      [
       -57.034161512600775,
       -25.610492993166435
      ]
     ],
     [
      [
       -57.03376315303824,
       -25.610583389146388
      ],
      [
       -57.03366355673026,
       -25.610583412114266
      ],
      [
       -57.03366358202435,
       -25.610673715543506
      ],
      [
       -57.033763178407156,
       -25.61067369257553
      ],
      [
       -57.03376315303824,
       -25.610583389146388
      ]
     ],
     [
      [
       -57.03356403608029,
       -25.610854345298964
      ],
      [
       -57.03336484301473,
       -25.610854390896026
      ],
      [
       -57.03336496836565,
       -25.611305908015748
      ],
      [
       -57.03326537145851,
       -25.61130593071295
      ],
      [
       -57.033265421450054,
       -25.61148653755321
      ],
      [
       -57.03346461556357,
       -25.611486492090574
      ],
      [
       -57.03346464070919,
       -25.611576795508853
      ],
      [
       -57.03356423784061,
       -25.61157677267566
      ],
      [
       -57.0335641873998,
       -25.611396165838183
      ],
      [
       -57.03346459041806,
       -25.611396188671193
      ],
      [
       -57.03346451498228,
       -25.611125278406323
      ],
      [
       -57.0335641117395,
       -25.61112525557359
      ],
      [
       -57.03356403608029,
       -25.610854345298964
      ]
     ]
    ]
   }
  },
  {
   "type": "Feature",
   "properties": {
    "source": "flow_accum_cop30",
    "method": "D8 fill_pits + flow_accum, threshold=30 cells (~2.7 ha catchment)",
    "vertex_count": 2,
    "fetched": "2026-06-28",
    "verification": "pending photos",
    "class": "tributary",
    "degree": 2,
    "layer": "stream"
   },
   "geometry": {
    "type": "LineString",
    "coordinates": [
     [
      -57.038888899999996,
      -25.604999988888892
     ],
     [
      -57.03861112222222,
      -25.60527776666667
     ]
    ]
   }
  },
  {
   "type": "Feature",
   "properties": {
    "source": "flow_accum_cop30",
    "method": "D8 fill_pits + flow_accum, threshold=30 cells (~2.7 ha catchment)",
    "vertex_count": 11,
    "fetched": "2026-06-28",
    "verification": "pending photos",
    "class": "tributary",
    "degree": 2,
    "layer": "stream"
   },
   "geometry": {
    "type": "LineString",
    "coordinates": [
     [
      -57.03583334444444,
      -25.604722211111113
     ],
     [
      -57.03611112222222,
      -25.604999988888892
     ],
     [
      -57.0363889,
      -25.60527776666667
     ],
     [
      -57.036666677777774,
      -25.605555544444446
     ],
     [
      -57.036944455555556,
      -25.605833322222225
     ],
     [
      -57.03722223333333,
      -25.606111100000003
     ],
     [
      -57.037500011111106,
      -25.606388877777782
     ],
     [
      -57.03722223333333,
      -25.606666655555557
     ],
     [
      -57.036944455555556,
      -25.606944433333336
     ],
     [
      -57.036666677777774,
      -25.607222211111115
     ],
     [
      -57.0363889,
      -25.607499988888893
     ]
    ]
   }
  },
  {
   "type": "Feature",
   "properties": {
    "source": "flow_accum_cop30",
    "method": "D8 fill_pits + flow_accum, threshold=30 cells (~2.7 ha catchment)",
    "vertex_count": 21,
    "fetched": "2026-06-28",
    "verification": "pending photos",
    "class": "tributary",
    "degree": 2,
    "layer": "stream"
   },
   "geometry": {
    "type": "LineString",
    "coordinates": [
     [
      -57.03305556666666,
      -25.604722211111113
     ],
     [
      -57.03305556666666,
      -25.604999988888892
     ],
     [
      -57.03333334444444,
      -25.60527776666667
     ],
     [
      -57.03361112222222,
      -25.605555544444446
     ],
     [
      -57.03361112222222,
      -25.605833322222225
     ],
     [
      -57.03361112222222,
      -25.606111100000003
     ],
     [
      -57.03361112222222,
      -25.606388877777782
     ],
     [
      -57.03361112222222,
      -25.606666655555557
     ],
     [
      -57.03361112222222,
      -25.606944433333336
     ],
     [
      -57.03333334444444,
      -25.607222211111115
     ],
     [
      -57.03305556666666,
      -25.607499988888893
     ],
     [
      -57.03305556666666,
      -25.60777776666667
     ],
     [
      -57.03305556666666,
      -25.608055544444447
     ],
     [
      -57.03305556666666,
      -25.608333322222226
     ],
     [
      -57.03305556666666,
      -25.608611100000005
     ],
     [
      -57.03305556666666,
      -25.60888887777778
     ],
     [
      -57.03305556666666,
      -25.60916665555556
     ],
     [
      -57.03305556666666,
      -25.609444433333337
     ],
     [
      -57.032777788888886,
      -25.609722211111112
     ],
     [
      -57.03250001111111,
      -25.60999998888889
     ],
     [
      -57.03250001111111,
      -25.61027776666667
     ]
    ]
   }
  },
  {
   "type": "Feature",
   "properties": {
    "source": "flow_accum_cop30",
    "method": "D8 fill_pits + flow_accum, threshold=30 cells (~2.7 ha catchment)",
    "vertex_count": 2,
    "fetched": "2026-06-28",
    "verification": "pending photos",
    "class": "tributary",
    "degree": 2,
    "layer": "stream"
   },
   "geometry": {
    "type": "LineString",
    "coordinates": [
     [
      -57.03833334444444,
      -25.604722211111113
     ],
     [
      -57.03861112222222,
      -25.604999988888892
     ]
    ]
   }
  },
  {
   "type": "Feature",
   "properties": {
    "source": "flow_accum_cop30",
    "method": "D8 fill_pits + flow_accum, threshold=30 cells (~2.7 ha catchment)",
    "vertex_count": 26,
    "fetched": "2026-06-28",
    "verification": "pending photos",
    "class": "tributary",
    "degree": 2,
    "layer": "stream"
   },
   "geometry": {
    "type": "LineString",
    "coordinates": [
     [
      -57.0288889,
      -25.604999988888892
     ],
     [
      -57.0288889,
      -25.60527776666667
     ],
     [
      -57.02916667777777,
      -25.605555544444446
     ],
     [
      -57.029444455555556,
      -25.605833322222225
     ],
     [
      -57.029444455555556,
      -25.606111100000003
     ],
     [
      -57.029444455555556,
      -25.606388877777782
     ],
     [
      -57.029444455555556,
      -25.606666655555557
     ],
     [
      -57.02972223333333,
      -25.606944433333336
     ],
     [
      -57.02972223333333,
      -25.607222211111115
     ],
     [
      -57.02972223333333,
      -25.607499988888893
     ],
     [
      -57.030000011111106,
      -25.60777776666667
     ],
     [
      -57.030000011111106,
      -25.608055544444447
     ],
     [
      -57.03027778888889,
      -25.608333322222226
     ],
     [
      -57.03027778888889,
      -25.608611100000005
     ],
     [
      -57.03055556666666,
      -25.60888887777778
     ],
     [
      -57.03055556666666,
      -25.60916665555556
     ],
     [
      -57.03055556666666,
      -25.609444433333337
     ],
     [
      -57.030833344444446,
      -25.609722211111112
     ],
     [
      -57.030833344444446,
      -25.60999998888889
     ],
     [
      -57.03111112222222,
      -25.61027776666667
     ],
     [
      -57.03111112222222,
      -25.61055554444445
     ],
     [
      -57.03111112222222,
      -25.610833322222224
     ],
     [
      -57.03111112222222,
      -25.611111100000002
     ],
     [
      -57.031388899999996,
      -25.61138887777778
     ],
     [
      -57.031388899999996,
      -25.61166665555556
     ],
     [
      -57.03111112222222,
      -25.61166665555556
     ]
    ]
   }
  },
  {
   "type": "Feature",
   "properties": {
    "source": "flow_accum_cop30",
    "method": "D8 fill_pits + flow_accum, threshold=30 cells (~2.7 ha catchment)",
    "vertex_count": 19,
    "fetched": "2026-06-28",
    "verification": "pending photos",
    "class": "tributary",
    "degree": 2,
    "layer": "stream"
   },
   "geometry": {
    "type": "LineString",
    "coordinates": [
     [
      -57.03500001111111,
      -25.604722211111113
     ],
     [
      -57.03500001111111,
      -25.604999988888892
     ],
     [
      -57.03472223333333,
      -25.60527776666667
     ],
     [
      -57.03472223333333,
      -25.605555544444446
     ],
     [
      -57.03472223333333,
      -25.605833322222225
     ],
     [
      -57.03444445555555,
      -25.606111100000003
     ],
     [
      -57.03444445555555,
      -25.606388877777782
     ],
     [
      -57.03472223333333,
      -25.606666655555557
     ],
     [
      -57.03472223333333,
      -25.606944433333336
     ],
     [
      -57.03500001111111,
      -25.607222211111115
     ],
     [
      -57.03500001111111,
      -25.607499988888893
     ],
     [
      -57.035277788888884,
      -25.60777776666667
     ],
     [
      -57.035277788888884,
      -25.608055544444447
     ],
     [
      -57.03500001111111,
      -25.608333322222226
     ],
     [
      -57.03472223333333,
      -25.608611100000005
     ],
     [
      -57.03444445555555,
      -25.608611100000005
     ],
     [
      -57.034166677777776,
      -25.60888887777778
     ],
     [
      -57.034166677777776,
      -25.60916665555556
     ],
     [
      -57.0338889,
      -25.609444433333337
     ]
    ]
   }
  },
  {
   "type": "Feature",
   "properties": {
    "source": "flow_accum_cop30",
    "method": "D8 fill_pits + flow_accum, threshold=30 cells (~2.7 ha catchment)",
    "vertex_count": 13,
    "fetched": "2026-06-28",
    "verification": "pending photos",
    "class": "tributary",
    "degree": 2,
    "layer": "stream"
   },
   "geometry": {
    "type": "LineString",
    "coordinates": [
     [
      -57.0288889,
      -25.608055544444447
     ],
     [
      -57.02916667777777,
      -25.608333322222226
     ],
     [
      -57.02916667777777,
      -25.608611100000005
     ],
     [
      -57.029444455555556,
      -25.60888887777778
     ],
     [
      -57.029444455555556,
      -25.60916665555556
     ],
     [
      -57.029444455555556,
      -25.609444433333337
     ],
     [
      -57.02972223333333,
      -25.609722211111112
     ],
     [
      -57.030000011111106,
      -25.60999998888889
     ],
     [
      -57.030000011111106,
      -25.61027776666667
     ],
     [
      -57.03027778888889,
      -25.61055554444445
     ],
     [
      -57.03027778888889,
      -25.610833322222224
     ],
     [
      -57.03055556666666,
      -25.611111100000002
     ],
     [
      -57.030833344444446,
      -25.61138887777778
     ]
    ]
   }
  },
  {
   "type": "Feature",
   "properties": {
    "source": "flow_accum_cop30",
    "method": "D8 fill_pits + flow_accum, threshold=30 cells (~2.7 ha catchment)",
    "vertex_count": 13,
    "fetched": "2026-06-28",
    "verification": "pending photos",
    "class": "tributary",
    "degree": 2,
    "layer": "stream"
   },
   "geometry": {
    "type": "LineString",
    "coordinates": [
     [
      -57.030833344444446,
      -25.604722211111113
     ],
     [
      -57.03111112222222,
      -25.604999988888892
     ],
     [
      -57.03111112222222,
      -25.60527776666667
     ],
     [
      -57.03111112222222,
      -25.605555544444446
     ],
     [
      -57.03111112222222,
      -25.605833322222225
     ],
     [
      -57.03111112222222,
      -25.606111100000003
     ],
     [
      -57.031388899999996,
      -25.606388877777782
     ],
     [
      -57.03166667777778,
      -25.606666655555557
     ],
     [
      -57.03194445555555,
      -25.606666655555557
     ],
     [
      -57.03222223333333,
      -25.606944433333336
     ],
     [
      -57.03250001111111,
      -25.607222211111115
     ],
     [
      -57.032777788888886,
      -25.607499988888893
     ],
     [
      -57.032777788888886,
      -25.60777776666667
     ]
    ]
   }
  },
  {
   "type": "Feature",
   "properties": {
    "source": "flow_accum_cop30",
    "method": "D8 fill_pits + flow_accum, threshold=30 cells (~2.7 ha catchment)",
    "vertex_count": 3,
    "fetched": "2026-06-28",
    "verification": "pending photos",
    "class": "tributary",
    "degree": 2,
    "layer": "stream"
   },
   "geometry": {
    "type": "LineString",
    "coordinates": [
     [
      -57.0288889,
      -25.606388877777782
     ],
     [
      -57.02916667777777,
      -25.606666655555557
     ],
     [
      -57.029444455555556,
      -25.606944433333336
     ]
    ]
   }
  },
  {
   "type": "Feature",
   "properties": {
    "source": "flow_accum_cop30",
    "method": "D8 fill_pits + flow_accum, threshold=30 cells (~2.7 ha catchment)",
    "vertex_count": 3,
    "fetched": "2026-06-28",
    "verification": "pending photos",
    "class": "tributary",
    "degree": 2,
    "layer": "stream"
   },
   "geometry": {
    "type": "LineString",
    "coordinates": [
     [
      -57.036944455555556,
      -25.605555544444446
     ],
     [
      -57.03722223333333,
      -25.605833322222225
     ],
     [
      -57.037500011111106,
      -25.606111100000003
     ]
    ]
   }
  },
  {
   "type": "Feature",
   "properties": {
    "source": "flow_accum_cop30",
    "method": "D8 fill_pits + flow_accum, threshold=30 cells (~2.7 ha catchment)",
    "vertex_count": 5,
    "fetched": "2026-06-28",
    "verification": "pending photos",
    "class": "tributary",
    "degree": 2,
    "layer": "stream"
   },
   "geometry": {
    "type": "LineString",
    "coordinates": [
     [
      -57.03222223333333,
      -25.606111100000003
     ],
     [
      -57.03250001111111,
      -25.606388877777782
     ],
     [
      -57.032777788888886,
      -25.606666655555557
     ],
     [
      -57.03305556666666,
      -25.606944433333336
     ],
     [
      -57.03305556666666,
      -25.607222211111115
     ]
    ]
   }
  },
  {
   "type": "Feature",
   "properties": {
    "source": "flow_accum_cop30",
    "method": "D8 fill_pits + flow_accum, threshold=30 cells (~2.7 ha catchment)",
    "vertex_count": 8,
    "fetched": "2026-06-28",
    "verification": "pending photos",
    "class": "tributary",
    "degree": 2,
    "layer": "stream"
   },
   "geometry": {
    "type": "LineString",
    "coordinates": [
     [
      -57.0288889,
      -25.61027776666667
     ],
     [
      -57.02916667777777,
      -25.61055554444445
     ],
     [
      -57.029444455555556,
      -25.610833322222224
     ],
     [
      -57.02972223333333,
      -25.611111100000002
     ],
     [
      -57.030000011111106,
      -25.61138887777778
     ],
     [
      -57.03027778888889,
      -25.61166665555556
     ],
     [
      -57.03055556666666,
      -25.611944433333335
     ],
     [
      -57.030833344444446,
      -25.611944433333335
     ]
    ]
   }
  },
  {
   "type": "Feature",
   "properties": {
    "source": "flow_accum_cop30",
    "method": "D8 fill_pits + flow_accum, threshold=30 cells (~2.7 ha catchment)",
    "vertex_count": 27,
    "fetched": "2026-06-28",
    "verification": "pending photos",
    "class": "tributary",
    "degree": 2,
    "layer": "stream"
   },
   "geometry": {
    "type": "LineString",
    "coordinates": [
     [
      -57.038888899999996,
      -25.609444433333337
     ],
     [
      -57.03861112222222,
      -25.609444433333337
     ],
     [
      -57.03833334444444,
      -25.609444433333337
     ],
     [
      -57.038055566666664,
      -25.609444433333337
     ],
     [
      -57.03777778888889,
      -25.609444433333337
     ],
     [
      -57.037500011111106,
      -25.609444433333337
     ],
     [
      -57.03722223333333,
      -25.60916665555556
     ],
     [
      -57.036944455555556,
      -25.60916665555556
     ],
     [
      -57.036666677777774,
      -25.60916665555556
     ],
     [
      -57.0363889,
      -25.609444433333337
     ],
     [
      -57.03611112222222,
      -25.609722211111112
     ],
     [
      -57.03583334444444,
      -25.60999998888889
     ],
     [
      -57.035555566666666,
      -25.61027776666667
     ],
     [
      -57.035277788888884,
      -25.61055554444445
     ],
     [
      -57.03500001111111,
      -25.610833322222224
     ],
     [
      -57.03472223333333,
      -25.61055554444445
     ],
     [
      -57.03444445555555,
      -25.61027776666667
     ],
     [
      -57.034166677777776,
      -25.61027776666667
     ],
     [
      -57.0338889,
      -25.61055554444445
     ],
     [
      -57.03361112222222,
      -25.610833322222224
     ],
     [
      -57.03333334444444,
      -25.610833322222224
     ],
     [
      -57.03305556666666,
      -25.610833322222224
     ],
     [
      -57.03305556666666,
      -25.611111100000002
     ],
     [
      -57.03305556666666,
      -25.61138887777778
     ],
     [
      -57.03333334444444,
      -25.61166665555556
     ],
     [
      -57.03333334444444,
      -25.611944433333335
     ],
     [
      -57.03333334444444,
      -25.612222211111114
     ]
    ]
   }
  },
  {
   "type": "Feature",
   "properties": {
    "source": "flow_accum_cop30",
    "method": "D8 fill_pits + flow_accum, threshold=30 cells (~2.7 ha catchment)",
    "vertex_count": 2,
    "fetched": "2026-06-28",
    "verification": "pending photos",
    "class": "tributary",
    "degree": 2,
    "layer": "stream"
   },
   "geometry": {
    "type": "LineString",
    "coordinates": [
     [
      -57.03222223333333,
      -25.609722211111112
     ],
     [
      -57.03222223333333,
      -25.60999998888889
     ]
    ]
   }
  },
  {
   "type": "Feature",
   "properties": {
    "source": "flow_accum_cop30",
    "method": "D8 fill_pits + flow_accum, threshold=30 cells (~2.7 ha catchment)",
    "vertex_count": 3,
    "fetched": "2026-06-28",
    "verification": "pending photos",
    "class": "tributary",
    "degree": 2,
    "layer": "stream"
   },
   "geometry": {
    "type": "LineString",
    "coordinates": [
     [
      -57.03194445555555,
      -25.61166665555556
     ],
     [
      -57.03194445555555,
      -25.611944433333335
     ],
     [
      -57.03194445555555,
      -25.612222211111114
     ]
    ]
   }
  },
  {
   "type": "Feature",
   "properties": {
    "name": "escobar property",
    "vertex_count": 8,
    "area_ha_projected_utm21s": 30.915,
    "centroid_lon": -57.035502,
    "centroid_lat": -25.607336,
    "bbox_min_lon": -57.03844,
    "bbox_min_lat": -25.61172,
    "bbox_max_lon": -57.02929,
    "bbox_max_lat": -25.60506,
    "layer": "property"
   },
   "geometry": {
    "type": "Polygon",
    "coordinates": [
     [
      [
       -57.03637021853214,
       -25.60575193424224
      ],
      [
       -57.03766177687186,
       -25.60507992566541
      ],
      [
       -57.0384413425057,
       -25.60542966650984
      ],
      [
       -57.0378125949861,
       -25.60748932019079
      ],
      [
       -57.03562604243069,
       -25.60874729114579
      ],
      [
       -57.03356778815589,
       -25.61172442024565
      ],
      [
       -57.02928817334298,
       -25.60940767642553
      ],
      [
       -57.03524517073321,
       -25.60505513824413
      ],
      [
       -57.03637021853214,
       -25.60575193424224
      ]
     ]
    ]
   }
  },
  {
   "type": "Feature",
   "properties": {
    "name": "escobar wes",
    "kind": "interior_reference_pin",
    "elev_m_amsl": 166.336,
    "layer": "property"
   },
   "geometry": {
    "type": "Point",
    "coordinates": [
     -57.03365675409436,
     -25.61138883666841,
     166.3359794125154
    ]
   }
  },
  {
   "type": "Feature",
   "properties": {
    "bounds": {
     "minlat": -25.6168525,
     "minlon": -57.0363551,
     "maxlat": -25.6167182,
     "maxlon": -57.0361914
    },
    "tags": {
     "building": "house"
    },
    "layer": "building"
   },
   "geometry": {
    "type": "LineString",
    "coordinates": [
     [
      -57.0363041,
      -25.6167182
     ],
     [
      -57.0361914,
      -25.6167847
     ],
     [
      -57.0362263,
      -25.6168525
     ],
     [
      -57.0363551,
      -25.6167847
     ],
     [
      -57.0363041,
      -25.6167182
     ]
    ]
   }
  },
  {
   "type": "Feature",
   "properties": {
    "bounds": {
     "minlat": -25.6166989,
     "minlon": -57.0367346,
     "maxlat": -25.616486,
     "maxlon": -57.0365951
    },
    "tags": {
     "building": "house"
    },
    "layer": "building"
   },
   "geometry": {
    "type": "LineString",
    "coordinates": [
     [
      -57.0365951,
      -25.6166759
     ],
     [
      -57.0366179,
      -25.616613
     ],
     [
      -57.0366018,
      -25.616607
     ],
     [
      -57.0366219,
      -25.6165453
     ],
     [
      -57.0366541,
      -25.616486
     ],
     [
      -57.0367346,
      -25.6165102
     ],
     [
      -57.0366863,
      -25.6165755
     ],
     [
      -57.0366689,
      -25.6166336
     ],
     [
      -57.036689,
      -25.6166384
     ],
     [
      -57.0366729,
      -25.6166989
     ],
     [
      -57.0365951,
      -25.6166759
     ]
    ]
   }
  },
  {
   "type": "Feature",
   "properties": {
    "bounds": {
     "minlat": -25.6173003,
     "minlon": -57.0370112,
     "maxlat": -25.6171552,
     "maxlon": -57.0368409
    },
    "tags": {
     "building": "house"
    },
    "layer": "building"
   },
   "geometry": {
    "type": "LineString",
    "coordinates": [
     [
      -57.0369455,
      -25.6171552
     ],
     [
      -57.0368409,
      -25.6172157
     ],
     [
      -57.0369025,
      -25.6173003
     ],
     [
      -57.0370112,
      -25.6172399
     ],
     [
      -57.0369455,
      -25.6171552
     ]
    ]
   }
  },
  {
   "type": "Feature",
   "properties": {
    "bounds": {
     "minlat": -25.6170736,
     "minlon": -57.0390176,
     "maxlat": -25.6169781,
     "maxlon": -57.038917
    },
    "tags": {
     "building": "house"
    },
    "layer": "building"
   },
   "geometry": {
    "type": "LineString",
    "coordinates": [
     [
      -57.0390015,
      -25.6169781
     ],
     [
      -57.038917,
      -25.6169938
     ],
     [
      -57.0389358,
      -25.6170736
     ],
     [
      -57.0390176,
      -25.6170531
     ],
     [
      -57.0390015,
      -25.6169781
     ]
    ]
   }
  },
  {
   "type": "Feature",
   "properties": {
    "bounds": {
     "minlat": -25.6125016,
     "minlon": -57.0363577,
     "maxlat": -25.6123821,
     "maxlon": -57.0362376
    },
    "tags": {
     "building": "house"
    },
    "layer": "building"
   },
   "geometry": {
    "type": "LineString",
    "coordinates": [
     [
      -57.0362853,
      -25.6123821
     ],
     [
      -57.0362376,
      -25.6124155
     ],
     [
      -57.0362946,
      -25.6125016
     ],
     [
      -57.0363577,
      -25.6124655
     ],
     [
      -57.0362853,
      -25.6123821
     ]
    ]
   }
  },
  {
   "type": "Feature",
   "properties": {
    "bounds": {
     "minlat": -25.6130648,
     "minlon": -57.0332943,
     "maxlat": -25.6130043,
     "maxlon": -57.0332252
    },
    "tags": {
     "building": "house"
    },
    "layer": "building"
   },
   "geometry": {
    "type": "LineString",
    "coordinates": [
     [
      -57.0332943,
      -25.6130272
     ],
     [
      -57.0332496,
      -25.6130043
     ],
     [
      -57.0332252,
      -25.6130446
     ],
     [
      -57.0332638,
      -25.6130648
     ],
     [
      -57.0332943,
      -25.6130272
     ]
    ]
   }
  },
  {
   "type": "Feature",
   "properties": {
    "bounds": {
     "minlat": -25.6129182,
     "minlon": -57.0334996,
     "maxlat": -25.6128568,
     "maxlon": -57.0333522
    },
    "tags": {
     "building": "house"
    },
    "layer": "building"
   },
   "geometry": {
    "type": "LineString",
    "coordinates": [
     [
      -57.0334965,
      -25.6128568
     ],
     [
      -57.0333522,
      -25.6128678
     ],
     [
      -57.0333543,
      -25.6129182
     ],
     [
      -57.0334996,
      -25.6129053
     ],
     [
      -57.0334965,
      -25.6128568
     ]
    ]
   }
  },
  {
   "type": "Feature",
   "properties": {
    "bounds": {
     "minlat": -25.6113152,
     "minlon": -57.0356419,
     "maxlat": -25.6112483,
     "maxlon": -57.0355725
    },
    "tags": {
     "building": "house"
    },
    "layer": "building"
   },
   "geometry": {
    "type": "LineString",
    "coordinates": [
     [
      -57.035611,
      -25.6112483
     ],
     [
      -57.0355906,
      -25.6112578
     ],
     [
      -57.035597,
      -25.6112731
     ],
     [
      -57.0355725,
      -25.6112868
     ],
     [
      -57.0356017,
      -25.6113152
     ],
     [
      -57.0356419,
      -25.6112894
     ],
     [
      -57.035611,
      -25.6112483
     ]
    ]
   }
  },
  {
   "type": "Feature",
   "properties": {
    "bounds": {
     "minlat": -25.6112847,
     "minlon": -57.0356974,
     "maxlat": -25.611211,
     "maxlon": -57.0356145
    },
    "tags": {
     "building": "house"
    },
    "layer": "building"
   },
   "geometry": {
    "type": "LineString",
    "coordinates": [
     [
      -57.0356647,
      -25.611211
     ],
     [
      -57.0356145,
      -25.6112415
     ],
     [
      -57.0356478,
      -25.6112847
     ],
     [
      -57.0356974,
      -25.6112536
     ],
     [
      -57.0356647,
      -25.611211
     ]
    ]
   }
  },
  {
   "type": "Feature",
   "properties": {
    "bounds": {
     "minlat": -25.6092821,
     "minlon": -57.035515,
     "maxlat": -25.609224,
     "maxlon": -57.035444
    },
    "tags": {
     "building": "house"
    },
    "layer": "building"
   },
   "geometry": {
    "type": "LineString",
    "coordinates": [
     [
      -57.035515,
      -25.6092506
     ],
     [
      -57.0354829,
      -25.609224
     ],
     [
      -57.035444,
      -25.609247
     ],
     [
      -57.0354802,
      -25.6092821
     ],
     [
      -57.035515,
      -25.6092506
     ]
    ]
   }
  },
  {
   "type": "Feature",
   "properties": {
    "bounds": {
     "minlat": -25.6092652,
     "minlon": -57.035389,
     "maxlat": -25.6091599,
     "maxlon": -57.035283
    },
    "tags": {
     "building": "house"
    },
    "layer": "building"
   },
   "geometry": {
    "type": "LineString",
    "coordinates": [
     [
      -57.035389,
      -25.6092325
     ],
     [
      -57.0353286,
      -25.6091599
     ],
     [
      -57.035283,
      -25.6091914
     ],
     [
      -57.035338,
      -25.6092652
     ],
     [
      -57.035389,
      -25.6092325
     ]
    ]
   }
  },
  {
   "type": "Feature",
   "properties": {
    "bounds": {
     "minlat": -25.6100013,
     "minlon": -57.0353464,
     "maxlat": -25.6099033,
     "maxlon": -57.0352566
    },
    "tags": {
     "building": "house"
    },
    "layer": "building"
   },
   "geometry": {
    "type": "LineString",
    "coordinates": [
     [
      -57.0352566,
      -25.6099384
     ],
     [
      -57.0352955,
      -25.6100013
     ],
     [
      -57.0353464,
      -25.6099674
     ],
     [
      -57.0353008,
      -25.6099033
     ],
     [
      -57.0352566,
      -25.6099384
     ]
    ]
   }
  },
  {
   "type": "Feature",
   "properties": {
    "bounds": {
     "minlat": -25.6111482,
     "minlon": -57.0455449,
     "maxlat": -25.611041,
     "maxlon": -57.0454077
    },
    "tags": {
     "building": "yes"
    },
    "layer": "building"
   },
   "geometry": {
    "type": "LineString",
    "coordinates": [
     [
      -57.0455144,
      -25.611041
     ],
     [
      -57.0454077,
      -25.6110795
     ],
     [
      -57.0454382,
      -25.6111482
     ],
     [
      -57.0455449,
      -25.6111097
     ],
     [
      -57.0455144,
      -25.611041
     ]
    ]
   }
  },
  {
   "type": "Feature",
   "properties": {
    "bounds": {
     "minlat": -25.6114603,
     "minlon": -57.0454919,
     "maxlat": -25.6113872,
     "maxlon": -57.0453885
    },
    "tags": {
     "building": "yes"
    },
    "layer": "building"
   },
   "geometry": {
    "type": "LineString",
    "coordinates": [
     [
      -57.0454737,
      -25.6113872
     ],
     [
      -57.0453885,
      -25.6114149
     ],
     [
      -57.0454066,
      -25.6114603
     ],
     [
      -57.0454919,
      -25.6114325
     ],
     [
      -57.0454737,
      -25.6113872
     ]
    ]
   }
  },
  {
   "type": "Feature",
   "properties": {
    "bounds": {
     "minlat": -25.6109158,
     "minlon": -57.0332694,
     "maxlat": -25.6107922,
     "maxlon": -57.0331179
    },
    "tags": {
     "building": "house"
    },
    "layer": "building"
   },
   "geometry": {
    "type": "LineString",
    "coordinates": [
     [
      -57.0332437,
      -25.6107922
     ],
     [
      -57.0331179,
      -25.6108194
     ],
     [
      -57.0331436,
      -25.6109158
     ],
     [
      -57.0332694,
      -25.6108886
     ],
     [
      -57.0332437,
      -25.6107922
     ]
    ]
   }
  },
  {
   "type": "Feature",
   "properties": {
    "bounds": {
     "minlat": -25.6107365,
     "minlon": -57.0332256,
     "maxlat": -25.6106087,
     "maxlon": -57.0331275
    },
    "tags": {
     "building": "house"
    },
    "layer": "building"
   },
   "geometry": {
    "type": "LineString",
    "coordinates": [
     [
      -57.0331967,
      -25.6106087
     ],
     [
      -57.0331275,
      -25.610623
     ],
     [
      -57.0331564,
      -25.6107365
     ],
     [
      -57.0332256,
      -25.6107222
     ],
     [
      -57.0331967,
      -25.6106087
     ]
    ]
   }
  },
  {
   "type": "Feature",
   "properties": {
    "bounds": {
     "minlat": -25.5998627,
     "minlon": -57.0305549,
     "maxlat": -25.5997794,
     "maxlon": -57.0304592
    },
    "tags": {
     "building": "house"
    },
    "layer": "building"
   },
   "geometry": {
    "type": "LineString",
    "coordinates": [
     [
      -57.0305224,
      -25.5997794
     ],
     [
      -57.0304592,
      -25.5998128
     ],
     [
      -57.0304917,
      -25.5998627
     ],
     [
      -57.0305549,
      -25.5998292
     ],
     [
      -57.0305224,
      -25.5997794
     ]
    ]
   }
  },
  {
   "type": "Feature",
   "properties": {
    "bounds": {
     "minlat": -25.598679,
     "minlon": -57.0295015,
     "maxlat": -25.5985125,
     "maxlon": -57.0292502
    },
    "tags": {
     "building": "house"
    },
    "layer": "building"
   },
   "geometry": {
    "type": "LineString",
    "coordinates": [
     [
      -57.0294611,
      -25.5985125
     ],
     [
      -57.0295015,
      -25.5985925
     ],
     [
      -57.0292906,
      -25.598679
     ],
     [
      -57.0292502,
      -25.598599
     ],
     [
      -57.0294611,
      -25.5985125
     ]
    ]
   }
  },
  {
   "type": "Feature",
   "properties": {
    "bounds": {
     "minlat": -25.5986188,
     "minlon": -57.0296732,
     "maxlat": -25.5984997,
     "maxlon": -57.0295419
    },
    "tags": {
     "building": "house"
    },
    "layer": "building"
   },
   "geometry": {
    "type": "LineString",
    "coordinates": [
     [
      -57.0295807,
      -25.5986188
     ],
     [
      -57.0296732,
      -25.5985843
     ],
     [
      -57.0296344,
      -25.5984997
     ],
     [
      -57.0295419,
      -25.5985342
     ],
     [
      -57.0295807,
      -25.5986188
     ]
    ]
   }
  },
  {
   "type": "Feature",
   "properties": {
    "bounds": {
     "minlat": -25.5989179,
     "minlon": -57.0294416,
     "maxlat": -25.5988014,
     "maxlon": -57.0293016
    },
    "tags": {
     "building": "house"
    },
    "layer": "building"
   },
   "geometry": {
    "type": "LineString",
    "coordinates": [
     [
      -57.0294416,
      -25.5988861
     ],
     [
      -57.0294114,
      -25.5988014
     ],
     [
      -57.0293016,
      -25.5988332
     ],
     [
      -57.0293317,
      -25.5989179
     ],
     [
      -57.0294416,
      -25.5988861
     ]
    ]
   }
  },
  {
   "type": "Feature",
   "properties": {
    "bounds": {
     "minlat": -25.598953,
     "minlon": -57.0293317,
     "maxlat": -25.5988332,
     "maxlon": -57.0291743
    },
    "tags": {
     "building": "house"
    },
    "layer": "building"
   },
   "geometry": {
    "type": "LineString",
    "coordinates": [
     [
      -57.0293016,
      -25.5988332
     ],
     [
      -57.0291743,
      -25.5988705
     ],
     [
      -57.0292025,
      -25.598953
     ],
     [
      -57.0293317,
      -25.5989179
     ],
     [
      -57.0293016,
      -25.5988332
     ]
    ]
   }
  },
  {
   "type": "Feature",
   "properties": {
    "bounds": {
     "minlat": -25.5991043,
     "minlon": -57.0294728,
     "maxlat": -25.5989485,
     "maxlon": -57.0292112
    },
    "tags": {
     "building": "house"
    },
    "layer": "building"
   },
   "geometry": {
    "type": "LineString",
    "coordinates": [
     [
      -57.0294432,
      -25.5989485
     ],
     [
      -57.0292112,
      -25.5990044
     ],
     [
      -57.0292408,
      -25.5991043
     ],
     [
      -57.0294728,
      -25.5990483
     ],
     [
      -57.0294432,
      -25.5989485
     ]
    ]
   }
  },
  {
   "type": "Feature",
   "properties": {
    "bounds": {
     "minlat": -25.5982207,
     "minlon": -57.0319652,
     "maxlat": -25.5981686,
     "maxlon": -57.0318974
    },
    "tags": {
     "building": "house"
    },
    "layer": "building"
   },
   "geometry": {
    "type": "LineString",
    "coordinates": [
     [
      -57.0319652,
      -25.5982103
     ],
     [
      -57.031956,
      -25.5981686
     ],
     [
      -57.0318974,
      -25.5981791
     ],
     [
      -57.0319066,
      -25.5982207
     ],
     [
      -57.0319652,
      -25.5982103
     ]
    ]
   }
  },
  {
   "type": "Feature",
   "properties": {
    "bounds": {
     "minlat": -25.5973231,
     "minlon": -57.0323163,
     "maxlat": -25.5972654,
     "maxlon": -57.0322356
    },
    "tags": {
     "building": "house"
    },
    "layer": "building"
   },
   "geometry": {
    "type": "LineString",
    "coordinates": [
     [
      -57.0323163,
      -25.5973074
     ],
     [
      -57.0322474,
      -25.5973231
     ],
     [
      -57.0322356,
      -25.5972811
     ],
     [
      -57.0323045,
      -25.5972654
     ],
     [
      -57.0323163,
      -25.5973074
     ]
    ]
   }
  },
  {
   "type": "Feature",
   "properties": {
    "bounds": {
     "minlat": -25.5981704,
     "minlon": -57.0319669,
     "maxlat": -25.5981111,
     "maxlon": -57.0318708
    },
    "tags": {
     "building": "house"
    },
    "layer": "building"
   },
   "geometry": {
    "type": "LineString",
    "coordinates": [
     [
      -57.0319669,
      -25.5981469
     ],
     [
      -57.0318832,
      -25.5981704
     ],
     [
      -57.0318708,
      -25.5981346
     ],
     [
      -57.0319546,
      -25.5981111
     ],
     [
      -57.0319669,
      -25.5981469
     ]
    ]
   }
  },
  {
   "type": "Feature",
   "properties": {
    "bounds": {
     "minlat": -25.6029301,
     "minlon": -57.0388732,
     "maxlat": -25.6028103,
     "maxlon": -57.0387134
    },
    "tags": {
     "building": "house"
    },
    "layer": "building"
   },
   "geometry": {
    "type": "LineString",
    "coordinates": [
     [
      -57.0388498,
      -25.6028103
     ],
     [
      -57.0388732,
      -25.6029017
     ],
     [
      -57.0387368,
      -25.6029301
     ],
     [
      -57.0387134,
      -25.6028387
     ],
     [
      -57.0388498,
      -25.6028103
     ]
    ]
   }
  },
  {
   "type": "Feature",
   "properties": {
    "bounds": {
     "minlat": -25.6029359,
     "minlon": -57.039003,
     "maxlat": -25.6028353,
     "maxlon": -57.0389153
    },
    "tags": {
     "building": "house"
    },
    "layer": "building"
   },
   "geometry": {
    "type": "LineString",
    "coordinates": [
     [
      -57.0389858,
      -25.6028353
     ],
     [
      -57.0389153,
      -25.6028464
     ],
     [
      -57.0389325,
      -25.6029359
     ],
     [
      -57.039003,
      -25.6029248
     ],
     [
      -57.0389858,
      -25.6028353
     ]
    ]
   }
  },
  {
   "type": "Feature",
   "properties": {
    "bounds": {
     "minlat": -25.6031826,
     "minlon": -57.0390585,
     "maxlat": -25.6031263,
     "maxlon": -57.0389806
    },
    "tags": {
     "building": "house"
    },
    "layer": "building"
   },
   "geometry": {
    "type": "LineString",
    "coordinates": [
     [
      -57.0390491,
      -25.6031263
     ],
     [
      -57.0389806,
      -25.603138
     ],
     [
      -57.03899,
      -25.6031826
     ],
     [
      -57.0390585,
      -25.6031708
     ],
     [
      -57.0390491,
      -25.6031263
     ]
    ]
   }
  },
  {
   "type": "Feature",
   "properties": {
    "bounds": {
     "minlat": -25.6032575,
     "minlon": -57.0391795,
     "maxlat": -25.6031528,
     "maxlon": -57.0390609
    },
    "tags": {
     "building": "house"
    },
    "layer": "building"
   },
   "geometry": {
    "type": "LineString",
    "coordinates": [
     [
      -57.0391585,
      -25.6031528
     ],
     [
      -57.0390609,
      -25.6031724
     ],
     [
      -57.0390819,
      -25.6032575
     ],
     [
      -57.0391795,
      -25.603238
     ],
     [
      -57.0391585,
      -25.6031528
     ]
    ]
   }
  },
  {
   "type": "Feature",
   "properties": {
    "bounds": {
     "minlat": -25.6032294,
     "minlon": -57.0389333,
     "maxlat": -25.6031643,
     "maxlon": -57.0388491
    },
    "tags": {
     "building": "house"
    },
    "layer": "building"
   },
   "geometry": {
    "type": "LineString",
    "coordinates": [
     [
      -57.0389229,
      -25.6031643
     ],
     [
      -57.0388491,
      -25.603176
     ],
     [
      -57.0388595,
      -25.6032294
     ],
     [
      -57.0389333,
      -25.6032177
     ],
     [
      -57.0389229,
      -25.6031643
     ]
    ]
   }
  },
  {
   "type": "Feature",
   "properties": {
    "bounds": {
     "minlat": -25.6100861,
     "minlon": -57.0389333,
     "maxlat": -25.609968,
     "maxlon": -57.0388013
    },
    "tags": {
     "building": "house"
    },
    "layer": "building"
   },
   "geometry": {
    "type": "LineString",
    "coordinates": [
     [
      -57.0388522,
      -25.609968
     ],
     [
      -57.0388013,
      -25.6100386
     ],
     [
      -57.0388824,
      -25.6100861
     ],
     [
      -57.0389333,
      -25.6100155
     ],
     [
      -57.0388522,
      -25.609968
     ]
    ]
   }
  },
  {
   "type": "Feature",
   "properties": {
    "bounds": {
     "minlat": -25.6348354,
     "minlon": -57.0472598,
     "maxlat": -25.6112847,
     "maxlon": -57.0437327
    },
    "tags": {
     "highway": "residential",
     "surface": "unpaved"
    },
    "layer": "road"
   },
   "geometry": {
    "type": "LineString",
    "coordinates": [
     [
      -57.0472598,
      -25.6348354
     ],
     [
      -57.0470659,
      -25.634389
     ],
     [
      -57.046659,
      -25.6332746
     ],
     [
      -57.0463398,
      -25.632393
     ],
     [
      -57.046085,
      -25.6317026
     ],
     [
      -57.0456773,
      -25.6306771
     ],
     [
      -57.0452482,
      -25.6292744
     ],
     [
      -57.0452106,
      -25.6290374
     ],
     [
      -57.0452213,
      -25.6281474
     ],
     [
      -57.0453125,
      -25.627746
     ],
     [
      -57.0454788,
      -25.6273252
     ],
     [
      -57.0455432,
      -25.6270736
     ],
     [
      -57.0454788,
      -25.626735
     ],
     [
      -57.045275,
      -25.626232
     ],
     [
      -57.045275,
      -25.6261401
     ],
     [
      -57.0452964,
      -25.6261014
     ],
     [
      -57.0453823,
      -25.6260337
     ],
     [
      -57.045747,
      -25.6259128
     ],
     [
      -57.045908,
      -25.6258684
     ],
     [
      -57.0461051,
      -25.6257801
     ],
     [
      -57.0462044,
      -25.6256967
     ],
     [
      -57.0462768,
      -25.6255903
     ],
     [
      -57.0462956,
      -25.6254814
     ],
     [
      -57.0462795,
      -25.6252638
     ],
     [
      -57.0462245,
      -25.6250498
     ],
     [
      -57.046148,
      -25.624924
     ],
     [
      -57.0460984,
      -25.6248587
     ],
     [
      -57.0460542,
      -25.6246834
     ],
     [
      -57.0459361,
      -25.6242384
     ],
     [
      -57.0457216,
      -25.6236096
     ],
     [
      -57.0455419,
      -25.6230836
     ],
     [
      -57.0453514,
      -25.6226942
     ],
     [
      -57.04533,
      -25.622583
     ],
     [
      -57.0453125,
      -25.6224923
     ],
     [
      -57.0453501,
      -25.6223532
     ],
     [
      -57.0453487,
      -25.6222565
     ],
     [
      -57.0453206,
      -25.6221501
     ],
     [
      -57.0452642,
      -25.6219784
     ],
     [
      -57.045165,
      -25.6216458
     ],
     [
      -57.0449772,
      -25.6211077
     ],
     [
      -57.0446903,
      -25.6200311
     ],
     [
      -57.0442799,
      -25.6186526
     ],
     [
      -57.0442477,
      -25.618285
     ],
     [
      -57.0444891,
      -25.6178835
     ],
     [
      -57.0445159,
      -25.6177287
     ],
     [
      -57.0444783,
      -25.6175401
     ],
     [
      -57.0444408,
      -25.6174434
     ],
     [
      -57.0443067,
      -25.6172063
     ],
     [
      -57.0442852,
      -25.6171096
     ],
     [
      -57.0442852,
      -25.6169548
     ],
     [
      -57.0443281,
      -25.6167904
     ],
     [
      -57.044532,
      -25.6165485
     ],
     [
      -57.0445534,
      -25.6164711
     ],
     [
      -57.0445266,
      -25.6164083
     ],
     [
      -57.0444301,
      -25.6163647
     ],
     [
      -57.0439312,
      -25.6163357
     ],
     [
      -57.0438346,
      -25.6163187
     ],
     [
      -57.0438071,
      -25.6163077
     ],
     [
      -57.0437826,
      -25.6162918
     ],
     [
      -57.0437622,
      -25.6162719
     ],
     [
      -57.0437461,
      -25.6162474
     ],
     [
      -57.0437361,
      -25.6162204
     ],
     [
      -57.0437327,
      -25.6161921
     ],
     [
      -57.0437595,
      -25.616001
     ],
     [
      -57.0437945,
      -25.6159399
     ],
     [
      -57.0438249,
      -25.615877
     ],
     [
      -57.0438507,
      -25.6158123
     ],
     [
      -57.0438779,
      -25.6157238
     ],
     [
      -57.0438963,
      -25.6156334
     ],
     [
      -57.043896,
      -25.6155377
     ],
     [
      -57.0439044,
      -25.6154423
     ],
     [
      -57.0439234,
      -25.6153385
     ],
     [
      -57.0439526,
      -25.6152367
     ],
     [
      -57.0439903,
      -25.6151275
     ],
     [
      -57.0440341,
      -25.6150202
     ],
     [
      -57.0440841,
      -25.614915
     ],
     [
      -57.0441467,
      -25.614801
     ],
     [
      -57.0442165,
      -25.6146904
     ],
     [
      -57.0442933,
      -25.6145837
     ],
     [
      -57.0443346,
      -25.6145316
     ],
     [
      -57.0443808,
      -25.614483
     ],
     [
      -57.0444316,
      -25.6144381
     ],
     [
      -57.0444864,
      -25.6143975
     ],
     [
      -57.0445539,
      -25.6143563
     ],
     [
      -57.0446256,
      -25.6143214
     ],
     [
      -57.0447008,
      -25.6142931
     ],
     [
      -57.0447788,
      -25.6142717
     ],
     [
      -57.0448366,
      -25.6142527
     ],
     [
      -57.0448899,
      -25.614225
     ],
     [
      -57.044937,
      -25.6141895
     ],
     [
      -57.0449688,
      -25.6141567
     ],
     [
      -57.0449954,
      -25.6141203
     ],
     [
      -57.0450162,
      -25.614081
     ],
     [
      -57.0450309,
      -25.6140395
     ],
     [
      -57.0450953,
      -25.6138339
     ],
     [
      -57.0451945,
      -25.6135679
     ],
     [
      -57.0452294,
      -25.6134924
     ],
     [
      -57.045258,
      -25.6134149
     ],
     [
      -57.0452803,
      -25.6133357
     ],
     [
      -57.045296,
      -25.6132561
     ],
     [
      -57.0453053,
      -25.6131756
     ],
     [
      -57.0453081,
      -25.6130948
     ],
     [
      -57.0453045,
      -25.613014
     ],
     [
      -57.0453124,
      -25.6129621
     ],
     [
      -57.0453259,
      -25.6129112
     ],
     [
      -57.0453447,
      -25.6128616
     ],
     [
      -57.0453731,
      -25.6128066
     ],
     [
      -57.0454081,
      -25.6127548
     ],
     [
      -57.0454493,
      -25.6127068
     ],
     [
      -57.0454921,
      -25.612655
     ],
     [
      -57.0455297,
      -25.6126
     ],
     [
      -57.045562,
      -25.6125424
     ],
     [
      -57.0455857,
      -25.6124899
     ],
     [
      -57.0456049,
      -25.612436
     ],
     [
      -57.0456988,
      -25.6122981
     ],
     [
      -57.0457739,
      -25.6121868
     ],
     [
      -57.0457989,
      -25.6121262
     ],
     [
      -57.0458168,
      -25.6120635
     ],
     [
      -57.0458274,
      -25.6119985
     ],
     [
      -57.0458302,
      -25.6119329
     ],
     [
      -57.0458865,
      -25.6117829
     ],
     [
      -57.0461279,
      -25.6112847
     ]
    ]
   }
  },
  {
   "type": "Feature",
   "properties": {
    "bounds": {
     "minlat": -25.6172949,
     "minlon": -57.0391005,
     "maxlat": -25.6166008,
     "maxlon": -57.0326002
    },
    "tags": {
     "highway": "service",
     "surface": "unpaved"
    },
    "layer": "road"
   },
   "geometry": {
    "type": "LineString",
    "coordinates": [
     [
      -57.0391005,
      -25.6168919
     ],
     [
      -57.0385695,
      -25.6166404
     ],
     [
      -57.0380008,
      -25.6166887
     ],
     [
      -57.037738,
      -25.6167807
     ],
     [
      -57.0373678,
      -25.6169596
     ],
     [
      -57.0372981,
      -25.6169805
     ],
     [
      -57.0372257,
      -25.6169636
     ],
     [
      -57.0371868,
      -25.6169309
     ],
     [
      -57.0371827,
      -25.6168693
     ],
     [
      -57.0371908,
      -25.6167943
     ],
     [
      -57.0371801,
      -25.6167205
     ],
     [
      -57.0371318,
      -25.6166492
     ],
     [
      -57.0370714,
      -25.6166117
     ],
     [
      -57.0370191,
      -25.6166008
     ],
     [
      -57.0368475,
      -25.6166597
     ],
     [
      -57.0364988,
      -25.616829
     ],
     [
      -57.0361876,
      -25.617008
     ],
     [
      -57.0360482,
      -25.617066
     ],
     [
      -57.035737,
      -25.6172353
     ],
     [
      -57.0355023,
      -25.6172949
     ],
     [
      -57.0352905,
      -25.6172804
     ],
     [
      -57.0348546,
      -25.6172635
     ],
     [
      -57.0347607,
      -25.6172538
     ],
     [
      -57.0346776,
      -25.6172212
     ],
     [
      -57.0345783,
      -25.6171655
     ],
     [
      -57.0344992,
      -25.6171365
     ],
     [
      -57.0343745,
      -25.6171337
     ],
     [
      -57.0328982,
      -25.61717
     ],
     [
      -57.0326002,
      -25.6171837
     ]
    ]
   }
  },
  {
   "type": "Feature",
   "properties": {
    "bounds": {
     "minlat": -25.5999531,
     "minlon": -57.0302113,
     "maxlat": -25.5996991,
     "maxlon": -57.0297889
    },
    "tags": {
     "intermittent": "yes",
     "name": "Aqua Basin",
     "natural": "water",
     "water": "basin"
    },
    "layer": "water"
   },
   "geometry": {
    "type": "LineString",
    "coordinates": [
     [
      -57.0298291,
      -25.5997765
     ],
     [
      -57.0297983,
      -25.5997995
     ],
     [
      -57.0297889,
      -25.5998394
     ],
     [
      -57.0297942,
      -25.5998781
     ],
     [
      -57.0298117,
      -25.5999108
     ],
     [
      -57.0298452,
      -25.599935
     ],
     [
      -57.0299713,
      -25.5999531
     ],
     [
      -57.0300102,
      -25.5999229
     ],
     [
      -57.0300611,
      -25.5998987
     ],
     [
      -57.0301134,
      -25.5998805
     ],
     [
      -57.0301563,
      -25.599866
     ],
     [
      -57.0301791,
      -25.5998213
     ],
     [
      -57.0302019,
      -25.5997886
     ],
     [
      -57.0302113,
      -25.5997475
     ],
     [
      -57.0301966,
      -25.5997245
     ],
     [
      -57.0301349,
      -25.5997076
     ],
     [
      -57.0300759,
      -25.5996991
     ],
     [
      -57.0300249,
      -25.5997015
     ],
     [
      -57.0299592,
      -25.5997185
     ],
     [
      -57.0298908,
      -25.5997414
     ],
     [
      -57.0298291,
      -25.5997765
     ]
    ]
   }
  },
  {
   "type": "Feature",
   "properties": {
    "bounds": {
     "minlat": -25.6008505,
     "minlon": -57.0276009,
     "maxlat": -25.600515,
     "maxlon": -57.0273407
    },
    "tags": {
     "intermittent": "yes",
     "name": "Aqua Basin",
     "natural": "water",
     "water": "basin"
    },
    "layer": "water"
   },
   "geometry": {
    "type": "LineString",
    "coordinates": [
     [
      -57.0276009,
      -25.6007864
     ],
     [
      -57.027542,
      -25.600834
     ],
     [
      -57.0274871,
      -25.6008505
     ],
     [
      -57.0274464,
      -25.6008249
     ],
     [
      -57.0274282,
      -25.6007772
     ],
     [
      -57.0274261,
      -25.6007039
     ],
     [
      -57.0273875,
      -25.60068
     ],
     [
      -57.0273509,
      -25.6006379
     ],
     [
      -57.0273407,
      -25.6005939
     ],
     [
      -57.027355,
      -25.6005499
     ],
     [
      -57.0273916,
      -25.6005242
     ],
     [
      -57.0274404,
      -25.600515
     ],
     [
      -57.0274993,
      -25.600559
     ],
     [
      -57.0275115,
      -25.6006269
     ],
     [
      -57.027544,
      -25.6006709
     ],
     [
      -57.0275826,
      -25.600702
     ],
     [
      -57.0276009,
      -25.6007387
     ],
     [
      -57.0276009,
      -25.6007864
     ]
    ]
   }
  }
 ],
 "crs": {
  "type": "name",
  "properties": {
   "name": "urn:ogc:def:crs:OGC:1.3:CRS84"
  }
 },
 "centroid": {
  "lat": -25.6073,
  "lon": -57.0355
 },
 "metadata": {
  "parcel_ha": 30.9,
  "data_date": "2026-06-30",
  "sources": [
   "Sentinel-2 S2B_21JVM_20260512_0_L2A NDVI",
   "Copernicus GLO-30 DEM D8 flow-accumulation",
   "OSM Overpass 2026-06-30 (centroid -25.61, -57.04)",
   "Wesley's KML hand-drawn polygon (escobar_property_polygon)"
  ]
 }
}