{"type":"FeatureCollection","name":"ndvi_canopy_10km","metadata":{"source":"Sentinel-2 L2A NDVI, polygonised at 30 m (3\u00d7 downsampled)","bbox":[-25.698062,-57.129997,-25.5184,-56.930765],"classes":[{"low":0.0,"high":0.25,"code":0,"name":"Bare / grassland","color":"#a16207","description":"Bare soil, dry grass or row crops \u2014 no woody vegetation."},{"low":0.25,"high":0.45,"code":1,"name":"Sparse woody","color":"#84cc16","description":"Scattered trees, woodland edges, agroforestry \u2014 visible canopy not closed."},{"low":0.45,"high":0.6,"code":2,"name":"Open forest","color":"#22c55e","description":"Open canopy forest such as the LQV parcel \u2014 partial cover."},{"low":0.6,"high":1.01,"code":3,"name":"Dense forest","color":"#14532d","description":"Tightly closed canopy (e.g. riparian gallery forests along streams)."}],"feature_count":743,"generated_utc":"2026-07-05T20:04:58.990168Z"},"features":[{"type":"Feature","properties":{"category":"ndvi_canopy","class":0,"ndvi_low":0.0,"ndvi_high":0.25,"name":"Bare / grassland","color":"#a16207","fill_color":"#a16207","description":"Bare soil, dry grass or row crops \u2014 no woody vegetation.","source":"Sentinel-2 L2A NDVI 4-class polygonised"},"geometry":{"type":"Polygon","coordinates":[[[-56.98734700000001,-25.53325],[-56.98734700000001,-25.53415],[-56.989147,-25.53415],[-56.989147,-25.53325],[-56.98734700000001,-25.53325]]]}},{"type":"Feature","properties":{"category":"ndvi_canopy","class":0,"ndvi_low":0.0,"ndvi_high":0.25,"name":"Bare / grassland","color":"#a16207","fill_color":"#a16207","description":"Bare soil, dry grass or row crops \u2014 no woody vegetation.","source":"Sentinel-2 L2A NDVI 4-class polygonised"},"geometry":{"type":"Polygon","coordinates":[[[-56.999947000000006,-25.53505],[-56.999947000000006,-25.53595],[-57.000847,-25.53595],[-57.000847,-25.53505],[-56.999947000000006,-25.53505]]]}},{"type":"Feature","properties":{"category":"ndvi_canopy","class":0,"ndvi_low":0.0,"ndvi_high":0.25,"name":"Bare / grassland","color":"#a16207","fill_color":"#a16207","description":"Bare soil, dry grass or row crops \u2014 no woody vegetation.","source":"Sentinel-2 L2A NDVI 4-class polygonised"},"geometry":{"type":"Polygon","coordinates":[[[-56.967547,-25.536849999999998],[-56.967547,-25.53775],[-56.968447000000005,-25.53775],[-56.968447000000005,-25.536849999999998],[-56.967547,-25.536849999999998]]]}},{"type":"Feature","properties":{"category":"ndvi_canopy","class":0,"ndvi_low":0.0,"ndvi_high":0.25,"name":"Bare / grassland","color":"#a16207","fill_color":"#a16207","description":"Bare soil, dry grass or row crops \u2014 no woody vegetation.","source":"Sentinel-2 L2A NDVI 4-class polygonised"},"geometry":{"type":"Polygon","coordinates":[[[-56.934247000000006,-25.53865],[-56.934247000000006,-25.53955],[-56.935147,-25.53955],[-56.935147,-25.53865],[-56.934247000000006,-25.53865]]]}},{"type":"Feature","properties":{"category":"ndvi_canopy","class":0,"ndvi_low":0.0,"ndvi_high":0.25,"name":"Bare / grassland","color":"#a16207","fill_color":"#a16207","description":"Bare soil, dry grass or row crops \u2014 no woody vegetation.","source":"Sentinel-2 L2A NDVI 4-class polygonised"},"geometry":{"type":"Polygon","coordinates":[[[-56.993647,-25.53955],[-56.993647,-25.541349999999998],[-56.994547000000004,-25.541349999999998],[-56.994547000000004,-25.53955],[-56.993647,-25.53955]]]}},{"type":"Feature","properties":{"category":"ndvi_canopy","class":0,"ndvi_low":0.0,"ndvi_high":0.25,"name":"Bare / grassland","color":"#a16207","fill_color":"#a16207","description":"Bare soil, dry grass or row crops \u2014 no woody vegetation.","source":"Sentinel-2 L2A NDVI 4-class polygonised"},"geometry":{"type":"Polygon","coordinates":[[[-56.946847000000005,-25.54225],[-56.946847000000005,-25.54315],[-56.94774700000001,-25.54315],[-56.94774700000001,-25.54225],[-56.946847000000005,-25.54225]]]}},{"type":"Feature","properties":{"category":"ndvi_canopy","class":0,"ndvi_low":0.0,"ndvi_high":0.25,"name":"Bare / grassland","color":"#a16207","fill_color":"#a16207","description":"Bare soil, dry grass or row crops \u2014 no woody vegetation.","source":"Sentinel-2 L2A NDVI 4-class polygonised"},"geometry":{"type":"Polygon","coordinates":[[[-56.936047,-25.54315],[-56.936047,-25.54405],[-56.936947,-25.54405],[-56.936947,-25.54315],[-56.936047,-25.54315]]]}},{"type":"Feature","properties":{"category":"ndvi_canopy","class":0,"ndvi_low":0.0,"ndvi_high":0.25,"name":"Bare / grassland","color":"#a16207","fill_color":"#a16207","description":"Bare soil, dry grass or row crops \u2014 no woody vegetation.","source":"Sentinel-2 L2A NDVI 4-class polygonised"},"geometry":{"type":"Polygon","coordinates":[[[-56.931547,-25.54495],[-56.931547,-25.54225],[-56.933347000000005,-25.54225],[-56.933347000000005,-25.541349999999998],[-56.932447,-25.541349999999998],[-56.932447,-25.54045],[-56.931547,-25.54045],[-56.931547,-25.541349999999998],[-56.930765,-25.541349999999998],[-56.930765,-25.54495],[-56.931547,-25.54495]]]}},{"type":"Feature","properties":{"category":"ndvi_canopy","class":0,"ndvi_low":0.0,"ndvi_high":0.25,"name":"Bare / grassland","color":"#a16207","fill_color":"#a16207","description":"Bare soil, dry grass or row crops \u2014 no woody vegetation.","source":"Sentinel-2 L2A NDVI 4-class polygonised"},"geometry":{"type":"Polygon","coordinates":[[[-56.937847000000005,-25.54675],[-56.937847000000005,-25.54855],[-56.936947,-25.54855],[-56.936947,-25.550349999999998],[-56.936047,-25.550349999999998],[-56.936047,-25.55395],[-56.937847000000005,-25.55395],[-56.937847000000005,-25.55125],[-56.938747000000006,-25.55125],[-56.938747000000006,-25.550349999999998],[-56.940547,-25.550349999999998],[-56.940547,-25.547649999999997],[-56.939647,-25.547649999999997],[-56.939647,-25.54675],[-56.937847000000005,-25.54675]]]}},{"type":"Feature","properties":{"category":"ndvi_canopy","class":0,"ndvi_low":0.0,"ndvi_high":0.25,"name":"Bare / grassland","color":"#a16207","fill_color":"#a16207","description":"Bare soil, dry grass or row crops \u2014 no woody vegetation.","source":"Sentinel-2 L2A NDVI 4-class polygonised"},"geometry":{"type":"Polygon","coordinates":[[[-56.981047000000004,-25.570149999999998],[-56.981047000000004,-25.57105],[-56.981947000000005,-25.57105],[-56.981947000000005,-25.570149999999998],[-56.981047000000004,-25.570149999999998]]]}},{"type":"Feature","properties":{"category":"ndvi_canopy","class":0,"ndvi_low":0.0,"ndvi_high":0.25,"name":"Bare / grassland","color":"#a16207","fill_color":"#a16207","description":"Bare soil, dry grass or row crops \u2014 no woody vegetation.","source":"Sentinel-2 L2A NDVI 4-class polygonised"},"geometry":{"type":"Polygon","coordinates":[[[-56.962147,-25.576449999999998],[-56.962147,-25.57735],[-56.963947000000005,-25.57735],[-56.963947000000005,-25.576449999999998],[-56.962147,-25.576449999999998]]]}},{"type":"Feature","properties":{"category":"ndvi_canopy","class":0,"ndvi_low":0.0,"ndvi_high":0.25,"name":"Bare / grassland","color":"#a16207","fill_color":"#a16207","description":"Bare soil, dry grass or row crops \u2014 no woody vegetation.","source":"Sentinel-2 L2A NDVI 4-class polygonised"},"geometry":{"type":"Polygon","coordinates":[[[-56.971147,-25.60615],[-56.971147,-25.607049999999997],[-56.972047,-25.607049999999997],[-56.972047,-25.60615],[-56.971147,-25.60615]]]}},{"type":"Feature","properties":{"category":"ndvi_canopy","class":1,"ndvi_low":0.25,"ndvi_high":0.45,"name":"Sparse woody","color":"#84cc16","fill_color":"#84cc16","description":"Scattered trees, woodland edges, agroforestry \u2014 visible canopy not closed.","source":"Sentinel-2 L2A NDVI 4-class polygonised"},"geometry":{"type":"Polygon","coordinates":[[[-56.970247,-25.51885],[-56.972047,-25.51885],[-56.972047,-25.5184],[-56.970247,-25.5184],[-56.970247,-25.51885]]]}},{"type":"Feature","properties":{"category":"ndvi_canopy","class":1,"ndvi_low":0.25,"ndvi_high":0.45,"name":"Sparse woody","color":"#84cc16","fill_color":"#84cc16","description":"Scattered trees, woodland edges, agroforestry \u2014 visible canopy not closed.","source":"Sentinel-2 L2A NDVI 4-class polygonised"},"geometry":{"type":"Polygon","coordinates":[[[-56.954047,-25.51885],[-56.954947000000004,-25.51885],[-56.954947000000004,-25.5184],[-56.954047,-25.5184],[-56.954047,-25.51885]]]}},{"type":"Feature","properties":{"category":"ndvi_canopy","class":1,"ndvi_low":0.25,"ndvi_high":0.45,"name":"Sparse woody","color":"#84cc16","fill_color":"#84cc16","description":"Scattered trees, woodland edges, agroforestry \u2014 visible canopy not closed.","source":"Sentinel-2 L2A NDVI 4-class polygonised"},"geometry":{"type":"Polygon","coordinates":[[[-56.936047,-25.51885],[-56.938747000000006,-25.51885],[-56.938747000000006,-25.5184],[-56.936047,-25.5184],[-56.936047,-25.51885]]]}},{"type":"Feature","properties":{"category":"ndvi_canopy","class":1,"ndvi_low":0.25,"ndvi_high":0.45,"name":"Sparse woody","color":"#84cc16","fill_color":"#84cc16","description":"Scattered trees, woodland edges, agroforestry \u2014 visible canopy not closed.","source":"Sentinel-2 L2A NDVI 4-class polygonised"},"geometry":{"type":"Polygon","coordinates":[[[-56.932447,-25.51885],[-56.932447,-25.5184],[-56.930765,-25.5184],[-56.930765,-25.51885],[-56.932447,-25.51885]]]}},{"type":"Feature","properties":{"category":"ndvi_canopy","class":1,"ndvi_low":0.25,"ndvi_high":0.45,"name":"Sparse woody","color":"#84cc16","fill_color":"#84cc16","description":"Scattered trees, woodland edges, agroforestry \u2014 visible canopy not closed.","source":"Sentinel-2 L2A NDVI 4-class polygonised"},"geometry":{"type":"Polygon","coordinates":[[[-56.99634700000001,-25.51975],[-56.997247,-25.51975],[-56.997247,-25.51885],[-56.999947000000006,-25.51885],[-56.999947000000006,-25.51975],[-57.000847,-25.51975],[-57.000847,-25.5184],[-56.99634700000001,-25.5184],[-56.99634700000001,-25.51975]]]}},{"type":"Feature","properties":{"category":"ndvi_canopy","class":1,"ndvi_low":0.25,"ndvi_high":0.45,"name":"Sparse woody","color":"#84cc16","fill_color":"#84cc16","description":"Scattered trees, woodland edges, agroforestry \u2014 visible canopy not closed.","source":"Sentinel-2 L2A NDVI 4-class polygonised"},"geometry":{"type":"Polygon","coordinates":[[[-56.973847000000006,-25.51975],[-56.974747,-25.51975],[-56.974747,-25.5184],[-56.973847000000006,-25.5184],[-56.973847000000006,-25.51975]]]}},{"type":"Feature","properties":{"category":"ndvi_canopy","class":1,"ndvi_low":0.25,"ndvi_high":0.45,"name":"Sparse woody","color":"#84cc16","fill_color":"#84cc16","description":"Scattered trees, woodland edges, agroforestry \u2014 visible canopy not closed.","source":"Sentinel-2 L2A NDVI 4-class polygonised"},"geometry":{"type":"Polygon","coordinates":[[[-56.935147,-25.51885],[-56.935147,-25.51975],[-56.936047,-25.51975],[-56.936047,-25.51885],[-56.935147,-25.51885]]]}},{"type":"Feature","properties":{"category":"ndvi_canopy","class":1,"ndvi_low":0.25,"ndvi_high":0.45,"name":"Sparse woody","color":"#84cc16","fill_color":"#84cc16","description":"Scattered trees, woodland edges, agroforestry \u2014 visible canopy not closed.","source":"Sentinel-2 L2A NDVI 4-class polygonised"},"geometry":{"type":"Polygon","coordinates":[[[-56.981947000000005,-25.51885],[-56.98284700000001,-25.51885],[-56.98284700000001,-25.52065],[-56.983747,-25.52065],[-56.983747,-25.51975],[-56.985547000000004,-25.51975],[-56.985547000000004,-25.52065],[-56.988247,-25.52065],[-56.988247,-25.51975],[-56.989147,-25.51975],[-56.989147,-25.51885],[-56.988247,-25.51885],[-56.988247,-25.5184],[-56.981947000000005,-25.5184],[-56.981947000000005,-25.51885]]]}},{"type":"Feature","properties":{"category":"ndvi_canopy","class":1,"ndvi_low":0.25,"ndvi_high":0.45,"name":"Sparse woody","color":"#84cc16","fill_color":"#84cc16","description":"Scattered trees, woodland edges, agroforestry \u2014 visible canopy not closed.","source":"Sentinel-2 L2A NDVI 4-class polygonised"},"geometry":{"type":"Polygon","coordinates":[[[-56.972947000000005,-25.51975],[-56.972947000000005,-25.52065],[-56.973847000000006,-25.52065],[-56.973847000000006,-25.51975],[-56.972947000000005,-25.51975]]]}},{"type":"Feature","properties":{"category":"ndvi_canopy","class":1,"ndvi_low":0.25,"ndvi_high":0.45,"name":"Sparse woody","color":"#84cc16","fill_color":"#84cc16","description":"Scattered trees, woodland edges, agroforestry \u2014 visible canopy not closed.","source":"Sentinel-2 L2A NDVI 4-class polygonised"},"geometry":{"type":"Polygon","coordinates":[[[-56.979247,-25.51975],[-56.979247,-25.521549999999998],[-56.980147,-25.521549999999998],[-56.980147,-25.52065],[-56.981047000000004,-25.52065],[-56.981047000000004,-25.51975],[-56.979247,-25.51975]]]}},{"type":"Feature","properties":{"category":"ndvi_canopy","class":1,"ndvi_low":0.25,"ndvi_high":0.45,"name":"Sparse woody","color":"#84cc16","fill_color":"#84cc16","description":"Scattered trees, woodland edges, agroforestry \u2014 visible canopy not closed.","source":"Sentinel-2 L2A NDVI 4-class polygonised"},"geometry":{"type":"Polygon","coordinates":[[[-56.990947000000006,-25.52065],[-56.990947000000006,-25.521549999999998],[-56.99184700000001,-25.521549999999998],[-56.99184700000001,-25.52065],[-56.990947000000006,-25.52065]]]}},{"type":"Feature","properties":{"category":"ndvi_canopy","class":1,"ndvi_low":0.25,"ndvi_high":0.45,"name":"Sparse woody","color":"#84cc16","fill_color":"#84cc16","description":"Scattered trees, woodland edges, agroforestry \u2014 visible canopy not closed.","source":"Sentinel-2 L2A NDVI 4-class polygonised"},"geometry":{"type":"Polygon","coordinates":[[[-56.988247,-25.52065],[-56.988247,-25.521549999999998],[-56.989147,-25.521549999999998],[-56.989147,-25.52065],[-56.988247,-25.52065]]]}},{"type":"Feature","properties":{"category":"ndvi_canopy","class":1,"ndvi_low":0.25,"ndvi_high":0.45,"name":"Sparse woody","color":"#84cc16","fill_color":"#84cc16","description":"Scattered trees, woodland edges, agroforestry \u2014 visible canopy not closed.","source":"Sentinel-2 L2A NDVI 4-class polygonised"},"geometry":{"type":"Polygon","coordinates":[[[-56.981047000000004,-25.52065],[-56.981047000000004,-25.521549999999998],[-56.981947000000005,-25.521549999999998],[-56.981947000000005,-25.52065],[-56.981047000000004,-25.52065]]]}},{"type":"Feature","properties":{"category":"ndvi_canopy","class":1,"ndvi_low":0.25,"ndvi_high":0.45,"name":"Sparse woody","color":"#84cc16","fill_color":"#84cc16","description":"Scattered trees, woodland edges, agroforestry \u2014 visible canopy not closed.","source":"Sentinel-2 L2A NDVI 4-class polygonised"},"geometry":{"type":"Polygon","coordinates":[[[-56.931547,-25.521549999999998],[-56.931547,-25.52245],[-56.932447,-25.52245],[-56.932447,-25.52065],[-56.930765,-25.52065],[-56.930765,-25.521549999999998],[-56.931547,-25.521549999999998]]]}},{"type":"Feature","properties":{"category":"ndvi_canopy","class":1,"ndvi_low":0.25,"ndvi_high":0.45,"name":"Sparse woody","color":"#84cc16","fill_color":"#84cc16","description":"Scattered trees, woodland edges, agroforestry \u2014 visible canopy not closed.","source":"Sentinel-2 L2A NDVI 4-class polygonised"},"geometry":{"type":"Polygon","coordinates":[[[-56.995447000000006,-25.521549999999998],[-56.995447000000006,-25.52245],[-56.99634700000001,-25.52245],[-56.99634700000001,-25.521549999999998],[-56.995447000000006,-25.521549999999998]]]}},{"type":"Feature","properties":{"category":"ndvi_canopy","class":1,"ndvi_low":0.25,"ndvi_high":0.45,"name":"Sparse woody","color":"#84cc16","fill_color":"#84cc16","description":"Scattered trees, woodland edges, agroforestry \u2014 visible canopy not closed.","source":"Sentinel-2 L2A NDVI 4-class polygonised"},"geometry":{"type":"Polygon","coordinates":[[[-56.993647,-25.521549999999998],[-56.993647,-25.52245],[-56.994547000000004,-25.52245],[-56.994547000000004,-25.521549999999998],[-56.993647,-25.521549999999998]]]}},{"type":"Feature","properties":{"category":"ndvi_canopy","class":1,"ndvi_low":0.25,"ndvi_high":0.45,"name":"Sparse woody","color":"#84cc16","fill_color":"#84cc16","description":"Scattered trees, woodland edges, agroforestry \u2014 visible canopy not closed.","source":"Sentinel-2 L2A NDVI 4-class polygonised"},"geometry":{"type":"Polygon","coordinates":[[[-56.959447000000004,-25.521549999999998],[-56.959447000000004,-25.52245],[-56.960347000000006,-25.52245],[-56.960347000000006,-25.521549999999998],[-56.959447000000004,-25.521549999999998]]]}},{"type":"Feature","properties":{"category":"ndvi_canopy","class":1,"ndvi_low":0.25,"ndvi_high":0.45,"name":"Sparse woody","color":"#84cc16","fill_color":"#84cc16","description":"Scattered trees, woodland edges, agroforestry \u2014 visible canopy not closed.","source":"Sentinel-2 L2A NDVI 4-class polygonised"},"geometry":{"type":"Polygon","coordinates":[[[-56.95674700000001,-25.521549999999998],[-56.95674700000001,-25.52245],[-56.957647,-25.52245],[-56.957647,-25.521549999999998],[-56.95674700000001,-25.521549999999998]]]}},{"type":"Feature","properties":{"category":"ndvi_canopy","class":1,"ndvi_low":0.25,"ndvi_high":0.45,"name":"Sparse woody","color":"#84cc16","fill_color":"#84cc16","description":"Scattered trees, woodland edges, agroforestry \u2014 visible canopy not closed.","source":"Sentinel-2 L2A NDVI 4-class polygonised"},"geometry":{"type":"Polygon","coordinates":[[[-56.933347000000005,-25.521549999999998],[-56.933347000000005,-25.52245],[-56.934247000000006,-25.52245],[-56.934247000000006,-25.521549999999998],[-56.933347000000005,-25.521549999999998]]]}},{"type":"Feature","properties":{"category":"ndvi_canopy","class":1,"ndvi_low":0.25,"ndvi_high":0.45,"name":"Sparse woody","color":"#84cc16","fill_color":"#84cc16","description":"Scattered trees, woodland edges, agroforestry \u2014 visible canopy not closed.","source":"Sentinel-2 L2A NDVI 4-class polygonised"},"geometry":{"type":"Polygon","coordinates":[[[-56.969347000000006,-25.52065],[-56.969347000000006,-25.52335],[-56.970247,-25.52335],[-56.970247,-25.52065],[-56.969347000000006,-25.52065]]]}},{"type":"Feature","properties":{"category":"ndvi_canopy","class":1,"ndvi_low":0.25,"ndvi_high":0.45,"name":"Sparse woody","color":"#84cc16","fill_color":"#84cc16","description":"Scattered trees, woodland edges, agroforestry \u2014 visible canopy not closed.","source":"Sentinel-2 L2A NDVI 4-class polygonised"},"geometry":{"type":"Polygon","coordinates":[[[-56.981047000000004,-25.52245],[-56.981047000000004,-25.52335],[-56.981947000000005,-25.52335],[-56.981947000000005,-25.52245],[-56.981047000000004,-25.52245]]]}},{"type":"Feature","properties":{"category":"ndvi_canopy","class":1,"ndvi_low":0.25,"ndvi_high":0.45,"name":"Sparse woody","color":"#84cc16","fill_color":"#84cc16","description":"Scattered trees, woodland edges, agroforestry \u2014 visible canopy not closed.","source":"Sentinel-2 L2A NDVI 4-class polygonised"},"geometry":{"type":"Polygon","coordinates":[[[-56.932447,-25.52245],[-56.932447,-25.52335],[-56.933347000000005,-25.52335],[-56.933347000000005,-25.52245],[-56.932447,-25.52245]]]}},{"type":"Feature","properties":{"category":"ndvi_canopy","class":1,"ndvi_low":0.25,"ndvi_high":0.45,"name":"Sparse woody","color":"#84cc16","fill_color":"#84cc16","description":"Scattered trees, woodland edges, agroforestry \u2014 visible canopy not closed.","source":"Sentinel-2 L2A NDVI 4-class polygonised"},"geometry":{"type":"Polygon","coordinates":[[[-56.983747,-25.52065],[-56.983747,-25.52245],[-56.985547000000004,-25.52245],[-56.985547000000004,-25.52425],[-56.98734700000001,-25.52425],[-56.98734700000001,-25.52335],[-56.988247,-25.52335],[-56.988247,-25.52245],[-56.986447000000005,-25.52245],[-56.986447000000005,-25.521549999999998],[-56.985547000000004,-25.521549999999998],[-56.985547000000004,-25.52065],[-56.983747,-25.52065]]]}},{"type":"Feature","properties":{"category":"ndvi_canopy","class":1,"ndvi_low":0.25,"ndvi_high":0.45,"name":"Sparse woody","color":"#84cc16","fill_color":"#84cc16","description":"Scattered trees, woodland edges, agroforestry \u2014 visible canopy not closed.","source":"Sentinel-2 L2A NDVI 4-class polygonised"},"geometry":{"type":"Polygon","coordinates":[[[-56.96124700000001,-25.51885],[-56.962147,-25.51885],[-56.962147,-25.51975],[-56.963947000000005,-25.51975],[-56.963947000000005,-25.52065],[-56.962147,-25.52065],[-56.962147,-25.52245],[-56.963947000000005,-25.52245],[-56.963947000000005,-25.52335],[-56.963047,-25.52335],[-56.963047,-25.52425],[-56.963947000000005,-25.52425],[-56.963947000000005,-25.52515],[-56.965747,-25.52515],[-56.965747,-25.52425],[-56.966647,-25.52425],[-56.966647,-25.52335],[-56.968447000000005,-25.52335],[-56.968447000000005,-25.52065],[-56.969347000000006,-25.52065],[-56.969347000000006,-25.5184],[-56.965747,-25.5184],[-56.965747,-25.52065],[-56.964847000000006,-25.52065],[-56.964847000000006,-25.5184],[-56.96124700000001,-25.5184],[-56.96124700000001,-25.51885]]]}},{"type":"Feature","properties":{"category":"ndvi_canopy","class":1,"ndvi_low":0.25,"ndvi_high":0.45,"name":"Sparse woody","color":"#84cc16","fill_color":"#84cc16","description":"Scattered trees, woodland edges, agroforestry \u2014 visible canopy not closed.","source":"Sentinel-2 L2A NDVI 4-class polygonised"},"geometry":{"type":"Polygon","coordinates":[[[-56.976547000000004,-25.52065],[-56.975647,-25.52065],[-56.975647,-25.51975],[-56.974747,-25.51975],[-56.974747,-25.52065],[-56.973847000000006,-25.52065],[-56.973847000000006,-25.521549999999998],[-56.972947000000005,-25.521549999999998],[-56.972947000000005,-25.52065],[-56.972047,-25.52065],[-56.972047,-25.51975],[-56.971147,-25.51975],[-56.971147,-25.521549999999998],[-56.972047,-25.521549999999998],[-56.972047,-25.52515],[-56.972947000000005,-25.52515],[-56.972947000000005,-25.52425],[-56.973847000000006,-25.52425],[-56.973847000000006,-25.52515],[-56.975647,-25.52515],[-56.975647,-25.52425],[-56.976547000000004,-25.52425],[-56.976547000000004,-25.52245],[-56.97834700000001,-25.52245],[-56.97834700000001,-25.521549999999998],[-56.977447000000005,-25.521549999999998],[-56.977447000000005,-25.51885],[-56.97834700000001,-25.51885],[-56.97834700000001,-25.51975],[-56.979247,-25.51975],[-56.979247,-25.51885],[-56.980147,-25.51885],[-56.980147,-25.5184],[-56.976547000000004,-25.5184],[-56.976547000000004,-25.52065]]]}},{"type":"Feature","properties":{"category":"ndvi_canopy","class":1,"ndvi_low":0.25,"ndvi_high":0.45,"name":"Sparse woody","color":"#84cc16","fill_color":"#84cc16","description":"Scattered trees, woodland edges, agroforestry \u2014 visible canopy not closed.","source":"Sentinel-2 L2A NDVI 4-class polygonised"},"geometry":{"type":"Polygon","coordinates":[[[-56.998147,-25.521549999999998],[-56.998147,-25.52335],[-56.997247,-25.52335],[-56.997247,-25.52515],[-56.998147,-25.52515],[-56.998147,-25.52425],[-56.999047000000004,-25.52425],[-56.999047000000004,-25.52515],[-57.000847,-25.52515],[-57.000847,-25.52425],[-56.999947000000006,-25.52425],[-56.999947000000006,-25.521549999999998],[-56.998147,-25.521549999999998]]]}},{"type":"Feature","properties":{"category":"ndvi_canopy","class":1,"ndvi_low":0.25,"ndvi_high":0.45,"name":"Sparse woody","color":"#84cc16","fill_color":"#84cc16","description":"Scattered trees, woodland edges, agroforestry \u2014 visible canopy not closed.","source":"Sentinel-2 L2A NDVI 4-class polygonised"},"geometry":{"type":"Polygon","coordinates":[[[-56.969347000000006,-25.52425],[-56.969347000000006,-25.52515],[-56.971147,-25.52515],[-56.971147,-25.52425],[-56.969347000000006,-25.52425]]]}},{"type":"Feature","properties":{"category":"ndvi_canopy","class":1,"ndvi_low":0.25,"ndvi_high":0.45,"name":"Sparse woody","color":"#84cc16","fill_color":"#84cc16","description":"Scattered trees, woodland edges, agroforestry \u2014 visible canopy not closed.","source":"Sentinel-2 L2A NDVI 4-class polygonised"},"geometry":{"type":"Polygon","coordinates":[[[-56.990947000000006,-25.52245],[-56.990947000000006,-25.52425],[-56.989147,-25.52425],[-56.989147,-25.526049999999998],[-56.990947000000006,-25.526049999999998],[-56.990947000000006,-25.52515],[-56.99184700000001,-25.52515],[-56.99184700000001,-25.52245],[-56.990947000000006,-25.52245]]]}},{"type":"Feature","properties":{"category":"ndvi_canopy","class":1,"ndvi_low":0.25,"ndvi_high":0.45,"name":"Sparse woody","color":"#84cc16","fill_color":"#84cc16","description":"Scattered trees, woodland edges, agroforestry \u2014 visible canopy not closed.","source":"Sentinel-2 L2A NDVI 4-class polygonised"},"geometry":{"type":"Polygon","coordinates":[[[-56.931547,-25.52515],[-56.931547,-25.526049999999998],[-56.932447,-25.526049999999998],[-56.932447,-25.52335],[-56.931547,-25.52335],[-56.931547,-25.52245],[-56.930765,-25.52245],[-56.930765,-25.52515],[-56.931547,-25.52515]]]}},{"type":"Feature","properties":{"category":"ndvi_canopy","class":1,"ndvi_low":0.25,"ndvi_high":0.45,"name":"Sparse woody","color":"#84cc16","fill_color":"#84cc16","description":"Scattered trees, woodland edges, agroforestry \u2014 visible canopy not closed.","source":"Sentinel-2 L2A NDVI 4-class polygonised"},"geometry":{"type":"Polygon","coordinates":[[[-56.98734700000001,-25.52515],[-56.98734700000001,-25.526049999999998],[-56.988247,-25.526049999999998],[-56.988247,-25.52515],[-56.98734700000001,-25.52515]]]}},{"type":"Feature","properties":{"category":"ndvi_canopy","class":1,"ndvi_low":0.25,"ndvi_high":0.45,"name":"Sparse woody","color":"#84cc16","fill_color":"#84cc16","description":"Scattered trees, woodland edges, agroforestry \u2014 visible canopy not closed.","source":"Sentinel-2 L2A NDVI 4-class polygonised"},"geometry":{"type":"Polygon","coordinates":[[[-56.969347000000006,-25.526049999999998],[-56.969347000000006,-25.52695],[-56.970247,-25.52695],[-56.970247,-25.526049999999998],[-56.969347000000006,-25.526049999999998]]]}},{"type":"Feature","properties":{"category":"ndvi_canopy","class":1,"ndvi_low":0.25,"ndvi_high":0.45,"name":"Sparse woody","color":"#84cc16","fill_color":"#84cc16","description":"Scattered trees, woodland edges, agroforestry \u2014 visible canopy not closed.","source":"Sentinel-2 L2A NDVI 4-class polygonised"},"geometry":{"type":"Polygon","coordinates":[[[-56.964847000000006,-25.526049999999998],[-56.964847000000006,-25.52695],[-56.966647,-25.52695],[-56.966647,-25.526049999999998],[-56.964847000000006,-25.526049999999998]]]}},{"type":"Feature","properties":{"category":"ndvi_canopy","class":1,"ndvi_low":0.25,"ndvi_high":0.45,"name":"Sparse woody","color":"#84cc16","fill_color":"#84cc16","description":"Scattered trees, woodland edges, agroforestry \u2014 visible canopy not closed.","source":"Sentinel-2 L2A NDVI 4-class polygonised"},"geometry":{"type":"Polygon","coordinates":[[[-56.931547,-25.52695],[-56.931547,-25.526049999999998],[-56.930765,-25.526049999999998],[-56.930765,-25.52695],[-56.931547,-25.52695]]]}},{"type":"Feature","properties":{"category":"ndvi_canopy","class":1,"ndvi_low":0.25,"ndvi_high":0.45,"name":"Sparse woody","color":"#84cc16","fill_color":"#84cc16","description":"Scattered trees, woodland edges, agroforestry \u2014 visible canopy not closed.","source":"Sentinel-2 L2A NDVI 4-class polygonised"},"geometry":{"type":"Polygon","coordinates":[[[-56.972047,-25.526049999999998],[-56.972047,-25.52695],[-56.972947000000005,-25.52695],[-56.972947000000005,-25.527849999999997],[-56.973847000000006,-25.527849999999997],[-56.973847000000006,-25.526049999999998],[-56.972047,-25.526049999999998]]]}},{"type":"Feature","properties":{"category":"ndvi_canopy","class":1,"ndvi_low":0.25,"ndvi_high":0.45,"name":"Sparse woody","color":"#84cc16","fill_color":"#84cc16","description":"Scattered trees, woodland edges, agroforestry \u2014 visible canopy not closed.","source":"Sentinel-2 L2A NDVI 4-class polygonised"},"geometry":{"type":"Polygon","coordinates":[[[-56.934247000000006,-25.52515],[-56.934247000000006,-25.526049999999998],[-56.933347000000005,-25.526049999999998],[-56.933347000000005,-25.52695],[-56.932447,-25.52695],[-56.932447,-25.527849999999997],[-56.931547,-25.527849999999997],[-56.931547,-25.52875],[-56.933347000000005,-25.52875],[-56.933347000000005,-25.527849999999997],[-56.934247000000006,-25.527849999999997],[-56.934247000000006,-25.52695],[-56.935147,-25.52695],[-56.935147,-25.52515],[-56.934247000000006,-25.52515]]]}},{"type":"Feature","properties":{"category":"ndvi_canopy","class":1,"ndvi_low":0.25,"ndvi_high":0.45,"name":"Sparse woody","color":"#84cc16","fill_color":"#84cc16","description":"Scattered trees, woodland edges, agroforestry \u2014 visible canopy not closed.","source":"Sentinel-2 L2A NDVI 4-class polygonised"},"geometry":{"type":"Polygon","coordinates":[[[-56.994547000000004,-25.52245],[-56.994547000000004,-25.52335],[-56.993647,-25.52335],[-56.993647,-25.52245],[-56.992747,-25.52245],[-56.992747,-25.52425],[-56.993647,-25.52425],[-56.993647,-25.526049999999998],[-56.992747,-25.526049999999998],[-56.992747,-25.52695],[-56.993647,-25.52695],[-56.993647,-25.527849999999997],[-56.994547000000004,-25.527849999999997],[-56.994547000000004,-25.52875],[-56.995447000000006,-25.52875],[-56.995447000000006,-25.527849999999997],[-56.999047000000004,-25.527849999999997],[-56.999047000000004,-25.52875],[-56.999947000000006,-25.52875],[-56.999947000000006,-25.527849999999997],[-57.000847,-25.527849999999997],[-57.000847,-25.526049999999998],[-56.999047000000004,-25.526049999999998],[-56.999047000000004,-25.52695],[-56.998147,-25.52695],[-56.998147,-25.526049999999998],[-56.99634700000001,-25.526049999999998],[-56.99634700000001,-25.52425],[-56.995447000000006,-25.52425],[-56.995447000000006,-25.52245],[-56.994547000000004,-25.52245]],[[-56.995447000000006,-25.52695],[-56.994547000000004,-25.52695],[-56.994547000000004,-25.526049999999998],[-56.995447000000006,-25.526049999999998],[-56.995447000000006,-25.52695]]]}},{"type":"Feature","properties":{"category":"ndvi_canopy","class":1,"ndvi_low":0.25,"ndvi_high":0.45,"name":"Sparse woody","color":"#84cc16","fill_color":"#84cc16","description":"Scattered trees, woodland edges, agroforestry \u2014 visible canopy not closed.","source":"Sentinel-2 L2A NDVI 4-class polygonised"},"geometry":{"type":"Polygon","coordinates":[[[-56.999947000000006,-25.52875],[-56.999947000000006,-25.52965],[-57.000847,-25.52965],[-57.000847,-25.52875],[-56.999947000000006,-25.52875]]]}},{"type":"Feature","properties":{"category":"ndvi_canopy","class":1,"ndvi_low":0.25,"ndvi_high":0.45,"name":"Sparse woody","color":"#84cc16","fill_color":"#84cc16","description":"Scattered trees, woodland edges, agroforestry \u2014 visible canopy not closed.","source":"Sentinel-2 L2A NDVI 4-class polygonised"},"geometry":{"type":"Polygon","coordinates":[[[-56.995447000000006,-25.52875],[-56.995447000000006,-25.52965],[-56.997247,-25.52965],[-56.997247,-25.52875],[-56.995447000000006,-25.52875]]]}},{"type":"Feature","properties":{"category":"ndvi_canopy","class":1,"ndvi_low":0.25,"ndvi_high":0.45,"name":"Sparse woody","color":"#84cc16","fill_color":"#84cc16","description":"Scattered trees, woodland edges, agroforestry \u2014 visible canopy not closed.","source":"Sentinel-2 L2A NDVI 4-class polygonised"},"geometry":{"type":"Polygon","coordinates":[[[-56.957647,-25.52875],[-56.957647,-25.52965],[-56.958547,-25.52965],[-56.958547,-25.52875],[-56.957647,-25.52875]]]}},{"type":"Feature","properties":{"category":"ndvi_canopy","class":1,"ndvi_low":0.25,"ndvi_high":0.45,"name":"Sparse woody","color":"#84cc16","fill_color":"#84cc16","description":"Scattered trees, woodland edges, agroforestry \u2014 visible canopy not closed.","source":"Sentinel-2 L2A NDVI 4-class polygonised"},"geometry":{"type":"Polygon","coordinates":[[[-56.95674700000001,-25.52425],[-56.95674700000001,-25.52515],[-56.955847000000006,-25.52515],[-56.955847000000006,-25.52695],[-56.954947000000004,-25.52695],[-56.954947000000004,-25.527849999999997],[-56.953147,-25.527849999999997],[-56.953147,-25.52875],[-56.954047,-25.52875],[-56.954047,-25.530549999999998],[-56.954947000000004,-25.530549999999998],[-56.954947000000004,-25.52965],[-56.955847000000006,-25.52965],[-56.955847000000006,-25.530549999999998],[-56.95674700000001,-25.530549999999998],[-56.95674700000001,-25.52875],[-56.957647,-25.52875],[-56.957647,-25.527849999999997],[-56.959447000000004,-25.527849999999997],[-56.959447000000004,-25.526049999999998],[-56.960347000000006,-25.526049999999998],[-56.960347000000006,-25.52875],[-56.963947000000005,-25.52875],[-56.963947000000005,-25.52965],[-56.964847000000006,-25.52965],[-56.964847000000006,-25.52875],[-56.966647,-25.52875],[-56.966647,-25.527849999999997],[-56.963947000000005,-25.527849999999997],[-56.963947000000005,-25.52695],[-56.962147,-25.52695],[-56.962147,-25.526049999999998],[-56.96124700000001,-25.526049999999998],[-56.96124700000001,-25.52515],[-56.959447000000004,-25.52515],[-56.959447000000004,-25.52425],[-56.95674700000001,-25.52425]]]}},{"type":"Feature","properties":{"category":"ndvi_canopy","class":1,"ndvi_low":0.25,"ndvi_high":0.45,"name":"Sparse woody","color":"#84cc16","fill_color":"#84cc16","description":"Scattered trees, woodland edges, agroforestry \u2014 visible canopy not closed.","source":"Sentinel-2 L2A NDVI 4-class polygonised"},"geometry":{"type":"Polygon","coordinates":[[[-56.962147,-25.52965],[-56.962147,-25.530549999999998],[-56.963047,-25.530549999999998],[-56.963047,-25.52965],[-56.962147,-25.52965]]]}},{"type":"Feature","properties":{"category":"ndvi_canopy","class":1,"ndvi_low":0.25,"ndvi_high":0.45,"name":"Sparse woody","color":"#84cc16","fill_color":"#84cc16","description":"Scattered trees, woodland edges, agroforestry \u2014 visible canopy not closed.","source":"Sentinel-2 L2A NDVI 4-class polygonised"},"geometry":{"type":"Polygon","coordinates":[[[-56.999047000000004,-25.52965],[-56.999047000000004,-25.53145],[-56.999947000000006,-25.53145],[-56.999947000000006,-25.52965],[-56.999047000000004,-25.52965]]]}},{"type":"Feature","properties":{"category":"ndvi_canopy","class":1,"ndvi_low":0.25,"ndvi_high":0.45,"name":"Sparse woody","color":"#84cc16","fill_color":"#84cc16","description":"Scattered trees, woodland edges, agroforestry \u2014 visible canopy not closed.","source":"Sentinel-2 L2A NDVI 4-class polygonised"},"geometry":{"type":"Polygon","coordinates":[[[-56.977447000000005,-25.530549999999998],[-56.977447000000005,-25.53145],[-56.97834700000001,-25.53145],[-56.97834700000001,-25.530549999999998],[-56.977447000000005,-25.530549999999998]]]}},{"type":"Feature","properties":{"category":"ndvi_canopy","class":1,"ndvi_low":0.25,"ndvi_high":0.45,"name":"Sparse woody","color":"#84cc16","fill_color":"#84cc16","description":"Scattered trees, woodland edges, agroforestry \u2014 visible canopy not closed.","source":"Sentinel-2 L2A NDVI 4-class polygonised"},"geometry":{"type":"Polygon","coordinates":[[[-56.983747,-25.52425],[-56.98284700000001,-25.52425],[-56.98284700000001,-25.52335],[-56.981947000000005,-25.52335],[-56.981947000000005,-25.52425],[-56.981047000000004,-25.52425],[-56.981047000000004,-25.52335],[-56.977447000000005,-25.52335],[-56.977447000000005,-25.52425],[-56.97834700000001,-25.52425],[-56.97834700000001,-25.52875],[-56.979247,-25.52875],[-56.979247,-25.52965],[-56.980147,-25.52965],[-56.980147,-25.53145],[-56.981947000000005,-25.53145],[-56.981947000000005,-25.532349999999997],[-56.98284700000001,-25.532349999999997],[-56.98284700000001,-25.53145],[-56.983747,-25.53145],[-56.983747,-25.52965],[-56.984647,-25.52965],[-56.984647,-25.530549999999998],[-56.985547000000004,-25.530549999999998],[-56.985547000000004,-25.53145],[-56.986447000000005,-25.53145],[-56.986447000000005,-25.52965],[-56.985547000000004,-25.52965],[-56.985547000000004,-25.527849999999997],[-56.986447000000005,-25.527849999999997],[-56.986447000000005,-25.52695],[-56.985547000000004,-25.52695],[-56.985547000000004,-25.52515],[-56.983747,-25.52515],[-56.983747,-25.52425]],[[-56.983747,-25.52695],[-56.981947000000005,-25.52695],[-56.981947000000005,-25.52875],[-56.981047000000004,-25.52875],[-56.981047000000004,-25.526049999999998],[-56.981947000000005,-25.526049999999998],[-56.981947000000005,-25.52515],[-56.983747,-25.52515],[-56.983747,-25.52695]]]}},{"type":"Feature","properties":{"category":"ndvi_canopy","class":1,"ndvi_low":0.25,"ndvi_high":0.45,"name":"Sparse woody","color":"#84cc16","fill_color":"#84cc16","description":"Scattered trees, woodland edges, agroforestry \u2014 visible canopy not closed.","source":"Sentinel-2 L2A NDVI 4-class polygonised"},"geometry":{"type":"Polygon","coordinates":[[[-56.994547000000004,-25.53145],[-56.994547000000004,-25.532349999999997],[-56.995447000000006,-25.532349999999997],[-56.995447000000006,-25.53145],[-56.994547000000004,-25.53145]]]}},{"type":"Feature","properties":{"category":"ndvi_canopy","class":1,"ndvi_low":0.25,"ndvi_high":0.45,"name":"Sparse woody","color":"#84cc16","fill_color":"#84cc16","description":"Scattered trees, woodland edges, agroforestry \u2014 visible canopy not closed.","source":"Sentinel-2 L2A NDVI 4-class polygonised"},"geometry":{"type":"Polygon","coordinates":[[[-56.935147,-25.53145],[-56.935147,-25.532349999999997],[-56.936947,-25.532349999999997],[-56.936947,-25.53145],[-56.935147,-25.53145]]]}},{"type":"Feature","properties":{"category":"ndvi_canopy","class":1,"ndvi_low":0.25,"ndvi_high":0.45,"name":"Sparse woody","color":"#84cc16","fill_color":"#84cc16","description":"Scattered trees, woodland edges, agroforestry \u2014 visible canopy not closed.","source":"Sentinel-2 L2A NDVI 4-class polygonised"},"geometry":{"type":"Polygon","coordinates":[[[-56.955847000000006,-25.52065],[-56.957647,-25.52065],[-56.957647,-25.521549999999998],[-56.959447000000004,-25.521549999999998],[-56.959447000000004,-25.52065],[-56.960347000000006,-25.52065],[-56.960347000000006,-25.51975],[-56.96124700000001,-25.51975],[-56.96124700000001,-25.51885],[-56.959447000000004,-25.51885],[-56.959447000000004,-25.5184],[-56.955847000000006,-25.5184],[-56.955847000000006,-25.51885],[-56.95674700000001,-25.51885],[-56.95674700000001,-25.51975],[-56.95224700000001,-25.51975],[-56.95224700000001,-25.51885],[-56.951347000000005,-25.51885],[-56.951347000000005,-25.51975],[-56.950447000000004,-25.51975],[-56.950447000000004,-25.52065],[-56.949547,-25.52065],[-56.949547,-25.521549999999998],[-56.948647,-25.521549999999998],[-56.948647,-25.52245],[-56.94774700000001,-25.52245],[-56.94774700000001,-25.52335],[-56.945947000000004,-25.52335],[-56.945947000000004,-25.521549999999998],[-56.94324700000001,-25.521549999999998],[-56.94324700000001,-25.5184],[-56.941447000000004,-25.5184],[-56.941447000000004,-25.51975],[-56.940547,-25.51975],[-56.940547,-25.521549999999998],[-56.941447000000004,-25.521549999999998],[-56.941447000000004,-25.52245],[-56.939647,-25.52245],[-56.939647,-25.52425],[-56.940547,-25.52425],[-56.940547,-25.526049999999998],[-56.939647,-25.526049999999998],[-56.939647,-25.52695],[-56.940547,-25.52695],[-56.940547,-25.527849999999997],[-56.937847000000005,-25.527849999999997],[-56.937847000000005,-25.52965],[-56.936947,-25.52965],[-56.936947,-25.530549999999998],[-56.939647,-25.530549999999998],[-56.939647,-25.52965],[-56.940547,-25.52965],[-56.940547,-25.52875],[-56.941447000000004,-25.52875],[-56.941447000000004,-25.527849999999997],[-56.942347000000005,-25.527849999999997],[-56.942347000000005,-25.52695],[-56.94324700000001,-25.52695],[-56.94324700000001,-25.52875],[-56.944147,-25.52875],[-56.944147,-25.53325],[-56.945947000000004,-25.53325],[-56.945947000000004,-25.532349999999997],[-56.946847000000005,-25.532349999999997],[-56.946847000000005,-25.52965],[-56.948647,-25.52965],[-56.948647,-25.530549999999998],[-56.94774700000001,-25.530549999999998],[-56.94774700000001,-25.53145],[-56.951347000000005,-25.53145],[-56.951347000000005,-25.530549999999998],[-56.95224700000001,-25.530549999999998],[-56.95224700000001,-25.52965],[-56.953147,-25.52965],[-56.953147,-25.52875],[-56.95224700000001,-25.52875],[-56.95224700000001,-25.52695],[-56.954947000000004,-25.52695],[-56.954947000000004,-25.52515],[-56.955847000000006,-25.52515],[-56.955847000000006,-25.52425],[-56.95674700000001,-25.52425],[-56.95674700000001,-25.52245],[-56.955847000000006,-25.52245],[-56.955847000000006,-25.52065]],[[-56.945947000000004,-25.52965],[-56.945947000000004,-25.52875],[-56.946847000000005,-25.52875],[-56.946847000000005,-25.52965],[-56.945947000000004,-25.52965]],[[-56.945947000000004,-25.530549999999998],[-56.945047,-25.530549999999998],[-56.945047,-25.52965],[-56.945947000000004,-25.52965],[-56.945947000000004,-25.530549999999998]],[[-56.955847000000006,-25.52335],[-56.954947000000004,-25.52335],[-56.954947000000004,-25.52245],[-56.955847000000006,-25.52245],[-56.955847000000006,-25.52335]],[[-56.954047,-25.52245],[-56.954047,-25.521549999999998],[-56.954947000000004,-25.521549999999998],[-56.954947000000004,-25.52245],[-56.954047,-25.52245]],[[-56.954047,-25.52335],[-56.95224700000001,-25.52335],[-56.95224700000001,-25.52245],[-56.950447000000004,-25.52245],[-56.950447000000004,-25.521549999999998],[-56.951347000000005,-25.521549999999998],[-56.951347000000005,-25.52065],[-56.95224700000001,-25.52065],[-56.95224700000001,-25.521549999999998],[-56.953147,-25.521549999999998],[-56.953147,-25.52245],[-56.954047,-25.52245],[-56.954047,-25.52335]],[[-56.944147,-25.52335],[-56.94324700000001,-25.52335],[-56.94324700000001,-25.52245],[-56.944147,-25.52245],[-56.944147,-25.52335]],[[-56.954047,-25.52515],[-56.953147,-25.52515],[-56.953147,-25.52425],[-56.954047,-25.52425],[-56.954047,-25.52515]],[[-56.950447000000004,-25.527849999999997],[-56.951347000000005,-25.527849999999997],[-56.951347000000005,-25.52875],[-56.950447000000004,-25.52875],[-56.950447000000004,-25.527849999999997]],[[-56.950447000000004,-25.52965],[-56.949547,-25.52965],[-56.949547,-25.52875],[-56.950447000000004,-25.52875],[-56.950447000000004,-25.52965]]]}},{"type":"Feature","properties":{"category":"ndvi_canopy","class":1,"ndvi_low":0.25,"ndvi_high":0.45,"name":"Sparse woody","color":"#84cc16","fill_color":"#84cc16","description":"Scattered trees, woodland edges, agroforestry \u2014 visible canopy not closed.","source":"Sentinel-2 L2A NDVI 4-class polygonised"},"geometry":{"type":"Polygon","coordinates":[[[-56.984647,-25.53145],[-56.984647,-25.532349999999997],[-56.983747,-25.532349999999997],[-56.983747,-25.53325],[-56.985547000000004,-25.53325],[-56.985547000000004,-25.53145],[-56.984647,-25.53145]]]}},{"type":"Feature","properties":{"category":"ndvi_canopy","class":1,"ndvi_low":0.25,"ndvi_high":0.45,"name":"Sparse woody","color":"#84cc16","fill_color":"#84cc16","description":"Scattered trees, woodland edges, agroforestry \u2014 visible canopy not closed.","source":"Sentinel-2 L2A NDVI 4-class polygonised"},"geometry":{"type":"Polygon","coordinates":[[[-56.976547000000004,-25.53145],[-56.976547000000004,-25.53325],[-56.977447000000005,-25.53325],[-56.977447000000005,-25.53145],[-56.976547000000004,-25.53145]]]}},{"type":"Feature","properties":{"category":"ndvi_canopy","class":1,"ndvi_low":0.25,"ndvi_high":0.45,"name":"Sparse woody","color":"#84cc16","fill_color":"#84cc16","description":"Scattered trees, woodland edges, agroforestry \u2014 visible canopy not closed.","source":"Sentinel-2 L2A NDVI 4-class polygonised"},"geometry":{"type":"Polygon","coordinates":[[[-56.931547,-25.53325],[-56.931547,-25.53145],[-56.930765,-25.53145],[-56.930765,-25.53325],[-56.931547,-25.53325]]]}},{"type":"Feature","properties":{"category":"ndvi_canopy","class":1,"ndvi_low":0.25,"ndvi_high":0.45,"name":"Sparse woody","color":"#84cc16","fill_color":"#84cc16","description":"Scattered trees, woodland edges, agroforestry \u2014 visible canopy not closed.","source":"Sentinel-2 L2A NDVI 4-class polygonised"},"geometry":{"type":"Polygon","coordinates":[[[-56.97834700000001,-25.53145],[-56.97834700000001,-25.53415],[-56.980147,-25.53415],[-56.980147,-25.53325],[-56.981047000000004,-25.53325],[-56.981047000000004,-25.532349999999997],[-56.979247,-25.532349999999997],[-56.979247,-25.53145],[-56.97834700000001,-25.53145]]]}},{"type":"Feature","properties":{"category":"ndvi_canopy","class":1,"ndvi_low":0.25,"ndvi_high":0.45,"name":"Sparse woody","color":"#84cc16","fill_color":"#84cc16","description":"Scattered trees, woodland edges, agroforestry \u2014 visible canopy not closed.","source":"Sentinel-2 L2A NDVI 4-class polygonised"},"geometry":{"type":"Polygon","coordinates":[[[-56.949547,-25.53415],[-56.949547,-25.53505],[-56.950447000000004,-25.53505],[-56.950447000000004,-25.53415],[-56.949547,-25.53415]]]}},{"type":"Feature","properties":{"category":"ndvi_canopy","class":1,"ndvi_low":0.25,"ndvi_high":0.45,"name":"Sparse woody","color":"#84cc16","fill_color":"#84cc16","description":"Scattered trees, woodland edges, agroforestry \u2014 visible canopy not closed.","source":"Sentinel-2 L2A NDVI 4-class polygonised"},"geometry":{"type":"Polygon","coordinates":[[[-56.933347000000005,-25.53415],[-56.933347000000005,-25.53505],[-56.936047,-25.53505],[-56.936047,-25.53595],[-56.937847000000005,-25.53595],[-56.937847000000005,-25.53415],[-56.933347000000005,-25.53415]]]}},{"type":"Feature","properties":{"category":"ndvi_canopy","class":1,"ndvi_low":0.25,"ndvi_high":0.45,"name":"Sparse woody","color":"#84cc16","fill_color":"#84cc16","description":"Scattered trees, woodland edges, agroforestry \u2014 visible canopy not closed.","source":"Sentinel-2 L2A NDVI 4-class polygonised"},"geometry":{"type":"Polygon","coordinates":[[[-56.99634700000001,-25.53505],[-56.99634700000001,-25.53595],[-56.997247,-25.53595],[-56.997247,-25.53505],[-56.99634700000001,-25.53505]]]}},{"type":"Feature","properties":{"category":"ndvi_canopy","class":1,"ndvi_low":0.25,"ndvi_high":0.45,"name":"Sparse woody","color":"#84cc16","fill_color":"#84cc16","description":"Scattered trees, woodland edges, agroforestry \u2014 visible canopy not closed.","source":"Sentinel-2 L2A NDVI 4-class polygonised"},"geometry":{"type":"Polygon","coordinates":[[[-56.944147,-25.53595],[-56.944147,-25.536849999999998],[-56.945047,-25.536849999999998],[-56.945047,-25.53595],[-56.944147,-25.53595]]]}},{"type":"Feature","properties":{"category":"ndvi_canopy","class":1,"ndvi_low":0.25,"ndvi_high":0.45,"name":"Sparse woody","color":"#84cc16","fill_color":"#84cc16","description":"Scattered trees, woodland edges, agroforestry \u2014 visible canopy not closed.","source":"Sentinel-2 L2A NDVI 4-class polygonised"},"geometry":{"type":"Polygon","coordinates":[[[-56.992747,-25.527849999999997],[-56.99184700000001,-25.527849999999997],[-56.99184700000001,-25.52695],[-56.989147,-25.52695],[-56.989147,-25.526049999999998],[-56.988247,-25.526049999999998],[-56.988247,-25.527849999999997],[-56.989147,-25.527849999999997],[-56.989147,-25.52875],[-56.98734700000001,-25.52875],[-56.98734700000001,-25.53145],[-56.986447000000005,-25.53145],[-56.986447000000005,-25.53505],[-56.98734700000001,-25.53505],[-56.98734700000001,-25.53595],[-56.988247,-25.53595],[-56.988247,-25.53775],[-56.990047000000004,-25.53775],[-56.990047000000004,-25.53595],[-56.990947000000006,-25.53595],[-56.990947000000006,-25.53505],[-56.990047000000004,-25.53505],[-56.990047000000004,-25.53415],[-56.99184700000001,-25.53415],[-56.99184700000001,-25.53325],[-56.992747,-25.53325],[-56.992747,-25.532349999999997],[-56.993647,-25.532349999999997],[-56.993647,-25.52875],[-56.992747,-25.52875],[-56.992747,-25.527849999999997]],[[-56.992747,-25.530549999999998],[-56.990947000000006,-25.530549999999998],[-56.990947000000006,-25.532349999999997],[-56.990047000000004,-25.532349999999997],[-56.990047000000004,-25.53145],[-56.989147,-25.53145],[-56.989147,-25.52965],[-56.990047000000004,-25.52965],[-56.990047000000004,-25.527849999999997],[-56.990947000000006,-25.527849999999997],[-56.990947000000006,-25.52875],[-56.992747,-25.52875],[-56.992747,-25.530549999999998]],[[-56.989147,-25.53415],[-56.98734700000001,-25.53415],[-56.98734700000001,-25.53325],[-56.989147,-25.53325],[-56.989147,-25.53415]]]}},{"type":"Feature","properties":{"category":"ndvi_canopy","class":1,"ndvi_low":0.25,"ndvi_high":0.45,"name":"Sparse woody","color":"#84cc16","fill_color":"#84cc16","description":"Scattered trees, woodland edges, agroforestry \u2014 visible canopy not closed.","source":"Sentinel-2 L2A NDVI 4-class polygonised"},"geometry":{"type":"Polygon","coordinates":[[[-56.931547,-25.536849999999998],[-56.931547,-25.53775],[-56.932447,-25.53775],[-56.932447,-25.536849999999998],[-56.931547,-25.536849999999998]]]}},{"type":"Feature","properties":{"category":"ndvi_canopy","class":1,"ndvi_low":0.25,"ndvi_high":0.45,"name":"Sparse woody","color":"#84cc16","fill_color":"#84cc16","description":"Scattered trees, woodland edges, agroforestry \u2014 visible canopy not closed.","source":"Sentinel-2 L2A NDVI 4-class polygonised"},"geometry":{"type":"Polygon","coordinates":[[[-56.942347000000005,-25.530549999999998],[-56.941447000000004,-25.530549999999998],[-56.941447000000004,-25.53145],[-56.937847000000005,-25.53145],[-56.937847000000005,-25.53325],[-56.939647,-25.53325],[-56.939647,-25.53415],[-56.938747000000006,-25.53415],[-56.938747000000006,-25.53595],[-56.939647,-25.53595],[-56.939647,-25.536849999999998],[-56.940547,-25.536849999999998],[-56.940547,-25.53775],[-56.941447000000004,-25.53775],[-56.941447000000004,-25.53865],[-56.942347000000005,-25.53865],[-56.942347000000005,-25.536849999999998],[-56.94324700000001,-25.536849999999998],[-56.94324700000001,-25.53595],[-56.944147,-25.53595],[-56.944147,-25.53505],[-56.94324700000001,-25.53505],[-56.94324700000001,-25.53415],[-56.944147,-25.53415],[-56.944147,-25.53325],[-56.942347000000005,-25.53325],[-56.942347000000005,-25.530549999999998]],[[-56.939647,-25.532349999999997],[-56.940547,-25.532349999999997],[-56.940547,-25.53325],[-56.939647,-25.53325],[-56.939647,-25.532349999999997]],[[-56.942347000000005,-25.53415],[-56.941447000000004,-25.53415],[-56.941447000000004,-25.53325],[-56.942347000000005,-25.53325],[-56.942347000000005,-25.53415]]]}},{"type":"Feature","properties":{"category":"ndvi_canopy","class":1,"ndvi_low":0.25,"ndvi_high":0.45,"name":"Sparse woody","color":"#84cc16","fill_color":"#84cc16","description":"Scattered trees, woodland edges, agroforestry \u2014 visible canopy not closed.","source":"Sentinel-2 L2A NDVI 4-class polygonised"},"geometry":{"type":"Polygon","coordinates":[[[-56.97834700000001,-25.53415],[-56.975647,-25.53415],[-56.975647,-25.53325],[-56.974747,-25.53325],[-56.974747,-25.53595],[-56.973847000000006,-25.53595],[-56.973847000000006,-25.53775],[-56.974747,-25.53775],[-56.974747,-25.536849999999998],[-56.975647,-25.536849999999998],[-56.975647,-25.53775],[-56.97834700000001,-25.53775],[-56.97834700000001,-25.53865],[-56.98284700000001,-25.53865],[-56.98284700000001,-25.53775],[-56.981947000000005,-25.53775],[-56.981947000000005,-25.53595],[-56.981047000000004,-25.53595],[-56.981047000000004,-25.53505],[-56.980147,-25.53505],[-56.980147,-25.53595],[-56.979247,-25.53595],[-56.979247,-25.53505],[-56.97834700000001,-25.53505],[-56.97834700000001,-25.53415]],[[-56.97834700000001,-25.536849999999998],[-56.976547000000004,-25.536849999999998],[-56.976547000000004,-25.53595],[-56.977447000000005,-25.53595],[-56.977447000000005,-25.53505],[-56.97834700000001,-25.53505],[-56.97834700000001,-25.536849999999998]]]}},{"type":"Feature","properties":{"category":"ndvi_canopy","class":1,"ndvi_low":0.25,"ndvi_high":0.45,"name":"Sparse woody","color":"#84cc16","fill_color":"#84cc16","description":"Scattered trees, woodland edges, agroforestry \u2014 visible canopy not closed.","source":"Sentinel-2 L2A NDVI 4-class polygonised"},"geometry":{"type":"Polygon","coordinates":[[[-56.983747,-25.53595],[-56.983747,-25.53775],[-56.985547000000004,-25.53775],[-56.985547000000004,-25.53955],[-56.986447000000005,-25.53955],[-56.986447000000005,-25.53865],[-56.98734700000001,-25.53865],[-56.98734700000001,-25.53775],[-56.986447000000005,-25.53775],[-56.986447000000005,-25.53595],[-56.983747,-25.53595]]]}},{"type":"Feature","properties":{"category":"ndvi_canopy","class":1,"ndvi_low":0.25,"ndvi_high":0.45,"name":"Sparse woody","color":"#84cc16","fill_color":"#84cc16","description":"Scattered trees, woodland edges, agroforestry \u2014 visible canopy not closed.","source":"Sentinel-2 L2A NDVI 4-class polygonised"},"geometry":{"type":"Polygon","coordinates":[[[-56.974747,-25.53775],[-56.974747,-25.53955],[-56.975647,-25.53955],[-56.975647,-25.53775],[-56.974747,-25.53775]]]}},{"type":"Feature","properties":{"category":"ndvi_canopy","class":1,"ndvi_low":0.25,"ndvi_high":0.45,"name":"Sparse woody","color":"#84cc16","fill_color":"#84cc16","description":"Scattered trees, woodland edges, agroforestry \u2014 visible canopy not closed.","source":"Sentinel-2 L2A NDVI 4-class polygonised"},"geometry":{"type":"Polygon","coordinates":[[[-56.983747,-25.53865],[-56.983747,-25.53955],[-56.984647,-25.53955],[-56.984647,-25.53865],[-56.983747,-25.53865]]]}},{"type":"Feature","properties":{"category":"ndvi_canopy","class":1,"ndvi_low":0.25,"ndvi_high":0.45,"name":"Sparse woody","color":"#84cc16","fill_color":"#84cc16","description":"Scattered trees, woodland edges, agroforestry \u2014 visible canopy not closed.","source":"Sentinel-2 L2A NDVI 4-class polygonised"},"geometry":{"type":"Polygon","coordinates":[[[-56.96124700000001,-25.53865],[-56.96124700000001,-25.53955],[-56.962147,-25.53955],[-56.962147,-25.53865],[-56.96124700000001,-25.53865]]]}},{"type":"Feature","properties":{"category":"ndvi_canopy","class":1,"ndvi_low":0.25,"ndvi_high":0.45,"name":"Sparse woody","color":"#84cc16","fill_color":"#84cc16","description":"Scattered trees, woodland edges, agroforestry \u2014 visible canopy not closed.","source":"Sentinel-2 L2A NDVI 4-class polygonised"},"geometry":{"type":"Polygon","coordinates":[[[-56.946847000000005,-25.53865],[-56.946847000000005,-25.53955],[-56.94774700000001,-25.53955],[-56.94774700000001,-25.53865],[-56.946847000000005,-25.53865]]]}},{"type":"Feature","properties":{"category":"ndvi_canopy","class":1,"ndvi_low":0.25,"ndvi_high":0.45,"name":"Sparse woody","color":"#84cc16","fill_color":"#84cc16","description":"Scattered trees, woodland edges, agroforestry \u2014 visible canopy not closed.","source":"Sentinel-2 L2A NDVI 4-class polygonised"},"geometry":{"type":"Polygon","coordinates":[[[-56.94324700000001,-25.53775],[-56.94324700000001,-25.53955],[-56.945947000000004,-25.53955],[-56.945947000000004,-25.53865],[-56.945047,-25.53865],[-56.945047,-25.53775],[-56.94324700000001,-25.53775]]]}},{"type":"Feature","properties":{"category":"ndvi_canopy","class":1,"ndvi_low":0.25,"ndvi_high":0.45,"name":"Sparse woody","color":"#84cc16","fill_color":"#84cc16","description":"Scattered trees, woodland edges, agroforestry \u2014 visible canopy not closed.","source":"Sentinel-2 L2A NDVI 4-class polygonised"},"geometry":{"type":"Polygon","coordinates":[[[-56.953147,-25.53955],[-56.953147,-25.54045],[-56.954947000000004,-25.54045],[-56.954947000000004,-25.53955],[-56.953147,-25.53955]]]}},{"type":"Feature","properties":{"category":"ndvi_canopy","class":1,"ndvi_low":0.25,"ndvi_high":0.45,"name":"Sparse woody","color":"#84cc16","fill_color":"#84cc16","description":"Scattered trees, woodland edges, agroforestry \u2014 visible canopy not closed.","source":"Sentinel-2 L2A NDVI 4-class polygonised"},"geometry":{"type":"Polygon","coordinates":[[[-56.970247,-25.536849999999998],[-56.971147,-25.536849999999998],[-56.971147,-25.53595],[-56.970247,-25.53595],[-56.970247,-25.53505],[-56.971147,-25.53505],[-56.971147,-25.53415],[-56.968447000000005,-25.53415],[-56.968447000000005,-25.53325],[-56.969347000000006,-25.53325],[-56.969347000000006,-25.532349999999997],[-56.970247,-25.532349999999997],[-56.970247,-25.53325],[-56.973847000000006,-25.53325],[-56.973847000000006,-25.53145],[-56.972947000000005,-25.53145],[-56.972947000000005,-25.530549999999998],[-56.972047,-25.530549999999998],[-56.972047,-25.52875],[-56.970247,-25.52875],[-56.970247,-25.530549999999998],[-56.967547,-25.530549999999998],[-56.967547,-25.52875],[-56.966647,-25.52875],[-56.966647,-25.52965],[-56.965747,-25.52965],[-56.965747,-25.530549999999998],[-56.964847000000006,-25.530549999999998],[-56.964847000000006,-25.53145],[-56.965747,-25.53145],[-56.965747,-25.53325],[-56.967547,-25.53325],[-56.967547,-25.53415],[-56.964847000000006,-25.53415],[-56.964847000000006,-25.53505],[-56.963947000000005,-25.53505],[-56.963947000000005,-25.53415],[-56.963047,-25.53415],[-56.963047,-25.53325],[-56.960347000000006,-25.53325],[-56.960347000000006,-25.53505],[-56.959447000000004,-25.53505],[-56.959447000000004,-25.53325],[-56.95674700000001,-25.53325],[-56.95674700000001,-25.532349999999997],[-56.954947000000004,-25.532349999999997],[-56.954947000000004,-25.53145],[-56.954047,-25.53145],[-56.954047,-25.532349999999997],[-56.951347000000005,-25.532349999999997],[-56.951347000000005,-25.53415],[-56.95224700000001,-25.53415],[-56.95224700000001,-25.53505],[-56.953147,-25.53505],[-56.953147,-25.53595],[-56.954047,-25.53595],[-56.954047,-25.536849999999998],[-56.955847000000006,-25.536849999999998],[-56.955847000000006,-25.53775],[-56.954947000000004,-25.53775],[-56.954947000000004,-25.53955],[-56.957647,-25.53955],[-56.957647,-25.536849999999998],[-56.959447000000004,-25.536849999999998],[-56.959447000000004,-25.53775],[-56.962147,-25.53775],[-56.962147,-25.536849999999998],[-56.963947000000005,-25.536849999999998],[-56.963947000000005,-25.53775],[-56.963047,-25.53775],[-56.963047,-25.53955],[-56.962147,-25.53955],[-56.962147,-25.54045],[-56.966647,-25.54045],[-56.966647,-25.541349999999998],[-56.970247,-25.541349999999998],[-56.970247,-25.54045],[-56.971147,-25.54045],[-56.971147,-25.541349999999998],[-56.972047,-25.541349999999998],[-56.972047,-25.54045],[-56.972947000000005,-25.54045],[-56.972947000000005,-25.53955],[-56.973847000000006,-25.53955],[-56.973847000000006,-25.53865],[-56.970247,-25.53865],[-56.970247,-25.536849999999998]],[[-56.971147,-25.530549999999998],[-56.971147,-25.53145],[-56.970247,-25.53145],[-56.970247,-25.530549999999998],[-56.971147,-25.530549999999998]],[[-56.967547,-25.53145],[-56.966647,-25.53145],[-56.966647,-25.530549999999998],[-56.967547,-25.530549999999998],[-56.967547,-25.53145]],[[-56.970247,-25.53955],[-56.969347000000006,-25.53955],[-56.969347000000006,-25.53865],[-56.970247,-25.53865],[-56.970247,-25.53955]],[[-56.969347000000006,-25.54045],[-56.967547,-25.54045],[-56.967547,-25.53955],[-56.966647,-25.53955],[-56.966647,-25.53865],[-56.967547,-25.53865],[-56.967547,-25.536849999999998],[-56.968447000000005,-25.536849999999998],[-56.968447000000005,-25.53955],[-56.969347000000006,-25.53955],[-56.969347000000006,-25.54045]],[[-56.967547,-25.53595],[-56.966647,-25.53595],[-56.966647,-25.53505],[-56.967547,-25.53505],[-56.967547,-25.53595]]]}},{"type":"Feature","properties":{"category":"ndvi_canopy","class":1,"ndvi_low":0.25,"ndvi_high":0.45,"name":"Sparse woody","color":"#84cc16","fill_color":"#84cc16","description":"Scattered trees, woodland edges, agroforestry \u2014 visible canopy not closed.","source":"Sentinel-2 L2A NDVI 4-class polygonised"},"geometry":{"type":"Polygon","coordinates":[[[-56.983747,-25.54225],[-56.983747,-25.54315],[-56.984647,-25.54315],[-56.984647,-25.54225],[-56.983747,-25.54225]]]}},{"type":"Feature","properties":{"category":"ndvi_canopy","class":1,"ndvi_low":0.25,"ndvi_high":0.45,"name":"Sparse woody","color":"#84cc16","fill_color":"#84cc16","description":"Scattered trees, woodland edges, agroforestry \u2014 visible canopy not closed.","source":"Sentinel-2 L2A NDVI 4-class polygonised"},"geometry":{"type":"Polygon","coordinates":[[[-56.963947000000005,-25.54225],[-56.963947000000005,-25.54315],[-56.964847000000006,-25.54315],[-56.964847000000006,-25.54225],[-56.963947000000005,-25.54225]]]}},{"type":"Feature","properties":{"category":"ndvi_canopy","class":1,"ndvi_low":0.25,"ndvi_high":0.45,"name":"Sparse woody","color":"#84cc16","fill_color":"#84cc16","description":"Scattered trees, woodland edges, agroforestry \u2014 visible canopy not closed.","source":"Sentinel-2 L2A NDVI 4-class polygonised"},"geometry":{"type":"Polygon","coordinates":[[[-56.937847000000005,-25.54225],[-56.937847000000005,-25.54315],[-56.938747000000006,-25.54315],[-56.938747000000006,-25.54225],[-56.937847000000005,-25.54225]]]}},{"type":"Feature","properties":{"category":"ndvi_canopy","class":1,"ndvi_low":0.25,"ndvi_high":0.45,"name":"Sparse woody","color":"#84cc16","fill_color":"#84cc16","description":"Scattered trees, woodland edges, agroforestry \u2014 visible canopy not closed.","source":"Sentinel-2 L2A NDVI 4-class polygonised"},"geometry":{"type":"Polygon","coordinates":[[[-56.936047,-25.54225],[-56.936047,-25.54315],[-56.936947,-25.54315],[-56.936947,-25.54225],[-56.936047,-25.54225]]]}},{"type":"Feature","properties":{"category":"ndvi_canopy","class":1,"ndvi_low":0.25,"ndvi_high":0.45,"name":"Sparse woody","color":"#84cc16","fill_color":"#84cc16","description":"Scattered trees, woodland edges, agroforestry \u2014 visible canopy not closed.","source":"Sentinel-2 L2A NDVI 4-class polygonised"},"geometry":{"type":"Polygon","coordinates":[[[-56.931547,-25.541349999999998],[-56.931547,-25.54045],[-56.932447,-25.54045],[-56.932447,-25.541349999999998],[-56.933347000000005,-25.541349999999998],[-56.933347000000005,-25.54225],[-56.931547,-25.54225],[-56.931547,-25.54405],[-56.936047,-25.54405],[-56.936047,-25.54315],[-56.935147,-25.54315],[-56.935147,-25.541349999999998],[-56.936947,-25.541349999999998],[-56.936947,-25.53955],[-56.936047,-25.53955],[-56.936047,-25.53775],[-56.932447,-25.53775],[-56.932447,-25.53865],[-56.930765,-25.53865],[-56.930765,-25.541349999999998],[-56.931547,-25.541349999999998]],[[-56.935147,-25.53955],[-56.934247000000006,-25.53955],[-56.934247000000006,-25.53865],[-56.935147,-25.53865],[-56.935147,-25.53955]]]}},{"type":"Feature","properties":{"category":"ndvi_canopy","class":1,"ndvi_low":0.25,"ndvi_high":0.45,"name":"Sparse woody","color":"#84cc16","fill_color":"#84cc16","description":"Scattered trees, woodland edges, agroforestry \u2014 visible canopy not closed.","source":"Sentinel-2 L2A NDVI 4-class polygonised"},"geometry":{"type":"Polygon","coordinates":[[[-56.936947,-25.54315],[-56.936947,-25.54405],[-56.936047,-25.54405],[-56.936047,-25.54495],[-56.936947,-25.54495],[-56.936947,-25.545849999999998],[-56.937847000000005,-25.545849999999998],[-56.937847000000005,-25.54495],[-56.938747000000006,-25.54495],[-56.938747000000006,-25.54405],[-56.937847000000005,-25.54405],[-56.937847000000005,-25.54315],[-56.936947,-25.54315]]]}},{"type":"Feature","properties":{"category":"ndvi_canopy","class":1,"ndvi_low":0.25,"ndvi_high":0.45,"name":"Sparse woody","color":"#84cc16","fill_color":"#84cc16","description":"Scattered trees, woodland edges, agroforestry \u2014 visible canopy not closed.","source":"Sentinel-2 L2A NDVI 4-class polygonised"},"geometry":{"type":"Polygon","coordinates":[[[-56.955847000000006,-25.545849999999998],[-56.955847000000006,-25.54675],[-56.95674700000001,-25.54675],[-56.95674700000001,-25.545849999999998],[-56.955847000000006,-25.545849999999998]]]}},{"type":"Feature","properties":{"category":"ndvi_canopy","class":1,"ndvi_low":0.25,"ndvi_high":0.45,"name":"Sparse woody","color":"#84cc16","fill_color":"#84cc16","description":"Scattered trees, woodland edges, agroforestry \u2014 visible canopy not closed.","source":"Sentinel-2 L2A NDVI 4-class polygonised"},"geometry":{"type":"Polygon","coordinates":[[[-56.942347000000005,-25.54675],[-56.942347000000005,-25.547649999999997],[-56.94324700000001,-25.547649999999997],[-56.94324700000001,-25.54675],[-56.942347000000005,-25.54675]]]}},{"type":"Feature","properties":{"category":"ndvi_canopy","class":1,"ndvi_low":0.25,"ndvi_high":0.45,"name":"Sparse woody","color":"#84cc16","fill_color":"#84cc16","description":"Scattered trees, woodland edges, agroforestry \u2014 visible canopy not closed.","source":"Sentinel-2 L2A NDVI 4-class polygonised"},"geometry":{"type":"Polygon","coordinates":[[[-56.939647,-25.54675],[-56.939647,-25.547649999999997],[-56.940547,-25.547649999999997],[-56.940547,-25.54675],[-56.939647,-25.54675]]]}},{"type":"Feature","properties":{"category":"ndvi_canopy","class":1,"ndvi_low":0.25,"ndvi_high":0.45,"name":"Sparse woody","color":"#84cc16","fill_color":"#84cc16","description":"Scattered trees, woodland edges, agroforestry \u2014 visible canopy not closed.","source":"Sentinel-2 L2A NDVI 4-class polygonised"},"geometry":{"type":"Polygon","coordinates":[[[-56.994547000000004,-25.547649999999997],[-56.994547000000004,-25.54855],[-56.995447000000006,-25.54855],[-56.995447000000006,-25.547649999999997],[-56.994547000000004,-25.547649999999997]]]}},{"type":"Feature","properties":{"category":"ndvi_canopy","class":1,"ndvi_low":0.25,"ndvi_high":0.45,"name":"Sparse woody","color":"#84cc16","fill_color":"#84cc16","description":"Scattered trees, woodland edges, agroforestry \u2014 visible canopy not closed.","source":"Sentinel-2 L2A NDVI 4-class polygonised"},"geometry":{"type":"Polygon","coordinates":[[[-56.988247,-25.547649999999997],[-56.988247,-25.54855],[-56.989147,-25.54855],[-56.989147,-25.547649999999997],[-56.988247,-25.547649999999997]]]}},{"type":"Feature","properties":{"category":"ndvi_canopy","class":1,"ndvi_low":0.25,"ndvi_high":0.45,"name":"Sparse woody","color":"#84cc16","fill_color":"#84cc16","description":"Scattered trees, woodland edges, agroforestry \u2014 visible canopy not closed.","source":"Sentinel-2 L2A NDVI 4-class polygonised"},"geometry":{"type":"Polygon","coordinates":[[[-56.936947,-25.547649999999997],[-56.936947,-25.54855],[-56.937847000000005,-25.54855],[-56.937847000000005,-25.547649999999997],[-56.936947,-25.547649999999997]]]}},{"type":"Feature","properties":{"category":"ndvi_canopy","class":1,"ndvi_low":0.25,"ndvi_high":0.45,"name":"Sparse woody","color":"#84cc16","fill_color":"#84cc16","description":"Scattered trees, woodland edges, agroforestry \u2014 visible canopy not closed.","source":"Sentinel-2 L2A NDVI 4-class polygonised"},"geometry":{"type":"Polygon","coordinates":[[[-57.000847,-25.53865],[-57.000847,-25.53595],[-56.999947000000006,-25.53595],[-56.999947000000006,-25.53505],[-57.000847,-25.53505],[-57.000847,-25.53415],[-56.999947000000006,-25.53415],[-56.999947000000006,-25.53325],[-56.999047000000004,-25.53325],[-56.999047000000004,-25.532349999999997],[-56.998147,-25.532349999999997],[-56.998147,-25.53415],[-56.999047000000004,-25.53415],[-56.999047000000004,-25.53595],[-56.997247,-25.53595],[-56.997247,-25.53775],[-56.99634700000001,-25.53775],[-56.99634700000001,-25.53865],[-56.995447000000006,-25.53865],[-56.995447000000006,-25.53775],[-56.994547000000004,-25.53775],[-56.994547000000004,-25.53595],[-56.990947000000006,-25.53595],[-56.990947000000006,-25.53775],[-56.990047000000004,-25.53775],[-56.990047000000004,-25.53955],[-56.989147,-25.53955],[-56.989147,-25.53865],[-56.988247,-25.53865],[-56.988247,-25.54045],[-56.98734700000001,-25.54045],[-56.98734700000001,-25.541349999999998],[-56.986447000000005,-25.541349999999998],[-56.986447000000005,-25.54315],[-56.98734700000001,-25.54315],[-56.98734700000001,-25.54405],[-56.986447000000005,-25.54405],[-56.986447000000005,-25.54495],[-56.98734700000001,-25.54495],[-56.98734700000001,-25.545849999999998],[-56.988247,-25.545849999999998],[-56.988247,-25.54405],[-56.99184700000001,-25.54405],[-56.99184700000001,-25.545849999999998],[-56.992747,-25.545849999999998],[-56.992747,-25.54675],[-56.99184700000001,-25.54675],[-56.99184700000001,-25.54855],[-56.992747,-25.54855],[-56.992747,-25.54945],[-56.993647,-25.54945],[-56.993647,-25.547649999999997],[-56.994547000000004,-25.547649999999997],[-56.994547000000004,-25.54675],[-56.997247,-25.54675],[-56.997247,-25.547649999999997],[-56.999047000000004,-25.547649999999997],[-56.999047000000004,-25.54675],[-56.999947000000006,-25.54675],[-56.999947000000006,-25.547649999999997],[-57.000847,-25.547649999999997],[-57.000847,-25.54495],[-56.999947000000006,-25.54495],[-56.999947000000006,-25.54405],[-56.999047000000004,-25.54405],[-56.999047000000004,-25.54315],[-56.999947000000006,-25.54315],[-56.999947000000006,-25.54225],[-57.000847,-25.54225],[-57.000847,-25.53955],[-56.999947000000006,-25.53955],[-56.999947000000006,-25.53865],[-57.000847,-25.53865]],[[-56.997247,-25.54315],[-56.997247,-25.541349999999998],[-56.998147,-25.541349999999998],[-56.998147,-25.54225],[-56.999047000000004,-25.54225],[-56.999047000000004,-25.54315],[-56.997247,-25.54315]],[[-56.998147,-25.53865],[-56.998147,-25.53775],[-56.999947000000006,-25.53775],[-56.999947000000006,-25.53865],[-56.998147,-25.53865]],[[-56.994547000000004,-25.541349999999998],[-56.993647,-25.541349999999998],[-56.993647,-25.53955],[-56.994547000000004,-25.53955],[-56.994547000000004,-25.541349999999998]],[[-56.992747,-25.54045],[-56.99184700000001,-25.54045],[-56.99184700000001,-25.53955],[-56.992747,-25.53955],[-56.992747,-25.54045]],[[-56.99634700000001,-25.54225],[-56.995447000000006,-25.54225],[-56.995447000000006,-25.541349999999998],[-56.99634700000001,-25.541349999999998],[-56.99634700000001,-25.54225]],[[-56.990047000000004,-25.54315],[-56.989147,-25.54315],[-56.989147,-25.54225],[-56.990047000000004,-25.54225],[-56.990047000000004,-25.54315]],[[-56.99634700000001,-25.545849999999998],[-56.995447000000006,-25.545849999999998],[-56.995447000000006,-25.54405],[-56.99634700000001,-25.54405],[-56.99634700000001,-25.545849999999998]]]}},{"type":"Feature","properties":{"category":"ndvi_canopy","class":1,"ndvi_low":0.25,"ndvi_high":0.45,"name":"Sparse woody","color":"#84cc16","fill_color":"#84cc16","description":"Scattered trees, woodland edges, agroforestry \u2014 visible canopy not closed.","source":"Sentinel-2 L2A NDVI 4-class polygonised"},"geometry":{"type":"Polygon","coordinates":[[[-56.999947000000006,-25.54945],[-56.999947000000006,-25.550349999999998],[-57.000847,-25.550349999999998],[-57.000847,-25.54945],[-56.999947000000006,-25.54945]]]}},{"type":"Feature","properties":{"category":"ndvi_canopy","class":1,"ndvi_low":0.25,"ndvi_high":0.45,"name":"Sparse woody","color":"#84cc16","fill_color":"#84cc16","description":"Scattered trees, woodland edges, agroforestry \u2014 visible canopy not closed.","source":"Sentinel-2 L2A NDVI 4-class polygonised"},"geometry":{"type":"Polygon","coordinates":[[[-56.945047,-25.54945],[-56.945047,-25.550349999999998],[-56.945947000000004,-25.550349999999998],[-56.945947000000004,-25.54945],[-56.945047,-25.54945]]]}},{"type":"Feature","properties":{"category":"ndvi_canopy","class":1,"ndvi_low":0.25,"ndvi_high":0.45,"name":"Sparse woody","color":"#84cc16","fill_color":"#84cc16","description":"Scattered trees, woodland edges, agroforestry \u2014 visible canopy not closed.","source":"Sentinel-2 L2A NDVI 4-class polygonised"},"geometry":{"type":"Polygon","coordinates":[[[-56.938747000000006,-25.550349999999998],[-56.938747000000006,-25.55125],[-56.940547,-25.55125],[-56.940547,-25.550349999999998],[-56.938747000000006,-25.550349999999998]]]}},{"type":"Feature","properties":{"category":"ndvi_canopy","class":1,"ndvi_low":0.25,"ndvi_high":0.45,"name":"Sparse woody","color":"#84cc16","fill_color":"#84cc16","description":"Scattered trees, woodland edges, agroforestry \u2014 visible canopy not closed.","source":"Sentinel-2 L2A NDVI 4-class polygonised"},"geometry":{"type":"Polygon","coordinates":[[[-56.967547,-25.550349999999998],[-56.967547,-25.552149999999997],[-56.968447000000005,-25.552149999999997],[-56.968447000000005,-25.550349999999998],[-56.967547,-25.550349999999998]]]}},{"type":"Feature","properties":{"category":"ndvi_canopy","class":1,"ndvi_low":0.25,"ndvi_high":0.45,"name":"Sparse woody","color":"#84cc16","fill_color":"#84cc16","description":"Scattered trees, woodland edges, agroforestry \u2014 visible canopy not closed.","source":"Sentinel-2 L2A NDVI 4-class polygonised"},"geometry":{"type":"Polygon","coordinates":[[[-56.973847000000006,-25.55125],[-56.973847000000006,-25.552149999999997],[-56.975647,-25.552149999999997],[-56.975647,-25.55125],[-56.973847000000006,-25.55125]]]}},{"type":"Feature","properties":{"category":"ndvi_canopy","class":1,"ndvi_low":0.25,"ndvi_high":0.45,"name":"Sparse woody","color":"#84cc16","fill_color":"#84cc16","description":"Scattered trees, woodland edges, agroforestry \u2014 visible canopy not closed.","source":"Sentinel-2 L2A NDVI 4-class polygonised"},"geometry":{"type":"Polygon","coordinates":[[[-56.976547000000004,-25.55125],[-56.976547000000004,-25.552149999999997],[-56.975647,-25.552149999999997],[-56.975647,-25.55305],[-56.977447000000005,-25.55305],[-56.977447000000005,-25.55125],[-56.976547000000004,-25.55125]]]}},{"type":"Feature","properties":{"category":"ndvi_canopy","class":1,"ndvi_low":0.25,"ndvi_high":0.45,"name":"Sparse woody","color":"#84cc16","fill_color":"#84cc16","description":"Scattered trees, woodland edges, agroforestry \u2014 visible canopy not closed.","source":"Sentinel-2 L2A NDVI 4-class polygonised"},"geometry":{"type":"Polygon","coordinates":[[[-56.999047000000004,-25.55125],[-56.999047000000004,-25.55395],[-56.999947000000006,-25.55395],[-56.999947000000006,-25.55125],[-56.999047000000004,-25.55125]]]}},{"type":"Feature","properties":{"category":"ndvi_canopy","class":1,"ndvi_low":0.25,"ndvi_high":0.45,"name":"Sparse woody","color":"#84cc16","fill_color":"#84cc16","description":"Scattered trees, woodland edges, agroforestry \u2014 visible canopy not closed.","source":"Sentinel-2 L2A NDVI 4-class polygonised"},"geometry":{"type":"Polygon","coordinates":[[[-56.990947000000006,-25.55125],[-56.990947000000006,-25.55395],[-56.99184700000001,-25.55395],[-56.99184700000001,-25.55125],[-56.990947000000006,-25.55125]]]}},{"type":"Feature","properties":{"category":"ndvi_canopy","class":1,"ndvi_low":0.25,"ndvi_high":0.45,"name":"Sparse woody","color":"#84cc16","fill_color":"#84cc16","description":"Scattered trees, woodland edges, agroforestry \u2014 visible canopy not closed.","source":"Sentinel-2 L2A NDVI 4-class polygonised"},"geometry":{"type":"Polygon","coordinates":[[[-56.942347000000005,-25.552149999999997],[-56.942347000000005,-25.55305],[-56.941447000000004,-25.55305],[-56.941447000000004,-25.55395],[-56.94324700000001,-25.55395],[-56.94324700000001,-25.55305],[-56.944147,-25.55305],[-56.944147,-25.552149999999997],[-56.942347000000005,-25.552149999999997]]]}},{"type":"Feature","properties":{"category":"ndvi_canopy","class":1,"ndvi_low":0.25,"ndvi_high":0.45,"name":"Sparse woody","color":"#84cc16","fill_color":"#84cc16","description":"Scattered trees, woodland edges, agroforestry \u2014 visible canopy not closed.","source":"Sentinel-2 L2A NDVI 4-class polygonised"},"geometry":{"type":"Polygon","coordinates":[[[-56.995447000000006,-25.55305],[-56.995447000000006,-25.55395],[-56.99634700000001,-25.55395],[-56.99634700000001,-25.55305],[-56.995447000000006,-25.55305]]]}},{"type":"Feature","properties":{"category":"ndvi_canopy","class":1,"ndvi_low":0.25,"ndvi_high":0.45,"name":"Sparse woody","color":"#84cc16","fill_color":"#84cc16","description":"Scattered trees, woodland edges, agroforestry \u2014 visible canopy not closed.","source":"Sentinel-2 L2A NDVI 4-class polygonised"},"geometry":{"type":"Polygon","coordinates":[[[-56.945047,-25.55305],[-56.945047,-25.55395],[-56.945947000000004,-25.55395],[-56.945947000000004,-25.55305],[-56.945047,-25.55305]]]}},{"type":"Feature","properties":{"category":"ndvi_canopy","class":1,"ndvi_low":0.25,"ndvi_high":0.45,"name":"Sparse woody","color":"#84cc16","fill_color":"#84cc16","description":"Scattered trees, woodland edges, agroforestry \u2014 visible canopy not closed.","source":"Sentinel-2 L2A NDVI 4-class polygonised"},"geometry":{"type":"Polygon","coordinates":[[[-56.993647,-25.55395],[-56.993647,-25.55485],[-56.994547000000004,-25.55485],[-56.994547000000004,-25.55395],[-56.993647,-25.55395]]]}},{"type":"Feature","properties":{"category":"ndvi_canopy","class":1,"ndvi_low":0.25,"ndvi_high":0.45,"name":"Sparse woody","color":"#84cc16","fill_color":"#84cc16","description":"Scattered trees, woodland edges, agroforestry \u2014 visible canopy not closed.","source":"Sentinel-2 L2A NDVI 4-class polygonised"},"geometry":{"type":"Polygon","coordinates":[[[-56.937847000000005,-25.55395],[-56.937847000000005,-25.55485],[-56.938747000000006,-25.55485],[-56.938747000000006,-25.556649999999998],[-56.939647,-25.556649999999998],[-56.939647,-25.55575],[-56.940547,-25.55575],[-56.940547,-25.55485],[-56.941447000000004,-25.55485],[-56.941447000000004,-25.55395],[-56.937847000000005,-25.55395]]]}},{"type":"Feature","properties":{"category":"ndvi_canopy","class":1,"ndvi_low":0.25,"ndvi_high":0.45,"name":"Sparse woody","color":"#84cc16","fill_color":"#84cc16","description":"Scattered trees, woodland edges, agroforestry \u2014 visible canopy not closed.","source":"Sentinel-2 L2A NDVI 4-class polygonised"},"geometry":{"type":"Polygon","coordinates":[[[-56.944147,-25.55485],[-56.944147,-25.556649999999998],[-56.945047,-25.556649999999998],[-56.945047,-25.55485],[-56.944147,-25.55485]]]}},{"type":"Feature","properties":{"category":"ndvi_canopy","class":1,"ndvi_low":0.25,"ndvi_high":0.45,"name":"Sparse woody","color":"#84cc16","fill_color":"#84cc16","description":"Scattered trees, woodland edges, agroforestry \u2014 visible canopy not closed.","source":"Sentinel-2 L2A NDVI 4-class polygonised"},"geometry":{"type":"Polygon","coordinates":[[[-56.967547,-25.55485],[-56.967547,-25.556649999999998],[-56.968447000000005,-25.556649999999998],[-56.968447000000005,-25.55755],[-56.969347000000006,-25.55755],[-56.969347000000006,-25.556649999999998],[-56.970247,-25.556649999999998],[-56.970247,-25.55575],[-56.969347000000006,-25.55575],[-56.969347000000006,-25.55485],[-56.967547,-25.55485]]]}},{"type":"Feature","properties":{"category":"ndvi_canopy","class":1,"ndvi_low":0.25,"ndvi_high":0.45,"name":"Sparse woody","color":"#84cc16","fill_color":"#84cc16","description":"Scattered trees, woodland edges, agroforestry \u2014 visible canopy not closed.","source":"Sentinel-2 L2A NDVI 4-class polygonised"},"geometry":{"type":"Polygon","coordinates":[[[-56.940547,-25.55575],[-56.940547,-25.55755],[-56.941447000000004,-25.55755],[-56.941447000000004,-25.556649999999998],[-56.942347000000005,-25.556649999999998],[-56.942347000000005,-25.55575],[-56.940547,-25.55575]]]}},{"type":"Feature","properties":{"category":"ndvi_canopy","class":1,"ndvi_low":0.25,"ndvi_high":0.45,"name":"Sparse woody","color":"#84cc16","fill_color":"#84cc16","description":"Scattered trees, woodland edges, agroforestry \u2014 visible canopy not closed.","source":"Sentinel-2 L2A NDVI 4-class polygonised"},"geometry":{"type":"Polygon","coordinates":[[[-56.995447000000006,-25.556649999999998],[-56.995447000000006,-25.55755],[-56.997247,-25.55755],[-56.997247,-25.556649999999998],[-56.995447000000006,-25.556649999999998]]]}},{"type":"Feature","properties":{"category":"ndvi_canopy","class":1,"ndvi_low":0.25,"ndvi_high":0.45,"name":"Sparse woody","color":"#84cc16","fill_color":"#84cc16","description":"Scattered trees, woodland edges, agroforestry \u2014 visible canopy not closed.","source":"Sentinel-2 L2A NDVI 4-class polygonised"},"geometry":{"type":"Polygon","coordinates":[[[-56.942347000000005,-25.556649999999998],[-56.942347000000005,-25.55755],[-56.941447000000004,-25.55755],[-56.941447000000004,-25.55845],[-56.94324700000001,-25.55845],[-56.94324700000001,-25.55755],[-56.944147,-25.55755],[-56.944147,-25.556649999999998],[-56.942347000000005,-25.556649999999998]]]}},{"type":"Feature","properties":{"category":"ndvi_canopy","class":1,"ndvi_low":0.25,"ndvi_high":0.45,"name":"Sparse woody","color":"#84cc16","fill_color":"#84cc16","description":"Scattered trees, woodland edges, agroforestry \u2014 visible canopy not closed.","source":"Sentinel-2 L2A NDVI 4-class polygonised"},"geometry":{"type":"Polygon","coordinates":[[[-56.939647,-25.55755],[-56.939647,-25.55845],[-56.940547,-25.55845],[-56.940547,-25.55755],[-56.939647,-25.55755]]]}},{"type":"Feature","properties":{"category":"ndvi_canopy","class":1,"ndvi_low":0.25,"ndvi_high":0.45,"name":"Sparse woody","color":"#84cc16","fill_color":"#84cc16","description":"Scattered trees, woodland edges, agroforestry \u2014 visible canopy not closed.","source":"Sentinel-2 L2A NDVI 4-class polygonised"},"geometry":{"type":"Polygon","coordinates":[[[-56.976547000000004,-25.55395],[-56.976547000000004,-25.556649999999998],[-56.975647,-25.556649999999998],[-56.975647,-25.55755],[-56.976547000000004,-25.55755],[-56.976547000000004,-25.55845],[-56.977447000000005,-25.55845],[-56.977447000000005,-25.55935],[-56.97834700000001,-25.55935],[-56.97834700000001,-25.55755],[-56.977447000000005,-25.55755],[-56.977447000000005,-25.556649999999998],[-56.97834700000001,-25.556649999999998],[-56.97834700000001,-25.55575],[-56.979247,-25.55575],[-56.979247,-25.55485],[-56.977447000000005,-25.55485],[-56.977447000000005,-25.55395],[-56.976547000000004,-25.55395]]]}},{"type":"Feature","properties":{"category":"ndvi_canopy","class":1,"ndvi_low":0.25,"ndvi_high":0.45,"name":"Sparse woody","color":"#84cc16","fill_color":"#84cc16","description":"Scattered trees, woodland edges, agroforestry \u2014 visible canopy not closed.","source":"Sentinel-2 L2A NDVI 4-class polygonised"},"geometry":{"type":"Polygon","coordinates":[[[-56.931547,-25.55935],[-56.931547,-25.55755],[-56.930765,-25.55755],[-56.930765,-25.55935],[-56.931547,-25.55935]]]}},{"type":"Feature","properties":{"category":"ndvi_canopy","class":1,"ndvi_low":0.25,"ndvi_high":0.45,"name":"Sparse woody","color":"#84cc16","fill_color":"#84cc16","description":"Scattered trees, woodland edges, agroforestry \u2014 visible canopy not closed.","source":"Sentinel-2 L2A NDVI 4-class polygonised"},"geometry":{"type":"Polygon","coordinates":[[[-56.955847000000006,-25.55845],[-56.955847000000006,-25.55935],[-56.95674700000001,-25.55935],[-56.95674700000001,-25.55845],[-56.955847000000006,-25.55845]]]}},{"type":"Feature","properties":{"category":"ndvi_canopy","class":1,"ndvi_low":0.25,"ndvi_high":0.45,"name":"Sparse woody","color":"#84cc16","fill_color":"#84cc16","description":"Scattered trees, woodland edges, agroforestry \u2014 visible canopy not closed.","source":"Sentinel-2 L2A NDVI 4-class polygonised"},"geometry":{"type":"Polygon","coordinates":[[[-56.999947000000006,-25.55845],[-56.999947000000006,-25.56025],[-57.000847,-25.56025],[-57.000847,-25.55845],[-56.999947000000006,-25.55845]]]}},{"type":"Feature","properties":{"category":"ndvi_canopy","class":1,"ndvi_low":0.25,"ndvi_high":0.45,"name":"Sparse woody","color":"#84cc16","fill_color":"#84cc16","description":"Scattered trees, woodland edges, agroforestry \u2014 visible canopy not closed.","source":"Sentinel-2 L2A NDVI 4-class polygonised"},"geometry":{"type":"Polygon","coordinates":[[[-56.95224700000001,-25.55935],[-56.95224700000001,-25.56025],[-56.953147,-25.56025],[-56.953147,-25.55935],[-56.95224700000001,-25.55935]]]}},{"type":"Feature","properties":{"category":"ndvi_canopy","class":1,"ndvi_low":0.25,"ndvi_high":0.45,"name":"Sparse woody","color":"#84cc16","fill_color":"#84cc16","description":"Scattered trees, woodland edges, agroforestry \u2014 visible canopy not closed.","source":"Sentinel-2 L2A NDVI 4-class polygonised"},"geometry":{"type":"Polygon","coordinates":[[[-56.967547,-25.56025],[-56.967547,-25.561149999999998],[-56.968447000000005,-25.561149999999998],[-56.968447000000005,-25.56025],[-56.967547,-25.56025]]]}},{"type":"Feature","properties":{"category":"ndvi_canopy","class":1,"ndvi_low":0.25,"ndvi_high":0.45,"name":"Sparse woody","color":"#84cc16","fill_color":"#84cc16","description":"Scattered trees, woodland edges, agroforestry \u2014 visible canopy not closed.","source":"Sentinel-2 L2A NDVI 4-class polygonised"},"geometry":{"type":"Polygon","coordinates":[[[-56.963947000000005,-25.56025],[-56.963947000000005,-25.561149999999998],[-56.964847000000006,-25.561149999999998],[-56.964847000000006,-25.56025],[-56.963947000000005,-25.56025]]]}},{"type":"Feature","properties":{"category":"ndvi_canopy","class":1,"ndvi_low":0.25,"ndvi_high":0.45,"name":"Sparse woody","color":"#84cc16","fill_color":"#84cc16","description":"Scattered trees, woodland edges, agroforestry \u2014 visible canopy not closed.","source":"Sentinel-2 L2A NDVI 4-class polygonised"},"geometry":{"type":"Polygon","coordinates":[[[-56.945947000000004,-25.55935],[-56.945947000000004,-25.561149999999998],[-56.946847000000005,-25.561149999999998],[-56.946847000000005,-25.56205],[-56.948647,-25.56205],[-56.948647,-25.561149999999998],[-56.94774700000001,-25.561149999999998],[-56.94774700000001,-25.56025],[-56.946847000000005,-25.56025],[-56.946847000000005,-25.55935],[-56.945947000000004,-25.55935]]]}},{"type":"Feature","properties":{"category":"ndvi_canopy","class":1,"ndvi_low":0.25,"ndvi_high":0.45,"name":"Sparse woody","color":"#84cc16","fill_color":"#84cc16","description":"Scattered trees, woodland edges, agroforestry \u2014 visible canopy not closed.","source":"Sentinel-2 L2A NDVI 4-class polygonised"},"geometry":{"type":"Polygon","coordinates":[[[-56.972947000000005,-25.56025],[-56.972947000000005,-25.56205],[-56.971147,-25.56205],[-56.971147,-25.56295],[-56.973847000000006,-25.56295],[-56.973847000000006,-25.56205],[-56.974747,-25.56205],[-56.974747,-25.56295],[-56.977447000000005,-25.56295],[-56.977447000000005,-25.56205],[-56.980147,-25.56205],[-56.980147,-25.561149999999998],[-56.977447000000005,-25.561149999999998],[-56.977447000000005,-25.56025],[-56.972947000000005,-25.56025]]]}},{"type":"Feature","properties":{"category":"ndvi_canopy","class":1,"ndvi_low":0.25,"ndvi_high":0.45,"name":"Sparse woody","color":"#84cc16","fill_color":"#84cc16","description":"Scattered trees, woodland edges, agroforestry \u2014 visible canopy not closed.","source":"Sentinel-2 L2A NDVI 4-class polygonised"},"geometry":{"type":"Polygon","coordinates":[[[-56.942347000000005,-25.561149999999998],[-56.942347000000005,-25.56205],[-56.94324700000001,-25.56205],[-56.94324700000001,-25.56295],[-56.944147,-25.56295],[-56.944147,-25.56205],[-56.945947000000004,-25.56205],[-56.945947000000004,-25.561149999999998],[-56.942347000000005,-25.561149999999998]]]}},{"type":"Feature","properties":{"category":"ndvi_canopy","class":1,"ndvi_low":0.25,"ndvi_high":0.45,"name":"Sparse woody","color":"#84cc16","fill_color":"#84cc16","description":"Scattered trees, woodland edges, agroforestry \u2014 visible canopy not closed.","source":"Sentinel-2 L2A NDVI 4-class polygonised"},"geometry":{"type":"Polygon","coordinates":[[[-56.989147,-25.56205],[-56.989147,-25.56295],[-56.992747,-25.56295],[-56.992747,-25.56205],[-56.989147,-25.56205]]]}},{"type":"Feature","properties":{"category":"ndvi_canopy","class":1,"ndvi_low":0.25,"ndvi_high":0.45,"name":"Sparse woody","color":"#84cc16","fill_color":"#84cc16","description":"Scattered trees, woodland edges, agroforestry \u2014 visible canopy not closed.","source":"Sentinel-2 L2A NDVI 4-class polygonised"},"geometry":{"type":"Polygon","coordinates":[[[-56.968447000000005,-25.561149999999998],[-56.968447000000005,-25.56205],[-56.967547,-25.56205],[-56.967547,-25.561149999999998],[-56.966647,-25.561149999999998],[-56.966647,-25.56205],[-56.965747,-25.56205],[-56.965747,-25.56385],[-56.966647,-25.56385],[-56.966647,-25.56295],[-56.970247,-25.56295],[-56.970247,-25.56205],[-56.969347000000006,-25.56205],[-56.969347000000006,-25.561149999999998],[-56.968447000000005,-25.561149999999998]]]}},{"type":"Feature","properties":{"category":"ndvi_canopy","class":1,"ndvi_low":0.25,"ndvi_high":0.45,"name":"Sparse woody","color":"#84cc16","fill_color":"#84cc16","description":"Scattered trees, woodland edges, agroforestry \u2014 visible canopy not closed.","source":"Sentinel-2 L2A NDVI 4-class polygonised"},"geometry":{"type":"Polygon","coordinates":[[[-56.940547,-25.55935],[-56.940547,-25.56025],[-56.938747000000006,-25.56025],[-56.938747000000006,-25.56205],[-56.937847000000005,-25.56205],[-56.937847000000005,-25.56295],[-56.938747000000006,-25.56295],[-56.938747000000006,-25.56385],[-56.940547,-25.56385],[-56.940547,-25.56205],[-56.939647,-25.56205],[-56.939647,-25.561149999999998],[-56.941447000000004,-25.561149999999998],[-56.941447000000004,-25.55935],[-56.940547,-25.55935]]]}},{"type":"Feature","properties":{"category":"ndvi_canopy","class":1,"ndvi_low":0.25,"ndvi_high":0.45,"name":"Sparse woody","color":"#84cc16","fill_color":"#84cc16","description":"Scattered trees, woodland edges, agroforestry \u2014 visible canopy not closed.","source":"Sentinel-2 L2A NDVI 4-class polygonised"},"geometry":{"type":"Polygon","coordinates":[[[-56.963047,-25.56295],[-56.963047,-25.56385],[-56.964847000000006,-25.56385],[-56.964847000000006,-25.56295],[-56.963047,-25.56295]]]}},{"type":"Feature","properties":{"category":"ndvi_canopy","class":1,"ndvi_low":0.25,"ndvi_high":0.45,"name":"Sparse woody","color":"#84cc16","fill_color":"#84cc16","description":"Scattered trees, woodland edges, agroforestry \u2014 visible canopy not closed.","source":"Sentinel-2 L2A NDVI 4-class polygonised"},"geometry":{"type":"Polygon","coordinates":[[[-56.999047000000004,-25.56385],[-56.999047000000004,-25.56475],[-57.000847,-25.56475],[-57.000847,-25.56385],[-56.999047000000004,-25.56385]]]}},{"type":"Feature","properties":{"category":"ndvi_canopy","class":1,"ndvi_low":0.25,"ndvi_high":0.45,"name":"Sparse woody","color":"#84cc16","fill_color":"#84cc16","description":"Scattered trees, woodland edges, agroforestry \u2014 visible canopy not closed.","source":"Sentinel-2 L2A NDVI 4-class polygonised"},"geometry":{"type":"Polygon","coordinates":[[[-56.962147,-25.56385],[-56.962147,-25.56475],[-56.963047,-25.56475],[-56.963047,-25.56385],[-56.962147,-25.56385]]]}},{"type":"Feature","properties":{"category":"ndvi_canopy","class":1,"ndvi_low":0.25,"ndvi_high":0.45,"name":"Sparse woody","color":"#84cc16","fill_color":"#84cc16","description":"Scattered trees, woodland edges, agroforestry \u2014 visible canopy not closed.","source":"Sentinel-2 L2A NDVI 4-class polygonised"},"geometry":{"type":"Polygon","coordinates":[[[-56.970247,-25.56475],[-56.970247,-25.565649999999998],[-56.972047,-25.565649999999998],[-56.972047,-25.56475],[-56.970247,-25.56475]]]}},{"type":"Feature","properties":{"category":"ndvi_canopy","class":1,"ndvi_low":0.25,"ndvi_high":0.45,"name":"Sparse woody","color":"#84cc16","fill_color":"#84cc16","description":"Scattered trees, woodland edges, agroforestry \u2014 visible canopy not closed.","source":"Sentinel-2 L2A NDVI 4-class polygonised"},"geometry":{"type":"Polygon","coordinates":[[[-56.935147,-25.54675],[-56.933347000000005,-25.54675],[-56.933347000000005,-25.545849999999998],[-56.932447,-25.545849999999998],[-56.932447,-25.54495],[-56.930765,-25.54495],[-56.930765,-25.545849999999998],[-56.931547,-25.545849999999998],[-56.931547,-25.54675],[-56.930765,-25.54675],[-56.930765,-25.54945],[-56.933347000000005,-25.54945],[-56.933347000000005,-25.55125],[-56.934247000000006,-25.55125],[-56.934247000000006,-25.552149999999997],[-56.931547,-25.552149999999997],[-56.931547,-25.55395],[-56.930765,-25.55395],[-56.930765,-25.556649999999998],[-56.932447,-25.556649999999998],[-56.932447,-25.561149999999998],[-56.930765,-25.561149999999998],[-56.930765,-25.56295],[-56.931547,-25.56295],[-56.931547,-25.56385],[-56.936047,-25.56385],[-56.936047,-25.56475],[-56.936947,-25.56475],[-56.936947,-25.565649999999998],[-56.938747000000006,-25.565649999999998],[-56.938747000000006,-25.56475],[-56.937847000000005,-25.56475],[-56.937847000000005,-25.56385],[-56.936947,-25.56385],[-56.936947,-25.561149999999998],[-56.936047,-25.561149999999998],[-56.936047,-25.56205],[-56.935147,-25.56205],[-56.935147,-25.56295],[-56.934247000000006,-25.56295],[-56.934247000000006,-25.56205],[-56.933347000000005,-25.56205],[-56.933347000000005,-25.561149999999998],[-56.935147,-25.561149999999998],[-56.935147,-25.56025],[-56.934247000000006,-25.56025],[-56.934247000000006,-25.55755],[-56.935147,-25.55755],[-56.935147,-25.556649999999998],[-56.937847000000005,-25.556649999999998],[-56.937847000000005,-25.55485],[-56.936947,-25.55485],[-56.936947,-25.55395],[-56.936047,-25.55395],[-56.936047,-25.550349999999998],[-56.936947,-25.550349999999998],[-56.936947,-25.54945],[-56.935147,-25.54945],[-56.935147,-25.54675]],[[-56.935147,-25.552149999999997],[-56.935147,-25.55305],[-56.934247000000006,-25.55305],[-56.934247000000006,-25.552149999999997],[-56.935147,-25.552149999999997]],[[-56.933347000000005,-25.55755],[-56.933347000000005,-25.55575],[-56.934247000000006,-25.55575],[-56.934247000000006,-25.55755],[-56.933347000000005,-25.55755]],[[-56.935147,-25.550349999999998],[-56.934247000000006,-25.550349999999998],[-56.934247000000006,-25.54945],[-56.935147,-25.54945],[-56.935147,-25.550349999999998]],[[-56.936047,-25.55575],[-56.935147,-25.55575],[-56.935147,-25.55485],[-56.936047,-25.55485],[-56.936047,-25.55575]]]}},{"type":"Feature","properties":{"category":"ndvi_canopy","class":1,"ndvi_low":0.25,"ndvi_high":0.45,"name":"Sparse woody","color":"#84cc16","fill_color":"#84cc16","description":"Scattered trees, woodland edges, agroforestry \u2014 visible canopy not closed.","source":"Sentinel-2 L2A NDVI 4-class polygonised"},"geometry":{"type":"Polygon","coordinates":[[[-56.931547,-25.565649999999998],[-56.931547,-25.56475],[-56.930765,-25.56475],[-56.930765,-25.565649999999998],[-56.931547,-25.565649999999998]]]}},{"type":"Feature","properties":{"category":"ndvi_canopy","class":1,"ndvi_low":0.25,"ndvi_high":0.45,"name":"Sparse woody","color":"#84cc16","fill_color":"#84cc16","description":"Scattered trees, woodland edges, agroforestry \u2014 visible canopy not closed.","source":"Sentinel-2 L2A NDVI 4-class polygonised"},"geometry":{"type":"Polygon","coordinates":[[[-56.944147,-25.56385],[-56.944147,-25.56655],[-56.945047,-25.56655],[-56.945047,-25.56385],[-56.944147,-25.56385]]]}},{"type":"Feature","properties":{"category":"ndvi_canopy","class":1,"ndvi_low":0.25,"ndvi_high":0.45,"name":"Sparse woody","color":"#84cc16","fill_color":"#84cc16","description":"Scattered trees, woodland edges, agroforestry \u2014 visible canopy not closed.","source":"Sentinel-2 L2A NDVI 4-class polygonised"},"geometry":{"type":"Polygon","coordinates":[[[-56.936047,-25.565649999999998],[-56.936047,-25.56655],[-56.936947,-25.56655],[-56.936947,-25.565649999999998],[-56.936047,-25.565649999999998]]]}},{"type":"Feature","properties":{"category":"ndvi_canopy","class":1,"ndvi_low":0.25,"ndvi_high":0.45,"name":"Sparse woody","color":"#84cc16","fill_color":"#84cc16","description":"Scattered trees, woodland edges, agroforestry \u2014 visible canopy not closed.","source":"Sentinel-2 L2A NDVI 4-class polygonised"},"geometry":{"type":"Polygon","coordinates":[[[-56.999047000000004,-25.565649999999998],[-56.999047000000004,-25.56655],[-56.998147,-25.56655],[-56.998147,-25.567449999999997],[-56.999947000000006,-25.567449999999997],[-56.999947000000006,-25.565649999999998],[-56.999047000000004,-25.565649999999998]]]}},{"type":"Feature","properties":{"category":"ndvi_canopy","class":1,"ndvi_low":0.25,"ndvi_high":0.45,"name":"Sparse woody","color":"#84cc16","fill_color":"#84cc16","description":"Scattered trees, woodland edges, agroforestry \u2014 visible canopy not closed.","source":"Sentinel-2 L2A NDVI 4-class polygonised"},"geometry":{"type":"Polygon","coordinates":[[[-56.972947000000005,-25.56475],[-56.972947000000005,-25.565649999999998],[-56.972047,-25.565649999999998],[-56.972047,-25.56655],[-56.972947000000005,-25.56655],[-56.972947000000005,-25.567449999999997],[-56.974747,-25.567449999999997],[-56.974747,-25.565649999999998],[-56.973847000000006,-25.565649999999998],[-56.973847000000006,-25.56475],[-56.972947000000005,-25.56475]]]}},{"type":"Feature","properties":{"category":"ndvi_canopy","class":1,"ndvi_low":0.25,"ndvi_high":0.45,"name":"Sparse woody","color":"#84cc16","fill_color":"#84cc16","description":"Scattered trees, woodland edges, agroforestry \u2014 visible canopy not closed.","source":"Sentinel-2 L2A NDVI 4-class polygonised"},"geometry":{"type":"Polygon","coordinates":[[[-56.988247,-25.55305],[-56.98734700000001,-25.55305],[-56.98734700000001,-25.552149999999997],[-56.986447000000005,-25.552149999999997],[-56.986447000000005,-25.54945],[-56.985547000000004,-25.54945],[-56.985547000000004,-25.547649999999997],[-56.984647,-25.547649999999997],[-56.984647,-25.545849999999998],[-56.983747,-25.545849999999998],[-56.983747,-25.54495],[-56.981947000000005,-25.54495],[-56.981947000000005,-25.54405],[-56.979247,-25.54405],[-56.979247,-25.54495],[-56.975647,-25.54495],[-56.975647,-25.54405],[-56.977447000000005,-25.54405],[-56.977447000000005,-25.54315],[-56.975647,-25.54315],[-56.975647,-25.54225],[-56.974747,-25.54225],[-56.974747,-25.54405],[-56.973847000000006,-25.54405],[-56.973847000000006,-25.54495],[-56.972947000000005,-25.54495],[-56.972947000000005,-25.545849999999998],[-56.972047,-25.545849999999998],[-56.972047,-25.54495],[-56.970247,-25.54495],[-56.970247,-25.545849999999998],[-56.968447000000005,-25.545849999999998],[-56.968447000000005,-25.54495],[-56.963047,-25.54495],[-56.963047,-25.54405],[-56.962147,-25.54405],[-56.962147,-25.54315],[-56.957647,-25.54315],[-56.957647,-25.54225],[-56.954047,-25.54225],[-56.954047,-25.541349999999998],[-56.953147,-25.541349999999998],[-56.953147,-25.54045],[-56.95224700000001,-25.54045],[-56.95224700000001,-25.53955],[-56.950447000000004,-25.53955],[-56.950447000000004,-25.53865],[-56.949547,-25.53865],[-56.949547,-25.53775],[-56.948647,-25.53775],[-56.948647,-25.54045],[-56.941447000000004,-25.54045],[-56.941447000000004,-25.53865],[-56.940547,-25.53865],[-56.940547,-25.53775],[-56.939647,-25.53775],[-56.939647,-25.536849999999998],[-56.938747000000006,-25.536849999999998],[-56.938747000000006,-25.53775],[-56.937847000000005,-25.53775],[-56.937847000000005,-25.53955],[-56.940547,-25.53955],[-56.940547,-25.54045],[-56.937847000000005,-25.54045],[-56.937847000000005,-25.541349999999998],[-56.939647,-25.541349999999998],[-56.939647,-25.54405],[-56.941447000000004,-25.54405],[-56.941447000000004,-25.54315],[-56.942347000000005,-25.54315],[-56.942347000000005,-25.545849999999998],[-56.94324700000001,-25.545849999999998],[-56.94324700000001,-25.54675],[-56.945047,-25.54675],[-56.945047,-25.54495],[-56.945947000000004,-25.54495],[-56.945947000000004,-25.54405],[-56.946847000000005,-25.54405],[-56.946847000000005,-25.54495],[-56.94774700000001,-25.54495],[-56.94774700000001,-25.545849999999998],[-56.946847000000005,-25.545849999999998],[-56.946847000000005,-25.54855],[-56.948647,-25.54855],[-56.948647,-25.54945],[-56.94774700000001,-25.54945],[-56.94774700000001,-25.550349999999998],[-56.948647,-25.550349999999998],[-56.948647,-25.55125],[-56.946847000000005,-25.55125],[-56.946847000000005,-25.55395],[-56.951347000000005,-25.55395],[-56.951347000000005,-25.55485],[-56.95224700000001,-25.55485],[-56.95224700000001,-25.55575],[-56.953147,-25.55575],[-56.953147,-25.55395],[-56.954047,-25.55395],[-56.954047,-25.55305],[-56.954947000000004,-25.55305],[-56.954947000000004,-25.55485],[-56.95674700000001,-25.55485],[-56.95674700000001,-25.55575],[-56.959447000000004,-25.55575],[-56.959447000000004,-25.55755],[-56.96124700000001,-25.55755],[-56.96124700000001,-25.55845],[-56.957647,-25.55845],[-56.957647,-25.56025],[-56.95674700000001,-25.56025],[-56.95674700000001,-25.56295],[-56.957647,-25.56295],[-56.957647,-25.56385],[-56.958547,-25.56385],[-56.958547,-25.56475],[-56.960347000000006,-25.56475],[-56.960347000000006,-25.56385],[-56.96124700000001,-25.56385],[-56.96124700000001,-25.56295],[-56.962147,-25.56295],[-56.962147,-25.56205],[-56.960347000000006,-25.56205],[-56.960347000000006,-25.56295],[-56.959447000000004,-25.56295],[-56.959447000000004,-25.56205],[-56.957647,-25.56205],[-56.957647,-25.561149999999998],[-56.960347000000006,-25.561149999999998],[-56.960347000000006,-25.56025],[-56.96124700000001,-25.56025],[-56.96124700000001,-25.55935],[-56.962147,-25.55935],[-56.962147,-25.56025],[-56.963947000000005,-25.56025],[-56.963947000000005,-25.55935],[-56.964847000000006,-25.55935],[-56.964847000000006,-25.56025],[-56.966647,-25.56025],[-56.966647,-25.556649999999998],[-56.964847000000006,-25.556649999999998],[-56.964847000000006,-25.55755],[-56.965747,-25.55755],[-56.965747,-25.55845],[-56.963947000000005,-25.55845],[-56.963947000000005,-25.55755],[-56.963047,-25.55755],[-56.963047,-25.556649999999998],[-56.963947000000005,-25.556649999999998],[-56.963947000000005,-25.55575],[-56.963047,-25.55575],[-56.963047,-25.55395],[-56.963947000000005,-25.55395],[-56.963947000000005,-25.552149999999997],[-56.964847000000006,-25.552149999999997],[-56.964847000000006,-25.55125],[-56.965747,-25.55125],[-56.965747,-25.550349999999998],[-56.963947000000005,-25.550349999999998],[-56.963947000000005,-25.54945],[-56.964847000000006,-25.54945],[-56.964847000000006,-25.54855],[-56.965747,-25.54855],[-56.965747,-25.54945],[-56.966647,-25.54945],[-56.966647,-25.547649999999997],[-56.968447000000005,-25.547649999999997],[-56.968447000000005,-25.550349999999998],[-56.969347000000006,-25.550349999999998],[-56.969347000000006,-25.54945],[-56.971147,-25.54945],[-56.971147,-25.550349999999998],[-56.972947000000005,-25.550349999999998],[-56.972947000000005,-25.55125],[-56.973847000000006,-25.55125],[-56.973847000000006,-25.54945],[-56.972947000000005,-25.54945],[-56.972947000000005,-25.547649999999997],[-56.971147,-25.547649999999997],[-56.971147,-25.54855],[-56.969347000000006,-25.54855],[-56.969347000000006,-25.54675],[-56.973847000000006,-25.54675],[-56.973847000000006,-25.547649999999997],[-56.974747,-25.547649999999997],[-56.974747,-25.550349999999998],[-56.975647,-25.550349999999998],[-56.975647,-25.54855],[-56.976547000000004,-25.54855],[-56.976547000000004,-25.54675],[-56.979247,-25.54675],[-56.979247,-25.547649999999997],[-56.977447000000005,-25.547649999999997],[-56.977447000000005,-25.54855],[-56.97834700000001,-25.54855],[-56.97834700000001,-25.55305],[-56.977447000000005,-25.55305],[-56.977447000000005,-25.55395],[-56.980147,-25.55395],[-56.980147,-25.552149999999997],[-56.981047000000004,-25.552149999999997],[-56.981047000000004,-25.550349999999998],[-56.981947000000005,-25.550349999999998],[-56.981947000000005,-25.54945],[-56.981047000000004,-25.54945],[-56.981047000000004,-25.54855],[-56.98284700000001,-25.54855],[-56.98284700000001,-25.550349999999998],[-56.983747,-25.550349999999998],[-56.983747,-25.55395],[-56.984647,-25.55395],[-56.984647,-25.55575],[-56.985547000000004,-25.55575],[-56.985547000000004,-25.55845],[-56.986447000000005,-25.55845],[-56.986447000000005,-25.55935],[-56.98734700000001,-25.55935],[-56.98734700000001,-25.56025],[-56.992747,-25.56025],[-56.992747,-25.561149999999998],[-56.994547000000004,-25.561149999999998],[-56.994547000000004,-25.56295],[-56.995447000000006,-25.56295],[-56.995447000000006,-25.56385],[-56.993647,-25.56385],[-56.993647,-25.56475],[-56.992747,-25.56475],[-56.992747,-25.56655],[-56.99184700000001,-25.56655],[-56.99184700000001,-25.56835],[-56.99634700000001,-25.56835],[-56.99634700000001,-25.565649999999998],[-56.997247,-25.565649999999998],[-56.997247,-25.56205],[-56.998147,-25.56205],[-56.998147,-25.55935],[-56.999047000000004,-25.55935],[-56.999047000000004,-25.55845],[-56.999947000000006,-25.55845],[-56.999947000000006,-25.556649999999998],[-56.998147,-25.556649999999998],[-56.998147,-25.55755],[-56.997247,-25.55755],[-56.997247,-25.55845],[-56.993647,-25.55845],[-56.993647,-25.55755],[-56.992747,-25.55755],[-56.992747,-25.55845],[-56.99184700000001,-25.55845],[-56.99184700000001,-25.556649999999998],[-56.990947000000006,-25.556649999999998],[-56.990947000000006,-25.55485],[-56.989147,-25.55485],[-56.989147,-25.55575],[-56.988247,-25.55575],[-56.988247,-25.55305]],[[-56.940547,-25.54315],[-56.940547,-25.54225],[-56.941447000000004,-25.54225],[-56.941447000000004,-25.54315],[-56.940547,-25.54315]],[[-56.945047,-25.54405],[-56.945047,-25.54315],[-56.945947000000004,-25.54315],[-56.945947000000004,-25.54405],[-56.945047,-25.54405]],[[-56.948647,-25.54675],[-56.949547,-25.54675],[-56.949547,-25.54405],[-56.950447000000004,-25.54405],[-56.950447000000004,-25.54315],[-56.949547,-25.54315],[-56.949547,-25.54225],[-56.950447000000004,-25.54225],[-56.950447000000004,-25.541349999999998],[-56.951347000000005,-25.541349999999998],[-56.951347000000005,-25.54315],[-56.953147,-25.54315],[-56.953147,-25.54495],[-56.954947000000004,-25.54495],[-56.954947000000004,-25.545849999999998],[-56.955847000000006,-25.545849999999998],[-56.955847000000006,-25.54495],[-56.95674700000001,-25.54495],[-56.95674700000001,-25.545849999999998],[-56.957647,-25.545849999999998],[-56.957647,-25.54945],[-56.955847000000006,-25.54945],[-56.955847000000006,-25.547649999999997],[-56.954047,-25.547649999999997],[-56.954047,-25.545849999999998],[-56.951347000000005,-25.545849999999998],[-56.951347000000005,-25.550349999999998],[-56.950447000000004,-25.550349999999998],[-56.950447000000004,-25.54945],[-56.949547,-25.54945],[-56.949547,-25.54855],[-56.948647,-25.54855],[-56.948647,-25.54675]],[[-56.949547,-25.541349999999998],[-56.949547,-25.54045],[-56.950447000000004,-25.54045],[-56.950447000000004,-25.541349999999998],[-56.949547,-25.541349999999998]],[[-56.994547000000004,-25.56025],[-56.995447000000006,-25.56025],[-56.995447000000006,-25.561149999999998],[-56.994547000000004,-25.561149999999998],[-56.994547000000004,-25.56025]],[[-56.988247,-25.556649999999998],[-56.98734700000001,-25.556649999999998],[-56.98734700000001,-25.55575],[-56.988247,-25.55575],[-56.988247,-25.556649999999998]],[[-56.94774700000001,-25.54315],[-56.946847000000005,-25.54315],[-56.946847000000005,-25.54225],[-56.945947000000004,-25.54225],[-56.945947000000004,-25.541349999999998],[-56.94774700000001,-25.541349999999998],[-56.94774700000001,-25.54315]],[[-56.960347000000006,-25.547649999999997],[-56.96124700000001,-25.547649999999997],[-56.96124700000001,-25.54855],[-56.963047,-25.54855],[-56.963047,-25.54945],[-56.962147,-25.54945],[-56.962147,-25.55125],[-56.963047,-25.55125],[-56.963047,-25.552149999999997],[-56.962147,-25.552149999999997],[-56.962147,-25.55395],[-56.959447000000004,-25.55395],[-56.959447000000004,-25.552149999999997],[-56.958547,-25.552149999999997],[-56.958547,-25.54675],[-56.960347000000006,-25.54675],[-56.960347000000006,-25.547649999999997]],[[-56.953147,-25.54945],[-56.95224700000001,-25.54945],[-56.95224700000001,-25.54855],[-56.953147,-25.54855],[-56.953147,-25.54945]],[[-56.95674700000001,-25.55125],[-56.955847000000006,-25.55125],[-56.955847000000006,-25.550349999999998],[-56.95674700000001,-25.550349999999998],[-56.95674700000001,-25.55125]],[[-56.959447000000004,-25.56025],[-56.958547,-25.56025],[-56.958547,-25.55935],[-56.959447000000004,-25.55935],[-56.959447000000004,-25.56025]]]}},{"type":"Feature","properties":{"category":"ndvi_canopy","class":1,"ndvi_low":0.25,"ndvi_high":0.45,"name":"Sparse woody","color":"#84cc16","fill_color":"#84cc16","description":"Scattered trees, woodland edges, agroforestry \u2014 visible canopy not closed.","source":"Sentinel-2 L2A NDVI 4-class polygonised"},"geometry":{"type":"Polygon","coordinates":[[[-56.960347000000006,-25.56475],[-56.960347000000006,-25.56655],[-56.958547,-25.56655],[-56.958547,-25.567449999999997],[-56.959447000000004,-25.567449999999997],[-56.959447000000004,-25.56835],[-56.960347000000006,-25.56835],[-56.960347000000006,-25.567449999999997],[-56.96124700000001,-25.567449999999997],[-56.96124700000001,-25.56835],[-56.962147,-25.56835],[-56.962147,-25.56655],[-56.96124700000001,-25.56655],[-56.96124700000001,-25.565649999999998],[-56.962147,-25.565649999999998],[-56.962147,-25.56475],[-56.960347000000006,-25.56475]]]}},{"type":"Feature","properties":{"category":"ndvi_canopy","class":1,"ndvi_low":0.25,"ndvi_high":0.45,"name":"Sparse woody","color":"#84cc16","fill_color":"#84cc16","description":"Scattered trees, woodland edges, agroforestry \u2014 visible canopy not closed.","source":"Sentinel-2 L2A NDVI 4-class polygonised"},"geometry":{"type":"Polygon","coordinates":[[[-56.937847000000005,-25.567449999999997],[-56.937847000000005,-25.56835],[-56.938747000000006,-25.56835],[-56.938747000000006,-25.567449999999997],[-56.937847000000005,-25.567449999999997]]]}},{"type":"Feature","properties":{"category":"ndvi_canopy","class":1,"ndvi_low":0.25,"ndvi_high":0.45,"name":"Sparse woody","color":"#84cc16","fill_color":"#84cc16","description":"Scattered trees, woodland edges, agroforestry \u2014 visible canopy not closed.","source":"Sentinel-2 L2A NDVI 4-class polygonised"},"geometry":{"type":"Polygon","coordinates":[[[-56.931547,-25.565649999999998],[-56.931547,-25.56835],[-56.934247000000006,-25.56835],[-56.934247000000006,-25.567449999999997],[-56.933347000000005,-25.567449999999997],[-56.933347000000005,-25.565649999999998],[-56.931547,-25.565649999999998]]]}},{"type":"Feature","properties":{"category":"ndvi_canopy","class":1,"ndvi_low":0.25,"ndvi_high":0.45,"name":"Sparse woody","color":"#84cc16","fill_color":"#84cc16","description":"Scattered trees, woodland edges, agroforestry \u2014 visible canopy not closed.","source":"Sentinel-2 L2A NDVI 4-class polygonised"},"geometry":{"type":"Polygon","coordinates":[[[-56.977447000000005,-25.56835],[-56.977447000000005,-25.56925],[-56.97834700000001,-25.56925],[-56.97834700000001,-25.56835],[-56.977447000000005,-25.56835]]]}},{"type":"Feature","properties":{"category":"ndvi_canopy","class":1,"ndvi_low":0.25,"ndvi_high":0.45,"name":"Sparse woody","color":"#84cc16","fill_color":"#84cc16","description":"Scattered trees, woodland edges, agroforestry \u2014 visible canopy not closed.","source":"Sentinel-2 L2A NDVI 4-class polygonised"},"geometry":{"type":"Polygon","coordinates":[[[-56.944147,-25.56835],[-56.944147,-25.56925],[-56.945947000000004,-25.56925],[-56.945947000000004,-25.56835],[-56.944147,-25.56835]]]}},{"type":"Feature","properties":{"category":"ndvi_canopy","class":1,"ndvi_low":0.25,"ndvi_high":0.45,"name":"Sparse woody","color":"#84cc16","fill_color":"#84cc16","description":"Scattered trees, woodland edges, agroforestry \u2014 visible canopy not closed.","source":"Sentinel-2 L2A NDVI 4-class polygonised"},"geometry":{"type":"Polygon","coordinates":[[[-56.942347000000005,-25.56835],[-56.942347000000005,-25.56925],[-56.94324700000001,-25.56925],[-56.94324700000001,-25.56835],[-56.942347000000005,-25.56835]]]}},{"type":"Feature","properties":{"category":"ndvi_canopy","class":1,"ndvi_low":0.25,"ndvi_high":0.45,"name":"Sparse woody","color":"#84cc16","fill_color":"#84cc16","description":"Scattered trees, woodland edges, agroforestry \u2014 visible canopy not closed.","source":"Sentinel-2 L2A NDVI 4-class polygonised"},"geometry":{"type":"Polygon","coordinates":[[[-56.963947000000005,-25.56835],[-56.963947000000005,-25.570149999999998],[-56.964847000000006,-25.570149999999998],[-56.964847000000006,-25.56925],[-56.966647,-25.56925],[-56.966647,-25.56835],[-56.963947000000005,-25.56835]]]}},{"type":"Feature","properties":{"category":"ndvi_canopy","class":1,"ndvi_low":0.25,"ndvi_high":0.45,"name":"Sparse woody","color":"#84cc16","fill_color":"#84cc16","description":"Scattered trees, woodland edges, agroforestry \u2014 visible canopy not closed.","source":"Sentinel-2 L2A NDVI 4-class polygonised"},"geometry":{"type":"Polygon","coordinates":[[[-56.940547,-25.567449999999997],[-56.940547,-25.56835],[-56.939647,-25.56835],[-56.939647,-25.56925],[-56.940547,-25.56925],[-56.940547,-25.57105],[-56.941447000000004,-25.57105],[-56.941447000000004,-25.567449999999997],[-56.940547,-25.567449999999997]]]}},{"type":"Feature","properties":{"category":"ndvi_canopy","class":1,"ndvi_low":0.25,"ndvi_high":0.45,"name":"Sparse woody","color":"#84cc16","fill_color":"#84cc16","description":"Scattered trees, woodland edges, agroforestry \u2014 visible canopy not closed.","source":"Sentinel-2 L2A NDVI 4-class polygonised"},"geometry":{"type":"Polygon","coordinates":[[[-56.969347000000006,-25.570149999999998],[-56.969347000000006,-25.57105],[-56.970247,-25.57105],[-56.970247,-25.570149999999998],[-56.969347000000006,-25.570149999999998]]]}},{"type":"Feature","properties":{"category":"ndvi_canopy","class":1,"ndvi_low":0.25,"ndvi_high":0.45,"name":"Sparse woody","color":"#84cc16","fill_color":"#84cc16","description":"Scattered trees, woodland edges, agroforestry \u2014 visible canopy not closed.","source":"Sentinel-2 L2A NDVI 4-class polygonised"},"geometry":{"type":"Polygon","coordinates":[[[-56.965747,-25.570149999999998],[-56.965747,-25.57105],[-56.967547,-25.57105],[-56.967547,-25.571949999999998],[-56.968447000000005,-25.571949999999998],[-56.968447000000005,-25.570149999999998],[-56.965747,-25.570149999999998]]]}},{"type":"Feature","properties":{"category":"ndvi_canopy","class":1,"ndvi_low":0.25,"ndvi_high":0.45,"name":"Sparse woody","color":"#84cc16","fill_color":"#84cc16","description":"Scattered trees, woodland edges, agroforestry \u2014 visible canopy not closed.","source":"Sentinel-2 L2A NDVI 4-class polygonised"},"geometry":{"type":"Polygon","coordinates":[[[-56.945047,-25.570149999999998],[-56.945047,-25.571949999999998],[-56.945947000000004,-25.571949999999998],[-56.945947000000004,-25.570149999999998],[-56.945047,-25.570149999999998]]]}},{"type":"Feature","properties":{"category":"ndvi_canopy","class":1,"ndvi_low":0.25,"ndvi_high":0.45,"name":"Sparse woody","color":"#84cc16","fill_color":"#84cc16","description":"Scattered trees, woodland edges, agroforestry \u2014 visible canopy not closed.","source":"Sentinel-2 L2A NDVI 4-class polygonised"},"geometry":{"type":"Polygon","coordinates":[[[-56.963047,-25.57105],[-56.963047,-25.571949999999998],[-56.964847000000006,-25.571949999999998],[-56.964847000000006,-25.57105],[-56.963047,-25.57105]]]}},{"type":"Feature","properties":{"category":"ndvi_canopy","class":1,"ndvi_low":0.25,"ndvi_high":0.45,"name":"Sparse woody","color":"#84cc16","fill_color":"#84cc16","description":"Scattered trees, woodland edges, agroforestry \u2014 visible canopy not closed.","source":"Sentinel-2 L2A NDVI 4-class polygonised"},"geometry":{"type":"Polygon","coordinates":[[[-56.965747,-25.571949999999998],[-56.965747,-25.57285],[-56.966647,-25.57285],[-56.966647,-25.571949999999998],[-56.965747,-25.571949999999998]]]}},{"type":"Feature","properties":{"category":"ndvi_canopy","class":1,"ndvi_low":0.25,"ndvi_high":0.45,"name":"Sparse woody","color":"#84cc16","fill_color":"#84cc16","description":"Scattered trees, woodland edges, agroforestry \u2014 visible canopy not closed.","source":"Sentinel-2 L2A NDVI 4-class polygonised"},"geometry":{"type":"Polygon","coordinates":[[[-56.999047000000004,-25.57105],[-56.999047000000004,-25.57285],[-56.999947000000006,-25.57285],[-56.999947000000006,-25.57375],[-57.000847,-25.57375],[-57.000847,-25.571949999999998],[-56.999947000000006,-25.571949999999998],[-56.999947000000006,-25.57105],[-56.999047000000004,-25.57105]]]}},{"type":"Feature","properties":{"category":"ndvi_canopy","class":1,"ndvi_low":0.25,"ndvi_high":0.45,"name":"Sparse woody","color":"#84cc16","fill_color":"#84cc16","description":"Scattered trees, woodland edges, agroforestry \u2014 visible canopy not closed.","source":"Sentinel-2 L2A NDVI 4-class polygonised"},"geometry":{"type":"Polygon","coordinates":[[[-56.931547,-25.57465],[-56.931547,-25.57285],[-56.933347000000005,-25.57285],[-56.933347000000005,-25.571949999999998],[-56.932447,-25.571949999999998],[-56.932447,-25.57105],[-56.930765,-25.57105],[-56.930765,-25.57465],[-56.931547,-25.57465]]]}},{"type":"Feature","properties":{"category":"ndvi_canopy","class":1,"ndvi_low":0.25,"ndvi_high":0.45,"name":"Sparse woody","color":"#84cc16","fill_color":"#84cc16","description":"Scattered trees, woodland edges, agroforestry \u2014 visible canopy not closed.","source":"Sentinel-2 L2A NDVI 4-class polygonised"},"geometry":{"type":"Polygon","coordinates":[[[-56.946847000000005,-25.571949999999998],[-56.946847000000005,-25.57375],[-56.94774700000001,-25.57375],[-56.94774700000001,-25.57465],[-56.948647,-25.57465],[-56.948647,-25.57285],[-56.94774700000001,-25.57285],[-56.94774700000001,-25.571949999999998],[-56.946847000000005,-25.571949999999998]]]}},{"type":"Feature","properties":{"category":"ndvi_canopy","class":1,"ndvi_low":0.25,"ndvi_high":0.45,"name":"Sparse woody","color":"#84cc16","fill_color":"#84cc16","description":"Scattered trees, woodland edges, agroforestry \u2014 visible canopy not closed.","source":"Sentinel-2 L2A NDVI 4-class polygonised"},"geometry":{"type":"Polygon","coordinates":[[[-56.944147,-25.571949999999998],[-56.944147,-25.57285],[-56.94324700000001,-25.57285],[-56.94324700000001,-25.571949999999998],[-56.941447000000004,-25.571949999999998],[-56.941447000000004,-25.57285],[-56.940547,-25.57285],[-56.940547,-25.57375],[-56.942347000000005,-25.57375],[-56.942347000000005,-25.57465],[-56.94324700000001,-25.57465],[-56.94324700000001,-25.57555],[-56.944147,-25.57555],[-56.944147,-25.57465],[-56.945947000000004,-25.57465],[-56.945947000000004,-25.57285],[-56.945047,-25.57285],[-56.945047,-25.571949999999998],[-56.944147,-25.571949999999998]]]}},{"type":"Feature","properties":{"category":"ndvi_canopy","class":1,"ndvi_low":0.25,"ndvi_high":0.45,"name":"Sparse woody","color":"#84cc16","fill_color":"#84cc16","description":"Scattered trees, woodland edges, agroforestry \u2014 visible canopy not closed.","source":"Sentinel-2 L2A NDVI 4-class polygonised"},"geometry":{"type":"Polygon","coordinates":[[[-56.959447000000004,-25.56925],[-56.959447000000004,-25.570149999999998],[-56.958547,-25.570149999999998],[-56.958547,-25.57285],[-56.959447000000004,-25.57285],[-56.959447000000004,-25.57375],[-56.958547,-25.57375],[-56.958547,-25.57465],[-56.959447000000004,-25.57465],[-56.959447000000004,-25.57555],[-56.96124700000001,-25.57555],[-56.96124700000001,-25.57465],[-56.960347000000006,-25.57465],[-56.960347000000006,-25.57285],[-56.96124700000001,-25.57285],[-56.96124700000001,-25.56925],[-56.959447000000004,-25.56925]]]}},{"type":"Feature","properties":{"category":"ndvi_canopy","class":1,"ndvi_low":0.25,"ndvi_high":0.45,"name":"Sparse woody","color":"#84cc16","fill_color":"#84cc16","description":"Scattered trees, woodland edges, agroforestry \u2014 visible canopy not closed.","source":"Sentinel-2 L2A NDVI 4-class polygonised"},"geometry":{"type":"Polygon","coordinates":[[[-56.948647,-25.57465],[-56.948647,-25.57555],[-56.949547,-25.57555],[-56.949547,-25.57465],[-56.948647,-25.57465]]]}},{"type":"Feature","properties":{"category":"ndvi_canopy","class":1,"ndvi_low":0.25,"ndvi_high":0.45,"name":"Sparse woody","color":"#84cc16","fill_color":"#84cc16","description":"Scattered trees, woodland edges, agroforestry \u2014 visible canopy not closed.","source":"Sentinel-2 L2A NDVI 4-class polygonised"},"geometry":{"type":"Polygon","coordinates":[[[-56.953147,-25.56205],[-56.953147,-25.56295],[-56.951347000000005,-25.56295],[-56.951347000000005,-25.56205],[-56.948647,-25.56205],[-56.948647,-25.56295],[-56.949547,-25.56295],[-56.949547,-25.56385],[-56.946847000000005,-25.56385],[-56.946847000000005,-25.56475],[-56.94774700000001,-25.56475],[-56.94774700000001,-25.565649999999998],[-56.948647,-25.565649999999998],[-56.948647,-25.56655],[-56.949547,-25.56655],[-56.949547,-25.567449999999997],[-56.948647,-25.567449999999997],[-56.948647,-25.56925],[-56.950447000000004,-25.56925],[-56.950447000000004,-25.57105],[-56.949547,-25.57105],[-56.949547,-25.57285],[-56.951347000000005,-25.57285],[-56.951347000000005,-25.570149999999998],[-56.95224700000001,-25.570149999999998],[-56.95224700000001,-25.57465],[-56.951347000000005,-25.57465],[-56.951347000000005,-25.576449999999998],[-56.95224700000001,-25.576449999999998],[-56.95224700000001,-25.57555],[-56.954047,-25.57555],[-56.954047,-25.571949999999998],[-56.954947000000004,-25.571949999999998],[-56.954947000000004,-25.57285],[-56.95674700000001,-25.57285],[-56.95674700000001,-25.57375],[-56.958547,-25.57375],[-56.958547,-25.57285],[-56.957647,-25.57285],[-56.957647,-25.57105],[-56.95674700000001,-25.57105],[-56.95674700000001,-25.56475],[-56.955847000000006,-25.56475],[-56.955847000000006,-25.56025],[-56.954947000000004,-25.56025],[-56.954947000000004,-25.561149999999998],[-56.954047,-25.561149999999998],[-56.954047,-25.56205],[-56.953147,-25.56205]],[[-56.954947000000004,-25.56205],[-56.954947000000004,-25.56295],[-56.954047,-25.56295],[-56.954047,-25.56205],[-56.954947000000004,-25.56205]],[[-56.954947000000004,-25.565649999999998],[-56.954047,-25.565649999999998],[-56.954047,-25.56475],[-56.954947000000004,-25.56475],[-56.954947000000004,-25.565649999999998]],[[-56.95224700000001,-25.565649999999998],[-56.951347000000005,-25.565649999999998],[-56.951347000000005,-25.56475],[-56.95224700000001,-25.56475],[-56.95224700000001,-25.565649999999998]],[[-56.954947000000004,-25.56925],[-56.954047,-25.56925],[-56.954047,-25.56835],[-56.954947000000004,-25.56835],[-56.954947000000004,-25.56925]]]}},{"type":"Feature","properties":{"category":"ndvi_canopy","class":1,"ndvi_low":0.25,"ndvi_high":0.45,"name":"Sparse woody","color":"#84cc16","fill_color":"#84cc16","description":"Scattered trees, woodland edges, agroforestry \u2014 visible canopy not closed.","source":"Sentinel-2 L2A NDVI 4-class polygonised"},"geometry":{"type":"Polygon","coordinates":[[[-56.962147,-25.57465],[-56.962147,-25.576449999999998],[-56.963047,-25.576449999999998],[-56.963047,-25.57465],[-56.962147,-25.57465]]]}},{"type":"Feature","properties":{"category":"ndvi_canopy","class":1,"ndvi_low":0.25,"ndvi_high":0.45,"name":"Sparse woody","color":"#84cc16","fill_color":"#84cc16","description":"Scattered trees, woodland edges, agroforestry \u2014 visible canopy not closed.","source":"Sentinel-2 L2A NDVI 4-class polygonised"},"geometry":{"type":"Polygon","coordinates":[[[-56.979247,-25.576449999999998],[-56.979247,-25.57735],[-56.980147,-25.57735],[-56.980147,-25.576449999999998],[-56.979247,-25.576449999999998]]]}},{"type":"Feature","properties":{"category":"ndvi_canopy","class":1,"ndvi_low":0.25,"ndvi_high":0.45,"name":"Sparse woody","color":"#84cc16","fill_color":"#84cc16","description":"Scattered trees, woodland edges, agroforestry \u2014 visible canopy not closed.","source":"Sentinel-2 L2A NDVI 4-class polygonised"},"geometry":{"type":"Polygon","coordinates":[[[-56.96124700000001,-25.576449999999998],[-56.96124700000001,-25.57735],[-56.962147,-25.57735],[-56.962147,-25.576449999999998],[-56.96124700000001,-25.576449999999998]]]}},{"type":"Feature","properties":{"category":"ndvi_canopy","class":1,"ndvi_low":0.25,"ndvi_high":0.45,"name":"Sparse woody","color":"#84cc16","fill_color":"#84cc16","description":"Scattered trees, woodland edges, agroforestry \u2014 visible canopy not closed.","source":"Sentinel-2 L2A NDVI 4-class polygonised"},"geometry":{"type":"Polygon","coordinates":[[[-56.948647,-25.576449999999998],[-56.948647,-25.57735],[-56.950447000000004,-25.57735],[-56.950447000000004,-25.576449999999998],[-56.948647,-25.576449999999998]]]}},{"type":"Feature","properties":{"category":"ndvi_canopy","class":1,"ndvi_low":0.25,"ndvi_high":0.45,"name":"Sparse woody","color":"#84cc16","fill_color":"#84cc16","description":"Scattered trees, woodland edges, agroforestry \u2014 visible canopy not closed.","source":"Sentinel-2 L2A NDVI 4-class polygonised"},"geometry":{"type":"Polygon","coordinates":[[[-56.935147,-25.570149999999998],[-56.935147,-25.57105],[-56.934247000000006,-25.57105],[-56.934247000000006,-25.57285],[-56.935147,-25.57285],[-56.935147,-25.57465],[-56.933347000000005,-25.57465],[-56.933347000000005,-25.57375],[-56.932447,-25.57375],[-56.932447,-25.57465],[-56.931547,-25.57465],[-56.931547,-25.57555],[-56.936047,-25.57555],[-56.936047,-25.57735],[-56.939647,-25.57735],[-56.939647,-25.576449999999998],[-56.938747000000006,-25.576449999999998],[-56.938747000000006,-25.57555],[-56.936947,-25.57555],[-56.936947,-25.57375],[-56.938747000000006,-25.57375],[-56.938747000000006,-25.57285],[-56.939647,-25.57285],[-56.939647,-25.570149999999998],[-56.935147,-25.570149999999998]],[[-56.937847000000005,-25.57285],[-56.936947,-25.57285],[-56.936947,-25.57105],[-56.937847000000005,-25.57105],[-56.937847000000005,-25.57285]]]}},{"type":"Feature","properties":{"category":"ndvi_canopy","class":1,"ndvi_low":0.25,"ndvi_high":0.45,"name":"Sparse woody","color":"#84cc16","fill_color":"#84cc16","description":"Scattered trees, woodland edges, agroforestry \u2014 visible canopy not closed.","source":"Sentinel-2 L2A NDVI 4-class polygonised"},"geometry":{"type":"Polygon","coordinates":[[[-56.963947000000005,-25.57285],[-56.963947000000005,-25.57375],[-56.964847000000006,-25.57375],[-56.964847000000006,-25.57465],[-56.963947000000005,-25.57465],[-56.963947000000005,-25.57555],[-56.964847000000006,-25.57555],[-56.964847000000006,-25.576449999999998],[-56.963947000000005,-25.576449999999998],[-56.963947000000005,-25.57735],[-56.962147,-25.57735],[-56.962147,-25.57825],[-56.965747,-25.57825],[-56.965747,-25.57735],[-56.966647,-25.57735],[-56.966647,-25.57825],[-56.968447000000005,-25.57825],[-56.968447000000005,-25.576449999999998],[-56.966647,-25.576449999999998],[-56.966647,-25.57555],[-56.969347000000006,-25.57555],[-56.969347000000006,-25.57465],[-56.968447000000005,-25.57465],[-56.968447000000005,-25.57375],[-56.965747,-25.57375],[-56.965747,-25.57285],[-56.963947000000005,-25.57285]]]}},{"type":"Feature","properties":{"category":"ndvi_canopy","class":1,"ndvi_low":0.25,"ndvi_high":0.45,"name":"Sparse woody","color":"#84cc16","fill_color":"#84cc16","description":"Scattered trees, woodland edges, agroforestry \u2014 visible canopy not closed.","source":"Sentinel-2 L2A NDVI 4-class polygonised"},"geometry":{"type":"Polygon","coordinates":[[[-56.958547,-25.57825],[-56.958547,-25.57915],[-56.959447000000004,-25.57915],[-56.959447000000004,-25.57825],[-56.958547,-25.57825]]]}},{"type":"Feature","properties":{"category":"ndvi_canopy","class":1,"ndvi_low":0.25,"ndvi_high":0.45,"name":"Sparse woody","color":"#84cc16","fill_color":"#84cc16","description":"Scattered trees, woodland edges, agroforestry \u2014 visible canopy not closed.","source":"Sentinel-2 L2A NDVI 4-class polygonised"},"geometry":{"type":"Polygon","coordinates":[[[-56.936947,-25.57825],[-56.936947,-25.57915],[-56.937847000000005,-25.57915],[-56.937847000000005,-25.57825],[-56.936947,-25.57825]]]}},{"type":"Feature","properties":{"category":"ndvi_canopy","class":1,"ndvi_low":0.25,"ndvi_high":0.45,"name":"Sparse woody","color":"#84cc16","fill_color":"#84cc16","description":"Scattered trees, woodland edges, agroforestry \u2014 visible canopy not closed.","source":"Sentinel-2 L2A NDVI 4-class polygonised"},"geometry":{"type":"Polygon","coordinates":[[[-56.955847000000006,-25.57375],[-56.955847000000006,-25.57465],[-56.954947000000004,-25.57465],[-56.954947000000004,-25.57555],[-56.954047,-25.57555],[-56.954047,-25.576449999999998],[-56.95224700000001,-25.576449999999998],[-56.95224700000001,-25.57735],[-56.953147,-25.57735],[-56.953147,-25.57825],[-56.954047,-25.57825],[-56.954047,-25.57735],[-56.954947000000004,-25.57735],[-56.954947000000004,-25.57915],[-56.955847000000006,-25.57915],[-56.955847000000006,-25.58005],[-56.95674700000001,-25.58005],[-56.95674700000001,-25.576449999999998],[-56.957647,-25.576449999999998],[-56.957647,-25.57735],[-56.958547,-25.57735],[-56.958547,-25.576449999999998],[-56.959447000000004,-25.576449999999998],[-56.959447000000004,-25.57555],[-56.95674700000001,-25.57555],[-56.95674700000001,-25.57375],[-56.955847000000006,-25.57375]]]}},{"type":"Feature","properties":{"category":"ndvi_canopy","class":1,"ndvi_low":0.25,"ndvi_high":0.45,"name":"Sparse woody","color":"#84cc16","fill_color":"#84cc16","description":"Scattered trees, woodland edges, agroforestry \u2014 visible canopy not closed.","source":"Sentinel-2 L2A NDVI 4-class polygonised"},"geometry":{"type":"Polygon","coordinates":[[[-56.966647,-25.57915],[-56.966647,-25.58005],[-56.967547,-25.58005],[-56.967547,-25.57915],[-56.966647,-25.57915]]]}},{"type":"Feature","properties":{"category":"ndvi_canopy","class":1,"ndvi_low":0.25,"ndvi_high":0.45,"name":"Sparse woody","color":"#84cc16","fill_color":"#84cc16","description":"Scattered trees, woodland edges, agroforestry \u2014 visible canopy not closed.","source":"Sentinel-2 L2A NDVI 4-class polygonised"},"geometry":{"type":"Polygon","coordinates":[[[-56.945047,-25.57915],[-56.945047,-25.58005],[-56.945947000000004,-25.58005],[-56.945947000000004,-25.57915],[-56.945047,-25.57915]]]}},{"type":"Feature","properties":{"category":"ndvi_canopy","class":1,"ndvi_low":0.25,"ndvi_high":0.45,"name":"Sparse woody","color":"#84cc16","fill_color":"#84cc16","description":"Scattered trees, woodland edges, agroforestry \u2014 visible canopy not closed.","source":"Sentinel-2 L2A NDVI 4-class polygonised"},"geometry":{"type":"Polygon","coordinates":[[[-56.931547,-25.580949999999998],[-56.931547,-25.58005],[-56.932447,-25.58005],[-56.932447,-25.57825],[-56.933347000000005,-25.57825],[-56.933347000000005,-25.57915],[-56.936047,-25.57915],[-56.936047,-25.57735],[-56.934247000000006,-25.57735],[-56.934247000000006,-25.576449999999998],[-56.932447,-25.576449999999998],[-56.932447,-25.57735],[-56.930765,-25.57735],[-56.930765,-25.57825],[-56.931547,-25.57825],[-56.931547,-25.57915],[-56.930765,-25.57915],[-56.930765,-25.580949999999998],[-56.931547,-25.580949999999998]]]}},{"type":"Feature","properties":{"category":"ndvi_canopy","class":1,"ndvi_low":0.25,"ndvi_high":0.45,"name":"Sparse woody","color":"#84cc16","fill_color":"#84cc16","description":"Scattered trees, woodland edges, agroforestry \u2014 visible canopy not closed.","source":"Sentinel-2 L2A NDVI 4-class polygonised"},"geometry":{"type":"Polygon","coordinates":[[[-56.946847000000005,-25.57555],[-56.946847000000005,-25.576449999999998],[-56.945947000000004,-25.576449999999998],[-56.945947000000004,-25.57555],[-56.944147,-25.57555],[-56.944147,-25.576449999999998],[-56.945047,-25.576449999999998],[-56.945047,-25.57735],[-56.94324700000001,-25.57735],[-56.94324700000001,-25.57915],[-56.944147,-25.57915],[-56.944147,-25.57825],[-56.945947000000004,-25.57825],[-56.945947000000004,-25.57735],[-56.946847000000005,-25.57735],[-56.946847000000005,-25.57825],[-56.94774700000001,-25.57825],[-56.94774700000001,-25.57915],[-56.946847000000005,-25.57915],[-56.946847000000005,-25.580949999999998],[-56.94774700000001,-25.580949999999998],[-56.94774700000001,-25.58005],[-56.950447000000004,-25.58005],[-56.950447000000004,-25.57915],[-56.949547,-25.57915],[-56.949547,-25.57825],[-56.948647,-25.57825],[-56.948647,-25.57735],[-56.94774700000001,-25.57735],[-56.94774700000001,-25.576449999999998],[-56.948647,-25.576449999999998],[-56.948647,-25.57555],[-56.946847000000005,-25.57555]]]}},{"type":"Feature","properties":{"category":"ndvi_canopy","class":1,"ndvi_low":0.25,"ndvi_high":0.45,"name":"Sparse woody","color":"#84cc16","fill_color":"#84cc16","description":"Scattered trees, woodland edges, agroforestry \u2014 visible canopy not closed.","source":"Sentinel-2 L2A NDVI 4-class polygonised"},"geometry":{"type":"Polygon","coordinates":[[[-56.942347000000005,-25.58005],[-56.942347000000005,-25.580949999999998],[-56.94324700000001,-25.580949999999998],[-56.94324700000001,-25.58275],[-56.945047,-25.58275],[-56.945047,-25.58185],[-56.945947000000004,-25.58185],[-56.945947000000004,-25.580949999999998],[-56.944147,-25.580949999999998],[-56.944147,-25.58005],[-56.942347000000005,-25.58005]]]}},{"type":"Feature","properties":{"category":"ndvi_canopy","class":1,"ndvi_low":0.25,"ndvi_high":0.45,"name":"Sparse woody","color":"#84cc16","fill_color":"#84cc16","description":"Scattered trees, woodland edges, agroforestry \u2014 visible canopy not closed.","source":"Sentinel-2 L2A NDVI 4-class polygonised"},"geometry":{"type":"Polygon","coordinates":[[[-56.966647,-25.58185],[-56.966647,-25.58275],[-56.967547,-25.58275],[-56.967547,-25.58185],[-56.966647,-25.58185]]]}},{"type":"Feature","properties":{"category":"ndvi_canopy","class":1,"ndvi_low":0.25,"ndvi_high":0.45,"name":"Sparse woody","color":"#84cc16","fill_color":"#84cc16","description":"Scattered trees, woodland edges, agroforestry \u2014 visible canopy not closed.","source":"Sentinel-2 L2A NDVI 4-class polygonised"},"geometry":{"type":"Polygon","coordinates":[[[-56.993647,-25.58275],[-56.993647,-25.58365],[-56.994547000000004,-25.58365],[-56.994547000000004,-25.58275],[-56.993647,-25.58275]]]}},{"type":"Feature","properties":{"category":"ndvi_canopy","class":1,"ndvi_low":0.25,"ndvi_high":0.45,"name":"Sparse woody","color":"#84cc16","fill_color":"#84cc16","description":"Scattered trees, woodland edges, agroforestry \u2014 visible canopy not closed.","source":"Sentinel-2 L2A NDVI 4-class polygonised"},"geometry":{"type":"Polygon","coordinates":[[[-56.938747000000006,-25.57825],[-56.938747000000006,-25.57915],[-56.937847000000005,-25.57915],[-56.937847000000005,-25.58005],[-56.938747000000006,-25.58005],[-56.938747000000006,-25.580949999999998],[-56.936947,-25.580949999999998],[-56.936947,-25.57915],[-56.936047,-25.57915],[-56.936047,-25.58185],[-56.936947,-25.58185],[-56.936947,-25.58455],[-56.937847000000005,-25.58455],[-56.937847000000005,-25.58365],[-56.939647,-25.58365],[-56.939647,-25.58185],[-56.940547,-25.58185],[-56.940547,-25.58365],[-56.941447000000004,-25.58365],[-56.941447000000004,-25.57825],[-56.938747000000006,-25.57825]]]}},{"type":"Feature","properties":{"category":"ndvi_canopy","class":1,"ndvi_low":0.25,"ndvi_high":0.45,"name":"Sparse woody","color":"#84cc16","fill_color":"#84cc16","description":"Scattered trees, woodland edges, agroforestry \u2014 visible canopy not closed.","source":"Sentinel-2 L2A NDVI 4-class polygonised"},"geometry":{"type":"Polygon","coordinates":[[[-56.965747,-25.58365],[-56.965747,-25.58455],[-56.966647,-25.58455],[-56.966647,-25.58365],[-56.965747,-25.58365]]]}},{"type":"Feature","properties":{"category":"ndvi_canopy","class":1,"ndvi_low":0.25,"ndvi_high":0.45,"name":"Sparse woody","color":"#84cc16","fill_color":"#84cc16","description":"Scattered trees, woodland edges, agroforestry \u2014 visible canopy not closed.","source":"Sentinel-2 L2A NDVI 4-class polygonised"},"geometry":{"type":"Polygon","coordinates":[[[-56.95674700000001,-25.58365],[-56.95674700000001,-25.58455],[-56.957647,-25.58455],[-56.957647,-25.58365],[-56.95674700000001,-25.58365]]]}},{"type":"Feature","properties":{"category":"ndvi_canopy","class":1,"ndvi_low":0.25,"ndvi_high":0.45,"name":"Sparse woody","color":"#84cc16","fill_color":"#84cc16","description":"Scattered trees, woodland edges, agroforestry \u2014 visible canopy not closed.","source":"Sentinel-2 L2A NDVI 4-class polygonised"},"geometry":{"type":"Polygon","coordinates":[[[-56.932447,-25.58635],[-56.932447,-25.585449999999998],[-56.933347000000005,-25.585449999999998],[-56.933347000000005,-25.58365],[-56.931547,-25.58365],[-56.931547,-25.58275],[-56.930765,-25.58275],[-56.930765,-25.58635],[-56.932447,-25.58635]]]}},{"type":"Feature","properties":{"category":"ndvi_canopy","class":1,"ndvi_low":0.25,"ndvi_high":0.45,"name":"Sparse woody","color":"#84cc16","fill_color":"#84cc16","description":"Scattered trees, woodland edges, agroforestry \u2014 visible canopy not closed.","source":"Sentinel-2 L2A NDVI 4-class polygonised"},"geometry":{"type":"Polygon","coordinates":[[[-56.936947,-25.585449999999998],[-56.936947,-25.58635],[-56.938747000000006,-25.58635],[-56.938747000000006,-25.585449999999998],[-56.936947,-25.585449999999998]]]}},{"type":"Feature","properties":{"category":"ndvi_canopy","class":1,"ndvi_low":0.25,"ndvi_high":0.45,"name":"Sparse woody","color":"#84cc16","fill_color":"#84cc16","description":"Scattered trees, woodland edges, agroforestry \u2014 visible canopy not closed.","source":"Sentinel-2 L2A NDVI 4-class polygonised"},"geometry":{"type":"Polygon","coordinates":[[[-56.972947000000005,-25.585449999999998],[-56.972947000000005,-25.587249999999997],[-56.973847000000006,-25.587249999999997],[-56.973847000000006,-25.585449999999998],[-56.972947000000005,-25.585449999999998]]]}},{"type":"Feature","properties":{"category":"ndvi_canopy","class":1,"ndvi_low":0.25,"ndvi_high":0.45,"name":"Sparse woody","color":"#84cc16","fill_color":"#84cc16","description":"Scattered trees, woodland edges, agroforestry \u2014 visible canopy not closed.","source":"Sentinel-2 L2A NDVI 4-class polygonised"},"geometry":{"type":"Polygon","coordinates":[[[-56.997247,-25.58635],[-56.997247,-25.587249999999997],[-56.999947000000006,-25.587249999999997],[-56.999947000000006,-25.58635],[-56.997247,-25.58635]]]}},{"type":"Feature","properties":{"category":"ndvi_canopy","class":1,"ndvi_low":0.25,"ndvi_high":0.45,"name":"Sparse woody","color":"#84cc16","fill_color":"#84cc16","description":"Scattered trees, woodland edges, agroforestry \u2014 visible canopy not closed.","source":"Sentinel-2 L2A NDVI 4-class polygonised"},"geometry":{"type":"Polygon","coordinates":[[[-56.94774700000001,-25.58365],[-56.94774700000001,-25.58455],[-56.946847000000005,-25.58455],[-56.946847000000005,-25.585449999999998],[-56.945947000000004,-25.585449999999998],[-56.945947000000004,-25.58365],[-56.945047,-25.58365],[-56.945047,-25.585449999999998],[-56.944147,-25.585449999999998],[-56.944147,-25.58635],[-56.942347000000005,-25.58635],[-56.942347000000005,-25.58815],[-56.94324700000001,-25.58815],[-56.94324700000001,-25.587249999999997],[-56.945047,-25.587249999999997],[-56.945047,-25.58635],[-56.945947000000004,-25.58635],[-56.945947000000004,-25.587249999999997],[-56.946847000000005,-25.587249999999997],[-56.946847000000005,-25.58815],[-56.94774700000001,-25.58815],[-56.94774700000001,-25.587249999999997],[-56.949547,-25.587249999999997],[-56.949547,-25.58635],[-56.948647,-25.58635],[-56.948647,-25.585449999999998],[-56.949547,-25.585449999999998],[-56.949547,-25.58365],[-56.94774700000001,-25.58365]]]}},{"type":"Feature","properties":{"category":"ndvi_canopy","class":1,"ndvi_low":0.25,"ndvi_high":0.45,"name":"Sparse woody","color":"#84cc16","fill_color":"#84cc16","description":"Scattered trees, woodland edges, agroforestry \u2014 visible canopy not closed.","source":"Sentinel-2 L2A NDVI 4-class polygonised"},"geometry":{"type":"Polygon","coordinates":[[[-56.997247,-25.58815],[-56.997247,-25.58905],[-56.998147,-25.58905],[-56.998147,-25.58815],[-56.997247,-25.58815]]]}},{"type":"Feature","properties":{"category":"ndvi_canopy","class":1,"ndvi_low":0.25,"ndvi_high":0.45,"name":"Sparse woody","color":"#84cc16","fill_color":"#84cc16","description":"Scattered trees, woodland edges, agroforestry \u2014 visible canopy not closed.","source":"Sentinel-2 L2A NDVI 4-class polygonised"},"geometry":{"type":"Polygon","coordinates":[[[-56.971147,-25.58815],[-56.971147,-25.58905],[-56.972047,-25.58905],[-56.972047,-25.58815],[-56.971147,-25.58815]]]}},{"type":"Feature","properties":{"category":"ndvi_canopy","class":1,"ndvi_low":0.25,"ndvi_high":0.45,"name":"Sparse woody","color":"#84cc16","fill_color":"#84cc16","description":"Scattered trees, woodland edges, agroforestry \u2014 visible canopy not closed.","source":"Sentinel-2 L2A NDVI 4-class polygonised"},"geometry":{"type":"Polygon","coordinates":[[[-56.939647,-25.585449999999998],[-56.939647,-25.58635],[-56.938747000000006,-25.58635],[-56.938747000000006,-25.58815],[-56.939647,-25.58815],[-56.939647,-25.58905],[-56.941447000000004,-25.58905],[-56.941447000000004,-25.58815],[-56.940547,-25.58815],[-56.940547,-25.585449999999998],[-56.939647,-25.585449999999998]]]}},{"type":"Feature","properties":{"category":"ndvi_canopy","class":1,"ndvi_low":0.25,"ndvi_high":0.45,"name":"Sparse woody","color":"#84cc16","fill_color":"#84cc16","description":"Scattered trees, woodland edges, agroforestry \u2014 visible canopy not closed.","source":"Sentinel-2 L2A NDVI 4-class polygonised"},"geometry":{"type":"Polygon","coordinates":[[[-56.974747,-25.58635],[-56.974747,-25.587249999999997],[-56.973847000000006,-25.587249999999997],[-56.973847000000006,-25.58815],[-56.974747,-25.58815],[-56.974747,-25.589949999999998],[-56.975647,-25.589949999999998],[-56.975647,-25.58905],[-56.976547000000004,-25.58905],[-56.976547000000004,-25.58815],[-56.975647,-25.58815],[-56.975647,-25.58635],[-56.974747,-25.58635]]]}},{"type":"Feature","properties":{"category":"ndvi_canopy","class":1,"ndvi_low":0.25,"ndvi_high":0.45,"name":"Sparse woody","color":"#84cc16","fill_color":"#84cc16","description":"Scattered trees, woodland edges, agroforestry \u2014 visible canopy not closed.","source":"Sentinel-2 L2A NDVI 4-class polygonised"},"geometry":{"type":"Polygon","coordinates":[[[-56.972947000000005,-25.58905],[-56.972947000000005,-25.589949999999998],[-56.973847000000006,-25.589949999999998],[-56.973847000000006,-25.58905],[-56.972947000000005,-25.58905]]]}},{"type":"Feature","properties":{"category":"ndvi_canopy","class":1,"ndvi_low":0.25,"ndvi_high":0.45,"name":"Sparse woody","color":"#84cc16","fill_color":"#84cc16","description":"Scattered trees, woodland edges, agroforestry \u2014 visible canopy not closed.","source":"Sentinel-2 L2A NDVI 4-class polygonised"},"geometry":{"type":"Polygon","coordinates":[[[-56.981947000000005,-25.56925],[-56.98284700000001,-25.56925],[-56.98284700000001,-25.56835],[-56.981047000000004,-25.56835],[-56.981047000000004,-25.56925],[-56.980147,-25.56925],[-56.980147,-25.570149999999998],[-56.97834700000001,-25.570149999999998],[-56.97834700000001,-25.57105],[-56.976547000000004,-25.57105],[-56.976547000000004,-25.570149999999998],[-56.975647,-25.570149999999998],[-56.975647,-25.56925],[-56.973847000000006,-25.56925],[-56.973847000000006,-25.56835],[-56.972947000000005,-25.56835],[-56.972947000000005,-25.567449999999997],[-56.972047,-25.567449999999997],[-56.972047,-25.56925],[-56.972947000000005,-25.56925],[-56.972947000000005,-25.570149999999998],[-56.971147,-25.570149999999998],[-56.971147,-25.57285],[-56.972947000000005,-25.57285],[-56.972947000000005,-25.571949999999998],[-56.973847000000006,-25.571949999999998],[-56.973847000000006,-25.57375],[-56.970247,-25.57375],[-56.970247,-25.57555],[-56.969347000000006,-25.57555],[-56.969347000000006,-25.576449999999998],[-56.971147,-25.576449999999998],[-56.971147,-25.57735],[-56.972947000000005,-25.57735],[-56.972947000000005,-25.57915],[-56.971147,-25.57915],[-56.971147,-25.57825],[-56.970247,-25.57825],[-56.970247,-25.58005],[-56.972047,-25.58005],[-56.972047,-25.580949999999998],[-56.971147,-25.580949999999998],[-56.971147,-25.58185],[-56.972047,-25.58185],[-56.972047,-25.58365],[-56.973847000000006,-25.58365],[-56.973847000000006,-25.58455],[-56.976547000000004,-25.58455],[-56.976547000000004,-25.585449999999998],[-56.977447000000005,-25.585449999999998],[-56.977447000000005,-25.58815],[-56.980147,-25.58815],[-56.980147,-25.58905],[-56.979247,-25.58905],[-56.979247,-25.589949999999998],[-56.980147,-25.589949999999998],[-56.980147,-25.59085],[-56.981947000000005,-25.59085],[-56.981947000000005,-25.58905],[-56.981047000000004,-25.58905],[-56.981047000000004,-25.58815],[-56.981947000000005,-25.58815],[-56.981947000000005,-25.587249999999997],[-56.981047000000004,-25.587249999999997],[-56.981047000000004,-25.58635],[-56.981947000000005,-25.58635],[-56.981947000000005,-25.585449999999998],[-56.98284700000001,-25.585449999999998],[-56.98284700000001,-25.58455],[-56.985547000000004,-25.58455],[-56.985547000000004,-25.58635],[-56.984647,-25.58635],[-56.984647,-25.58815],[-56.985547000000004,-25.58815],[-56.985547000000004,-25.58905],[-56.989147,-25.58905],[-56.989147,-25.58815],[-56.990047000000004,-25.58815],[-56.990047000000004,-25.587249999999997],[-56.989147,-25.587249999999997],[-56.989147,-25.58635],[-56.988247,-25.58635],[-56.988247,-25.58185],[-56.990047000000004,-25.58185],[-56.990047000000004,-25.58275],[-56.99184700000001,-25.58275],[-56.99184700000001,-25.58185],[-56.992747,-25.58185],[-56.992747,-25.57915],[-56.993647,-25.57915],[-56.993647,-25.57825],[-56.994547000000004,-25.57825],[-56.994547000000004,-25.58185],[-56.995447000000006,-25.58185],[-56.995447000000006,-25.58365],[-56.99634700000001,-25.58365],[-56.99634700000001,-25.58275],[-56.998147,-25.58275],[-56.998147,-25.58005],[-56.997247,-25.58005],[-56.997247,-25.57915],[-56.998147,-25.57915],[-56.998147,-25.576449999999998],[-56.997247,-25.576449999999998],[-56.997247,-25.57555],[-56.99634700000001,-25.57555],[-56.99634700000001,-25.576449999999998],[-56.994547000000004,-25.576449999999998],[-56.994547000000004,-25.57555],[-56.993647,-25.57555],[-56.993647,-25.57375],[-56.99634700000001,-25.57375],[-56.99634700000001,-25.57285],[-56.994547000000004,-25.57285],[-56.994547000000004,-25.570149999999998],[-56.992747,-25.570149999999998],[-56.992747,-25.57375],[-56.99184700000001,-25.57375],[-56.99184700000001,-25.576449999999998],[-56.990947000000006,-25.576449999999998],[-56.990947000000006,-25.57105],[-56.99184700000001,-25.57105],[-56.99184700000001,-25.56835],[-56.990947000000006,-25.56835],[-56.990947000000006,-25.570149999999998],[-56.990047000000004,-25.570149999999998],[-56.990047000000004,-25.571949999999998],[-56.988247,-25.571949999999998],[-56.988247,-25.57105],[-56.98734700000001,-25.57105],[-56.98734700000001,-25.57285],[-56.983747,-25.57285],[-56.983747,-25.57375],[-56.98284700000001,-25.57375],[-56.98284700000001,-25.571949999999998],[-56.984647,-25.571949999999998],[-56.984647,-25.57105],[-56.98284700000001,-25.57105],[-56.98284700000001,-25.570149999999998],[-56.981947000000005,-25.570149999999998],[-56.981947000000005,-25.56925]],[[-56.972947000000005,-25.576449999999998],[-56.973847000000006,-25.576449999999998],[-56.973847000000006,-25.57735],[-56.972947000000005,-25.57735],[-56.972947000000005,-25.576449999999998]],[[-56.973847000000006,-25.57915],[-56.973847000000006,-25.58005],[-56.972947000000005,-25.58005],[-56.972947000000005,-25.57915],[-56.973847000000006,-25.57915]],[[-56.973847000000006,-25.57825],[-56.974747,-25.57825],[-56.974747,-25.57915],[-56.973847000000006,-25.57915],[-56.973847000000006,-25.57825]],[[-56.975647,-25.57915],[-56.975647,-25.58005],[-56.974747,-25.58005],[-56.974747,-25.57915],[-56.975647,-25.57915]],[[-56.98734700000001,-25.58185],[-56.98734700000001,-25.580949999999998],[-56.985547000000004,-25.580949999999998],[-56.985547000000004,-25.58005],[-56.98734700000001,-25.58005],[-56.98734700000001,-25.57915],[-56.988247,-25.57915],[-56.988247,-25.58185],[-56.98734700000001,-25.58185]],[[-56.983747,-25.58005],[-56.983747,-25.580949999999998],[-56.98284700000001,-25.580949999999998],[-56.98284700000001,-25.58185],[-56.981947000000005,-25.58185],[-56.981947000000005,-25.58365],[-56.981047000000004,-25.58365],[-56.981047000000004,-25.58005],[-56.979247,-25.58005],[-56.979247,-25.57915],[-56.980147,-25.57915],[-56.980147,-25.57825],[-56.981947000000005,-25.57825],[-56.981947000000005,-25.58005],[-56.98284700000001,-25.58005],[-56.98284700000001,-25.57825],[-56.983747,-25.57825],[-56.983747,-25.576449999999998],[-56.986447000000005,-25.576449999999998],[-56.986447000000005,-25.57735],[-56.98734700000001,-25.57735],[-56.98734700000001,-25.57825],[-56.986447000000005,-25.57825],[-56.986447000000005,-25.57915],[-56.985547000000004,-25.57915],[-56.985547000000004,-25.58005],[-56.983747,-25.58005]],[[-56.983747,-25.58185],[-56.983747,-25.58275],[-56.98284700000001,-25.58275],[-56.98284700000001,-25.58185],[-56.983747,-25.58185]],[[-56.981047000000004,-25.58455],[-56.980147,-25.58455],[-56.980147,-25.58365],[-56.981047000000004,-25.58365],[-56.981047000000004,-25.58455]],[[-56.979247,-25.57825],[-56.979247,-25.57735],[-56.97834700000001,-25.57735],[-56.97834700000001,-25.57915],[-56.977447000000005,-25.57915],[-56.977447000000005,-25.58005],[-56.97834700000001,-25.58005],[-56.97834700000001,-25.580949999999998],[-56.976547000000004,-25.580949999999998],[-56.976547000000004,-25.576449999999998],[-56.975647,-25.576449999999998],[-56.975647,-25.57555],[-56.976547000000004,-25.57555],[-56.976547000000004,-25.57465],[-56.97834700000001,-25.57465],[-56.97834700000001,-25.57375],[-56.980147,-25.57375],[-56.980147,-25.57555],[-56.98284700000001,-25.57555],[-56.98284700000001,-25.57735],[-56.980147,-25.57735],[-56.980147,-25.57825],[-56.979247,-25.57825]],[[-56.980147,-25.57285],[-56.981047000000004,-25.57285],[-56.981047000000004,-25.57375],[-56.980147,-25.57375],[-56.980147,-25.57285]],[[-56.981947000000005,-25.57105],[-56.981047000000004,-25.57105],[-56.981047000000004,-25.570149999999998],[-56.981947000000005,-25.570149999999998],[-56.981947000000005,-25.57105]],[[-56.979247,-25.57105],[-56.980147,-25.57105],[-56.980147,-25.571949999999998],[-56.979247,-25.571949999999998],[-56.979247,-25.57105]],[[-56.979247,-25.57285],[-56.97834700000001,-25.57285],[-56.97834700000001,-25.571949999999998],[-56.979247,-25.571949999999998],[-56.979247,-25.57285]],[[-56.977447000000005,-25.57285],[-56.976547000000004,-25.57285],[-56.976547000000004,-25.571949999999998],[-56.977447000000005,-25.571949999999998],[-56.977447000000005,-25.57285]],[[-56.973847000000006,-25.57555],[-56.971147,-25.57555],[-56.971147,-25.57465],[-56.973847000000006,-25.57465],[-56.973847000000006,-25.57555]],[[-56.99184700000001,-25.57825],[-56.990947000000006,-25.57825],[-56.990947000000006,-25.57735],[-56.99184700000001,-25.57735],[-56.99184700000001,-25.57825]],[[-56.977447000000005,-25.58185],[-56.97834700000001,-25.58185],[-56.97834700000001,-25.58275],[-56.977447000000005,-25.58275],[-56.977447000000005,-25.58185]],[[-56.977447000000005,-25.58365],[-56.976547000000004,-25.58365],[-56.976547000000004,-25.58275],[-56.977447000000005,-25.58275],[-56.977447000000005,-25.58365]]]}},{"type":"Feature","properties":{"category":"ndvi_canopy","class":1,"ndvi_low":0.25,"ndvi_high":0.45,"name":"Sparse woody","color":"#84cc16","fill_color":"#84cc16","description":"Scattered trees, woodland edges, agroforestry \u2014 visible canopy not closed.","source":"Sentinel-2 L2A NDVI 4-class polygonised"},"geometry":{"type":"Polygon","coordinates":[[[-56.934247000000006,-25.589949999999998],[-56.934247000000006,-25.59085],[-56.937847000000005,-25.59085],[-56.937847000000005,-25.589949999999998],[-56.934247000000006,-25.589949999999998]]]}},{"type":"Feature","properties":{"category":"ndvi_canopy","class":1,"ndvi_low":0.25,"ndvi_high":0.45,"name":"Sparse woody","color":"#84cc16","fill_color":"#84cc16","description":"Scattered trees, woodland edges, agroforestry \u2014 visible canopy not closed.","source":"Sentinel-2 L2A NDVI 4-class polygonised"},"geometry":{"type":"Polygon","coordinates":[[[-56.94324700000001,-25.589949999999998],[-56.94324700000001,-25.591749999999998],[-56.944147,-25.591749999999998],[-56.944147,-25.589949999999998],[-56.94324700000001,-25.589949999999998]]]}},{"type":"Feature","properties":{"category":"ndvi_canopy","class":1,"ndvi_low":0.25,"ndvi_high":0.45,"name":"Sparse woody","color":"#84cc16","fill_color":"#84cc16","description":"Scattered trees, woodland edges, agroforestry \u2014 visible canopy not closed.","source":"Sentinel-2 L2A NDVI 4-class polygonised"},"geometry":{"type":"Polygon","coordinates":[[[-56.933347000000005,-25.591749999999998],[-56.933347000000005,-25.59085],[-56.932447,-25.59085],[-56.932447,-25.58815],[-56.931547,-25.58815],[-56.931547,-25.587249999999997],[-56.930765,-25.587249999999997],[-56.930765,-25.589949999999998],[-56.931547,-25.589949999999998],[-56.931547,-25.59085],[-56.930765,-25.59085],[-56.930765,-25.591749999999998],[-56.933347000000005,-25.591749999999998]]]}},{"type":"Feature","properties":{"category":"ndvi_canopy","class":1,"ndvi_low":0.25,"ndvi_high":0.45,"name":"Sparse woody","color":"#84cc16","fill_color":"#84cc16","description":"Scattered trees, woodland edges, agroforestry \u2014 visible canopy not closed.","source":"Sentinel-2 L2A NDVI 4-class polygonised"},"geometry":{"type":"Polygon","coordinates":[[[-56.957647,-25.59085],[-56.954947000000004,-25.59085],[-56.954947000000004,-25.591749999999998],[-56.955847000000006,-25.591749999999998],[-56.955847000000006,-25.59265],[-56.95674700000001,-25.59265],[-56.95674700000001,-25.591749999999998],[-56.959447000000004,-25.591749999999998],[-56.959447000000004,-25.59265],[-56.963947000000005,-25.59265],[-56.963947000000005,-25.59085],[-56.965747,-25.59085],[-56.965747,-25.589949999999998],[-56.964847000000006,-25.589949999999998],[-56.964847000000006,-25.58905],[-56.963947000000005,-25.58905],[-56.963947000000005,-25.58815],[-56.963047,-25.58815],[-56.963047,-25.587249999999997],[-56.965747,-25.587249999999997],[-56.965747,-25.58815],[-56.966647,-25.58815],[-56.966647,-25.587249999999997],[-56.967547,-25.587249999999997],[-56.967547,-25.585449999999998],[-56.966647,-25.585449999999998],[-56.966647,-25.58635],[-56.963947000000005,-25.58635],[-56.963947000000005,-25.58455],[-56.964847000000006,-25.58455],[-56.964847000000006,-25.58365],[-56.965747,-25.58365],[-56.965747,-25.58185],[-56.966647,-25.58185],[-56.966647,-25.58005],[-56.964847000000006,-25.58005],[-56.964847000000006,-25.57915],[-56.963047,-25.57915],[-56.963047,-25.58005],[-56.962147,-25.58005],[-56.962147,-25.57915],[-56.960347000000006,-25.57915],[-56.960347000000006,-25.58005],[-56.96124700000001,-25.58005],[-56.96124700000001,-25.58455],[-56.962147,-25.58455],[-56.962147,-25.585449999999998],[-56.96124700000001,-25.585449999999998],[-56.96124700000001,-25.587249999999997],[-56.959447000000004,-25.587249999999997],[-56.959447000000004,-25.58635],[-56.957647,-25.58635],[-56.957647,-25.585449999999998],[-56.95674700000001,-25.585449999999998],[-56.95674700000001,-25.58455],[-56.955847000000006,-25.58455],[-56.955847000000006,-25.58185],[-56.954947000000004,-25.58185],[-56.954947000000004,-25.580949999999998],[-56.954047,-25.580949999999998],[-56.954047,-25.58005],[-56.95224700000001,-25.58005],[-56.95224700000001,-25.57915],[-56.951347000000005,-25.57915],[-56.951347000000005,-25.580949999999998],[-56.950447000000004,-25.580949999999998],[-56.950447000000004,-25.58455],[-56.951347000000005,-25.58455],[-56.951347000000005,-25.585449999999998],[-56.949547,-25.585449999999998],[-56.949547,-25.58635],[-56.950447000000004,-25.58635],[-56.950447000000004,-25.587249999999997],[-56.953147,-25.587249999999997],[-56.953147,-25.58815],[-56.951347000000005,-25.58815],[-56.951347000000005,-25.58905],[-56.954047,-25.58905],[-56.954047,-25.589949999999998],[-56.954947000000004,-25.589949999999998],[-56.954947000000004,-25.58905],[-56.955847000000006,-25.58905],[-56.955847000000006,-25.589949999999998],[-56.957647,-25.589949999999998],[-56.957647,-25.59085]],[[-56.963947000000005,-25.58005],[-56.963947000000005,-25.580949999999998],[-56.963047,-25.580949999999998],[-56.963047,-25.58005],[-56.963947000000005,-25.58005]],[[-56.953147,-25.58635],[-56.95224700000001,-25.58635],[-56.95224700000001,-25.585449999999998],[-56.954047,-25.585449999999998],[-56.954047,-25.587249999999997],[-56.953147,-25.587249999999997],[-56.953147,-25.58635]],[[-56.957647,-25.58905],[-56.958547,-25.58905],[-56.958547,-25.589949999999998],[-56.957647,-25.589949999999998],[-56.957647,-25.58905]],[[-56.95674700000001,-25.58905],[-56.95674700000001,-25.587249999999997],[-56.958547,-25.587249999999997],[-56.958547,-25.58815],[-56.957647,-25.58815],[-56.957647,-25.58905],[-56.95674700000001,-25.58905]],[[-56.959447000000004,-25.589949999999998],[-56.959447000000004,-25.59085],[-56.958547,-25.59085],[-56.958547,-25.589949999999998],[-56.959447000000004,-25.589949999999998]],[[-56.96124700000001,-25.58905],[-56.959447000000004,-25.58905],[-56.959447000000004,-25.58815],[-56.96124700000001,-25.58815],[-56.96124700000001,-25.58905]],[[-56.963047,-25.589949999999998],[-56.962147,-25.589949999999998],[-56.962147,-25.58905],[-56.963047,-25.58905],[-56.963047,-25.589949999999998]]]}},{"type":"Feature","properties":{"category":"ndvi_canopy","class":1,"ndvi_low":0.25,"ndvi_high":0.45,"name":"Sparse woody","color":"#84cc16","fill_color":"#84cc16","description":"Scattered trees, woodland edges, agroforestry \u2014 visible canopy not closed.","source":"Sentinel-2 L2A NDVI 4-class polygonised"},"geometry":{"type":"Polygon","coordinates":[[[-56.976547000000004,-25.591749999999998],[-56.976547000000004,-25.59265],[-56.977447000000005,-25.59265],[-56.977447000000005,-25.591749999999998],[-56.976547000000004,-25.591749999999998]]]}},{"type":"Feature","properties":{"category":"ndvi_canopy","class":1,"ndvi_low":0.25,"ndvi_high":0.45,"name":"Sparse woody","color":"#84cc16","fill_color":"#84cc16","description":"Scattered trees, woodland edges, agroforestry \u2014 visible canopy not closed.","source":"Sentinel-2 L2A NDVI 4-class polygonised"},"geometry":{"type":"Polygon","coordinates":[[[-56.945047,-25.591749999999998],[-56.945047,-25.59265],[-56.946847000000005,-25.59265],[-56.946847000000005,-25.591749999999998],[-56.945047,-25.591749999999998]]]}},{"type":"Feature","properties":{"category":"ndvi_canopy","class":1,"ndvi_low":0.25,"ndvi_high":0.45,"name":"Sparse woody","color":"#84cc16","fill_color":"#84cc16","description":"Scattered trees, woodland edges, agroforestry \u2014 visible canopy not closed.","source":"Sentinel-2 L2A NDVI 4-class polygonised"},"geometry":{"type":"Polygon","coordinates":[[[-56.989147,-25.589949999999998],[-56.989147,-25.59085],[-56.988247,-25.59085],[-56.988247,-25.591749999999998],[-56.98734700000001,-25.591749999999998],[-56.98734700000001,-25.59355],[-56.988247,-25.59355],[-56.988247,-25.59265],[-56.989147,-25.59265],[-56.989147,-25.59355],[-56.990047000000004,-25.59355],[-56.990047000000004,-25.591749999999998],[-56.990947000000006,-25.591749999999998],[-56.990947000000006,-25.59265],[-56.99184700000001,-25.59265],[-56.99184700000001,-25.59085],[-56.990947000000006,-25.59085],[-56.990947000000006,-25.589949999999998],[-56.989147,-25.589949999999998]]]}},{"type":"Feature","properties":{"category":"ndvi_canopy","class":1,"ndvi_low":0.25,"ndvi_high":0.45,"name":"Sparse woody","color":"#84cc16","fill_color":"#84cc16","description":"Scattered trees, woodland edges, agroforestry \u2014 visible canopy not closed.","source":"Sentinel-2 L2A NDVI 4-class polygonised"},"geometry":{"type":"Polygon","coordinates":[[[-56.981947000000005,-25.59085],[-56.981947000000005,-25.59355],[-56.983747,-25.59355],[-56.983747,-25.591749999999998],[-56.984647,-25.591749999999998],[-56.984647,-25.59085],[-56.981947000000005,-25.59085]]]}},{"type":"Feature","properties":{"category":"ndvi_canopy","class":1,"ndvi_low":0.25,"ndvi_high":0.45,"name":"Sparse woody","color":"#84cc16","fill_color":"#84cc16","description":"Scattered trees, woodland edges, agroforestry \u2014 visible canopy not closed.","source":"Sentinel-2 L2A NDVI 4-class polygonised"},"geometry":{"type":"Polygon","coordinates":[[[-56.979247,-25.59085],[-56.979247,-25.59355],[-56.980147,-25.59355],[-56.980147,-25.59265],[-56.981047000000004,-25.59265],[-56.981047000000004,-25.591749999999998],[-56.980147,-25.591749999999998],[-56.980147,-25.59085],[-56.979247,-25.59085]]]}},{"type":"Feature","properties":{"category":"ndvi_canopy","class":1,"ndvi_low":0.25,"ndvi_high":0.45,"name":"Sparse woody","color":"#84cc16","fill_color":"#84cc16","description":"Scattered trees, woodland edges, agroforestry \u2014 visible canopy not closed.","source":"Sentinel-2 L2A NDVI 4-class polygonised"},"geometry":{"type":"Polygon","coordinates":[[[-56.957647,-25.59265],[-56.957647,-25.59355],[-56.958547,-25.59355],[-56.958547,-25.59265],[-56.957647,-25.59265]]]}},{"type":"Feature","properties":{"category":"ndvi_canopy","class":1,"ndvi_low":0.25,"ndvi_high":0.45,"name":"Sparse woody","color":"#84cc16","fill_color":"#84cc16","description":"Scattered trees, woodland edges, agroforestry \u2014 visible canopy not closed.","source":"Sentinel-2 L2A NDVI 4-class polygonised"},"geometry":{"type":"Polygon","coordinates":[[[-56.950447000000004,-25.59085],[-56.950447000000004,-25.59355],[-56.955847000000006,-25.59355],[-56.955847000000006,-25.59265],[-56.954047,-25.59265],[-56.954047,-25.591749999999998],[-56.95224700000001,-25.591749999999998],[-56.95224700000001,-25.59085],[-56.950447000000004,-25.59085]]]}},{"type":"Feature","properties":{"category":"ndvi_canopy","class":1,"ndvi_low":0.25,"ndvi_high":0.45,"name":"Sparse woody","color":"#84cc16","fill_color":"#84cc16","description":"Scattered trees, woodland edges, agroforestry \u2014 visible canopy not closed.","source":"Sentinel-2 L2A NDVI 4-class polygonised"},"geometry":{"type":"Polygon","coordinates":[[[-56.988247,-25.59355],[-56.988247,-25.59445],[-56.989147,-25.59445],[-56.989147,-25.59355],[-56.988247,-25.59355]]]}},{"type":"Feature","properties":{"category":"ndvi_canopy","class":1,"ndvi_low":0.25,"ndvi_high":0.45,"name":"Sparse woody","color":"#84cc16","fill_color":"#84cc16","description":"Scattered trees, woodland edges, agroforestry \u2014 visible canopy not closed.","source":"Sentinel-2 L2A NDVI 4-class polygonised"},"geometry":{"type":"Polygon","coordinates":[[[-56.937847000000005,-25.59355],[-56.937847000000005,-25.59445],[-56.938747000000006,-25.59445],[-56.938747000000006,-25.59355],[-56.937847000000005,-25.59355]]]}},{"type":"Feature","properties":{"category":"ndvi_canopy","class":1,"ndvi_low":0.25,"ndvi_high":0.45,"name":"Sparse woody","color":"#84cc16","fill_color":"#84cc16","description":"Scattered trees, woodland edges, agroforestry \u2014 visible canopy not closed.","source":"Sentinel-2 L2A NDVI 4-class polygonised"},"geometry":{"type":"Polygon","coordinates":[[[-56.932447,-25.59355],[-56.932447,-25.59445],[-56.933347000000005,-25.59445],[-56.933347000000005,-25.59355],[-56.932447,-25.59355]]]}},{"type":"Feature","properties":{"category":"ndvi_canopy","class":1,"ndvi_low":0.25,"ndvi_high":0.45,"name":"Sparse woody","color":"#84cc16","fill_color":"#84cc16","description":"Scattered trees, woodland edges, agroforestry \u2014 visible canopy not closed.","source":"Sentinel-2 L2A NDVI 4-class polygonised"},"geometry":{"type":"Polygon","coordinates":[[[-56.990047000000004,-25.59445],[-56.990047000000004,-25.59535],[-56.990947000000006,-25.59535],[-56.990947000000006,-25.59445],[-56.990047000000004,-25.59445]]]}},{"type":"Feature","properties":{"category":"ndvi_canopy","class":1,"ndvi_low":0.25,"ndvi_high":0.45,"name":"Sparse woody","color":"#84cc16","fill_color":"#84cc16","description":"Scattered trees, woodland edges, agroforestry \u2014 visible canopy not closed.","source":"Sentinel-2 L2A NDVI 4-class polygonised"},"geometry":{"type":"Polygon","coordinates":[[[-56.934247000000006,-25.59265],[-56.934247000000006,-25.59445],[-56.933347000000005,-25.59445],[-56.933347000000005,-25.59535],[-56.936047,-25.59535],[-56.936047,-25.59445],[-56.935147,-25.59445],[-56.935147,-25.59265],[-56.934247000000006,-25.59265]]]}},{"type":"Feature","properties":{"category":"ndvi_canopy","class":1,"ndvi_low":0.25,"ndvi_high":0.45,"name":"Sparse woody","color":"#84cc16","fill_color":"#84cc16","description":"Scattered trees, woodland edges, agroforestry \u2014 visible canopy not closed.","source":"Sentinel-2 L2A NDVI 4-class polygonised"},"geometry":{"type":"Polygon","coordinates":[[[-56.984647,-25.59355],[-56.984647,-25.59445],[-56.985547000000004,-25.59445],[-56.985547000000004,-25.596249999999998],[-56.986447000000005,-25.596249999999998],[-56.986447000000005,-25.59355],[-56.984647,-25.59355]]]}},{"type":"Feature","properties":{"category":"ndvi_canopy","class":1,"ndvi_low":0.25,"ndvi_high":0.45,"name":"Sparse woody","color":"#84cc16","fill_color":"#84cc16","description":"Scattered trees, woodland edges, agroforestry \u2014 visible canopy not closed.","source":"Sentinel-2 L2A NDVI 4-class polygonised"},"geometry":{"type":"Polygon","coordinates":[[[-56.989147,-25.59535],[-56.989147,-25.596249999999998],[-56.990047000000004,-25.596249999999998],[-56.990047000000004,-25.59535],[-56.989147,-25.59535]]]}},{"type":"Feature","properties":{"category":"ndvi_canopy","class":1,"ndvi_low":0.25,"ndvi_high":0.45,"name":"Sparse woody","color":"#84cc16","fill_color":"#84cc16","description":"Scattered trees, woodland edges, agroforestry \u2014 visible canopy not closed.","source":"Sentinel-2 L2A NDVI 4-class polygonised"},"geometry":{"type":"Polygon","coordinates":[[[-56.976547000000004,-25.59535],[-56.976547000000004,-25.596249999999998],[-56.97834700000001,-25.596249999999998],[-56.97834700000001,-25.59535],[-56.976547000000004,-25.59535]]]}},{"type":"Feature","properties":{"category":"ndvi_canopy","class":1,"ndvi_low":0.25,"ndvi_high":0.45,"name":"Sparse woody","color":"#84cc16","fill_color":"#84cc16","description":"Scattered trees, woodland edges, agroforestry \u2014 visible canopy not closed.","source":"Sentinel-2 L2A NDVI 4-class polygonised"},"geometry":{"type":"Polygon","coordinates":[[[-56.995447000000006,-25.59355],[-56.995447000000006,-25.59535],[-56.994547000000004,-25.59535],[-56.994547000000004,-25.596249999999998],[-56.99634700000001,-25.596249999999998],[-56.99634700000001,-25.59715],[-56.997247,-25.59715],[-56.997247,-25.59445],[-56.998147,-25.59445],[-56.998147,-25.59355],[-56.995447000000006,-25.59355]]]}},{"type":"Feature","properties":{"category":"ndvi_canopy","class":1,"ndvi_low":0.25,"ndvi_high":0.45,"name":"Sparse woody","color":"#84cc16","fill_color":"#84cc16","description":"Scattered trees, woodland edges, agroforestry \u2014 visible canopy not closed.","source":"Sentinel-2 L2A NDVI 4-class polygonised"},"geometry":{"type":"Polygon","coordinates":[[[-56.971147,-25.59535],[-56.971147,-25.59715],[-56.972947000000005,-25.59715],[-56.972947000000005,-25.59535],[-56.971147,-25.59535]]]}},{"type":"Feature","properties":{"category":"ndvi_canopy","class":1,"ndvi_low":0.25,"ndvi_high":0.45,"name":"Sparse woody","color":"#84cc16","fill_color":"#84cc16","description":"Scattered trees, woodland edges, agroforestry \u2014 visible canopy not closed.","source":"Sentinel-2 L2A NDVI 4-class polygonised"},"geometry":{"type":"Polygon","coordinates":[[[-56.931547,-25.59715],[-56.931547,-25.59535],[-56.930765,-25.59535],[-56.930765,-25.59715],[-56.931547,-25.59715]]]}},{"type":"Feature","properties":{"category":"ndvi_canopy","class":1,"ndvi_low":0.25,"ndvi_high":0.45,"name":"Sparse woody","color":"#84cc16","fill_color":"#84cc16","description":"Scattered trees, woodland edges, agroforestry \u2014 visible canopy not closed.","source":"Sentinel-2 L2A NDVI 4-class polygonised"},"geometry":{"type":"Polygon","coordinates":[[[-56.97834700000001,-25.596249999999998],[-56.97834700000001,-25.59715],[-56.979247,-25.59715],[-56.979247,-25.596249999999998],[-56.97834700000001,-25.596249999999998]]]}},{"type":"Feature","properties":{"category":"ndvi_canopy","class":1,"ndvi_low":0.25,"ndvi_high":0.45,"name":"Sparse woody","color":"#84cc16","fill_color":"#84cc16","description":"Scattered trees, woodland edges, agroforestry \u2014 visible canopy not closed.","source":"Sentinel-2 L2A NDVI 4-class polygonised"},"geometry":{"type":"Polygon","coordinates":[[[-56.933347000000005,-25.596249999999998],[-56.933347000000005,-25.59715],[-56.934247000000006,-25.59715],[-56.934247000000006,-25.596249999999998],[-56.933347000000005,-25.596249999999998]]]}},{"type":"Feature","properties":{"category":"ndvi_canopy","class":1,"ndvi_low":0.25,"ndvi_high":0.45,"name":"Sparse woody","color":"#84cc16","fill_color":"#84cc16","description":"Scattered trees, woodland edges, agroforestry \u2014 visible canopy not closed.","source":"Sentinel-2 L2A NDVI 4-class polygonised"},"geometry":{"type":"Polygon","coordinates":[[[-56.983747,-25.59715],[-56.983747,-25.59805],[-56.984647,-25.59805],[-56.984647,-25.59715],[-56.983747,-25.59715]]]}},{"type":"Feature","properties":{"category":"ndvi_canopy","class":1,"ndvi_low":0.25,"ndvi_high":0.45,"name":"Sparse woody","color":"#84cc16","fill_color":"#84cc16","description":"Scattered trees, woodland edges, agroforestry \u2014 visible canopy not closed.","source":"Sentinel-2 L2A NDVI 4-class polygonised"},"geometry":{"type":"Polygon","coordinates":[[[-56.969347000000006,-25.59715],[-56.969347000000006,-25.59805],[-56.970247,-25.59805],[-56.970247,-25.59715],[-56.969347000000006,-25.59715]]]}},{"type":"Feature","properties":{"category":"ndvi_canopy","class":1,"ndvi_low":0.25,"ndvi_high":0.45,"name":"Sparse woody","color":"#84cc16","fill_color":"#84cc16","description":"Scattered trees, woodland edges, agroforestry \u2014 visible canopy not closed.","source":"Sentinel-2 L2A NDVI 4-class polygonised"},"geometry":{"type":"Polygon","coordinates":[[[-56.954047,-25.596249999999998],[-56.954047,-25.59715],[-56.95224700000001,-25.59715],[-56.95224700000001,-25.59805],[-56.953147,-25.59805],[-56.953147,-25.59895],[-56.954947000000004,-25.59895],[-56.954947000000004,-25.59805],[-56.955847000000006,-25.59805],[-56.955847000000006,-25.59715],[-56.95674700000001,-25.59715],[-56.95674700000001,-25.596249999999998],[-56.954047,-25.596249999999998]]]}},{"type":"Feature","properties":{"category":"ndvi_canopy","class":1,"ndvi_low":0.25,"ndvi_high":0.45,"name":"Sparse woody","color":"#84cc16","fill_color":"#84cc16","description":"Scattered trees, woodland edges, agroforestry \u2014 visible canopy not closed.","source":"Sentinel-2 L2A NDVI 4-class polygonised"},"geometry":{"type":"Polygon","coordinates":[[[-56.999047000000004,-25.59445],[-56.999047000000004,-25.59535],[-56.998147,-25.59535],[-56.998147,-25.596249999999998],[-56.999047000000004,-25.596249999999998],[-56.999047000000004,-25.59715],[-56.998147,-25.59715],[-56.998147,-25.59805],[-56.999047000000004,-25.59805],[-56.999047000000004,-25.59895],[-57.000847,-25.59895],[-57.000847,-25.59715],[-56.999947000000006,-25.59715],[-56.999947000000006,-25.596249999999998],[-57.000847,-25.596249999999998],[-57.000847,-25.59445],[-56.999047000000004,-25.59445]]]}},{"type":"Feature","properties":{"category":"ndvi_canopy","class":1,"ndvi_low":0.25,"ndvi_high":0.45,"name":"Sparse woody","color":"#84cc16","fill_color":"#84cc16","description":"Scattered trees, woodland edges, agroforestry \u2014 visible canopy not closed.","source":"Sentinel-2 L2A NDVI 4-class polygonised"},"geometry":{"type":"Polygon","coordinates":[[[-56.931547,-25.59985],[-56.931547,-25.59895],[-56.932447,-25.59895],[-56.932447,-25.59805],[-56.933347000000005,-25.59805],[-56.933347000000005,-25.59715],[-56.931547,-25.59715],[-56.931547,-25.59805],[-56.930765,-25.59805],[-56.930765,-25.59985],[-56.931547,-25.59985]]]}},{"type":"Feature","properties":{"category":"ndvi_canopy","class":1,"ndvi_low":0.25,"ndvi_high":0.45,"name":"Sparse woody","color":"#84cc16","fill_color":"#84cc16","description":"Scattered trees, woodland edges, agroforestry \u2014 visible canopy not closed.","source":"Sentinel-2 L2A NDVI 4-class polygonised"},"geometry":{"type":"Polygon","coordinates":[[[-56.985547000000004,-25.59895],[-56.985547000000004,-25.59985],[-56.98734700000001,-25.59985],[-56.98734700000001,-25.59895],[-56.985547000000004,-25.59895]]]}},{"type":"Feature","properties":{"category":"ndvi_canopy","class":1,"ndvi_low":0.25,"ndvi_high":0.45,"name":"Sparse woody","color":"#84cc16","fill_color":"#84cc16","description":"Scattered trees, woodland edges, agroforestry \u2014 visible canopy not closed.","source":"Sentinel-2 L2A NDVI 4-class polygonised"},"geometry":{"type":"Polygon","coordinates":[[[-56.992747,-25.59895],[-56.992747,-25.59985],[-56.993647,-25.59985],[-56.993647,-25.600749999999998],[-56.995447000000006,-25.600749999999998],[-56.995447000000006,-25.59985],[-56.994547000000004,-25.59985],[-56.994547000000004,-25.59895],[-56.992747,-25.59895]]]}},{"type":"Feature","properties":{"category":"ndvi_canopy","class":1,"ndvi_low":0.25,"ndvi_high":0.45,"name":"Sparse woody","color":"#84cc16","fill_color":"#84cc16","description":"Scattered trees, woodland edges, agroforestry \u2014 visible canopy not closed.","source":"Sentinel-2 L2A NDVI 4-class polygonised"},"geometry":{"type":"Polygon","coordinates":[[[-56.981047000000004,-25.59805],[-56.981047000000004,-25.59895],[-56.980147,-25.59895],[-56.980147,-25.59985],[-56.981047000000004,-25.59985],[-56.981047000000004,-25.60165],[-56.981947000000005,-25.60165],[-56.981947000000005,-25.600749999999998],[-56.98284700000001,-25.600749999999998],[-56.98284700000001,-25.59895],[-56.983747,-25.59895],[-56.983747,-25.59805],[-56.981047000000004,-25.59805]]]}},{"type":"Feature","properties":{"category":"ndvi_canopy","class":1,"ndvi_low":0.25,"ndvi_high":0.45,"name":"Sparse woody","color":"#84cc16","fill_color":"#84cc16","description":"Scattered trees, woodland edges, agroforestry \u2014 visible canopy not closed.","source":"Sentinel-2 L2A NDVI 4-class polygonised"},"geometry":{"type":"Polygon","coordinates":[[[-56.95674700000001,-25.59895],[-56.95674700000001,-25.59985],[-56.955847000000006,-25.59985],[-56.955847000000006,-25.60165],[-56.957647,-25.60165],[-56.957647,-25.59895],[-56.95674700000001,-25.59895]]]}},{"type":"Feature","properties":{"category":"ndvi_canopy","class":1,"ndvi_low":0.25,"ndvi_high":0.45,"name":"Sparse woody","color":"#84cc16","fill_color":"#84cc16","description":"Scattered trees, woodland edges, agroforestry \u2014 visible canopy not closed.","source":"Sentinel-2 L2A NDVI 4-class polygonised"},"geometry":{"type":"Polygon","coordinates":[[[-56.945947000000004,-25.600749999999998],[-56.945947000000004,-25.60165],[-56.946847000000005,-25.60165],[-56.946847000000005,-25.600749999999998],[-56.945947000000004,-25.600749999999998]]]}},{"type":"Feature","properties":{"category":"ndvi_canopy","class":1,"ndvi_low":0.25,"ndvi_high":0.45,"name":"Sparse woody","color":"#84cc16","fill_color":"#84cc16","description":"Scattered trees, woodland edges, agroforestry \u2014 visible canopy not closed.","source":"Sentinel-2 L2A NDVI 4-class polygonised"},"geometry":{"type":"Polygon","coordinates":[[[-56.966647,-25.59805],[-56.966647,-25.59895],[-56.965747,-25.59895],[-56.965747,-25.59805],[-56.964847000000006,-25.59805],[-56.964847000000006,-25.59895],[-56.963047,-25.59895],[-56.963047,-25.59985],[-56.960347000000006,-25.59985],[-56.960347000000006,-25.60165],[-56.96124700000001,-25.60165],[-56.96124700000001,-25.602549999999997],[-56.962147,-25.602549999999997],[-56.962147,-25.60165],[-56.964847000000006,-25.60165],[-56.964847000000006,-25.600749999999998],[-56.966647,-25.600749999999998],[-56.966647,-25.59985],[-56.968447000000005,-25.59985],[-56.968447000000005,-25.59895],[-56.967547,-25.59895],[-56.967547,-25.59805],[-56.966647,-25.59805]]]}},{"type":"Feature","properties":{"category":"ndvi_canopy","class":1,"ndvi_low":0.25,"ndvi_high":0.45,"name":"Sparse woody","color":"#84cc16","fill_color":"#84cc16","description":"Scattered trees, woodland edges, agroforestry \u2014 visible canopy not closed.","source":"Sentinel-2 L2A NDVI 4-class polygonised"},"geometry":{"type":"Polygon","coordinates":[[[-56.970247,-25.600749999999998],[-56.970247,-25.602549999999997],[-56.972047,-25.602549999999997],[-56.972047,-25.600749999999998],[-56.970247,-25.600749999999998]]]}},{"type":"Feature","properties":{"category":"ndvi_canopy","class":1,"ndvi_low":0.25,"ndvi_high":0.45,"name":"Sparse woody","color":"#84cc16","fill_color":"#84cc16","description":"Scattered trees, woodland edges, agroforestry \u2014 visible canopy not closed.","source":"Sentinel-2 L2A NDVI 4-class polygonised"},"geometry":{"type":"Polygon","coordinates":[[[-56.995447000000006,-25.60165],[-56.995447000000006,-25.602549999999997],[-56.997247,-25.602549999999997],[-56.997247,-25.60165],[-56.995447000000006,-25.60165]]]}},{"type":"Feature","properties":{"category":"ndvi_canopy","class":1,"ndvi_low":0.25,"ndvi_high":0.45,"name":"Sparse woody","color":"#84cc16","fill_color":"#84cc16","description":"Scattered trees, woodland edges, agroforestry \u2014 visible canopy not closed.","source":"Sentinel-2 L2A NDVI 4-class polygonised"},"geometry":{"type":"Polygon","coordinates":[[[-56.990047000000004,-25.60165],[-56.990047000000004,-25.602549999999997],[-56.990947000000006,-25.602549999999997],[-56.990947000000006,-25.60165],[-56.990047000000004,-25.60165]]]}},{"type":"Feature","properties":{"category":"ndvi_canopy","class":1,"ndvi_low":0.25,"ndvi_high":0.45,"name":"Sparse woody","color":"#84cc16","fill_color":"#84cc16","description":"Scattered trees, woodland edges, agroforestry \u2014 visible canopy not closed.","source":"Sentinel-2 L2A NDVI 4-class polygonised"},"geometry":{"type":"Polygon","coordinates":[[[-56.984647,-25.60165],[-56.984647,-25.602549999999997],[-56.985547000000004,-25.602549999999997],[-56.985547000000004,-25.60165],[-56.984647,-25.60165]]]}},{"type":"Feature","properties":{"category":"ndvi_canopy","class":1,"ndvi_low":0.25,"ndvi_high":0.45,"name":"Sparse woody","color":"#84cc16","fill_color":"#84cc16","description":"Scattered trees, woodland edges, agroforestry \u2014 visible canopy not closed.","source":"Sentinel-2 L2A NDVI 4-class polygonised"},"geometry":{"type":"Polygon","coordinates":[[[-56.941447000000004,-25.600749999999998],[-56.941447000000004,-25.60165],[-56.942347000000005,-25.60165],[-56.942347000000005,-25.60345],[-56.94324700000001,-25.60345],[-56.94324700000001,-25.60165],[-56.944147,-25.60165],[-56.944147,-25.600749999999998],[-56.941447000000004,-25.600749999999998]]]}},{"type":"Feature","properties":{"category":"ndvi_canopy","class":1,"ndvi_low":0.25,"ndvi_high":0.45,"name":"Sparse woody","color":"#84cc16","fill_color":"#84cc16","description":"Scattered trees, woodland edges, agroforestry \u2014 visible canopy not closed.","source":"Sentinel-2 L2A NDVI 4-class polygonised"},"geometry":{"type":"Polygon","coordinates":[[[-56.98734700000001,-25.600749999999998],[-56.98734700000001,-25.60165],[-56.986447000000005,-25.60165],[-56.986447000000005,-25.60345],[-56.988247,-25.60345],[-56.988247,-25.602549999999997],[-56.989147,-25.602549999999997],[-56.989147,-25.60165],[-56.988247,-25.60165],[-56.988247,-25.600749999999998],[-56.98734700000001,-25.600749999999998]]]}},{"type":"Feature","properties":{"category":"ndvi_canopy","class":1,"ndvi_low":0.25,"ndvi_high":0.45,"name":"Sparse woody","color":"#84cc16","fill_color":"#84cc16","description":"Scattered trees, woodland edges, agroforestry \u2014 visible canopy not closed.","source":"Sentinel-2 L2A NDVI 4-class polygonised"},"geometry":{"type":"Polygon","coordinates":[[[-56.99184700000001,-25.602549999999997],[-56.99184700000001,-25.60345],[-56.992747,-25.60345],[-56.992747,-25.602549999999997],[-56.99184700000001,-25.602549999999997]]]}},{"type":"Feature","properties":{"category":"ndvi_canopy","class":1,"ndvi_low":0.25,"ndvi_high":0.45,"name":"Sparse woody","color":"#84cc16","fill_color":"#84cc16","description":"Scattered trees, woodland edges, agroforestry \u2014 visible canopy not closed.","source":"Sentinel-2 L2A NDVI 4-class polygonised"},"geometry":{"type":"Polygon","coordinates":[[[-56.998147,-25.602549999999997],[-56.998147,-25.60345],[-56.999947000000006,-25.60345],[-56.999947000000006,-25.60435],[-57.000847,-25.60435],[-57.000847,-25.602549999999997],[-56.998147,-25.602549999999997]]]}},{"type":"Feature","properties":{"category":"ndvi_canopy","class":1,"ndvi_low":0.25,"ndvi_high":0.45,"name":"Sparse woody","color":"#84cc16","fill_color":"#84cc16","description":"Scattered trees, woodland edges, agroforestry \u2014 visible canopy not closed.","source":"Sentinel-2 L2A NDVI 4-class polygonised"},"geometry":{"type":"Polygon","coordinates":[[[-56.998147,-25.60435],[-56.998147,-25.605249999999998],[-56.999947000000006,-25.605249999999998],[-56.999947000000006,-25.60435],[-56.998147,-25.60435]]]}},{"type":"Feature","properties":{"category":"ndvi_canopy","class":1,"ndvi_low":0.25,"ndvi_high":0.45,"name":"Sparse woody","color":"#84cc16","fill_color":"#84cc16","description":"Scattered trees, woodland edges, agroforestry \u2014 visible canopy not closed.","source":"Sentinel-2 L2A NDVI 4-class polygonised"},"geometry":{"type":"Polygon","coordinates":[[[-56.936047,-25.60435],[-56.936047,-25.605249999999998],[-56.936947,-25.605249999999998],[-56.936947,-25.60435],[-56.936047,-25.60435]]]}},{"type":"Feature","properties":{"category":"ndvi_canopy","class":1,"ndvi_low":0.25,"ndvi_high":0.45,"name":"Sparse woody","color":"#84cc16","fill_color":"#84cc16","description":"Scattered trees, woodland edges, agroforestry \u2014 visible canopy not closed.","source":"Sentinel-2 L2A NDVI 4-class polygonised"},"geometry":{"type":"Polygon","coordinates":[[[-56.944147,-25.602549999999997],[-56.944147,-25.60615],[-56.945047,-25.60615],[-56.945047,-25.602549999999997],[-56.944147,-25.602549999999997]]]}},{"type":"Feature","properties":{"category":"ndvi_canopy","class":1,"ndvi_low":0.25,"ndvi_high":0.45,"name":"Sparse woody","color":"#84cc16","fill_color":"#84cc16","description":"Scattered trees, woodland edges, agroforestry \u2014 visible canopy not closed.","source":"Sentinel-2 L2A NDVI 4-class polygonised"},"geometry":{"type":"Polygon","coordinates":[[[-56.986447000000005,-25.607049999999997],[-56.986447000000005,-25.60795],[-56.98734700000001,-25.60795],[-56.98734700000001,-25.607049999999997],[-56.986447000000005,-25.607049999999997]]]}},{"type":"Feature","properties":{"category":"ndvi_canopy","class":1,"ndvi_low":0.25,"ndvi_high":0.45,"name":"Sparse woody","color":"#84cc16","fill_color":"#84cc16","description":"Scattered trees, woodland edges, agroforestry \u2014 visible canopy not closed.","source":"Sentinel-2 L2A NDVI 4-class polygonised"},"geometry":{"type":"Polygon","coordinates":[[[-56.983747,-25.60345],[-56.983747,-25.60435],[-56.98284700000001,-25.60435],[-56.98284700000001,-25.60615],[-56.983747,-25.60615],[-56.983747,-25.607049999999997],[-56.981947000000005,-25.607049999999997],[-56.981947000000005,-25.60795],[-56.983747,-25.60795],[-56.983747,-25.60885],[-56.984647,-25.60885],[-56.984647,-25.607049999999997],[-56.985547000000004,-25.607049999999997],[-56.985547000000004,-25.60615],[-56.986447000000005,-25.60615],[-56.986447000000005,-25.60435],[-56.985547000000004,-25.60435],[-56.985547000000004,-25.60345],[-56.983747,-25.60345]]]}},{"type":"Feature","properties":{"category":"ndvi_canopy","class":1,"ndvi_low":0.25,"ndvi_high":0.45,"name":"Sparse woody","color":"#84cc16","fill_color":"#84cc16","description":"Scattered trees, woodland edges, agroforestry \u2014 visible canopy not closed.","source":"Sentinel-2 L2A NDVI 4-class polygonised"},"geometry":{"type":"Polygon","coordinates":[[[-56.964847000000006,-25.607049999999997],[-56.964847000000006,-25.60885],[-56.965747,-25.60885],[-56.965747,-25.60795],[-56.966647,-25.60795],[-56.966647,-25.607049999999997],[-56.964847000000006,-25.607049999999997]]]}},{"type":"Feature","properties":{"category":"ndvi_canopy","class":1,"ndvi_low":0.25,"ndvi_high":0.45,"name":"Sparse woody","color":"#84cc16","fill_color":"#84cc16","description":"Scattered trees, woodland edges, agroforestry \u2014 visible canopy not closed.","source":"Sentinel-2 L2A NDVI 4-class polygonised"},"geometry":{"type":"Polygon","coordinates":[[[-56.990947000000006,-25.607049999999997],[-56.990947000000006,-25.60885],[-56.992747,-25.60885],[-56.992747,-25.60795],[-56.99184700000001,-25.60795],[-56.99184700000001,-25.607049999999997],[-56.990947000000006,-25.607049999999997]]]}},{"type":"Feature","properties":{"category":"ndvi_canopy","class":1,"ndvi_low":0.25,"ndvi_high":0.45,"name":"Sparse woody","color":"#84cc16","fill_color":"#84cc16","description":"Scattered trees, woodland edges, agroforestry \u2014 visible canopy not closed.","source":"Sentinel-2 L2A NDVI 4-class polygonised"},"geometry":{"type":"Polygon","coordinates":[[[-56.949547,-25.60795],[-56.949547,-25.60885],[-56.951347000000005,-25.60885],[-56.951347000000005,-25.60795],[-56.949547,-25.60795]]]}},{"type":"Feature","properties":{"category":"ndvi_canopy","class":1,"ndvi_low":0.25,"ndvi_high":0.45,"name":"Sparse woody","color":"#84cc16","fill_color":"#84cc16","description":"Scattered trees, woodland edges, agroforestry \u2014 visible canopy not closed.","source":"Sentinel-2 L2A NDVI 4-class polygonised"},"geometry":{"type":"Polygon","coordinates":[[[-56.999047000000004,-25.60885],[-56.999047000000004,-25.60975],[-56.999947000000006,-25.60975],[-56.999947000000006,-25.60885],[-56.999047000000004,-25.60885]]]}},{"type":"Feature","properties":{"category":"ndvi_canopy","class":1,"ndvi_low":0.25,"ndvi_high":0.45,"name":"Sparse woody","color":"#84cc16","fill_color":"#84cc16","description":"Scattered trees, woodland edges, agroforestry \u2014 visible canopy not closed.","source":"Sentinel-2 L2A NDVI 4-class polygonised"},"geometry":{"type":"Polygon","coordinates":[[[-56.951347000000005,-25.60885],[-56.951347000000005,-25.60975],[-56.95224700000001,-25.60975],[-56.95224700000001,-25.60885],[-56.951347000000005,-25.60885]]]}},{"type":"Feature","properties":{"category":"ndvi_canopy","class":1,"ndvi_low":0.25,"ndvi_high":0.45,"name":"Sparse woody","color":"#84cc16","fill_color":"#84cc16","description":"Scattered trees, woodland edges, agroforestry \u2014 visible canopy not closed.","source":"Sentinel-2 L2A NDVI 4-class polygonised"},"geometry":{"type":"Polygon","coordinates":[[[-56.948647,-25.60885],[-56.948647,-25.60975],[-56.949547,-25.60975],[-56.949547,-25.60885],[-56.948647,-25.60885]]]}},{"type":"Feature","properties":{"category":"ndvi_canopy","class":1,"ndvi_low":0.25,"ndvi_high":0.45,"name":"Sparse woody","color":"#84cc16","fill_color":"#84cc16","description":"Scattered trees, woodland edges, agroforestry \u2014 visible canopy not closed.","source":"Sentinel-2 L2A NDVI 4-class polygonised"},"geometry":{"type":"Polygon","coordinates":[[[-56.938747000000006,-25.60885],[-56.938747000000006,-25.60975],[-56.939647,-25.60975],[-56.939647,-25.60885],[-56.938747000000006,-25.60885]]]}},{"type":"Feature","properties":{"category":"ndvi_canopy","class":1,"ndvi_low":0.25,"ndvi_high":0.45,"name":"Sparse woody","color":"#84cc16","fill_color":"#84cc16","description":"Scattered trees, woodland edges, agroforestry \u2014 visible canopy not closed.","source":"Sentinel-2 L2A NDVI 4-class polygonised"},"geometry":{"type":"Polygon","coordinates":[[[-56.990947000000006,-25.60975],[-56.990947000000006,-25.61065],[-56.992747,-25.61065],[-56.992747,-25.60975],[-56.990947000000006,-25.60975]]]}},{"type":"Feature","properties":{"category":"ndvi_canopy","class":1,"ndvi_low":0.25,"ndvi_high":0.45,"name":"Sparse woody","color":"#84cc16","fill_color":"#84cc16","description":"Scattered trees, woodland edges, agroforestry \u2014 visible canopy not closed.","source":"Sentinel-2 L2A NDVI 4-class polygonised"},"geometry":{"type":"Polygon","coordinates":[[[-56.985547000000004,-25.60975],[-56.985547000000004,-25.61065],[-56.98734700000001,-25.61065],[-56.98734700000001,-25.60975],[-56.985547000000004,-25.60975]]]}},{"type":"Feature","properties":{"category":"ndvi_canopy","class":1,"ndvi_low":0.25,"ndvi_high":0.45,"name":"Sparse woody","color":"#84cc16","fill_color":"#84cc16","description":"Scattered trees, woodland edges, agroforestry \u2014 visible canopy not closed.","source":"Sentinel-2 L2A NDVI 4-class polygonised"},"geometry":{"type":"Polygon","coordinates":[[[-56.983747,-25.60975],[-56.983747,-25.61065],[-56.984647,-25.61065],[-56.984647,-25.60975],[-56.983747,-25.60975]]]}},{"type":"Feature","properties":{"category":"ndvi_canopy","class":1,"ndvi_low":0.25,"ndvi_high":0.45,"name":"Sparse woody","color":"#84cc16","fill_color":"#84cc16","description":"Scattered trees, woodland edges, agroforestry \u2014 visible canopy not closed.","source":"Sentinel-2 L2A NDVI 4-class polygonised"},"geometry":{"type":"Polygon","coordinates":[[[-56.953147,-25.60975],[-56.953147,-25.61065],[-56.954047,-25.61065],[-56.954047,-25.60975],[-56.953147,-25.60975]]]}},{"type":"Feature","properties":{"category":"ndvi_canopy","class":1,"ndvi_low":0.25,"ndvi_high":0.45,"name":"Sparse woody","color":"#84cc16","fill_color":"#84cc16","description":"Scattered trees, woodland edges, agroforestry \u2014 visible canopy not closed.","source":"Sentinel-2 L2A NDVI 4-class polygonised"},"geometry":{"type":"Polygon","coordinates":[[[-56.939647,-25.60975],[-56.939647,-25.61065],[-56.940547,-25.61065],[-56.940547,-25.60975],[-56.939647,-25.60975]]]}},{"type":"Feature","properties":{"category":"ndvi_canopy","class":1,"ndvi_low":0.25,"ndvi_high":0.45,"name":"Sparse woody","color":"#84cc16","fill_color":"#84cc16","description":"Scattered trees, woodland edges, agroforestry \u2014 visible canopy not closed.","source":"Sentinel-2 L2A NDVI 4-class polygonised"},"geometry":{"type":"Polygon","coordinates":[[[-56.945047,-25.60615],[-56.945047,-25.60795],[-56.944147,-25.60795],[-56.944147,-25.60885],[-56.94324700000001,-25.60885],[-56.94324700000001,-25.607049999999997],[-56.941447000000004,-25.607049999999997],[-56.941447000000004,-25.60795],[-56.940547,-25.60795],[-56.940547,-25.607049999999997],[-56.939647,-25.607049999999997],[-56.939647,-25.60885],[-56.941447000000004,-25.60885],[-56.941447000000004,-25.60975],[-56.944147,-25.60975],[-56.944147,-25.61065],[-56.945047,-25.61065],[-56.945047,-25.611549999999998],[-56.94774700000001,-25.611549999999998],[-56.94774700000001,-25.60975],[-56.946847000000005,-25.60975],[-56.946847000000005,-25.60885],[-56.945947000000004,-25.60885],[-56.945947000000004,-25.60615],[-56.945047,-25.60615]]]}},{"type":"Feature","properties":{"category":"ndvi_canopy","class":1,"ndvi_low":0.25,"ndvi_high":0.45,"name":"Sparse woody","color":"#84cc16","fill_color":"#84cc16","description":"Scattered trees, woodland edges, agroforestry \u2014 visible canopy not closed.","source":"Sentinel-2 L2A NDVI 4-class polygonised"},"geometry":{"type":"Polygon","coordinates":[[[-56.940547,-25.61065],[-56.940547,-25.611549999999998],[-56.942347000000005,-25.611549999999998],[-56.942347000000005,-25.61065],[-56.940547,-25.61065]]]}},{"type":"Feature","properties":{"category":"ndvi_canopy","class":1,"ndvi_low":0.25,"ndvi_high":0.45,"name":"Sparse woody","color":"#84cc16","fill_color":"#84cc16","description":"Scattered trees, woodland edges, agroforestry \u2014 visible canopy not closed.","source":"Sentinel-2 L2A NDVI 4-class polygonised"},"geometry":{"type":"Polygon","coordinates":[[[-56.990047000000004,-25.611549999999998],[-56.990047000000004,-25.61245],[-56.990947000000006,-25.61245],[-56.990947000000006,-25.611549999999998],[-56.990047000000004,-25.611549999999998]]]}},{"type":"Feature","properties":{"category":"ndvi_canopy","class":1,"ndvi_low":0.25,"ndvi_high":0.45,"name":"Sparse woody","color":"#84cc16","fill_color":"#84cc16","description":"Scattered trees, woodland edges, agroforestry \u2014 visible canopy not closed.","source":"Sentinel-2 L2A NDVI 4-class polygonised"},"geometry":{"type":"Polygon","coordinates":[[[-56.963047,-25.611549999999998],[-56.963047,-25.61245],[-56.963947000000005,-25.61245],[-56.963947000000005,-25.611549999999998],[-56.963047,-25.611549999999998]]]}},{"type":"Feature","properties":{"category":"ndvi_canopy","class":1,"ndvi_low":0.25,"ndvi_high":0.45,"name":"Sparse woody","color":"#84cc16","fill_color":"#84cc16","description":"Scattered trees, woodland edges, agroforestry \u2014 visible canopy not closed.","source":"Sentinel-2 L2A NDVI 4-class polygonised"},"geometry":{"type":"Polygon","coordinates":[[[-56.94324700000001,-25.611549999999998],[-56.94324700000001,-25.61245],[-56.944147,-25.61245],[-56.944147,-25.611549999999998],[-56.94324700000001,-25.611549999999998]]]}},{"type":"Feature","properties":{"category":"ndvi_canopy","class":1,"ndvi_low":0.25,"ndvi_high":0.45,"name":"Sparse woody","color":"#84cc16","fill_color":"#84cc16","description":"Scattered trees, woodland edges, agroforestry \u2014 visible canopy not closed.","source":"Sentinel-2 L2A NDVI 4-class polygonised"},"geometry":{"type":"Polygon","coordinates":[[[-56.945047,-25.61245],[-56.945047,-25.61335],[-56.945947000000004,-25.61335],[-56.945947000000004,-25.61245],[-56.945047,-25.61245]]]}},{"type":"Feature","properties":{"category":"ndvi_canopy","class":1,"ndvi_low":0.25,"ndvi_high":0.45,"name":"Sparse woody","color":"#84cc16","fill_color":"#84cc16","description":"Scattered trees, woodland edges, agroforestry \u2014 visible canopy not closed.","source":"Sentinel-2 L2A NDVI 4-class polygonised"},"geometry":{"type":"Polygon","coordinates":[[[-56.966647,-25.61065],[-56.966647,-25.611549999999998],[-56.965747,-25.611549999999998],[-56.965747,-25.61245],[-56.967547,-25.61245],[-56.967547,-25.61335],[-56.969347000000006,-25.61335],[-56.969347000000006,-25.61425],[-56.970247,-25.61425],[-56.970247,-25.61245],[-56.968447000000005,-25.61245],[-56.968447000000005,-25.611549999999998],[-56.967547,-25.611549999999998],[-56.967547,-25.61065],[-56.966647,-25.61065]]]}},{"type":"Feature","properties":{"category":"ndvi_canopy","class":1,"ndvi_low":0.25,"ndvi_high":0.45,"name":"Sparse woody","color":"#84cc16","fill_color":"#84cc16","description":"Scattered trees, woodland edges, agroforestry \u2014 visible canopy not closed.","source":"Sentinel-2 L2A NDVI 4-class polygonised"},"geometry":{"type":"Polygon","coordinates":[[[-56.936047,-25.61245],[-56.936047,-25.611549999999998],[-56.936947,-25.611549999999998],[-56.936947,-25.61065],[-56.936047,-25.61065],[-56.936047,-25.60975],[-56.934247000000006,-25.60975],[-56.934247000000006,-25.60795],[-56.933347000000005,-25.60795],[-56.933347000000005,-25.607049999999997],[-56.932447,-25.607049999999997],[-56.932447,-25.60615],[-56.933347000000005,-25.60615],[-56.933347000000005,-25.60435],[-56.934247000000006,-25.60435],[-56.934247000000006,-25.602549999999997],[-56.935147,-25.602549999999997],[-56.935147,-25.60345],[-56.936047,-25.60345],[-56.936047,-25.600749999999998],[-56.937847000000005,-25.600749999999998],[-56.937847000000005,-25.60165],[-56.939647,-25.60165],[-56.939647,-25.602549999999997],[-56.941447000000004,-25.602549999999997],[-56.941447000000004,-25.60165],[-56.940547,-25.60165],[-56.940547,-25.59895],[-56.939647,-25.59895],[-56.939647,-25.59805],[-56.942347000000005,-25.59805],[-56.942347000000005,-25.596249999999998],[-56.944147,-25.596249999999998],[-56.944147,-25.59715],[-56.945947000000004,-25.59715],[-56.945947000000004,-25.59985],[-56.94774700000001,-25.59985],[-56.94774700000001,-25.59895],[-56.948647,-25.59895],[-56.948647,-25.602549999999997],[-56.94774700000001,-25.602549999999997],[-56.94774700000001,-25.60435],[-56.948647,-25.60435],[-56.948647,-25.60345],[-56.949547,-25.60345],[-56.949547,-25.602549999999997],[-56.950447000000004,-25.602549999999997],[-56.950447000000004,-25.60165],[-56.95224700000001,-25.60165],[-56.95224700000001,-25.600749999999998],[-56.951347000000005,-25.600749999999998],[-56.951347000000005,-25.59985],[-56.95224700000001,-25.59985],[-56.95224700000001,-25.59895],[-56.951347000000005,-25.59895],[-56.951347000000005,-25.59805],[-56.94774700000001,-25.59805],[-56.94774700000001,-25.59715],[-56.946847000000005,-25.59715],[-56.946847000000005,-25.59445],[-56.945947000000004,-25.59445],[-56.945947000000004,-25.59355],[-56.945047,-25.59355],[-56.945047,-25.59445],[-56.941447000000004,-25.59445],[-56.941447000000004,-25.59535],[-56.940547,-25.59535],[-56.940547,-25.59445],[-56.939647,-25.59445],[-56.939647,-25.59535],[-56.936947,-25.59535],[-56.936947,-25.59715],[-56.935147,-25.59715],[-56.935147,-25.59895],[-56.936047,-25.59895],[-56.936047,-25.59985],[-56.933347000000005,-25.59985],[-56.933347000000005,-25.60165],[-56.931547,-25.60165],[-56.931547,-25.602549999999997],[-56.930765,-25.602549999999997],[-56.930765,-25.60345],[-56.932447,-25.60345],[-56.932447,-25.60435],[-56.930765,-25.60435],[-56.930765,-25.60885],[-56.931547,-25.60885],[-56.931547,-25.60975],[-56.932447,-25.60975],[-56.932447,-25.61065],[-56.930765,-25.61065],[-56.930765,-25.61245],[-56.932447,-25.61245],[-56.932447,-25.61425],[-56.934247000000006,-25.61425],[-56.934247000000006,-25.61245],[-56.936047,-25.61245]],[[-56.937847000000005,-25.59715],[-56.937847000000005,-25.596249999999998],[-56.939647,-25.596249999999998],[-56.939647,-25.59715],[-56.938747000000006,-25.59715],[-56.938747000000006,-25.59895],[-56.937847000000005,-25.59895],[-56.937847000000005,-25.59805],[-56.936947,-25.59805],[-56.936947,-25.59715],[-56.937847000000005,-25.59715]],[[-56.932447,-25.602549999999997],[-56.933347000000005,-25.602549999999997],[-56.933347000000005,-25.60345],[-56.932447,-25.60345],[-56.932447,-25.602549999999997]],[[-56.933347000000005,-25.61245],[-56.933347000000005,-25.611549999999998],[-56.934247000000006,-25.611549999999998],[-56.934247000000006,-25.61245],[-56.933347000000005,-25.61245]]]}},{"type":"Feature","properties":{"category":"ndvi_canopy","class":1,"ndvi_low":0.25,"ndvi_high":0.45,"name":"Sparse woody","color":"#84cc16","fill_color":"#84cc16","description":"Scattered trees, woodland edges, agroforestry \u2014 visible canopy not closed.","source":"Sentinel-2 L2A NDVI 4-class polygonised"},"geometry":{"type":"Polygon","coordinates":[[[-56.981947000000005,-25.60885],[-56.981947000000005,-25.60975],[-56.981047000000004,-25.60975],[-56.981047000000004,-25.61065],[-56.980147,-25.61065],[-56.980147,-25.61245],[-56.979247,-25.61245],[-56.979247,-25.61335],[-56.981947000000005,-25.61335],[-56.981947000000005,-25.61425],[-56.983747,-25.61425],[-56.983747,-25.61335],[-56.98284700000001,-25.61335],[-56.98284700000001,-25.611549999999998],[-56.983747,-25.611549999999998],[-56.983747,-25.61065],[-56.98284700000001,-25.61065],[-56.98284700000001,-25.60885],[-56.981947000000005,-25.60885]]]}},{"type":"Feature","properties":{"category":"ndvi_canopy","class":1,"ndvi_low":0.25,"ndvi_high":0.45,"name":"Sparse woody","color":"#84cc16","fill_color":"#84cc16","description":"Scattered trees, woodland edges, agroforestry \u2014 visible canopy not closed.","source":"Sentinel-2 L2A NDVI 4-class polygonised"},"geometry":{"type":"Polygon","coordinates":[[[-56.980147,-25.607049999999997],[-56.980147,-25.60615],[-56.981947000000005,-25.60615],[-56.981947000000005,-25.60435],[-56.981047000000004,-25.60435],[-56.981047000000004,-25.60345],[-56.980147,-25.60345],[-56.980147,-25.602549999999997],[-56.981047000000004,-25.602549999999997],[-56.981047000000004,-25.60165],[-56.979247,-25.60165],[-56.979247,-25.600749999999998],[-56.977447000000005,-25.600749999999998],[-56.977447000000005,-25.59895],[-56.975647,-25.59895],[-56.975647,-25.600749999999998],[-56.973847000000006,-25.600749999999998],[-56.973847000000006,-25.60165],[-56.974747,-25.60165],[-56.974747,-25.602549999999997],[-56.973847000000006,-25.602549999999997],[-56.973847000000006,-25.60345],[-56.972047,-25.60345],[-56.972047,-25.60435],[-56.972947000000005,-25.60435],[-56.972947000000005,-25.605249999999998],[-56.970247,-25.605249999999998],[-56.970247,-25.607049999999997],[-56.969347000000006,-25.607049999999997],[-56.969347000000006,-25.60615],[-56.968447000000005,-25.60615],[-56.968447000000005,-25.60975],[-56.969347000000006,-25.60975],[-56.969347000000006,-25.61065],[-56.970247,-25.61065],[-56.970247,-25.611549999999998],[-56.972047,-25.611549999999998],[-56.972047,-25.61245],[-56.972947000000005,-25.61245],[-56.972947000000005,-25.61425],[-56.975647,-25.61425],[-56.975647,-25.61515],[-56.977447000000005,-25.61515],[-56.977447000000005,-25.61335],[-56.97834700000001,-25.61335],[-56.97834700000001,-25.611549999999998],[-56.977447000000005,-25.611549999999998],[-56.977447000000005,-25.61065],[-56.97834700000001,-25.61065],[-56.97834700000001,-25.60975],[-56.977447000000005,-25.60975],[-56.977447000000005,-25.607049999999997],[-56.980147,-25.607049999999997]],[[-56.976547000000004,-25.61335],[-56.976547000000004,-25.61245],[-56.977447000000005,-25.61245],[-56.977447000000005,-25.61335],[-56.976547000000004,-25.61335]],[[-56.976547000000004,-25.607049999999997],[-56.976547000000004,-25.60615],[-56.977447000000005,-25.60615],[-56.977447000000005,-25.607049999999997],[-56.976547000000004,-25.607049999999997]],[[-56.976547000000004,-25.602549999999997],[-56.975647,-25.602549999999997],[-56.975647,-25.60165],[-56.976547000000004,-25.60165],[-56.976547000000004,-25.602549999999997]],[[-56.975647,-25.60615],[-56.974747,-25.60615],[-56.974747,-25.605249999999998],[-56.975647,-25.605249999999998],[-56.975647,-25.60615]],[[-56.972047,-25.607049999999997],[-56.971147,-25.607049999999997],[-56.971147,-25.60615],[-56.972047,-25.60615],[-56.972047,-25.607049999999997]],[[-56.975647,-25.611549999999998],[-56.974747,-25.611549999999998],[-56.974747,-25.61065],[-56.975647,-25.61065],[-56.975647,-25.611549999999998]]]}},{"type":"Feature","properties":{"category":"ndvi_canopy","class":1,"ndvi_low":0.25,"ndvi_high":0.45,"name":"Sparse woody","color":"#84cc16","fill_color":"#84cc16","description":"Scattered trees, woodland edges, agroforestry \u2014 visible canopy not closed.","source":"Sentinel-2 L2A NDVI 4-class polygonised"},"geometry":{"type":"Polygon","coordinates":[[[-56.945047,-25.61425],[-56.945047,-25.61515],[-56.945947000000004,-25.61515],[-56.945947000000004,-25.61425],[-56.945047,-25.61425]]]}},{"type":"Feature","properties":{"category":"ndvi_canopy","class":1,"ndvi_low":0.25,"ndvi_high":0.45,"name":"Sparse woody","color":"#84cc16","fill_color":"#84cc16","description":"Scattered trees, woodland edges, agroforestry \u2014 visible canopy not closed.","source":"Sentinel-2 L2A NDVI 4-class polygonised"},"geometry":{"type":"Polygon","coordinates":[[[-56.931547,-25.616049999999998],[-56.931547,-25.61335],[-56.930765,-25.61335],[-56.930765,-25.616049999999998],[-56.931547,-25.616049999999998]]]}},{"type":"Feature","properties":{"category":"ndvi_canopy","class":1,"ndvi_low":0.25,"ndvi_high":0.45,"name":"Sparse woody","color":"#84cc16","fill_color":"#84cc16","description":"Scattered trees, woodland edges, agroforestry \u2014 visible canopy not closed.","source":"Sentinel-2 L2A NDVI 4-class polygonised"},"geometry":{"type":"Polygon","coordinates":[[[-56.932447,-25.61515],[-56.932447,-25.616049999999998],[-56.933347000000005,-25.616049999999998],[-56.933347000000005,-25.61515],[-56.932447,-25.61515]]]}},{"type":"Feature","properties":{"category":"ndvi_canopy","class":1,"ndvi_low":0.25,"ndvi_high":0.45,"name":"Sparse woody","color":"#84cc16","fill_color":"#84cc16","description":"Scattered trees, woodland edges, agroforestry \u2014 visible canopy not closed.","source":"Sentinel-2 L2A NDVI 4-class polygonised"},"geometry":{"type":"Polygon","coordinates":[[[-56.999047000000004,-25.61335],[-56.999047000000004,-25.61515],[-56.999947000000006,-25.61515],[-56.999947000000006,-25.616049999999998],[-56.999047000000004,-25.616049999999998],[-56.999047000000004,-25.61695],[-57.000847,-25.61695],[-57.000847,-25.61425],[-56.999947000000006,-25.61425],[-56.999947000000006,-25.61335],[-56.999047000000004,-25.61335]]]}},{"type":"Feature","properties":{"category":"ndvi_canopy","class":1,"ndvi_low":0.25,"ndvi_high":0.45,"name":"Sparse woody","color":"#84cc16","fill_color":"#84cc16","description":"Scattered trees, woodland edges, agroforestry \u2014 visible canopy not closed.","source":"Sentinel-2 L2A NDVI 4-class polygonised"},"geometry":{"type":"Polygon","coordinates":[[[-56.94324700000001,-25.61515],[-56.94324700000001,-25.616049999999998],[-56.942347000000005,-25.616049999999998],[-56.942347000000005,-25.61695],[-56.944147,-25.61695],[-56.944147,-25.61515],[-56.94324700000001,-25.61515]]]}},{"type":"Feature","properties":{"category":"ndvi_canopy","class":1,"ndvi_low":0.25,"ndvi_high":0.45,"name":"Sparse woody","color":"#84cc16","fill_color":"#84cc16","description":"Scattered trees, woodland edges, agroforestry \u2014 visible canopy not closed.","source":"Sentinel-2 L2A NDVI 4-class polygonised"},"geometry":{"type":"Polygon","coordinates":[[[-56.974747,-25.61515],[-56.974747,-25.616049999999998],[-56.973847000000006,-25.616049999999998],[-56.973847000000006,-25.61515],[-56.972047,-25.61515],[-56.972047,-25.61785],[-56.972947000000005,-25.61785],[-56.972947000000005,-25.61695],[-56.975647,-25.61695],[-56.975647,-25.61515],[-56.974747,-25.61515]]]}},{"type":"Feature","properties":{"category":"ndvi_canopy","class":1,"ndvi_low":0.25,"ndvi_high":0.45,"name":"Sparse woody","color":"#84cc16","fill_color":"#84cc16","description":"Scattered trees, woodland edges, agroforestry \u2014 visible canopy not closed.","source":"Sentinel-2 L2A NDVI 4-class polygonised"},"geometry":{"type":"Polygon","coordinates":[[[-56.962147,-25.61695],[-56.962147,-25.61785],[-56.963047,-25.61785],[-56.963047,-25.61695],[-56.962147,-25.61695]]]}},{"type":"Feature","properties":{"category":"ndvi_canopy","class":1,"ndvi_low":0.25,"ndvi_high":0.45,"name":"Sparse woody","color":"#84cc16","fill_color":"#84cc16","description":"Scattered trees, woodland edges, agroforestry \u2014 visible canopy not closed.","source":"Sentinel-2 L2A NDVI 4-class polygonised"},"geometry":{"type":"Polygon","coordinates":[[[-56.932447,-25.61695],[-56.932447,-25.61785],[-56.934247000000006,-25.61785],[-56.934247000000006,-25.61695],[-56.932447,-25.61695]]]}},{"type":"Feature","properties":{"category":"ndvi_canopy","class":1,"ndvi_low":0.25,"ndvi_high":0.45,"name":"Sparse woody","color":"#84cc16","fill_color":"#84cc16","description":"Scattered trees, woodland edges, agroforestry \u2014 visible canopy not closed.","source":"Sentinel-2 L2A NDVI 4-class polygonised"},"geometry":{"type":"Polygon","coordinates":[[[-56.935147,-25.61695],[-56.935147,-25.61785],[-56.934247000000006,-25.61785],[-56.934247000000006,-25.61875],[-56.936047,-25.61875],[-56.936047,-25.61695],[-56.935147,-25.61695]]]}},{"type":"Feature","properties":{"category":"ndvi_canopy","class":1,"ndvi_low":0.25,"ndvi_high":0.45,"name":"Sparse woody","color":"#84cc16","fill_color":"#84cc16","description":"Scattered trees, woodland edges, agroforestry \u2014 visible canopy not closed.","source":"Sentinel-2 L2A NDVI 4-class polygonised"},"geometry":{"type":"Polygon","coordinates":[[[-56.971147,-25.61785],[-56.971147,-25.61875],[-56.972047,-25.61875],[-56.972047,-25.61785],[-56.971147,-25.61785]]]}},{"type":"Feature","properties":{"category":"ndvi_canopy","class":1,"ndvi_low":0.25,"ndvi_high":0.45,"name":"Sparse woody","color":"#84cc16","fill_color":"#84cc16","description":"Scattered trees, woodland edges, agroforestry \u2014 visible canopy not closed.","source":"Sentinel-2 L2A NDVI 4-class polygonised"},"geometry":{"type":"Polygon","coordinates":[[[-56.931547,-25.61875],[-56.931547,-25.61965],[-56.932447,-25.61965],[-56.932447,-25.61875],[-56.931547,-25.61875]]]}},{"type":"Feature","properties":{"category":"ndvi_canopy","class":1,"ndvi_low":0.25,"ndvi_high":0.45,"name":"Sparse woody","color":"#84cc16","fill_color":"#84cc16","description":"Scattered trees, woodland edges, agroforestry \u2014 visible canopy not closed.","source":"Sentinel-2 L2A NDVI 4-class polygonised"},"geometry":{"type":"Polygon","coordinates":[[[-56.969347000000006,-25.61875],[-56.969347000000006,-25.620549999999998],[-56.970247,-25.620549999999998],[-56.970247,-25.61875],[-56.969347000000006,-25.61875]]]}},{"type":"Feature","properties":{"category":"ndvi_canopy","class":1,"ndvi_low":0.25,"ndvi_high":0.45,"name":"Sparse woody","color":"#84cc16","fill_color":"#84cc16","description":"Scattered trees, woodland edges, agroforestry \u2014 visible canopy not closed.","source":"Sentinel-2 L2A NDVI 4-class polygonised"},"geometry":{"type":"Polygon","coordinates":[[[-56.988247,-25.61875],[-56.988247,-25.61965],[-56.98734700000001,-25.61965],[-56.98734700000001,-25.620549999999998],[-56.990947000000006,-25.620549999999998],[-56.990947000000006,-25.61965],[-56.990047000000004,-25.61965],[-56.990047000000004,-25.61875],[-56.988247,-25.61875]]]}},{"type":"Feature","properties":{"category":"ndvi_canopy","class":1,"ndvi_low":0.25,"ndvi_high":0.45,"name":"Sparse woody","color":"#84cc16","fill_color":"#84cc16","description":"Scattered trees, woodland edges, agroforestry \u2014 visible canopy not closed.","source":"Sentinel-2 L2A NDVI 4-class polygonised"},"geometry":{"type":"Polygon","coordinates":[[[-56.99634700000001,-25.620549999999998],[-56.99634700000001,-25.62145],[-56.998147,-25.62145],[-56.998147,-25.620549999999998],[-56.99634700000001,-25.620549999999998]]]}},{"type":"Feature","properties":{"category":"ndvi_canopy","class":1,"ndvi_low":0.25,"ndvi_high":0.45,"name":"Sparse woody","color":"#84cc16","fill_color":"#84cc16","description":"Scattered trees, woodland edges, agroforestry \u2014 visible canopy not closed.","source":"Sentinel-2 L2A NDVI 4-class polygonised"},"geometry":{"type":"Polygon","coordinates":[[[-56.99184700000001,-25.61425],[-56.99184700000001,-25.61515],[-56.990947000000006,-25.61515],[-56.990947000000006,-25.616049999999998],[-56.990047000000004,-25.616049999999998],[-56.990047000000004,-25.61695],[-56.989147,-25.61695],[-56.989147,-25.61515],[-56.98734700000001,-25.61515],[-56.98734700000001,-25.616049999999998],[-56.986447000000005,-25.616049999999998],[-56.986447000000005,-25.61515],[-56.985547000000004,-25.61515],[-56.985547000000004,-25.61695],[-56.983747,-25.61695],[-56.983747,-25.61785],[-56.98284700000001,-25.61785],[-56.98284700000001,-25.61515],[-56.981947000000005,-25.61515],[-56.981947000000005,-25.61425],[-56.981047000000004,-25.61425],[-56.981047000000004,-25.61515],[-56.980147,-25.61515],[-56.980147,-25.61425],[-56.979247,-25.61425],[-56.979247,-25.616049999999998],[-56.977447000000005,-25.616049999999998],[-56.977447000000005,-25.61695],[-56.975647,-25.61695],[-56.975647,-25.61785],[-56.974747,-25.61785],[-56.974747,-25.61875],[-56.973847000000006,-25.61875],[-56.973847000000006,-25.61965],[-56.979247,-25.61965],[-56.979247,-25.61785],[-56.981947000000005,-25.61785],[-56.981947000000005,-25.61875],[-56.980147,-25.61875],[-56.980147,-25.61965],[-56.981947000000005,-25.61965],[-56.981947000000005,-25.622349999999997],[-56.983747,-25.622349999999997],[-56.983747,-25.62145],[-56.98284700000001,-25.62145],[-56.98284700000001,-25.61875],[-56.984647,-25.61875],[-56.984647,-25.61785],[-56.986447000000005,-25.61785],[-56.986447000000005,-25.61695],[-56.98734700000001,-25.61695],[-56.98734700000001,-25.61785],[-56.990947000000006,-25.61785],[-56.990947000000006,-25.61965],[-56.99184700000001,-25.61965],[-56.99184700000001,-25.62145],[-56.992747,-25.62145],[-56.992747,-25.622349999999997],[-56.993647,-25.622349999999997],[-56.993647,-25.61965],[-56.995447000000006,-25.61965],[-56.995447000000006,-25.61875],[-56.994547000000004,-25.61875],[-56.994547000000004,-25.61695],[-56.99634700000001,-25.61695],[-56.99634700000001,-25.61515],[-56.994547000000004,-25.61515],[-56.994547000000004,-25.61425],[-56.99184700000001,-25.61425]],[[-56.981047000000004,-25.61695],[-56.980147,-25.61695],[-56.980147,-25.616049999999998],[-56.981047000000004,-25.616049999999998],[-56.981047000000004,-25.61695]]]}},{"type":"Feature","properties":{"category":"ndvi_canopy","class":1,"ndvi_low":0.25,"ndvi_high":0.45,"name":"Sparse woody","color":"#84cc16","fill_color":"#84cc16","description":"Scattered trees, woodland edges, agroforestry \u2014 visible canopy not closed.","source":"Sentinel-2 L2A NDVI 4-class polygonised"},"geometry":{"type":"Polygon","coordinates":[[[-56.999047000000004,-25.61785],[-56.999047000000004,-25.620549999999998],[-56.999947000000006,-25.620549999999998],[-56.999947000000006,-25.62145],[-56.998147,-25.62145],[-56.998147,-25.622349999999997],[-56.999947000000006,-25.622349999999997],[-56.999947000000006,-25.62325],[-57.000847,-25.62325],[-57.000847,-25.61785],[-56.999047000000004,-25.61785]]]}},{"type":"Feature","properties":{"category":"ndvi_canopy","class":1,"ndvi_low":0.25,"ndvi_high":0.45,"name":"Sparse woody","color":"#84cc16","fill_color":"#84cc16","description":"Scattered trees, woodland edges, agroforestry \u2014 visible canopy not closed.","source":"Sentinel-2 L2A NDVI 4-class polygonised"},"geometry":{"type":"Polygon","coordinates":[[[-56.935147,-25.622349999999997],[-56.935147,-25.62325],[-56.936047,-25.62325],[-56.936047,-25.622349999999997],[-56.935147,-25.622349999999997]]]}},{"type":"Feature","properties":{"category":"ndvi_canopy","class":1,"ndvi_low":0.25,"ndvi_high":0.45,"name":"Sparse woody","color":"#84cc16","fill_color":"#84cc16","description":"Scattered trees, woodland edges, agroforestry \u2014 visible canopy not closed.","source":"Sentinel-2 L2A NDVI 4-class polygonised"},"geometry":{"type":"Polygon","coordinates":[[[-56.98734700000001,-25.62145],[-56.98734700000001,-25.622349999999997],[-56.984647,-25.622349999999997],[-56.984647,-25.62325],[-56.98734700000001,-25.62325],[-56.98734700000001,-25.62415],[-56.988247,-25.62415],[-56.988247,-25.62145],[-56.98734700000001,-25.62145]]]}},{"type":"Feature","properties":{"category":"ndvi_canopy","class":1,"ndvi_low":0.25,"ndvi_high":0.45,"name":"Sparse woody","color":"#84cc16","fill_color":"#84cc16","description":"Scattered trees, woodland edges, agroforestry \u2014 visible canopy not closed.","source":"Sentinel-2 L2A NDVI 4-class polygonised"},"geometry":{"type":"Polygon","coordinates":[[[-56.965747,-25.622349999999997],[-56.965747,-25.62415],[-56.966647,-25.62415],[-56.966647,-25.622349999999997],[-56.965747,-25.622349999999997]]]}},{"type":"Feature","properties":{"category":"ndvi_canopy","class":1,"ndvi_low":0.25,"ndvi_high":0.45,"name":"Sparse woody","color":"#84cc16","fill_color":"#84cc16","description":"Scattered trees, woodland edges, agroforestry \u2014 visible canopy not closed.","source":"Sentinel-2 L2A NDVI 4-class polygonised"},"geometry":{"type":"Polygon","coordinates":[[[-56.963047,-25.622349999999997],[-56.963047,-25.62325],[-56.963947000000005,-25.62325],[-56.963947000000005,-25.62415],[-56.964847000000006,-25.62415],[-56.964847000000006,-25.622349999999997],[-56.963047,-25.622349999999997]]]}},{"type":"Feature","properties":{"category":"ndvi_canopy","class":1,"ndvi_low":0.25,"ndvi_high":0.45,"name":"Sparse woody","color":"#84cc16","fill_color":"#84cc16","description":"Scattered trees, woodland edges, agroforestry \u2014 visible canopy not closed.","source":"Sentinel-2 L2A NDVI 4-class polygonised"},"geometry":{"type":"Polygon","coordinates":[[[-56.990947000000006,-25.62325],[-56.990947000000006,-25.62415],[-56.99184700000001,-25.62415],[-56.99184700000001,-25.62325],[-56.990947000000006,-25.62325]]]}},{"type":"Feature","properties":{"category":"ndvi_canopy","class":1,"ndvi_low":0.25,"ndvi_high":0.45,"name":"Sparse woody","color":"#84cc16","fill_color":"#84cc16","description":"Scattered trees, woodland edges, agroforestry \u2014 visible canopy not closed.","source":"Sentinel-2 L2A NDVI 4-class polygonised"},"geometry":{"type":"Polygon","coordinates":[[[-56.95674700000001,-25.62325],[-56.95674700000001,-25.62415],[-56.957647,-25.62415],[-56.957647,-25.62325],[-56.95674700000001,-25.62325]]]}},{"type":"Feature","properties":{"category":"ndvi_canopy","class":1,"ndvi_low":0.25,"ndvi_high":0.45,"name":"Sparse woody","color":"#84cc16","fill_color":"#84cc16","description":"Scattered trees, woodland edges, agroforestry \u2014 visible canopy not closed.","source":"Sentinel-2 L2A NDVI 4-class polygonised"},"geometry":{"type":"Polygon","coordinates":[[[-56.954947000000004,-25.62325],[-56.954947000000004,-25.62415],[-56.955847000000006,-25.62415],[-56.955847000000006,-25.62325],[-56.954947000000004,-25.62325]]]}},{"type":"Feature","properties":{"category":"ndvi_canopy","class":1,"ndvi_low":0.25,"ndvi_high":0.45,"name":"Sparse woody","color":"#84cc16","fill_color":"#84cc16","description":"Scattered trees, woodland edges, agroforestry \u2014 visible canopy not closed.","source":"Sentinel-2 L2A NDVI 4-class polygonised"},"geometry":{"type":"Polygon","coordinates":[[[-56.931547,-25.62325],[-56.931547,-25.625049999999998],[-56.932447,-25.625049999999998],[-56.932447,-25.62325],[-56.934247000000006,-25.62325],[-56.934247000000006,-25.622349999999997],[-56.935147,-25.622349999999997],[-56.935147,-25.620549999999998],[-56.930765,-25.620549999999998],[-56.930765,-25.62325],[-56.931547,-25.62325]]]}},{"type":"Feature","properties":{"category":"ndvi_canopy","class":1,"ndvi_low":0.25,"ndvi_high":0.45,"name":"Sparse woody","color":"#84cc16","fill_color":"#84cc16","description":"Scattered trees, woodland edges, agroforestry \u2014 visible canopy not closed.","source":"Sentinel-2 L2A NDVI 4-class polygonised"},"geometry":{"type":"Polygon","coordinates":[[[-56.980147,-25.622349999999997],[-56.980147,-25.62415],[-56.979247,-25.62415],[-56.979247,-25.625049999999998],[-56.981047000000004,-25.625049999999998],[-56.981047000000004,-25.62325],[-56.981947000000005,-25.62325],[-56.981947000000005,-25.622349999999997],[-56.980147,-25.622349999999997]]]}},{"type":"Feature","properties":{"category":"ndvi_canopy","class":1,"ndvi_low":0.25,"ndvi_high":0.45,"name":"Sparse woody","color":"#84cc16","fill_color":"#84cc16","description":"Scattered trees, woodland edges, agroforestry \u2014 visible canopy not closed.","source":"Sentinel-2 L2A NDVI 4-class polygonised"},"geometry":{"type":"Polygon","coordinates":[[[-56.985547000000004,-25.62415],[-56.985547000000004,-25.625049999999998],[-56.986447000000005,-25.625049999999998],[-56.986447000000005,-25.62415],[-56.985547000000004,-25.62415]]]}},{"type":"Feature","properties":{"category":"ndvi_canopy","class":1,"ndvi_low":0.25,"ndvi_high":0.45,"name":"Sparse woody","color":"#84cc16","fill_color":"#84cc16","description":"Scattered trees, woodland edges, agroforestry \u2014 visible canopy not closed.","source":"Sentinel-2 L2A NDVI 4-class polygonised"},"geometry":{"type":"Polygon","coordinates":[[[-56.981947000000005,-25.62415],[-56.981947000000005,-25.625049999999998],[-56.983747,-25.625049999999998],[-56.983747,-25.62415],[-56.981947000000005,-25.62415]]]}},{"type":"Feature","properties":{"category":"ndvi_canopy","class":1,"ndvi_low":0.25,"ndvi_high":0.45,"name":"Sparse woody","color":"#84cc16","fill_color":"#84cc16","description":"Scattered trees, woodland edges, agroforestry \u2014 visible canopy not closed.","source":"Sentinel-2 L2A NDVI 4-class polygonised"},"geometry":{"type":"Polygon","coordinates":[[[-56.935147,-25.62415],[-56.935147,-25.625049999999998],[-56.936047,-25.625049999999998],[-56.936047,-25.62415],[-56.935147,-25.62415]]]}},{"type":"Feature","properties":{"category":"ndvi_canopy","class":1,"ndvi_low":0.25,"ndvi_high":0.45,"name":"Sparse woody","color":"#84cc16","fill_color":"#84cc16","description":"Scattered trees, woodland edges, agroforestry \u2014 visible canopy not closed.","source":"Sentinel-2 L2A NDVI 4-class polygonised"},"geometry":{"type":"Polygon","coordinates":[[[-56.942347000000005,-25.62325],[-56.942347000000005,-25.625049999999998],[-56.94324700000001,-25.625049999999998],[-56.94324700000001,-25.62595],[-56.944147,-25.62595],[-56.944147,-25.62415],[-56.94324700000001,-25.62415],[-56.94324700000001,-25.62325],[-56.942347000000005,-25.62325]]]}},{"type":"Feature","properties":{"category":"ndvi_canopy","class":1,"ndvi_low":0.25,"ndvi_high":0.45,"name":"Sparse woody","color":"#84cc16","fill_color":"#84cc16","description":"Scattered trees, woodland edges, agroforestry \u2014 visible canopy not closed.","source":"Sentinel-2 L2A NDVI 4-class polygonised"},"geometry":{"type":"Polygon","coordinates":[[[-56.99184700000001,-25.625049999999998],[-56.99184700000001,-25.62595],[-56.992747,-25.62595],[-56.992747,-25.625049999999998],[-56.99184700000001,-25.625049999999998]]]}},{"type":"Feature","properties":{"category":"ndvi_canopy","class":1,"ndvi_low":0.25,"ndvi_high":0.45,"name":"Sparse woody","color":"#84cc16","fill_color":"#84cc16","description":"Scattered trees, woodland edges, agroforestry \u2014 visible canopy not closed.","source":"Sentinel-2 L2A NDVI 4-class polygonised"},"geometry":{"type":"Polygon","coordinates":[[[-56.981047000000004,-25.625049999999998],[-56.981047000000004,-25.62595],[-56.981947000000005,-25.62595],[-56.981947000000005,-25.625049999999998],[-56.981047000000004,-25.625049999999998]]]}},{"type":"Feature","properties":{"category":"ndvi_canopy","class":1,"ndvi_low":0.25,"ndvi_high":0.45,"name":"Sparse woody","color":"#84cc16","fill_color":"#84cc16","description":"Scattered trees, woodland edges, agroforestry \u2014 visible canopy not closed.","source":"Sentinel-2 L2A NDVI 4-class polygonised"},"geometry":{"type":"Polygon","coordinates":[[[-56.97834700000001,-25.625049999999998],[-56.97834700000001,-25.62595],[-56.979247,-25.62595],[-56.979247,-25.625049999999998],[-56.97834700000001,-25.625049999999998]]]}},{"type":"Feature","properties":{"category":"ndvi_canopy","class":1,"ndvi_low":0.25,"ndvi_high":0.45,"name":"Sparse woody","color":"#84cc16","fill_color":"#84cc16","description":"Scattered trees, woodland edges, agroforestry \u2014 visible canopy not closed.","source":"Sentinel-2 L2A NDVI 4-class polygonised"},"geometry":{"type":"Polygon","coordinates":[[[-56.979247,-25.62595],[-56.979247,-25.626849999999997],[-56.980147,-25.626849999999997],[-56.980147,-25.62595],[-56.979247,-25.62595]]]}},{"type":"Feature","properties":{"category":"ndvi_canopy","class":1,"ndvi_low":0.25,"ndvi_high":0.45,"name":"Sparse woody","color":"#84cc16","fill_color":"#84cc16","description":"Scattered trees, woodland edges, agroforestry \u2014 visible canopy not closed.","source":"Sentinel-2 L2A NDVI 4-class polygonised"},"geometry":{"type":"Polygon","coordinates":[[[-56.973847000000006,-25.625049999999998],[-56.973847000000006,-25.62595],[-56.975647,-25.62595],[-56.975647,-25.626849999999997],[-56.97834700000001,-25.626849999999997],[-56.97834700000001,-25.62595],[-56.977447000000005,-25.62595],[-56.977447000000005,-25.625049999999998],[-56.973847000000006,-25.625049999999998]]]}},{"type":"Feature","properties":{"category":"ndvi_canopy","class":1,"ndvi_low":0.25,"ndvi_high":0.45,"name":"Sparse woody","color":"#84cc16","fill_color":"#84cc16","description":"Scattered trees, woodland edges, agroforestry \u2014 visible canopy not closed.","source":"Sentinel-2 L2A NDVI 4-class polygonised"},"geometry":{"type":"Polygon","coordinates":[[[-56.945047,-25.61695],[-56.944147,-25.61695],[-56.944147,-25.61785],[-56.942347000000005,-25.61785],[-56.942347000000005,-25.61695],[-56.939647,-25.61695],[-56.939647,-25.61875],[-56.938747000000006,-25.61875],[-56.938747000000006,-25.61965],[-56.937847000000005,-25.61965],[-56.937847000000005,-25.61875],[-56.936047,-25.61875],[-56.936047,-25.61965],[-56.935147,-25.61965],[-56.935147,-25.620549999999998],[-56.936047,-25.620549999999998],[-56.936047,-25.622349999999997],[-56.936947,-25.622349999999997],[-56.936947,-25.62415],[-56.937847000000005,-25.62415],[-56.937847000000005,-25.625049999999998],[-56.936047,-25.625049999999998],[-56.936047,-25.62775],[-56.937847000000005,-25.62775],[-56.937847000000005,-25.62595],[-56.938747000000006,-25.62595],[-56.938747000000006,-25.625049999999998],[-56.939647,-25.625049999999998],[-56.939647,-25.62415],[-56.940547,-25.62415],[-56.940547,-25.622349999999997],[-56.94324700000001,-25.622349999999997],[-56.94324700000001,-25.62325],[-56.944147,-25.62325],[-56.944147,-25.62415],[-56.945047,-25.62415],[-56.945047,-25.62595],[-56.945947000000004,-25.62595],[-56.945947000000004,-25.626849999999997],[-56.946847000000005,-25.626849999999997],[-56.946847000000005,-25.62595],[-56.94774700000001,-25.62595],[-56.94774700000001,-25.625049999999998],[-56.946847000000005,-25.625049999999998],[-56.946847000000005,-25.62325],[-56.945047,-25.62325],[-56.945047,-25.622349999999997],[-56.945947000000004,-25.622349999999997],[-56.945947000000004,-25.61965],[-56.945047,-25.61965],[-56.945047,-25.61695]],[[-56.939647,-25.61965],[-56.939647,-25.620549999999998],[-56.938747000000006,-25.620549999999998],[-56.938747000000006,-25.61965],[-56.939647,-25.61965]],[[-56.937847000000005,-25.620549999999998],[-56.936947,-25.620549999999998],[-56.936947,-25.61965],[-56.937847000000005,-25.61965],[-56.937847000000005,-25.620549999999998]],[[-56.945047,-25.62145],[-56.944147,-25.62145],[-56.944147,-25.620549999999998],[-56.94324700000001,-25.620549999999998],[-56.94324700000001,-25.61965],[-56.945047,-25.61965],[-56.945047,-25.62145]],[[-56.940547,-25.61875],[-56.940547,-25.61785],[-56.941447000000004,-25.61785],[-56.941447000000004,-25.61875],[-56.940547,-25.61875]],[[-56.942347000000005,-25.61875],[-56.942347000000005,-25.61965],[-56.941447000000004,-25.61965],[-56.941447000000004,-25.61875],[-56.942347000000005,-25.61875]],[[-56.939647,-25.62325],[-56.938747000000006,-25.62325],[-56.938747000000006,-25.622349999999997],[-56.939647,-25.622349999999997],[-56.939647,-25.62325]]]}},{"type":"Feature","properties":{"category":"ndvi_canopy","class":1,"ndvi_low":0.25,"ndvi_high":0.45,"name":"Sparse woody","color":"#84cc16","fill_color":"#84cc16","description":"Scattered trees, woodland edges, agroforestry \u2014 visible canopy not closed.","source":"Sentinel-2 L2A NDVI 4-class polygonised"},"geometry":{"type":"Polygon","coordinates":[[[-56.974747,-25.62775],[-56.974747,-25.62865],[-56.975647,-25.62865],[-56.975647,-25.62775],[-56.974747,-25.62775]]]}},{"type":"Feature","properties":{"category":"ndvi_canopy","class":1,"ndvi_low":0.25,"ndvi_high":0.45,"name":"Sparse woody","color":"#84cc16","fill_color":"#84cc16","description":"Scattered trees, woodland edges, agroforestry \u2014 visible canopy not closed.","source":"Sentinel-2 L2A NDVI 4-class polygonised"},"geometry":{"type":"Polygon","coordinates":[[[-56.934247000000006,-25.62865],[-56.934247000000006,-25.62775],[-56.933347000000005,-25.62775],[-56.933347000000005,-25.626849999999997],[-56.930765,-25.626849999999997],[-56.930765,-25.62865],[-56.934247000000006,-25.62865]]]}},{"type":"Feature","properties":{"category":"ndvi_canopy","class":1,"ndvi_low":0.25,"ndvi_high":0.45,"name":"Sparse woody","color":"#84cc16","fill_color":"#84cc16","description":"Scattered trees, woodland edges, agroforestry \u2014 visible canopy not closed.","source":"Sentinel-2 L2A NDVI 4-class polygonised"},"geometry":{"type":"Polygon","coordinates":[[[-56.981947000000005,-25.62775],[-56.981947000000005,-25.62955],[-56.983747,-25.62955],[-56.983747,-25.62775],[-56.981947000000005,-25.62775]]]}},{"type":"Feature","properties":{"category":"ndvi_canopy","class":1,"ndvi_low":0.25,"ndvi_high":0.45,"name":"Sparse woody","color":"#84cc16","fill_color":"#84cc16","description":"Scattered trees, woodland edges, agroforestry \u2014 visible canopy not closed.","source":"Sentinel-2 L2A NDVI 4-class polygonised"},"geometry":{"type":"Polygon","coordinates":[[[-56.963047,-25.62775],[-56.963047,-25.62865],[-56.96124700000001,-25.62865],[-56.96124700000001,-25.62955],[-56.963947000000005,-25.62955],[-56.963947000000005,-25.62775],[-56.963047,-25.62775]]]}},{"type":"Feature","properties":{"category":"ndvi_canopy","class":1,"ndvi_low":0.25,"ndvi_high":0.45,"name":"Sparse woody","color":"#84cc16","fill_color":"#84cc16","description":"Scattered trees, woodland edges, agroforestry \u2014 visible canopy not closed.","source":"Sentinel-2 L2A NDVI 4-class polygonised"},"geometry":{"type":"Polygon","coordinates":[[[-56.97834700000001,-25.626849999999997],[-56.97834700000001,-25.62865],[-56.979247,-25.62865],[-56.979247,-25.62955],[-56.981047000000004,-25.62955],[-56.981047000000004,-25.62865],[-56.980147,-25.62865],[-56.980147,-25.62775],[-56.979247,-25.62775],[-56.979247,-25.626849999999997],[-56.97834700000001,-25.626849999999997]]]}},{"type":"Feature","properties":{"category":"ndvi_canopy","class":1,"ndvi_low":0.25,"ndvi_high":0.45,"name":"Sparse woody","color":"#84cc16","fill_color":"#84cc16","description":"Scattered trees, woodland edges, agroforestry \u2014 visible canopy not closed.","source":"Sentinel-2 L2A NDVI 4-class polygonised"},"geometry":{"type":"Polygon","coordinates":[[[-56.965747,-25.62865],[-56.965747,-25.62955],[-56.966647,-25.62955],[-56.966647,-25.62865],[-56.965747,-25.62865]]]}},{"type":"Feature","properties":{"category":"ndvi_canopy","class":1,"ndvi_low":0.25,"ndvi_high":0.45,"name":"Sparse woody","color":"#84cc16","fill_color":"#84cc16","description":"Scattered trees, woodland edges, agroforestry \u2014 visible canopy not closed.","source":"Sentinel-2 L2A NDVI 4-class polygonised"},"geometry":{"type":"Polygon","coordinates":[[[-56.976547000000004,-25.62865],[-56.976547000000004,-25.62955],[-56.977447000000005,-25.62955],[-56.977447000000005,-25.63045],[-56.97834700000001,-25.63045],[-56.97834700000001,-25.62865],[-56.976547000000004,-25.62865]]]}},{"type":"Feature","properties":{"category":"ndvi_canopy","class":1,"ndvi_low":0.25,"ndvi_high":0.45,"name":"Sparse woody","color":"#84cc16","fill_color":"#84cc16","description":"Scattered trees, woodland edges, agroforestry \u2014 visible canopy not closed.","source":"Sentinel-2 L2A NDVI 4-class polygonised"},"geometry":{"type":"Polygon","coordinates":[[[-56.975647,-25.62955],[-56.975647,-25.63045],[-56.976547000000004,-25.63045],[-56.976547000000004,-25.62955],[-56.975647,-25.62955]]]}},{"type":"Feature","properties":{"category":"ndvi_canopy","class":1,"ndvi_low":0.25,"ndvi_high":0.45,"name":"Sparse woody","color":"#84cc16","fill_color":"#84cc16","description":"Scattered trees, woodland edges, agroforestry \u2014 visible canopy not closed.","source":"Sentinel-2 L2A NDVI 4-class polygonised"},"geometry":{"type":"Polygon","coordinates":[[[-56.933347000000005,-25.62955],[-56.933347000000005,-25.63045],[-56.934247000000006,-25.63045],[-56.934247000000006,-25.62955],[-56.933347000000005,-25.62955]]]}},{"type":"Feature","properties":{"category":"ndvi_canopy","class":1,"ndvi_low":0.25,"ndvi_high":0.45,"name":"Sparse woody","color":"#84cc16","fill_color":"#84cc16","description":"Scattered trees, woodland edges, agroforestry \u2014 visible canopy not closed.","source":"Sentinel-2 L2A NDVI 4-class polygonised"},"geometry":{"type":"Polygon","coordinates":[[[-56.959447000000004,-25.62955],[-56.959447000000004,-25.63045],[-56.960347000000006,-25.63045],[-56.960347000000006,-25.631349999999998],[-56.96124700000001,-25.631349999999998],[-56.96124700000001,-25.62955],[-56.959447000000004,-25.62955]]]}},{"type":"Feature","properties":{"category":"ndvi_canopy","class":1,"ndvi_low":0.25,"ndvi_high":0.45,"name":"Sparse woody","color":"#84cc16","fill_color":"#84cc16","description":"Scattered trees, woodland edges, agroforestry \u2014 visible canopy not closed.","source":"Sentinel-2 L2A NDVI 4-class polygonised"},"geometry":{"type":"Polygon","coordinates":[[[-56.932447,-25.631349999999998],[-56.932447,-25.62955],[-56.930765,-25.62955],[-56.930765,-25.631349999999998],[-56.932447,-25.631349999999998]]]}},{"type":"Feature","properties":{"category":"ndvi_canopy","class":1,"ndvi_low":0.25,"ndvi_high":0.45,"name":"Sparse woody","color":"#84cc16","fill_color":"#84cc16","description":"Scattered trees, woodland edges, agroforestry \u2014 visible canopy not closed.","source":"Sentinel-2 L2A NDVI 4-class polygonised"},"geometry":{"type":"Polygon","coordinates":[[[-56.955847000000006,-25.62145],[-56.955847000000006,-25.62325],[-56.95674700000001,-25.62325],[-56.95674700000001,-25.62145],[-56.957647,-25.62145],[-56.957647,-25.620549999999998],[-56.95674700000001,-25.620549999999998],[-56.95674700000001,-25.61965],[-56.957647,-25.61965],[-56.957647,-25.61875],[-56.958547,-25.61875],[-56.958547,-25.616049999999998],[-56.95674700000001,-25.616049999999998],[-56.95674700000001,-25.61425],[-56.954947000000004,-25.61425],[-56.954947000000004,-25.61335],[-56.954047,-25.61335],[-56.954047,-25.61515],[-56.953147,-25.61515],[-56.953147,-25.61245],[-56.95224700000001,-25.61245],[-56.95224700000001,-25.611549999999998],[-56.950447000000004,-25.611549999999998],[-56.950447000000004,-25.61065],[-56.948647,-25.61065],[-56.948647,-25.61245],[-56.94774700000001,-25.61245],[-56.94774700000001,-25.61425],[-56.949547,-25.61425],[-56.949547,-25.61335],[-56.950447000000004,-25.61335],[-56.950447000000004,-25.61425],[-56.951347000000005,-25.61425],[-56.951347000000005,-25.61515],[-56.94774700000001,-25.61515],[-56.94774700000001,-25.616049999999998],[-56.946847000000005,-25.616049999999998],[-56.946847000000005,-25.62145],[-56.948647,-25.62145],[-56.948647,-25.622349999999997],[-56.949547,-25.622349999999997],[-56.949547,-25.620549999999998],[-56.951347000000005,-25.620549999999998],[-56.951347000000005,-25.622349999999997],[-56.950447000000004,-25.622349999999997],[-56.950447000000004,-25.62325],[-56.951347000000005,-25.62325],[-56.951347000000005,-25.62415],[-56.94774700000001,-25.62415],[-56.94774700000001,-25.625049999999998],[-56.948647,-25.625049999999998],[-56.948647,-25.62595],[-56.949547,-25.62595],[-56.949547,-25.626849999999997],[-56.950447000000004,-25.626849999999997],[-56.950447000000004,-25.62775],[-56.95224700000001,-25.62775],[-56.95224700000001,-25.62865],[-56.954047,-25.62865],[-56.954047,-25.62955],[-56.954947000000004,-25.62955],[-56.954947000000004,-25.63225],[-56.955847000000006,-25.63225],[-56.955847000000006,-25.631349999999998],[-56.95674700000001,-25.631349999999998],[-56.95674700000001,-25.63225],[-56.958547,-25.63225],[-56.958547,-25.63045],[-56.957647,-25.63045],[-56.957647,-25.62955],[-56.958547,-25.62955],[-56.958547,-25.62775],[-56.963047,-25.62775],[-56.963047,-25.625049999999998],[-56.96124700000001,-25.625049999999998],[-56.96124700000001,-25.62415],[-56.959447000000004,-25.62415],[-56.959447000000004,-25.62325],[-56.958547,-25.62325],[-56.958547,-25.62415],[-56.957647,-25.62415],[-56.957647,-25.625049999999998],[-56.95224700000001,-25.625049999999998],[-56.95224700000001,-25.62415],[-56.954047,-25.62415],[-56.954047,-25.622349999999997],[-56.954947000000004,-25.622349999999997],[-56.954947000000004,-25.62145],[-56.955847000000006,-25.62145]],[[-56.954047,-25.62145],[-56.954047,-25.620549999999998],[-56.953147,-25.620549999999998],[-56.953147,-25.61965],[-56.95224700000001,-25.61965],[-56.95224700000001,-25.61875],[-56.950447000000004,-25.61875],[-56.950447000000004,-25.61785],[-56.949547,-25.61785],[-56.949547,-25.61695],[-56.951347000000005,-25.61695],[-56.951347000000005,-25.61785],[-56.953147,-25.61785],[-56.953147,-25.61695],[-56.954047,-25.61695],[-56.954047,-25.61785],[-56.954947000000004,-25.61785],[-56.954947000000004,-25.61875],[-56.954047,-25.61875],[-56.954047,-25.61965],[-56.955847000000006,-25.61965],[-56.955847000000006,-25.620549999999998],[-56.954947000000004,-25.620549999999998],[-56.954947000000004,-25.62145],[-56.954047,-25.62145]],[[-56.948647,-25.61695],[-56.948647,-25.616049999999998],[-56.949547,-25.616049999999998],[-56.949547,-25.61695],[-56.948647,-25.61695]],[[-56.954047,-25.616049999999998],[-56.955847000000006,-25.616049999999998],[-56.955847000000006,-25.61695],[-56.954047,-25.61695],[-56.954047,-25.616049999999998]]]}},{"type":"Feature","properties":{"category":"ndvi_canopy","class":1,"ndvi_low":0.25,"ndvi_high":0.45,"name":"Sparse woody","color":"#84cc16","fill_color":"#84cc16","description":"Scattered trees, woodland edges, agroforestry \u2014 visible canopy not closed.","source":"Sentinel-2 L2A NDVI 4-class polygonised"},"geometry":{"type":"Polygon","coordinates":[[[-56.959447000000004,-25.631349999999998],[-56.959447000000004,-25.63225],[-56.960347000000006,-25.63225],[-56.960347000000006,-25.631349999999998],[-56.959447000000004,-25.631349999999998]]]}},{"type":"Feature","properties":{"category":"ndvi_canopy","class":1,"ndvi_low":0.25,"ndvi_high":0.45,"name":"Sparse woody","color":"#84cc16","fill_color":"#84cc16","description":"Scattered trees, woodland edges, agroforestry \u2014 visible canopy not closed.","source":"Sentinel-2 L2A NDVI 4-class polygonised"},"geometry":{"type":"Polygon","coordinates":[[[-56.958547,-25.63225],[-56.958547,-25.63315],[-56.959447000000004,-25.63315],[-56.959447000000004,-25.63225],[-56.958547,-25.63225]]]}},{"type":"Feature","properties":{"category":"ndvi_canopy","class":1,"ndvi_low":0.25,"ndvi_high":0.45,"name":"Sparse woody","color":"#84cc16","fill_color":"#84cc16","description":"Scattered trees, woodland edges, agroforestry \u2014 visible canopy not closed.","source":"Sentinel-2 L2A NDVI 4-class polygonised"},"geometry":{"type":"Polygon","coordinates":[[[-56.980147,-25.63495],[-56.980147,-25.63675],[-56.981047000000004,-25.63675],[-56.981047000000004,-25.63495],[-56.980147,-25.63495]]]}},{"type":"Feature","properties":{"category":"ndvi_canopy","class":1,"ndvi_low":0.25,"ndvi_high":0.45,"name":"Sparse woody","color":"#84cc16","fill_color":"#84cc16","description":"Scattered trees, woodland edges, agroforestry \u2014 visible canopy not closed.","source":"Sentinel-2 L2A NDVI 4-class polygonised"},"geometry":{"type":"Polygon","coordinates":[[[-56.968447000000005,-25.63675],[-56.968447000000005,-25.63765],[-56.969347000000006,-25.63765],[-56.969347000000006,-25.63675],[-56.968447000000005,-25.63675]]]}},{"type":"Feature","properties":{"category":"ndvi_canopy","class":1,"ndvi_low":0.25,"ndvi_high":0.45,"name":"Sparse woody","color":"#84cc16","fill_color":"#84cc16","description":"Scattered trees, woodland edges, agroforestry \u2014 visible canopy not closed.","source":"Sentinel-2 L2A NDVI 4-class polygonised"},"geometry":{"type":"Polygon","coordinates":[[[-56.995447000000006,-25.63675],[-56.995447000000006,-25.63945],[-56.99634700000001,-25.63945],[-56.99634700000001,-25.64125],[-56.997247,-25.64125],[-56.997247,-25.63945],[-56.999047000000004,-25.63945],[-56.999047000000004,-25.63855],[-56.998147,-25.63855],[-56.998147,-25.63675],[-56.995447000000006,-25.63675]]]}},{"type":"Feature","properties":{"category":"ndvi_canopy","class":1,"ndvi_low":0.25,"ndvi_high":0.45,"name":"Sparse woody","color":"#84cc16","fill_color":"#84cc16","description":"Scattered trees, woodland edges, agroforestry \u2014 visible canopy not closed.","source":"Sentinel-2 L2A NDVI 4-class polygonised"},"geometry":{"type":"Polygon","coordinates":[[[-56.94324700000001,-25.640349999999998],[-56.94324700000001,-25.64125],[-56.944147,-25.64125],[-56.944147,-25.640349999999998],[-56.94324700000001,-25.640349999999998]]]}},{"type":"Feature","properties":{"category":"ndvi_canopy","class":1,"ndvi_low":0.25,"ndvi_high":0.45,"name":"Sparse woody","color":"#84cc16","fill_color":"#84cc16","description":"Scattered trees, woodland edges, agroforestry \u2014 visible canopy not closed.","source":"Sentinel-2 L2A NDVI 4-class polygonised"},"geometry":{"type":"Polygon","coordinates":[[[-56.985547000000004,-25.640349999999998],[-56.985547000000004,-25.642149999999997],[-56.986447000000005,-25.642149999999997],[-56.986447000000005,-25.640349999999998],[-56.985547000000004,-25.640349999999998]]]}},{"type":"Feature","properties":{"category":"ndvi_canopy","class":1,"ndvi_low":0.25,"ndvi_high":0.45,"name":"Sparse woody","color":"#84cc16","fill_color":"#84cc16","description":"Scattered trees, woodland edges, agroforestry \u2014 visible canopy not closed.","source":"Sentinel-2 L2A NDVI 4-class polygonised"},"geometry":{"type":"Polygon","coordinates":[[[-56.969347000000006,-25.64125],[-56.969347000000006,-25.642149999999997],[-56.970247,-25.642149999999997],[-56.970247,-25.64125],[-56.969347000000006,-25.64125]]]}},{"type":"Feature","properties":{"category":"ndvi_canopy","class":1,"ndvi_low":0.25,"ndvi_high":0.45,"name":"Sparse woody","color":"#84cc16","fill_color":"#84cc16","description":"Scattered trees, woodland edges, agroforestry \u2014 visible canopy not closed.","source":"Sentinel-2 L2A NDVI 4-class polygonised"},"geometry":{"type":"Polygon","coordinates":[[[-56.966647,-25.64125],[-56.966647,-25.642149999999997],[-56.967547,-25.642149999999997],[-56.967547,-25.64125],[-56.966647,-25.64125]]]}},{"type":"Feature","properties":{"category":"ndvi_canopy","class":1,"ndvi_low":0.25,"ndvi_high":0.45,"name":"Sparse woody","color":"#84cc16","fill_color":"#84cc16","description":"Scattered trees, woodland edges, agroforestry \u2014 visible canopy not closed.","source":"Sentinel-2 L2A NDVI 4-class polygonised"},"geometry":{"type":"Polygon","coordinates":[[[-56.983747,-25.64125],[-56.983747,-25.642149999999997],[-56.98284700000001,-25.642149999999997],[-56.98284700000001,-25.64305],[-56.984647,-25.64305],[-56.984647,-25.64125],[-56.983747,-25.64125]]]}},{"type":"Feature","properties":{"category":"ndvi_canopy","class":1,"ndvi_low":0.25,"ndvi_high":0.45,"name":"Sparse woody","color":"#84cc16","fill_color":"#84cc16","description":"Scattered trees, woodland edges, agroforestry \u2014 visible canopy not closed.","source":"Sentinel-2 L2A NDVI 4-class polygonised"},"geometry":{"type":"Polygon","coordinates":[[[-56.970247,-25.642149999999997],[-56.970247,-25.64305],[-56.971147,-25.64305],[-56.971147,-25.642149999999997],[-56.970247,-25.642149999999997]]]}},{"type":"Feature","properties":{"category":"ndvi_canopy","class":1,"ndvi_low":0.25,"ndvi_high":0.45,"name":"Sparse woody","color":"#84cc16","fill_color":"#84cc16","description":"Scattered trees, woodland edges, agroforestry \u2014 visible canopy not closed.","source":"Sentinel-2 L2A NDVI 4-class polygonised"},"geometry":{"type":"Polygon","coordinates":[[[-56.965747,-25.642149999999997],[-56.965747,-25.64305],[-56.966647,-25.64305],[-56.966647,-25.642149999999997],[-56.965747,-25.642149999999997]]]}},{"type":"Feature","properties":{"category":"ndvi_canopy","class":1,"ndvi_low":0.25,"ndvi_high":0.45,"name":"Sparse woody","color":"#84cc16","fill_color":"#84cc16","description":"Scattered trees, woodland edges, agroforestry \u2014 visible canopy not closed.","source":"Sentinel-2 L2A NDVI 4-class polygonised"},"geometry":{"type":"Polygon","coordinates":[[[-56.950447000000004,-25.642149999999997],[-56.950447000000004,-25.64305],[-56.951347000000005,-25.64305],[-56.951347000000005,-25.642149999999997],[-56.950447000000004,-25.642149999999997]]]}},{"type":"Feature","properties":{"category":"ndvi_canopy","class":1,"ndvi_low":0.25,"ndvi_high":0.45,"name":"Sparse woody","color":"#84cc16","fill_color":"#84cc16","description":"Scattered trees, woodland edges, agroforestry \u2014 visible canopy not closed.","source":"Sentinel-2 L2A NDVI 4-class polygonised"},"geometry":{"type":"Polygon","coordinates":[[[-56.944147,-25.642149999999997],[-56.944147,-25.64305],[-56.945047,-25.64305],[-56.945047,-25.642149999999997],[-56.944147,-25.642149999999997]]]}},{"type":"Feature","properties":{"category":"ndvi_canopy","class":1,"ndvi_low":0.25,"ndvi_high":0.45,"name":"Sparse woody","color":"#84cc16","fill_color":"#84cc16","description":"Scattered trees, woodland edges, agroforestry \u2014 visible canopy not closed.","source":"Sentinel-2 L2A NDVI 4-class polygonised"},"geometry":{"type":"Polygon","coordinates":[[[-56.954947000000004,-25.64305],[-56.954947000000004,-25.64395],[-56.955847000000006,-25.64395],[-56.955847000000006,-25.64305],[-56.954947000000004,-25.64305]]]}},{"type":"Feature","properties":{"category":"ndvi_canopy","class":1,"ndvi_low":0.25,"ndvi_high":0.45,"name":"Sparse woody","color":"#84cc16","fill_color":"#84cc16","description":"Scattered trees, woodland edges, agroforestry \u2014 visible canopy not closed.","source":"Sentinel-2 L2A NDVI 4-class polygonised"},"geometry":{"type":"Polygon","coordinates":[[[-56.992747,-25.64305],[-56.992747,-25.644849999999998],[-56.993647,-25.644849999999998],[-56.993647,-25.64305],[-56.992747,-25.64305]]]}},{"type":"Feature","properties":{"category":"ndvi_canopy","class":1,"ndvi_low":0.25,"ndvi_high":0.45,"name":"Sparse woody","color":"#84cc16","fill_color":"#84cc16","description":"Scattered trees, woodland edges, agroforestry \u2014 visible canopy not closed.","source":"Sentinel-2 L2A NDVI 4-class polygonised"},"geometry":{"type":"Polygon","coordinates":[[[-56.981947000000005,-25.64305],[-56.981947000000005,-25.64395],[-56.981047000000004,-25.64395],[-56.981047000000004,-25.644849999999998],[-56.98284700000001,-25.644849999999998],[-56.98284700000001,-25.64305],[-56.981947000000005,-25.64305]]]}},{"type":"Feature","properties":{"category":"ndvi_canopy","class":1,"ndvi_low":0.25,"ndvi_high":0.45,"name":"Sparse woody","color":"#84cc16","fill_color":"#84cc16","description":"Scattered trees, woodland edges, agroforestry \u2014 visible canopy not closed.","source":"Sentinel-2 L2A NDVI 4-class polygonised"},"geometry":{"type":"Polygon","coordinates":[[[-56.95674700000001,-25.642149999999997],[-56.955847000000006,-25.642149999999997],[-56.955847000000006,-25.64305],[-56.957647,-25.64305],[-56.957647,-25.64395],[-56.960347000000006,-25.64395],[-56.960347000000006,-25.64305],[-56.959447000000004,-25.64305],[-56.959447000000004,-25.64125],[-56.958547,-25.64125],[-56.958547,-25.640349999999998],[-56.959447000000004,-25.640349999999998],[-56.959447000000004,-25.63945],[-56.960347000000006,-25.63945],[-56.960347000000006,-25.640349999999998],[-56.96124700000001,-25.640349999999998],[-56.96124700000001,-25.64125],[-56.963047,-25.64125],[-56.963047,-25.640349999999998],[-56.963947000000005,-25.640349999999998],[-56.963947000000005,-25.63945],[-56.964847000000006,-25.63945],[-56.964847000000006,-25.640349999999998],[-56.967547,-25.640349999999998],[-56.967547,-25.63855],[-56.966647,-25.63855],[-56.966647,-25.63765],[-56.967547,-25.63765],[-56.967547,-25.63675],[-56.968447000000005,-25.63675],[-56.968447000000005,-25.635849999999998],[-56.971147,-25.635849999999998],[-56.971147,-25.63945],[-56.970247,-25.63945],[-56.970247,-25.63765],[-56.969347000000006,-25.63765],[-56.969347000000006,-25.640349999999998],[-56.970247,-25.640349999999998],[-56.970247,-25.64125],[-56.971147,-25.64125],[-56.971147,-25.642149999999997],[-56.972947000000005,-25.642149999999997],[-56.972947000000005,-25.64305],[-56.972047,-25.64305],[-56.972047,-25.64395],[-56.972947000000005,-25.64395],[-56.972947000000005,-25.644849999999998],[-56.973847000000006,-25.644849999999998],[-56.973847000000006,-25.64305],[-56.974747,-25.64305],[-56.974747,-25.64125],[-56.975647,-25.64125],[-56.975647,-25.640349999999998],[-56.976547000000004,-25.640349999999998],[-56.976547000000004,-25.635849999999998],[-56.972947000000005,-25.635849999999998],[-56.972947000000005,-25.63405],[-56.974747,-25.63405],[-56.974747,-25.63315],[-56.976547000000004,-25.63315],[-56.976547000000004,-25.631349999999998],[-56.973847000000006,-25.631349999999998],[-56.973847000000006,-25.63225],[-56.972947000000005,-25.63225],[-56.972947000000005,-25.631349999999998],[-56.972047,-25.631349999999998],[-56.972047,-25.63045],[-56.972947000000005,-25.63045],[-56.972947000000005,-25.62955],[-56.973847000000006,-25.62955],[-56.973847000000006,-25.626849999999997],[-56.972947000000005,-25.626849999999997],[-56.972947000000005,-25.625049999999998],[-56.972047,-25.625049999999998],[-56.972047,-25.62325],[-56.969347000000006,-25.62325],[-56.969347000000006,-25.622349999999997],[-56.968447000000005,-25.622349999999997],[-56.968447000000005,-25.62415],[-56.966647,-25.62415],[-56.966647,-25.625049999999998],[-56.965747,-25.625049999999998],[-56.965747,-25.62775],[-56.966647,-25.62775],[-56.966647,-25.62865],[-56.968447000000005,-25.62865],[-56.968447000000005,-25.62955],[-56.966647,-25.62955],[-56.966647,-25.631349999999998],[-56.967547,-25.631349999999998],[-56.967547,-25.63045],[-56.968447000000005,-25.63045],[-56.968447000000005,-25.63225],[-56.966647,-25.63225],[-56.966647,-25.63315],[-56.967547,-25.63315],[-56.967547,-25.63495],[-56.966647,-25.63495],[-56.966647,-25.635849999999998],[-56.965747,-25.635849999999998],[-56.965747,-25.631349999999998],[-56.964847000000006,-25.631349999999998],[-56.964847000000006,-25.63045],[-56.963047,-25.63045],[-56.963047,-25.631349999999998],[-56.96124700000001,-25.631349999999998],[-56.96124700000001,-25.63225],[-56.960347000000006,-25.63225],[-56.960347000000006,-25.63315],[-56.959447000000004,-25.63315],[-56.959447000000004,-25.63405],[-56.958547,-25.63405],[-56.958547,-25.635849999999998],[-56.957647,-25.635849999999998],[-56.957647,-25.63315],[-56.95674700000001,-25.63315],[-56.95674700000001,-25.63225],[-56.955847000000006,-25.63225],[-56.955847000000006,-25.63495],[-56.95674700000001,-25.63495],[-56.95674700000001,-25.635849999999998],[-56.955847000000006,-25.635849999999998],[-56.955847000000006,-25.63765],[-56.95674700000001,-25.63765],[-56.95674700000001,-25.63945],[-56.955847000000006,-25.63945],[-56.955847000000006,-25.63855],[-56.954047,-25.63855],[-56.954047,-25.63675],[-56.953147,-25.63675],[-56.953147,-25.63495],[-56.95224700000001,-25.63495],[-56.95224700000001,-25.63405],[-56.954947000000004,-25.63405],[-56.954947000000004,-25.63225],[-56.953147,-25.63225],[-56.953147,-25.63315],[-56.95224700000001,-25.63315],[-56.95224700000001,-25.63225],[-56.951347000000005,-25.63225],[-56.951347000000005,-25.631349999999998],[-56.950447000000004,-25.631349999999998],[-56.950447000000004,-25.63045],[-56.949547,-25.63045],[-56.949547,-25.62955],[-56.94774700000001,-25.62955],[-56.94774700000001,-25.62775],[-56.946847000000005,-25.62775],[-56.946847000000005,-25.62865],[-56.945947000000004,-25.62865],[-56.945947000000004,-25.626849999999997],[-56.944147,-25.626849999999997],[-56.944147,-25.62775],[-56.94324700000001,-25.62775],[-56.94324700000001,-25.626849999999997],[-56.939647,-25.626849999999997],[-56.939647,-25.63045],[-56.938747000000006,-25.63045],[-56.938747000000006,-25.63225],[-56.942347000000005,-25.63225],[-56.942347000000005,-25.63315],[-56.94324700000001,-25.63315],[-56.94324700000001,-25.63225],[-56.944147,-25.63225],[-56.944147,-25.631349999999998],[-56.945047,-25.631349999999998],[-56.945047,-25.63315],[-56.944147,-25.63315],[-56.944147,-25.63495],[-56.942347000000005,-25.63495],[-56.942347000000005,-25.63405],[-56.941447000000004,-25.63405],[-56.941447000000004,-25.63495],[-56.940547,-25.63495],[-56.940547,-25.63675],[-56.941447000000004,-25.63675],[-56.941447000000004,-25.635849999999998],[-56.942347000000005,-25.635849999999998],[-56.942347000000005,-25.63765],[-56.944147,-25.63765],[-56.944147,-25.63945],[-56.945947000000004,-25.63945],[-56.945947000000004,-25.640349999999998],[-56.94774700000001,-25.640349999999998],[-56.94774700000001,-25.63945],[-56.949547,-25.63945],[-56.949547,-25.640349999999998],[-56.951347000000005,-25.640349999999998],[-56.951347000000005,-25.64125],[-56.954047,-25.64125],[-56.954047,-25.642149999999997],[-56.953147,-25.642149999999997],[-56.953147,-25.64305],[-56.954947000000004,-25.64305],[-56.954947000000004,-25.64125],[-56.95674700000001,-25.64125],[-56.95674700000001,-25.642149999999997]],[[-56.971147,-25.62415],[-56.971147,-25.62595],[-56.972047,-25.62595],[-56.972047,-25.626849999999997],[-56.971147,-25.626849999999997],[-56.971147,-25.62775],[-56.970247,-25.62775],[-56.970247,-25.626849999999997],[-56.969347000000006,-25.626849999999997],[-56.969347000000006,-25.62595],[-56.968447000000005,-25.62595],[-56.968447000000005,-25.62415],[-56.971147,-25.62415]],[[-56.969347000000006,-25.62775],[-56.968447000000005,-25.62775],[-56.968447000000005,-25.626849999999997],[-56.969347000000006,-25.626849999999997],[-56.969347000000006,-25.62775]],[[-56.95674700000001,-25.640349999999998],[-56.957647,-25.640349999999998],[-56.957647,-25.64125],[-56.95674700000001,-25.64125],[-56.95674700000001,-25.640349999999998]],[[-56.945047,-25.63045],[-56.944147,-25.63045],[-56.944147,-25.62955],[-56.945047,-25.62955],[-56.945047,-25.63045]],[[-56.942347000000005,-25.63045],[-56.941447000000004,-25.63045],[-56.941447000000004,-25.631349999999998],[-56.940547,-25.631349999999998],[-56.940547,-25.62955],[-56.942347000000005,-25.62955],[-56.942347000000005,-25.63045]],[[-56.971147,-25.63405],[-56.970247,-25.63405],[-56.970247,-25.63495],[-56.969347000000006,-25.63495],[-56.969347000000006,-25.63315],[-56.970247,-25.63315],[-56.970247,-25.63225],[-56.971147,-25.63225],[-56.971147,-25.63405]],[[-56.964847000000006,-25.63315],[-56.963047,-25.63315],[-56.963047,-25.63225],[-56.964847000000006,-25.63225],[-56.964847000000006,-25.63315]],[[-56.946847000000005,-25.63675],[-56.946847000000005,-25.63315],[-56.949547,-25.63315],[-56.949547,-25.63495],[-56.94774700000001,-25.63495],[-56.94774700000001,-25.635849999999998],[-56.948647,-25.635849999999998],[-56.948647,-25.63675],[-56.946847000000005,-25.63675]],[[-56.949547,-25.63675],[-56.949547,-25.63765],[-56.948647,-25.63765],[-56.948647,-25.63675],[-56.949547,-25.63675]],[[-56.963047,-25.635849999999998],[-56.962147,-25.635849999999998],[-56.962147,-25.63405],[-56.963047,-25.63405],[-56.963047,-25.635849999999998]],[[-56.974747,-25.63765],[-56.973847000000006,-25.63765],[-56.973847000000006,-25.63675],[-56.974747,-25.63675],[-56.974747,-25.63765]],[[-56.959447000000004,-25.63675],[-56.960347000000006,-25.63675],[-56.960347000000006,-25.63765],[-56.959447000000004,-25.63765],[-56.959447000000004,-25.63675]],[[-56.959447000000004,-25.63855],[-56.957647,-25.63855],[-56.957647,-25.63765],[-56.959447000000004,-25.63765],[-56.959447000000004,-25.63855]],[[-56.964847000000006,-25.63855],[-56.963947000000005,-25.63855],[-56.963947000000005,-25.63765],[-56.964847000000006,-25.63765],[-56.964847000000006,-25.63855]],[[-56.962147,-25.63855],[-56.96124700000001,-25.63855],[-56.96124700000001,-25.63765],[-56.962147,-25.63765],[-56.962147,-25.63855]],[[-56.946847000000005,-25.63855],[-56.945047,-25.63855],[-56.945047,-25.63765],[-56.946847000000005,-25.63765],[-56.946847000000005,-25.63855]],[[-56.972947000000005,-25.63945],[-56.972047,-25.63945],[-56.972047,-25.63855],[-56.972947000000005,-25.63855],[-56.972947000000005,-25.63945]]]}},{"type":"Feature","properties":{"category":"ndvi_canopy","class":1,"ndvi_low":0.25,"ndvi_high":0.45,"name":"Sparse woody","color":"#84cc16","fill_color":"#84cc16","description":"Scattered trees, woodland edges, agroforestry \u2014 visible canopy not closed.","source":"Sentinel-2 L2A NDVI 4-class polygonised"},"geometry":{"type":"Polygon","coordinates":[[[-56.942347000000005,-25.642149999999997],[-56.942347000000005,-25.64395],[-56.94324700000001,-25.64395],[-56.94324700000001,-25.644849999999998],[-56.944147,-25.644849999999998],[-56.944147,-25.64305],[-56.94324700000001,-25.64305],[-56.94324700000001,-25.642149999999997],[-56.942347000000005,-25.642149999999997]]]}},{"type":"Feature","properties":{"category":"ndvi_canopy","class":1,"ndvi_low":0.25,"ndvi_high":0.45,"name":"Sparse woody","color":"#84cc16","fill_color":"#84cc16","description":"Scattered trees, woodland edges, agroforestry \u2014 visible canopy not closed.","source":"Sentinel-2 L2A NDVI 4-class polygonised"},"geometry":{"type":"Polygon","coordinates":[[[-56.968447000000005,-25.64395],[-56.968447000000005,-25.644849999999998],[-56.969347000000006,-25.644849999999998],[-56.969347000000006,-25.64395],[-56.968447000000005,-25.64395]]]}},{"type":"Feature","properties":{"category":"ndvi_canopy","class":1,"ndvi_low":0.25,"ndvi_high":0.45,"name":"Sparse woody","color":"#84cc16","fill_color":"#84cc16","description":"Scattered trees, woodland edges, agroforestry \u2014 visible canopy not closed.","source":"Sentinel-2 L2A NDVI 4-class polygonised"},"geometry":{"type":"Polygon","coordinates":[[[-56.966647,-25.64395],[-56.966647,-25.644849999999998],[-56.967547,-25.644849999999998],[-56.967547,-25.64395],[-56.966647,-25.64395]]]}},{"type":"Feature","properties":{"category":"ndvi_canopy","class":1,"ndvi_low":0.25,"ndvi_high":0.45,"name":"Sparse woody","color":"#84cc16","fill_color":"#84cc16","description":"Scattered trees, woodland edges, agroforestry \u2014 visible canopy not closed.","source":"Sentinel-2 L2A NDVI 4-class polygonised"},"geometry":{"type":"Polygon","coordinates":[[[-56.946847000000005,-25.64395],[-56.946847000000005,-25.644849999999998],[-56.94774700000001,-25.644849999999998],[-56.94774700000001,-25.64395],[-56.946847000000005,-25.64395]]]}},{"type":"Feature","properties":{"category":"ndvi_canopy","class":1,"ndvi_low":0.25,"ndvi_high":0.45,"name":"Sparse woody","color":"#84cc16","fill_color":"#84cc16","description":"Scattered trees, woodland edges, agroforestry \u2014 visible canopy not closed.","source":"Sentinel-2 L2A NDVI 4-class polygonised"},"geometry":{"type":"Polygon","coordinates":[[[-56.984647,-25.64395],[-56.984647,-25.64575],[-56.985547000000004,-25.64575],[-56.985547000000004,-25.64395],[-56.984647,-25.64395]]]}},{"type":"Feature","properties":{"category":"ndvi_canopy","class":1,"ndvi_low":0.25,"ndvi_high":0.45,"name":"Sparse woody","color":"#84cc16","fill_color":"#84cc16","description":"Scattered trees, woodland edges, agroforestry \u2014 visible canopy not closed.","source":"Sentinel-2 L2A NDVI 4-class polygonised"},"geometry":{"type":"Polygon","coordinates":[[[-56.967547,-25.644849999999998],[-56.967547,-25.64575],[-56.968447000000005,-25.64575],[-56.968447000000005,-25.644849999999998],[-56.967547,-25.644849999999998]]]}},{"type":"Feature","properties":{"category":"ndvi_canopy","class":1,"ndvi_low":0.25,"ndvi_high":0.45,"name":"Sparse woody","color":"#84cc16","fill_color":"#84cc16","description":"Scattered trees, woodland edges, agroforestry \u2014 visible canopy not closed.","source":"Sentinel-2 L2A NDVI 4-class polygonised"},"geometry":{"type":"Polygon","coordinates":[[[-56.944147,-25.644849999999998],[-56.944147,-25.64575],[-56.945047,-25.64575],[-56.945047,-25.644849999999998],[-56.944147,-25.644849999999998]]]}},{"type":"Feature","properties":{"category":"ndvi_canopy","class":1,"ndvi_low":0.25,"ndvi_high":0.45,"name":"Sparse woody","color":"#84cc16","fill_color":"#84cc16","description":"Scattered trees, woodland edges, agroforestry \u2014 visible canopy not closed.","source":"Sentinel-2 L2A NDVI 4-class polygonised"},"geometry":{"type":"Polygon","coordinates":[[[-56.958547,-25.644849999999998],[-56.958547,-25.646649999999998],[-56.959447000000004,-25.646649999999998],[-56.959447000000004,-25.644849999999998],[-56.958547,-25.644849999999998]]]}},{"type":"Feature","properties":{"category":"ndvi_canopy","class":1,"ndvi_low":0.25,"ndvi_high":0.45,"name":"Sparse woody","color":"#84cc16","fill_color":"#84cc16","description":"Scattered trees, woodland edges, agroforestry \u2014 visible canopy not closed.","source":"Sentinel-2 L2A NDVI 4-class polygonised"},"geometry":{"type":"Polygon","coordinates":[[[-56.999947000000006,-25.64575],[-56.999947000000006,-25.646649999999998],[-57.000847,-25.646649999999998],[-57.000847,-25.64575],[-56.999947000000006,-25.64575]]]}},{"type":"Feature","properties":{"category":"ndvi_canopy","class":1,"ndvi_low":0.25,"ndvi_high":0.45,"name":"Sparse woody","color":"#84cc16","fill_color":"#84cc16","description":"Scattered trees, woodland edges, agroforestry \u2014 visible canopy not closed.","source":"Sentinel-2 L2A NDVI 4-class polygonised"},"geometry":{"type":"Polygon","coordinates":[[[-56.995447000000006,-25.64575],[-56.995447000000006,-25.646649999999998],[-56.99634700000001,-25.646649999999998],[-56.99634700000001,-25.64575],[-56.995447000000006,-25.64575]]]}},{"type":"Feature","properties":{"category":"ndvi_canopy","class":1,"ndvi_low":0.25,"ndvi_high":0.45,"name":"Sparse woody","color":"#84cc16","fill_color":"#84cc16","description":"Scattered trees, woodland edges, agroforestry \u2014 visible canopy not closed.","source":"Sentinel-2 L2A NDVI 4-class polygonised"},"geometry":{"type":"Polygon","coordinates":[[[-56.96124700000001,-25.64575],[-56.96124700000001,-25.646649999999998],[-56.962147,-25.646649999999998],[-56.962147,-25.64575],[-56.96124700000001,-25.64575]]]}},{"type":"Feature","properties":{"category":"ndvi_canopy","class":1,"ndvi_low":0.25,"ndvi_high":0.45,"name":"Sparse woody","color":"#84cc16","fill_color":"#84cc16","description":"Scattered trees, woodland edges, agroforestry \u2014 visible canopy not closed.","source":"Sentinel-2 L2A NDVI 4-class polygonised"},"geometry":{"type":"Polygon","coordinates":[[[-56.945047,-25.64575],[-56.945047,-25.646649999999998],[-56.945947000000004,-25.646649999999998],[-56.945947000000004,-25.64575],[-56.945047,-25.64575]]]}},{"type":"Feature","properties":{"category":"ndvi_canopy","class":1,"ndvi_low":0.25,"ndvi_high":0.45,"name":"Sparse woody","color":"#84cc16","fill_color":"#84cc16","description":"Scattered trees, woodland edges, agroforestry \u2014 visible canopy not closed.","source":"Sentinel-2 L2A NDVI 4-class polygonised"},"geometry":{"type":"Polygon","coordinates":[[[-56.979247,-25.646649999999998],[-56.979247,-25.64755],[-56.980147,-25.64755],[-56.980147,-25.646649999999998],[-56.979247,-25.646649999999998]]]}},{"type":"Feature","properties":{"category":"ndvi_canopy","class":1,"ndvi_low":0.25,"ndvi_high":0.45,"name":"Sparse woody","color":"#84cc16","fill_color":"#84cc16","description":"Scattered trees, woodland edges, agroforestry \u2014 visible canopy not closed.","source":"Sentinel-2 L2A NDVI 4-class polygonised"},"geometry":{"type":"Polygon","coordinates":[[[-56.960347000000006,-25.646649999999998],[-56.960347000000006,-25.64755],[-56.96124700000001,-25.64755],[-56.96124700000001,-25.646649999999998],[-56.960347000000006,-25.646649999999998]]]}},{"type":"Feature","properties":{"category":"ndvi_canopy","class":1,"ndvi_low":0.25,"ndvi_high":0.45,"name":"Sparse woody","color":"#84cc16","fill_color":"#84cc16","description":"Scattered trees, woodland edges, agroforestry \u2014 visible canopy not closed.","source":"Sentinel-2 L2A NDVI 4-class polygonised"},"geometry":{"type":"Polygon","coordinates":[[[-56.98734700000001,-25.64755],[-56.98734700000001,-25.64845],[-56.988247,-25.64845],[-56.988247,-25.64755],[-56.98734700000001,-25.64755]]]}},{"type":"Feature","properties":{"category":"ndvi_canopy","class":1,"ndvi_low":0.25,"ndvi_high":0.45,"name":"Sparse woody","color":"#84cc16","fill_color":"#84cc16","description":"Scattered trees, woodland edges, agroforestry \u2014 visible canopy not closed.","source":"Sentinel-2 L2A NDVI 4-class polygonised"},"geometry":{"type":"Polygon","coordinates":[[[-56.985547000000004,-25.64755],[-56.985547000000004,-25.64845],[-56.986447000000005,-25.64845],[-56.986447000000005,-25.64755],[-56.985547000000004,-25.64755]]]}},{"type":"Feature","properties":{"category":"ndvi_canopy","class":1,"ndvi_low":0.25,"ndvi_high":0.45,"name":"Sparse woody","color":"#84cc16","fill_color":"#84cc16","description":"Scattered trees, woodland edges, agroforestry \u2014 visible canopy not closed.","source":"Sentinel-2 L2A NDVI 4-class polygonised"},"geometry":{"type":"Polygon","coordinates":[[[-56.958547,-25.64755],[-56.958547,-25.64845],[-56.959447000000004,-25.64845],[-56.959447000000004,-25.64935],[-56.960347000000006,-25.64935],[-56.960347000000006,-25.64755],[-56.958547,-25.64755]]]}},{"type":"Feature","properties":{"category":"ndvi_canopy","class":1,"ndvi_low":0.25,"ndvi_high":0.45,"name":"Sparse woody","color":"#84cc16","fill_color":"#84cc16","description":"Scattered trees, woodland edges, agroforestry \u2014 visible canopy not closed.","source":"Sentinel-2 L2A NDVI 4-class polygonised"},"geometry":{"type":"Polygon","coordinates":[[[-56.963947000000005,-25.64845],[-56.963947000000005,-25.64935],[-56.964847000000006,-25.64935],[-56.964847000000006,-25.64845],[-56.963947000000005,-25.64845]]]}},{"type":"Feature","properties":{"category":"ndvi_canopy","class":1,"ndvi_low":0.25,"ndvi_high":0.45,"name":"Sparse woody","color":"#84cc16","fill_color":"#84cc16","description":"Scattered trees, woodland edges, agroforestry \u2014 visible canopy not closed.","source":"Sentinel-2 L2A NDVI 4-class polygonised"},"geometry":{"type":"Polygon","coordinates":[[[-56.99634700000001,-25.64755],[-56.99634700000001,-25.651149999999998],[-56.997247,-25.651149999999998],[-56.997247,-25.65205],[-57.000847,-25.65205],[-57.000847,-25.64935],[-56.997247,-25.64935],[-56.997247,-25.64845],[-56.998147,-25.64845],[-56.998147,-25.64755],[-56.99634700000001,-25.64755]]]}},{"type":"Feature","properties":{"category":"ndvi_canopy","class":1,"ndvi_low":0.25,"ndvi_high":0.45,"name":"Sparse woody","color":"#84cc16","fill_color":"#84cc16","description":"Scattered trees, woodland edges, agroforestry \u2014 visible canopy not closed.","source":"Sentinel-2 L2A NDVI 4-class polygonised"},"geometry":{"type":"Polygon","coordinates":[[[-56.95674700000001,-25.651149999999998],[-56.95674700000001,-25.65205],[-56.957647,-25.65205],[-56.957647,-25.651149999999998],[-56.95674700000001,-25.651149999999998]]]}},{"type":"Feature","properties":{"category":"ndvi_canopy","class":1,"ndvi_low":0.25,"ndvi_high":0.45,"name":"Sparse woody","color":"#84cc16","fill_color":"#84cc16","description":"Scattered trees, woodland edges, agroforestry \u2014 visible canopy not closed.","source":"Sentinel-2 L2A NDVI 4-class polygonised"},"geometry":{"type":"Polygon","coordinates":[[[-56.993647,-25.651149999999998],[-56.993647,-25.65295],[-56.994547000000004,-25.65295],[-56.994547000000004,-25.651149999999998],[-56.993647,-25.651149999999998]]]}},{"type":"Feature","properties":{"category":"ndvi_canopy","class":1,"ndvi_low":0.25,"ndvi_high":0.45,"name":"Sparse woody","color":"#84cc16","fill_color":"#84cc16","description":"Scattered trees, woodland edges, agroforestry \u2014 visible canopy not closed.","source":"Sentinel-2 L2A NDVI 4-class polygonised"},"geometry":{"type":"Polygon","coordinates":[[[-56.950447000000004,-25.651149999999998],[-56.950447000000004,-25.65295],[-56.951347000000005,-25.65295],[-56.951347000000005,-25.65205],[-56.953147,-25.65205],[-56.953147,-25.651149999999998],[-56.950447000000004,-25.651149999999998]]]}},{"type":"Feature","properties":{"category":"ndvi_canopy","class":1,"ndvi_low":0.25,"ndvi_high":0.45,"name":"Sparse woody","color":"#84cc16","fill_color":"#84cc16","description":"Scattered trees, woodland edges, agroforestry \u2014 visible canopy not closed.","source":"Sentinel-2 L2A NDVI 4-class polygonised"},"geometry":{"type":"Polygon","coordinates":[[[-56.993647,-25.651149999999998],[-56.993647,-25.65025],[-56.99184700000001,-25.65025],[-56.99184700000001,-25.64845],[-56.988247,-25.64845],[-56.988247,-25.64935],[-56.98734700000001,-25.64935],[-56.98734700000001,-25.64845],[-56.986447000000005,-25.64845],[-56.986447000000005,-25.64935],[-56.985547000000004,-25.64935],[-56.985547000000004,-25.651149999999998],[-56.986447000000005,-25.651149999999998],[-56.986447000000005,-25.65205],[-56.984647,-25.65205],[-56.984647,-25.65295],[-56.98734700000001,-25.65295],[-56.98734700000001,-25.65205],[-56.990047000000004,-25.65205],[-56.990047000000004,-25.65295],[-56.99184700000001,-25.65295],[-56.99184700000001,-25.65205],[-56.990947000000006,-25.65205],[-56.990947000000006,-25.651149999999998],[-56.993647,-25.651149999999998]],[[-56.990047000000004,-25.651149999999998],[-56.990047000000004,-25.65025],[-56.990947000000006,-25.65025],[-56.990947000000006,-25.651149999999998],[-56.990047000000004,-25.651149999999998]]]}},{"type":"Feature","properties":{"category":"ndvi_canopy","class":1,"ndvi_low":0.25,"ndvi_high":0.45,"name":"Sparse woody","color":"#84cc16","fill_color":"#84cc16","description":"Scattered trees, woodland edges, agroforestry \u2014 visible canopy not closed.","source":"Sentinel-2 L2A NDVI 4-class polygonised"},"geometry":{"type":"Polygon","coordinates":[[[-56.946847000000005,-25.65205],[-56.946847000000005,-25.65295],[-56.948647,-25.65295],[-56.948647,-25.65205],[-56.946847000000005,-25.65205]]]}},{"type":"Feature","properties":{"category":"ndvi_canopy","class":1,"ndvi_low":0.25,"ndvi_high":0.45,"name":"Sparse woody","color":"#84cc16","fill_color":"#84cc16","description":"Scattered trees, woodland edges, agroforestry \u2014 visible canopy not closed.","source":"Sentinel-2 L2A NDVI 4-class polygonised"},"geometry":{"type":"Polygon","coordinates":[[[-56.95674700000001,-25.65025],[-56.95674700000001,-25.64755],[-56.955847000000006,-25.64755],[-56.955847000000006,-25.64575],[-56.95674700000001,-25.64575],[-56.95674700000001,-25.64395],[-56.955847000000006,-25.64395],[-56.955847000000006,-25.644849999999998],[-56.954947000000004,-25.644849999999998],[-56.954947000000004,-25.64395],[-56.954047,-25.64395],[-56.954047,-25.644849999999998],[-56.95224700000001,-25.644849999999998],[-56.95224700000001,-25.64395],[-56.951347000000005,-25.64395],[-56.951347000000005,-25.64845],[-56.950447000000004,-25.64845],[-56.950447000000004,-25.64935],[-56.949547,-25.64935],[-56.949547,-25.64845],[-56.948647,-25.64845],[-56.948647,-25.64575],[-56.946847000000005,-25.64575],[-56.946847000000005,-25.64935],[-56.945947000000004,-25.64935],[-56.945947000000004,-25.64755],[-56.944147,-25.64755],[-56.944147,-25.646649999999998],[-56.94324700000001,-25.646649999999998],[-56.94324700000001,-25.64845],[-56.945047,-25.64845],[-56.945047,-25.65205],[-56.945947000000004,-25.65205],[-56.945947000000004,-25.65025],[-56.953147,-25.65025],[-56.953147,-25.651149999999998],[-56.954047,-25.651149999999998],[-56.954047,-25.65385],[-56.954947000000004,-25.65385],[-56.954947000000004,-25.651149999999998],[-56.955847000000006,-25.651149999999998],[-56.955847000000006,-25.65025],[-56.95674700000001,-25.65025]],[[-56.954947000000004,-25.65025],[-56.954947000000004,-25.64935],[-56.955847000000006,-25.64935],[-56.955847000000006,-25.65025],[-56.954947000000004,-25.65025]],[[-56.954947000000004,-25.64845],[-56.954047,-25.64845],[-56.954047,-25.64575],[-56.954947000000004,-25.64575],[-56.954947000000004,-25.64845]]]}},{"type":"Feature","properties":{"category":"ndvi_canopy","class":1,"ndvi_low":0.25,"ndvi_high":0.45,"name":"Sparse woody","color":"#84cc16","fill_color":"#84cc16","description":"Scattered trees, woodland edges, agroforestry \u2014 visible canopy not closed.","source":"Sentinel-2 L2A NDVI 4-class polygonised"},"geometry":{"type":"Polygon","coordinates":[[[-56.98284700000001,-25.65295],[-56.98284700000001,-25.65385],[-56.984647,-25.65385],[-56.984647,-25.65295],[-56.98284700000001,-25.65295]]]}},{"type":"Feature","properties":{"category":"ndvi_canopy","class":1,"ndvi_low":0.25,"ndvi_high":0.45,"name":"Sparse woody","color":"#84cc16","fill_color":"#84cc16","description":"Scattered trees, woodland edges, agroforestry \u2014 visible canopy not closed.","source":"Sentinel-2 L2A NDVI 4-class polygonised"},"geometry":{"type":"Polygon","coordinates":[[[-56.972047,-25.65205],[-56.972047,-25.65385],[-56.973847000000006,-25.65385],[-56.973847000000006,-25.65295],[-56.972947000000005,-25.65295],[-56.972947000000005,-25.65205],[-56.972047,-25.65205]]]}},{"type":"Feature","properties":{"category":"ndvi_canopy","class":1,"ndvi_low":0.25,"ndvi_high":0.45,"name":"Sparse woody","color":"#84cc16","fill_color":"#84cc16","description":"Scattered trees, woodland edges, agroforestry \u2014 visible canopy not closed.","source":"Sentinel-2 L2A NDVI 4-class polygonised"},"geometry":{"type":"Polygon","coordinates":[[[-56.935147,-25.63045],[-56.934247000000006,-25.63045],[-56.934247000000006,-25.63225],[-56.933347000000005,-25.63225],[-56.933347000000005,-25.63315],[-56.932447,-25.63315],[-56.932447,-25.63495],[-56.933347000000005,-25.63495],[-56.933347000000005,-25.63855],[-56.934247000000006,-25.63855],[-56.934247000000006,-25.63675],[-56.936047,-25.63675],[-56.936047,-25.63765],[-56.935147,-25.63765],[-56.935147,-25.63855],[-56.936047,-25.63855],[-56.936047,-25.63945],[-56.936947,-25.63945],[-56.936947,-25.640349999999998],[-56.932447,-25.640349999999998],[-56.932447,-25.63855],[-56.930765,-25.63855],[-56.930765,-25.64125],[-56.931547,-25.64125],[-56.931547,-25.642149999999997],[-56.932447,-25.642149999999997],[-56.932447,-25.64125],[-56.933347000000005,-25.64125],[-56.933347000000005,-25.642149999999997],[-56.935147,-25.642149999999997],[-56.935147,-25.64575],[-56.933347000000005,-25.64575],[-56.933347000000005,-25.644849999999998],[-56.931547,-25.644849999999998],[-56.931547,-25.64395],[-56.930765,-25.64395],[-56.930765,-25.65295],[-56.931547,-25.65295],[-56.931547,-25.651149999999998],[-56.933347000000005,-25.651149999999998],[-56.933347000000005,-25.65295],[-56.936047,-25.65295],[-56.936047,-25.65475],[-56.939647,-25.65475],[-56.939647,-25.65295],[-56.940547,-25.65295],[-56.940547,-25.65205],[-56.942347000000005,-25.65205],[-56.942347000000005,-25.651149999999998],[-56.941447000000004,-25.651149999999998],[-56.941447000000004,-25.65025],[-56.94324700000001,-25.65025],[-56.94324700000001,-25.64935],[-56.942347000000005,-25.64935],[-56.942347000000005,-25.64845],[-56.941447000000004,-25.64845],[-56.941447000000004,-25.646649999999998],[-56.942347000000005,-25.646649999999998],[-56.942347000000005,-25.64575],[-56.941447000000004,-25.64575],[-56.941447000000004,-25.64305],[-56.940547,-25.64305],[-56.940547,-25.642149999999997],[-56.939647,-25.642149999999997],[-56.939647,-25.640349999999998],[-56.938747000000006,-25.640349999999998],[-56.938747000000006,-25.63945],[-56.937847000000005,-25.63945],[-56.937847000000005,-25.63855],[-56.938747000000006,-25.63855],[-56.938747000000006,-25.635849999999998],[-56.937847000000005,-25.635849999999998],[-56.937847000000005,-25.63405],[-56.936047,-25.63405],[-56.936047,-25.63315],[-56.935147,-25.63315],[-56.935147,-25.63045]],[[-56.935147,-25.63495],[-56.934247000000006,-25.63495],[-56.934247000000006,-25.63315],[-56.935147,-25.63315],[-56.935147,-25.63495]],[[-56.936947,-25.635849999999998],[-56.936047,-25.635849999999998],[-56.936047,-25.63495],[-56.936947,-25.63495],[-56.936947,-25.635849999999998]],[[-56.940547,-25.644849999999998],[-56.938747000000006,-25.644849999999998],[-56.938747000000006,-25.64395],[-56.940547,-25.64395],[-56.940547,-25.644849999999998]],[[-56.936947,-25.64575],[-56.937847000000005,-25.64575],[-56.937847000000005,-25.646649999999998],[-56.936947,-25.646649999999998],[-56.936947,-25.64575]],[[-56.936947,-25.64755],[-56.936047,-25.64755],[-56.936047,-25.646649999999998],[-56.936947,-25.646649999999998],[-56.936947,-25.64755]],[[-56.940547,-25.64935],[-56.938747000000006,-25.64935],[-56.938747000000006,-25.64845],[-56.940547,-25.64845],[-56.940547,-25.64935]],[[-56.932447,-25.64935],[-56.932447,-25.64845],[-56.933347000000005,-25.64845],[-56.933347000000005,-25.64935],[-56.932447,-25.64935]],[[-56.934247000000006,-25.64935],[-56.934247000000006,-25.65025],[-56.933347000000005,-25.65025],[-56.933347000000005,-25.64935],[-56.934247000000006,-25.64935]],[[-56.936047,-25.65025],[-56.935147,-25.65025],[-56.935147,-25.64935],[-56.936047,-25.64935],[-56.936047,-25.65025]],[[-56.938747000000006,-25.651149999999998],[-56.937847000000005,-25.651149999999998],[-56.937847000000005,-25.65025],[-56.938747000000006,-25.65025],[-56.938747000000006,-25.651149999999998]]]}},{"type":"Feature","properties":{"category":"ndvi_canopy","class":1,"ndvi_low":0.25,"ndvi_high":0.45,"name":"Sparse woody","color":"#84cc16","fill_color":"#84cc16","description":"Scattered trees, woodland edges, agroforestry \u2014 visible canopy not closed.","source":"Sentinel-2 L2A NDVI 4-class polygonised"},"geometry":{"type":"Polygon","coordinates":[[[-56.97834700000001,-25.65025],[-56.97834700000001,-25.651149999999998],[-56.977447000000005,-25.651149999999998],[-56.977447000000005,-25.65295],[-56.97834700000001,-25.65295],[-56.97834700000001,-25.65385],[-56.979247,-25.65385],[-56.979247,-25.65475],[-56.980147,-25.65475],[-56.980147,-25.65295],[-56.979247,-25.65295],[-56.979247,-25.65025],[-56.97834700000001,-25.65025]]]}},{"type":"Feature","properties":{"category":"ndvi_canopy","class":1,"ndvi_low":0.25,"ndvi_high":0.45,"name":"Sparse woody","color":"#84cc16","fill_color":"#84cc16","description":"Scattered trees, woodland edges, agroforestry \u2014 visible canopy not closed.","source":"Sentinel-2 L2A NDVI 4-class polygonised"},"geometry":{"type":"Polygon","coordinates":[[[-56.999947000000006,-25.65385],[-56.999947000000006,-25.65475],[-57.000847,-25.65475],[-57.000847,-25.65385],[-56.999947000000006,-25.65385]]]}},{"type":"Feature","properties":{"category":"ndvi_canopy","class":1,"ndvi_low":0.25,"ndvi_high":0.45,"name":"Sparse woody","color":"#84cc16","fill_color":"#84cc16","description":"Scattered trees, woodland edges, agroforestry \u2014 visible canopy not closed.","source":"Sentinel-2 L2A NDVI 4-class polygonised"},"geometry":{"type":"Polygon","coordinates":[[[-56.976547000000004,-25.65475],[-56.976547000000004,-25.655649999999998],[-56.979247,-25.655649999999998],[-56.979247,-25.65475],[-56.976547000000004,-25.65475]]]}},{"type":"Feature","properties":{"category":"ndvi_canopy","class":1,"ndvi_low":0.25,"ndvi_high":0.45,"name":"Sparse woody","color":"#84cc16","fill_color":"#84cc16","description":"Scattered trees, woodland edges, agroforestry \u2014 visible canopy not closed.","source":"Sentinel-2 L2A NDVI 4-class polygonised"},"geometry":{"type":"Polygon","coordinates":[[[-56.980147,-25.655649999999998],[-56.980147,-25.65655],[-56.981047000000004,-25.65655],[-56.981047000000004,-25.655649999999998],[-56.980147,-25.655649999999998]]]}},{"type":"Feature","properties":{"category":"ndvi_canopy","class":1,"ndvi_low":0.25,"ndvi_high":0.45,"name":"Sparse woody","color":"#84cc16","fill_color":"#84cc16","description":"Scattered trees, woodland edges, agroforestry \u2014 visible canopy not closed.","source":"Sentinel-2 L2A NDVI 4-class polygonised"},"geometry":{"type":"Polygon","coordinates":[[[-56.972947000000005,-25.65475],[-56.972947000000005,-25.65655],[-56.971147,-25.65655],[-56.971147,-25.65745],[-56.972047,-25.65745],[-56.972047,-25.65835],[-56.972947000000005,-25.65835],[-56.972947000000005,-25.65745],[-56.973847000000006,-25.65745],[-56.973847000000006,-25.65655],[-56.976547000000004,-25.65655],[-56.976547000000004,-25.655649999999998],[-56.973847000000006,-25.655649999999998],[-56.973847000000006,-25.65475],[-56.972947000000005,-25.65475]]]}},{"type":"Feature","properties":{"category":"ndvi_canopy","class":1,"ndvi_low":0.25,"ndvi_high":0.45,"name":"Sparse woody","color":"#84cc16","fill_color":"#84cc16","description":"Scattered trees, woodland edges, agroforestry \u2014 visible canopy not closed.","source":"Sentinel-2 L2A NDVI 4-class polygonised"},"geometry":{"type":"Polygon","coordinates":[[[-56.979247,-25.65745],[-56.979247,-25.65835],[-56.980147,-25.65835],[-56.980147,-25.65745],[-56.979247,-25.65745]]]}},{"type":"Feature","properties":{"category":"ndvi_canopy","class":1,"ndvi_low":0.25,"ndvi_high":0.45,"name":"Sparse woody","color":"#84cc16","fill_color":"#84cc16","description":"Scattered trees, woodland edges, agroforestry \u2014 visible canopy not closed.","source":"Sentinel-2 L2A NDVI 4-class polygonised"},"geometry":{"type":"Polygon","coordinates":[[[-56.969347000000006,-25.65745],[-56.969347000000006,-25.65835],[-56.970247,-25.65835],[-56.970247,-25.65745],[-56.969347000000006,-25.65745]]]}},{"type":"Feature","properties":{"category":"ndvi_canopy","class":1,"ndvi_low":0.25,"ndvi_high":0.45,"name":"Sparse woody","color":"#84cc16","fill_color":"#84cc16","description":"Scattered trees, woodland edges, agroforestry \u2014 visible canopy not closed.","source":"Sentinel-2 L2A NDVI 4-class polygonised"},"geometry":{"type":"Polygon","coordinates":[[[-56.966647,-25.65745],[-56.966647,-25.65835],[-56.967547,-25.65835],[-56.967547,-25.65745],[-56.966647,-25.65745]]]}},{"type":"Feature","properties":{"category":"ndvi_canopy","class":1,"ndvi_low":0.25,"ndvi_high":0.45,"name":"Sparse woody","color":"#84cc16","fill_color":"#84cc16","description":"Scattered trees, woodland edges, agroforestry \u2014 visible canopy not closed.","source":"Sentinel-2 L2A NDVI 4-class polygonised"},"geometry":{"type":"Polygon","coordinates":[[[-56.975647,-25.65835],[-56.975647,-25.65925],[-56.976547000000004,-25.65925],[-56.976547000000004,-25.65835],[-56.975647,-25.65835]]]}},{"type":"Feature","properties":{"category":"ndvi_canopy","class":1,"ndvi_low":0.25,"ndvi_high":0.45,"name":"Sparse woody","color":"#84cc16","fill_color":"#84cc16","description":"Scattered trees, woodland edges, agroforestry \u2014 visible canopy not closed.","source":"Sentinel-2 L2A NDVI 4-class polygonised"},"geometry":{"type":"Polygon","coordinates":[[[-56.971147,-25.65835],[-56.971147,-25.65925],[-56.972047,-25.65925],[-56.972047,-25.65835],[-56.971147,-25.65835]]]}},{"type":"Feature","properties":{"category":"ndvi_canopy","class":1,"ndvi_low":0.25,"ndvi_high":0.45,"name":"Sparse woody","color":"#84cc16","fill_color":"#84cc16","description":"Scattered trees, woodland edges, agroforestry \u2014 visible canopy not closed.","source":"Sentinel-2 L2A NDVI 4-class polygonised"},"geometry":{"type":"Polygon","coordinates":[[[-56.968447000000005,-25.65835],[-56.968447000000005,-25.65925],[-56.969347000000006,-25.65925],[-56.969347000000006,-25.65835],[-56.968447000000005,-25.65835]]]}},{"type":"Feature","properties":{"category":"ndvi_canopy","class":1,"ndvi_low":0.25,"ndvi_high":0.45,"name":"Sparse woody","color":"#84cc16","fill_color":"#84cc16","description":"Scattered trees, woodland edges, agroforestry \u2014 visible canopy not closed.","source":"Sentinel-2 L2A NDVI 4-class polygonised"},"geometry":{"type":"Polygon","coordinates":[[[-56.970247,-25.65925],[-56.970247,-25.660149999999998],[-56.971147,-25.660149999999998],[-56.971147,-25.65925],[-56.970247,-25.65925]]]}},{"type":"Feature","properties":{"category":"ndvi_canopy","class":1,"ndvi_low":0.25,"ndvi_high":0.45,"name":"Sparse woody","color":"#84cc16","fill_color":"#84cc16","description":"Scattered trees, woodland edges, agroforestry \u2014 visible canopy not closed.","source":"Sentinel-2 L2A NDVI 4-class polygonised"},"geometry":{"type":"Polygon","coordinates":[[[-56.963047,-25.65835],[-56.963047,-25.660149999999998],[-56.964847000000006,-25.660149999999998],[-56.964847000000006,-25.65925],[-56.963947000000005,-25.65925],[-56.963947000000005,-25.65835],[-56.963047,-25.65835]]]}},{"type":"Feature","properties":{"category":"ndvi_canopy","class":1,"ndvi_low":0.25,"ndvi_high":0.45,"name":"Sparse woody","color":"#84cc16","fill_color":"#84cc16","description":"Scattered trees, woodland edges, agroforestry \u2014 visible canopy not closed.","source":"Sentinel-2 L2A NDVI 4-class polygonised"},"geometry":{"type":"Polygon","coordinates":[[[-56.94324700000001,-25.65925],[-56.94324700000001,-25.660149999999998],[-56.944147,-25.660149999999998],[-56.944147,-25.65925],[-56.94324700000001,-25.65925]]]}},{"type":"Feature","properties":{"category":"ndvi_canopy","class":1,"ndvi_low":0.25,"ndvi_high":0.45,"name":"Sparse woody","color":"#84cc16","fill_color":"#84cc16","description":"Scattered trees, woodland edges, agroforestry \u2014 visible canopy not closed.","source":"Sentinel-2 L2A NDVI 4-class polygonised"},"geometry":{"type":"Polygon","coordinates":[[[-56.94774700000001,-25.65925],[-56.94774700000001,-25.66105],[-56.949547,-25.66105],[-56.949547,-25.65925],[-56.94774700000001,-25.65925]]]}},{"type":"Feature","properties":{"category":"ndvi_canopy","class":1,"ndvi_low":0.25,"ndvi_high":0.45,"name":"Sparse woody","color":"#84cc16","fill_color":"#84cc16","description":"Scattered trees, woodland edges, agroforestry \u2014 visible canopy not closed.","source":"Sentinel-2 L2A NDVI 4-class polygonised"},"geometry":{"type":"Polygon","coordinates":[[[-56.999947000000006,-25.660149999999998],[-56.999947000000006,-25.66105],[-57.000847,-25.66105],[-57.000847,-25.660149999999998],[-56.999947000000006,-25.660149999999998]]]}},{"type":"Feature","properties":{"category":"ndvi_canopy","class":1,"ndvi_low":0.25,"ndvi_high":0.45,"name":"Sparse woody","color":"#84cc16","fill_color":"#84cc16","description":"Scattered trees, woodland edges, agroforestry \u2014 visible canopy not closed.","source":"Sentinel-2 L2A NDVI 4-class polygonised"},"geometry":{"type":"Polygon","coordinates":[[[-56.992747,-25.660149999999998],[-56.992747,-25.66105],[-56.993647,-25.66105],[-56.993647,-25.660149999999998],[-56.992747,-25.660149999999998]]]}},{"type":"Feature","properties":{"category":"ndvi_canopy","class":1,"ndvi_low":0.25,"ndvi_high":0.45,"name":"Sparse woody","color":"#84cc16","fill_color":"#84cc16","description":"Scattered trees, woodland edges, agroforestry \u2014 visible canopy not closed.","source":"Sentinel-2 L2A NDVI 4-class polygonised"},"geometry":{"type":"Polygon","coordinates":[[[-56.962147,-25.660149999999998],[-56.962147,-25.66105],[-56.963047,-25.66105],[-56.963047,-25.660149999999998],[-56.962147,-25.660149999999998]]]}},{"type":"Feature","properties":{"category":"ndvi_canopy","class":1,"ndvi_low":0.25,"ndvi_high":0.45,"name":"Sparse woody","color":"#84cc16","fill_color":"#84cc16","description":"Scattered trees, woodland edges, agroforestry \u2014 visible canopy not closed.","source":"Sentinel-2 L2A NDVI 4-class polygonised"},"geometry":{"type":"Polygon","coordinates":[[[-56.950447000000004,-25.660149999999998],[-56.950447000000004,-25.66105],[-56.95224700000001,-25.66105],[-56.95224700000001,-25.660149999999998],[-56.950447000000004,-25.660149999999998]]]}},{"type":"Feature","properties":{"category":"ndvi_canopy","class":1,"ndvi_low":0.25,"ndvi_high":0.45,"name":"Sparse woody","color":"#84cc16","fill_color":"#84cc16","description":"Scattered trees, woodland edges, agroforestry \u2014 visible canopy not closed.","source":"Sentinel-2 L2A NDVI 4-class polygonised"},"geometry":{"type":"Polygon","coordinates":[[[-56.981047000000004,-25.660149999999998],[-56.981047000000004,-25.66105],[-56.981947000000005,-25.66105],[-56.981947000000005,-25.661949999999997],[-56.98284700000001,-25.661949999999997],[-56.98284700000001,-25.660149999999998],[-56.981047000000004,-25.660149999999998]]]}},{"type":"Feature","properties":{"category":"ndvi_canopy","class":1,"ndvi_low":0.25,"ndvi_high":0.45,"name":"Sparse woody","color":"#84cc16","fill_color":"#84cc16","description":"Scattered trees, woodland edges, agroforestry \u2014 visible canopy not closed.","source":"Sentinel-2 L2A NDVI 4-class polygonised"},"geometry":{"type":"Polygon","coordinates":[[[-56.968447000000005,-25.66105],[-56.968447000000005,-25.661949999999997],[-56.969347000000006,-25.661949999999997],[-56.969347000000006,-25.66105],[-56.968447000000005,-25.66105]]]}},{"type":"Feature","properties":{"category":"ndvi_canopy","class":1,"ndvi_low":0.25,"ndvi_high":0.45,"name":"Sparse woody","color":"#84cc16","fill_color":"#84cc16","description":"Scattered trees, woodland edges, agroforestry \u2014 visible canopy not closed.","source":"Sentinel-2 L2A NDVI 4-class polygonised"},"geometry":{"type":"Polygon","coordinates":[[[-56.977447000000005,-25.65925],[-56.977447000000005,-25.660149999999998],[-56.976547000000004,-25.660149999999998],[-56.976547000000004,-25.66105],[-56.977447000000005,-25.66105],[-56.977447000000005,-25.66285],[-56.980147,-25.66285],[-56.980147,-25.660149999999998],[-56.97834700000001,-25.660149999999998],[-56.97834700000001,-25.65925],[-56.977447000000005,-25.65925]]]}},{"type":"Feature","properties":{"category":"ndvi_canopy","class":1,"ndvi_low":0.25,"ndvi_high":0.45,"name":"Sparse woody","color":"#84cc16","fill_color":"#84cc16","description":"Scattered trees, woodland edges, agroforestry \u2014 visible canopy not closed.","source":"Sentinel-2 L2A NDVI 4-class polygonised"},"geometry":{"type":"Polygon","coordinates":[[[-56.98734700000001,-25.65925],[-56.98734700000001,-25.66105],[-56.986447000000005,-25.66105],[-56.986447000000005,-25.661949999999997],[-56.988247,-25.661949999999997],[-56.988247,-25.66285],[-56.989147,-25.66285],[-56.989147,-25.661949999999997],[-56.990047000000004,-25.661949999999997],[-56.990047000000004,-25.66285],[-56.990947000000006,-25.66285],[-56.990947000000006,-25.66105],[-56.989147,-25.66105],[-56.989147,-25.660149999999998],[-56.990047000000004,-25.660149999999998],[-56.990047000000004,-25.65925],[-56.98734700000001,-25.65925]]]}},{"type":"Feature","properties":{"category":"ndvi_canopy","class":1,"ndvi_low":0.25,"ndvi_high":0.45,"name":"Sparse woody","color":"#84cc16","fill_color":"#84cc16","description":"Scattered trees, woodland edges, agroforestry \u2014 visible canopy not closed.","source":"Sentinel-2 L2A NDVI 4-class polygonised"},"geometry":{"type":"Polygon","coordinates":[[[-56.967547,-25.661949999999997],[-56.967547,-25.66285],[-56.968447000000005,-25.66285],[-56.968447000000005,-25.661949999999997],[-56.967547,-25.661949999999997]]]}},{"type":"Feature","properties":{"category":"ndvi_canopy","class":1,"ndvi_low":0.25,"ndvi_high":0.45,"name":"Sparse woody","color":"#84cc16","fill_color":"#84cc16","description":"Scattered trees, woodland edges, agroforestry \u2014 visible canopy not closed.","source":"Sentinel-2 L2A NDVI 4-class polygonised"},"geometry":{"type":"Polygon","coordinates":[[[-56.964847000000006,-25.661949999999997],[-56.964847000000006,-25.66285],[-56.965747,-25.66285],[-56.965747,-25.661949999999997],[-56.964847000000006,-25.661949999999997]]]}},{"type":"Feature","properties":{"category":"ndvi_canopy","class":1,"ndvi_low":0.25,"ndvi_high":0.45,"name":"Sparse woody","color":"#84cc16","fill_color":"#84cc16","description":"Scattered trees, woodland edges, agroforestry \u2014 visible canopy not closed.","source":"Sentinel-2 L2A NDVI 4-class polygonised"},"geometry":{"type":"Polygon","coordinates":[[[-56.955847000000006,-25.661949999999997],[-56.955847000000006,-25.66285],[-56.95674700000001,-25.66285],[-56.95674700000001,-25.661949999999997],[-56.955847000000006,-25.661949999999997]]]}},{"type":"Feature","properties":{"category":"ndvi_canopy","class":1,"ndvi_low":0.25,"ndvi_high":0.45,"name":"Sparse woody","color":"#84cc16","fill_color":"#84cc16","description":"Scattered trees, woodland edges, agroforestry \u2014 visible canopy not closed.","source":"Sentinel-2 L2A NDVI 4-class polygonised"},"geometry":{"type":"Polygon","coordinates":[[[-56.953147,-25.661949999999997],[-56.953147,-25.66285],[-56.954047,-25.66285],[-56.954047,-25.661949999999997],[-56.953147,-25.661949999999997]]]}},{"type":"Feature","properties":{"category":"ndvi_canopy","class":1,"ndvi_low":0.25,"ndvi_high":0.45,"name":"Sparse woody","color":"#84cc16","fill_color":"#84cc16","description":"Scattered trees, woodland edges, agroforestry \u2014 visible canopy not closed.","source":"Sentinel-2 L2A NDVI 4-class polygonised"},"geometry":{"type":"Polygon","coordinates":[[[-56.945047,-25.661949999999997],[-56.945047,-25.66285],[-56.945947000000004,-25.66285],[-56.945947000000004,-25.661949999999997],[-56.945047,-25.661949999999997]]]}},{"type":"Feature","properties":{"category":"ndvi_canopy","class":1,"ndvi_low":0.25,"ndvi_high":0.45,"name":"Sparse woody","color":"#84cc16","fill_color":"#84cc16","description":"Scattered trees, woodland edges, agroforestry \u2014 visible canopy not closed.","source":"Sentinel-2 L2A NDVI 4-class polygonised"},"geometry":{"type":"Polygon","coordinates":[[[-56.936947,-25.661949999999997],[-56.936947,-25.66285],[-56.937847000000005,-25.66285],[-56.937847000000005,-25.661949999999997],[-56.936947,-25.661949999999997]]]}},{"type":"Feature","properties":{"category":"ndvi_canopy","class":1,"ndvi_low":0.25,"ndvi_high":0.45,"name":"Sparse woody","color":"#84cc16","fill_color":"#84cc16","description":"Scattered trees, woodland edges, agroforestry \u2014 visible canopy not closed.","source":"Sentinel-2 L2A NDVI 4-class polygonised"},"geometry":{"type":"Polygon","coordinates":[[[-56.998147,-25.66285],[-56.998147,-25.66375],[-56.999047000000004,-25.66375],[-56.999047000000004,-25.66285],[-56.998147,-25.66285]]]}},{"type":"Feature","properties":{"category":"ndvi_canopy","class":1,"ndvi_low":0.25,"ndvi_high":0.45,"name":"Sparse woody","color":"#84cc16","fill_color":"#84cc16","description":"Scattered trees, woodland edges, agroforestry \u2014 visible canopy not closed.","source":"Sentinel-2 L2A NDVI 4-class polygonised"},"geometry":{"type":"Polygon","coordinates":[[[-56.972047,-25.66285],[-56.972047,-25.66375],[-56.972947000000005,-25.66375],[-56.972947000000005,-25.66285],[-56.972047,-25.66285]]]}},{"type":"Feature","properties":{"category":"ndvi_canopy","class":1,"ndvi_low":0.25,"ndvi_high":0.45,"name":"Sparse woody","color":"#84cc16","fill_color":"#84cc16","description":"Scattered trees, woodland edges, agroforestry \u2014 visible canopy not closed.","source":"Sentinel-2 L2A NDVI 4-class polygonised"},"geometry":{"type":"Polygon","coordinates":[[[-56.965747,-25.66285],[-56.965747,-25.66375],[-56.966647,-25.66375],[-56.966647,-25.66285],[-56.965747,-25.66285]]]}},{"type":"Feature","properties":{"category":"ndvi_canopy","class":1,"ndvi_low":0.25,"ndvi_high":0.45,"name":"Sparse woody","color":"#84cc16","fill_color":"#84cc16","description":"Scattered trees, woodland edges, agroforestry \u2014 visible canopy not closed.","source":"Sentinel-2 L2A NDVI 4-class polygonised"},"geometry":{"type":"Polygon","coordinates":[[[-56.972947000000005,-25.66375],[-56.972947000000005,-25.664649999999998],[-56.973847000000006,-25.664649999999998],[-56.973847000000006,-25.66375],[-56.972947000000005,-25.66375]]]}},{"type":"Feature","properties":{"category":"ndvi_canopy","class":1,"ndvi_low":0.25,"ndvi_high":0.45,"name":"Sparse woody","color":"#84cc16","fill_color":"#84cc16","description":"Scattered trees, woodland edges, agroforestry \u2014 visible canopy not closed.","source":"Sentinel-2 L2A NDVI 4-class polygonised"},"geometry":{"type":"Polygon","coordinates":[[[-56.95674700000001,-25.66375],[-56.95674700000001,-25.664649999999998],[-56.957647,-25.664649999999998],[-56.957647,-25.66375],[-56.95674700000001,-25.66375]]]}},{"type":"Feature","properties":{"category":"ndvi_canopy","class":1,"ndvi_low":0.25,"ndvi_high":0.45,"name":"Sparse woody","color":"#84cc16","fill_color":"#84cc16","description":"Scattered trees, woodland edges, agroforestry \u2014 visible canopy not closed.","source":"Sentinel-2 L2A NDVI 4-class polygonised"},"geometry":{"type":"Polygon","coordinates":[[[-56.935147,-25.661949999999997],[-56.935147,-25.664649999999998],[-56.936047,-25.664649999999998],[-56.936047,-25.66555],[-56.936947,-25.66555],[-56.936947,-25.66285],[-56.936047,-25.66285],[-56.936047,-25.661949999999997],[-56.935147,-25.661949999999997]]]}},{"type":"Feature","properties":{"category":"ndvi_canopy","class":1,"ndvi_low":0.25,"ndvi_high":0.45,"name":"Sparse woody","color":"#84cc16","fill_color":"#84cc16","description":"Scattered trees, woodland edges, agroforestry \u2014 visible canopy not closed.","source":"Sentinel-2 L2A NDVI 4-class polygonised"},"geometry":{"type":"Polygon","coordinates":[[[-56.989147,-25.66375],[-56.989147,-25.664649999999998],[-56.990047000000004,-25.664649999999998],[-56.990047000000004,-25.66555],[-56.990947000000006,-25.66555],[-56.990947000000006,-25.66375],[-56.989147,-25.66375]]]}},{"type":"Feature","properties":{"category":"ndvi_canopy","class":1,"ndvi_low":0.25,"ndvi_high":0.45,"name":"Sparse woody","color":"#84cc16","fill_color":"#84cc16","description":"Scattered trees, woodland edges, agroforestry \u2014 visible canopy not closed.","source":"Sentinel-2 L2A NDVI 4-class polygonised"},"geometry":{"type":"Polygon","coordinates":[[[-56.98284700000001,-25.664649999999998],[-56.98284700000001,-25.66555],[-56.983747,-25.66555],[-56.983747,-25.664649999999998],[-56.98284700000001,-25.664649999999998]]]}},{"type":"Feature","properties":{"category":"ndvi_canopy","class":1,"ndvi_low":0.25,"ndvi_high":0.45,"name":"Sparse woody","color":"#84cc16","fill_color":"#84cc16","description":"Scattered trees, woodland edges, agroforestry \u2014 visible canopy not closed.","source":"Sentinel-2 L2A NDVI 4-class polygonised"},"geometry":{"type":"Polygon","coordinates":[[[-56.934247000000006,-25.664649999999998],[-56.934247000000006,-25.66555],[-56.935147,-25.66555],[-56.935147,-25.664649999999998],[-56.934247000000006,-25.664649999999998]]]}},{"type":"Feature","properties":{"category":"ndvi_canopy","class":1,"ndvi_low":0.25,"ndvi_high":0.45,"name":"Sparse woody","color":"#84cc16","fill_color":"#84cc16","description":"Scattered trees, woodland edges, agroforestry \u2014 visible canopy not closed.","source":"Sentinel-2 L2A NDVI 4-class polygonised"},"geometry":{"type":"Polygon","coordinates":[[[-56.993647,-25.66555],[-56.993647,-25.666449999999998],[-56.994547000000004,-25.666449999999998],[-56.994547000000004,-25.66555],[-56.993647,-25.66555]]]}},{"type":"Feature","properties":{"category":"ndvi_canopy","class":1,"ndvi_low":0.25,"ndvi_high":0.45,"name":"Sparse woody","color":"#84cc16","fill_color":"#84cc16","description":"Scattered trees, woodland edges, agroforestry \u2014 visible canopy not closed.","source":"Sentinel-2 L2A NDVI 4-class polygonised"},"geometry":{"type":"Polygon","coordinates":[[[-56.980147,-25.664649999999998],[-56.980147,-25.66555],[-56.976547000000004,-25.66555],[-56.976547000000004,-25.666449999999998],[-56.977447000000005,-25.666449999999998],[-56.977447000000005,-25.66735],[-56.981947000000005,-25.66735],[-56.981947000000005,-25.664649999999998],[-56.980147,-25.664649999999998]]]}},{"type":"Feature","properties":{"category":"ndvi_canopy","class":1,"ndvi_low":0.25,"ndvi_high":0.45,"name":"Sparse woody","color":"#84cc16","fill_color":"#84cc16","description":"Scattered trees, woodland edges, agroforestry \u2014 visible canopy not closed.","source":"Sentinel-2 L2A NDVI 4-class polygonised"},"geometry":{"type":"Polygon","coordinates":[[[-56.990947000000006,-25.66555],[-56.990947000000006,-25.66735],[-56.99184700000001,-25.66735],[-56.99184700000001,-25.666449999999998],[-56.992747,-25.666449999999998],[-56.992747,-25.66555],[-56.990947000000006,-25.66555]]]}},{"type":"Feature","properties":{"category":"ndvi_canopy","class":1,"ndvi_low":0.25,"ndvi_high":0.45,"name":"Sparse woody","color":"#84cc16","fill_color":"#84cc16","description":"Scattered trees, woodland edges, agroforestry \u2014 visible canopy not closed.","source":"Sentinel-2 L2A NDVI 4-class polygonised"},"geometry":{"type":"Polygon","coordinates":[[[-56.965747,-25.664649999999998],[-56.965747,-25.66555],[-56.963047,-25.66555],[-56.963047,-25.666449999999998],[-56.962147,-25.666449999999998],[-56.962147,-25.66735],[-56.963947000000005,-25.66735],[-56.963947000000005,-25.66825],[-56.964847000000006,-25.66825],[-56.964847000000006,-25.66735],[-56.965747,-25.66735],[-56.965747,-25.66825],[-56.966647,-25.66825],[-56.966647,-25.66735],[-56.967547,-25.66735],[-56.967547,-25.666449999999998],[-56.966647,-25.666449999999998],[-56.966647,-25.664649999999998],[-56.965747,-25.664649999999998]]]}},{"type":"Feature","properties":{"category":"ndvi_canopy","class":1,"ndvi_low":0.25,"ndvi_high":0.45,"name":"Sparse woody","color":"#84cc16","fill_color":"#84cc16","description":"Scattered trees, woodland edges, agroforestry \u2014 visible canopy not closed.","source":"Sentinel-2 L2A NDVI 4-class polygonised"},"geometry":{"type":"Polygon","coordinates":[[[-56.995447000000006,-25.66735],[-56.995447000000006,-25.66825],[-56.99634700000001,-25.66825],[-56.99634700000001,-25.66735],[-56.995447000000006,-25.66735]]]}},{"type":"Feature","properties":{"category":"ndvi_canopy","class":1,"ndvi_low":0.25,"ndvi_high":0.45,"name":"Sparse woody","color":"#84cc16","fill_color":"#84cc16","description":"Scattered trees, woodland edges, agroforestry \u2014 visible canopy not closed.","source":"Sentinel-2 L2A NDVI 4-class polygonised"},"geometry":{"type":"Polygon","coordinates":[[[-56.958547,-25.66735],[-56.958547,-25.66915],[-56.959447000000004,-25.66915],[-56.959447000000004,-25.66735],[-56.958547,-25.66735]]]}},{"type":"Feature","properties":{"category":"ndvi_canopy","class":1,"ndvi_low":0.25,"ndvi_high":0.45,"name":"Sparse woody","color":"#84cc16","fill_color":"#84cc16","description":"Scattered trees, woodland edges, agroforestry \u2014 visible canopy not closed.","source":"Sentinel-2 L2A NDVI 4-class polygonised"},"geometry":{"type":"Polygon","coordinates":[[[-56.990947000000006,-25.66915],[-56.990947000000006,-25.67005],[-56.99184700000001,-25.67005],[-56.99184700000001,-25.66915],[-56.990947000000006,-25.66915]]]}},{"type":"Feature","properties":{"category":"ndvi_canopy","class":1,"ndvi_low":0.25,"ndvi_high":0.45,"name":"Sparse woody","color":"#84cc16","fill_color":"#84cc16","description":"Scattered trees, woodland edges, agroforestry \u2014 visible canopy not closed.","source":"Sentinel-2 L2A NDVI 4-class polygonised"},"geometry":{"type":"Polygon","coordinates":[[[-56.983747,-25.66915],[-56.983747,-25.67005],[-56.985547000000004,-25.67005],[-56.985547000000004,-25.66915],[-56.983747,-25.66915]]]}},{"type":"Feature","properties":{"category":"ndvi_canopy","class":1,"ndvi_low":0.25,"ndvi_high":0.45,"name":"Sparse woody","color":"#84cc16","fill_color":"#84cc16","description":"Scattered trees, woodland edges, agroforestry \u2014 visible canopy not closed.","source":"Sentinel-2 L2A NDVI 4-class polygonised"},"geometry":{"type":"Polygon","coordinates":[[[-56.979247,-25.66915],[-56.979247,-25.67005],[-56.980147,-25.67005],[-56.980147,-25.66915],[-56.979247,-25.66915]]]}},{"type":"Feature","properties":{"category":"ndvi_canopy","class":1,"ndvi_low":0.25,"ndvi_high":0.45,"name":"Sparse woody","color":"#84cc16","fill_color":"#84cc16","description":"Scattered trees, woodland edges, agroforestry \u2014 visible canopy not closed.","source":"Sentinel-2 L2A NDVI 4-class polygonised"},"geometry":{"type":"Polygon","coordinates":[[[-56.934247000000006,-25.66915],[-56.934247000000006,-25.67005],[-56.936047,-25.67005],[-56.936047,-25.66915],[-56.934247000000006,-25.66915]]]}},{"type":"Feature","properties":{"category":"ndvi_canopy","class":1,"ndvi_low":0.25,"ndvi_high":0.45,"name":"Sparse woody","color":"#84cc16","fill_color":"#84cc16","description":"Scattered trees, woodland edges, agroforestry \u2014 visible canopy not closed.","source":"Sentinel-2 L2A NDVI 4-class polygonised"},"geometry":{"type":"Polygon","coordinates":[[[-56.99634700000001,-25.66915],[-56.99634700000001,-25.670949999999998],[-56.997247,-25.670949999999998],[-56.997247,-25.67005],[-56.998147,-25.67005],[-56.998147,-25.66915],[-56.99634700000001,-25.66915]]]}},{"type":"Feature","properties":{"category":"ndvi_canopy","class":1,"ndvi_low":0.25,"ndvi_high":0.45,"name":"Sparse woody","color":"#84cc16","fill_color":"#84cc16","description":"Scattered trees, woodland edges, agroforestry \u2014 visible canopy not closed.","source":"Sentinel-2 L2A NDVI 4-class polygonised"},"geometry":{"type":"Polygon","coordinates":[[[-56.990047000000004,-25.67005],[-56.990047000000004,-25.670949999999998],[-56.990947000000006,-25.670949999999998],[-56.990947000000006,-25.67005],[-56.990047000000004,-25.67005]]]}},{"type":"Feature","properties":{"category":"ndvi_canopy","class":1,"ndvi_low":0.25,"ndvi_high":0.45,"name":"Sparse woody","color":"#84cc16","fill_color":"#84cc16","description":"Scattered trees, woodland edges, agroforestry \u2014 visible canopy not closed.","source":"Sentinel-2 L2A NDVI 4-class polygonised"},"geometry":{"type":"Polygon","coordinates":[[[-56.999947000000006,-25.670949999999998],[-56.999947000000006,-25.67185],[-57.000847,-25.67185],[-57.000847,-25.670949999999998],[-56.999947000000006,-25.670949999999998]]]}},{"type":"Feature","properties":{"category":"ndvi_canopy","class":1,"ndvi_low":0.25,"ndvi_high":0.45,"name":"Sparse woody","color":"#84cc16","fill_color":"#84cc16","description":"Scattered trees, woodland edges, agroforestry \u2014 visible canopy not closed.","source":"Sentinel-2 L2A NDVI 4-class polygonised"},"geometry":{"type":"Polygon","coordinates":[[[-56.99184700000001,-25.670949999999998],[-56.99184700000001,-25.67185],[-56.992747,-25.67185],[-56.992747,-25.670949999999998],[-56.99184700000001,-25.670949999999998]]]}},{"type":"Feature","properties":{"category":"ndvi_canopy","class":1,"ndvi_low":0.25,"ndvi_high":0.45,"name":"Sparse woody","color":"#84cc16","fill_color":"#84cc16","description":"Scattered trees, woodland edges, agroforestry \u2014 visible canopy not closed.","source":"Sentinel-2 L2A NDVI 4-class polygonised"},"geometry":{"type":"Polygon","coordinates":[[[-56.935147,-25.670949999999998],[-56.935147,-25.67185],[-56.936047,-25.67185],[-56.936047,-25.670949999999998],[-56.935147,-25.670949999999998]]]}},{"type":"Feature","properties":{"category":"ndvi_canopy","class":1,"ndvi_low":0.25,"ndvi_high":0.45,"name":"Sparse woody","color":"#84cc16","fill_color":"#84cc16","description":"Scattered trees, woodland edges, agroforestry \u2014 visible canopy not closed.","source":"Sentinel-2 L2A NDVI 4-class polygonised"},"geometry":{"type":"Polygon","coordinates":[[[-56.931547,-25.67185],[-56.931547,-25.67275],[-56.933347000000005,-25.67275],[-56.933347000000005,-25.670949999999998],[-56.934247000000006,-25.670949999999998],[-56.934247000000006,-25.67005],[-56.931547,-25.67005],[-56.931547,-25.670949999999998],[-56.930765,-25.670949999999998],[-56.930765,-25.67185],[-56.931547,-25.67185]]]}},{"type":"Feature","properties":{"category":"ndvi_canopy","class":1,"ndvi_low":0.25,"ndvi_high":0.45,"name":"Sparse woody","color":"#84cc16","fill_color":"#84cc16","description":"Scattered trees, woodland edges, agroforestry \u2014 visible canopy not closed.","source":"Sentinel-2 L2A NDVI 4-class polygonised"},"geometry":{"type":"Polygon","coordinates":[[[-56.958547,-25.66105],[-56.958547,-25.664649999999998],[-56.957647,-25.664649999999998],[-56.957647,-25.66555],[-56.954947000000004,-25.66555],[-56.954947000000004,-25.664649999999998],[-56.955847000000006,-25.664649999999998],[-56.955847000000006,-25.66375],[-56.951347000000005,-25.66375],[-56.951347000000005,-25.66285],[-56.950447000000004,-25.66285],[-56.950447000000004,-25.664649999999998],[-56.949547,-25.664649999999998],[-56.949547,-25.66285],[-56.948647,-25.66285],[-56.948647,-25.664649999999998],[-56.94774700000001,-25.664649999999998],[-56.94774700000001,-25.66555],[-56.945947000000004,-25.66555],[-56.945947000000004,-25.66735],[-56.945047,-25.66735],[-56.945047,-25.666449999999998],[-56.944147,-25.666449999999998],[-56.944147,-25.66735],[-56.937847000000005,-25.66735],[-56.937847000000005,-25.66825],[-56.936047,-25.66825],[-56.936047,-25.66915],[-56.938747000000006,-25.66915],[-56.938747000000006,-25.67005],[-56.939647,-25.67005],[-56.939647,-25.670949999999998],[-56.940547,-25.670949999999998],[-56.940547,-25.66825],[-56.942347000000005,-25.66825],[-56.942347000000005,-25.66915],[-56.944147,-25.66915],[-56.944147,-25.66825],[-56.950447000000004,-25.66825],[-56.950447000000004,-25.66915],[-56.949547,-25.66915],[-56.949547,-25.67005],[-56.948647,-25.67005],[-56.948647,-25.670949999999998],[-56.949547,-25.670949999999998],[-56.949547,-25.67185],[-56.946847000000005,-25.67185],[-56.946847000000005,-25.67275],[-56.950447000000004,-25.67275],[-56.950447000000004,-25.67185],[-56.953147,-25.67185],[-56.953147,-25.670949999999998],[-56.950447000000004,-25.670949999999998],[-56.950447000000004,-25.67005],[-56.95224700000001,-25.67005],[-56.95224700000001,-25.66825],[-56.954947000000004,-25.66825],[-56.954947000000004,-25.66735],[-56.955847000000006,-25.66735],[-56.955847000000006,-25.66825],[-56.95674700000001,-25.66825],[-56.95674700000001,-25.66735],[-56.958547,-25.66735],[-56.958547,-25.666449999999998],[-56.960347000000006,-25.666449999999998],[-56.960347000000006,-25.66735],[-56.96124700000001,-25.66735],[-56.96124700000001,-25.66555],[-56.963047,-25.66555],[-56.963047,-25.664649999999998],[-56.965747,-25.664649999999998],[-56.965747,-25.66375],[-56.964847000000006,-25.66375],[-56.964847000000006,-25.66285],[-56.963947000000005,-25.66285],[-56.963947000000005,-25.661949999999997],[-56.96124700000001,-25.661949999999997],[-56.96124700000001,-25.66285],[-56.960347000000006,-25.66285],[-56.960347000000006,-25.661949999999997],[-56.959447000000004,-25.661949999999997],[-56.959447000000004,-25.66105],[-56.958547,-25.66105]],[[-56.963047,-25.66375],[-56.962147,-25.66375],[-56.962147,-25.66285],[-56.963047,-25.66285],[-56.963047,-25.66375]]]}},{"type":"Feature","properties":{"category":"ndvi_canopy","class":1,"ndvi_low":0.25,"ndvi_high":0.45,"name":"Sparse woody","color":"#84cc16","fill_color":"#84cc16","description":"Scattered trees, woodland edges, agroforestry \u2014 visible canopy not closed.","source":"Sentinel-2 L2A NDVI 4-class polygonised"},"geometry":{"type":"Polygon","coordinates":[[[-56.976547000000004,-25.67185],[-56.976547000000004,-25.67275],[-56.977447000000005,-25.67275],[-56.977447000000005,-25.67185],[-56.976547000000004,-25.67185]]]}},{"type":"Feature","properties":{"category":"ndvi_canopy","class":1,"ndvi_low":0.25,"ndvi_high":0.45,"name":"Sparse woody","color":"#84cc16","fill_color":"#84cc16","description":"Scattered trees, woodland edges, agroforestry \u2014 visible canopy not closed.","source":"Sentinel-2 L2A NDVI 4-class polygonised"},"geometry":{"type":"Polygon","coordinates":[[[-56.999047000000004,-25.67275],[-56.999047000000004,-25.67365],[-56.999947000000006,-25.67365],[-56.999947000000006,-25.67275],[-56.999047000000004,-25.67275]]]}},{"type":"Feature","properties":{"category":"ndvi_canopy","class":1,"ndvi_low":0.25,"ndvi_high":0.45,"name":"Sparse woody","color":"#84cc16","fill_color":"#84cc16","description":"Scattered trees, woodland edges, agroforestry \u2014 visible canopy not closed.","source":"Sentinel-2 L2A NDVI 4-class polygonised"},"geometry":{"type":"Polygon","coordinates":[[[-56.999947000000006,-25.67365],[-56.999947000000006,-25.67455],[-57.000847,-25.67455],[-57.000847,-25.67365],[-56.999947000000006,-25.67365]]]}},{"type":"Feature","properties":{"category":"ndvi_canopy","class":1,"ndvi_low":0.25,"ndvi_high":0.45,"name":"Sparse woody","color":"#84cc16","fill_color":"#84cc16","description":"Scattered trees, woodland edges, agroforestry \u2014 visible canopy not closed.","source":"Sentinel-2 L2A NDVI 4-class polygonised"},"geometry":{"type":"Polygon","coordinates":[[[-56.977447000000005,-25.67365],[-56.977447000000005,-25.67455],[-56.97834700000001,-25.67455],[-56.97834700000001,-25.67365],[-56.977447000000005,-25.67365]]]}},{"type":"Feature","properties":{"category":"ndvi_canopy","class":1,"ndvi_low":0.25,"ndvi_high":0.45,"name":"Sparse woody","color":"#84cc16","fill_color":"#84cc16","description":"Scattered trees, woodland edges, agroforestry \u2014 visible canopy not closed.","source":"Sentinel-2 L2A NDVI 4-class polygonised"},"geometry":{"type":"Polygon","coordinates":[[[-56.949547,-25.67365],[-56.949547,-25.67455],[-56.950447000000004,-25.67455],[-56.950447000000004,-25.67365],[-56.949547,-25.67365]]]}},{"type":"Feature","properties":{"category":"ndvi_canopy","class":1,"ndvi_low":0.25,"ndvi_high":0.45,"name":"Sparse woody","color":"#84cc16","fill_color":"#84cc16","description":"Scattered trees, woodland edges, agroforestry \u2014 visible canopy not closed.","source":"Sentinel-2 L2A NDVI 4-class polygonised"},"geometry":{"type":"Polygon","coordinates":[[[-56.951347000000005,-25.67275],[-56.951347000000005,-25.675449999999998],[-56.95224700000001,-25.675449999999998],[-56.95224700000001,-25.67275],[-56.951347000000005,-25.67275]]]}},{"type":"Feature","properties":{"category":"ndvi_canopy","class":1,"ndvi_low":0.25,"ndvi_high":0.45,"name":"Sparse woody","color":"#84cc16","fill_color":"#84cc16","description":"Scattered trees, woodland edges, agroforestry \u2014 visible canopy not closed.","source":"Sentinel-2 L2A NDVI 4-class polygonised"},"geometry":{"type":"Polygon","coordinates":[[[-56.960347000000006,-25.67365],[-56.960347000000006,-25.67455],[-56.959447000000004,-25.67455],[-56.959447000000004,-25.675449999999998],[-56.96124700000001,-25.675449999999998],[-56.96124700000001,-25.67365],[-56.960347000000006,-25.67365]]]}},{"type":"Feature","properties":{"category":"ndvi_canopy","class":1,"ndvi_low":0.25,"ndvi_high":0.45,"name":"Sparse woody","color":"#84cc16","fill_color":"#84cc16","description":"Scattered trees, woodland edges, agroforestry \u2014 visible canopy not closed.","source":"Sentinel-2 L2A NDVI 4-class polygonised"},"geometry":{"type":"Polygon","coordinates":[[[-56.988247,-25.67455],[-56.988247,-25.675449999999998],[-56.989147,-25.675449999999998],[-56.989147,-25.67455],[-56.988247,-25.67455]]]}},{"type":"Feature","properties":{"category":"ndvi_canopy","class":1,"ndvi_low":0.25,"ndvi_high":0.45,"name":"Sparse woody","color":"#84cc16","fill_color":"#84cc16","description":"Scattered trees, woodland edges, agroforestry \u2014 visible canopy not closed.","source":"Sentinel-2 L2A NDVI 4-class polygonised"},"geometry":{"type":"Polygon","coordinates":[[[-56.965747,-25.67455],[-56.965747,-25.675449999999998],[-56.967547,-25.675449999999998],[-56.967547,-25.67455],[-56.965747,-25.67455]]]}},{"type":"Feature","properties":{"category":"ndvi_canopy","class":1,"ndvi_low":0.25,"ndvi_high":0.45,"name":"Sparse woody","color":"#84cc16","fill_color":"#84cc16","description":"Scattered trees, woodland edges, agroforestry \u2014 visible canopy not closed.","source":"Sentinel-2 L2A NDVI 4-class polygonised"},"geometry":{"type":"Polygon","coordinates":[[[-56.948647,-25.67455],[-56.948647,-25.675449999999998],[-56.949547,-25.675449999999998],[-56.949547,-25.67455],[-56.948647,-25.67455]]]}},{"type":"Feature","properties":{"category":"ndvi_canopy","class":1,"ndvi_low":0.25,"ndvi_high":0.45,"name":"Sparse woody","color":"#84cc16","fill_color":"#84cc16","description":"Scattered trees, woodland edges, agroforestry \u2014 visible canopy not closed.","source":"Sentinel-2 L2A NDVI 4-class polygonised"},"geometry":{"type":"Polygon","coordinates":[[[-56.939647,-25.67455],[-56.939647,-25.675449999999998],[-56.940547,-25.675449999999998],[-56.940547,-25.67455],[-56.939647,-25.67455]]]}},{"type":"Feature","properties":{"category":"ndvi_canopy","class":1,"ndvi_low":0.25,"ndvi_high":0.45,"name":"Sparse woody","color":"#84cc16","fill_color":"#84cc16","description":"Scattered trees, woodland edges, agroforestry \u2014 visible canopy not closed.","source":"Sentinel-2 L2A NDVI 4-class polygonised"},"geometry":{"type":"Polygon","coordinates":[[[-56.931547,-25.675449999999998],[-56.931547,-25.67635],[-56.932447,-25.67635],[-56.932447,-25.67365],[-56.930765,-25.67365],[-56.930765,-25.675449999999998],[-56.931547,-25.675449999999998]]]}},{"type":"Feature","properties":{"category":"ndvi_canopy","class":1,"ndvi_low":0.25,"ndvi_high":0.45,"name":"Sparse woody","color":"#84cc16","fill_color":"#84cc16","description":"Scattered trees, woodland edges, agroforestry \u2014 visible canopy not closed.","source":"Sentinel-2 L2A NDVI 4-class polygonised"},"geometry":{"type":"Polygon","coordinates":[[[-56.954047,-25.67455],[-56.954047,-25.67635],[-56.954947000000004,-25.67635],[-56.954947000000004,-25.67455],[-56.954047,-25.67455]]]}},{"type":"Feature","properties":{"category":"ndvi_canopy","class":1,"ndvi_low":0.25,"ndvi_high":0.45,"name":"Sparse woody","color":"#84cc16","fill_color":"#84cc16","description":"Scattered trees, woodland edges, agroforestry \u2014 visible canopy not closed.","source":"Sentinel-2 L2A NDVI 4-class polygonised"},"geometry":{"type":"Polygon","coordinates":[[[-56.949547,-25.675449999999998],[-56.949547,-25.67635],[-56.950447000000004,-25.67635],[-56.950447000000004,-25.675449999999998],[-56.949547,-25.675449999999998]]]}},{"type":"Feature","properties":{"category":"ndvi_canopy","class":1,"ndvi_low":0.25,"ndvi_high":0.45,"name":"Sparse woody","color":"#84cc16","fill_color":"#84cc16","description":"Scattered trees, woodland edges, agroforestry \u2014 visible canopy not closed.","source":"Sentinel-2 L2A NDVI 4-class polygonised"},"geometry":{"type":"Polygon","coordinates":[[[-56.937847000000005,-25.675449999999998],[-56.937847000000005,-25.67635],[-56.939647,-25.67635],[-56.939647,-25.675449999999998],[-56.937847000000005,-25.675449999999998]]]}},{"type":"Feature","properties":{"category":"ndvi_canopy","class":1,"ndvi_low":0.25,"ndvi_high":0.45,"name":"Sparse woody","color":"#84cc16","fill_color":"#84cc16","description":"Scattered trees, woodland edges, agroforestry \u2014 visible canopy not closed.","source":"Sentinel-2 L2A NDVI 4-class polygonised"},"geometry":{"type":"Polygon","coordinates":[[[-56.941447000000004,-25.67185],[-56.941447000000004,-25.67275],[-56.940547,-25.67275],[-56.940547,-25.67365],[-56.941447000000004,-25.67365],[-56.941447000000004,-25.67635],[-56.939647,-25.67635],[-56.939647,-25.67725],[-56.942347000000005,-25.67725],[-56.942347000000005,-25.67185],[-56.941447000000004,-25.67185]]]}},{"type":"Feature","properties":{"category":"ndvi_canopy","class":1,"ndvi_low":0.25,"ndvi_high":0.45,"name":"Sparse woody","color":"#84cc16","fill_color":"#84cc16","description":"Scattered trees, woodland edges, agroforestry \u2014 visible canopy not closed.","source":"Sentinel-2 L2A NDVI 4-class polygonised"},"geometry":{"type":"Polygon","coordinates":[[[-56.974747,-25.67635],[-56.974747,-25.67725],[-56.975647,-25.67725],[-56.975647,-25.67635],[-56.974747,-25.67635]]]}},{"type":"Feature","properties":{"category":"ndvi_canopy","class":1,"ndvi_low":0.25,"ndvi_high":0.45,"name":"Sparse woody","color":"#84cc16","fill_color":"#84cc16","description":"Scattered trees, woodland edges, agroforestry \u2014 visible canopy not closed.","source":"Sentinel-2 L2A NDVI 4-class polygonised"},"geometry":{"type":"Polygon","coordinates":[[[-56.977447000000005,-25.67635],[-56.977447000000005,-25.67725],[-56.976547000000004,-25.67725],[-56.976547000000004,-25.67815],[-56.979247,-25.67815],[-56.979247,-25.67635],[-56.977447000000005,-25.67635]]]}},{"type":"Feature","properties":{"category":"ndvi_canopy","class":1,"ndvi_low":0.25,"ndvi_high":0.45,"name":"Sparse woody","color":"#84cc16","fill_color":"#84cc16","description":"Scattered trees, woodland edges, agroforestry \u2014 visible canopy not closed.","source":"Sentinel-2 L2A NDVI 4-class polygonised"},"geometry":{"type":"Polygon","coordinates":[[[-56.958547,-25.675449999999998],[-56.958547,-25.67815],[-56.959447000000004,-25.67815],[-56.959447000000004,-25.67725],[-56.960347000000006,-25.67725],[-56.960347000000006,-25.67635],[-56.959447000000004,-25.67635],[-56.959447000000004,-25.675449999999998],[-56.958547,-25.675449999999998]]]}},{"type":"Feature","properties":{"category":"ndvi_canopy","class":1,"ndvi_low":0.25,"ndvi_high":0.45,"name":"Sparse woody","color":"#84cc16","fill_color":"#84cc16","description":"Scattered trees, woodland edges, agroforestry \u2014 visible canopy not closed.","source":"Sentinel-2 L2A NDVI 4-class polygonised"},"geometry":{"type":"Polygon","coordinates":[[[-56.999947000000006,-25.67725],[-56.999947000000006,-25.67815],[-57.000847,-25.67815],[-57.000847,-25.67725],[-56.999947000000006,-25.67725]]]}},{"type":"Feature","properties":{"category":"ndvi_canopy","class":1,"ndvi_low":0.25,"ndvi_high":0.45,"name":"Sparse woody","color":"#84cc16","fill_color":"#84cc16","description":"Scattered trees, woodland edges, agroforestry \u2014 visible canopy not closed.","source":"Sentinel-2 L2A NDVI 4-class polygonised"},"geometry":{"type":"Polygon","coordinates":[[[-56.972947000000005,-25.67725],[-56.972947000000005,-25.67815],[-56.973847000000006,-25.67815],[-56.973847000000006,-25.67725],[-56.972947000000005,-25.67725]]]}},{"type":"Feature","properties":{"category":"ndvi_canopy","class":1,"ndvi_low":0.25,"ndvi_high":0.45,"name":"Sparse woody","color":"#84cc16","fill_color":"#84cc16","description":"Scattered trees, woodland edges, agroforestry \u2014 visible canopy not closed.","source":"Sentinel-2 L2A NDVI 4-class polygonised"},"geometry":{"type":"Polygon","coordinates":[[[-56.960347000000006,-25.67725],[-56.960347000000006,-25.67815],[-56.962147,-25.67815],[-56.962147,-25.67725],[-56.960347000000006,-25.67725]]]}},{"type":"Feature","properties":{"category":"ndvi_canopy","class":1,"ndvi_low":0.25,"ndvi_high":0.45,"name":"Sparse woody","color":"#84cc16","fill_color":"#84cc16","description":"Scattered trees, woodland edges, agroforestry \u2014 visible canopy not closed.","source":"Sentinel-2 L2A NDVI 4-class polygonised"},"geometry":{"type":"Polygon","coordinates":[[[-56.936047,-25.67725],[-56.936047,-25.67815],[-56.936947,-25.67815],[-56.936947,-25.67725],[-56.936047,-25.67725]]]}},{"type":"Feature","properties":{"category":"ndvi_canopy","class":1,"ndvi_low":0.25,"ndvi_high":0.45,"name":"Sparse woody","color":"#84cc16","fill_color":"#84cc16","description":"Scattered trees, woodland edges, agroforestry \u2014 visible canopy not closed.","source":"Sentinel-2 L2A NDVI 4-class polygonised"},"geometry":{"type":"Polygon","coordinates":[[[-56.999047000000004,-25.67815],[-56.999047000000004,-25.67905],[-56.999947000000006,-25.67905],[-56.999947000000006,-25.67815],[-56.999047000000004,-25.67815]]]}},{"type":"Feature","properties":{"category":"ndvi_canopy","class":1,"ndvi_low":0.25,"ndvi_high":0.45,"name":"Sparse woody","color":"#84cc16","fill_color":"#84cc16","description":"Scattered trees, woodland edges, agroforestry \u2014 visible canopy not closed.","source":"Sentinel-2 L2A NDVI 4-class polygonised"},"geometry":{"type":"Polygon","coordinates":[[[-56.935147,-25.67815],[-56.935147,-25.67905],[-56.936047,-25.67905],[-56.936047,-25.67815],[-56.935147,-25.67815]]]}},{"type":"Feature","properties":{"category":"ndvi_canopy","class":1,"ndvi_low":0.25,"ndvi_high":0.45,"name":"Sparse woody","color":"#84cc16","fill_color":"#84cc16","description":"Scattered trees, woodland edges, agroforestry \u2014 visible canopy not closed.","source":"Sentinel-2 L2A NDVI 4-class polygonised"},"geometry":{"type":"Polygon","coordinates":[[[-56.974747,-25.67815],[-56.974747,-25.67905],[-56.973847000000006,-25.67905],[-56.973847000000006,-25.679949999999998],[-56.976547000000004,-25.679949999999998],[-56.976547000000004,-25.67815],[-56.974747,-25.67815]]]}},{"type":"Feature","properties":{"category":"ndvi_canopy","class":1,"ndvi_low":0.25,"ndvi_high":0.45,"name":"Sparse woody","color":"#84cc16","fill_color":"#84cc16","description":"Scattered trees, woodland edges, agroforestry \u2014 visible canopy not closed.","source":"Sentinel-2 L2A NDVI 4-class polygonised"},"geometry":{"type":"Polygon","coordinates":[[[-56.998147,-25.67905],[-56.998147,-25.679949999999998],[-56.999047000000004,-25.679949999999998],[-56.999047000000004,-25.67905],[-56.998147,-25.67905]]]}},{"type":"Feature","properties":{"category":"ndvi_canopy","class":1,"ndvi_low":0.25,"ndvi_high":0.45,"name":"Sparse woody","color":"#84cc16","fill_color":"#84cc16","description":"Scattered trees, woodland edges, agroforestry \u2014 visible canopy not closed.","source":"Sentinel-2 L2A NDVI 4-class polygonised"},"geometry":{"type":"Polygon","coordinates":[[[-56.970247,-25.679949999999998],[-56.970247,-25.68085],[-56.972047,-25.68085],[-56.972047,-25.679949999999998],[-56.970247,-25.679949999999998]]]}},{"type":"Feature","properties":{"category":"ndvi_canopy","class":1,"ndvi_low":0.25,"ndvi_high":0.45,"name":"Sparse woody","color":"#84cc16","fill_color":"#84cc16","description":"Scattered trees, woodland edges, agroforestry \u2014 visible canopy not closed.","source":"Sentinel-2 L2A NDVI 4-class polygonised"},"geometry":{"type":"Polygon","coordinates":[[[-56.997247,-25.679949999999998],[-56.997247,-25.681749999999997],[-56.998147,-25.681749999999997],[-56.998147,-25.679949999999998],[-56.997247,-25.679949999999998]]]}},{"type":"Feature","properties":{"category":"ndvi_canopy","class":1,"ndvi_low":0.25,"ndvi_high":0.45,"name":"Sparse woody","color":"#84cc16","fill_color":"#84cc16","description":"Scattered trees, woodland edges, agroforestry \u2014 visible canopy not closed.","source":"Sentinel-2 L2A NDVI 4-class polygonised"},"geometry":{"type":"Polygon","coordinates":[[[-56.973847000000006,-25.68085],[-56.973847000000006,-25.681749999999997],[-56.976547000000004,-25.681749999999997],[-56.976547000000004,-25.68085],[-56.973847000000006,-25.68085]]]}},{"type":"Feature","properties":{"category":"ndvi_canopy","class":1,"ndvi_low":0.25,"ndvi_high":0.45,"name":"Sparse woody","color":"#84cc16","fill_color":"#84cc16","description":"Scattered trees, woodland edges, agroforestry \u2014 visible canopy not closed.","source":"Sentinel-2 L2A NDVI 4-class polygonised"},"geometry":{"type":"Polygon","coordinates":[[[-56.99184700000001,-25.681749999999997],[-56.99184700000001,-25.68265],[-56.993647,-25.68265],[-56.993647,-25.681749999999997],[-56.99184700000001,-25.681749999999997]]]}},{"type":"Feature","properties":{"category":"ndvi_canopy","class":1,"ndvi_low":0.25,"ndvi_high":0.45,"name":"Sparse woody","color":"#84cc16","fill_color":"#84cc16","description":"Scattered trees, woodland edges, agroforestry \u2014 visible canopy not closed.","source":"Sentinel-2 L2A NDVI 4-class polygonised"},"geometry":{"type":"Polygon","coordinates":[[[-56.988247,-25.681749999999997],[-56.988247,-25.68265],[-56.990047000000004,-25.68265],[-56.990047000000004,-25.681749999999997],[-56.988247,-25.681749999999997]]]}},{"type":"Feature","properties":{"category":"ndvi_canopy","class":1,"ndvi_low":0.25,"ndvi_high":0.45,"name":"Sparse woody","color":"#84cc16","fill_color":"#84cc16","description":"Scattered trees, woodland edges, agroforestry \u2014 visible canopy not closed.","source":"Sentinel-2 L2A NDVI 4-class polygonised"},"geometry":{"type":"Polygon","coordinates":[[[-56.94324700000001,-25.68085],[-56.94324700000001,-25.68355],[-56.944147,-25.68355],[-56.944147,-25.68265],[-56.945047,-25.68265],[-56.945047,-25.681749999999997],[-56.945947000000004,-25.681749999999997],[-56.945947000000004,-25.68085],[-56.94324700000001,-25.68085]]]}},{"type":"Feature","properties":{"category":"ndvi_canopy","class":1,"ndvi_low":0.25,"ndvi_high":0.45,"name":"Sparse woody","color":"#84cc16","fill_color":"#84cc16","description":"Scattered trees, woodland edges, agroforestry \u2014 visible canopy not closed.","source":"Sentinel-2 L2A NDVI 4-class polygonised"},"geometry":{"type":"Polygon","coordinates":[[[-56.993647,-25.68085],[-56.993647,-25.681749999999997],[-56.994547000000004,-25.681749999999997],[-56.994547000000004,-25.68265],[-56.995447000000006,-25.68265],[-56.995447000000006,-25.68355],[-56.99634700000001,-25.68355],[-56.99634700000001,-25.681749999999997],[-56.995447000000006,-25.681749999999997],[-56.995447000000006,-25.68085],[-56.993647,-25.68085]]]}},{"type":"Feature","properties":{"category":"ndvi_canopy","class":1,"ndvi_low":0.25,"ndvi_high":0.45,"name":"Sparse woody","color":"#84cc16","fill_color":"#84cc16","description":"Scattered trees, woodland edges, agroforestry \u2014 visible canopy not closed.","source":"Sentinel-2 L2A NDVI 4-class polygonised"},"geometry":{"type":"Polygon","coordinates":[[[-56.993647,-25.68265],[-56.993647,-25.68355],[-56.994547000000004,-25.68355],[-56.994547000000004,-25.68265],[-56.993647,-25.68265]]]}},{"type":"Feature","properties":{"category":"ndvi_canopy","class":1,"ndvi_low":0.25,"ndvi_high":0.45,"name":"Sparse woody","color":"#84cc16","fill_color":"#84cc16","description":"Scattered trees, woodland edges, agroforestry \u2014 visible canopy not closed.","source":"Sentinel-2 L2A NDVI 4-class polygonised"},"geometry":{"type":"Polygon","coordinates":[[[-56.94774700000001,-25.68265],[-56.94774700000001,-25.68355],[-56.948647,-25.68355],[-56.948647,-25.68265],[-56.94774700000001,-25.68265]]]}},{"type":"Feature","properties":{"category":"ndvi_canopy","class":1,"ndvi_low":0.25,"ndvi_high":0.45,"name":"Sparse woody","color":"#84cc16","fill_color":"#84cc16","description":"Scattered trees, woodland edges, agroforestry \u2014 visible canopy not closed.","source":"Sentinel-2 L2A NDVI 4-class polygonised"},"geometry":{"type":"Polygon","coordinates":[[[-56.940547,-25.681749999999997],[-56.940547,-25.68445],[-56.941447000000004,-25.68445],[-56.941447000000004,-25.681749999999997],[-56.940547,-25.681749999999997]]]}},{"type":"Feature","properties":{"category":"ndvi_canopy","class":1,"ndvi_low":0.25,"ndvi_high":0.45,"name":"Sparse woody","color":"#84cc16","fill_color":"#84cc16","description":"Scattered trees, woodland edges, agroforestry \u2014 visible canopy not closed.","source":"Sentinel-2 L2A NDVI 4-class polygonised"},"geometry":{"type":"Polygon","coordinates":[[[-56.990047000000004,-25.68535],[-56.990047000000004,-25.686249999999998],[-56.990947000000006,-25.686249999999998],[-56.990947000000006,-25.68535],[-56.990047000000004,-25.68535]]]}},{"type":"Feature","properties":{"category":"ndvi_canopy","class":1,"ndvi_low":0.25,"ndvi_high":0.45,"name":"Sparse woody","color":"#84cc16","fill_color":"#84cc16","description":"Scattered trees, woodland edges, agroforestry \u2014 visible canopy not closed.","source":"Sentinel-2 L2A NDVI 4-class polygonised"},"geometry":{"type":"Polygon","coordinates":[[[-56.994547000000004,-25.686249999999998],[-56.994547000000004,-25.68715],[-56.995447000000006,-25.68715],[-56.995447000000006,-25.686249999999998],[-56.994547000000004,-25.686249999999998]]]}},{"type":"Feature","properties":{"category":"ndvi_canopy","class":1,"ndvi_low":0.25,"ndvi_high":0.45,"name":"Sparse woody","color":"#84cc16","fill_color":"#84cc16","description":"Scattered trees, woodland edges, agroforestry \u2014 visible canopy not closed.","source":"Sentinel-2 L2A NDVI 4-class polygonised"},"geometry":{"type":"Polygon","coordinates":[[[-56.980147,-25.686249999999998],[-56.980147,-25.68715],[-56.981047000000004,-25.68715],[-56.981047000000004,-25.686249999999998],[-56.980147,-25.686249999999998]]]}},{"type":"Feature","properties":{"category":"ndvi_canopy","class":1,"ndvi_low":0.25,"ndvi_high":0.45,"name":"Sparse woody","color":"#84cc16","fill_color":"#84cc16","description":"Scattered trees, woodland edges, agroforestry \u2014 visible canopy not closed.","source":"Sentinel-2 L2A NDVI 4-class polygonised"},"geometry":{"type":"Polygon","coordinates":[[[-56.954947000000004,-25.686249999999998],[-56.954947000000004,-25.68715],[-56.955847000000006,-25.68715],[-56.955847000000006,-25.686249999999998],[-56.954947000000004,-25.686249999999998]]]}},{"type":"Feature","properties":{"category":"ndvi_canopy","class":1,"ndvi_low":0.25,"ndvi_high":0.45,"name":"Sparse woody","color":"#84cc16","fill_color":"#84cc16","description":"Scattered trees, woodland edges, agroforestry \u2014 visible canopy not closed.","source":"Sentinel-2 L2A NDVI 4-class polygonised"},"geometry":{"type":"Polygon","coordinates":[[[-56.984647,-25.686249999999998],[-56.984647,-25.68805],[-56.985547000000004,-25.68805],[-56.985547000000004,-25.686249999999998],[-56.984647,-25.686249999999998]]]}},{"type":"Feature","properties":{"category":"ndvi_canopy","class":1,"ndvi_low":0.25,"ndvi_high":0.45,"name":"Sparse woody","color":"#84cc16","fill_color":"#84cc16","description":"Scattered trees, woodland edges, agroforestry \u2014 visible canopy not closed.","source":"Sentinel-2 L2A NDVI 4-class polygonised"},"geometry":{"type":"Polygon","coordinates":[[[-56.937847000000005,-25.686249999999998],[-56.937847000000005,-25.68805],[-56.939647,-25.68805],[-56.939647,-25.68715],[-56.940547,-25.68715],[-56.940547,-25.686249999999998],[-56.937847000000005,-25.686249999999998]]]}},{"type":"Feature","properties":{"category":"ndvi_canopy","class":1,"ndvi_low":0.25,"ndvi_high":0.45,"name":"Sparse woody","color":"#84cc16","fill_color":"#84cc16","description":"Scattered trees, woodland edges, agroforestry \u2014 visible canopy not closed.","source":"Sentinel-2 L2A NDVI 4-class polygonised"},"geometry":{"type":"Polygon","coordinates":[[[-56.933347000000005,-25.68715],[-56.933347000000005,-25.68805],[-56.934247000000006,-25.68805],[-56.934247000000006,-25.68715],[-56.933347000000005,-25.68715]]]}},{"type":"Feature","properties":{"category":"ndvi_canopy","class":1,"ndvi_low":0.25,"ndvi_high":0.45,"name":"Sparse woody","color":"#84cc16","fill_color":"#84cc16","description":"Scattered trees, woodland edges, agroforestry \u2014 visible canopy not closed.","source":"Sentinel-2 L2A NDVI 4-class polygonised"},"geometry":{"type":"Polygon","coordinates":[[[-56.932447,-25.68805],[-56.932447,-25.68715],[-56.930765,-25.68715],[-56.930765,-25.68805],[-56.932447,-25.68805]]]}},{"type":"Feature","properties":{"category":"ndvi_canopy","class":1,"ndvi_low":0.25,"ndvi_high":0.45,"name":"Sparse woody","color":"#84cc16","fill_color":"#84cc16","description":"Scattered trees, woodland edges, agroforestry \u2014 visible canopy not closed.","source":"Sentinel-2 L2A NDVI 4-class polygonised"},"geometry":{"type":"Polygon","coordinates":[[[-56.954047,-25.68805],[-56.954047,-25.68985],[-56.954947000000004,-25.68985],[-56.954947000000004,-25.68805],[-56.954047,-25.68805]]]}},{"type":"Feature","properties":{"category":"ndvi_canopy","class":1,"ndvi_low":0.25,"ndvi_high":0.45,"name":"Sparse woody","color":"#84cc16","fill_color":"#84cc16","description":"Scattered trees, woodland edges, agroforestry \u2014 visible canopy not closed.","source":"Sentinel-2 L2A NDVI 4-class polygonised"},"geometry":{"type":"Polygon","coordinates":[[[-56.94324700000001,-25.68895],[-56.94324700000001,-25.690749999999998],[-56.944147,-25.690749999999998],[-56.944147,-25.68985],[-56.945047,-25.68985],[-56.945047,-25.68895],[-56.94324700000001,-25.68895]]]}},{"type":"Feature","properties":{"category":"ndvi_canopy","class":1,"ndvi_low":0.25,"ndvi_high":0.45,"name":"Sparse woody","color":"#84cc16","fill_color":"#84cc16","description":"Scattered trees, woodland edges, agroforestry \u2014 visible canopy not closed.","source":"Sentinel-2 L2A NDVI 4-class polygonised"},"geometry":{"type":"Polygon","coordinates":[[[-56.963047,-25.68985],[-56.963047,-25.690749999999998],[-56.963947000000005,-25.690749999999998],[-56.963947000000005,-25.68985],[-56.963047,-25.68985]]]}},{"type":"Feature","properties":{"category":"ndvi_canopy","class":1,"ndvi_low":0.25,"ndvi_high":0.45,"name":"Sparse woody","color":"#84cc16","fill_color":"#84cc16","description":"Scattered trees, woodland edges, agroforestry \u2014 visible canopy not closed.","source":"Sentinel-2 L2A NDVI 4-class polygonised"},"geometry":{"type":"Polygon","coordinates":[[[-56.99634700000001,-25.68985],[-56.99634700000001,-25.69165],[-56.997247,-25.69165],[-56.997247,-25.68985],[-56.99634700000001,-25.68985]]]}},{"type":"Feature","properties":{"category":"ndvi_canopy","class":1,"ndvi_low":0.25,"ndvi_high":0.45,"name":"Sparse woody","color":"#84cc16","fill_color":"#84cc16","description":"Scattered trees, woodland edges, agroforestry \u2014 visible canopy not closed.","source":"Sentinel-2 L2A NDVI 4-class polygonised"},"geometry":{"type":"Polygon","coordinates":[[[-56.953147,-25.68985],[-56.953147,-25.69165],[-56.954047,-25.69165],[-56.954047,-25.68985],[-56.953147,-25.68985]]]}},{"type":"Feature","properties":{"category":"ndvi_canopy","class":1,"ndvi_low":0.25,"ndvi_high":0.45,"name":"Sparse woody","color":"#84cc16","fill_color":"#84cc16","description":"Scattered trees, woodland edges, agroforestry \u2014 visible canopy not closed.","source":"Sentinel-2 L2A NDVI 4-class polygonised"},"geometry":{"type":"Polygon","coordinates":[[[-56.99184700000001,-25.690749999999998],[-56.99184700000001,-25.69165],[-56.992747,-25.69165],[-56.992747,-25.690749999999998],[-56.99184700000001,-25.690749999999998]]]}},{"type":"Feature","properties":{"category":"ndvi_canopy","class":1,"ndvi_low":0.25,"ndvi_high":0.45,"name":"Sparse woody","color":"#84cc16","fill_color":"#84cc16","description":"Scattered trees, woodland edges, agroforestry \u2014 visible canopy not closed.","source":"Sentinel-2 L2A NDVI 4-class polygonised"},"geometry":{"type":"Polygon","coordinates":[[[-56.979247,-25.690749999999998],[-56.979247,-25.69165],[-56.980147,-25.69165],[-56.980147,-25.690749999999998],[-56.979247,-25.690749999999998]]]}},{"type":"Feature","properties":{"category":"ndvi_canopy","class":1,"ndvi_low":0.25,"ndvi_high":0.45,"name":"Sparse woody","color":"#84cc16","fill_color":"#84cc16","description":"Scattered trees, woodland edges, agroforestry \u2014 visible canopy not closed.","source":"Sentinel-2 L2A NDVI 4-class polygonised"},"geometry":{"type":"Polygon","coordinates":[[[-56.976547000000004,-25.690749999999998],[-56.976547000000004,-25.69165],[-56.977447000000005,-25.69165],[-56.977447000000005,-25.690749999999998],[-56.976547000000004,-25.690749999999998]]]}},{"type":"Feature","properties":{"category":"ndvi_canopy","class":1,"ndvi_low":0.25,"ndvi_high":0.45,"name":"Sparse woody","color":"#84cc16","fill_color":"#84cc16","description":"Scattered trees, woodland edges, agroforestry \u2014 visible canopy not closed.","source":"Sentinel-2 L2A NDVI 4-class polygonised"},"geometry":{"type":"Polygon","coordinates":[[[-56.954947000000004,-25.690749999999998],[-56.954947000000004,-25.69255],[-56.955847000000006,-25.69255],[-56.955847000000006,-25.690749999999998],[-56.954947000000004,-25.690749999999998]]]}},{"type":"Feature","properties":{"category":"ndvi_canopy","class":1,"ndvi_low":0.25,"ndvi_high":0.45,"name":"Sparse woody","color":"#84cc16","fill_color":"#84cc16","description":"Scattered trees, woodland edges, agroforestry \u2014 visible canopy not closed.","source":"Sentinel-2 L2A NDVI 4-class polygonised"},"geometry":{"type":"Polygon","coordinates":[[[-56.97834700000001,-25.69165],[-56.97834700000001,-25.69255],[-56.979247,-25.69255],[-56.979247,-25.69165],[-56.97834700000001,-25.69165]]]}},{"type":"Feature","properties":{"category":"ndvi_canopy","class":1,"ndvi_low":0.25,"ndvi_high":0.45,"name":"Sparse woody","color":"#84cc16","fill_color":"#84cc16","description":"Scattered trees, woodland edges, agroforestry \u2014 visible canopy not closed.","source":"Sentinel-2 L2A NDVI 4-class polygonised"},"geometry":{"type":"Polygon","coordinates":[[[-56.933347000000005,-25.69165],[-56.933347000000005,-25.69255],[-56.934247000000006,-25.69255],[-56.934247000000006,-25.69165],[-56.933347000000005,-25.69165]]]}},{"type":"Feature","properties":{"category":"ndvi_canopy","class":1,"ndvi_low":0.25,"ndvi_high":0.45,"name":"Sparse woody","color":"#84cc16","fill_color":"#84cc16","description":"Scattered trees, woodland edges, agroforestry \u2014 visible canopy not closed.","source":"Sentinel-2 L2A NDVI 4-class polygonised"},"geometry":{"type":"Polygon","coordinates":[[[-56.939647,-25.69255],[-56.939647,-25.69345],[-56.940547,-25.69345],[-56.940547,-25.69255],[-56.939647,-25.69255]]]}},{"type":"Feature","properties":{"category":"ndvi_canopy","class":1,"ndvi_low":0.25,"ndvi_high":0.45,"name":"Sparse woody","color":"#84cc16","fill_color":"#84cc16","description":"Scattered trees, woodland edges, agroforestry \u2014 visible canopy not closed.","source":"Sentinel-2 L2A NDVI 4-class polygonised"},"geometry":{"type":"Polygon","coordinates":[[[-56.989147,-25.69345],[-56.989147,-25.69435],[-56.990047000000004,-25.69435],[-56.990047000000004,-25.69345],[-56.989147,-25.69345]]]}},{"type":"Feature","properties":{"category":"ndvi_canopy","class":1,"ndvi_low":0.25,"ndvi_high":0.45,"name":"Sparse woody","color":"#84cc16","fill_color":"#84cc16","description":"Scattered trees, woodland edges, agroforestry \u2014 visible canopy not closed.","source":"Sentinel-2 L2A NDVI 4-class polygonised"},"geometry":{"type":"Polygon","coordinates":[[[-56.946847000000005,-25.69345],[-56.946847000000005,-25.69435],[-56.94774700000001,-25.69435],[-56.94774700000001,-25.69345],[-56.946847000000005,-25.69345]]]}},{"type":"Feature","properties":{"category":"ndvi_canopy","class":1,"ndvi_low":0.25,"ndvi_high":0.45,"name":"Sparse woody","color":"#84cc16","fill_color":"#84cc16","description":"Scattered trees, woodland edges, agroforestry \u2014 visible canopy not closed.","source":"Sentinel-2 L2A NDVI 4-class polygonised"},"geometry":{"type":"Polygon","coordinates":[[[-56.995447000000006,-25.69435],[-56.995447000000006,-25.695249999999998],[-56.99634700000001,-25.695249999999998],[-56.99634700000001,-25.69435],[-56.995447000000006,-25.69435]]]}},{"type":"Feature","properties":{"category":"ndvi_canopy","class":1,"ndvi_low":0.25,"ndvi_high":0.45,"name":"Sparse woody","color":"#84cc16","fill_color":"#84cc16","description":"Scattered trees, woodland edges, agroforestry \u2014 visible canopy not closed.","source":"Sentinel-2 L2A NDVI 4-class polygonised"},"geometry":{"type":"Polygon","coordinates":[[[-56.937847000000005,-25.69435],[-56.937847000000005,-25.695249999999998],[-56.938747000000006,-25.695249999999998],[-56.938747000000006,-25.69615],[-56.939647,-25.69615],[-56.939647,-25.695249999999998],[-56.940547,-25.695249999999998],[-56.940547,-25.69435],[-56.937847000000005,-25.69435]]]}},{"type":"Feature","properties":{"category":"ndvi_canopy","class":1,"ndvi_low":0.25,"ndvi_high":0.45,"name":"Sparse woody","color":"#84cc16","fill_color":"#84cc16","description":"Scattered trees, woodland edges, agroforestry \u2014 visible canopy not closed.","source":"Sentinel-2 L2A NDVI 4-class polygonised"},"geometry":{"type":"Polygon","coordinates":[[[-56.990947000000006,-25.695249999999998],[-56.990947000000006,-25.69615],[-56.99184700000001,-25.69615],[-56.99184700000001,-25.695249999999998],[-56.990947000000006,-25.695249999999998]]]}},{"type":"Feature","properties":{"category":"ndvi_canopy","class":1,"ndvi_low":0.25,"ndvi_high":0.45,"name":"Sparse woody","color":"#84cc16","fill_color":"#84cc16","description":"Scattered trees, woodland edges, agroforestry \u2014 visible canopy not closed.","source":"Sentinel-2 L2A NDVI 4-class polygonised"},"geometry":{"type":"Polygon","coordinates":[[[-56.985547000000004,-25.695249999999998],[-56.985547000000004,-25.69615],[-56.986447000000005,-25.69615],[-56.986447000000005,-25.695249999999998],[-56.985547000000004,-25.695249999999998]]]}},{"type":"Feature","properties":{"category":"ndvi_canopy","class":1,"ndvi_low":0.25,"ndvi_high":0.45,"name":"Sparse woody","color":"#84cc16","fill_color":"#84cc16","description":"Scattered trees, woodland edges, agroforestry \u2014 visible canopy not closed.","source":"Sentinel-2 L2A NDVI 4-class polygonised"},"geometry":{"type":"Polygon","coordinates":[[[-56.958547,-25.695249999999998],[-56.958547,-25.69615],[-56.959447000000004,-25.69615],[-56.959447000000004,-25.695249999999998],[-56.958547,-25.695249999999998]]]}},{"type":"Feature","properties":{"category":"ndvi_canopy","class":1,"ndvi_low":0.25,"ndvi_high":0.45,"name":"Sparse woody","color":"#84cc16","fill_color":"#84cc16","description":"Scattered trees, woodland edges, agroforestry \u2014 visible canopy not closed.","source":"Sentinel-2 L2A NDVI 4-class polygonised"},"geometry":{"type":"Polygon","coordinates":[[[-56.944147,-25.695249999999998],[-56.944147,-25.69615],[-56.945047,-25.69615],[-56.945047,-25.695249999999998],[-56.944147,-25.695249999999998]]]}},{"type":"Feature","properties":{"category":"ndvi_canopy","class":1,"ndvi_low":0.25,"ndvi_high":0.45,"name":"Sparse woody","color":"#84cc16","fill_color":"#84cc16","description":"Scattered trees, woodland edges, agroforestry \u2014 visible canopy not closed.","source":"Sentinel-2 L2A NDVI 4-class polygonised"},"geometry":{"type":"Polygon","coordinates":[[[-56.936947,-25.695249999999998],[-56.936947,-25.697049999999997],[-56.937847000000005,-25.697049999999997],[-56.937847000000005,-25.695249999999998],[-56.936947,-25.695249999999998]]]}},{"type":"Feature","properties":{"category":"ndvi_canopy","class":1,"ndvi_low":0.25,"ndvi_high":0.45,"name":"Sparse woody","color":"#84cc16","fill_color":"#84cc16","description":"Scattered trees, woodland edges, agroforestry \u2014 visible canopy not closed.","source":"Sentinel-2 L2A NDVI 4-class polygonised"},"geometry":{"type":"Polygon","coordinates":[[[-56.995447000000006,-25.69615],[-56.995447000000006,-25.697049999999997],[-56.99634700000001,-25.697049999999997],[-56.99634700000001,-25.69615],[-56.995447000000006,-25.69615]]]}},{"type":"Feature","properties":{"category":"ndvi_canopy","class":1,"ndvi_low":0.25,"ndvi_high":0.45,"name":"Sparse woody","color":"#84cc16","fill_color":"#84cc16","description":"Scattered trees, woodland edges, agroforestry \u2014 visible canopy not closed.","source":"Sentinel-2 L2A NDVI 4-class polygonised"},"geometry":{"type":"Polygon","coordinates":[[[-56.981047000000004,-25.697049999999997],[-56.981047000000004,-25.69795],[-56.981947000000005,-25.69795],[-56.981947000000005,-25.697049999999997],[-56.981047000000004,-25.697049999999997]]]}},{"type":"Feature","properties":{"category":"ndvi_canopy","class":1,"ndvi_low":0.25,"ndvi_high":0.45,"name":"Sparse woody","color":"#84cc16","fill_color":"#84cc16","description":"Scattered trees, woodland edges, agroforestry \u2014 visible canopy not closed.","source":"Sentinel-2 L2A NDVI 4-class polygonised"},"geometry":{"type":"Polygon","coordinates":[[[-56.957647,-25.697049999999997],[-56.957647,-25.69795],[-56.958547,-25.69795],[-56.958547,-25.697049999999997],[-56.957647,-25.697049999999997]]]}},{"type":"Feature","properties":{"category":"ndvi_canopy","class":1,"ndvi_low":0.25,"ndvi_high":0.45,"name":"Sparse woody","color":"#84cc16","fill_color":"#84cc16","description":"Scattered trees, woodland edges, agroforestry \u2014 visible canopy not closed.","source":"Sentinel-2 L2A NDVI 4-class polygonised"},"geometry":{"type":"Polygon","coordinates":[[[-56.962147,-25.69795],[-56.96124700000001,-25.69795],[-56.96124700000001,-25.698062],[-56.962147,-25.698062],[-56.962147,-25.69795]]]}},{"type":"Feature","properties":{"category":"ndvi_canopy","class":2,"ndvi_low":0.45,"ndvi_high":0.6,"name":"Open forest","color":"#22c55e","fill_color":"#22c55e","description":"Open canopy forest such as the LQV parcel \u2014 partial cover.","source":"Sentinel-2 L2A NDVI 4-class polygonised"},"geometry":{"type":"Polygon","coordinates":[[[-56.959447000000004,-25.51885],[-56.96124700000001,-25.51885],[-56.96124700000001,-25.5184],[-56.959447000000004,-25.5184],[-56.959447000000004,-25.51885]]]}},{"type":"Feature","properties":{"category":"ndvi_canopy","class":2,"ndvi_low":0.45,"ndvi_high":0.6,"name":"Open forest","color":"#22c55e","fill_color":"#22c55e","description":"Open canopy forest such as the LQV parcel \u2014 partial cover.","source":"Sentinel-2 L2A NDVI 4-class polygonised"},"geometry":{"type":"Polygon","coordinates":[[[-56.974747,-25.51975],[-56.975647,-25.51975],[-56.975647,-25.52065],[-56.976547000000004,-25.52065],[-56.976547000000004,-25.5184],[-56.974747,-25.5184],[-56.974747,-25.51975]]]}},{"type":"Feature","properties":{"category":"ndvi_canopy","class":2,"ndvi_low":0.45,"ndvi_high":0.6,"name":"Open forest","color":"#22c55e","fill_color":"#22c55e","description":"Open canopy forest such as the LQV parcel \u2014 partial cover.","source":"Sentinel-2 L2A NDVI 4-class polygonised"},"geometry":{"type":"Polygon","coordinates":[[[-56.964847000000006,-25.52065],[-56.965747,-25.52065],[-56.965747,-25.5184],[-56.964847000000006,-25.5184],[-56.964847000000006,-25.52065]]]}},{"type":"Feature","properties":{"category":"ndvi_canopy","class":2,"ndvi_low":0.45,"ndvi_high":0.6,"name":"Open forest","color":"#22c55e","fill_color":"#22c55e","description":"Open canopy forest such as the LQV parcel \u2014 partial cover.","source":"Sentinel-2 L2A NDVI 4-class polygonised"},"geometry":{"type":"Polygon","coordinates":[[[-56.983747,-25.51975],[-56.983747,-25.52065],[-56.985547000000004,-25.52065],[-56.985547000000004,-25.51975],[-56.983747,-25.51975]]]}},{"type":"Feature","properties":{"category":"ndvi_canopy","class":2,"ndvi_low":0.45,"ndvi_high":0.6,"name":"Open forest","color":"#22c55e","fill_color":"#22c55e","description":"Open canopy forest such as the LQV parcel \u2014 partial cover.","source":"Sentinel-2 L2A NDVI 4-class polygonised"},"geometry":{"type":"Polygon","coordinates":[[[-56.973847000000006,-25.51975],[-56.973847000000006,-25.52065],[-56.974747,-25.52065],[-56.974747,-25.51975],[-56.973847000000006,-25.51975]]]}},{"type":"Feature","properties":{"category":"ndvi_canopy","class":2,"ndvi_low":0.45,"ndvi_high":0.6,"name":"Open forest","color":"#22c55e","fill_color":"#22c55e","description":"Open canopy forest such as the LQV parcel \u2014 partial cover.","source":"Sentinel-2 L2A NDVI 4-class polygonised"},"geometry":{"type":"Polygon","coordinates":[[[-56.972947000000005,-25.52065],[-56.972947000000005,-25.521549999999998],[-56.973847000000006,-25.521549999999998],[-56.973847000000006,-25.52065],[-56.972947000000005,-25.52065]]]}},{"type":"Feature","properties":{"category":"ndvi_canopy","class":2,"ndvi_low":0.45,"ndvi_high":0.6,"name":"Open forest","color":"#22c55e","fill_color":"#22c55e","description":"Open canopy forest such as the LQV parcel \u2014 partial cover.","source":"Sentinel-2 L2A NDVI 4-class polygonised"},"geometry":{"type":"Polygon","coordinates":[[[-56.955847000000006,-25.52065],[-56.955847000000006,-25.52245],[-56.95674700000001,-25.52245],[-56.95674700000001,-25.521549999999998],[-56.957647,-25.521549999999998],[-56.957647,-25.52065],[-56.955847000000006,-25.52065]]]}},{"type":"Feature","properties":{"category":"ndvi_canopy","class":2,"ndvi_low":0.45,"ndvi_high":0.6,"name":"Open forest","color":"#22c55e","fill_color":"#22c55e","description":"Open canopy forest such as the LQV parcel \u2014 partial cover.","source":"Sentinel-2 L2A NDVI 4-class polygonised"},"geometry":{"type":"Polygon","coordinates":[[[-56.954047,-25.521549999999998],[-56.954047,-25.52245],[-56.954947000000004,-25.52245],[-56.954947000000004,-25.521549999999998],[-56.954047,-25.521549999999998]]]}},{"type":"Feature","properties":{"category":"ndvi_canopy","class":2,"ndvi_low":0.45,"ndvi_high":0.6,"name":"Open forest","color":"#22c55e","fill_color":"#22c55e","description":"Open canopy forest such as the LQV parcel \u2014 partial cover.","source":"Sentinel-2 L2A NDVI 4-class polygonised"},"geometry":{"type":"Polygon","coordinates":[[[-56.931547,-25.52245],[-56.931547,-25.521549999999998],[-56.930765,-25.521549999999998],[-56.930765,-25.52245],[-56.931547,-25.52245]]]}},{"type":"Feature","properties":{"category":"ndvi_canopy","class":2,"ndvi_low":0.45,"ndvi_high":0.6,"name":"Open forest","color":"#22c55e","fill_color":"#22c55e","description":"Open canopy forest such as the LQV parcel \u2014 partial cover.","source":"Sentinel-2 L2A NDVI 4-class polygonised"},"geometry":{"type":"Polygon","coordinates":[[[-56.94324700000001,-25.521549999999998],[-56.945947000000004,-25.521549999999998],[-56.945947000000004,-25.52335],[-56.94774700000001,-25.52335],[-56.94774700000001,-25.52245],[-56.948647,-25.52245],[-56.948647,-25.521549999999998],[-56.949547,-25.521549999999998],[-56.949547,-25.52065],[-56.950447000000004,-25.52065],[-56.950447000000004,-25.51975],[-56.951347000000005,-25.51975],[-56.951347000000005,-25.51885],[-56.95224700000001,-25.51885],[-56.95224700000001,-25.51975],[-56.95674700000001,-25.51975],[-56.95674700000001,-25.51885],[-56.955847000000006,-25.51885],[-56.955847000000006,-25.5184],[-56.954947000000004,-25.5184],[-56.954947000000004,-25.51885],[-56.954047,-25.51885],[-56.954047,-25.5184],[-56.94324700000001,-25.5184],[-56.94324700000001,-25.521549999999998]]]}},{"type":"Feature","properties":{"category":"ndvi_canopy","class":2,"ndvi_low":0.45,"ndvi_high":0.6,"name":"Open forest","color":"#22c55e","fill_color":"#22c55e","description":"Open canopy forest such as the LQV parcel \u2014 partial cover.","source":"Sentinel-2 L2A NDVI 4-class polygonised"},"geometry":{"type":"Polygon","coordinates":[[[-56.993647,-25.52245],[-56.993647,-25.52335],[-56.994547000000004,-25.52335],[-56.994547000000004,-25.52245],[-56.993647,-25.52245]]]}},{"type":"Feature","properties":{"category":"ndvi_canopy","class":2,"ndvi_low":0.45,"ndvi_high":0.6,"name":"Open forest","color":"#22c55e","fill_color":"#22c55e","description":"Open canopy forest such as the LQV parcel \u2014 partial cover.","source":"Sentinel-2 L2A NDVI 4-class polygonised"},"geometry":{"type":"Polygon","coordinates":[[[-56.954947000000004,-25.52245],[-56.954947000000004,-25.52335],[-56.955847000000006,-25.52335],[-56.955847000000006,-25.52245],[-56.954947000000004,-25.52245]]]}},{"type":"Feature","properties":{"category":"ndvi_canopy","class":2,"ndvi_low":0.45,"ndvi_high":0.6,"name":"Open forest","color":"#22c55e","fill_color":"#22c55e","description":"Open canopy forest such as the LQV parcel \u2014 partial cover.","source":"Sentinel-2 L2A NDVI 4-class polygonised"},"geometry":{"type":"Polygon","coordinates":[[[-56.951347000000005,-25.52065],[-56.951347000000005,-25.521549999999998],[-56.950447000000004,-25.521549999999998],[-56.950447000000004,-25.52245],[-56.95224700000001,-25.52245],[-56.95224700000001,-25.52335],[-56.954047,-25.52335],[-56.954047,-25.52245],[-56.953147,-25.52245],[-56.953147,-25.521549999999998],[-56.95224700000001,-25.521549999999998],[-56.95224700000001,-25.52065],[-56.951347000000005,-25.52065]]]}},{"type":"Feature","properties":{"category":"ndvi_canopy","class":2,"ndvi_low":0.45,"ndvi_high":0.6,"name":"Open forest","color":"#22c55e","fill_color":"#22c55e","description":"Open canopy forest such as the LQV parcel \u2014 partial cover.","source":"Sentinel-2 L2A NDVI 4-class polygonised"},"geometry":{"type":"Polygon","coordinates":[[[-56.94324700000001,-25.52245],[-56.94324700000001,-25.52335],[-56.944147,-25.52335],[-56.944147,-25.52245],[-56.94324700000001,-25.52245]]]}},{"type":"Feature","properties":{"category":"ndvi_canopy","class":2,"ndvi_low":0.45,"ndvi_high":0.6,"name":"Open forest","color":"#22c55e","fill_color":"#22c55e","description":"Open canopy forest such as the LQV parcel \u2014 partial cover.","source":"Sentinel-2 L2A NDVI 4-class polygonised"},"geometry":{"type":"Polygon","coordinates":[[[-56.931547,-25.52245],[-56.931547,-25.52335],[-56.932447,-25.52335],[-56.932447,-25.52245],[-56.931547,-25.52245]]]}},{"type":"Feature","properties":{"category":"ndvi_canopy","class":2,"ndvi_low":0.45,"ndvi_high":0.6,"name":"Open forest","color":"#22c55e","fill_color":"#22c55e","description":"Open canopy forest such as the LQV parcel \u2014 partial cover.","source":"Sentinel-2 L2A NDVI 4-class polygonised"},"geometry":{"type":"Polygon","coordinates":[[[-56.981047000000004,-25.52335],[-56.981047000000004,-25.52425],[-56.981947000000005,-25.52425],[-56.981947000000005,-25.52335],[-56.981047000000004,-25.52335]]]}},{"type":"Feature","properties":{"category":"ndvi_canopy","class":2,"ndvi_low":0.45,"ndvi_high":0.6,"name":"Open forest","color":"#22c55e","fill_color":"#22c55e","description":"Open canopy forest such as the LQV parcel \u2014 partial cover.","source":"Sentinel-2 L2A NDVI 4-class polygonised"},"geometry":{"type":"Polygon","coordinates":[[[-56.955847000000006,-25.52425],[-56.955847000000006,-25.52515],[-56.95674700000001,-25.52515],[-56.95674700000001,-25.52425],[-56.955847000000006,-25.52425]]]}},{"type":"Feature","properties":{"category":"ndvi_canopy","class":2,"ndvi_low":0.45,"ndvi_high":0.6,"name":"Open forest","color":"#22c55e","fill_color":"#22c55e","description":"Open canopy forest such as the LQV parcel \u2014 partial cover.","source":"Sentinel-2 L2A NDVI 4-class polygonised"},"geometry":{"type":"Polygon","coordinates":[[[-56.953147,-25.52425],[-56.953147,-25.52515],[-56.954047,-25.52515],[-56.954047,-25.52425],[-56.953147,-25.52425]]]}},{"type":"Feature","properties":{"category":"ndvi_canopy","class":2,"ndvi_low":0.45,"ndvi_high":0.6,"name":"Open forest","color":"#22c55e","fill_color":"#22c55e","description":"Open canopy forest such as the LQV parcel \u2014 partial cover.","source":"Sentinel-2 L2A NDVI 4-class polygonised"},"geometry":{"type":"Polygon","coordinates":[[[-56.931547,-25.526049999999998],[-56.931547,-25.52515],[-56.930765,-25.52515],[-56.930765,-25.526049999999998],[-56.931547,-25.526049999999998]]]}},{"type":"Feature","properties":{"category":"ndvi_canopy","class":2,"ndvi_low":0.45,"ndvi_high":0.6,"name":"Open forest","color":"#22c55e","fill_color":"#22c55e","description":"Open canopy forest such as the LQV parcel \u2014 partial cover.","source":"Sentinel-2 L2A NDVI 4-class polygonised"},"geometry":{"type":"Polygon","coordinates":[[[-56.954947000000004,-25.52515],[-56.954947000000004,-25.52695],[-56.955847000000006,-25.52695],[-56.955847000000006,-25.52515],[-56.954947000000004,-25.52515]]]}},{"type":"Feature","properties":{"category":"ndvi_canopy","class":2,"ndvi_low":0.45,"ndvi_high":0.6,"name":"Open forest","color":"#22c55e","fill_color":"#22c55e","description":"Open canopy forest such as the LQV parcel \u2014 partial cover.","source":"Sentinel-2 L2A NDVI 4-class polygonised"},"geometry":{"type":"Polygon","coordinates":[[[-56.994547000000004,-25.526049999999998],[-56.994547000000004,-25.52695],[-56.995447000000006,-25.52695],[-56.995447000000006,-25.526049999999998],[-56.994547000000004,-25.526049999999998]]]}},{"type":"Feature","properties":{"category":"ndvi_canopy","class":2,"ndvi_low":0.45,"ndvi_high":0.6,"name":"Open forest","color":"#22c55e","fill_color":"#22c55e","description":"Open canopy forest such as the LQV parcel \u2014 partial cover.","source":"Sentinel-2 L2A NDVI 4-class polygonised"},"geometry":{"type":"Polygon","coordinates":[[[-56.981947000000005,-25.52515],[-56.981947000000005,-25.526049999999998],[-56.981047000000004,-25.526049999999998],[-56.981047000000004,-25.52875],[-56.981947000000005,-25.52875],[-56.981947000000005,-25.52695],[-56.983747,-25.52695],[-56.983747,-25.52515],[-56.981947000000005,-25.52515]]]}},{"type":"Feature","properties":{"category":"ndvi_canopy","class":2,"ndvi_low":0.45,"ndvi_high":0.6,"name":"Open forest","color":"#22c55e","fill_color":"#22c55e","description":"Open canopy forest such as the LQV parcel \u2014 partial cover.","source":"Sentinel-2 L2A NDVI 4-class polygonised"},"geometry":{"type":"Polygon","coordinates":[[[-56.95224700000001,-25.52695],[-56.95224700000001,-25.52875],[-56.953147,-25.52875],[-56.953147,-25.527849999999997],[-56.954947000000004,-25.527849999999997],[-56.954947000000004,-25.52695],[-56.95224700000001,-25.52695]]]}},{"type":"Feature","properties":{"category":"ndvi_canopy","class":2,"ndvi_low":0.45,"ndvi_high":0.6,"name":"Open forest","color":"#22c55e","fill_color":"#22c55e","description":"Open canopy forest such as the LQV parcel \u2014 partial cover.","source":"Sentinel-2 L2A NDVI 4-class polygonised"},"geometry":{"type":"Polygon","coordinates":[[[-56.999947000000006,-25.527849999999997],[-56.999947000000006,-25.52875],[-57.000847,-25.52875],[-57.000847,-25.527849999999997],[-56.999947000000006,-25.527849999999997]]]}},{"type":"Feature","properties":{"category":"ndvi_canopy","class":2,"ndvi_low":0.45,"ndvi_high":0.6,"name":"Open forest","color":"#22c55e","fill_color":"#22c55e","description":"Open canopy forest such as the LQV parcel \u2014 partial cover.","source":"Sentinel-2 L2A NDVI 4-class polygonised"},"geometry":{"type":"Polygon","coordinates":[[[-56.950447000000004,-25.527849999999997],[-56.950447000000004,-25.52875],[-56.951347000000005,-25.52875],[-56.951347000000005,-25.527849999999997],[-56.950447000000004,-25.527849999999997]]]}},{"type":"Feature","properties":{"category":"ndvi_canopy","class":2,"ndvi_low":0.45,"ndvi_high":0.6,"name":"Open forest","color":"#22c55e","fill_color":"#22c55e","description":"Open canopy forest such as the LQV parcel \u2014 partial cover.","source":"Sentinel-2 L2A NDVI 4-class polygonised"},"geometry":{"type":"Polygon","coordinates":[[[-56.949547,-25.52875],[-56.949547,-25.52965],[-56.950447000000004,-25.52965],[-56.950447000000004,-25.52875],[-56.949547,-25.52875]]]}},{"type":"Feature","properties":{"category":"ndvi_canopy","class":2,"ndvi_low":0.45,"ndvi_high":0.6,"name":"Open forest","color":"#22c55e","fill_color":"#22c55e","description":"Open canopy forest such as the LQV parcel \u2014 partial cover.","source":"Sentinel-2 L2A NDVI 4-class polygonised"},"geometry":{"type":"Polygon","coordinates":[[[-56.945947000000004,-25.52875],[-56.945947000000004,-25.52965],[-56.946847000000005,-25.52965],[-56.946847000000005,-25.52875],[-56.945947000000004,-25.52875]]]}},{"type":"Feature","properties":{"category":"ndvi_canopy","class":2,"ndvi_low":0.45,"ndvi_high":0.6,"name":"Open forest","color":"#22c55e","fill_color":"#22c55e","description":"Open canopy forest such as the LQV parcel \u2014 partial cover.","source":"Sentinel-2 L2A NDVI 4-class polygonised"},"geometry":{"type":"Polygon","coordinates":[[[-56.945047,-25.52965],[-56.945047,-25.530549999999998],[-56.945947000000004,-25.530549999999998],[-56.945947000000004,-25.52965],[-56.945047,-25.52965]]]}},{"type":"Feature","properties":{"category":"ndvi_canopy","class":2,"ndvi_low":0.45,"ndvi_high":0.6,"name":"Open forest","color":"#22c55e","fill_color":"#22c55e","description":"Open canopy forest such as the LQV parcel \u2014 partial cover.","source":"Sentinel-2 L2A NDVI 4-class polygonised"},"geometry":{"type":"Polygon","coordinates":[[[-56.970247,-25.530549999999998],[-56.970247,-25.53145],[-56.971147,-25.53145],[-56.971147,-25.530549999999998],[-56.970247,-25.530549999999998]]]}},{"type":"Feature","properties":{"category":"ndvi_canopy","class":2,"ndvi_low":0.45,"ndvi_high":0.6,"name":"Open forest","color":"#22c55e","fill_color":"#22c55e","description":"Open canopy forest such as the LQV parcel \u2014 partial cover.","source":"Sentinel-2 L2A NDVI 4-class polygonised"},"geometry":{"type":"Polygon","coordinates":[[[-56.966647,-25.530549999999998],[-56.966647,-25.53145],[-56.967547,-25.53145],[-56.967547,-25.530549999999998],[-56.966647,-25.530549999999998]]]}},{"type":"Feature","properties":{"category":"ndvi_canopy","class":2,"ndvi_low":0.45,"ndvi_high":0.6,"name":"Open forest","color":"#22c55e","fill_color":"#22c55e","description":"Open canopy forest such as the LQV parcel \u2014 partial cover.","source":"Sentinel-2 L2A NDVI 4-class polygonised"},"geometry":{"type":"Polygon","coordinates":[[[-56.990047000000004,-25.527849999999997],[-56.990047000000004,-25.52965],[-56.989147,-25.52965],[-56.989147,-25.53145],[-56.990047000000004,-25.53145],[-56.990047000000004,-25.532349999999997],[-56.990947000000006,-25.532349999999997],[-56.990947000000006,-25.530549999999998],[-56.992747,-25.530549999999998],[-56.992747,-25.52875],[-56.990947000000006,-25.52875],[-56.990947000000006,-25.527849999999997],[-56.990047000000004,-25.527849999999997]]]}},{"type":"Feature","properties":{"category":"ndvi_canopy","class":2,"ndvi_low":0.45,"ndvi_high":0.6,"name":"Open forest","color":"#22c55e","fill_color":"#22c55e","description":"Open canopy forest such as the LQV parcel \u2014 partial cover.","source":"Sentinel-2 L2A NDVI 4-class polygonised"},"geometry":{"type":"Polygon","coordinates":[[[-56.939647,-25.532349999999997],[-56.939647,-25.53325],[-56.940547,-25.53325],[-56.940547,-25.532349999999997],[-56.939647,-25.532349999999997]]]}},{"type":"Feature","properties":{"category":"ndvi_canopy","class":2,"ndvi_low":0.45,"ndvi_high":0.6,"name":"Open forest","color":"#22c55e","fill_color":"#22c55e","description":"Open canopy forest such as the LQV parcel \u2014 partial cover.","source":"Sentinel-2 L2A NDVI 4-class polygonised"},"geometry":{"type":"Polygon","coordinates":[[[-56.941447000000004,-25.53325],[-56.941447000000004,-25.53415],[-56.942347000000005,-25.53415],[-56.942347000000005,-25.53325],[-56.941447000000004,-25.53325]]]}},{"type":"Feature","properties":{"category":"ndvi_canopy","class":2,"ndvi_low":0.45,"ndvi_high":0.6,"name":"Open forest","color":"#22c55e","fill_color":"#22c55e","description":"Open canopy forest such as the LQV parcel \u2014 partial cover.","source":"Sentinel-2 L2A NDVI 4-class polygonised"},"geometry":{"type":"Polygon","coordinates":[[[-56.966647,-25.53505],[-56.966647,-25.53595],[-56.967547,-25.53595],[-56.967547,-25.53505],[-56.966647,-25.53505]]]}},{"type":"Feature","properties":{"category":"ndvi_canopy","class":2,"ndvi_low":0.45,"ndvi_high":0.6,"name":"Open forest","color":"#22c55e","fill_color":"#22c55e","description":"Open canopy forest such as the LQV parcel \u2014 partial cover.","source":"Sentinel-2 L2A NDVI 4-class polygonised"},"geometry":{"type":"Polygon","coordinates":[[[-56.977447000000005,-25.53505],[-56.977447000000005,-25.53595],[-56.976547000000004,-25.53595],[-56.976547000000004,-25.536849999999998],[-56.97834700000001,-25.536849999999998],[-56.97834700000001,-25.53505],[-56.977447000000005,-25.53505]]]}},{"type":"Feature","properties":{"category":"ndvi_canopy","class":2,"ndvi_low":0.45,"ndvi_high":0.6,"name":"Open forest","color":"#22c55e","fill_color":"#22c55e","description":"Open canopy forest such as the LQV parcel \u2014 partial cover.","source":"Sentinel-2 L2A NDVI 4-class polygonised"},"geometry":{"type":"Polygon","coordinates":[[[-56.990047000000004,-25.53595],[-56.990047000000004,-25.53775],[-56.990947000000006,-25.53775],[-56.990947000000006,-25.53595],[-56.990047000000004,-25.53595]]]}},{"type":"Feature","properties":{"category":"ndvi_canopy","class":2,"ndvi_low":0.45,"ndvi_high":0.6,"name":"Open forest","color":"#22c55e","fill_color":"#22c55e","description":"Open canopy forest such as the LQV parcel \u2014 partial cover.","source":"Sentinel-2 L2A NDVI 4-class polygonised"},"geometry":{"type":"Polygon","coordinates":[[[-56.974747,-25.536849999999998],[-56.974747,-25.53775],[-56.975647,-25.53775],[-56.975647,-25.536849999999998],[-56.974747,-25.536849999999998]]]}},{"type":"Feature","properties":{"category":"ndvi_canopy","class":2,"ndvi_low":0.45,"ndvi_high":0.6,"name":"Open forest","color":"#22c55e","fill_color":"#22c55e","description":"Open canopy forest such as the LQV parcel \u2014 partial cover.","source":"Sentinel-2 L2A NDVI 4-class polygonised"},"geometry":{"type":"Polygon","coordinates":[[[-56.939647,-25.536849999999998],[-56.939647,-25.53775],[-56.940547,-25.53775],[-56.940547,-25.536849999999998],[-56.939647,-25.536849999999998]]]}},{"type":"Feature","properties":{"category":"ndvi_canopy","class":2,"ndvi_low":0.45,"ndvi_high":0.6,"name":"Open forest","color":"#22c55e","fill_color":"#22c55e","description":"Open canopy forest such as the LQV parcel \u2014 partial cover.","source":"Sentinel-2 L2A NDVI 4-class polygonised"},"geometry":{"type":"Polygon","coordinates":[[[-56.998147,-25.53775],[-56.998147,-25.53865],[-56.999947000000006,-25.53865],[-56.999947000000006,-25.53775],[-56.998147,-25.53775]]]}},{"type":"Feature","properties":{"category":"ndvi_canopy","class":2,"ndvi_low":0.45,"ndvi_high":0.6,"name":"Open forest","color":"#22c55e","fill_color":"#22c55e","description":"Open canopy forest such as the LQV parcel \u2014 partial cover.","source":"Sentinel-2 L2A NDVI 4-class polygonised"},"geometry":{"type":"Polygon","coordinates":[[[-56.940547,-25.53775],[-56.940547,-25.53865],[-56.941447000000004,-25.53865],[-56.941447000000004,-25.53775],[-56.940547,-25.53775]]]}},{"type":"Feature","properties":{"category":"ndvi_canopy","class":2,"ndvi_low":0.45,"ndvi_high":0.6,"name":"Open forest","color":"#22c55e","fill_color":"#22c55e","description":"Open canopy forest such as the LQV parcel \u2014 partial cover.","source":"Sentinel-2 L2A NDVI 4-class polygonised"},"geometry":{"type":"Polygon","coordinates":[[[-56.999947000000006,-25.53865],[-56.999947000000006,-25.53955],[-57.000847,-25.53955],[-57.000847,-25.53865],[-56.999947000000006,-25.53865]]]}},{"type":"Feature","properties":{"category":"ndvi_canopy","class":2,"ndvi_low":0.45,"ndvi_high":0.6,"name":"Open forest","color":"#22c55e","fill_color":"#22c55e","description":"Open canopy forest such as the LQV parcel \u2014 partial cover.","source":"Sentinel-2 L2A NDVI 4-class polygonised"},"geometry":{"type":"Polygon","coordinates":[[[-56.969347000000006,-25.53865],[-56.969347000000006,-25.53955],[-56.970247,-25.53955],[-56.970247,-25.53865],[-56.969347000000006,-25.53865]]]}},{"type":"Feature","properties":{"category":"ndvi_canopy","class":2,"ndvi_low":0.45,"ndvi_high":0.6,"name":"Open forest","color":"#22c55e","fill_color":"#22c55e","description":"Open canopy forest such as the LQV parcel \u2014 partial cover.","source":"Sentinel-2 L2A NDVI 4-class polygonised"},"geometry":{"type":"Polygon","coordinates":[[[-56.94324700000001,-25.53595],[-56.94324700000001,-25.536849999999998],[-56.942347000000005,-25.536849999999998],[-56.942347000000005,-25.53865],[-56.941447000000004,-25.53865],[-56.941447000000004,-25.54045],[-56.948647,-25.54045],[-56.948647,-25.53775],[-56.949547,-25.53775],[-56.949547,-25.53865],[-56.950447000000004,-25.53865],[-56.950447000000004,-25.53955],[-56.95224700000001,-25.53955],[-56.95224700000001,-25.54045],[-56.953147,-25.54045],[-56.953147,-25.53955],[-56.954947000000004,-25.53955],[-56.954947000000004,-25.53775],[-56.955847000000006,-25.53775],[-56.955847000000006,-25.536849999999998],[-56.954047,-25.536849999999998],[-56.954047,-25.53595],[-56.953147,-25.53595],[-56.953147,-25.53505],[-56.95224700000001,-25.53505],[-56.95224700000001,-25.53415],[-56.951347000000005,-25.53415],[-56.951347000000005,-25.532349999999997],[-56.954047,-25.532349999999997],[-56.954047,-25.53145],[-56.954947000000004,-25.53145],[-56.954947000000004,-25.532349999999997],[-56.95674700000001,-25.532349999999997],[-56.95674700000001,-25.53325],[-56.959447000000004,-25.53325],[-56.959447000000004,-25.53505],[-56.960347000000006,-25.53505],[-56.960347000000006,-25.53325],[-56.963047,-25.53325],[-56.963047,-25.53415],[-56.963947000000005,-25.53415],[-56.963947000000005,-25.53505],[-56.964847000000006,-25.53505],[-56.964847000000006,-25.53415],[-56.967547,-25.53415],[-56.967547,-25.53325],[-56.965747,-25.53325],[-56.965747,-25.53145],[-56.964847000000006,-25.53145],[-56.964847000000006,-25.530549999999998],[-56.965747,-25.530549999999998],[-56.965747,-25.52965],[-56.966647,-25.52965],[-56.966647,-25.52875],[-56.964847000000006,-25.52875],[-56.964847000000006,-25.52965],[-56.963947000000005,-25.52965],[-56.963947000000005,-25.52875],[-56.960347000000006,-25.52875],[-56.960347000000006,-25.526049999999998],[-56.959447000000004,-25.526049999999998],[-56.959447000000004,-25.527849999999997],[-56.957647,-25.527849999999997],[-56.957647,-25.52875],[-56.95674700000001,-25.52875],[-56.95674700000001,-25.530549999999998],[-56.955847000000006,-25.530549999999998],[-56.955847000000006,-25.52965],[-56.954947000000004,-25.52965],[-56.954947000000004,-25.530549999999998],[-56.954047,-25.530549999999998],[-56.954047,-25.52875],[-56.953147,-25.52875],[-56.953147,-25.52965],[-56.95224700000001,-25.52965],[-56.95224700000001,-25.530549999999998],[-56.951347000000005,-25.530549999999998],[-56.951347000000005,-25.53145],[-56.94774700000001,-25.53145],[-56.94774700000001,-25.530549999999998],[-56.948647,-25.530549999999998],[-56.948647,-25.52965],[-56.946847000000005,-25.52965],[-56.946847000000005,-25.532349999999997],[-56.945947000000004,-25.532349999999997],[-56.945947000000004,-25.53325],[-56.944147,-25.53325],[-56.944147,-25.53415],[-56.94324700000001,-25.53415],[-56.94324700000001,-25.53505],[-56.944147,-25.53505],[-56.944147,-25.53595],[-56.94324700000001,-25.53595]],[[-56.958547,-25.52875],[-56.958547,-25.52965],[-56.957647,-25.52965],[-56.957647,-25.52875],[-56.958547,-25.52875]],[[-56.945047,-25.53595],[-56.945047,-25.536849999999998],[-56.944147,-25.536849999999998],[-56.944147,-25.53595],[-56.945047,-25.53595]],[[-56.963047,-25.530549999999998],[-56.962147,-25.530549999999998],[-56.962147,-25.52965],[-56.963047,-25.52965],[-56.963047,-25.530549999999998]],[[-56.950447000000004,-25.53505],[-56.949547,-25.53505],[-56.949547,-25.53415],[-56.950447000000004,-25.53415],[-56.950447000000004,-25.53505]],[[-56.945047,-25.53865],[-56.945947000000004,-25.53865],[-56.945947000000004,-25.53955],[-56.94324700000001,-25.53955],[-56.94324700000001,-25.53775],[-56.945047,-25.53775],[-56.945047,-25.53865]],[[-56.94774700000001,-25.53955],[-56.946847000000005,-25.53955],[-56.946847000000005,-25.53865],[-56.94774700000001,-25.53865],[-56.94774700000001,-25.53955]]]}},{"type":"Feature","properties":{"category":"ndvi_canopy","class":2,"ndvi_low":0.45,"ndvi_high":0.6,"name":"Open forest","color":"#22c55e","fill_color":"#22c55e","description":"Open canopy forest such as the LQV parcel \u2014 partial cover.","source":"Sentinel-2 L2A NDVI 4-class polygonised"},"geometry":{"type":"Polygon","coordinates":[[[-56.99184700000001,-25.53955],[-56.99184700000001,-25.54045],[-56.992747,-25.54045],[-56.992747,-25.53955],[-56.99184700000001,-25.53955]]]}},{"type":"Feature","properties":{"category":"ndvi_canopy","class":2,"ndvi_low":0.45,"ndvi_high":0.6,"name":"Open forest","color":"#22c55e","fill_color":"#22c55e","description":"Open canopy forest such as the LQV parcel \u2014 partial cover.","source":"Sentinel-2 L2A NDVI 4-class polygonised"},"geometry":{"type":"Polygon","coordinates":[[[-56.967547,-25.53775],[-56.967547,-25.53865],[-56.966647,-25.53865],[-56.966647,-25.53955],[-56.967547,-25.53955],[-56.967547,-25.54045],[-56.969347000000006,-25.54045],[-56.969347000000006,-25.53955],[-56.968447000000005,-25.53955],[-56.968447000000005,-25.53775],[-56.967547,-25.53775]]]}},{"type":"Feature","properties":{"category":"ndvi_canopy","class":2,"ndvi_low":0.45,"ndvi_high":0.6,"name":"Open forest","color":"#22c55e","fill_color":"#22c55e","description":"Open canopy forest such as the LQV parcel \u2014 partial cover.","source":"Sentinel-2 L2A NDVI 4-class polygonised"},"geometry":{"type":"Polygon","coordinates":[[[-56.949547,-25.54045],[-56.949547,-25.541349999999998],[-56.950447000000004,-25.541349999999998],[-56.950447000000004,-25.54045],[-56.949547,-25.54045]]]}},{"type":"Feature","properties":{"category":"ndvi_canopy","class":2,"ndvi_low":0.45,"ndvi_high":0.6,"name":"Open forest","color":"#22c55e","fill_color":"#22c55e","description":"Open canopy forest such as the LQV parcel \u2014 partial cover.","source":"Sentinel-2 L2A NDVI 4-class polygonised"},"geometry":{"type":"Polygon","coordinates":[[[-56.995447000000006,-25.541349999999998],[-56.995447000000006,-25.54225],[-56.99634700000001,-25.54225],[-56.99634700000001,-25.541349999999998],[-56.995447000000006,-25.541349999999998]]]}},{"type":"Feature","properties":{"category":"ndvi_canopy","class":2,"ndvi_low":0.45,"ndvi_high":0.6,"name":"Open forest","color":"#22c55e","fill_color":"#22c55e","description":"Open canopy forest such as the LQV parcel \u2014 partial cover.","source":"Sentinel-2 L2A NDVI 4-class polygonised"},"geometry":{"type":"Polygon","coordinates":[[[-56.945947000000004,-25.541349999999998],[-56.945947000000004,-25.54225],[-56.94774700000001,-25.54225],[-56.94774700000001,-25.541349999999998],[-56.945947000000004,-25.541349999999998]]]}},{"type":"Feature","properties":{"category":"ndvi_canopy","class":2,"ndvi_low":0.45,"ndvi_high":0.6,"name":"Open forest","color":"#22c55e","fill_color":"#22c55e","description":"Open canopy forest such as the LQV parcel \u2014 partial cover.","source":"Sentinel-2 L2A NDVI 4-class polygonised"},"geometry":{"type":"Polygon","coordinates":[[[-56.997247,-25.541349999999998],[-56.997247,-25.54315],[-56.999047000000004,-25.54315],[-56.999047000000004,-25.54225],[-56.998147,-25.54225],[-56.998147,-25.541349999999998],[-56.997247,-25.541349999999998]]]}},{"type":"Feature","properties":{"category":"ndvi_canopy","class":2,"ndvi_low":0.45,"ndvi_high":0.6,"name":"Open forest","color":"#22c55e","fill_color":"#22c55e","description":"Open canopy forest such as the LQV parcel \u2014 partial cover.","source":"Sentinel-2 L2A NDVI 4-class polygonised"},"geometry":{"type":"Polygon","coordinates":[[[-56.989147,-25.54225],[-56.989147,-25.54315],[-56.990047000000004,-25.54315],[-56.990047000000004,-25.54225],[-56.989147,-25.54225]]]}},{"type":"Feature","properties":{"category":"ndvi_canopy","class":2,"ndvi_low":0.45,"ndvi_high":0.6,"name":"Open forest","color":"#22c55e","fill_color":"#22c55e","description":"Open canopy forest such as the LQV parcel \u2014 partial cover.","source":"Sentinel-2 L2A NDVI 4-class polygonised"},"geometry":{"type":"Polygon","coordinates":[[[-56.940547,-25.54225],[-56.940547,-25.54315],[-56.941447000000004,-25.54315],[-56.941447000000004,-25.54225],[-56.940547,-25.54225]]]}},{"type":"Feature","properties":{"category":"ndvi_canopy","class":2,"ndvi_low":0.45,"ndvi_high":0.6,"name":"Open forest","color":"#22c55e","fill_color":"#22c55e","description":"Open canopy forest such as the LQV parcel \u2014 partial cover.","source":"Sentinel-2 L2A NDVI 4-class polygonised"},"geometry":{"type":"Polygon","coordinates":[[[-56.945047,-25.54315],[-56.945047,-25.54405],[-56.945947000000004,-25.54405],[-56.945947000000004,-25.54315],[-56.945047,-25.54315]]]}},{"type":"Feature","properties":{"category":"ndvi_canopy","class":2,"ndvi_low":0.45,"ndvi_high":0.6,"name":"Open forest","color":"#22c55e","fill_color":"#22c55e","description":"Open canopy forest such as the LQV parcel \u2014 partial cover.","source":"Sentinel-2 L2A NDVI 4-class polygonised"},"geometry":{"type":"Polygon","coordinates":[[[-56.999947000000006,-25.54225],[-56.999947000000006,-25.54315],[-56.999047000000004,-25.54315],[-56.999047000000004,-25.54405],[-56.999947000000006,-25.54405],[-56.999947000000006,-25.54495],[-57.000847,-25.54495],[-57.000847,-25.54225],[-56.999947000000006,-25.54225]]]}},{"type":"Feature","properties":{"category":"ndvi_canopy","class":2,"ndvi_low":0.45,"ndvi_high":0.6,"name":"Open forest","color":"#22c55e","fill_color":"#22c55e","description":"Open canopy forest such as the LQV parcel \u2014 partial cover.","source":"Sentinel-2 L2A NDVI 4-class polygonised"},"geometry":{"type":"Polygon","coordinates":[[[-56.995447000000006,-25.54405],[-56.995447000000006,-25.545849999999998],[-56.99634700000001,-25.545849999999998],[-56.99634700000001,-25.54405],[-56.995447000000006,-25.54405]]]}},{"type":"Feature","properties":{"category":"ndvi_canopy","class":2,"ndvi_low":0.45,"ndvi_high":0.6,"name":"Open forest","color":"#22c55e","fill_color":"#22c55e","description":"Open canopy forest such as the LQV parcel \u2014 partial cover.","source":"Sentinel-2 L2A NDVI 4-class polygonised"},"geometry":{"type":"Polygon","coordinates":[[[-56.955847000000006,-25.54495],[-56.955847000000006,-25.545849999999998],[-56.95674700000001,-25.545849999999998],[-56.95674700000001,-25.54495],[-56.955847000000006,-25.54495]]]}},{"type":"Feature","properties":{"category":"ndvi_canopy","class":2,"ndvi_low":0.45,"ndvi_high":0.6,"name":"Open forest","color":"#22c55e","fill_color":"#22c55e","description":"Open canopy forest such as the LQV parcel \u2014 partial cover.","source":"Sentinel-2 L2A NDVI 4-class polygonised"},"geometry":{"type":"Polygon","coordinates":[[[-56.931547,-25.54675],[-56.931547,-25.545849999999998],[-56.930765,-25.545849999999998],[-56.930765,-25.54675],[-56.931547,-25.54675]]]}},{"type":"Feature","properties":{"category":"ndvi_canopy","class":2,"ndvi_low":0.45,"ndvi_high":0.6,"name":"Open forest","color":"#22c55e","fill_color":"#22c55e","description":"Open canopy forest such as the LQV parcel \u2014 partial cover.","source":"Sentinel-2 L2A NDVI 4-class polygonised"},"geometry":{"type":"Polygon","coordinates":[[[-56.95224700000001,-25.54855],[-56.95224700000001,-25.54945],[-56.953147,-25.54945],[-56.953147,-25.54855],[-56.95224700000001,-25.54855]]]}},{"type":"Feature","properties":{"category":"ndvi_canopy","class":2,"ndvi_low":0.45,"ndvi_high":0.6,"name":"Open forest","color":"#22c55e","fill_color":"#22c55e","description":"Open canopy forest such as the LQV parcel \u2014 partial cover.","source":"Sentinel-2 L2A NDVI 4-class polygonised"},"geometry":{"type":"Polygon","coordinates":[[[-56.950447000000004,-25.541349999999998],[-56.950447000000004,-25.54225],[-56.949547,-25.54225],[-56.949547,-25.54315],[-56.950447000000004,-25.54315],[-56.950447000000004,-25.54405],[-56.949547,-25.54405],[-56.949547,-25.54675],[-56.948647,-25.54675],[-56.948647,-25.54855],[-56.949547,-25.54855],[-56.949547,-25.54945],[-56.950447000000004,-25.54945],[-56.950447000000004,-25.550349999999998],[-56.951347000000005,-25.550349999999998],[-56.951347000000005,-25.545849999999998],[-56.954047,-25.545849999999998],[-56.954047,-25.547649999999997],[-56.955847000000006,-25.547649999999997],[-56.955847000000006,-25.54945],[-56.957647,-25.54945],[-56.957647,-25.545849999999998],[-56.95674700000001,-25.545849999999998],[-56.95674700000001,-25.54675],[-56.955847000000006,-25.54675],[-56.955847000000006,-25.545849999999998],[-56.954947000000004,-25.545849999999998],[-56.954947000000004,-25.54495],[-56.953147,-25.54495],[-56.953147,-25.54315],[-56.951347000000005,-25.54315],[-56.951347000000005,-25.541349999999998],[-56.950447000000004,-25.541349999999998]]]}},{"type":"Feature","properties":{"category":"ndvi_canopy","class":2,"ndvi_low":0.45,"ndvi_high":0.6,"name":"Open forest","color":"#22c55e","fill_color":"#22c55e","description":"Open canopy forest such as the LQV parcel \u2014 partial cover.","source":"Sentinel-2 L2A NDVI 4-class polygonised"},"geometry":{"type":"Polygon","coordinates":[[[-56.934247000000006,-25.54945],[-56.934247000000006,-25.550349999999998],[-56.935147,-25.550349999999998],[-56.935147,-25.54945],[-56.934247000000006,-25.54945]]]}},{"type":"Feature","properties":{"category":"ndvi_canopy","class":2,"ndvi_low":0.45,"ndvi_high":0.6,"name":"Open forest","color":"#22c55e","fill_color":"#22c55e","description":"Open canopy forest such as the LQV parcel \u2014 partial cover.","source":"Sentinel-2 L2A NDVI 4-class polygonised"},"geometry":{"type":"Polygon","coordinates":[[[-56.955847000000006,-25.550349999999998],[-56.955847000000006,-25.55125],[-56.95674700000001,-25.55125],[-56.95674700000001,-25.550349999999998],[-56.955847000000006,-25.550349999999998]]]}},{"type":"Feature","properties":{"category":"ndvi_canopy","class":2,"ndvi_low":0.45,"ndvi_high":0.6,"name":"Open forest","color":"#22c55e","fill_color":"#22c55e","description":"Open canopy forest such as the LQV parcel \u2014 partial cover.","source":"Sentinel-2 L2A NDVI 4-class polygonised"},"geometry":{"type":"Polygon","coordinates":[[[-56.976547000000004,-25.54675],[-56.976547000000004,-25.54855],[-56.975647,-25.54855],[-56.975647,-25.550349999999998],[-56.974747,-25.550349999999998],[-56.974747,-25.547649999999997],[-56.973847000000006,-25.547649999999997],[-56.973847000000006,-25.54675],[-56.969347000000006,-25.54675],[-56.969347000000006,-25.54855],[-56.971147,-25.54855],[-56.971147,-25.547649999999997],[-56.972947000000005,-25.547649999999997],[-56.972947000000005,-25.54945],[-56.973847000000006,-25.54945],[-56.973847000000006,-25.55125],[-56.975647,-25.55125],[-56.975647,-25.552149999999997],[-56.976547000000004,-25.552149999999997],[-56.976547000000004,-25.55125],[-56.977447000000005,-25.55125],[-56.977447000000005,-25.55305],[-56.97834700000001,-25.55305],[-56.97834700000001,-25.54855],[-56.977447000000005,-25.54855],[-56.977447000000005,-25.547649999999997],[-56.979247,-25.547649999999997],[-56.979247,-25.54675],[-56.976547000000004,-25.54675]]]}},{"type":"Feature","properties":{"category":"ndvi_canopy","class":2,"ndvi_low":0.45,"ndvi_high":0.6,"name":"Open forest","color":"#22c55e","fill_color":"#22c55e","description":"Open canopy forest such as the LQV parcel \u2014 partial cover.","source":"Sentinel-2 L2A NDVI 4-class polygonised"},"geometry":{"type":"Polygon","coordinates":[[[-56.934247000000006,-25.552149999999997],[-56.934247000000006,-25.55305],[-56.935147,-25.55305],[-56.935147,-25.552149999999997],[-56.934247000000006,-25.552149999999997]]]}},{"type":"Feature","properties":{"category":"ndvi_canopy","class":2,"ndvi_low":0.45,"ndvi_high":0.6,"name":"Open forest","color":"#22c55e","fill_color":"#22c55e","description":"Open canopy forest such as the LQV parcel \u2014 partial cover.","source":"Sentinel-2 L2A NDVI 4-class polygonised"},"geometry":{"type":"Polygon","coordinates":[[[-56.958547,-25.54675],[-56.958547,-25.552149999999997],[-56.959447000000004,-25.552149999999997],[-56.959447000000004,-25.55395],[-56.962147,-25.55395],[-56.962147,-25.552149999999997],[-56.963047,-25.552149999999997],[-56.963047,-25.55125],[-56.962147,-25.55125],[-56.962147,-25.54945],[-56.963047,-25.54945],[-56.963047,-25.54855],[-56.96124700000001,-25.54855],[-56.96124700000001,-25.547649999999997],[-56.960347000000006,-25.547649999999997],[-56.960347000000006,-25.54675],[-56.958547,-25.54675]]]}},{"type":"Feature","properties":{"category":"ndvi_canopy","class":2,"ndvi_low":0.45,"ndvi_high":0.6,"name":"Open forest","color":"#22c55e","fill_color":"#22c55e","description":"Open canopy forest such as the LQV parcel \u2014 partial cover.","source":"Sentinel-2 L2A NDVI 4-class polygonised"},"geometry":{"type":"Polygon","coordinates":[[[-56.931547,-25.55395],[-56.931547,-25.552149999999997],[-56.934247000000006,-25.552149999999997],[-56.934247000000006,-25.55125],[-56.933347000000005,-25.55125],[-56.933347000000005,-25.54945],[-56.930765,-25.54945],[-56.930765,-25.55395],[-56.931547,-25.55395]]]}},{"type":"Feature","properties":{"category":"ndvi_canopy","class":2,"ndvi_low":0.45,"ndvi_high":0.6,"name":"Open forest","color":"#22c55e","fill_color":"#22c55e","description":"Open canopy forest such as the LQV parcel \u2014 partial cover.","source":"Sentinel-2 L2A NDVI 4-class polygonised"},"geometry":{"type":"Polygon","coordinates":[[[-56.936947,-25.55395],[-56.936947,-25.55485],[-56.937847000000005,-25.55485],[-56.937847000000005,-25.55395],[-56.936947,-25.55395]]]}},{"type":"Feature","properties":{"category":"ndvi_canopy","class":2,"ndvi_low":0.45,"ndvi_high":0.6,"name":"Open forest","color":"#22c55e","fill_color":"#22c55e","description":"Open canopy forest such as the LQV parcel \u2014 partial cover.","source":"Sentinel-2 L2A NDVI 4-class polygonised"},"geometry":{"type":"Polygon","coordinates":[[[-56.935147,-25.55485],[-56.935147,-25.55575],[-56.936047,-25.55575],[-56.936047,-25.55485],[-56.935147,-25.55485]]]}},{"type":"Feature","properties":{"category":"ndvi_canopy","class":2,"ndvi_low":0.45,"ndvi_high":0.6,"name":"Open forest","color":"#22c55e","fill_color":"#22c55e","description":"Open canopy forest such as the LQV parcel \u2014 partial cover.","source":"Sentinel-2 L2A NDVI 4-class polygonised"},"geometry":{"type":"Polygon","coordinates":[[[-56.98734700000001,-25.55575],[-56.98734700000001,-25.556649999999998],[-56.988247,-25.556649999999998],[-56.988247,-25.55575],[-56.98734700000001,-25.55575]]]}},{"type":"Feature","properties":{"category":"ndvi_canopy","class":2,"ndvi_low":0.45,"ndvi_high":0.6,"name":"Open forest","color":"#22c55e","fill_color":"#22c55e","description":"Open canopy forest such as the LQV parcel \u2014 partial cover.","source":"Sentinel-2 L2A NDVI 4-class polygonised"},"geometry":{"type":"Polygon","coordinates":[[[-56.933347000000005,-25.55575],[-56.933347000000005,-25.55755],[-56.934247000000006,-25.55755],[-56.934247000000006,-25.55575],[-56.933347000000005,-25.55575]]]}},{"type":"Feature","properties":{"category":"ndvi_canopy","class":2,"ndvi_low":0.45,"ndvi_high":0.6,"name":"Open forest","color":"#22c55e","fill_color":"#22c55e","description":"Open canopy forest such as the LQV parcel \u2014 partial cover.","source":"Sentinel-2 L2A NDVI 4-class polygonised"},"geometry":{"type":"Polygon","coordinates":[[[-56.941447000000004,-25.556649999999998],[-56.941447000000004,-25.55755],[-56.942347000000005,-25.55755],[-56.942347000000005,-25.556649999999998],[-56.941447000000004,-25.556649999999998]]]}},{"type":"Feature","properties":{"category":"ndvi_canopy","class":2,"ndvi_low":0.45,"ndvi_high":0.6,"name":"Open forest","color":"#22c55e","fill_color":"#22c55e","description":"Open canopy forest such as the LQV parcel \u2014 partial cover.","source":"Sentinel-2 L2A NDVI 4-class polygonised"},"geometry":{"type":"Polygon","coordinates":[[[-56.995447000000006,-25.52425],[-56.99634700000001,-25.52425],[-56.99634700000001,-25.526049999999998],[-56.998147,-25.526049999999998],[-56.998147,-25.52695],[-56.999047000000004,-25.52695],[-56.999047000000004,-25.526049999999998],[-57.000847,-25.526049999999998],[-57.000847,-25.52515],[-56.999047000000004,-25.52515],[-56.999047000000004,-25.52425],[-56.998147,-25.52425],[-56.998147,-25.52515],[-56.997247,-25.52515],[-56.997247,-25.52335],[-56.998147,-25.52335],[-56.998147,-25.521549999999998],[-56.999947000000006,-25.521549999999998],[-56.999947000000006,-25.52425],[-57.000847,-25.52425],[-57.000847,-25.51975],[-56.999947000000006,-25.51975],[-56.999947000000006,-25.51885],[-56.997247,-25.51885],[-56.997247,-25.51975],[-56.99634700000001,-25.51975],[-56.99634700000001,-25.5184],[-56.988247,-25.5184],[-56.988247,-25.51885],[-56.989147,-25.51885],[-56.989147,-25.51975],[-56.988247,-25.51975],[-56.988247,-25.52065],[-56.985547000000004,-25.52065],[-56.985547000000004,-25.521549999999998],[-56.986447000000005,-25.521549999999998],[-56.986447000000005,-25.52245],[-56.988247,-25.52245],[-56.988247,-25.52335],[-56.98734700000001,-25.52335],[-56.98734700000001,-25.52425],[-56.985547000000004,-25.52425],[-56.985547000000004,-25.52245],[-56.983747,-25.52245],[-56.983747,-25.52065],[-56.98284700000001,-25.52065],[-56.98284700000001,-25.51885],[-56.981947000000005,-25.51885],[-56.981947000000005,-25.5184],[-56.980147,-25.5184],[-56.980147,-25.51885],[-56.979247,-25.51885],[-56.979247,-25.51975],[-56.97834700000001,-25.51975],[-56.97834700000001,-25.51885],[-56.977447000000005,-25.51885],[-56.977447000000005,-25.521549999999998],[-56.97834700000001,-25.521549999999998],[-56.97834700000001,-25.52245],[-56.976547000000004,-25.52245],[-56.976547000000004,-25.52425],[-56.975647,-25.52425],[-56.975647,-25.52515],[-56.973847000000006,-25.52515],[-56.973847000000006,-25.52425],[-56.972947000000005,-25.52425],[-56.972947000000005,-25.52515],[-56.972047,-25.52515],[-56.972047,-25.521549999999998],[-56.971147,-25.521549999999998],[-56.971147,-25.51975],[-56.972047,-25.51975],[-56.972047,-25.52065],[-56.972947000000005,-25.52065],[-56.972947000000005,-25.51975],[-56.973847000000006,-25.51975],[-56.973847000000006,-25.5184],[-56.972047,-25.5184],[-56.972047,-25.51885],[-56.970247,-25.51885],[-56.970247,-25.5184],[-56.969347000000006,-25.5184],[-56.969347000000006,-25.52065],[-56.968447000000005,-25.52065],[-56.968447000000005,-25.52335],[-56.966647,-25.52335],[-56.966647,-25.52425],[-56.965747,-25.52425],[-56.965747,-25.52515],[-56.963947000000005,-25.52515],[-56.963947000000005,-25.52425],[-56.963047,-25.52425],[-56.963047,-25.52335],[-56.963947000000005,-25.52335],[-56.963947000000005,-25.52245],[-56.962147,-25.52245],[-56.962147,-25.52065],[-56.963947000000005,-25.52065],[-56.963947000000005,-25.51975],[-56.962147,-25.51975],[-56.962147,-25.51885],[-56.96124700000001,-25.51885],[-56.96124700000001,-25.51975],[-56.960347000000006,-25.51975],[-56.960347000000006,-25.52065],[-56.959447000000004,-25.52065],[-56.959447000000004,-25.521549999999998],[-56.957647,-25.521549999999998],[-56.957647,-25.52245],[-56.95674700000001,-25.52245],[-56.95674700000001,-25.52425],[-56.959447000000004,-25.52425],[-56.959447000000004,-25.52515],[-56.96124700000001,-25.52515],[-56.96124700000001,-25.526049999999998],[-56.962147,-25.526049999999998],[-56.962147,-25.52695],[-56.963947000000005,-25.52695],[-56.963947000000005,-25.527849999999997],[-56.966647,-25.527849999999997],[-56.966647,-25.52875],[-56.967547,-25.52875],[-56.967547,-25.530549999999998],[-56.970247,-25.530549999999998],[-56.970247,-25.52875],[-56.972047,-25.52875],[-56.972047,-25.530549999999998],[-56.972947000000005,-25.530549999999998],[-56.972947000000005,-25.53145],[-56.973847000000006,-25.53145],[-56.973847000000006,-25.53325],[-56.970247,-25.53325],[-56.970247,-25.532349999999997],[-56.969347000000006,-25.532349999999997],[-56.969347000000006,-25.53325],[-56.968447000000005,-25.53325],[-56.968447000000005,-25.53415],[-56.971147,-25.53415],[-56.971147,-25.53505],[-56.970247,-25.53505],[-56.970247,-25.53595],[-56.971147,-25.53595],[-56.971147,-25.536849999999998],[-56.970247,-25.536849999999998],[-56.970247,-25.53865],[-56.973847000000006,-25.53865],[-56.973847000000006,-25.53955],[-56.972947000000005,-25.53955],[-56.972947000000005,-25.54045],[-56.972047,-25.54045],[-56.972047,-25.541349999999998],[-56.971147,-25.541349999999998],[-56.971147,-25.54045],[-56.970247,-25.54045],[-56.970247,-25.541349999999998],[-56.966647,-25.541349999999998],[-56.966647,-25.54045],[-56.962147,-25.54045],[-56.962147,-25.53955],[-56.963047,-25.53955],[-56.963047,-25.53775],[-56.963947000000005,-25.53775],[-56.963947000000005,-25.536849999999998],[-56.962147,-25.536849999999998],[-56.962147,-25.53775],[-56.959447000000004,-25.53775],[-56.959447000000004,-25.536849999999998],[-56.957647,-25.536849999999998],[-56.957647,-25.53955],[-56.954947000000004,-25.53955],[-56.954947000000004,-25.54045],[-56.953147,-25.54045],[-56.953147,-25.541349999999998],[-56.954047,-25.541349999999998],[-56.954047,-25.54225],[-56.957647,-25.54225],[-56.957647,-25.54315],[-56.962147,-25.54315],[-56.962147,-25.54405],[-56.963047,-25.54405],[-56.963047,-25.54495],[-56.968447000000005,-25.54495],[-56.968447000000005,-25.545849999999998],[-56.970247,-25.545849999999998],[-56.970247,-25.54495],[-56.972047,-25.54495],[-56.972047,-25.545849999999998],[-56.972947000000005,-25.545849999999998],[-56.972947000000005,-25.54495],[-56.973847000000006,-25.54495],[-56.973847000000006,-25.54405],[-56.974747,-25.54405],[-56.974747,-25.54225],[-56.975647,-25.54225],[-56.975647,-25.54315],[-56.977447000000005,-25.54315],[-56.977447000000005,-25.54405],[-56.975647,-25.54405],[-56.975647,-25.54495],[-56.979247,-25.54495],[-56.979247,-25.54405],[-56.981947000000005,-25.54405],[-56.981947000000005,-25.54495],[-56.983747,-25.54495],[-56.983747,-25.545849999999998],[-56.984647,-25.545849999999998],[-56.984647,-25.547649999999997],[-56.985547000000004,-25.547649999999997],[-56.985547000000004,-25.54945],[-56.986447000000005,-25.54945],[-56.986447000000005,-25.552149999999997],[-56.98734700000001,-25.552149999999997],[-56.98734700000001,-25.55305],[-56.988247,-25.55305],[-56.988247,-25.55575],[-56.989147,-25.55575],[-56.989147,-25.55485],[-56.990947000000006,-25.55485],[-56.990947000000006,-25.556649999999998],[-56.99184700000001,-25.556649999999998],[-56.99184700000001,-25.55845],[-56.992747,-25.55845],[-56.992747,-25.55755],[-56.993647,-25.55755],[-56.993647,-25.55845],[-56.997247,-25.55845],[-56.997247,-25.55755],[-56.998147,-25.55755],[-56.998147,-25.556649999999998],[-56.999947000000006,-25.556649999999998],[-56.999947000000006,-25.55845],[-57.000847,-25.55845],[-57.000847,-25.550349999999998],[-56.999947000000006,-25.550349999999998],[-56.999947000000006,-25.54945],[-57.000847,-25.54945],[-57.000847,-25.547649999999997],[-56.999947000000006,-25.547649999999997],[-56.999947000000006,-25.54675],[-56.999047000000004,-25.54675],[-56.999047000000004,-25.547649999999997],[-56.997247,-25.547649999999997],[-56.997247,-25.54675],[-56.994547000000004,-25.54675],[-56.994547000000004,-25.547649999999997],[-56.993647,-25.547649999999997],[-56.993647,-25.54945],[-56.992747,-25.54945],[-56.992747,-25.54855],[-56.99184700000001,-25.54855],[-56.99184700000001,-25.54675],[-56.992747,-25.54675],[-56.992747,-25.545849999999998],[-56.99184700000001,-25.545849999999998],[-56.99184700000001,-25.54405],[-56.988247,-25.54405],[-56.988247,-25.545849999999998],[-56.98734700000001,-25.545849999999998],[-56.98734700000001,-25.54495],[-56.986447000000005,-25.54495],[-56.986447000000005,-25.54405],[-56.98734700000001,-25.54405],[-56.98734700000001,-25.54315],[-56.986447000000005,-25.54315],[-56.986447000000005,-25.541349999999998],[-56.98734700000001,-25.541349999999998],[-56.98734700000001,-25.54045],[-56.988247,-25.54045],[-56.988247,-25.53865],[-56.989147,-25.53865],[-56.989147,-25.53955],[-56.990047000000004,-25.53955],[-56.990047000000004,-25.53775],[-56.988247,-25.53775],[-56.988247,-25.53595],[-56.98734700000001,-25.53595],[-56.98734700000001,-25.53505],[-56.986447000000005,-25.53505],[-56.986447000000005,-25.53145],[-56.98734700000001,-25.53145],[-56.98734700000001,-25.52875],[-56.989147,-25.52875],[-56.989147,-25.527849999999997],[-56.988247,-25.527849999999997],[-56.988247,-25.526049999999998],[-56.989147,-25.526049999999998],[-56.989147,-25.52695],[-56.99184700000001,-25.52695],[-56.99184700000001,-25.527849999999997],[-56.992747,-25.527849999999997],[-56.992747,-25.52875],[-56.993647,-25.52875],[-56.993647,-25.532349999999997],[-56.992747,-25.532349999999997],[-56.992747,-25.53325],[-56.99184700000001,-25.53325],[-56.99184700000001,-25.53415],[-56.990047000000004,-25.53415],[-56.990047000000004,-25.53505],[-56.990947000000006,-25.53505],[-56.990947000000006,-25.53595],[-56.994547000000004,-25.53595],[-56.994547000000004,-25.53775],[-56.995447000000006,-25.53775],[-56.995447000000006,-25.53865],[-56.99634700000001,-25.53865],[-56.99634700000001,-25.53775],[-56.997247,-25.53775],[-56.997247,-25.53595],[-56.999047000000004,-25.53595],[-56.999047000000004,-25.53415],[-56.998147,-25.53415],[-56.998147,-25.532349999999997],[-56.999047000000004,-25.532349999999997],[-56.999047000000004,-25.53325],[-56.999947000000006,-25.53325],[-56.999947000000006,-25.53415],[-57.000847,-25.53415],[-57.000847,-25.52965],[-56.999947000000006,-25.52965],[-56.999947000000006,-25.52875],[-56.999047000000004,-25.52875],[-56.999047000000004,-25.527849999999997],[-56.995447000000006,-25.527849999999997],[-56.995447000000006,-25.52875],[-56.994547000000004,-25.52875],[-56.994547000000004,-25.527849999999997],[-56.993647,-25.527849999999997],[-56.993647,-25.52695],[-56.992747,-25.52695],[-56.992747,-25.526049999999998],[-56.993647,-25.526049999999998],[-56.993647,-25.52425],[-56.992747,-25.52425],[-56.992747,-25.52245],[-56.993647,-25.52245],[-56.993647,-25.521549999999998],[-56.994547000000004,-25.521549999999998],[-56.994547000000004,-25.52245],[-56.995447000000006,-25.52245],[-56.995447000000006,-25.52425]],[[-56.989147,-25.52065],[-56.989147,-25.521549999999998],[-56.988247,-25.521549999999998],[-56.988247,-25.52065],[-56.989147,-25.52065]],[[-56.981047000000004,-25.51975],[-56.981047000000004,-25.52065],[-56.980147,-25.52065],[-56.980147,-25.521549999999998],[-56.979247,-25.521549999999998],[-56.979247,-25.51975],[-56.981047000000004,-25.51975]],[[-56.981947000000005,-25.52065],[-56.981947000000005,-25.521549999999998],[-56.981047000000004,-25.521549999999998],[-56.981047000000004,-25.52065],[-56.981947000000005,-25.52065]],[[-56.970247,-25.52065],[-56.970247,-25.52335],[-56.969347000000006,-25.52335],[-56.969347000000006,-25.52065],[-56.970247,-25.52065]],[[-56.960347000000006,-25.521549999999998],[-56.960347000000006,-25.52245],[-56.959447000000004,-25.52245],[-56.959447000000004,-25.521549999999998],[-56.960347000000006,-25.521549999999998]],[[-56.96124700000001,-25.53955],[-56.96124700000001,-25.53865],[-56.962147,-25.53865],[-56.962147,-25.53955],[-56.96124700000001,-25.53955]],[[-56.995447000000006,-25.55755],[-56.995447000000006,-25.556649999999998],[-56.997247,-25.556649999999998],[-56.997247,-25.55755],[-56.995447000000006,-25.55755]],[[-56.995447000000006,-25.547649999999997],[-56.995447000000006,-25.54855],[-56.994547000000004,-25.54855],[-56.994547000000004,-25.547649999999997],[-56.995447000000006,-25.547649999999997]],[[-56.985547000000004,-25.53145],[-56.985547000000004,-25.530549999999998],[-56.984647,-25.530549999999998],[-56.984647,-25.52965],[-56.983747,-25.52965],[-56.983747,-25.53145],[-56.98284700000001,-25.53145],[-56.98284700000001,-25.532349999999997],[-56.981947000000005,-25.532349999999997],[-56.981947000000005,-25.53145],[-56.980147,-25.53145],[-56.980147,-25.52965],[-56.979247,-25.52965],[-56.979247,-25.52875],[-56.97834700000001,-25.52875],[-56.97834700000001,-25.52425],[-56.977447000000005,-25.52425],[-56.977447000000005,-25.52335],[-56.981047000000004,-25.52335],[-56.981047000000004,-25.52245],[-56.981947000000005,-25.52245],[-56.981947000000005,-25.52335],[-56.98284700000001,-25.52335],[-56.98284700000001,-25.52425],[-56.983747,-25.52425],[-56.983747,-25.52515],[-56.985547000000004,-25.52515],[-56.985547000000004,-25.52695],[-56.986447000000005,-25.52695],[-56.986447000000005,-25.527849999999997],[-56.985547000000004,-25.527849999999997],[-56.985547000000004,-25.52965],[-56.986447000000005,-25.52965],[-56.986447000000005,-25.53145],[-56.985547000000004,-25.53145]],[[-56.985547000000004,-25.53325],[-56.983747,-25.53325],[-56.983747,-25.532349999999997],[-56.984647,-25.532349999999997],[-56.984647,-25.53145],[-56.985547000000004,-25.53145],[-56.985547000000004,-25.53325]],[[-56.98734700000001,-25.526049999999998],[-56.98734700000001,-25.52515],[-56.988247,-25.52515],[-56.988247,-25.526049999999998],[-56.98734700000001,-25.526049999999998]],[[-56.989147,-25.52425],[-56.990947000000006,-25.52425],[-56.990947000000006,-25.52245],[-56.99184700000001,-25.52245],[-56.99184700000001,-25.52515],[-56.990947000000006,-25.52515],[-56.990947000000006,-25.526049999999998],[-56.989147,-25.526049999999998],[-56.989147,-25.52425]],[[-56.99634700000001,-25.53595],[-56.99634700000001,-25.53505],[-56.997247,-25.53505],[-56.997247,-25.53595],[-56.99634700000001,-25.53595]],[[-56.999947000000006,-25.53145],[-56.999047000000004,-25.53145],[-56.999047000000004,-25.52965],[-56.999947000000006,-25.52965],[-56.999947000000006,-25.53145]],[[-56.997247,-25.52875],[-56.997247,-25.52965],[-56.995447000000006,-25.52965],[-56.995447000000006,-25.52875],[-56.997247,-25.52875]],[[-56.995447000000006,-25.521549999999998],[-56.99634700000001,-25.521549999999998],[-56.99634700000001,-25.52245],[-56.995447000000006,-25.52245],[-56.995447000000006,-25.521549999999998]],[[-56.99184700000001,-25.521549999999998],[-56.990947000000006,-25.521549999999998],[-56.990947000000006,-25.52065],[-56.99184700000001,-25.52065],[-56.99184700000001,-25.521549999999998]],[[-56.971147,-25.52515],[-56.969347000000006,-25.52515],[-56.969347000000006,-25.52425],[-56.971147,-25.52425],[-56.971147,-25.52515]],[[-56.973847000000006,-25.527849999999997],[-56.972947000000005,-25.527849999999997],[-56.972947000000005,-25.52695],[-56.972047,-25.52695],[-56.972047,-25.526049999999998],[-56.973847000000006,-25.526049999999998],[-56.973847000000006,-25.527849999999997]],[[-56.970247,-25.52695],[-56.969347000000006,-25.52695],[-56.969347000000006,-25.526049999999998],[-56.970247,-25.526049999999998],[-56.970247,-25.52695]],[[-56.966647,-25.52695],[-56.964847000000006,-25.52695],[-56.964847000000006,-25.526049999999998],[-56.966647,-25.526049999999998],[-56.966647,-25.52695]],[[-56.977447000000005,-25.530549999999998],[-56.97834700000001,-25.530549999999998],[-56.97834700000001,-25.53145],[-56.977447000000005,-25.53145],[-56.977447000000005,-25.530549999999998]],[[-56.979247,-25.53145],[-56.979247,-25.532349999999997],[-56.981047000000004,-25.532349999999997],[-56.981047000000004,-25.53325],[-56.980147,-25.53325],[-56.980147,-25.53415],[-56.97834700000001,-25.53415],[-56.97834700000001,-25.53145],[-56.979247,-25.53145]],[[-56.97834700000001,-25.53505],[-56.979247,-25.53505],[-56.979247,-25.53595],[-56.980147,-25.53595],[-56.980147,-25.53505],[-56.981047000000004,-25.53505],[-56.981047000000004,-25.53595],[-56.981947000000005,-25.53595],[-56.981947000000005,-25.53775],[-56.98284700000001,-25.53775],[-56.98284700000001,-25.53865],[-56.97834700000001,-25.53865],[-56.97834700000001,-25.53775],[-56.975647,-25.53775],[-56.975647,-25.53955],[-56.974747,-25.53955],[-56.974747,-25.53775],[-56.973847000000006,-25.53775],[-56.973847000000006,-25.53595],[-56.974747,-25.53595],[-56.974747,-25.53325],[-56.975647,-25.53325],[-56.975647,-25.53415],[-56.97834700000001,-25.53415],[-56.97834700000001,-25.53505]],[[-56.977447000000005,-25.53325],[-56.976547000000004,-25.53325],[-56.976547000000004,-25.53145],[-56.977447000000005,-25.53145],[-56.977447000000005,-25.53325]],[[-56.995447000000006,-25.532349999999997],[-56.994547000000004,-25.532349999999997],[-56.994547000000004,-25.53145],[-56.995447000000006,-25.53145],[-56.995447000000006,-25.532349999999997]],[[-56.986447000000005,-25.53775],[-56.98734700000001,-25.53775],[-56.98734700000001,-25.53865],[-56.986447000000005,-25.53865],[-56.986447000000005,-25.53955],[-56.985547000000004,-25.53955],[-56.985547000000004,-25.53775],[-56.983747,-25.53775],[-56.983747,-25.53595],[-56.986447000000005,-25.53595],[-56.986447000000005,-25.53775]],[[-56.984647,-25.53955],[-56.983747,-25.53955],[-56.983747,-25.53865],[-56.984647,-25.53865],[-56.984647,-25.53955]],[[-56.984647,-25.54315],[-56.983747,-25.54315],[-56.983747,-25.54225],[-56.984647,-25.54225],[-56.984647,-25.54315]],[[-56.964847000000006,-25.54315],[-56.963947000000005,-25.54315],[-56.963947000000005,-25.54225],[-56.964847000000006,-25.54225],[-56.964847000000006,-25.54315]],[[-56.989147,-25.54855],[-56.988247,-25.54855],[-56.988247,-25.547649999999997],[-56.989147,-25.547649999999997],[-56.989147,-25.54855]],[[-56.999947000000006,-25.55395],[-56.999047000000004,-25.55395],[-56.999047000000004,-25.55125],[-56.999947000000006,-25.55125],[-56.999947000000006,-25.55395]],[[-56.99184700000001,-25.55395],[-56.990947000000006,-25.55395],[-56.990947000000006,-25.55125],[-56.99184700000001,-25.55125],[-56.99184700000001,-25.55395]],[[-56.99634700000001,-25.55395],[-56.995447000000006,-25.55395],[-56.995447000000006,-25.55305],[-56.99634700000001,-25.55305],[-56.99634700000001,-25.55395]],[[-56.994547000000004,-25.55485],[-56.993647,-25.55485],[-56.993647,-25.55395],[-56.994547000000004,-25.55395],[-56.994547000000004,-25.55485]]]}},{"type":"Feature","properties":{"category":"ndvi_canopy","class":2,"ndvi_low":0.45,"ndvi_high":0.6,"name":"Open forest","color":"#22c55e","fill_color":"#22c55e","description":"Open canopy forest such as the LQV parcel \u2014 partial cover.","source":"Sentinel-2 L2A NDVI 4-class polygonised"},"geometry":{"type":"Polygon","coordinates":[[[-56.963947000000005,-25.55935],[-56.963947000000005,-25.56025],[-56.964847000000006,-25.56025],[-56.964847000000006,-25.55935],[-56.963947000000005,-25.55935]]]}},{"type":"Feature","properties":{"category":"ndvi_canopy","class":2,"ndvi_low":0.45,"ndvi_high":0.6,"name":"Open forest","color":"#22c55e","fill_color":"#22c55e","description":"Open canopy forest such as the LQV parcel \u2014 partial cover.","source":"Sentinel-2 L2A NDVI 4-class polygonised"},"geometry":{"type":"Polygon","coordinates":[[[-56.958547,-25.55935],[-56.958547,-25.56025],[-56.959447000000004,-25.56025],[-56.959447000000004,-25.55935],[-56.958547,-25.55935]]]}},{"type":"Feature","properties":{"category":"ndvi_canopy","class":2,"ndvi_low":0.45,"ndvi_high":0.6,"name":"Open forest","color":"#22c55e","fill_color":"#22c55e","description":"Open canopy forest such as the LQV parcel \u2014 partial cover.","source":"Sentinel-2 L2A NDVI 4-class polygonised"},"geometry":{"type":"Polygon","coordinates":[[[-56.932447,-25.561149999999998],[-56.932447,-25.556649999999998],[-56.930765,-25.556649999999998],[-56.930765,-25.55755],[-56.931547,-25.55755],[-56.931547,-25.55935],[-56.930765,-25.55935],[-56.930765,-25.561149999999998],[-56.932447,-25.561149999999998]]]}},{"type":"Feature","properties":{"category":"ndvi_canopy","class":2,"ndvi_low":0.45,"ndvi_high":0.6,"name":"Open forest","color":"#22c55e","fill_color":"#22c55e","description":"Open canopy forest such as the LQV parcel \u2014 partial cover.","source":"Sentinel-2 L2A NDVI 4-class polygonised"},"geometry":{"type":"Polygon","coordinates":[[[-56.994547000000004,-25.56025],[-56.994547000000004,-25.561149999999998],[-56.995447000000006,-25.561149999999998],[-56.995447000000006,-25.56025],[-56.994547000000004,-25.56025]]]}},{"type":"Feature","properties":{"category":"ndvi_canopy","class":2,"ndvi_low":0.45,"ndvi_high":0.6,"name":"Open forest","color":"#22c55e","fill_color":"#22c55e","description":"Open canopy forest such as the LQV parcel \u2014 partial cover.","source":"Sentinel-2 L2A NDVI 4-class polygonised"},"geometry":{"type":"Polygon","coordinates":[[[-56.967547,-25.561149999999998],[-56.967547,-25.56205],[-56.968447000000005,-25.56205],[-56.968447000000005,-25.561149999999998],[-56.967547,-25.561149999999998]]]}},{"type":"Feature","properties":{"category":"ndvi_canopy","class":2,"ndvi_low":0.45,"ndvi_high":0.6,"name":"Open forest","color":"#22c55e","fill_color":"#22c55e","description":"Open canopy forest such as the LQV parcel \u2014 partial cover.","source":"Sentinel-2 L2A NDVI 4-class polygonised"},"geometry":{"type":"Polygon","coordinates":[[[-56.954047,-25.56205],[-56.954047,-25.56295],[-56.954947000000004,-25.56295],[-56.954947000000004,-25.56205],[-56.954047,-25.56205]]]}},{"type":"Feature","properties":{"category":"ndvi_canopy","class":2,"ndvi_low":0.45,"ndvi_high":0.6,"name":"Open forest","color":"#22c55e","fill_color":"#22c55e","description":"Open canopy forest such as the LQV parcel \u2014 partial cover.","source":"Sentinel-2 L2A NDVI 4-class polygonised"},"geometry":{"type":"Polygon","coordinates":[[[-56.954047,-25.56475],[-56.954047,-25.565649999999998],[-56.954947000000004,-25.565649999999998],[-56.954947000000004,-25.56475],[-56.954047,-25.56475]]]}},{"type":"Feature","properties":{"category":"ndvi_canopy","class":2,"ndvi_low":0.45,"ndvi_high":0.6,"name":"Open forest","color":"#22c55e","fill_color":"#22c55e","description":"Open canopy forest such as the LQV parcel \u2014 partial cover.","source":"Sentinel-2 L2A NDVI 4-class polygonised"},"geometry":{"type":"Polygon","coordinates":[[[-56.951347000000005,-25.56475],[-56.951347000000005,-25.565649999999998],[-56.95224700000001,-25.565649999999998],[-56.95224700000001,-25.56475],[-56.951347000000005,-25.56475]]]}},{"type":"Feature","properties":{"category":"ndvi_canopy","class":2,"ndvi_low":0.45,"ndvi_high":0.6,"name":"Open forest","color":"#22c55e","fill_color":"#22c55e","description":"Open canopy forest such as the LQV parcel \u2014 partial cover.","source":"Sentinel-2 L2A NDVI 4-class polygonised"},"geometry":{"type":"Polygon","coordinates":[[[-56.954047,-25.56835],[-56.954047,-25.56925],[-56.954947000000004,-25.56925],[-56.954947000000004,-25.56835],[-56.954047,-25.56835]]]}},{"type":"Feature","properties":{"category":"ndvi_canopy","class":2,"ndvi_low":0.45,"ndvi_high":0.6,"name":"Open forest","color":"#22c55e","fill_color":"#22c55e","description":"Open canopy forest such as the LQV parcel \u2014 partial cover.","source":"Sentinel-2 L2A NDVI 4-class polygonised"},"geometry":{"type":"Polygon","coordinates":[[[-56.979247,-25.57105],[-56.979247,-25.571949999999998],[-56.980147,-25.571949999999998],[-56.980147,-25.57105],[-56.979247,-25.57105]]]}},{"type":"Feature","properties":{"category":"ndvi_canopy","class":2,"ndvi_low":0.45,"ndvi_high":0.6,"name":"Open forest","color":"#22c55e","fill_color":"#22c55e","description":"Open canopy forest such as the LQV parcel \u2014 partial cover.","source":"Sentinel-2 L2A NDVI 4-class polygonised"},"geometry":{"type":"Polygon","coordinates":[[[-56.936947,-25.57105],[-56.936947,-25.57285],[-56.937847000000005,-25.57285],[-56.937847000000005,-25.57105],[-56.936947,-25.57105]]]}},{"type":"Feature","properties":{"category":"ndvi_canopy","class":2,"ndvi_low":0.45,"ndvi_high":0.6,"name":"Open forest","color":"#22c55e","fill_color":"#22c55e","description":"Open canopy forest such as the LQV parcel \u2014 partial cover.","source":"Sentinel-2 L2A NDVI 4-class polygonised"},"geometry":{"type":"Polygon","coordinates":[[[-56.97834700000001,-25.571949999999998],[-56.97834700000001,-25.57285],[-56.979247,-25.57285],[-56.979247,-25.571949999999998],[-56.97834700000001,-25.571949999999998]]]}},{"type":"Feature","properties":{"category":"ndvi_canopy","class":2,"ndvi_low":0.45,"ndvi_high":0.6,"name":"Open forest","color":"#22c55e","fill_color":"#22c55e","description":"Open canopy forest such as the LQV parcel \u2014 partial cover.","source":"Sentinel-2 L2A NDVI 4-class polygonised"},"geometry":{"type":"Polygon","coordinates":[[[-56.976547000000004,-25.571949999999998],[-56.976547000000004,-25.57285],[-56.977447000000005,-25.57285],[-56.977447000000005,-25.571949999999998],[-56.976547000000004,-25.571949999999998]]]}},{"type":"Feature","properties":{"category":"ndvi_canopy","class":2,"ndvi_low":0.45,"ndvi_high":0.6,"name":"Open forest","color":"#22c55e","fill_color":"#22c55e","description":"Open canopy forest such as the LQV parcel \u2014 partial cover.","source":"Sentinel-2 L2A NDVI 4-class polygonised"},"geometry":{"type":"Polygon","coordinates":[[[-56.980147,-25.57285],[-56.980147,-25.57375],[-56.981047000000004,-25.57375],[-56.981047000000004,-25.57285],[-56.980147,-25.57285]]]}},{"type":"Feature","properties":{"category":"ndvi_canopy","class":2,"ndvi_low":0.45,"ndvi_high":0.6,"name":"Open forest","color":"#22c55e","fill_color":"#22c55e","description":"Open canopy forest such as the LQV parcel \u2014 partial cover.","source":"Sentinel-2 L2A NDVI 4-class polygonised"},"geometry":{"type":"Polygon","coordinates":[[[-56.958547,-25.57285],[-56.958547,-25.57375],[-56.959447000000004,-25.57375],[-56.959447000000004,-25.57285],[-56.958547,-25.57285]]]}},{"type":"Feature","properties":{"category":"ndvi_canopy","class":2,"ndvi_low":0.45,"ndvi_high":0.6,"name":"Open forest","color":"#22c55e","fill_color":"#22c55e","description":"Open canopy forest such as the LQV parcel \u2014 partial cover.","source":"Sentinel-2 L2A NDVI 4-class polygonised"},"geometry":{"type":"Polygon","coordinates":[[[-56.954047,-25.571949999999998],[-56.954047,-25.57555],[-56.954947000000004,-25.57555],[-56.954947000000004,-25.57465],[-56.955847000000006,-25.57465],[-56.955847000000006,-25.57375],[-56.95674700000001,-25.57375],[-56.95674700000001,-25.57285],[-56.954947000000004,-25.57285],[-56.954947000000004,-25.571949999999998],[-56.954047,-25.571949999999998]]]}},{"type":"Feature","properties":{"category":"ndvi_canopy","class":2,"ndvi_low":0.45,"ndvi_high":0.6,"name":"Open forest","color":"#22c55e","fill_color":"#22c55e","description":"Open canopy forest such as the LQV parcel \u2014 partial cover.","source":"Sentinel-2 L2A NDVI 4-class polygonised"},"geometry":{"type":"Polygon","coordinates":[[[-56.971147,-25.57465],[-56.971147,-25.57555],[-56.973847000000006,-25.57555],[-56.973847000000006,-25.57465],[-56.971147,-25.57465]]]}},{"type":"Feature","properties":{"category":"ndvi_canopy","class":2,"ndvi_low":0.45,"ndvi_high":0.6,"name":"Open forest","color":"#22c55e","fill_color":"#22c55e","description":"Open canopy forest such as the LQV parcel \u2014 partial cover.","source":"Sentinel-2 L2A NDVI 4-class polygonised"},"geometry":{"type":"Polygon","coordinates":[[[-56.95674700000001,-25.57375],[-56.95674700000001,-25.57555],[-56.959447000000004,-25.57555],[-56.959447000000004,-25.57465],[-56.958547,-25.57465],[-56.958547,-25.57375],[-56.95674700000001,-25.57375]]]}},{"type":"Feature","properties":{"category":"ndvi_canopy","class":2,"ndvi_low":0.45,"ndvi_high":0.6,"name":"Open forest","color":"#22c55e","fill_color":"#22c55e","description":"Open canopy forest such as the LQV parcel \u2014 partial cover.","source":"Sentinel-2 L2A NDVI 4-class polygonised"},"geometry":{"type":"Polygon","coordinates":[[[-56.95224700000001,-25.57555],[-56.95224700000001,-25.576449999999998],[-56.954047,-25.576449999999998],[-56.954047,-25.57555],[-56.95224700000001,-25.57555]]]}},{"type":"Feature","properties":{"category":"ndvi_canopy","class":2,"ndvi_low":0.45,"ndvi_high":0.6,"name":"Open forest","color":"#22c55e","fill_color":"#22c55e","description":"Open canopy forest such as the LQV parcel \u2014 partial cover.","source":"Sentinel-2 L2A NDVI 4-class polygonised"},"geometry":{"type":"Polygon","coordinates":[[[-56.932447,-25.57735],[-56.932447,-25.576449999999998],[-56.934247000000006,-25.576449999999998],[-56.934247000000006,-25.57735],[-56.936047,-25.57735],[-56.936047,-25.57555],[-56.931547,-25.57555],[-56.931547,-25.57465],[-56.930765,-25.57465],[-56.930765,-25.57735],[-56.932447,-25.57735]]]}},{"type":"Feature","properties":{"category":"ndvi_canopy","class":2,"ndvi_low":0.45,"ndvi_high":0.6,"name":"Open forest","color":"#22c55e","fill_color":"#22c55e","description":"Open canopy forest such as the LQV parcel \u2014 partial cover.","source":"Sentinel-2 L2A NDVI 4-class polygonised"},"geometry":{"type":"Polygon","coordinates":[[[-56.972947000000005,-25.576449999999998],[-56.972947000000005,-25.57735],[-56.973847000000006,-25.57735],[-56.973847000000006,-25.576449999999998],[-56.972947000000005,-25.576449999999998]]]}},{"type":"Feature","properties":{"category":"ndvi_canopy","class":2,"ndvi_low":0.45,"ndvi_high":0.6,"name":"Open forest","color":"#22c55e","fill_color":"#22c55e","description":"Open canopy forest such as the LQV parcel \u2014 partial cover.","source":"Sentinel-2 L2A NDVI 4-class polygonised"},"geometry":{"type":"Polygon","coordinates":[[[-56.94774700000001,-25.576449999999998],[-56.94774700000001,-25.57735],[-56.948647,-25.57735],[-56.948647,-25.576449999999998],[-56.94774700000001,-25.576449999999998]]]}},{"type":"Feature","properties":{"category":"ndvi_canopy","class":2,"ndvi_low":0.45,"ndvi_high":0.6,"name":"Open forest","color":"#22c55e","fill_color":"#22c55e","description":"Open canopy forest such as the LQV parcel \u2014 partial cover.","source":"Sentinel-2 L2A NDVI 4-class polygonised"},"geometry":{"type":"Polygon","coordinates":[[[-56.990947000000006,-25.57735],[-56.990947000000006,-25.57825],[-56.99184700000001,-25.57825],[-56.99184700000001,-25.57735],[-56.990947000000006,-25.57735]]]}},{"type":"Feature","properties":{"category":"ndvi_canopy","class":2,"ndvi_low":0.45,"ndvi_high":0.6,"name":"Open forest","color":"#22c55e","fill_color":"#22c55e","description":"Open canopy forest such as the LQV parcel \u2014 partial cover.","source":"Sentinel-2 L2A NDVI 4-class polygonised"},"geometry":{"type":"Polygon","coordinates":[[[-56.979247,-25.57735],[-56.979247,-25.57825],[-56.980147,-25.57825],[-56.980147,-25.57735],[-56.979247,-25.57735]]]}},{"type":"Feature","properties":{"category":"ndvi_canopy","class":2,"ndvi_low":0.45,"ndvi_high":0.6,"name":"Open forest","color":"#22c55e","fill_color":"#22c55e","description":"Open canopy forest such as the LQV parcel \u2014 partial cover.","source":"Sentinel-2 L2A NDVI 4-class polygonised"},"geometry":{"type":"Polygon","coordinates":[[[-56.973847000000006,-25.57825],[-56.973847000000006,-25.57915],[-56.974747,-25.57915],[-56.974747,-25.57825],[-56.973847000000006,-25.57825]]]}},{"type":"Feature","properties":{"category":"ndvi_canopy","class":2,"ndvi_low":0.45,"ndvi_high":0.6,"name":"Open forest","color":"#22c55e","fill_color":"#22c55e","description":"Open canopy forest such as the LQV parcel \u2014 partial cover.","source":"Sentinel-2 L2A NDVI 4-class polygonised"},"geometry":{"type":"Polygon","coordinates":[[[-56.931547,-25.57915],[-56.931547,-25.57825],[-56.930765,-25.57825],[-56.930765,-25.57915],[-56.931547,-25.57915]]]}},{"type":"Feature","properties":{"category":"ndvi_canopy","class":2,"ndvi_low":0.45,"ndvi_high":0.6,"name":"Open forest","color":"#22c55e","fill_color":"#22c55e","description":"Open canopy forest such as the LQV parcel \u2014 partial cover.","source":"Sentinel-2 L2A NDVI 4-class polygonised"},"geometry":{"type":"Polygon","coordinates":[[[-56.974747,-25.57915],[-56.974747,-25.58005],[-56.975647,-25.58005],[-56.975647,-25.57915],[-56.974747,-25.57915]]]}},{"type":"Feature","properties":{"category":"ndvi_canopy","class":2,"ndvi_low":0.45,"ndvi_high":0.6,"name":"Open forest","color":"#22c55e","fill_color":"#22c55e","description":"Open canopy forest such as the LQV parcel \u2014 partial cover.","source":"Sentinel-2 L2A NDVI 4-class polygonised"},"geometry":{"type":"Polygon","coordinates":[[[-56.972947000000005,-25.57915],[-56.972947000000005,-25.58005],[-56.973847000000006,-25.58005],[-56.973847000000006,-25.57915],[-56.972947000000005,-25.57915]]]}},{"type":"Feature","properties":{"category":"ndvi_canopy","class":2,"ndvi_low":0.45,"ndvi_high":0.6,"name":"Open forest","color":"#22c55e","fill_color":"#22c55e","description":"Open canopy forest such as the LQV parcel \u2014 partial cover.","source":"Sentinel-2 L2A NDVI 4-class polygonised"},"geometry":{"type":"Polygon","coordinates":[[[-56.97834700000001,-25.57375],[-56.97834700000001,-25.57465],[-56.976547000000004,-25.57465],[-56.976547000000004,-25.57555],[-56.975647,-25.57555],[-56.975647,-25.576449999999998],[-56.976547000000004,-25.576449999999998],[-56.976547000000004,-25.580949999999998],[-56.97834700000001,-25.580949999999998],[-56.97834700000001,-25.58005],[-56.977447000000005,-25.58005],[-56.977447000000005,-25.57915],[-56.97834700000001,-25.57915],[-56.97834700000001,-25.57735],[-56.979247,-25.57735],[-56.979247,-25.576449999999998],[-56.980147,-25.576449999999998],[-56.980147,-25.57735],[-56.98284700000001,-25.57735],[-56.98284700000001,-25.57555],[-56.980147,-25.57555],[-56.980147,-25.57375],[-56.97834700000001,-25.57375]]]}},{"type":"Feature","properties":{"category":"ndvi_canopy","class":2,"ndvi_low":0.45,"ndvi_high":0.6,"name":"Open forest","color":"#22c55e","fill_color":"#22c55e","description":"Open canopy forest such as the LQV parcel \u2014 partial cover.","source":"Sentinel-2 L2A NDVI 4-class polygonised"},"geometry":{"type":"Polygon","coordinates":[[[-56.963047,-25.58005],[-56.963047,-25.580949999999998],[-56.963947000000005,-25.580949999999998],[-56.963947000000005,-25.58005],[-56.963047,-25.58005]]]}},{"type":"Feature","properties":{"category":"ndvi_canopy","class":2,"ndvi_low":0.45,"ndvi_high":0.6,"name":"Open forest","color":"#22c55e","fill_color":"#22c55e","description":"Open canopy forest such as the LQV parcel \u2014 partial cover.","source":"Sentinel-2 L2A NDVI 4-class polygonised"},"geometry":{"type":"Polygon","coordinates":[[[-56.936947,-25.57915],[-56.936947,-25.580949999999998],[-56.938747000000006,-25.580949999999998],[-56.938747000000006,-25.58005],[-56.937847000000005,-25.58005],[-56.937847000000005,-25.57915],[-56.936947,-25.57915]]]}},{"type":"Feature","properties":{"category":"ndvi_canopy","class":2,"ndvi_low":0.45,"ndvi_high":0.6,"name":"Open forest","color":"#22c55e","fill_color":"#22c55e","description":"Open canopy forest such as the LQV parcel \u2014 partial cover.","source":"Sentinel-2 L2A NDVI 4-class polygonised"},"geometry":{"type":"Polygon","coordinates":[[[-56.98734700000001,-25.57915],[-56.98734700000001,-25.58005],[-56.985547000000004,-25.58005],[-56.985547000000004,-25.580949999999998],[-56.98734700000001,-25.580949999999998],[-56.98734700000001,-25.58185],[-56.988247,-25.58185],[-56.988247,-25.57915],[-56.98734700000001,-25.57915]]]}},{"type":"Feature","properties":{"category":"ndvi_canopy","class":2,"ndvi_low":0.45,"ndvi_high":0.6,"name":"Open forest","color":"#22c55e","fill_color":"#22c55e","description":"Open canopy forest such as the LQV parcel \u2014 partial cover.","source":"Sentinel-2 L2A NDVI 4-class polygonised"},"geometry":{"type":"Polygon","coordinates":[[[-56.98284700000001,-25.58185],[-56.98284700000001,-25.58275],[-56.983747,-25.58275],[-56.983747,-25.58185],[-56.98284700000001,-25.58185]]]}},{"type":"Feature","properties":{"category":"ndvi_canopy","class":2,"ndvi_low":0.45,"ndvi_high":0.6,"name":"Open forest","color":"#22c55e","fill_color":"#22c55e","description":"Open canopy forest such as the LQV parcel \u2014 partial cover.","source":"Sentinel-2 L2A NDVI 4-class polygonised"},"geometry":{"type":"Polygon","coordinates":[[[-56.977447000000005,-25.58185],[-56.977447000000005,-25.58275],[-56.97834700000001,-25.58275],[-56.97834700000001,-25.58185],[-56.977447000000005,-25.58185]]]}},{"type":"Feature","properties":{"category":"ndvi_canopy","class":2,"ndvi_low":0.45,"ndvi_high":0.6,"name":"Open forest","color":"#22c55e","fill_color":"#22c55e","description":"Open canopy forest such as the LQV parcel \u2014 partial cover.","source":"Sentinel-2 L2A NDVI 4-class polygonised"},"geometry":{"type":"Polygon","coordinates":[[[-56.983747,-25.576449999999998],[-56.983747,-25.57825],[-56.98284700000001,-25.57825],[-56.98284700000001,-25.58005],[-56.981947000000005,-25.58005],[-56.981947000000005,-25.57825],[-56.980147,-25.57825],[-56.980147,-25.57915],[-56.979247,-25.57915],[-56.979247,-25.58005],[-56.981047000000004,-25.58005],[-56.981047000000004,-25.58365],[-56.981947000000005,-25.58365],[-56.981947000000005,-25.58185],[-56.98284700000001,-25.58185],[-56.98284700000001,-25.580949999999998],[-56.983747,-25.580949999999998],[-56.983747,-25.58005],[-56.985547000000004,-25.58005],[-56.985547000000004,-25.57915],[-56.986447000000005,-25.57915],[-56.986447000000005,-25.57825],[-56.98734700000001,-25.57825],[-56.98734700000001,-25.57735],[-56.986447000000005,-25.57735],[-56.986447000000005,-25.576449999999998],[-56.983747,-25.576449999999998]]]}},{"type":"Feature","properties":{"category":"ndvi_canopy","class":2,"ndvi_low":0.45,"ndvi_high":0.6,"name":"Open forest","color":"#22c55e","fill_color":"#22c55e","description":"Open canopy forest such as the LQV parcel \u2014 partial cover.","source":"Sentinel-2 L2A NDVI 4-class polygonised"},"geometry":{"type":"Polygon","coordinates":[[[-56.976547000000004,-25.58275],[-56.976547000000004,-25.58365],[-56.977447000000005,-25.58365],[-56.977447000000005,-25.58275],[-56.976547000000004,-25.58275]]]}},{"type":"Feature","properties":{"category":"ndvi_canopy","class":2,"ndvi_low":0.45,"ndvi_high":0.6,"name":"Open forest","color":"#22c55e","fill_color":"#22c55e","description":"Open canopy forest such as the LQV parcel \u2014 partial cover.","source":"Sentinel-2 L2A NDVI 4-class polygonised"},"geometry":{"type":"Polygon","coordinates":[[[-56.980147,-25.58365],[-56.980147,-25.58455],[-56.981047000000004,-25.58455],[-56.981047000000004,-25.58365],[-56.980147,-25.58365]]]}},{"type":"Feature","properties":{"category":"ndvi_canopy","class":2,"ndvi_low":0.45,"ndvi_high":0.6,"name":"Open forest","color":"#22c55e","fill_color":"#22c55e","description":"Open canopy forest such as the LQV parcel \u2014 partial cover.","source":"Sentinel-2 L2A NDVI 4-class polygonised"},"geometry":{"type":"Polygon","coordinates":[[[-56.948647,-25.585449999999998],[-56.948647,-25.58635],[-56.949547,-25.58635],[-56.949547,-25.585449999999998],[-56.948647,-25.585449999999998]]]}},{"type":"Feature","properties":{"category":"ndvi_canopy","class":2,"ndvi_low":0.45,"ndvi_high":0.6,"name":"Open forest","color":"#22c55e","fill_color":"#22c55e","description":"Open canopy forest such as the LQV parcel \u2014 partial cover.","source":"Sentinel-2 L2A NDVI 4-class polygonised"},"geometry":{"type":"Polygon","coordinates":[[[-56.95224700000001,-25.585449999999998],[-56.95224700000001,-25.58635],[-56.953147,-25.58635],[-56.953147,-25.587249999999997],[-56.954047,-25.587249999999997],[-56.954047,-25.585449999999998],[-56.95224700000001,-25.585449999999998]]]}},{"type":"Feature","properties":{"category":"ndvi_canopy","class":2,"ndvi_low":0.45,"ndvi_high":0.6,"name":"Open forest","color":"#22c55e","fill_color":"#22c55e","description":"Open canopy forest such as the LQV parcel \u2014 partial cover.","source":"Sentinel-2 L2A NDVI 4-class polygonised"},"geometry":{"type":"Polygon","coordinates":[[[-56.95674700000001,-25.587249999999997],[-56.95674700000001,-25.58905],[-56.957647,-25.58905],[-56.957647,-25.58815],[-56.958547,-25.58815],[-56.958547,-25.587249999999997],[-56.95674700000001,-25.587249999999997]]]}},{"type":"Feature","properties":{"category":"ndvi_canopy","class":2,"ndvi_low":0.45,"ndvi_high":0.6,"name":"Open forest","color":"#22c55e","fill_color":"#22c55e","description":"Open canopy forest such as the LQV parcel \u2014 partial cover.","source":"Sentinel-2 L2A NDVI 4-class polygonised"},"geometry":{"type":"Polygon","coordinates":[[[-56.959447000000004,-25.58815],[-56.959447000000004,-25.58905],[-56.96124700000001,-25.58905],[-56.96124700000001,-25.58815],[-56.959447000000004,-25.58815]]]}},{"type":"Feature","properties":{"category":"ndvi_canopy","class":2,"ndvi_low":0.45,"ndvi_high":0.6,"name":"Open forest","color":"#22c55e","fill_color":"#22c55e","description":"Open canopy forest such as the LQV parcel \u2014 partial cover.","source":"Sentinel-2 L2A NDVI 4-class polygonised"},"geometry":{"type":"Polygon","coordinates":[[[-56.962147,-25.58905],[-56.962147,-25.589949999999998],[-56.963047,-25.589949999999998],[-56.963047,-25.58905],[-56.962147,-25.58905]]]}},{"type":"Feature","properties":{"category":"ndvi_canopy","class":2,"ndvi_low":0.45,"ndvi_high":0.6,"name":"Open forest","color":"#22c55e","fill_color":"#22c55e","description":"Open canopy forest such as the LQV parcel \u2014 partial cover.","source":"Sentinel-2 L2A NDVI 4-class polygonised"},"geometry":{"type":"Polygon","coordinates":[[[-56.957647,-25.58905],[-56.957647,-25.589949999999998],[-56.958547,-25.589949999999998],[-56.958547,-25.58905],[-56.957647,-25.58905]]]}},{"type":"Feature","properties":{"category":"ndvi_canopy","class":2,"ndvi_low":0.45,"ndvi_high":0.6,"name":"Open forest","color":"#22c55e","fill_color":"#22c55e","description":"Open canopy forest such as the LQV parcel \u2014 partial cover.","source":"Sentinel-2 L2A NDVI 4-class polygonised"},"geometry":{"type":"Polygon","coordinates":[[[-56.958547,-25.589949999999998],[-56.958547,-25.59085],[-56.959447000000004,-25.59085],[-56.959447000000004,-25.589949999999998],[-56.958547,-25.589949999999998]]]}},{"type":"Feature","properties":{"category":"ndvi_canopy","class":2,"ndvi_low":0.45,"ndvi_high":0.6,"name":"Open forest","color":"#22c55e","fill_color":"#22c55e","description":"Open canopy forest such as the LQV parcel \u2014 partial cover.","source":"Sentinel-2 L2A NDVI 4-class polygonised"},"geometry":{"type":"Polygon","coordinates":[[[-56.931547,-25.59085],[-56.931547,-25.589949999999998],[-56.930765,-25.589949999999998],[-56.930765,-25.59085],[-56.931547,-25.59085]]]}},{"type":"Feature","properties":{"category":"ndvi_canopy","class":2,"ndvi_low":0.45,"ndvi_high":0.6,"name":"Open forest","color":"#22c55e","fill_color":"#22c55e","description":"Open canopy forest such as the LQV parcel \u2014 partial cover.","source":"Sentinel-2 L2A NDVI 4-class polygonised"},"geometry":{"type":"Polygon","coordinates":[[[-56.988247,-25.59265],[-56.988247,-25.59355],[-56.989147,-25.59355],[-56.989147,-25.59265],[-56.988247,-25.59265]]]}},{"type":"Feature","properties":{"category":"ndvi_canopy","class":2,"ndvi_low":0.45,"ndvi_high":0.6,"name":"Open forest","color":"#22c55e","fill_color":"#22c55e","description":"Open canopy forest such as the LQV parcel \u2014 partial cover.","source":"Sentinel-2 L2A NDVI 4-class polygonised"},"geometry":{"type":"Polygon","coordinates":[[[-56.999947000000006,-25.596249999999998],[-56.999947000000006,-25.59715],[-57.000847,-25.59715],[-57.000847,-25.596249999999998],[-56.999947000000006,-25.596249999999998]]]}},{"type":"Feature","properties":{"category":"ndvi_canopy","class":2,"ndvi_low":0.45,"ndvi_high":0.6,"name":"Open forest","color":"#22c55e","fill_color":"#22c55e","description":"Open canopy forest such as the LQV parcel \u2014 partial cover.","source":"Sentinel-2 L2A NDVI 4-class polygonised"},"geometry":{"type":"Polygon","coordinates":[[[-56.931547,-25.59805],[-56.931547,-25.59715],[-56.930765,-25.59715],[-56.930765,-25.59805],[-56.931547,-25.59805]]]}},{"type":"Feature","properties":{"category":"ndvi_canopy","class":2,"ndvi_low":0.45,"ndvi_high":0.6,"name":"Open forest","color":"#22c55e","fill_color":"#22c55e","description":"Open canopy forest such as the LQV parcel \u2014 partial cover.","source":"Sentinel-2 L2A NDVI 4-class polygonised"},"geometry":{"type":"Polygon","coordinates":[[[-56.937847000000005,-25.596249999999998],[-56.937847000000005,-25.59715],[-56.936947,-25.59715],[-56.936947,-25.59805],[-56.937847000000005,-25.59805],[-56.937847000000005,-25.59895],[-56.938747000000006,-25.59895],[-56.938747000000006,-25.59715],[-56.939647,-25.59715],[-56.939647,-25.596249999999998],[-56.937847000000005,-25.596249999999998]]]}},{"type":"Feature","properties":{"category":"ndvi_canopy","class":2,"ndvi_low":0.45,"ndvi_high":0.6,"name":"Open forest","color":"#22c55e","fill_color":"#22c55e","description":"Open canopy forest such as the LQV parcel \u2014 partial cover.","source":"Sentinel-2 L2A NDVI 4-class polygonised"},"geometry":{"type":"Polygon","coordinates":[[[-56.975647,-25.60165],[-56.975647,-25.602549999999997],[-56.976547000000004,-25.602549999999997],[-56.976547000000004,-25.60165],[-56.975647,-25.60165]]]}},{"type":"Feature","properties":{"category":"ndvi_canopy","class":2,"ndvi_low":0.45,"ndvi_high":0.6,"name":"Open forest","color":"#22c55e","fill_color":"#22c55e","description":"Open canopy forest such as the LQV parcel \u2014 partial cover.","source":"Sentinel-2 L2A NDVI 4-class polygonised"},"geometry":{"type":"Polygon","coordinates":[[[-56.932447,-25.602549999999997],[-56.932447,-25.60345],[-56.933347000000005,-25.60345],[-56.933347000000005,-25.602549999999997],[-56.932447,-25.602549999999997]]]}},{"type":"Feature","properties":{"category":"ndvi_canopy","class":2,"ndvi_low":0.45,"ndvi_high":0.6,"name":"Open forest","color":"#22c55e","fill_color":"#22c55e","description":"Open canopy forest such as the LQV parcel \u2014 partial cover.","source":"Sentinel-2 L2A NDVI 4-class polygonised"},"geometry":{"type":"Polygon","coordinates":[[[-56.932447,-25.60435],[-56.932447,-25.60345],[-56.930765,-25.60345],[-56.930765,-25.60435],[-56.932447,-25.60435]]]}},{"type":"Feature","properties":{"category":"ndvi_canopy","class":2,"ndvi_low":0.45,"ndvi_high":0.6,"name":"Open forest","color":"#22c55e","fill_color":"#22c55e","description":"Open canopy forest such as the LQV parcel \u2014 partial cover.","source":"Sentinel-2 L2A NDVI 4-class polygonised"},"geometry":{"type":"Polygon","coordinates":[[[-56.974747,-25.605249999999998],[-56.974747,-25.60615],[-56.975647,-25.60615],[-56.975647,-25.605249999999998],[-56.974747,-25.605249999999998]]]}},{"type":"Feature","properties":{"category":"ndvi_canopy","class":2,"ndvi_low":0.45,"ndvi_high":0.6,"name":"Open forest","color":"#22c55e","fill_color":"#22c55e","description":"Open canopy forest such as the LQV parcel \u2014 partial cover.","source":"Sentinel-2 L2A NDVI 4-class polygonised"},"geometry":{"type":"Polygon","coordinates":[[[-56.976547000000004,-25.60615],[-56.976547000000004,-25.607049999999997],[-56.977447000000005,-25.607049999999997],[-56.977447000000005,-25.60615],[-56.976547000000004,-25.60615]]]}},{"type":"Feature","properties":{"category":"ndvi_canopy","class":2,"ndvi_low":0.45,"ndvi_high":0.6,"name":"Open forest","color":"#22c55e","fill_color":"#22c55e","description":"Open canopy forest such as the LQV parcel \u2014 partial cover.","source":"Sentinel-2 L2A NDVI 4-class polygonised"},"geometry":{"type":"Polygon","coordinates":[[[-56.932447,-25.61065],[-56.932447,-25.60975],[-56.931547,-25.60975],[-56.931547,-25.60885],[-56.930765,-25.60885],[-56.930765,-25.61065],[-56.932447,-25.61065]]]}},{"type":"Feature","properties":{"category":"ndvi_canopy","class":2,"ndvi_low":0.45,"ndvi_high":0.6,"name":"Open forest","color":"#22c55e","fill_color":"#22c55e","description":"Open canopy forest such as the LQV parcel \u2014 partial cover.","source":"Sentinel-2 L2A NDVI 4-class polygonised"},"geometry":{"type":"Polygon","coordinates":[[[-56.974747,-25.61065],[-56.974747,-25.611549999999998],[-56.975647,-25.611549999999998],[-56.975647,-25.61065],[-56.974747,-25.61065]]]}},{"type":"Feature","properties":{"category":"ndvi_canopy","class":2,"ndvi_low":0.45,"ndvi_high":0.6,"name":"Open forest","color":"#22c55e","fill_color":"#22c55e","description":"Open canopy forest such as the LQV parcel \u2014 partial cover.","source":"Sentinel-2 L2A NDVI 4-class polygonised"},"geometry":{"type":"Polygon","coordinates":[[[-56.933347000000005,-25.611549999999998],[-56.933347000000005,-25.61245],[-56.934247000000006,-25.61245],[-56.934247000000006,-25.611549999999998],[-56.933347000000005,-25.611549999999998]]]}},{"type":"Feature","properties":{"category":"ndvi_canopy","class":2,"ndvi_low":0.45,"ndvi_high":0.6,"name":"Open forest","color":"#22c55e","fill_color":"#22c55e","description":"Open canopy forest such as the LQV parcel \u2014 partial cover.","source":"Sentinel-2 L2A NDVI 4-class polygonised"},"geometry":{"type":"Polygon","coordinates":[[[-56.976547000000004,-25.61245],[-56.976547000000004,-25.61335],[-56.977447000000005,-25.61335],[-56.977447000000005,-25.61245],[-56.976547000000004,-25.61245]]]}},{"type":"Feature","properties":{"category":"ndvi_canopy","class":2,"ndvi_low":0.45,"ndvi_high":0.6,"name":"Open forest","color":"#22c55e","fill_color":"#22c55e","description":"Open canopy forest such as the LQV parcel \u2014 partial cover.","source":"Sentinel-2 L2A NDVI 4-class polygonised"},"geometry":{"type":"Polygon","coordinates":[[[-56.980147,-25.616049999999998],[-56.980147,-25.61695],[-56.981047000000004,-25.61695],[-56.981047000000004,-25.616049999999998],[-56.980147,-25.616049999999998]]]}},{"type":"Feature","properties":{"category":"ndvi_canopy","class":2,"ndvi_low":0.45,"ndvi_high":0.6,"name":"Open forest","color":"#22c55e","fill_color":"#22c55e","description":"Open canopy forest such as the LQV parcel \u2014 partial cover.","source":"Sentinel-2 L2A NDVI 4-class polygonised"},"geometry":{"type":"Polygon","coordinates":[[[-56.954047,-25.616049999999998],[-56.954047,-25.61695],[-56.955847000000006,-25.61695],[-56.955847000000006,-25.616049999999998],[-56.954047,-25.616049999999998]]]}},{"type":"Feature","properties":{"category":"ndvi_canopy","class":2,"ndvi_low":0.45,"ndvi_high":0.6,"name":"Open forest","color":"#22c55e","fill_color":"#22c55e","description":"Open canopy forest such as the LQV parcel \u2014 partial cover.","source":"Sentinel-2 L2A NDVI 4-class polygonised"},"geometry":{"type":"Polygon","coordinates":[[[-56.948647,-25.616049999999998],[-56.948647,-25.61695],[-56.949547,-25.61695],[-56.949547,-25.616049999999998],[-56.948647,-25.616049999999998]]]}},{"type":"Feature","properties":{"category":"ndvi_canopy","class":2,"ndvi_low":0.45,"ndvi_high":0.6,"name":"Open forest","color":"#22c55e","fill_color":"#22c55e","description":"Open canopy forest such as the LQV parcel \u2014 partial cover.","source":"Sentinel-2 L2A NDVI 4-class polygonised"},"geometry":{"type":"Polygon","coordinates":[[[-56.942347000000005,-25.61695],[-56.942347000000005,-25.61785],[-56.944147,-25.61785],[-56.944147,-25.61695],[-56.942347000000005,-25.61695]]]}},{"type":"Feature","properties":{"category":"ndvi_canopy","class":2,"ndvi_low":0.45,"ndvi_high":0.6,"name":"Open forest","color":"#22c55e","fill_color":"#22c55e","description":"Open canopy forest such as the LQV parcel \u2014 partial cover.","source":"Sentinel-2 L2A NDVI 4-class polygonised"},"geometry":{"type":"Polygon","coordinates":[[[-56.940547,-25.61785],[-56.940547,-25.61875],[-56.941447000000004,-25.61875],[-56.941447000000004,-25.61785],[-56.940547,-25.61785]]]}},{"type":"Feature","properties":{"category":"ndvi_canopy","class":2,"ndvi_low":0.45,"ndvi_high":0.6,"name":"Open forest","color":"#22c55e","fill_color":"#22c55e","description":"Open canopy forest such as the LQV parcel \u2014 partial cover.","source":"Sentinel-2 L2A NDVI 4-class polygonised"},"geometry":{"type":"Polygon","coordinates":[[[-56.941447000000004,-25.61875],[-56.941447000000004,-25.61965],[-56.942347000000005,-25.61965],[-56.942347000000005,-25.61875],[-56.941447000000004,-25.61875]]]}},{"type":"Feature","properties":{"category":"ndvi_canopy","class":2,"ndvi_low":0.45,"ndvi_high":0.6,"name":"Open forest","color":"#22c55e","fill_color":"#22c55e","description":"Open canopy forest such as the LQV parcel \u2014 partial cover.","source":"Sentinel-2 L2A NDVI 4-class polygonised"},"geometry":{"type":"Polygon","coordinates":[[[-56.938747000000006,-25.61965],[-56.938747000000006,-25.620549999999998],[-56.939647,-25.620549999999998],[-56.939647,-25.61965],[-56.938747000000006,-25.61965]]]}},{"type":"Feature","properties":{"category":"ndvi_canopy","class":2,"ndvi_low":0.45,"ndvi_high":0.6,"name":"Open forest","color":"#22c55e","fill_color":"#22c55e","description":"Open canopy forest such as the LQV parcel \u2014 partial cover.","source":"Sentinel-2 L2A NDVI 4-class polygonised"},"geometry":{"type":"Polygon","coordinates":[[[-56.936947,-25.61965],[-56.936947,-25.620549999999998],[-56.937847000000005,-25.620549999999998],[-56.937847000000005,-25.61965],[-56.936947,-25.61965]]]}},{"type":"Feature","properties":{"category":"ndvi_canopy","class":2,"ndvi_low":0.45,"ndvi_high":0.6,"name":"Open forest","color":"#22c55e","fill_color":"#22c55e","description":"Open canopy forest such as the LQV parcel \u2014 partial cover.","source":"Sentinel-2 L2A NDVI 4-class polygonised"},"geometry":{"type":"Polygon","coordinates":[[[-56.953147,-25.61695],[-56.953147,-25.61785],[-56.951347000000005,-25.61785],[-56.951347000000005,-25.61695],[-56.949547,-25.61695],[-56.949547,-25.61785],[-56.950447000000004,-25.61785],[-56.950447000000004,-25.61875],[-56.95224700000001,-25.61875],[-56.95224700000001,-25.61965],[-56.953147,-25.61965],[-56.953147,-25.620549999999998],[-56.954047,-25.620549999999998],[-56.954047,-25.62145],[-56.954947000000004,-25.62145],[-56.954947000000004,-25.620549999999998],[-56.955847000000006,-25.620549999999998],[-56.955847000000006,-25.61965],[-56.954047,-25.61965],[-56.954047,-25.61875],[-56.954947000000004,-25.61875],[-56.954947000000004,-25.61785],[-56.954047,-25.61785],[-56.954047,-25.61695],[-56.953147,-25.61695]]]}},{"type":"Feature","properties":{"category":"ndvi_canopy","class":2,"ndvi_low":0.45,"ndvi_high":0.6,"name":"Open forest","color":"#22c55e","fill_color":"#22c55e","description":"Open canopy forest such as the LQV parcel \u2014 partial cover.","source":"Sentinel-2 L2A NDVI 4-class polygonised"},"geometry":{"type":"Polygon","coordinates":[[[-56.94324700000001,-25.61965],[-56.94324700000001,-25.620549999999998],[-56.944147,-25.620549999999998],[-56.944147,-25.62145],[-56.945047,-25.62145],[-56.945047,-25.61965],[-56.94324700000001,-25.61965]]]}},{"type":"Feature","properties":{"category":"ndvi_canopy","class":2,"ndvi_low":0.45,"ndvi_high":0.6,"name":"Open forest","color":"#22c55e","fill_color":"#22c55e","description":"Open canopy forest such as the LQV parcel \u2014 partial cover.","source":"Sentinel-2 L2A NDVI 4-class polygonised"},"geometry":{"type":"Polygon","coordinates":[[[-56.935147,-25.620549999999998],[-56.935147,-25.622349999999997],[-56.936047,-25.622349999999997],[-56.936047,-25.620549999999998],[-56.935147,-25.620549999999998]]]}},{"type":"Feature","properties":{"category":"ndvi_canopy","class":2,"ndvi_low":0.45,"ndvi_high":0.6,"name":"Open forest","color":"#22c55e","fill_color":"#22c55e","description":"Open canopy forest such as the LQV parcel \u2014 partial cover.","source":"Sentinel-2 L2A NDVI 4-class polygonised"},"geometry":{"type":"Polygon","coordinates":[[[-56.938747000000006,-25.622349999999997],[-56.938747000000006,-25.62325],[-56.939647,-25.62325],[-56.939647,-25.622349999999997],[-56.938747000000006,-25.622349999999997]]]}},{"type":"Feature","properties":{"category":"ndvi_canopy","class":2,"ndvi_low":0.45,"ndvi_high":0.6,"name":"Open forest","color":"#22c55e","fill_color":"#22c55e","description":"Open canopy forest such as the LQV parcel \u2014 partial cover.","source":"Sentinel-2 L2A NDVI 4-class polygonised"},"geometry":{"type":"Polygon","coordinates":[[[-56.94324700000001,-25.62325],[-56.94324700000001,-25.62415],[-56.944147,-25.62415],[-56.944147,-25.62325],[-56.94324700000001,-25.62325]]]}},{"type":"Feature","properties":{"category":"ndvi_canopy","class":2,"ndvi_low":0.45,"ndvi_high":0.6,"name":"Open forest","color":"#22c55e","fill_color":"#22c55e","description":"Open canopy forest such as the LQV parcel \u2014 partial cover.","source":"Sentinel-2 L2A NDVI 4-class polygonised"},"geometry":{"type":"Polygon","coordinates":[[[-56.955847000000006,-25.62145],[-56.954947000000004,-25.62145],[-56.954947000000004,-25.622349999999997],[-56.954047,-25.622349999999997],[-56.954047,-25.62415],[-56.95224700000001,-25.62415],[-56.95224700000001,-25.625049999999998],[-56.957647,-25.625049999999998],[-56.957647,-25.62415],[-56.95674700000001,-25.62415],[-56.95674700000001,-25.62325],[-56.955847000000006,-25.62325],[-56.955847000000006,-25.62145]],[[-56.955847000000006,-25.62415],[-56.954947000000004,-25.62415],[-56.954947000000004,-25.62325],[-56.955847000000006,-25.62325],[-56.955847000000006,-25.62415]]]}},{"type":"Feature","properties":{"category":"ndvi_canopy","class":2,"ndvi_low":0.45,"ndvi_high":0.6,"name":"Open forest","color":"#22c55e","fill_color":"#22c55e","description":"Open canopy forest such as the LQV parcel \u2014 partial cover.","source":"Sentinel-2 L2A NDVI 4-class polygonised"},"geometry":{"type":"Polygon","coordinates":[[[-56.97834700000001,-25.62595],[-56.97834700000001,-25.626849999999997],[-56.979247,-25.626849999999997],[-56.979247,-25.62595],[-56.97834700000001,-25.62595]]]}},{"type":"Feature","properties":{"category":"ndvi_canopy","class":2,"ndvi_low":0.45,"ndvi_high":0.6,"name":"Open forest","color":"#22c55e","fill_color":"#22c55e","description":"Open canopy forest such as the LQV parcel \u2014 partial cover.","source":"Sentinel-2 L2A NDVI 4-class polygonised"},"geometry":{"type":"Polygon","coordinates":[[[-56.968447000000005,-25.62415],[-56.968447000000005,-25.62595],[-56.969347000000006,-25.62595],[-56.969347000000006,-25.626849999999997],[-56.970247,-25.626849999999997],[-56.970247,-25.62775],[-56.971147,-25.62775],[-56.971147,-25.626849999999997],[-56.972047,-25.626849999999997],[-56.972047,-25.62595],[-56.971147,-25.62595],[-56.971147,-25.62415],[-56.968447000000005,-25.62415]]]}},{"type":"Feature","properties":{"category":"ndvi_canopy","class":2,"ndvi_low":0.45,"ndvi_high":0.6,"name":"Open forest","color":"#22c55e","fill_color":"#22c55e","description":"Open canopy forest such as the LQV parcel \u2014 partial cover.","source":"Sentinel-2 L2A NDVI 4-class polygonised"},"geometry":{"type":"Polygon","coordinates":[[[-56.968447000000005,-25.626849999999997],[-56.968447000000005,-25.62775],[-56.969347000000006,-25.62775],[-56.969347000000006,-25.626849999999997],[-56.968447000000005,-25.626849999999997]]]}},{"type":"Feature","properties":{"category":"ndvi_canopy","class":2,"ndvi_low":0.45,"ndvi_high":0.6,"name":"Open forest","color":"#22c55e","fill_color":"#22c55e","description":"Open canopy forest such as the LQV parcel \u2014 partial cover.","source":"Sentinel-2 L2A NDVI 4-class polygonised"},"geometry":{"type":"Polygon","coordinates":[[[-56.966647,-25.62865],[-56.966647,-25.62955],[-56.968447000000005,-25.62955],[-56.968447000000005,-25.62865],[-56.966647,-25.62865]]]}},{"type":"Feature","properties":{"category":"ndvi_canopy","class":2,"ndvi_low":0.45,"ndvi_high":0.6,"name":"Open forest","color":"#22c55e","fill_color":"#22c55e","description":"Open canopy forest such as the LQV parcel \u2014 partial cover.","source":"Sentinel-2 L2A NDVI 4-class polygonised"},"geometry":{"type":"Polygon","coordinates":[[[-56.944147,-25.62955],[-56.944147,-25.63045],[-56.945047,-25.63045],[-56.945047,-25.62955],[-56.944147,-25.62955]]]}},{"type":"Feature","properties":{"category":"ndvi_canopy","class":2,"ndvi_low":0.45,"ndvi_high":0.6,"name":"Open forest","color":"#22c55e","fill_color":"#22c55e","description":"Open canopy forest such as the LQV parcel \u2014 partial cover.","source":"Sentinel-2 L2A NDVI 4-class polygonised"},"geometry":{"type":"Polygon","coordinates":[[[-56.940547,-25.62955],[-56.940547,-25.631349999999998],[-56.941447000000004,-25.631349999999998],[-56.941447000000004,-25.63045],[-56.942347000000005,-25.63045],[-56.942347000000005,-25.62955],[-56.940547,-25.62955]]]}},{"type":"Feature","properties":{"category":"ndvi_canopy","class":2,"ndvi_low":0.45,"ndvi_high":0.6,"name":"Open forest","color":"#22c55e","fill_color":"#22c55e","description":"Open canopy forest such as the LQV parcel \u2014 partial cover.","source":"Sentinel-2 L2A NDVI 4-class polygonised"},"geometry":{"type":"Polygon","coordinates":[[[-56.99634700000001,-25.63045],[-56.99634700000001,-25.631349999999998],[-56.997247,-25.631349999999998],[-56.997247,-25.63045],[-56.99634700000001,-25.63045]]]}},{"type":"Feature","properties":{"category":"ndvi_canopy","class":2,"ndvi_low":0.45,"ndvi_high":0.6,"name":"Open forest","color":"#22c55e","fill_color":"#22c55e","description":"Open canopy forest such as the LQV parcel \u2014 partial cover.","source":"Sentinel-2 L2A NDVI 4-class polygonised"},"geometry":{"type":"Polygon","coordinates":[[[-56.999947000000006,-25.63045],[-56.999947000000006,-25.63225],[-57.000847,-25.63225],[-57.000847,-25.63045],[-56.999947000000006,-25.63045]]]}},{"type":"Feature","properties":{"category":"ndvi_canopy","class":2,"ndvi_low":0.45,"ndvi_high":0.6,"name":"Open forest","color":"#22c55e","fill_color":"#22c55e","description":"Open canopy forest such as the LQV parcel \u2014 partial cover.","source":"Sentinel-2 L2A NDVI 4-class polygonised"},"geometry":{"type":"Polygon","coordinates":[[[-56.958547,-25.62775],[-56.958547,-25.62955],[-56.957647,-25.62955],[-56.957647,-25.63045],[-56.958547,-25.63045],[-56.958547,-25.63225],[-56.959447000000004,-25.63225],[-56.959447000000004,-25.631349999999998],[-56.960347000000006,-25.631349999999998],[-56.960347000000006,-25.63045],[-56.959447000000004,-25.63045],[-56.959447000000004,-25.62955],[-56.96124700000001,-25.62955],[-56.96124700000001,-25.62865],[-56.963047,-25.62865],[-56.963047,-25.62775],[-56.958547,-25.62775]]]}},{"type":"Feature","properties":{"category":"ndvi_canopy","class":2,"ndvi_low":0.45,"ndvi_high":0.6,"name":"Open forest","color":"#22c55e","fill_color":"#22c55e","description":"Open canopy forest such as the LQV parcel \u2014 partial cover.","source":"Sentinel-2 L2A NDVI 4-class polygonised"},"geometry":{"type":"Polygon","coordinates":[[[-56.960347000000006,-25.631349999999998],[-56.960347000000006,-25.63225],[-56.96124700000001,-25.63225],[-56.96124700000001,-25.631349999999998],[-56.960347000000006,-25.631349999999998]]]}},{"type":"Feature","properties":{"category":"ndvi_canopy","class":2,"ndvi_low":0.45,"ndvi_high":0.6,"name":"Open forest","color":"#22c55e","fill_color":"#22c55e","description":"Open canopy forest such as the LQV parcel \u2014 partial cover.","source":"Sentinel-2 L2A NDVI 4-class polygonised"},"geometry":{"type":"Polygon","coordinates":[[[-56.955847000000006,-25.631349999999998],[-56.955847000000006,-25.63225],[-56.95674700000001,-25.63225],[-56.95674700000001,-25.631349999999998],[-56.955847000000006,-25.631349999999998]]]}},{"type":"Feature","properties":{"category":"ndvi_canopy","class":2,"ndvi_low":0.45,"ndvi_high":0.6,"name":"Open forest","color":"#22c55e","fill_color":"#22c55e","description":"Open canopy forest such as the LQV parcel \u2014 partial cover.","source":"Sentinel-2 L2A NDVI 4-class polygonised"},"geometry":{"type":"Polygon","coordinates":[[[-56.94774700000001,-25.625049999999998],[-56.94774700000001,-25.62595],[-56.946847000000005,-25.62595],[-56.946847000000005,-25.626849999999997],[-56.945947000000004,-25.626849999999997],[-56.945947000000004,-25.62865],[-56.946847000000005,-25.62865],[-56.946847000000005,-25.62775],[-56.94774700000001,-25.62775],[-56.94774700000001,-25.62955],[-56.949547,-25.62955],[-56.949547,-25.63045],[-56.950447000000004,-25.63045],[-56.950447000000004,-25.631349999999998],[-56.951347000000005,-25.631349999999998],[-56.951347000000005,-25.63225],[-56.95224700000001,-25.63225],[-56.95224700000001,-25.63315],[-56.953147,-25.63315],[-56.953147,-25.63225],[-56.954947000000004,-25.63225],[-56.954947000000004,-25.62955],[-56.954047,-25.62955],[-56.954047,-25.62865],[-56.95224700000001,-25.62865],[-56.95224700000001,-25.62775],[-56.950447000000004,-25.62775],[-56.950447000000004,-25.626849999999997],[-56.949547,-25.626849999999997],[-56.949547,-25.62595],[-56.948647,-25.62595],[-56.948647,-25.625049999999998],[-56.94774700000001,-25.625049999999998]]]}},{"type":"Feature","properties":{"category":"ndvi_canopy","class":2,"ndvi_low":0.45,"ndvi_high":0.6,"name":"Open forest","color":"#22c55e","fill_color":"#22c55e","description":"Open canopy forest such as the LQV parcel \u2014 partial cover.","source":"Sentinel-2 L2A NDVI 4-class polygonised"},"geometry":{"type":"Polygon","coordinates":[[[-56.963047,-25.63225],[-56.963047,-25.63315],[-56.964847000000006,-25.63315],[-56.964847000000006,-25.63225],[-56.963047,-25.63225]]]}},{"type":"Feature","properties":{"category":"ndvi_canopy","class":2,"ndvi_low":0.45,"ndvi_high":0.6,"name":"Open forest","color":"#22c55e","fill_color":"#22c55e","description":"Open canopy forest such as the LQV parcel \u2014 partial cover.","source":"Sentinel-2 L2A NDVI 4-class polygonised"},"geometry":{"type":"Polygon","coordinates":[[[-56.959447000000004,-25.63225],[-56.959447000000004,-25.63315],[-56.960347000000006,-25.63315],[-56.960347000000006,-25.63225],[-56.959447000000004,-25.63225]]]}},{"type":"Feature","properties":{"category":"ndvi_canopy","class":2,"ndvi_low":0.45,"ndvi_high":0.6,"name":"Open forest","color":"#22c55e","fill_color":"#22c55e","description":"Open canopy forest such as the LQV parcel \u2014 partial cover.","source":"Sentinel-2 L2A NDVI 4-class polygonised"},"geometry":{"type":"Polygon","coordinates":[[[-56.970247,-25.63225],[-56.970247,-25.63315],[-56.969347000000006,-25.63315],[-56.969347000000006,-25.63495],[-56.970247,-25.63495],[-56.970247,-25.63405],[-56.971147,-25.63405],[-56.971147,-25.63225],[-56.970247,-25.63225]]]}},{"type":"Feature","properties":{"category":"ndvi_canopy","class":2,"ndvi_low":0.45,"ndvi_high":0.6,"name":"Open forest","color":"#22c55e","fill_color":"#22c55e","description":"Open canopy forest such as the LQV parcel \u2014 partial cover.","source":"Sentinel-2 L2A NDVI 4-class polygonised"},"geometry":{"type":"Polygon","coordinates":[[[-56.934247000000006,-25.63315],[-56.934247000000006,-25.63495],[-56.935147,-25.63495],[-56.935147,-25.63315],[-56.934247000000006,-25.63315]]]}},{"type":"Feature","properties":{"category":"ndvi_canopy","class":2,"ndvi_low":0.45,"ndvi_high":0.6,"name":"Open forest","color":"#22c55e","fill_color":"#22c55e","description":"Open canopy forest such as the LQV parcel \u2014 partial cover.","source":"Sentinel-2 L2A NDVI 4-class polygonised"},"geometry":{"type":"Polygon","coordinates":[[[-56.95674700000001,-25.63225],[-56.95674700000001,-25.63315],[-56.957647,-25.63315],[-56.957647,-25.635849999999998],[-56.958547,-25.635849999999998],[-56.958547,-25.63405],[-56.959447000000004,-25.63405],[-56.959447000000004,-25.63315],[-56.958547,-25.63315],[-56.958547,-25.63225],[-56.95674700000001,-25.63225]]]}},{"type":"Feature","properties":{"category":"ndvi_canopy","class":2,"ndvi_low":0.45,"ndvi_high":0.6,"name":"Open forest","color":"#22c55e","fill_color":"#22c55e","description":"Open canopy forest such as the LQV parcel \u2014 partial cover.","source":"Sentinel-2 L2A NDVI 4-class polygonised"},"geometry":{"type":"Polygon","coordinates":[[[-56.962147,-25.63405],[-56.962147,-25.635849999999998],[-56.963047,-25.635849999999998],[-56.963047,-25.63405],[-56.962147,-25.63405]]]}},{"type":"Feature","properties":{"category":"ndvi_canopy","class":2,"ndvi_low":0.45,"ndvi_high":0.6,"name":"Open forest","color":"#22c55e","fill_color":"#22c55e","description":"Open canopy forest such as the LQV parcel \u2014 partial cover.","source":"Sentinel-2 L2A NDVI 4-class polygonised"},"geometry":{"type":"Polygon","coordinates":[[[-56.936047,-25.63495],[-56.936047,-25.635849999999998],[-56.936947,-25.635849999999998],[-56.936947,-25.63495],[-56.936047,-25.63495]]]}},{"type":"Feature","properties":{"category":"ndvi_canopy","class":2,"ndvi_low":0.45,"ndvi_high":0.6,"name":"Open forest","color":"#22c55e","fill_color":"#22c55e","description":"Open canopy forest such as the LQV parcel \u2014 partial cover.","source":"Sentinel-2 L2A NDVI 4-class polygonised"},"geometry":{"type":"Polygon","coordinates":[[[-56.946847000000005,-25.63315],[-56.946847000000005,-25.63675],[-56.948647,-25.63675],[-56.948647,-25.635849999999998],[-56.94774700000001,-25.635849999999998],[-56.94774700000001,-25.63495],[-56.949547,-25.63495],[-56.949547,-25.63315],[-56.946847000000005,-25.63315]]]}},{"type":"Feature","properties":{"category":"ndvi_canopy","class":2,"ndvi_low":0.45,"ndvi_high":0.6,"name":"Open forest","color":"#22c55e","fill_color":"#22c55e","description":"Open canopy forest such as the LQV parcel \u2014 partial cover.","source":"Sentinel-2 L2A NDVI 4-class polygonised"},"geometry":{"type":"Polygon","coordinates":[[[-56.973847000000006,-25.63675],[-56.973847000000006,-25.63765],[-56.974747,-25.63765],[-56.974747,-25.63675],[-56.973847000000006,-25.63675]]]}},{"type":"Feature","properties":{"category":"ndvi_canopy","class":2,"ndvi_low":0.45,"ndvi_high":0.6,"name":"Open forest","color":"#22c55e","fill_color":"#22c55e","description":"Open canopy forest such as the LQV parcel \u2014 partial cover.","source":"Sentinel-2 L2A NDVI 4-class polygonised"},"geometry":{"type":"Polygon","coordinates":[[[-56.959447000000004,-25.63675],[-56.959447000000004,-25.63765],[-56.960347000000006,-25.63765],[-56.960347000000006,-25.63675],[-56.959447000000004,-25.63675]]]}},{"type":"Feature","properties":{"category":"ndvi_canopy","class":2,"ndvi_low":0.45,"ndvi_high":0.6,"name":"Open forest","color":"#22c55e","fill_color":"#22c55e","description":"Open canopy forest such as the LQV parcel \u2014 partial cover.","source":"Sentinel-2 L2A NDVI 4-class polygonised"},"geometry":{"type":"Polygon","coordinates":[[[-56.948647,-25.63675],[-56.948647,-25.63765],[-56.949547,-25.63765],[-56.949547,-25.63675],[-56.948647,-25.63675]]]}},{"type":"Feature","properties":{"category":"ndvi_canopy","class":2,"ndvi_low":0.45,"ndvi_high":0.6,"name":"Open forest","color":"#22c55e","fill_color":"#22c55e","description":"Open canopy forest such as the LQV parcel \u2014 partial cover.","source":"Sentinel-2 L2A NDVI 4-class polygonised"},"geometry":{"type":"Polygon","coordinates":[[[-56.963947000000005,-25.63765],[-56.963947000000005,-25.63855],[-56.964847000000006,-25.63855],[-56.964847000000006,-25.63765],[-56.963947000000005,-25.63765]]]}},{"type":"Feature","properties":{"category":"ndvi_canopy","class":2,"ndvi_low":0.45,"ndvi_high":0.6,"name":"Open forest","color":"#22c55e","fill_color":"#22c55e","description":"Open canopy forest such as the LQV parcel \u2014 partial cover.","source":"Sentinel-2 L2A NDVI 4-class polygonised"},"geometry":{"type":"Polygon","coordinates":[[[-56.96124700000001,-25.63765],[-56.96124700000001,-25.63855],[-56.962147,-25.63855],[-56.962147,-25.63765],[-56.96124700000001,-25.63765]]]}},{"type":"Feature","properties":{"category":"ndvi_canopy","class":2,"ndvi_low":0.45,"ndvi_high":0.6,"name":"Open forest","color":"#22c55e","fill_color":"#22c55e","description":"Open canopy forest such as the LQV parcel \u2014 partial cover.","source":"Sentinel-2 L2A NDVI 4-class polygonised"},"geometry":{"type":"Polygon","coordinates":[[[-56.957647,-25.63765],[-56.957647,-25.63855],[-56.959447000000004,-25.63855],[-56.959447000000004,-25.63765],[-56.957647,-25.63765]]]}},{"type":"Feature","properties":{"category":"ndvi_canopy","class":2,"ndvi_low":0.45,"ndvi_high":0.6,"name":"Open forest","color":"#22c55e","fill_color":"#22c55e","description":"Open canopy forest such as the LQV parcel \u2014 partial cover.","source":"Sentinel-2 L2A NDVI 4-class polygonised"},"geometry":{"type":"Polygon","coordinates":[[[-56.945047,-25.63765],[-56.945047,-25.63855],[-56.946847000000005,-25.63855],[-56.946847000000005,-25.63765],[-56.945047,-25.63765]]]}},{"type":"Feature","properties":{"category":"ndvi_canopy","class":2,"ndvi_low":0.45,"ndvi_high":0.6,"name":"Open forest","color":"#22c55e","fill_color":"#22c55e","description":"Open canopy forest such as the LQV parcel \u2014 partial cover.","source":"Sentinel-2 L2A NDVI 4-class polygonised"},"geometry":{"type":"Polygon","coordinates":[[[-56.968447000000005,-25.635849999999998],[-56.968447000000005,-25.63675],[-56.969347000000006,-25.63675],[-56.969347000000006,-25.63765],[-56.970247,-25.63765],[-56.970247,-25.63945],[-56.971147,-25.63945],[-56.971147,-25.635849999999998],[-56.968447000000005,-25.635849999999998]]]}},{"type":"Feature","properties":{"category":"ndvi_canopy","class":2,"ndvi_low":0.45,"ndvi_high":0.6,"name":"Open forest","color":"#22c55e","fill_color":"#22c55e","description":"Open canopy forest such as the LQV parcel \u2014 partial cover.","source":"Sentinel-2 L2A NDVI 4-class polygonised"},"geometry":{"type":"Polygon","coordinates":[[[-56.954947000000004,-25.63225],[-56.954947000000004,-25.63405],[-56.95224700000001,-25.63405],[-56.95224700000001,-25.63495],[-56.953147,-25.63495],[-56.953147,-25.63675],[-56.954047,-25.63675],[-56.954047,-25.63855],[-56.955847000000006,-25.63855],[-56.955847000000006,-25.63945],[-56.95674700000001,-25.63945],[-56.95674700000001,-25.63765],[-56.955847000000006,-25.63765],[-56.955847000000006,-25.635849999999998],[-56.95674700000001,-25.635849999999998],[-56.95674700000001,-25.63495],[-56.955847000000006,-25.63495],[-56.955847000000006,-25.63225],[-56.954947000000004,-25.63225]]]}},{"type":"Feature","properties":{"category":"ndvi_canopy","class":2,"ndvi_low":0.45,"ndvi_high":0.6,"name":"Open forest","color":"#22c55e","fill_color":"#22c55e","description":"Open canopy forest such as the LQV parcel \u2014 partial cover.","source":"Sentinel-2 L2A NDVI 4-class polygonised"},"geometry":{"type":"Polygon","coordinates":[[[-56.972047,-25.63855],[-56.972047,-25.63945],[-56.972947000000005,-25.63945],[-56.972947000000005,-25.63855],[-56.972047,-25.63855]]]}},{"type":"Feature","properties":{"category":"ndvi_canopy","class":2,"ndvi_low":0.45,"ndvi_high":0.6,"name":"Open forest","color":"#22c55e","fill_color":"#22c55e","description":"Open canopy forest such as the LQV parcel \u2014 partial cover.","source":"Sentinel-2 L2A NDVI 4-class polygonised"},"geometry":{"type":"Polygon","coordinates":[[[-56.95674700000001,-25.640349999999998],[-56.95674700000001,-25.64125],[-56.957647,-25.64125],[-56.957647,-25.640349999999998],[-56.95674700000001,-25.640349999999998]]]}},{"type":"Feature","properties":{"category":"ndvi_canopy","class":2,"ndvi_low":0.45,"ndvi_high":0.6,"name":"Open forest","color":"#22c55e","fill_color":"#22c55e","description":"Open canopy forest such as the LQV parcel \u2014 partial cover.","source":"Sentinel-2 L2A NDVI 4-class polygonised"},"geometry":{"type":"Polygon","coordinates":[[[-56.970247,-25.64125],[-56.970247,-25.642149999999997],[-56.971147,-25.642149999999997],[-56.971147,-25.64125],[-56.970247,-25.64125]]]}},{"type":"Feature","properties":{"category":"ndvi_canopy","class":2,"ndvi_low":0.45,"ndvi_high":0.6,"name":"Open forest","color":"#22c55e","fill_color":"#22c55e","description":"Open canopy forest such as the LQV parcel \u2014 partial cover.","source":"Sentinel-2 L2A NDVI 4-class polygonised"},"geometry":{"type":"Polygon","coordinates":[[[-56.954947000000004,-25.64125],[-56.954947000000004,-25.64305],[-56.955847000000006,-25.64305],[-56.955847000000006,-25.642149999999997],[-56.95674700000001,-25.642149999999997],[-56.95674700000001,-25.64125],[-56.954947000000004,-25.64125]]]}},{"type":"Feature","properties":{"category":"ndvi_canopy","class":2,"ndvi_low":0.45,"ndvi_high":0.6,"name":"Open forest","color":"#22c55e","fill_color":"#22c55e","description":"Open canopy forest such as the LQV parcel \u2014 partial cover.","source":"Sentinel-2 L2A NDVI 4-class polygonised"},"geometry":{"type":"Polygon","coordinates":[[[-56.973847000000006,-25.64305],[-56.973847000000006,-25.644849999999998],[-56.974747,-25.644849999999998],[-56.974747,-25.64305],[-56.973847000000006,-25.64305]]]}},{"type":"Feature","properties":{"category":"ndvi_canopy","class":2,"ndvi_low":0.45,"ndvi_high":0.6,"name":"Open forest","color":"#22c55e","fill_color":"#22c55e","description":"Open canopy forest such as the LQV parcel \u2014 partial cover.","source":"Sentinel-2 L2A NDVI 4-class polygonised"},"geometry":{"type":"Polygon","coordinates":[[[-56.954947000000004,-25.64395],[-56.954947000000004,-25.644849999999998],[-56.955847000000006,-25.644849999999998],[-56.955847000000006,-25.64395],[-56.954947000000004,-25.64395]]]}},{"type":"Feature","properties":{"category":"ndvi_canopy","class":2,"ndvi_low":0.45,"ndvi_high":0.6,"name":"Open forest","color":"#22c55e","fill_color":"#22c55e","description":"Open canopy forest such as the LQV parcel \u2014 partial cover.","source":"Sentinel-2 L2A NDVI 4-class polygonised"},"geometry":{"type":"Polygon","coordinates":[[[-56.938747000000006,-25.64395],[-56.938747000000006,-25.644849999999998],[-56.940547,-25.644849999999998],[-56.940547,-25.64395],[-56.938747000000006,-25.64395]]]}},{"type":"Feature","properties":{"category":"ndvi_canopy","class":2,"ndvi_low":0.45,"ndvi_high":0.6,"name":"Open forest","color":"#22c55e","fill_color":"#22c55e","description":"Open canopy forest such as the LQV parcel \u2014 partial cover.","source":"Sentinel-2 L2A NDVI 4-class polygonised"},"geometry":{"type":"Polygon","coordinates":[[[-56.931547,-25.64395],[-56.931547,-25.644849999999998],[-56.933347000000005,-25.644849999999998],[-56.933347000000005,-25.64575],[-56.935147,-25.64575],[-56.935147,-25.642149999999997],[-56.933347000000005,-25.642149999999997],[-56.933347000000005,-25.64125],[-56.932447,-25.64125],[-56.932447,-25.642149999999997],[-56.931547,-25.642149999999997],[-56.931547,-25.64125],[-56.930765,-25.64125],[-56.930765,-25.64395],[-56.931547,-25.64395]]]}},{"type":"Feature","properties":{"category":"ndvi_canopy","class":2,"ndvi_low":0.45,"ndvi_high":0.6,"name":"Open forest","color":"#22c55e","fill_color":"#22c55e","description":"Open canopy forest such as the LQV parcel \u2014 partial cover.","source":"Sentinel-2 L2A NDVI 4-class polygonised"},"geometry":{"type":"Polygon","coordinates":[[[-56.936947,-25.64575],[-56.936947,-25.646649999999998],[-56.937847000000005,-25.646649999999998],[-56.937847000000005,-25.64575],[-56.936947,-25.64575]]]}},{"type":"Feature","properties":{"category":"ndvi_canopy","class":2,"ndvi_low":0.45,"ndvi_high":0.6,"name":"Open forest","color":"#22c55e","fill_color":"#22c55e","description":"Open canopy forest such as the LQV parcel \u2014 partial cover.","source":"Sentinel-2 L2A NDVI 4-class polygonised"},"geometry":{"type":"Polygon","coordinates":[[[-56.936047,-25.646649999999998],[-56.936047,-25.64755],[-56.936947,-25.64755],[-56.936947,-25.646649999999998],[-56.936047,-25.646649999999998]]]}},{"type":"Feature","properties":{"category":"ndvi_canopy","class":2,"ndvi_low":0.45,"ndvi_high":0.6,"name":"Open forest","color":"#22c55e","fill_color":"#22c55e","description":"Open canopy forest such as the LQV parcel \u2014 partial cover.","source":"Sentinel-2 L2A NDVI 4-class polygonised"},"geometry":{"type":"Polygon","coordinates":[[[-56.954047,-25.64575],[-56.954047,-25.64845],[-56.954947000000004,-25.64845],[-56.954947000000004,-25.64575],[-56.954047,-25.64575]]]}},{"type":"Feature","properties":{"category":"ndvi_canopy","class":2,"ndvi_low":0.45,"ndvi_high":0.6,"name":"Open forest","color":"#22c55e","fill_color":"#22c55e","description":"Open canopy forest such as the LQV parcel \u2014 partial cover.","source":"Sentinel-2 L2A NDVI 4-class polygonised"},"geometry":{"type":"Polygon","coordinates":[[[-56.98734700000001,-25.64845],[-56.98734700000001,-25.64935],[-56.988247,-25.64935],[-56.988247,-25.64845],[-56.98734700000001,-25.64845]]]}},{"type":"Feature","properties":{"category":"ndvi_canopy","class":2,"ndvi_low":0.45,"ndvi_high":0.6,"name":"Open forest","color":"#22c55e","fill_color":"#22c55e","description":"Open canopy forest such as the LQV parcel \u2014 partial cover.","source":"Sentinel-2 L2A NDVI 4-class polygonised"},"geometry":{"type":"Polygon","coordinates":[[[-56.938747000000006,-25.64845],[-56.938747000000006,-25.64935],[-56.940547,-25.64935],[-56.940547,-25.64845],[-56.938747000000006,-25.64845]]]}},{"type":"Feature","properties":{"category":"ndvi_canopy","class":2,"ndvi_low":0.45,"ndvi_high":0.6,"name":"Open forest","color":"#22c55e","fill_color":"#22c55e","description":"Open canopy forest such as the LQV parcel \u2014 partial cover.","source":"Sentinel-2 L2A NDVI 4-class polygonised"},"geometry":{"type":"Polygon","coordinates":[[[-56.932447,-25.64845],[-56.932447,-25.64935],[-56.933347000000005,-25.64935],[-56.933347000000005,-25.64845],[-56.932447,-25.64845]]]}},{"type":"Feature","properties":{"category":"ndvi_canopy","class":2,"ndvi_low":0.45,"ndvi_high":0.6,"name":"Open forest","color":"#22c55e","fill_color":"#22c55e","description":"Open canopy forest such as the LQV parcel \u2014 partial cover.","source":"Sentinel-2 L2A NDVI 4-class polygonised"},"geometry":{"type":"Polygon","coordinates":[[[-56.954947000000004,-25.64935],[-56.954947000000004,-25.65025],[-56.955847000000006,-25.65025],[-56.955847000000006,-25.64935],[-56.954947000000004,-25.64935]]]}},{"type":"Feature","properties":{"category":"ndvi_canopy","class":2,"ndvi_low":0.45,"ndvi_high":0.6,"name":"Open forest","color":"#22c55e","fill_color":"#22c55e","description":"Open canopy forest such as the LQV parcel \u2014 partial cover.","source":"Sentinel-2 L2A NDVI 4-class polygonised"},"geometry":{"type":"Polygon","coordinates":[[[-56.935147,-25.64935],[-56.935147,-25.65025],[-56.936047,-25.65025],[-56.936047,-25.64935],[-56.935147,-25.64935]]]}},{"type":"Feature","properties":{"category":"ndvi_canopy","class":2,"ndvi_low":0.45,"ndvi_high":0.6,"name":"Open forest","color":"#22c55e","fill_color":"#22c55e","description":"Open canopy forest such as the LQV parcel \u2014 partial cover.","source":"Sentinel-2 L2A NDVI 4-class polygonised"},"geometry":{"type":"Polygon","coordinates":[[[-56.933347000000005,-25.64935],[-56.933347000000005,-25.65025],[-56.934247000000006,-25.65025],[-56.934247000000006,-25.64935],[-56.933347000000005,-25.64935]]]}},{"type":"Feature","properties":{"category":"ndvi_canopy","class":2,"ndvi_low":0.45,"ndvi_high":0.6,"name":"Open forest","color":"#22c55e","fill_color":"#22c55e","description":"Open canopy forest such as the LQV parcel \u2014 partial cover.","source":"Sentinel-2 L2A NDVI 4-class polygonised"},"geometry":{"type":"Polygon","coordinates":[[[-56.990047000000004,-25.65025],[-56.990047000000004,-25.651149999999998],[-56.990947000000006,-25.651149999999998],[-56.990947000000006,-25.65025],[-56.990047000000004,-25.65025]]]}},{"type":"Feature","properties":{"category":"ndvi_canopy","class":2,"ndvi_low":0.45,"ndvi_high":0.6,"name":"Open forest","color":"#22c55e","fill_color":"#22c55e","description":"Open canopy forest such as the LQV parcel \u2014 partial cover.","source":"Sentinel-2 L2A NDVI 4-class polygonised"},"geometry":{"type":"Polygon","coordinates":[[[-56.937847000000005,-25.65025],[-56.937847000000005,-25.651149999999998],[-56.938747000000006,-25.651149999999998],[-56.938747000000006,-25.65025],[-56.937847000000005,-25.65025]]]}},{"type":"Feature","properties":{"category":"ndvi_canopy","class":2,"ndvi_low":0.45,"ndvi_high":0.6,"name":"Open forest","color":"#22c55e","fill_color":"#22c55e","description":"Open canopy forest such as the LQV parcel \u2014 partial cover.","source":"Sentinel-2 L2A NDVI 4-class polygonised"},"geometry":{"type":"Polygon","coordinates":[[[-56.958547,-25.65745],[-56.958547,-25.65835],[-56.959447000000004,-25.65835],[-56.959447000000004,-25.65745],[-56.958547,-25.65745]]]}},{"type":"Feature","properties":{"category":"ndvi_canopy","class":2,"ndvi_low":0.45,"ndvi_high":0.6,"name":"Open forest","color":"#22c55e","fill_color":"#22c55e","description":"Open canopy forest such as the LQV parcel \u2014 partial cover.","source":"Sentinel-2 L2A NDVI 4-class polygonised"},"geometry":{"type":"Polygon","coordinates":[[[-56.935147,-25.65835],[-56.935147,-25.65925],[-56.936047,-25.65925],[-56.936047,-25.65835],[-56.935147,-25.65835]]]}},{"type":"Feature","properties":{"category":"ndvi_canopy","class":2,"ndvi_low":0.45,"ndvi_high":0.6,"name":"Open forest","color":"#22c55e","fill_color":"#22c55e","description":"Open canopy forest such as the LQV parcel \u2014 partial cover.","source":"Sentinel-2 L2A NDVI 4-class polygonised"},"geometry":{"type":"Polygon","coordinates":[[[-56.964847000000006,-25.66285],[-56.964847000000006,-25.66375],[-56.965747,-25.66375],[-56.965747,-25.66285],[-56.964847000000006,-25.66285]]]}},{"type":"Feature","properties":{"category":"ndvi_canopy","class":2,"ndvi_low":0.45,"ndvi_high":0.6,"name":"Open forest","color":"#22c55e","fill_color":"#22c55e","description":"Open canopy forest such as the LQV parcel \u2014 partial cover.","source":"Sentinel-2 L2A NDVI 4-class polygonised"},"geometry":{"type":"Polygon","coordinates":[[[-56.962147,-25.66285],[-56.962147,-25.66375],[-56.963047,-25.66375],[-56.963047,-25.66285],[-56.962147,-25.66285]]]}},{"type":"Feature","properties":{"category":"ndvi_canopy","class":2,"ndvi_low":0.45,"ndvi_high":0.6,"name":"Open forest","color":"#22c55e","fill_color":"#22c55e","description":"Open canopy forest such as the LQV parcel \u2014 partial cover.","source":"Sentinel-2 L2A NDVI 4-class polygonised"},"geometry":{"type":"Polygon","coordinates":[[[-56.963047,-25.664649999999998],[-56.963047,-25.66555],[-56.965747,-25.66555],[-56.965747,-25.664649999999998],[-56.963047,-25.664649999999998]]]}},{"type":"Feature","properties":{"category":"ndvi_canopy","class":2,"ndvi_low":0.45,"ndvi_high":0.6,"name":"Open forest","color":"#22c55e","fill_color":"#22c55e","description":"Open canopy forest such as the LQV parcel \u2014 partial cover.","source":"Sentinel-2 L2A NDVI 4-class polygonised"},"geometry":{"type":"Polygon","coordinates":[[[-56.993647,-25.681749999999997],[-56.993647,-25.68265],[-56.994547000000004,-25.68265],[-56.994547000000004,-25.681749999999997],[-56.993647,-25.681749999999997]]]}},{"type":"Feature","properties":{"category":"ndvi_canopy","class":2,"ndvi_low":0.45,"ndvi_high":0.6,"name":"Open forest","color":"#22c55e","fill_color":"#22c55e","description":"Open canopy forest such as the LQV parcel \u2014 partial cover.","source":"Sentinel-2 L2A NDVI 4-class polygonised"},"geometry":{"type":"Polygon","coordinates":[[[-56.989147,-25.68265],[-56.989147,-25.68355],[-56.990047000000004,-25.68355],[-56.990047000000004,-25.68265],[-56.989147,-25.68265]]]}},{"type":"Feature","properties":{"category":"ndvi_canopy","class":2,"ndvi_low":0.45,"ndvi_high":0.6,"name":"Open forest","color":"#22c55e","fill_color":"#22c55e","description":"Open canopy forest such as the LQV parcel \u2014 partial cover.","source":"Sentinel-2 L2A NDVI 4-class polygonised"},"geometry":{"type":"Polygon","coordinates":[[[-56.979247,-25.69615],[-56.979247,-25.697049999999997],[-56.980147,-25.697049999999997],[-56.980147,-25.69615],[-56.979247,-25.69615]]]}},{"type":"Feature","properties":{"category":"ndvi_canopy","class":2,"ndvi_low":0.45,"ndvi_high":0.6,"name":"Open forest","color":"#22c55e","fill_color":"#22c55e","description":"Open canopy forest such as the LQV parcel \u2014 partial cover.","source":"Sentinel-2 L2A NDVI 4-class polygonised"},"geometry":{"type":"Polygon","coordinates":[[[-56.94324700000001,-25.545849999999998],[-56.942347000000005,-25.545849999999998],[-56.942347000000005,-25.54315],[-56.941447000000004,-25.54315],[-56.941447000000004,-25.54405],[-56.939647,-25.54405],[-56.939647,-25.541349999999998],[-56.937847000000005,-25.541349999999998],[-56.937847000000005,-25.54045],[-56.940547,-25.54045],[-56.940547,-25.53955],[-56.937847000000005,-25.53955],[-56.937847000000005,-25.53775],[-56.938747000000006,-25.53775],[-56.938747000000006,-25.536849999999998],[-56.939647,-25.536849999999998],[-56.939647,-25.53595],[-56.938747000000006,-25.53595],[-56.938747000000006,-25.53415],[-56.939647,-25.53415],[-56.939647,-25.53325],[-56.937847000000005,-25.53325],[-56.937847000000005,-25.53145],[-56.941447000000004,-25.53145],[-56.941447000000004,-25.530549999999998],[-56.942347000000005,-25.530549999999998],[-56.942347000000005,-25.53325],[-56.944147,-25.53325],[-56.944147,-25.52875],[-56.94324700000001,-25.52875],[-56.94324700000001,-25.52695],[-56.942347000000005,-25.52695],[-56.942347000000005,-25.527849999999997],[-56.941447000000004,-25.527849999999997],[-56.941447000000004,-25.52875],[-56.940547,-25.52875],[-56.940547,-25.52965],[-56.939647,-25.52965],[-56.939647,-25.530549999999998],[-56.936947,-25.530549999999998],[-56.936947,-25.52965],[-56.937847000000005,-25.52965],[-56.937847000000005,-25.527849999999997],[-56.940547,-25.527849999999997],[-56.940547,-25.52695],[-56.939647,-25.52695],[-56.939647,-25.526049999999998],[-56.940547,-25.526049999999998],[-56.940547,-25.52425],[-56.939647,-25.52425],[-56.939647,-25.52245],[-56.941447000000004,-25.52245],[-56.941447000000004,-25.521549999999998],[-56.940547,-25.521549999999998],[-56.940547,-25.51975],[-56.941447000000004,-25.51975],[-56.941447000000004,-25.5184],[-56.938747000000006,-25.5184],[-56.938747000000006,-25.51885],[-56.936047,-25.51885],[-56.936047,-25.5184],[-56.932447,-25.5184],[-56.932447,-25.51885],[-56.930765,-25.51885],[-56.930765,-25.52065],[-56.932447,-25.52065],[-56.932447,-25.52245],[-56.933347000000005,-25.52245],[-56.933347000000005,-25.52335],[-56.932447,-25.52335],[-56.932447,-25.526049999999998],[-56.931547,-25.526049999999998],[-56.931547,-25.52695],[-56.930765,-25.52695],[-56.930765,-25.53145],[-56.931547,-25.53145],[-56.931547,-25.53325],[-56.930765,-25.53325],[-56.930765,-25.53865],[-56.932447,-25.53865],[-56.932447,-25.53775],[-56.936047,-25.53775],[-56.936047,-25.53955],[-56.936947,-25.53955],[-56.936947,-25.541349999999998],[-56.935147,-25.541349999999998],[-56.935147,-25.54315],[-56.936047,-25.54315],[-56.936047,-25.54225],[-56.936947,-25.54225],[-56.936947,-25.54315],[-56.937847000000005,-25.54315],[-56.937847000000005,-25.54405],[-56.938747000000006,-25.54405],[-56.938747000000006,-25.54495],[-56.937847000000005,-25.54495],[-56.937847000000005,-25.545849999999998],[-56.936947,-25.545849999999998],[-56.936947,-25.54495],[-56.936047,-25.54495],[-56.936047,-25.54405],[-56.931547,-25.54405],[-56.931547,-25.54495],[-56.932447,-25.54495],[-56.932447,-25.545849999999998],[-56.933347000000005,-25.545849999999998],[-56.933347000000005,-25.54675],[-56.935147,-25.54675],[-56.935147,-25.54945],[-56.936947,-25.54945],[-56.936947,-25.547649999999997],[-56.937847000000005,-25.547649999999997],[-56.937847000000005,-25.54675],[-56.940547,-25.54675],[-56.940547,-25.55125],[-56.937847000000005,-25.55125],[-56.937847000000005,-25.55395],[-56.941447000000004,-25.55395],[-56.941447000000004,-25.55485],[-56.940547,-25.55485],[-56.940547,-25.55575],[-56.939647,-25.55575],[-56.939647,-25.556649999999998],[-56.938747000000006,-25.556649999999998],[-56.938747000000006,-25.55485],[-56.937847000000005,-25.55485],[-56.937847000000005,-25.556649999999998],[-56.935147,-25.556649999999998],[-56.935147,-25.55755],[-56.934247000000006,-25.55755],[-56.934247000000006,-25.56025],[-56.935147,-25.56025],[-56.935147,-25.561149999999998],[-56.933347000000005,-25.561149999999998],[-56.933347000000005,-25.56205],[-56.934247000000006,-25.56205],[-56.934247000000006,-25.56295],[-56.935147,-25.56295],[-56.935147,-25.56205],[-56.936047,-25.56205],[-56.936047,-25.561149999999998],[-56.936947,-25.561149999999998],[-56.936947,-25.56385],[-56.937847000000005,-25.56385],[-56.937847000000005,-25.56475],[-56.938747000000006,-25.56475],[-56.938747000000006,-25.565649999999998],[-56.936947,-25.565649999999998],[-56.936947,-25.56475],[-56.936047,-25.56475],[-56.936047,-25.56385],[-56.931547,-25.56385],[-56.931547,-25.56295],[-56.930765,-25.56295],[-56.930765,-25.56475],[-56.931547,-25.56475],[-56.931547,-25.565649999999998],[-56.930765,-25.565649999999998],[-56.930765,-25.57105],[-56.932447,-25.57105],[-56.932447,-25.571949999999998],[-56.933347000000005,-25.571949999999998],[-56.933347000000005,-25.57285],[-56.931547,-25.57285],[-56.931547,-25.57465],[-56.932447,-25.57465],[-56.932447,-25.57375],[-56.933347000000005,-25.57375],[-56.933347000000005,-25.57465],[-56.935147,-25.57465],[-56.935147,-25.57285],[-56.934247000000006,-25.57285],[-56.934247000000006,-25.57105],[-56.935147,-25.57105],[-56.935147,-25.570149999999998],[-56.939647,-25.570149999999998],[-56.939647,-25.57285],[-56.938747000000006,-25.57285],[-56.938747000000006,-25.57375],[-56.936947,-25.57375],[-56.936947,-25.57555],[-56.938747000000006,-25.57555],[-56.938747000000006,-25.576449999999998],[-56.939647,-25.576449999999998],[-56.939647,-25.57735],[-56.936047,-25.57735],[-56.936047,-25.57915],[-56.933347000000005,-25.57915],[-56.933347000000005,-25.57825],[-56.932447,-25.57825],[-56.932447,-25.58005],[-56.931547,-25.58005],[-56.931547,-25.580949999999998],[-56.930765,-25.580949999999998],[-56.930765,-25.58275],[-56.931547,-25.58275],[-56.931547,-25.58365],[-56.933347000000005,-25.58365],[-56.933347000000005,-25.585449999999998],[-56.932447,-25.585449999999998],[-56.932447,-25.58635],[-56.930765,-25.58635],[-56.930765,-25.587249999999997],[-56.931547,-25.587249999999997],[-56.931547,-25.58815],[-56.932447,-25.58815],[-56.932447,-25.59085],[-56.933347000000005,-25.59085],[-56.933347000000005,-25.591749999999998],[-56.930765,-25.591749999999998],[-56.930765,-25.59535],[-56.931547,-25.59535],[-56.931547,-25.59715],[-56.933347000000005,-25.59715],[-56.933347000000005,-25.59805],[-56.932447,-25.59805],[-56.932447,-25.59895],[-56.931547,-25.59895],[-56.931547,-25.59985],[-56.930765,-25.59985],[-56.930765,-25.602549999999997],[-56.931547,-25.602549999999997],[-56.931547,-25.60165],[-56.933347000000005,-25.60165],[-56.933347000000005,-25.59985],[-56.936047,-25.59985],[-56.936047,-25.59895],[-56.935147,-25.59895],[-56.935147,-25.59715],[-56.936947,-25.59715],[-56.936947,-25.59535],[-56.939647,-25.59535],[-56.939647,-25.59445],[-56.940547,-25.59445],[-56.940547,-25.59535],[-56.941447000000004,-25.59535],[-56.941447000000004,-25.59445],[-56.945047,-25.59445],[-56.945047,-25.59355],[-56.945947000000004,-25.59355],[-56.945947000000004,-25.59445],[-56.946847000000005,-25.59445],[-56.946847000000005,-25.59715],[-56.94774700000001,-25.59715],[-56.94774700000001,-25.59805],[-56.951347000000005,-25.59805],[-56.951347000000005,-25.59895],[-56.95224700000001,-25.59895],[-56.95224700000001,-25.59985],[-56.951347000000005,-25.59985],[-56.951347000000005,-25.600749999999998],[-56.95224700000001,-25.600749999999998],[-56.95224700000001,-25.60165],[-56.950447000000004,-25.60165],[-56.950447000000004,-25.602549999999997],[-56.949547,-25.602549999999997],[-56.949547,-25.60345],[-56.948647,-25.60345],[-56.948647,-25.60435],[-56.94774700000001,-25.60435],[-56.94774700000001,-25.602549999999997],[-56.948647,-25.602549999999997],[-56.948647,-25.59895],[-56.94774700000001,-25.59895],[-56.94774700000001,-25.59985],[-56.945947000000004,-25.59985],[-56.945947000000004,-25.59715],[-56.944147,-25.59715],[-56.944147,-25.596249999999998],[-56.942347000000005,-25.596249999999998],[-56.942347000000005,-25.59805],[-56.939647,-25.59805],[-56.939647,-25.59895],[-56.940547,-25.59895],[-56.940547,-25.60165],[-56.941447000000004,-25.60165],[-56.941447000000004,-25.602549999999997],[-56.939647,-25.602549999999997],[-56.939647,-25.60165],[-56.937847000000005,-25.60165],[-56.937847000000005,-25.600749999999998],[-56.936047,-25.600749999999998],[-56.936047,-25.60345],[-56.935147,-25.60345],[-56.935147,-25.602549999999997],[-56.934247000000006,-25.602549999999997],[-56.934247000000006,-25.60435],[-56.933347000000005,-25.60435],[-56.933347000000005,-25.60615],[-56.932447,-25.60615],[-56.932447,-25.607049999999997],[-56.933347000000005,-25.607049999999997],[-56.933347000000005,-25.60795],[-56.934247000000006,-25.60795],[-56.934247000000006,-25.60975],[-56.936047,-25.60975],[-56.936047,-25.61065],[-56.936947,-25.61065],[-56.936947,-25.611549999999998],[-56.936047,-25.611549999999998],[-56.936047,-25.61245],[-56.934247000000006,-25.61245],[-56.934247000000006,-25.61425],[-56.932447,-25.61425],[-56.932447,-25.61245],[-56.930765,-25.61245],[-56.930765,-25.61335],[-56.931547,-25.61335],[-56.931547,-25.616049999999998],[-56.930765,-25.616049999999998],[-56.930765,-25.620549999999998],[-56.935147,-25.620549999999998],[-56.935147,-25.61965],[-56.936047,-25.61965],[-56.936047,-25.61875],[-56.937847000000005,-25.61875],[-56.937847000000005,-25.61965],[-56.938747000000006,-25.61965],[-56.938747000000006,-25.61875],[-56.939647,-25.61875],[-56.939647,-25.61695],[-56.942347000000005,-25.61695],[-56.942347000000005,-25.616049999999998],[-56.94324700000001,-25.616049999999998],[-56.94324700000001,-25.61515],[-56.944147,-25.61515],[-56.944147,-25.61695],[-56.945047,-25.61695],[-56.945047,-25.61965],[-56.945947000000004,-25.61965],[-56.945947000000004,-25.622349999999997],[-56.945047,-25.622349999999997],[-56.945047,-25.62325],[-56.946847000000005,-25.62325],[-56.946847000000005,-25.625049999999998],[-56.94774700000001,-25.625049999999998],[-56.94774700000001,-25.62415],[-56.951347000000005,-25.62415],[-56.951347000000005,-25.62325],[-56.950447000000004,-25.62325],[-56.950447000000004,-25.622349999999997],[-56.951347000000005,-25.622349999999997],[-56.951347000000005,-25.620549999999998],[-56.949547,-25.620549999999998],[-56.949547,-25.622349999999997],[-56.948647,-25.622349999999997],[-56.948647,-25.62145],[-56.946847000000005,-25.62145],[-56.946847000000005,-25.616049999999998],[-56.94774700000001,-25.616049999999998],[-56.94774700000001,-25.61515],[-56.951347000000005,-25.61515],[-56.951347000000005,-25.61425],[-56.950447000000004,-25.61425],[-56.950447000000004,-25.61335],[-56.949547,-25.61335],[-56.949547,-25.61425],[-56.94774700000001,-25.61425],[-56.94774700000001,-25.61245],[-56.948647,-25.61245],[-56.948647,-25.61065],[-56.950447000000004,-25.61065],[-56.950447000000004,-25.611549999999998],[-56.95224700000001,-25.611549999999998],[-56.95224700000001,-25.61245],[-56.953147,-25.61245],[-56.953147,-25.61515],[-56.954047,-25.61515],[-56.954047,-25.61335],[-56.954947000000004,-25.61335],[-56.954947000000004,-25.61425],[-56.95674700000001,-25.61425],[-56.95674700000001,-25.616049999999998],[-56.958547,-25.616049999999998],[-56.958547,-25.61875],[-56.957647,-25.61875],[-56.957647,-25.61965],[-56.95674700000001,-25.61965],[-56.95674700000001,-25.620549999999998],[-56.957647,-25.620549999999998],[-56.957647,-25.62145],[-56.95674700000001,-25.62145],[-56.95674700000001,-25.62325],[-56.957647,-25.62325],[-56.957647,-25.62415],[-56.958547,-25.62415],[-56.958547,-25.62325],[-56.959447000000004,-25.62325],[-56.959447000000004,-25.62415],[-56.96124700000001,-25.62415],[-56.96124700000001,-25.625049999999998],[-56.963047,-25.625049999999998],[-56.963047,-25.62775],[-56.963947000000005,-25.62775],[-56.963947000000005,-25.62955],[-56.96124700000001,-25.62955],[-56.96124700000001,-25.631349999999998],[-56.963047,-25.631349999999998],[-56.963047,-25.63045],[-56.964847000000006,-25.63045],[-56.964847000000006,-25.631349999999998],[-56.965747,-25.631349999999998],[-56.965747,-25.635849999999998],[-56.966647,-25.635849999999998],[-56.966647,-25.63495],[-56.967547,-25.63495],[-56.967547,-25.63315],[-56.966647,-25.63315],[-56.966647,-25.63225],[-56.968447000000005,-25.63225],[-56.968447000000005,-25.63045],[-56.967547,-25.63045],[-56.967547,-25.631349999999998],[-56.966647,-25.631349999999998],[-56.966647,-25.62955],[-56.965747,-25.62955],[-56.965747,-25.62865],[-56.966647,-25.62865],[-56.966647,-25.62775],[-56.965747,-25.62775],[-56.965747,-25.625049999999998],[-56.966647,-25.625049999999998],[-56.966647,-25.62415],[-56.968447000000005,-25.62415],[-56.968447000000005,-25.622349999999997],[-56.969347000000006,-25.622349999999997],[-56.969347000000006,-25.62325],[-56.972047,-25.62325],[-56.972047,-25.625049999999998],[-56.972947000000005,-25.625049999999998],[-56.972947000000005,-25.626849999999997],[-56.973847000000006,-25.626849999999997],[-56.973847000000006,-25.62955],[-56.972947000000005,-25.62955],[-56.972947000000005,-25.63045],[-56.972047,-25.63045],[-56.972047,-25.631349999999998],[-56.972947000000005,-25.631349999999998],[-56.972947000000005,-25.63225],[-56.973847000000006,-25.63225],[-56.973847000000006,-25.631349999999998],[-56.976547000000004,-25.631349999999998],[-56.976547000000004,-25.63315],[-56.974747,-25.63315],[-56.974747,-25.63405],[-56.972947000000005,-25.63405],[-56.972947000000005,-25.635849999999998],[-56.976547000000004,-25.635849999999998],[-56.976547000000004,-25.640349999999998],[-56.975647,-25.640349999999998],[-56.975647,-25.64125],[-56.974747,-25.64125],[-56.974747,-25.64305],[-56.976547000000004,-25.64305],[-56.976547000000004,-25.64395],[-56.977447000000005,-25.64395],[-56.977447000000005,-25.64575],[-56.97834700000001,-25.64575],[-56.97834700000001,-25.646649999999998],[-56.977447000000005,-25.646649999999998],[-56.977447000000005,-25.64755],[-56.976547000000004,-25.64755],[-56.976547000000004,-25.646649999999998],[-56.975647,-25.646649999999998],[-56.975647,-25.65025],[-56.974747,-25.65025],[-56.974747,-25.64935],[-56.973847000000006,-25.64935],[-56.973847000000006,-25.64845],[-56.972947000000005,-25.64845],[-56.972947000000005,-25.64755],[-56.974747,-25.64755],[-56.974747,-25.646649999999998],[-56.973847000000006,-25.646649999999998],[-56.973847000000006,-25.644849999999998],[-56.972947000000005,-25.644849999999998],[-56.972947000000005,-25.64395],[-56.972047,-25.64395],[-56.972047,-25.64305],[-56.972947000000005,-25.64305],[-56.972947000000005,-25.642149999999997],[-56.971147,-25.642149999999997],[-56.971147,-25.64305],[-56.970247,-25.64305],[-56.970247,-25.642149999999997],[-56.969347000000006,-25.642149999999997],[-56.969347000000006,-25.64125],[-56.970247,-25.64125],[-56.970247,-25.640349999999998],[-56.969347000000006,-25.640349999999998],[-56.969347000000006,-25.63765],[-56.968447000000005,-25.63765],[-56.968447000000005,-25.63675],[-56.967547,-25.63675],[-56.967547,-25.63765],[-56.966647,-25.63765],[-56.966647,-25.63855],[-56.967547,-25.63855],[-56.967547,-25.640349999999998],[-56.964847000000006,-25.640349999999998],[-56.964847000000006,-25.63945],[-56.963947000000005,-25.63945],[-56.963947000000005,-25.640349999999998],[-56.963047,-25.640349999999998],[-56.963047,-25.64125],[-56.96124700000001,-25.64125],[-56.96124700000001,-25.640349999999998],[-56.960347000000006,-25.640349999999998],[-56.960347000000006,-25.63945],[-56.959447000000004,-25.63945],[-56.959447000000004,-25.640349999999998],[-56.958547,-25.640349999999998],[-56.958547,-25.64125],[-56.959447000000004,-25.64125],[-56.959447000000004,-25.64305],[-56.960347000000006,-25.64305],[-56.960347000000006,-25.64395],[-56.957647,-25.64395],[-56.957647,-25.64305],[-56.955847000000006,-25.64305],[-56.955847000000006,-25.64395],[-56.95674700000001,-25.64395],[-56.95674700000001,-25.64575],[-56.955847000000006,-25.64575],[-56.955847000000006,-25.64755],[-56.95674700000001,-25.64755],[-56.95674700000001,-25.65025],[-56.955847000000006,-25.65025],[-56.955847000000006,-25.651149999999998],[-56.954947000000004,-25.651149999999998],[-56.954947000000004,-25.65385],[-56.954047,-25.65385],[-56.954047,-25.651149999999998],[-56.953147,-25.651149999999998],[-56.953147,-25.65025],[-56.945947000000004,-25.65025],[-56.945947000000004,-25.65205],[-56.945047,-25.65205],[-56.945047,-25.64845],[-56.94324700000001,-25.64845],[-56.94324700000001,-25.646649999999998],[-56.944147,-25.646649999999998],[-56.944147,-25.64755],[-56.945947000000004,-25.64755],[-56.945947000000004,-25.64935],[-56.946847000000005,-25.64935],[-56.946847000000005,-25.64575],[-56.948647,-25.64575],[-56.948647,-25.64845],[-56.949547,-25.64845],[-56.949547,-25.64935],[-56.950447000000004,-25.64935],[-56.950447000000004,-25.64845],[-56.951347000000005,-25.64845],[-56.951347000000005,-25.64395],[-56.95224700000001,-25.64395],[-56.95224700000001,-25.644849999999998],[-56.954047,-25.644849999999998],[-56.954047,-25.64395],[-56.954947000000004,-25.64395],[-56.954947000000004,-25.64305],[-56.953147,-25.64305],[-56.953147,-25.642149999999997],[-56.954047,-25.642149999999997],[-56.954047,-25.64125],[-56.951347000000005,-25.64125],[-56.951347000000005,-25.640349999999998],[-56.949547,-25.640349999999998],[-56.949547,-25.63945],[-56.94774700000001,-25.63945],[-56.94774700000001,-25.640349999999998],[-56.945947000000004,-25.640349999999998],[-56.945947000000004,-25.63945],[-56.944147,-25.63945],[-56.944147,-25.63765],[-56.942347000000005,-25.63765],[-56.942347000000005,-25.635849999999998],[-56.941447000000004,-25.635849999999998],[-56.941447000000004,-25.63675],[-56.940547,-25.63675],[-56.940547,-25.63495],[-56.941447000000004,-25.63495],[-56.941447000000004,-25.63405],[-56.942347000000005,-25.63405],[-56.942347000000005,-25.63495],[-56.944147,-25.63495],[-56.944147,-25.63315],[-56.945047,-25.63315],[-56.945047,-25.631349999999998],[-56.944147,-25.631349999999998],[-56.944147,-25.63225],[-56.94324700000001,-25.63225],[-56.94324700000001,-25.63315],[-56.942347000000005,-25.63315],[-56.942347000000005,-25.63225],[-56.938747000000006,-25.63225],[-56.938747000000006,-25.63045],[-56.939647,-25.63045],[-56.939647,-25.626849999999997],[-56.94324700000001,-25.626849999999997],[-56.94324700000001,-25.62775],[-56.944147,-25.62775],[-56.944147,-25.626849999999997],[-56.945947000000004,-25.626849999999997],[-56.945947000000004,-25.62595],[-56.945047,-25.62595],[-56.945047,-25.62415],[-56.944147,-25.62415],[-56.944147,-25.62595],[-56.94324700000001,-25.62595],[-56.94324700000001,-25.625049999999998],[-56.942347000000005,-25.625049999999998],[-56.942347000000005,-25.62325],[-56.94324700000001,-25.62325],[-56.94324700000001,-25.622349999999997],[-56.940547,-25.622349999999997],[-56.940547,-25.62415],[-56.939647,-25.62415],[-56.939647,-25.625049999999998],[-56.938747000000006,-25.625049999999998],[-56.938747000000006,-25.62595],[-56.937847000000005,-25.62595],[-56.937847000000005,-25.62775],[-56.936047,-25.62775],[-56.936047,-25.625049999999998],[-56.937847000000005,-25.625049999999998],[-56.937847000000005,-25.62415],[-56.936947,-25.62415],[-56.936947,-25.622349999999997],[-56.936047,-25.622349999999997],[-56.936047,-25.62325],[-56.935147,-25.62325],[-56.935147,-25.622349999999997],[-56.934247000000006,-25.622349999999997],[-56.934247000000006,-25.62325],[-56.932447,-25.62325],[-56.932447,-25.625049999999998],[-56.931547,-25.625049999999998],[-56.931547,-25.62325],[-56.930765,-25.62325],[-56.930765,-25.626849999999997],[-56.933347000000005,-25.626849999999997],[-56.933347000000005,-25.62775],[-56.934247000000006,-25.62775],[-56.934247000000006,-25.62865],[-56.930765,-25.62865],[-56.930765,-25.62955],[-56.932447,-25.62955],[-56.932447,-25.631349999999998],[-56.930765,-25.631349999999998],[-56.930765,-25.63855],[-56.932447,-25.63855],[-56.932447,-25.640349999999998],[-56.936947,-25.640349999999998],[-56.936947,-25.63945],[-56.936047,-25.63945],[-56.936047,-25.63855],[-56.935147,-25.63855],[-56.935147,-25.63765],[-56.936047,-25.63765],[-56.936047,-25.63675],[-56.934247000000006,-25.63675],[-56.934247000000006,-25.63855],[-56.933347000000005,-25.63855],[-56.933347000000005,-25.63495],[-56.932447,-25.63495],[-56.932447,-25.63315],[-56.933347000000005,-25.63315],[-56.933347000000005,-25.63225],[-56.934247000000006,-25.63225],[-56.934247000000006,-25.63045],[-56.935147,-25.63045],[-56.935147,-25.63315],[-56.936047,-25.63315],[-56.936047,-25.63405],[-56.937847000000005,-25.63405],[-56.937847000000005,-25.635849999999998],[-56.938747000000006,-25.635849999999998],[-56.938747000000006,-25.63855],[-56.937847000000005,-25.63855],[-56.937847000000005,-25.63945],[-56.938747000000006,-25.63945],[-56.938747000000006,-25.640349999999998],[-56.939647,-25.640349999999998],[-56.939647,-25.642149999999997],[-56.940547,-25.642149999999997],[-56.940547,-25.64305],[-56.941447000000004,-25.64305],[-56.941447000000004,-25.64575],[-56.942347000000005,-25.64575],[-56.942347000000005,-25.646649999999998],[-56.941447000000004,-25.646649999999998],[-56.941447000000004,-25.64845],[-56.942347000000005,-25.64845],[-56.942347000000005,-25.64935],[-56.94324700000001,-25.64935],[-56.94324700000001,-25.65025],[-56.941447000000004,-25.65025],[-56.941447000000004,-25.651149999999998],[-56.942347000000005,-25.651149999999998],[-56.942347000000005,-25.65205],[-56.940547,-25.65205],[-56.940547,-25.65295],[-56.939647,-25.65295],[-56.939647,-25.65475],[-56.936047,-25.65475],[-56.936047,-25.65295],[-56.933347000000005,-25.65295],[-56.933347000000005,-25.651149999999998],[-56.931547,-25.651149999999998],[-56.931547,-25.65295],[-56.930765,-25.65295],[-56.930765,-25.65745],[-56.931547,-25.65745],[-56.931547,-25.65925],[-56.930765,-25.65925],[-56.930765,-25.670949999999998],[-56.931547,-25.670949999999998],[-56.931547,-25.67005],[-56.934247000000006,-25.67005],[-56.934247000000006,-25.670949999999998],[-56.933347000000005,-25.670949999999998],[-56.933347000000005,-25.67275],[-56.931547,-25.67275],[-56.931547,-25.67185],[-56.930765,-25.67185],[-56.930765,-25.67365],[-56.932447,-25.67365],[-56.932447,-25.67635],[-56.931547,-25.67635],[-56.931547,-25.675449999999998],[-56.930765,-25.675449999999998],[-56.930765,-25.68715],[-56.932447,-25.68715],[-56.932447,-25.68805],[-56.930765,-25.68805],[-56.930765,-25.698062],[-56.958547,-25.698062],[-56.958547,-25.69795],[-56.959447000000004,-25.69795],[-56.959447000000004,-25.698062],[-56.96124700000001,-25.698062],[-56.96124700000001,-25.69795],[-56.962147,-25.69795],[-56.962147,-25.698062],[-56.969347000000006,-25.698062],[-56.969347000000006,-25.697049999999997],[-56.971147,-25.697049999999997],[-56.971147,-25.69795],[-56.972947000000005,-25.69795],[-56.972947000000005,-25.698062],[-57.000847,-25.698062],[-57.000847,-25.67815],[-56.999947000000006,-25.67815],[-56.999947000000006,-25.67725],[-57.000847,-25.67725],[-57.000847,-25.67455],[-56.999947000000006,-25.67455],[-56.999947000000006,-25.67365],[-57.000847,-25.67365],[-57.000847,-25.67185],[-56.999947000000006,-25.67185],[-56.999947000000006,-25.670949999999998],[-57.000847,-25.670949999999998],[-57.000847,-25.66105],[-56.999947000000006,-25.66105],[-56.999947000000006,-25.660149999999998],[-57.000847,-25.660149999999998],[-57.000847,-25.65475],[-56.999947000000006,-25.65475],[-56.999947000000006,-25.65385],[-57.000847,-25.65385],[-57.000847,-25.65205],[-56.997247,-25.65205],[-56.997247,-25.651149999999998],[-56.99634700000001,-25.651149999999998],[-56.99634700000001,-25.64755],[-56.998147,-25.64755],[-56.998147,-25.64845],[-56.997247,-25.64845],[-56.997247,-25.64935],[-57.000847,-25.64935],[-57.000847,-25.646649999999998],[-56.999947000000006,-25.646649999999998],[-56.999947000000006,-25.64575],[-57.000847,-25.64575],[-57.000847,-25.63315],[-56.999947000000006,-25.63315],[-56.999947000000006,-25.63225],[-56.993647,-25.63225],[-56.993647,-25.63315],[-56.992747,-25.63315],[-56.992747,-25.63225],[-56.99184700000001,-25.63225],[-56.99184700000001,-25.631349999999998],[-56.992747,-25.631349999999998],[-56.992747,-25.63045],[-56.99634700000001,-25.63045],[-56.99634700000001,-25.62955],[-56.997247,-25.62955],[-56.997247,-25.63045],[-56.998147,-25.63045],[-56.998147,-25.62955],[-56.999047000000004,-25.62955],[-56.999047000000004,-25.63045],[-56.999947000000006,-25.63045],[-56.999947000000006,-25.62955],[-57.000847,-25.62955],[-57.000847,-25.62325],[-56.999947000000006,-25.62325],[-56.999947000000006,-25.622349999999997],[-56.998147,-25.622349999999997],[-56.998147,-25.62145],[-56.999947000000006,-25.62145],[-56.999947000000006,-25.620549999999998],[-56.999047000000004,-25.620549999999998],[-56.999047000000004,-25.61785],[-57.000847,-25.61785],[-57.000847,-25.61695],[-56.999047000000004,-25.61695],[-56.999047000000004,-25.616049999999998],[-56.999947000000006,-25.616049999999998],[-56.999947000000006,-25.61515],[-56.999047000000004,-25.61515],[-56.999047000000004,-25.61335],[-56.999947000000006,-25.61335],[-56.999947000000006,-25.61425],[-57.000847,-25.61425],[-57.000847,-25.60435],[-56.999947000000006,-25.60435],[-56.999947000000006,-25.60345],[-56.998147,-25.60345],[-56.998147,-25.602549999999997],[-57.000847,-25.602549999999997],[-57.000847,-25.59895],[-56.999047000000004,-25.59895],[-56.999047000000004,-25.59805],[-56.998147,-25.59805],[-56.998147,-25.59715],[-56.999047000000004,-25.59715],[-56.999047000000004,-25.596249999999998],[-56.998147,-25.596249999999998],[-56.998147,-25.59535],[-56.999047000000004,-25.59535],[-56.999047000000004,-25.59445],[-57.000847,-25.59445],[-57.000847,-25.57375],[-56.999947000000006,-25.57375],[-56.999947000000006,-25.57285],[-56.999047000000004,-25.57285],[-56.999047000000004,-25.57105],[-56.999947000000006,-25.57105],[-56.999947000000006,-25.571949999999998],[-57.000847,-25.571949999999998],[-57.000847,-25.56475],[-56.999047000000004,-25.56475],[-56.999047000000004,-25.56385],[-57.000847,-25.56385],[-57.000847,-25.56025],[-56.999947000000006,-25.56025],[-56.999947000000006,-25.55845],[-56.999047000000004,-25.55845],[-56.999047000000004,-25.55935],[-56.998147,-25.55935],[-56.998147,-25.56205],[-56.997247,-25.56205],[-56.997247,-25.565649999999998],[-56.99634700000001,-25.565649999999998],[-56.99634700000001,-25.56835],[-56.99184700000001,-25.56835],[-56.99184700000001,-25.56655],[-56.992747,-25.56655],[-56.992747,-25.56475],[-56.993647,-25.56475],[-56.993647,-25.56385],[-56.995447000000006,-25.56385],[-56.995447000000006,-25.56295],[-56.994547000000004,-25.56295],[-56.994547000000004,-25.561149999999998],[-56.992747,-25.561149999999998],[-56.992747,-25.56025],[-56.98734700000001,-25.56025],[-56.98734700000001,-25.55935],[-56.986447000000005,-25.55935],[-56.986447000000005,-25.55845],[-56.985547000000004,-25.55845],[-56.985547000000004,-25.55575],[-56.984647,-25.55575],[-56.984647,-25.55395],[-56.983747,-25.55395],[-56.983747,-25.550349999999998],[-56.98284700000001,-25.550349999999998],[-56.98284700000001,-25.54855],[-56.981047000000004,-25.54855],[-56.981047000000004,-25.54945],[-56.981947000000005,-25.54945],[-56.981947000000005,-25.550349999999998],[-56.981047000000004,-25.550349999999998],[-56.981047000000004,-25.552149999999997],[-56.980147,-25.552149999999997],[-56.980147,-25.55395],[-56.977447000000005,-25.55395],[-56.977447000000005,-25.55305],[-56.975647,-25.55305],[-56.975647,-25.552149999999997],[-56.973847000000006,-25.552149999999997],[-56.973847000000006,-25.55125],[-56.972947000000005,-25.55125],[-56.972947000000005,-25.550349999999998],[-56.971147,-25.550349999999998],[-56.971147,-25.54945],[-56.969347000000006,-25.54945],[-56.969347000000006,-25.550349999999998],[-56.968447000000005,-25.550349999999998],[-56.968447000000005,-25.547649999999997],[-56.966647,-25.547649999999997],[-56.966647,-25.54945],[-56.965747,-25.54945],[-56.965747,-25.54855],[-56.964847000000006,-25.54855],[-56.964847000000006,-25.54945],[-56.963947000000005,-25.54945],[-56.963947000000005,-25.550349999999998],[-56.965747,-25.550349999999998],[-56.965747,-25.55125],[-56.964847000000006,-25.55125],[-56.964847000000006,-25.552149999999997],[-56.963947000000005,-25.552149999999997],[-56.963947000000005,-25.55395],[-56.963047,-25.55395],[-56.963047,-25.55575],[-56.963947000000005,-25.55575],[-56.963947000000005,-25.556649999999998],[-56.963047,-25.556649999999998],[-56.963047,-25.55755],[-56.963947000000005,-25.55755],[-56.963947000000005,-25.55845],[-56.965747,-25.55845],[-56.965747,-25.55755],[-56.964847000000006,-25.55755],[-56.964847000000006,-25.556649999999998],[-56.966647,-25.556649999999998],[-56.966647,-25.56025],[-56.964847000000006,-25.56025],[-56.964847000000006,-25.561149999999998],[-56.963947000000005,-25.561149999999998],[-56.963947000000005,-25.56025],[-56.962147,-25.56025],[-56.962147,-25.55935],[-56.96124700000001,-25.55935],[-56.96124700000001,-25.56025],[-56.960347000000006,-25.56025],[-56.960347000000006,-25.561149999999998],[-56.957647,-25.561149999999998],[-56.957647,-25.56205],[-56.959447000000004,-25.56205],[-56.959447000000004,-25.56295],[-56.960347000000006,-25.56295],[-56.960347000000006,-25.56205],[-56.962147,-25.56205],[-56.962147,-25.56295],[-56.96124700000001,-25.56295],[-56.96124700000001,-25.56385],[-56.960347000000006,-25.56385],[-56.960347000000006,-25.56475],[-56.958547,-25.56475],[-56.958547,-25.56385],[-56.957647,-25.56385],[-56.957647,-25.56295],[-56.95674700000001,-25.56295],[-56.95674700000001,-25.56025],[-56.957647,-25.56025],[-56.957647,-25.55845],[-56.96124700000001,-25.55845],[-56.96124700000001,-25.55755],[-56.959447000000004,-25.55755],[-56.959447000000004,-25.55575],[-56.95674700000001,-25.55575],[-56.95674700000001,-25.55485],[-56.954947000000004,-25.55485],[-56.954947000000004,-25.55305],[-56.954047,-25.55305],[-56.954047,-25.55395],[-56.953147,-25.55395],[-56.953147,-25.55575],[-56.95224700000001,-25.55575],[-56.95224700000001,-25.55485],[-56.951347000000005,-25.55485],[-56.951347000000005,-25.55395],[-56.946847000000005,-25.55395],[-56.946847000000005,-25.55125],[-56.948647,-25.55125],[-56.948647,-25.550349999999998],[-56.94774700000001,-25.550349999999998],[-56.94774700000001,-25.54945],[-56.948647,-25.54945],[-56.948647,-25.54855],[-56.946847000000005,-25.54855],[-56.946847000000005,-25.545849999999998],[-56.94774700000001,-25.545849999999998],[-56.94774700000001,-25.54495],[-56.946847000000005,-25.54495],[-56.946847000000005,-25.54405],[-56.945947000000004,-25.54405],[-56.945947000000004,-25.54495],[-56.945047,-25.54495],[-56.945047,-25.54675],[-56.94324700000001,-25.54675],[-56.94324700000001,-25.545849999999998]],[[-56.936047,-25.51975],[-56.935147,-25.51975],[-56.935147,-25.51885],[-56.936047,-25.51885],[-56.936047,-25.51975]],[[-56.933347000000005,-25.521549999999998],[-56.934247000000006,-25.521549999999998],[-56.934247000000006,-25.52245],[-56.933347000000005,-25.52245],[-56.933347000000005,-25.521549999999998]],[[-56.931547,-25.53775],[-56.931547,-25.536849999999998],[-56.932447,-25.536849999999998],[-56.932447,-25.53775],[-56.931547,-25.53775]],[[-56.937847000000005,-25.54225],[-56.938747000000006,-25.54225],[-56.938747000000006,-25.54315],[-56.937847000000005,-25.54315],[-56.937847000000005,-25.54225]],[[-56.941447000000004,-25.55305],[-56.942347000000005,-25.55305],[-56.942347000000005,-25.552149999999997],[-56.944147,-25.552149999999997],[-56.944147,-25.55305],[-56.94324700000001,-25.55305],[-56.94324700000001,-25.55395],[-56.941447000000004,-25.55395],[-56.941447000000004,-25.55305]],[[-56.942347000000005,-25.55575],[-56.942347000000005,-25.556649999999998],[-56.944147,-25.556649999999998],[-56.944147,-25.55755],[-56.94324700000001,-25.55755],[-56.94324700000001,-25.55845],[-56.941447000000004,-25.55845],[-56.941447000000004,-25.55755],[-56.940547,-25.55755],[-56.940547,-25.55575],[-56.942347000000005,-25.55575]],[[-56.944147,-25.55485],[-56.945047,-25.55485],[-56.945047,-25.556649999999998],[-56.944147,-25.556649999999998],[-56.944147,-25.55485]],[[-56.940547,-25.55845],[-56.939647,-25.55845],[-56.939647,-25.55755],[-56.940547,-25.55755],[-56.940547,-25.55845]],[[-56.936947,-25.56655],[-56.936047,-25.56655],[-56.936047,-25.565649999999998],[-56.936947,-25.565649999999998],[-56.936947,-25.56655]],[[-56.933347000000005,-25.565649999999998],[-56.933347000000005,-25.567449999999997],[-56.934247000000006,-25.567449999999997],[-56.934247000000006,-25.56835],[-56.931547,-25.56835],[-56.931547,-25.565649999999998],[-56.933347000000005,-25.565649999999998]],[[-56.936947,-25.57915],[-56.936947,-25.57825],[-56.937847000000005,-25.57825],[-56.937847000000005,-25.57915],[-56.938747000000006,-25.57915],[-56.938747000000006,-25.57825],[-56.941447000000004,-25.57825],[-56.941447000000004,-25.58365],[-56.940547,-25.58365],[-56.940547,-25.58185],[-56.939647,-25.58185],[-56.939647,-25.58365],[-56.937847000000005,-25.58365],[-56.937847000000005,-25.58455],[-56.936947,-25.58455],[-56.936947,-25.58185],[-56.936047,-25.58185],[-56.936047,-25.57915],[-56.936947,-25.57915]],[[-56.933347000000005,-25.596249999999998],[-56.934247000000006,-25.596249999999998],[-56.934247000000006,-25.59715],[-56.933347000000005,-25.59715],[-56.933347000000005,-25.596249999999998]],[[-56.941447000000004,-25.600749999999998],[-56.944147,-25.600749999999998],[-56.944147,-25.60165],[-56.94324700000001,-25.60165],[-56.94324700000001,-25.60345],[-56.942347000000005,-25.60345],[-56.942347000000005,-25.60165],[-56.941447000000004,-25.60165],[-56.941447000000004,-25.600749999999998]],[[-56.934247000000006,-25.61875],[-56.934247000000006,-25.61785],[-56.935147,-25.61785],[-56.935147,-25.61695],[-56.936047,-25.61695],[-56.936047,-25.61875],[-56.934247000000006,-25.61875]],[[-56.932447,-25.61785],[-56.932447,-25.61695],[-56.934247000000006,-25.61695],[-56.934247000000006,-25.61785],[-56.932447,-25.61785]],[[-56.965747,-25.62415],[-56.965747,-25.622349999999997],[-56.966647,-25.622349999999997],[-56.966647,-25.62415],[-56.965747,-25.62415]],[[-56.977447000000005,-25.640349999999998],[-56.97834700000001,-25.640349999999998],[-56.97834700000001,-25.63765],[-56.981947000000005,-25.63765],[-56.981947000000005,-25.63945],[-56.981047000000004,-25.63945],[-56.981047000000004,-25.640349999999998],[-56.980147,-25.640349999999998],[-56.980147,-25.64125],[-56.979247,-25.64125],[-56.979247,-25.64395],[-56.977447000000005,-25.64395],[-56.977447000000005,-25.640349999999998]],[[-56.972947000000005,-25.65025],[-56.971147,-25.65025],[-56.971147,-25.64845],[-56.972947000000005,-25.64845],[-56.972947000000005,-25.65025]],[[-56.969347000000006,-25.64845],[-56.969347000000006,-25.646649999999998],[-56.970247,-25.646649999999998],[-56.970247,-25.64575],[-56.971147,-25.64575],[-56.971147,-25.646649999999998],[-56.972047,-25.646649999999998],[-56.972047,-25.64755],[-56.971147,-25.64755],[-56.971147,-25.64845],[-56.969347000000006,-25.64845]],[[-56.953147,-25.65205],[-56.951347000000005,-25.65205],[-56.951347000000005,-25.65295],[-56.950447000000004,-25.65295],[-56.950447000000004,-25.651149999999998],[-56.953147,-25.651149999999998],[-56.953147,-25.65205]],[[-56.935147,-25.625049999999998],[-56.935147,-25.62415],[-56.936047,-25.62415],[-56.936047,-25.625049999999998],[-56.935147,-25.625049999999998]],[[-56.933347000000005,-25.63045],[-56.933347000000005,-25.62955],[-56.934247000000006,-25.62955],[-56.934247000000006,-25.63045],[-56.933347000000005,-25.63045]],[[-56.931547,-25.65655],[-56.932447,-25.65655],[-56.932447,-25.65745],[-56.931547,-25.65745],[-56.931547,-25.65655]],[[-56.934247000000006,-25.66915],[-56.936047,-25.66915],[-56.936047,-25.67005],[-56.934247000000006,-25.67005],[-56.934247000000006,-25.66915]],[[-56.936047,-25.66825],[-56.937847000000005,-25.66825],[-56.937847000000005,-25.66735],[-56.944147,-25.66735],[-56.944147,-25.666449999999998],[-56.945047,-25.666449999999998],[-56.945047,-25.66735],[-56.945947000000004,-25.66735],[-56.945947000000004,-25.66555],[-56.94774700000001,-25.66555],[-56.94774700000001,-25.664649999999998],[-56.948647,-25.664649999999998],[-56.948647,-25.66285],[-56.949547,-25.66285],[-56.949547,-25.664649999999998],[-56.950447000000004,-25.664649999999998],[-56.950447000000004,-25.66285],[-56.951347000000005,-25.66285],[-56.951347000000005,-25.66375],[-56.955847000000006,-25.66375],[-56.955847000000006,-25.664649999999998],[-56.954947000000004,-25.664649999999998],[-56.954947000000004,-25.66555],[-56.957647,-25.66555],[-56.957647,-25.664649999999998],[-56.958547,-25.664649999999998],[-56.958547,-25.66105],[-56.959447000000004,-25.66105],[-56.959447000000004,-25.661949999999997],[-56.960347000000006,-25.661949999999997],[-56.960347000000006,-25.66285],[-56.96124700000001,-25.66285],[-56.96124700000001,-25.661949999999997],[-56.963947000000005,-25.661949999999997],[-56.963947000000005,-25.66285],[-56.964847000000006,-25.66285],[-56.964847000000006,-25.661949999999997],[-56.965747,-25.661949999999997],[-56.965747,-25.66285],[-56.966647,-25.66285],[-56.966647,-25.66375],[-56.965747,-25.66375],[-56.965747,-25.664649999999998],[-56.966647,-25.664649999999998],[-56.966647,-25.666449999999998],[-56.967547,-25.666449999999998],[-56.967547,-25.66735],[-56.966647,-25.66735],[-56.966647,-25.66825],[-56.965747,-25.66825],[-56.965747,-25.66735],[-56.964847000000006,-25.66735],[-56.964847000000006,-25.66825],[-56.963947000000005,-25.66825],[-56.963947000000005,-25.66735],[-56.962147,-25.66735],[-56.962147,-25.666449999999998],[-56.963047,-25.666449999999998],[-56.963047,-25.66555],[-56.96124700000001,-25.66555],[-56.96124700000001,-25.66735],[-56.960347000000006,-25.66735],[-56.960347000000006,-25.666449999999998],[-56.958547,-25.666449999999998],[-56.958547,-25.66735],[-56.95674700000001,-25.66735],[-56.95674700000001,-25.66825],[-56.955847000000006,-25.66825],[-56.955847000000006,-25.66735],[-56.954947000000004,-25.66735],[-56.954947000000004,-25.66825],[-56.95224700000001,-25.66825],[-56.95224700000001,-25.67005],[-56.950447000000004,-25.67005],[-56.950447000000004,-25.670949999999998],[-56.953147,-25.670949999999998],[-56.953147,-25.67185],[-56.950447000000004,-25.67185],[-56.950447000000004,-25.67275],[-56.946847000000005,-25.67275],[-56.946847000000005,-25.67185],[-56.949547,-25.67185],[-56.949547,-25.670949999999998],[-56.948647,-25.670949999999998],[-56.948647,-25.67005],[-56.949547,-25.67005],[-56.949547,-25.66915],[-56.950447000000004,-25.66915],[-56.950447000000004,-25.66825],[-56.944147,-25.66825],[-56.944147,-25.66915],[-56.942347000000005,-25.66915],[-56.942347000000005,-25.66825],[-56.940547,-25.66825],[-56.940547,-25.670949999999998],[-56.939647,-25.670949999999998],[-56.939647,-25.67005],[-56.938747000000006,-25.67005],[-56.938747000000006,-25.66915],[-56.936047,-25.66915],[-56.936047,-25.66825]],[[-56.95674700000001,-25.664649999999998],[-56.95674700000001,-25.66375],[-56.957647,-25.66375],[-56.957647,-25.664649999999998],[-56.95674700000001,-25.664649999999998]],[[-56.959447000000004,-25.66735],[-56.959447000000004,-25.66915],[-56.958547,-25.66915],[-56.958547,-25.66735],[-56.959447000000004,-25.66735]],[[-56.957647,-25.69795],[-56.957647,-25.697049999999997],[-56.958547,-25.697049999999997],[-56.958547,-25.69795],[-56.957647,-25.69795]],[[-56.972947000000005,-25.697049999999997],[-56.972047,-25.697049999999997],[-56.972047,-25.69435],[-56.973847000000006,-25.69435],[-56.973847000000006,-25.697049999999997],[-56.974747,-25.697049999999997],[-56.974747,-25.69795],[-56.972947000000005,-25.69795],[-56.972947000000005,-25.697049999999997]],[[-56.999947000000006,-25.67905],[-56.999047000000004,-25.67905],[-56.999047000000004,-25.67815],[-56.999947000000006,-25.67815],[-56.999947000000006,-25.67905]],[[-56.999047000000004,-25.679949999999998],[-56.998147,-25.679949999999998],[-56.998147,-25.67905],[-56.999047000000004,-25.67905],[-56.999047000000004,-25.679949999999998]],[[-56.998147,-25.681749999999997],[-56.997247,-25.681749999999997],[-56.997247,-25.679949999999998],[-56.998147,-25.679949999999998],[-56.998147,-25.681749999999997]],[[-56.999047000000004,-25.67365],[-56.999047000000004,-25.67275],[-56.999947000000006,-25.67275],[-56.999947000000006,-25.67365],[-56.999047000000004,-25.67365]],[[-56.99634700000001,-25.62145],[-56.99634700000001,-25.620549999999998],[-56.998147,-25.620549999999998],[-56.998147,-25.62145],[-56.99634700000001,-25.62145]],[[-56.999947000000006,-25.605249999999998],[-56.998147,-25.605249999999998],[-56.998147,-25.60435],[-56.999947000000006,-25.60435],[-56.999947000000006,-25.605249999999998]],[[-56.99184700000001,-25.57105],[-56.990947000000006,-25.57105],[-56.990947000000006,-25.576449999999998],[-56.99184700000001,-25.576449999999998],[-56.99184700000001,-25.57375],[-56.992747,-25.57375],[-56.992747,-25.570149999999998],[-56.994547000000004,-25.570149999999998],[-56.994547000000004,-25.57285],[-56.99634700000001,-25.57285],[-56.99634700000001,-25.57375],[-56.993647,-25.57375],[-56.993647,-25.57555],[-56.994547000000004,-25.57555],[-56.994547000000004,-25.576449999999998],[-56.99634700000001,-25.576449999999998],[-56.99634700000001,-25.57555],[-56.997247,-25.57555],[-56.997247,-25.576449999999998],[-56.998147,-25.576449999999998],[-56.998147,-25.57915],[-56.997247,-25.57915],[-56.997247,-25.58005],[-56.998147,-25.58005],[-56.998147,-25.58275],[-56.99634700000001,-25.58275],[-56.99634700000001,-25.58365],[-56.995447000000006,-25.58365],[-56.995447000000006,-25.58185],[-56.994547000000004,-25.58185],[-56.994547000000004,-25.57825],[-56.993647,-25.57825],[-56.993647,-25.57915],[-56.992747,-25.57915],[-56.992747,-25.58185],[-56.99184700000001,-25.58185],[-56.99184700000001,-25.58275],[-56.990047000000004,-25.58275],[-56.990047000000004,-25.58185],[-56.988247,-25.58185],[-56.988247,-25.58635],[-56.989147,-25.58635],[-56.989147,-25.587249999999997],[-56.990047000000004,-25.587249999999997],[-56.990047000000004,-25.58815],[-56.989147,-25.58815],[-56.989147,-25.58905],[-56.985547000000004,-25.58905],[-56.985547000000004,-25.58815],[-56.984647,-25.58815],[-56.984647,-25.58635],[-56.985547000000004,-25.58635],[-56.985547000000004,-25.58455],[-56.98284700000001,-25.58455],[-56.98284700000001,-25.585449999999998],[-56.981947000000005,-25.585449999999998],[-56.981947000000005,-25.58635],[-56.981047000000004,-25.58635],[-56.981047000000004,-25.587249999999997],[-56.981947000000005,-25.587249999999997],[-56.981947000000005,-25.58815],[-56.981047000000004,-25.58815],[-56.981047000000004,-25.58905],[-56.981947000000005,-25.58905],[-56.981947000000005,-25.59085],[-56.980147,-25.59085],[-56.980147,-25.589949999999998],[-56.979247,-25.589949999999998],[-56.979247,-25.58905],[-56.980147,-25.58905],[-56.980147,-25.58815],[-56.977447000000005,-25.58815],[-56.977447000000005,-25.585449999999998],[-56.976547000000004,-25.585449999999998],[-56.976547000000004,-25.58455],[-56.973847000000006,-25.58455],[-56.973847000000006,-25.58365],[-56.972047,-25.58365],[-56.972047,-25.58185],[-56.971147,-25.58185],[-56.971147,-25.580949999999998],[-56.972047,-25.580949999999998],[-56.972047,-25.58005],[-56.970247,-25.58005],[-56.970247,-25.57825],[-56.971147,-25.57825],[-56.971147,-25.57915],[-56.972947000000005,-25.57915],[-56.972947000000005,-25.57735],[-56.971147,-25.57735],[-56.971147,-25.576449999999998],[-56.969347000000006,-25.576449999999998],[-56.969347000000006,-25.57555],[-56.970247,-25.57555],[-56.970247,-25.57375],[-56.973847000000006,-25.57375],[-56.973847000000006,-25.571949999999998],[-56.972947000000005,-25.571949999999998],[-56.972947000000005,-25.57285],[-56.971147,-25.57285],[-56.971147,-25.570149999999998],[-56.972947000000005,-25.570149999999998],[-56.972947000000005,-25.56925],[-56.972047,-25.56925],[-56.972047,-25.567449999999997],[-56.972947000000005,-25.567449999999997],[-56.972947000000005,-25.56835],[-56.973847000000006,-25.56835],[-56.973847000000006,-25.56925],[-56.975647,-25.56925],[-56.975647,-25.570149999999998],[-56.976547000000004,-25.570149999999998],[-56.976547000000004,-25.57105],[-56.97834700000001,-25.57105],[-56.97834700000001,-25.570149999999998],[-56.980147,-25.570149999999998],[-56.980147,-25.56925],[-56.981047000000004,-25.56925],[-56.981047000000004,-25.56835],[-56.98284700000001,-25.56835],[-56.98284700000001,-25.56925],[-56.981947000000005,-25.56925],[-56.981947000000005,-25.570149999999998],[-56.98284700000001,-25.570149999999998],[-56.98284700000001,-25.57105],[-56.984647,-25.57105],[-56.984647,-25.571949999999998],[-56.98284700000001,-25.571949999999998],[-56.98284700000001,-25.57375],[-56.983747,-25.57375],[-56.983747,-25.57285],[-56.98734700000001,-25.57285],[-56.98734700000001,-25.57105],[-56.988247,-25.57105],[-56.988247,-25.571949999999998],[-56.990047000000004,-25.571949999999998],[-56.990047000000004,-25.570149999999998],[-56.990947000000006,-25.570149999999998],[-56.990947000000006,-25.56835],[-56.99184700000001,-25.56835],[-56.99184700000001,-25.57105]],[[-56.984647,-25.59085],[-56.984647,-25.591749999999998],[-56.983747,-25.591749999999998],[-56.983747,-25.59355],[-56.981947000000005,-25.59355],[-56.981947000000005,-25.59085],[-56.984647,-25.59085]],[[-56.980147,-25.591749999999998],[-56.981047000000004,-25.591749999999998],[-56.981047000000004,-25.59265],[-56.980147,-25.59265],[-56.980147,-25.59355],[-56.979247,-25.59355],[-56.979247,-25.59085],[-56.980147,-25.59085],[-56.980147,-25.591749999999998]],[[-56.966647,-25.57555],[-56.966647,-25.576449999999998],[-56.968447000000005,-25.576449999999998],[-56.968447000000005,-25.57825],[-56.966647,-25.57825],[-56.966647,-25.57735],[-56.965747,-25.57735],[-56.965747,-25.57825],[-56.962147,-25.57825],[-56.962147,-25.57735],[-56.96124700000001,-25.57735],[-56.96124700000001,-25.576449999999998],[-56.962147,-25.576449999999998],[-56.962147,-25.57465],[-56.963047,-25.57465],[-56.963047,-25.576449999999998],[-56.964847000000006,-25.576449999999998],[-56.964847000000006,-25.57555],[-56.963947000000005,-25.57555],[-56.963947000000005,-25.57465],[-56.964847000000006,-25.57465],[-56.964847000000006,-25.57375],[-56.963947000000005,-25.57375],[-56.963947000000005,-25.57285],[-56.965747,-25.57285],[-56.965747,-25.57375],[-56.968447000000005,-25.57375],[-56.968447000000005,-25.57465],[-56.969347000000006,-25.57465],[-56.969347000000006,-25.57555],[-56.966647,-25.57555]],[[-56.965747,-25.571949999999998],[-56.966647,-25.571949999999998],[-56.966647,-25.57285],[-56.965747,-25.57285],[-56.965747,-25.571949999999998]],[[-56.972947000000005,-25.56655],[-56.972047,-25.56655],[-56.972047,-25.565649999999998],[-56.972947000000005,-25.565649999999998],[-56.972947000000005,-25.56475],[-56.973847000000006,-25.56475],[-56.973847000000006,-25.565649999999998],[-56.974747,-25.565649999999998],[-56.974747,-25.567449999999997],[-56.972947000000005,-25.567449999999997],[-56.972947000000005,-25.56655]],[[-56.970247,-25.565649999999998],[-56.970247,-25.56475],[-56.972047,-25.56475],[-56.972047,-25.565649999999998],[-56.970247,-25.565649999999998]],[[-56.977447000000005,-25.55485],[-56.979247,-25.55485],[-56.979247,-25.55575],[-56.97834700000001,-25.55575],[-56.97834700000001,-25.556649999999998],[-56.977447000000005,-25.556649999999998],[-56.977447000000005,-25.55755],[-56.97834700000001,-25.55755],[-56.97834700000001,-25.55935],[-56.977447000000005,-25.55935],[-56.977447000000005,-25.55845],[-56.976547000000004,-25.55845],[-56.976547000000004,-25.55755],[-56.975647,-25.55755],[-56.975647,-25.556649999999998],[-56.976547000000004,-25.556649999999998],[-56.976547000000004,-25.55395],[-56.977447000000005,-25.55395],[-56.977447000000005,-25.55485]],[[-56.968447000000005,-25.552149999999997],[-56.967547,-25.552149999999997],[-56.967547,-25.550349999999998],[-56.968447000000005,-25.550349999999998],[-56.968447000000005,-25.552149999999997]],[[-56.962147,-25.56475],[-56.962147,-25.565649999999998],[-56.96124700000001,-25.565649999999998],[-56.96124700000001,-25.56655],[-56.962147,-25.56655],[-56.962147,-25.56835],[-56.96124700000001,-25.56835],[-56.96124700000001,-25.567449999999997],[-56.960347000000006,-25.567449999999997],[-56.960347000000006,-25.56835],[-56.959447000000004,-25.56835],[-56.959447000000004,-25.567449999999997],[-56.958547,-25.567449999999997],[-56.958547,-25.56655],[-56.960347000000006,-25.56655],[-56.960347000000006,-25.56475],[-56.962147,-25.56475]],[[-56.962147,-25.56385],[-56.963047,-25.56385],[-56.963047,-25.56475],[-56.962147,-25.56475],[-56.962147,-25.56385]],[[-56.963047,-25.56295],[-56.964847000000006,-25.56295],[-56.964847000000006,-25.56385],[-56.963047,-25.56385],[-56.963047,-25.56295]],[[-56.94324700000001,-25.547649999999997],[-56.942347000000005,-25.547649999999997],[-56.942347000000005,-25.54675],[-56.94324700000001,-25.54675],[-56.94324700000001,-25.547649999999997]],[[-56.935147,-25.52695],[-56.934247000000006,-25.52695],[-56.934247000000006,-25.527849999999997],[-56.933347000000005,-25.527849999999997],[-56.933347000000005,-25.52875],[-56.931547,-25.52875],[-56.931547,-25.527849999999997],[-56.932447,-25.527849999999997],[-56.932447,-25.52695],[-56.933347000000005,-25.52695],[-56.933347000000005,-25.526049999999998],[-56.934247000000006,-25.526049999999998],[-56.934247000000006,-25.52515],[-56.935147,-25.52515],[-56.935147,-25.52695]],[[-56.936947,-25.532349999999997],[-56.935147,-25.532349999999997],[-56.935147,-25.53145],[-56.936947,-25.53145],[-56.936947,-25.532349999999997]],[[-56.937847000000005,-25.53595],[-56.936047,-25.53595],[-56.936047,-25.53505],[-56.933347000000005,-25.53505],[-56.933347000000005,-25.53415],[-56.937847000000005,-25.53415],[-56.937847000000005,-25.53595]],[[-56.945947000000004,-25.550349999999998],[-56.945047,-25.550349999999998],[-56.945047,-25.54945],[-56.945947000000004,-25.54945],[-56.945947000000004,-25.550349999999998]],[[-56.945947000000004,-25.55395],[-56.945047,-25.55395],[-56.945047,-25.55305],[-56.945947000000004,-25.55305],[-56.945947000000004,-25.55395]],[[-56.969347000000006,-25.55575],[-56.970247,-25.55575],[-56.970247,-25.556649999999998],[-56.969347000000006,-25.556649999999998],[-56.969347000000006,-25.55755],[-56.968447000000005,-25.55755],[-56.968447000000005,-25.556649999999998],[-56.967547,-25.556649999999998],[-56.967547,-25.55485],[-56.969347000000006,-25.55485],[-56.969347000000006,-25.55575]],[[-56.95674700000001,-25.55935],[-56.955847000000006,-25.55935],[-56.955847000000006,-25.55845],[-56.95674700000001,-25.55845],[-56.95674700000001,-25.55935]],[[-56.953147,-25.56025],[-56.95224700000001,-25.56025],[-56.95224700000001,-25.55935],[-56.953147,-25.55935],[-56.953147,-25.56025]],[[-56.945947000000004,-25.55935],[-56.946847000000005,-25.55935],[-56.946847000000005,-25.56025],[-56.94774700000001,-25.56025],[-56.94774700000001,-25.561149999999998],[-56.948647,-25.561149999999998],[-56.948647,-25.56205],[-56.946847000000005,-25.56205],[-56.946847000000005,-25.561149999999998],[-56.945947000000004,-25.561149999999998],[-56.945947000000004,-25.55935]],[[-56.951347000000005,-25.56205],[-56.951347000000005,-25.56295],[-56.953147,-25.56295],[-56.953147,-25.56205],[-56.954047,-25.56205],[-56.954047,-25.561149999999998],[-56.954947000000004,-25.561149999999998],[-56.954947000000004,-25.56025],[-56.955847000000006,-25.56025],[-56.955847000000006,-25.56475],[-56.95674700000001,-25.56475],[-56.95674700000001,-25.57105],[-56.957647,-25.57105],[-56.957647,-25.57285],[-56.958547,-25.57285],[-56.958547,-25.570149999999998],[-56.959447000000004,-25.570149999999998],[-56.959447000000004,-25.56925],[-56.96124700000001,-25.56925],[-56.96124700000001,-25.57285],[-56.960347000000006,-25.57285],[-56.960347000000006,-25.57465],[-56.96124700000001,-25.57465],[-56.96124700000001,-25.57555],[-56.959447000000004,-25.57555],[-56.959447000000004,-25.576449999999998],[-56.958547,-25.576449999999998],[-56.958547,-25.57735],[-56.957647,-25.57735],[-56.957647,-25.576449999999998],[-56.95674700000001,-25.576449999999998],[-56.95674700000001,-25.58005],[-56.955847000000006,-25.58005],[-56.955847000000006,-25.57915],[-56.954947000000004,-25.57915],[-56.954947000000004,-25.57735],[-56.954047,-25.57735],[-56.954047,-25.57825],[-56.953147,-25.57825],[-56.953147,-25.57735],[-56.95224700000001,-25.57735],[-56.95224700000001,-25.576449999999998],[-56.951347000000005,-25.576449999999998],[-56.951347000000005,-25.57465],[-56.95224700000001,-25.57465],[-56.95224700000001,-25.570149999999998],[-56.951347000000005,-25.570149999999998],[-56.951347000000005,-25.57285],[-56.949547,-25.57285],[-56.949547,-25.57105],[-56.950447000000004,-25.57105],[-56.950447000000004,-25.56925],[-56.948647,-25.56925],[-56.948647,-25.567449999999997],[-56.949547,-25.567449999999997],[-56.949547,-25.56655],[-56.948647,-25.56655],[-56.948647,-25.565649999999998],[-56.94774700000001,-25.565649999999998],[-56.94774700000001,-25.56475],[-56.946847000000005,-25.56475],[-56.946847000000005,-25.56385],[-56.949547,-25.56385],[-56.949547,-25.56295],[-56.948647,-25.56295],[-56.948647,-25.56205],[-56.951347000000005,-25.56205]],[[-56.945947000000004,-25.56205],[-56.944147,-25.56205],[-56.944147,-25.56295],[-56.94324700000001,-25.56295],[-56.94324700000001,-25.56205],[-56.942347000000005,-25.56205],[-56.942347000000005,-25.561149999999998],[-56.945947000000004,-25.561149999999998],[-56.945947000000004,-25.56205]],[[-56.941447000000004,-25.561149999999998],[-56.939647,-25.561149999999998],[-56.939647,-25.56205],[-56.940547,-25.56205],[-56.940547,-25.56385],[-56.938747000000006,-25.56385],[-56.938747000000006,-25.56295],[-56.937847000000005,-25.56295],[-56.937847000000005,-25.56205],[-56.938747000000006,-25.56205],[-56.938747000000006,-25.56025],[-56.940547,-25.56025],[-56.940547,-25.55935],[-56.941447000000004,-25.55935],[-56.941447000000004,-25.561149999999998]],[[-56.977447000000005,-25.561149999999998],[-56.980147,-25.561149999999998],[-56.980147,-25.56205],[-56.977447000000005,-25.56205],[-56.977447000000005,-25.56295],[-56.974747,-25.56295],[-56.974747,-25.56205],[-56.973847000000006,-25.56205],[-56.973847000000006,-25.56295],[-56.971147,-25.56295],[-56.971147,-25.56205],[-56.972947000000005,-25.56205],[-56.972947000000005,-25.56025],[-56.977447000000005,-25.56025],[-56.977447000000005,-25.561149999999998]],[[-56.968447000000005,-25.561149999999998],[-56.969347000000006,-25.561149999999998],[-56.969347000000006,-25.56205],[-56.970247,-25.56205],[-56.970247,-25.56295],[-56.966647,-25.56295],[-56.966647,-25.56385],[-56.965747,-25.56385],[-56.965747,-25.56205],[-56.966647,-25.56205],[-56.966647,-25.561149999999998],[-56.967547,-25.561149999999998],[-56.967547,-25.56025],[-56.968447000000005,-25.56025],[-56.968447000000005,-25.561149999999998]],[[-56.992747,-25.56295],[-56.989147,-25.56295],[-56.989147,-25.56205],[-56.992747,-25.56205],[-56.992747,-25.56295]],[[-56.988247,-25.56475],[-56.986447000000005,-25.56475],[-56.986447000000005,-25.56385],[-56.988247,-25.56385],[-56.988247,-25.56475]],[[-56.945047,-25.56655],[-56.944147,-25.56655],[-56.944147,-25.56385],[-56.945047,-25.56385],[-56.945047,-25.56655]],[[-56.999947000000006,-25.567449999999997],[-56.998147,-25.567449999999997],[-56.998147,-25.56655],[-56.999047000000004,-25.56655],[-56.999047000000004,-25.565649999999998],[-56.999947000000006,-25.565649999999998],[-56.999947000000006,-25.567449999999997]],[[-56.941447000000004,-25.57105],[-56.940547,-25.57105],[-56.940547,-25.56925],[-56.939647,-25.56925],[-56.939647,-25.56835],[-56.940547,-25.56835],[-56.940547,-25.567449999999997],[-56.941447000000004,-25.567449999999997],[-56.941447000000004,-25.57105]],[[-56.938747000000006,-25.56835],[-56.937847000000005,-25.56835],[-56.937847000000005,-25.567449999999997],[-56.938747000000006,-25.567449999999997],[-56.938747000000006,-25.56835]],[[-56.97834700000001,-25.56925],[-56.977447000000005,-25.56925],[-56.977447000000005,-25.56835],[-56.97834700000001,-25.56835],[-56.97834700000001,-25.56925]],[[-56.966647,-25.56925],[-56.964847000000006,-25.56925],[-56.964847000000006,-25.570149999999998],[-56.963947000000005,-25.570149999999998],[-56.963947000000005,-25.56835],[-56.966647,-25.56835],[-56.966647,-25.56925]],[[-56.945947000000004,-25.56925],[-56.944147,-25.56925],[-56.944147,-25.56835],[-56.945947000000004,-25.56835],[-56.945947000000004,-25.56925]],[[-56.94324700000001,-25.56925],[-56.942347000000005,-25.56925],[-56.942347000000005,-25.56835],[-56.94324700000001,-25.56835],[-56.94324700000001,-25.56925]],[[-56.970247,-25.57105],[-56.969347000000006,-25.57105],[-56.969347000000006,-25.570149999999998],[-56.970247,-25.570149999999998],[-56.970247,-25.57105]],[[-56.968447000000005,-25.571949999999998],[-56.967547,-25.571949999999998],[-56.967547,-25.57105],[-56.965747,-25.57105],[-56.965747,-25.570149999999998],[-56.968447000000005,-25.570149999999998],[-56.968447000000005,-25.571949999999998]],[[-56.945047,-25.570149999999998],[-56.945947000000004,-25.570149999999998],[-56.945947000000004,-25.571949999999998],[-56.945047,-25.571949999999998],[-56.945047,-25.570149999999998]],[[-56.945047,-25.57285],[-56.945947000000004,-25.57285],[-56.945947000000004,-25.57465],[-56.944147,-25.57465],[-56.944147,-25.57555],[-56.94324700000001,-25.57555],[-56.94324700000001,-25.57465],[-56.942347000000005,-25.57465],[-56.942347000000005,-25.57375],[-56.940547,-25.57375],[-56.940547,-25.57285],[-56.941447000000004,-25.57285],[-56.941447000000004,-25.571949999999998],[-56.94324700000001,-25.571949999999998],[-56.94324700000001,-25.57285],[-56.944147,-25.57285],[-56.944147,-25.571949999999998],[-56.945047,-25.571949999999998],[-56.945047,-25.57285]],[[-56.945947000000004,-25.57555],[-56.945947000000004,-25.576449999999998],[-56.946847000000005,-25.576449999999998],[-56.946847000000005,-25.57555],[-56.948647,-25.57555],[-56.948647,-25.576449999999998],[-56.950447000000004,-25.576449999999998],[-56.950447000000004,-25.57735],[-56.948647,-25.57735],[-56.948647,-25.57825],[-56.949547,-25.57825],[-56.949547,-25.57915],[-56.950447000000004,-25.57915],[-56.950447000000004,-25.58005],[-56.94774700000001,-25.58005],[-56.94774700000001,-25.580949999999998],[-56.946847000000005,-25.580949999999998],[-56.946847000000005,-25.57915],[-56.94774700000001,-25.57915],[-56.94774700000001,-25.57825],[-56.946847000000005,-25.57825],[-56.946847000000005,-25.57735],[-56.945947000000004,-25.57735],[-56.945947000000004,-25.57825],[-56.944147,-25.57825],[-56.944147,-25.57915],[-56.94324700000001,-25.57915],[-56.94324700000001,-25.57735],[-56.945047,-25.57735],[-56.945047,-25.576449999999998],[-56.944147,-25.576449999999998],[-56.944147,-25.57555],[-56.945947000000004,-25.57555]],[[-56.948647,-25.57465],[-56.949547,-25.57465],[-56.949547,-25.57555],[-56.948647,-25.57555],[-56.948647,-25.57465]],[[-56.94774700000001,-25.57465],[-56.94774700000001,-25.57375],[-56.946847000000005,-25.57375],[-56.946847000000005,-25.571949999999998],[-56.94774700000001,-25.571949999999998],[-56.94774700000001,-25.57285],[-56.948647,-25.57285],[-56.948647,-25.57465],[-56.94774700000001,-25.57465]],[[-56.964847000000006,-25.571949999999998],[-56.963047,-25.571949999999998],[-56.963047,-25.57105],[-56.964847000000006,-25.57105],[-56.964847000000006,-25.571949999999998]],[[-56.959447000000004,-25.57915],[-56.958547,-25.57915],[-56.958547,-25.57825],[-56.959447000000004,-25.57825],[-56.959447000000004,-25.57915]],[[-56.966647,-25.57915],[-56.967547,-25.57915],[-56.967547,-25.58005],[-56.966647,-25.58005],[-56.966647,-25.57915]],[[-56.966647,-25.58185],[-56.965747,-25.58185],[-56.965747,-25.58365],[-56.964847000000006,-25.58365],[-56.964847000000006,-25.58455],[-56.963947000000005,-25.58455],[-56.963947000000005,-25.58635],[-56.966647,-25.58635],[-56.966647,-25.585449999999998],[-56.967547,-25.585449999999998],[-56.967547,-25.587249999999997],[-56.966647,-25.587249999999997],[-56.966647,-25.58815],[-56.965747,-25.58815],[-56.965747,-25.587249999999997],[-56.963047,-25.587249999999997],[-56.963047,-25.58815],[-56.963947000000005,-25.58815],[-56.963947000000005,-25.58905],[-56.964847000000006,-25.58905],[-56.964847000000006,-25.589949999999998],[-56.965747,-25.589949999999998],[-56.965747,-25.59085],[-56.963947000000005,-25.59085],[-56.963947000000005,-25.59265],[-56.959447000000004,-25.59265],[-56.959447000000004,-25.591749999999998],[-56.95674700000001,-25.591749999999998],[-56.95674700000001,-25.59265],[-56.955847000000006,-25.59265],[-56.955847000000006,-25.591749999999998],[-56.954947000000004,-25.591749999999998],[-56.954947000000004,-25.59085],[-56.957647,-25.59085],[-56.957647,-25.589949999999998],[-56.955847000000006,-25.589949999999998],[-56.955847000000006,-25.58905],[-56.954947000000004,-25.58905],[-56.954947000000004,-25.589949999999998],[-56.954047,-25.589949999999998],[-56.954047,-25.58905],[-56.951347000000005,-25.58905],[-56.951347000000005,-25.58815],[-56.953147,-25.58815],[-56.953147,-25.587249999999997],[-56.950447000000004,-25.587249999999997],[-56.950447000000004,-25.58635],[-56.949547,-25.58635],[-56.949547,-25.587249999999997],[-56.94774700000001,-25.587249999999997],[-56.94774700000001,-25.58815],[-56.946847000000005,-25.58815],[-56.946847000000005,-25.587249999999997],[-56.945947000000004,-25.587249999999997],[-56.945947000000004,-25.58635],[-56.945047,-25.58635],[-56.945047,-25.587249999999997],[-56.94324700000001,-25.587249999999997],[-56.94324700000001,-25.58815],[-56.942347000000005,-25.58815],[-56.942347000000005,-25.58635],[-56.944147,-25.58635],[-56.944147,-25.585449999999998],[-56.945047,-25.585449999999998],[-56.945047,-25.58365],[-56.945947000000004,-25.58365],[-56.945947000000004,-25.585449999999998],[-56.946847000000005,-25.585449999999998],[-56.946847000000005,-25.58455],[-56.94774700000001,-25.58455],[-56.94774700000001,-25.58365],[-56.949547,-25.58365],[-56.949547,-25.585449999999998],[-56.951347000000005,-25.585449999999998],[-56.951347000000005,-25.58455],[-56.950447000000004,-25.58455],[-56.950447000000004,-25.580949999999998],[-56.951347000000005,-25.580949999999998],[-56.951347000000005,-25.57915],[-56.95224700000001,-25.57915],[-56.95224700000001,-25.58005],[-56.954047,-25.58005],[-56.954047,-25.580949999999998],[-56.954947000000004,-25.580949999999998],[-56.954947000000004,-25.58185],[-56.955847000000006,-25.58185],[-56.955847000000006,-25.58455],[-56.95674700000001,-25.58455],[-56.95674700000001,-25.585449999999998],[-56.957647,-25.585449999999998],[-56.957647,-25.58635],[-56.959447000000004,-25.58635],[-56.959447000000004,-25.587249999999997],[-56.96124700000001,-25.587249999999997],[-56.96124700000001,-25.585449999999998],[-56.962147,-25.585449999999998],[-56.962147,-25.58455],[-56.96124700000001,-25.58455],[-56.96124700000001,-25.58005],[-56.960347000000006,-25.58005],[-56.960347000000006,-25.57915],[-56.962147,-25.57915],[-56.962147,-25.58005],[-56.963047,-25.58005],[-56.963047,-25.57915],[-56.964847000000006,-25.57915],[-56.964847000000006,-25.58005],[-56.966647,-25.58005],[-56.966647,-25.58185]],[[-56.967547,-25.58185],[-56.967547,-25.58275],[-56.966647,-25.58275],[-56.966647,-25.58185],[-56.967547,-25.58185]],[[-56.966647,-25.58365],[-56.966647,-25.58455],[-56.965747,-25.58455],[-56.965747,-25.58365],[-56.966647,-25.58365]],[[-56.955847000000006,-25.59355],[-56.950447000000004,-25.59355],[-56.950447000000004,-25.59085],[-56.95224700000001,-25.59085],[-56.95224700000001,-25.591749999999998],[-56.954047,-25.591749999999998],[-56.954047,-25.59265],[-56.955847000000006,-25.59265],[-56.955847000000006,-25.59355]],[[-56.95674700000001,-25.58365],[-56.957647,-25.58365],[-56.957647,-25.58455],[-56.95674700000001,-25.58455],[-56.95674700000001,-25.58365]],[[-56.945947000000004,-25.58005],[-56.945047,-25.58005],[-56.945047,-25.57915],[-56.945947000000004,-25.57915],[-56.945947000000004,-25.58005]],[[-56.944147,-25.580949999999998],[-56.945947000000004,-25.580949999999998],[-56.945947000000004,-25.58185],[-56.945047,-25.58185],[-56.945047,-25.58275],[-56.94324700000001,-25.58275],[-56.94324700000001,-25.580949999999998],[-56.942347000000005,-25.580949999999998],[-56.942347000000005,-25.58005],[-56.944147,-25.58005],[-56.944147,-25.580949999999998]],[[-56.994547000000004,-25.58365],[-56.993647,-25.58365],[-56.993647,-25.58275],[-56.994547000000004,-25.58275],[-56.994547000000004,-25.58365]],[[-56.972947000000005,-25.587249999999997],[-56.972947000000005,-25.585449999999998],[-56.973847000000006,-25.585449999999998],[-56.973847000000006,-25.587249999999997],[-56.972947000000005,-25.587249999999997]],[[-56.974747,-25.587249999999997],[-56.974747,-25.58635],[-56.975647,-25.58635],[-56.975647,-25.58815],[-56.976547000000004,-25.58815],[-56.976547000000004,-25.58905],[-56.975647,-25.58905],[-56.975647,-25.589949999999998],[-56.974747,-25.589949999999998],[-56.974747,-25.58815],[-56.973847000000006,-25.58815],[-56.973847000000006,-25.587249999999997],[-56.974747,-25.587249999999997]],[[-56.939647,-25.58635],[-56.939647,-25.585449999999998],[-56.940547,-25.585449999999998],[-56.940547,-25.58815],[-56.941447000000004,-25.58815],[-56.941447000000004,-25.58905],[-56.939647,-25.58905],[-56.939647,-25.58815],[-56.938747000000006,-25.58815],[-56.938747000000006,-25.58635],[-56.939647,-25.58635]],[[-56.936947,-25.58635],[-56.936947,-25.585449999999998],[-56.938747000000006,-25.585449999999998],[-56.938747000000006,-25.58635],[-56.936947,-25.58635]],[[-56.999947000000006,-25.587249999999997],[-56.997247,-25.587249999999997],[-56.997247,-25.58635],[-56.999947000000006,-25.58635],[-56.999947000000006,-25.587249999999997]],[[-56.998147,-25.58905],[-56.997247,-25.58905],[-56.997247,-25.58815],[-56.998147,-25.58815],[-56.998147,-25.58905]],[[-56.972047,-25.58905],[-56.971147,-25.58905],[-56.971147,-25.58815],[-56.972047,-25.58815],[-56.972047,-25.58905]],[[-56.973847000000006,-25.589949999999998],[-56.972947000000005,-25.589949999999998],[-56.972947000000005,-25.58905],[-56.973847000000006,-25.58905],[-56.973847000000006,-25.589949999999998]],[[-56.990947000000006,-25.59085],[-56.99184700000001,-25.59085],[-56.99184700000001,-25.59265],[-56.990947000000006,-25.59265],[-56.990947000000006,-25.591749999999998],[-56.990047000000004,-25.591749999999998],[-56.990047000000004,-25.59355],[-56.989147,-25.59355],[-56.989147,-25.59445],[-56.988247,-25.59445],[-56.988247,-25.59355],[-56.98734700000001,-25.59355],[-56.98734700000001,-25.591749999999998],[-56.988247,-25.591749999999998],[-56.988247,-25.59085],[-56.989147,-25.59085],[-56.989147,-25.589949999999998],[-56.990947000000006,-25.589949999999998],[-56.990947000000006,-25.59085]],[[-56.944147,-25.591749999999998],[-56.94324700000001,-25.591749999999998],[-56.94324700000001,-25.589949999999998],[-56.944147,-25.589949999999998],[-56.944147,-25.591749999999998]],[[-56.937847000000005,-25.59085],[-56.934247000000006,-25.59085],[-56.934247000000006,-25.589949999999998],[-56.937847000000005,-25.589949999999998],[-56.937847000000005,-25.59085]],[[-56.977447000000005,-25.59265],[-56.976547000000004,-25.59265],[-56.976547000000004,-25.591749999999998],[-56.977447000000005,-25.591749999999998],[-56.977447000000005,-25.59265]],[[-56.946847000000005,-25.59265],[-56.945047,-25.59265],[-56.945047,-25.591749999999998],[-56.946847000000005,-25.591749999999998],[-56.946847000000005,-25.59265]],[[-56.958547,-25.59355],[-56.957647,-25.59355],[-56.957647,-25.59265],[-56.958547,-25.59265],[-56.958547,-25.59355]],[[-56.934247000000006,-25.59445],[-56.934247000000006,-25.59265],[-56.935147,-25.59265],[-56.935147,-25.59445],[-56.936047,-25.59445],[-56.936047,-25.59535],[-56.933347000000005,-25.59535],[-56.933347000000005,-25.59445],[-56.934247000000006,-25.59445]],[[-56.932447,-25.59445],[-56.932447,-25.59355],[-56.933347000000005,-25.59355],[-56.933347000000005,-25.59445],[-56.932447,-25.59445]],[[-56.998147,-25.59445],[-56.997247,-25.59445],[-56.997247,-25.59715],[-56.99634700000001,-25.59715],[-56.99634700000001,-25.596249999999998],[-56.994547000000004,-25.596249999999998],[-56.994547000000004,-25.59535],[-56.995447000000006,-25.59535],[-56.995447000000006,-25.59355],[-56.998147,-25.59355],[-56.998147,-25.59445]],[[-56.986447000000005,-25.596249999999998],[-56.985547000000004,-25.596249999999998],[-56.985547000000004,-25.59445],[-56.984647,-25.59445],[-56.984647,-25.59355],[-56.986447000000005,-25.59355],[-56.986447000000005,-25.596249999999998]],[[-56.938747000000006,-25.59445],[-56.937847000000005,-25.59445],[-56.937847000000005,-25.59355],[-56.938747000000006,-25.59355],[-56.938747000000006,-25.59445]],[[-56.990047000000004,-25.59445],[-56.990947000000006,-25.59445],[-56.990947000000006,-25.59535],[-56.990047000000004,-25.59535],[-56.990047000000004,-25.59445]],[[-56.990047000000004,-25.596249999999998],[-56.989147,-25.596249999999998],[-56.989147,-25.59535],[-56.990047000000004,-25.59535],[-56.990047000000004,-25.596249999999998]],[[-56.976547000000004,-25.596249999999998],[-56.976547000000004,-25.59535],[-56.97834700000001,-25.59535],[-56.97834700000001,-25.596249999999998],[-56.976547000000004,-25.596249999999998]],[[-56.979247,-25.596249999999998],[-56.979247,-25.59715],[-56.97834700000001,-25.59715],[-56.97834700000001,-25.596249999999998],[-56.979247,-25.596249999999998]],[[-56.972947000000005,-25.59715],[-56.971147,-25.59715],[-56.971147,-25.59535],[-56.972947000000005,-25.59535],[-56.972947000000005,-25.59715]],[[-56.95674700000001,-25.59715],[-56.955847000000006,-25.59715],[-56.955847000000006,-25.59805],[-56.954947000000004,-25.59805],[-56.954947000000004,-25.59895],[-56.953147,-25.59895],[-56.953147,-25.59805],[-56.95224700000001,-25.59805],[-56.95224700000001,-25.59715],[-56.954047,-25.59715],[-56.954047,-25.596249999999998],[-56.95674700000001,-25.596249999999998],[-56.95674700000001,-25.59715]],[[-56.983747,-25.59715],[-56.984647,-25.59715],[-56.984647,-25.59805],[-56.983747,-25.59805],[-56.983747,-25.59715]],[[-56.983747,-25.59895],[-56.98284700000001,-25.59895],[-56.98284700000001,-25.600749999999998],[-56.981947000000005,-25.600749999999998],[-56.981947000000005,-25.60165],[-56.981047000000004,-25.60165],[-56.981047000000004,-25.59985],[-56.980147,-25.59985],[-56.980147,-25.59895],[-56.981047000000004,-25.59895],[-56.981047000000004,-25.59805],[-56.983747,-25.59805],[-56.983747,-25.59895]],[[-56.981047000000004,-25.602549999999997],[-56.980147,-25.602549999999997],[-56.980147,-25.60345],[-56.981047000000004,-25.60345],[-56.981047000000004,-25.60435],[-56.981947000000005,-25.60435],[-56.981947000000005,-25.60615],[-56.980147,-25.60615],[-56.980147,-25.607049999999997],[-56.977447000000005,-25.607049999999997],[-56.977447000000005,-25.60975],[-56.97834700000001,-25.60975],[-56.97834700000001,-25.61065],[-56.977447000000005,-25.61065],[-56.977447000000005,-25.611549999999998],[-56.97834700000001,-25.611549999999998],[-56.97834700000001,-25.61335],[-56.977447000000005,-25.61335],[-56.977447000000005,-25.61515],[-56.975647,-25.61515],[-56.975647,-25.61425],[-56.972947000000005,-25.61425],[-56.972947000000005,-25.61245],[-56.972047,-25.61245],[-56.972047,-25.611549999999998],[-56.970247,-25.611549999999998],[-56.970247,-25.61065],[-56.969347000000006,-25.61065],[-56.969347000000006,-25.60975],[-56.968447000000005,-25.60975],[-56.968447000000005,-25.60615],[-56.969347000000006,-25.60615],[-56.969347000000006,-25.607049999999997],[-56.970247,-25.607049999999997],[-56.970247,-25.605249999999998],[-56.972947000000005,-25.605249999999998],[-56.972947000000005,-25.60435],[-56.972047,-25.60435],[-56.972047,-25.60345],[-56.973847000000006,-25.60345],[-56.973847000000006,-25.602549999999997],[-56.974747,-25.602549999999997],[-56.974747,-25.60165],[-56.973847000000006,-25.60165],[-56.973847000000006,-25.600749999999998],[-56.975647,-25.600749999999998],[-56.975647,-25.59895],[-56.977447000000005,-25.59895],[-56.977447000000005,-25.600749999999998],[-56.979247,-25.600749999999998],[-56.979247,-25.60165],[-56.981047000000004,-25.60165],[-56.981047000000004,-25.602549999999997]],[[-56.975647,-25.61695],[-56.972947000000005,-25.61695],[-56.972947000000005,-25.61785],[-56.972047,-25.61785],[-56.972047,-25.61515],[-56.973847000000006,-25.61515],[-56.973847000000006,-25.616049999999998],[-56.974747,-25.616049999999998],[-56.974747,-25.61515],[-56.975647,-25.61515],[-56.975647,-25.61695]],[[-56.977447000000005,-25.61695],[-56.977447000000005,-25.616049999999998],[-56.979247,-25.616049999999998],[-56.979247,-25.61425],[-56.980147,-25.61425],[-56.980147,-25.61515],[-56.981047000000004,-25.61515],[-56.981047000000004,-25.61425],[-56.981947000000005,-25.61425],[-56.981947000000005,-25.61515],[-56.98284700000001,-25.61515],[-56.98284700000001,-25.61785],[-56.983747,-25.61785],[-56.983747,-25.61695],[-56.985547000000004,-25.61695],[-56.985547000000004,-25.61515],[-56.986447000000005,-25.61515],[-56.986447000000005,-25.616049999999998],[-56.98734700000001,-25.616049999999998],[-56.98734700000001,-25.61515],[-56.989147,-25.61515],[-56.989147,-25.61695],[-56.990047000000004,-25.61695],[-56.990047000000004,-25.616049999999998],[-56.990947000000006,-25.616049999999998],[-56.990947000000006,-25.61515],[-56.99184700000001,-25.61515],[-56.99184700000001,-25.61425],[-56.994547000000004,-25.61425],[-56.994547000000004,-25.61515],[-56.99634700000001,-25.61515],[-56.99634700000001,-25.61695],[-56.994547000000004,-25.61695],[-56.994547000000004,-25.61875],[-56.995447000000006,-25.61875],[-56.995447000000006,-25.61965],[-56.993647,-25.61965],[-56.993647,-25.622349999999997],[-56.992747,-25.622349999999997],[-56.992747,-25.62145],[-56.99184700000001,-25.62145],[-56.99184700000001,-25.61965],[-56.990947000000006,-25.61965],[-56.990947000000006,-25.61785],[-56.98734700000001,-25.61785],[-56.98734700000001,-25.61695],[-56.986447000000005,-25.61695],[-56.986447000000005,-25.61785],[-56.984647,-25.61785],[-56.984647,-25.61875],[-56.98284700000001,-25.61875],[-56.98284700000001,-25.62145],[-56.983747,-25.62145],[-56.983747,-25.622349999999997],[-56.981947000000005,-25.622349999999997],[-56.981947000000005,-25.61965],[-56.980147,-25.61965],[-56.980147,-25.61875],[-56.981947000000005,-25.61875],[-56.981947000000005,-25.61785],[-56.979247,-25.61785],[-56.979247,-25.61965],[-56.973847000000006,-25.61965],[-56.973847000000006,-25.61875],[-56.974747,-25.61875],[-56.974747,-25.61785],[-56.975647,-25.61785],[-56.975647,-25.61695],[-56.977447000000005,-25.61695]],[[-56.981947000000005,-25.61335],[-56.979247,-25.61335],[-56.979247,-25.61245],[-56.980147,-25.61245],[-56.980147,-25.61065],[-56.981047000000004,-25.61065],[-56.981047000000004,-25.60975],[-56.981947000000005,-25.60975],[-56.981947000000005,-25.60885],[-56.98284700000001,-25.60885],[-56.98284700000001,-25.61065],[-56.983747,-25.61065],[-56.983747,-25.60975],[-56.984647,-25.60975],[-56.984647,-25.611549999999998],[-56.98284700000001,-25.611549999999998],[-56.98284700000001,-25.61335],[-56.983747,-25.61335],[-56.983747,-25.61425],[-56.981947000000005,-25.61425],[-56.981947000000005,-25.61335]],[[-56.990947000000006,-25.620549999999998],[-56.98734700000001,-25.620549999999998],[-56.98734700000001,-25.61965],[-56.988247,-25.61965],[-56.988247,-25.61875],[-56.990047000000004,-25.61875],[-56.990047000000004,-25.61965],[-56.990947000000006,-25.61965],[-56.990947000000006,-25.620549999999998]],[[-56.981947000000005,-25.62325],[-56.981047000000004,-25.62325],[-56.981047000000004,-25.625049999999998],[-56.979247,-25.625049999999998],[-56.979247,-25.62415],[-56.980147,-25.62415],[-56.980147,-25.622349999999997],[-56.981947000000005,-25.622349999999997],[-56.981947000000005,-25.62325]],[[-56.981947000000005,-25.625049999999998],[-56.981947000000005,-25.62595],[-56.981047000000004,-25.62595],[-56.981047000000004,-25.625049999999998],[-56.981947000000005,-25.625049999999998]],[[-56.981947000000005,-25.62415],[-56.983747,-25.62415],[-56.983747,-25.625049999999998],[-56.981947000000005,-25.625049999999998],[-56.981947000000005,-25.62415]],[[-56.979247,-25.62595],[-56.980147,-25.62595],[-56.980147,-25.626849999999997],[-56.979247,-25.626849999999997],[-56.979247,-25.62775],[-56.980147,-25.62775],[-56.980147,-25.62865],[-56.981047000000004,-25.62865],[-56.981047000000004,-25.62955],[-56.979247,-25.62955],[-56.979247,-25.62865],[-56.97834700000001,-25.62865],[-56.97834700000001,-25.626849999999997],[-56.975647,-25.626849999999997],[-56.975647,-25.62595],[-56.973847000000006,-25.62595],[-56.973847000000006,-25.625049999999998],[-56.977447000000005,-25.625049999999998],[-56.977447000000005,-25.62595],[-56.97834700000001,-25.62595],[-56.97834700000001,-25.625049999999998],[-56.979247,-25.625049999999998],[-56.979247,-25.62595]],[[-56.97834700000001,-25.63045],[-56.977447000000005,-25.63045],[-56.977447000000005,-25.62955],[-56.976547000000004,-25.62955],[-56.976547000000004,-25.62865],[-56.97834700000001,-25.62865],[-56.97834700000001,-25.63045]],[[-56.976547000000004,-25.63045],[-56.975647,-25.63045],[-56.975647,-25.62955],[-56.976547000000004,-25.62955],[-56.976547000000004,-25.63045]],[[-56.972047,-25.61875],[-56.971147,-25.61875],[-56.971147,-25.61785],[-56.972047,-25.61785],[-56.972047,-25.61875]],[[-56.970247,-25.59805],[-56.969347000000006,-25.59805],[-56.969347000000006,-25.59715],[-56.970247,-25.59715],[-56.970247,-25.59805]],[[-56.967547,-25.59895],[-56.968447000000005,-25.59895],[-56.968447000000005,-25.59985],[-56.966647,-25.59985],[-56.966647,-25.600749999999998],[-56.964847000000006,-25.600749999999998],[-56.964847000000006,-25.60165],[-56.962147,-25.60165],[-56.962147,-25.602549999999997],[-56.96124700000001,-25.602549999999997],[-56.96124700000001,-25.60165],[-56.960347000000006,-25.60165],[-56.960347000000006,-25.59985],[-56.963047,-25.59985],[-56.963047,-25.59895],[-56.964847000000006,-25.59895],[-56.964847000000006,-25.59805],[-56.965747,-25.59805],[-56.965747,-25.59895],[-56.966647,-25.59895],[-56.966647,-25.59805],[-56.967547,-25.59805],[-56.967547,-25.59895]],[[-56.994547000000004,-25.59985],[-56.995447000000006,-25.59985],[-56.995447000000006,-25.600749999999998],[-56.993647,-25.600749999999998],[-56.993647,-25.59985],[-56.992747,-25.59985],[-56.992747,-25.59895],[-56.994547000000004,-25.59895],[-56.994547000000004,-25.59985]],[[-56.98734700000001,-25.59985],[-56.985547000000004,-25.59985],[-56.985547000000004,-25.59895],[-56.98734700000001,-25.59895],[-56.98734700000001,-25.59985]],[[-56.957647,-25.60165],[-56.955847000000006,-25.60165],[-56.955847000000006,-25.59985],[-56.95674700000001,-25.59985],[-56.95674700000001,-25.59895],[-56.957647,-25.59895],[-56.957647,-25.60165]],[[-56.988247,-25.60165],[-56.989147,-25.60165],[-56.989147,-25.602549999999997],[-56.988247,-25.602549999999997],[-56.988247,-25.60345],[-56.986447000000005,-25.60345],[-56.986447000000005,-25.60165],[-56.98734700000001,-25.60165],[-56.98734700000001,-25.600749999999998],[-56.988247,-25.600749999999998],[-56.988247,-25.60165]],[[-56.972047,-25.602549999999997],[-56.970247,-25.602549999999997],[-56.970247,-25.600749999999998],[-56.972047,-25.600749999999998],[-56.972047,-25.602549999999997]],[[-56.946847000000005,-25.60165],[-56.945947000000004,-25.60165],[-56.945947000000004,-25.600749999999998],[-56.946847000000005,-25.600749999999998],[-56.946847000000005,-25.60165]],[[-56.997247,-25.602549999999997],[-56.995447000000006,-25.602549999999997],[-56.995447000000006,-25.60165],[-56.997247,-25.60165],[-56.997247,-25.602549999999997]],[[-56.990947000000006,-25.602549999999997],[-56.990047000000004,-25.602549999999997],[-56.990047000000004,-25.60165],[-56.990947000000006,-25.60165],[-56.990947000000006,-25.602549999999997]],[[-56.985547000000004,-25.602549999999997],[-56.984647,-25.602549999999997],[-56.984647,-25.60165],[-56.985547000000004,-25.60165],[-56.985547000000004,-25.602549999999997]],[[-56.992747,-25.60345],[-56.99184700000001,-25.60345],[-56.99184700000001,-25.602549999999997],[-56.992747,-25.602549999999997],[-56.992747,-25.60345]],[[-56.944147,-25.60615],[-56.944147,-25.602549999999997],[-56.945047,-25.602549999999997],[-56.945047,-25.60615],[-56.944147,-25.60615]],[[-56.945947000000004,-25.60615],[-56.945947000000004,-25.60885],[-56.946847000000005,-25.60885],[-56.946847000000005,-25.60975],[-56.94774700000001,-25.60975],[-56.94774700000001,-25.611549999999998],[-56.945047,-25.611549999999998],[-56.945047,-25.61065],[-56.944147,-25.61065],[-56.944147,-25.60975],[-56.941447000000004,-25.60975],[-56.941447000000004,-25.60885],[-56.939647,-25.60885],[-56.939647,-25.607049999999997],[-56.940547,-25.607049999999997],[-56.940547,-25.60795],[-56.941447000000004,-25.60795],[-56.941447000000004,-25.607049999999997],[-56.94324700000001,-25.607049999999997],[-56.94324700000001,-25.60885],[-56.944147,-25.60885],[-56.944147,-25.60795],[-56.945047,-25.60795],[-56.945047,-25.60615],[-56.945947000000004,-25.60615]],[[-56.939647,-25.60975],[-56.938747000000006,-25.60975],[-56.938747000000006,-25.60885],[-56.939647,-25.60885],[-56.939647,-25.60975]],[[-56.940547,-25.60975],[-56.940547,-25.61065],[-56.939647,-25.61065],[-56.939647,-25.60975],[-56.940547,-25.60975]],[[-56.942347000000005,-25.61065],[-56.942347000000005,-25.611549999999998],[-56.940547,-25.611549999999998],[-56.940547,-25.61065],[-56.942347000000005,-25.61065]],[[-56.985547000000004,-25.60435],[-56.986447000000005,-25.60435],[-56.986447000000005,-25.60615],[-56.985547000000004,-25.60615],[-56.985547000000004,-25.607049999999997],[-56.984647,-25.607049999999997],[-56.984647,-25.60885],[-56.983747,-25.60885],[-56.983747,-25.60795],[-56.981947000000005,-25.60795],[-56.981947000000005,-25.607049999999997],[-56.983747,-25.607049999999997],[-56.983747,-25.60615],[-56.98284700000001,-25.60615],[-56.98284700000001,-25.60435],[-56.983747,-25.60435],[-56.983747,-25.60345],[-56.985547000000004,-25.60345],[-56.985547000000004,-25.60435]],[[-56.936947,-25.605249999999998],[-56.936047,-25.605249999999998],[-56.936047,-25.60435],[-56.936947,-25.60435],[-56.936947,-25.605249999999998]],[[-56.99184700000001,-25.60795],[-56.992747,-25.60795],[-56.992747,-25.60885],[-56.990947000000006,-25.60885],[-56.990947000000006,-25.607049999999997],[-56.99184700000001,-25.607049999999997],[-56.99184700000001,-25.60795]],[[-56.98734700000001,-25.60795],[-56.986447000000005,-25.60795],[-56.986447000000005,-25.607049999999997],[-56.98734700000001,-25.607049999999997],[-56.98734700000001,-25.60795]],[[-56.966647,-25.60795],[-56.965747,-25.60795],[-56.965747,-25.60885],[-56.964847000000006,-25.60885],[-56.964847000000006,-25.607049999999997],[-56.966647,-25.607049999999997],[-56.966647,-25.60795]],[[-56.963947000000005,-25.60885],[-56.962147,-25.60885],[-56.962147,-25.60795],[-56.96124700000001,-25.60795],[-56.96124700000001,-25.607049999999997],[-56.963947000000005,-25.607049999999997],[-56.963947000000005,-25.60885]],[[-56.949547,-25.60795],[-56.951347000000005,-25.60795],[-56.951347000000005,-25.60885],[-56.949547,-25.60885],[-56.949547,-25.60795]],[[-56.95224700000001,-25.60885],[-56.95224700000001,-25.60975],[-56.951347000000005,-25.60975],[-56.951347000000005,-25.60885],[-56.95224700000001,-25.60885]],[[-56.949547,-25.60975],[-56.948647,-25.60975],[-56.948647,-25.60885],[-56.949547,-25.60885],[-56.949547,-25.60975]],[[-56.999947000000006,-25.60975],[-56.999047000000004,-25.60975],[-56.999047000000004,-25.60885],[-56.999947000000006,-25.60885],[-56.999947000000006,-25.60975]],[[-56.992747,-25.61065],[-56.990947000000006,-25.61065],[-56.990947000000006,-25.60975],[-56.992747,-25.60975],[-56.992747,-25.61065]],[[-56.98734700000001,-25.61065],[-56.985547000000004,-25.61065],[-56.985547000000004,-25.60975],[-56.98734700000001,-25.60975],[-56.98734700000001,-25.61065]],[[-56.954047,-25.61065],[-56.953147,-25.61065],[-56.953147,-25.60975],[-56.954047,-25.60975],[-56.954047,-25.61065]],[[-56.967547,-25.611549999999998],[-56.968447000000005,-25.611549999999998],[-56.968447000000005,-25.61245],[-56.970247,-25.61245],[-56.970247,-25.61425],[-56.969347000000006,-25.61425],[-56.969347000000006,-25.61335],[-56.967547,-25.61335],[-56.967547,-25.61245],[-56.965747,-25.61245],[-56.965747,-25.611549999999998],[-56.966647,-25.611549999999998],[-56.966647,-25.61065],[-56.967547,-25.61065],[-56.967547,-25.611549999999998]],[[-56.990947000000006,-25.61245],[-56.990047000000004,-25.61245],[-56.990047000000004,-25.611549999999998],[-56.990947000000006,-25.611549999999998],[-56.990947000000006,-25.61245]],[[-56.963947000000005,-25.61245],[-56.963047,-25.61245],[-56.963047,-25.611549999999998],[-56.963947000000005,-25.611549999999998],[-56.963947000000005,-25.61245]],[[-56.957647,-25.61245],[-56.95674700000001,-25.61245],[-56.95674700000001,-25.611549999999998],[-56.957647,-25.611549999999998],[-56.957647,-25.61245]],[[-56.944147,-25.61245],[-56.94324700000001,-25.61245],[-56.94324700000001,-25.611549999999998],[-56.944147,-25.611549999999998],[-56.944147,-25.61245]],[[-56.945947000000004,-25.61335],[-56.945047,-25.61335],[-56.945047,-25.61245],[-56.945947000000004,-25.61245],[-56.945947000000004,-25.61335]],[[-56.958547,-25.61425],[-56.957647,-25.61425],[-56.957647,-25.61335],[-56.958547,-25.61335],[-56.958547,-25.61425]],[[-56.945947000000004,-25.61515],[-56.945047,-25.61515],[-56.945047,-25.61425],[-56.945947000000004,-25.61425],[-56.945947000000004,-25.61515]],[[-56.933347000000005,-25.616049999999998],[-56.932447,-25.616049999999998],[-56.932447,-25.61515],[-56.933347000000005,-25.61515],[-56.933347000000005,-25.616049999999998]],[[-56.963047,-25.61785],[-56.962147,-25.61785],[-56.962147,-25.61695],[-56.963047,-25.61695],[-56.963047,-25.61785]],[[-56.970247,-25.620549999999998],[-56.969347000000006,-25.620549999999998],[-56.969347000000006,-25.61875],[-56.970247,-25.61875],[-56.970247,-25.620549999999998]],[[-56.932447,-25.61965],[-56.931547,-25.61965],[-56.931547,-25.61875],[-56.932447,-25.61875],[-56.932447,-25.61965]],[[-56.988247,-25.62415],[-56.98734700000001,-25.62415],[-56.98734700000001,-25.62325],[-56.984647,-25.62325],[-56.984647,-25.622349999999997],[-56.98734700000001,-25.622349999999997],[-56.98734700000001,-25.62145],[-56.988247,-25.62145],[-56.988247,-25.62415]],[[-56.964847000000006,-25.62415],[-56.963947000000005,-25.62415],[-56.963947000000005,-25.62325],[-56.963047,-25.62325],[-56.963047,-25.622349999999997],[-56.964847000000006,-25.622349999999997],[-56.964847000000006,-25.62415]],[[-56.99184700000001,-25.62415],[-56.990947000000006,-25.62415],[-56.990947000000006,-25.62325],[-56.99184700000001,-25.62325],[-56.99184700000001,-25.62415]],[[-56.986447000000005,-25.625049999999998],[-56.985547000000004,-25.625049999999998],[-56.985547000000004,-25.62415],[-56.986447000000005,-25.62415],[-56.986447000000005,-25.625049999999998]],[[-56.992747,-25.62595],[-56.99184700000001,-25.62595],[-56.99184700000001,-25.625049999999998],[-56.992747,-25.625049999999998],[-56.992747,-25.62595]],[[-56.983747,-25.62955],[-56.981947000000005,-25.62955],[-56.981947000000005,-25.62775],[-56.983747,-25.62775],[-56.983747,-25.62955]],[[-56.975647,-25.62865],[-56.974747,-25.62865],[-56.974747,-25.62775],[-56.975647,-25.62775],[-56.975647,-25.62865]],[[-56.990047000000004,-25.631349999999998],[-56.990947000000006,-25.631349999999998],[-56.990947000000006,-25.63225],[-56.990047000000004,-25.63225],[-56.990047000000004,-25.631349999999998]],[[-56.990047000000004,-25.63315],[-56.988247,-25.63315],[-56.988247,-25.63225],[-56.990047000000004,-25.63225],[-56.990047000000004,-25.63315]],[[-56.988247,-25.63405],[-56.98734700000001,-25.63405],[-56.98734700000001,-25.63315],[-56.988247,-25.63315],[-56.988247,-25.63405]],[[-56.986447000000005,-25.63675],[-56.981947000000005,-25.63675],[-56.981947000000005,-25.635849999999998],[-56.98284700000001,-25.635849999999998],[-56.98284700000001,-25.63495],[-56.985547000000004,-25.63495],[-56.985547000000004,-25.63405],[-56.986447000000005,-25.63405],[-56.986447000000005,-25.63675]],[[-56.981047000000004,-25.63675],[-56.980147,-25.63675],[-56.980147,-25.63495],[-56.981047000000004,-25.63495],[-56.981047000000004,-25.63675]],[[-56.998147,-25.63855],[-56.999047000000004,-25.63855],[-56.999047000000004,-25.63945],[-56.997247,-25.63945],[-56.997247,-25.64125],[-56.99634700000001,-25.64125],[-56.99634700000001,-25.63945],[-56.995447000000006,-25.63945],[-56.995447000000006,-25.63675],[-56.998147,-25.63675],[-56.998147,-25.63855]],[[-56.989147,-25.640349999999998],[-56.988247,-25.640349999999998],[-56.988247,-25.63945],[-56.989147,-25.63945],[-56.989147,-25.640349999999998]],[[-56.986447000000005,-25.642149999999997],[-56.985547000000004,-25.642149999999997],[-56.985547000000004,-25.640349999999998],[-56.986447000000005,-25.640349999999998],[-56.986447000000005,-25.642149999999997]],[[-56.944147,-25.64125],[-56.94324700000001,-25.64125],[-56.94324700000001,-25.640349999999998],[-56.944147,-25.640349999999998],[-56.944147,-25.64125]],[[-56.98284700000001,-25.642149999999997],[-56.983747,-25.642149999999997],[-56.983747,-25.64125],[-56.984647,-25.64125],[-56.984647,-25.64305],[-56.98284700000001,-25.64305],[-56.98284700000001,-25.642149999999997]],[[-56.98284700000001,-25.644849999999998],[-56.981047000000004,-25.644849999999998],[-56.981047000000004,-25.64395],[-56.981947000000005,-25.64395],[-56.981947000000005,-25.64305],[-56.98284700000001,-25.64305],[-56.98284700000001,-25.644849999999998]],[[-56.983747,-25.644849999999998],[-56.983747,-25.64575],[-56.98284700000001,-25.64575],[-56.98284700000001,-25.644849999999998],[-56.983747,-25.644849999999998]],[[-56.966647,-25.64125],[-56.967547,-25.64125],[-56.967547,-25.642149999999997],[-56.966647,-25.642149999999997],[-56.966647,-25.64125]],[[-56.966647,-25.64305],[-56.965747,-25.64305],[-56.965747,-25.642149999999997],[-56.966647,-25.642149999999997],[-56.966647,-25.64305]],[[-56.951347000000005,-25.64305],[-56.950447000000004,-25.64305],[-56.950447000000004,-25.642149999999997],[-56.951347000000005,-25.642149999999997],[-56.951347000000005,-25.64305]],[[-56.944147,-25.642149999999997],[-56.945047,-25.642149999999997],[-56.945047,-25.64305],[-56.944147,-25.64305],[-56.944147,-25.642149999999997]],[[-56.944147,-25.644849999999998],[-56.94324700000001,-25.644849999999998],[-56.94324700000001,-25.64395],[-56.942347000000005,-25.64395],[-56.942347000000005,-25.642149999999997],[-56.94324700000001,-25.642149999999997],[-56.94324700000001,-25.64305],[-56.944147,-25.64305],[-56.944147,-25.644849999999998]],[[-56.945047,-25.644849999999998],[-56.945047,-25.64575],[-56.944147,-25.64575],[-56.944147,-25.644849999999998],[-56.945047,-25.644849999999998]],[[-56.945947000000004,-25.64575],[-56.945947000000004,-25.646649999999998],[-56.945047,-25.646649999999998],[-56.945047,-25.64575],[-56.945947000000004,-25.64575]],[[-56.993647,-25.644849999999998],[-56.992747,-25.644849999999998],[-56.992747,-25.64305],[-56.993647,-25.64305],[-56.993647,-25.644849999999998]],[[-56.985547000000004,-25.64575],[-56.984647,-25.64575],[-56.984647,-25.64395],[-56.985547000000004,-25.64395],[-56.985547000000004,-25.64575]],[[-56.968447000000005,-25.64395],[-56.969347000000006,-25.64395],[-56.969347000000006,-25.644849999999998],[-56.968447000000005,-25.644849999999998],[-56.968447000000005,-25.64395]],[[-56.968447000000005,-25.64575],[-56.967547,-25.64575],[-56.967547,-25.644849999999998],[-56.968447000000005,-25.644849999999998],[-56.968447000000005,-25.64575]],[[-56.966647,-25.644849999999998],[-56.966647,-25.64395],[-56.967547,-25.64395],[-56.967547,-25.644849999999998],[-56.966647,-25.644849999999998]],[[-56.94774700000001,-25.644849999999998],[-56.946847000000005,-25.644849999999998],[-56.946847000000005,-25.64395],[-56.94774700000001,-25.64395],[-56.94774700000001,-25.644849999999998]],[[-56.959447000000004,-25.646649999999998],[-56.958547,-25.646649999999998],[-56.958547,-25.644849999999998],[-56.959447000000004,-25.644849999999998],[-56.959447000000004,-25.646649999999998]],[[-56.99634700000001,-25.646649999999998],[-56.995447000000006,-25.646649999999998],[-56.995447000000006,-25.64575],[-56.99634700000001,-25.64575],[-56.99634700000001,-25.646649999999998]],[[-56.96124700000001,-25.64575],[-56.962147,-25.64575],[-56.962147,-25.646649999999998],[-56.96124700000001,-25.646649999999998],[-56.96124700000001,-25.64575]],[[-56.96124700000001,-25.64755],[-56.960347000000006,-25.64755],[-56.960347000000006,-25.646649999999998],[-56.96124700000001,-25.646649999999998],[-56.96124700000001,-25.64755]],[[-56.960347000000006,-25.64935],[-56.959447000000004,-25.64935],[-56.959447000000004,-25.64845],[-56.958547,-25.64845],[-56.958547,-25.64755],[-56.960347000000006,-25.64755],[-56.960347000000006,-25.64935]],[[-56.980147,-25.64755],[-56.979247,-25.64755],[-56.979247,-25.646649999999998],[-56.980147,-25.646649999999998],[-56.980147,-25.64755]],[[-56.98734700000001,-25.64845],[-56.98734700000001,-25.64755],[-56.988247,-25.64755],[-56.988247,-25.64845],[-56.99184700000001,-25.64845],[-56.99184700000001,-25.65025],[-56.993647,-25.65025],[-56.993647,-25.651149999999998],[-56.990947000000006,-25.651149999999998],[-56.990947000000006,-25.65205],[-56.99184700000001,-25.65205],[-56.99184700000001,-25.65295],[-56.990047000000004,-25.65295],[-56.990047000000004,-25.65205],[-56.98734700000001,-25.65205],[-56.98734700000001,-25.65295],[-56.984647,-25.65295],[-56.984647,-25.65205],[-56.986447000000005,-25.65205],[-56.986447000000005,-25.651149999999998],[-56.985547000000004,-25.651149999999998],[-56.985547000000004,-25.64935],[-56.986447000000005,-25.64935],[-56.986447000000005,-25.64845],[-56.98734700000001,-25.64845]],[[-56.994547000000004,-25.651149999999998],[-56.994547000000004,-25.65295],[-56.993647,-25.65295],[-56.993647,-25.651149999999998],[-56.994547000000004,-25.651149999999998]],[[-56.984647,-25.65385],[-56.98284700000001,-25.65385],[-56.98284700000001,-25.65295],[-56.984647,-25.65295],[-56.984647,-25.65385]],[[-56.985547000000004,-25.64845],[-56.985547000000004,-25.64755],[-56.986447000000005,-25.64755],[-56.986447000000005,-25.64845],[-56.985547000000004,-25.64845]],[[-56.964847000000006,-25.64935],[-56.963947000000005,-25.64935],[-56.963947000000005,-25.64845],[-56.964847000000006,-25.64845],[-56.964847000000006,-25.64935]],[[-56.979247,-25.65385],[-56.97834700000001,-25.65385],[-56.97834700000001,-25.65295],[-56.977447000000005,-25.65295],[-56.977447000000005,-25.651149999999998],[-56.97834700000001,-25.651149999999998],[-56.97834700000001,-25.65025],[-56.979247,-25.65025],[-56.979247,-25.65295],[-56.980147,-25.65295],[-56.980147,-25.65475],[-56.979247,-25.65475],[-56.979247,-25.65385]],[[-56.979247,-25.655649999999998],[-56.976547000000004,-25.655649999999998],[-56.976547000000004,-25.65475],[-56.979247,-25.65475],[-56.979247,-25.655649999999998]],[[-56.976547000000004,-25.65655],[-56.973847000000006,-25.65655],[-56.973847000000006,-25.65745],[-56.972947000000005,-25.65745],[-56.972947000000005,-25.65835],[-56.972047,-25.65835],[-56.972047,-25.65745],[-56.971147,-25.65745],[-56.971147,-25.65655],[-56.972947000000005,-25.65655],[-56.972947000000005,-25.65475],[-56.973847000000006,-25.65475],[-56.973847000000006,-25.655649999999998],[-56.976547000000004,-25.655649999999998],[-56.976547000000004,-25.65655]],[[-56.972047,-25.65925],[-56.971147,-25.65925],[-56.971147,-25.65835],[-56.972047,-25.65835],[-56.972047,-25.65925]],[[-56.971147,-25.660149999999998],[-56.970247,-25.660149999999998],[-56.970247,-25.65925],[-56.971147,-25.65925],[-56.971147,-25.660149999999998]],[[-56.964847000000006,-25.65295],[-56.965747,-25.65295],[-56.965747,-25.65205],[-56.966647,-25.65205],[-56.966647,-25.651149999999998],[-56.970247,-25.651149999999998],[-56.970247,-25.65295],[-56.969347000000006,-25.65295],[-56.969347000000006,-25.65205],[-56.968447000000005,-25.65205],[-56.968447000000005,-25.65385],[-56.967547,-25.65385],[-56.967547,-25.65295],[-56.966647,-25.65295],[-56.966647,-25.65385],[-56.964847000000006,-25.65385],[-56.964847000000006,-25.65295]],[[-56.964847000000006,-25.655649999999998],[-56.963047,-25.655649999999998],[-56.963047,-25.65655],[-56.96124700000001,-25.65655],[-56.96124700000001,-25.65835],[-56.959447000000004,-25.65835],[-56.959447000000004,-25.65925],[-56.95674700000001,-25.65925],[-56.95674700000001,-25.65835],[-56.955847000000006,-25.65835],[-56.955847000000006,-25.65745],[-56.957647,-25.65745],[-56.957647,-25.65655],[-56.958547,-25.65655],[-56.958547,-25.65475],[-56.960347000000006,-25.65475],[-56.960347000000006,-25.655649999999998],[-56.962147,-25.655649999999998],[-56.962147,-25.65475],[-56.96124700000001,-25.65475],[-56.96124700000001,-25.65295],[-56.963947000000005,-25.65295],[-56.963947000000005,-25.65385],[-56.964847000000006,-25.65385],[-56.964847000000006,-25.655649999999998]],[[-56.955847000000006,-25.65925],[-56.954947000000004,-25.65925],[-56.954947000000004,-25.660149999999998],[-56.954047,-25.660149999999998],[-56.954047,-25.65835],[-56.955847000000006,-25.65835],[-56.955847000000006,-25.65925]],[[-56.957647,-25.65205],[-56.95674700000001,-25.65205],[-56.95674700000001,-25.651149999999998],[-56.957647,-25.651149999999998],[-56.957647,-25.65205]],[[-56.972947000000005,-25.65295],[-56.973847000000006,-25.65295],[-56.973847000000006,-25.65385],[-56.972047,-25.65385],[-56.972047,-25.65205],[-56.972947000000005,-25.65205],[-56.972947000000005,-25.65295]],[[-56.948647,-25.65295],[-56.946847000000005,-25.65295],[-56.946847000000005,-25.65205],[-56.948647,-25.65205],[-56.948647,-25.65295]],[[-56.981047000000004,-25.65655],[-56.980147,-25.65655],[-56.980147,-25.655649999999998],[-56.981047000000004,-25.655649999999998],[-56.981047000000004,-25.65655]],[[-56.944147,-25.655649999999998],[-56.945047,-25.655649999999998],[-56.945047,-25.65655],[-56.944147,-25.65655],[-56.944147,-25.655649999999998]],[[-56.944147,-25.65745],[-56.94324700000001,-25.65745],[-56.94324700000001,-25.65655],[-56.944147,-25.65655],[-56.944147,-25.65745]],[[-56.934247000000006,-25.660149999999998],[-56.934247000000006,-25.65925],[-56.932447,-25.65925],[-56.932447,-25.65835],[-56.934247000000006,-25.65835],[-56.934247000000006,-25.65655],[-56.936947,-25.65655],[-56.936947,-25.655649999999998],[-56.942347000000005,-25.655649999999998],[-56.942347000000005,-25.65655],[-56.940547,-25.65655],[-56.940547,-25.65745],[-56.938747000000006,-25.65745],[-56.938747000000006,-25.65835],[-56.936947,-25.65835],[-56.936947,-25.65925],[-56.936047,-25.65925],[-56.936047,-25.660149999999998],[-56.934247000000006,-25.660149999999998]],[[-56.936947,-25.660149999999998],[-56.936947,-25.66105],[-56.936047,-25.66105],[-56.936047,-25.660149999999998],[-56.936947,-25.660149999999998]],[[-56.980147,-25.65835],[-56.979247,-25.65835],[-56.979247,-25.65745],[-56.980147,-25.65745],[-56.980147,-25.65835]],[[-56.969347000000006,-25.65745],[-56.970247,-25.65745],[-56.970247,-25.65835],[-56.969347000000006,-25.65835],[-56.969347000000006,-25.65745]],[[-56.969347000000006,-25.65925],[-56.968447000000005,-25.65925],[-56.968447000000005,-25.65835],[-56.969347000000006,-25.65835],[-56.969347000000006,-25.65925]],[[-56.967547,-25.65835],[-56.966647,-25.65835],[-56.966647,-25.65745],[-56.967547,-25.65745],[-56.967547,-25.65835]],[[-56.950447000000004,-25.65835],[-56.949547,-25.65835],[-56.949547,-25.65745],[-56.950447000000004,-25.65745],[-56.950447000000004,-25.65835]],[[-56.948647,-25.65835],[-56.94774700000001,-25.65835],[-56.94774700000001,-25.65745],[-56.948647,-25.65745],[-56.948647,-25.65835]],[[-56.976547000000004,-25.65925],[-56.975647,-25.65925],[-56.975647,-25.65835],[-56.976547000000004,-25.65835],[-56.976547000000004,-25.65925]],[[-56.963047,-25.65835],[-56.963947000000005,-25.65835],[-56.963947000000005,-25.65925],[-56.964847000000006,-25.65925],[-56.964847000000006,-25.660149999999998],[-56.963047,-25.660149999999998],[-56.963047,-25.65835]],[[-56.963047,-25.66105],[-56.962147,-25.66105],[-56.962147,-25.660149999999998],[-56.963047,-25.660149999999998],[-56.963047,-25.66105]],[[-56.95224700000001,-25.65925],[-56.951347000000005,-25.65925],[-56.951347000000005,-25.65835],[-56.953147,-25.65835],[-56.953147,-25.660149999999998],[-56.95224700000001,-25.660149999999998],[-56.95224700000001,-25.65925]],[[-56.95224700000001,-25.66105],[-56.950447000000004,-25.66105],[-56.950447000000004,-25.660149999999998],[-56.95224700000001,-25.660149999999998],[-56.95224700000001,-25.66105]],[[-56.945947000000004,-25.65925],[-56.945047,-25.65925],[-56.945047,-25.65835],[-56.945947000000004,-25.65835],[-56.945947000000004,-25.65925]],[[-56.990047000000004,-25.660149999999998],[-56.989147,-25.660149999999998],[-56.989147,-25.66105],[-56.990947000000006,-25.66105],[-56.990947000000006,-25.66285],[-56.990047000000004,-25.66285],[-56.990047000000004,-25.661949999999997],[-56.989147,-25.661949999999997],[-56.989147,-25.66285],[-56.988247,-25.66285],[-56.988247,-25.661949999999997],[-56.986447000000005,-25.661949999999997],[-56.986447000000005,-25.66105],[-56.98734700000001,-25.66105],[-56.98734700000001,-25.65925],[-56.990047000000004,-25.65925],[-56.990047000000004,-25.660149999999998]],[[-56.97834700000001,-25.660149999999998],[-56.980147,-25.660149999999998],[-56.980147,-25.66285],[-56.977447000000005,-25.66285],[-56.977447000000005,-25.66105],[-56.976547000000004,-25.66105],[-56.976547000000004,-25.660149999999998],[-56.977447000000005,-25.660149999999998],[-56.977447000000005,-25.65925],[-56.97834700000001,-25.65925],[-56.97834700000001,-25.660149999999998]],[[-56.949547,-25.66105],[-56.94774700000001,-25.66105],[-56.94774700000001,-25.65925],[-56.949547,-25.65925],[-56.949547,-25.66105]],[[-56.944147,-25.660149999999998],[-56.942347000000005,-25.660149999999998],[-56.942347000000005,-25.65925],[-56.944147,-25.65925],[-56.944147,-25.660149999999998]],[[-56.993647,-25.66105],[-56.992747,-25.66105],[-56.992747,-25.660149999999998],[-56.993647,-25.660149999999998],[-56.993647,-25.66105]],[[-56.98284700000001,-25.661949999999997],[-56.981947000000005,-25.661949999999997],[-56.981947000000005,-25.66105],[-56.981047000000004,-25.66105],[-56.981047000000004,-25.660149999999998],[-56.98284700000001,-25.660149999999998],[-56.98284700000001,-25.661949999999997]],[[-56.968447000000005,-25.66105],[-56.969347000000006,-25.66105],[-56.969347000000006,-25.661949999999997],[-56.968447000000005,-25.661949999999997],[-56.968447000000005,-25.66105]],[[-56.968447000000005,-25.66285],[-56.967547,-25.66285],[-56.967547,-25.661949999999997],[-56.968447000000005,-25.661949999999997],[-56.968447000000005,-25.66285]],[[-56.95674700000001,-25.66285],[-56.955847000000006,-25.66285],[-56.955847000000006,-25.661949999999997],[-56.95674700000001,-25.661949999999997],[-56.95674700000001,-25.66285]],[[-56.954047,-25.66285],[-56.953147,-25.66285],[-56.953147,-25.661949999999997],[-56.954047,-25.661949999999997],[-56.954047,-25.66285]],[[-56.945947000000004,-25.66285],[-56.945047,-25.66285],[-56.945047,-25.661949999999997],[-56.945947000000004,-25.661949999999997],[-56.945947000000004,-25.66285]],[[-56.936947,-25.661949999999997],[-56.937847000000005,-25.661949999999997],[-56.937847000000005,-25.66285],[-56.936947,-25.66285],[-56.936947,-25.661949999999997]],[[-56.936947,-25.66555],[-56.936047,-25.66555],[-56.936047,-25.664649999999998],[-56.935147,-25.664649999999998],[-56.935147,-25.661949999999997],[-56.936047,-25.661949999999997],[-56.936047,-25.66285],[-56.936947,-25.66285],[-56.936947,-25.66555]],[[-56.935147,-25.66555],[-56.934247000000006,-25.66555],[-56.934247000000006,-25.664649999999998],[-56.935147,-25.664649999999998],[-56.935147,-25.66555]],[[-56.999047000000004,-25.66375],[-56.998147,-25.66375],[-56.998147,-25.66285],[-56.999047000000004,-25.66285],[-56.999047000000004,-25.66375]],[[-56.972047,-25.66375],[-56.972047,-25.66285],[-56.972947000000005,-25.66285],[-56.972947000000005,-25.66375],[-56.972047,-25.66375]],[[-56.973847000000006,-25.66375],[-56.973847000000006,-25.664649999999998],[-56.972947000000005,-25.664649999999998],[-56.972947000000005,-25.66375],[-56.973847000000006,-25.66375]],[[-56.990047000000004,-25.66555],[-56.990047000000004,-25.664649999999998],[-56.989147,-25.664649999999998],[-56.989147,-25.66375],[-56.990947000000006,-25.66375],[-56.990947000000006,-25.66555],[-56.990047000000004,-25.66555]],[[-56.992747,-25.66555],[-56.992747,-25.666449999999998],[-56.99184700000001,-25.666449999999998],[-56.99184700000001,-25.66735],[-56.990947000000006,-25.66735],[-56.990947000000006,-25.66555],[-56.992747,-25.66555]],[[-56.983747,-25.66555],[-56.98284700000001,-25.66555],[-56.98284700000001,-25.664649999999998],[-56.983747,-25.664649999999998],[-56.983747,-25.66555]],[[-56.981947000000005,-25.66735],[-56.977447000000005,-25.66735],[-56.977447000000005,-25.666449999999998],[-56.976547000000004,-25.666449999999998],[-56.976547000000004,-25.66555],[-56.980147,-25.66555],[-56.980147,-25.664649999999998],[-56.981947000000005,-25.664649999999998],[-56.981947000000005,-25.66735]],[[-56.994547000000004,-25.666449999999998],[-56.993647,-25.666449999999998],[-56.993647,-25.66555],[-56.994547000000004,-25.66555],[-56.994547000000004,-25.666449999999998]],[[-56.99634700000001,-25.66825],[-56.995447000000006,-25.66825],[-56.995447000000006,-25.66735],[-56.99634700000001,-25.66735],[-56.99634700000001,-25.66825]],[[-56.998147,-25.67005],[-56.997247,-25.67005],[-56.997247,-25.670949999999998],[-56.99634700000001,-25.670949999999998],[-56.99634700000001,-25.66915],[-56.998147,-25.66915],[-56.998147,-25.67005]],[[-56.990947000000006,-25.66915],[-56.99184700000001,-25.66915],[-56.99184700000001,-25.67005],[-56.990947000000006,-25.67005],[-56.990947000000006,-25.66915]],[[-56.990947000000006,-25.670949999999998],[-56.990047000000004,-25.670949999999998],[-56.990047000000004,-25.67005],[-56.990947000000006,-25.67005],[-56.990947000000006,-25.670949999999998]],[[-56.989147,-25.67005],[-56.988247,-25.67005],[-56.988247,-25.66915],[-56.989147,-25.66915],[-56.989147,-25.67005]],[[-56.985547000000004,-25.67005],[-56.983747,-25.67005],[-56.983747,-25.66915],[-56.985547000000004,-25.66915],[-56.985547000000004,-25.67005]],[[-56.98284700000001,-25.67005],[-56.981947000000005,-25.67005],[-56.981947000000005,-25.66915],[-56.98284700000001,-25.66915],[-56.98284700000001,-25.67005]],[[-56.97834700000001,-25.670949999999998],[-56.97834700000001,-25.67005],[-56.979247,-25.67005],[-56.979247,-25.66915],[-56.980147,-25.66915],[-56.980147,-25.67005],[-56.981047000000004,-25.67005],[-56.981047000000004,-25.670949999999998],[-56.97834700000001,-25.670949999999998]],[[-56.981947000000005,-25.670949999999998],[-56.981947000000005,-25.67185],[-56.981047000000004,-25.67185],[-56.981047000000004,-25.670949999999998],[-56.981947000000005,-25.670949999999998]],[[-56.992747,-25.67185],[-56.99184700000001,-25.67185],[-56.99184700000001,-25.670949999999998],[-56.992747,-25.670949999999998],[-56.992747,-25.67185]],[[-56.969347000000006,-25.67185],[-56.968447000000005,-25.67185],[-56.968447000000005,-25.670949999999998],[-56.969347000000006,-25.670949999999998],[-56.969347000000006,-25.67185]],[[-56.936047,-25.67185],[-56.935147,-25.67185],[-56.935147,-25.670949999999998],[-56.936047,-25.670949999999998],[-56.936047,-25.67185]],[[-56.977447000000005,-25.67275],[-56.976547000000004,-25.67275],[-56.976547000000004,-25.67185],[-56.977447000000005,-25.67185],[-56.977447000000005,-25.67275]],[[-56.941447000000004,-25.67635],[-56.941447000000004,-25.67365],[-56.940547,-25.67365],[-56.940547,-25.67275],[-56.941447000000004,-25.67275],[-56.941447000000004,-25.67185],[-56.942347000000005,-25.67185],[-56.942347000000005,-25.67725],[-56.939647,-25.67725],[-56.939647,-25.67635],[-56.941447000000004,-25.67635]],[[-56.937847000000005,-25.67635],[-56.937847000000005,-25.675449999999998],[-56.939647,-25.675449999999998],[-56.939647,-25.67635],[-56.937847000000005,-25.67635]],[[-56.939647,-25.67455],[-56.940547,-25.67455],[-56.940547,-25.675449999999998],[-56.939647,-25.675449999999998],[-56.939647,-25.67455]],[[-56.994547000000004,-25.67365],[-56.993647,-25.67365],[-56.993647,-25.67275],[-56.994547000000004,-25.67275],[-56.994547000000004,-25.67365]],[[-56.95224700000001,-25.675449999999998],[-56.951347000000005,-25.675449999999998],[-56.951347000000005,-25.67275],[-56.95224700000001,-25.67275],[-56.95224700000001,-25.675449999999998]],[[-56.97834700000001,-25.67455],[-56.977447000000005,-25.67455],[-56.977447000000005,-25.67365],[-56.97834700000001,-25.67365],[-56.97834700000001,-25.67455]],[[-56.959447000000004,-25.67455],[-56.960347000000006,-25.67455],[-56.960347000000006,-25.67365],[-56.96124700000001,-25.67365],[-56.96124700000001,-25.675449999999998],[-56.959447000000004,-25.675449999999998],[-56.959447000000004,-25.67455]],[[-56.959447000000004,-25.67635],[-56.960347000000006,-25.67635],[-56.960347000000006,-25.67725],[-56.959447000000004,-25.67725],[-56.959447000000004,-25.67815],[-56.958547,-25.67815],[-56.958547,-25.675449999999998],[-56.959447000000004,-25.675449999999998],[-56.959447000000004,-25.67635]],[[-56.962147,-25.67725],[-56.962147,-25.67815],[-56.960347000000006,-25.67815],[-56.960347000000006,-25.67725],[-56.962147,-25.67725]],[[-56.949547,-25.67365],[-56.950447000000004,-25.67365],[-56.950447000000004,-25.67455],[-56.949547,-25.67455],[-56.949547,-25.67365]],[[-56.949547,-25.675449999999998],[-56.948647,-25.675449999999998],[-56.948647,-25.67455],[-56.949547,-25.67455],[-56.949547,-25.675449999999998]],[[-56.950447000000004,-25.675449999999998],[-56.950447000000004,-25.67635],[-56.949547,-25.67635],[-56.949547,-25.675449999999998],[-56.950447000000004,-25.675449999999998]],[[-56.989147,-25.675449999999998],[-56.988247,-25.675449999999998],[-56.988247,-25.67455],[-56.989147,-25.67455],[-56.989147,-25.675449999999998]],[[-56.98734700000001,-25.675449999999998],[-56.986447000000005,-25.675449999999998],[-56.986447000000005,-25.67635],[-56.984647,-25.67635],[-56.984647,-25.675449999999998],[-56.985547000000004,-25.675449999999998],[-56.985547000000004,-25.67455],[-56.98734700000001,-25.67455],[-56.98734700000001,-25.675449999999998]],[[-56.967547,-25.675449999999998],[-56.965747,-25.675449999999998],[-56.965747,-25.67455],[-56.967547,-25.67455],[-56.967547,-25.675449999999998]],[[-56.954947000000004,-25.67635],[-56.954047,-25.67635],[-56.954047,-25.67455],[-56.954947000000004,-25.67455],[-56.954947000000004,-25.67635]],[[-56.976547000000004,-25.67725],[-56.977447000000005,-25.67725],[-56.977447000000005,-25.67635],[-56.979247,-25.67635],[-56.979247,-25.67815],[-56.976547000000004,-25.67815],[-56.976547000000004,-25.67725]],[[-56.976547000000004,-25.679949999999998],[-56.973847000000006,-25.679949999999998],[-56.973847000000006,-25.67905],[-56.974747,-25.67905],[-56.974747,-25.67815],[-56.976547000000004,-25.67815],[-56.976547000000004,-25.679949999999998]],[[-56.975647,-25.67725],[-56.974747,-25.67725],[-56.974747,-25.67635],[-56.975647,-25.67635],[-56.975647,-25.67725]],[[-56.973847000000006,-25.67815],[-56.972947000000005,-25.67815],[-56.972947000000005,-25.67725],[-56.973847000000006,-25.67725],[-56.973847000000006,-25.67815]],[[-56.936047,-25.67725],[-56.936947,-25.67725],[-56.936947,-25.67815],[-56.936047,-25.67815],[-56.936047,-25.67725]],[[-56.936047,-25.67905],[-56.935147,-25.67905],[-56.935147,-25.67815],[-56.936047,-25.67815],[-56.936047,-25.67905]],[[-56.972047,-25.68085],[-56.970247,-25.68085],[-56.970247,-25.679949999999998],[-56.972047,-25.679949999999998],[-56.972047,-25.68085]],[[-56.995447000000006,-25.681749999999997],[-56.99634700000001,-25.681749999999997],[-56.99634700000001,-25.68355],[-56.995447000000006,-25.68355],[-56.995447000000006,-25.68265],[-56.994547000000004,-25.68265],[-56.994547000000004,-25.68355],[-56.993647,-25.68355],[-56.993647,-25.68265],[-56.99184700000001,-25.68265],[-56.99184700000001,-25.681749999999997],[-56.993647,-25.681749999999997],[-56.993647,-25.68085],[-56.995447000000006,-25.68085],[-56.995447000000006,-25.681749999999997]],[[-56.976547000000004,-25.681749999999997],[-56.973847000000006,-25.681749999999997],[-56.973847000000006,-25.68085],[-56.976547000000004,-25.68085],[-56.976547000000004,-25.681749999999997]],[[-56.945947000000004,-25.681749999999997],[-56.945047,-25.681749999999997],[-56.945047,-25.68265],[-56.944147,-25.68265],[-56.944147,-25.68355],[-56.94324700000001,-25.68355],[-56.94324700000001,-25.68085],[-56.945947000000004,-25.68085],[-56.945947000000004,-25.681749999999997]],[[-56.990047000000004,-25.68265],[-56.990947000000006,-25.68265],[-56.990947000000006,-25.68445],[-56.988247,-25.68445],[-56.988247,-25.681749999999997],[-56.990047000000004,-25.681749999999997],[-56.990047000000004,-25.68265]],[[-56.981047000000004,-25.681749999999997],[-56.981947000000005,-25.681749999999997],[-56.981947000000005,-25.68265],[-56.981047000000004,-25.68265],[-56.981047000000004,-25.681749999999997]],[[-56.981047000000004,-25.68445],[-56.980147,-25.68445],[-56.980147,-25.68355],[-56.979247,-25.68355],[-56.979247,-25.681749999999997],[-56.980147,-25.681749999999997],[-56.980147,-25.68265],[-56.981047000000004,-25.68265],[-56.981047000000004,-25.68445]],[[-56.979247,-25.68445],[-56.97834700000001,-25.68445],[-56.97834700000001,-25.68355],[-56.979247,-25.68355],[-56.979247,-25.68445]],[[-56.977447000000005,-25.68355],[-56.977447000000005,-25.68265],[-56.97834700000001,-25.68265],[-56.97834700000001,-25.68355],[-56.977447000000005,-25.68355]],[[-56.941447000000004,-25.68445],[-56.940547,-25.68445],[-56.940547,-25.681749999999997],[-56.941447000000004,-25.681749999999997],[-56.941447000000004,-25.68445]],[[-56.973847000000006,-25.68355],[-56.972947000000005,-25.68355],[-56.972947000000005,-25.68445],[-56.972047,-25.68445],[-56.972047,-25.68355],[-56.970247,-25.68355],[-56.970247,-25.68265],[-56.973847000000006,-25.68265],[-56.973847000000006,-25.68355]],[[-56.948647,-25.68355],[-56.94774700000001,-25.68355],[-56.94774700000001,-25.68265],[-56.948647,-25.68265],[-56.948647,-25.68355]],[[-56.98734700000001,-25.68445],[-56.986447000000005,-25.68445],[-56.986447000000005,-25.68355],[-56.98734700000001,-25.68355],[-56.98734700000001,-25.68445]],[[-56.990947000000006,-25.686249999999998],[-56.990047000000004,-25.686249999999998],[-56.990047000000004,-25.68535],[-56.990947000000006,-25.68535],[-56.990947000000006,-25.686249999999998]],[[-56.983747,-25.68535],[-56.984647,-25.68535],[-56.984647,-25.686249999999998],[-56.983747,-25.686249999999998],[-56.983747,-25.68535]],[[-56.985547000000004,-25.686249999999998],[-56.985547000000004,-25.68805],[-56.984647,-25.68805],[-56.984647,-25.686249999999998],[-56.985547000000004,-25.686249999999998]],[[-56.983747,-25.68715],[-56.98284700000001,-25.68715],[-56.98284700000001,-25.686249999999998],[-56.983747,-25.686249999999998],[-56.983747,-25.68715]],[[-56.995447000000006,-25.68715],[-56.994547000000004,-25.68715],[-56.994547000000004,-25.686249999999998],[-56.995447000000006,-25.686249999999998],[-56.995447000000006,-25.68715]],[[-56.981047000000004,-25.68715],[-56.980147,-25.68715],[-56.980147,-25.686249999999998],[-56.981047000000004,-25.686249999999998],[-56.981047000000004,-25.68715]],[[-56.976547000000004,-25.68715],[-56.975647,-25.68715],[-56.975647,-25.686249999999998],[-56.976547000000004,-25.686249999999998],[-56.976547000000004,-25.68715]],[[-56.971147,-25.68805],[-56.970247,-25.68805],[-56.970247,-25.686249999999998],[-56.971147,-25.686249999999998],[-56.971147,-25.68805]],[[-56.955847000000006,-25.68715],[-56.954947000000004,-25.68715],[-56.954947000000004,-25.686249999999998],[-56.955847000000006,-25.686249999999998],[-56.955847000000006,-25.68715]],[[-56.940547,-25.68715],[-56.939647,-25.68715],[-56.939647,-25.68805],[-56.937847000000005,-25.68805],[-56.937847000000005,-25.686249999999998],[-56.940547,-25.686249999999998],[-56.940547,-25.68715]],[[-56.973847000000006,-25.68805],[-56.972947000000005,-25.68805],[-56.972947000000005,-25.68715],[-56.973847000000006,-25.68715],[-56.973847000000006,-25.68805]],[[-56.960347000000006,-25.68895],[-56.960347000000006,-25.68985],[-56.959447000000004,-25.68985],[-56.959447000000004,-25.68715],[-56.960347000000006,-25.68715],[-56.960347000000006,-25.68805],[-56.96124700000001,-25.68805],[-56.96124700000001,-25.68715],[-56.962147,-25.68715],[-56.962147,-25.68895],[-56.960347000000006,-25.68895]],[[-56.963947000000005,-25.68895],[-56.963947000000005,-25.690749999999998],[-56.963047,-25.690749999999998],[-56.963047,-25.68985],[-56.962147,-25.68985],[-56.962147,-25.68895],[-56.963947000000005,-25.68895]],[[-56.934247000000006,-25.68805],[-56.933347000000005,-25.68805],[-56.933347000000005,-25.68715],[-56.934247000000006,-25.68715],[-56.934247000000006,-25.68805]],[[-56.954047,-25.68805],[-56.954947000000004,-25.68805],[-56.954947000000004,-25.68985],[-56.954047,-25.68985],[-56.954047,-25.68805]],[[-56.954047,-25.69165],[-56.953147,-25.69165],[-56.953147,-25.68985],[-56.954047,-25.68985],[-56.954047,-25.69165]],[[-56.993647,-25.68985],[-56.992747,-25.68985],[-56.992747,-25.68895],[-56.993647,-25.68895],[-56.993647,-25.68985]],[[-56.984647,-25.68985],[-56.983747,-25.68985],[-56.983747,-25.68895],[-56.984647,-25.68895],[-56.984647,-25.68985]],[[-56.972047,-25.68985],[-56.971147,-25.68985],[-56.971147,-25.68895],[-56.972047,-25.68895],[-56.972047,-25.68985]],[[-56.945047,-25.68985],[-56.944147,-25.68985],[-56.944147,-25.690749999999998],[-56.94324700000001,-25.690749999999998],[-56.94324700000001,-25.68895],[-56.945047,-25.68895],[-56.945047,-25.68985]],[[-56.997247,-25.69165],[-56.99634700000001,-25.69165],[-56.99634700000001,-25.68985],[-56.997247,-25.68985],[-56.997247,-25.69165]],[[-56.970247,-25.690749999999998],[-56.969347000000006,-25.690749999999998],[-56.969347000000006,-25.69165],[-56.968447000000005,-25.69165],[-56.968447000000005,-25.69255],[-56.967547,-25.69255],[-56.967547,-25.69435],[-56.971147,-25.69435],[-56.971147,-25.69615],[-56.966647,-25.69615],[-56.966647,-25.697049999999997],[-56.965747,-25.697049999999997],[-56.965747,-25.69615],[-56.964847000000006,-25.69615],[-56.964847000000006,-25.695249999999998],[-56.965747,-25.695249999999998],[-56.965747,-25.69435],[-56.964847000000006,-25.69435],[-56.964847000000006,-25.69345],[-56.966647,-25.69345],[-56.966647,-25.69165],[-56.967547,-25.69165],[-56.967547,-25.68985],[-56.970247,-25.68985],[-56.970247,-25.690749999999998]],[[-56.965747,-25.690749999999998],[-56.964847000000006,-25.690749999999998],[-56.964847000000006,-25.68985],[-56.965747,-25.68985],[-56.965747,-25.690749999999998]],[[-56.992747,-25.69165],[-56.99184700000001,-25.69165],[-56.99184700000001,-25.690749999999998],[-56.992747,-25.690749999999998],[-56.992747,-25.69165]],[[-56.979247,-25.690749999999998],[-56.980147,-25.690749999999998],[-56.980147,-25.69165],[-56.979247,-25.69165],[-56.979247,-25.690749999999998]],[[-56.979247,-25.69255],[-56.97834700000001,-25.69255],[-56.97834700000001,-25.69165],[-56.979247,-25.69165],[-56.979247,-25.69255]],[[-56.977447000000005,-25.69165],[-56.976547000000004,-25.69165],[-56.976547000000004,-25.690749999999998],[-56.977447000000005,-25.690749999999998],[-56.977447000000005,-25.69165]],[[-56.955847000000006,-25.69255],[-56.954947000000004,-25.69255],[-56.954947000000004,-25.690749999999998],[-56.955847000000006,-25.690749999999998],[-56.955847000000006,-25.69255]],[[-56.934247000000006,-25.69255],[-56.933347000000005,-25.69255],[-56.933347000000005,-25.69165],[-56.934247000000006,-25.69165],[-56.934247000000006,-25.69255]],[[-56.995447000000006,-25.69255],[-56.99634700000001,-25.69255],[-56.99634700000001,-25.69345],[-56.995447000000006,-25.69345],[-56.995447000000006,-25.69255]],[[-56.995447000000006,-25.69435],[-56.994547000000004,-25.69435],[-56.994547000000004,-25.69345],[-56.995447000000006,-25.69345],[-56.995447000000006,-25.69435]],[[-56.99634700000001,-25.69435],[-56.99634700000001,-25.695249999999998],[-56.995447000000006,-25.695249999999998],[-56.995447000000006,-25.69435],[-56.99634700000001,-25.69435]],[[-56.985547000000004,-25.69345],[-56.985547000000004,-25.69255],[-56.988247,-25.69255],[-56.988247,-25.69345],[-56.98734700000001,-25.69345],[-56.98734700000001,-25.69435],[-56.985547000000004,-25.69435],[-56.985547000000004,-25.695249999999998],[-56.983747,-25.695249999999998],[-56.983747,-25.69615],[-56.981047000000004,-25.69615],[-56.981047000000004,-25.697049999999997],[-56.980147,-25.697049999999997],[-56.980147,-25.69795],[-56.979247,-25.69795],[-56.979247,-25.697049999999997],[-56.97834700000001,-25.697049999999997],[-56.97834700000001,-25.69615],[-56.977447000000005,-25.69615],[-56.977447000000005,-25.69435],[-56.976547000000004,-25.69435],[-56.976547000000004,-25.69345],[-56.97834700000001,-25.69345],[-56.97834700000001,-25.69435],[-56.979247,-25.69435],[-56.979247,-25.69345],[-56.98284700000001,-25.69345],[-56.98284700000001,-25.69435],[-56.984647,-25.69435],[-56.984647,-25.69345],[-56.985547000000004,-25.69345]],[[-56.986447000000005,-25.695249999999998],[-56.986447000000005,-25.69615],[-56.985547000000004,-25.69615],[-56.985547000000004,-25.695249999999998],[-56.986447000000005,-25.695249999999998]],[[-56.981947000000005,-25.697049999999997],[-56.981947000000005,-25.69795],[-56.981047000000004,-25.69795],[-56.981047000000004,-25.697049999999997],[-56.981947000000005,-25.697049999999997]],[[-56.97834700000001,-25.69795],[-56.977447000000005,-25.69795],[-56.977447000000005,-25.697049999999997],[-56.97834700000001,-25.697049999999997],[-56.97834700000001,-25.69795]],[[-56.976547000000004,-25.695249999999998],[-56.975647,-25.695249999999998],[-56.975647,-25.69435],[-56.976547000000004,-25.69435],[-56.976547000000004,-25.695249999999998]],[[-56.983747,-25.69345],[-56.983747,-25.69255],[-56.984647,-25.69255],[-56.984647,-25.69345],[-56.983747,-25.69345]],[[-56.940547,-25.69345],[-56.939647,-25.69345],[-56.939647,-25.69255],[-56.940547,-25.69255],[-56.940547,-25.69345]],[[-56.990047000000004,-25.69435],[-56.989147,-25.69435],[-56.989147,-25.69345],[-56.990047000000004,-25.69345],[-56.990047000000004,-25.69435]],[[-56.963047,-25.69435],[-56.96124700000001,-25.69435],[-56.96124700000001,-25.69345],[-56.963047,-25.69345],[-56.963047,-25.69435]],[[-56.94774700000001,-25.69435],[-56.946847000000005,-25.69435],[-56.946847000000005,-25.69345],[-56.94774700000001,-25.69345],[-56.94774700000001,-25.69435]],[[-56.937847000000005,-25.69435],[-56.940547,-25.69435],[-56.940547,-25.695249999999998],[-56.939647,-25.695249999999998],[-56.939647,-25.69615],[-56.938747000000006,-25.69615],[-56.938747000000006,-25.695249999999998],[-56.937847000000005,-25.695249999999998],[-56.937847000000005,-25.69435]],[[-56.937847000000005,-25.697049999999997],[-56.936947,-25.697049999999997],[-56.936947,-25.695249999999998],[-56.937847000000005,-25.695249999999998],[-56.937847000000005,-25.697049999999997]],[[-56.99184700000001,-25.69615],[-56.990947000000006,-25.69615],[-56.990947000000006,-25.695249999999998],[-56.99184700000001,-25.695249999999998],[-56.99184700000001,-25.69615]],[[-56.959447000000004,-25.69615],[-56.958547,-25.69615],[-56.958547,-25.695249999999998],[-56.959447000000004,-25.695249999999998],[-56.959447000000004,-25.69615]],[[-56.945047,-25.69615],[-56.944147,-25.69615],[-56.944147,-25.695249999999998],[-56.945047,-25.695249999999998],[-56.945047,-25.69615]],[[-56.99634700000001,-25.697049999999997],[-56.995447000000006,-25.697049999999997],[-56.995447000000006,-25.69615],[-56.99634700000001,-25.69615],[-56.99634700000001,-25.697049999999997]],[[-56.963947000000005,-25.697049999999997],[-56.963047,-25.697049999999997],[-56.963047,-25.69615],[-56.963947000000005,-25.69615],[-56.963947000000005,-25.697049999999997]]]}},{"type":"Feature","properties":{"category":"ndvi_canopy","class":3,"ndvi_low":0.6,"ndvi_high":1.01,"name":"Dense forest","color":"#14532d","fill_color":"#14532d","description":"Tightly closed canopy (e.g. riparian gallery forests along streams).","source":"Sentinel-2 L2A NDVI 4-class polygonised"},"geometry":{"type":"Polygon","coordinates":[[[-56.986447000000005,-25.56385],[-56.986447000000005,-25.56475],[-56.988247,-25.56475],[-56.988247,-25.56385],[-56.986447000000005,-25.56385]]]}},{"type":"Feature","properties":{"category":"ndvi_canopy","class":3,"ndvi_low":0.6,"ndvi_high":1.01,"name":"Dense forest","color":"#14532d","fill_color":"#14532d","description":"Tightly closed canopy (e.g. riparian gallery forests along streams).","source":"Sentinel-2 L2A NDVI 4-class polygonised"},"geometry":{"type":"Polygon","coordinates":[[[-56.96124700000001,-25.607049999999997],[-56.96124700000001,-25.60795],[-56.962147,-25.60795],[-56.962147,-25.60885],[-56.963947000000005,-25.60885],[-56.963947000000005,-25.607049999999997],[-56.96124700000001,-25.607049999999997]]]}},{"type":"Feature","properties":{"category":"ndvi_canopy","class":3,"ndvi_low":0.6,"ndvi_high":1.01,"name":"Dense forest","color":"#14532d","fill_color":"#14532d","description":"Tightly closed canopy (e.g. riparian gallery forests along streams).","source":"Sentinel-2 L2A NDVI 4-class polygonised"},"geometry":{"type":"Polygon","coordinates":[[[-56.983747,-25.61065],[-56.983747,-25.611549999999998],[-56.984647,-25.611549999999998],[-56.984647,-25.61065],[-56.983747,-25.61065]]]}},{"type":"Feature","properties":{"category":"ndvi_canopy","class":3,"ndvi_low":0.6,"ndvi_high":1.01,"name":"Dense forest","color":"#14532d","fill_color":"#14532d","description":"Tightly closed canopy (e.g. riparian gallery forests along streams).","source":"Sentinel-2 L2A NDVI 4-class polygonised"},"geometry":{"type":"Polygon","coordinates":[[[-56.95674700000001,-25.611549999999998],[-56.95674700000001,-25.61245],[-56.957647,-25.61245],[-56.957647,-25.611549999999998],[-56.95674700000001,-25.611549999999998]]]}},{"type":"Feature","properties":{"category":"ndvi_canopy","class":3,"ndvi_low":0.6,"ndvi_high":1.01,"name":"Dense forest","color":"#14532d","fill_color":"#14532d","description":"Tightly closed canopy (e.g. riparian gallery forests along streams).","source":"Sentinel-2 L2A NDVI 4-class polygonised"},"geometry":{"type":"Polygon","coordinates":[[[-56.957647,-25.61335],[-56.957647,-25.61425],[-56.958547,-25.61425],[-56.958547,-25.61335],[-56.957647,-25.61335]]]}},{"type":"Feature","properties":{"category":"ndvi_canopy","class":3,"ndvi_low":0.6,"ndvi_high":1.01,"name":"Dense forest","color":"#14532d","fill_color":"#14532d","description":"Tightly closed canopy (e.g. riparian gallery forests along streams).","source":"Sentinel-2 L2A NDVI 4-class polygonised"},"geometry":{"type":"Polygon","coordinates":[[[-56.999947000000006,-25.62955],[-56.999947000000006,-25.63045],[-57.000847,-25.63045],[-57.000847,-25.62955],[-56.999947000000006,-25.62955]]]}},{"type":"Feature","properties":{"category":"ndvi_canopy","class":3,"ndvi_low":0.6,"ndvi_high":1.01,"name":"Dense forest","color":"#14532d","fill_color":"#14532d","description":"Tightly closed canopy (e.g. riparian gallery forests along streams).","source":"Sentinel-2 L2A NDVI 4-class polygonised"},"geometry":{"type":"Polygon","coordinates":[[[-56.99634700000001,-25.62955],[-56.99634700000001,-25.63045],[-56.997247,-25.63045],[-56.997247,-25.62955],[-56.99634700000001,-25.62955]]]}},{"type":"Feature","properties":{"category":"ndvi_canopy","class":3,"ndvi_low":0.6,"ndvi_high":1.01,"name":"Dense forest","color":"#14532d","fill_color":"#14532d","description":"Tightly closed canopy (e.g. riparian gallery forests along streams).","source":"Sentinel-2 L2A NDVI 4-class polygonised"},"geometry":{"type":"Polygon","coordinates":[[[-56.990047000000004,-25.631349999999998],[-56.990047000000004,-25.63225],[-56.990947000000006,-25.63225],[-56.990947000000006,-25.631349999999998],[-56.990047000000004,-25.631349999999998]]]}},{"type":"Feature","properties":{"category":"ndvi_canopy","class":3,"ndvi_low":0.6,"ndvi_high":1.01,"name":"Dense forest","color":"#14532d","fill_color":"#14532d","description":"Tightly closed canopy (e.g. riparian gallery forests along streams).","source":"Sentinel-2 L2A NDVI 4-class polygonised"},"geometry":{"type":"Polygon","coordinates":[[[-56.998147,-25.62955],[-56.998147,-25.63045],[-56.997247,-25.63045],[-56.997247,-25.631349999999998],[-56.99634700000001,-25.631349999999998],[-56.99634700000001,-25.63045],[-56.992747,-25.63045],[-56.992747,-25.631349999999998],[-56.99184700000001,-25.631349999999998],[-56.99184700000001,-25.63225],[-56.992747,-25.63225],[-56.992747,-25.63315],[-56.993647,-25.63315],[-56.993647,-25.63225],[-56.999947000000006,-25.63225],[-56.999947000000006,-25.63045],[-56.999047000000004,-25.63045],[-56.999047000000004,-25.62955],[-56.998147,-25.62955]]]}},{"type":"Feature","properties":{"category":"ndvi_canopy","class":3,"ndvi_low":0.6,"ndvi_high":1.01,"name":"Dense forest","color":"#14532d","fill_color":"#14532d","description":"Tightly closed canopy (e.g. riparian gallery forests along streams).","source":"Sentinel-2 L2A NDVI 4-class polygonised"},"geometry":{"type":"Polygon","coordinates":[[[-56.999947000000006,-25.63225],[-56.999947000000006,-25.63315],[-57.000847,-25.63315],[-57.000847,-25.63225],[-56.999947000000006,-25.63225]]]}},{"type":"Feature","properties":{"category":"ndvi_canopy","class":3,"ndvi_low":0.6,"ndvi_high":1.01,"name":"Dense forest","color":"#14532d","fill_color":"#14532d","description":"Tightly closed canopy (e.g. riparian gallery forests along streams).","source":"Sentinel-2 L2A NDVI 4-class polygonised"},"geometry":{"type":"Polygon","coordinates":[[[-56.988247,-25.63225],[-56.988247,-25.63315],[-56.990047000000004,-25.63315],[-56.990047000000004,-25.63225],[-56.988247,-25.63225]]]}},{"type":"Feature","properties":{"category":"ndvi_canopy","class":3,"ndvi_low":0.6,"ndvi_high":1.01,"name":"Dense forest","color":"#14532d","fill_color":"#14532d","description":"Tightly closed canopy (e.g. riparian gallery forests along streams).","source":"Sentinel-2 L2A NDVI 4-class polygonised"},"geometry":{"type":"Polygon","coordinates":[[[-56.98734700000001,-25.63315],[-56.98734700000001,-25.63405],[-56.988247,-25.63405],[-56.988247,-25.63315],[-56.98734700000001,-25.63315]]]}},{"type":"Feature","properties":{"category":"ndvi_canopy","class":3,"ndvi_low":0.6,"ndvi_high":1.01,"name":"Dense forest","color":"#14532d","fill_color":"#14532d","description":"Tightly closed canopy (e.g. riparian gallery forests along streams).","source":"Sentinel-2 L2A NDVI 4-class polygonised"},"geometry":{"type":"Polygon","coordinates":[[[-56.985547000000004,-25.63405],[-56.985547000000004,-25.63495],[-56.98284700000001,-25.63495],[-56.98284700000001,-25.635849999999998],[-56.981947000000005,-25.635849999999998],[-56.981947000000005,-25.63675],[-56.986447000000005,-25.63675],[-56.986447000000005,-25.63405],[-56.985547000000004,-25.63405]]]}},{"type":"Feature","properties":{"category":"ndvi_canopy","class":3,"ndvi_low":0.6,"ndvi_high":1.01,"name":"Dense forest","color":"#14532d","fill_color":"#14532d","description":"Tightly closed canopy (e.g. riparian gallery forests along streams).","source":"Sentinel-2 L2A NDVI 4-class polygonised"},"geometry":{"type":"Polygon","coordinates":[[[-56.988247,-25.63945],[-56.988247,-25.640349999999998],[-56.989147,-25.640349999999998],[-56.989147,-25.63945],[-56.988247,-25.63945]]]}},{"type":"Feature","properties":{"category":"ndvi_canopy","class":3,"ndvi_low":0.6,"ndvi_high":1.01,"name":"Dense forest","color":"#14532d","fill_color":"#14532d","description":"Tightly closed canopy (e.g. riparian gallery forests along streams).","source":"Sentinel-2 L2A NDVI 4-class polygonised"},"geometry":{"type":"Polygon","coordinates":[[[-56.97834700000001,-25.63765],[-56.97834700000001,-25.640349999999998],[-56.977447000000005,-25.640349999999998],[-56.977447000000005,-25.64395],[-56.979247,-25.64395],[-56.979247,-25.64125],[-56.980147,-25.64125],[-56.980147,-25.640349999999998],[-56.981047000000004,-25.640349999999998],[-56.981047000000004,-25.63945],[-56.981947000000005,-25.63945],[-56.981947000000005,-25.63765],[-56.97834700000001,-25.63765]]]}},{"type":"Feature","properties":{"category":"ndvi_canopy","class":3,"ndvi_low":0.6,"ndvi_high":1.01,"name":"Dense forest","color":"#14532d","fill_color":"#14532d","description":"Tightly closed canopy (e.g. riparian gallery forests along streams).","source":"Sentinel-2 L2A NDVI 4-class polygonised"},"geometry":{"type":"Polygon","coordinates":[[[-56.98284700000001,-25.644849999999998],[-56.98284700000001,-25.64575],[-56.983747,-25.64575],[-56.983747,-25.644849999999998],[-56.98284700000001,-25.644849999999998]]]}},{"type":"Feature","properties":{"category":"ndvi_canopy","class":3,"ndvi_low":0.6,"ndvi_high":1.01,"name":"Dense forest","color":"#14532d","fill_color":"#14532d","description":"Tightly closed canopy (e.g. riparian gallery forests along streams).","source":"Sentinel-2 L2A NDVI 4-class polygonised"},"geometry":{"type":"Polygon","coordinates":[[[-56.970247,-25.64575],[-56.970247,-25.646649999999998],[-56.969347000000006,-25.646649999999998],[-56.969347000000006,-25.64845],[-56.971147,-25.64845],[-56.971147,-25.64755],[-56.972047,-25.64755],[-56.972047,-25.646649999999998],[-56.971147,-25.646649999999998],[-56.971147,-25.64575],[-56.970247,-25.64575]]]}},{"type":"Feature","properties":{"category":"ndvi_canopy","class":3,"ndvi_low":0.6,"ndvi_high":1.01,"name":"Dense forest","color":"#14532d","fill_color":"#14532d","description":"Tightly closed canopy (e.g. riparian gallery forests along streams).","source":"Sentinel-2 L2A NDVI 4-class polygonised"},"geometry":{"type":"Polygon","coordinates":[[[-56.974747,-25.64305],[-56.974747,-25.644849999999998],[-56.973847000000006,-25.644849999999998],[-56.973847000000006,-25.646649999999998],[-56.974747,-25.646649999999998],[-56.974747,-25.64755],[-56.972947000000005,-25.64755],[-56.972947000000005,-25.64845],[-56.973847000000006,-25.64845],[-56.973847000000006,-25.64935],[-56.974747,-25.64935],[-56.974747,-25.65025],[-56.975647,-25.65025],[-56.975647,-25.646649999999998],[-56.976547000000004,-25.646649999999998],[-56.976547000000004,-25.64755],[-56.977447000000005,-25.64755],[-56.977447000000005,-25.646649999999998],[-56.97834700000001,-25.646649999999998],[-56.97834700000001,-25.64575],[-56.977447000000005,-25.64575],[-56.977447000000005,-25.64395],[-56.976547000000004,-25.64395],[-56.976547000000004,-25.64305],[-56.974747,-25.64305]]]}},{"type":"Feature","properties":{"category":"ndvi_canopy","class":3,"ndvi_low":0.6,"ndvi_high":1.01,"name":"Dense forest","color":"#14532d","fill_color":"#14532d","description":"Tightly closed canopy (e.g. riparian gallery forests along streams).","source":"Sentinel-2 L2A NDVI 4-class polygonised"},"geometry":{"type":"Polygon","coordinates":[[[-56.971147,-25.64845],[-56.971147,-25.65025],[-56.972947000000005,-25.65025],[-56.972947000000005,-25.64845],[-56.971147,-25.64845]]]}},{"type":"Feature","properties":{"category":"ndvi_canopy","class":3,"ndvi_low":0.6,"ndvi_high":1.01,"name":"Dense forest","color":"#14532d","fill_color":"#14532d","description":"Tightly closed canopy (e.g. riparian gallery forests along streams).","source":"Sentinel-2 L2A NDVI 4-class polygonised"},"geometry":{"type":"Polygon","coordinates":[[[-56.966647,-25.651149999999998],[-56.966647,-25.65205],[-56.965747,-25.65205],[-56.965747,-25.65295],[-56.964847000000006,-25.65295],[-56.964847000000006,-25.65385],[-56.966647,-25.65385],[-56.966647,-25.65295],[-56.967547,-25.65295],[-56.967547,-25.65385],[-56.968447000000005,-25.65385],[-56.968447000000005,-25.65205],[-56.969347000000006,-25.65205],[-56.969347000000006,-25.65295],[-56.970247,-25.65295],[-56.970247,-25.651149999999998],[-56.966647,-25.651149999999998]]]}},{"type":"Feature","properties":{"category":"ndvi_canopy","class":3,"ndvi_low":0.6,"ndvi_high":1.01,"name":"Dense forest","color":"#14532d","fill_color":"#14532d","description":"Tightly closed canopy (e.g. riparian gallery forests along streams).","source":"Sentinel-2 L2A NDVI 4-class polygonised"},"geometry":{"type":"Polygon","coordinates":[[[-56.944147,-25.655649999999998],[-56.944147,-25.65655],[-56.945047,-25.65655],[-56.945047,-25.655649999999998],[-56.944147,-25.655649999999998]]]}},{"type":"Feature","properties":{"category":"ndvi_canopy","class":3,"ndvi_low":0.6,"ndvi_high":1.01,"name":"Dense forest","color":"#14532d","fill_color":"#14532d","description":"Tightly closed canopy (e.g. riparian gallery forests along streams).","source":"Sentinel-2 L2A NDVI 4-class polygonised"},"geometry":{"type":"Polygon","coordinates":[[[-56.94324700000001,-25.65655],[-56.94324700000001,-25.65745],[-56.944147,-25.65745],[-56.944147,-25.65655],[-56.94324700000001,-25.65655]]]}},{"type":"Feature","properties":{"category":"ndvi_canopy","class":3,"ndvi_low":0.6,"ndvi_high":1.01,"name":"Dense forest","color":"#14532d","fill_color":"#14532d","description":"Tightly closed canopy (e.g. riparian gallery forests along streams).","source":"Sentinel-2 L2A NDVI 4-class polygonised"},"geometry":{"type":"Polygon","coordinates":[[[-56.931547,-25.65655],[-56.931547,-25.65745],[-56.932447,-25.65745],[-56.932447,-25.65655],[-56.931547,-25.65655]]]}},{"type":"Feature","properties":{"category":"ndvi_canopy","class":3,"ndvi_low":0.6,"ndvi_high":1.01,"name":"Dense forest","color":"#14532d","fill_color":"#14532d","description":"Tightly closed canopy (e.g. riparian gallery forests along streams).","source":"Sentinel-2 L2A NDVI 4-class polygonised"},"geometry":{"type":"Polygon","coordinates":[[[-56.949547,-25.65745],[-56.949547,-25.65835],[-56.950447000000004,-25.65835],[-56.950447000000004,-25.65745],[-56.949547,-25.65745]]]}},{"type":"Feature","properties":{"category":"ndvi_canopy","class":3,"ndvi_low":0.6,"ndvi_high":1.01,"name":"Dense forest","color":"#14532d","fill_color":"#14532d","description":"Tightly closed canopy (e.g. riparian gallery forests along streams).","source":"Sentinel-2 L2A NDVI 4-class polygonised"},"geometry":{"type":"Polygon","coordinates":[[[-56.94774700000001,-25.65745],[-56.94774700000001,-25.65835],[-56.948647,-25.65835],[-56.948647,-25.65745],[-56.94774700000001,-25.65745]]]}},{"type":"Feature","properties":{"category":"ndvi_canopy","class":3,"ndvi_low":0.6,"ndvi_high":1.01,"name":"Dense forest","color":"#14532d","fill_color":"#14532d","description":"Tightly closed canopy (e.g. riparian gallery forests along streams).","source":"Sentinel-2 L2A NDVI 4-class polygonised"},"geometry":{"type":"Polygon","coordinates":[[[-56.931547,-25.65925],[-56.931547,-25.65745],[-56.930765,-25.65745],[-56.930765,-25.65925],[-56.931547,-25.65925]]]}},{"type":"Feature","properties":{"category":"ndvi_canopy","class":3,"ndvi_low":0.6,"ndvi_high":1.01,"name":"Dense forest","color":"#14532d","fill_color":"#14532d","description":"Tightly closed canopy (e.g. riparian gallery forests along streams).","source":"Sentinel-2 L2A NDVI 4-class polygonised"},"geometry":{"type":"Polygon","coordinates":[[[-56.96124700000001,-25.65835],[-56.96124700000001,-25.65655],[-56.963047,-25.65655],[-56.963047,-25.655649999999998],[-56.964847000000006,-25.655649999999998],[-56.964847000000006,-25.65385],[-56.963947000000005,-25.65385],[-56.963947000000005,-25.65295],[-56.96124700000001,-25.65295],[-56.96124700000001,-25.65475],[-56.962147,-25.65475],[-56.962147,-25.655649999999998],[-56.960347000000006,-25.655649999999998],[-56.960347000000006,-25.65475],[-56.958547,-25.65475],[-56.958547,-25.65655],[-56.957647,-25.65655],[-56.957647,-25.65745],[-56.955847000000006,-25.65745],[-56.955847000000006,-25.65835],[-56.95674700000001,-25.65835],[-56.95674700000001,-25.65925],[-56.959447000000004,-25.65925],[-56.959447000000004,-25.65835],[-56.96124700000001,-25.65835]],[[-56.958547,-25.65835],[-56.958547,-25.65745],[-56.959447000000004,-25.65745],[-56.959447000000004,-25.65835],[-56.958547,-25.65835]]]}},{"type":"Feature","properties":{"category":"ndvi_canopy","class":3,"ndvi_low":0.6,"ndvi_high":1.01,"name":"Dense forest","color":"#14532d","fill_color":"#14532d","description":"Tightly closed canopy (e.g. riparian gallery forests along streams).","source":"Sentinel-2 L2A NDVI 4-class polygonised"},"geometry":{"type":"Polygon","coordinates":[[[-56.945047,-25.65835],[-56.945047,-25.65925],[-56.945947000000004,-25.65925],[-56.945947000000004,-25.65835],[-56.945047,-25.65835]]]}},{"type":"Feature","properties":{"category":"ndvi_canopy","class":3,"ndvi_low":0.6,"ndvi_high":1.01,"name":"Dense forest","color":"#14532d","fill_color":"#14532d","description":"Tightly closed canopy (e.g. riparian gallery forests along streams).","source":"Sentinel-2 L2A NDVI 4-class polygonised"},"geometry":{"type":"Polygon","coordinates":[[[-56.954047,-25.65835],[-56.954047,-25.660149999999998],[-56.954947000000004,-25.660149999999998],[-56.954947000000004,-25.65925],[-56.955847000000006,-25.65925],[-56.955847000000006,-25.65835],[-56.954047,-25.65835]]]}},{"type":"Feature","properties":{"category":"ndvi_canopy","class":3,"ndvi_low":0.6,"ndvi_high":1.01,"name":"Dense forest","color":"#14532d","fill_color":"#14532d","description":"Tightly closed canopy (e.g. riparian gallery forests along streams).","source":"Sentinel-2 L2A NDVI 4-class polygonised"},"geometry":{"type":"Polygon","coordinates":[[[-56.951347000000005,-25.65835],[-56.951347000000005,-25.65925],[-56.95224700000001,-25.65925],[-56.95224700000001,-25.660149999999998],[-56.953147,-25.660149999999998],[-56.953147,-25.65835],[-56.951347000000005,-25.65835]]]}},{"type":"Feature","properties":{"category":"ndvi_canopy","class":3,"ndvi_low":0.6,"ndvi_high":1.01,"name":"Dense forest","color":"#14532d","fill_color":"#14532d","description":"Tightly closed canopy (e.g. riparian gallery forests along streams).","source":"Sentinel-2 L2A NDVI 4-class polygonised"},"geometry":{"type":"Polygon","coordinates":[[[-56.942347000000005,-25.65925],[-56.942347000000005,-25.660149999999998],[-56.94324700000001,-25.660149999999998],[-56.94324700000001,-25.65925],[-56.942347000000005,-25.65925]]]}},{"type":"Feature","properties":{"category":"ndvi_canopy","class":3,"ndvi_low":0.6,"ndvi_high":1.01,"name":"Dense forest","color":"#14532d","fill_color":"#14532d","description":"Tightly closed canopy (e.g. riparian gallery forests along streams).","source":"Sentinel-2 L2A NDVI 4-class polygonised"},"geometry":{"type":"Polygon","coordinates":[[[-56.936947,-25.65925],[-56.936947,-25.65835],[-56.938747000000006,-25.65835],[-56.938747000000006,-25.65745],[-56.940547,-25.65745],[-56.940547,-25.65655],[-56.942347000000005,-25.65655],[-56.942347000000005,-25.655649999999998],[-56.936947,-25.655649999999998],[-56.936947,-25.65655],[-56.934247000000006,-25.65655],[-56.934247000000006,-25.65835],[-56.932447,-25.65835],[-56.932447,-25.65925],[-56.934247000000006,-25.65925],[-56.934247000000006,-25.660149999999998],[-56.936047,-25.660149999999998],[-56.936047,-25.65925],[-56.936947,-25.65925]],[[-56.935147,-25.65925],[-56.935147,-25.65835],[-56.936047,-25.65835],[-56.936047,-25.65925],[-56.935147,-25.65925]]]}},{"type":"Feature","properties":{"category":"ndvi_canopy","class":3,"ndvi_low":0.6,"ndvi_high":1.01,"name":"Dense forest","color":"#14532d","fill_color":"#14532d","description":"Tightly closed canopy (e.g. riparian gallery forests along streams).","source":"Sentinel-2 L2A NDVI 4-class polygonised"},"geometry":{"type":"Polygon","coordinates":[[[-56.936047,-25.660149999999998],[-56.936047,-25.66105],[-56.936947,-25.66105],[-56.936947,-25.660149999999998],[-56.936047,-25.660149999999998]]]}},{"type":"Feature","properties":{"category":"ndvi_canopy","class":3,"ndvi_low":0.6,"ndvi_high":1.01,"name":"Dense forest","color":"#14532d","fill_color":"#14532d","description":"Tightly closed canopy (e.g. riparian gallery forests along streams).","source":"Sentinel-2 L2A NDVI 4-class polygonised"},"geometry":{"type":"Polygon","coordinates":[[[-56.988247,-25.66915],[-56.988247,-25.67005],[-56.989147,-25.67005],[-56.989147,-25.66915],[-56.988247,-25.66915]]]}},{"type":"Feature","properties":{"category":"ndvi_canopy","class":3,"ndvi_low":0.6,"ndvi_high":1.01,"name":"Dense forest","color":"#14532d","fill_color":"#14532d","description":"Tightly closed canopy (e.g. riparian gallery forests along streams).","source":"Sentinel-2 L2A NDVI 4-class polygonised"},"geometry":{"type":"Polygon","coordinates":[[[-56.981947000000005,-25.66915],[-56.981947000000005,-25.67005],[-56.98284700000001,-25.67005],[-56.98284700000001,-25.66915],[-56.981947000000005,-25.66915]]]}},{"type":"Feature","properties":{"category":"ndvi_canopy","class":3,"ndvi_low":0.6,"ndvi_high":1.01,"name":"Dense forest","color":"#14532d","fill_color":"#14532d","description":"Tightly closed canopy (e.g. riparian gallery forests along streams).","source":"Sentinel-2 L2A NDVI 4-class polygonised"},"geometry":{"type":"Polygon","coordinates":[[[-56.97834700000001,-25.67005],[-56.97834700000001,-25.670949999999998],[-56.981047000000004,-25.670949999999998],[-56.981047000000004,-25.67005],[-56.97834700000001,-25.67005]]]}},{"type":"Feature","properties":{"category":"ndvi_canopy","class":3,"ndvi_low":0.6,"ndvi_high":1.01,"name":"Dense forest","color":"#14532d","fill_color":"#14532d","description":"Tightly closed canopy (e.g. riparian gallery forests along streams).","source":"Sentinel-2 L2A NDVI 4-class polygonised"},"geometry":{"type":"Polygon","coordinates":[[[-56.981047000000004,-25.670949999999998],[-56.981047000000004,-25.67185],[-56.981947000000005,-25.67185],[-56.981947000000005,-25.670949999999998],[-56.981047000000004,-25.670949999999998]]]}},{"type":"Feature","properties":{"category":"ndvi_canopy","class":3,"ndvi_low":0.6,"ndvi_high":1.01,"name":"Dense forest","color":"#14532d","fill_color":"#14532d","description":"Tightly closed canopy (e.g. riparian gallery forests along streams).","source":"Sentinel-2 L2A NDVI 4-class polygonised"},"geometry":{"type":"Polygon","coordinates":[[[-56.968447000000005,-25.670949999999998],[-56.968447000000005,-25.67185],[-56.969347000000006,-25.67185],[-56.969347000000006,-25.670949999999998],[-56.968447000000005,-25.670949999999998]]]}},{"type":"Feature","properties":{"category":"ndvi_canopy","class":3,"ndvi_low":0.6,"ndvi_high":1.01,"name":"Dense forest","color":"#14532d","fill_color":"#14532d","description":"Tightly closed canopy (e.g. riparian gallery forests along streams).","source":"Sentinel-2 L2A NDVI 4-class polygonised"},"geometry":{"type":"Polygon","coordinates":[[[-56.993647,-25.67275],[-56.993647,-25.67365],[-56.994547000000004,-25.67365],[-56.994547000000004,-25.67275],[-56.993647,-25.67275]]]}},{"type":"Feature","properties":{"category":"ndvi_canopy","class":3,"ndvi_low":0.6,"ndvi_high":1.01,"name":"Dense forest","color":"#14532d","fill_color":"#14532d","description":"Tightly closed canopy (e.g. riparian gallery forests along streams).","source":"Sentinel-2 L2A NDVI 4-class polygonised"},"geometry":{"type":"Polygon","coordinates":[[[-56.985547000000004,-25.67455],[-56.985547000000004,-25.675449999999998],[-56.984647,-25.675449999999998],[-56.984647,-25.67635],[-56.986447000000005,-25.67635],[-56.986447000000005,-25.675449999999998],[-56.98734700000001,-25.675449999999998],[-56.98734700000001,-25.67455],[-56.985547000000004,-25.67455]]]}},{"type":"Feature","properties":{"category":"ndvi_canopy","class":3,"ndvi_low":0.6,"ndvi_high":1.01,"name":"Dense forest","color":"#14532d","fill_color":"#14532d","description":"Tightly closed canopy (e.g. riparian gallery forests along streams).","source":"Sentinel-2 L2A NDVI 4-class polygonised"},"geometry":{"type":"Polygon","coordinates":[[[-56.981047000000004,-25.681749999999997],[-56.981047000000004,-25.68265],[-56.981947000000005,-25.68265],[-56.981947000000005,-25.681749999999997],[-56.981047000000004,-25.681749999999997]]]}},{"type":"Feature","properties":{"category":"ndvi_canopy","class":3,"ndvi_low":0.6,"ndvi_high":1.01,"name":"Dense forest","color":"#14532d","fill_color":"#14532d","description":"Tightly closed canopy (e.g. riparian gallery forests along streams).","source":"Sentinel-2 L2A NDVI 4-class polygonised"},"geometry":{"type":"Polygon","coordinates":[[[-56.977447000000005,-25.68265],[-56.977447000000005,-25.68355],[-56.97834700000001,-25.68355],[-56.97834700000001,-25.68265],[-56.977447000000005,-25.68265]]]}},{"type":"Feature","properties":{"category":"ndvi_canopy","class":3,"ndvi_low":0.6,"ndvi_high":1.01,"name":"Dense forest","color":"#14532d","fill_color":"#14532d","description":"Tightly closed canopy (e.g. riparian gallery forests along streams).","source":"Sentinel-2 L2A NDVI 4-class polygonised"},"geometry":{"type":"Polygon","coordinates":[[[-56.990047000000004,-25.68265],[-56.990047000000004,-25.68355],[-56.989147,-25.68355],[-56.989147,-25.68265],[-56.988247,-25.68265],[-56.988247,-25.68445],[-56.990947000000006,-25.68445],[-56.990947000000006,-25.68265],[-56.990047000000004,-25.68265]]]}},{"type":"Feature","properties":{"category":"ndvi_canopy","class":3,"ndvi_low":0.6,"ndvi_high":1.01,"name":"Dense forest","color":"#14532d","fill_color":"#14532d","description":"Tightly closed canopy (e.g. riparian gallery forests along streams).","source":"Sentinel-2 L2A NDVI 4-class polygonised"},"geometry":{"type":"Polygon","coordinates":[[[-56.979247,-25.681749999999997],[-56.979247,-25.68355],[-56.980147,-25.68355],[-56.980147,-25.68445],[-56.981047000000004,-25.68445],[-56.981047000000004,-25.68265],[-56.980147,-25.68265],[-56.980147,-25.681749999999997],[-56.979247,-25.681749999999997]]]}},{"type":"Feature","properties":{"category":"ndvi_canopy","class":3,"ndvi_low":0.6,"ndvi_high":1.01,"name":"Dense forest","color":"#14532d","fill_color":"#14532d","description":"Tightly closed canopy (e.g. riparian gallery forests along streams).","source":"Sentinel-2 L2A NDVI 4-class polygonised"},"geometry":{"type":"Polygon","coordinates":[[[-56.970247,-25.68265],[-56.970247,-25.68355],[-56.972047,-25.68355],[-56.972047,-25.68445],[-56.972947000000005,-25.68445],[-56.972947000000005,-25.68355],[-56.973847000000006,-25.68355],[-56.973847000000006,-25.68265],[-56.970247,-25.68265]]]}},{"type":"Feature","properties":{"category":"ndvi_canopy","class":3,"ndvi_low":0.6,"ndvi_high":1.01,"name":"Dense forest","color":"#14532d","fill_color":"#14532d","description":"Tightly closed canopy (e.g. riparian gallery forests along streams).","source":"Sentinel-2 L2A NDVI 4-class polygonised"},"geometry":{"type":"Polygon","coordinates":[[[-56.986447000000005,-25.68355],[-56.986447000000005,-25.68445],[-56.98734700000001,-25.68445],[-56.98734700000001,-25.68355],[-56.986447000000005,-25.68355]]]}},{"type":"Feature","properties":{"category":"ndvi_canopy","class":3,"ndvi_low":0.6,"ndvi_high":1.01,"name":"Dense forest","color":"#14532d","fill_color":"#14532d","description":"Tightly closed canopy (e.g. riparian gallery forests along streams).","source":"Sentinel-2 L2A NDVI 4-class polygonised"},"geometry":{"type":"Polygon","coordinates":[[[-56.97834700000001,-25.68355],[-56.97834700000001,-25.68445],[-56.979247,-25.68445],[-56.979247,-25.68355],[-56.97834700000001,-25.68355]]]}},{"type":"Feature","properties":{"category":"ndvi_canopy","class":3,"ndvi_low":0.6,"ndvi_high":1.01,"name":"Dense forest","color":"#14532d","fill_color":"#14532d","description":"Tightly closed canopy (e.g. riparian gallery forests along streams).","source":"Sentinel-2 L2A NDVI 4-class polygonised"},"geometry":{"type":"Polygon","coordinates":[[[-56.983747,-25.68535],[-56.983747,-25.686249999999998],[-56.984647,-25.686249999999998],[-56.984647,-25.68535],[-56.983747,-25.68535]]]}},{"type":"Feature","properties":{"category":"ndvi_canopy","class":3,"ndvi_low":0.6,"ndvi_high":1.01,"name":"Dense forest","color":"#14532d","fill_color":"#14532d","description":"Tightly closed canopy (e.g. riparian gallery forests along streams).","source":"Sentinel-2 L2A NDVI 4-class polygonised"},"geometry":{"type":"Polygon","coordinates":[[[-56.98284700000001,-25.686249999999998],[-56.98284700000001,-25.68715],[-56.983747,-25.68715],[-56.983747,-25.686249999999998],[-56.98284700000001,-25.686249999999998]]]}},{"type":"Feature","properties":{"category":"ndvi_canopy","class":3,"ndvi_low":0.6,"ndvi_high":1.01,"name":"Dense forest","color":"#14532d","fill_color":"#14532d","description":"Tightly closed canopy (e.g. riparian gallery forests along streams).","source":"Sentinel-2 L2A NDVI 4-class polygonised"},"geometry":{"type":"Polygon","coordinates":[[[-56.975647,-25.686249999999998],[-56.975647,-25.68715],[-56.976547000000004,-25.68715],[-56.976547000000004,-25.686249999999998],[-56.975647,-25.686249999999998]]]}},{"type":"Feature","properties":{"category":"ndvi_canopy","class":3,"ndvi_low":0.6,"ndvi_high":1.01,"name":"Dense forest","color":"#14532d","fill_color":"#14532d","description":"Tightly closed canopy (e.g. riparian gallery forests along streams).","source":"Sentinel-2 L2A NDVI 4-class polygonised"},"geometry":{"type":"Polygon","coordinates":[[[-56.970247,-25.686249999999998],[-56.970247,-25.68805],[-56.971147,-25.68805],[-56.971147,-25.686249999999998],[-56.970247,-25.686249999999998]]]}},{"type":"Feature","properties":{"category":"ndvi_canopy","class":3,"ndvi_low":0.6,"ndvi_high":1.01,"name":"Dense forest","color":"#14532d","fill_color":"#14532d","description":"Tightly closed canopy (e.g. riparian gallery forests along streams).","source":"Sentinel-2 L2A NDVI 4-class polygonised"},"geometry":{"type":"Polygon","coordinates":[[[-56.972947000000005,-25.68715],[-56.972947000000005,-25.68805],[-56.973847000000006,-25.68805],[-56.973847000000006,-25.68715],[-56.972947000000005,-25.68715]]]}},{"type":"Feature","properties":{"category":"ndvi_canopy","class":3,"ndvi_low":0.6,"ndvi_high":1.01,"name":"Dense forest","color":"#14532d","fill_color":"#14532d","description":"Tightly closed canopy (e.g. riparian gallery forests along streams).","source":"Sentinel-2 L2A NDVI 4-class polygonised"},"geometry":{"type":"Polygon","coordinates":[[[-56.96124700000001,-25.68715],[-56.96124700000001,-25.68805],[-56.960347000000006,-25.68805],[-56.960347000000006,-25.68715],[-56.959447000000004,-25.68715],[-56.959447000000004,-25.68985],[-56.960347000000006,-25.68985],[-56.960347000000006,-25.68895],[-56.962147,-25.68895],[-56.962147,-25.68715],[-56.96124700000001,-25.68715]]]}},{"type":"Feature","properties":{"category":"ndvi_canopy","class":3,"ndvi_low":0.6,"ndvi_high":1.01,"name":"Dense forest","color":"#14532d","fill_color":"#14532d","description":"Tightly closed canopy (e.g. riparian gallery forests along streams).","source":"Sentinel-2 L2A NDVI 4-class polygonised"},"geometry":{"type":"Polygon","coordinates":[[[-56.992747,-25.68895],[-56.992747,-25.68985],[-56.993647,-25.68985],[-56.993647,-25.68895],[-56.992747,-25.68895]]]}},{"type":"Feature","properties":{"category":"ndvi_canopy","class":3,"ndvi_low":0.6,"ndvi_high":1.01,"name":"Dense forest","color":"#14532d","fill_color":"#14532d","description":"Tightly closed canopy (e.g. riparian gallery forests along streams).","source":"Sentinel-2 L2A NDVI 4-class polygonised"},"geometry":{"type":"Polygon","coordinates":[[[-56.983747,-25.68895],[-56.983747,-25.68985],[-56.984647,-25.68985],[-56.984647,-25.68895],[-56.983747,-25.68895]]]}},{"type":"Feature","properties":{"category":"ndvi_canopy","class":3,"ndvi_low":0.6,"ndvi_high":1.01,"name":"Dense forest","color":"#14532d","fill_color":"#14532d","description":"Tightly closed canopy (e.g. riparian gallery forests along streams).","source":"Sentinel-2 L2A NDVI 4-class polygonised"},"geometry":{"type":"Polygon","coordinates":[[[-56.971147,-25.68895],[-56.971147,-25.68985],[-56.972047,-25.68985],[-56.972047,-25.68895],[-56.971147,-25.68895]]]}},{"type":"Feature","properties":{"category":"ndvi_canopy","class":3,"ndvi_low":0.6,"ndvi_high":1.01,"name":"Dense forest","color":"#14532d","fill_color":"#14532d","description":"Tightly closed canopy (e.g. riparian gallery forests along streams).","source":"Sentinel-2 L2A NDVI 4-class polygonised"},"geometry":{"type":"Polygon","coordinates":[[[-56.962147,-25.68895],[-56.962147,-25.68985],[-56.963947000000005,-25.68985],[-56.963947000000005,-25.68895],[-56.962147,-25.68895]]]}},{"type":"Feature","properties":{"category":"ndvi_canopy","class":3,"ndvi_low":0.6,"ndvi_high":1.01,"name":"Dense forest","color":"#14532d","fill_color":"#14532d","description":"Tightly closed canopy (e.g. riparian gallery forests along streams).","source":"Sentinel-2 L2A NDVI 4-class polygonised"},"geometry":{"type":"Polygon","coordinates":[[[-56.964847000000006,-25.68985],[-56.964847000000006,-25.690749999999998],[-56.965747,-25.690749999999998],[-56.965747,-25.68985],[-56.964847000000006,-25.68985]]]}},{"type":"Feature","properties":{"category":"ndvi_canopy","class":3,"ndvi_low":0.6,"ndvi_high":1.01,"name":"Dense forest","color":"#14532d","fill_color":"#14532d","description":"Tightly closed canopy (e.g. riparian gallery forests along streams).","source":"Sentinel-2 L2A NDVI 4-class polygonised"},"geometry":{"type":"Polygon","coordinates":[[[-56.995447000000006,-25.69255],[-56.995447000000006,-25.69345],[-56.99634700000001,-25.69345],[-56.99634700000001,-25.69255],[-56.995447000000006,-25.69255]]]}},{"type":"Feature","properties":{"category":"ndvi_canopy","class":3,"ndvi_low":0.6,"ndvi_high":1.01,"name":"Dense forest","color":"#14532d","fill_color":"#14532d","description":"Tightly closed canopy (e.g. riparian gallery forests along streams).","source":"Sentinel-2 L2A NDVI 4-class polygonised"},"geometry":{"type":"Polygon","coordinates":[[[-56.983747,-25.69255],[-56.983747,-25.69345],[-56.984647,-25.69345],[-56.984647,-25.69255],[-56.983747,-25.69255]]]}},{"type":"Feature","properties":{"category":"ndvi_canopy","class":3,"ndvi_low":0.6,"ndvi_high":1.01,"name":"Dense forest","color":"#14532d","fill_color":"#14532d","description":"Tightly closed canopy (e.g. riparian gallery forests along streams).","source":"Sentinel-2 L2A NDVI 4-class polygonised"},"geometry":{"type":"Polygon","coordinates":[[[-56.994547000000004,-25.69345],[-56.994547000000004,-25.69435],[-56.995447000000006,-25.69435],[-56.995447000000006,-25.69345],[-56.994547000000004,-25.69345]]]}},{"type":"Feature","properties":{"category":"ndvi_canopy","class":3,"ndvi_low":0.6,"ndvi_high":1.01,"name":"Dense forest","color":"#14532d","fill_color":"#14532d","description":"Tightly closed canopy (e.g. riparian gallery forests along streams).","source":"Sentinel-2 L2A NDVI 4-class polygonised"},"geometry":{"type":"Polygon","coordinates":[[[-56.96124700000001,-25.69345],[-56.96124700000001,-25.69435],[-56.963047,-25.69435],[-56.963047,-25.69345],[-56.96124700000001,-25.69345]]]}},{"type":"Feature","properties":{"category":"ndvi_canopy","class":3,"ndvi_low":0.6,"ndvi_high":1.01,"name":"Dense forest","color":"#14532d","fill_color":"#14532d","description":"Tightly closed canopy (e.g. riparian gallery forests along streams).","source":"Sentinel-2 L2A NDVI 4-class polygonised"},"geometry":{"type":"Polygon","coordinates":[[[-56.975647,-25.69435],[-56.975647,-25.695249999999998],[-56.976547000000004,-25.695249999999998],[-56.976547000000004,-25.69435],[-56.975647,-25.69435]]]}},{"type":"Feature","properties":{"category":"ndvi_canopy","class":3,"ndvi_low":0.6,"ndvi_high":1.01,"name":"Dense forest","color":"#14532d","fill_color":"#14532d","description":"Tightly closed canopy (e.g. riparian gallery forests along streams).","source":"Sentinel-2 L2A NDVI 4-class polygonised"},"geometry":{"type":"Polygon","coordinates":[[[-56.985547000000004,-25.69255],[-56.985547000000004,-25.69345],[-56.984647,-25.69345],[-56.984647,-25.69435],[-56.98284700000001,-25.69435],[-56.98284700000001,-25.69345],[-56.979247,-25.69345],[-56.979247,-25.69435],[-56.97834700000001,-25.69435],[-56.97834700000001,-25.69345],[-56.976547000000004,-25.69345],[-56.976547000000004,-25.69435],[-56.977447000000005,-25.69435],[-56.977447000000005,-25.69615],[-56.97834700000001,-25.69615],[-56.97834700000001,-25.697049999999997],[-56.979247,-25.697049999999997],[-56.979247,-25.69615],[-56.980147,-25.69615],[-56.980147,-25.697049999999997],[-56.981047000000004,-25.697049999999997],[-56.981047000000004,-25.69615],[-56.983747,-25.69615],[-56.983747,-25.695249999999998],[-56.985547000000004,-25.695249999999998],[-56.985547000000004,-25.69435],[-56.98734700000001,-25.69435],[-56.98734700000001,-25.69345],[-56.988247,-25.69345],[-56.988247,-25.69255],[-56.985547000000004,-25.69255]]]}},{"type":"Feature","properties":{"category":"ndvi_canopy","class":3,"ndvi_low":0.6,"ndvi_high":1.01,"name":"Dense forest","color":"#14532d","fill_color":"#14532d","description":"Tightly closed canopy (e.g. riparian gallery forests along streams).","source":"Sentinel-2 L2A NDVI 4-class polygonised"},"geometry":{"type":"Polygon","coordinates":[[[-56.967547,-25.68985],[-56.967547,-25.69165],[-56.966647,-25.69165],[-56.966647,-25.69345],[-56.964847000000006,-25.69345],[-56.964847000000006,-25.69435],[-56.965747,-25.69435],[-56.965747,-25.695249999999998],[-56.964847000000006,-25.695249999999998],[-56.964847000000006,-25.69615],[-56.965747,-25.69615],[-56.965747,-25.697049999999997],[-56.966647,-25.697049999999997],[-56.966647,-25.69615],[-56.971147,-25.69615],[-56.971147,-25.69435],[-56.967547,-25.69435],[-56.967547,-25.69255],[-56.968447000000005,-25.69255],[-56.968447000000005,-25.69165],[-56.969347000000006,-25.69165],[-56.969347000000006,-25.690749999999998],[-56.970247,-25.690749999999998],[-56.970247,-25.68985],[-56.967547,-25.68985]]]}},{"type":"Feature","properties":{"category":"ndvi_canopy","class":3,"ndvi_low":0.6,"ndvi_high":1.01,"name":"Dense forest","color":"#14532d","fill_color":"#14532d","description":"Tightly closed canopy (e.g. riparian gallery forests along streams).","source":"Sentinel-2 L2A NDVI 4-class polygonised"},"geometry":{"type":"Polygon","coordinates":[[[-56.963047,-25.69615],[-56.963047,-25.697049999999997],[-56.963947000000005,-25.697049999999997],[-56.963947000000005,-25.69615],[-56.963047,-25.69615]]]}},{"type":"Feature","properties":{"category":"ndvi_canopy","class":3,"ndvi_low":0.6,"ndvi_high":1.01,"name":"Dense forest","color":"#14532d","fill_color":"#14532d","description":"Tightly closed canopy (e.g. riparian gallery forests along streams).","source":"Sentinel-2 L2A NDVI 4-class polygonised"},"geometry":{"type":"Polygon","coordinates":[[[-56.979247,-25.697049999999997],[-56.979247,-25.69795],[-56.980147,-25.69795],[-56.980147,-25.697049999999997],[-56.979247,-25.697049999999997]]]}},{"type":"Feature","properties":{"category":"ndvi_canopy","class":3,"ndvi_low":0.6,"ndvi_high":1.01,"name":"Dense forest","color":"#14532d","fill_color":"#14532d","description":"Tightly closed canopy (e.g. riparian gallery forests along streams).","source":"Sentinel-2 L2A NDVI 4-class polygonised"},"geometry":{"type":"Polygon","coordinates":[[[-56.977447000000005,-25.697049999999997],[-56.977447000000005,-25.69795],[-56.97834700000001,-25.69795],[-56.97834700000001,-25.697049999999997],[-56.977447000000005,-25.697049999999997]]]}},{"type":"Feature","properties":{"category":"ndvi_canopy","class":3,"ndvi_low":0.6,"ndvi_high":1.01,"name":"Dense forest","color":"#14532d","fill_color":"#14532d","description":"Tightly closed canopy (e.g. riparian gallery forests along streams).","source":"Sentinel-2 L2A NDVI 4-class polygonised"},"geometry":{"type":"Polygon","coordinates":[[[-56.972047,-25.69435],[-56.972047,-25.697049999999997],[-56.972947000000005,-25.697049999999997],[-56.972947000000005,-25.69795],[-56.974747,-25.69795],[-56.974747,-25.697049999999997],[-56.973847000000006,-25.697049999999997],[-56.973847000000006,-25.69435],[-56.972047,-25.69435]]]}},{"type":"Feature","properties":{"category":"ndvi_canopy","class":3,"ndvi_low":0.6,"ndvi_high":1.01,"name":"Dense forest","color":"#14532d","fill_color":"#14532d","description":"Tightly closed canopy (e.g. riparian gallery forests along streams).","source":"Sentinel-2 L2A NDVI 4-class polygonised"},"geometry":{"type":"Polygon","coordinates":[[[-56.972947000000005,-25.69795],[-56.971147,-25.69795],[-56.971147,-25.697049999999997],[-56.969347000000006,-25.697049999999997],[-56.969347000000006,-25.698062],[-56.972947000000005,-25.698062],[-56.972947000000005,-25.69795]]]}},{"type":"Feature","properties":{"category":"ndvi_canopy","class":3,"ndvi_low":0.6,"ndvi_high":1.01,"name":"Dense forest","color":"#14532d","fill_color":"#14532d","description":"Tightly closed canopy (e.g. riparian gallery forests along streams).","source":"Sentinel-2 L2A NDVI 4-class polygonised"},"geometry":{"type":"Polygon","coordinates":[[[-56.959447000000004,-25.69795],[-56.958547,-25.69795],[-56.958547,-25.698062],[-56.959447000000004,-25.698062],[-56.959447000000004,-25.69795]]]}}]}