{"type":"FeatureCollection","name":"surface_water_10km","metadata":{"schema_version":2,"source_osm":"OpenStreetMap (Overpass API pull 2026-07-05)","source_jrc":"JRC Global Surface Water (occurrence, 1984-2024)","source_dem":"Copernicus GLO-30 DEM","bbox":[-25.698062,-57.129997,-25.5184,-56.930765],"class_taxonomy":{"verified_lake":{"label":"Verified lake","color":"#0ea5e9","priority":0},"verified_wetland":{"label":"Verified wetland","color":"#0369a1","priority":1},"seasonal_wetland":{"label":"Seasonal wetland","color":"#67e8f9","priority":2},"stream_riparian_pool":{"label":"Stream riparian pool","color":"#7dd3fc","priority":3},"river_corridor_polygon":{"label":"River corridor (OSM polygon)","color":"#1d4ed8","priority":4},"dry_depression":{"label":"Dry depression (no JRC water signal)","color":"#fbbf24","priority":8},"likely_mis-tagged":{"label":"Likely mis-tagged","color":"#f87171","priority":9},"stream_polygon_depiction":{"label":"Stream centre-line depiction","color":"#a78bfa","priority":7},"pond_polygon_depiction":{"label":"Pond (OSM polygon, no JRC verify)","color":"#c4b5fd","priority":6},"reservoir_polygon":{"label":"Reservoir / farm dam","color":"#1e40af","priority":5},"unclassified":{"label":"Unclassified","color":"#94a3b8","priority":10}},"audit_rules":{"verified_lake":"JRC water occurrence mean >= 50% inside polygon","verified_wetland":"JRC mean 20-50% (seasonally inundated)","seasonal_wetland":"JRC mean 10-20% (rarely but recurrently wet)","stream_riparian_pool":"Centroid within 200 m of an OSM waterway","river_corridor_polygon":"OSM polygon tagged natural=water + water=river","dry_depression":"OSM wetland tag + slope < 3\u00b0 + no JRC signal","likely_mis-tagged":"OSM wetland tag + slope > 3\u00b0 + JRC < 5%","stream_polygon_depiction":"OSM natural=water + water=stream (centre-line as polygon)","pond_polygon_depiction":"OSM natural=water + water=pond/basin/lake","reservoir_polygon":"OSM landuse=reservoir or wastewater"},"generated_utc":"2026-07-05","feature_count":411,"polygon_count":224,"waterway_count":187},"features":[{"type":"Feature","properties":{"natural":"wetland","wetland":"marsh","audit_class":"stream_riparian_pool","audit_class_label":"Stream riparian pool","audit_color":"#7dd3fc","audit_schema_version":2,"audit_jrc_occurrence_mean":null,"audit_jrc_occurrence_max":null,"audit_jrc_pixels":0,"audit_dem_slope_proxy_deg":null,"audit_dem_elev_min_m":null,"audit_dem_elev_max_m":null,"audit_centroid_near_waterway":true,"audit_area_m2":72838.6,"feature_id":"lqv-sw-0000"},"geometry":{"type":"Polygon","coordinates":[[[-57.044403,-25.6979098],[-57.0443236,-25.6978056],[-57.0442045,-25.6977257],[-57.044173,-25.6976731],[-57.0441788,-25.6975226],[-57.0441952,-25.6974795],[-57.044264,-25.6974132],[-57.0443446,-25.6973522],[-57.0443913,-25.6973154],[-57.044424,-25.6972565],[-57.0444695,-25.6972028],[-57.0445396,-25.697145],[-57.0445851,-25.6970818],[-57.0446271,-25.6969977],[-57.0446341,-25.6969303],[-57.0446528,-25.6968651],[-57.0446782,-25.6968269],[-57.0447553,-25.6967932],[-57.0447903,-25.6967585],[-57.0448206,-25.6966986],[-57.044858,-25.6966596],[-57.0448919,-25.6966344],[-57.0449584,-25.6966018],[-57.0450121,-25.6965576],[-57.045081,-25.6965334],[-57.0451359,-25.6965071],[-57.0451884,-25.6964755],[-57.045248,-25.6964377],[-57.0452841,-25.6964029],[-57.0453215,-25.6963672],[-57.0453402,-25.6963367],[-57.0453379,-25.6963072],[-57.0453565,-25.6962935],[-57.0454012,-25.6962882],[-57.0454993,-25.6962609],[-57.045602,-25.6962251],[-57.045658,-25.6961662],[-57.0456907,-25.6961031],[-57.0457164,-25.6960136],[-57.0456814,-25.6959789],[-57.0456125,-25.6959558],[-57.0455553,-25.6959768],[-57.0455215,-25.6960494],[-57.0455203,-25.6961588],[-57.0454958,-25.6961893],[-57.0454561,-25.6962198],[-57.0454047,-25.696244],[-57.045358,-25.696264],[-57.0453101,-25.6962924],[-57.0453055,-25.6963124],[-57.0453008,-25.6963303],[-57.0452728,-25.6963619],[-57.0452261,-25.6964071],[-57.0451735,-25.6964524],[-57.0451128,-25.6964881],[-57.0450556,-25.6965155],[-57.0449996,-25.6965334],[-57.0449611,-25.6965607],[-57.044926,-25.696587],[-57.0449003,-25.6965996],[-57.0448536,-25.6966133],[-57.0448408,-25.6966322],[-57.0448046,-25.6966743],[-57.0447871,-25.6967048],[-57.0447626,-25.6967385],[-57.044724,-25.6967638],[-57.0446937,-25.696788],[-57.0446587,-25.69681],[-57.04464,-25.6968269],[-57.0446061,-25.6968658],[-57.0445863,-25.69691],[-57.0445851,-25.696951],[-57.0445699,-25.6969931],[-57.0445489,-25.6970383],[-57.0445162,-25.6970783],[-57.0444579,-25.6971267],[-57.0444007,-25.6971667],[-57.0443469,-25.6972067],[-57.0443002,-25.697234],[-57.0442314,-25.6972435],[-57.0441917,-25.6972224],[-57.0441391,-25.6971604],[-57.0441123,-25.6971004],[-57.0440784,-25.6970762],[-57.0440119,-25.6970762],[-57.043964,-25.6970531],[-57.0439056,-25.6970194],[-57.0438006,-25.6969963],[-57.0437317,-25.696971],[-57.0436289,-25.6969594],[-57.0434947,-25.6969037],[-57.0433791,-25.6968248],[-57.0433266,-25.6967606],[-57.0432635,-25.6966943],[-57.0431771,-25.6966354],[-57.0431106,-25.6965828],[-57.043016,-25.6965481],[-57.04296,-25.696527],[-57.04296,-25.6964744],[-57.0429541,-25.6964103],[-57.0429366,-25.6963861],[-57.0428164,-25.6962914],[-57.0427031,-25.6962262],[-57.0426552,-25.6961473],[-57.0426155,-25.6960757],[-57.04257,-25.6960263],[-57.0424941,-25.6959621],[-57.0424568,-25.69592],[-57.0424509,-25.6958148],[-57.0424649,-25.6957212],[-57.042535,-25.695637],[-57.0425653,-25.6955771],[-57.0426179,-25.6955234],[-57.0426611,-25.6954676],[-57.0426798,-25.6954056],[-57.0426926,-25.6953161],[-57.0427148,-25.6952593],[-57.0427778,-25.6951825],[-57.0428549,-25.6951247],[-57.0429389,-25.6950352],[-57.0429798,-25.6949847],[-57.0430207,-25.6949006],[-57.0430242,-25.6948385],[-57.0430347,-25.6947575],[-57.0430569,-25.6946975],[-57.0431071,-25.6946313],[-57.0431596,-25.6945723],[-57.0432075,-25.6944934],[-57.0432437,-25.6944524],[-57.043256,-25.6944094],[-57.0431875,-25.694349],[-57.043152,-25.6943129],[-57.0430781,-25.6943268],[-57.043112,-25.6943851],[-57.0431058,-25.6944379],[-57.0430581,-25.6945198],[-57.043018,-25.694567],[-57.0429278,-25.6947269],[-57.0420013,-25.695647],[-57.0419133,-25.6957567],[-57.0413754,-25.6963142],[-57.0434397,-25.6973206],[-57.0435413,-25.6973956],[-57.0437077,-25.6974497],[-57.0437509,-25.6974858],[-57.0437308,-25.6975483],[-57.0436785,-25.6976108],[-57.0436507,-25.6976816],[-57.0436538,-25.6977274],[-57.0436846,-25.6977426],[-57.0437308,-25.6977371],[-57.0437955,-25.6977329],[-57.0438356,-25.6977496],[-57.0438726,-25.6977815],[-57.043908,-25.6979078],[-57.0439234,-25.6980092],[-57.04391238018018,-25.698062],[-57.04444410548482,-25.698062],[-57.0444497,-25.6980076],[-57.044403,-25.6979098]]]}},{"type":"Feature","properties":{"natural":"wetland","wetland":"fen","audit_class":"stream_riparian_pool","audit_class_label":"Stream riparian pool","audit_color":"#7dd3fc","audit_schema_version":2,"audit_jrc_occurrence_mean":null,"audit_jrc_occurrence_max":null,"audit_jrc_pixels":0,"audit_dem_slope_proxy_deg":null,"audit_dem_elev_min_m":null,"audit_dem_elev_max_m":null,"audit_centroid_near_waterway":true,"audit_area_m2":53973.0,"feature_id":"lqv-sw-0001"},"geometry":{"type":"Polygon","coordinates":[[[-57.0729695,-25.6911125],[-57.0731783,-25.691071],[-57.073334,-25.6909849],[-57.0731712,-25.6909211],[-57.0730226,-25.6909403],[-57.0729164,-25.6909243],[-57.072743,-25.6909243],[-57.0725023,-25.6909339],[-57.0722687,-25.6910296],[-57.072067,-25.6910359],[-57.0718334,-25.6909658],[-57.0716671,-25.6908828],[-57.0715078,-25.6908446],[-57.0713273,-25.6907553],[-57.0710513,-25.6906819],[-57.0707327,-25.6906341],[-57.0705098,-25.6905384],[-57.0701948,-25.6903598],[-57.0700674,-25.6902003],[-57.0699506,-25.6900759],[-57.0699116,-25.689942],[-57.0699081,-25.6897634],[-57.0698302,-25.6895178],[-57.0697559,-25.6893392],[-57.0696356,-25.6892021],[-57.0695188,-25.6891255],[-57.0692569,-25.6890553],[-57.0691189,-25.6890394],[-57.0688923,-25.6890872],[-57.0687225,-25.6891638],[-57.0685597,-25.6894253],[-57.068549,-25.6895561],[-57.0685101,-25.6897442],[-57.0684535,-25.689891],[-57.0684535,-25.6899771],[-57.0684672,-25.690025],[-57.0686123,-25.6899995],[-57.0686743,-25.6898275],[-57.0686743,-25.689676],[-57.068679,-25.6895413],[-57.0687257,-25.6893877],[-57.0688261,-25.6892657],[-57.0689498,-25.6892173],[-57.0690456,-25.6891773],[-57.069132,-25.6891689],[-57.0692884,-25.6891962],[-57.0694565,-25.6892446],[-57.0696083,-25.6893204],[-57.0696807,-25.6894361],[-57.0697297,-25.6896066],[-57.0697157,-25.6897686],[-57.0696784,-25.6899201],[-57.0695546,-25.6901852],[-57.0695079,-25.6902757],[-57.0694612,-25.6903914],[-57.0694052,-25.6904777],[-57.0692581,-25.6905934],[-57.0693001,-25.690604],[-57.0694589,-25.6905324],[-57.0695406,-25.6904777],[-57.0696457,-25.6904188],[-57.0697508,-25.6903325],[-57.0698231,-25.6902757],[-57.0698722,-25.6903557],[-57.0700847,-25.6905261],[-57.0701827,-25.6906018],[-57.0702668,-25.690665],[-57.0703158,-25.6907597],[-57.0703158,-25.6908712],[-57.0702598,-25.6909848],[-57.07015,-25.6910563],[-57.0700029,-25.6911047],[-57.0698348,-25.6911153],[-57.0696644,-25.6910732],[-57.0694052,-25.6911279],[-57.0692838,-25.6910963],[-57.0691717,-25.6911047],[-57.0690292,-25.6911279],[-57.0688961,-25.6911258],[-57.0687887,-25.6911868],[-57.0687817,-25.6912436],[-57.0688051,-25.6912941],[-57.0688845,-25.6912962],[-57.0689452,-25.6913278],[-57.0689498,-25.6914351],[-57.0688868,-25.691534],[-57.0687817,-25.6916203],[-57.0686393,-25.691614],[-57.0686556,-25.6917213],[-57.068763,-25.6917655],[-57.0688633,-25.6917688],[-57.06903,-25.6916663],[-57.0691439,-25.6915344],[-57.069278,-25.6914281],[-57.0694081,-25.6914611],[-57.0695219,-25.6915893],[-57.0696073,-25.6917176],[-57.0696886,-25.6919154],[-57.0696398,-25.6920766],[-57.0695423,-25.6922817],[-57.0694894,-25.6924686],[-57.0694894,-25.6926151],[-57.0695748,-25.6926225],[-57.0696114,-25.6924539],[-57.069713,-25.6922414],[-57.0698757,-25.6920925],[-57.070079,-25.6919397],[-57.0703163,-25.6918398],[-57.070495,-25.6917204],[-57.0705843,-25.6915372],[-57.0706552,-25.6912317],[-57.0707322,-25.6909902],[-57.070954,-25.6909347],[-57.0711574,-25.6909374],[-57.0713669,-25.6910568],[-57.0715641,-25.6911596],[-57.0718044,-25.6912401],[-57.0718291,-25.6913373],[-57.0717551,-25.6915927],[-57.0716719,-25.691787],[-57.0715148,-25.6919842],[-57.0712036,-25.6922424],[-57.071028,-25.6923507],[-57.070954,-25.6924812],[-57.0708986,-25.6926838],[-57.0707415,-25.6929004],[-57.0706952,-25.6930364],[-57.0706952,-25.6931753],[-57.0706429,-25.6933807],[-57.0705412,-25.6934918],[-57.0702978,-25.6936306],[-57.0700883,-25.6937805],[-57.0699558,-25.6938749],[-57.0698141,-25.6939804],[-57.0697524,-25.694122],[-57.0697802,-25.6942164],[-57.0698572,-25.6943025],[-57.0700328,-25.6944552],[-57.0701129,-25.6946107],[-57.0701653,-25.694619],[-57.0702054,-25.694433],[-57.0702208,-25.6942608],[-57.0702023,-25.6940943],[-57.0702423,-25.6939193],[-57.0704087,-25.6937555],[-57.0705319,-25.6936278],[-57.0706675,-25.6935612],[-57.0707969,-25.6934307],[-57.0708893,-25.6932197],[-57.0709941,-25.6932697],[-57.0709448,-25.6934418],[-57.0708801,-25.6937111],[-57.0707322,-25.6939055],[-57.0706552,-25.6940304],[-57.0706244,-25.6941692],[-57.0704611,-25.6944024],[-57.0703748,-25.6946079],[-57.0703656,-25.6947772],[-57.070421,-25.6949383],[-57.0704421,-25.6950826],[-57.0705038,-25.6949383],[-57.0705099,-25.6946828],[-57.0706455,-25.6945496],[-57.0707872,-25.6943774],[-57.0709228,-25.6939943],[-57.0710091,-25.6936778],[-57.0710152,-25.6934057],[-57.0711446,-25.6930226],[-57.0712987,-25.6927449],[-57.071539,-25.692495],[-57.0719087,-25.6922729],[-57.0722291,-25.6920786],[-57.0726358,-25.691601],[-57.0727837,-25.6912345],[-57.0728492,-25.6911476],[-57.0729695,-25.6911125]]]}},{"type":"Feature","properties":{"natural":"wetland","wetland":"fen","audit_class":"stream_riparian_pool","audit_class_label":"Stream riparian pool","audit_color":"#7dd3fc","audit_schema_version":2,"audit_jrc_occurrence_mean":null,"audit_jrc_occurrence_max":null,"audit_jrc_pixels":0,"audit_dem_slope_proxy_deg":null,"audit_dem_elev_min_m":null,"audit_dem_elev_max_m":null,"audit_centroid_near_waterway":true,"audit_area_m2":21801.4,"feature_id":"lqv-sw-0002"},"geometry":{"type":"Polygon","coordinates":[[[-57.0213977,-25.6533396],[-57.0214728,-25.6532815],[-57.0215236,-25.6532857],[-57.021505,-25.6531848],[-57.0215171,-25.6530772],[-57.0215439,-25.6529527],[-57.0215855,-25.6528306],[-57.0216351,-25.652694],[-57.0217048,-25.652555],[-57.0217585,-25.6524667],[-57.0218336,-25.6523954],[-57.0219047,-25.6523277],[-57.0219543,-25.6522491],[-57.0219865,-25.652144],[-57.0219932,-25.6520763],[-57.0219784,-25.6519759],[-57.0219516,-25.6519022],[-57.0218953,-25.6518163],[-57.0218939,-25.651716],[-57.021906,-25.6516386],[-57.0219181,-25.6515685],[-57.0218953,-25.6514996],[-57.0218658,-25.6514186],[-57.0218617,-25.651334],[-57.0218939,-25.6512578],[-57.0219717,-25.6511841],[-57.0220347,-25.6511297],[-57.0220817,-25.651062],[-57.0220964,-25.6509773],[-57.0220871,-25.6508528],[-57.0220468,-25.6507549],[-57.02202,-25.6506957],[-57.0219462,-25.6506485],[-57.0218483,-25.6505917],[-57.0217786,-25.6505554],[-57.0217437,-25.6504877],[-57.021741,-25.6504055],[-57.0217156,-25.6503233],[-57.02167,-25.6502629],[-57.0216405,-25.6501915],[-57.0215734,-25.6501021],[-57.0215157,-25.6500247],[-57.0214675,-25.6499243],[-57.0214473,-25.6498313],[-57.0214245,-25.6497551],[-57.0214313,-25.6496656],[-57.0214581,-25.6496016],[-57.0215224,-25.6495351],[-57.0215453,-25.6495084],[-57.0214943,-25.6494988],[-57.0214487,-25.6494492],[-57.0214487,-25.6494009],[-57.0214688,-25.6493259],[-57.0214822,-25.6492546],[-57.0214688,-25.6491929],[-57.0214071,-25.6491264],[-57.021324,-25.6490176],[-57.0212851,-25.6489427],[-57.0212904,-25.6488738],[-57.0213937,-25.6487734],[-57.0214353,-25.6487384],[-57.0215064,-25.6487299],[-57.0215828,-25.648748],[-57.0216539,-25.6487638],[-57.0216968,-25.6487432],[-57.0216901,-25.6487057],[-57.0216445,-25.6486598],[-57.0215989,-25.6485909],[-57.0215761,-25.648505],[-57.0215949,-25.6484543],[-57.0216096,-25.6484059],[-57.021615,-25.6482487],[-57.0216391,-25.6481835],[-57.0216901,-25.6481327],[-57.0217638,-25.6480178],[-57.0218685,-25.6478486],[-57.0219167,-25.6477736],[-57.0219301,-25.6476769],[-57.0219087,-25.6475947],[-57.0219114,-25.6475342],[-57.0218765,-25.6474665],[-57.0218296,-25.6473843],[-57.0218416,-25.6473432],[-57.0218886,-25.6473082],[-57.0218832,-25.6472864],[-57.0218014,-25.6473227],[-57.0216928,-25.647371],[-57.0216217,-25.6473747],[-57.0215345,-25.647371],[-57.0214742,-25.6473589],[-57.0214259,-25.647319],[-57.0213709,-25.6472501],[-57.0213629,-25.6472791],[-57.0213789,-25.6473505],[-57.0213763,-25.6474121],[-57.0213857,-25.647498],[-57.0214125,-25.647585],[-57.0213441,-25.6476745],[-57.0213079,-25.6477627],[-57.0213106,-25.647851],[-57.0213561,-25.6479163],[-57.0214178,-25.6480215],[-57.0214447,-25.648129],[-57.021438,-25.6482439],[-57.0214125,-25.6483164],[-57.0213749,-25.6484168],[-57.0213092,-25.6485123],[-57.0212502,-25.6485643],[-57.0211845,-25.6486102],[-57.0210933,-25.6486695],[-57.0210262,-25.6487734],[-57.0210303,-25.6488472],[-57.0210665,-25.6489185],[-57.0210906,-25.6490599],[-57.021104,-25.6491518],[-57.0211349,-25.649234],[-57.0211845,-25.6493465],[-57.0212153,-25.6494819],[-57.0212448,-25.6495629],[-57.0212127,-25.6496487],[-57.0211845,-25.64972],[-57.0211751,-25.6498047],[-57.0211952,-25.6499775],[-57.0212019,-25.6501045],[-57.0212422,-25.6502556],[-57.0212167,-25.65042],[-57.0215144,-25.6508032],[-57.0215721,-25.6508238],[-57.0216592,-25.6508673],[-57.0217424,-25.6509568],[-57.0217679,-25.6510704],[-57.0217491,-25.6512155],[-57.0217196,-25.6513473],[-57.0216954,-25.6514186],[-57.0217035,-25.6515081],[-57.0217062,-25.6515987],[-57.021678,-25.6516894],[-57.0216364,-25.6517583],[-57.0215922,-25.6518308],[-57.0215935,-25.6518973],[-57.021619,-25.6519807],[-57.0216029,-25.65204],[-57.0215573,-25.6520968],[-57.0215211,-25.6521488],[-57.0215144,-25.6522334],[-57.0215318,-25.6523144],[-57.0215734,-25.6524462],[-57.021568,-25.6525598],[-57.0215345,-25.6526602],[-57.0214996,-25.6528113],[-57.021454,-25.652914],[-57.0214125,-25.6529878],[-57.0213682,-25.6530664],[-57.0213401,-25.653151],[-57.0213038,-25.6532404],[-57.0212556,-25.653319],[-57.0211818,-25.6534109],[-57.021108,-25.6534979],[-57.0210705,-25.6535584],[-57.0210531,-25.6536067],[-57.0210477,-25.653666],[-57.0210745,-25.6537119],[-57.0211054,-25.6537155],[-57.0211375,-25.6536793],[-57.0211523,-25.6536176],[-57.0212194,-25.653539],[-57.0213025,-25.6534508],[-57.0213977,-25.6533396]]]}},{"type":"Feature","properties":{"natural":"wetland","wetland":"marsh","audit_class":"stream_riparian_pool","audit_class_label":"Stream riparian pool","audit_color":"#7dd3fc","audit_schema_version":2,"audit_jrc_occurrence_mean":null,"audit_jrc_occurrence_max":null,"audit_jrc_pixels":0,"audit_dem_slope_proxy_deg":null,"audit_dem_elev_min_m":null,"audit_dem_elev_max_m":null,"audit_centroid_near_waterway":true,"audit_area_m2":17355.6,"feature_id":"lqv-sw-0003"},"geometry":{"type":"Polygon","coordinates":[[[-57.0789273,-25.6925829],[-57.0788128,-25.6924086],[-57.0788118,-25.6921236],[-57.078858,-25.6917468],[-57.0785871,-25.6917732],[-57.0781774,-25.6918446],[-57.0779095,-25.691955],[-57.0781234,-25.6921777],[-57.0783176,-25.6925138],[-57.0783661,-25.6926337],[-57.0785519,-25.6930933],[-57.0785955,-25.6933563],[-57.0785394,-25.6936181],[-57.0783559,-25.6940887],[-57.0784265,-25.6942448],[-57.0782757,-25.6944288],[-57.0784198,-25.694532],[-57.078516,-25.6944174],[-57.0785803,-25.6943408],[-57.0789277,-25.6940969],[-57.0790965,-25.6937589],[-57.0791846,-25.6935855],[-57.0792161,-25.6934575],[-57.0791611,-25.6933262],[-57.0790838,-25.6931575],[-57.0790837,-25.6931153],[-57.0790836,-25.6930002],[-57.0790301,-25.6927358],[-57.0789273,-25.6925829]]]}},{"type":"Feature","properties":{"natural":"wetland","wetland":"fen","audit_class":"stream_riparian_pool","audit_class_label":"Stream riparian pool","audit_color":"#7dd3fc","audit_schema_version":2,"audit_jrc_occurrence_mean":null,"audit_jrc_occurrence_max":null,"audit_jrc_pixels":0,"audit_dem_slope_proxy_deg":null,"audit_dem_elev_min_m":null,"audit_dem_elev_max_m":null,"audit_centroid_near_waterway":true,"audit_area_m2":15949.3,"feature_id":"lqv-sw-0004"},"geometry":{"type":"Polygon","coordinates":[[[-57.0456564,-25.680537],[-57.0456283,-25.680699],[-57.045647,-25.6808316],[-57.045696,-25.6809684],[-57.0457614,-25.6810568],[-57.0458595,-25.6811536],[-57.046065,-25.6812798],[-57.0465647,-25.6815176],[-57.0467701,-25.6817007],[-57.0470036,-25.6819385],[-57.0471274,-25.68209],[-57.0472698,-25.6822983],[-57.0473656,-25.6824162],[-57.0474613,-25.6824982],[-57.0475127,-25.6825593],[-57.0476178,-25.6826813],[-57.0477812,-25.6827865],[-57.0479376,-25.6828728],[-57.0481688,-25.6829149],[-57.0483112,-25.6829317],[-57.048428,-25.6829591],[-57.0485844,-25.6829549],[-57.0486335,-25.6829759],[-57.0486638,-25.6830159],[-57.0487596,-25.6833589],[-57.0488039,-25.6833926],[-57.048867,-25.683422],[-57.04893,-25.6834473],[-57.048958,-25.6834725],[-57.0489627,-25.6835083],[-57.0489417,-25.6835525],[-57.0486942,-25.683744],[-57.0485938,-25.6837713],[-57.0484467,-25.6838471],[-57.0483673,-25.6839292],[-57.0482645,-25.6840596],[-57.0482062,-25.6841059],[-57.0481315,-25.6841291],[-57.047989,-25.6840996],[-57.0483874,-25.6844261],[-57.0483352,-25.6843188],[-57.048331,-25.6842379],[-57.0483895,-25.6841513],[-57.048496,-25.6840628],[-57.048615,-25.6839838],[-57.0486986,-25.6839443],[-57.0487863,-25.683933],[-57.0488845,-25.683884],[-57.0489451,-25.6838407],[-57.0490474,-25.6837974],[-57.0491518,-25.6837843],[-57.0492667,-25.6838257],[-57.049344,-25.683869],[-57.0494421,-25.6838713],[-57.0495027,-25.6838595],[-57.0495633,-25.68382],[-57.0495842,-25.6837447],[-57.0496051,-25.6836901],[-57.0496406,-25.6836525],[-57.0497325,-25.6836243],[-57.0501544,-25.6836224],[-57.0502191,-25.6836318],[-57.0502714,-25.6836657],[-57.050286,-25.6837014],[-57.0503173,-25.6837617],[-57.0503528,-25.6837937],[-57.0504301,-25.6838106],[-57.0505721,-25.6837918],[-57.0506557,-25.6837541],[-57.0507162,-25.6837278],[-57.0507998,-25.6837165],[-57.0508854,-25.6837221],[-57.0507917,-25.6836406],[-57.0507318,-25.6835812],[-57.0506586,-25.6836178],[-57.0505794,-25.6836343],[-57.0505021,-25.6836233],[-57.0504188,-25.6835885],[-57.0503497,-25.6835409],[-57.0502541,-25.6835043],[-57.0501566,-25.6835006],[-57.0500366,-25.6835134],[-57.0499391,-25.6835317],[-57.0498496,-25.6835281],[-57.0497277,-25.6835171],[-57.049628,-25.6835061],[-57.0495183,-25.6835281],[-57.049437,-25.6835592],[-57.0493557,-25.6835739],[-57.0492723,-25.6835702],[-57.049191,-25.6835409],[-57.0491178,-25.6834841],[-57.0490589,-25.683387],[-57.0490345,-25.6832661],[-57.0489979,-25.683125],[-57.0489755,-25.6830481],[-57.0489044,-25.6829437],[-57.0488211,-25.6828448],[-57.0487214,-25.6828045],[-57.0485995,-25.6827971],[-57.0484978,-25.6828008],[-57.0483576,-25.682755],[-57.0481889,-25.6826671],[-57.0479775,-25.682548],[-57.0478291,-25.6824454],[-57.0476848,-25.6823813],[-57.0475567,-25.6822989],[-57.0470261,-25.6817603],[-57.0469672,-25.6816778],[-57.0469225,-25.6815917],[-57.0468412,-25.6815349],[-57.0467416,-25.6815148],[-57.0465993,-25.6814305],[-57.0463696,-25.6813316],[-57.0460382,-25.6811081],[-57.0458634,-25.680956],[-57.045772,-25.6808186],[-57.0457313,-25.6807399],[-57.0457191,-25.6806373],[-57.0457334,-25.6804907],[-57.0456774,-25.6804423],[-57.0456564,-25.680537]]]}},{"type":"Feature","properties":{"natural":"wetland","wetland":"fen","audit_class":"stream_riparian_pool","audit_class_label":"Stream riparian pool","audit_color":"#7dd3fc","audit_schema_version":2,"audit_jrc_occurrence_mean":null,"audit_jrc_occurrence_max":null,"audit_jrc_pixels":0,"audit_dem_slope_proxy_deg":null,"audit_dem_elev_min_m":null,"audit_dem_elev_max_m":null,"audit_centroid_near_waterway":true,"audit_area_m2":13538.0,"feature_id":"lqv-sw-0005"},"geometry":{"type":"Polygon","coordinates":[[[-57.045655,-25.6741229],[-57.0457629,-25.6741005],[-57.0458532,-25.6740495],[-57.0459045,-25.6739634],[-57.045924,-25.6738677],[-57.0459399,-25.67378],[-57.04597,-25.6736875],[-57.0460231,-25.6736332],[-57.0461027,-25.6735519],[-57.0461841,-25.6735104],[-57.0462284,-25.6734594],[-57.0462867,-25.6734243],[-57.046577,-25.6732728],[-57.0468159,-25.673142],[-57.0469486,-25.6730878],[-57.0470618,-25.6730288],[-57.047145,-25.6729618],[-57.0472052,-25.6728709],[-57.0472229,-25.6727879],[-57.0472494,-25.6726891],[-57.0472848,-25.6725312],[-57.0473432,-25.6723812],[-57.0473715,-25.6722792],[-57.0474193,-25.6722233],[-57.0474777,-25.6721946],[-57.0475697,-25.6721611],[-57.04766,-25.6720973],[-57.0477307,-25.6720176],[-57.0477821,-25.6719474],[-57.0478068,-25.6718804],[-57.0478405,-25.6717736],[-57.0478882,-25.6716587],[-57.0479661,-25.6714243],[-57.0480351,-25.6712441],[-57.0480935,-25.6711452],[-57.0481271,-25.6710638],[-57.0481183,-25.6710016],[-57.0481307,-25.6709123],[-57.0481484,-25.6707927],[-57.0481572,-25.6706587],[-57.0481944,-25.6705614],[-57.0482156,-25.6704785],[-57.0482262,-25.6703987],[-57.0482368,-25.6702903],[-57.0482422,-25.6701946],[-57.0482315,-25.6700861],[-57.0482121,-25.6700463],[-57.0482015,-25.6699857],[-57.0482121,-25.6699266],[-57.0482563,-25.6698724],[-57.0483129,-25.6698357],[-57.0484386,-25.6698006],[-57.0485253,-25.6697448],[-57.0485801,-25.6696842],[-57.0486032,-25.6696284],[-57.0486226,-25.6695295],[-57.0486332,-25.6694593],[-57.0486633,-25.6693652],[-57.0487235,-25.6692679],[-57.0487925,-25.6691962],[-57.0489092,-25.669118],[-57.0487752,-25.6691698],[-57.0487225,-25.6691935],[-57.0487297,-25.6691245],[-57.0487105,-25.6690532],[-57.0487273,-25.6690122],[-57.0486651,-25.6691084],[-57.0486279,-25.669185],[-57.0485642,-25.6692903],[-57.048543,-25.6693939],[-57.0485217,-25.669496],[-57.0485076,-25.6695773],[-57.0484616,-25.6696475],[-57.0484173,-25.669697],[-57.0483342,-25.6697416],[-57.0482616,-25.6697703],[-57.0481926,-25.6698118],[-57.0481201,-25.6698788],[-57.0480864,-25.6699761],[-57.0480794,-25.6700877],[-57.0481077,-25.670193],[-57.0481127,-25.6702853],[-57.04811,-25.6703264],[-57.0480993,-25.6704327],[-57.0480591,-25.6705463],[-57.0480215,-25.6706938],[-57.0479759,-25.6707784],[-57.0479357,-25.6708727],[-57.0478981,-25.670996],[-57.0478928,-25.6710806],[-57.0478874,-25.671158],[-57.0478713,-25.6712111],[-57.0478338,-25.6712474],[-57.0477748,-25.6713103],[-57.0476836,-25.6713828],[-57.0476433,-25.6714577],[-57.0476299,-25.6715448],[-57.0476433,-25.6716173],[-57.0476728,-25.6716777],[-57.0476836,-25.671772],[-57.0476541,-25.6718687],[-57.0475816,-25.6720017],[-57.0475065,-25.6720935],[-57.0474046,-25.6721443],[-57.0472973,-25.6721588],[-57.0471847,-25.672137],[-57.0471397,-25.6721468],[-57.047122,-25.6722361],[-57.0471185,-25.6723525],[-57.0470972,-25.6724721],[-57.0470409,-25.6726001],[-57.0469524,-25.6727161],[-57.046821,-25.6728563],[-57.0466842,-25.6729989],[-57.0465366,-25.6731295],[-57.0463784,-25.6732214],[-57.0462175,-25.6732915],[-57.046027,-25.6733301],[-57.0459787,-25.6733882],[-57.0458956,-25.6734534],[-57.0456542,-25.6734921],[-57.0455442,-25.673567],[-57.0454691,-25.6736662],[-57.0454772,-25.6737604],[-57.0455281,-25.6739466],[-57.0455496,-25.6741134],[-57.045609,-25.6741277],[-57.045655,-25.6741229]]]}},{"type":"Feature","properties":{"natural":"wetland","wetland":"fen","audit_class":"stream_riparian_pool","audit_class_label":"Stream riparian pool","audit_color":"#7dd3fc","audit_schema_version":2,"audit_jrc_occurrence_mean":null,"audit_jrc_occurrence_max":null,"audit_jrc_pixels":0,"audit_dem_slope_proxy_deg":null,"audit_dem_elev_min_m":null,"audit_dem_elev_max_m":null,"audit_centroid_near_waterway":true,"audit_area_m2":10766.4,"feature_id":"lqv-sw-0006"},"geometry":{"type":"Polygon","coordinates":[[[-57.0464208,-25.6849339],[-57.0462789,-25.6848323],[-57.0461698,-25.6847537],[-57.0460462,-25.6847176],[-57.0458607,-25.6846685],[-57.045748,-25.6845046],[-57.0456753,-25.6843768],[-57.0454862,-25.6842064],[-57.0453952,-25.6840982],[-57.0453043,-25.6839573],[-57.0452461,-25.6837181],[-57.045108,-25.6835902],[-57.0448498,-25.6835214],[-57.0446534,-25.6835312],[-57.0444134,-25.6835247],[-57.0442206,-25.6834788],[-57.0440897,-25.683387],[-57.0440134,-25.6832855],[-57.0439297,-25.6831871],[-57.0437442,-25.6830659],[-57.043617,-25.6830265],[-57.0435261,-25.6829708],[-57.0434497,-25.6829184],[-57.043337,-25.6828791],[-57.0432242,-25.6828529],[-57.043126,-25.682843],[-57.0430642,-25.6828496],[-57.0430678,-25.6829151],[-57.0431188,-25.6829512],[-57.0432606,-25.6829446],[-57.0433406,-25.6829971],[-57.0434097,-25.6830888],[-57.0435261,-25.6831511],[-57.0436679,-25.6831806],[-57.0437952,-25.6832527],[-57.043897,-25.6833149],[-57.0439079,-25.6834198],[-57.0439552,-25.6835312],[-57.044057,-25.6836263],[-57.044217,-25.6837181],[-57.0444061,-25.6837672],[-57.0446498,-25.6837639],[-57.0447879,-25.6837934],[-57.044897,-25.6838688],[-57.044948,-25.6839606],[-57.0450425,-25.6840884],[-57.0451043,-25.6842359],[-57.045188,-25.6843342],[-57.0453152,-25.6844063],[-57.045468,-25.6844849],[-57.045548,-25.6846259],[-57.0456607,-25.684734],[-57.0458171,-25.6848028],[-57.0460062,-25.6848782],[-57.0462098,-25.6850093],[-57.0463153,-25.6851502],[-57.0464317,-25.6852321],[-57.0465371,-25.6852387],[-57.0467044,-25.6851928],[-57.0467262,-25.6851568],[-57.046679,-25.6850847],[-57.0467044,-25.685006],[-57.0465735,-25.6849896],[-57.0464208,-25.6849339]]]}},{"type":"Feature","properties":{"natural":"wetland","audit_class":"stream_riparian_pool","audit_class_label":"Stream riparian pool","audit_color":"#7dd3fc","audit_schema_version":2,"audit_jrc_occurrence_mean":null,"audit_jrc_occurrence_max":null,"audit_jrc_pixels":0,"audit_dem_slope_proxy_deg":null,"audit_dem_elev_min_m":null,"audit_dem_elev_max_m":null,"audit_centroid_near_waterway":true,"audit_area_m2":10761.1,"feature_id":"lqv-sw-0007"},"geometry":{"type":"Polygon","coordinates":[[[-57.028073,-25.6498068],[-57.0281738,-25.649893],[-57.0284127,-25.6501913],[-57.0285083,-25.6503285],[-57.0285632,-25.6504385],[-57.0285596,-25.6505343],[-57.0284623,-25.6505773],[-57.0283243,-25.6506459],[-57.028257,-25.6506922],[-57.0282712,-25.6507576],[-57.0283086,-25.6508412],[-57.028372,-25.650764],[-57.0284941,-25.6507049],[-57.0286109,-25.6506635],[-57.0287295,-25.6506507],[-57.028864,-25.6507209],[-57.0290657,-25.6508852],[-57.0292037,-25.6510064],[-57.029294,-25.6511404],[-57.0295028,-25.6513207],[-57.0296108,-25.6514467],[-57.029632,-25.6515313],[-57.0296373,-25.6516254],[-57.0297081,-25.6516732],[-57.0297948,-25.6516892],[-57.0299098,-25.6517019],[-57.0300478,-25.6517897],[-57.0302018,-25.6519285],[-57.0302248,-25.6519125],[-57.0302018,-25.6516732],[-57.030177,-25.6514866],[-57.0301169,-25.6513047],[-57.0300921,-25.651217],[-57.0298921,-25.651166],[-57.0297116,-25.6510862],[-57.0295417,-25.6509889],[-57.0294073,-25.6508629],[-57.0292921,-25.6507157],[-57.0291754,-25.6508007],[-57.0290321,-25.6507049],[-57.0288622,-25.6505646],[-57.0286941,-25.6503588],[-57.0285808,-25.6501977],[-57.0284959,-25.650078],[-57.0284782,-25.6498387],[-57.0284747,-25.6494511],[-57.0284534,-25.6492469],[-57.0282641,-25.6493331],[-57.0281597,-25.6494128],[-57.0281101,-25.6495133],[-57.0280747,-25.6496218],[-57.0280287,-25.6496665],[-57.0279137,-25.6497781],[-57.0279845,-25.6497749],[-57.028073,-25.6498068]]]}},{"type":"Feature","properties":{"natural":"wetland","wetland":"fen","audit_class":"stream_riparian_pool","audit_class_label":"Stream riparian pool","audit_color":"#7dd3fc","audit_schema_version":2,"audit_jrc_occurrence_mean":null,"audit_jrc_occurrence_max":null,"audit_jrc_pixels":0,"audit_dem_slope_proxy_deg":null,"audit_dem_elev_min_m":null,"audit_dem_elev_max_m":null,"audit_centroid_near_waterway":true,"audit_area_m2":10306.7,"feature_id":"lqv-sw-0008"},"geometry":{"type":"Polygon","coordinates":[[[-57.055197,-25.6829026],[-57.0550562,-25.6828809],[-57.0549543,-25.6828301],[-57.0548805,-25.6827407],[-57.0548347,-25.6826122],[-57.0547947,-25.6824216],[-57.0547477,-25.6823056],[-57.0547021,-25.682221],[-57.0546297,-25.6821328],[-57.0545412,-25.6820699],[-57.0544245,-25.6820119],[-57.0543172,-25.6819442],[-57.0542193,-25.6818572],[-57.0531912,-25.6809801],[-57.053011,-25.6808323],[-57.0528876,-25.680686],[-57.0528313,-25.6805821],[-57.0527911,-25.6804951],[-57.0526985,-25.6803718],[-57.0525604,-25.6802231],[-57.0524397,-25.6801216],[-57.0523686,-25.6800733],[-57.0522318,-25.6800346],[-57.0519971,-25.6799488],[-57.0518402,-25.6798726],[-57.051741,-25.6798376],[-57.0516444,-25.6798231],[-57.0515358,-25.6797928],[-57.0514258,-25.6797421],[-57.0513601,-25.6796708],[-57.0512998,-25.6796116],[-57.05123,-25.6795789],[-57.0511643,-25.6795753],[-57.0511335,-25.6796128],[-57.0511563,-25.679672],[-57.051226,-25.6797288],[-57.0513507,-25.6798013],[-57.051458,-25.6798581],[-57.0516404,-25.6799222],[-57.0517544,-25.679956],[-57.0518161,-25.6799947],[-57.0518858,-25.6800636],[-57.051969,-25.6801107],[-57.0520642,-25.6801434],[-57.0522654,-25.6801506],[-57.0523378,-25.6801905],[-57.0524156,-25.6802461],[-57.0524705,-25.6803138],[-57.0526462,-25.6804491],[-57.0527066,-25.680512],[-57.0528125,-25.6807054],[-57.0528715,-25.68079],[-57.0529426,-25.6808758],[-57.0531324,-25.6810396],[-57.0537365,-25.6815212],[-57.0538747,-25.681636],[-57.0540477,-25.6817956],[-57.0540919,-25.6818959],[-57.0543548,-25.6821654],[-57.0543615,-25.6822367],[-57.0540866,-25.6825147],[-57.0540222,-25.6825038],[-57.0539471,-25.6825062],[-57.0538908,-25.6825461],[-57.0537352,-25.6826102],[-57.0535662,-25.6826609],[-57.0533409,-25.682725],[-57.0532401,-25.6827458],[-57.0532776,-25.6828337],[-57.0533426,-25.6828007],[-57.0534687,-25.6827879],[-57.05355,-25.6827751],[-57.0537065,-25.6827476],[-57.0538142,-25.6826908],[-57.0539443,-25.6826377],[-57.0540647,-25.6826287],[-57.0541725,-25.6825482],[-57.0545085,-25.6822487],[-57.0545801,-25.6823342],[-57.0543143,-25.6826065],[-57.054379,-25.6826954],[-57.0544652,-25.6827648],[-57.0546162,-25.682862],[-57.0546902,-25.6829286],[-57.0548473,-25.6830313],[-57.0550753,-25.6830591],[-57.0552632,-25.6831119],[-57.0553403,-25.6830785],[-57.0553378,-25.6829389],[-57.055197,-25.6829026]]]}},{"type":"Feature","properties":{"natural":"wetland","wetland":"fen","audit_class":"stream_riparian_pool","audit_class_label":"Stream riparian pool","audit_color":"#7dd3fc","audit_schema_version":2,"audit_jrc_occurrence_mean":null,"audit_jrc_occurrence_max":null,"audit_jrc_pixels":0,"audit_dem_slope_proxy_deg":null,"audit_dem_elev_min_m":null,"audit_dem_elev_max_m":null,"audit_centroid_near_waterway":true,"audit_area_m2":9390.1,"feature_id":"lqv-sw-0009"},"geometry":{"type":"Polygon","coordinates":[[[-57.0601949,-25.6778035],[-57.0602196,-25.6779503],[-57.0602409,-25.6780715],[-57.0602869,-25.6781767],[-57.0603152,-25.6782437],[-57.0603293,-25.6783107],[-57.0603081,-25.6783745],[-57.0602232,-25.6783936],[-57.0600604,-25.6783968],[-57.0597949,-25.6783936],[-57.0596711,-25.678451],[-57.059579,-25.6784989],[-57.0594799,-25.6785786],[-57.0593207,-25.6786775],[-57.0592994,-25.6787381],[-57.0593109,-25.6787562],[-57.0593278,-25.6787828],[-57.0594269,-25.678786],[-57.0595436,-25.6788179],[-57.0596286,-25.6788147],[-57.059756,-25.6787126],[-57.0598763,-25.6786041],[-57.0600108,-25.6785435],[-57.0601595,-25.6785244],[-57.060301,-25.6785786],[-57.0607576,-25.6787764],[-57.0609062,-25.6788785],[-57.0609699,-25.6789327],[-57.0610549,-25.6790571],[-57.0611221,-25.6791017],[-57.0612637,-25.679156],[-57.0613239,-25.6791751],[-57.0614387,-25.6791877],[-57.0615204,-25.6792003],[-57.0616208,-25.6792361],[-57.0617282,-25.6792887],[-57.0617679,-25.6793119],[-57.061845,-25.6793834],[-57.061887,-25.6794823],[-57.0619057,-25.6796212],[-57.0619197,-25.6797054],[-57.0619571,-25.6797643],[-57.0620061,-25.6798148],[-57.0620691,-25.6798211],[-57.0621088,-25.6797917],[-57.0621836,-25.6797727],[-57.0622793,-25.6797727],[-57.0624101,-25.6798022],[-57.0625081,-25.6798253],[-57.0625805,-25.679878],[-57.0626062,-25.6799705],[-57.0626459,-25.680061],[-57.0628761,-25.6798467],[-57.062765,-25.6798232],[-57.0625432,-25.6797412],[-57.0624077,-25.6797075],[-57.0623003,-25.6796928],[-57.0622209,-25.6796633],[-57.0621299,-25.6795897],[-57.0620645,-25.6794971],[-57.0620108,-25.6793834],[-57.0619267,-25.6792971],[-57.0617983,-25.6792088],[-57.0616442,-25.6791351],[-57.0615041,-25.6790257],[-57.0611631,-25.678826],[-57.0611021,-25.678749],[-57.061031,-25.6787014],[-57.0609253,-25.6786922],[-57.060848,-25.6786757],[-57.0607362,-25.6786208],[-57.060659,-25.6785365],[-57.0605167,-25.678357],[-57.0603947,-25.6781536],[-57.0603277,-25.6779686],[-57.0601935,-25.6774391],[-57.0600391,-25.6773825],[-57.0601205,-25.6776185],[-57.0601949,-25.6778035]]]}},{"type":"Feature","properties":{"natural":"wetland","wetland":"string_bog","audit_class":"stream_riparian_pool","audit_class_label":"Stream riparian pool","audit_color":"#7dd3fc","audit_schema_version":2,"audit_jrc_occurrence_mean":null,"audit_jrc_occurrence_max":null,"audit_jrc_pixels":0,"audit_dem_slope_proxy_deg":null,"audit_dem_elev_min_m":null,"audit_dem_elev_max_m":null,"audit_centroid_near_waterway":true,"audit_area_m2":8070.6,"feature_id":"lqv-sw-0010"},"geometry":{"type":"Polygon","coordinates":[[[-57.0653542,-25.6223672],[-57.0652728,-25.6223321],[-57.0651808,-25.6222411],[-57.0651054,-25.6222111],[-57.0650424,-25.6221416],[-57.06497,-25.6220616],[-57.0649513,-25.6219795],[-57.0649326,-25.6218658],[-57.0647808,-25.6216321],[-57.0647061,-25.6216102],[-57.0646641,-25.6215597],[-57.0646057,-25.6215765],[-57.0645146,-25.6215744],[-57.0644353,-25.6215323],[-57.0643932,-25.6214628],[-57.0643745,-25.6214039],[-57.0643349,-25.6213602],[-57.0642952,-25.6213286],[-57.0641971,-25.6212886],[-57.064113,-25.6212633],[-57.0640523,-25.6212128],[-57.064022,-25.6211454],[-57.0639823,-25.6210759],[-57.0638772,-25.6210633],[-57.0638118,-25.6210149],[-57.0637978,-25.6209707],[-57.0637208,-25.6209201],[-57.0636531,-25.620897],[-57.063618,-25.6208443],[-57.063534,-25.6208106],[-57.0634499,-25.6208359],[-57.0633588,-25.6208275],[-57.0632865,-25.6208254],[-57.0632117,-25.6208149],[-57.0631277,-25.6207812],[-57.0630343,-25.6207475],[-57.0629515,-25.6207343],[-57.0629891,-25.6207779],[-57.0629757,-25.6208383],[-57.0629274,-25.6208504],[-57.0628416,-25.6208625],[-57.0629175,-25.6208991],[-57.0629642,-25.6209391],[-57.063165,-25.6210465],[-57.0632818,-25.6210886],[-57.0634546,-25.6210886],[-57.0635386,-25.6211454],[-57.0636414,-25.6212233],[-57.0637324,-25.6212696],[-57.0638375,-25.6212949],[-57.0639519,-25.6213686],[-57.0640407,-25.6214549],[-57.0641014,-25.6215496],[-57.0641478,-25.6216074],[-57.0642095,-25.6216267],[-57.06429,-25.6216582],[-57.0643838,-25.6217017],[-57.0644697,-25.6217356],[-57.0645099,-25.6218009],[-57.0645743,-25.6218952],[-57.0646238,-25.6219454],[-57.064699,-25.6219894],[-57.0647478,-25.6220664],[-57.0647864,-25.6221306],[-57.0648596,-25.6222057],[-57.0649104,-25.622279],[-57.0649165,-25.622345],[-57.0649328,-25.6224128],[-57.0650302,-25.62242],[-57.0650946,-25.6224272],[-57.0651402,-25.6224659],[-57.0651697,-25.6225071],[-57.06521,-25.6225337],[-57.0652985,-25.6225482],[-57.0653701,-25.6225044],[-57.0653878,-25.6224549],[-57.0653542,-25.6223672]]]}},{"type":"Feature","properties":{"natural":"wetland","audit_class":"stream_riparian_pool","audit_class_label":"Stream riparian pool","audit_color":"#7dd3fc","audit_schema_version":2,"audit_jrc_occurrence_mean":null,"audit_jrc_occurrence_max":null,"audit_jrc_pixels":0,"audit_dem_slope_proxy_deg":null,"audit_dem_elev_min_m":null,"audit_dem_elev_max_m":null,"audit_centroid_near_waterway":true,"audit_area_m2":7553.2,"feature_id":"lqv-sw-0011"},"geometry":{"type":"Polygon","coordinates":[[[-57.0225832,-25.6595513],[-57.0224151,-25.6597239],[-57.0224384,-25.6599301],[-57.0225552,-25.6601827],[-57.022714,-25.6603385],[-57.0227933,-25.6605195],[-57.0228447,-25.6607257],[-57.0228564,-25.6610309],[-57.0228672,-25.6612869],[-57.0229901,-25.6612987],[-57.023049,-25.6611372],[-57.0231389,-25.6608225],[-57.0231436,-25.6606752],[-57.0231483,-25.6604774],[-57.0230876,-25.6603006],[-57.0231016,-25.660149],[-57.0231249,-25.6600143],[-57.0230315,-25.659787],[-57.0228354,-25.6595976],[-57.0226719,-25.6595429],[-57.0225832,-25.6595513]]]}},{"type":"Feature","properties":{"natural":"wetland","audit_class":"stream_riparian_pool","audit_class_label":"Stream riparian pool","audit_color":"#7dd3fc","audit_schema_version":2,"audit_jrc_occurrence_mean":null,"audit_jrc_occurrence_max":null,"audit_jrc_pixels":0,"audit_dem_slope_proxy_deg":null,"audit_dem_elev_min_m":null,"audit_dem_elev_max_m":null,"audit_centroid_near_waterway":true,"audit_area_m2":7470.4,"feature_id":"lqv-sw-0012"},"geometry":{"type":"Polygon","coordinates":[[[-57.0782692,-25.6715465],[-57.0783825,-25.6714779],[-57.0784532,-25.6714094],[-57.0785223,-25.6712945],[-57.0785771,-25.6711829],[-57.0785736,-25.6710696],[-57.0785594,-25.6709404],[-57.0785789,-25.6708575],[-57.078632,-25.6706996],[-57.0786957,-25.6706119],[-57.078724,-25.6703583],[-57.0787204,-25.6702243],[-57.0786868,-25.6700409],[-57.0786408,-25.6698958],[-57.0785913,-25.6697809],[-57.0785913,-25.6696565],[-57.0785594,-25.6695114],[-57.0784993,-25.6693981],[-57.0784497,-25.6692961],[-57.0783754,-25.6692083],[-57.0782816,-25.6691701],[-57.07814,-25.6690696],[-57.0779808,-25.6690409],[-57.0779719,-25.6691525],[-57.0780976,-25.6692546],[-57.0782143,-25.669363],[-57.0783028,-25.6694875],[-57.0783789,-25.6696278],[-57.0784019,-25.6697267],[-57.0784709,-25.6698734],[-57.0785435,-25.6699931],[-57.0786249,-25.6701573],[-57.078632,-25.6702913],[-57.0786072,-25.6705162],[-57.0786037,-25.6706007],[-57.0785276,-25.6706805],[-57.0784161,-25.6707411],[-57.0783294,-25.6708065],[-57.0783117,-25.6708878],[-57.0782639,-25.6709149],[-57.078117,-25.6709612],[-57.0780268,-25.6710218],[-57.0779481,-25.6710326],[-57.0779403,-25.6710979],[-57.0779169,-25.67114],[-57.077888,-25.6711732],[-57.0778757,-25.6712143],[-57.0779047,-25.6712665],[-57.0779448,-25.6713308],[-57.0779738,-25.6714031],[-57.0779972,-25.6714473],[-57.0780116,-25.6714894],[-57.0780139,-25.6715708],[-57.0781365,-25.6715641],[-57.0782692,-25.6715465]]]}},{"type":"Feature","properties":{"natural":"wetland","wetland":"fen","audit_class":"stream_riparian_pool","audit_class_label":"Stream riparian pool","audit_color":"#7dd3fc","audit_schema_version":2,"audit_jrc_occurrence_mean":null,"audit_jrc_occurrence_max":null,"audit_jrc_pixels":0,"audit_dem_slope_proxy_deg":null,"audit_dem_elev_min_m":null,"audit_dem_elev_max_m":null,"audit_centroid_near_waterway":true,"audit_area_m2":6472.9,"feature_id":"lqv-sw-0013"},"geometry":{"type":"Polygon","coordinates":[[[-57.0227242,-25.6546225],[-57.0226605,-25.6545961],[-57.0226119,-25.6545746],[-57.0225818,-25.6545658],[-57.0225535,-25.6545794],[-57.0224977,-25.6546312],[-57.0224225,-25.6546783],[-57.0223447,-25.6547182],[-57.0222385,-25.6547628],[-57.0223146,-25.6547931],[-57.0223969,-25.654853],[-57.0225075,-25.6548458],[-57.0225996,-25.6549129],[-57.0226719,-25.6549937],[-57.022694,-25.6550017],[-57.0227046,-25.65502],[-57.022702,-25.6550376],[-57.022725,-25.6550894],[-57.0231488,-25.6556557],[-57.0231886,-25.6556573],[-57.0232028,-25.6556804],[-57.0232426,-25.6556884],[-57.0232824,-25.6557394],[-57.0232983,-25.6558],[-57.023324,-25.6558686],[-57.0233832,-25.6559245],[-57.0233974,-25.6559771],[-57.0233735,-25.6559938],[-57.0234054,-25.6560289],[-57.0234505,-25.6560241],[-57.0234576,-25.6560632],[-57.0234505,-25.6560736],[-57.0235069,-25.6560555],[-57.0236062,-25.6559056],[-57.0236625,-25.6559249],[-57.0237403,-25.6558475],[-57.0237523,-25.6557835],[-57.0235418,-25.6555864],[-57.0231099,-25.6550968],[-57.022953,-25.6548466],[-57.0228632,-25.6547462],[-57.0228686,-25.6547039],[-57.0228968,-25.6546472],[-57.0228109,-25.65464],[-57.0227242,-25.6546225]]]}},{"type":"Feature","properties":{"natural":"wetland","audit_class":"stream_riparian_pool","audit_class_label":"Stream riparian pool","audit_color":"#7dd3fc","audit_schema_version":2,"audit_jrc_occurrence_mean":null,"audit_jrc_occurrence_max":null,"audit_jrc_pixels":0,"audit_dem_slope_proxy_deg":null,"audit_dem_elev_min_m":null,"audit_dem_elev_max_m":null,"audit_centroid_near_waterway":true,"audit_area_m2":6148.8,"feature_id":"lqv-sw-0014"},"geometry":{"type":"Polygon","coordinates":[[[-57.0237116,-25.6598749],[-57.0236789,-25.6599527],[-57.0236789,-25.6600874],[-57.0236579,-25.6602221],[-57.0235738,-25.6602958],[-57.0235294,-25.6604053],[-57.0236018,-25.6604894],[-57.0236929,-25.6605526],[-57.0237956,-25.6606157],[-57.0240105,-25.660622],[-57.0242066,-25.6605968],[-57.0243304,-25.6606052],[-57.0245709,-25.660622],[-57.02483,-25.6605863],[-57.0250776,-25.660561],[-57.0252714,-25.6605336],[-57.0253974,-25.6604958],[-57.0254628,-25.6604473],[-57.0255866,-25.6603989],[-57.0255119,-25.6603463],[-57.0253718,-25.6603337],[-57.0251564,-25.6603974],[-57.0249742,-25.6604479],[-57.0247454,-25.66049],[-57.0244512,-25.6605026],[-57.0242691,-25.66049],[-57.0241476,-25.6603932],[-57.0241196,-25.6602627],[-57.0241383,-25.6601322],[-57.0241056,-25.6599596],[-57.0240169,-25.6598712],[-57.0239375,-25.6598165],[-57.0238026,-25.6598054],[-57.0237116,-25.6598749]]]}},{"type":"Feature","properties":{"natural":"wetland","wetland":"swamp","audit_class":"stream_riparian_pool","audit_class_label":"Stream riparian pool","audit_color":"#7dd3fc","audit_schema_version":2,"audit_jrc_occurrence_mean":null,"audit_jrc_occurrence_max":null,"audit_jrc_pixels":0,"audit_dem_slope_proxy_deg":null,"audit_dem_elev_min_m":null,"audit_dem_elev_max_m":null,"audit_centroid_near_waterway":true,"audit_area_m2":6008.5,"feature_id":"lqv-sw-0015"},"geometry":{"type":"Polygon","coordinates":[[[-57.0703656,-25.6947772],[-57.0703748,-25.6946079],[-57.0704611,-25.6944024],[-57.0706244,-25.6941692],[-57.0706552,-25.6940304],[-57.0707322,-25.6939055],[-57.0708801,-25.6937111],[-57.0709448,-25.6934418],[-57.0709941,-25.6932697],[-57.0708893,-25.6932197],[-57.0707969,-25.6934307],[-57.0706675,-25.6935612],[-57.0705319,-25.6936278],[-57.0704087,-25.6937555],[-57.0702423,-25.6939193],[-57.0702023,-25.6940943],[-57.0702208,-25.6942608],[-57.0702054,-25.694433],[-57.0701653,-25.694619],[-57.0701535,-25.6946927],[-57.0701393,-25.6948107],[-57.0701747,-25.6948968],[-57.0702774,-25.6950881],[-57.0703694,-25.6951392],[-57.0704421,-25.6950826],[-57.070421,-25.6949383],[-57.0703656,-25.6947772]]]}},{"type":"Feature","properties":{"natural":"wetland","salt":"yes","tidal":"yes","wetland":"fen","audit_class":"stream_riparian_pool","audit_class_label":"Stream riparian pool","audit_color":"#7dd3fc","audit_schema_version":2,"audit_jrc_occurrence_mean":null,"audit_jrc_occurrence_max":null,"audit_jrc_pixels":0,"audit_dem_slope_proxy_deg":null,"audit_dem_elev_min_m":null,"audit_dem_elev_max_m":null,"audit_centroid_near_waterway":true,"audit_area_m2":4912.4,"feature_id":"lqv-sw-0016"},"geometry":{"type":"Polygon","coordinates":[[[-57.0678478,-25.6882986],[-57.0677504,-25.6883005],[-57.0676421,-25.6883239],[-57.0675663,-25.6883825],[-57.0674948,-25.6884469],[-57.067419,-25.6885074],[-57.0673778,-25.6885874],[-57.0673735,-25.6886343],[-57.0673692,-25.6886909],[-57.0673345,-25.6887338],[-57.0672609,-25.6887884],[-57.0672089,-25.6888099],[-57.0671504,-25.6887728],[-57.0671483,-25.6887065],[-57.0671288,-25.6886694],[-57.067092,-25.6887377],[-57.0670941,-25.6888353],[-57.0671461,-25.6889173],[-57.0671678,-25.6889563],[-57.0672609,-25.6890149],[-57.0673367,-25.6890754],[-57.0674536,-25.6890812],[-57.0675576,-25.6890695],[-57.0676551,-25.6890461],[-57.0677417,-25.6889914],[-57.0678175,-25.6889056],[-57.0678695,-25.6887728],[-57.0679063,-25.6886831],[-57.0679713,-25.6885894],[-57.0679886,-25.6884879],[-57.0680103,-25.6884098],[-57.0680254,-25.6883356],[-57.0680319,-25.6882595],[-57.0680038,-25.6881717],[-57.0679128,-25.6882439],[-57.0678478,-25.6882986]]]}},{"type":"Feature","properties":{"natural":"wetland","wetland":"fen","audit_class":"stream_riparian_pool","audit_class_label":"Stream riparian pool","audit_color":"#7dd3fc","audit_schema_version":2,"audit_jrc_occurrence_mean":null,"audit_jrc_occurrence_max":null,"audit_jrc_pixels":0,"audit_dem_slope_proxy_deg":null,"audit_dem_elev_min_m":null,"audit_dem_elev_max_m":null,"audit_centroid_near_waterway":true,"audit_area_m2":4790.5,"feature_id":"lqv-sw-0017"},"geometry":{"type":"Polygon","coordinates":[[[-57.0563031,-25.6779791],[-57.0564476,-25.6780928],[-57.0566766,-25.6781438],[-57.0568242,-25.6781543],[-57.0569749,-25.6781815],[-57.0571271,-25.6782573],[-57.0571842,-25.678285],[-57.0572728,-25.6783224],[-57.0574265,-25.6783605],[-57.0575189,-25.6784191],[-57.0576144,-25.6784706],[-57.0577673,-25.6784941],[-57.0579223,-25.678503],[-57.0580264,-25.6784871],[-57.0581324,-25.6785042],[-57.0582103,-25.6785434],[-57.0582431,-25.6786033],[-57.0582549,-25.6786999],[-57.0583114,-25.6787789],[-57.0584229,-25.6788462],[-57.0585649,-25.6788785],[-57.0587197,-25.6788644],[-57.0588064,-25.6788365],[-57.0588665,-25.6787962],[-57.0588827,-25.6787511],[-57.0588558,-25.6787254],[-57.0587696,-25.6787031],[-57.058665,-25.6786975],[-57.0585649,-25.6786887],[-57.0584787,-25.6786516],[-57.0584388,-25.6786108],[-57.0584287,-25.6785552],[-57.0584392,-25.6784799],[-57.0583917,-25.6784195],[-57.0583121,-25.6783849],[-57.0582054,-25.6783683],[-57.058035,-25.6783602],[-57.0578673,-25.6783895],[-57.0577692,-25.6783703],[-57.0576868,-25.6783367],[-57.057602,-25.6782972],[-57.0575187,-25.6782283],[-57.0574138,-25.6781793],[-57.0573246,-25.6781541],[-57.0571616,-25.6781008],[-57.0569959,-25.6780582],[-57.0565973,-25.6780032],[-57.0564759,-25.677908],[-57.0564241,-25.6778593],[-57.0563694,-25.6779142],[-57.0563031,-25.6779791]]]}},{"type":"Feature","properties":{"natural":"wetland","wetland":"fen","audit_class":"stream_riparian_pool","audit_class_label":"Stream riparian pool","audit_color":"#7dd3fc","audit_schema_version":2,"audit_jrc_occurrence_mean":null,"audit_jrc_occurrence_max":null,"audit_jrc_pixels":0,"audit_dem_slope_proxy_deg":null,"audit_dem_elev_min_m":null,"audit_dem_elev_max_m":null,"audit_centroid_near_waterway":true,"audit_area_m2":3787.2,"feature_id":"lqv-sw-0018"},"geometry":{"type":"Polygon","coordinates":[[[-57.045204,-25.6861367],[-57.0453087,-25.6861218],[-57.0454287,-25.6861218],[-57.045551,-25.6861607],[-57.0456494,-25.6862299],[-57.045731,-25.6862774],[-57.0458341,-25.6863012],[-57.0459205,-25.6863012],[-57.0460285,-25.6862666],[-57.0461292,-25.6862256],[-57.0462684,-25.6861693],[-57.0467027,-25.6860699],[-57.0468442,-25.6860245],[-57.0469378,-25.6859358],[-57.046981,-25.6858537],[-57.046981,-25.6857693],[-57.0469762,-25.685672],[-57.0470578,-25.6855423],[-57.0471321,-25.6854493],[-57.0472209,-25.685365],[-57.0473433,-25.6853304],[-57.0474896,-25.6853066],[-57.0476072,-25.6852937],[-57.0476,-25.6852223],[-57.0475424,-25.685231],[-57.0474248,-25.6852418],[-57.0472905,-25.6852612],[-57.0471729,-25.6853088],[-57.0470745,-25.6854018],[-57.0469906,-25.6855099],[-57.0469114,-25.685631],[-57.0468946,-25.6857304],[-57.046873,-25.6858385],[-57.0467962,-25.6859034],[-57.0466955,-25.6859618],[-57.0464795,-25.6860353],[-57.046302,-25.6860569],[-57.0461628,-25.686085],[-57.0460021,-25.6861066],[-57.0458365,-25.6860807],[-57.045683,-25.6860483],[-57.0454863,-25.6859856],[-57.0453063,-25.685912],[-57.045208,-25.6858381],[-57.0452487,-25.6859865],[-57.045204,-25.6861367]]]}},{"type":"Feature","properties":{"natural":"wetland","wetland":"string_bog","audit_class":"stream_riparian_pool","audit_class_label":"Stream riparian pool","audit_color":"#7dd3fc","audit_schema_version":2,"audit_jrc_occurrence_mean":null,"audit_jrc_occurrence_max":null,"audit_jrc_pixels":0,"audit_dem_slope_proxy_deg":null,"audit_dem_elev_min_m":null,"audit_dem_elev_max_m":null,"audit_centroid_near_waterway":true,"audit_area_m2":3510.6,"feature_id":"lqv-sw-0019"},"geometry":{"type":"Polygon","coordinates":[[[-57.0735559,-25.6161418],[-57.0735071,-25.6162152],[-57.0734624,-25.6162921],[-57.0734461,-25.6163875],[-57.0734665,-25.6164351],[-57.0735315,-25.6164828],[-57.0735884,-25.6165414],[-57.0736372,-25.6165964],[-57.0736901,-25.6166514],[-57.0737348,-25.6167174],[-57.0737348,-25.6167614],[-57.0737836,-25.6168017],[-57.0738486,-25.6168457],[-57.0739137,-25.616875],[-57.0740072,-25.6168823],[-57.07406,-25.616809],[-57.0740519,-25.6166917],[-57.0740356,-25.6166074],[-57.0740072,-25.6165121],[-57.0739746,-25.6164131],[-57.0739259,-25.6163435],[-57.0739137,-25.6162921],[-57.073934,-25.6162262],[-57.0739259,-25.6161492],[-57.0738974,-25.6160978],[-57.0738527,-25.6160465],[-57.0737632,-25.6160209],[-57.0737104,-25.6160539],[-57.0736331,-25.6160795],[-57.0735559,-25.6161418]]]}},{"type":"Feature","properties":{"natural":"wetland","wetland":"fen","audit_class":"stream_riparian_pool","audit_class_label":"Stream riparian pool","audit_color":"#7dd3fc","audit_schema_version":2,"audit_jrc_occurrence_mean":null,"audit_jrc_occurrence_max":null,"audit_jrc_pixels":0,"audit_dem_slope_proxy_deg":null,"audit_dem_elev_min_m":null,"audit_dem_elev_max_m":null,"audit_centroid_near_waterway":true,"audit_area_m2":2880.5,"feature_id":"lqv-sw-0020"},"geometry":{"type":"Polygon","coordinates":[[[-57.0466093,-25.6883525],[-57.0464053,-25.6883158],[-57.0463393,-25.6882315],[-57.0462488,-25.6881569],[-57.0461102,-25.6881428],[-57.0459723,-25.6880574],[-57.0458625,-25.6879952],[-57.0457548,-25.6879555],[-57.0456458,-25.6879508],[-57.0455793,-25.6879744],[-57.0455473,-25.6880413],[-57.0455152,-25.6881082],[-57.0457889,-25.6882392],[-57.0460792,-25.6883668],[-57.0462856,-25.6884381],[-57.0465063,-25.6884879],[-57.0466886,-25.6885181],[-57.0468588,-25.6885277],[-57.0467244,-25.6884217],[-57.0466093,-25.6883525]]]}},{"type":"Feature","properties":{"natural":"wetland","wetland":"fen","audit_class":"stream_riparian_pool","audit_class_label":"Stream riparian pool","audit_color":"#7dd3fc","audit_schema_version":2,"audit_jrc_occurrence_mean":null,"audit_jrc_occurrence_max":null,"audit_jrc_pixels":0,"audit_dem_slope_proxy_deg":null,"audit_dem_elev_min_m":null,"audit_dem_elev_max_m":null,"audit_centroid_near_waterway":true,"audit_area_m2":2611.5,"feature_id":"lqv-sw-0021"},"geometry":{"type":"Polygon","coordinates":[[[-57.0481164,-25.6890987],[-57.0478717,-25.6889819],[-57.0476701,-25.688863],[-57.0475142,-25.6887592],[-57.0473846,-25.6886857],[-57.0472239,-25.6886425],[-57.0470367,-25.6886295],[-57.046784,-25.6886072],[-57.0470638,-25.6888317],[-57.0475896,-25.6889888],[-57.0477135,-25.6890255],[-57.0477772,-25.6890654],[-57.0483816,-25.6892827],[-57.0484375,-25.6892255],[-57.0481164,-25.6890987]]]}},{"type":"Feature","properties":{"natural":"wetland","wetland":"fen","audit_class":"stream_riparian_pool","audit_class_label":"Stream riparian pool","audit_color":"#7dd3fc","audit_schema_version":2,"audit_jrc_occurrence_mean":null,"audit_jrc_occurrence_max":null,"audit_jrc_pixels":0,"audit_dem_slope_proxy_deg":null,"audit_dem_elev_min_m":null,"audit_dem_elev_max_m":null,"audit_centroid_near_waterway":true,"audit_area_m2":1925.1,"feature_id":"lqv-sw-0022"},"geometry":{"type":"Polygon","coordinates":[[[-57.043622,-25.6851985],[-57.0438284,-25.6852526],[-57.0439819,-25.685272],[-57.0440779,-25.685272],[-57.0441811,-25.6852526],[-57.0442914,-25.6852569],[-57.0443922,-25.6853153],[-57.0444378,-25.6853996],[-57.0444666,-25.6854991],[-57.044469,-25.6856483],[-57.0445194,-25.6857672],[-57.0445758,-25.6858546],[-57.0445738,-25.685719],[-57.0446368,-25.6855725],[-57.0446897,-25.6854717],[-57.0447629,-25.6854131],[-57.0446801,-25.6853758],[-57.0445937,-25.685311],[-57.0445338,-25.6852591],[-57.0444258,-25.6852072],[-57.0442962,-25.6851726],[-57.0441643,-25.6851639],[-57.0440443,-25.6851747],[-57.0439219,-25.6851747],[-57.0438044,-25.6851488],[-57.0436988,-25.685138],[-57.0435645,-25.6851272],[-57.0435717,-25.6851704],[-57.043622,-25.6851985]]]}},{"type":"Feature","properties":{"natural":"wetland","wetland":"fen","audit_class":"stream_riparian_pool","audit_class_label":"Stream riparian pool","audit_color":"#7dd3fc","audit_schema_version":2,"audit_jrc_occurrence_mean":null,"audit_jrc_occurrence_max":null,"audit_jrc_pixels":0,"audit_dem_slope_proxy_deg":null,"audit_dem_elev_min_m":null,"audit_dem_elev_max_m":null,"audit_centroid_near_waterway":true,"audit_area_m2":1797.2,"feature_id":"lqv-sw-0023"},"geometry":{"type":"Polygon","coordinates":[[[-57.055524,-25.6773604],[-57.0555912,-25.6774292],[-57.0557069,-25.6774623],[-57.0557131,-25.6774641],[-57.0558026,-25.6775025],[-57.0559001,-25.6775593],[-57.0559692,-25.6776509],[-57.0560038,-25.6777608],[-57.0560526,-25.677825],[-57.0561745,-25.6778891],[-57.056205,-25.6779129],[-57.056325,-25.6778011],[-57.0562559,-25.6777407],[-57.0561684,-25.6776692],[-57.0561054,-25.6776015],[-57.0560343,-25.6775337],[-57.0559286,-25.6774714],[-57.055833,-25.6773944],[-57.0557619,-25.677323],[-57.0556908,-25.6772314],[-57.0556684,-25.6771911],[-57.0554285,-25.677094],[-57.0554936,-25.6772424],[-57.055524,-25.6773604]]]}},{"type":"Feature","properties":{"natural":"wetland","wetland":"fen","audit_class":"stream_riparian_pool","audit_class_label":"Stream riparian pool","audit_color":"#7dd3fc","audit_schema_version":2,"audit_jrc_occurrence_mean":null,"audit_jrc_occurrence_max":null,"audit_jrc_pixels":0,"audit_dem_slope_proxy_deg":null,"audit_dem_elev_min_m":null,"audit_dem_elev_max_m":null,"audit_centroid_near_waterway":true,"audit_area_m2":1061.5,"feature_id":"lqv-sw-0024"},"geometry":{"type":"Polygon","coordinates":[[[-57.0211866,-25.6505893],[-57.0211633,-25.650669],[-57.0211439,-25.6507698],[-57.0211419,-25.6508532],[-57.0211145,-25.6509256],[-57.0211216,-25.6509998],[-57.0211378,-25.6510575],[-57.0211307,-25.6511116],[-57.0211338,-25.6511455],[-57.0211572,-25.6511867],[-57.0211877,-25.651194],[-57.021212,-25.6511702],[-57.0212192,-25.6511152],[-57.0212242,-25.6510428],[-57.0212425,-25.650976],[-57.0212771,-25.6509201],[-57.0213269,-25.650877],[-57.0213828,-25.6508376],[-57.0214448,-25.650811],[-57.0212253,-25.6505399],[-57.0211866,-25.6505893]]]}},{"type":"Feature","properties":{"natural":"wetland","wetland":"string_bog","audit_class":"stream_riparian_pool","audit_class_label":"Stream riparian pool","audit_color":"#7dd3fc","audit_schema_version":2,"audit_jrc_occurrence_mean":null,"audit_jrc_occurrence_max":null,"audit_jrc_pixels":0,"audit_dem_slope_proxy_deg":null,"audit_dem_elev_min_m":null,"audit_dem_elev_max_m":null,"audit_centroid_near_waterway":true,"audit_area_m2":1035.4,"feature_id":"lqv-sw-0025"},"geometry":{"type":"Polygon","coordinates":[[[-57.0676384,-25.6967974],[-57.0676185,-25.6968711],[-57.0676419,-25.6969668],[-57.0676862,-25.6970247],[-57.0677084,-25.6970815],[-57.0677598,-25.6971067],[-57.067845,-25.6970573],[-57.0678975,-25.6970036],[-57.0679863,-25.6969142],[-57.0679793,-25.6968542],[-57.0679466,-25.6968006],[-57.0678567,-25.6967638],[-57.0677796,-25.6967269],[-57.0676851,-25.696748],[-57.0676384,-25.6967974]]]}},{"type":"Feature","properties":{"natural":"wetland","audit_class":"stream_riparian_pool","audit_class_label":"Stream riparian pool","audit_color":"#7dd3fc","audit_schema_version":2,"audit_jrc_occurrence_mean":null,"audit_jrc_occurrence_max":null,"audit_jrc_pixels":0,"audit_dem_slope_proxy_deg":null,"audit_dem_elev_min_m":null,"audit_dem_elev_max_m":null,"audit_centroid_near_waterway":true,"audit_area_m2":1021.5,"feature_id":"lqv-sw-0026"},"geometry":{"type":"Polygon","coordinates":[[[-57.080791,-25.6165678],[-57.0807548,-25.6166488],[-57.0807776,-25.6167286],[-57.0808071,-25.6167613],[-57.0809143,-25.6167746],[-57.0809894,-25.6167685],[-57.0811557,-25.6166331],[-57.0811852,-25.6165775],[-57.0811692,-25.6165291],[-57.0811021,-25.616465],[-57.0810002,-25.6164699],[-57.080791,-25.6165678]]]}},{"type":"Feature","properties":{"natural":"wetland","audit_class":"stream_riparian_pool","audit_class_label":"Stream riparian pool","audit_color":"#7dd3fc","audit_schema_version":2,"audit_jrc_occurrence_mean":null,"audit_jrc_occurrence_max":null,"audit_jrc_pixels":0,"audit_dem_slope_proxy_deg":null,"audit_dem_elev_min_m":null,"audit_dem_elev_max_m":null,"audit_centroid_near_waterway":true,"audit_area_m2":1000.5,"feature_id":"lqv-sw-0027"},"geometry":{"type":"Polygon","coordinates":[[[-57.0806642,-25.6870173],[-57.0806688,-25.6870678],[-57.0806899,-25.6871099],[-57.0807436,-25.6871689],[-57.0808183,-25.6872488],[-57.0809023,-25.6873267],[-57.0809817,-25.6873225],[-57.0810098,-25.687253],[-57.0809981,-25.6871667],[-57.0809701,-25.68707],[-57.080921,-25.6870026],[-57.0808463,-25.6869584],[-57.0807646,-25.6869311],[-57.0806959,-25.6868958],[-57.0806593,-25.6869618],[-57.0806642,-25.6870173]]]}},{"type":"Feature","properties":{"natural":"wetland","audit_class":"stream_riparian_pool","audit_class_label":"Stream riparian pool","audit_color":"#7dd3fc","audit_schema_version":2,"audit_jrc_occurrence_mean":null,"audit_jrc_occurrence_max":null,"audit_jrc_pixels":0,"audit_dem_slope_proxy_deg":null,"audit_dem_elev_min_m":null,"audit_dem_elev_max_m":null,"audit_centroid_near_waterway":true,"audit_area_m2":978.8,"feature_id":"lqv-sw-0028"},"geometry":{"type":"Polygon","coordinates":[[[-57.0284307,-25.6696389],[-57.0283334,-25.6696086],[-57.0282236,-25.6695687],[-57.0281086,-25.6695543],[-57.0280254,-25.6695575],[-57.028006,-25.6696038],[-57.0280715,-25.6696293],[-57.0281617,-25.6696612],[-57.0282325,-25.6697027],[-57.0282562,-25.6697618],[-57.0283107,-25.6697398],[-57.0283817,-25.6698391],[-57.0284585,-25.6699032],[-57.0285253,-25.6698441],[-57.0286152,-25.6697913],[-57.0286161,-25.6697188],[-57.0285386,-25.6696771],[-57.0284307,-25.6696389]]]}},{"type":"Feature","properties":{"natural":"wetland","audit_class":"stream_riparian_pool","audit_class_label":"Stream riparian pool","audit_color":"#7dd3fc","audit_schema_version":2,"audit_jrc_occurrence_mean":null,"audit_jrc_occurrence_max":null,"audit_jrc_pixels":0,"audit_dem_slope_proxy_deg":null,"audit_dem_elev_min_m":null,"audit_dem_elev_max_m":null,"audit_centroid_near_waterway":true,"audit_area_m2":640.4,"feature_id":"lqv-sw-0029"},"geometry":{"type":"Polygon","coordinates":[[[-57.0781124,-25.6664166],[-57.0780844,-25.6663598],[-57.078033,-25.6663324],[-57.078012,-25.6663914],[-57.0780004,-25.6664187],[-57.0779303,-25.6664629],[-57.0779163,-25.6665261],[-57.0779256,-25.6665661],[-57.0779023,-25.6666208],[-57.0779373,-25.6666124],[-57.0779957,-25.6665745],[-57.0780634,-25.6665997],[-57.0781288,-25.6666081],[-57.0782128,-25.6666103],[-57.0782572,-25.6665766],[-57.0782735,-25.6665134],[-57.0782642,-25.6664987],[-57.0781872,-25.666484],[-57.0781358,-25.6664503],[-57.0781124,-25.6664166]]]}},{"type":"Feature","properties":{"natural":"wetland","audit_class":"stream_riparian_pool","audit_class_label":"Stream riparian pool","audit_color":"#7dd3fc","audit_schema_version":2,"audit_jrc_occurrence_mean":null,"audit_jrc_occurrence_max":null,"audit_jrc_pixels":0,"audit_dem_slope_proxy_deg":null,"audit_dem_elev_min_m":null,"audit_dem_elev_max_m":null,"audit_centroid_near_waterway":true,"audit_area_m2":258.6,"feature_id":"lqv-sw-0030"},"geometry":{"type":"Polygon","coordinates":[[[-57.0293078,-25.6554152],[-57.0293265,-25.6553656],[-57.0293721,-25.6552992],[-57.0293386,-25.6552967],[-57.0293105,-25.6553197],[-57.0292836,-25.6553306],[-57.02923,-25.6553125],[-57.0291737,-25.6552883],[-57.0291442,-25.6552871],[-57.0291307,-25.65531],[-57.0291294,-25.6553439],[-57.0291495,-25.6553789],[-57.0291978,-25.6554092],[-57.0292555,-25.6554503],[-57.0293003,-25.6554704],[-57.0293145,-25.655437],[-57.0293078,-25.6554152]]]}},{"type":"Feature","properties":{"natural":"wetland","audit_class":"stream_riparian_pool","audit_class_label":"Stream riparian pool","audit_color":"#7dd3fc","audit_schema_version":2,"audit_jrc_occurrence_mean":null,"audit_jrc_occurrence_max":null,"audit_jrc_pixels":0,"audit_dem_slope_proxy_deg":null,"audit_dem_elev_min_m":null,"audit_dem_elev_max_m":null,"audit_centroid_near_waterway":true,"audit_area_m2":225.0,"feature_id":"lqv-sw-0031"},"geometry":{"type":"Polygon","coordinates":[[[-57.0223933,-25.6544071],[-57.0223924,-25.6544438],[-57.0223933,-25.6545076],[-57.0223845,-25.6545738],[-57.0223969,-25.6546241],[-57.0224438,-25.6545786],[-57.0225057,-25.6545275],[-57.0225694,-25.6545228],[-57.0224216,-25.6543856],[-57.0223933,-25.6544071]]]}},{"type":"Feature","properties":{"natural":"wetland","audit_class":"stream_riparian_pool","audit_class_label":"Stream riparian pool","audit_color":"#7dd3fc","audit_schema_version":2,"audit_jrc_occurrence_mean":null,"audit_jrc_occurrence_max":null,"audit_jrc_pixels":0,"audit_dem_slope_proxy_deg":null,"audit_dem_elev_min_m":null,"audit_dem_elev_max_m":null,"audit_centroid_near_waterway":true,"audit_area_m2":178.3,"feature_id":"lqv-sw-0032"},"geometry":{"type":"Polygon","coordinates":[[[-57.0783934,-25.6183318],[-57.0783987,-25.6183546],[-57.0785288,-25.618328],[-57.078522,-25.6182823],[-57.0785017,-25.6182126],[-57.0783716,-25.6182375],[-57.0783934,-25.6183318]]]}},{"type":"Feature","properties":{"basin":"evaporation","intermittent":"yes","natural":"water","water":"basin","audit_class":"pond_polygon_depiction","audit_class_label":"Pond (OSM polygon, no JRC verify)","audit_color":"#c4b5fd","audit_schema_version":2,"audit_jrc_occurrence_mean":null,"audit_jrc_occurrence_max":null,"audit_jrc_pixels":0,"audit_dem_slope_proxy_deg":null,"audit_dem_elev_min_m":null,"audit_dem_elev_max_m":null,"audit_centroid_near_waterway":false,"audit_area_m2":37071.5,"feature_id":"lqv-sw-0033"},"geometry":{"type":"Polygon","coordinates":[[[-57.0095787,-25.6757182],[-57.0097101,-25.6756119],[-57.0098308,-25.6754571],[-57.0097638,-25.6753363],[-57.0097986,-25.6752082],[-57.0098094,-25.6750945],[-57.0097799,-25.6749398],[-57.0096189,-25.674773],[-57.0094741,-25.6746159],[-57.0092246,-25.674379],[-57.0091009,-25.6742954],[-57.0090085,-25.6742343],[-57.0088852,-25.6741607],[-57.0088329,-25.674076],[-57.0087882,-25.6740108],[-57.0086957,-25.6739927],[-57.008648,-25.6739983],[-57.0086326,-25.6740274],[-57.0085987,-25.6740399],[-57.0085432,-25.6740219],[-57.0084385,-25.6740344],[-57.0084231,-25.6740594],[-57.0083876,-25.6740677],[-57.0083522,-25.6740427],[-57.0082952,-25.6740288],[-57.008232,-25.6739761],[-57.008115,-25.6739663],[-57.0080302,-25.6739941],[-57.0079316,-25.6740372],[-57.0077976,-25.674058],[-57.0076544,-25.6740857],[-57.0075034,-25.6740913],[-57.0073308,-25.6741024],[-57.0071691,-25.6740899],[-57.0070767,-25.6740955],[-57.0069164,-25.6740552],[-57.0068764,-25.6739802],[-57.0068533,-25.6739663],[-57.0068764,-25.6739094],[-57.006898,-25.6738358],[-57.0068733,-25.6737706],[-57.0067917,-25.6737622],[-57.0067624,-25.6736942],[-57.0066946,-25.6736998],[-57.006653,-25.6737345],[-57.00667,-25.6737886],[-57.00671,-25.6738164],[-57.0067116,-25.6738594],[-57.0066684,-25.6738733],[-57.0066422,-25.673915],[-57.0066299,-25.6739955],[-57.0066638,-25.6740871],[-57.0067932,-25.674226],[-57.006918,-25.6743384],[-57.0070643,-25.674412],[-57.0071494,-25.6745351],[-57.0071508,-25.6746318],[-57.0071628,-25.6747176],[-57.0072151,-25.6747671],[-57.0073224,-25.6747671],[-57.0074203,-25.6748252],[-57.0075357,-25.6748844],[-57.0077181,-25.6749074],[-57.0078683,-25.674911],[-57.0080091,-25.6749678],[-57.008111,-25.6750476],[-57.0081673,-25.6751068],[-57.0081606,-25.6751491],[-57.0081807,-25.6751491],[-57.0082237,-25.6751721],[-57.0082505,-25.6752023],[-57.0082786,-25.6752047],[-57.0083175,-25.675247],[-57.0083122,-25.6752808],[-57.0082625,-25.6752978],[-57.0082411,-25.6753147],[-57.0082532,-25.6754742],[-57.0083269,-25.6756024],[-57.0083497,-25.6755915],[-57.0083779,-25.6755999],[-57.008394,-25.6756326],[-57.0083685,-25.6756507],[-57.0083926,-25.6756761],[-57.0084114,-25.6756664],[-57.0084516,-25.6756688],[-57.0084691,-25.6756906],[-57.0085028,-25.6757491],[-57.0086546,-25.6758332],[-57.0088647,-25.6758522],[-57.0091262,-25.6758185],[-57.0093364,-25.6757743],[-57.009458,-25.6757666],[-57.0095787,-25.6757182]]]}},{"type":"Feature","properties":{"intermittent":"yes","natural":"water","salt":"yes","water":"lake","audit_class":"pond_polygon_depiction","audit_class_label":"Pond (OSM polygon, no JRC verify)","audit_color":"#c4b5fd","audit_schema_version":2,"audit_jrc_occurrence_mean":7.0,"audit_jrc_occurrence_max":10.0,"audit_jrc_pixels":7,"audit_dem_slope_proxy_deg":null,"audit_dem_elev_min_m":null,"audit_dem_elev_max_m":null,"audit_centroid_near_waterway":false,"audit_area_m2":12000.3,"feature_id":"lqv-sw-0034"},"geometry":{"type":"Polygon","coordinates":[[[-57.1277276,-25.6976913],[-57.1276847,-25.6975293],[-57.1276793,-25.6974037],[-57.1277034,-25.6973166],[-57.1277034,-25.6972272],[-57.1276632,-25.6971257],[-57.1276283,-25.697029],[-57.1274996,-25.697029],[-57.1272957,-25.6970411],[-57.1272448,-25.6969203],[-57.1271658,-25.6969294],[-57.127057,-25.696942],[-57.1270946,-25.697075],[-57.1269578,-25.6970967],[-57.1266252,-25.6971185],[-57.1266225,-25.6972538],[-57.1266305,-25.6973916],[-57.1267083,-25.6975293],[-57.1267378,-25.6976623],[-57.1268076,-25.6978145],[-57.1268478,-25.6979499],[-57.126871387375175,-25.698062],[-57.12759730173913,-25.698062],[-57.1277088,-25.6980296],[-57.1278,-25.697991],[-57.1278161,-25.697916],[-57.1277276,-25.6976913]]]}},{"type":"Feature","properties":{"intermittent":"yes","natural":"water","salt":"yes","water":"lake","audit_class":"pond_polygon_depiction","audit_class_label":"Pond (OSM polygon, no JRC verify)","audit_color":"#c4b5fd","audit_schema_version":2,"audit_jrc_occurrence_mean":12.8,"audit_jrc_occurrence_max":18.0,"audit_jrc_pixels":5,"audit_dem_slope_proxy_deg":null,"audit_dem_elev_min_m":null,"audit_dem_elev_max_m":null,"audit_centroid_near_waterway":false,"audit_area_m2":10251.4,"feature_id":"lqv-sw-0035"},"geometry":{"type":"Polygon","coordinates":[[[-57.1287068,-25.6827152],[-57.1281784,-25.6827418],[-57.1278324,-25.6827515],[-57.1276125,-25.682749],[-57.1275401,-25.6827853],[-57.1275803,-25.6830536],[-57.1276313,-25.6833775],[-57.1277171,-25.6834138],[-57.1278056,-25.6834524],[-57.1288141,-25.6833872],[-57.1289885,-25.6833002],[-57.1289938,-25.6831237],[-57.1289375,-25.6829158],[-57.1288731,-25.682766],[-57.1288329,-25.6827104],[-57.1287068,-25.6827152]]]}},{"type":"Feature","properties":{"natural":"water","water":"lake","audit_class":"pond_polygon_depiction","audit_class_label":"Pond (OSM polygon, no JRC verify)","audit_color":"#c4b5fd","audit_schema_version":2,"audit_jrc_occurrence_mean":null,"audit_jrc_occurrence_max":null,"audit_jrc_pixels":0,"audit_dem_slope_proxy_deg":null,"audit_dem_elev_min_m":null,"audit_dem_elev_max_m":null,"audit_centroid_near_waterway":true,"audit_area_m2":6979.1,"feature_id":"lqv-sw-0036"},"geometry":{"type":"Polygon","coordinates":[[[-57.098013,-25.6888968],[-57.0979246,-25.6888968],[-57.0978078,-25.6888649],[-57.0976804,-25.6888266],[-57.0976308,-25.6888681],[-57.0975919,-25.6889255],[-57.0976096,-25.6890084],[-57.0976556,-25.6890977],[-57.0976237,-25.6891838],[-57.097514,-25.6892572],[-57.0974114,-25.6892859],[-57.0972875,-25.6892955],[-57.0971636,-25.6892668],[-57.0970822,-25.6891998],[-57.0969902,-25.6891615],[-57.0969194,-25.6891838],[-57.0967991,-25.689203],[-57.0966469,-25.6892126],[-57.0965514,-25.6892381],[-57.0964346,-25.6893433],[-57.0965337,-25.6894231],[-57.0967,-25.6894581],[-57.0968982,-25.6894549],[-57.0969831,-25.689506],[-57.0971282,-25.6895251],[-57.097284,-25.6895506],[-57.0974503,-25.6896017],[-57.0976273,-25.6895953],[-57.0978325,-25.6895155],[-57.0979954,-25.6894071],[-57.0981157,-25.6892349],[-57.0982148,-25.6890308],[-57.0981582,-25.6889383],[-57.0980591,-25.6888904],[-57.098013,-25.6888968]]]}},{"type":"Feature","properties":{"natural":"water","water":"lake","audit_class":"pond_polygon_depiction","audit_class_label":"Pond (OSM polygon, no JRC verify)","audit_color":"#c4b5fd","audit_schema_version":2,"audit_jrc_occurrence_mean":null,"audit_jrc_occurrence_max":null,"audit_jrc_pixels":0,"audit_dem_slope_proxy_deg":null,"audit_dem_elev_min_m":null,"audit_dem_elev_max_m":null,"audit_centroid_near_waterway":true,"audit_area_m2":6043.5,"feature_id":"lqv-sw-0037"},"geometry":{"type":"Polygon","coordinates":[[[-57.0959973,-25.6883879],[-57.0959296,-25.6883782],[-57.0958803,-25.6883435],[-57.095834,-25.6883074],[-57.095794,-25.6882727],[-57.0957278,-25.688256],[-57.0956461,-25.688256],[-57.0956343,-25.6883354],[-57.0956404,-25.688372],[-57.0956566,-25.6883904],[-57.0957095,-25.6884087],[-57.095744,-25.6884416],[-57.0957339,-25.6884819],[-57.0957147,-25.6885113],[-57.0957262,-25.6885247],[-57.095732,-25.6885408],[-57.0957314,-25.6885577],[-57.0957244,-25.6885734],[-57.095712,-25.6885861],[-57.0957298,-25.6886138],[-57.0957704,-25.6886431],[-57.0958253,-25.6886944],[-57.0958436,-25.6887585],[-57.0958131,-25.6888391],[-57.0957481,-25.6888868],[-57.0956708,-25.688863],[-57.0956282,-25.6888062],[-57.095559,-25.6888043],[-57.0954838,-25.6888172],[-57.095433,-25.6888575],[-57.0954147,-25.6889124],[-57.0953395,-25.6889985],[-57.0952663,-25.6890425],[-57.0952196,-25.6890608],[-57.095244,-25.6890993],[-57.0952887,-25.6891451],[-57.0953395,-25.689211],[-57.09537,-25.6892678],[-57.0954025,-25.6893319],[-57.0954432,-25.6893649],[-57.0954757,-25.6894107],[-57.0954894,-25.6894672],[-57.0955387,-25.6895023],[-57.0955692,-25.6894858],[-57.0955733,-25.6894436],[-57.0955855,-25.6893887],[-57.095616,-25.6893832],[-57.0957501,-25.6893777],[-57.0958538,-25.6893447],[-57.0958883,-25.6892825],[-57.0958579,-25.6892147],[-57.0958131,-25.6891817],[-57.0958416,-25.6891322],[-57.0958538,-25.6890901],[-57.0959188,-25.6890553],[-57.0960103,-25.6890223],[-57.0960998,-25.6890223],[-57.0961546,-25.6889894],[-57.0961811,-25.6889033],[-57.0961851,-25.6887897],[-57.0961689,-25.6886725],[-57.0961323,-25.6885644],[-57.0961038,-25.6885003],[-57.0961241,-25.6884655],[-57.0961345,-25.6883962],[-57.0960508,-25.6883911],[-57.0959973,-25.6883879]]]}},{"type":"Feature","properties":{"basin":"evaporation","intermittent":"yes","name":"LT VIAL -  Cantera. Ciudad de Estancia Abelenda","natural":"water","water":"basin","audit_class":"pond_polygon_depiction","audit_class_label":"Pond (OSM polygon, no JRC verify)","audit_color":"#c4b5fd","audit_schema_version":2,"audit_jrc_occurrence_mean":1.38,"audit_jrc_occurrence_max":2.0,"audit_jrc_pixels":8,"audit_dem_slope_proxy_deg":null,"audit_dem_elev_min_m":null,"audit_dem_elev_max_m":null,"audit_centroid_near_waterway":false,"audit_area_m2":5974.4,"feature_id":"lqv-sw-0038"},"geometry":{"type":"Polygon","coordinates":[[[-57.039532,-25.675074],[-57.0395239,-25.6749966],[-57.0395078,-25.6749023],[-57.0395454,-25.6748081],[-57.0396044,-25.6747815],[-57.0395052,-25.6745639],[-57.0394381,-25.6745155],[-57.0393201,-25.6744769],[-57.0391994,-25.6744599],[-57.0388936,-25.6746678],[-57.0388212,-25.6747379],[-57.0388882,-25.6748153],[-57.0389338,-25.6748008],[-57.0390545,-25.6747911],[-57.0391323,-25.6748782],[-57.0392289,-25.67497],[-57.0392047,-25.6750909],[-57.0391645,-25.6751876],[-57.0391592,-25.6752722],[-57.0392316,-25.6753085],[-57.0392825,-25.67519],[-57.0393174,-25.6751296],[-57.0393147,-25.6751973],[-57.0393254,-25.6753157],[-57.0393791,-25.6754076],[-57.0394703,-25.6754462],[-57.0395588,-25.6755236],[-57.039591,-25.6755937],[-57.0396822,-25.6756493],[-57.0397948,-25.6756711],[-57.0398378,-25.6756566],[-57.0399316,-25.6754946],[-57.0398914,-25.6753931],[-57.0398109,-25.6753133],[-57.0397573,-25.6752408],[-57.0397305,-25.6751344],[-57.0396715,-25.6750812],[-57.0395534,-25.6751006],[-57.039532,-25.675074]]]}},{"type":"Feature","properties":{"intermittent":"yes","natural":"water","salt":"yes","water":"lake","audit_class":"pond_polygon_depiction","audit_class_label":"Pond (OSM polygon, no JRC verify)","audit_color":"#c4b5fd","audit_schema_version":2,"audit_jrc_occurrence_mean":null,"audit_jrc_occurrence_max":null,"audit_jrc_pixels":0,"audit_dem_slope_proxy_deg":null,"audit_dem_elev_min_m":null,"audit_dem_elev_max_m":null,"audit_centroid_near_waterway":true,"audit_area_m2":4596.1,"feature_id":"lqv-sw-0039"},"geometry":{"type":"Polygon","coordinates":[[[-57.028974,-25.6574004],[-57.0289578,-25.6574865],[-57.0289639,-25.6575726],[-57.028974,-25.6577559],[-57.0289923,-25.6578914],[-57.0290066,-25.6580014],[-57.029035,-25.6580893],[-57.0290696,-25.6581608],[-57.0291224,-25.6582561],[-57.0291814,-25.6583642],[-57.0292546,-25.6584998],[-57.029346,-25.6586299],[-57.0294091,-25.6587141],[-57.0294904,-25.6587838],[-57.0295615,-25.6588021],[-57.0296286,-25.6588131],[-57.0297343,-25.6588241],[-57.0297973,-25.6588644],[-57.0298624,-25.658912],[-57.0299396,-25.6588864],[-57.0300555,-25.6587966],[-57.0301022,-25.658705],[-57.0300738,-25.6586518],[-57.0299985,-25.6586244],[-57.0299254,-25.6586244],[-57.0298176,-25.658628],[-57.0297058,-25.6586482],[-57.0295879,-25.6586573],[-57.029529,-25.658606],[-57.0294883,-25.6585584],[-57.0294192,-25.6584869],[-57.0293887,-25.6584063],[-57.0293399,-25.6583257],[-57.0292627,-25.6582542],[-57.0292119,-25.6581846],[-57.02922,-25.6581168],[-57.0292546,-25.6580325],[-57.0292017,-25.6579684],[-57.0292017,-25.6578951],[-57.0291773,-25.657809],[-57.0291509,-25.6577412],[-57.0291773,-25.6576844],[-57.0292098,-25.6576313],[-57.0292241,-25.6575671],[-57.0292607,-25.6574828],[-57.0292708,-25.6574022],[-57.0292464,-25.6573033],[-57.0291936,-25.657274],[-57.0291082,-25.6572721],[-57.0290147,-25.6573033],[-57.028974,-25.6574004]]]}},{"type":"Feature","properties":{"natural":"water","water":"lake","audit_class":"pond_polygon_depiction","audit_class_label":"Pond (OSM polygon, no JRC verify)","audit_color":"#c4b5fd","audit_schema_version":2,"audit_jrc_occurrence_mean":7.0,"audit_jrc_occurrence_max":7.0,"audit_jrc_pixels":1,"audit_dem_slope_proxy_deg":null,"audit_dem_elev_min_m":null,"audit_dem_elev_max_m":null,"audit_centroid_near_waterway":false,"audit_area_m2":4563.5,"feature_id":"lqv-sw-0040"},"geometry":{"type":"Polygon","coordinates":[[[-57.0840516,-25.656926],[-57.0840197,-25.6568686],[-57.0838675,-25.6568064],[-57.0837755,-25.6567394],[-57.0837755,-25.6567075],[-57.0838198,-25.6566245],[-57.0837277,-25.6565878],[-57.0836587,-25.6566628],[-57.0836145,-25.6567697],[-57.0835012,-25.6567202],[-57.0834358,-25.656717],[-57.0834004,-25.656733],[-57.0832039,-25.6570201],[-57.0831933,-25.6570807],[-57.0832128,-25.6571254],[-57.0832376,-25.6571477],[-57.0837631,-25.6573567],[-57.0838693,-25.6573774],[-57.0839259,-25.6573615],[-57.0840197,-25.6570935],[-57.0840569,-25.6570169],[-57.0840516,-25.656926]]]}},{"type":"Feature","properties":{"natural":"water","water":"lake","audit_class":"pond_polygon_depiction","audit_class_label":"Pond (OSM polygon, no JRC verify)","audit_color":"#c4b5fd","audit_schema_version":2,"audit_jrc_occurrence_mean":null,"audit_jrc_occurrence_max":null,"audit_jrc_pixels":0,"audit_dem_slope_proxy_deg":null,"audit_dem_elev_min_m":null,"audit_dem_elev_max_m":null,"audit_centroid_near_waterway":false,"audit_area_m2":4325.7,"feature_id":"lqv-sw-0041"},"geometry":{"type":"Polygon","coordinates":[[[-57.0807701,-25.5828038],[-57.0806281,-25.5827863],[-57.0804278,-25.582839],[-57.0803972,-25.5829695],[-57.0803638,-25.5831176],[-57.0802775,-25.5831577],[-57.0803026,-25.5832983],[-57.0804723,-25.5833911],[-57.0805836,-25.5834589],[-57.0807061,-25.583494],[-57.0808229,-25.5835116],[-57.0809259,-25.5834463],[-57.0810066,-25.5832807],[-57.0810344,-25.5831703],[-57.08104,-25.5830674],[-57.080912,-25.5829318],[-57.0807701,-25.5828038]]]}},{"type":"Feature","properties":{"natural":"water","water":"lake","audit_class":"pond_polygon_depiction","audit_class_label":"Pond (OSM polygon, no JRC verify)","audit_color":"#c4b5fd","audit_schema_version":2,"audit_jrc_occurrence_mean":null,"audit_jrc_occurrence_max":null,"audit_jrc_pixels":0,"audit_dem_slope_proxy_deg":null,"audit_dem_elev_min_m":null,"audit_dem_elev_max_m":null,"audit_centroid_near_waterway":true,"audit_area_m2":4278.7,"feature_id":"lqv-sw-0042"},"geometry":{"type":"Polygon","coordinates":[[[-57.0449763,-25.6853893],[-57.0448767,-25.6853948],[-57.0447629,-25.6854131],[-57.0446897,-25.6854717],[-57.0446368,-25.6855725],[-57.0445738,-25.685719],[-57.0445758,-25.6858546],[-57.044645,-25.6859846],[-57.0447608,-25.6860909],[-57.0449194,-25.6861916],[-57.0450942,-25.68621],[-57.045204,-25.6861367],[-57.0452487,-25.6859865],[-57.045208,-25.6858381],[-57.045147,-25.6857557],[-57.04508,-25.6857117],[-57.0450535,-25.6856128],[-57.0450678,-25.6854974],[-57.0450637,-25.6854149],[-57.0449763,-25.6853893]]]}},{"type":"Feature","properties":{"natural":"water","water":"lake","audit_class":"pond_polygon_depiction","audit_class_label":"Pond (OSM polygon, no JRC verify)","audit_color":"#c4b5fd","audit_schema_version":2,"audit_jrc_occurrence_mean":null,"audit_jrc_occurrence_max":null,"audit_jrc_pixels":0,"audit_dem_slope_proxy_deg":null,"audit_dem_elev_min_m":null,"audit_dem_elev_max_m":null,"audit_centroid_near_waterway":true,"audit_area_m2":3908.9,"feature_id":"lqv-sw-0043"},"geometry":{"type":"Polygon","coordinates":[[[-57.083906,-25.6903369],[-57.0838686,-25.6903285],[-57.0838039,-25.6902896],[-57.083767,-25.6903202],[-57.0837454,-25.6903785],[-57.0836006,-25.6904201],[-57.0836067,-25.6905395],[-57.0836776,-25.6906617],[-57.0837392,-25.6907255],[-57.0837731,-25.6908172],[-57.0837793,-25.6909088],[-57.0838347,-25.6909588],[-57.0838871,-25.6910476],[-57.0839148,-25.6911226],[-57.0840104,-25.6911476],[-57.0841213,-25.6911226],[-57.0841891,-25.6910476],[-57.0841737,-25.6909004],[-57.0841952,-25.6906256],[-57.0842045,-25.6904923],[-57.0841952,-25.6903729],[-57.0839672,-25.6903507],[-57.083906,-25.6903369]]]}},{"type":"Feature","properties":{"basin":"retention","intermittent":"yes","natural":"water","water":"basin","audit_class":"pond_polygon_depiction","audit_class_label":"Pond (OSM polygon, no JRC verify)","audit_color":"#c4b5fd","audit_schema_version":2,"audit_jrc_occurrence_mean":null,"audit_jrc_occurrence_max":null,"audit_jrc_pixels":0,"audit_dem_slope_proxy_deg":null,"audit_dem_elev_min_m":null,"audit_dem_elev_max_m":null,"audit_centroid_near_waterway":false,"audit_area_m2":2993.0,"feature_id":"lqv-sw-0044"},"geometry":{"type":"Polygon","coordinates":[[[-57.0175051,-25.6477715],[-57.0174408,-25.6477663],[-57.0167929,-25.648001],[-57.0167695,-25.6480389],[-57.0167812,-25.6480831],[-57.0168232,-25.6481936],[-57.0168618,-25.6482546],[-57.0169365,-25.6482904],[-57.016982,-25.6482915],[-57.017616,-25.6480736],[-57.0176276,-25.6480326],[-57.017616,-25.6479947],[-57.0175377,-25.6478052],[-57.0175051,-25.6477715]]]}},{"type":"Feature","properties":{"intermittent":"yes","natural":"water","water":"lake","audit_class":"pond_polygon_depiction","audit_class_label":"Pond (OSM polygon, no JRC verify)","audit_color":"#c4b5fd","audit_schema_version":2,"audit_jrc_occurrence_mean":null,"audit_jrc_occurrence_max":null,"audit_jrc_pixels":0,"audit_dem_slope_proxy_deg":null,"audit_dem_elev_min_m":null,"audit_dem_elev_max_m":null,"audit_centroid_near_waterway":false,"audit_area_m2":2590.9,"feature_id":"lqv-sw-0045"},"geometry":{"type":"Polygon","coordinates":[[[-57.0848592,-25.6642915],[-57.0845548,-25.6640762],[-57.0843938,-25.6642373],[-57.0843867,-25.6642836],[-57.0842434,-25.6644064],[-57.0842275,-25.6644941],[-57.084546,-25.6646999],[-57.0845885,-25.6646839],[-57.084792,-25.6644973],[-57.0848858,-25.6643824],[-57.0848928,-25.6643378],[-57.0848592,-25.6642915]]]}},{"type":"Feature","properties":{"intermittent":"yes","natural":"water","water":"basin","audit_class":"pond_polygon_depiction","audit_class_label":"Pond (OSM polygon, no JRC verify)","audit_color":"#c4b5fd","audit_schema_version":2,"audit_jrc_occurrence_mean":null,"audit_jrc_occurrence_max":null,"audit_jrc_pixels":0,"audit_dem_slope_proxy_deg":null,"audit_dem_elev_min_m":null,"audit_dem_elev_max_m":null,"audit_centroid_near_waterway":true,"audit_area_m2":2514.1,"feature_id":"lqv-sw-0046"},"geometry":{"type":"Polygon","coordinates":[[[-57.0126805,-25.6663256],[-57.0125323,-25.666132],[-57.0124772,-25.6661114],[-57.0124126,-25.6661234],[-57.0122472,-25.6662279],[-57.0121693,-25.666305],[-57.0121389,-25.6663821],[-57.0121161,-25.6664489],[-57.0120838,-25.6664712],[-57.0120344,-25.6664729],[-57.0120819,-25.666526],[-57.0121465,-25.6665859],[-57.0121731,-25.6666356],[-57.0122275,-25.6666815],[-57.0122662,-25.6667371],[-57.012349,-25.6666587],[-57.0124594,-25.6666066],[-57.012562,-25.6665392],[-57.0126748,-25.6664163],[-57.0126977,-25.6663735],[-57.0126805,-25.6663256]]]}},{"type":"Feature","properties":{"basin":"wastewater","intermittent":"yes","natural":"water","water":"basin","audit_class":"pond_polygon_depiction","audit_class_label":"Pond (OSM polygon, no JRC verify)","audit_color":"#c4b5fd","audit_schema_version":2,"audit_jrc_occurrence_mean":null,"audit_jrc_occurrence_max":null,"audit_jrc_pixels":0,"audit_dem_slope_proxy_deg":null,"audit_dem_elev_min_m":null,"audit_dem_elev_max_m":null,"audit_centroid_near_waterway":false,"audit_area_m2":2452.6,"feature_id":"lqv-sw-0047"},"geometry":{"type":"Polygon","coordinates":[[[-57.0973896,-25.6017719],[-57.0973063,-25.6017609],[-57.0972046,-25.6017645],[-57.0970684,-25.6017884],[-57.0970095,-25.6018379],[-57.0969831,-25.601902],[-57.0969851,-25.6020083],[-57.0969953,-25.6021623],[-57.0970461,-25.602232],[-57.0974689,-25.602221],[-57.0975095,-25.6021862],[-57.0975156,-25.602089],[-57.0974994,-25.6019717],[-57.0974608,-25.6018672],[-57.0974364,-25.601803],[-57.0973896,-25.6017719]]]}},{"type":"Feature","properties":{"natural":"water","salt":"yes","water":"lake","audit_class":"pond_polygon_depiction","audit_class_label":"Pond (OSM polygon, no JRC verify)","audit_color":"#c4b5fd","audit_schema_version":2,"audit_jrc_occurrence_mean":null,"audit_jrc_occurrence_max":null,"audit_jrc_pixels":0,"audit_dem_slope_proxy_deg":null,"audit_dem_elev_min_m":null,"audit_dem_elev_max_m":null,"audit_centroid_near_waterway":false,"audit_area_m2":2315.0,"feature_id":"lqv-sw-0048"},"geometry":{"type":"Polygon","coordinates":[[[-57.0961285,-25.6638192],[-57.0959721,-25.6637497],[-57.0958974,-25.6637518],[-57.0956942,-25.6639328],[-57.0957503,-25.6640044],[-57.0960375,-25.6642696],[-57.0961379,-25.664299],[-57.096257,-25.664177],[-57.096348,-25.6640717],[-57.096292,-25.6639497],[-57.0961285,-25.6638192]]]}},{"type":"Feature","properties":{"intermittent":"yes","natural":"water","water":"basin","audit_class":"pond_polygon_depiction","audit_class_label":"Pond (OSM polygon, no JRC verify)","audit_color":"#c4b5fd","audit_schema_version":2,"audit_jrc_occurrence_mean":1.0,"audit_jrc_occurrence_max":1.0,"audit_jrc_pixels":1,"audit_dem_slope_proxy_deg":null,"audit_dem_elev_min_m":null,"audit_dem_elev_max_m":null,"audit_centroid_near_waterway":false,"audit_area_m2":2248.9,"feature_id":"lqv-sw-0049"},"geometry":{"type":"Polygon","coordinates":[[[-57.0963633,-25.6013179],[-57.0963003,-25.601272],[-57.0962332,-25.6012665],[-57.0961804,-25.6012867],[-57.0961641,-25.6013234],[-57.0961763,-25.6013985],[-57.0961661,-25.6014664],[-57.0961214,-25.6015525],[-57.0961052,-25.601668],[-57.096093,-25.6017872],[-57.0961092,-25.6018586],[-57.09616,-25.6019155],[-57.0962373,-25.6019613],[-57.096341,-25.6019925],[-57.0964141,-25.6019778],[-57.0964507,-25.6019411],[-57.096469,-25.601855],[-57.0964609,-25.6017468],[-57.096408,-25.6014645],[-57.0963897,-25.6013875],[-57.0963633,-25.6013179]]]}},{"type":"Feature","properties":{"intermittent":"yes","natural":"water","water":"basin","audit_class":"pond_polygon_depiction","audit_class_label":"Pond (OSM polygon, no JRC verify)","audit_color":"#c4b5fd","audit_schema_version":2,"audit_jrc_occurrence_mean":null,"audit_jrc_occurrence_max":null,"audit_jrc_pixels":0,"audit_dem_slope_proxy_deg":null,"audit_dem_elev_min_m":null,"audit_dem_elev_max_m":null,"audit_centroid_near_waterway":false,"audit_area_m2":2057.5,"feature_id":"lqv-sw-0051"},"geometry":{"type":"Polygon","coordinates":[[[-57.1139324,-25.6672474],[-57.1140692,-25.6673925],[-57.1145386,-25.6672063],[-57.1144233,-25.666909],[-57.113927,-25.6670637],[-57.1139324,-25.6672474]]]}},{"type":"Feature","properties":{"natural":"water","water":"lake","audit_class":"pond_polygon_depiction","audit_class_label":"Pond (OSM polygon, no JRC verify)","audit_color":"#c4b5fd","audit_schema_version":2,"audit_jrc_occurrence_mean":null,"audit_jrc_occurrence_max":null,"audit_jrc_pixels":0,"audit_dem_slope_proxy_deg":null,"audit_dem_elev_min_m":null,"audit_dem_elev_max_m":null,"audit_centroid_near_waterway":false,"audit_area_m2":1896.3,"feature_id":"lqv-sw-0052"},"geometry":{"type":"Polygon","coordinates":[[[-57.0105063,-25.6882976],[-57.01042,-25.688342],[-57.01042,-25.6884392],[-57.0104416,-25.6885141],[-57.0104292,-25.6886113],[-57.0104477,-25.6886696],[-57.0105278,-25.6887113],[-57.0106233,-25.6887335],[-57.0107096,-25.6887168],[-57.0107558,-25.6886446],[-57.0108144,-25.6885336],[-57.0108267,-25.6884253],[-57.0108267,-25.6883226],[-57.0107928,-25.6882448],[-57.0107373,-25.6881865],[-57.0106634,-25.6881865],[-57.0105956,-25.6882615],[-57.0105063,-25.6882976]]]}},{"type":"Feature","properties":{"natural":"water","water":"lake","audit_class":"pond_polygon_depiction","audit_class_label":"Pond (OSM polygon, no JRC verify)","audit_color":"#c4b5fd","audit_schema_version":2,"audit_jrc_occurrence_mean":null,"audit_jrc_occurrence_max":null,"audit_jrc_pixels":0,"audit_dem_slope_proxy_deg":null,"audit_dem_elev_min_m":null,"audit_dem_elev_max_m":null,"audit_centroid_near_waterway":false,"audit_area_m2":1849.8,"feature_id":"lqv-sw-0053"},"geometry":{"type":"Polygon","coordinates":[[[-57.0067752,-25.688923],[-57.0067136,-25.6890063],[-57.0066828,-25.6890785],[-57.0066674,-25.6891646],[-57.0067013,-25.6892229],[-57.0068091,-25.6892284],[-57.0068985,-25.6892034],[-57.0069693,-25.6891729],[-57.0070494,-25.6891507],[-57.0071265,-25.6891118],[-57.007148,-25.6890313],[-57.0071573,-25.6889202],[-57.0071542,-25.6888536],[-57.0070987,-25.6887925],[-57.0070032,-25.6887398],[-57.0069354,-25.6887398],[-57.0068738,-25.6887648],[-57.0068307,-25.6888564],[-57.0067752,-25.688923]]]}},{"type":"Feature","properties":{"name":"Aqua Lacus Viridis","name:en":"Water Lake Green","name:es":"Agua Lago Verde","name:la":"Aqua Lacus Viridis","natural":"water","water":"lake","audit_class":"pond_polygon_depiction","audit_class_label":"Pond (OSM polygon, no JRC verify)","audit_color":"#c4b5fd","audit_schema_version":2,"audit_jrc_occurrence_mean":null,"audit_jrc_occurrence_max":null,"audit_jrc_pixels":0,"audit_dem_slope_proxy_deg":null,"audit_dem_elev_min_m":null,"audit_dem_elev_max_m":null,"audit_centroid_near_waterway":false,"audit_area_m2":1835.8,"feature_id":"lqv-sw-0054"},"geometry":{"type":"Polygon","coordinates":[[[-57.0941589,-25.603439],[-57.0941402,-25.6033842],[-57.0941145,-25.6033253],[-57.0940888,-25.6032937],[-57.0940071,-25.6032305],[-57.0939721,-25.6032073],[-57.0939254,-25.6032052],[-57.093867,-25.6032284],[-57.0937362,-25.6033126],[-57.0937222,-25.6033526],[-57.0937059,-25.603599],[-57.0937152,-25.6036285],[-57.0937386,-25.6036495],[-57.0937806,-25.6036559],[-57.0940164,-25.6036327],[-57.0941075,-25.603618],[-57.0941519,-25.6035906],[-57.0941682,-25.6035653],[-57.0941729,-25.6035],[-57.0941589,-25.603439]]]}},{"type":"Feature","properties":{"intermittent":"yes","natural":"water","water":"basin","audit_class":"pond_polygon_depiction","audit_class_label":"Pond (OSM polygon, no JRC verify)","audit_color":"#c4b5fd","audit_schema_version":2,"audit_jrc_occurrence_mean":null,"audit_jrc_occurrence_max":null,"audit_jrc_pixels":0,"audit_dem_slope_proxy_deg":null,"audit_dem_elev_min_m":null,"audit_dem_elev_max_m":null,"audit_centroid_near_waterway":false,"audit_area_m2":1813.0,"feature_id":"lqv-sw-0055"},"geometry":{"type":"Polygon","coordinates":[[[-57.1183071,-25.6794171],[-57.1186209,-25.67932],[-57.1184437,-25.6788546],[-57.1181298,-25.6789517],[-57.1183071,-25.6794171]]]}},{"type":"Feature","properties":{"natural":"water","water":"lake","audit_class":"pond_polygon_depiction","audit_class_label":"Pond (OSM polygon, no JRC verify)","audit_color":"#c4b5fd","audit_schema_version":2,"audit_jrc_occurrence_mean":null,"audit_jrc_occurrence_max":null,"audit_jrc_pixels":0,"audit_dem_slope_proxy_deg":null,"audit_dem_elev_min_m":null,"audit_dem_elev_max_m":null,"audit_centroid_near_waterway":false,"audit_area_m2":1795.4,"feature_id":"lqv-sw-0056"},"geometry":{"type":"Polygon","coordinates":[[[-56.9930742,-25.5718153],[-56.9929905,-25.5717624],[-56.9928983,-25.5716929],[-56.9927777,-25.5715931],[-56.992709,-25.5715432],[-56.992632,-25.5714511],[-56.9925331,-25.5713816],[-56.9924879,-25.5713392],[-56.9924426,-25.5713075],[-56.9923522,-25.5712561],[-56.9923053,-25.5712093],[-56.9922651,-25.571167],[-56.9922182,-25.5711503],[-56.9921076,-25.5711231],[-56.9920892,-25.5711896],[-56.9921193,-25.5712002],[-56.992121,-25.5712697],[-56.9922148,-25.5713528],[-56.9923421,-25.5714435],[-56.992446,-25.571516],[-56.9926219,-25.5716173],[-56.992714,-25.5716838],[-56.9930809,-25.5719316],[-56.993158,-25.5718848],[-56.9931211,-25.571847],[-56.9930742,-25.5718153]]]}},{"type":"Feature","properties":{"intermittent":"yes","natural":"water","water":"basin","audit_class":"pond_polygon_depiction","audit_class_label":"Pond (OSM polygon, no JRC verify)","audit_color":"#c4b5fd","audit_schema_version":2,"audit_jrc_occurrence_mean":null,"audit_jrc_occurrence_max":null,"audit_jrc_pixels":0,"audit_dem_slope_proxy_deg":null,"audit_dem_elev_min_m":null,"audit_dem_elev_max_m":null,"audit_centroid_near_waterway":false,"audit_area_m2":1752.7,"feature_id":"lqv-sw-0057"},"geometry":{"type":"Polygon","coordinates":[[[-57.1181285,-25.6788969],[-57.1183723,-25.678812],[-57.1181307,-25.6782487],[-57.1178869,-25.6783336],[-57.1181285,-25.6788969]]]}},{"type":"Feature","properties":{"intermittent":"yes","natural":"water","water":"basin","audit_class":"pond_polygon_depiction","audit_class_label":"Pond (OSM polygon, no JRC verify)","audit_color":"#c4b5fd","audit_schema_version":2,"audit_jrc_occurrence_mean":null,"audit_jrc_occurrence_max":null,"audit_jrc_pixels":0,"audit_dem_slope_proxy_deg":null,"audit_dem_elev_min_m":null,"audit_dem_elev_max_m":null,"audit_centroid_near_waterway":true,"audit_area_m2":1735.8,"feature_id":"lqv-sw-0058"},"geometry":{"type":"Polygon","coordinates":[[[-57.0349767,-25.6700364],[-57.0349245,-25.6701185],[-57.0349071,-25.6702876],[-57.0349247,-25.6703588],[-57.0350274,-25.6704233],[-57.0351779,-25.6704121],[-57.0352936,-25.6703573],[-57.0353874,-25.6702068],[-57.03539,-25.6701288],[-57.035238,-25.6700152],[-57.0351075,-25.6700273],[-57.0350274,-25.6700076],[-57.0349767,-25.6700364]]]}},{"type":"Feature","properties":{"intermittent":"yes","natural":"water","water":"lake","audit_class":"pond_polygon_depiction","audit_class_label":"Pond (OSM polygon, no JRC verify)","audit_color":"#c4b5fd","audit_schema_version":2,"audit_jrc_occurrence_mean":null,"audit_jrc_occurrence_max":null,"audit_jrc_pixels":0,"audit_dem_slope_proxy_deg":null,"audit_dem_elev_min_m":null,"audit_dem_elev_max_m":null,"audit_centroid_near_waterway":true,"audit_area_m2":1646.9,"feature_id":"lqv-sw-0059"},"geometry":{"type":"Polygon","coordinates":[[[-57.0774488,-25.6947867],[-57.0775692,-25.6948858],[-57.0776106,-25.6949199],[-57.0777692,-25.6947742],[-57.0778817,-25.6948547],[-57.0779495,-25.694845],[-57.0780111,-25.6948033],[-57.0780465,-25.6947533],[-57.0780527,-25.694702],[-57.0780373,-25.6946562],[-57.0777862,-25.6944438],[-57.0774488,-25.6947867]]]}},{"type":"Feature","properties":{"natural":"water","water":"lake","audit_class":"pond_polygon_depiction","audit_class_label":"Pond (OSM polygon, no JRC verify)","audit_color":"#c4b5fd","audit_schema_version":2,"audit_jrc_occurrence_mean":null,"audit_jrc_occurrence_max":null,"audit_jrc_pixels":0,"audit_dem_slope_proxy_deg":null,"audit_dem_elev_min_m":null,"audit_dem_elev_max_m":null,"audit_centroid_near_waterway":false,"audit_area_m2":1445.4,"feature_id":"lqv-sw-0060"},"geometry":{"type":"Polygon","coordinates":[[[-57.0110757,-25.682804],[-57.0110435,-25.6828814],[-57.0110435,-25.6830023],[-57.0110596,-25.6831086],[-57.0111454,-25.6831715],[-57.0112581,-25.6831715],[-57.01136,-25.6830699],[-57.0114244,-25.6829442],[-57.011419,-25.6828137],[-57.0113278,-25.682746],[-57.0111937,-25.6827557],[-57.0110757,-25.682804]]]}},{"type":"Feature","properties":{"natural":"water","water":"lake","audit_class":"pond_polygon_depiction","audit_class_label":"Pond (OSM polygon, no JRC verify)","audit_color":"#c4b5fd","audit_schema_version":2,"audit_jrc_occurrence_mean":null,"audit_jrc_occurrence_max":null,"audit_jrc_pixels":0,"audit_dem_slope_proxy_deg":null,"audit_dem_elev_min_m":null,"audit_dem_elev_max_m":null,"audit_centroid_near_waterway":false,"audit_area_m2":1326.9,"feature_id":"lqv-sw-0061"},"geometry":{"type":"Polygon","coordinates":[[[-57.0577684,-25.5825567],[-57.0580559,-25.582201],[-57.0578367,-25.5820568],[-57.0575493,-25.5824126],[-57.0577684,-25.5825567]]]}},{"type":"Feature","properties":{"intermittent":"yes","natural":"water","water":"lake","audit_class":"pond_polygon_depiction","audit_class_label":"Pond (OSM polygon, no JRC verify)","audit_color":"#c4b5fd","audit_schema_version":2,"audit_jrc_occurrence_mean":null,"audit_jrc_occurrence_max":null,"audit_jrc_pixels":0,"audit_dem_slope_proxy_deg":null,"audit_dem_elev_min_m":null,"audit_dem_elev_max_m":null,"audit_centroid_near_waterway":true,"audit_area_m2":1282.4,"feature_id":"lqv-sw-0062"},"geometry":{"type":"Polygon","coordinates":[[[-57.0770421,-25.6951018],[-57.076979,-25.6951643],[-57.0769173,-25.6952628],[-57.0768881,-25.6953489],[-57.0769019,-25.6954225],[-57.0769512,-25.6954821],[-57.077056,-25.695471],[-57.0771931,-25.6954502],[-57.0772763,-25.6953989],[-57.0772994,-25.6953239],[-57.0772824,-25.6952364],[-57.0772208,-25.6951754],[-57.0771161,-25.6950893],[-57.0770421,-25.6951018]]]}},{"type":"Feature","properties":{"intermittent":"yes","natural":"water","water":"basin","audit_class":"pond_polygon_depiction","audit_class_label":"Pond (OSM polygon, no JRC verify)","audit_color":"#c4b5fd","audit_schema_version":2,"audit_jrc_occurrence_mean":null,"audit_jrc_occurrence_max":null,"audit_jrc_pixels":0,"audit_dem_slope_proxy_deg":null,"audit_dem_elev_min_m":null,"audit_dem_elev_max_m":null,"audit_centroid_near_waterway":false,"audit_area_m2":1255.6,"feature_id":"lqv-sw-0063"},"geometry":{"type":"Polygon","coordinates":[[[-57.0972076,-25.6696787],[-57.0976034,-25.6697851],[-57.0976902,-25.6695227],[-57.0972944,-25.6694164],[-57.0972076,-25.6696787]]]}},{"type":"Feature","properties":{"intermittent":"yes","natural":"water","water":"basin","audit_class":"pond_polygon_depiction","audit_class_label":"Pond (OSM polygon, no JRC verify)","audit_color":"#c4b5fd","audit_schema_version":2,"audit_jrc_occurrence_mean":null,"audit_jrc_occurrence_max":null,"audit_jrc_pixels":0,"audit_dem_slope_proxy_deg":null,"audit_dem_elev_min_m":null,"audit_dem_elev_max_m":null,"audit_centroid_near_waterway":true,"audit_area_m2":1157.5,"feature_id":"lqv-sw-0064"},"geometry":{"type":"Polygon","coordinates":[[[-57.0939361,-25.6739541],[-57.0938851,-25.6739758],[-57.0938556,-25.6741112],[-57.0939066,-25.6742127],[-57.0940192,-25.6743118],[-57.0941265,-25.6743408],[-57.0942204,-25.6743118],[-57.0942606,-25.674191],[-57.0942446,-25.6740653],[-57.0940514,-25.6740266],[-57.0939361,-25.6739541]]]}},{"type":"Feature","properties":{"intermittent":"yes","name":"Aqua Basin","natural":"water","water":"basin","audit_class":"pond_polygon_depiction","audit_class_label":"Pond (OSM polygon, no JRC verify)","audit_color":"#c4b5fd","audit_schema_version":2,"audit_jrc_occurrence_mean":null,"audit_jrc_occurrence_max":null,"audit_jrc_pixels":0,"audit_dem_slope_proxy_deg":null,"audit_dem_elev_min_m":null,"audit_dem_elev_max_m":null,"audit_centroid_near_waterway":false,"audit_area_m2":824.7,"feature_id":"lqv-sw-0065"},"geometry":{"type":"Polygon","coordinates":[[[-57.0297889,-25.5998394],[-57.0297942,-25.5998781],[-57.0298117,-25.5999108],[-57.0298452,-25.599935],[-57.0299713,-25.5999531],[-57.0300102,-25.5999229],[-57.0300611,-25.5998987],[-57.0301134,-25.5998805],[-57.0301563,-25.599866],[-57.0301791,-25.5998213],[-57.0302019,-25.5997886],[-57.0302113,-25.5997475],[-57.0301966,-25.5997245],[-57.0301349,-25.5997076],[-57.0300759,-25.5996991],[-57.0300249,-25.5997015],[-57.0299592,-25.5997185],[-57.0298908,-25.5997414],[-57.0298291,-25.5997765],[-57.0297983,-25.5997995],[-57.0297889,-25.5998394]]]}},{"type":"Feature","properties":{"basin":"evaporation","intermittent":"yes","natural":"water","water":"basin","audit_class":"pond_polygon_depiction","audit_class_label":"Pond (OSM polygon, no JRC verify)","audit_color":"#c4b5fd","audit_schema_version":2,"audit_jrc_occurrence_mean":null,"audit_jrc_occurrence_max":null,"audit_jrc_pixels":0,"audit_dem_slope_proxy_deg":null,"audit_dem_elev_min_m":null,"audit_dem_elev_max_m":null,"audit_centroid_near_waterway":false,"audit_area_m2":777.3,"feature_id":"lqv-sw-0066"},"geometry":{"type":"Polygon","coordinates":[[[-57.0232401,-25.6396811],[-57.02312,-25.6394089],[-57.0230152,-25.6394464],[-57.0232509,-25.6399214],[-57.0233973,-25.6398561],[-57.023328,-25.6396547],[-57.0232401,-25.6396811]]]}},{"type":"Feature","properties":{"natural":"water","water":"lake","audit_class":"pond_polygon_depiction","audit_class_label":"Pond (OSM polygon, no JRC verify)","audit_color":"#c4b5fd","audit_schema_version":2,"audit_jrc_occurrence_mean":null,"audit_jrc_occurrence_max":null,"audit_jrc_pixels":0,"audit_dem_slope_proxy_deg":null,"audit_dem_elev_min_m":null,"audit_dem_elev_max_m":null,"audit_centroid_near_waterway":false,"audit_area_m2":702.2,"feature_id":"lqv-sw-0067"},"geometry":{"type":"Polygon","coordinates":[[[-57.0824156,-25.695692],[-57.0825254,-25.6957951],[-57.0825324,-25.6958835],[-57.0825534,-25.6959508],[-57.0826468,-25.6958435],[-57.0826515,-25.6957467],[-57.0825838,-25.6956457],[-57.0825067,-25.695551],[-57.0824743,-25.6955188],[-57.0824623,-25.6955069],[-57.0824086,-25.6954963],[-57.0823246,-25.6955658],[-57.0824156,-25.695692]]]}},{"type":"Feature","properties":{"intermittent":"yes","natural":"water","water":"lake","audit_class":"pond_polygon_depiction","audit_class_label":"Pond (OSM polygon, no JRC verify)","audit_color":"#c4b5fd","audit_schema_version":2,"audit_jrc_occurrence_mean":null,"audit_jrc_occurrence_max":null,"audit_jrc_pixels":0,"audit_dem_slope_proxy_deg":null,"audit_dem_elev_min_m":null,"audit_dem_elev_max_m":null,"audit_centroid_near_waterway":true,"audit_area_m2":688.0,"feature_id":"lqv-sw-0068"},"geometry":{"type":"Polygon","coordinates":[[[-57.0302504,-25.6528618],[-57.0301955,-25.6529017],[-57.0301318,-25.6529208],[-57.0300858,-25.6529399],[-57.0300752,-25.6530101],[-57.0300524,-25.6530402],[-57.030119,-25.6530927],[-57.0301636,-25.6531425],[-57.0302114,-25.6532159],[-57.0302468,-25.6532685],[-57.0303052,-25.6533371],[-57.0302822,-25.6528506],[-57.0302504,-25.6528618]]]}},{"type":"Feature","properties":{"intermittent":"yes","natural":"water","water":"basin","audit_class":"pond_polygon_depiction","audit_class_label":"Pond (OSM polygon, no JRC verify)","audit_color":"#c4b5fd","audit_schema_version":2,"audit_jrc_occurrence_mean":null,"audit_jrc_occurrence_max":null,"audit_jrc_pixels":0,"audit_dem_slope_proxy_deg":null,"audit_dem_elev_min_m":null,"audit_dem_elev_max_m":null,"audit_centroid_near_waterway":true,"audit_area_m2":638.7,"feature_id":"lqv-sw-0069"},"geometry":{"type":"Polygon","coordinates":[[[-57.0118538,-25.6667384],[-57.0117911,-25.6667744],[-57.0116999,-25.666812],[-57.0116201,-25.6668617],[-57.0115535,-25.6669114],[-57.0115801,-25.6669354],[-57.0116676,-25.6669131],[-57.0117626,-25.6668823],[-57.0118785,-25.6668343],[-57.0119584,-25.6668035],[-57.0120116,-25.6667624],[-57.0120743,-25.6667058],[-57.0121161,-25.666663],[-57.012061,-25.6666031],[-57.0120078,-25.6665808],[-57.011945,-25.6666562],[-57.0118538,-25.6667384]]]}},{"type":"Feature","properties":{"basin":"infiltration","intermittent":"yes","natural":"water","water":"basin","audit_class":"pond_polygon_depiction","audit_class_label":"Pond (OSM polygon, no JRC verify)","audit_color":"#c4b5fd","audit_schema_version":2,"audit_jrc_occurrence_mean":null,"audit_jrc_occurrence_max":null,"audit_jrc_pixels":0,"audit_dem_slope_proxy_deg":null,"audit_dem_elev_min_m":null,"audit_dem_elev_max_m":null,"audit_centroid_near_waterway":true,"audit_area_m2":579.5,"feature_id":"lqv-sw-0070"},"geometry":{"type":"Polygon","coordinates":[[[-57.0168307,-25.6647123],[-57.0167743,-25.6646567],[-57.0166885,-25.6646518],[-57.0166322,-25.6647183],[-57.0166161,-25.6648017],[-57.0166067,-25.6648948],[-57.0167583,-25.6648972],[-57.016836,-25.6648948],[-57.0168655,-25.6648344],[-57.016887,-25.664815],[-57.0168307,-25.6647123]]]}},{"type":"Feature","properties":{"intermittent":"yes","natural":"water","water":"basin","audit_class":"pond_polygon_depiction","audit_class_label":"Pond (OSM polygon, no JRC verify)","audit_color":"#c4b5fd","audit_schema_version":2,"audit_jrc_occurrence_mean":null,"audit_jrc_occurrence_max":null,"audit_jrc_pixels":0,"audit_dem_slope_proxy_deg":null,"audit_dem_elev_min_m":null,"audit_dem_elev_max_m":null,"audit_centroid_near_waterway":false,"audit_area_m2":545.6,"feature_id":"lqv-sw-0071"},"geometry":{"type":"Polygon","coordinates":[[[-57.0971696,-25.6700323],[-57.0975086,-25.6701048],[-57.0975448,-25.6699676],[-57.0972058,-25.6698951],[-57.0971696,-25.6700323]]]}},{"type":"Feature","properties":{"intermittent":"yes","name":"Aqua Basin","natural":"water","water":"basin","audit_class":"pond_polygon_depiction","audit_class_label":"Pond (OSM polygon, no JRC verify)","audit_color":"#c4b5fd","audit_schema_version":2,"audit_jrc_occurrence_mean":null,"audit_jrc_occurrence_max":null,"audit_jrc_pixels":0,"audit_dem_slope_proxy_deg":null,"audit_dem_elev_min_m":null,"audit_dem_elev_max_m":null,"audit_centroid_near_waterway":false,"audit_area_m2":538.6,"feature_id":"lqv-sw-0072"},"geometry":{"type":"Polygon","coordinates":[[[-57.0275826,-25.600702],[-57.027544,-25.6006709],[-57.0275115,-25.6006269],[-57.0274993,-25.600559],[-57.0274404,-25.600515],[-57.0273916,-25.6005242],[-57.027355,-25.6005499],[-57.0273407,-25.6005939],[-57.0273509,-25.6006379],[-57.0273875,-25.60068],[-57.0274261,-25.6007039],[-57.0274282,-25.6007772],[-57.0274464,-25.6008249],[-57.0274871,-25.6008505],[-57.027542,-25.600834],[-57.0276009,-25.6007864],[-57.0276009,-25.6007387],[-57.0275826,-25.600702]]]}},{"type":"Feature","properties":{"basin":"infiltration","intermittent":"yes","natural":"water","water":"basin","audit_class":"pond_polygon_depiction","audit_class_label":"Pond (OSM polygon, no JRC verify)","audit_color":"#c4b5fd","audit_schema_version":2,"audit_jrc_occurrence_mean":null,"audit_jrc_occurrence_max":null,"audit_jrc_pixels":0,"audit_dem_slope_proxy_deg":null,"audit_dem_elev_min_m":null,"audit_dem_elev_max_m":null,"audit_centroid_near_waterway":true,"audit_area_m2":453.0,"feature_id":"lqv-sw-0073"},"geometry":{"type":"Polygon","coordinates":[[[-57.0208342,-25.6561831],[-57.0209793,-25.656148],[-57.0209926,-25.6561711],[-57.0209492,-25.6562094],[-57.0209386,-25.6562604],[-57.0209483,-25.6563011],[-57.0210059,-25.6563282],[-57.0210696,-25.656329],[-57.0211111,-25.6563067],[-57.0211014,-25.6562429],[-57.0210014,-25.6560523],[-57.0208139,-25.6561089],[-57.0208342,-25.6561831]]]}},{"type":"Feature","properties":{"basin":"evaporation","intermittent":"yes","natural":"water","water":"basin","audit_class":"pond_polygon_depiction","audit_class_label":"Pond (OSM polygon, no JRC verify)","audit_color":"#c4b5fd","audit_schema_version":2,"audit_jrc_occurrence_mean":null,"audit_jrc_occurrence_max":null,"audit_jrc_pixels":0,"audit_dem_slope_proxy_deg":null,"audit_dem_elev_min_m":null,"audit_dem_elev_max_m":null,"audit_centroid_near_waterway":true,"audit_area_m2":428.7,"feature_id":"lqv-sw-0074"},"geometry":{"type":"Polygon","coordinates":[[[-57.0097945,-25.6668103],[-57.0095717,-25.6667082],[-57.0095257,-25.6667896],[-57.0098004,-25.6669155],[-57.0099298,-25.6668979],[-57.0099169,-25.6668209],[-57.0099125,-25.6667943],[-57.0098225,-25.6668065],[-57.0097945,-25.6668103]]]}},{"type":"Feature","properties":{"natural":"water","water":"lake","audit_class":"pond_polygon_depiction","audit_class_label":"Pond (OSM polygon, no JRC verify)","audit_color":"#c4b5fd","audit_schema_version":2,"audit_jrc_occurrence_mean":null,"audit_jrc_occurrence_max":null,"audit_jrc_pixels":0,"audit_dem_slope_proxy_deg":null,"audit_dem_elev_min_m":null,"audit_dem_elev_max_m":null,"audit_centroid_near_waterway":true,"audit_area_m2":418.7,"feature_id":"lqv-sw-0075"},"geometry":{"type":"Polygon","coordinates":[[[-57.0802167,-25.6953176],[-57.0802368,-25.6953611],[-57.0802784,-25.6954251],[-57.0803186,-25.6954638],[-57.0803682,-25.6954493],[-57.0804138,-25.6953889],[-57.0804393,-25.6953031],[-57.0804393,-25.6952451],[-57.0803884,-25.6952173],[-57.0803374,-25.6952161],[-57.0803025,-25.6952269],[-57.0802167,-25.6953176]]]}},{"type":"Feature","properties":{"basin":"evaporation","intermittent":"yes","natural":"water","water":"basin","audit_class":"pond_polygon_depiction","audit_class_label":"Pond (OSM polygon, no JRC verify)","audit_color":"#c4b5fd","audit_schema_version":2,"audit_jrc_occurrence_mean":null,"audit_jrc_occurrence_max":null,"audit_jrc_pixels":0,"audit_dem_slope_proxy_deg":null,"audit_dem_elev_min_m":null,"audit_dem_elev_max_m":null,"audit_centroid_near_waterway":false,"audit_area_m2":374.9,"feature_id":"lqv-sw-0077"},"geometry":{"type":"Polygon","coordinates":[[[-57.0101967,-25.6734457],[-57.0101312,-25.6734114],[-57.0101082,-25.6734114],[-57.0099932,-25.6735039],[-57.010094,-25.6736555],[-57.0102444,-25.6735151],[-57.0102365,-25.673488],[-57.0101967,-25.6734457]]]}},{"type":"Feature","properties":{"natural":"water","water":"lake","audit_class":"pond_polygon_depiction","audit_class_label":"Pond (OSM polygon, no JRC verify)","audit_color":"#c4b5fd","audit_schema_version":2,"audit_jrc_occurrence_mean":null,"audit_jrc_occurrence_max":null,"audit_jrc_pixels":0,"audit_dem_slope_proxy_deg":null,"audit_dem_elev_min_m":null,"audit_dem_elev_max_m":null,"audit_centroid_near_waterway":false,"audit_area_m2":374.6,"feature_id":"lqv-sw-0078"},"geometry":{"type":"Polygon","coordinates":[[[-56.9931072,-25.5720501],[-56.9930854,-25.5721544],[-56.993072,-25.5721801],[-56.9931709,-25.5721771],[-56.9931742,-25.5721106],[-56.9931424,-25.5720728],[-56.9931692,-25.5720547],[-56.993273,-25.5721514],[-56.9933702,-25.5722149],[-56.9934255,-25.5722451],[-56.9934456,-25.5721877],[-56.9933417,-25.5721272],[-56.9932747,-25.5720637],[-56.9932178,-25.5720124],[-56.9931742,-25.5719746],[-56.9931239,-25.5719972],[-56.9931072,-25.5720501]]]}},{"type":"Feature","properties":{"natural":"water","water":"lake","audit_class":"pond_polygon_depiction","audit_class_label":"Pond (OSM polygon, no JRC verify)","audit_color":"#c4b5fd","audit_schema_version":2,"audit_jrc_occurrence_mean":null,"audit_jrc_occurrence_max":null,"audit_jrc_pixels":0,"audit_dem_slope_proxy_deg":null,"audit_dem_elev_min_m":null,"audit_dem_elev_max_m":null,"audit_centroid_near_waterway":false,"audit_area_m2":367.1,"feature_id":"lqv-sw-0079"},"geometry":{"type":"Polygon","coordinates":[[[-57.04133,-25.6747966],[-57.0413138,-25.6748552],[-57.0413178,-25.6749157],[-57.0413443,-25.6749541],[-57.041393,-25.6749688],[-57.041452,-25.6749596],[-57.0414764,-25.6749102],[-57.0414703,-25.6748076],[-57.0414561,-25.6747453],[-57.0414093,-25.674694],[-57.0413727,-25.6747251],[-57.04133,-25.6747966]]]}},{"type":"Feature","properties":{"basin":"evaporation","intermittent":"yes","natural":"water","water":"basin","audit_class":"pond_polygon_depiction","audit_class_label":"Pond (OSM polygon, no JRC verify)","audit_color":"#c4b5fd","audit_schema_version":2,"audit_jrc_occurrence_mean":null,"audit_jrc_occurrence_max":null,"audit_jrc_pixels":0,"audit_dem_slope_proxy_deg":null,"audit_dem_elev_min_m":null,"audit_dem_elev_max_m":null,"audit_centroid_near_waterway":true,"audit_area_m2":345.3,"feature_id":"lqv-sw-0080"},"geometry":{"type":"Polygon","coordinates":[[[-57.0171138,-25.6713159],[-57.0171098,-25.6714972],[-57.0172882,-25.6715008],[-57.0172828,-25.6713292],[-57.0172117,-25.6713183],[-57.0171138,-25.6713159]]]}},{"type":"Feature","properties":{"basin":"evaporation","intermittent":"yes","natural":"water","water":"basin","audit_class":"pond_polygon_depiction","audit_class_label":"Pond (OSM polygon, no JRC verify)","audit_color":"#c4b5fd","audit_schema_version":2,"audit_jrc_occurrence_mean":null,"audit_jrc_occurrence_max":null,"audit_jrc_pixels":0,"audit_dem_slope_proxy_deg":null,"audit_dem_elev_min_m":null,"audit_dem_elev_max_m":null,"audit_centroid_near_waterway":false,"audit_area_m2":343.8,"feature_id":"lqv-sw-0081"},"geometry":{"type":"Polygon","coordinates":[[[-57.0140164,-25.6619905],[-57.0140872,-25.66204],[-57.0142111,-25.6620767],[-57.0142677,-25.6619315],[-57.0140642,-25.6618789],[-57.0140164,-25.6619905]]]}},{"type":"Feature","properties":{"basin":"evaporation","intermittent":"yes","natural":"water","water":"basin","audit_class":"pond_polygon_depiction","audit_class_label":"Pond (OSM polygon, no JRC verify)","audit_color":"#c4b5fd","audit_schema_version":2,"audit_jrc_occurrence_mean":null,"audit_jrc_occurrence_max":null,"audit_jrc_pixels":0,"audit_dem_slope_proxy_deg":null,"audit_dem_elev_min_m":null,"audit_dem_elev_max_m":null,"audit_centroid_near_waterway":true,"audit_area_m2":290.0,"feature_id":"lqv-sw-0082"},"geometry":{"type":"Polygon","coordinates":[[[-57.0095769,-25.6638225],[-57.009663,-25.6639357],[-57.0098199,-25.6638387],[-57.0097337,-25.6637255],[-57.0095769,-25.6638225]]]}},{"type":"Feature","properties":{"basin":"evaporation","intermittent":"yes","natural":"water","water":"basin","audit_class":"pond_polygon_depiction","audit_class_label":"Pond (OSM polygon, no JRC verify)","audit_color":"#c4b5fd","audit_schema_version":2,"audit_jrc_occurrence_mean":null,"audit_jrc_occurrence_max":null,"audit_jrc_pixels":0,"audit_dem_slope_proxy_deg":null,"audit_dem_elev_min_m":null,"audit_dem_elev_max_m":null,"audit_centroid_near_waterway":true,"audit_area_m2":282.0,"feature_id":"lqv-sw-0083"},"geometry":{"type":"Polygon","coordinates":[[[-57.0087681,-25.6653659],[-57.0087792,-25.6653374],[-57.0088155,-25.6653288],[-57.0088456,-25.6653003],[-57.0088286,-25.6652456],[-57.008844,-25.6651963],[-57.0087776,-25.6652077],[-57.0087127,-25.6652219],[-57.0086669,-25.6652561],[-57.0086368,-25.6653075],[-57.0086542,-25.6653231],[-57.0087001,-25.6653531],[-57.008708,-25.665383],[-57.0087396,-25.6654044],[-57.0087792,-25.6653944],[-57.0087681,-25.6653659]]]}},{"type":"Feature","properties":{"basin":"evaporation","intermittent":"yes","natural":"water","water":"basin","audit_class":"pond_polygon_depiction","audit_class_label":"Pond (OSM polygon, no JRC verify)","audit_color":"#c4b5fd","audit_schema_version":2,"audit_jrc_occurrence_mean":null,"audit_jrc_occurrence_max":null,"audit_jrc_pixels":0,"audit_dem_slope_proxy_deg":null,"audit_dem_elev_min_m":null,"audit_dem_elev_max_m":null,"audit_centroid_near_waterway":false,"audit_area_m2":221.7,"feature_id":"lqv-sw-0084"},"geometry":{"type":"Polygon","coordinates":[[[-57.0171876,-25.667201],[-57.017358,-25.6672348],[-57.0173901,-25.6671224],[-57.0172332,-25.6670861],[-57.0171876,-25.667201]]]}},{"type":"Feature","properties":{"basin":"infiltration","intermittent":"yes","natural":"water","water":"basin","audit_class":"pond_polygon_depiction","audit_class_label":"Pond (OSM polygon, no JRC verify)","audit_color":"#c4b5fd","audit_schema_version":2,"audit_jrc_occurrence_mean":null,"audit_jrc_occurrence_max":null,"audit_jrc_pixels":0,"audit_dem_slope_proxy_deg":null,"audit_dem_elev_min_m":null,"audit_dem_elev_max_m":null,"audit_centroid_near_waterway":true,"audit_area_m2":173.6,"feature_id":"lqv-sw-0085"},"geometry":{"type":"Polygon","coordinates":[[[-57.0196547,-25.6567979],[-57.0198635,-25.6567669],[-57.0198502,-25.656694],[-57.0196414,-25.656725],[-57.0196547,-25.6567979]]]}},{"type":"Feature","properties":{"basin":"evaporation","intermittent":"yes","natural":"water","water":"basin","audit_class":"pond_polygon_depiction","audit_class_label":"Pond (OSM polygon, no JRC verify)","audit_color":"#c4b5fd","audit_schema_version":2,"audit_jrc_occurrence_mean":null,"audit_jrc_occurrence_max":null,"audit_jrc_pixels":0,"audit_dem_slope_proxy_deg":null,"audit_dem_elev_min_m":null,"audit_dem_elev_max_m":null,"audit_centroid_near_waterway":false,"audit_area_m2":171.2,"feature_id":"lqv-sw-0086"},"geometry":{"type":"Polygon","coordinates":[[[-57.0056595,-25.6634269],[-57.0057026,-25.6634526],[-57.0057473,-25.663454],[-57.0057866,-25.6634352],[-57.0058035,-25.6634061],[-57.0058012,-25.6633651],[-57.005785,-25.6633269],[-57.005745,-25.6633193],[-57.0056364,-25.6633873],[-57.0056595,-25.6634269]]]}},{"type":"Feature","properties":{"intermittent":"yes","natural":"water","water":"basin","audit_class":"pond_polygon_depiction","audit_class_label":"Pond (OSM polygon, no JRC verify)","audit_color":"#c4b5fd","audit_schema_version":2,"audit_jrc_occurrence_mean":null,"audit_jrc_occurrence_max":null,"audit_jrc_pixels":0,"audit_dem_slope_proxy_deg":null,"audit_dem_elev_min_m":null,"audit_dem_elev_max_m":null,"audit_centroid_near_waterway":false,"audit_area_m2":158.3,"feature_id":"lqv-sw-0087"},"geometry":{"type":"Polygon","coordinates":[[[-57.0628051,-25.6831946],[-57.062918,-25.6832355],[-57.0629664,-25.6831267],[-57.0628535,-25.6830859],[-57.0628051,-25.6831946]]]}},{"type":"Feature","properties":{"intermittent":"yes","natural":"water","water":"basin","audit_class":"pond_polygon_depiction","audit_class_label":"Pond (OSM polygon, no JRC verify)","audit_color":"#c4b5fd","audit_schema_version":2,"audit_jrc_occurrence_mean":null,"audit_jrc_occurrence_max":null,"audit_jrc_pixels":0,"audit_dem_slope_proxy_deg":null,"audit_dem_elev_min_m":null,"audit_dem_elev_max_m":null,"audit_centroid_near_waterway":true,"audit_area_m2":126.4,"feature_id":"lqv-sw-0088"},"geometry":{"type":"Polygon","coordinates":[[[-57.0854876,-25.6919],[-57.085649,-25.6918453],[-57.0856232,-25.6917835],[-57.0854618,-25.6918382],[-57.0854876,-25.6919]]]}},{"type":"Feature","properties":{"natural":"water","water":"lake","audit_class":"pond_polygon_depiction","audit_class_label":"Pond (OSM polygon, no JRC verify)","audit_color":"#c4b5fd","audit_schema_version":2,"audit_jrc_occurrence_mean":null,"audit_jrc_occurrence_max":null,"audit_jrc_pixels":0,"audit_dem_slope_proxy_deg":null,"audit_dem_elev_min_m":null,"audit_dem_elev_max_m":null,"audit_centroid_near_waterway":false,"audit_area_m2":118.5,"feature_id":"lqv-sw-0089"},"geometry":{"type":"Polygon","coordinates":[[[-57.0460253,-25.5877299],[-57.0461163,-25.5877031],[-57.0460779,-25.5875972],[-57.0459869,-25.587624],[-57.0460253,-25.5877299]]]}},{"type":"Feature","properties":{"natural":"water","water":"lake","audit_class":"pond_polygon_depiction","audit_class_label":"Pond (OSM polygon, no JRC verify)","audit_color":"#c4b5fd","audit_schema_version":2,"audit_jrc_occurrence_mean":null,"audit_jrc_occurrence_max":null,"audit_jrc_pixels":0,"audit_dem_slope_proxy_deg":null,"audit_dem_elev_min_m":null,"audit_dem_elev_max_m":null,"audit_centroid_near_waterway":false,"audit_area_m2":77.2,"feature_id":"lqv-sw-0090"},"geometry":{"type":"Polygon","coordinates":[[[-56.9969672,-25.5752038],[-56.9970301,-25.5752389],[-56.9970849,-25.5751591],[-56.997022,-25.575124],[-56.9969672,-25.5752038]]]}},{"type":"Feature","properties":{"natural":"water","water":"lake","audit_class":"pond_polygon_depiction","audit_class_label":"Pond (OSM polygon, no JRC verify)","audit_color":"#c4b5fd","audit_schema_version":2,"audit_jrc_occurrence_mean":null,"audit_jrc_occurrence_max":null,"audit_jrc_pixels":0,"audit_dem_slope_proxy_deg":null,"audit_dem_elev_min_m":null,"audit_dem_elev_max_m":null,"audit_centroid_near_waterway":false,"audit_area_m2":40.9,"feature_id":"lqv-sw-0091"},"geometry":{"type":"Polygon","coordinates":[[[-56.9973492,-25.5755846],[-56.9974078,-25.5756097],[-56.9974348,-25.5755585],[-56.9973761,-25.5755334],[-56.9973492,-25.5755846]]]}},{"type":"Feature","properties":{"natural":"water","audit_class":"stream_polygon_depiction","audit_class_label":"Stream centre-line depiction","audit_color":"#a78bfa","audit_schema_version":2,"audit_jrc_occurrence_mean":16.79,"audit_jrc_occurrence_max":30.0,"audit_jrc_pixels":29,"audit_dem_slope_proxy_deg":null,"audit_dem_elev_min_m":null,"audit_dem_elev_max_m":null,"audit_centroid_near_waterway":false,"audit_area_m2":36103.7,"feature_id":"lqv-sw-0092"},"geometry":{"type":"Polygon","coordinates":[[[-57.1010133,-25.6421684],[-57.1006786,-25.6420727],[-57.100498,-25.6419242],[-57.1003333,-25.6419625],[-57.1000889,-25.6419194],[-57.0997383,-25.6419769],[-57.0992867,-25.6421493],[-57.0988617,-25.6421637],[-57.0984579,-25.6421828],[-57.0984739,-25.6422834],[-57.0997436,-25.6435621],[-57.0998551,-25.6438016],[-57.0999826,-25.6435717],[-57.1003067,-25.6433706],[-57.1008592,-25.6430593],[-57.1014702,-25.6430018],[-57.1016933,-25.6427575],[-57.1018314,-25.6424223],[-57.1014436,-25.6422738],[-57.1013055,-25.6421924],[-57.1010133,-25.6421684]]]}},{"type":"Feature","properties":{"natural":"water","water":"stream","audit_class":"stream_polygon_depiction","audit_class_label":"Stream centre-line depiction","audit_color":"#a78bfa","audit_schema_version":2,"audit_jrc_occurrence_mean":null,"audit_jrc_occurrence_max":null,"audit_jrc_pixels":0,"audit_dem_slope_proxy_deg":null,"audit_dem_elev_min_m":null,"audit_dem_elev_max_m":null,"audit_centroid_near_waterway":true,"audit_area_m2":13548.8,"feature_id":"lqv-sw-0093"},"geometry":{"type":"Polygon","coordinates":[[[-57.1165853,-25.5905813],[-57.1168331,-25.5902879],[-57.1170423,-25.5899561],[-57.1172127,-25.5896207],[-57.1172863,-25.5895404],[-57.1174838,-25.5893692],[-57.1177084,-25.5891806],[-57.117933,-25.5888243],[-57.1180337,-25.5887405],[-57.1182893,-25.5885658],[-57.1190523,-25.588213],[-57.1194319,-25.5880908],[-57.1197301,-25.5880768],[-57.1200709,-25.5880803],[-57.1204349,-25.5880593],[-57.1205899,-25.5880314],[-57.1209345,-25.587972],[-57.1214884,-25.5880558],[-57.1216007,-25.5881117],[-57.1216595,-25.5881271],[-57.1217207,-25.5881432],[-57.1218989,-25.5881292],[-57.1220964,-25.5880803],[-57.1223637,-25.5880978],[-57.1225379,-25.5880803],[-57.1226953,-25.5880134],[-57.1226694,-25.5879759],[-57.1225239,-25.5880462],[-57.1222848,-25.5880462],[-57.1220718,-25.5880462],[-57.1219003,-25.588079],[-57.1216717,-25.5880931],[-57.1214898,-25.5880134],[-57.1209443,-25.5879337],[-57.1206533,-25.5879759],[-57.120461,-25.5880087],[-57.1201493,-25.5880462],[-57.1199206,-25.5880275],[-57.1196193,-25.5880415],[-57.1193958,-25.5880462],[-57.1190113,-25.5881915],[-57.1183202,-25.5885008],[-57.1182503,-25.5885453],[-57.1181436,-25.5886133],[-57.1179357,-25.5887632],[-57.117811,-25.5889601],[-57.1176655,-25.5891756],[-57.1174577,-25.589349],[-57.1172706,-25.5895037],[-57.1171927,-25.5895927],[-57.117015,-25.5899301],[-57.1168186,-25.5902507],[-57.1165473,-25.5905628],[-57.1163603,-25.5908412],[-57.1159685,-25.5910592],[-57.1158017,-25.5912622],[-57.1157767,-25.5914276],[-57.1157642,-25.5916419],[-57.1156975,-25.5917923],[-57.1155808,-25.591999],[-57.1153257,-25.5921162],[-57.1149632,-25.5922733],[-57.114754,-25.5923928],[-57.1143567,-25.5924871],[-57.1141545,-25.5926883],[-57.1139105,-25.5928203],[-57.1133877,-25.5929209],[-57.113067,-25.5929209],[-57.1125302,-25.5927323],[-57.1121538,-25.5925751],[-57.1117494,-25.5925374],[-57.1111314,-25.5923614],[-57.110617,-25.5922939],[-57.1099529,-25.5924457],[-57.1088773,-25.5926988],[-57.1084097,-25.5930109],[-57.1083255,-25.5932049],[-57.1081758,-25.5934664],[-57.1081384,-25.5940315],[-57.1080542,-25.5945883],[-57.1079046,-25.5949763],[-57.1077175,-25.5952378],[-57.107119,-25.5956595],[-57.1065858,-25.5959295],[-57.10667,-25.5959801],[-57.1070628,-25.5957608],[-57.1077269,-25.5953559],[-57.1079607,-25.5950944],[-57.1081197,-25.5947064],[-57.1082132,-25.5941665],[-57.1082507,-25.5934917],[-57.1084097,-25.5932471],[-57.1084381,-25.593118],[-57.1088813,-25.5927809],[-57.1097938,-25.5925615],[-57.1102023,-25.5924596],[-57.1106802,-25.5923734],[-57.1110365,-25.5924204],[-57.1117488,-25.5926146],[-57.1121229,-25.5926428],[-57.1122788,-25.592699],[-57.1124866,-25.5927927],[-57.1127984,-25.5928958],[-57.113027,-25.5929755],[-57.1132349,-25.5929989],[-57.1135102,-25.5929661],[-57.1137441,-25.5929146],[-57.1140299,-25.5928349],[-57.1142273,-25.5926943],[-57.1143468,-25.5925678],[-57.1145131,-25.5924881],[-57.1147885,-25.5924412],[-57.114934,-25.5923475],[-57.1151002,-25.5922632],[-57.1152925,-25.5921976],[-57.1153964,-25.5921554],[-57.1155174,-25.5921109],[-57.115569,-25.5920817],[-57.1157798,-25.5917782],[-57.1158247,-25.5915881],[-57.1158247,-25.591406],[-57.1158695,-25.5912401],[-57.1159548,-25.5911552],[-57.1161925,-25.5909893],[-57.1163955,-25.5908607],[-57.1165853,-25.5905813]]]}},{"type":"Feature","properties":{"natural":"water","water":"stream","audit_class":"stream_polygon_depiction","audit_class_label":"Stream centre-line depiction","audit_color":"#a78bfa","audit_schema_version":2,"audit_jrc_occurrence_mean":null,"audit_jrc_occurrence_max":null,"audit_jrc_pixels":0,"audit_dem_slope_proxy_deg":null,"audit_dem_elev_min_m":null,"audit_dem_elev_max_m":null,"audit_centroid_near_waterway":true,"audit_area_m2":13221.8,"feature_id":"lqv-sw-0094"},"geometry":{"type":"Polygon","coordinates":[[[-57.1241404,-25.5423438],[-57.1239744,-25.5432666],[-57.1238802,-25.5434245],[-57.1238174,-25.5436228],[-57.1238264,-25.5437766],[-57.1239116,-25.543898],[-57.1240238,-25.5439466],[-57.124275,-25.5439709],[-57.1246114,-25.5439587],[-57.1250286,-25.5440194],[-57.1252036,-25.5441449],[-57.125863,-25.5448492],[-57.1260873,-25.5452661],[-57.1261052,-25.5453753],[-57.1260649,-25.5460756],[-57.1261008,-25.5462496],[-57.126343,-25.5467677],[-57.1264552,-25.5471764],[-57.1265538,-25.5473424],[-57.1267557,-25.5475367],[-57.1268187,-25.5477574],[-57.1269435,-25.5478098],[-57.126832,-25.5474598],[-57.1265449,-25.5471886],[-57.1264552,-25.5467636],[-57.1261815,-25.5461444],[-57.1262084,-25.5453065],[-57.1259437,-25.5448289],[-57.1252574,-25.5440842],[-57.125051,-25.5439223],[-57.1246563,-25.5438616],[-57.1243198,-25.5438818],[-57.1241224,-25.5438656],[-57.1239834,-25.5438211],[-57.1239385,-25.5437159],[-57.1239385,-25.5435945],[-57.1240058,-25.5434407],[-57.1240776,-25.5432221],[-57.1242256,-25.5422628],[-57.1242211,-25.5420119],[-57.1241808,-25.5418823],[-57.1242032,-25.5417083],[-57.1241628,-25.5416112],[-57.12362,-25.5403483],[-57.1235168,-25.5398909],[-57.1231894,-25.5393364],[-57.1226869,-25.5387778],[-57.1225165,-25.5380776],[-57.1224357,-25.5380857],[-57.1225972,-25.5388062],[-57.1226645,-25.5389235],[-57.1230593,-25.5393566],[-57.1234047,-25.5399193],[-57.1235079,-25.5403078],[-57.1237905,-25.5411295],[-57.123934,-25.5413521],[-57.1239744,-25.541425],[-57.1240238,-25.5415828],[-57.1240821,-25.5417204],[-57.1240731,-25.5418257],[-57.1241269,-25.5421454],[-57.1241404,-25.5423438]]]}},{"type":"Feature","properties":{"natural":"water","water":"stream","audit_class":"stream_polygon_depiction","audit_class_label":"Stream centre-line depiction","audit_color":"#a78bfa","audit_schema_version":2,"audit_jrc_occurrence_mean":null,"audit_jrc_occurrence_max":null,"audit_jrc_pixels":0,"audit_dem_slope_proxy_deg":null,"audit_dem_elev_min_m":null,"audit_dem_elev_max_m":null,"audit_centroid_near_waterway":true,"audit_area_m2":11857.2,"feature_id":"lqv-sw-0095"},"geometry":{"type":"Polygon","coordinates":[[[-57.1036895,-25.570542],[-57.1033178,-25.570566],[-57.1027915,-25.5704876],[-57.1021952,-25.5704941],[-57.1018789,-25.5706879],[-57.101792,-25.5708665],[-57.1017437,-25.5710168],[-57.1017365,-25.5713347],[-57.1016182,-25.5715176],[-57.1012271,-25.5717049],[-57.101075,-25.5718029],[-57.1004063,-25.5721687],[-57.1001697,-25.5723342],[-57.0994962,-25.5726304],[-57.0986875,-25.5729331],[-57.098294,-25.5731465],[-57.0977315,-25.5735015],[-57.0972535,-25.5737149],[-57.0967127,-25.5737562],[-57.0964906,-25.5738172],[-57.0961888,-25.5739675],[-57.0955805,-25.5742179],[-57.0953053,-25.5742876],[-57.0951363,-25.5744117],[-57.0949166,-25.5745881],[-57.0942575,-25.5747209],[-57.0935816,-25.5749561],[-57.0932533,-25.5750192],[-57.0932653,-25.5750672],[-57.0934947,-25.5750323],[-57.0942237,-25.5747884],[-57.0949142,-25.5746643],[-57.0950711,-25.5745968],[-57.0952932,-25.5743812],[-57.0955056,-25.5743072],[-57.095764,-25.5742353],[-57.096382,-25.5739413],[-57.0966282,-25.5738651],[-57.0971062,-25.5737954],[-57.0972969,-25.5737976],[-57.097647,-25.5736452],[-57.0979584,-25.5734405],[-57.098574,-25.573079],[-57.0995614,-25.5726718],[-57.0999597,-25.5725019],[-57.1007853,-25.572049],[-57.1011595,-25.5718421],[-57.1016955,-25.5715721],[-57.1018065,-25.5713783],[-57.1018307,-25.5711975],[-57.1018234,-25.5709536],[-57.1019369,-25.5707533],[-57.1021155,-25.5706204],[-57.1022749,-25.5705529],[-57.1026684,-25.5705464],[-57.1032091,-25.5706139],[-57.1033733,-25.5706466],[-57.103605,-25.5706117],[-57.1037282,-25.5706183],[-57.103943,-25.5706052],[-57.1046842,-25.5704484],[-57.1049811,-25.5704353],[-57.1052346,-25.5703831],[-57.1055098,-25.5702785],[-57.1056184,-25.5702524],[-57.1057102,-25.5702676],[-57.1057922,-25.5703221],[-57.1059661,-25.570566],[-57.1061664,-25.5706618],[-57.1064392,-25.5707467],[-57.1065648,-25.5707663],[-57.1065986,-25.5707162],[-57.1064344,-25.5706966],[-57.106135,-25.5705769],[-57.1060047,-25.5705246],[-57.1059202,-25.5703744],[-57.1058212,-25.5702415],[-57.1056981,-25.5701892],[-57.1055484,-25.5701958],[-57.1052032,-25.5703243],[-57.1049739,-25.5703809],[-57.1046793,-25.5703896],[-57.1038489,-25.5705551],[-57.1036895,-25.570542]]]}},{"type":"Feature","properties":{"natural":"water","water":"stream","audit_class":"stream_polygon_depiction","audit_class_label":"Stream centre-line depiction","audit_color":"#a78bfa","audit_schema_version":2,"audit_jrc_occurrence_mean":null,"audit_jrc_occurrence_max":null,"audit_jrc_pixels":0,"audit_dem_slope_proxy_deg":null,"audit_dem_elev_min_m":null,"audit_dem_elev_max_m":null,"audit_centroid_near_waterway":true,"audit_area_m2":9483.6,"feature_id":"lqv-sw-0097"},"geometry":{"type":"Polygon","coordinates":[[[-57.1002158,-25.5761694],[-57.100452,-25.5758626],[-57.1006663,-25.5755361],[-57.1009304,-25.5752474],[-57.10144,-25.5748663],[-57.1017165,-25.5745524],[-57.1019744,-25.5741839],[-57.1023348,-25.5736219],[-57.1031581,-25.5731497],[-57.1038479,-25.5725948],[-57.1041477,-25.5724939],[-57.1046091,-25.5722641],[-57.1051823,-25.5722038],[-57.1059792,-25.5719656],[-57.1061408,-25.5718717],[-57.1063443,-25.5716573],[-57.1064266,-25.5715424],[-57.106509,-25.5712748],[-57.1065198,-25.5711416],[-57.1065416,-25.570902],[-57.1066239,-25.5707591],[-57.1068197,-25.5706231],[-57.1070822,-25.5705671],[-57.1075141,-25.5705138],[-57.1076011,-25.5704746],[-57.1079149,-25.5702812],[-57.1080438,-25.5701635],[-57.1081122,-25.5700626],[-57.1081588,-25.5699197],[-57.1081836,-25.5698636],[-57.1082115,-25.5698317],[-57.1082722,-25.569795],[-57.1084042,-25.5697291],[-57.1086341,-25.5697081],[-57.1090924,-25.5697922],[-57.1092742,-25.5698202],[-57.109308,-25.5698344],[-57.1093402,-25.569848],[-57.1094342,-25.5698875],[-57.1095274,-25.5699029],[-57.1095212,-25.5698818],[-57.1094388,-25.5698552],[-57.109274,-25.5697755],[-57.1091286,-25.5697654],[-57.1086253,-25.5696696],[-57.1083652,-25.5697049],[-57.1082618,-25.5697503],[-57.1081668,-25.5698249],[-57.108097,-25.5699352],[-57.1080615,-25.5700694],[-57.107909,-25.5702376],[-57.1075839,-25.5704316],[-57.1074958,-25.5704673],[-57.1070747,-25.5705242],[-57.1067994,-25.5705761],[-57.1065986,-25.5707162],[-57.1065648,-25.5707663],[-57.1064844,-25.570911],[-57.1064594,-25.5712383],[-57.1063478,-25.5715552],[-57.1061318,-25.5718062],[-57.105963,-25.5719151],[-57.1051996,-25.5721352],[-57.1045896,-25.5722107],[-57.104119,-25.5724465],[-57.1038366,-25.5725377],[-57.1031332,-25.5731061],[-57.1023133,-25.5735533],[-57.1018163,-25.5743301],[-57.1014327,-25.5748035],[-57.1009226,-25.5751838],[-57.1006388,-25.575485],[-57.1001765,-25.5761316],[-57.0997826,-25.577119],[-57.0994794,-25.5775717],[-57.0992959,-25.5777924],[-57.0986985,-25.5784835],[-57.0982837,-25.5787162],[-57.0983151,-25.5787791],[-57.0987404,-25.5785527],[-57.0993469,-25.5778358],[-57.099556,-25.5775969],[-57.0998181,-25.5771812],[-57.1002158,-25.5761694]]]}},{"type":"Feature","properties":{"natural":"water","water":"stream","audit_class":"stream_polygon_depiction","audit_class_label":"Stream centre-line depiction","audit_color":"#a78bfa","audit_schema_version":2,"audit_jrc_occurrence_mean":null,"audit_jrc_occurrence_max":null,"audit_jrc_pixels":0,"audit_dem_slope_proxy_deg":null,"audit_dem_elev_min_m":null,"audit_dem_elev_max_m":null,"audit_centroid_near_waterway":true,"audit_area_m2":8399.6,"feature_id":"lqv-sw-0099"},"geometry":{"type":"Polygon","coordinates":[[[-57.1294429,-25.5569938],[-57.1288817,-25.5566774],[-57.128255,-25.5559686],[-57.1280306,-25.5555889],[-57.1279324,-25.5551923],[-57.1277734,-25.5547114],[-57.127736,-25.5540701],[-57.1276097,-25.5534921],[-57.1273398,-25.5530661],[-57.1272959,-25.5530944],[-57.1274276,-25.5533038],[-57.1275782,-25.5535133],[-57.1276409,-25.553768],[-57.1276849,-25.554068],[-57.1276849,-25.5544133],[-57.1277351,-25.5547529],[-57.1278794,-25.5551831],[-57.1280048,-25.5556472],[-57.1281868,-25.5559755],[-57.1284851,-25.5563216],[-57.1288645,-25.5567229],[-57.1294139,-25.5570297],[-57.1298717,-25.5571831],[-57.129997,-25.557175566038218],[-57.129997,-25.55713269854504],[-57.1298871,-25.5571415],[-57.1294429,-25.5569938]]]}},{"type":"Feature","properties":{"natural":"water","audit_class":"stream_polygon_depiction","audit_class_label":"Stream centre-line depiction","audit_color":"#a78bfa","audit_schema_version":2,"audit_jrc_occurrence_mean":9.2,"audit_jrc_occurrence_max":12.0,"audit_jrc_pixels":5,"audit_dem_slope_proxy_deg":null,"audit_dem_elev_min_m":null,"audit_dem_elev_max_m":null,"audit_centroid_near_waterway":true,"audit_area_m2":6876.1,"feature_id":"lqv-sw-0102"},"geometry":{"type":"Polygon","coordinates":[[[-57.1221869,-25.6235427],[-57.1221211,-25.6235567],[-57.1220049,-25.6235951],[-57.1219391,-25.6235846],[-57.1219081,-25.6234834],[-57.1218965,-25.6233856],[-57.1217958,-25.6232738],[-57.1217338,-25.6231621],[-57.1216525,-25.6230748],[-57.1215479,-25.6230399],[-57.1214898,-25.6230643],[-57.1214705,-25.6231446],[-57.1214937,-25.623204],[-57.1215518,-25.6232669],[-57.1216099,-25.6233891],[-57.1216564,-25.6234938],[-57.1217222,-25.6235462],[-57.1217919,-25.6235811],[-57.1218229,-25.6236545],[-57.1218035,-25.6237104],[-57.1217842,-25.6237523],[-57.121819,-25.6238815],[-57.1218694,-25.6240002],[-57.121943,-25.6240281],[-57.1220282,-25.6240421],[-57.1221637,-25.6240281],[-57.1222683,-25.6240142],[-57.122307,-25.6239234],[-57.1223186,-25.62385],[-57.1223767,-25.6237802],[-57.1225471,-25.6236824],[-57.1225975,-25.6235497],[-57.1225859,-25.6234519],[-57.1225239,-25.6233262],[-57.1224929,-25.6233018],[-57.1224348,-25.6232913],[-57.1224426,-25.6232599],[-57.1225161,-25.6232285],[-57.1226207,-25.623211],[-57.1226401,-25.6231412],[-57.1225936,-25.6230713],[-57.1224813,-25.6230224],[-57.1223264,-25.62297],[-57.1221289,-25.6230469],[-57.1221366,-25.6230818],[-57.1221831,-25.6230923],[-57.1221869,-25.6231726],[-57.122125,-25.6232215],[-57.1221211,-25.6232808],[-57.1221598,-25.6233367],[-57.1221869,-25.6233751],[-57.1221947,-25.6234485],[-57.1221986,-25.6235183],[-57.1221869,-25.6235427]]]}},{"type":"Feature","properties":{"natural":"water","water":"stream","audit_class":"stream_polygon_depiction","audit_class_label":"Stream centre-line depiction","audit_color":"#a78bfa","audit_schema_version":2,"audit_jrc_occurrence_mean":null,"audit_jrc_occurrence_max":null,"audit_jrc_pixels":0,"audit_dem_slope_proxy_deg":null,"audit_dem_elev_min_m":null,"audit_dem_elev_max_m":null,"audit_centroid_near_waterway":true,"audit_area_m2":6691.8,"feature_id":"lqv-sw-0103"},"geometry":{"type":"Polygon","coordinates":[[[-57.1150816,-25.5881913],[-57.1154792,-25.5881507],[-57.1159294,-25.5880221],[-57.1163571,-25.5879612],[-57.1167172,-25.587995],[-57.1171148,-25.5881507],[-57.11749,-25.5883334],[-57.1178201,-25.5884213],[-57.1180977,-25.5884687],[-57.1182503,-25.5885453],[-57.1183202,-25.5885008],[-57.1181127,-25.588401],[-57.1178726,-25.5883875],[-57.11755,-25.5882792],[-57.1171899,-25.5881236],[-57.1167922,-25.5879544],[-57.1163796,-25.5879138],[-57.1159069,-25.5879612],[-57.1154717,-25.5880965],[-57.1150366,-25.5881236],[-57.1147215,-25.5881439],[-57.1141287,-25.5883469],[-57.1138286,-25.5885026],[-57.1115703,-25.589098],[-57.1104524,-25.5894702],[-57.1099647,-25.5895243],[-57.109327,-25.5896529],[-57.109342,-25.5897138],[-57.1098822,-25.5896123],[-57.1104824,-25.5895176],[-57.1113227,-25.5892469],[-57.112028,-25.5890507],[-57.1137836,-25.5885973],[-57.1141362,-25.588416],[-57.114699,-25.5882116],[-57.1150816,-25.5881913]]]}},{"type":"Feature","properties":{"natural":"water","water":"stream","audit_class":"stream_polygon_depiction","audit_class_label":"Stream centre-line depiction","audit_color":"#a78bfa","audit_schema_version":2,"audit_jrc_occurrence_mean":null,"audit_jrc_occurrence_max":null,"audit_jrc_pixels":0,"audit_dem_slope_proxy_deg":null,"audit_dem_elev_min_m":null,"audit_dem_elev_max_m":null,"audit_centroid_near_waterway":true,"audit_area_m2":6691.0,"feature_id":"lqv-sw-0104"},"geometry":{"type":"Polygon","coordinates":[[[-57.1274874,-25.5600967],[-57.1270581,-25.5602716],[-57.12701,-25.5602783],[-57.1263704,-25.5603675],[-57.1256597,-25.5605235],[-57.1244676,-25.5607096],[-57.1230671,-25.561347],[-57.1222772,-25.5615106],[-57.121727,-25.5614748],[-57.1211205,-25.5613019],[-57.1199847,-25.5612342],[-57.118703,-25.5614128],[-57.117984,-25.5614579],[-57.1174171,-25.5611834],[-57.1168148,-25.5609635],[-57.1164542,-25.5606946],[-57.1162667,-25.5603167],[-57.1159332,-25.5599783],[-57.1156519,-25.5597846],[-57.1156081,-25.5598091],[-57.1161875,-25.5603129],[-57.1164084,-25.560719],[-57.1167439,-25.5609823],[-57.1173712,-25.5612041],[-57.117943,-25.5614919],[-57.1186315,-25.5614607],[-57.1199724,-25.5612745],[-57.1210924,-25.5613344],[-57.1216899,-25.5615167],[-57.122286,-25.5615622],[-57.1230842,-25.5613826],[-57.1244857,-25.5607406],[-57.1256447,-25.5605753],[-57.126365,-25.560406],[-57.1270664,-25.5603122],[-57.1274951,-25.5601456],[-57.1279295,-25.5598578],[-57.1285256,-25.5592793],[-57.1285793,-25.5592107],[-57.1286151,-25.5591798],[-57.1285927,-25.5591623],[-57.1285026,-25.5592672],[-57.1279022,-25.5598335],[-57.1274874,-25.5600967]]]}},{"type":"Feature","properties":{"natural":"water","water":"stream","audit_class":"stream_polygon_depiction","audit_class_label":"Stream centre-line depiction","audit_color":"#a78bfa","audit_schema_version":2,"audit_jrc_occurrence_mean":null,"audit_jrc_occurrence_max":null,"audit_jrc_pixels":0,"audit_dem_slope_proxy_deg":null,"audit_dem_elev_min_m":null,"audit_dem_elev_max_m":null,"audit_centroid_near_waterway":true,"audit_area_m2":5773.4,"feature_id":"lqv-sw-0105"},"geometry":{"type":"Polygon","coordinates":[[[-57.1276901,-25.5482349],[-57.1276342,-25.5481883],[-57.1274793,-25.5480719],[-57.1270834,-25.547901],[-57.1269435,-25.5478098],[-57.1268187,-25.5477574],[-57.1267133,-25.5477574],[-57.1265412,-25.5477787],[-57.1262959,-25.5478331],[-57.1261904,-25.5478797],[-57.1260958,-25.5479418],[-57.1259172,-25.5480117],[-57.1255987,-25.5480563],[-57.1253018,-25.5480758],[-57.1251469,-25.5480855],[-57.1250286,-25.5480563],[-57.1248758,-25.5479438],[-57.1246305,-25.5477593],[-57.1243293,-25.5476254],[-57.1241292,-25.5474837],[-57.1239979,-25.5474274],[-57.1238968,-25.5474119],[-57.1238151,-25.5474138],[-57.1237161,-25.5474604],[-57.1235461,-25.5474662],[-57.1233955,-25.5474313],[-57.1232858,-25.54734],[-57.1230749,-25.547208],[-57.122892,-25.5471381],[-57.1227737,-25.5471401],[-57.1224574,-25.5471304],[-57.1222444,-25.5471401],[-57.1220034,-25.5471148],[-57.1217839,-25.5470585],[-57.1212482,-25.5467848],[-57.1210588,-25.5466878],[-57.1208932,-25.5466606],[-57.1206802,-25.5466781],[-57.1203811,-25.5467402],[-57.1202046,-25.5467285],[-57.1199723,-25.5466237],[-57.1193117,-25.5462529],[-57.1192106,-25.5462005],[-57.1191998,-25.5462432],[-57.1192558,-25.5462626],[-57.1194193,-25.5463636],[-57.1199421,-25.5466625],[-57.1201573,-25.5467697],[-57.120325,-25.5467949],[-57.1205674,-25.5467641],[-57.1207879,-25.5467165],[-57.1210178,-25.5467193],[-57.1211204,-25.5467725],[-57.1214248,-25.5469295],[-57.1217728,-25.5471005],[-57.1220276,-25.547179],[-57.1222854,-25.547179],[-57.1224563,-25.547179],[-57.1226924,-25.547179],[-57.1228757,-25.5471762],[-57.123059,-25.5472406],[-57.1232392,-25.5473696],[-57.1233697,-25.5474677],[-57.1234877,-25.5475069],[-57.1235809,-25.5475237],[-57.1237301,-25.5474985],[-57.1238419,-25.5474509],[-57.1239755,-25.5474733],[-57.1240936,-25.5475153],[-57.1242644,-25.5476415],[-57.1245625,-25.547808],[-57.1247295,-25.5479002],[-57.1248666,-25.5479924],[-57.1250161,-25.5480891],[-57.1251507,-25.548143],[-57.1254198,-25.5481273],[-57.1257937,-25.5480801],[-57.1259955,-25.5480374],[-57.1262248,-25.5479137],[-57.1263943,-25.5478575],[-57.1267432,-25.5477878],[-57.1268404,-25.5478035],[-57.1269451,-25.5478687],[-57.1270447,-25.5479384],[-57.127279,-25.5480329],[-57.1274186,-25.5480981],[-57.1276204,-25.5482622],[-57.1277077,-25.5482914],[-57.1278223,-25.5483027],[-57.1284267,-25.5483587],[-57.1288116,-25.5485144],[-57.1291551,-25.5487122],[-57.1291775,-25.5486717],[-57.1288306,-25.548474],[-57.128463,-25.5483198],[-57.1281747,-25.5482855],[-57.1277547,-25.5482427],[-57.1276901,-25.5482349]]]}},{"type":"Feature","properties":{"natural":"water","water":"stream","audit_class":"stream_polygon_depiction","audit_class_label":"Stream centre-line depiction","audit_color":"#a78bfa","audit_schema_version":2,"audit_jrc_occurrence_mean":null,"audit_jrc_occurrence_max":null,"audit_jrc_pixels":0,"audit_dem_slope_proxy_deg":null,"audit_dem_elev_min_m":null,"audit_dem_elev_max_m":null,"audit_centroid_near_waterway":true,"audit_area_m2":5546.5,"feature_id":"lqv-sw-0106"},"geometry":{"type":"Polygon","coordinates":[[[-57.1289292,-25.5639275],[-57.1282139,-25.5642169],[-57.127853,-25.5643368],[-57.1274879,-25.5646643],[-57.1272917,-25.564906],[-57.1270279,-25.5653115],[-57.1265341,-25.5655704],[-57.1263737,-25.5656161],[-57.1261838,-25.5655933],[-57.125652,-25.5653648],[-57.1251772,-25.5653515],[-57.1250316,-25.565262],[-57.1249219,-25.5652544],[-57.1247256,-25.5651611],[-57.1246602,-25.5650659],[-57.1244977,-25.5649593],[-57.1243415,-25.5649308],[-57.1241326,-25.564788],[-57.1236093,-25.5646452],[-57.1233181,-25.5643749],[-57.1231028,-25.5642607],[-57.1229002,-25.5642283],[-57.1228243,-25.5642455],[-57.1226934,-25.5643083],[-57.1225584,-25.5644054],[-57.1221068,-25.5649822],[-57.1217797,-25.5652639],[-57.1216852,-25.5653983],[-57.1217003,-25.565407],[-57.1218155,-25.5652982],[-57.1219147,-25.5652239],[-57.1221701,-25.5649784],[-57.1225963,-25.5644415],[-57.1227504,-25.564333],[-57.1228812,-25.5642645],[-57.1230669,-25.5642911],[-57.123278,-25.5644016],[-57.1235628,-25.5646757],[-57.1240988,-25.5648223],[-57.1243078,-25.5649746],[-57.1244745,-25.5650164],[-57.1246581,-25.5651668],[-57.1248585,-25.5652772],[-57.125135,-25.5653915],[-57.1252658,-25.56542],[-57.1256309,-25.5654105],[-57.1261732,-25.5656332],[-57.1263463,-25.565658],[-57.1265446,-25.5656218],[-57.1270659,-25.5653325],[-57.1274542,-25.564769],[-57.1278783,-25.564373],[-57.128197,-25.564274],[-57.128944,-25.563958],[-57.129997,-25.563758062183055],[-57.129997,-25.563706888587447],[-57.129575,-25.563781],[-57.1289292,-25.5639275]]]}},{"type":"Feature","properties":{"natural":"water","water":"stream","audit_class":"stream_polygon_depiction","audit_class_label":"Stream centre-line depiction","audit_color":"#a78bfa","audit_schema_version":2,"audit_jrc_occurrence_mean":null,"audit_jrc_occurrence_max":null,"audit_jrc_pixels":0,"audit_dem_slope_proxy_deg":null,"audit_dem_elev_min_m":null,"audit_dem_elev_max_m":null,"audit_centroid_near_waterway":true,"audit_area_m2":5111.2,"feature_id":"lqv-sw-0108"},"geometry":{"type":"Polygon","coordinates":[[[-57.1120792,-25.5669524],[-57.112102,-25.56691],[-57.1121543,-25.5667225],[-57.1122764,-25.5665543],[-57.1125124,-25.566437],[-57.1126573,-25.56642],[-57.1127297,-25.5664261],[-57.1127605,-25.5664164],[-57.1128558,-25.5663523],[-57.1129483,-25.5662059],[-57.1130543,-25.56612],[-57.1131991,-25.566097],[-57.1133829,-25.5660946],[-57.1135545,-25.5660764],[-57.1137825,-25.5659627],[-57.1140534,-25.5657316],[-57.1141996,-25.5656796],[-57.1145819,-25.5656264],[-57.1147522,-25.5655852],[-57.1148742,-25.5655163],[-57.1149936,-25.5653929],[-57.1150459,-25.5653699],[-57.1153758,-25.5652912],[-57.1156401,-25.5652017],[-57.1162744,-25.565065],[-57.1166875,-25.565013],[-57.1169289,-25.5650311],[-57.1170698,-25.5650868],[-57.1172736,-25.5652404],[-57.1173943,-25.5653094],[-57.1174112,-25.5653118],[-57.1174512,-25.5653176],[-57.1174869,-25.5653227],[-57.1176076,-25.5653058],[-57.117908,-25.565267],[-57.1181306,-25.565261],[-57.1183174,-25.5652712],[-57.1184894,-25.5652162],[-57.1185968,-25.5651954],[-57.1186301,-25.5652054],[-57.1186871,-25.5652543],[-57.1187558,-25.5653967],[-57.1188331,-25.5654621],[-57.1190224,-25.5654712],[-57.1194545,-25.5654087],[-57.1197433,-25.5652225],[-57.1197766,-25.5652177],[-57.1200473,-25.5652733],[-57.120088,-25.5652643],[-57.1202822,-25.5651926],[-57.1204742,-25.5651674],[-57.1206474,-25.5652239],[-57.1208808,-25.5654295],[-57.1210626,-25.5655653],[-57.1211831,-25.5655982],[-57.1212433,-25.5656037],[-57.1215087,-25.5655788],[-57.1216492,-25.5654821],[-57.1217003,-25.565407],[-57.1216852,-25.5653983],[-57.1216383,-25.5654636],[-57.121501,-25.5655484],[-57.1212565,-25.5655724],[-57.121218,-25.5655694],[-57.121074,-25.5655411],[-57.1209259,-25.5654304],[-57.1206642,-25.565201],[-57.1205107,-25.5651532],[-57.1204554,-25.5651419],[-57.120284,-25.5651616],[-57.1200841,-25.5652341],[-57.1200391,-25.5652383],[-57.1197799,-25.5651891],[-57.1197303,-25.5651904],[-57.1194485,-25.5653836],[-57.11903,-25.5654464],[-57.1188473,-25.565434],[-57.1187723,-25.5653731],[-57.1187126,-25.5652414],[-57.11864,-25.5651782],[-57.1186007,-25.5651704],[-57.1184662,-25.565195],[-57.1183,-25.5652452],[-57.1181144,-25.5652313],[-57.117904,-25.565238],[-57.1176679,-25.5652719],[-57.1175459,-25.5652864],[-57.1174761,-25.56529],[-57.1174466,-25.5652864],[-57.1171382,-25.5650831],[-57.1169289,-25.5650021],[-57.1166781,-25.5649803],[-57.116261,-25.5650384],[-57.1156427,-25.5651739],[-57.115415,-25.5652387],[-57.1153787,-25.565249],[-57.1153665,-25.5652525],[-57.1150017,-25.5653445],[-57.1149011,-25.5654461],[-57.1147468,-25.5655562],[-57.1145685,-25.5655998],[-57.1141916,-25.5656445],[-57.1140065,-25.5657195],[-57.1137798,-25.5659252],[-57.1135505,-25.5660462],[-57.1133359,-25.5660668],[-57.1130744,-25.566074],[-57.1129738,-25.5661297],[-57.1128129,-25.5663257],[-57.1127391,-25.5663729],[-57.1126854,-25.5663777],[-57.112503,-25.5664128],[-57.112359,-25.566485],[-57.1122402,-25.5665447],[-57.1121691,-25.566633],[-57.1121154,-25.5667273],[-57.1120953,-25.5668278],[-57.1120658,-25.5669185],[-57.1119424,-25.5670407],[-57.1118029,-25.5670794],[-57.11165,-25.5671121],[-57.1112852,-25.567181],[-57.1109888,-25.5673395],[-57.110844,-25.5674496],[-57.1107139,-25.5675041],[-57.1106053,-25.5675912],[-57.1104899,-25.5676868],[-57.1104443,-25.5677025],[-57.1103183,-25.5677001],[-57.1101841,-25.5677267],[-57.1100675,-25.5678114],[-57.1100607,-25.5678195],[-57.1100182,-25.5678707],[-57.109964,-25.5679854],[-57.1098493,-25.5681415],[-57.1097285,-25.5682373],[-57.1095701,-25.568431],[-57.1094533,-25.5684893],[-57.1094554,-25.5685306],[-57.1095617,-25.5684912],[-57.1096138,-25.5684404],[-57.1097555,-25.5682637],[-57.1098702,-25.5681866],[-57.1100036,-25.568008],[-57.1100473,-25.5679008],[-57.1100953,-25.5678237],[-57.1101807,-25.5677711],[-57.1103329,-25.5677372],[-57.1104579,-25.5677429],[-57.1105288,-25.5677071],[-57.1106205,-25.5676263],[-57.1107226,-25.5675417],[-57.1108643,-25.5674834],[-57.1110269,-25.5673631],[-57.1112812,-25.5672202],[-57.1116709,-25.5671563],[-57.1118231,-25.5671149],[-57.1119773,-25.5670601],[-57.1120792,-25.5669524]]]}},{"type":"Feature","properties":{"natural":"water","audit_class":"stream_polygon_depiction","audit_class_label":"Stream centre-line depiction","audit_color":"#a78bfa","audit_schema_version":2,"audit_jrc_occurrence_mean":9.5,"audit_jrc_occurrence_max":14.0,"audit_jrc_pixels":2,"audit_dem_slope_proxy_deg":null,"audit_dem_elev_min_m":null,"audit_dem_elev_max_m":null,"audit_centroid_near_waterway":false,"audit_area_m2":5083.7,"feature_id":"lqv-sw-0109"},"geometry":{"type":"Polygon","coordinates":[[[-57.0166881,-25.6927764],[-57.0166634,-25.6929041],[-57.0166603,-25.6930235],[-57.0166788,-25.6931485],[-57.016722,-25.6932373],[-57.0168175,-25.6932901],[-57.0170547,-25.693315],[-57.0173043,-25.6933067],[-57.0173936,-25.6932651],[-57.0174614,-25.6931623],[-57.0174907,-25.6930082],[-57.0174768,-25.692843],[-57.0174583,-25.6927681],[-57.0174152,-25.6927237],[-57.0167558,-25.6926903],[-57.0166881,-25.6927764]]]}},{"type":"Feature","properties":{"natural":"water","water":"stream","audit_class":"stream_polygon_depiction","audit_class_label":"Stream centre-line depiction","audit_color":"#a78bfa","audit_schema_version":2,"audit_jrc_occurrence_mean":null,"audit_jrc_occurrence_max":null,"audit_jrc_pixels":0,"audit_dem_slope_proxy_deg":null,"audit_dem_elev_min_m":null,"audit_dem_elev_max_m":null,"audit_centroid_near_waterway":true,"audit_area_m2":4859.9,"feature_id":"lqv-sw-0110"},"geometry":{"type":"Polygon","coordinates":[[[-57.1217673,-25.5410162],[-57.122503,-25.5413278],[-57.1228888,-25.541344],[-57.1234675,-25.5414169],[-57.1239744,-25.541425],[-57.123934,-25.5413521],[-57.1229247,-25.5412388],[-57.1224985,-25.5412347],[-57.121857,-25.5409474],[-57.1208791,-25.5406236],[-57.1200716,-25.5405345],[-57.1199415,-25.5405345],[-57.1194211,-25.540664],[-57.1194436,-25.5407369],[-57.1199998,-25.5406195],[-57.1207983,-25.5406964],[-57.1217673,-25.5410162]]]}},{"type":"Feature","properties":{"natural":"water","water":"stream","audit_class":"stream_polygon_depiction","audit_class_label":"Stream centre-line depiction","audit_color":"#a78bfa","audit_schema_version":2,"audit_jrc_occurrence_mean":null,"audit_jrc_occurrence_max":null,"audit_jrc_pixels":0,"audit_dem_slope_proxy_deg":null,"audit_dem_elev_min_m":null,"audit_dem_elev_max_m":null,"audit_centroid_near_waterway":true,"audit_area_m2":4852.8,"feature_id":"lqv-sw-0111"},"geometry":{"type":"Polygon","coordinates":[[[-57.1291922,-25.5882189],[-57.128589,-25.5883451],[-57.1280564,-25.5884256],[-57.1278767,-25.5883852],[-57.1277374,-25.5882718],[-57.1275001,-25.5881349],[-57.1273352,-25.5879844],[-57.127273,-25.5878102],[-57.1271842,-25.5876606],[-57.1270549,-25.5875839],[-57.1268747,-25.5875235],[-57.1265616,-25.587549],[-57.1262088,-25.5876529],[-57.1259949,-25.5878011],[-57.1257867,-25.5878609],[-57.1253124,-25.5877016],[-57.1248056,-25.5876593],[-57.1243915,-25.5877673],[-57.1239449,-25.5878086],[-57.1235872,-25.587762],[-57.123248,-25.587753],[-57.12294,-25.5878771],[-57.122846,-25.5878962],[-57.1228567,-25.5879189],[-57.1229477,-25.5878986],[-57.123256,-25.5877897],[-57.1235551,-25.5877893],[-57.1239401,-25.5878471],[-57.1244073,-25.5878098],[-57.1248143,-25.5876974],[-57.1252902,-25.5877399],[-57.1257436,-25.5878923],[-57.1258411,-25.587888],[-57.126006,-25.587832],[-57.1262113,-25.5876876],[-57.1265412,-25.5875861],[-57.1268661,-25.5875551],[-57.1270646,-25.5876256],[-57.1271754,-25.5876999],[-57.1272568,-25.5878698],[-57.1273061,-25.5880147],[-57.1274896,-25.588173],[-57.1276971,-25.5882894],[-57.1278411,-25.5884162],[-57.128031,-25.5884719],[-57.1285664,-25.5883781],[-57.1292051,-25.58826],[-57.1298826,-25.5882116],[-57.129997,-25.588264114914427],[-57.129997,-25.58821318646388],[-57.1298662,-25.5881546],[-57.1291922,-25.5882189]]]}},{"type":"Feature","properties":{"natural":"water","audit_class":"stream_polygon_depiction","audit_class_label":"Stream centre-line depiction","audit_color":"#a78bfa","audit_schema_version":2,"audit_jrc_occurrence_mean":11.0,"audit_jrc_occurrence_max":11.0,"audit_jrc_pixels":1,"audit_dem_slope_proxy_deg":null,"audit_dem_elev_min_m":null,"audit_dem_elev_max_m":null,"audit_centroid_near_waterway":false,"audit_area_m2":4169.3,"feature_id":"lqv-sw-0115"},"geometry":{"type":"Polygon","coordinates":[[[-57.0249727,-25.6891651],[-57.0248701,-25.6892129],[-57.0247604,-25.6892831],[-57.0246613,-25.6893373],[-57.0246082,-25.689417],[-57.0246153,-25.6894936],[-57.024633,-25.6895797],[-57.024679,-25.6896084],[-57.0247321,-25.6896243],[-57.024817,-25.6896435],[-57.024909,-25.6896881],[-57.0249798,-25.6897487],[-57.0250223,-25.6898029],[-57.0250931,-25.6898284],[-57.0251957,-25.6898157],[-57.0252403,-25.6897919],[-57.0252913,-25.6897647],[-57.025355,-25.6897136],[-57.0253762,-25.6896243],[-57.0254081,-25.6895223],[-57.0254081,-25.6894266],[-57.0253833,-25.6893309],[-57.0253267,-25.6892767],[-57.0252665,-25.6892256],[-57.0252063,-25.6891938],[-57.0250931,-25.6891778],[-57.0249727,-25.6891651]]]}},{"type":"Feature","properties":{"natural":"water","water":"stream","audit_class":"stream_polygon_depiction","audit_class_label":"Stream centre-line depiction","audit_color":"#a78bfa","audit_schema_version":2,"audit_jrc_occurrence_mean":null,"audit_jrc_occurrence_max":null,"audit_jrc_pixels":0,"audit_dem_slope_proxy_deg":null,"audit_dem_elev_min_m":null,"audit_dem_elev_max_m":null,"audit_centroid_near_waterway":true,"audit_area_m2":4037.6,"feature_id":"lqv-sw-0116"},"geometry":{"type":"Polygon","coordinates":[[[-57.1296758,-25.5745035],[-57.1295346,-25.5745984],[-57.1293878,-25.5747658],[-57.1293117,-25.5749831],[-57.129266,-25.5752453],[-57.129223,-25.5754127],[-57.1291012,-25.5755925],[-57.1283355,-25.5761008],[-57.128024,-25.5764405],[-57.1277222,-25.5765704],[-57.1272833,-25.5768364],[-57.1270271,-25.5771062],[-57.1264456,-25.577271],[-57.1258752,-25.577316],[-57.125878,-25.577336],[-57.1264678,-25.5772985],[-57.1270424,-25.5771299],[-57.127293,-25.5768614],[-57.1276696,-25.5766291],[-57.1280434,-25.5764618],[-57.1283466,-25.5761271],[-57.1291289,-25.5756113],[-57.1292549,-25.5754214],[-57.1292854,-25.5752891],[-57.1293394,-25.5750006],[-57.1294113,-25.5747995],[-57.1295332,-25.5746371],[-57.1296744,-25.574546],[-57.129871,-25.5744635],[-57.129997,-25.574450252808987],[-57.129997,-25.574426531865583],[-57.1298807,-25.5744361],[-57.1296758,-25.5745035]]]}},{"type":"Feature","properties":{"natural":"water","audit_class":"stream_polygon_depiction","audit_class_label":"Stream centre-line depiction","audit_color":"#a78bfa","audit_schema_version":2,"audit_jrc_occurrence_mean":null,"audit_jrc_occurrence_max":null,"audit_jrc_pixels":0,"audit_dem_slope_proxy_deg":null,"audit_dem_elev_min_m":null,"audit_dem_elev_max_m":null,"audit_centroid_near_waterway":true,"audit_area_m2":3630.5,"feature_id":"lqv-sw-0117"},"geometry":{"type":"Polygon","coordinates":[[[-57.0794872,-25.6855007],[-57.0794125,-25.6855302],[-57.0793915,-25.6855996],[-57.0793938,-25.6856985],[-57.0794288,-25.6857553],[-57.0794545,-25.6858227],[-57.0794592,-25.6859131],[-57.0794755,-25.6859952],[-57.0795059,-25.6860668],[-57.079583,-25.6860899],[-57.0800079,-25.6861067],[-57.0801177,-25.6861046],[-57.080162,-25.6860646],[-57.0801363,-25.6859636],[-57.0800686,-25.68585],[-57.0799612,-25.6858163],[-57.0799075,-25.6857701],[-57.0798935,-25.6855996],[-57.0798491,-25.6855512],[-57.0797581,-25.6855112],[-57.0795876,-25.6855049],[-57.0794872,-25.6855007]]]}},{"type":"Feature","properties":{"natural":"water","water":"stream","audit_class":"stream_polygon_depiction","audit_class_label":"Stream centre-line depiction","audit_color":"#a78bfa","audit_schema_version":2,"audit_jrc_occurrence_mean":null,"audit_jrc_occurrence_max":null,"audit_jrc_pixels":0,"audit_dem_slope_proxy_deg":null,"audit_dem_elev_min_m":null,"audit_dem_elev_max_m":null,"audit_centroid_near_waterway":true,"audit_area_m2":3379.1,"feature_id":"lqv-sw-0118"},"geometry":{"type":"Polygon","coordinates":[[[-57.1175756,-25.568172],[-57.1178373,-25.5676447],[-57.1185315,-25.5669766],[-57.1195677,-25.5663255],[-57.1202683,-25.5660114],[-57.1207157,-25.5658725],[-57.1212433,-25.5656037],[-57.1211831,-25.5655982],[-57.1207262,-25.5658344],[-57.1202535,-25.565981],[-57.1195592,-25.5662932],[-57.1185104,-25.5669499],[-57.1178014,-25.5676276],[-57.1175271,-25.568174],[-57.1175334,-25.568469],[-57.116932,-25.5696854],[-57.1160435,-25.5707248],[-57.1160773,-25.5707457],[-57.1169721,-25.5697178],[-57.117584,-25.5684804],[-57.1175756,-25.568172]]]}},{"type":"Feature","properties":{"natural":"water","audit_class":"stream_polygon_depiction","audit_class_label":"Stream centre-line depiction","audit_color":"#a78bfa","audit_schema_version":2,"audit_jrc_occurrence_mean":2.5,"audit_jrc_occurrence_max":4.0,"audit_jrc_pixels":2,"audit_dem_slope_proxy_deg":null,"audit_dem_elev_min_m":null,"audit_dem_elev_max_m":null,"audit_centroid_near_waterway":true,"audit_area_m2":3338.9,"feature_id":"lqv-sw-0119"},"geometry":{"type":"Polygon","coordinates":[[[-57.0305913,-25.524464],[-57.0307025,-25.524454],[-57.0308036,-25.5244108],[-57.0308828,-25.5243396],[-57.0309309,-25.5242485],[-57.0309424,-25.5241482],[-57.0309186,-25.5240561],[-57.0308639,-25.5239754],[-57.0307839,-25.5239143],[-57.0306865,-25.5238791],[-57.0305819,-25.5238734],[-57.0304806,-25.5238978],[-57.030393,-25.5239497],[-57.0303279,-25.5240238],[-57.030292,-25.5241127],[-57.030289,-25.5242073],[-57.0303224,-25.5243036],[-57.0303895,-25.5243842],[-57.0304828,-25.5244398],[-57.0305913,-25.524464]]]}},{"type":"Feature","properties":{"natural":"water","audit_class":"stream_polygon_depiction","audit_class_label":"Stream centre-line depiction","audit_color":"#a78bfa","audit_schema_version":2,"audit_jrc_occurrence_mean":null,"audit_jrc_occurrence_max":null,"audit_jrc_pixels":0,"audit_dem_slope_proxy_deg":null,"audit_dem_elev_min_m":null,"audit_dem_elev_max_m":null,"audit_centroid_near_waterway":true,"audit_area_m2":3137.1,"feature_id":"lqv-sw-0120"},"geometry":{"type":"Polygon","coordinates":[[[-57.0799509,-25.6864739],[-57.0798127,-25.6864464],[-57.0796866,-25.6864226],[-57.0795911,-25.6864281],[-57.0794935,-25.6864501],[-57.0794671,-25.6864721],[-57.0794366,-25.6865728],[-57.0794407,-25.6866901],[-57.0794427,-25.6868055],[-57.079461,-25.6869099],[-57.0795484,-25.6869062],[-57.0796988,-25.6868769],[-57.0798228,-25.6868586],[-57.0799224,-25.686844],[-57.0799956,-25.6867963],[-57.0800708,-25.686734],[-57.080144,-25.6866699],[-57.0801948,-25.6866315],[-57.0802111,-25.6866113],[-57.0802029,-25.6864739],[-57.080081,-25.6864849],[-57.0799509,-25.6864739]]]}},{"type":"Feature","properties":{"natural":"water","audit_class":"stream_polygon_depiction","audit_class_label":"Stream centre-line depiction","audit_color":"#a78bfa","audit_schema_version":2,"audit_jrc_occurrence_mean":2.0,"audit_jrc_occurrence_max":2.0,"audit_jrc_pixels":1,"audit_dem_slope_proxy_deg":null,"audit_dem_elev_min_m":null,"audit_dem_elev_max_m":null,"audit_centroid_near_waterway":false,"audit_area_m2":2925.4,"feature_id":"lqv-sw-0121"},"geometry":{"type":"Polygon","coordinates":[[[-57.0528074,-25.6907348],[-57.0532534,-25.6908968],[-57.0535383,-25.6904255],[-57.053076,-25.6902509],[-57.0528074,-25.6907348]]]}},{"type":"Feature","properties":{"natural":"water","audit_class":"stream_polygon_depiction","audit_class_label":"Stream centre-line depiction","audit_color":"#a78bfa","audit_schema_version":2,"audit_jrc_occurrence_mean":null,"audit_jrc_occurrence_max":null,"audit_jrc_pixels":0,"audit_dem_slope_proxy_deg":null,"audit_dem_elev_min_m":null,"audit_dem_elev_max_m":null,"audit_centroid_near_waterway":false,"audit_area_m2":2918.9,"feature_id":"lqv-sw-0122"},"geometry":{"type":"Polygon","coordinates":[[[-57.0894485,-25.6112614],[-57.089292,-25.6112614],[-57.0890819,-25.611333],[-57.0890235,-25.6114109],[-57.0890328,-25.6115014],[-57.0890866,-25.6116404],[-57.0891076,-25.6118573],[-57.0895839,-25.6117899],[-57.0895209,-25.6113077],[-57.0894485,-25.6112614]]]}},{"type":"Feature","properties":{"natural":"water","water":"stream","audit_class":"stream_polygon_depiction","audit_class_label":"Stream centre-line depiction","audit_color":"#a78bfa","audit_schema_version":2,"audit_jrc_occurrence_mean":null,"audit_jrc_occurrence_max":null,"audit_jrc_pixels":0,"audit_dem_slope_proxy_deg":null,"audit_dem_elev_min_m":null,"audit_dem_elev_max_m":null,"audit_centroid_near_waterway":true,"audit_area_m2":2680.7,"feature_id":"lqv-sw-0123"},"geometry":{"type":"Polygon","coordinates":[[[-57.109308,-25.5698344],[-57.1092269,-25.5699824],[-57.1092379,-25.5701061],[-57.1092873,-25.5701951],[-57.1092708,-25.5703238],[-57.109013,-25.5706602],[-57.10847,-25.5714221],[-57.1082726,-25.5716646],[-57.10813,-25.5718526],[-57.1078283,-25.5720059],[-57.1074115,-25.5724116],[-57.1069672,-25.5729262],[-57.1069892,-25.5729608],[-57.1074389,-25.5724562],[-57.1078503,-25.5720604],[-57.1081848,-25.571902],[-57.1083165,-25.5716844],[-57.108503,-25.5714963],[-57.1090624,-25.5707146],[-57.1093257,-25.5703733],[-57.1093531,-25.5702446],[-57.1092928,-25.5701209],[-57.1092818,-25.5699923],[-57.1093402,-25.569848],[-57.109308,-25.5698344]]]}},{"type":"Feature","properties":{"natural":"water","water":"stream","audit_class":"stream_polygon_depiction","audit_class_label":"Stream centre-line depiction","audit_color":"#a78bfa","audit_schema_version":2,"audit_jrc_occurrence_mean":null,"audit_jrc_occurrence_max":null,"audit_jrc_pixels":0,"audit_dem_slope_proxy_deg":null,"audit_dem_elev_min_m":null,"audit_dem_elev_max_m":null,"audit_centroid_near_waterway":true,"audit_area_m2":2472.3,"feature_id":"lqv-sw-0125"},"geometry":{"type":"Polygon","coordinates":[[[-57.1155122,-25.5592164],[-57.1153118,-25.5590942],[-57.115273,-25.5590886],[-57.115041,-25.5590551],[-57.1142555,-25.5589134],[-57.1139576,-25.558669],[-57.1135134,-25.5581804],[-57.1132209,-25.5579898],[-57.1126251,-25.557809],[-57.1123109,-25.5577846],[-57.1123109,-25.5578334],[-57.112663,-25.5578676],[-57.1131559,-25.5580289],[-57.113443,-25.558195],[-57.1136489,-25.5584345],[-57.113898,-25.558669],[-57.1142122,-25.5589427],[-57.1146943,-25.5590795],[-57.1150355,-25.5590942],[-57.1152901,-25.5591431],[-57.1154201,-25.5592359],[-57.1155122,-25.5594265],[-57.1155555,-25.5596171],[-57.1155989,-25.5595926],[-57.1155122,-25.5592164]]]}},{"type":"Feature","properties":{"natural":"water","water":"stream","audit_class":"stream_polygon_depiction","audit_class_label":"Stream centre-line depiction","audit_color":"#a78bfa","audit_schema_version":2,"audit_jrc_occurrence_mean":null,"audit_jrc_occurrence_max":null,"audit_jrc_pixels":0,"audit_dem_slope_proxy_deg":null,"audit_dem_elev_min_m":null,"audit_dem_elev_max_m":null,"audit_centroid_near_waterway":true,"audit_area_m2":2359.7,"feature_id":"lqv-sw-0126"},"geometry":{"type":"Polygon","coordinates":[[[-57.1293595,-25.5920325],[-57.1287994,-25.5919542],[-57.1281525,-25.5919672],[-57.1279014,-25.592063],[-57.1277469,-25.5921675],[-57.1277662,-25.5922111],[-57.1279159,-25.5920979],[-57.128167,-25.5920108],[-57.1287898,-25.5920021],[-57.1292291,-25.5920543],[-57.1296395,-25.5920848],[-57.1299002,-25.5920761],[-57.129997,-25.592047907080826],[-57.129997,-25.591980109248553],[-57.1298326,-25.5920456],[-57.1293595,-25.5920325]]]}},{"type":"Feature","properties":{"natural":"water","water":"stream","audit_class":"stream_polygon_depiction","audit_class_label":"Stream centre-line depiction","audit_color":"#a78bfa","audit_schema_version":2,"audit_jrc_occurrence_mean":null,"audit_jrc_occurrence_max":null,"audit_jrc_pixels":0,"audit_dem_slope_proxy_deg":null,"audit_dem_elev_min_m":null,"audit_dem_elev_max_m":null,"audit_centroid_near_waterway":true,"audit_area_m2":2296.2,"feature_id":"lqv-sw-0127"},"geometry":{"type":"Polygon","coordinates":[[[-57.1125702,-25.562398],[-57.1120496,-25.562049],[-57.1104012,-25.5605874],[-57.1095345,-25.5601135],[-57.1084776,-25.5599376],[-57.1084697,-25.5599674],[-57.1084964,-25.559973],[-57.1095015,-25.5601476],[-57.1103682,-25.5606073],[-57.1120213,-25.5620688],[-57.1125419,-25.5624193],[-57.1130625,-25.562652],[-57.1135849,-25.5628351],[-57.1136246,-25.5628505],[-57.1136384,-25.56286],[-57.113662,-25.5628541],[-57.1136514,-25.5628395],[-57.1136271,-25.5628263],[-57.1130877,-25.5626321],[-57.1125702,-25.562398]]]}},{"type":"Feature","properties":{"natural":"water","water":"stream","audit_class":"stream_polygon_depiction","audit_class_label":"Stream centre-line depiction","audit_color":"#a78bfa","audit_schema_version":2,"audit_jrc_occurrence_mean":null,"audit_jrc_occurrence_max":null,"audit_jrc_pixels":0,"audit_dem_slope_proxy_deg":null,"audit_dem_elev_min_m":null,"audit_dem_elev_max_m":null,"audit_centroid_near_waterway":true,"audit_area_m2":2175.7,"feature_id":"lqv-sw-0128"},"geometry":{"type":"Polygon","coordinates":[[[-57.1129504,-25.5563023],[-57.1135046,-25.5570256],[-57.114139,-25.5577237],[-57.1149023,-25.5582897],[-57.115273,-25.5590886],[-57.1153118,-25.5590942],[-57.1149313,-25.558273],[-57.1141767,-25.5576872],[-57.11358,-25.5570381],[-57.1129833,-25.5562781],[-57.1121058,-25.5559139],[-57.1120824,-25.5559533],[-57.1129504,-25.5563023]]]}},{"type":"Feature","properties":{"natural":"water","audit_class":"stream_polygon_depiction","audit_class_label":"Stream centre-line depiction","audit_color":"#a78bfa","audit_schema_version":2,"audit_jrc_occurrence_mean":null,"audit_jrc_occurrence_max":null,"audit_jrc_pixels":0,"audit_dem_slope_proxy_deg":null,"audit_dem_elev_min_m":null,"audit_dem_elev_max_m":null,"audit_centroid_near_waterway":false,"audit_area_m2":2159.5,"feature_id":"lqv-sw-0129"},"geometry":{"type":"Polygon","coordinates":[[[-57.07702,-25.672863],[-57.0769502,-25.672846],[-57.0768671,-25.6728509],[-57.0768054,-25.6728895],[-57.0767518,-25.6729524],[-57.0767058,-25.6730054],[-57.076741,-25.6731192],[-57.0767544,-25.6731966],[-57.0768242,-25.6732618],[-57.0768966,-25.6732739],[-57.0769315,-25.6733585],[-57.0770039,-25.6734601],[-57.0771273,-25.6734601],[-57.0771648,-25.6733658],[-57.0772224,-25.6733556],[-57.0770874,-25.6729458],[-57.0770468,-25.6729258],[-57.07702,-25.672863]]]}},{"type":"Feature","properties":{"natural":"water","water":"stream","audit_class":"stream_polygon_depiction","audit_class_label":"Stream centre-line depiction","audit_color":"#a78bfa","audit_schema_version":2,"audit_jrc_occurrence_mean":null,"audit_jrc_occurrence_max":null,"audit_jrc_pixels":0,"audit_dem_slope_proxy_deg":null,"audit_dem_elev_min_m":null,"audit_dem_elev_max_m":null,"audit_centroid_near_waterway":true,"audit_area_m2":2151.0,"feature_id":"lqv-sw-0130"},"geometry":{"type":"Polygon","coordinates":[[[-57.114199,-25.5675293],[-57.1138977,-25.5675684],[-57.1131486,-25.5675885],[-57.112886,-25.5676646],[-57.1126949,-25.5677958],[-57.1124416,-25.5678931],[-57.1122494,-25.5680676],[-57.1121509,-25.5681913],[-57.112063,-25.5683351],[-57.1119538,-25.5685641],[-57.1112949,-25.569192],[-57.1110482,-25.5693324],[-57.110814,-25.5693754],[-57.1103353,-25.569512],[-57.110296,-25.5695265],[-57.1097563,-25.5698844],[-57.1097079,-25.5698964],[-57.1096252,-25.5698869],[-57.1096315,-25.5699135],[-57.10971,-25.5699186],[-57.1097612,-25.5699084],[-57.1103178,-25.5695347],[-57.1108246,-25.5693925],[-57.1110552,-25.5693533],[-57.1113068,-25.5692097],[-57.1119685,-25.5685799],[-57.1120772,-25.5683542],[-57.1122524,-25.5680924],[-57.1124417,-25.5679192],[-57.1126926,-25.5678186],[-57.1129029,-25.5676814],[-57.1131286,-25.5676131],[-57.1131651,-25.5676074],[-57.1138906,-25.5675872],[-57.1141689,-25.5675549],[-57.1144722,-25.5675048],[-57.1145131,-25.567498],[-57.114975,-25.5674152],[-57.1150023,-25.5674063],[-57.1151643,-25.5672944],[-57.1154271,-25.5671913],[-57.1158155,-25.5670851],[-57.1158428,-25.567075],[-57.1160265,-25.5669163],[-57.1160489,-25.5668916],[-57.1165935,-25.5660715],[-57.1167428,-25.5658786],[-57.1170183,-25.5656598],[-57.1171522,-25.5655119],[-57.1171936,-25.5654834],[-57.1174512,-25.5653176],[-57.1174112,-25.5653118],[-57.1171753,-25.5654708],[-57.1171452,-25.5654904],[-57.1170057,-25.5656497],[-57.1167337,-25.5658641],[-57.116583,-25.56605],[-57.1160363,-25.5668771],[-57.1160124,-25.5669055],[-57.115833,-25.5670554],[-57.1157986,-25.5670706],[-57.1154278,-25.5671711],[-57.1151529,-25.5672812],[-57.1149868,-25.5673897],[-57.114199,-25.5675293]]]}},{"type":"Feature","properties":{"natural":"water","audit_class":"stream_polygon_depiction","audit_class_label":"Stream centre-line depiction","audit_color":"#a78bfa","audit_schema_version":2,"audit_jrc_occurrence_mean":null,"audit_jrc_occurrence_max":null,"audit_jrc_pixels":0,"audit_dem_slope_proxy_deg":null,"audit_dem_elev_min_m":null,"audit_dem_elev_max_m":null,"audit_centroid_near_waterway":false,"audit_area_m2":2026.0,"feature_id":"lqv-sw-0131"},"geometry":{"type":"Polygon","coordinates":[[[-57.0140421,-25.6477327],[-57.0139728,-25.6476182],[-57.013892,-25.6475531],[-57.0137736,-25.6475531],[-57.0137303,-25.647626],[-57.0137534,-25.647691],[-57.0138545,-25.6479174],[-57.0139699,-25.648313],[-57.0139988,-25.6483312],[-57.0140854,-25.648313],[-57.0141431,-25.6482792],[-57.0141691,-25.6482167],[-57.0141114,-25.6478992],[-57.0140421,-25.6477327]]]}},{"type":"Feature","properties":{"natural":"water","audit_class":"stream_polygon_depiction","audit_class_label":"Stream centre-line depiction","audit_color":"#a78bfa","audit_schema_version":2,"audit_jrc_occurrence_mean":null,"audit_jrc_occurrence_max":null,"audit_jrc_pixels":0,"audit_dem_slope_proxy_deg":null,"audit_dem_elev_min_m":null,"audit_dem_elev_max_m":null,"audit_centroid_near_waterway":true,"audit_area_m2":1985.8,"feature_id":"lqv-sw-0132"},"geometry":{"type":"Polygon","coordinates":[[[-57.0311884,-25.5228749],[-57.0312043,-25.5228992],[-57.0312294,-25.5228998],[-57.0312545,-25.5229048],[-57.0312817,-25.5229195],[-57.0312871,-25.5229416],[-57.0312817,-25.5229979],[-57.0312491,-25.5230175],[-57.031211,-25.5230592],[-57.0312056,-25.5231082],[-57.0312192,-25.523167],[-57.0312382,-25.5232283],[-57.0312491,-25.5232626],[-57.0312273,-25.5232871],[-57.0311866,-25.5232945],[-57.0311567,-25.5232896],[-57.0311513,-25.5232675],[-57.0311513,-25.5231866],[-57.0311486,-25.5231474],[-57.031173,-25.5230837],[-57.0311594,-25.5229881],[-57.031173,-25.5229244],[-57.0311831,-25.5229092],[-57.0312029,-25.5228999],[-57.0311866,-25.5228754],[-57.0311459,-25.5228705],[-57.0311051,-25.5229023],[-57.0310644,-25.5229881],[-57.0310562,-25.5230813],[-57.0310101,-25.5232161],[-57.0310019,-25.5233337],[-57.0310046,-25.5234293],[-57.0310372,-25.5234832],[-57.0310671,-25.5234807],[-57.0310948,-25.5234792],[-57.0310943,-25.5235053],[-57.0311323,-25.5235469],[-57.0312083,-25.5235567],[-57.0312545,-25.5235396],[-57.0312713,-25.5235178],[-57.0313034,-25.52352],[-57.0313465,-25.5234685],[-57.0313631,-25.5233263],[-57.0313585,-25.5230905],[-57.0313779,-25.523034],[-57.0313794,-25.5229808],[-57.0313625,-25.5229196],[-57.0313278,-25.5228729],[-57.0312429,-25.5228664],[-57.0311884,-25.5228749]]]}},{"type":"Feature","properties":{"natural":"water","water":"stream","audit_class":"stream_polygon_depiction","audit_class_label":"Stream centre-line depiction","audit_color":"#a78bfa","audit_schema_version":2,"audit_jrc_occurrence_mean":null,"audit_jrc_occurrence_max":null,"audit_jrc_pixels":0,"audit_dem_slope_proxy_deg":null,"audit_dem_elev_min_m":null,"audit_dem_elev_max_m":null,"audit_centroid_near_waterway":true,"audit_area_m2":1979.2,"feature_id":"lqv-sw-0133"},"geometry":{"type":"Polygon","coordinates":[[[-57.1073483,-25.5685758],[-57.1065313,-25.568337],[-57.1063687,-25.5681903],[-57.1061811,-25.568055],[-57.1057309,-25.5679064],[-57.1054183,-25.5677071],[-57.1053954,-25.5677316],[-57.1056726,-25.5679215],[-57.106129,-25.5680832],[-57.1062791,-25.5681734],[-57.1065042,-25.5683671],[-57.1073087,-25.5686171],[-57.1082799,-25.5686622],[-57.1090094,-25.5686491],[-57.1090865,-25.5686284],[-57.1093283,-25.5685513],[-57.1093241,-25.5685194],[-57.1090615,-25.5685908],[-57.1089781,-25.5685946],[-57.1082945,-25.5686209],[-57.1073483,-25.5685758]]]}},{"type":"Feature","properties":{"natural":"water","audit_class":"stream_polygon_depiction","audit_class_label":"Stream centre-line depiction","audit_color":"#a78bfa","audit_schema_version":2,"audit_jrc_occurrence_mean":null,"audit_jrc_occurrence_max":null,"audit_jrc_pixels":0,"audit_dem_slope_proxy_deg":null,"audit_dem_elev_min_m":null,"audit_dem_elev_max_m":null,"audit_centroid_near_waterway":true,"audit_area_m2":1944.1,"feature_id":"lqv-sw-0134"},"geometry":{"type":"Polygon","coordinates":[[[-57.0489795,-25.6906295],[-57.0489287,-25.6905525],[-57.0488657,-25.6904664],[-57.0487498,-25.6904042],[-57.0486522,-25.6904078],[-57.0485445,-25.6903785],[-57.0484876,-25.6904573],[-57.0485099,-25.6905287],[-57.048579,-25.6906368],[-57.0486908,-25.6907577],[-57.0487965,-25.6909024],[-57.0488778,-25.6909061],[-57.0489673,-25.6908639],[-57.0490384,-25.6908017],[-57.0490791,-25.6907375],[-57.0490303,-25.6906588],[-57.0489795,-25.6906295]]]}},{"type":"Feature","properties":{"natural":"water","water":"stream","audit_class":"stream_polygon_depiction","audit_class_label":"Stream centre-line depiction","audit_color":"#a78bfa","audit_schema_version":2,"audit_jrc_occurrence_mean":null,"audit_jrc_occurrence_max":null,"audit_jrc_pixels":0,"audit_dem_slope_proxy_deg":null,"audit_dem_elev_min_m":null,"audit_dem_elev_max_m":null,"audit_centroid_near_waterway":true,"audit_area_m2":1784.2,"feature_id":"lqv-sw-0136"},"geometry":{"type":"Polygon","coordinates":[[[-57.1193095,-25.5893569],[-57.1193543,-25.5892112],[-57.1193723,-25.5890454],[-57.1195113,-25.5888835],[-57.1198164,-25.588661],[-57.1201439,-25.588661],[-57.120431,-25.5887136],[-57.1206642,-25.5886974],[-57.1208078,-25.5886246],[-57.1208661,-25.5885356],[-57.1209334,-25.5884304],[-57.1210411,-25.5883737],[-57.1212429,-25.5883494],[-57.1214134,-25.5883292],[-57.1215211,-25.5882726],[-57.1216242,-25.5882119],[-57.1217207,-25.5881432],[-57.1216595,-25.5881271],[-57.1215525,-25.5882119],[-57.121382,-25.5882888],[-57.1212115,-25.5883049],[-57.1210276,-25.5883373],[-57.1209199,-25.5883818],[-57.1207898,-25.5885477],[-57.1207315,-25.5886205],[-57.12057,-25.5886772],[-57.1203098,-25.5886489],[-57.1200811,-25.5886205],[-57.1198926,-25.5886084],[-57.119767,-25.5886286],[-57.1195472,-25.5887743],[-57.1194126,-25.5889118],[-57.1193229,-25.5890373],[-57.1193229,-25.5891667],[-57.1192601,-25.5893407],[-57.1190672,-25.5895875],[-57.1190897,-25.5896563],[-57.1191704,-25.5895592],[-57.1193095,-25.5893569]]]}},{"type":"Feature","properties":{"natural":"water","water":"stream","audit_class":"stream_polygon_depiction","audit_class_label":"Stream centre-line depiction","audit_color":"#a78bfa","audit_schema_version":2,"audit_jrc_occurrence_mean":null,"audit_jrc_occurrence_max":null,"audit_jrc_pixels":0,"audit_dem_slope_proxy_deg":null,"audit_dem_elev_min_m":null,"audit_dem_elev_max_m":null,"audit_centroid_near_waterway":true,"audit_area_m2":1729.1,"feature_id":"lqv-sw-0137"},"geometry":{"type":"Polygon","coordinates":[[[-57.1180392,-25.5465251],[-57.1178412,-25.5467537],[-57.1177734,-25.5468749],[-57.1176986,-25.5469124],[-57.1176308,-25.5469124],[-57.1175906,-25.5468961],[-57.1175435,-25.5468499],[-57.1175145,-25.5467787],[-57.1174895,-25.5467325],[-57.1174438,-25.5467162],[-57.1174148,-25.5467175],[-57.1173552,-25.54674],[-57.1173109,-25.5467762],[-57.1172583,-25.5468486],[-57.1172085,-25.5469261],[-57.1170797,-25.5471522],[-57.1170396,-25.5471959],[-57.116854,-25.5473483],[-57.1162462,-25.5478193],[-57.1157741,-25.5481116],[-57.1155221,-25.5482402],[-57.1155359,-25.5482652],[-57.1156896,-25.5481953],[-57.1162601,-25.5478505],[-57.1168873,-25.5473621],[-57.1171019,-25.5471984],[-57.1171337,-25.5471497],[-57.1172389,-25.5469373],[-57.1173262,-25.5468112],[-57.1173843,-25.5467712],[-57.1174286,-25.5467612],[-57.117448,-25.5467699],[-57.1174702,-25.5468012],[-57.1174978,-25.5468474],[-57.1175297,-25.5469186],[-57.1175629,-25.5469486],[-57.1176086,-25.5469698],[-57.1176778,-25.5469698],[-57.1177166,-25.5469573],[-57.1177858,-25.5469061],[-57.1180295,-25.5465826],[-57.1182192,-25.5464152],[-57.1185053,-25.54628],[-57.1187109,-25.5462347],[-57.1189452,-25.5461948],[-57.1191018,-25.5462045],[-57.1191054,-25.546184],[-57.1189381,-25.546171],[-57.1187277,-25.5462023],[-57.1184922,-25.5462595],[-57.1182012,-25.5463877],[-57.1180392,-25.5465251]]]}},{"type":"Feature","properties":{"natural":"water","audit_class":"stream_polygon_depiction","audit_class_label":"Stream centre-line depiction","audit_color":"#a78bfa","audit_schema_version":2,"audit_jrc_occurrence_mean":null,"audit_jrc_occurrence_max":null,"audit_jrc_pixels":0,"audit_dem_slope_proxy_deg":null,"audit_dem_elev_min_m":null,"audit_dem_elev_max_m":null,"audit_centroid_near_waterway":true,"audit_area_m2":1680.1,"feature_id":"lqv-sw-0138"},"geometry":{"type":"Polygon","coordinates":[[[-57.1242125,-25.6239338],[-57.1241621,-25.6239338],[-57.1241079,-25.6239688],[-57.1240305,-25.6240211],[-57.123922,-25.624077],[-57.1237555,-25.6241224],[-57.1237013,-25.6242097],[-57.1237284,-25.6242272],[-57.1237865,-25.6242132],[-57.1239259,-25.6242167],[-57.123984,-25.6242342],[-57.1239995,-25.624304],[-57.1240731,-25.6243459],[-57.1242047,-25.6243005],[-57.1243248,-25.6242062],[-57.1243558,-25.6240735],[-57.1243674,-25.6239827],[-57.1243209,-25.6239443],[-57.1242125,-25.6239338]]]}},{"type":"Feature","properties":{"natural":"water","audit_class":"stream_polygon_depiction","audit_class_label":"Stream centre-line depiction","audit_color":"#a78bfa","audit_schema_version":2,"audit_jrc_occurrence_mean":null,"audit_jrc_occurrence_max":null,"audit_jrc_pixels":0,"audit_dem_slope_proxy_deg":null,"audit_dem_elev_min_m":null,"audit_dem_elev_max_m":null,"audit_centroid_near_waterway":true,"audit_area_m2":1622.3,"feature_id":"lqv-sw-0139"},"geometry":{"type":"Polygon","coordinates":[[[-57.0477135,-25.6890255],[-57.0475896,-25.6889888],[-57.0474657,-25.6890175],[-57.0473578,-25.6890494],[-57.0473294,-25.6891228],[-57.0473755,-25.6891913],[-57.0474144,-25.689287],[-57.0474763,-25.6893779],[-57.0476037,-25.6894449],[-57.0476674,-25.6894018],[-57.0477542,-25.6892822],[-57.0478267,-25.6891339],[-57.0477772,-25.6890654],[-57.0477135,-25.6890255]]]}},{"type":"Feature","properties":{"natural":"water","audit_class":"stream_polygon_depiction","audit_class_label":"Stream centre-line depiction","audit_color":"#a78bfa","audit_schema_version":2,"audit_jrc_occurrence_mean":null,"audit_jrc_occurrence_max":null,"audit_jrc_pixels":0,"audit_dem_slope_proxy_deg":null,"audit_dem_elev_min_m":null,"audit_dem_elev_max_m":null,"audit_centroid_near_waterway":false,"audit_area_m2":1542.2,"feature_id":"lqv-sw-0140"},"geometry":{"type":"Polygon","coordinates":[[[-57.0173782,-25.6924793],[-57.0173012,-25.6924099],[-57.017181,-25.6923905],[-57.0170393,-25.6923933],[-57.0169037,-25.6924071],[-57.016762,-25.692446],[-57.0167158,-25.6924849],[-57.0166973,-25.6925959],[-57.0174183,-25.6926348],[-57.0174152,-25.6925404],[-57.0173782,-25.6924793]]]}},{"type":"Feature","properties":{"natural":"water","water":"stream","audit_class":"stream_polygon_depiction","audit_class_label":"Stream centre-line depiction","audit_color":"#a78bfa","audit_schema_version":2,"audit_jrc_occurrence_mean":null,"audit_jrc_occurrence_max":null,"audit_jrc_pixels":0,"audit_dem_slope_proxy_deg":null,"audit_dem_elev_min_m":null,"audit_dem_elev_max_m":null,"audit_centroid_near_waterway":true,"audit_area_m2":1498.4,"feature_id":"lqv-sw-0141"},"geometry":{"type":"Polygon","coordinates":[[[-57.1255399,-25.5586026],[-57.1259748,-25.5588811],[-57.1261946,-25.5590456],[-57.1262647,-25.5591469],[-57.12701,-25.5602783],[-57.1270581,-25.5602716],[-57.1262866,-25.5591122],[-57.1262367,-25.5590414],[-57.1260262,-25.5588684],[-57.1255773,-25.5585815],[-57.1244924,-25.5579065],[-57.1244503,-25.5579192],[-57.1255399,-25.5586026]]]}},{"type":"Feature","properties":{"natural":"water","water":"stream","audit_class":"stream_polygon_depiction","audit_class_label":"Stream centre-line depiction","audit_color":"#a78bfa","audit_schema_version":2,"audit_jrc_occurrence_mean":null,"audit_jrc_occurrence_max":null,"audit_jrc_pixels":0,"audit_dem_slope_proxy_deg":null,"audit_dem_elev_min_m":null,"audit_dem_elev_max_m":null,"audit_centroid_near_waterway":true,"audit_area_m2":1382.2,"feature_id":"lqv-sw-0142"},"geometry":{"type":"Polygon","coordinates":[[[-57.1152883,-25.5620031],[-57.1148735,-25.5616931],[-57.1140407,-25.5607906],[-57.1132958,-25.5604821],[-57.1132891,-25.5605065],[-57.1140085,-25.5608104],[-57.1148312,-25.561716],[-57.1151139,-25.5619146],[-57.1154085,-25.5621574],[-57.1155845,-25.5623834],[-57.1156725,-25.5626735],[-57.1157132,-25.5626613],[-57.1156167,-25.5623712],[-57.1154694,-25.5621635],[-57.1152883,-25.5620031]]]}},{"type":"Feature","properties":{"natural":"water","water":"stream","audit_class":"stream_polygon_depiction","audit_class_label":"Stream centre-line depiction","audit_color":"#a78bfa","audit_schema_version":2,"audit_jrc_occurrence_mean":null,"audit_jrc_occurrence_max":null,"audit_jrc_pixels":0,"audit_dem_slope_proxy_deg":null,"audit_dem_elev_min_m":null,"audit_dem_elev_max_m":null,"audit_centroid_near_waterway":true,"audit_area_m2":1303.5,"feature_id":"lqv-sw-0143"},"geometry":{"type":"Polygon","coordinates":[[[-57.1182069,-25.5640042],[-57.1184245,-25.5642316],[-57.1186007,-25.5651704],[-57.11864,-25.5651782],[-57.1184508,-25.5642215],[-57.1182342,-25.5639896],[-57.1176502,-25.5634281],[-57.1173516,-25.5628647],[-57.117136,-25.5627378],[-57.1167919,-25.5626931],[-57.1157817,-25.5627588],[-57.1157494,-25.5627561],[-57.1157402,-25.5627424],[-57.1157129,-25.5627497],[-57.1157372,-25.5627816],[-57.1157575,-25.5627889],[-57.115805,-25.5627844],[-57.1167828,-25.5627168],[-57.1171016,-25.5627533],[-57.1171228,-25.5627615],[-57.1173192,-25.5628684],[-57.1173334,-25.562883],[-57.117636,-25.5634482],[-57.1182069,-25.5640042]]]}},{"type":"Feature","properties":{"natural":"water","water":"stream","audit_class":"stream_polygon_depiction","audit_class_label":"Stream centre-line depiction","audit_color":"#a78bfa","audit_schema_version":2,"audit_jrc_occurrence_mean":null,"audit_jrc_occurrence_max":null,"audit_jrc_pixels":0,"audit_dem_slope_proxy_deg":null,"audit_dem_elev_min_m":null,"audit_dem_elev_max_m":null,"audit_centroid_near_waterway":true,"audit_area_m2":1264.1,"feature_id":"lqv-sw-0145"},"geometry":{"type":"Polygon","coordinates":[[[-57.1296539,-25.5586659],[-57.1294813,-25.5587065],[-57.129125,-25.5589062],[-57.1287619,-25.559063],[-57.1286662,-25.5591198],[-57.1286801,-25.5591349],[-57.128799,-25.5590805],[-57.1291414,-25.558931],[-57.1294965,-25.5587343],[-57.1296475,-25.5587015],[-57.1299522,-25.558646],[-57.129997,-25.55863069333333],[-57.129997,-25.558605867117116],[-57.1299615,-25.5586185],[-57.1296539,-25.5586659]]]}},{"type":"Feature","properties":{"natural":"water","water":"stream","audit_class":"stream_polygon_depiction","audit_class_label":"Stream centre-line depiction","audit_color":"#a78bfa","audit_schema_version":2,"audit_jrc_occurrence_mean":null,"audit_jrc_occurrence_max":null,"audit_jrc_pixels":0,"audit_dem_slope_proxy_deg":null,"audit_dem_elev_min_m":null,"audit_dem_elev_max_m":null,"audit_centroid_near_waterway":true,"audit_area_m2":1242.0,"feature_id":"lqv-sw-0146"},"geometry":{"type":"Polygon","coordinates":[[[-57.1145626,-25.5689121],[-57.114342,-25.5683584],[-57.114361,-25.5678179],[-57.1145131,-25.567498],[-57.1144722,-25.5675048],[-57.1143303,-25.5678047],[-57.1143069,-25.5683584],[-57.1145261,-25.5689227],[-57.1145115,-25.5694777],[-57.1142864,-25.5700881],[-57.1139883,-25.5704427],[-57.1140102,-25.5704598],[-57.1143273,-25.5700999],[-57.1145451,-25.5694895],[-57.1145626,-25.5689121]]]}},{"type":"Feature","properties":{"natural":"water","water":"stream","audit_class":"stream_polygon_depiction","audit_class_label":"Stream centre-line depiction","audit_color":"#a78bfa","audit_schema_version":2,"audit_jrc_occurrence_mean":null,"audit_jrc_occurrence_max":null,"audit_jrc_pixels":0,"audit_dem_slope_proxy_deg":null,"audit_dem_elev_min_m":null,"audit_dem_elev_max_m":null,"audit_centroid_near_waterway":true,"audit_area_m2":1195.1,"feature_id":"lqv-sw-0147"},"geometry":{"type":"Polygon","coordinates":[[[-57.1145755,-25.5641866],[-57.1140677,-25.5636155],[-57.113829,-25.5630733],[-57.113724,-25.5629206],[-57.1136817,-25.5629237],[-57.1137985,-25.563081],[-57.1140338,-25.5636307],[-57.1145518,-25.5642156],[-57.1148921,-25.5644065],[-57.1151257,-25.5647547],[-57.1151392,-25.5649288],[-57.1153787,-25.565249],[-57.115415,-25.5652387],[-57.1151765,-25.5649135],[-57.1151663,-25.564744],[-57.1149242,-25.5643836],[-57.1145755,-25.5641866]]]}},{"type":"Feature","properties":{"natural":"water","audit_class":"stream_polygon_depiction","audit_class_label":"Stream centre-line depiction","audit_color":"#a78bfa","audit_schema_version":2,"audit_jrc_occurrence_mean":null,"audit_jrc_occurrence_max":null,"audit_jrc_pixels":0,"audit_dem_slope_proxy_deg":null,"audit_dem_elev_min_m":null,"audit_dem_elev_max_m":null,"audit_centroid_near_waterway":true,"audit_area_m2":1063.2,"feature_id":"lqv-sw-0150"},"geometry":{"type":"Polygon","coordinates":[[[-57.123252,-25.6240456],[-57.1232481,-25.6241015],[-57.1232985,-25.6241888],[-57.1233372,-25.6242237],[-57.1233953,-25.6242865],[-57.1234921,-25.6242446],[-57.123558,-25.6241399],[-57.1236161,-25.6240177],[-57.1236393,-25.6239129],[-57.1235502,-25.6238815],[-57.1234689,-25.6239129],[-57.1233062,-25.6239967],[-57.123252,-25.6240456]]]}},{"type":"Feature","properties":{"natural":"water","audit_class":"stream_polygon_depiction","audit_class_label":"Stream centre-line depiction","audit_color":"#a78bfa","audit_schema_version":2,"audit_jrc_occurrence_mean":null,"audit_jrc_occurrence_max":null,"audit_jrc_pixels":0,"audit_dem_slope_proxy_deg":null,"audit_dem_elev_min_m":null,"audit_dem_elev_max_m":null,"audit_centroid_near_waterway":true,"audit_area_m2":1054.1,"feature_id":"lqv-sw-0151"},"geometry":{"type":"Polygon","coordinates":[[[-57.1221598,-25.6246846],[-57.1220862,-25.6246392],[-57.122032,-25.6245973],[-57.1219856,-25.6244891],[-57.1219662,-25.6244123],[-57.1219197,-25.6244018],[-57.1218306,-25.6244332],[-57.1218229,-25.6244786],[-57.1219081,-25.6246986],[-57.1219933,-25.624744],[-57.1221095,-25.6248732],[-57.1221676,-25.6249186],[-57.1222721,-25.6249011],[-57.1222915,-25.6248662],[-57.1222179,-25.6247195],[-57.1221598,-25.6246846]]]}},{"type":"Feature","properties":{"natural":"water","audit_class":"stream_polygon_depiction","audit_class_label":"Stream centre-line depiction","audit_color":"#a78bfa","audit_schema_version":2,"audit_jrc_occurrence_mean":null,"audit_jrc_occurrence_max":null,"audit_jrc_pixels":0,"audit_dem_slope_proxy_deg":null,"audit_dem_elev_min_m":null,"audit_dem_elev_max_m":null,"audit_centroid_near_waterway":false,"audit_area_m2":906.6,"feature_id":"lqv-sw-0153"},"geometry":{"type":"Polygon","coordinates":[[[-57.0180513,-25.6904205],[-57.0179761,-25.6904645],[-57.0178724,-25.6905011],[-57.0178094,-25.6905304],[-57.0177931,-25.690567],[-57.0177992,-25.6906037],[-57.0178602,-25.6906202],[-57.0179313,-25.6906348],[-57.0180248,-25.690655],[-57.0180879,-25.6906513],[-57.0182098,-25.6905909],[-57.0182789,-25.6905304],[-57.0182708,-25.6905011],[-57.0181549,-25.6903655],[-57.0181041,-25.6903912],[-57.0180513,-25.6904205]]]}},{"type":"Feature","properties":{"natural":"water","audit_class":"stream_polygon_depiction","audit_class_label":"Stream centre-line depiction","audit_color":"#a78bfa","audit_schema_version":2,"audit_jrc_occurrence_mean":null,"audit_jrc_occurrence_max":null,"audit_jrc_pixels":0,"audit_dem_slope_proxy_deg":null,"audit_dem_elev_min_m":null,"audit_dem_elev_max_m":null,"audit_centroid_near_waterway":true,"audit_area_m2":898.1,"feature_id":"lqv-sw-0154"},"geometry":{"type":"Polygon","coordinates":[[[-57.1235967,-25.6236056],[-57.1235889,-25.623651],[-57.1235425,-25.6237104],[-57.1236122,-25.6237243],[-57.1237167,-25.6237034],[-57.1238291,-25.6235218],[-57.1238639,-25.6234345],[-57.123802,-25.6233821],[-57.1236935,-25.6233227],[-57.1236238,-25.6233367],[-57.1235928,-25.6233891],[-57.123558,-25.6235008],[-57.1235967,-25.6235567],[-57.1235967,-25.6236056]]]}},{"type":"Feature","properties":{"natural":"water","audit_class":"stream_polygon_depiction","audit_class_label":"Stream centre-line depiction","audit_color":"#a78bfa","audit_schema_version":2,"audit_jrc_occurrence_mean":null,"audit_jrc_occurrence_max":null,"audit_jrc_pixels":0,"audit_dem_slope_proxy_deg":null,"audit_dem_elev_min_m":null,"audit_dem_elev_max_m":null,"audit_centroid_near_waterway":true,"audit_area_m2":860.0,"feature_id":"lqv-sw-0155"},"geometry":{"type":"Polygon","coordinates":[[[-57.1036756,-25.5752805],[-57.1036756,-25.5753207],[-57.1037239,-25.5753441],[-57.1037945,-25.5753408],[-57.10388,-25.5753173],[-57.1040174,-25.5752402],[-57.1041995,-25.5751397],[-57.1042032,-25.5750827],[-57.1041586,-25.5750459],[-57.104088,-25.5750559],[-57.1039803,-25.5750861],[-57.1038131,-25.5751732],[-57.1036942,-25.5752268],[-57.1036756,-25.5752805]]]}},{"type":"Feature","properties":{"natural":"water","audit_class":"stream_polygon_depiction","audit_class_label":"Stream centre-line depiction","audit_color":"#a78bfa","audit_schema_version":2,"audit_jrc_occurrence_mean":null,"audit_jrc_occurrence_max":null,"audit_jrc_pixels":0,"audit_dem_slope_proxy_deg":null,"audit_dem_elev_min_m":null,"audit_dem_elev_max_m":null,"audit_centroid_near_waterway":false,"audit_area_m2":834.9,"feature_id":"lqv-sw-0156"},"geometry":{"type":"Polygon","coordinates":[[[-57.0284658,-25.6885597],[-57.0284381,-25.6886208],[-57.028395,-25.6887208],[-57.0284134,-25.6887707],[-57.0284905,-25.6887874],[-57.0285891,-25.6887957],[-57.0287,-25.6887763],[-57.0287462,-25.6887347],[-57.028737,-25.6886208],[-57.0287339,-25.6885514],[-57.0287061,-25.6885292],[-57.0286106,-25.6885375],[-57.0284658,-25.6885597]]]}},{"type":"Feature","properties":{"natural":"water","audit_class":"stream_polygon_depiction","audit_class_label":"Stream centre-line depiction","audit_color":"#a78bfa","audit_schema_version":2,"audit_jrc_occurrence_mean":null,"audit_jrc_occurrence_max":null,"audit_jrc_pixels":0,"audit_dem_slope_proxy_deg":null,"audit_dem_elev_min_m":null,"audit_dem_elev_max_m":null,"audit_centroid_near_waterway":false,"audit_area_m2":825.5,"feature_id":"lqv-sw-0157"},"geometry":{"type":"Polygon","coordinates":[[[-57.1275494,-25.6009279],[-57.1275437,-25.6008594],[-57.1274905,-25.6008337],[-57.1274241,-25.600832],[-57.1273633,-25.6008491],[-57.1273329,-25.6008799],[-57.1273044,-25.6009587],[-57.1272968,-25.6010238],[-57.1272816,-25.601106],[-57.1273196,-25.6011471],[-57.1273861,-25.6011694],[-57.127481,-25.6011677],[-57.1275266,-25.6011283],[-57.1275361,-25.6010974],[-57.1275437,-25.6009878],[-57.1275494,-25.6009279]]]}},{"type":"Feature","properties":{"natural":"water","water":"stream","audit_class":"stream_polygon_depiction","audit_class_label":"Stream centre-line depiction","audit_color":"#a78bfa","audit_schema_version":2,"audit_jrc_occurrence_mean":null,"audit_jrc_occurrence_max":null,"audit_jrc_pixels":0,"audit_dem_slope_proxy_deg":null,"audit_dem_elev_min_m":null,"audit_dem_elev_max_m":null,"audit_centroid_near_waterway":true,"audit_area_m2":818.4,"feature_id":"lqv-sw-0158"},"geometry":{"type":"Polygon","coordinates":[[[-57.1296986,-25.5494587],[-57.1295615,-25.5493974],[-57.1294895,-25.549325],[-57.129477,-25.549285],[-57.1294743,-25.5490926],[-57.129351,-25.5488378],[-57.1292915,-25.5487479],[-57.1292624,-25.5487266],[-57.12925,-25.5487541],[-57.1292804,-25.5487879],[-57.1293192,-25.5488416],[-57.1294313,-25.5490777],[-57.1294479,-25.5493025],[-57.1294507,-25.54935],[-57.129531,-25.5494262],[-57.1296806,-25.5494861],[-57.1297345,-25.5494986],[-57.129997,-25.5494964844294],[-57.129997,-25.549464927237356],[-57.1297498,-25.5494612],[-57.1296986,-25.5494587]]]}},{"type":"Feature","properties":{"natural":"water","audit_class":"stream_polygon_depiction","audit_class_label":"Stream centre-line depiction","audit_color":"#a78bfa","audit_schema_version":2,"audit_jrc_occurrence_mean":null,"audit_jrc_occurrence_max":null,"audit_jrc_pixels":0,"audit_dem_slope_proxy_deg":null,"audit_dem_elev_min_m":null,"audit_dem_elev_max_m":null,"audit_centroid_near_waterway":true,"audit_area_m2":794.2,"feature_id":"lqv-sw-0159"},"geometry":{"type":"Polygon","coordinates":[[[-57.1229034,-25.6247824],[-57.1229925,-25.6248208],[-57.1230893,-25.6248138],[-57.12319,-25.6247894],[-57.123221,-25.624758],[-57.1232288,-25.6246951],[-57.1233217,-25.6246567],[-57.123434,-25.6245973],[-57.1234573,-25.624531],[-57.1233837,-25.6245415],[-57.1232404,-25.6245973],[-57.1230661,-25.6246218],[-57.1229654,-25.6246742],[-57.1229034,-25.6247195],[-57.1229034,-25.6247824]]]}},{"type":"Feature","properties":{"natural":"water","audit_class":"stream_polygon_depiction","audit_class_label":"Stream centre-line depiction","audit_color":"#a78bfa","audit_schema_version":2,"audit_jrc_occurrence_mean":null,"audit_jrc_occurrence_max":null,"audit_jrc_pixels":0,"audit_dem_slope_proxy_deg":null,"audit_dem_elev_min_m":null,"audit_dem_elev_max_m":null,"audit_centroid_near_waterway":false,"audit_area_m2":771.7,"feature_id":"lqv-sw-0161"},"geometry":{"type":"Polygon","coordinates":[[[-57.0766311,-25.6733271],[-57.0766257,-25.6733972],[-57.0766579,-25.6734794],[-57.0767089,-25.6735543],[-57.0767893,-25.6735978],[-57.0768537,-25.6736003],[-57.0768993,-25.6734842],[-57.0768832,-25.6733658],[-57.0768483,-25.6733102],[-57.0767974,-25.6732715],[-57.0767464,-25.6732497],[-57.0766793,-25.6732715],[-57.0766311,-25.6733271]]]}},{"type":"Feature","properties":{"natural":"water","audit_class":"stream_polygon_depiction","audit_class_label":"Stream centre-line depiction","audit_color":"#a78bfa","audit_schema_version":2,"audit_jrc_occurrence_mean":null,"audit_jrc_occurrence_max":null,"audit_jrc_pixels":0,"audit_dem_slope_proxy_deg":null,"audit_dem_elev_min_m":null,"audit_dem_elev_max_m":null,"audit_centroid_near_waterway":true,"audit_area_m2":756.5,"feature_id":"lqv-sw-0162"},"geometry":{"type":"Polygon","coordinates":[[[-57.1223651,-25.6251072],[-57.1223574,-25.6251805],[-57.1224348,-25.6252643],[-57.1225278,-25.6252713],[-57.122613,-25.6252049],[-57.1226711,-25.6251002],[-57.1226711,-25.6249919],[-57.1226052,-25.6249605],[-57.1225084,-25.6250024],[-57.1224,-25.6250478],[-57.1223651,-25.6251072]]]}},{"type":"Feature","properties":{"natural":"water","water":"stream","audit_class":"stream_polygon_depiction","audit_class_label":"Stream centre-line depiction","audit_color":"#a78bfa","audit_schema_version":2,"audit_jrc_occurrence_mean":null,"audit_jrc_occurrence_max":null,"audit_jrc_pixels":0,"audit_dem_slope_proxy_deg":null,"audit_dem_elev_min_m":null,"audit_dem_elev_max_m":null,"audit_centroid_near_waterway":true,"audit_area_m2":748.7,"feature_id":"lqv-sw-0163"},"geometry":{"type":"Polygon","coordinates":[[[-57.1154916,-25.5921698],[-57.1154749,-25.5923567],[-57.1154549,-25.5925889],[-57.1153512,-25.5928664],[-57.1153312,-25.5930082],[-57.1152819,-25.5930931],[-57.1151159,-25.5932064],[-57.114932,-25.5933035],[-57.1148647,-25.5933844],[-57.1147301,-25.5934532],[-57.1147794,-25.5934734],[-57.1148647,-25.5934289],[-57.1149454,-25.5933399],[-57.1151159,-25.593259],[-57.1152819,-25.5931376],[-57.1153761,-25.5930082],[-57.1153895,-25.5928787],[-57.1154927,-25.5925753],[-57.1155241,-25.5923811],[-57.1155331,-25.5921707],[-57.115569,-25.5920817],[-57.1155174,-25.5921109],[-57.1154916,-25.5921698]]]}},{"type":"Feature","properties":{"natural":"water","audit_class":"stream_polygon_depiction","audit_class_label":"Stream centre-line depiction","audit_color":"#a78bfa","audit_schema_version":2,"audit_jrc_occurrence_mean":null,"audit_jrc_occurrence_max":null,"audit_jrc_pixels":0,"audit_dem_slope_proxy_deg":null,"audit_dem_elev_min_m":null,"audit_dem_elev_max_m":null,"audit_centroid_near_waterway":true,"audit_area_m2":743.7,"feature_id":"lqv-sw-0164"},"geometry":{"type":"Polygon","coordinates":[[[-57.073499,-25.6919688],[-57.0734381,-25.6920238],[-57.0734137,-25.692119],[-57.0734421,-25.6922106],[-57.0735316,-25.6922509],[-57.0736129,-25.6922363],[-57.0736942,-25.692185],[-57.0737308,-25.6921227],[-57.0737186,-25.6920458],[-57.0736251,-25.6919835],[-57.073499,-25.6919688]]]}},{"type":"Feature","properties":{"natural":"water","audit_class":"stream_polygon_depiction","audit_class_label":"Stream centre-line depiction","audit_color":"#a78bfa","audit_schema_version":2,"audit_jrc_occurrence_mean":null,"audit_jrc_occurrence_max":null,"audit_jrc_pixels":0,"audit_dem_slope_proxy_deg":null,"audit_dem_elev_min_m":null,"audit_dem_elev_max_m":null,"audit_centroid_near_waterway":true,"audit_area_m2":701.5,"feature_id":"lqv-sw-0166"},"geometry":{"type":"Polygon","coordinates":[[[-57.0791703,-25.6865893],[-57.0790971,-25.6866699],[-57.0790646,-25.6867267],[-57.0790992,-25.6867798],[-57.079211,-25.6868366],[-57.0792679,-25.686844],[-57.0793146,-25.6868293],[-57.0793248,-25.6867505],[-57.079335,-25.6866351],[-57.0793431,-25.6865618],[-57.0793553,-25.6865087],[-57.0793167,-25.6864922],[-57.0792455,-25.6865307],[-57.0791703,-25.6865893]]]}},{"type":"Feature","properties":{"natural":"water","audit_class":"stream_polygon_depiction","audit_class_label":"Stream centre-line depiction","audit_color":"#a78bfa","audit_schema_version":2,"audit_jrc_occurrence_mean":null,"audit_jrc_occurrence_max":null,"audit_jrc_pixels":0,"audit_dem_slope_proxy_deg":null,"audit_dem_elev_min_m":null,"audit_dem_elev_max_m":null,"audit_centroid_near_waterway":true,"audit_area_m2":673.8,"feature_id":"lqv-sw-0167"},"geometry":{"type":"Polygon","coordinates":[[[-57.064188,-25.679832],[-57.0642697,-25.6798028],[-57.0643205,-25.6798264],[-57.0643775,-25.6798195],[-57.0644206,-25.6797779],[-57.064453,-25.679707],[-57.064453,-25.6796265],[-57.0644299,-25.679589],[-57.0644083,-25.6795529],[-57.064339,-25.679546],[-57.0643112,-25.6795585],[-57.0642697,-25.6795974],[-57.0642388,-25.6796418],[-57.0642204,-25.6796959],[-57.0641911,-25.679739],[-57.0640987,-25.6797806],[-57.0641279,-25.6798209],[-57.0641356,-25.6798403],[-57.064188,-25.679832]]]}},{"type":"Feature","properties":{"natural":"water","audit_class":"stream_polygon_depiction","audit_class_label":"Stream centre-line depiction","audit_color":"#a78bfa","audit_schema_version":2,"audit_jrc_occurrence_mean":null,"audit_jrc_occurrence_max":null,"audit_jrc_pixels":0,"audit_dem_slope_proxy_deg":null,"audit_dem_elev_min_m":null,"audit_dem_elev_max_m":null,"audit_centroid_near_waterway":false,"audit_area_m2":543.2,"feature_id":"lqv-sw-0168"},"geometry":{"type":"Polygon","coordinates":[[[-56.9892529,-25.6521967],[-56.9891946,-25.6521967],[-56.9891279,-25.6522155],[-56.9890695,-25.6522681],[-56.9890737,-25.6523696],[-56.9891154,-25.6524673],[-56.9891529,-25.6525048],[-56.9892112,-25.6524898],[-56.9892654,-25.6524447],[-56.9892529,-25.6523733],[-56.9892758,-25.6522756],[-56.9892529,-25.6521967]]]}},{"type":"Feature","properties":{"natural":"water","audit_class":"stream_polygon_depiction","audit_class_label":"Stream centre-line depiction","audit_color":"#a78bfa","audit_schema_version":2,"audit_jrc_occurrence_mean":null,"audit_jrc_occurrence_max":null,"audit_jrc_pixels":0,"audit_dem_slope_proxy_deg":null,"audit_dem_elev_min_m":null,"audit_dem_elev_max_m":null,"audit_centroid_near_waterway":false,"audit_area_m2":500.2,"feature_id":"lqv-sw-0169"},"geometry":{"type":"Polygon","coordinates":[[[-57.06446,-25.6676775],[-57.0645046,-25.6677247],[-57.0645239,-25.6677735],[-57.0645627,-25.6678119],[-57.0646324,-25.6678276],[-57.0646924,-25.667798],[-57.0647621,-25.6677421],[-57.0647987,-25.6676761],[-57.0646736,-25.6676663],[-57.0645702,-25.6676407],[-57.0644802,-25.6676095],[-57.0644173,-25.6675662],[-57.0644155,-25.66762],[-57.06446,-25.6676775]]]}},{"type":"Feature","properties":{"natural":"water","audit_class":"stream_polygon_depiction","audit_class_label":"Stream centre-line depiction","audit_color":"#a78bfa","audit_schema_version":2,"audit_jrc_occurrence_mean":5.0,"audit_jrc_occurrence_max":5.0,"audit_jrc_pixels":1,"audit_dem_slope_proxy_deg":null,"audit_dem_elev_min_m":null,"audit_dem_elev_max_m":null,"audit_centroid_near_waterway":false,"audit_area_m2":500.1,"feature_id":"lqv-sw-0170"},"geometry":{"type":"Polygon","coordinates":[[[-57.106693,-25.6125255],[-57.1067241,-25.6125536],[-57.1067841,-25.6125916],[-57.1068219,-25.6126537],[-57.1068552,-25.6127198],[-57.1069085,-25.6127439],[-57.1069729,-25.6126918],[-57.107024,-25.6126097],[-57.1069996,-25.6125576],[-57.1069463,-25.6125456],[-57.1068419,-25.6125315],[-57.1067597,-25.6124775],[-57.1066708,-25.6124494],[-57.1066619,-25.6124815],[-57.106693,-25.6125255]]]}},{"type":"Feature","properties":{"natural":"water","audit_class":"stream_polygon_depiction","audit_class_label":"Stream centre-line depiction","audit_color":"#a78bfa","audit_schema_version":2,"audit_jrc_occurrence_mean":null,"audit_jrc_occurrence_max":null,"audit_jrc_pixels":0,"audit_dem_slope_proxy_deg":null,"audit_dem_elev_min_m":null,"audit_dem_elev_max_m":null,"audit_centroid_near_waterway":true,"audit_area_m2":496.6,"feature_id":"lqv-sw-0171"},"geometry":{"type":"Polygon","coordinates":[[[-57.0131992,-25.6795698],[-57.0132494,-25.6796338],[-57.0132327,-25.6796771],[-57.013241,-25.6797166],[-57.0133371,-25.6796733],[-57.0134332,-25.6796262],[-57.0134248,-25.6795453],[-57.013264,-25.6794248],[-57.01317,-25.6794625],[-57.0131992,-25.6795698]]]}},{"type":"Feature","properties":{"natural":"water","audit_class":"stream_polygon_depiction","audit_class_label":"Stream centre-line depiction","audit_color":"#a78bfa","audit_schema_version":2,"audit_jrc_occurrence_mean":null,"audit_jrc_occurrence_max":null,"audit_jrc_pixels":0,"audit_dem_slope_proxy_deg":null,"audit_dem_elev_min_m":null,"audit_dem_elev_max_m":null,"audit_centroid_near_waterway":false,"audit_area_m2":352.4,"feature_id":"lqv-sw-0176"},"geometry":{"type":"Polygon","coordinates":[[[-57.0800938,-25.6834653],[-57.0801179,-25.6835137],[-57.0801501,-25.6835596],[-57.080185,-25.6836104],[-57.0802306,-25.6836636],[-57.0802789,-25.6836442],[-57.0802681,-25.6835886],[-57.0802547,-25.6835451],[-57.0802547,-25.6834968],[-57.0802681,-25.6834363],[-57.0802547,-25.6834025],[-57.0802038,-25.6833928],[-57.0801045,-25.6834097],[-57.0800938,-25.6834653]]]}},{"type":"Feature","properties":{"natural":"water","audit_class":"stream_polygon_depiction","audit_class_label":"Stream centre-line depiction","audit_color":"#a78bfa","audit_schema_version":2,"audit_jrc_occurrence_mean":null,"audit_jrc_occurrence_max":null,"audit_jrc_pixels":0,"audit_dem_slope_proxy_deg":null,"audit_dem_elev_min_m":null,"audit_dem_elev_max_m":null,"audit_centroid_near_waterway":false,"audit_area_m2":255.8,"feature_id":"lqv-sw-0177"},"geometry":{"type":"Polygon","coordinates":[[[-56.9864101,-25.6532444],[-56.9864176,-25.653305],[-56.9864624,-25.6533253],[-56.9865272,-25.6533028],[-56.9865945,-25.6532489],[-56.986587,-25.6531725],[-56.9865472,-25.6531478],[-56.9864824,-25.6531658],[-56.986425,-25.6532039],[-56.9864101,-25.6532444]]]}},{"type":"Feature","properties":{"natural":"water","audit_class":"stream_polygon_depiction","audit_class_label":"Stream centre-line depiction","audit_color":"#a78bfa","audit_schema_version":2,"audit_jrc_occurrence_mean":null,"audit_jrc_occurrence_max":null,"audit_jrc_pixels":0,"audit_dem_slope_proxy_deg":null,"audit_dem_elev_min_m":null,"audit_dem_elev_max_m":null,"audit_centroid_near_waterway":false,"audit_area_m2":124.3,"feature_id":"lqv-sw-0178"},"geometry":{"type":"Polygon","coordinates":[[[-57.0777159,-25.593166],[-57.0778513,-25.5932334],[-57.077884,-25.5931618],[-57.0777533,-25.5931028],[-57.0777159,-25.593166]]]}},{"type":"Feature","properties":{"natural":"water","source":"cidi","audit_class":"stream_polygon_depiction","audit_class_label":"Stream centre-line depiction","audit_color":"#a78bfa","audit_schema_version":2,"audit_jrc_occurrence_mean":null,"audit_jrc_occurrence_max":null,"audit_jrc_pixels":0,"audit_dem_slope_proxy_deg":null,"audit_dem_elev_min_m":null,"audit_dem_elev_max_m":null,"audit_centroid_near_waterway":false,"audit_area_m2":49.4,"feature_id":"lqv-sw-0180"},"geometry":{"type":"Polygon","coordinates":[[[-56.9631142,-25.6622915],[-56.9632054,-25.6622957],[-56.9632068,-25.6622437],[-56.9631189,-25.6622443],[-56.9631142,-25.6622915]]]}},{"type":"Feature","properties":{"natural":"water","audit_class":"stream_polygon_depiction","audit_class_label":"Stream centre-line depiction","audit_color":"#a78bfa","audit_schema_version":2,"audit_jrc_occurrence_mean":null,"audit_jrc_occurrence_max":null,"audit_jrc_pixels":0,"audit_dem_slope_proxy_deg":null,"audit_dem_elev_min_m":null,"audit_dem_elev_max_m":null,"audit_centroid_near_waterway":true,"audit_area_m2":30.5,"feature_id":"lqv-sw-0181"},"geometry":{"type":"Polygon","coordinates":[[[-57.0833537,-25.6121993],[-57.0833919,-25.6122072],[-57.0834093,-25.6121389],[-57.0833711,-25.612131],[-57.0833537,-25.6121993]]]}},{"type":"Feature","properties":{"natural":"water","source":"cidi","audit_class":"stream_polygon_depiction","audit_class_label":"Stream centre-line depiction","audit_color":"#a78bfa","audit_schema_version":2,"audit_jrc_occurrence_mean":null,"audit_jrc_occurrence_max":null,"audit_jrc_pixels":0,"audit_dem_slope_proxy_deg":null,"audit_dem_elev_min_m":null,"audit_dem_elev_max_m":null,"audit_centroid_near_waterway":false,"audit_area_m2":23.7,"feature_id":"lqv-sw-0182"},"geometry":{"type":"Polygon","coordinates":[[[-56.951861,-25.6652241],[-56.9518731,-25.6651443],[-56.9518161,-25.6651678],[-56.951861,-25.6652241]]]}},{"type":"Feature","properties":{"natural":"water","source":"cidi","audit_class":"stream_polygon_depiction","audit_class_label":"Stream centre-line depiction","audit_color":"#a78bfa","audit_schema_version":2,"audit_jrc_occurrence_mean":null,"audit_jrc_occurrence_max":null,"audit_jrc_pixels":0,"audit_dem_slope_proxy_deg":null,"audit_dem_elev_min_m":null,"audit_dem_elev_max_m":null,"audit_centroid_near_waterway":false,"audit_area_m2":18.5,"feature_id":"lqv-sw-0183"},"geometry":{"type":"Polygon","coordinates":[[[-56.9518248,-25.6658266],[-56.9518328,-25.6658363],[-56.9518939,-25.6658339],[-56.9518919,-25.6658073],[-56.9518308,-25.6658115],[-56.9518248,-25.6658266]]]}},{"type":"Feature","properties":{"natural":"water","source":"cidi","audit_class":"stream_polygon_depiction","audit_class_label":"Stream centre-line depiction","audit_color":"#a78bfa","audit_schema_version":2,"audit_jrc_occurrence_mean":null,"audit_jrc_occurrence_max":null,"audit_jrc_pixels":0,"audit_dem_slope_proxy_deg":null,"audit_dem_elev_min_m":null,"audit_dem_elev_max_m":null,"audit_centroid_near_waterway":false,"audit_area_m2":11.3,"feature_id":"lqv-sw-0184"},"geometry":{"type":"Polygon","coordinates":[[[-56.9616792,-25.6625538],[-56.9617101,-25.6625813],[-56.9617289,-25.6625647],[-56.9617007,-25.6625384],[-56.9616792,-25.6625538]]]}},{"type":"Feature","properties":{"natural":"water","source":"cidi","audit_class":"stream_polygon_depiction","audit_class_label":"Stream centre-line depiction","audit_color":"#a78bfa","audit_schema_version":2,"audit_jrc_occurrence_mean":null,"audit_jrc_occurrence_max":null,"audit_jrc_pixels":0,"audit_dem_slope_proxy_deg":null,"audit_dem_elev_min_m":null,"audit_dem_elev_max_m":null,"audit_centroid_near_waterway":false,"audit_area_m2":9.1,"feature_id":"lqv-sw-0185"},"geometry":{"type":"Polygon","coordinates":[[[-56.9514091,-25.6738092],[-56.9514298,-25.6738092],[-56.9514265,-25.6737693],[-56.9514057,-25.6737705],[-56.9514091,-25.6738092]]]}},{"type":"Feature","properties":{"natural":"wetland","wetland":"string_bog","audit_class":"likely_mis-tagged","audit_class_label":"Likely mis-tagged","audit_color":"#f87171","audit_schema_version":2,"audit_jrc_occurrence_mean":null,"audit_jrc_occurrence_max":null,"audit_jrc_pixels":0,"audit_dem_slope_proxy_deg":null,"audit_dem_elev_min_m":null,"audit_dem_elev_max_m":null,"audit_centroid_near_waterway":false,"audit_area_m2":74144.2,"feature_id":"lqv-sw-0186"},"geometry":{"type":"Polygon","coordinates":[[[-57.0723559,-25.6220553],[-57.0725222,-25.6219441],[-57.0726402,-25.6217651],[-57.0727904,-25.6215039],[-57.0728977,-25.6213249],[-57.0730961,-25.6211169],[-57.0732571,-25.6210189],[-57.0733912,-25.6208061],[-57.0735199,-25.6205159],[-57.0736219,-25.6202692],[-57.0737077,-25.6200757],[-57.073933,-25.6197992],[-57.0739169,-25.6196637],[-57.0738364,-25.6197411],[-57.0737291,-25.6198137],[-57.0736058,-25.6197702],[-57.073595,-25.6196541],[-57.0736594,-25.619509],[-57.0738257,-25.6194219],[-57.0740081,-25.619359],[-57.0740349,-25.6194606],[-57.0740832,-25.6193493],[-57.074169,-25.6192284],[-57.0742309,-25.6189878],[-57.074271,-25.6187108],[-57.0742549,-25.6185222],[-57.0741154,-25.6185174],[-57.0739705,-25.6185319],[-57.0737935,-25.6185319],[-57.0735897,-25.6185174],[-57.073477,-25.6183529],[-57.0734824,-25.618203],[-57.0735092,-25.6180143],[-57.0734502,-25.6178402],[-57.0734824,-25.6176709],[-57.0733858,-25.6175548],[-57.0732088,-25.6175741],[-57.0730425,-25.6175838],[-57.0728708,-25.6177144],[-57.0725382,-25.6180095],[-57.0722754,-25.618232],[-57.0720662,-25.6182658],[-57.0719911,-25.6183577],[-57.0719589,-25.6185174],[-57.0720179,-25.618677],[-57.0721842,-25.6187544],[-57.0723064,-25.6188222],[-57.0723934,-25.6188705],[-57.0726348,-25.618943],[-57.0727957,-25.6190204],[-57.0727796,-25.6191655],[-57.0727636,-25.6194364],[-57.0726402,-25.6195622],[-57.0724202,-25.6196492],[-57.0722432,-25.6196928],[-57.0721735,-25.619775],[-57.0720608,-25.6199395],[-57.0719267,-25.6201329],[-57.0717175,-25.6203554],[-57.071619,-25.6204319],[-57.0715244,-25.6205054],[-57.0713726,-25.6205753],[-57.0712722,-25.6206215],[-57.0711918,-25.6207762],[-57.0712025,-25.6210471],[-57.0714385,-25.6214244],[-57.0714571,-25.6216521],[-57.0722241,-25.6221667],[-57.0723559,-25.6220553]]]}},{"type":"Feature","properties":{"natural":"wetland","wetland":"bog","audit_class":"likely_mis-tagged","audit_class_label":"Likely mis-tagged","audit_color":"#f87171","audit_schema_version":2,"audit_jrc_occurrence_mean":null,"audit_jrc_occurrence_max":null,"audit_jrc_pixels":0,"audit_dem_slope_proxy_deg":null,"audit_dem_elev_min_m":null,"audit_dem_elev_max_m":null,"audit_centroid_near_waterway":false,"audit_area_m2":19170.1,"feature_id":"lqv-sw-0187"},"geometry":{"type":"Polygon","coordinates":[[[-57.0703145,-25.6126115],[-57.070286,-25.6125883],[-57.0702431,-25.6125599],[-57.0701947,-25.6125182],[-57.070161,-25.6124824],[-57.0701327,-25.6124519],[-57.0701057,-25.6124093],[-57.070084,-25.6123799],[-57.0700604,-25.6123508],[-57.0700333,-25.6123227],[-57.0699923,-25.6122988],[-57.0699615,-25.612279],[-57.0699173,-25.6122581],[-57.0698629,-25.6122288],[-57.0698277,-25.6122118],[-57.0698188,-25.6122293],[-57.0698157,-25.6123214],[-57.0697299,-25.612362],[-57.0696643,-25.6123439],[-57.0695659,-25.6123698],[-57.0694859,-25.6124082],[-57.0694002,-25.6123905],[-57.0693173,-25.6123372],[-57.0692281,-25.6123494],[-57.0691619,-25.6123805],[-57.0692058,-25.6124169],[-57.0692806,-25.6124436],[-57.0693919,-25.6126482],[-57.0694651,-25.6128168],[-57.0694651,-25.6130404],[-57.0693797,-25.6132934],[-57.0694,-25.6135133],[-57.069583,-25.6137003],[-57.0697496,-25.6138469],[-57.069831,-25.6140632],[-57.0698276,-25.6142468],[-57.0698122,-25.6143419],[-57.0701179,-25.6141733],[-57.0703835,-25.6140248],[-57.0704247,-25.6139381],[-57.0704355,-25.6138697],[-57.070441,-25.6137866],[-57.0704528,-25.6137026],[-57.0704717,-25.6136323],[-57.0704891,-25.6135591],[-57.0705071,-25.6134717],[-57.0705291,-25.6133664],[-57.0705391,-25.6132741],[-57.0705475,-25.6132012],[-57.0705573,-25.6131155],[-57.0705608,-25.6130503],[-57.0705549,-25.6129841],[-57.0705441,-25.6129244],[-57.0705292,-25.6128679],[-57.0705119,-25.6128151],[-57.0704948,-25.6127696],[-57.0704659,-25.6127189],[-57.0704294,-25.6126862],[-57.0704008,-25.6126693],[-57.0703629,-25.612641],[-57.0703145,-25.6126115]]]}},{"type":"Feature","properties":{"natural":"wetland","audit_class":"likely_mis-tagged","audit_class_label":"Likely mis-tagged","audit_color":"#f87171","audit_schema_version":2,"audit_jrc_occurrence_mean":null,"audit_jrc_occurrence_max":null,"audit_jrc_pixels":0,"audit_dem_slope_proxy_deg":null,"audit_dem_elev_min_m":null,"audit_dem_elev_max_m":null,"audit_centroid_near_waterway":false,"audit_area_m2":18385.7,"feature_id":"lqv-sw-0188"},"geometry":{"type":"Polygon","coordinates":[[[-57.0853878,-25.6098367],[-57.0851351,-25.6099006],[-57.0851049,-25.6099169],[-57.0852417,-25.6100051],[-57.0851779,-25.6101493],[-57.0850612,-25.6101978],[-57.0852183,-25.6104007],[-57.0852275,-25.6104951],[-57.0852183,-25.6106035],[-57.0851474,-25.6107174],[-57.0850842,-25.6109345],[-57.084987,-25.6110664],[-57.0848992,-25.6111419],[-57.0848105,-25.6112345],[-57.0846056,-25.6114129],[-57.0845098,-25.6115947],[-57.0845775,-25.6117166],[-57.0846206,-25.6117722],[-57.0846576,-25.6118416],[-57.0846791,-25.6119389],[-57.0846576,-25.6120278],[-57.0846144,-25.6120806],[-57.0846114,-25.6121556],[-57.0846607,-25.6122523],[-57.0847192,-25.6123496],[-57.0847685,-25.6124301],[-57.0848147,-25.6125413],[-57.0848163,-25.6126627],[-57.0848587,-25.6127967],[-57.0847632,-25.6129387],[-57.0847947,-25.6129658],[-57.084841,-25.6130074],[-57.0848782,-25.6129324],[-57.0849189,-25.612835],[-57.0849455,-25.6128143],[-57.0850003,-25.6128191],[-57.0850746,-25.6127983],[-57.085126,-25.6127169],[-57.0851419,-25.6126276],[-57.0851012,-25.6124808],[-57.0851029,-25.6121616],[-57.0851366,-25.6117435],[-57.0851879,-25.611568],[-57.0852127,-25.6114068],[-57.0852675,-25.6112553],[-57.0854746,-25.6110143],[-57.0855117,-25.6109457],[-57.0855206,-25.6107196],[-57.08554,-25.6106382],[-57.0855365,-25.6105472],[-57.0855772,-25.6104834],[-57.0856816,-25.6104786],[-57.0858063,-25.6104547],[-57.085893,-25.6104052],[-57.086001,-25.6101802],[-57.0860134,-25.6100477],[-57.0860045,-25.6099265],[-57.086001,-25.6097908],[-57.0859603,-25.6097063],[-57.0858966,-25.609644],[-57.0857709,-25.6096057],[-57.0856435,-25.6095894],[-57.0855572,-25.6096477],[-57.0853878,-25.6098367]]]}},{"type":"Feature","properties":{"natural":"wetland","wetland":"string_bog","audit_class":"likely_mis-tagged","audit_class_label":"Likely mis-tagged","audit_color":"#f87171","audit_schema_version":2,"audit_jrc_occurrence_mean":null,"audit_jrc_occurrence_max":null,"audit_jrc_pixels":0,"audit_dem_slope_proxy_deg":null,"audit_dem_elev_min_m":null,"audit_dem_elev_max_m":null,"audit_centroid_near_waterway":false,"audit_area_m2":14759.5,"feature_id":"lqv-sw-0189"},"geometry":{"type":"Polygon","coordinates":[[[-57.0710581,-25.6262608],[-57.0709735,-25.6263569],[-57.0708513,-25.6264247],[-57.0707416,-25.6264501],[-57.0706758,-25.6264162],[-57.0706069,-25.6263512],[-57.0705035,-25.6263569],[-57.0704095,-25.6263738],[-57.0703311,-25.6263767],[-57.0702183,-25.6263428],[-57.0701557,-25.6263823],[-57.070093,-25.626419],[-57.0699864,-25.6264134],[-57.0698705,-25.6264134],[-57.0696856,-25.6263823],[-57.0696261,-25.6263738],[-57.0696198,-25.6264077],[-57.0697295,-25.626436],[-57.0698047,-25.6264642],[-57.0699269,-25.6264868],[-57.0700366,-25.6265123],[-57.0702277,-25.626566],[-57.0704439,-25.6266564],[-57.0706006,-25.6266903],[-57.0707823,-25.6267213],[-57.0709703,-25.6267298],[-57.0711928,-25.6267468],[-57.0714215,-25.6267807],[-57.0716534,-25.6267863],[-57.0718884,-25.6268061],[-57.0720451,-25.6268004],[-57.072161,-25.6267383],[-57.0722801,-25.6267072],[-57.0723835,-25.6267044],[-57.0724681,-25.6267468],[-57.0725182,-25.6266903],[-57.0725934,-25.6265914],[-57.072631,-25.6265207],[-57.0726247,-25.6264021],[-57.0725903,-25.6263117],[-57.0725057,-25.6262156],[-57.0723365,-25.6261648],[-57.0721547,-25.6261139],[-57.0720513,-25.62608],[-57.0718947,-25.6260744],[-57.0717693,-25.6260376],[-57.0716503,-25.626015],[-57.0715061,-25.6259811],[-57.0713965,-25.625984],[-57.0713244,-25.6260376],[-57.0712398,-25.6260942],[-57.0711207,-25.6261817],[-57.0710581,-25.6262608]]]}},{"type":"Feature","properties":{"natural":"wetland","audit_class":"likely_mis-tagged","audit_class_label":"Likely mis-tagged","audit_color":"#f87171","audit_schema_version":2,"audit_jrc_occurrence_mean":null,"audit_jrc_occurrence_max":null,"audit_jrc_pixels":0,"audit_dem_slope_proxy_deg":null,"audit_dem_elev_min_m":null,"audit_dem_elev_max_m":null,"audit_centroid_near_waterway":false,"audit_area_m2":11699.4,"feature_id":"lqv-sw-0190"},"geometry":{"type":"Polygon","coordinates":[[[-57.0797381,-25.6268331],[-57.0796,-25.626849],[-57.0795116,-25.6268395],[-57.0794549,-25.6268044],[-57.0794054,-25.6267182],[-57.079324,-25.6266703],[-57.0791966,-25.6266831],[-57.0790408,-25.6267118],[-57.0789241,-25.6268203],[-57.0789241,-25.6268841],[-57.0789311,-25.6270437],[-57.0789276,-25.627149],[-57.0789028,-25.6272543],[-57.0789205,-25.6273564],[-57.0789807,-25.6274458],[-57.0790055,-25.6275032],[-57.0790833,-25.6276277],[-57.079147,-25.6276851],[-57.0792355,-25.6277074],[-57.0793204,-25.6277202],[-57.07937,-25.6277681],[-57.0794549,-25.6278064],[-57.0795611,-25.6277968],[-57.0796814,-25.6277298],[-57.0797522,-25.6276596],[-57.0798796,-25.6276021],[-57.0799929,-25.6275862],[-57.0800884,-25.6275638],[-57.0801734,-25.6275383],[-57.0802017,-25.6274841],[-57.0802088,-25.6273979],[-57.0801911,-25.6273149],[-57.0801345,-25.6272511],[-57.0801026,-25.6272032],[-57.0800637,-25.6271458],[-57.0800531,-25.6270979],[-57.0800637,-25.6270373],[-57.0800778,-25.6269863],[-57.0800778,-25.6269448],[-57.0800424,-25.6268937],[-57.0798619,-25.6268139],[-57.0797381,-25.6268331]]]}},{"type":"Feature","properties":{"natural":"wetland","audit_class":"likely_mis-tagged","audit_class_label":"Likely mis-tagged","audit_color":"#f87171","audit_schema_version":2,"audit_jrc_occurrence_mean":null,"audit_jrc_occurrence_max":null,"audit_jrc_pixels":0,"audit_dem_slope_proxy_deg":null,"audit_dem_elev_min_m":null,"audit_dem_elev_max_m":null,"audit_centroid_near_waterway":false,"audit_area_m2":11601.2,"feature_id":"lqv-sw-0191"},"geometry":{"type":"Polygon","coordinates":[[[-57.0770378,-25.6654685],[-57.0769073,-25.6655048],[-57.0768,-25.6655903],[-57.076688,-25.6656836],[-57.0765596,-25.6657618],[-57.076545,-25.6658495],[-57.0764601,-25.6658426],[-57.0764779,-25.6657221],[-57.0765176,-25.6656169],[-57.0766204,-25.6655222],[-57.0767114,-25.6655011],[-57.0768445,-25.6654169],[-57.0769613,-25.6654106],[-57.0770523,-25.6654148],[-57.0771691,-25.6654569],[-57.0772578,-25.6654969],[-57.0773886,-25.6655137],[-57.0775193,-25.6655495],[-57.0776945,-25.6655979],[-57.0778369,-25.6656295],[-57.0778813,-25.6655222],[-57.0777669,-25.6654843],[-57.0776431,-25.6654317],[-57.0774913,-25.6653685],[-57.0774656,-25.665358],[-57.0774003,-25.6652233],[-57.0772858,-25.6651223],[-57.0771901,-25.6649939],[-57.0770593,-25.6648992],[-57.0770103,-25.6649371],[-57.0770197,-25.6650339],[-57.07705,-25.6651097],[-57.0771831,-25.6652717],[-57.0771317,-25.6652507],[-57.0770033,-25.6652444],[-57.0767278,-25.6652507],[-57.0765643,-25.6653349],[-57.0764079,-25.6653938],[-57.0762398,-25.6654843],[-57.0762584,-25.6655916],[-57.0763402,-25.6656737],[-57.0762935,-25.6657979],[-57.0762141,-25.6659305],[-57.0761137,-25.6660567],[-57.0759502,-25.6661704],[-57.0757774,-25.6662167],[-57.075677,-25.6663051],[-57.0756794,-25.666425],[-57.0757588,-25.6664335],[-57.0758662,-25.666425],[-57.0760203,-25.666444],[-57.0760997,-25.6664966],[-57.0761324,-25.6665808],[-57.0762024,-25.6666902],[-57.0762538,-25.6667723],[-57.0763472,-25.666846],[-57.0764102,-25.6669112],[-57.0765106,-25.6669701],[-57.076576,-25.666968],[-57.0765386,-25.6669217],[-57.0764569,-25.6668481],[-57.0763635,-25.6667555],[-57.0763378,-25.6666608],[-57.0762865,-25.6665513],[-57.0762888,-25.6664419],[-57.0763051,-25.6663451],[-57.0763192,-25.6662525],[-57.0763168,-25.6661493],[-57.0763635,-25.6660673],[-57.0764266,-25.6660357],[-57.0765013,-25.6660441],[-57.0765456,-25.6660778],[-57.07652,-25.6661683],[-57.076534,-25.6662188],[-57.0766227,-25.6662335],[-57.0767301,-25.6662377],[-57.0767885,-25.6662672],[-57.0769006,-25.666284],[-57.0768936,-25.6662335],[-57.0768048,-25.6661683],[-57.0767745,-25.6661115],[-57.0767208,-25.6660504],[-57.0767418,-25.6660104],[-57.0768305,-25.6659789],[-57.0768842,-25.6659747],[-57.0768912,-25.6660273],[-57.0769426,-25.6660883],[-57.0769636,-25.665981],[-57.0769659,-25.6658947],[-57.0770056,-25.6658252],[-57.0771014,-25.665781],[-57.0771761,-25.6657137],[-57.0771901,-25.6656],[-57.0771399,-25.6655264],[-57.0770378,-25.6654685]]]}},{"type":"Feature","properties":{"natural":"wetland","wetland":"string_bog","audit_class":"likely_mis-tagged","audit_class_label":"Likely mis-tagged","audit_color":"#f87171","audit_schema_version":2,"audit_jrc_occurrence_mean":null,"audit_jrc_occurrence_max":null,"audit_jrc_pixels":0,"audit_dem_slope_proxy_deg":null,"audit_dem_elev_min_m":null,"audit_dem_elev_max_m":null,"audit_centroid_near_waterway":false,"audit_area_m2":10268.4,"feature_id":"lqv-sw-0192"},"geometry":{"type":"Polygon","coordinates":[[[-57.0733526,-25.6156506],[-57.0732551,-25.6155846],[-57.0731494,-25.6155003],[-57.0730111,-25.6154307],[-57.0729054,-25.6153793],[-57.0727387,-25.615317],[-57.0726086,-25.615306],[-57.0725273,-25.615251],[-57.0724623,-25.615185],[-57.0723972,-25.6151007],[-57.0724054,-25.6149981],[-57.0724257,-25.6149138],[-57.0723891,-25.6148441],[-57.0723322,-25.6147671],[-57.0722672,-25.6146865],[-57.0721614,-25.6146535],[-57.0720801,-25.6146205],[-57.0719704,-25.6145765],[-57.0718809,-25.6145692],[-57.0717712,-25.6145912],[-57.0717183,-25.6146645],[-57.071637,-25.6147268],[-57.071572,-25.6146865],[-57.0714825,-25.6146645],[-57.07145,-25.6146681],[-57.0714093,-25.6147195],[-57.0713971,-25.6147818],[-57.0714012,-25.6148368],[-57.0714134,-25.6149028],[-57.0714663,-25.6149651],[-57.0715394,-25.6150421],[-57.071637,-25.6151007],[-57.0717793,-25.6151667],[-57.071885,-25.615196],[-57.0719948,-25.6152364],[-57.0721086,-25.615284],[-57.0722428,-25.6153757],[-57.0723485,-25.615438],[-57.0724582,-25.6154966],[-57.072568,-25.615559],[-57.072633,-25.6156249],[-57.0727428,-25.6157166],[-57.0728241,-25.6158046],[-57.0729501,-25.6159146],[-57.0731006,-25.6159989],[-57.0732225,-25.6159915],[-57.0733038,-25.6158486],[-57.0733364,-25.6157533],[-57.0733526,-25.6156506]]]}},{"type":"Feature","properties":{"natural":"wetland","wetland":"string_bog","audit_class":"likely_mis-tagged","audit_class_label":"Likely mis-tagged","audit_color":"#f87171","audit_schema_version":2,"audit_jrc_occurrence_mean":null,"audit_jrc_occurrence_max":null,"audit_jrc_pixels":0,"audit_dem_slope_proxy_deg":null,"audit_dem_elev_min_m":null,"audit_dem_elev_max_m":null,"audit_centroid_near_waterway":false,"audit_area_m2":9243.3,"feature_id":"lqv-sw-0193"},"geometry":{"type":"Polygon","coordinates":[[[-57.0669575,-25.6294448],[-57.0668863,-25.629432],[-57.0668055,-25.6294384],[-57.0667509,-25.6293142],[-57.0667984,-25.6292372],[-57.0668388,-25.6291258],[-57.0669053,-25.6290316],[-57.0669005,-25.6289289],[-57.0668697,-25.6288154],[-57.0667984,-25.6288047],[-57.0667319,-25.6288197],[-57.0666749,-25.6288646],[-57.0665776,-25.6289182],[-57.0664945,-25.6290295],[-57.0663947,-25.629205],[-57.0663496,-25.629387],[-57.0663591,-25.6294427],[-57.0663734,-25.6295305],[-57.0664137,-25.6296097],[-57.0665111,-25.629644],[-57.0665894,-25.6296911],[-57.0665776,-25.6298431],[-57.0665515,-25.6299565],[-57.0665016,-25.6300807],[-57.0664968,-25.6301449],[-57.0665467,-25.6301942],[-57.0665966,-25.6302349],[-57.0666583,-25.6302691],[-57.0667082,-25.6303055],[-57.0667509,-25.6303719],[-57.0667913,-25.6304618],[-57.0668032,-25.6305496],[-57.0667842,-25.6305946],[-57.0667652,-25.6306502],[-57.0667224,-25.6307316],[-57.0667224,-25.6308044],[-57.0667533,-25.6308707],[-57.066815,-25.6309542],[-57.0668792,-25.6310142],[-57.0669433,-25.6310335],[-57.0670003,-25.631027],[-57.067081,-25.6310335],[-57.0671499,-25.6311341],[-57.0671475,-25.6312069],[-57.0671309,-25.6314038],[-57.0671902,-25.6314488],[-57.0672401,-25.6314338],[-57.0673066,-25.6313824],[-57.0673968,-25.6313418],[-57.067347,-25.6311448],[-57.0672638,-25.6308236],[-57.0672259,-25.6307894],[-57.0671689,-25.6307444],[-57.0671214,-25.6306716],[-57.0670335,-25.6305667],[-57.0669718,-25.6304875],[-57.0669077,-25.6304447],[-57.0668554,-25.6304169],[-57.0668174,-25.6303441],[-57.0667557,-25.6302691],[-57.066758,-25.6302006],[-57.0667604,-25.6300764],[-57.0667723,-25.6300015],[-57.0668127,-25.6298645],[-57.0668412,-25.6297467],[-57.0669219,-25.6296397],[-57.0670193,-25.6295669],[-57.0669931,-25.6294684],[-57.0669575,-25.6294448]]]}},{"type":"Feature","properties":{"natural":"wetland","wetland":"bog","audit_class":"likely_mis-tagged","audit_class_label":"Likely mis-tagged","audit_color":"#f87171","audit_schema_version":2,"audit_jrc_occurrence_mean":null,"audit_jrc_occurrence_max":null,"audit_jrc_pixels":0,"audit_dem_slope_proxy_deg":null,"audit_dem_elev_min_m":null,"audit_dem_elev_max_m":null,"audit_centroid_near_waterway":false,"audit_area_m2":8895.8,"feature_id":"lqv-sw-0194"},"geometry":{"type":"Polygon","coordinates":[[[-57.0571201,-25.6255791],[-57.057055,-25.6256854],[-57.0570469,-25.6258357],[-57.0570062,-25.625931],[-57.0570022,-25.626052],[-57.0569981,-25.6261803],[-57.0570347,-25.6262902],[-57.0571038,-25.6263745],[-57.0571689,-25.6264808],[-57.0572136,-25.6265248],[-57.0572908,-25.6265505],[-57.0573477,-25.6265578],[-57.057299,-25.6266201],[-57.0573071,-25.6266751],[-57.0573681,-25.6267008],[-57.0574331,-25.6267081],[-57.057486,-25.6266861],[-57.0575632,-25.6265981],[-57.0576405,-25.6265505],[-57.0577299,-25.6264845],[-57.0578437,-25.6263709],[-57.0578641,-25.6262829],[-57.0578681,-25.6261363],[-57.0578193,-25.625964],[-57.057799,-25.6258577],[-57.0577706,-25.6257331],[-57.0577177,-25.6256304],[-57.0576689,-25.6255608],[-57.0575835,-25.6255094],[-57.0574656,-25.6254728],[-57.0573843,-25.6254545],[-57.0573112,-25.6254435],[-57.0572177,-25.6255168],[-57.0571201,-25.6255791]]]}},{"type":"Feature","properties":{"natural":"wetland","wetland":"string_bog","audit_class":"likely_mis-tagged","audit_class_label":"Likely mis-tagged","audit_color":"#f87171","audit_schema_version":2,"audit_jrc_occurrence_mean":null,"audit_jrc_occurrence_max":null,"audit_jrc_pixels":0,"audit_dem_slope_proxy_deg":null,"audit_dem_elev_min_m":null,"audit_dem_elev_max_m":null,"audit_centroid_near_waterway":false,"audit_area_m2":7433.3,"feature_id":"lqv-sw-0195"},"geometry":{"type":"Polygon","coordinates":[[[-57.0717255,-25.6273118],[-57.0715249,-25.6273005],[-57.0714497,-25.6272666],[-57.0713902,-25.6271649],[-57.0713965,-25.627066],[-57.0712993,-25.6270462],[-57.0711176,-25.6271366],[-57.0709327,-25.6271508],[-57.0707823,-25.627179],[-57.0706601,-25.6271847],[-57.0705035,-25.6272496],[-57.0703625,-25.6273033],[-57.0702309,-25.6273909],[-57.0701243,-25.6274728],[-57.0700209,-25.6275208],[-57.0700334,-25.6275943],[-57.0701682,-25.6276339],[-57.0703217,-25.627631],[-57.0704314,-25.6277327],[-57.0705191,-25.6277836],[-57.0706601,-25.6277892],[-57.0707823,-25.627744],[-57.0709265,-25.6275999],[-57.0711207,-25.6275632],[-57.0713025,-25.6275039],[-57.0714999,-25.6274643],[-57.0716659,-25.6274728],[-57.0717411,-25.6275237],[-57.0718477,-25.6275293],[-57.0719135,-25.6274615],[-57.0719041,-25.6273796],[-57.071832,-25.6273259],[-57.0717255,-25.6273118]]]}},{"type":"Feature","properties":{"natural":"wetland","wetland":"swamp","audit_class":"likely_mis-tagged","audit_class_label":"Likely mis-tagged","audit_color":"#f87171","audit_schema_version":2,"audit_jrc_occurrence_mean":null,"audit_jrc_occurrence_max":null,"audit_jrc_pixels":0,"audit_dem_slope_proxy_deg":null,"audit_dem_elev_min_m":null,"audit_dem_elev_max_m":null,"audit_centroid_near_waterway":false,"audit_area_m2":6932.6,"feature_id":"lqv-sw-0196"},"geometry":{"type":"Polygon","coordinates":[[[-57.0653322,-25.6575515],[-57.0652953,-25.6576598],[-57.0653045,-25.6578126],[-57.0652768,-25.6579154],[-57.0653446,-25.6580292],[-57.0653692,-25.6580959],[-57.0653322,-25.658257],[-57.065209,-25.6584097],[-57.0650734,-25.6585319],[-57.0649594,-25.6586597],[-57.064867,-25.6587624],[-57.0647099,-25.6588985],[-57.0647468,-25.6590374],[-57.064944,-25.6590623],[-57.0650765,-25.6589846],[-57.0651659,-25.6588041],[-57.0652244,-25.6586652],[-57.0653692,-25.6586291],[-57.0655017,-25.6585958],[-57.0656003,-25.6584902],[-57.0656681,-25.6583542],[-57.0657636,-25.6582347],[-57.0658252,-25.6581348],[-57.0658406,-25.6580264],[-57.0656896,-25.6579792],[-57.0657205,-25.6578681],[-57.0657913,-25.657832],[-57.0657728,-25.657696],[-57.0656681,-25.6576265],[-57.0656003,-25.6575154],[-57.0654524,-25.6575015],[-57.0653322,-25.6575515]]]}},{"type":"Feature","properties":{"natural":"wetland","wetland":"marsh","audit_class":"likely_mis-tagged","audit_class_label":"Likely mis-tagged","audit_color":"#f87171","audit_schema_version":2,"audit_jrc_occurrence_mean":null,"audit_jrc_occurrence_max":null,"audit_jrc_pixels":0,"audit_dem_slope_proxy_deg":null,"audit_dem_elev_min_m":null,"audit_dem_elev_max_m":null,"audit_centroid_near_waterway":false,"audit_area_m2":6690.3,"feature_id":"lqv-sw-0197"},"geometry":{"type":"Polygon","coordinates":[[[-57.090989,-25.6273674],[-57.0908951,-25.6272586],[-57.0908227,-25.6271014],[-57.0908039,-25.6269345],[-57.0908174,-25.6268112],[-57.090812,-25.6266758],[-57.0907423,-25.6265597],[-57.0906806,-25.6264605],[-57.0905625,-25.6264436],[-57.0905089,-25.6265621],[-57.0904794,-25.6267362],[-57.0904177,-25.626833],[-57.0903453,-25.6269369],[-57.0903104,-25.6270772],[-57.0903051,-25.6271981],[-57.0902782,-25.6274013],[-57.0903721,-25.6275053],[-57.0904687,-25.6275754],[-57.0906591,-25.6276431],[-57.0907825,-25.6276697],[-57.0909246,-25.6276697],[-57.0911178,-25.6275923],[-57.0912492,-25.6275705],[-57.0913618,-25.6275101],[-57.0912492,-25.6274835],[-57.0910936,-25.6274545],[-57.090989,-25.6273674]]]}},{"type":"Feature","properties":{"natural":"wetland","tidal":"yes","wetland":"marsh","audit_class":"likely_mis-tagged","audit_class_label":"Likely mis-tagged","audit_color":"#f87171","audit_schema_version":2,"audit_jrc_occurrence_mean":null,"audit_jrc_occurrence_max":null,"audit_jrc_pixels":0,"audit_dem_slope_proxy_deg":null,"audit_dem_elev_min_m":null,"audit_dem_elev_max_m":null,"audit_centroid_near_waterway":false,"audit_area_m2":5390.7,"feature_id":"lqv-sw-0198"},"geometry":{"type":"Polygon","coordinates":[[[-57.0994457,-25.6887403],[-57.0995095,-25.6887403],[-57.0995785,-25.6887403],[-57.0995891,-25.6886957],[-57.099536,-25.6886606],[-57.0994988,-25.6886207],[-57.0995006,-25.6885824],[-57.0995378,-25.6885314],[-57.0995148,-25.6884804],[-57.0994511,-25.688466],[-57.0993537,-25.6884724],[-57.0992369,-25.6884724],[-57.0991608,-25.6884979],[-57.0990936,-25.6885394],[-57.0990547,-25.6885824],[-57.0990794,-25.6886367],[-57.0990794,-25.6886909],[-57.0990193,-25.6886973],[-57.0989644,-25.6886765],[-57.0988866,-25.6886558],[-57.0987804,-25.6886223],[-57.0986901,-25.688608],[-57.0985963,-25.6886],[-57.0985309,-25.6886478],[-57.0984406,-25.6886765],[-57.0983087,-25.6887039],[-57.0982398,-25.6887418],[-57.0982071,-25.6888112],[-57.0981814,-25.6888849],[-57.0981582,-25.6889383],[-57.0982148,-25.6890308],[-57.0981157,-25.6892349],[-57.0982501,-25.6892259],[-57.098435,-25.6891537],[-57.0985565,-25.6891164],[-57.0985215,-25.689068],[-57.0985122,-25.6890175],[-57.0984912,-25.6889585],[-57.0984958,-25.6889165],[-57.0985355,-25.688908],[-57.0985846,-25.6889038],[-57.0986126,-25.6889165],[-57.098671,-25.6888954],[-57.0987083,-25.6889207],[-57.0987247,-25.6889585],[-57.0987363,-25.6890175],[-57.098706,-25.6890532],[-57.0988817,-25.6890149],[-57.0990327,-25.6889149],[-57.0992022,-25.688815],[-57.0994652,-25.688785],[-57.0994369,-25.6887642],[-57.0994457,-25.6887403]]]}},{"type":"Feature","properties":{"natural":"wetland","wetland":"bog","audit_class":"likely_mis-tagged","audit_class_label":"Likely mis-tagged","audit_color":"#f87171","audit_schema_version":2,"audit_jrc_occurrence_mean":null,"audit_jrc_occurrence_max":null,"audit_jrc_pixels":0,"audit_dem_slope_proxy_deg":null,"audit_dem_elev_min_m":null,"audit_dem_elev_max_m":null,"audit_centroid_near_waterway":false,"audit_area_m2":5356.1,"feature_id":"lqv-sw-0199"},"geometry":{"type":"Polygon","coordinates":[[[-57.0603895,-25.6164207],[-57.0602755,-25.6164985],[-57.0602201,-25.6165874],[-57.0601893,-25.6166985],[-57.0602139,-25.6168235],[-57.0602293,-25.6169263],[-57.0602047,-25.6170319],[-57.0601739,-25.6171069],[-57.0601615,-25.6172014],[-57.0601492,-25.6172819],[-57.0600814,-25.6174292],[-57.0600321,-25.6175403],[-57.0599459,-25.6176848],[-57.0598812,-25.6177681],[-57.0598719,-25.6179098],[-57.0598719,-25.617982],[-57.0597792,-25.6180501],[-57.0597484,-25.6180723],[-57.0597299,-25.6180987],[-57.0597068,-25.6181765],[-57.0596902,-25.6182183],[-57.0598565,-25.6183737],[-57.0600075,-25.6185377],[-57.0600937,-25.6185988],[-57.0601523,-25.6185293],[-57.0601584,-25.6184432],[-57.0601092,-25.618371],[-57.0600444,-25.6183321],[-57.0600044,-25.618296],[-57.059989,-25.6182293],[-57.0600136,-25.6181515],[-57.0600044,-25.618082],[-57.0599643,-25.6180181],[-57.0599335,-25.6179015],[-57.0599767,-25.6177848],[-57.0600814,-25.6176709],[-57.060143,-25.6175458],[-57.0602447,-25.6172652],[-57.06025,-25.6172475],[-57.0602554,-25.6172132],[-57.0602971,-25.6171458],[-57.0603279,-25.6170597],[-57.0603957,-25.6169847],[-57.0604943,-25.6169402],[-57.0605867,-25.6168846],[-57.0606514,-25.6167957],[-57.060713,-25.6167179],[-57.0607161,-25.6166124],[-57.0607069,-25.6165096],[-57.060636,-25.6164179],[-57.0604943,-25.6163846],[-57.0603895,-25.6164207]]]}},{"type":"Feature","properties":{"natural":"wetland","wetland":"bog","audit_class":"likely_mis-tagged","audit_class_label":"Likely mis-tagged","audit_color":"#f87171","audit_schema_version":2,"audit_jrc_occurrence_mean":null,"audit_jrc_occurrence_max":null,"audit_jrc_pixels":0,"audit_dem_slope_proxy_deg":null,"audit_dem_elev_min_m":null,"audit_dem_elev_max_m":null,"audit_centroid_near_waterway":false,"audit_area_m2":5082.5,"feature_id":"lqv-sw-0200"},"geometry":{"type":"Polygon","coordinates":[[[-57.0705663,-25.6137709],[-57.070576,-25.613726],[-57.0705898,-25.6136515],[-57.0706047,-25.6135697],[-57.0706242,-25.6134867],[-57.0706389,-25.613407],[-57.0706562,-25.6133167],[-57.0706725,-25.6132302],[-57.0706808,-25.6131501],[-57.0706851,-25.6130764],[-57.0706855,-25.6130153],[-57.0706822,-25.6129461],[-57.0706715,-25.6128553],[-57.0706583,-25.6127755],[-57.0706443,-25.6127293],[-57.0707171,-25.6126436],[-57.0707739,-25.6126444],[-57.0708452,-25.6127164],[-57.0709417,-25.6127613],[-57.0710605,-25.6127779],[-57.0711777,-25.6126705],[-57.0712753,-25.6125873],[-57.0706684,-25.6119883],[-57.0705505,-25.6122229],[-57.0705465,-25.6123475],[-57.0703961,-25.6124319],[-57.0702322,-25.6124931],[-57.0702729,-25.6125161],[-57.07031,-25.612544],[-57.0703445,-25.6125711],[-57.0703914,-25.6125959],[-57.0704374,-25.612619],[-57.0704781,-25.6126437],[-57.0705179,-25.6126852],[-57.0705507,-25.6127291],[-57.0705763,-25.6127834],[-57.0705905,-25.6128336],[-57.0706055,-25.6128943],[-57.0706162,-25.6129477],[-57.0706179,-25.6130084],[-57.070617,-25.613073],[-57.0706073,-25.6131376],[-57.070602,-25.613203],[-57.0705949,-25.6132629],[-57.0705861,-25.6133291],[-57.070571,-25.6134081],[-57.070556,-25.6134703],[-57.0705409,-25.6135357],[-57.070525,-25.6135988],[-57.0705056,-25.6136801],[-57.0704887,-25.6137527],[-57.0704794,-25.6138061],[-57.0705168,-25.6137897],[-57.0705663,-25.6137709]]]}},{"type":"Feature","properties":{"natural":"wetland","wetland":"fen","audit_class":"likely_mis-tagged","audit_class_label":"Likely mis-tagged","audit_color":"#f87171","audit_schema_version":2,"audit_jrc_occurrence_mean":null,"audit_jrc_occurrence_max":null,"audit_jrc_pixels":0,"audit_dem_slope_proxy_deg":null,"audit_dem_elev_min_m":null,"audit_dem_elev_max_m":null,"audit_centroid_near_waterway":false,"audit_area_m2":5042.5,"feature_id":"lqv-sw-0201"},"geometry":{"type":"Polygon","coordinates":[[[-57.0912685,-25.6287482],[-57.0911531,-25.628712],[-57.0910834,-25.6286515],[-57.0909895,-25.6285717],[-57.0908018,-25.6285233],[-57.0906676,-25.6285233],[-57.0905389,-25.628562],[-57.0904209,-25.6285886],[-57.0903243,-25.6286539],[-57.090276,-25.6287144],[-57.0902304,-25.6287918],[-57.0901339,-25.6289006],[-57.0900615,-25.6289538],[-57.0899488,-25.629036],[-57.0899247,-25.6290989],[-57.0898523,-25.6291811],[-57.0898442,-25.6292029],[-57.0914106,-25.628799],[-57.091365,-25.6287531],[-57.0912685,-25.6287482]]]}},{"type":"Feature","properties":{"natural":"wetland","audit_class":"likely_mis-tagged","audit_class_label":"Likely mis-tagged","audit_color":"#f87171","audit_schema_version":2,"audit_jrc_occurrence_mean":null,"audit_jrc_occurrence_max":null,"audit_jrc_pixels":0,"audit_dem_slope_proxy_deg":null,"audit_dem_elev_min_m":null,"audit_dem_elev_max_m":null,"audit_centroid_near_waterway":false,"audit_area_m2":4216.2,"feature_id":"lqv-sw-0202"},"geometry":{"type":"Polygon","coordinates":[[[-56.9532184,-25.5641408],[-56.9529995,-25.5641388],[-56.9528536,-25.5641468],[-56.9526436,-25.5641468],[-56.9525022,-25.5641527],[-56.9524336,-25.5641747],[-56.9524005,-25.5642265],[-56.9524093,-25.5642863],[-56.9524668,-25.5643541],[-56.9525464,-25.564416],[-56.9527033,-25.5644698],[-56.9528293,-25.5645017],[-56.9529907,-25.5645077],[-56.9531631,-25.5644838],[-56.9533864,-25.5644399],[-56.9535411,-25.564414],[-56.953634,-25.5643581],[-56.9537003,-25.5643222],[-56.9537401,-25.5642644],[-56.9537268,-25.5642146],[-56.9536605,-25.5641886],[-56.9534593,-25.5641587],[-56.9532184,-25.5641408]]]}},{"type":"Feature","properties":{"natural":"wetland","audit_class":"likely_mis-tagged","audit_class_label":"Likely mis-tagged","audit_color":"#f87171","audit_schema_version":2,"audit_jrc_occurrence_mean":null,"audit_jrc_occurrence_max":null,"audit_jrc_pixels":0,"audit_dem_slope_proxy_deg":null,"audit_dem_elev_min_m":null,"audit_dem_elev_max_m":null,"audit_centroid_near_waterway":false,"audit_area_m2":3642.2,"feature_id":"lqv-sw-0203"},"geometry":{"type":"Polygon","coordinates":[[[-57.0777956,-25.6677325],[-57.07777,-25.667682],[-57.0777746,-25.6676273],[-57.0777956,-25.6675789],[-57.07777,-25.6675368],[-57.0777793,-25.6674842],[-57.0778237,-25.6674189],[-57.077868,-25.6674],[-57.0778774,-25.6673579],[-57.0778517,-25.6673137],[-57.0778704,-25.6672548],[-57.077882,-25.6671979],[-57.0779077,-25.6671474],[-57.0779941,-25.6671411],[-57.0780268,-25.6671685],[-57.0780408,-25.6672127],[-57.0780922,-25.667259],[-57.0781249,-25.6672253],[-57.0780969,-25.6671516],[-57.0780969,-25.6671222],[-57.0781692,-25.6671348],[-57.0782253,-25.6671558],[-57.0782696,-25.6671306],[-57.0782416,-25.6670822],[-57.0782019,-25.6670317],[-57.0781389,-25.6670043],[-57.0780618,-25.6670001],[-57.0780105,-25.6669664],[-57.0779638,-25.6669054],[-57.0779334,-25.6668465],[-57.0778727,-25.666756],[-57.077805,-25.6666991],[-57.0777513,-25.6666571],[-57.0776789,-25.6666339],[-57.0776532,-25.6666676],[-57.0776345,-25.6667097],[-57.0776228,-25.6667833],[-57.0776742,-25.6668086],[-57.0776999,-25.6668423],[-57.0777513,-25.6669454],[-57.0777419,-25.6669938],[-57.0777233,-25.6670611],[-57.0777326,-25.6671411],[-57.0777419,-25.6672064],[-57.0777256,-25.6672569],[-57.0776882,-25.6673179],[-57.0776439,-25.6673747],[-57.0775832,-25.6673916],[-57.0775201,-25.6673831],[-57.0774711,-25.6673726],[-57.077401,-25.6673389],[-57.0773543,-25.6673347],[-57.077366,-25.6673789],[-57.0773893,-25.6674315],[-57.0774127,-25.6674842],[-57.077436,-25.6675305],[-57.0774524,-25.6675957],[-57.0774944,-25.6676609],[-57.0775435,-25.6676778],[-57.0775785,-25.6676904],[-57.0776042,-25.6677304],[-57.0776252,-25.6677788],[-57.0776789,-25.6677956],[-57.0777443,-25.6678041],[-57.0778026,-25.667783],[-57.0777956,-25.6677325]]]}},{"type":"Feature","properties":{"natural":"wetland","audit_class":"likely_mis-tagged","audit_class_label":"Likely mis-tagged","audit_color":"#f87171","audit_schema_version":2,"audit_jrc_occurrence_mean":null,"audit_jrc_occurrence_max":null,"audit_jrc_pixels":0,"audit_dem_slope_proxy_deg":null,"audit_dem_elev_min_m":null,"audit_dem_elev_max_m":null,"audit_centroid_near_waterway":false,"audit_area_m2":3457.0,"feature_id":"lqv-sw-0204"},"geometry":{"type":"Polygon","coordinates":[[[-57.0642693,-25.6603811],[-57.0641213,-25.6604652],[-57.0638913,-25.6605435],[-57.0636902,-25.6606029],[-57.0636275,-25.6606827],[-57.0636934,-25.6608117],[-57.0638446,-25.6608972],[-57.0640248,-25.6609335],[-57.0642001,-25.660903],[-57.0644462,-25.6608015],[-57.064696,-25.6607277],[-57.0645404,-25.6607388],[-57.0644003,-25.660686],[-57.0643448,-25.6605749],[-57.0643571,-25.6604583],[-57.064411,-25.6603555],[-57.0644141,-25.660175],[-57.0644134,-25.6601634],[-57.0643706,-25.6602346],[-57.0642693,-25.6603811]]]}},{"type":"Feature","properties":{"natural":"wetland","audit_class":"likely_mis-tagged","audit_class_label":"Likely mis-tagged","audit_color":"#f87171","audit_schema_version":2,"audit_jrc_occurrence_mean":null,"audit_jrc_occurrence_max":null,"audit_jrc_pixels":0,"audit_dem_slope_proxy_deg":null,"audit_dem_elev_min_m":null,"audit_dem_elev_max_m":null,"audit_centroid_near_waterway":false,"audit_area_m2":3087.3,"feature_id":"lqv-sw-0205"},"geometry":{"type":"Polygon","coordinates":[[[-57.0700585,-25.6245096],[-57.0700337,-25.6245894],[-57.070016,-25.6246915],[-57.0700054,-25.6247968],[-57.070016,-25.6248925],[-57.069963,-25.6249883],[-57.0698851,-25.6250872],[-57.0698143,-25.6251734],[-57.0697506,-25.625234],[-57.0696444,-25.625285],[-57.0696657,-25.6253584],[-57.0697895,-25.6253042],[-57.0699028,-25.6252308],[-57.0699842,-25.625167],[-57.0700904,-25.6251159],[-57.0701753,-25.625084],[-57.0702532,-25.6250393],[-57.070331,-25.6249596],[-57.0704124,-25.6248574],[-57.0704195,-25.6247745],[-57.0704407,-25.6246596],[-57.0704124,-25.6245766],[-57.0703664,-25.6245128],[-57.0703434,-25.6244617],[-57.0702478,-25.6244171],[-57.0701081,-25.6244617],[-57.0700585,-25.6245096]]]}},{"type":"Feature","properties":{"natural":"wetland","audit_class":"likely_mis-tagged","audit_class_label":"Likely mis-tagged","audit_color":"#f87171","audit_schema_version":2,"audit_jrc_occurrence_mean":null,"audit_jrc_occurrence_max":null,"audit_jrc_pixels":0,"audit_dem_slope_proxy_deg":null,"audit_dem_elev_min_m":null,"audit_dem_elev_max_m":null,"audit_centroid_near_waterway":false,"audit_area_m2":2880.9,"feature_id":"lqv-sw-0206"},"geometry":{"type":"Polygon","coordinates":[[[-57.0886091,-25.6316376],[-57.0884705,-25.6316154],[-57.0883565,-25.6316515],[-57.0882733,-25.6317459],[-57.0882425,-25.631882],[-57.0882887,-25.631982],[-57.0884058,-25.6320487],[-57.0884674,-25.632057],[-57.0885383,-25.6321043],[-57.0886122,-25.6321543],[-57.0886923,-25.6321376],[-57.0888094,-25.632082],[-57.0888864,-25.6320348],[-57.088948,-25.6319793],[-57.0889635,-25.6319209],[-57.0889296,-25.6318487],[-57.088871,-25.6317904],[-57.0887945,-25.6317616],[-57.0887293,-25.6316987],[-57.0886091,-25.6316376]]]}},{"type":"Feature","properties":{"natural":"wetland","wetland":"marsh","audit_class":"likely_mis-tagged","audit_class_label":"Likely mis-tagged","audit_color":"#f87171","audit_schema_version":2,"audit_jrc_occurrence_mean":null,"audit_jrc_occurrence_max":null,"audit_jrc_pixels":0,"audit_dem_slope_proxy_deg":null,"audit_dem_elev_min_m":null,"audit_dem_elev_max_m":null,"audit_centroid_near_waterway":false,"audit_area_m2":2608.4,"feature_id":"lqv-sw-0207"},"geometry":{"type":"Polygon","coordinates":[[[-57.0923923,-25.6282646],[-57.0924111,-25.6281944],[-57.0923708,-25.6281195],[-57.0922126,-25.6280638],[-57.0921268,-25.6280227],[-57.0920061,-25.6279671],[-57.0918398,-25.6278849],[-57.0917164,-25.6278583],[-57.0916601,-25.6279115],[-57.0917432,-25.6280276],[-57.0917888,-25.6281074],[-57.0918398,-25.628163],[-57.091931,-25.6282428],[-57.0919766,-25.6283323],[-57.0919792,-25.6283976],[-57.0919927,-25.6284798],[-57.0920329,-25.6285499],[-57.0921134,-25.6285378],[-57.0921858,-25.628475],[-57.0922636,-25.6283613],[-57.0923548,-25.6282912],[-57.0923923,-25.6282646]]]}},{"type":"Feature","properties":{"natural":"wetland","wetland":"fen","audit_class":"likely_mis-tagged","audit_class_label":"Likely mis-tagged","audit_color":"#f87171","audit_schema_version":2,"audit_jrc_occurrence_mean":null,"audit_jrc_occurrence_max":null,"audit_jrc_pixels":0,"audit_dem_slope_proxy_deg":null,"audit_dem_elev_min_m":null,"audit_dem_elev_max_m":null,"audit_centroid_near_waterway":false,"audit_area_m2":1992.1,"feature_id":"lqv-sw-0208"},"geometry":{"type":"Polygon","coordinates":[[[-57.065708,-25.6860461],[-57.0656286,-25.6861176],[-57.0655259,-25.6861429],[-57.0654395,-25.6861681],[-57.0653344,-25.6862376],[-57.0652581,-25.6862645],[-57.0653679,-25.6862561],[-57.0654449,-25.686294],[-57.065494,-25.6863339],[-57.0655337,-25.6863992],[-57.0655453,-25.6864602],[-57.0655547,-25.6865528],[-57.0655687,-25.6866454],[-57.065599,-25.6867106],[-57.0656831,-25.6867316],[-57.0657578,-25.6866959],[-57.0658068,-25.6866075],[-57.0658139,-25.6865338],[-57.0657765,-25.6864391],[-57.0657695,-25.6863297],[-57.0657765,-25.6862119],[-57.0657882,-25.686134],[-57.0658139,-25.6860414],[-57.0658465,-25.6859699],[-57.0657757,-25.6860019],[-57.065708,-25.6860461]]]}},{"type":"Feature","properties":{"natural":"wetland","audit_class":"likely_mis-tagged","audit_class_label":"Likely mis-tagged","audit_color":"#f87171","audit_schema_version":2,"audit_jrc_occurrence_mean":null,"audit_jrc_occurrence_max":null,"audit_jrc_pixels":0,"audit_dem_slope_proxy_deg":null,"audit_dem_elev_min_m":null,"audit_dem_elev_max_m":null,"audit_centroid_near_waterway":false,"audit_area_m2":1885.4,"feature_id":"lqv-sw-0209"},"geometry":{"type":"Polygon","coordinates":[[[-57.0776766,-25.6670502],[-57.0776997,-25.6669933],[-57.0776997,-25.6669294],[-57.0776797,-25.6668822],[-57.0776258,-25.6668322],[-57.0775673,-25.6668225],[-57.0775103,-25.666828],[-57.0774794,-25.6668544],[-57.0774178,-25.6668808],[-57.0773716,-25.6668725],[-57.0773254,-25.6668336],[-57.0772391,-25.6668225],[-57.0771467,-25.6668142],[-57.0771297,-25.6668461],[-57.0772021,-25.6668614],[-57.07729,-25.6668711],[-57.0773439,-25.6669072],[-57.0773516,-25.6669599],[-57.0773054,-25.6669988],[-57.0772561,-25.6670238],[-57.0772283,-25.6670683],[-57.0772746,-25.6671418],[-57.0773038,-25.6671835],[-57.07735,-25.6672404],[-57.0774332,-25.6672793],[-57.0775118,-25.6672946],[-57.0776181,-25.6672807],[-57.0776551,-25.6672501],[-57.0776782,-25.6671779],[-57.0776859,-25.6671113],[-57.0776766,-25.6670502]]]}},{"type":"Feature","properties":{"natural":"wetland","audit_class":"likely_mis-tagged","audit_class_label":"Likely mis-tagged","audit_color":"#f87171","audit_schema_version":2,"audit_jrc_occurrence_mean":null,"audit_jrc_occurrence_max":null,"audit_jrc_pixels":0,"audit_dem_slope_proxy_deg":null,"audit_dem_elev_min_m":null,"audit_dem_elev_max_m":null,"audit_centroid_near_waterway":false,"audit_area_m2":1467.6,"feature_id":"lqv-sw-0210"},"geometry":{"type":"Polygon","coordinates":[[[-57.0767775,-25.6737505],[-57.0768124,-25.6738073],[-57.0768285,-25.6738544],[-57.0768701,-25.6738834],[-57.076917,-25.6738883],[-57.0769546,-25.6738484],[-57.0769666,-25.6737783],[-57.0769653,-25.673713],[-57.0769452,-25.6736344],[-57.0769291,-25.6735764],[-57.076921,-25.6735111],[-57.0769505,-25.6734858],[-57.0770069,-25.6735075],[-57.0770431,-25.6735341],[-57.07709,-25.673545],[-57.0771463,-25.6735486],[-57.0772362,-25.6735389],[-57.0772885,-25.6735208],[-57.0773381,-25.6735401],[-57.077385,-25.6735921],[-57.0774253,-25.6736344],[-57.0774615,-25.6736332],[-57.0774602,-25.673551],[-57.077436,-25.6734978],[-57.0774176,-25.6734774],[-57.0772483,-25.6734342],[-57.0772224,-25.6733556],[-57.0771648,-25.6733658],[-57.0771273,-25.6734601],[-57.0770039,-25.6734601],[-57.0769315,-25.6733585],[-57.0768966,-25.6732739],[-57.0768242,-25.6732618],[-57.0767544,-25.6731966],[-57.0767464,-25.6732497],[-57.0767974,-25.6732715],[-57.0768483,-25.6733102],[-57.0768832,-25.6733658],[-57.0768993,-25.6734842],[-57.0768537,-25.6736003],[-57.0767893,-25.6735978],[-57.0767089,-25.6735543],[-57.0766984,-25.6736707],[-57.0767373,-25.67369],[-57.0767775,-25.6737505]]]}},{"type":"Feature","properties":{"natural":"wetland","audit_class":"likely_mis-tagged","audit_class_label":"Likely mis-tagged","audit_color":"#f87171","audit_schema_version":2,"audit_jrc_occurrence_mean":null,"audit_jrc_occurrence_max":null,"audit_jrc_pixels":0,"audit_dem_slope_proxy_deg":null,"audit_dem_elev_min_m":null,"audit_dem_elev_max_m":null,"audit_centroid_near_waterway":false,"audit_area_m2":1175.9,"feature_id":"lqv-sw-0211"},"geometry":{"type":"Polygon","coordinates":[[[-57.0776524,-25.6660799],[-57.0776664,-25.6660041],[-57.0776057,-25.6659599],[-57.077524,-25.6659515],[-57.0774423,-25.6659494],[-57.0773886,-25.6659831],[-57.0773652,-25.6660525],[-57.0773045,-25.6660904],[-57.0772928,-25.666122],[-57.0773092,-25.6662125],[-57.0773372,-25.6662462],[-57.0774446,-25.6663051],[-57.077503,-25.6663345],[-57.0775894,-25.6663409],[-57.0776618,-25.6663051],[-57.0776735,-25.6662335],[-57.0776174,-25.6662188],[-57.0775871,-25.6661851],[-57.0775824,-25.6661136],[-57.0776221,-25.666103],[-57.0776524,-25.6660799]]]}},{"type":"Feature","properties":{"natural":"wetland","wetland":"string_bog","audit_class":"likely_mis-tagged","audit_class_label":"Likely mis-tagged","audit_color":"#f87171","audit_schema_version":2,"audit_jrc_occurrence_mean":null,"audit_jrc_occurrence_max":null,"audit_jrc_pixels":0,"audit_dem_slope_proxy_deg":null,"audit_dem_elev_min_m":null,"audit_dem_elev_max_m":null,"audit_centroid_near_waterway":false,"audit_area_m2":1103.3,"feature_id":"lqv-sw-0212"},"geometry":{"type":"Polygon","coordinates":[[[-57.067715,-25.6292072],[-57.0676272,-25.6291772],[-57.0675417,-25.6291751],[-57.0674514,-25.6291922],[-57.0673636,-25.6292222],[-57.0673161,-25.6292629],[-57.0672876,-25.6293399],[-57.0673113,-25.6293999],[-57.067385,-25.6294299],[-57.0674704,-25.6294406],[-57.0675726,-25.6294406],[-57.0676889,-25.6294063],[-57.0677649,-25.6293249],[-57.0677483,-25.6292522],[-57.067715,-25.6292072]]]}},{"type":"Feature","properties":{"natural":"wetland","audit_class":"likely_mis-tagged","audit_class_label":"Likely mis-tagged","audit_color":"#f87171","audit_schema_version":2,"audit_jrc_occurrence_mean":null,"audit_jrc_occurrence_max":null,"audit_jrc_pixels":0,"audit_dem_slope_proxy_deg":null,"audit_dem_elev_min_m":null,"audit_dem_elev_max_m":null,"audit_centroid_near_waterway":false,"audit_area_m2":1047.0,"feature_id":"lqv-sw-0213"},"geometry":{"type":"Polygon","coordinates":[[[-57.069221,-25.6223669],[-57.0691681,-25.6224421],[-57.0690705,-25.6225447],[-57.0689953,-25.6226199],[-57.0689872,-25.6226675],[-57.0690201,-25.6226797],[-57.0691229,-25.6226208],[-57.0692279,-25.6225303],[-57.0693354,-25.6223997],[-57.0694498,-25.6222271],[-57.069531,-25.6220952],[-57.0695401,-25.6220407],[-57.0695055,-25.6219875],[-57.0694303,-25.6220169],[-57.0693978,-25.6220682],[-57.0693409,-25.6221268],[-57.0692758,-25.6222405],[-57.069221,-25.6223669]]]}},{"type":"Feature","properties":{"natural":"wetland","audit_class":"likely_mis-tagged","audit_class_label":"Likely mis-tagged","audit_color":"#f87171","audit_schema_version":2,"audit_jrc_occurrence_mean":null,"audit_jrc_occurrence_max":null,"audit_jrc_pixels":0,"audit_dem_slope_proxy_deg":null,"audit_dem_elev_min_m":null,"audit_dem_elev_max_m":null,"audit_centroid_near_waterway":false,"audit_area_m2":1017.4,"feature_id":"lqv-sw-0214"},"geometry":{"type":"Polygon","coordinates":[[[-57.0802347,-25.677181],[-57.0802133,-25.6772245],[-57.0802146,-25.6772825],[-57.0802106,-25.6773623],[-57.0801998,-25.6774602],[-57.0802025,-25.67754],[-57.0802253,-25.677604],[-57.0802629,-25.6776512],[-57.0802951,-25.6776971],[-57.080287,-25.6777696],[-57.0802909,-25.6778006],[-57.0803232,-25.6778328],[-57.0803844,-25.677885],[-57.0804245,-25.6779261],[-57.0804533,-25.6778482],[-57.080456,-25.6777611],[-57.0804265,-25.677662],[-57.0803782,-25.6776028],[-57.0803393,-25.6775194],[-57.0803433,-25.6774832],[-57.0803447,-25.6774251],[-57.0803165,-25.6773695],[-57.0803004,-25.6773067],[-57.0803192,-25.6771919],[-57.0802347,-25.677181]]]}},{"type":"Feature","properties":{"natural":"wetland","wetland":"marsh","audit_class":"likely_mis-tagged","audit_class_label":"Likely mis-tagged","audit_color":"#f87171","audit_schema_version":2,"audit_jrc_occurrence_mean":null,"audit_jrc_occurrence_max":null,"audit_jrc_pixels":0,"audit_dem_slope_proxy_deg":null,"audit_dem_elev_min_m":null,"audit_dem_elev_max_m":null,"audit_centroid_near_waterway":false,"audit_area_m2":866.0,"feature_id":"lqv-sw-0215"},"geometry":{"type":"Polygon","coordinates":[[[-57.0873403,-25.6295978],[-57.0873234,-25.6295631],[-57.087308,-25.6295228],[-57.0872572,-25.6294645],[-57.0872156,-25.6294034],[-57.0871509,-25.6293492],[-57.087043,-25.6293395],[-57.0869768,-25.6293423],[-57.0870107,-25.62937],[-57.0870615,-25.629427],[-57.0870985,-25.6294881],[-57.0871108,-25.6295381],[-57.0871385,-25.6296187],[-57.0871632,-25.6296784],[-57.0871462,-25.6297589],[-57.0874312,-25.6296853],[-57.0873712,-25.6296173],[-57.0873403,-25.6295978]]]}},{"type":"Feature","properties":{"natural":"wetland","wetland":"string_bog","audit_class":"likely_mis-tagged","audit_class_label":"Likely mis-tagged","audit_color":"#f87171","audit_schema_version":2,"audit_jrc_occurrence_mean":null,"audit_jrc_occurrence_max":null,"audit_jrc_pixels":0,"audit_dem_slope_proxy_deg":null,"audit_dem_elev_min_m":null,"audit_dem_elev_max_m":null,"audit_centroid_near_waterway":false,"audit_area_m2":790.1,"feature_id":"lqv-sw-0216"},"geometry":{"type":"Polygon","coordinates":[[[-57.0927414,-25.6282612],[-57.0927244,-25.6283103],[-57.0926597,-25.6283425],[-57.0926138,-25.6283747],[-57.0925764,-25.6284054],[-57.092573,-25.628456],[-57.0925903,-25.6285153],[-57.0930833,-25.6283717],[-57.0930901,-25.6283487],[-57.0930068,-25.6282904],[-57.0928945,-25.6283318],[-57.0928704,-25.6282968],[-57.0928446,-25.628227],[-57.0927873,-25.6282229],[-57.0927414,-25.6282612]]]}},{"type":"Feature","properties":{"natural":"wetland","audit_class":"likely_mis-tagged","audit_class_label":"Likely mis-tagged","audit_color":"#f87171","audit_schema_version":2,"audit_jrc_occurrence_mean":null,"audit_jrc_occurrence_max":null,"audit_jrc_pixels":0,"audit_dem_slope_proxy_deg":null,"audit_dem_elev_min_m":null,"audit_dem_elev_max_m":null,"audit_centroid_near_waterway":false,"audit_area_m2":534.5,"feature_id":"lqv-sw-0217"},"geometry":{"type":"Polygon","coordinates":[[[-57.0665221,-25.6858273],[-57.0665637,-25.685808],[-57.0665583,-25.6857705],[-57.0665409,-25.6857234],[-57.0665114,-25.6857125],[-57.0664752,-25.6856944],[-57.0664175,-25.6856642],[-57.0663639,-25.6856642],[-57.0663008,-25.6856521],[-57.0662257,-25.6856315],[-57.0661775,-25.685646],[-57.0661627,-25.6856738],[-57.0661842,-25.6857149],[-57.0662298,-25.6857488],[-57.0663035,-25.6857657],[-57.0663424,-25.6857814],[-57.0663625,-25.685814],[-57.0664162,-25.685843],[-57.0664819,-25.6858321],[-57.0665221,-25.6858273]]]}},{"type":"Feature","properties":{"natural":"wetland","tidal":"yes","wetland":"fen","audit_class":"likely_mis-tagged","audit_class_label":"Likely mis-tagged","audit_color":"#f87171","audit_schema_version":2,"audit_jrc_occurrence_mean":null,"audit_jrc_occurrence_max":null,"audit_jrc_pixels":0,"audit_dem_slope_proxy_deg":null,"audit_dem_elev_min_m":null,"audit_dem_elev_max_m":null,"audit_centroid_near_waterway":false,"audit_area_m2":455.3,"feature_id":"lqv-sw-0218"},"geometry":{"type":"Polygon","coordinates":[[[-57.0954967,-25.6882283],[-57.0954181,-25.688188],[-57.0953472,-25.6881949],[-57.0953257,-25.6882227],[-57.0953426,-25.6882366],[-57.0953981,-25.6882477],[-57.0954797,-25.6882907],[-57.0955413,-25.6883504],[-57.0956076,-25.6884407],[-57.0956307,-25.6885017],[-57.0956361,-25.6885161],[-57.0956491,-25.6885059],[-57.095665,-25.6884999],[-57.0956822,-25.6884986],[-57.0956989,-25.6885022],[-57.0957147,-25.6885113],[-57.0957339,-25.6884819],[-57.095744,-25.6884416],[-57.0957095,-25.6884087],[-57.0956566,-25.6883904],[-57.0956404,-25.688372],[-57.0956343,-25.6883354],[-57.0956461,-25.688256],[-57.0955706,-25.6882477],[-57.0954967,-25.6882283]]]}},{"type":"Feature","properties":{"natural":"wetland","wetland":"string_bog","audit_class":"likely_mis-tagged","audit_class_label":"Likely mis-tagged","audit_color":"#f87171","audit_schema_version":2,"audit_jrc_occurrence_mean":null,"audit_jrc_occurrence_max":null,"audit_jrc_pixels":0,"audit_dem_slope_proxy_deg":null,"audit_dem_elev_min_m":null,"audit_dem_elev_max_m":null,"audit_centroid_near_waterway":false,"audit_area_m2":140.9,"feature_id":"lqv-sw-0219"},"geometry":{"type":"Polygon","coordinates":[[[-56.9976704,-25.5756795],[-56.9976436,-25.5757079],[-56.9976412,-25.5757394],[-56.9976704,-25.5757626],[-56.9977217,-25.5757752],[-56.9977567,-25.5757699],[-56.9977823,-25.5757468],[-56.9977963,-25.5757173],[-56.9977917,-25.5756952],[-56.9977695,-25.5756784],[-56.9977124,-25.5756647],[-56.9976704,-25.5756795]]]}},{"type":"Feature","properties":{"emergency":"water_tank","natural":"water","water":"reservoir","audit_class":"unclassified","audit_class_label":"Unclassified","audit_color":"#94a3b8","audit_schema_version":2,"audit_jrc_occurrence_mean":null,"audit_jrc_occurrence_max":null,"audit_jrc_pixels":0,"audit_dem_slope_proxy_deg":null,"audit_dem_elev_min_m":null,"audit_dem_elev_max_m":null,"audit_centroid_near_waterway":false,"audit_area_m2":2798.0,"feature_id":"lqv-sw-0220"},"geometry":{"type":"Polygon","coordinates":[[[-57.0161538,-25.6808915],[-57.0161007,-25.6808373],[-57.0160335,-25.6808182],[-57.0159591,-25.6808245],[-57.0158813,-25.6808405],[-57.0157751,-25.6808277],[-57.0156512,-25.6808118],[-57.0155382,-25.6808423],[-57.0155072,-25.6808762],[-57.015499,-25.6808915],[-57.0154601,-25.6809776],[-57.0154743,-25.6810478],[-57.0155203,-25.6811148],[-57.0156229,-25.6811531],[-57.015672,-25.6811679],[-57.0157291,-25.681185],[-57.0158565,-25.6812296],[-57.0160016,-25.6812934],[-57.0161042,-25.6812328],[-57.0161679,-25.6811371],[-57.0161644,-25.6810446],[-57.0161679,-25.6809521],[-57.0161538,-25.6808915]]]}},{"type":"Feature","properties":{"natural":"water","water":"reservoir","audit_class":"unclassified","audit_class_label":"Unclassified","audit_color":"#94a3b8","audit_schema_version":2,"audit_jrc_occurrence_mean":null,"audit_jrc_occurrence_max":null,"audit_jrc_pixels":0,"audit_dem_slope_proxy_deg":null,"audit_dem_elev_min_m":null,"audit_dem_elev_max_m":null,"audit_centroid_near_waterway":false,"audit_area_m2":2587.0,"feature_id":"lqv-sw-0221"},"geometry":{"type":"Polygon","coordinates":[[[-57.0234523,-25.6441863],[-57.0239458,-25.6441863],[-57.0239458,-25.643722],[-57.0234678,-25.6436921],[-57.0234523,-25.6441863]]]}},{"type":"Feature","properties":{"natural":"water","water":"reservoir","audit_class":"unclassified","audit_class_label":"Unclassified","audit_color":"#94a3b8","audit_schema_version":2,"audit_jrc_occurrence_mean":null,"audit_jrc_occurrence_max":null,"audit_jrc_pixels":0,"audit_dem_slope_proxy_deg":null,"audit_dem_elev_min_m":null,"audit_dem_elev_max_m":null,"audit_centroid_near_waterway":false,"audit_area_m2":930.4,"feature_id":"lqv-sw-0222"},"geometry":{"type":"Polygon","coordinates":[[[-57.1209991,-25.6122498],[-57.1210581,-25.6122836],[-57.1211815,-25.6124191],[-57.1212942,-25.6124723],[-57.1214229,-25.6125255],[-57.121439,-25.6124674],[-57.1210976,-25.6121448],[-57.1208865,-25.6120031],[-57.120865,-25.6120998],[-57.1209991,-25.6122498]]]}},{"type":"Feature","properties":{"natural":"water","water":"reservoir","audit_class":"unclassified","audit_class_label":"Unclassified","audit_color":"#94a3b8","audit_schema_version":2,"audit_jrc_occurrence_mean":null,"audit_jrc_occurrence_max":null,"audit_jrc_pixels":0,"audit_dem_slope_proxy_deg":null,"audit_dem_elev_min_m":null,"audit_dem_elev_max_m":null,"audit_centroid_near_waterway":false,"audit_area_m2":453.6,"feature_id":"lqv-sw-0223"},"geometry":{"type":"Polygon","coordinates":[[[-57.1292805,-25.6158646],[-57.1295165,-25.6158017],[-57.1295273,-25.6157485],[-57.1293878,-25.6156324],[-57.1292268,-25.6157485],[-57.1292805,-25.6158646]]]}},{"type":"Feature","properties":{"name":"R\u00edo Yhaguy","waterway":"stream","audit_class":"stream","audit_color":"#3b82f6","feature_id":"lqv-sw-0224"},"geometry":{"type":"MultiLineString","coordinates":[[[-57.0605491,-25.5201458],[-57.0604663,-25.5200549],[-57.0604447,-25.5199737],[-57.0603116,-25.5199412],[-57.0602144,-25.5199315],[-57.0600273,-25.5198892],[-57.0599445,-25.5198503],[-57.0598689,-25.5197463],[-57.0598617,-25.5196522],[-57.0598365,-25.5195905],[-57.0597862,-25.5195515],[-57.059707,-25.519584],[-57.0596494,-25.5196554],[-57.0595739,-25.5197074],[-57.0594947,-25.5197334],[-57.0593903,-25.5197106],[-57.0593543,-25.5196489],[-57.0593184,-25.5195547],[-57.0593184,-25.519493],[-57.0593723,-25.5194086],[-57.0593687,-25.5193567],[-57.0593399,-25.5193404],[-57.0592752,-25.5193209],[-57.059196,-25.5193437],[-57.0591214,-25.5194153],[-57.0590579,-25.5194414],[-57.059006,-25.5194831],[-57.0589194,-25.5194987],[-57.0588501,-25.5194726],[-57.0587462,-25.5195404],[-57.0587,-25.5196289],[-57.058648,-25.5196967],[-57.0585787,-25.5197488],[-57.0585152,-25.5197748],[-57.0584459,-25.5197852],[-57.0583305,-25.5198009],[-57.0582554,-25.5198113],[-57.0581573,-25.5198217],[-57.0580476,-25.5198373],[-57.0579783,-25.5198842],[-57.0579899,-25.5199468],[-57.0580245,-25.5200093],[-57.0580303,-25.5200979],[-57.0579552,-25.5201395],[-57.0578686,-25.5201291],[-57.0577474,-25.5200666],[-57.0577416,-25.5200041],[-57.0577705,-25.5199363],[-57.0577878,-25.5198738],[-57.0577762,-25.5198061],[-57.0577012,-25.5197748],[-57.0576319,-25.5197852],[-57.0575742,-25.5198321],[-57.0574702,-25.5199207],[-57.057401,-25.519952],[-57.0573086,-25.5199832],[-57.0571816,-25.5200197],[-57.0570372,-25.5200353],[-57.0569218,-25.5200145],[-57.0567717,-25.5198373],[-57.056558,-25.5197071],[-57.0560749,-25.5197071],[-57.0554957,-25.5197071],[-57.054445,-25.5197957],[-57.0529554,-25.5201343],[-57.0528862,-25.5201447],[-57.0527591,-25.5201447],[-57.0526783,-25.5201395],[-57.0526264,-25.5200926],[-57.0525629,-25.5200405],[-57.0524936,-25.5199989],[-57.0524243,-25.5199468],[-57.0523146,-25.5198894],[-57.0522453,-25.5198478],[-57.0521703,-25.5198113],[-57.0520432,-25.5197905],[-57.051922,-25.5197905],[-57.0518123,-25.5197905],[-57.0517315,-25.5197488],[-57.0516911,-25.5196863],[-57.0516853,-25.5196081],[-57.0516853,-25.5195299],[-57.051668,-25.5194414],[-57.0516333,-25.5193632],[-57.0515756,-25.5193111],[-57.0515063,-25.5192799],[-57.0514255,-25.5192799],[-57.0513216,-25.5192903],[-57.0511715,-25.5193059],[-57.0510502,-25.5193268],[-57.0509174,-25.5193476],[-57.0507731,-25.5193997],[-57.050623,-25.5194518],[-57.0504325,-25.5195195],[-57.0503055,-25.5195299],[-57.0502246,-25.5195299],[-57.0501323,-25.5195299],[-57.0499533,-25.5195299],[-57.0497454,-25.5195456],[-57.0495087,-25.519556],[-57.0493413,-25.5195821],[-57.0492316,-25.5196342],[-57.0491623,-25.5196654],[-57.0490873,-25.5197175],[-57.0489083,-25.5199363],[-57.0485619,-25.5203063],[-57.0481924,-25.5204938],[-57.0481116,-25.5205199],[-57.0480423,-25.5205459],[-57.047921,-25.5205876],[-57.0478344,-25.5206137],[-57.0477363,-25.5206449],[-57.0476035,-25.5207231],[-57.0474649,-25.520796],[-57.0472802,-25.520895],[-57.047055,-25.5210305],[-57.0468761,-25.5211659],[-57.0467144,-25.5212805],[-57.0465932,-25.5213587],[-57.0464892,-25.5214264],[-57.04642,-25.5214577],[-57.0463507,-25.5214733],[-57.0462352,-25.5214733],[-57.0461544,-25.5214629],[-57.0460447,-25.5214629],[-57.0459292,-25.5214733],[-57.0457907,-25.5214889],[-57.0456117,-25.5214994],[-57.0454327,-25.5214994],[-57.0451902,-25.5215046],[-57.0449015,-25.5215358],[-57.0446129,-25.5215984],[-57.04433,-25.5216505],[-57.0441048,-25.5216765],[-57.0438797,-25.5217078],[-57.0436487,-25.5217338],[-57.0433716,-25.5217338],[-57.0431811,-25.5217338],[-57.042979,-25.5217338],[-57.0427365,-25.5217338],[-57.0425575,-25.5217338],[-57.0424825,-25.5216973],[-57.0423728,-25.5216452],[-57.0420841,-25.5216452],[-57.0418359,-25.521911],[-57.0418012,-25.52201],[-57.0417666,-25.5220777],[-57.041732,-25.5221558],[-57.0416915,-25.5222861],[-57.0416396,-25.5224111],[-57.0415934,-25.5225049],[-57.041553,-25.5226352],[-57.0415357,-25.5227498],[-57.0414837,-25.5228383],[-57.0413798,-25.5229269],[-57.0412354,-25.5230155],[-57.0411719,-25.5231041],[-57.0411777,-25.523177],[-57.0412181,-25.523276],[-57.0412701,-25.5233802],[-57.0413047,-25.5234844],[-57.0412816,-25.5235938],[-57.0412239,-25.5237345],[-57.0411431,-25.5237866],[-57.0410738,-25.5237918],[-57.0409525,-25.5237918],[-57.0408198,-25.5237657],[-57.0407332,-25.5237449],[-57.040583,-25.523724],[-57.0397401,-25.5235886],[-57.0387933,-25.5232656],[-57.0380427,-25.5231457],[-57.0374423,-25.5231562],[-57.0371479,-25.5229478],[-57.0369804,-25.522953],[-57.0366052,-25.5231353],[-57.0364031,-25.523177],[-57.0361318,-25.5230884],[-57.0360451,-25.5229321],[-57.0358142,-25.5229738],[-57.0354967,-25.5231093],[-57.0353292,-25.5233177],[-57.0347057,-25.5238803],[-57.034163,-25.5243701],[-57.0339263,-25.524667],[-57.03373,-25.5248754],[-57.0333432,-25.5249067],[-57.0330141,-25.5248754],[-57.0326619,-25.5250578],[-57.0319922,-25.5252141],[-57.0315996,-25.5251932],[-57.0311435,-25.5251047],[-57.0304103,-25.5248494],[-57.0297983,-25.5244899],[-57.0294577,-25.5243701],[-57.0292736,-25.5243735],[-57.0289471,-25.5243795],[-57.0286148,-25.5243857],[-57.0275698,-25.5246722],[-57.027258,-25.5248859],[-57.0256761,-25.5250265],[-57.025018,-25.5252922],[-57.0244175,-25.5258862],[-57.023794,-25.5265947],[-57.0234418,-25.5273189],[-57.0230492,-25.5279857],[-57.0229857,-25.5280378],[-57.0228818,-25.5280534],[-57.0227201,-25.5280534],[-57.0226335,-25.5280691],[-57.0225585,-25.5281733],[-57.0225238,-25.5282827],[-57.0224661,-25.5284025],[-57.0224026,-25.5285484],[-57.022316,-25.5286942],[-57.0222121,-25.5288193],[-57.0221082,-25.5289287],[-57.0220389,-25.5289912],[-57.0219523,-25.529111],[-57.0218484,-25.5292673],[-57.0217733,-25.5294288],[-57.0217387,-25.5295122],[-57.0217156,-25.5296111],[-57.0217098,-25.5296893],[-57.0217098,-25.5298247],[-57.0217098,-25.5299758],[-57.0217098,-25.5300904],[-57.0217329,-25.5302259],[-57.0217502,-25.5303509],[-57.0217675,-25.530476],[-57.0217848,-25.5305854],[-57.0218253,-25.5307573],[-57.021883,-25.5309084],[-57.0220793,-25.5311011],[-57.0221024,-25.5313876],[-57.0220735,-25.5315075],[-57.0220558,-25.531597],[-57.0220447,-25.5316533],[-57.0220158,-25.5317523],[-57.0219696,-25.5318982],[-57.0219292,-25.532018],[-57.0219003,-25.5321118],[-57.0218426,-25.5322368],[-57.0217848,-25.532315],[-57.0217329,-25.5323618],[-57.0216636,-25.5323983],[-57.0215886,-25.5324191],[-57.0214962,-25.5324191],[-57.0214096,-25.5324139],[-57.0212826,-25.5324139],[-57.0211729,-25.5324139],[-57.0209535,-25.5324139],[-57.0207052,-25.5323931],[-57.0205898,-25.5323827],[-57.020353,-25.5323514],[-57.0201337,-25.5323254],[-57.0199662,-25.5322993],[-57.0197873,-25.5322785],[-57.0196545,-25.5322629],[-57.0194755,-25.5322629],[-57.0192792,-25.5322576],[-57.0191637,-25.5322316],[-57.0190656,-25.5322056],[-57.0189212,-25.5321587],[-57.0187827,-25.5321066],[-57.0186499,-25.5320649],[-57.0185344,-25.5320388],[-57.0183785,-25.5319867],[-57.0182458,-25.531919],[-57.0181361,-25.5318461],[-57.0180552,-25.5317888],[-57.017934,-25.5317002],[-57.0178185,-25.5316117],[-57.01768,-25.5315231],[-57.0175298,-25.5314658],[-57.0173624,-25.5314189],[-57.0172527,-25.5313929],[-57.0171488,-25.5313564],[-57.0170333,-25.5313147],[-57.0164618,-25.5311011],[-57.0163983,-25.5310699],[-57.016329,-25.5310282],[-57.0162655,-25.5309917],[-57.0161731,-25.5309657],[-57.0160576,-25.53095],[-57.0159941,-25.5309188],[-57.0159364,-25.5308667],[-57.0159075,-25.5308094],[-57.0159075,-25.5307416],[-57.015896,-25.5306322],[-57.0158382,-25.5303509],[-57.0157516,-25.5300904],[-57.0156939,-25.529955],[-57.0156419,-25.5298768],[-57.0155669,-25.5297674],[-57.0155092,-25.529658],[-57.0154687,-25.5295903],[-57.0154168,-25.5294965],[-57.0153475,-25.5294028],[-57.0153013,-25.529335],[-57.0152436,-25.5292777],[-57.0151916,-25.5292204],[-57.0151281,-25.5291735],[-57.0150242,-25.5291631],[-57.0149145,-25.5291787],[-57.0147933,-25.5292152],[-57.0147182,-25.5292569],[-57.0146374,-25.5292934],[-57.0144873,-25.5293455],[-57.0143833,-25.5293715],[-57.0142967,-25.5293767],[-57.0141062,-25.5293767],[-57.0134711,-25.529335],[-57.0125647,-25.5291319],[-57.0123222,-25.5290641],[-57.0113581,-25.5291371],[-57.0109597,-25.5290641],[-57.0101976,-25.5289391],[-57.0097242,-25.5289964],[-57.0089852,-25.5292204],[-57.008558,-25.5292152],[-57.0082751,-25.5292465],[-57.0079749,-25.529533],[-57.0077613,-25.5298039],[-57.0075881,-25.53008],[-57.0070569,-25.530627],[-57.0068433,-25.5311376],[-57.0068086,-25.5312001],[-57.0067451,-25.5312782],[-57.0067047,-25.5313512],[-57.0066643,-25.5314241],[-57.0066066,-25.5315075],[-57.0065546,-25.53157],[-57.0064911,-25.5316429],[-57.0064334,-25.5317367],[-57.0063814,-25.5317836],[-57.0061851,-25.5317836],[-57.006087,-25.5317836],[-57.005983,-25.5317627],[-57.0059022,-25.5317211],[-57.0058445,-25.531669],[-57.0058098,-25.5316064],[-57.0057579,-25.5315335],[-57.0056828,-25.5315023],[-57.0055847,-25.5315335],[-57.0055269,-25.5315856],[-57.0054461,-25.5316481],[-57.0053768,-25.5317002],[-57.0053018,-25.5317315],[-57.0052325,-25.5317523],[-57.0050997,-25.5317679],[-57.0048976,-25.5318148],[-57.0047764,-25.53182],[-57.004684,-25.53182],[-57.0044877,-25.5318305],[-57.0043723,-25.5318461],[-57.0041991,-25.5318669],[-57.0041356,-25.531893],[-57.0040605,-25.5319294],[-57.0039162,-25.5319867],[-57.0037314,-25.5320388],[-57.0036275,-25.5320805],[-57.0034658,-25.532143],[-57.0033908,-25.5321691],[-57.0032926,-25.5322003],[-57.0031772,-25.5322212],[-57.0030097,-25.5322212],[-57.0027846,-25.5322212],[-57.0025132,-25.5322212],[-57.00234,-25.532216],[-57.0021668,-25.5322108],[-57.0020109,-25.5322056],[-57.0018782,-25.5322056],[-57.001728,-25.5322056],[-57.0015837,-25.5322056],[-57.0014625,-25.5322264],[-57.001295,-25.5322524],[-57.0011565,-25.5322837],[-57.0009544,-25.532341],[-57.000787,-25.5323566],[-57.0006831,-25.5323566],[-57.0005965,-25.5323306],[-57.000481,-25.5322993],[-57.0003771,-25.5322524],[-57.0002962,-25.5322264],[-57.0002154,-25.5322003],[-57.0001173,-25.5321691],[-57.0000538,-25.532143],[-56.9999037,-25.532117],[-56.9997016,-25.5320701],[-56.999384,-25.531893],[-56.999055,-25.5315387],[-56.9989453,-25.5315179],[-56.9988702,-25.5315075],[-56.9987894,-25.5314918],[-56.9986681,-25.5314554],[-56.9985758,-25.5314293],[-56.9984488,-25.5313772],[-56.9983679,-25.5313408],[-56.9982929,-25.5312991],[-56.9982178,-25.5312678],[-56.998085,-25.5311845],[-56.9980215,-25.5311167],[-56.9979292,-25.5310386],[-56.9978599,-25.5309969],[-56.9977559,-25.5309396],[-56.9976289,-25.5308823],[-56.9975654,-25.530851],[-56.9974788,-25.530799],[-56.9973749,-25.5307521],[-56.9972883,-25.5307052],[-56.9971959,-25.5306583],[-56.9971093,-25.5306062],[-56.9970516,-25.5305437],[-56.9970054,-25.5304864],[-56.9969073,-25.5303457],[-56.9968438,-25.5302728],[-56.9967687,-25.5301894],[-56.9966936,-25.5301425],[-56.9965955,-25.5300956],[-56.9965262,-25.5300592],[-56.9964454,-25.5300227],[-56.9963357,-25.529981],[-56.9962491,-25.5299394],[-56.996174,-25.5299029],[-56.9960182,-25.529856],[-56.9959431,-25.5298404],[-56.9958738,-25.52983],[-56.9954639,-25.5296789],[-56.9949443,-25.5293246],[-56.9944362,-25.5287515],[-56.9939397,-25.5283035],[-56.9937377,-25.5279805],[-56.9932758,-25.5276419],[-56.9925195,-25.5266103],[-56.992352,-25.5261779],[-56.9923174,-25.5257194],[-56.9922654,-25.5255475],[-56.9919999,-25.5255058],[-56.9914687,-25.5255527],[-56.9912666,-25.5254329],[-56.9908741,-25.5255163],[-56.990314,-25.5256361],[-56.989448,-25.5257455],[-56.9880566,-25.5255944],[-56.9879469,-25.5253652],[-56.9878026,-25.5250474],[-56.9874793,-25.5248702],[-56.9869308,-25.5250057],[-56.9859436,-25.5252245],[-56.9854413,-25.525162],[-56.985118,-25.5249901],[-56.9848697,-25.5246827],[-56.9848235,-25.5246201],[-56.9847716,-25.5245524],[-56.9847023,-25.5245107],[-56.984558,-25.524417],[-56.9844656,-25.5243857],[-56.9843963,-25.5243492],[-56.9843559,-25.5242919],[-56.9842866,-25.5241929],[-56.984252,-25.5241304],[-56.9841942,-25.5240366],[-56.9841654,-25.5239533],[-56.9841307,-25.5238543],[-56.9840845,-25.5237657],[-56.9840557,-25.523698],[-56.9840383,-25.5235886],[-56.9840082,-25.5234233],[-56.9839691,-25.5233229],[-56.9839056,-25.5231822],[-56.9838767,-25.5231249],[-56.983842,-25.523052],[-56.9838247,-25.5229894],[-56.983819,-25.5229217],[-56.9837439,-25.5229061],[-56.9836515,-25.5228904],[-56.9835649,-25.5228696],[-56.9834668,-25.5228279],[-56.983386,-25.5227915],[-56.9831781,-25.5227237],[-56.9830338,-25.5226873],[-56.9829414,-25.5226404],[-56.9828548,-25.5225935],[-56.9827451,-25.5225362],[-56.9826758,-25.5224997],[-56.982595,-25.5224372],[-56.9825488,-25.5223799],[-56.9823525,-25.5220621],[-56.9820638,-25.5217599],[-56.9820177,-25.521713],[-56.9819484,-25.5216973],[-56.9818445,-25.5216973],[-56.9817348,-25.5216973],[-56.9816424,-25.5217078],[-56.9815442,-25.521713],[-56.9814461,-25.5217182],[-56.9813595,-25.5217182],[-56.981244,-25.5217182],[-56.9811343,-25.5217182],[-56.9810419,-25.5217182],[-56.9809553,-25.5217182],[-56.9808283,-25.5217182],[-56.9807475,-25.5217182],[-56.9807225,-25.5217209],[-56.9806032,-25.5217338],[-56.9804704,-25.5217442],[-56.9803318,-25.5217651],[-56.9802568,-25.5217859],[-56.9801528,-25.5218172],[-56.9800432,-25.5218484],[-56.9799277,-25.5218536],[-56.9798353,-25.5218536],[-56.979639,-25.5218536],[-56.9794369,-25.5218068],[-56.9793734,-25.5217703],[-56.9793272,-25.5217182],[-56.9792811,-25.52164],[-56.9792002,-25.5215046],[-56.979154,-25.5214421],[-56.9791194,-25.5213379],[-56.9790963,-25.5212337],[-56.9790617,-25.5211555],[-56.9789982,-25.5210878],[-56.9789289,-25.5210357],[-56.9788596,-25.5209992],[-56.9787903,-25.5209784],[-56.9787153,-25.5209679],[-56.978646,-25.5209575],[-56.9785536,-25.5209471],[-56.9784843,-25.5209419],[-56.9783804,-25.5209263],[-56.9782765,-25.5209054],[-56.9782014,-25.5208794],[-56.9781322,-25.5208273],[-56.9781091,-25.5207543],[-56.9781033,-25.5206814],[-56.9780686,-25.5206084],[-56.9780167,-25.5205251],[-56.9779416,-25.520499],[-56.977855,-25.520473],[-56.9777396,-25.5204469],[-56.9774163,-25.5203636],[-56.9771103,-25.5201604],[-56.9764636,-25.5198321],[-56.9764117,-25.5197905],[-56.9763539,-25.5197488],[-56.9762789,-25.5196758],[-56.9762269,-25.5196185],[-56.9761692,-25.5195508],[-56.9761115,-25.5194883],[-56.9760711,-25.5194362],[-56.9760422,-25.5193372],[-56.9759787,-25.5192799],[-56.9759094,-25.519233],[-56.9757997,-25.5191652],[-56.9757073,-25.5191288],[-56.9755745,-25.5190715],[-56.9754533,-25.5190194],[-56.9752281,-25.5189099],[-56.9751646,-25.5188735],[-56.9751069,-25.5188318],[-56.9750549,-25.5187745],[-56.9750145,-25.5187224],[-56.9749568,-25.5186494],[-56.9749279,-25.5185921],[-56.9748529,-25.5185088],[-56.9747951,-25.5184462],[-56.974738261194034,-25.5184]],[[-56.97421909041534,-25.5184],[-56.9741831,-25.518415],[-56.9740619,-25.5184671],[-56.9739984,-25.5184931],[-56.9739176,-25.5185348],[-56.9738483,-25.5185661],[-56.9737386,-25.5185973],[-56.9736693,-25.5186182],[-56.9735769,-25.5186755],[-56.9735019,-25.5187276],[-56.9734095,-25.5187849],[-56.973346,-25.5188214],[-56.973219,-25.5189047],[-56.973167,-25.5189829],[-56.9731093,-25.5190558],[-56.9729938,-25.5191548],[-56.9729303,-25.5191913],[-56.9728322,-25.5192226],[-56.9727571,-25.5192434],[-56.9726821,-25.5192642],[-56.9726012,-25.5192747],[-56.9725031,-25.5192955],[-56.9723645,-25.5193268],[-56.9722722,-25.5193372],[-56.9721971,-25.5193476],[-56.9720759,-25.5193736],[-56.9718911,-25.5194153],[-56.9716775,-25.5194153],[-56.9715505,-25.5193945],[-56.9714581,-25.5193789],[-56.9713888,-25.519358],[-56.9713022,-25.5193372],[-56.9709443,-25.5192121],[-56.9706671,-25.519061],[-56.9704997,-25.518712],[-56.97037096337281,-25.5184]],[[-56.96557947864407,-25.5184],[-56.9656096,-25.5184462],[-56.9656501,-25.5185504],[-56.9656789,-25.5186338],[-56.9656962,-25.5187588],[-56.9656962,-25.5188318],[-56.9656905,-25.5189099],[-56.9656789,-25.5189725],[-56.9656327,-25.5190923],[-56.9655981,-25.5191704],[-56.9655519,-25.5192538],[-56.9655057,-25.5193215],[-56.9654538,-25.5194153],[-56.9654076,-25.5194674],[-56.9653729,-25.5195456],[-56.9653152,-25.5196394],[-56.9652806,-25.5196967],[-56.9651882,-25.5197905],[-56.9651131,-25.5198321],[-56.9650208,-25.5198738],[-56.9649573,-25.5198999],[-56.9648822,-25.5199103],[-56.964761,-25.5199415],[-56.9646628,-25.5199415],[-56.9645935,-25.5199259],[-56.9645531,-25.5198634],[-56.9645242,-25.5198009],[-56.9644723,-25.5197227],[-56.9644088,-25.519681],[-56.9643453,-25.5196498],[-56.9642587,-25.5196342],[-56.9638834,-25.5197331],[-56.9635139,-25.5197331],[-56.9630867,-25.5197331],[-56.9629481,-25.5197331],[-56.9626941,-25.5197279],[-56.962544,-25.5197175],[-56.962365,-25.5197123],[-56.9622668,-25.5197123],[-56.9621687,-25.5197123],[-56.9619955,-25.5197123],[-56.9619089,-25.5197123],[-56.961805,-25.5197123],[-56.9617357,-25.5197331],[-56.9616491,-25.519754],[-56.9614817,-25.5198113],[-56.9613431,-25.5198478],[-56.9611353,-25.5198634],[-56.9610487,-25.5198634],[-56.9609794,-25.5198426],[-56.960939,-25.5197852],[-56.9609101,-25.5197279],[-56.9608755,-25.5196394],[-56.9608812,-25.5195352],[-56.9609101,-25.5194257],[-56.9609794,-25.5192486],[-56.9610775,-25.5190819],[-56.9611179,-25.5190246],[-56.9611757,-25.5189256],[-56.9612045,-25.5188318],[-56.9612045,-25.5187432],[-56.9611872,-25.5186755],[-56.961141,-25.5186078],[-56.9610544,-25.5185609],[-56.96081332240406,-25.5184]]]}},{"type":"Feature","properties":{"name":"Arroyo Mbaiovi","waterway":"stream","audit_class":"stream","audit_color":"#3b82f6","feature_id":"lqv-sw-0225"},"geometry":{"type":"LineString","coordinates":[[-57.093291,-25.5750366],[-57.0935726,-25.5749822],[-57.0938541,-25.5748872],[-57.0942482,-25.5747515],[-57.0945858,-25.5746926],[-57.0949641,-25.5746111],[-57.0951326,-25.5744575],[-57.0953176,-25.5743129],[-57.095559,-25.5742676],[-57.0958483,-25.5741635],[-57.0960735,-25.5740505],[-57.0963469,-25.5739374],[-57.09654,-25.573838],[-57.0966927,-25.5737927],[-57.0970708,-25.5737654],[-57.0972718,-25.5737607],[-57.0974568,-25.5736884],[-57.0976497,-25.5735979],[-57.0979712,-25.573381],[-57.0981883,-25.5732544],[-57.0985742,-25.5730284],[-57.0987832,-25.572956],[-57.0989201,-25.5728746],[-57.0997484,-25.5725671],[-57.1001984,-25.5723545],[-57.1004077,-25.5722054],[-57.1008176,-25.572011],[-57.1010829,-25.5718482],[-57.1011715,-25.5717669],[-57.101662,-25.5715408],[-57.1017903,-25.5712969],[-57.1017982,-25.5711298],[-57.10179,-25.5709628],[-57.1018863,-25.5707505],[-57.1022,-25.570538],[-57.1024091,-25.5705108],[-57.1026182,-25.5705107],[-57.1028674,-25.5705331],[-57.1031409,-25.57056],[-57.1033342,-25.5706095],[-57.1036639,-25.5705686],[-57.1038167,-25.5706001],[-57.104074,-25.5705503],[-57.1043474,-25.5704959],[-57.1045487,-25.5704461],[-57.1047416,-25.5704098],[-57.1050312,-25.5704096],[-57.1052322,-25.5703598],[-57.1055136,-25.5702467],[-57.1056826,-25.570215],[-57.1057871,-25.5702601],[-57.1058981,-25.5704082],[-57.1059559,-25.5705209],[-57.1060365,-25.5705666],[-57.1061655,-25.5706255],[-57.1063585,-25.5706976],[-57.1064987,-25.5707385],[-57.1066049,-25.5707426]]}},{"type":"Feature","properties":{"name":"Arroyo Mbaiovi","waterway":"stream","audit_class":"stream","audit_color":"#3b82f6","feature_id":"lqv-sw-0227"},"geometry":{"type":"LineString","coordinates":[[-57.1054303,-25.5677332],[-57.1057127,-25.5679282],[-57.1059985,-25.5680162],[-57.1061554,-25.5680665],[-57.1063192,-25.5681703],[-57.1065249,-25.5683621],[-57.1073406,-25.5685979],[-57.1083654,-25.5686451],[-57.1090451,-25.5686231],[-57.1093304,-25.5685357],[-57.109446,-25.5685147],[-57.1095794,-25.568461],[-57.109724,-25.5682746],[-57.1098497,-25.5681708],[-57.1099767,-25.5680041],[-57.1100714,-25.5678231],[-57.1101892,-25.56775],[-57.1103166,-25.5677219],[-57.1104413,-25.5677217],[-57.1105166,-25.5676946],[-57.1105725,-25.5676377],[-57.1106679,-25.5675618],[-57.1107175,-25.567524],[-57.1108583,-25.5674673],[-57.1110111,-25.5673537],[-57.1112761,-25.5672014],[-57.1114223,-25.5671675],[-57.1116655,-25.5671365],[-57.1119551,-25.5670503],[-57.1120705,-25.5669386],[-57.1121384,-25.5667291],[-57.1122462,-25.5665598],[-57.1123979,-25.5664814],[-57.1125125,-25.5664244],[-57.1126364,-25.5664023],[-57.112742,-25.5664079],[-57.1128412,-25.5663446],[-57.11294,-25.5661956],[-57.1130392,-25.5661052],[-57.1132041,-25.5660825],[-57.1134023,-25.5660823],[-57.113559,-25.5660596],[-57.1137736,-25.5659556],[-57.1138889,-25.5658517],[-57.1140375,-25.5657251],[-57.1141778,-25.5656708],[-57.1142518,-25.5656572],[-57.11445,-25.5656255],[-57.1145987,-25.5656118],[-57.1147636,-25.565571],[-57.1148708,-25.5654987],[-57.1149945,-25.5653722],[-57.1154154,-25.5652635],[-57.1156465,-25.5651866],[-57.116026,-25.5651095],[-57.1162241,-25.5650597],[-57.1164717,-25.5650143],[-57.1167028,-25.5649916],[-57.1168761,-25.565005],[-57.117028,-25.5650536],[-57.1171818,-25.5651402],[-57.1173138,-25.5652439],[-57.1174461,-25.565307],[-57.1176604,-25.5652843],[-57.1179081,-25.565248],[-57.1181476,-25.5652478],[-57.1183044,-25.5652612],[-57.1184858,-25.5652023],[-57.118618,-25.5651797],[-57.1187005,-25.5652473],[-57.1187585,-25.5653827],[-57.118841,-25.5654504],[-57.1190392,-25.5654593],[-57.1191795,-25.5654411],[-57.1194601,-25.5653957],[-57.1196252,-25.5652782],[-57.1197486,-25.5652013],[-57.1199138,-25.5652283],[-57.1200626,-25.5652598],[-57.1201864,-25.5652055],[-57.1203101,-25.5651693],[-57.1204669,-25.5651511],[-57.1205155,-25.5651656],[-57.1206484,-25.5652051],[-57.1207807,-25.5653269],[-57.1209211,-25.5654442],[-57.1210697,-25.5655569],[-57.1212265,-25.5655929],[-57.1213833,-25.5655702],[-57.1215071,-25.5655656],[-57.1216473,-25.5654707],[-57.1217794,-25.5652899],[-57.1219361,-25.5651724],[-57.1220843,-25.5650368],[-57.122208,-25.5649013],[-57.1223895,-25.5646483],[-57.1225874,-25.5644043],[-57.1227606,-25.5642868],[-57.1228843,-25.5642415],[-57.1230906,-25.5642729],[-57.123297,-25.5643811],[-57.123454,-25.5645255],[-57.1235944,-25.5646608],[-57.1238257,-25.5647283],[-57.1241064,-25.5647958],[-57.1243296,-25.5649582],[-57.1244864,-25.5649716],[-57.1246268,-25.5650663],[-57.1247094,-25.5651701],[-57.1248084,-25.5652242],[-57.1249737,-25.5653008],[-57.1250184,-25.5652782],[-57.1251741,-25.5653819],[-57.1253194,-25.5653998],[-57.1256308,-25.5653815],[-57.1260047,-25.5655437],[-57.1261811,-25.5656158],[-57.1263678,-25.5656382],[-57.1265339,-25.5655975],[-57.126783,-25.5654844],[-57.1270526,-25.5653171],[-57.1272287,-25.5650234],[-57.1274359,-25.5647523],[-57.1276227,-25.5645625],[-57.1278714,-25.5643546],[-57.1282241,-25.5642414],[-57.1285353,-25.5641012],[-57.1289502,-25.5639383],[-57.1294899,-25.5638159],[-57.129997,-25.56372923255534]]}},{"type":"Feature","properties":{"name":"Arroyo Tairy","waterway":"stream","audit_class":"stream","audit_color":"#3b82f6","feature_id":"lqv-sw-0228"},"geometry":{"type":"LineString","coordinates":[[-57.1155514,-25.5482396],[-57.1157874,-25.5481191],[-57.1162732,-25.547818],[-57.1171029,-25.5471729],[-57.1172562,-25.5468732],[-57.1173477,-25.5467676],[-57.1174265,-25.546735],[-57.1174648,-25.5467484],[-57.1174967,-25.5468003],[-57.1175329,-25.5468867],[-57.1176245,-25.5469405],[-57.1177224,-25.5469347],[-57.1177799,-25.5468925],[-57.1178544,-25.5467676],[-57.1180098,-25.5465794],[-57.1182035,-25.5464123],[-57.1183653,-25.5463297],[-57.1185079,-25.5462701],[-57.1186612,-25.5462317],[-57.1189392,-25.5461849],[-57.1190976,-25.5461924],[-57.119231,-25.5462301],[-57.1193723,-25.5463123],[-57.1196044,-25.5464369],[-57.1198806,-25.5466039],[-57.1200523,-25.546691],[-57.1202025,-25.5467491],[-57.1203715,-25.546766],[-57.1205378,-25.546737],[-57.1206692,-25.5467031],[-57.1208516,-25.5466862],[-57.1210018,-25.5466934],[-57.121152,-25.5467491],[-57.1213907,-25.5468895],[-57.1217515,-25.547062],[-57.1220409,-25.547152],[-57.122869,-25.5471581],[-57.1230601,-25.5472224],[-57.1234019,-25.5474547],[-57.1235702,-25.5474949],[-57.1237103,-25.547482],[-57.1238252,-25.5474352],[-57.1239357,-25.5474428],[-57.1240837,-25.5474969],[-57.1242807,-25.5476205],[-57.1246275,-25.5477934],[-57.1250525,-25.5480845],[-57.1251483,-25.5481156],[-57.1253979,-25.5481011],[-57.1255967,-25.5480809],[-57.1258839,-25.5480406],[-57.1260538,-25.5479834],[-57.1262399,-25.5478875],[-57.1264647,-25.5478189],[-57.1266797,-25.5477737],[-57.1268065,-25.547779],[-57.1268879,-25.5478122],[-57.1269181,-25.5478245],[-57.1270547,-25.5479193],[-57.1274525,-25.5480793],[-57.1276737,-25.5482595],[-57.1280069,-25.5482881],[-57.1284321,-25.5483357]]}},{"type":"Feature","properties":{"name":"Arroyo Mbaiovi","waterway":"stream","audit_class":"stream","audit_color":"#3b82f6","feature_id":"lqv-sw-0229"},"geometry":{"type":"LineString","coordinates":[[-57.0983654,-25.5787267],[-57.0987284,-25.5785052],[-57.0989345,-25.5782838],[-57.0991241,-25.5780625],[-57.0993056,-25.577814],[-57.0994872,-25.5776333],[-57.099784,-25.5771906],[-57.0999569,-25.5767976],[-57.1001957,-25.5761518],[-57.100435,-25.5758536],[-57.1006491,-25.5755149],[-57.100905,-25.5752302],[-57.1009958,-25.5751715],[-57.1014494,-25.574828],[-57.1017627,-25.5744485],[-57.1019358,-25.5742],[-57.1020679,-25.5739968],[-57.1021916,-25.573789],[-57.1023233,-25.5735993],[-57.1026287,-25.573432],[-57.1028928,-25.5732828],[-57.1031733,-25.573111],[-57.103404,-25.5729302],[-57.1036434,-25.5727269],[-57.1038495,-25.5725687],[-57.1041631,-25.5724646],[-57.1043528,-25.5723516],[-57.1046003,-25.5722341],[-57.1051781,-25.5721704],[-57.1054751,-25.5720935],[-57.1057063,-25.5720391],[-57.1059787,-25.5719441],[-57.1061435,-25.5718401],[-57.1063745,-25.5715736],[-57.1064403,-25.5714245],[-57.106498,-25.5712303],[-57.1065062,-25.5710316],[-57.1065061,-25.570914],[-57.1066049,-25.5707426]]}},{"type":"Feature","properties":{"name":"Arroyo Zanja Moroti","waterway":"stream","audit_class":"stream","audit_color":"#3b82f6","feature_id":"lqv-sw-0230"},"geometry":{"type":"LineString","coordinates":[[-57.106677,-25.5959364],[-57.1069753,-25.5957701],[-57.1076761,-25.5953145],[-57.1079006,-25.5950788],[-57.1080434,-25.5947273],[-57.1081444,-25.5942645],[-57.1082278,-25.5934921],[-57.1084154,-25.593051],[-57.1088388,-25.5927501],[-57.1097497,-25.5925433],[-57.1105997,-25.592335],[-57.1110118,-25.5923784],[-57.1117447,-25.5925679],[-57.1120943,-25.5926084],[-57.11297,-25.5929295],[-57.1132426,-25.5929613],[-57.1138504,-25.5928658],[-57.1141375,-25.5927212],[-57.1143187,-25.592552],[-57.114431,-25.592497],[-57.1147357,-25.592429],[-57.1149538,-25.5922974],[-57.1155295,-25.5920732],[-57.1155428,-25.5920603],[-57.1156273,-25.5919778],[-57.1157701,-25.5916885],[-57.1157861,-25.5915323],[-57.1158182,-25.5912661],[-57.1159497,-25.5911172],[-57.1163522,-25.5908655],[-57.1163843,-25.5908409],[-57.1165415,-25.5906182],[-57.1168125,-25.590284],[-57.1169969,-25.5899904],[-57.1171942,-25.5896245],[-57.1172583,-25.5895493],[-57.1176849,-25.589179],[-57.1179415,-25.5887827],[-57.1182655,-25.5885556],[-57.1182987,-25.5885405],[-57.1189759,-25.588233],[-57.1193704,-25.5880739],[-57.1196318,-25.5880667],[-57.1201194,-25.5880638],[-57.1204305,-25.5880305],[-57.1209437,-25.5879582],[-57.1214601,-25.5880377],[-57.1216798,-25.588113],[-57.1217037,-25.588114],[-57.1218514,-25.5881202],[-57.1220903,-25.5880667],[-57.1223132,-25.5880667],[-57.1225121,-25.5880623],[-57.1226677,-25.5880016],[-57.1228713,-25.5879032],[-57.1229307,-25.5878917],[-57.1232429,-25.5877713],[-57.1235592,-25.5877752],[-57.1239272,-25.5878295],[-57.1243747,-25.5877907],[-57.1248072,-25.5876782],[-57.125315,-25.5877247],[-57.1257582,-25.5878761],[-57.1258313,-25.5878683],[-57.1260121,-25.5878082],[-57.1262229,-25.5876646],[-57.1265758,-25.5875637],[-57.126877,-25.5875423],[-57.1270578,-25.5876025],[-57.1271826,-25.5876879],[-57.1272536,-25.5878121],[-57.1273289,-25.5880081],[-57.127473,-25.58814],[-57.1276796,-25.5882603],[-57.1278388,-25.5883768],[-57.1279356,-25.5884253],[-57.1280592,-25.5884479],[-57.129234,-25.5882318],[-57.129874,-25.5881813],[-57.129997,-25.588234505150588]]}},{"type":"Feature","properties":{"waterway":"stream","audit_class":"stream","audit_color":"#3b82f6","feature_id":"lqv-sw-0231"},"geometry":{"type":"LineString","coordinates":[[-57.1258941,-25.5773252],[-57.1264512,-25.5772843],[-57.1267168,-25.5772201],[-57.1270341,-25.5771207],[-57.1272738,-25.5768578],[-57.1277272,-25.5765832],[-57.1280381,-25.5764488],[-57.1283406,-25.5761163],[-57.1285838,-25.575949],[-57.1287308,-25.575845],[-57.1291024,-25.5756099],[-57.1291232,-25.5755918],[-57.1292382,-25.5754156],[-57.1292868,-25.5752305],[-57.129318,-25.5750092],[-57.1293921,-25.5747879],[-57.1295273,-25.5746207],[-57.1296719,-25.5745258],[-57.1298697,-25.5744533],[-57.129997,-25.574439871522408]]}},{"type":"Feature","properties":{"name":"Arroyo Zanja Moroti","waterway":"river","audit_class":"river","audit_color":"#1d4ed8","feature_id":"lqv-sw-0232"},"geometry":{"type":"LineString","coordinates":[[-57.1256488,-25.5802545],[-57.1259479,-25.5802678],[-57.1261119,-25.5802812],[-57.1262849,-25.5803082],[-57.1266102,-25.5804162],[-57.1268122,-25.5804703],[-57.1269974,-25.5805378],[-57.1272125,-25.5806008],[-57.1276665,-25.5806546],[-57.1280418,-25.5806769],[-57.128371,-25.5806856],[-57.1286038,-25.5806899],[-57.1287136,-25.5806898],[-57.1288533,-25.5807078],[-57.1289944,-25.580807],[-57.1292679,-25.581037],[-57.1294708,-25.581091],[-57.1299678,-25.5811267],[-57.129997,-25.581130318573184]]}},{"type":"Feature","properties":{"name":"Arroyo Tairy","waterway":"stream","audit_class":"stream","audit_color":"#3b82f6","feature_id":"lqv-sw-0233"},"geometry":{"type":"LineString","coordinates":[[-57.1284321,-25.5483357],[-57.1287678,-25.5484649],[-57.1291633,-25.5486873],[-57.1292749,-25.5487498],[-57.1293285,-25.5488211],[-57.1293908,-25.5489519],[-57.1294532,-25.5490738],[-57.1294639,-25.5492273],[-57.129464,-25.5493221],[-57.1295472,-25.5494124],[-57.129713,-25.5494799],[-57.1299,-25.5494798],[-57.129997,-25.54947972205705]]}},{"type":"Feature","properties":{"name":"Arroyo Tuyuti","waterway":"stream","audit_class":"stream","audit_color":"#3b82f6","feature_id":"lqv-sw-0234"},"geometry":{"type":"LineString","coordinates":[[-57.1253066,-25.6513415],[-57.1254883,-25.6514633],[-57.1256332,-25.6515851],[-57.125751,-25.6517249],[-57.1257917,-25.6519236],[-57.1257863,-25.6521539],[-57.1258059,-25.6523796],[-57.1258804,-25.6527723],[-57.1259099,-25.6530161],[-57.1259179,-25.6532419],[-57.1259117,-25.6534947],[-57.1258917,-25.6537341],[-57.1258186,-25.6541495],[-57.1257896,-25.6543934],[-57.1257836,-25.6546462],[-57.1258059,-25.6551248],[-57.1258288,-25.6555537],[-57.1258207,-25.6558021],[-57.1257779,-25.6560098],[-57.1256944,-25.6562176],[-57.12552,-25.6565022],[-57.125271,-25.65685],[-57.1251419,-25.6569901],[-57.1250001,-25.6571167],[-57.1249273,-25.6572251],[-57.1248894,-25.6573064],[-57.124867,-25.6576089],[-57.1248605,-25.6579024],[-57.1248722,-25.658092],[-57.1249272,-25.6582861],[-57.1249999,-25.6584847],[-57.1250421,-25.6585976],[-57.1250933,-25.6587736],[-57.1251647,-25.6591077],[-57.1251658,-25.6592657],[-57.1251177,-25.6594825],[-57.1250172,-25.6598573],[-57.125004,-25.6600154],[-57.1250341,-25.6601734],[-57.1250925,-25.6603539],[-57.1251633,-25.6605209],[-57.1253434,-25.6609271],[-57.1254565,-25.6613199],[-57.1254514,-25.6614779],[-57.1254036,-25.661636],[-57.1253886,-25.661803],[-57.1254513,-25.66197],[-57.125544,-25.6621325],[-57.1257663,-25.6624664],[-57.1258865,-25.6627147],[-57.1260196,-25.6629358],[-57.1262102,-25.6632065],[-57.126412,-25.6635179],[-57.1265826,-25.6638474],[-57.1266398,-25.664046],[-57.1266442,-25.6640956],[-57.1266661,-25.6644884],[-57.1267034,-25.6646645],[-57.1268088,-25.6648179],[-57.12709,-25.6651292],[-57.1272116,-25.6652736],[-57.1273646,-25.6653773],[-57.1276839,-25.665526],[-57.1280045,-25.6656928],[-57.128021,-25.6657018],[-57.1281335,-25.6658146],[-57.1282053,-25.6659365],[-57.1283295,-25.6661937],[-57.1284224,-25.6663562],[-57.1285241,-25.6665051],[-57.1286603,-25.6666449],[-57.1288155,-25.6667757],[-57.1289483,-25.6669156],[-57.1290385,-25.6670735],[-57.1292248,-25.6674481],[-57.1293162,-25.6675745],[-57.1294437,-25.6676782],[-57.1295985,-25.6677774],[-57.1299668,-25.6679486],[-57.129997,-25.667966971043217]]}},{"type":"Feature","properties":{"name":"Arroyo Tuyuti","waterway":"stream","audit_class":"stream","audit_color":"#3b82f6","feature_id":"lqv-sw-0235"},"geometry":{"type":"MultiLineString","coordinates":[[[-57.1147152,-25.6344746],[-57.1147167,-25.6345677],[-57.1146951,-25.6346219],[-57.1146443,-25.634651],[-57.1146104,-25.6346844],[-57.1145904,-25.6347371],[-57.1145133,-25.6347996],[-57.1144517,-25.6348566],[-57.114407,-25.634933],[-57.1143916,-25.635033],[-57.1143747,-25.6350913],[-57.1143963,-25.6351663],[-57.1144548,-25.6352219],[-57.1145056,-25.6352371],[-57.1146181,-25.6352219],[-57.1146951,-25.6352191],[-57.1147644,-25.635251],[-57.1148908,-25.6352955],[-57.1149909,-25.6353066],[-57.1150726,-25.6353038],[-57.1151588,-25.6352983],[-57.1152297,-25.635326],[-57.115299,-25.635401],[-57.1153914,-25.6354663],[-57.115547,-25.6355413],[-57.1156117,-25.6355635],[-57.1157042,-25.6355649],[-57.1157612,-25.6355594],[-57.1158182,-25.6355927],[-57.1158782,-25.6356649],[-57.1159245,-25.635783],[-57.115946,-25.6358899],[-57.115983,-25.635976],[-57.1160539,-25.6360733],[-57.1161186,-25.636108],[-57.1162079,-25.6361246],[-57.1163004,-25.6361385],[-57.1164482,-25.6361996],[-57.1165052,-25.6362496],[-57.1165746,-25.6363163],[-57.1166824,-25.6363899],[-57.1167409,-25.636433],[-57.116764,-25.6364885],[-57.116858,-25.6365538],[-57.1169689,-25.6366052],[-57.1170398,-25.636626],[-57.1170999,-25.636651],[-57.1171538,-25.6366607],[-57.1172262,-25.6366621],[-57.1172817,-25.6366982],[-57.117314,-25.6367316],[-57.1173387,-25.636808],[-57.1173541,-25.6368427],[-57.1174172,-25.6368844],[-57.1175081,-25.6368857],[-57.1175513,-25.6368649],[-57.1175913,-25.6368246],[-57.1176622,-25.6368024],[-57.11777,-25.6367635],[-57.117847,-25.6367663],[-57.1179025,-25.6367885],[-57.1179395,-25.6368357],[-57.1179487,-25.6368871],[-57.1179533,-25.636951],[-57.1179934,-25.6369927],[-57.1180596,-25.6370149],[-57.1181151,-25.6370705],[-57.1181628,-25.6371607],[-57.118206,-25.6372468],[-57.1182183,-25.6373121],[-57.1182676,-25.6373885],[-57.1183246,-25.6374232],[-57.1184032,-25.6374538],[-57.1184648,-25.637476],[-57.1185233,-25.6375329],[-57.1185526,-25.6376149],[-57.1186004,-25.6376691],[-57.1186912,-25.6376885],[-57.118776,-25.6376774],[-57.1188752,-25.637709],[-57.1189369,-25.6377671],[-57.1189985,-25.6378275],[-57.1190415,-25.6379121],[-57.1190817,-25.6379968],[-57.1191595,-25.6380597],[-57.1192238,-25.6380766],[-57.1192641,-25.6380669],[-57.1193097,-25.6380524],[-57.1193633,-25.6380621],[-57.119417,-25.6380476],[-57.1194733,-25.6380451],[-57.1195055,-25.6380742],[-57.1195108,-25.6381322],[-57.1195913,-25.6381806],[-57.1196879,-25.6382338],[-57.1197791,-25.6382821],[-57.119932,-25.6383305],[-57.1201492,-25.6383643],[-57.1203879,-25.6383934],[-57.1204711,-25.6384151],[-57.120522,-25.6384586],[-57.1205301,-25.6385167],[-57.120522,-25.6385844],[-57.1205435,-25.6386473],[-57.1206079,-25.6387198],[-57.1207098,-25.638831],[-57.1207768,-25.6389399],[-57.120801,-25.6390342],[-57.1208761,-25.6391212],[-57.1209861,-25.639172],[-57.1210531,-25.6391938],[-57.1211363,-25.6392421],[-57.1212275,-25.6392784],[-57.121324,-25.6392832],[-57.1214072,-25.6392687],[-57.1214608,-25.6392421],[-57.1215118,-25.6392228],[-57.1215681,-25.6392276],[-57.1215976,-25.6392518],[-57.1216164,-25.6393098],[-57.1216593,-25.6393485],[-57.1217693,-25.6393896],[-57.1218524,-25.6394211],[-57.1219436,-25.6394428],[-57.122008,-25.6394525],[-57.1220643,-25.6394863],[-57.1220965,-25.6395468],[-57.1221206,-25.6396169],[-57.1221528,-25.6396846],[-57.1222199,-25.6397306],[-57.1223433,-25.6397789],[-57.1224425,-25.6398176],[-57.1225015,-25.6398491],[-57.1225391,-25.639895],[-57.1225417,-25.6399458],[-57.1225471,-25.6400207],[-57.1225873,-25.6400546],[-57.1226544,-25.6400522],[-57.1227644,-25.6400014],[-57.1228851,-25.6399917],[-57.1229816,-25.6400087],[-57.1231104,-25.640057],[-57.1232177,-25.6401054],[-57.1232686,-25.6401828],[-57.1232847,-25.6402601],[-57.1233437,-25.640294],[-57.1234296,-25.6402916],[-57.12351,-25.6403375],[-57.1235556,-25.6404221],[-57.1236495,-25.6404947],[-57.1237916,-25.640514],[-57.1239311,-25.6404753],[-57.1240411,-25.640427],[-57.1241672,-25.6404246],[-57.1243361,-25.6404705],[-57.1244837,-25.6405092],[-57.124599,-25.6405406],[-57.1247116,-25.6405576],[-57.1248619,-25.6405116],[-57.1250094,-25.6404512],[-57.1251274,-25.6404512],[-57.1252266,-25.6404608],[-57.1253768,-25.6404391],[-57.1254734,-25.6403931],[-57.1255244,-25.6403278],[-57.1255941,-25.6402601],[-57.1256638,-25.6402214],[-57.1257363,-25.6401973],[-57.1258435,-25.6401537],[-57.1259857,-25.640028],[-57.126042,-25.6399893],[-57.1261144,-25.6399675],[-57.1262137,-25.6399966],[-57.1263719,-25.6400594],[-57.1265302,-25.6401416],[-57.1266428,-25.6401997],[-57.1267501,-25.6402722],[-57.1269969,-25.6405068],[-57.1270639,-25.6406543],[-57.1271283,-25.6407969],[-57.1271739,-25.640855],[-57.127249,-25.6408961],[-57.1273268,-25.6409324],[-57.1273724,-25.6409976],[-57.1274099,-25.6410968],[-57.127426,-25.6411838],[-57.1274797,-25.6412709],[-57.1275387,-25.6413313],[-57.1276192,-25.6413845],[-57.1276996,-25.6413894],[-57.1277318,-25.6413362],[-57.127756,-25.6412757],[-57.1278445,-25.6412395],[-57.1279947,-25.641283],[-57.1281234,-25.6413604],[-57.1282951,-25.641474],[-57.128433,-25.6416042],[-57.1286857,-25.6418252],[-57.1287547,-25.6419967],[-57.1287872,-25.6421186],[-57.1288059,-25.6424121],[-57.1288524,-25.64257],[-57.1289208,-25.64271],[-57.128942,-25.6427325],[-57.1290669,-25.6428137],[-57.1292133,-25.6428632],[-57.1293242,-25.6429534],[-57.1293844,-25.6430888],[-57.1294789,-25.6432197],[-57.1296104,-25.6433144],[-57.1297767,-25.643391],[-57.129997,-25.643521344997737]],[[-57.129997,-25.66269304501107],[-57.1298702,-25.6630137],[-57.1297177,-25.6634112],[-57.1295871,-25.6635738],[-57.129286,-25.663854],[-57.1291277,-25.6640303],[-57.1288519,-25.6643917],[-57.1286452,-25.6646809],[-57.128368,-25.6649836],[-57.1281651,-25.665345],[-57.1281216,-25.6654534],[-57.1280045,-25.6656928]]]}},{"type":"Feature","properties":{"name":"Arroyo Yacare","waterway":"stream","audit_class":"stream","audit_color":"#3b82f6","feature_id":"lqv-sw-0236"},"geometry":{"type":"LineString","coordinates":[[-57.0954074,-25.6118385],[-57.0954003,-25.6118972],[-57.095372,-25.611992],[-57.0953566,-25.6121049],[-57.0953561,-25.6122539],[-57.0954023,-25.612448],[-57.0954871,-25.6126602],[-57.0956175,-25.6129942],[-57.0957043,-25.6133825],[-57.0957309,-25.6135585],[-57.0957444,-25.6137527],[-57.0957431,-25.6139784],[-57.0957403,-25.6144119],[-57.0957291,-25.6148228],[-57.0957398,-25.6150034],[-57.0957875,-25.6153826],[-57.0958223,-25.6157032],[-57.0958601,-25.6159199],[-57.0959228,-25.6161366],[-57.0960048,-25.6163126],[-57.096103,-25.616457],[-57.0962251,-25.6165472],[-57.0964007,-25.6166149],[-57.0965878,-25.6166418],[-57.0969893,-25.6166551],[-57.0972025,-25.6166821],[-57.0975873,-25.6167631],[-57.0977492,-25.6168217],[-57.0979008,-25.6168983],[-57.0979965,-25.6169931],[-57.0981305,-25.6172774],[-57.0982254,-25.617373],[-57.0983357,-25.6174331],[-57.0984103,-25.6174655],[-57.0984715,-25.6175027],[-57.0984906,-25.6175355],[-57.0986324,-25.6178313],[-57.0988439,-25.6180174],[-57.0988935,-25.6181167],[-57.0989971,-25.6184147],[-57.0991574,-25.6187713],[-57.0992862,-25.6191775],[-57.0994528,-25.6195477],[-57.0995308,-25.6197734],[-57.0996637,-25.6201751],[-57.099685,-25.6204009],[-57.0997186,-25.6206537],[-57.0998089,-25.6210826],[-57.0998399,-25.6213083],[-57.0998541,-25.6215115],[-57.0998396,-25.6217102],[-57.0997909,-25.621936],[-57.0997341,-25.6221301],[-57.0996441,-25.6224553],[-57.0996132,-25.6226675],[-57.0996102,-25.6228391],[-57.0996377,-25.6230107],[-57.0997666,-25.6233808],[-57.0997801,-25.6235388],[-57.0996575,-25.6239227],[-57.0996402,-25.6241214],[-57.0997023,-25.6242839],[-57.0998008,-25.6244328],[-57.0999086,-25.6245502],[-57.1000101,-25.6246404],[-57.1000908,-25.6247442],[-57.1001865,-25.6249067],[-57.1002149,-25.6250105],[-57.1002224,-25.6250331],[-57.100335,-25.6253355],[-57.1003464,-25.6254845],[-57.1003312,-25.6256335],[-57.1003179,-25.6256606],[-57.1000946,-25.625891],[-57.1000094,-25.626022],[-57.0999021,-25.6261305],[-57.0997521,-25.6261848],[-57.0993569,-25.6262844],[-57.099149,-25.6263613],[-57.0990358,-25.6264381],[-57.0989527,-25.626551],[-57.0989061,-25.6266775],[-57.0988452,-25.6268085],[-57.0987722,-25.6269304],[-57.0987179,-25.6272014],[-57.098731,-25.6272465],[-57.0988143,-25.6273819],[-57.0989803,-25.6275669],[-57.0991648,-25.6278287],[-57.0993425,-25.6281356],[-57.0994625,-25.6283116],[-57.0995825,-25.628465],[-57.0996657,-25.6285959],[-57.0996652,-25.6287359],[-57.0995117,-25.629052],[-57.0992744,-25.6293818],[-57.0992589,-25.6294179],[-57.0991758,-25.6297521],[-57.0990729,-25.6299192],[-57.0989469,-25.6300638],[-57.0986149,-25.6302808],[-57.0984809,-25.6304299],[-57.0984138,-25.630606],[-57.0983804,-25.6308092],[-57.0982569,-25.6309131],[-57.0979139,-25.6309901],[-57.097724,-25.6310489],[-57.0973559,-25.6312208],[-57.0970462,-25.6312481],[-57.0968314,-25.6312843],[-57.0966223,-25.6313477],[-57.0964518,-25.6314336],[-57.0963364,-25.6315375],[-57.0962935,-25.6316685],[-57.0962734,-25.6318491],[-57.0962582,-25.6322284],[-57.0962244,-25.6323819],[-57.0961205,-25.6325355],[-57.0959669,-25.6326756],[-57.095656,-25.6328835],[-57.0953613,-25.632992],[-57.0952655,-25.6330688],[-57.095256,-25.6332585],[-57.095268,-25.6334255],[-57.0953068,-25.6337235],[-57.0953063,-25.633859],[-57.0952581,-25.6339628],[-57.0950565,-25.6341255],[-57.0949616,-25.6341753],[-57.0949661,-25.6343378],[-57.0949404,-25.6344958],[-57.0948208,-25.6348053]]}},{"type":"Feature","properties":{"name":"Arroyo Mbaey","waterway":"stream","audit_class":"stream","audit_color":"#3b82f6","feature_id":"lqv-sw-0237"},"geometry":{"type":"LineString","coordinates":[[-57.1107992,-25.6915966],[-57.1110956,-25.6915964],[-57.1114474,-25.6914381],[-57.1117475,-25.6912843],[-57.1121303,-25.6910131],[-57.1131339,-25.6904976],[-57.1134857,-25.6903077],[-57.1139822,-25.6900816],[-57.1144065,-25.6898284],[-57.114727,-25.6895843],[-57.1150685,-25.6893719],[-57.1154616,-25.6891052],[-57.1165483,-25.6888515],[-57.1175728,-25.6887107],[-57.1182352,-25.688683],[-57.1188357,-25.6887593],[-57.1193327,-25.6889711],[-57.1198193,-25.6891694],[-57.1201401,-25.6891962],[-57.1206163,-25.6891687],[-57.1210715,-25.6890374],[-57.121558,-25.6887842],[-57.1219615,-25.6886709],[-57.1221719,-25.68866],[-57.1223135,-25.6886526],[-57.1226031,-25.6886885],[-57.1228723,-25.6887244],[-57.1230793,-25.68867],[-57.1233584,-25.688426],[-57.1237619,-25.6880102],[-57.1240513,-25.6877391],[-57.1243825,-25.6875627],[-57.1246306,-25.6874857],[-57.1249928,-25.6874944],[-57.1252019,-25.6876071],[-57.1254106,-25.687625],[-57.1255358,-25.6875888],[-57.1259117,-25.6876065],[-57.1261205,-25.6877192],[-57.126225,-25.6879449],[-57.1263088,-25.6882519],[-57.1263301,-25.6886266],[-57.1264556,-25.6888929],[-57.1267063,-25.6889694],[-57.1268941,-25.6888925],[-57.1268939,-25.6887029],[-57.1271024,-25.6886259],[-57.1273532,-25.6889102],[-57.1275417,-25.6892893],[-57.1276673,-25.6897045],[-57.1278346,-25.690025],[-57.1281269,-25.6901782],[-57.128503,-25.6904036],[-57.1287329,-25.690706],[-57.1288167,-25.6909723],[-57.1288796,-25.6913109],[-57.1289216,-25.6915772],[-57.1291308,-25.6917667],[-57.1294646,-25.6917077],[-57.1297988,-25.6916712],[-57.129997,-25.691727160633988]]}},{"type":"Feature","properties":{"waterway":"stream","audit_class":"stream","audit_color":"#3b82f6","feature_id":"lqv-sw-0238"},"geometry":{"type":"LineString","coordinates":[[-57.03106589481947,-25.5184],[-57.031007,-25.5184996],[-57.0309393,-25.5186554],[-57.0308919,-25.5187196],[-57.0308851,-25.5188113],[-57.0309224,-25.5189029],[-57.0310239,-25.518964],[-57.0311154,-25.5190099],[-57.0311357,-25.5190893],[-57.0311086,-25.5191504],[-57.0308953,-25.519349],[-57.0307734,-25.5194987],[-57.0306718,-25.5196668],[-57.0306549,-25.5198165],[-57.0306922,-25.5199448],[-57.0307565,-25.5201006],[-57.0307294,-25.5201648],[-57.0306278,-25.520232],[-57.0305127,-25.5202564],[-57.0304348,-25.5203695],[-57.0304281,-25.5204489],[-57.0304653,-25.5205222],[-57.0306854,-25.5206353],[-57.0307734,-25.520675],[-57.0307937,-25.5208064],[-57.0307633,-25.5209041],[-57.0307328,-25.5210569],[-57.0307362,-25.5212616],[-57.0307396,-25.5214572],[-57.0306786,-25.5215916],[-57.030577,-25.5217199],[-57.0304856,-25.5218971],[-57.0304281,-25.5220315],[-57.0302893,-25.5222851],[-57.0302723,-25.5224593],[-57.0302859,-25.5228106],[-57.0302351,-25.5229603],[-57.0302114,-25.5232872],[-57.0300997,-25.5235347],[-57.03012,-25.523718],[-57.0299101,-25.523935],[-57.0298187,-25.5240205],[-57.0297103,-25.5241519],[-57.0295681,-25.5242405],[-57.029453,-25.5242985],[-57.029365,-25.5243291],[-57.0292736,-25.5243735]]}},{"type":"Feature","properties":{"waterway":"stream","audit_class":"stream","audit_color":"#3b82f6","feature_id":"lqv-sw-0239"},"geometry":{"type":"LineString","coordinates":[[-57.05877827977528,-25.5184],[-57.0587216,-25.5184225],[-57.0586812,-25.5184711],[-57.0586453,-25.5185521],[-57.0586498,-25.5186938],[-57.0586678,-25.5188193],[-57.0586274,-25.518876],[-57.0585332,-25.5189812],[-57.0584165,-25.5191229],[-57.0583044,-25.5192039],[-57.0582595,-25.5193091],[-57.0581833,-25.5193901],[-57.058125,-25.5194954],[-57.0580891,-25.5195723],[-57.0580532,-25.5196573],[-57.0580532,-25.5197504],[-57.0580476,-25.5198373]]}},{"type":"Feature","properties":{"waterway":"stream","audit_class":"stream","audit_color":"#3b82f6","feature_id":"lqv-sw-0240"},"geometry":{"type":"LineString","coordinates":[[-57.0579007,-25.5184],[-57.0579007,-25.5184064],[-57.0578693,-25.5185076],[-57.0577795,-25.5185926],[-57.0577033,-25.5186452],[-57.0573803,-25.5188274],[-57.0571874,-25.518965],[-57.0570304,-25.5190743],[-57.0569137,-25.5192241],[-57.056824,-25.5193658],[-57.0567208,-25.5194346],[-57.0565324,-25.5195196],[-57.0564248,-25.5195156],[-57.0563036,-25.5195237],[-57.0562274,-25.5195439],[-57.0561646,-25.5196006],[-57.0561107,-25.5196573],[-57.0560749,-25.5197071]]}},{"type":"Feature","properties":{"waterway":"stream","audit_class":"stream","audit_color":"#3b82f6","feature_id":"lqv-sw-0241"},"geometry":{"type":"LineString","coordinates":[[-57.053739204191615,-25.5184],[-57.0537377,-25.5184064],[-57.0538408,-25.5185157],[-57.0539036,-25.5186816],[-57.0539126,-25.5188193],[-57.0539575,-25.5190177],[-57.0539171,-25.5191512],[-57.0538767,-25.5193172],[-57.0539081,-25.5194954],[-57.0539216,-25.5196047],[-57.0538184,-25.5196775],[-57.0536883,-25.5197302],[-57.0534506,-25.5198395],[-57.0532891,-25.5198637],[-57.0531455,-25.519888],[-57.0530244,-25.5199326],[-57.0528943,-25.5199812],[-57.052827,-25.5200459],[-57.0527866,-25.5201026],[-57.0527591,-25.5201447]]}},{"type":"Feature","properties":{"waterway":"stream","audit_class":"stream","audit_color":"#3b82f6","feature_id":"lqv-sw-0242"},"geometry":{"type":"LineString","coordinates":[[-57.0631877817029,-25.5184],[-57.06314,-25.5184214],[-57.0630573,-25.5184896],[-57.0629601,-25.518626],[-57.0629205,-25.5186974],[-57.0627298,-25.5188013],[-57.0626398,-25.5188598],[-57.0625679,-25.5189475],[-57.0625499,-25.5190027],[-57.0625139,-25.5190969],[-57.0624743,-25.5191326],[-57.0624203,-25.5191553],[-57.0623304,-25.5192138],[-57.062244,-25.5192917],[-57.0622404,-25.5193599],[-57.0623483,-25.5194378],[-57.0624275,-25.5195158],[-57.0624563,-25.519584],[-57.0624059,-25.5196782],[-57.0623088,-25.5197366],[-57.0621684,-25.5197593],[-57.0620677,-25.5197528],[-57.0620209,-25.5197204],[-57.0619741,-25.5196652],[-57.0619273,-25.5196587],[-57.0618445,-25.5197593],[-57.0617294,-25.5198665],[-57.0616826,-25.5199444],[-57.061661,-25.5200126],[-57.0616142,-25.5201068],[-57.0615926,-25.5201393],[-57.0615027,-25.5201685],[-57.0613731,-25.520188],[-57.06124,-25.520201],[-57.0611104,-25.5202205],[-57.0610241,-25.5202367],[-57.0609809,-25.5201945],[-57.0609269,-25.5201848],[-57.0608693,-25.5201815],[-57.0608369,-25.5201653],[-57.0607902,-25.5200971],[-57.0607254,-25.5200792],[-57.060639,-25.5201425],[-57.0605491,-25.5201458]]}},{"type":"Feature","properties":{"waterway":"stream","audit_class":"stream","audit_color":"#3b82f6","feature_id":"lqv-sw-0243"},"geometry":{"type":"LineString","coordinates":[[-56.9774404,-25.6557774],[-56.9774162,-25.6557041],[-56.977513,-25.6555851],[-56.9775218,-25.6555474],[-56.9774947,-25.6554776]]}},{"type":"Feature","properties":{"waterway":"stream","audit_class":"stream","audit_color":"#3b82f6","feature_id":"lqv-sw-0244"},"geometry":{"type":"LineString","coordinates":[[-57.0313484,-25.6426161],[-57.0313185,-25.6424394],[-57.0312887,-25.6420821],[-57.0312589,-25.6418669]]}},{"type":"Feature","properties":{"name":"Yukyry","waterway":"stream","audit_class":"stream","audit_color":"#3b82f6","feature_id":"lqv-sw-0245"},"geometry":{"type":"LineString","coordinates":[[-57.1239035,-25.6233301],[-57.1241771,-25.6232237],[-57.125014,-25.6228465],[-57.1254431,-25.6225949],[-57.1257864,-25.6222564],[-57.1260701,-25.621855],[-57.1261351,-25.6217581],[-57.1263282,-25.6217266],[-57.1264328,-25.6216734],[-57.1265347,-25.6215912],[-57.1267359,-25.6215525],[-57.1269344,-25.6215815],[-57.1272482,-25.6216275],[-57.1275727,-25.6216516],[-57.1277685,-25.6216589],[-57.1278552,-25.621659],[-57.1280984,-25.6215731],[-57.12815,-25.621563],[-57.1283017,-25.6215698],[-57.1284307,-25.6217237],[-57.1286734,-25.6217682],[-57.1292386,-25.6216793],[-57.1295497,-25.6215459],[-57.129929,-25.6213407],[-57.129997,-25.6212904049763]]}},{"type":"Feature","properties":{"waterway":"stream","audit_class":"stream","audit_color":"#3b82f6","feature_id":"lqv-sw-0246"},"geometry":{"type":"LineString","coordinates":[[-56.9774519,-25.6553673],[-56.9774448,-25.6553491],[-56.9773326,-25.6551012],[-56.9773414,-25.655016]]}},{"type":"Feature","properties":{"layer":"-1","tunnel":"culvert","waterway":"stream","audit_class":"stream","audit_color":"#3b82f6","feature_id":"lqv-sw-0247"},"geometry":{"type":"LineString","coordinates":[[-56.9774947,-25.6554776],[-56.9774519,-25.6553673]]}},{"type":"Feature","properties":{"name:ca":"Soledat. Rierol Envoltat - 0","name:de":"Einsamkeit. Umgebener Bach - 0","name:el":"\u039c\u03bf\u03bd\u03b1\u03be\u03b9\u03ac. \u03a0\u03b5\u03c1\u03b9\u03c4\u03c1\u03b9\u03b3\u03c5\u03c1\u03b9\u03c3\u03bc\u03ad\u03bd\u03bf\u03c2 \u03ba\u03bf\u03bb\u03c0\u03af\u03c3\u03ba\u03bf\u03c2 - 0","name:en":"Loneliness. Surrounded Creek - 0","name:es":"Soledad. Arroyo Rodeado - 0","name:fr":"Solitude. Ruisseau entour\u00e9 - 0","name:ig":"owu \u1ecdm\u1ee5ma. Creek gbara ya gburugburu - 0","name:it":"Solitudine. Insenatura Circondata - 0","name:ja":"\u5b64\u72ec\u3002 \u56f2\u307e\u308c\u305f\u30af\u30ea\u30fc\u30af - 0","name:ka":"\u10db\u10d0\u10e0\u10e2\u10dd\u10dd\u10d1\u10d0. \u10d2\u10d0\u10e0\u10e8\u10d4\u10db\u10dd\u10e0\u10e2\u10e7\u10db\u10e3\u10da\u10d8 \u10d9\u10e0\u10d8\u10d9\u10d8 - 0","name:ko":"\uc678\ub85c\uc6c0. \ub458\ub7ec\uc2f8\uc778 \ud06c\ub9ad - 0","name:la":"Solitudo. Circumdederunt Creek - 0","name:lb":"Einsamkeet. \u00cbmginn Creek - 0","name:nl":"Eenzaamheid. Omringde Kreek - 0","name:no":"Ensomhet. Omgitt Creek - 0","name:pl":"Samotno\u015b\u0107. Otoczony potok - 0","name:pt":"Solid\u00e3o. Riacho Cercado - 0","name:sv":"Ensamhet. Surrounded Creek - 0","name:uk":"\u0421\u0430\u043c\u043e\u0442\u043d\u0456\u0441\u0442\u044c. \u041e\u0442\u043e\u0447\u0435\u043d\u0438\u0439 \u0441\u0442\u0440\u0443\u043c\u043e\u043a - 0","name:zh-Hant":"\u5b64\u7368\u3002 \u74b0\u7e5e\u5c0f\u6eaa - 0","name:zu":"Isizungu. UCreek Ozungezwe - 0","waterway":"stream","audit_class":"stream","audit_color":"#3b82f6","feature_id":"lqv-sw-0248"},"geometry":{"type":"LineString","coordinates":[[-57.071064,-25.606745],[-57.0710459,-25.6067561],[-57.071029,-25.6067708],[-57.0709992,-25.6067961],[-57.0709841,-25.6068156],[-57.0709555,-25.6068556],[-57.0709181,-25.6069009],[-57.0708796,-25.6069403],[-57.0708445,-25.606973],[-57.0708189,-25.6069988],[-57.0707885,-25.6070267],[-57.0707669,-25.6070625],[-57.0707406,-25.607103],[-57.0707155,-25.6071367],[-57.0706963,-25.6071699],[-57.0706694,-25.6071972],[-57.0706326,-25.6072335],[-57.0706099,-25.6072504],[-57.0705766,-25.6072657],[-57.0705398,-25.6072583],[-57.0705007,-25.6072462],[-57.0704412,-25.6072309],[-57.0703822,-25.6072904],[-57.0703612,-25.6073194],[-57.07037,-25.6073457],[-57.0703752,-25.6073862],[-57.0703711,-25.6074194],[-57.070363,-25.6074557],[-57.0703268,-25.6074704],[-57.0702882,-25.6074741],[-57.0702485,-25.6074746],[-57.0702118,-25.607481],[-57.0701884,-25.6074925],[-57.070161,-25.607511],[-57.0701493,-25.6075357],[-57.0701411,-25.6075673],[-57.070116,-25.6076015],[-57.0700968,-25.6076289],[-57.0700687,-25.6076731],[-57.0700588,-25.6077147],[-57.0700594,-25.60775],[-57.0700623,-25.6077926],[-57.0700629,-25.6078321],[-57.0700635,-25.6078631],[-57.0700506,-25.6078937],[-57.070029,-25.6079205],[-57.0699929,-25.6079421],[-57.0699672,-25.6079589],[-57.0699391,-25.6079774],[-57.0699193,-25.6079963],[-57.0698936,-25.6080226],[-57.0698749,-25.608039],[-57.0698364,-25.6080574],[-57.0698125,-25.6080763],[-57.0697915,-25.6080953],[-57.0697827,-25.6081153],[-57.0697722,-25.6081395],[-57.0697588,-25.6081827],[-57.0697518,-25.6082285],[-57.0697471,-25.6082911],[-57.0697523,-25.608348],[-57.0697623,-25.608399],[-57.0697815,-25.6084417],[-57.0698084,-25.6084864],[-57.0698428,-25.6085296],[-57.0698539,-25.608559],[-57.0698533,-25.6086017],[-57.0698615,-25.608658],[-57.0698895,-25.6087264],[-57.0698969,-25.6087655],[-57.0699016,-25.6088163],[-57.0699063,-25.6088507],[-57.0699076,-25.6088931],[-57.069911,-25.6089233],[-57.0699304,-25.6089535],[-57.0699392,-25.6089832],[-57.0699304,-25.6090067],[-57.0698989,-25.6090255],[-57.069858,-25.6090467],[-57.0698064,-25.6090733],[-57.0697739,-25.6091023],[-57.0697474,-25.6091295]]}},{"type":"Feature","properties":{"name:ca":"Soledat. Rierol Envoltat - 2","name:de":"Einsamkeit. Umgebener Bach - 2","name:el":"\u039c\u03bf\u03bd\u03b1\u03be\u03b9\u03ac. \u03a0\u03b5\u03c1\u03b9\u03c4\u03c1\u03b9\u03b3\u03c5\u03c1\u03b9\u03c3\u03bc\u03ad\u03bd\u03bf\u03c2 \u03ba\u03bf\u03bb\u03c0\u03af\u03c3\u03ba\u03bf\u03c2 - 2","name:en":"Loneliness. Surrounded Creek - 2","name:es":"Soledad. Arroyo Rodeado - 2","name:fr":"Solitude. Ruisseau Entour\u00e9 - 2","name:ig":"owu \u1ecdm\u1ee5ma. Creek gbara ya gburugburu - 2","name:it":"Solitudine. Insenatura Circondata - 2","name:ja":"\u5b64\u72ec\u3002 \u56f2\u307e\u308c\u305f\u30af\u30ea\u30fc\u30af - 2","name:ka":"\u10db\u10d0\u10e0\u10e2\u10dd\u10dd\u10d1\u10d0. \u10d2\u10d0\u10e0\u10e8\u10d4\u10db\u10dd\u10e0\u10e2\u10e7\u10db\u10e3\u10da\u10d8 \u10d9\u10e0\u10d8\u10d9\u10d8 - 2","name:ko":"\uc678\ub85c\uc6c0. \ub458\ub7ec\uc2f8\uc778 \ud06c\ub9ad - 2","name:la":"Solitudo. Circumdederunt Creek - 2","name:lb":"Einsamkeet. \u00cbmginn Creek - 2","name:nl":"Eenzaamheid. Omringde Kreek - 2","name:no":"Ensomhet. Omgitt bekk - 2","name:pl":"Samotno\u015b\u0107. Otoczony potok \u2013 2","name:pt":"Solid\u00e3o. Riacho Cercado - 2","name:uk":"\u0421\u0430\u043c\u043e\u0442\u043d\u0456\u0441\u0442\u044c. \u041e\u0442\u043e\u0447\u0435\u043d\u0438\u0439 \u0441\u0442\u0440\u0443\u043c\u043e\u043a - 2","name:zh-Hant":"\u5b64\u7368\u3002 \u74b0\u7e5e\u6eaa - 2","name:zu":"Isizungu. I-Srounded Creek - 2","waterway":"stream","audit_class":"stream","audit_color":"#3b82f6","feature_id":"lqv-sw-0249"},"geometry":{"type":"LineString","coordinates":[[-57.0715849,-25.6046449],[-57.0715345,-25.6048013],[-57.0715097,-25.6048899],[-57.0714549,-25.6050239],[-57.0714077,-25.6051218],[-57.0713485,-25.6052367],[-57.0713893,-25.605417],[-57.0713913,-25.6054756],[-57.0713974,-25.6055315],[-57.0713934,-25.6055856],[-57.0713842,-25.6056388],[-57.0713801,-25.6056929],[-57.0713954,-25.6057414],[-57.0714167,-25.6058019],[-57.0714005,-25.6058267],[-57.0713974,-25.6058642],[-57.0713862,-25.6059082],[-57.0713649,-25.6059339],[-57.0713354,-25.6059651],[-57.0713171,-25.6059962],[-57.0713222,-25.606043],[-57.0713242,-25.6060943],[-57.0713151,-25.6061374],[-57.07131,-25.6061887],[-57.0712856,-25.6062254],[-57.0712572,-25.6062744],[-57.0712379,-25.6063175],[-57.0712338,-25.6063606],[-57.0712297,-25.6064238],[-57.0712338,-25.6064623],[-57.0712297,-25.6065072],[-57.0712053,-25.6065347],[-57.0711759,-25.6065604],[-57.0711545,-25.6065861],[-57.0711387,-25.6066181],[-57.0711265,-25.6066511],[-57.071096,-25.6066704],[-57.0710746,-25.6066841],[-57.0710685,-25.6067135],[-57.071064,-25.606745]]}},{"type":"Feature","properties":{"waterway":"ditch","audit_class":"ditch","audit_color":"#60a5fa","feature_id":"lqv-sw-0250"},"geometry":{"type":"LineString","coordinates":[[-57.0619921,-25.619392],[-57.0620507,-25.61943],[-57.0620914,-25.6194575],[-57.0620771,-25.6195052],[-57.0620528,-25.6195345],[-57.0620467,-25.619562],[-57.0620446,-25.6195986],[-57.0620304,-25.6196298],[-57.0620182,-25.6196665],[-57.0620304,-25.6196976],[-57.0620771,-25.6197049],[-57.0621361,-25.6197141],[-57.0621808,-25.6197214],[-57.0622093,-25.6197526],[-57.0622215,-25.6197764],[-57.0622235,-25.6198021],[-57.0622642,-25.6198241],[-57.0622784,-25.6198497],[-57.0622845,-25.6198685],[-57.0622845,-25.6198829],[-57.0622845,-25.6199212],[-57.0622906,-25.6199744],[-57.0623068,-25.6200092],[-57.0623231,-25.6200385],[-57.0623211,-25.6200642],[-57.0623312,-25.6200953],[-57.0623536,-25.6201338],[-57.0623739,-25.6201632],[-57.0623943,-25.6201815],[-57.0624146,-25.6202236],[-57.0624349,-25.6202511],[-57.0624756,-25.6202768]]}},{"type":"Feature","properties":{"intermittent":"yes","name":"Soledad, Arroyo Rodeado - 1","name:ca":"Soledat. Rierol Envoltat - 1","name:de":"Einsamkeit. Umgebener Bach - 1","name:el":"\u039c\u03bf\u03bd\u03b1\u03be\u03b9\u03ac. \u03a0\u03b5\u03c1\u03b9\u03c4\u03c1\u03b9\u03b3\u03c5\u03c1\u03b9\u03c3\u03bc\u03ad\u03bd\u03bf\u03c2 \u03ba\u03bf\u03bb\u03c0\u03af\u03c3\u03ba\u03bf\u03c2 - 1","name:en":"Loneliness. Surrounded Creek - 1","name:es":"Soledad. Arroyo Rodeado - 1","name:fr":"Solitude. Ruisseau Entour\u00e9 - 1","name:ig":"owu \u1ecdm\u1ee5ma. Creek gbara ya gburugburu - 1","name:it":"Solitudine. Insenatura Circondata - 1","name:ja":"\u5b64\u72ec\u3002 \u56f2\u307e\u308c\u305f\u30af\u30ea\u30fc\u30af - 1","name:ka":"\u10db\u10d0\u10e0\u10e2\u10dd\u10dd\u10d1\u10d0. \u10d2\u10d0\u10e0\u10e8\u10d4\u10db\u10dd\u10e0\u10e2\u10e7\u10db\u10e3\u10da\u10d8 \u10d9\u10e0\u10d8\u10d9\u10d8 - 1","name:ko":"\uc678\ub85c\uc6c0. \ub458\ub7ec\uc2f8\uc778 \ud06c\ub9ad - 1","name:la":"Solitudo. Circumdederunt Creek - 1","name:lb":"Einsamkeet. \u00cbmginn Creek - 1","name:nl":"Eenzaamheid. Omringde Kreek - 1","name:no":"Ensomhet. Omgitt bekk - 1","name:pl":"Samotno\u015b\u0107. Otoczony potok \u2013 1","name:pt":"Solid\u00e3o. Riacho Cercado - 1","name:uk":"\u0421\u0430\u043c\u043e\u0442\u043d\u0456\u0441\u0442\u044c. \u041e\u0442\u043e\u0447\u0435\u043d\u0438\u0439 \u0441\u0442\u0440\u0443\u043c\u043e\u043a - 1","name:zh-Hant":"\u5b64\u7368\u3002 \u74b0\u7e5e\u6eaa - 1","name:zu":"Isizungu. I-Srounded Creek - 1","waterway":"stream","audit_class":"stream","audit_color":"#3b82f6","feature_id":"lqv-sw-0251"},"geometry":{"type":"LineString","coordinates":[[-57.0721798,-25.606449],[-57.0721486,-25.6064876],[-57.0721241,-25.6065113],[-57.0721019,-25.6065303],[-57.0720786,-25.6065355],[-57.0720512,-25.6065324],[-57.0720284,-25.6065413],[-57.0720132,-25.6065513],[-57.0719969,-25.6065597],[-57.0719764,-25.6065592],[-57.071956,-25.6065518],[-57.0719362,-25.6065482],[-57.0719146,-25.6065476],[-57.0718918,-25.606545],[-57.0718708,-25.6065455],[-57.0718521,-25.6065429],[-57.0718363,-25.6065424],[-57.0718223,-25.6065487],[-57.0717791,-25.6065834],[-57.0717406,-25.606614],[-57.0717225,-25.6066282],[-57.0717091,-25.6066429],[-57.0716968,-25.6066603],[-57.0716869,-25.6066745],[-57.0716741,-25.6066819],[-57.0716583,-25.6066908],[-57.0716495,-25.6067003],[-57.0716361,-25.6067135],[-57.0716285,-25.6067329],[-57.0716244,-25.6067477],[-57.0716081,-25.6067608],[-57.0715807,-25.6067677],[-57.0715474,-25.6067745],[-57.0715217,-25.6067766],[-57.0714913,-25.6067787],[-57.071468,-25.606785],[-57.0714446,-25.6067945],[-57.0714265,-25.6068019],[-57.071395,-25.6067993],[-57.0713664,-25.6067929],[-57.0713425,-25.6067856],[-57.0713238,-25.6067766],[-57.0712993,-25.606764],[-57.0712736,-25.6067593],[-57.0712397,-25.6067593],[-57.0712117,-25.6067619],[-57.0711884,-25.6067608],[-57.0711668,-25.6067566],[-57.0711434,-25.6067519],[-57.0711166,-25.606744],[-57.071095,-25.6067419],[-57.071064,-25.606745]]}},{"type":"Feature","properties":{"waterway":"ditch","audit_class":"ditch","audit_color":"#60a5fa","feature_id":"lqv-sw-0252"},"geometry":{"type":"LineString","coordinates":[[-57.0822506,-25.6146731],[-57.0821816,-25.6147449],[-57.0821498,-25.6148343],[-57.082102,-25.6149013],[-57.0820666,-25.6149683],[-57.08201,-25.6150577],[-57.0819286,-25.6151391],[-57.0818737,-25.6152157],[-57.0818471,-25.6152783],[-57.0818153,-25.6153278],[-57.081725,-25.6154443],[-57.0816206,-25.6155608],[-57.0815782,-25.615615],[-57.0815658,-25.6156485],[-57.0815693,-25.6156789],[-57.0815764,-25.6157044],[-57.0815817,-25.6157267],[-57.0815817,-25.6157554],[-57.0815711,-25.6157906],[-57.0815597,-25.6158195],[-57.0815443,-25.6158359],[-57.0815316,-25.6158564],[-57.0815195,-25.6159048],[-57.0815016,-25.6159831],[-57.0814866,-25.6160142],[-57.0814558,-25.6160529],[-57.081274,-25.6161775],[-57.0812304,-25.616215],[-57.0811975,-25.6162404],[-57.0811479,-25.6162646],[-57.0811023,-25.6162863],[-57.0810547,-25.6163147],[-57.0810105,-25.6163462],[-57.0809588,-25.6163631],[-57.0808455,-25.6164345],[-57.0807818,-25.6164641],[-57.0806598,-25.6165445],[-57.0805578,-25.616628],[-57.0804438,-25.6166824],[-57.0802231,-25.6168511],[-57.0800032,-25.6170349],[-57.0798979,-25.6171358],[-57.0797205,-25.6173127],[-57.0794905,-25.6174845],[-57.0792588,-25.61771],[-57.0791962,-25.6177607],[-57.0791535,-25.6177928],[-57.078981,-25.6179385],[-57.0787992,-25.618083],[-57.0786474,-25.6182261],[-57.078522,-25.6182823]]}},{"type":"Feature","properties":{"waterway":"ditch","audit_class":"ditch","audit_color":"#60a5fa","feature_id":"lqv-sw-0253"},"geometry":{"type":"LineString","coordinates":[[-57.0847947,-25.6129658],[-57.0847691,-25.6129814],[-57.0847116,-25.6129972],[-57.0846069,-25.6129972],[-57.0845265,-25.612973],[-57.0844487,-25.6129779],[-57.0843951,-25.6129972],[-57.084379,-25.6130674],[-57.0843816,-25.6131351],[-57.084387,-25.6132028],[-57.0843629,-25.6132609],[-57.0843307,-25.6133576],[-57.0842958,-25.6134713],[-57.0842502,-25.6135559],[-57.0841966,-25.6136551],[-57.0841483,-25.6137325],[-57.0841081,-25.6138341],[-57.0840866,-25.6138945],[-57.0840973,-25.6139598],[-57.0841081,-25.6140542],[-57.0841161,-25.614117],[-57.0841295,-25.614209],[-57.0841139,-25.6143033],[-57.0840946,-25.6144024],[-57.0840678,-25.6145089],[-57.0840705,-25.6146298],[-57.0840732,-25.6147773]]}},{"type":"Feature","properties":{"waterway":"ditch","audit_class":"ditch","audit_color":"#60a5fa","feature_id":"lqv-sw-0254"},"geometry":{"type":"LineString","coordinates":[[-57.0783934,-25.6183318],[-57.0781801,-25.6185058],[-57.0780507,-25.618553],[-57.0778381,-25.6185974],[-57.0776594,-25.6186419],[-57.0775023,-25.6187391],[-57.0773174,-25.6188364],[-57.0770863,-25.6188836],[-57.0769107,-25.6188447],[-57.0767135,-25.6187641],[-57.0765225,-25.6186058],[-57.0764331,-25.6185058],[-57.0763345,-25.618428],[-57.0761959,-25.6183891],[-57.0760326,-25.6183335],[-57.0758724,-25.6182529],[-57.0757306,-25.6181779],[-57.0756043,-25.6181335],[-57.0753825,-25.618114],[-57.0751237,-25.618114],[-57.0748556,-25.6180863],[-57.0744921,-25.6180585]]}},{"type":"Feature","properties":{"layer":"-1","tunnel":"flooded","waterway":"stream","audit_class":"stream","audit_color":"#3b82f6","feature_id":"lqv-sw-0255"},"geometry":{"type":"LineString","coordinates":[[-57.0694652,-25.6028308],[-57.0694164,-25.6028858],[-57.0693757,-25.6029463],[-57.0693188,-25.6030324]]}},{"type":"Feature","properties":{"waterway":"stream","audit_class":"stream","audit_color":"#3b82f6","feature_id":"lqv-sw-0256"},"geometry":{"type":"LineString","coordinates":[[-57.0416263,-25.5517477],[-57.0415051,-25.5517983],[-57.0414078,-25.5517668],[-57.0412444,-25.5516824],[-57.0410902,-25.5516393],[-57.0408627,-25.5516571],[-57.0407088,-25.5516657],[-57.0405422,-25.5516524],[-57.0404024,-25.5516118],[-57.0403504,-25.5515921],[-57.0402752,-25.5515261],[-57.0401919,-25.5513849],[-57.0401431,-25.5512382],[-57.0399743,-25.551174],[-57.0398382,-25.5511776],[-57.0396755,-25.5510933],[-57.0395312,-25.5509044],[-57.0394377,-25.5507375],[-57.0394235,-25.5505963],[-57.0395028,-25.5502882],[-57.0396024,-25.5500919],[-57.0396125,-25.5499067],[-57.0395739,-25.549793],[-57.0394723,-25.5496811],[-57.0392792,-25.5495271],[-57.0390901,-25.549351],[-57.0389722,-25.5490998],[-57.0388848,-25.5487623],[-57.0389336,-25.5484946],[-57.038956,-25.5482378],[-57.0389336,-25.547926],[-57.0387974,-25.5475464],[-57.0386449,-25.5473006],[-57.0385738,-25.546954],[-57.0385087,-25.5463726],[-57.0386043,-25.5458096],[-57.0386632,-25.5455877],[-57.0389031,-25.5451108],[-57.0394418,-25.5443149],[-57.0396857,-25.5438233],[-57.0396999,-25.543451],[-57.039645,-25.5432823],[-57.0396369,-25.5431246],[-57.0396085,-25.5428366],[-57.0396369,-25.5425743],[-57.039578,-25.5423488],[-57.039519,-25.542202],[-57.039582,-25.5420278],[-57.0396186,-25.5418774],[-57.0396105,-25.5415619],[-57.039145,-25.5406852],[-57.0388645,-25.540434],[-57.0386327,-25.5400763],[-57.0382343,-25.5396838],[-57.0380839,-25.5395206],[-57.0379193,-25.5393207],[-57.0375198,-25.5389959],[-57.0373904,-25.5388013],[-57.0372795,-25.5385872],[-57.0371244,-25.5383504],[-57.0370713,-25.5382578],[-57.0370023,-25.5381173],[-57.036912,-25.5380119],[-57.0368855,-25.5378475],[-57.0368519,-25.5376942],[-57.0367935,-25.5375473],[-57.0366837,-25.5374547],[-57.0365953,-25.5373381],[-57.0365528,-25.5371673],[-57.036574,-25.5369405],[-57.0365846,-25.5367713],[-57.0364962,-25.5366356],[-57.0362962,-25.5365717],[-57.0361635,-25.536519],[-57.0361334,-25.5364136],[-57.0361316,-25.5362667],[-57.0360927,-25.536048],[-57.0360343,-25.5358356],[-57.035983,-25.5356631],[-57.035852,-25.535561],[-57.0355583,-25.5354428],[-57.0354079,-25.5353326],[-57.0351477,-25.5351841],[-57.0349248,-25.535058],[-57.0345301,-25.5349606],[-57.0344647,-25.5348536],[-57.0342802,-25.534778],[-57.0340817,-25.5347175],[-57.0337357,-25.5346256],[-57.033438,-25.5345893],[-57.0331403,-25.5345578],[-57.0328586,-25.5344949],[-57.0325448,-25.5344513],[-57.0321237,-25.5344586],[-57.0318769,-25.5344465],[-57.031539,-25.5343932],[-57.0312815,-25.5343254],[-57.0310508,-25.5342165],[-57.0304875,-25.5339067],[-57.0300262,-25.5337373],[-57.0290579,-25.5335243],[-57.0284732,-25.5333448],[-57.0282774,-25.5332847],[-57.0267968,-25.5325514],[-57.0258178,-25.5319512],[-57.0249515,-25.5314647],[-57.0245786,-25.5313074],[-57.024356,-25.531259],[-57.0239617,-25.5312275],[-57.023664,-25.5312469],[-57.0235621,-25.5312977],[-57.0234763,-25.5313945],[-57.0233019,-25.5317309],[-57.0232214,-25.5318035],[-57.0231088,-25.5318398],[-57.0227628,-25.531835],[-57.02227,-25.5316265],[-57.0220558,-25.531597]]}},{"type":"Feature","properties":{"intermittent":"yes","waterway":"stream","width":"1","audit_class":"stream","audit_color":"#3b82f6","feature_id":"lqv-sw-0257"},"geometry":{"type":"LineString","coordinates":[[-57.0381348,-25.6876034],[-57.0382039,-25.6876437],[-57.038275,-25.6876583],[-57.0383401,-25.6876583],[-57.0384153,-25.6876821],[-57.0384539,-25.6877206],[-57.0384925,-25.6877499],[-57.0385271,-25.6877591],[-57.0385718,-25.6877517],[-57.0386186,-25.6877499],[-57.0386592,-25.6877572],[-57.0387039,-25.6877774],[-57.0387243,-25.6877994],[-57.0387669,-25.687814],[-57.03883,-25.6878232],[-57.0389418,-25.6878378],[-57.0390088,-25.6878433],[-57.0390495,-25.6878342],[-57.03908,-25.6878232],[-57.0391288,-25.6878213],[-57.0391654,-25.6878104],[-57.0391877,-25.6877902],[-57.0392162,-25.6877719],[-57.039269,-25.6877591],[-57.0393178,-25.6877627],[-57.0393524,-25.6877847],[-57.0394012,-25.6878067],[-57.0394621,-25.6878232],[-57.0395048,-25.6878415],[-57.0395313,-25.6878616],[-57.0395678,-25.6878855],[-57.0396451,-25.6879166],[-57.0397081,-25.6879441],[-57.0397244,-25.6879697],[-57.0397325,-25.6880228],[-57.0397305,-25.6880522],[-57.0397514,-25.6880812],[-57.0397932,-25.6881047],[-57.0398138,-25.6881163],[-57.0398667,-25.6881547],[-57.0399378,-25.6881987],[-57.0400964,-25.6882903],[-57.0402407,-25.6883599],[-57.0403423,-25.6883654],[-57.04045,-25.6883709],[-57.0405212,-25.6883727],[-57.0405781,-25.6883727],[-57.040631,-25.6883892],[-57.0406858,-25.6884185],[-57.0407224,-25.688457],[-57.0407387,-25.6884973],[-57.0407509,-25.6885413],[-57.0407692,-25.6885632],[-57.0407976,-25.6885724],[-57.0409135,-25.6885834],[-57.0410619,-25.6885797],[-57.0411981,-25.6885944],[-57.0413079,-25.6886475],[-57.0413953,-25.6887006],[-57.0414969,-25.6887501],[-57.0415477,-25.6887519],[-57.0416046,-25.6887226],[-57.041686,-25.6887189],[-57.0417347,-25.6887318],[-57.0417693,-25.6887446],[-57.0429773,-25.6887422],[-57.0431688,-25.6886706],[-57.0432762,-25.6885949],[-57.0433696,-25.6886033],[-57.0435144,-25.6886243],[-57.0436265,-25.6886454],[-57.0437152,-25.6886286],[-57.0437572,-25.6885781],[-57.0438273,-25.6885738],[-57.0439113,-25.6885865],[-57.0439837,-25.6885549],[-57.0440234,-25.6885065],[-57.0441028,-25.6884834],[-57.0441845,-25.6884707],[-57.0442359,-25.6884476],[-57.0442826,-25.6884329],[-57.044334,-25.6884329],[-57.0444087,-25.6884266],[-57.0444577,-25.6884097],[-57.0445114,-25.6883908],[-57.0445254,-25.688355],[-57.0445208,-25.6883171],[-57.0445394,-25.6882729],[-57.0445581,-25.6882414],[-57.0446048,-25.6882182],[-57.0446445,-25.6882014],[-57.0447169,-25.6881993],[-57.0447893,-25.6882245],[-57.0448757,-25.6882793],[-57.0449621,-25.6883192],[-57.0450181,-25.6883655],[-57.0450812,-25.6884034],[-57.0451489,-25.688435],[-57.0452096,-25.6884413],[-57.0452423,-25.6884097],[-57.045289,-25.6883655],[-57.0453357,-25.6883424],[-57.0454007,-25.6883072],[-57.0454291,-25.6883024],[-57.0455015,-25.6882477],[-57.0455536,-25.6881893],[-57.0456065,-25.6881299],[-57.0456836,-25.6880625],[-57.045756,-25.688031],[-57.0459348,-25.6881026],[-57.0460866,-25.6882078],[-57.046257,-25.6883004],[-57.0463458,-25.6883761],[-57.0464252,-25.6884056],[-57.0465326,-25.6884266],[-57.0466236,-25.6884582],[-57.0467591,-25.6884855]]}},{"type":"Feature","properties":{"intermittent":"yes","waterway":"stream","width":"1","audit_class":"stream","audit_color":"#3b82f6","feature_id":"lqv-sw-0258"},"geometry":{"type":"LineString","coordinates":[[-57.0455568,-25.6961821],[-57.0454915,-25.6962242],[-57.0454401,-25.6962558],[-57.0453946,-25.6962642],[-57.0453584,-25.6962768],[-57.045335,-25.6962873],[-57.0453187,-25.6963042],[-57.0453257,-25.6963305],[-57.045293,-25.6963715],[-57.0452428,-25.6964157],[-57.0451821,-25.6964609],[-57.0451167,-25.6965009],[-57.0450385,-25.6965325],[-57.0449824,-25.6965682],[-57.0449229,-25.6966082],[-57.0448739,-25.6966314],[-57.0448412,-25.6966608],[-57.0448097,-25.6966966],[-57.0447781,-25.6967492],[-57.0447174,-25.6967902],[-57.0446614,-25.6968228],[-57.0446334,-25.6968554],[-57.0446077,-25.6969112],[-57.0446042,-25.6969417],[-57.0446007,-25.6969827],[-57.0445516,-25.6970606],[-57.0445283,-25.6970974],[-57.0444711,-25.6971363],[-57.044429,-25.6971626],[-57.0443812,-25.6972005],[-57.0443613,-25.6972342],[-57.0443602,-25.6972784],[-57.0443251,-25.6973152],[-57.0442714,-25.6973604],[-57.0442236,-25.6973993],[-57.0441453,-25.6974014],[-57.0440951,-25.6973951],[-57.0440321,-25.6973815],[-57.0439831,-25.6973499],[-57.04394,-25.6973142],[-57.0439237,-25.6973307],[-57.0438973,-25.6973673],[-57.043879,-25.6973912],[-57.0438587,-25.6974461],[-57.0438444,-25.6974937],[-57.0438221,-25.6975743],[-57.04382,-25.6976055],[-57.0438404,-25.6976439],[-57.0438953,-25.6976696],[-57.04394,-25.6977044],[-57.0439501,-25.697752],[-57.0439583,-25.6978289],[-57.0439623,-25.6979224],[-57.0439806,-25.6979663],[-57.0440192,-25.6979938],[-57.0441046,-25.6979956],[-57.0441534,-25.6980121],[-57.04417820903955,-25.698062]]}},{"type":"Feature","properties":{"intermittent":"yes","waterway":"stream","width":"1","audit_class":"stream","audit_color":"#3b82f6","feature_id":"lqv-sw-0259"},"geometry":{"type":"LineString","coordinates":[[-57.0429314,-25.693693],[-57.0429529,-25.6937293],[-57.0429931,-25.6937824],[-57.0430655,-25.6937994],[-57.0431111,-25.6938574],[-57.0430977,-25.6939033],[-57.0430897,-25.694],[-57.0430977,-25.6940821],[-57.0431246,-25.6941305],[-57.0431085,-25.6942054],[-57.043087,-25.6942828],[-57.0431192,-25.694348],[-57.0431567,-25.6944133],[-57.0431461,-25.694433],[-57.0430745,-25.6945798],[-57.0430468,-25.6946187],[-57.0429502,-25.6947686],[-57.0428912,-25.6948749],[-57.0427571,-25.695003],[-57.0425664,-25.6952114],[-57.0425248,-25.6952877],[-57.042514,-25.6953446],[-57.0424354,-25.6954377],[-57.0424447,-25.6954793],[-57.0424832,-25.6955057],[-57.0424909,-25.6955487],[-57.0424709,-25.6955917],[-57.0424185,-25.6956389],[-57.0423723,-25.6957417],[-57.0422783,-25.6958209],[-57.0422768,-25.6958222],[-57.0422675,-25.6958735],[-57.0422891,-25.6959499],[-57.0423199,-25.696029],[-57.0423692,-25.6961429],[-57.0423985,-25.696265],[-57.0424585,-25.6964191],[-57.0425464,-25.6965149],[-57.0427158,-25.6965968],[-57.0428617,-25.6967265],[-57.0430369,-25.6968134],[-57.0431404,-25.6968756],[-57.0431856,-25.6969195],[-57.0432218,-25.6969657],[-57.0432723,-25.6970247],[-57.0433466,-25.6970678],[-57.0434351,-25.6971028],[-57.0434828,-25.6971874],[-57.0435333,-25.6972208],[-57.0435881,-25.6972719],[-57.0436881,-25.6972615],[-57.0437456,-25.6972121],[-57.0437828,-25.6972073],[-57.0438527,-25.6972312],[-57.0439005,-25.6972703],[-57.04394,-25.6973142]]}},{"type":"Feature","properties":{"intermittent":"yes","waterway":"stream","width":"1","audit_class":"stream","audit_color":"#3b82f6","feature_id":"lqv-sw-0260"},"geometry":{"type":"LineString","coordinates":[[-57.0397841,-25.6915299],[-57.0397117,-25.6915657],[-57.0396136,-25.6916225],[-57.0395553,-25.6917677],[-57.0394595,-25.6918834],[-57.0393661,-25.6920181],[-57.0393311,-25.6921444],[-57.0393194,-25.692298],[-57.0393148,-25.6923443],[-57.0393148,-25.6923905],[-57.0393404,-25.6924642],[-57.0393731,-25.6925294],[-57.0393778,-25.6926115],[-57.0393685,-25.692683],[-57.0393895,-25.6927314],[-57.0394152,-25.6927504],[-57.0394642,-25.6927735],[-57.0395016,-25.6927882],[-57.0395156,-25.6928135],[-57.0395553,-25.692824],[-57.039595,-25.6928556],[-57.039616,-25.6928871],[-57.039658,-25.6929397],[-57.039693,-25.6929818],[-57.0397024,-25.6930702],[-57.0396907,-25.6931312],[-57.0397421,-25.6931754],[-57.0398121,-25.6931628],[-57.0398635,-25.6931817],[-57.0398892,-25.6932553],[-57.0399195,-25.6933458],[-57.0400106,-25.6934405],[-57.040104,-25.6935373],[-57.040125,-25.6935773],[-57.0401694,-25.6936299],[-57.0401997,-25.6936972],[-57.0402558,-25.6937456],[-57.0403188,-25.6938129],[-57.0403422,-25.693895],[-57.0403608,-25.6939497],[-57.0404099,-25.6939686],[-57.0404916,-25.6939939],[-57.0405173,-25.6940149],[-57.0405827,-25.6940528],[-57.040634,-25.6940823],[-57.0406457,-25.6941475],[-57.0407087,-25.694238],[-57.0408815,-25.6943032],[-57.0409586,-25.6943285],[-57.0410237,-25.6944448],[-57.0410216,-25.6944952],[-57.0410308,-25.6945584],[-57.0410054,-25.6946005],[-57.0409251,-25.6946252],[-57.0409047,-25.6947086],[-57.0409261,-25.6947791],[-57.0409383,-25.6948414],[-57.0409678,-25.6948807],[-57.0410552,-25.6948844],[-57.0411395,-25.6948826],[-57.0411893,-25.6948936],[-57.0412269,-25.6949302],[-57.0412635,-25.6949668],[-57.0413103,-25.6949861],[-57.0413316,-25.6950181],[-57.0413723,-25.6950502],[-57.0414078,-25.6950841],[-57.0414068,-25.6951189],[-57.041417,-25.6951454],[-57.0414404,-25.6951756],[-57.0414475,-25.6952279],[-57.0414455,-25.6952801],[-57.0414475,-25.6953259],[-57.0415003,-25.6953781],[-57.0415532,-25.6954156],[-57.0415979,-25.6954449],[-57.0416518,-25.6954724],[-57.0417107,-25.6954861],[-57.0417666,-25.6955109],[-57.0417849,-25.6955612],[-57.04179,-25.6956079],[-57.0418164,-25.6956519],[-57.041887,-25.6956759],[-57.0419597,-25.6957133],[-57.0419801,-25.6957261],[-57.0420604,-25.6957691],[-57.0421396,-25.6957893],[-57.0422291,-25.6957929],[-57.0422783,-25.6958209]]}},{"type":"Feature","properties":{"intermittent":"yes","waterway":"stream","width":"1","audit_class":"stream","audit_color":"#3b82f6","feature_id":"lqv-sw-0261"},"geometry":{"type":"LineString","coordinates":[[-57.0437187,-25.6895855],[-57.0437958,-25.6895055],[-57.0438728,-25.6894403],[-57.0439756,-25.689415],[-57.04409,-25.689434],[-57.0441787,-25.6894929],[-57.0442161,-25.6895434],[-57.0442908,-25.6895812],[-57.0443655,-25.6896044],[-57.0444472,-25.689636],[-57.0445383,-25.6896865],[-57.0446154,-25.6897138],[-57.0447274,-25.6897706],[-57.0448419,-25.6897748],[-57.0449002,-25.6897243],[-57.0449516,-25.6896991],[-57.045059,-25.6896844],[-57.0451501,-25.6896991],[-57.0452365,-25.6896991],[-57.0453859,-25.6897201],[-57.045477,-25.6896738],[-57.0455494,-25.6896507],[-57.0456264,-25.6896444],[-57.0456614,-25.6895981],[-57.0456755,-25.6895244],[-57.0457128,-25.689516],[-57.0457595,-25.6895392],[-57.0458132,-25.6895623],[-57.0458412,-25.6895434],[-57.0458482,-25.6894866],[-57.0458482,-25.6894403],[-57.0458809,-25.6894129],[-57.0459393,-25.6894213],[-57.046021,-25.6894297],[-57.0460514,-25.6893919],[-57.0460444,-25.6893498],[-57.0460304,-25.6893098],[-57.0460444,-25.6892803],[-57.0460887,-25.6892509],[-57.0461378,-25.6892341],[-57.0462102,-25.6892298],[-57.0463012,-25.6892025],[-57.0463806,-25.689192],[-57.046383,-25.6891415],[-57.046397,-25.6890783],[-57.046474,-25.6890257],[-57.0465511,-25.6889879],[-57.0466632,-25.6889626],[-57.0467986,-25.6889332],[-57.0468943,-25.6888932],[-57.0470274,-25.6889016],[-57.0470861,-25.6889051],[-57.0471699,-25.68891],[-57.0472399,-25.6889079],[-57.0472889,-25.6889647],[-57.0473006,-25.6890194],[-57.047331,-25.6890552],[-57.0474034,-25.689091],[-57.0478493,-25.6893435],[-57.0478774,-25.6893982],[-57.0479171,-25.6894676],[-57.0479964,-25.6895497],[-57.0480315,-25.6896002],[-57.0480724,-25.6896404],[-57.0481085,-25.6896759],[-57.0482229,-25.6897306],[-57.0482556,-25.6897517],[-57.0482813,-25.6897875],[-57.0483303,-25.6898443],[-57.0483887,-25.6899053],[-57.0483911,-25.6899432],[-57.0483654,-25.6899747],[-57.0483654,-25.6900273],[-57.0483654,-25.6900947],[-57.0483841,-25.6901578],[-57.0484121,-25.690242],[-57.0484424,-25.6902988],[-57.0485055,-25.6903598],[-57.0485101,-25.690385],[-57.0485615,-25.6904334],[-57.049185,-25.6911762],[-57.049234,-25.6912436],[-57.0492886,-25.6913307],[-57.0493196,-25.691379],[-57.0493367,-25.6914056],[-57.0494208,-25.6915045],[-57.0495235,-25.6916013],[-57.0495842,-25.6916938],[-57.0496566,-25.6918054],[-57.0496823,-25.6918874],[-57.0497127,-25.6919905],[-57.0497967,-25.6922346],[-57.0498971,-25.6923019],[-57.0500489,-25.6924029],[-57.0501026,-25.6924808],[-57.0501797,-25.6925713],[-57.0502731,-25.6926891],[-57.0503338,-25.6928006],[-57.0504062,-25.6929058],[-57.0504669,-25.6929942],[-57.0505346,-25.6930994],[-57.050621,-25.6931436],[-57.0507798,-25.6931562],[-57.0508662,-25.6931646],[-57.0509666,-25.6931815],[-57.0510226,-25.6932383],[-57.0510366,-25.6933098],[-57.0510716,-25.6933961],[-57.0510997,-25.6934571],[-57.051151,-25.6935329],[-57.0512187,-25.6935728],[-57.0513262,-25.6935981],[-57.0514172,-25.6935981],[-57.0515013,-25.693556],[-57.051534,-25.6934929],[-57.0515036,-25.6934213],[-57.0514592,-25.6933435],[-57.0514663,-25.6932151],[-57.051513,-25.6931625],[-57.0516134,-25.6931078],[-57.0517021,-25.6931078],[-57.0518422,-25.6931373],[-57.0519192,-25.6932404],[-57.0519916,-25.6933225],[-57.0521154,-25.6934256],[-57.0522461,-25.6934908],[-57.0523349,-25.6935202],[-57.0524259,-25.6935202],[-57.0525497,-25.6935181],[-57.0526805,-25.6934782],[-57.0527412,-25.6934634],[-57.0527832,-25.6934718],[-57.0528416,-25.6934403],[-57.0529023,-25.6934403],[-57.052998,-25.6934192],[-57.0531054,-25.6933877],[-57.0532502,-25.6933814],[-57.0533389,-25.6933414],[-57.053388,-25.6932656],[-57.053409,-25.6931689],[-57.0534206,-25.6930489],[-57.0535,-25.6928869],[-57.0536448,-25.6928111],[-57.0538059,-25.6927922],[-57.0538853,-25.6927333],[-57.0540044,-25.6927228],[-57.0540861,-25.6927606],[-57.0541935,-25.6928196],[-57.0543733,-25.6928869],[-57.0544924,-25.6929416],[-57.0545461,-25.6930279],[-57.0546348,-25.6931415],[-57.0547656,-25.6932004],[-57.0549431,-25.6931962],[-57.0551065,-25.6932025],[-57.0552069,-25.6931962],[-57.0553517,-25.6932215],[-57.0554498,-25.693253],[-57.0555432,-25.6932215],[-57.0556249,-25.6932109],[-57.0556879,-25.6932677],[-57.055765,-25.693333],[-57.0559238,-25.6933793],[-57.0560218,-25.6934403],[-57.0560685,-25.6934824],[-57.0560942,-25.6935434],[-57.0560895,-25.6936191],[-57.0560755,-25.6936823],[-57.0560452,-25.6938043],[-57.0560452,-25.6938885],[-57.0560475,-25.693981],[-57.0561152,-25.6940841],[-57.0561876,-25.6941389],[-57.0562834,-25.694223],[-57.0563301,-25.694263],[-57.0563884,-25.6942672],[-57.0564678,-25.6942483],[-57.0565379,-25.6942041],[-57.0566616,-25.6941515],[-57.05679,-25.6940799],[-57.0569185,-25.6940358],[-57.0570539,-25.6939621],[-57.0571707,-25.6938569],[-57.0572033,-25.6938001],[-57.0572874,-25.693779],[-57.0573528,-25.6938043],[-57.0574555,-25.693798],[-57.0574905,-25.693758],[-57.0575466,-25.6936865],[-57.0575419,-25.6935665],[-57.0575629,-25.6934803],[-57.0576236,-25.6933919],[-57.0576844,-25.6933267],[-57.0577754,-25.6932362],[-57.0578571,-25.6931583],[-57.0578805,-25.6930552],[-57.0578875,-25.6929626],[-57.0579412,-25.6929016],[-57.0580416,-25.6928406],[-57.0582588,-25.692767],[-57.0583825,-25.6927186],[-57.0584853,-25.6926996],[-57.0585973,-25.692666],[-57.0586651,-25.6926218],[-57.0587281,-25.6926155],[-57.0587795,-25.6926197],[-57.0588752,-25.6925965],[-57.0589219,-25.692546],[-57.0589616,-25.6924934],[-57.0590176,-25.6924724],[-57.059062,-25.692525],[-57.059104,-25.6925755],[-57.0591904,-25.6926028],[-57.0592418,-25.6925986],[-57.0592605,-25.6925523],[-57.0592535,-25.6925039],[-57.0591998,-25.6924598],[-57.0591507,-25.6924114],[-57.0591064,-25.692363],[-57.0590924,-25.692283],[-57.0590783,-25.6922073],[-57.0590994,-25.6921526],[-57.0591297,-25.6921105],[-57.0592044,-25.6921042],[-57.0592955,-25.6921336],[-57.0594029,-25.6921967],[-57.0595127,-25.6922304],[-57.0596481,-25.6922851],[-57.0597532,-25.6922599],[-57.0598512,-25.6922472],[-57.059926,-25.6921589],[-57.0599727,-25.6920894],[-57.0600474,-25.6920494],[-57.0601384,-25.6920305],[-57.0602575,-25.6919947],[-57.0603439,-25.691919],[-57.0603953,-25.691818],[-57.0603976,-25.6917401],[-57.0604467,-25.6916286],[-57.0604864,-25.691576],[-57.0605938,-25.6915444],[-57.0606965,-25.6915087],[-57.0607432,-25.6914477],[-57.0607829,-25.691374],[-57.0608214,-25.691302],[-57.0608703,-25.6911962],[-57.0609294,-25.6910712],[-57.0609894,-25.691009],[-57.0610413,-25.6909647],[-57.0611094,-25.6909295],[-57.0611822,-25.6909213],[-57.0612831,-25.6909123],[-57.0613531,-25.6909074],[-57.0614213,-25.6908713],[-57.0614658,-25.6908369],[-57.0614995,-25.6908173],[-57.0616295,-25.6907624],[-57.0617322,-25.6907247],[-57.0618277,-25.6907001],[-57.061974,-25.690678],[-57.0620622,-25.6906665],[-57.0621586,-25.6906001],[-57.0622186,-25.6905231],[-57.0622577,-25.6904248],[-57.0622677,-25.6903634],[-57.0622741,-25.6902798],[-57.0622931,-25.6902184],[-57.0623341,-25.6901676],[-57.062385,-25.6901356],[-57.0624286,-25.6900963],[-57.0624559,-25.6900357],[-57.0624732,-25.6899562],[-57.062465,-25.6898849],[-57.0624304,-25.6898112],[-57.0623795,-25.6897342],[-57.0623568,-25.6896801],[-57.0623541,-25.6896113],[-57.0623568,-25.6895523],[-57.0623941,-25.6894654],[-57.0624386,-25.6894015]]}},{"type":"Feature","properties":{"intermittent":"yes","waterway":"stream","width":"1","audit_class":"stream","audit_color":"#3b82f6","feature_id":"lqv-sw-0262"},"geometry":{"type":"LineString","coordinates":[[-57.0485211,-25.6916568],[-57.0486238,-25.6916336],[-57.0487756,-25.6915957],[-57.0488924,-25.6915852],[-57.0490395,-25.6915495],[-57.0491095,-25.6914947],[-57.0491912,-25.6914295],[-57.0492702,-25.6913709],[-57.0493196,-25.691379]]}},{"type":"Feature","properties":{"intermittent":"yes","waterway":"stream","width":"1","audit_class":"stream","audit_color":"#3b82f6","feature_id":"lqv-sw-0263"},"geometry":{"type":"LineString","coordinates":[[-57.05635449145299,-25.698062],[-57.056326,-25.6980055],[-57.0562836,-25.6978939],[-57.0562553,-25.6978046],[-57.0561774,-25.6976165],[-57.0560712,-25.6975017],[-57.0560146,-25.6973837],[-57.0559792,-25.6972529],[-57.0559757,-25.6970839],[-57.0559863,-25.6969659],[-57.0560146,-25.6968638],[-57.0560854,-25.6967937],[-57.0561845,-25.6967586],[-57.0562128,-25.6966693],[-57.0561809,-25.6965959],[-57.0561774,-25.6965385],[-57.056188,-25.696462],[-57.0562163,-25.6963663],[-57.0562623,-25.6963025],[-57.0562659,-25.6962292],[-57.0562623,-25.6961112],[-57.0562623,-25.696057],[-57.0562305,-25.6959581],[-57.0561668,-25.6958847],[-57.0560783,-25.6957667],[-57.0559615,-25.6955754],[-57.055919,-25.6954638],[-57.0558305,-25.6953745],[-57.0557031,-25.6953075],[-57.0556961,-25.6951576],[-57.0557562,-25.6950747],[-57.0559332,-25.6949886],[-57.0560571,-25.6948291],[-57.0562482,-25.6946952],[-57.0563473,-25.6945899],[-57.0563862,-25.6945006],[-57.056372,-25.6944305],[-57.0563614,-25.6943539],[-57.0563884,-25.6942672]]}},{"type":"Feature","properties":{"intermittent":"yes","waterway":"stream","width":"1","audit_class":"stream","audit_color":"#3b82f6","feature_id":"lqv-sw-0264"},"geometry":{"type":"LineString","coordinates":[[-57.0526457,-25.6951388],[-57.0528552,-25.6951888],[-57.0531448,-25.6951832],[-57.0534406,-25.6951555],[-57.0536316,-25.6950888],[-57.0537302,-25.6950111],[-57.0538534,-25.6949223],[-57.0539952,-25.6948889],[-57.0541985,-25.6948945],[-57.0544142,-25.6949445],[-57.0546052,-25.69495],[-57.0547654,-25.6949722],[-57.0548887,-25.695],[-57.0549996,-25.6950167],[-57.0550797,-25.6950111],[-57.055129,-25.6949833],[-57.0552091,-25.6949611],[-57.0552769,-25.6949611],[-57.0553878,-25.6949833],[-57.0554541,-25.6949988],[-57.0555517,-25.6949896],[-57.0556513,-25.6950208],[-57.0556879,-25.6950519],[-57.0557562,-25.6950747]]}},{"type":"Feature","properties":{"intermittent":"yes","waterway":"ditch","audit_class":"ditch","audit_color":"#60a5fa","feature_id":"lqv-sw-0265"},"geometry":{"type":"LineString","coordinates":[[-57.036046577360935,-25.698062],[-57.0360734,-25.6979949],[-57.036076,-25.6979356],[-57.0360693,-25.6978813],[-57.0360559,-25.6978293],[-57.0360532,-25.6977773],[-57.0360573,-25.6976903],[-57.0360492,-25.6976299],[-57.0360291,-25.6976021],[-57.0360278,-25.6975719],[-57.0360345,-25.6975501],[-57.0360425,-25.6975187],[-57.0360425,-25.6974921],[-57.0360304,-25.697445],[-57.0359808,-25.6973894],[-57.0359312,-25.6973604],[-57.0359124,-25.6973145],[-57.0359138,-25.6972323],[-57.0359097,-25.6971791],[-57.0359299,-25.6971344],[-57.0359379,-25.6970921],[-57.0359191,-25.6970414],[-57.0358977,-25.6969749],[-57.035899,-25.6969157],[-57.0359057,-25.6968251],[-57.0359205,-25.6967876],[-57.0358869,-25.6967622],[-57.0358735,-25.6967368],[-57.0358843,-25.6966982],[-57.0359607,-25.6966305],[-57.0360023,-25.696587],[-57.036131,-25.6964649],[-57.0362034,-25.6964154],[-57.0363013,-25.6963707],[-57.0363858,-25.6963102],[-57.0364288,-25.6962559],[-57.0365194,-25.696155],[-57.0365744,-25.6960863],[-57.0367588,-25.6959878],[-57.0368851,-25.6959178],[-57.0370004,-25.6957873],[-57.0372311,-25.695461],[-57.0373223,-25.6952556],[-57.0373357,-25.6949704],[-57.0372821,-25.6946417],[-57.0372016,-25.6943299],[-57.0370809,-25.6940858]]}},{"type":"Feature","properties":{"intermittent":"yes","waterway":"stream","width":"1","audit_class":"stream","audit_color":"#3b82f6","feature_id":"lqv-sw-0266"},"geometry":{"type":"LineString","coordinates":[[-57.068550823636365,-25.698062],[-57.0685577,-25.6980527],[-57.0686268,-25.6980307],[-57.0686451,-25.6979849],[-57.068635,-25.6979245],[-57.0685943,-25.6978659],[-57.068576,-25.6978274],[-57.0685659,-25.6977834],[-57.0685537,-25.6977248],[-57.0685659,-25.6976699],[-57.0686512,-25.6976314],[-57.0687102,-25.6975783],[-57.068696,-25.6974354],[-57.0686939,-25.6973493],[-57.0687325,-25.6972962],[-57.0688281,-25.6972632],[-57.0688667,-25.6972321],[-57.0688876,-25.6971975],[-57.0689292,-25.6971697],[-57.0690003,-25.6971745],[-57.0690432,-25.6971951],[-57.0690727,-25.6971818],[-57.0690807,-25.6971371],[-57.0691223,-25.6971153],[-57.0691693,-25.6971117],[-57.0692242,-25.6971177],[-57.0692766,-25.6971407],[-57.0693248,-25.6971697],[-57.0693584,-25.6971926],[-57.069412,-25.6971987],[-57.0694764,-25.6971818],[-57.069526,-25.6971661],[-57.0695676,-25.6971516],[-57.0696132,-25.6971479],[-57.0696494,-25.6971407],[-57.0697044,-25.6971516],[-57.069758,-25.6971661],[-57.0697379,-25.6972192],[-57.0697151,-25.6972265],[-57.0696856,-25.6972277],[-57.0696574,-25.6972591],[-57.0696628,-25.6972954],[-57.0696775,-25.6973256],[-57.0697084,-25.6973594],[-57.06975,-25.6973812],[-57.0697929,-25.6973836],[-57.0698345,-25.6973642],[-57.0698666,-25.6973304],[-57.0698961,-25.6972845],[-57.0699203,-25.6972422],[-57.0699391,-25.6971975],[-57.0699337,-25.6971685],[-57.0699015,-25.6971322],[-57.0698707,-25.6971008],[-57.0698599,-25.6970718],[-57.0698572,-25.6970343],[-57.0698868,-25.6969969],[-57.0699203,-25.6969642],[-57.0699686,-25.696934],[-57.0706852,-25.6971981],[-57.0707178,-25.6971676],[-57.0706992,-25.697115],[-57.0706887,-25.6970729],[-57.070691,-25.697033],[-57.0706793,-25.6969846],[-57.0706536,-25.6969425],[-57.0706046,-25.6969025],[-57.0705439,-25.6968846],[-57.0704505,-25.6968636],[-57.0704061,-25.696791],[-57.0703886,-25.6967068],[-57.0703629,-25.6966037],[-57.0703209,-25.6965553],[-57.0702754,-25.6965133],[-57.0702368,-25.6964743],[-57.0702135,-25.6964154],[-57.07021,-25.6963291],[-57.070238,-25.6962692],[-57.0702625,-25.696226],[-57.0702684,-25.6961808],[-57.0702508,-25.6961345],[-57.0702427,-25.6960956],[-57.0702737,-25.6959469],[-57.0702797,-25.695911],[-57.0702838,-25.6958689],[-57.0703001,-25.6957744]]}},{"type":"Feature","properties":{"intermittent":"yes","waterway":"stream","audit_class":"stream","audit_color":"#3b82f6","feature_id":"lqv-sw-0267"},"geometry":{"type":"LineString","coordinates":[[-57.0366043,-25.6786089],[-57.0367176,-25.6786503],[-57.036937,-25.6786376],[-57.0370573,-25.6786184],[-57.0372166,-25.678628],[-57.0373935,-25.6785929],[-57.0374891,-25.6785802],[-57.0376413,-25.6785514],[-57.0377581,-25.67851],[-57.0378324,-25.678494],[-57.037928,-25.6785227],[-57.0380023,-25.678561],[-57.0380624,-25.6785929],[-57.038112,-25.6785998],[-57.038171,-25.6785869],[-57.0382198,-25.6785485],[-57.0382523,-25.6785448],[-57.038299,-25.6785686],[-57.0383336,-25.6786291],[-57.0383478,-25.6786877],[-57.038356,-25.6788049],[-57.0384251,-25.6788782],[-57.0385044,-25.6789405],[-57.0385491,-25.6790175],[-57.0386304,-25.6790779],[-57.0387239,-25.6790944],[-57.0388113,-25.6791127],[-57.0389373,-25.6791695],[-57.0390288,-25.6792061],[-57.0391264,-25.6792043],[-57.0392117,-25.6792098],[-57.039289,-25.6792611],[-57.0393967,-25.6793435],[-57.0394557,-25.6794113],[-57.0394801,-25.6794681],[-57.0395309,-25.6795048],[-57.039598,-25.679578],[-57.039663,-25.6796348],[-57.0396894,-25.6796916],[-57.0397403,-25.6797979],[-57.0397829,-25.679917],[-57.0398297,-25.6800012],[-57.0398886,-25.6800672],[-57.0399313,-25.6801661],[-57.03997,-25.6802394],[-57.040033,-25.6803493]]}},{"type":"Feature","properties":{"intermittent":"yes","waterway":"stream","audit_class":"stream","audit_color":"#3b82f6","feature_id":"lqv-sw-0268"},"geometry":{"type":"LineString","coordinates":[[-57.0383336,-25.6786291],[-57.0384149,-25.6785668],[-57.0384454,-25.6785155],[-57.0385105,-25.6784642],[-57.0385938,-25.6784605],[-57.0386609,-25.6784972],[-57.0386975,-25.6785631],[-57.0387137,-25.6786456],[-57.038728,-25.678728],[-57.03873,-25.6788068],[-57.0387402,-25.6788947],[-57.0387788,-25.6790449],[-57.0388113,-25.6791127]]}},{"type":"Feature","properties":{"intermittent":"yes","waterway":"stream","audit_class":"stream","audit_color":"#3b82f6","feature_id":"lqv-sw-0269"},"geometry":{"type":"LineString","coordinates":[[-57.0431108,-25.685049],[-57.0432979,-25.6851052],[-57.0434942,-25.6851376],[-57.0436189,-25.6851549],[-57.0438229,-25.6852047],[-57.0439764,-25.6852198],[-57.0441276,-25.685222],[-57.0443291,-25.6852285],[-57.0444826,-25.6852912],[-57.0451592,-25.6860479],[-57.0453152,-25.6860587],[-57.0454879,-25.6860587],[-57.0456439,-25.6861214],[-57.045903,-25.6862058],[-57.0460781,-25.6861755],[-57.0463133,-25.6861149],[-57.046546,-25.6860674],[-57.0467484,-25.6859974],[-57.0468608,-25.6859289],[-57.0469177,-25.6858505],[-57.0469352,-25.6857421],[-57.0469447,-25.6856336],[-57.0470254,-25.6855252],[-57.047209,-25.6853469],[-57.0473008,-25.6853098],[-57.0475145,-25.6852742],[-57.0476396,-25.6852542],[-57.0477045,-25.6851772],[-57.0477678,-25.6850488],[-57.0477773,-25.6849461],[-57.0477804,-25.6848876],[-57.0478058,-25.6848434],[-57.0478517,-25.6848277],[-57.0478944,-25.6847749],[-57.047934,-25.6847193],[-57.04801,-25.6846508],[-57.048167,-25.6843583],[-57.048249,-25.6842054],[-57.0484263,-25.6839858],[-57.0485656,-25.6838973],[-57.0487112,-25.6838831],[-57.0488315,-25.6838174],[-57.0489771,-25.683709],[-57.0491766,-25.6836149],[-57.0492652,-25.6836149]]}},{"type":"Feature","properties":{"intermittent":"yes","waterway":"stream","audit_class":"stream","audit_color":"#3b82f6","feature_id":"lqv-sw-0270"},"geometry":{"type":"LineString","coordinates":[[-57.0355741,-25.674199],[-57.0354994,-25.6743126],[-57.0355414,-25.6744052],[-57.0357329,-25.6745525],[-57.0357236,-25.6747377],[-57.0355648,-25.6748977],[-57.0352612,-25.6751544],[-57.0348729,-25.6754359],[-57.0348387,-25.6754606],[-57.0348184,-25.6755229],[-57.034794,-25.6755705],[-57.034729,-25.6756401],[-57.0347493,-25.6757281],[-57.0347534,-25.6757794],[-57.0346883,-25.6758343],[-57.0345623,-25.6758856],[-57.0344647,-25.6759479],[-57.03442,-25.6760505],[-57.0344119,-25.6761531],[-57.03442,-25.6762557],[-57.0345135,-25.6763656],[-57.0346233,-25.6764646],[-57.0347452,-25.6765195],[-57.0348957,-25.6765268],[-57.0350176,-25.6765268],[-57.0351762,-25.6765598],[-57.0352575,-25.6766331],[-57.0353022,-25.6767503],[-57.0352656,-25.6768566],[-57.0352209,-25.6769519],[-57.0352494,-25.6770545],[-57.0353103,-25.6771607],[-57.035416,-25.6773219],[-57.0354933,-25.6774429],[-57.0355746,-25.6775967],[-57.0357088,-25.6777433],[-57.0357982,-25.6779082],[-57.0358145,-25.6781207],[-57.0358023,-25.6782966],[-57.0357331,-25.6785017],[-57.0357006,-25.678652],[-57.0357941,-25.6789268],[-57.0358673,-25.6791173],[-57.0359527,-25.6793481],[-57.0360584,-25.6796119],[-57.036156,-25.6798061],[-57.0361766,-25.6800114],[-57.0360832,-25.6801671],[-57.035901,-25.6803313]]}},{"type":"Feature","properties":{"intermittent":"yes","waterway":"ditch","audit_class":"ditch","audit_color":"#60a5fa","feature_id":"lqv-sw-0271"},"geometry":{"type":"LineString","coordinates":[[-57.0316371,-25.673614],[-57.031818,-25.6743438],[-57.031842,-25.6744442],[-57.0318635,-25.6745691],[-57.0318697,-25.6746885],[-57.0318605,-25.6747774],[-57.0318142,-25.6749412],[-57.0317765,-25.6750583],[-57.0317617,-25.6751164],[-57.0317483,-25.6751877],[-57.0317362,-25.6752723],[-57.031747,-25.6753823],[-57.0317617,-25.6754681],[-57.0318006,-25.6755744],[-57.031861,-25.6756542],[-57.0319186,-25.6757134],[-57.032046,-25.6757944],[-57.0321386,-25.6758259],[-57.0322325,-25.6758416]]}},{"type":"Feature","properties":{"intermittent":"yes","waterway":"ditch","audit_class":"ditch","audit_color":"#60a5fa","feature_id":"lqv-sw-0272"},"geometry":{"type":"LineString","coordinates":[[-57.0300419,-25.675183],[-57.0306894,-25.6745481],[-57.0316371,-25.673614],[-57.0336272,-25.6716313]]}},{"type":"Feature","properties":{"intermittent":"yes","waterway":"ditch","audit_class":"ditch","audit_color":"#60a5fa","feature_id":"lqv-sw-0273"},"geometry":{"type":"LineString","coordinates":[[-57.0338568,-25.6726834],[-57.0372062,-25.6693834]]}},{"type":"Feature","properties":{"waterway":"stream","audit_class":"stream","audit_color":"#3b82f6","feature_id":"lqv-sw-0274"},"geometry":{"type":"LineString","coordinates":[[-57.0377585,-25.6680205],[-57.0378399,-25.6679854],[-57.0379036,-25.6679376],[-57.037978,-25.6678897],[-57.0380452,-25.6678419],[-57.0381125,-25.6677877],[-57.0381691,-25.6677653],[-57.0382363,-25.6677239],[-57.0383,-25.6676313],[-57.038392,-25.6675644],[-57.0384593,-25.6675197],[-57.038477,-25.6674431],[-57.0384522,-25.667373],[-57.0384522,-25.6673187],[-57.0383967,-25.6672632],[-57.0382735,-25.6672521],[-57.0381503,-25.6672076],[-57.0380332,-25.6670799],[-57.0379469,-25.6669466],[-57.0378976,-25.6668688],[-57.0378914,-25.6667688],[-57.0379654,-25.66668],[-57.0380886,-25.6666467],[-57.0382427,-25.6667189],[-57.0383906,-25.6668466],[-57.0385508,-25.6669799],[-57.038748,-25.6670854],[-57.0389328,-25.6671299],[-57.0390561,-25.6671354],[-57.0391917,-25.6670132],[-57.0392533,-25.6669133],[-57.0393087,-25.6667355],[-57.0393642,-25.6665967],[-57.0395429,-25.6663245]]}},{"type":"Feature","properties":{"intermittent":"no","waterway":"stream","audit_class":"stream","audit_color":"#3b82f6","feature_id":"lqv-sw-0275"},"geometry":{"type":"LineString","coordinates":[[-57.034242,-25.6687263],[-57.0343584,-25.6687573],[-57.0344619,-25.668778],[-57.0345826,-25.6687819],[-57.0346953,-25.6687433],[-57.0347731,-25.6686852],[-57.0348374,-25.6685692],[-57.0348964,-25.6684822],[-57.034985,-25.6684386],[-57.0350547,-25.6684314],[-57.035111,-25.6684024],[-57.0351405,-25.6683444],[-57.0351486,-25.6682743],[-57.0351861,-25.6682162],[-57.035229,-25.6681655],[-57.0352854,-25.6681389],[-57.0353336,-25.6681219],[-57.0354007,-25.6680929],[-57.0354731,-25.6680204],[-57.0355133,-25.66796],[-57.0355482,-25.667885],[-57.0356045,-25.6677666],[-57.0356501,-25.6676771],[-57.0357038,-25.6676239],[-57.0357628,-25.6675635],[-57.0358513,-25.6675393],[-57.0359774,-25.667491],[-57.0361222,-25.6674112],[-57.0362429,-25.6673387]]}},{"type":"Feature","properties":{"intermittent":"no","waterway":"stream","audit_class":"stream","audit_color":"#3b82f6","feature_id":"lqv-sw-0276"},"geometry":{"type":"LineString","coordinates":[[-57.0317662,-25.6683411],[-57.0318783,-25.6682948],[-57.0319623,-25.6682948],[-57.0320324,-25.6683579],[-57.0320978,-25.6684337],[-57.0321585,-25.6684379],[-57.0322425,-25.668421],[-57.0323266,-25.6684379],[-57.0323593,-25.6684842],[-57.0324013,-25.6685263],[-57.032462,-25.6685641],[-57.0325601,-25.6685515],[-57.0326675,-25.6685263],[-57.0327375,-25.6684968],[-57.0328076,-25.6684968],[-57.0329103,-25.6684842],[-57.0329524,-25.6684507],[-57.0330325,-25.6684062],[-57.0331126,-25.6683729],[-57.0331742,-25.6683535],[-57.0332512,-25.6683535],[-57.0333467,-25.6683396],[-57.0334515,-25.6683201],[-57.0335449,-25.6682983],[-57.0336458,-25.6682601],[-57.0337413,-25.6682186],[-57.0338192,-25.6681963],[-57.0338758,-25.6681867],[-57.0339289,-25.6681883],[-57.033959,-25.6682106],[-57.0339908,-25.6682425],[-57.0340439,-25.6682585],[-57.0341076,-25.6682585],[-57.0341536,-25.668225],[-57.0341802,-25.6681739],[-57.0341713,-25.6681133],[-57.0341572,-25.6680575],[-57.0341572,-25.6680144],[-57.034189,-25.667949],[-57.0342156,-25.6678789],[-57.034228,-25.6678422],[-57.0342704,-25.6677991],[-57.0343129,-25.6677927],[-57.0343748,-25.6678342],[-57.0344102,-25.6678565],[-57.0344616,-25.6678549],[-57.0346173,-25.6678454],[-57.0347058,-25.6678549],[-57.0347925,-25.6678884],[-57.0348739,-25.6679267],[-57.0349712,-25.6679666],[-57.0350668,-25.6679873],[-57.0351552,-25.6679666],[-57.0352225,-25.6679299],[-57.035249,-25.6678565],[-57.0352756,-25.6677624],[-57.0353127,-25.6676859],[-57.0353393,-25.6675966],[-57.0353658,-25.6675631],[-57.0354419,-25.6675072],[-57.0355481,-25.6674546],[-57.0357109,-25.6674211],[-57.0359321,-25.6673637],[-57.036017,-25.667327],[-57.0361781,-25.6673142],[-57.0362429,-25.6673387],[-57.0363479,-25.6673254],[-57.0364276,-25.6673238],[-57.0368204,-25.6672154]]}},{"type":"Feature","properties":{"waterway":"stream","audit_class":"stream","audit_color":"#3b82f6","feature_id":"lqv-sw-0277"},"geometry":{"type":"LineString","coordinates":[[-57.031546,-25.6693267],[-57.0317001,-25.6692383],[-57.0318543,-25.669091],[-57.0321158,-25.6688721],[-57.0323493,-25.668628],[-57.032462,-25.6685641]]}},{"type":"Feature","properties":{"waterway":"stream","audit_class":"stream","audit_color":"#3b82f6","feature_id":"lqv-sw-0278"},"geometry":{"type":"LineString","coordinates":[[-57.0299863,-25.6654164],[-57.0302898,-25.6653532],[-57.0304486,-25.6653238],[-57.0307101,-25.665349],[-57.030981,-25.6654079],[-57.0313125,-25.6655048],[-57.0315367,-25.6656226],[-57.0318449,-25.6657994],[-57.0321018,-25.665972],[-57.0322372,-25.6660983],[-57.032466,-25.6661782],[-57.0327929,-25.666334],[-57.0330218,-25.666456],[-57.0331992,-25.6664981],[-57.0333813,-25.6665108],[-57.0335962,-25.6664518],[-57.0336863,-25.6662739],[-57.0337749,-25.6661502],[-57.0338874,-25.666049],[-57.0339974,-25.6659717],[-57.0342495,-25.6658436],[-57.034448,-25.6657541],[-57.0346921,-25.6656501],[-57.0350006,-25.6656042],[-57.035199,-25.665609],[-57.0353868,-25.6656429],[-57.0356443,-25.6657686],[-57.0357999,-25.6658798],[-57.0359232,-25.6659838],[-57.0362746,-25.6662545],[-57.0364168,-25.6663682],[-57.0365348,-25.6665277],[-57.0366126,-25.6666559],[-57.0367252,-25.6668783],[-57.0367869,-25.6670886],[-57.0368204,-25.6672154],[-57.0368593,-25.6673594],[-57.0369586,-25.6675576],[-57.0370685,-25.6677075],[-57.0373019,-25.6678719],[-57.0375031,-25.6679782],[-57.0376104,-25.6680048],[-57.0377585,-25.6680205]]}},{"type":"Feature","properties":{"intermittent":"yes","waterway":"stream","audit_class":"stream","audit_color":"#3b82f6","feature_id":"lqv-sw-0279"},"geometry":{"type":"LineString","coordinates":[[-57.0372062,-25.6693834],[-57.037263,-25.6692997],[-57.0373657,-25.6692231],[-57.0374435,-25.6691817],[-57.0375143,-25.6690924],[-57.0375108,-25.6689743],[-57.0375391,-25.6688786],[-57.0374789,-25.6687702],[-57.037486,-25.6686904],[-57.037532,-25.668566],[-57.0375072,-25.6684863],[-57.0375497,-25.6684033],[-57.0375391,-25.6683331],[-57.0374966,-25.668263],[-57.0374294,-25.6682087],[-57.0374152,-25.6681449],[-57.0374577,-25.6680652],[-57.0375072,-25.6680397],[-57.0375851,-25.6680333],[-57.0376594,-25.6680365],[-57.0377585,-25.6680205]]}},{"type":"Feature","properties":{"waterway":"stream","audit_class":"stream","audit_color":"#3b82f6","feature_id":"lqv-sw-0280"},"geometry":{"type":"LineString","coordinates":[[-57.0310781,-25.6677674],[-57.0312836,-25.6677632],[-57.0314144,-25.6677674],[-57.0315031,-25.6677253],[-57.0316105,-25.6676285],[-57.03176,-25.6676201],[-57.0318767,-25.6676832],[-57.0319841,-25.6677422],[-57.0320635,-25.6677674],[-57.0321616,-25.6677211],[-57.0322363,-25.6676832],[-57.0323484,-25.6676832],[-57.0324791,-25.6676917],[-57.0326192,-25.6677295],[-57.0326846,-25.6677338],[-57.0327827,-25.6678179],[-57.0328481,-25.6678474],[-57.0329134,-25.6678264],[-57.0330115,-25.6676959],[-57.0330629,-25.6675822],[-57.0331049,-25.667477],[-57.0331189,-25.6673339],[-57.0331703,-25.667195],[-57.0332497,-25.6671445],[-57.0333898,-25.6671108],[-57.0334925,-25.6670771],[-57.0335719,-25.6670056],[-57.0336933,-25.6669593],[-57.0337914,-25.666934]]}},{"type":"Feature","properties":{"waterway":"ditch","audit_class":"ditch","audit_color":"#60a5fa","feature_id":"lqv-sw-0281"},"geometry":{"type":"LineString","coordinates":[[-57.0454007,-25.6737698],[-57.045448,-25.6737194],[-57.0454597,-25.6737069],[-57.0455402,-25.6736368],[-57.0455885,-25.6735571],[-57.0456502,-25.6735208],[-57.0458245,-25.6734942],[-57.0459238,-25.6734773],[-57.0459801,-25.6734362],[-57.0460176,-25.6733782],[-57.0460954,-25.6733516],[-57.0461839,-25.6733467],[-57.0462751,-25.6733226],[-57.0463824,-25.6732549],[-57.0464924,-25.6731969],[-57.0465702,-25.6731364],[-57.0466345,-25.6730712],[-57.0466962,-25.6730276],[-57.0467418,-25.672972],[-57.0468303,-25.6728898],[-57.0469269,-25.6727883],[-57.0470154,-25.6726868],[-57.0470637,-25.6725925],[-57.0471147,-25.6724692],[-57.0471308,-25.6723532],[-57.0471522,-25.6722323],[-57.0471468,-25.6721646],[-57.0472461,-25.6721791],[-57.0473668,-25.6721767],[-57.0475089,-25.6721598],[-57.0476189,-25.6721018],[-57.0477101,-25.6720075],[-57.0477664,-25.6719205],[-57.0478281,-25.6717657],[-57.0478979,-25.6714781],[-57.048032,-25.6710139],[-57.0481178,-25.6706392],[-57.0481768,-25.6703588],[-57.0481786,-25.6702221],[-57.0481795,-25.6701533],[-57.048158,-25.6700469],[-57.048158,-25.6699405],[-57.0482224,-25.6698535],[-57.0483377,-25.6697786],[-57.0484477,-25.6697206],[-57.0485201,-25.6696359],[-57.0485791,-25.6695199],[-57.0486221,-25.6693555],[-57.0486757,-25.6692346],[-57.0487749,-25.669121]]}},{"type":"Feature","properties":{"intermittent":"yes","waterway":"ditch","audit_class":"ditch","audit_color":"#60a5fa","feature_id":"lqv-sw-0282"},"geometry":{"type":"LineString","coordinates":[[-57.0471468,-25.6721646],[-57.0471505,-25.6720993],[-57.0471151,-25.6719622],[-57.0470957,-25.6717644],[-57.0470939,-25.6716224],[-57.047101,-25.6714869],[-57.0471222,-25.6713481],[-57.0471293,-25.6711998],[-57.0471328,-25.6710802],[-57.0471364,-25.6709621],[-57.0472018,-25.6708441],[-57.0473257,-25.6707564],[-57.0474337,-25.6706798],[-57.0475115,-25.6705857],[-57.0475929,-25.6704502],[-57.0476584,-25.6703816],[-57.0478247,-25.6703114],[-57.0479805,-25.6702604],[-57.0480796,-25.6702364],[-57.0481786,-25.6702221]]}},{"type":"Feature","properties":{"intermittent":"yes","waterway":"ditch","audit_class":"ditch","audit_color":"#60a5fa","feature_id":"lqv-sw-0283"},"geometry":{"type":"LineString","coordinates":[[-57.0408918,-25.6706921],[-57.0488132,-25.6688121],[-57.0531945,-25.6677763],[-57.0532511,-25.6677611],[-57.0548028,-25.6673431],[-57.0549045,-25.6673042],[-57.0549562,-25.6672002],[-57.0549544,-25.667164],[-57.0548774,-25.667139],[-57.0537266,-25.6669571],[-57.0536696,-25.6669182],[-57.053645,-25.6668765],[-57.0536435,-25.6668335]]}},{"type":"Feature","properties":{"intermittent":"yes","waterway":"ditch","audit_class":"ditch","audit_color":"#60a5fa","feature_id":"lqv-sw-0284"},"geometry":{"type":"LineString","coordinates":[[-57.0535603,-25.666939],[-57.0536435,-25.6668335],[-57.0538906,-25.6664758],[-57.0539467,-25.6664439]]}},{"type":"Feature","properties":{"intermittent":"yes","waterway":"stream","audit_class":"stream","audit_color":"#3b82f6","feature_id":"lqv-sw-0285"},"geometry":{"type":"LineString","coordinates":[[-57.0539467,-25.6664439],[-57.0539789,-25.6663658],[-57.0540005,-25.6663005],[-57.0541946,-25.6659812],[-57.0542639,-25.665827],[-57.0543194,-25.6657118],[-57.0543533,-25.6656021],[-57.0543487,-25.6654924],[-57.0543671,-25.6653994]]}},{"type":"Feature","properties":{"intermittent":"yes","waterway":"ditch","audit_class":"ditch","audit_color":"#60a5fa","feature_id":"lqv-sw-0286"},"geometry":{"type":"LineString","coordinates":[[-57.0483996,-25.6752203],[-57.0484153,-25.6751881],[-57.0488981,-25.6748236],[-57.0492223,-25.6744874],[-57.0501909,-25.6732975],[-57.0503627,-25.6731207],[-57.0505161,-25.6729778],[-57.0507702,-25.6727561],[-57.0522673,-25.6714333],[-57.05243,-25.671273],[-57.0525316,-25.6711594],[-57.052618,-25.6710422],[-57.0527765,-25.6708091],[-57.0528676,-25.6706481],[-57.0529318,-25.6705229],[-57.0530521,-25.6702304],[-57.0531922,-25.6698874],[-57.0532645,-25.6696716],[-57.0533288,-25.6694349],[-57.0533708,-25.6692686],[-57.0533801,-25.6691024],[-57.0533708,-25.6689445],[-57.0533264,-25.6685489],[-57.0532902,-25.6683005],[-57.0532622,-25.6679185],[-57.0532547,-25.6678118],[-57.0532511,-25.6677611]]}},{"type":"Feature","properties":{"intermittent":"yes","waterway":"ditch","audit_class":"ditch","audit_color":"#60a5fa","feature_id":"lqv-sw-0287"},"geometry":{"type":"LineString","coordinates":[[-57.0512142,-25.6796475],[-57.0513912,-25.6797683],[-57.0514972,-25.6798155],[-57.0517117,-25.6798916],[-57.0518888,-25.6799726],[-57.0519987,-25.6800355],[-57.0521194,-25.6800729],[-57.0522147,-25.6800971],[-57.0523273,-25.6801261],[-57.0524426,-25.680195],[-57.0524936,-25.6802591],[-57.05257,-25.680334],[-57.052672,-25.6804162],[-57.0527498,-25.680502],[-57.0527913,-25.6806011],[-57.0528342,-25.6806797],[-57.0528959,-25.6807594],[-57.0530368,-25.680896],[-57.0531612,-25.6810105],[-57.0534512,-25.6812477],[-57.053824,-25.6815523],[-57.0541083,-25.6818025],[-57.0544932,-25.6822074],[-57.0543269,-25.68235],[-57.0541753,-25.6824974],[-57.0540345,-25.6825893],[-57.0538012,-25.6826485],[-57.0535853,-25.6827198],[-57.0534243,-25.6827464],[-57.0532835,-25.6827948],[-57.0532102,-25.6828174],[-57.0531387,-25.6828395]]}},{"type":"Feature","properties":{"intermittent":"yes","waterway":"stream","audit_class":"stream","audit_color":"#3b82f6","feature_id":"lqv-sw-0288"},"geometry":{"type":"LineString","coordinates":[[-57.0457009,-25.6805997],[-57.0457036,-25.6806794],[-57.0456982,-25.6807495],[-57.0457518,-25.680839],[-57.0458001,-25.6809163],[-57.045843,-25.6810058],[-57.0459047,-25.6810686],[-57.0460093,-25.6811121],[-57.0461917,-25.6812499],[-57.0463446,-25.6813587],[-57.0464653,-25.6813974],[-57.0465538,-25.6814554],[-57.0468381,-25.6816391],[-57.0469293,-25.681714],[-57.0470232,-25.6818107],[-57.0471171,-25.6819219],[-57.047219,-25.6820597],[-57.047278,-25.682183],[-57.0473397,-25.6822579],[-57.0474497,-25.6823715],[-57.0476052,-25.6824561],[-57.0476911,-25.6825407],[-57.0477903,-25.6825794],[-57.0479191,-25.6825987],[-57.0479995,-25.6826568],[-57.0480505,-25.6827075],[-57.0481175,-25.6827607],[-57.0482141,-25.6828042],[-57.0483026,-25.6828139],[-57.0483777,-25.6828284],[-57.0484287,-25.6828574],[-57.0484555,-25.6828888],[-57.0484984,-25.6829033],[-57.0485467,-25.6828985],[-57.0486111,-25.6828912],[-57.0486647,-25.6828961],[-57.048705,-25.6829251],[-57.0487398,-25.6829613],[-57.0487452,-25.6830024],[-57.0487479,-25.6830556],[-57.0487666,-25.6831064],[-57.0488149,-25.6831765],[-57.048882,-25.6832732],[-57.048941,-25.6833578],[-57.0490161,-25.6834424],[-57.049118,-25.6835439],[-57.0491851,-25.6835874],[-57.0492652,-25.6836149],[-57.0494104,-25.6836261],[-57.0495284,-25.6835922],[-57.0496759,-25.6835656],[-57.0498529,-25.6835584],[-57.0499415,-25.6835681],[-57.0500622,-25.6835656],[-57.0501399,-25.6835439],[-57.0502231,-25.6835318],[-57.0503009,-25.6835439],[-57.0503652,-25.6835826],[-57.0504028,-25.6836309],[-57.0504833,-25.6836768],[-57.0505879,-25.6836913],[-57.0506978,-25.6836696],[-57.0507917,-25.6836406],[-57.0508963,-25.6836091],[-57.0510814,-25.6835729]]}},{"type":"Feature","properties":{"intermittent":"yes","waterway":"ditch","audit_class":"ditch","audit_color":"#60a5fa","feature_id":"lqv-sw-0289"},"geometry":{"type":"LineString","coordinates":[[-57.0556237,-25.6773416],[-57.0557256,-25.6774093],[-57.0558731,-25.6774818],[-57.0559992,-25.6775833],[-57.0560797,-25.6776728],[-57.0561655,-25.6777719],[-57.056312,-25.677884],[-57.0563694,-25.6779142],[-57.0564525,-25.677958],[-57.0565437,-25.6780281],[-57.0566724,-25.6780692],[-57.0568736,-25.6780861],[-57.0570533,-25.6781345],[-57.0571579,-25.6781587],[-57.0573028,-25.6782263],[-57.0575495,-25.6783351],[-57.0576434,-25.6784028],[-57.0577453,-25.6784463],[-57.0578875,-25.6784439],[-57.0580538,-25.6784342],[-57.0581664,-25.6784439],[-57.0582791,-25.6784681],[-57.0583166,-25.6785092],[-57.0583166,-25.678572],[-57.0583354,-25.6786421],[-57.0583864,-25.6786929],[-57.0584642,-25.6787388],[-57.0585419,-25.6787533],[-57.058668,-25.6787654],[-57.0587404,-25.6787654],[-57.0588665,-25.6787962],[-57.0590677,-25.6788186],[-57.0592366,-25.6787847],[-57.0593109,-25.6787562],[-57.0594539,-25.6786808],[-57.0595505,-25.6786252],[-57.0595961,-25.6785793],[-57.0596577,-25.6785503],[-57.059883,-25.6784681],[-57.0599984,-25.6784512],[-57.0600949,-25.6784463],[-57.060221,-25.6784608],[-57.0604007,-25.6785188],[-57.0605214,-25.6785841]]}},{"type":"Feature","properties":{"intermittent":"yes","waterway":"ditch","audit_class":"ditch","audit_color":"#60a5fa","feature_id":"lqv-sw-0290"},"geometry":{"type":"LineString","coordinates":[[-57.0601493,-25.6774918],[-57.0601981,-25.6776713],[-57.060251,-25.6778362],[-57.0602794,-25.6779607],[-57.0603119,-25.6781073],[-57.0603526,-25.6782099],[-57.0604054,-25.6783565],[-57.0604624,-25.6784737],[-57.0605214,-25.6785841],[-57.0606412,-25.6786496],[-57.0607917,-25.6787412],[-57.0609218,-25.6788108],[-57.0610397,-25.6788987],[-57.0611494,-25.679005],[-57.0612511,-25.6790783],[-57.061336,-25.6790978],[-57.0614148,-25.6791188],[-57.0615759,-25.6791798],[-57.0617533,-25.6792535],[-57.0618281,-25.6793061],[-57.0619191,-25.6793966],[-57.0619542,-25.679445],[-57.0619939,-25.6795439],[-57.0620802,-25.6796301],[-57.0621783,-25.6796975],[-57.0622951,-25.6797396],[-57.0624468,-25.679769],[-57.0625519,-25.6798027],[-57.062664,-25.6798658],[-57.0628699,-25.6799653],[-57.0629043,-25.6799889],[-57.0629214,-25.6800007]]}},{"type":"Feature","properties":{"intermittent":"yes","waterway":"ditch","audit_class":"ditch","audit_color":"#60a5fa","feature_id":"lqv-sw-0291"},"geometry":{"type":"LineString","coordinates":[[-57.0622685,-25.6675951],[-57.0621471,-25.6677214],[-57.0620677,-25.6678014],[-57.0619859,-25.6678498],[-57.0618342,-25.6679045],[-57.0616987,-25.6679361],[-57.0616334,-25.6679697],[-57.0616044,-25.6679865],[-57.0615893,-25.6680138]]}},{"type":"Feature","properties":{"intermittent":"yes","waterway":"stream","width":"1","audit_class":"stream","audit_color":"#3b82f6","feature_id":"lqv-sw-0292"},"geometry":{"type":"LineString","coordinates":[[-57.0629214,-25.6800007],[-57.0629725,-25.6800472],[-57.0630557,-25.6800902],[-57.0631543,-25.6801458],[-57.0632421,-25.680186],[-57.0633145,-25.6802166],[-57.0633977,-25.680218],[-57.0634516,-25.6801888],[-57.0634593,-25.6801402],[-57.063447,-25.6801041],[-57.0634609,-25.6800791],[-57.0634963,-25.6800611],[-57.0635795,-25.6800569],[-57.0636273,-25.68005],[-57.0637012,-25.6800236],[-57.0638537,-25.67995],[-57.0640434,-25.6798681],[-57.0640877,-25.6798434],[-57.0641279,-25.6798209]]}},{"type":"Feature","properties":{"intermittent":"yes","waterway":"ditch","audit_class":"ditch","audit_color":"#60a5fa","feature_id":"lqv-sw-0293"},"geometry":{"type":"LineString","coordinates":[[-57.0738047,-25.6721719],[-57.0739328,-25.6735789],[-57.0740019,-25.6743008],[-57.0740385,-25.6748046],[-57.0740527,-25.6753487],[-57.0740507,-25.6755905],[-57.0740283,-25.6761566],[-57.0740344,-25.6763856],[-57.0740446,-25.6765487],[-57.0741117,-25.6767593],[-57.0741482,-25.6769609],[-57.0743231,-25.6774885],[-57.0745162,-25.678082],[-57.0745995,-25.6783532],[-57.074691,-25.6786903],[-57.0747987,-25.6792032],[-57.0748475,-25.6793846],[-57.0748841,-25.6795018],[-57.0751097,-25.6799305],[-57.0753984,-25.6804032],[-57.0756748,-25.6806889],[-57.0758029,-25.6808556],[-57.0759777,-25.6810938],[-57.0761546,-25.68144],[-57.0762704,-25.6816434],[-57.0764432,-25.6818852],[-57.0765143,-25.6821343],[-57.0765611,-25.6826363],[-57.0765733,-25.6829697],[-57.0765631,-25.6833471],[-57.0765408,-25.6835449],[-57.0765428,-25.6836457],[-57.076555,-25.6837574],[-57.0766221,-25.6841494],[-57.0767278,-25.6848492],[-57.0767603,-25.6849665],[-57.0768721,-25.6851716],[-57.0770551,-25.6853603],[-57.077175,-25.6854336],[-57.0772969,-25.6854812],[-57.0775327,-25.6856443],[-57.0777706,-25.6858641],[-57.0779515,-25.6860088],[-57.0781324,-25.6861004],[-57.0784272,-25.6862158],[-57.0785532,-25.6862854],[-57.0786548,-25.6863495],[-57.0787321,-25.6864136],[-57.0788093,-25.6865803],[-57.0788317,-25.6866518],[-57.0788804,-25.6867305],[-57.0790573,-25.6868771],[-57.079165,-25.6869559],[-57.0792748,-25.68702],[-57.0795126,-25.6870548],[-57.0797098,-25.6870548],[-57.0799415,-25.6870841],[-57.080031,-25.6870969],[-57.0800905,-25.6871244],[-57.0801855,-25.6871684],[-57.0802277,-25.6871758],[-57.0802586,-25.6871812]]}},{"type":"Feature","properties":{"intermittent":"yes","waterway":"ditch","audit_class":"ditch","audit_color":"#60a5fa","feature_id":"lqv-sw-0294"},"geometry":{"type":"LineString","coordinates":[[-57.0710638,-25.6760703],[-57.0714232,-25.6758672],[-57.0718658,-25.6756098],[-57.0722105,-25.6754007],[-57.072472,-25.6752822],[-57.0729735,-25.6750381],[-57.0730996,-25.6749643],[-57.0733316,-25.6748012],[-57.0735931,-25.6745691],[-57.0738305,-25.674389],[-57.0739324,-25.6743261],[-57.0740019,-25.6743008]]}},{"type":"Feature","properties":{"intermittent":"no","waterway":"ditch","audit_class":"ditch","audit_color":"#60a5fa","feature_id":"lqv-sw-0295"},"geometry":{"type":"LineString","coordinates":[[-57.0740396,-25.6903962],[-57.074063,-25.6903752],[-57.0740893,-25.6903373],[-57.074116,-25.6903083],[-57.0741355,-25.6902493],[-57.0741762,-25.6901871],[-57.0742293,-25.6901249],[-57.0742824,-25.6900723],[-57.0743089,-25.6900164],[-57.0743372,-25.6899622],[-57.0743921,-25.6898968],[-57.074424,-25.6898267],[-57.074447,-25.6897422],[-57.0744717,-25.6896098],[-57.074493,-25.6894822],[-57.0745124,-25.6894216],[-57.0745531,-25.6893499],[-57.0746186,-25.6892909],[-57.0746912,-25.6892542],[-57.0755003,-25.6886833],[-57.0755707,-25.6886336]]}},{"type":"Feature","properties":{"intermittent":"yes","waterway":"stream","audit_class":"stream","audit_color":"#3b82f6","feature_id":"lqv-sw-0296"},"geometry":{"type":"LineString","coordinates":[[-57.0693878,-25.6881288],[-57.0695112,-25.6880878],[-57.0696399,-25.6880781],[-57.0697311,-25.688066],[-57.0697901,-25.6880418],[-57.0698223,-25.6879959],[-57.0698491,-25.6879379],[-57.0698947,-25.6879065],[-57.0699323,-25.6878654],[-57.0699645,-25.6878364],[-57.0700074,-25.6878074],[-57.0700637,-25.6877687],[-57.0700879,-25.6877276],[-57.0700986,-25.6876696],[-57.0700986,-25.6876188],[-57.0700959,-25.6875391],[-57.0700932,-25.6874714],[-57.0701147,-25.6874206],[-57.0701442,-25.6873892],[-57.0701871,-25.6873747],[-57.070222,-25.6873747],[-57.0702649,-25.6873602],[-57.0702971,-25.6873264],[-57.0703319,-25.6872901],[-57.0703829,-25.6872732],[-57.0704178,-25.6872563],[-57.0704473,-25.6872321],[-57.0704553,-25.6871862],[-57.0704553,-25.6871354],[-57.0704607,-25.6870774],[-57.0704821,-25.6870266],[-57.0705197,-25.6869855],[-57.0705613,-25.6869517],[-57.070609,-25.6868823],[-57.0706321,-25.6868448],[-57.0706768,-25.6868018],[-57.070701,-25.6867846]]}},{"type":"Feature","properties":{"intermittent":"yes","waterway":"ditch","audit_class":"ditch","audit_color":"#60a5fa","feature_id":"lqv-sw-0297"},"geometry":{"type":"LineString","coordinates":[[-57.070701,-25.6867846],[-57.0707395,-25.6867409],[-57.0707492,-25.6866852],[-57.0707307,-25.6865672],[-57.0707076,-25.6864894],[-57.0707045,-25.6863672],[-57.0707431,-25.6862603],[-57.0708047,-25.6861784],[-57.0709233,-25.6860937],[-57.0710373,-25.6860354],[-57.0710647,-25.686029]]}},{"type":"Feature","properties":{"intermittent":"yes","waterway":"ditch","audit_class":"ditch","audit_color":"#60a5fa","feature_id":"lqv-sw-0298"},"geometry":{"type":"LineString","coordinates":[[-57.0701754,-25.6860446],[-57.0702699,-25.6860491],[-57.070336,-25.6860555],[-57.0704244,-25.6860913],[-57.0704925,-25.6861362],[-57.070588,-25.6861636],[-57.0706653,-25.6861691],[-57.0707293,-25.6861563],[-57.0708139,-25.6861437],[-57.0709233,-25.6860937]]}},{"type":"Feature","properties":{"waterway":"stream","width":"1","audit_class":"stream","audit_color":"#3b82f6","feature_id":"lqv-sw-0299"},"geometry":{"type":"LineString","coordinates":[[-57.0685689,-25.6897937],[-57.0685713,-25.6896275],[-57.068611,-25.6894339],[-57.0687114,-25.689255],[-57.0688585,-25.6891667],[-57.0690219,-25.689114],[-57.0692344,-25.6891077],[-57.0694679,-25.6891751],[-57.0695753,-25.6892235],[-57.0696617,-25.6893203],[-57.0697248,-25.6894823],[-57.0697645,-25.6896317],[-57.0697434,-25.6897958],[-57.0697341,-25.689941],[-57.0697878,-25.6901283],[-57.0699209,-25.6902819],[-57.070089,-25.6904607],[-57.0703622,-25.6906122],[-57.0704463,-25.6906733],[-57.070598,-25.6907722],[-57.0708245,-25.6907911],[-57.0710207,-25.6908184],[-57.0710907,-25.6908248],[-57.0712518,-25.6909026],[-57.0713826,-25.6909826],[-57.0716044,-25.6910604],[-57.0717982,-25.6911109],[-57.071936,-25.6911509],[-57.0721041,-25.6911698],[-57.0722629,-25.6911509],[-57.0724614,-25.6910625],[-57.0725571,-25.6909952],[-57.0727066,-25.6909742],[-57.0727929,-25.6909657],[-57.0729517,-25.6909868],[-57.0730591,-25.6910015],[-57.0731806,-25.6909847],[-57.073337,-25.6909426],[-57.0734514,-25.6909047],[-57.0735612,-25.6908458],[-57.0737106,-25.6907322],[-57.0738017,-25.6906417],[-57.0739161,-25.6905533],[-57.0740025,-25.6904271],[-57.0740396,-25.6903962]]}},{"type":"Feature","properties":{"waterway":"stream","width":"1","audit_class":"stream","audit_color":"#3b82f6","feature_id":"lqv-sw-0300"},"geometry":{"type":"LineString","coordinates":[[-57.0650609,-25.6930551],[-57.065069,-25.6929729],[-57.0650556,-25.6929076],[-57.0650716,-25.6928037],[-57.0650716,-25.6927312],[-57.0650716,-25.6926683],[-57.0650985,-25.6925692],[-57.065136,-25.6924895],[-57.0651548,-25.6924291],[-57.0651575,-25.6923735],[-57.0651441,-25.6923203],[-57.0650985,-25.6922623],[-57.0650904,-25.6922115],[-57.0650904,-25.6921293],[-57.0650743,-25.6920641],[-57.0650582,-25.691994],[-57.0650609,-25.691936],[-57.0651226,-25.6918055],[-57.0651575,-25.6917064],[-57.0651628,-25.6916194],[-57.0651468,-25.6915613],[-57.0651092,-25.6915178],[-57.0650609,-25.6914937],[-57.0650314,-25.6914526],[-57.0650126,-25.6913946],[-57.0650073,-25.6913076],[-57.0650046,-25.6912423],[-57.0649697,-25.691206],[-57.0649295,-25.6911867],[-57.0649054,-25.6911577],[-57.0648973,-25.6911166]]}},{"type":"Feature","properties":{"waterway":"stream","width":"1","audit_class":"stream","audit_color":"#3b82f6","feature_id":"lqv-sw-0301"},"geometry":{"type":"LineString","coordinates":[[-57.0626496,-25.6910127],[-57.0627381,-25.6909619],[-57.0628266,-25.6908652],[-57.0628669,-25.6907976],[-57.0629312,-25.6906912],[-57.0629876,-25.6906235],[-57.0630198,-25.690551],[-57.0630841,-25.6904978],[-57.0631592,-25.6904785],[-57.0632558,-25.6905003],[-57.0633363,-25.6905583],[-57.0634006,-25.6906259],[-57.0634731,-25.6906985],[-57.0635535,-25.6907613],[-57.0636098,-25.6907758],[-57.0636957,-25.6907782],[-57.0638083,-25.6907565],[-57.0639103,-25.6907202],[-57.0639854,-25.6906598],[-57.0640497,-25.6906066],[-57.0641409,-25.6905728],[-57.0642241,-25.6905583],[-57.0643233,-25.6905873],[-57.0643743,-25.6906284],[-57.0644413,-25.690725],[-57.0644842,-25.6908169],[-57.0645272,-25.6908846],[-57.0645969,-25.6909958],[-57.0646479,-25.6910949],[-57.0647149,-25.6911553],[-57.0648142,-25.6911698],[-57.0648973,-25.6911166],[-57.06501,-25.6910441],[-57.0650797,-25.6910296],[-57.0651253,-25.6909909],[-57.065128,-25.6909232],[-57.0651628,-25.6908676],[-57.0652004,-25.6908338],[-57.065246,-25.6908217],[-57.0652916,-25.6907927],[-57.0652996,-25.6907444],[-57.0653372,-25.6907154],[-57.0654445,-25.6906912],[-57.0655813,-25.6907105],[-57.0656617,-25.6907347],[-57.0657288,-25.6907347],[-57.0657851,-25.6906936],[-57.0658414,-25.6906549],[-57.0659219,-25.6906646],[-57.0659756,-25.690684],[-57.0660131,-25.6906767],[-57.0660775,-25.6906404],[-57.0661311,-25.6905873],[-57.0661848,-25.6905703],[-57.0662491,-25.6905921],[-57.0663242,-25.6906622],[-57.0663698,-25.6907057],[-57.0663672,-25.6907468],[-57.0663591,-25.6908217],[-57.0663672,-25.6908749],[-57.0664235,-25.6909329],[-57.0664637,-25.6909692],[-57.0664959,-25.6909426],[-57.0665469,-25.6909232],[-57.06663,-25.6909329],[-57.0666783,-25.6909788],[-57.0667158,-25.6910513],[-57.066748,-25.6911214],[-57.0668446,-25.6911819],[-57.0669197,-25.6912254],[-57.0670216,-25.6912592],[-57.0671182,-25.6912616],[-57.0672147,-25.691235],[-57.0673328,-25.6911577],[-57.0674159,-25.6911094],[-57.067499,-25.6910949],[-57.0676171,-25.6911021],[-57.0677029,-25.6911263],[-57.067829,-25.6911529],[-57.067888,-25.6911722],[-57.0679604,-25.6911674],[-57.0680355,-25.6911456],[-57.0681267,-25.6911553],[-57.0681884,-25.6911746],[-57.0682554,-25.6912205],[-57.0683198,-25.6913003],[-57.0683574,-25.6913921],[-57.0684056,-25.6914477],[-57.0684566,-25.6915057],[-57.0685102,-25.6915517],[-57.0685827,-25.6916218],[-57.0686336,-25.6916556],[-57.0686926,-25.6916967],[-57.0687436,-25.6917064],[-57.068816,-25.6917064],[-57.0688965,-25.6916725],[-57.0689555,-25.6916],[-57.0690306,-25.6915033],[-57.0690681,-25.6914429],[-57.0690708,-25.6913704],[-57.0690547,-25.6913293],[-57.069052,-25.6912761],[-57.0690735,-25.6912326],[-57.0691406,-25.691194],[-57.0692237,-25.6911625],[-57.0692827,-25.691148],[-57.0693256,-25.6911553],[-57.0693712,-25.691177],[-57.0694383,-25.6911794],[-57.0695402,-25.6911794],[-57.0696126,-25.691177],[-57.0696475,-25.6911915],[-57.0697146,-25.6912157],[-57.0697897,-25.6912133],[-57.069846,-25.6912109],[-57.0698916,-25.6912278],[-57.0699479,-25.691235],[-57.0700015,-25.6912375],[-57.0700552,-25.691235],[-57.0701088,-25.6912205],[-57.0701598,-25.6911867],[-57.0702725,-25.6911142],[-57.0704012,-25.6909861],[-57.070598,-25.6907722]]}},{"type":"Feature","properties":{"waterway":"stream","width":"1","audit_class":"stream","audit_color":"#3b82f6","feature_id":"lqv-sw-0302"},"geometry":{"type":"LineString","coordinates":[[-57.0606608,-25.6907205],[-57.0607734,-25.6907592],[-57.0608968,-25.690764],[-57.0610094,-25.6907278],[-57.0611355,-25.6906673],[-57.061275,-25.6906069],[-57.0613849,-25.690561],[-57.061511,-25.6904933],[-57.0616424,-25.6904256],[-57.0617631,-25.6903966],[-57.0618973,-25.6904039],[-57.0620448,-25.6904256],[-57.0621467,-25.6904522],[-57.0622577,-25.6904248]]}},{"type":"Feature","properties":{"waterway":"stream","width":"1","audit_class":"stream","audit_color":"#3b82f6","feature_id":"lqv-sw-0303"},"geometry":{"type":"LineString","coordinates":[[-57.0703001,-25.6957744],[-57.0703235,-25.6957364],[-57.0703611,-25.6957062],[-57.0703987,-25.6956604],[-57.0704334,-25.6955897],[-57.0704688,-25.6955231],[-57.0705013,-25.695453],[-57.0705089,-25.6954079],[-57.0704673,-25.695351],[-57.0703933,-25.695301],[-57.0703332,-25.695251],[-57.0703163,-25.6952038],[-57.0703348,-25.6951108],[-57.0703194,-25.6949069],[-57.0702855,-25.6947153],[-57.0702978,-25.694496],[-57.0703009,-25.6942544],[-57.0703933,-25.6940629],[-57.0706121,-25.6937713],[-57.0708308,-25.6935825],[-57.0709048,-25.6934048],[-57.0710157,-25.6930078],[-57.0711297,-25.6927385],[-57.0712622,-25.6925136],[-57.0715888,-25.6921888],[-57.0719827,-25.691773],[-57.0722724,-25.6914636],[-57.0724614,-25.6910625]]}},{"type":"Feature","properties":{"waterway":"stream","audit_class":"stream","audit_color":"#3b82f6","feature_id":"lqv-sw-0304"},"geometry":{"type":"LineString","coordinates":[[-57.0802586,-25.6871812],[-57.0803467,-25.6871938],[-57.080454,-25.6872215],[-57.0806525,-25.6873014],[-57.0808323,-25.6874172],[-57.0809957,-25.6875245]]}},{"type":"Feature","properties":{"name":"Arroyo Tairy","waterway":"stream","audit_class":"stream","audit_color":"#3b82f6","feature_id":"lqv-sw-0307"},"geometry":{"type":"LineString","coordinates":[[-57.1224985,-25.5381592],[-57.1226584,-25.538828],[-57.1231381,-25.5393395],[-57.1234578,-25.5398772],[-57.1235886,-25.5404411],[-57.1238357,-25.5411099],[-57.1239872,-25.5413896],[-57.1241555,-25.5417001],[-57.1241051,-25.5418867],[-57.1241778,-25.5421289],[-57.1241778,-25.5423863],[-57.1240548,-25.5431027],[-57.1240213,-25.5433096],[-57.1238871,-25.5435518],[-57.1238759,-25.5437536],[-57.1239877,-25.5438949],[-57.1242282,-25.5439302],[-57.1245357,-25.543905],[-57.1248881,-25.5439302],[-57.1251173,-25.544016],[-57.1254249,-25.5443036],[-57.1259003,-25.5448435],[-57.1261456,-25.5452937],[-57.1261369,-25.5462044],[-57.1264045,-25.5467523],[-57.1265214,-25.5472262],[-57.1267812,-25.5475059],[-57.1268879,-25.5478122]]}},{"type":"Feature","properties":{"waterway":"stream","audit_class":"stream","audit_color":"#3b82f6","feature_id":"lqv-sw-0308"},"geometry":{"type":"LineString","coordinates":[[-57.1194753,-25.5406903],[-57.1200131,-25.5405722],[-57.1208125,-25.5406509],[-57.1218009,-25.5409657],[-57.1225276,-25.5412804],[-57.12292,-25.5412804],[-57.123516,-25.5413722],[-57.1239872,-25.5413896]]}},{"type":"Feature","properties":{"waterway":"stream","audit_class":"stream","audit_color":"#3b82f6","feature_id":"lqv-sw-0309"},"geometry":{"type":"LineString","coordinates":[[-57.1064467,-25.6149274],[-57.1066134,-25.6152114],[-57.1066991,-25.6155309],[-57.1069677,-25.6157481]]}},{"type":"Feature","properties":{"waterway":"stream","audit_class":"stream","audit_color":"#3b82f6","feature_id":"lqv-sw-0310"},"geometry":{"type":"LineString","coordinates":[[-57.089753,-25.6200944],[-57.0895684,-25.6201462],[-57.0895107,-25.6202087],[-57.0895107,-25.6203388],[-57.0895511,-25.6204898],[-57.0896781,-25.620875],[-57.0898253,-25.6211535]]}},{"type":"Feature","properties":{"waterway":"stream","audit_class":"stream","audit_color":"#3b82f6","feature_id":"lqv-sw-0311"},"geometry":{"type":"LineString","coordinates":[[-57.1147806,-25.5934545],[-57.1148604,-25.5933965],[-57.1149581,-25.5933211],[-57.1152695,-25.5931285],[-57.1153467,-25.5929986],[-57.1153981,-25.5928118],[-57.1154715,-25.5925484],[-57.1155203,-25.592162],[-57.1155428,-25.5920603]]}},{"type":"Feature","properties":{"waterway":"stream","audit_class":"stream","audit_color":"#3b82f6","feature_id":"lqv-sw-0312"},"geometry":{"type":"LineString","coordinates":[[-57.1093726,-25.5896669],[-57.1104845,-25.5894949],[-57.111924,-25.5890308],[-57.113752,-25.5885764],[-57.114245,-25.5883427],[-57.1147164,-25.5881804],[-57.1155261,-25.588109],[-57.1159903,-25.587976],[-57.1164114,-25.587937],[-57.1167784,-25.5879857],[-57.1175017,-25.5882973],[-57.1178328,-25.5883979],[-57.1181351,-25.5884466],[-57.1182987,-25.5885405]]}},{"type":"Feature","properties":{"waterway":"stream","audit_class":"stream","audit_color":"#3b82f6","feature_id":"lqv-sw-0313"},"geometry":{"type":"LineString","coordinates":[[-57.1190969,-25.5895969],[-57.1192888,-25.5893474],[-57.1193361,-25.5891766],[-57.1193436,-25.5890665],[-57.1194059,-25.5889766],[-57.1195231,-25.588844],[-57.1197972,-25.5886484],[-57.1198969,-25.5886372],[-57.1201935,-25.5886484],[-57.1204402,-25.5886956],[-57.1206321,-25.5886754],[-57.1207991,-25.5885855],[-57.1209262,-25.5884146],[-57.1210607,-25.5883494],[-57.1213872,-25.588318],[-57.1215766,-25.5882191],[-57.1217037,-25.588114]]}},{"type":"Feature","properties":{"waterway":"stream","audit_class":"stream","audit_color":"#3b82f6","feature_id":"lqv-sw-0314"},"geometry":{"type":"LineString","coordinates":[[-57.1277774,-25.5921722],[-57.1279464,-25.59207],[-57.128173,-25.5919895],[-57.1288622,-25.5919895],[-57.1294325,-25.5920532],[-57.129739,-25.5920649],[-57.1298709,-25.5920549],[-57.1299805,-25.5920214],[-57.129997,-25.59201225128519]]}},{"type":"Feature","properties":{"name":"Arroyo Mbaiovi","waterway":"stream","audit_class":"stream","audit_color":"#3b82f6","feature_id":"lqv-sw-0315"},"geometry":{"type":"LineString","coordinates":[[-57.1066049,-25.5707426],[-57.1068195,-25.570598],[-57.1069927,-25.5705527],[-57.1071246,-25.570539],[-57.1073558,-25.5705073],[-57.1075459,-25.5704845],[-57.1077026,-25.5703941],[-57.1079253,-25.570254],[-57.1080571,-25.570132],[-57.1081068,-25.5700281],[-57.1081287,-25.5699245],[-57.1081785,-25.5698383],[-57.1082704,-25.5697693],[-57.1083463,-25.5697285],[-57.108432,-25.5697152],[-57.1086359,-25.5696908],[-57.1092265,-25.5697878],[-57.1093259,-25.5698274],[-57.1093961,-25.5698554],[-57.1094969,-25.5698848],[-57.1096348,-25.5698991],[-57.1097264,-25.5699117],[-57.110314,-25.5695262],[-57.1108267,-25.5693812],[-57.1110527,-25.569342],[-57.1113047,-25.5692009],[-57.1116089,-25.5689147],[-57.1119609,-25.5685737],[-57.1120608,-25.5683581],[-57.1121521,-25.5682052],[-57.1122433,-25.5680876],[-57.1124389,-25.5679073],[-57.1126996,-25.5678054],[-57.1128865,-25.567676],[-57.1131472,-25.5675976],[-57.1138946,-25.567578],[-57.1142162,-25.5675388],[-57.1145004,-25.5674881],[-57.1149853,-25.5674016],[-57.1151591,-25.5672841],[-57.1154068,-25.5671861],[-57.1155937,-25.5671351],[-57.115824,-25.5670724],[-57.1160325,-25.5668999],[-57.1165931,-25.5660493],[-57.1167365,-25.5658729],[-57.1170146,-25.5656534],[-57.1171537,-25.5654966],[-57.1174461,-25.565307]]}},{"type":"Feature","properties":{"waterway":"stream","audit_class":"stream","audit_color":"#3b82f6","feature_id":"lqv-sw-0316"},"geometry":{"type":"LineString","coordinates":[[-57.1140119,-25.570439],[-57.1142946,-25.5701047],[-57.1144506,-25.5696825],[-57.1145286,-25.5694802],[-57.1145481,-25.5689173],[-57.1143239,-25.5683544],[-57.1143434,-25.567809],[-57.1145004,-25.5674881]]}},{"type":"Feature","properties":{"waterway":"stream","audit_class":"stream","audit_color":"#3b82f6","feature_id":"lqv-sw-0317"},"geometry":{"type":"LineString","coordinates":[[-57.116079,-25.5707204],[-57.1169468,-25.5697089],[-57.1171321,-25.5693659],[-57.1173661,-25.5688645],[-57.1175611,-25.5684775],[-57.1175513,-25.5681697],[-57.1178244,-25.5676331],[-57.1185167,-25.5669646],[-57.1195405,-25.5663225],[-57.1202328,-25.5660059],[-57.1207301,-25.5658475],[-57.1212265,-25.5655929]]}},{"type":"Feature","properties":{"waterway":"stream","audit_class":"stream","audit_color":"#3b82f6","feature_id":"lqv-sw-0318"},"geometry":{"type":"LineString","coordinates":[[-57.1085027,-25.5599541],[-57.1095168,-25.56013],[-57.1103846,-25.5605962],[-57.1120325,-25.5620564],[-57.112559,-25.5624083],[-57.113105,-25.5626546],[-57.1136449,-25.5628461],[-57.1138158,-25.563075],[-57.1140497,-25.563622],[-57.1145673,-25.5642044],[-57.1149064,-25.5643901],[-57.1151527,-25.5647507],[-57.1151608,-25.5649256],[-57.1154154,-25.5652635]]}},{"type":"Feature","properties":{"waterway":"stream","audit_class":"stream","audit_color":"#3b82f6","feature_id":"lqv-sw-0319"},"geometry":{"type":"LineString","coordinates":[[-57.1133146,-25.5605005],[-57.1140255,-25.5608],[-57.1148626,-25.5617071],[-57.1152648,-25.5619982],[-57.1154519,-25.5621712],[-57.1156062,-25.5623864],[-57.1156577,-25.5625931],[-57.1157393,-25.5627719],[-57.1167833,-25.5627052],[-57.1171288,-25.5627475],[-57.1173373,-25.5628697],[-57.1176436,-25.5634394],[-57.1182178,-25.5639915],[-57.1184374,-25.5642292],[-57.118618,-25.5651797]]}},{"type":"Feature","properties":{"waterway":"stream","audit_class":"stream","audit_color":"#3b82f6","feature_id":"lqv-sw-0320"},"geometry":{"type":"LineString","coordinates":[[-57.1069883,-25.5729287],[-57.107544,-25.5723108],[-57.1078993,-25.5720133],[-57.1081634,-25.5718457],[-57.108761,-25.5710634],[-57.1093003,-25.5703518],[-57.1093149,-25.5702417],[-57.109262,-25.5700971],[-57.1092584,-25.5699935],[-57.1092912,-25.5699114],[-57.1093259,-25.5698274]]}},{"type":"Feature","properties":{"waterway":"stream","audit_class":"stream","audit_color":"#3b82f6","feature_id":"lqv-sw-0323"},"geometry":{"type":"LineString","coordinates":[[-57.1273323,-25.5530957],[-57.1275928,-25.5535056],[-57.1277074,-25.5540923],[-57.1277575,-25.5547334],[-57.1280367,-25.5556735],[-57.128218,-25.5559762],[-57.1288766,-25.5567001],[-57.1294414,-25.5570216],[-57.1298707,-25.5571626],[-57.129997,-25.55715321378756]]}},{"type":"Feature","properties":{"waterway":"stream","audit_class":"stream","audit_color":"#3b82f6","feature_id":"lqv-sw-0324"},"geometry":{"type":"LineString","coordinates":[[-57.1123664,-25.5578142],[-57.1126222,-25.5578332],[-57.1132,-25.5580232],[-57.1135039,-25.5582078],[-57.1138921,-25.5586286],[-57.1142201,-25.5589218],[-57.1147468,-25.5590331],[-57.1152975,-25.5591173],[-57.1154539,-25.5592232],[-57.1155533,-25.5594811],[-57.1155653,-25.5595598],[-57.1156452,-25.5598225],[-57.1158798,-25.5599793],[-57.116204,-25.5602882],[-57.1164387,-25.5607116],[-57.1167907,-25.5609726],[-57.1173773,-25.5611843],[-57.1179639,-25.5614721],[-57.11866,-25.5614383],[-57.1199739,-25.5612549],[-57.1211002,-25.5613184],[-57.1217103,-25.5614948],[-57.1222813,-25.5615371],[-57.1230712,-25.5613678],[-57.1236004,-25.56112],[-57.1244869,-25.5607257],[-57.1257227,-25.5605352],[-57.126364,-25.560387],[-57.1270601,-25.5602953],[-57.1274903,-25.5601259],[-57.1279205,-25.5598437],[-57.1283907,-25.5593953],[-57.1285149,-25.5592722],[-57.1285791,-25.5591951],[-57.1287114,-25.5591061],[-57.1291397,-25.5589113],[-57.1294887,-25.5587247],[-57.1299691,-25.5586273],[-57.129997,-25.558617131955824]]}},{"type":"Feature","properties":{"waterway":"stream","audit_class":"stream","audit_color":"#3b82f6","feature_id":"lqv-sw-0325"},"geometry":{"type":"LineString","coordinates":[[-57.1121195,-25.5559404],[-57.1129634,-25.5562862],[-57.1135931,-25.5570881],[-57.1141581,-25.5577163],[-57.1149174,-25.5582876],[-57.1152975,-25.5591173]]}},{"type":"Feature","properties":{"waterway":"stream","audit_class":"stream","audit_color":"#3b82f6","feature_id":"lqv-sw-0326"},"geometry":{"type":"LineString","coordinates":[[-57.1244862,-25.5579249],[-57.1260259,-25.5588932],[-57.1262232,-25.5590485],[-57.1266077,-25.5596292],[-57.1270601,-25.5602953]]}},{"type":"Feature","properties":{"waterway":"tidal_channel","audit_class":"tidal_channel","audit_color":"#3b82f6","feature_id":"lqv-sw-0327"},"geometry":{"type":"LineString","coordinates":[[-57.0838214,-25.6899741],[-57.0837844,-25.6899117],[-57.0837644,-25.6898506],[-57.0838291,-25.6895854],[-57.0838722,-25.6894924],[-57.0838815,-25.6894272],[-57.0838984,-25.6892162]]}},{"type":"Feature","properties":{"waterway":"tidal_channel","audit_class":"tidal_channel","audit_color":"#3b82f6","feature_id":"lqv-sw-0328"},"geometry":{"type":"LineString","coordinates":[[-57.0838784,-25.6904461],[-57.083906,-25.6903369],[-57.0839169,-25.6902351],[-57.0839123,-25.6901268],[-57.0838738,-25.6900324]]}},{"type":"Feature","properties":{"layer":"-1","tunnel":"culvert","waterway":"tidal_channel","audit_class":"tidal_channel","audit_color":"#3b82f6","feature_id":"lqv-sw-0329"},"geometry":{"type":"LineString","coordinates":[[-57.0838738,-25.6900324],[-57.0838214,-25.6899741]]}},{"type":"Feature","properties":{"waterway":"tidal_channel","audit_class":"tidal_channel","audit_color":"#3b82f6","feature_id":"lqv-sw-0330"},"geometry":{"type":"LineString","coordinates":[[-57.0783336,-25.6944753],[-57.0784165,-25.6944168],[-57.0785345,-25.694279],[-57.0785935,-25.6942283],[-57.0787008,-25.6941534],[-57.0787866,-25.6940132],[-57.0787812,-25.6938851],[-57.0788161,-25.6937328],[-57.0789314,-25.693537],[-57.0783494,-25.6919104],[-57.0783682,-25.6917823],[-57.0784379,-25.6916542],[-57.0784996,-25.6914801],[-57.0785264,-25.6913279],[-57.0784781,-25.6911683],[-57.0783735,-25.6910088]]}},{"type":"Feature","properties":{"waterway":"tidal_channel","audit_class":"tidal_channel","audit_color":"#3b82f6","feature_id":"lqv-sw-0331"},"geometry":{"type":"LineString","coordinates":[[-57.0770834,-25.6953546],[-57.0772497,-25.6953353],[-57.0773141,-25.6952966],[-57.0773194,-25.6951951],[-57.0773489,-25.6951032],[-57.077424,-25.6950235],[-57.0774938,-25.6949679],[-57.0775692,-25.6948858],[-57.0777298,-25.6946996],[-57.0779793,-25.6946368],[-57.0781938,-25.6945739],[-57.0782539,-25.6945316]]}},{"type":"Feature","properties":{"layer":"-1","tunnel":"culvert","waterway":"tidal_channel","audit_class":"tidal_channel","audit_color":"#3b82f6","feature_id":"lqv-sw-0332"},"geometry":{"type":"LineString","coordinates":[[-57.0782539,-25.6945316],[-57.0783336,-25.6944753]]}},{"type":"Feature","properties":{"waterway":"ditch","audit_class":"ditch","audit_color":"#60a5fa","feature_id":"lqv-sw-0333"},"geometry":{"type":"LineString","coordinates":[[-57.0958965,-25.6901507],[-57.0963799,-25.6911586],[-57.096555,-25.6914385],[-57.0968866,-25.6917751],[-57.0978805,-25.692913],[-57.0989999,-25.6941945],[-57.1001416,-25.6955016],[-57.101183,-25.6969365],[-57.101664,-25.6978497],[-57.101748,-25.6979212],[-57.1018274,-25.6979402],[-57.1019325,-25.6979402],[-57.1020026,-25.697917],[-57.1021777,-25.6978034],[-57.1034199,-25.6964736]]}},{"type":"Feature","properties":{"waterway":"tidal_channel","audit_class":"tidal_channel","audit_color":"#3b82f6","feature_id":"lqv-sw-0334"},"geometry":{"type":"LineString","coordinates":[[-57.1034199,-25.6964736],[-57.1037775,-25.696177],[-57.1042163,-25.6958262],[-57.104641,-25.6956986],[-57.1051507,-25.6957114],[-57.1054763,-25.6956348],[-57.1058514,-25.6956221],[-57.1061416,-25.695807],[-57.1061983,-25.6960558],[-57.1063681,-25.6962535],[-57.1067433,-25.6963811],[-57.1070689,-25.6964066]]}},{"type":"Feature","properties":{"waterway":"ditch","audit_class":"ditch","audit_color":"#60a5fa","feature_id":"lqv-sw-0335"},"geometry":{"type":"LineString","coordinates":[[-57.081937,-25.6809447],[-57.0826526,-25.6802576],[-57.0827519,-25.6801619],[-57.0828523,-25.6800251],[-57.0829749,-25.6798536],[-57.0830075,-25.6797968],[-57.0830216,-25.6797389],[-57.0830134,-25.6796863],[-57.0829608,-25.6796126],[-57.0828266,-25.6795127],[-57.0827577,-25.6794643],[-57.082732,-25.6794348],[-57.0827052,-25.6793875],[-57.0826982,-25.679338],[-57.082704,-25.6792886],[-57.0827332,-25.679197],[-57.0827822,-25.6791034],[-57.0828581,-25.6789887],[-57.0829188,-25.6789129],[-57.0829702,-25.6788971],[-57.0830566,-25.678894],[-57.0831488,-25.6789056],[-57.0833625,-25.6789498],[-57.0859044,-25.6795087]]}},{"type":"Feature","properties":{"waterway":"ditch","audit_class":"ditch","audit_color":"#60a5fa","feature_id":"lqv-sw-0336"},"geometry":{"type":"LineString","coordinates":[[-57.0829188,-25.6789129],[-57.0834801,-25.6780965],[-57.0844801,-25.6783111],[-57.0852056,-25.6785072]]}},{"type":"Feature","properties":{"intermittent":"no","waterway":"ditch","audit_class":"ditch","audit_color":"#60a5fa","feature_id":"lqv-sw-0337"},"geometry":{"type":"LineString","coordinates":[[-57.1020836,-25.6884636],[-57.1020979,-25.6884271],[-57.1021056,-25.6883563],[-57.1021642,-25.6881286],[-57.1021903,-25.6879634],[-57.1022119,-25.6878246],[-57.1022212,-25.6877038],[-57.1022212,-25.6875928],[-57.1021996,-25.6874859],[-57.1021626,-25.6874109],[-57.1021179,-25.6873582],[-57.102101,-25.6872971],[-57.1021072,-25.6872554],[-57.1021457,-25.6871971],[-57.1022273,-25.6870777],[-57.1022705,-25.6870097],[-57.1022782,-25.6869306],[-57.1022566,-25.6867529],[-57.1020502,-25.684937],[-57.1018427,-25.6831211],[-57.1017389,-25.6822127],[-57.1016333,-25.6812879],[-57.101522,-25.6803141],[-57.1014129,-25.6793588],[-57.1013056,-25.6784196],[-57.1012121,-25.677601],[-57.101132,-25.6768998],[-57.1011181,-25.6767804],[-57.1010796,-25.6767137],[-57.1010118,-25.6766874],[-57.095238,-25.67536]]}},{"type":"Feature","properties":{"waterway":"ditch","audit_class":"ditch","audit_color":"#60a5fa","feature_id":"lqv-sw-0338"},"geometry":{"type":"LineString","coordinates":[[-57.101522,-25.6803141],[-57.0979257,-25.6795223],[-57.0975776,-25.6794556],[-57.0974512,-25.6794529],[-57.0974143,-25.679489],[-57.0972787,-25.679986],[-57.097137,-25.6804886],[-57.0970261,-25.6807885],[-57.0969614,-25.6808912],[-57.0969275,-25.6809689],[-57.0969151,-25.6810606],[-57.0969059,-25.6811522]]}},{"type":"Feature","properties":{"waterway":"ditch","audit_class":"ditch","audit_color":"#60a5fa","feature_id":"lqv-sw-0339"},"geometry":{"type":"LineString","coordinates":[[-57.0969059,-25.6811522],[-57.0969891,-25.6811828],[-57.0976684,-25.6811981],[-57.1016333,-25.6812879]]}},{"type":"Feature","properties":{"waterway":"ditch","audit_class":"ditch","audit_color":"#60a5fa","feature_id":"lqv-sw-0340"},"geometry":{"type":"LineString","coordinates":[[-57.1017389,-25.6822127],[-57.1005015,-25.6822018],[-57.0998884,-25.6822157],[-57.0975899,-25.6821713]]}},{"type":"Feature","properties":{"waterway":"ditch","audit_class":"ditch","audit_color":"#60a5fa","feature_id":"lqv-sw-0341"},"geometry":{"type":"LineString","coordinates":[[-57.1018427,-25.6831211],[-57.0996727,-25.6831931],[-57.0982862,-25.6832292],[-57.0982492,-25.6832097],[-57.098203,-25.6831209],[-57.0981568,-25.6828043],[-57.0981044,-25.6826488],[-57.0980336,-25.6825544],[-57.0979257,-25.6825461],[-57.0977439,-25.6825267],[-57.0976176,-25.6824711],[-57.0975776,-25.6823295],[-57.0975899,-25.6821713],[-57.0975406,-25.6820352],[-57.0975252,-25.6818658],[-57.0975468,-25.6817881],[-57.0975745,-25.6817409],[-57.0976885,-25.6817075],[-57.0977809,-25.6816826],[-57.0978241,-25.681627],[-57.0978487,-25.6815632],[-57.0978302,-25.6815021],[-57.0977797,-25.6814491],[-57.0977113,-25.6814152],[-57.0976751,-25.6813621],[-57.0976724,-25.6812823],[-57.0976684,-25.6811981]]}},{"type":"Feature","properties":{"waterway":"ditch","audit_class":"ditch","audit_color":"#60a5fa","feature_id":"lqv-sw-0342"},"geometry":{"type":"LineString","coordinates":[[-57.0864213,-25.6788788],[-57.0859044,-25.6795087],[-57.0853383,-25.6802743],[-57.0848216,-25.680984]]}},{"type":"Feature","properties":{"waterway":"ditch","audit_class":"ditch","audit_color":"#60a5fa","feature_id":"lqv-sw-0343"},"geometry":{"type":"LineString","coordinates":[[-57.0872672,-25.6779794],[-57.0867098,-25.6787481],[-57.0900366,-25.6795184],[-57.0927299,-25.6801467],[-57.0928857,-25.6801595],[-57.0929972,-25.6801324],[-57.093114,-25.6800558],[-57.0932431,-25.679941],[-57.0933334,-25.6798947],[-57.0934307,-25.6798708],[-57.0935351,-25.6798549],[-57.0936466,-25.6798628],[-57.0937439,-25.6798915],[-57.0938501,-25.6799187]]}},{"type":"Feature","properties":{"waterway":"ditch","audit_class":"ditch","audit_color":"#60a5fa","feature_id":"lqv-sw-0344"},"geometry":{"type":"LineString","coordinates":[[-57.0864691,-25.6787927],[-57.0852056,-25.6785072],[-57.0851773,-25.6783797],[-57.0838519,-25.6780623],[-57.0837315,-25.6778215],[-57.0837298,-25.6777832],[-57.0837475,-25.6777465],[-57.0841102,-25.677233],[-57.0852959,-25.67752],[-57.0872672,-25.6779794],[-57.0881591,-25.6781771],[-57.0902631,-25.678654]]}},{"type":"Feature","properties":{"waterway":"ditch","audit_class":"ditch","audit_color":"#60a5fa","feature_id":"lqv-sw-0345"},"geometry":{"type":"LineString","coordinates":[[-57.0841102,-25.677233],[-57.0846793,-25.6764481],[-57.0855514,-25.6766002],[-57.0863096,-25.6767706],[-57.0876105,-25.6770637],[-57.0910194,-25.6778588],[-57.094841,-25.678718]]}},{"type":"Feature","properties":{"waterway":"ditch","audit_class":"ditch","audit_color":"#60a5fa","feature_id":"lqv-sw-0346"},"geometry":{"type":"LineString","coordinates":[[-57.0846793,-25.6764481],[-57.0851835,-25.675763],[-57.0853379,-25.6758161],[-57.0875374,-25.6763327],[-57.0913487,-25.6772047],[-57.0951317,-25.6780768]]}},{"type":"Feature","properties":{"waterway":"ditch","audit_class":"ditch","audit_color":"#60a5fa","feature_id":"lqv-sw-0347"},"geometry":{"type":"LineString","coordinates":[[-57.1014129,-25.6793588],[-57.1011736,-25.6793227],[-57.0977995,-25.6785378],[-57.0977154,-25.6784852],[-57.0976594,-25.6784683],[-57.0975566,-25.6784662],[-57.0970383,-25.6783568],[-57.0955625,-25.6780117]]}},{"type":"Feature","properties":{"waterway":"ditch","audit_class":"ditch","audit_color":"#60a5fa","feature_id":"lqv-sw-0348"},"geometry":{"type":"LineString","coordinates":[[-57.1013056,-25.6784196],[-57.0973652,-25.6775361],[-57.0955229,-25.6771278]]}},{"type":"Feature","properties":{"waterway":"ditch","audit_class":"ditch","audit_color":"#60a5fa","feature_id":"lqv-sw-0349"},"geometry":{"type":"LineString","coordinates":[[-57.1012121,-25.677601],[-57.1008513,-25.6775466],[-57.0956349,-25.6763155]]}},{"type":"Feature","properties":{"intermittent":"yes","waterway":"stream","audit_class":"stream","audit_color":"#3b82f6","feature_id":"lqv-sw-0350"},"geometry":{"type":"LineString","coordinates":[[-57.0813145,-25.6659761],[-57.0813145,-25.666119],[-57.0812982,-25.6662253],[-57.0812819,-25.6663169],[-57.0812372,-25.6664085],[-57.0812047,-25.6665074],[-57.0811396,-25.6665881],[-57.0810746,-25.666676],[-57.0810177,-25.6668006],[-57.0809567,-25.6670974],[-57.0809404,-25.6672037],[-57.0808876,-25.6672953],[-57.0808266,-25.6673869],[-57.0808063,-25.6674602],[-57.0808144,-25.6675738],[-57.0808225,-25.6677496],[-57.0807616,-25.6679842],[-57.0805501,-25.6683359],[-57.080355,-25.6687756],[-57.0802859,-25.6690248],[-57.0803672,-25.6693546],[-57.0803306,-25.6694499],[-57.0803022,-25.6695268],[-57.0803103,-25.6696147],[-57.0803387,-25.669699],[-57.0803753,-25.6697723],[-57.0803591,-25.6698383],[-57.0804079,-25.6699115],[-57.0805136,-25.6699958],[-57.0805827,-25.6700874],[-57.0806396,-25.6701424],[-57.0806193,-25.6702193],[-57.0806193,-25.6703366],[-57.0806355,-25.6704245],[-57.0806884,-25.6705418],[-57.0807006,-25.6706627],[-57.080725,-25.6707983],[-57.0807575,-25.6709558],[-57.0808347,-25.6710291],[-57.0809242,-25.6710804],[-57.0809201,-25.6711537],[-57.080916,-25.671227],[-57.080973,-25.6713039],[-57.0810461,-25.6713699],[-57.0811315,-25.6714029],[-57.0812331,-25.6714432],[-57.0813267,-25.6715165],[-57.0813348,-25.6716191],[-57.0813145,-25.671751],[-57.0813185,-25.6718316],[-57.0813592,-25.6718902],[-57.0813958,-25.6720441],[-57.0814771,-25.672242],[-57.0814933,-25.6723959],[-57.0814649,-25.6724801],[-57.0813795,-25.6725608],[-57.0812535,-25.6726707],[-57.0811559,-25.6727989],[-57.0811152,-25.6729345],[-57.0811152,-25.6730774],[-57.0811518,-25.673213],[-57.0811559,-25.6734145],[-57.0811396,-25.6735317],[-57.0810583,-25.6736087],[-57.0809689,-25.67366],[-57.0809038,-25.6737369],[-57.0808551,-25.6738872],[-57.0807819,-25.6740704],[-57.0806437,-25.6742059],[-57.0805623,-25.6743195],[-57.0805136,-25.6744478],[-57.0805217,-25.6745833],[-57.0805014,-25.6747006],[-57.080416,-25.6747702],[-57.0802615,-25.6748105],[-57.0801802,-25.6749204],[-57.0802127,-25.6751476],[-57.0796752,-25.6755786]]}},{"type":"Feature","properties":{"intermittent":"yes","waterway":"stream","audit_class":"stream","audit_color":"#3b82f6","feature_id":"lqv-sw-0351"},"geometry":{"type":"LineString","coordinates":[[-57.0798796,-25.6665085],[-57.0799664,-25.6665244],[-57.0799982,-25.6665723],[-57.0800301,-25.6666472],[-57.0800354,-25.6666935],[-57.0800601,-25.6667382],[-57.080092,-25.666778],[-57.0800991,-25.6668753],[-57.0800938,-25.6669519],[-57.0800743,-25.6670364],[-57.0800796,-25.6670906],[-57.0801185,-25.6671927],[-57.0801239,-25.6672677],[-57.0801451,-25.6673538],[-57.0801522,-25.6674511],[-57.0801416,-25.6675069],[-57.0801469,-25.6675915],[-57.0801522,-25.6676569],[-57.0801345,-25.6677223],[-57.0800832,-25.6678211],[-57.0800548,-25.6679232],[-57.0800548,-25.6680253],[-57.0800725,-25.6681689],[-57.0800601,-25.6682374],[-57.080023,-25.6683283],[-57.0800389,-25.6684384],[-57.0800531,-25.6685197],[-57.080092,-25.6685867],[-57.0800955,-25.6686745],[-57.080115,-25.6687797],[-57.0801964,-25.6688993],[-57.0802859,-25.6690248]]}},{"type":"Feature","properties":{"waterway":"ditch","audit_class":"ditch","audit_color":"#60a5fa","feature_id":"lqv-sw-0352"},"geometry":{"type":"LineString","coordinates":[[-57.0304116,-25.6613486],[-57.0303674,-25.6613655],[-57.0303271,-25.6613667],[-57.0302829,-25.6612845],[-57.0301944,-25.6611165],[-57.0300442,-25.6608457],[-57.0299557,-25.6606862],[-57.0298967,-25.6605568],[-57.0298484,-25.6604698],[-57.0297786,-25.6603694],[-57.0297644,-25.6603506],[-57.0296794,-25.6602377],[-57.0295761,-25.6601301]]}},{"type":"Feature","properties":{"waterway":"ditch","audit_class":"ditch","audit_color":"#60a5fa","feature_id":"lqv-sw-0353"},"geometry":{"type":"LineString","coordinates":[[-57.0303271,-25.6613667],[-57.0302413,-25.6613752],[-57.0301919,-25.6613746],[-57.0301394,-25.661374],[-57.0300777,-25.6613595],[-57.0300442,-25.6613329],[-57.0300227,-25.661287],[-57.0299932,-25.6612072],[-57.0299557,-25.6611346],[-57.0299087,-25.6610669],[-57.0298953,-25.6609763],[-57.0298926,-25.6608747],[-57.0298819,-25.6607406],[-57.0298376,-25.6606028],[-57.0297652,-25.6604722],[-57.0297585,-25.6604275],[-57.0297644,-25.6603506]]}},{"type":"Feature","properties":{"waterway":"ditch","audit_class":"ditch","audit_color":"#60a5fa","feature_id":"lqv-sw-0354"},"geometry":{"type":"LineString","coordinates":[[-57.0297263,-25.6600527],[-57.0295761,-25.6601301],[-57.0293803,-25.6602546],[-57.0291269,-25.6604371],[-57.028699,-25.6607647],[-57.0280446,-25.6612555],[-57.0279333,-25.6613413],[-57.027822,-25.6614368],[-57.0276382,-25.6616049],[-57.0272418,-25.6619841],[-57.0272088,-25.6620157]]}},{"type":"Feature","properties":{"waterway":"ditch","audit_class":"ditch","audit_color":"#60a5fa","feature_id":"lqv-sw-0355"},"geometry":{"type":"LineString","coordinates":[[-57.0323985,-25.6601638],[-57.0321861,-25.6603536],[-57.0319331,-25.6605514],[-57.0318163,-25.6606376],[-57.0316712,-25.6607524],[-57.0315579,-25.6608242],[-57.0314518,-25.6608609],[-57.0313367,-25.6608864],[-57.031204,-25.6609087],[-57.0310589,-25.6609518],[-57.0309156,-25.6610236],[-57.0306785,-25.6611703]]}},{"type":"Feature","properties":{"layer":"-1","tunnel":"culvert","waterway":"ditch","audit_class":"ditch","audit_color":"#60a5fa","feature_id":"lqv-sw-0356"},"geometry":{"type":"LineString","coordinates":[[-57.0306785,-25.6611703],[-57.0305248,-25.661273],[-57.0304116,-25.6613486]]}},{"type":"Feature","properties":{"waterway":"ditch","audit_class":"ditch","audit_color":"#60a5fa","feature_id":"lqv-sw-0357"},"geometry":{"type":"LineString","coordinates":[[-57.0296711,-25.6652206],[-57.0292554,-25.664742],[-57.0276541,-25.6626193],[-57.0272088,-25.6620157],[-57.0269353,-25.661645],[-57.0268977,-25.6615241],[-57.026828,-25.6611518],[-57.0264525,-25.6589154],[-57.0262647,-25.6577646],[-57.026085,-25.6567733]]}},{"type":"Feature","properties":{"waterway":"ditch","audit_class":"ditch","audit_color":"#60a5fa","feature_id":"lqv-sw-0358"},"geometry":{"type":"LineString","coordinates":[[-57.029081,-25.6586108],[-57.0288542,-25.6585451],[-57.0263505,-25.6578202]]}},{"type":"Feature","properties":{"waterway":"ditch","audit_class":"ditch","audit_color":"#60a5fa","feature_id":"lqv-sw-0359"},"geometry":{"type":"LineString","coordinates":[[-57.0288542,-25.6585451],[-57.0287967,-25.6582239],[-57.0287216,-25.6579507],[-57.0286975,-25.6573802],[-57.0287109,-25.6572883],[-57.0287377,-25.6572109],[-57.0287833,-25.657136],[-57.0291454,-25.6565509],[-57.0294136,-25.6561544],[-57.0295585,-25.6559029],[-57.0293003,-25.6554704],[-57.0292742,-25.6554266],[-57.0293841,-25.6552501]]}},{"type":"Feature","properties":{"waterway":"ditch","audit_class":"ditch","audit_color":"#60a5fa","feature_id":"lqv-sw-0360"},"geometry":{"type":"LineString","coordinates":[[-57.026769,-25.6530547],[-57.0267422,-25.6540799],[-57.0267073,-25.6552211]]}},{"type":"Feature","properties":{"waterway":"ditch","audit_class":"ditch","audit_color":"#60a5fa","feature_id":"lqv-sw-0361"},"geometry":{"type":"LineString","coordinates":[[-57.0255888,-25.6538671],[-57.026769,-25.6530547],[-57.0271579,-25.6527404],[-57.0273456,-25.6525905],[-57.0274878,-25.6524624],[-57.0276326,-25.6522907],[-57.0277319,-25.6521577],[-57.0278767,-25.6520102],[-57.0284024,-25.6515484]]}},{"type":"Feature","properties":{"waterway":"ditch","audit_class":"ditch","audit_color":"#60a5fa","feature_id":"lqv-sw-0362"},"geometry":{"type":"LineString","coordinates":[[-57.032887,-25.6629293],[-57.0320337,-25.6625542],[-57.0318128,-25.6624571]]}},{"type":"Feature","properties":{"intermittent":"yes","waterway":"stream","audit_class":"stream","audit_color":"#3b82f6","feature_id":"lqv-sw-0363"},"geometry":{"type":"LineString","coordinates":[[-57.0279182,-25.6918305],[-57.0279853,-25.6918598],[-57.0280321,-25.6918616],[-57.0280951,-25.6918616],[-57.0281398,-25.6918397],[-57.0281865,-25.6917994],[-57.028217,-25.6917609],[-57.0282638,-25.6917334],[-57.0282983,-25.6916803],[-57.0283268,-25.6916583],[-57.0283532,-25.6916107],[-57.0283878,-25.6915612],[-57.0284732,-25.6915374],[-57.0285443,-25.6915411],[-57.0286358,-25.6915411],[-57.0287029,-25.6915301],[-57.0287801,-25.6915356],[-57.0288289,-25.6915063],[-57.0288573,-25.6914623],[-57.0288899,-25.6914239],[-57.028959,-25.6913781]]}},{"type":"Feature","properties":{"intermittent":"yes","waterway":"stream","audit_class":"stream","audit_color":"#3b82f6","feature_id":"lqv-sw-0364"},"geometry":{"type":"LineString","coordinates":[[-57.0312648,-25.6913574],[-57.0312343,-25.6914106],[-57.031155,-25.6915003],[-57.0310615,-25.6915626],[-57.0309924,-25.6916175],[-57.0309416,-25.691645],[-57.0309253,-25.6916945],[-57.0308887,-25.6917659],[-57.0308318,-25.6918355],[-57.0307261,-25.6918978],[-57.0306488,-25.6919198],[-57.0305838,-25.6919583],[-57.0305228,-25.6919912],[-57.0304801,-25.6920389],[-57.0304334,-25.6920846],[-57.0303419,-25.692092],[-57.030283,-25.692103],[-57.0302382,-25.6921323],[-57.0301854,-25.6921762],[-57.0301346,-25.6922055],[-57.0301142,-25.6922422],[-57.030098,-25.6923081],[-57.0300431,-25.6923704],[-57.0300024,-25.6924309],[-57.0299394,-25.6925389],[-57.0299089,-25.6926104],[-57.0298683,-25.6926562],[-57.0297829,-25.6927294],[-57.0297443,-25.6927734],[-57.0297544,-25.6928265],[-57.0297036,-25.692898],[-57.0296853,-25.6929401],[-57.0296589,-25.6929602],[-57.029667,-25.6930115],[-57.0296528,-25.6930555],[-57.0296589,-25.6931141],[-57.0297016,-25.6931654],[-57.0297118,-25.6932258],[-57.0297118,-25.6932826],[-57.0297036,-25.6933449],[-57.0297158,-25.6934182],[-57.0297443,-25.6935262],[-57.0297422,-25.6935739],[-57.0296996,-25.6937277],[-57.0296569,-25.693823],[-57.0295552,-25.6939274],[-57.0295024,-25.6940062],[-57.0294414,-25.6940703],[-57.0294028,-25.6941472],[-57.0293723,-25.6942205],[-57.0293235,-25.6942663],[-57.0292625,-25.6942956],[-57.0292158,-25.6943322],[-57.0291786,-25.6943836],[-57.0291548,-25.6944165],[-57.029108,-25.69453]]}},{"type":"Feature","properties":{"intermittent":"yes","waterway":"stream","audit_class":"stream","audit_color":"#3b82f6","feature_id":"lqv-sw-0365"},"geometry":{"type":"LineString","coordinates":[[-57.0300594,-25.6912585],[-57.0300472,-25.6913208],[-57.0300187,-25.6914032],[-57.0300329,-25.6914618],[-57.0300451,-25.6915058],[-57.0300451,-25.6915388],[-57.0300248,-25.6915882],[-57.0300106,-25.691623],[-57.0300126,-25.6916725],[-57.0300004,-25.6917238],[-57.029976,-25.6917696],[-57.0299536,-25.691808],[-57.0299557,-25.6918575],[-57.0299984,-25.691907],[-57.0300004,-25.6919509],[-57.0300268,-25.692004],[-57.0300451,-25.6920627],[-57.0300533,-25.6921213],[-57.0300573,-25.6921707],[-57.0300675,-25.6922184],[-57.0301142,-25.6922422]]}},{"type":"Feature","properties":{"intermittent":"yes","waterway":"stream","audit_class":"stream","audit_color":"#3b82f6","feature_id":"lqv-sw-0366"},"geometry":{"type":"LineString","coordinates":[[-57.0316891,-25.6853993],[-57.0318185,-25.685205],[-57.0318924,-25.6850689],[-57.0319294,-25.6849745],[-57.0319879,-25.6848884],[-57.0320619,-25.6847357],[-57.0321235,-25.6846052],[-57.032179,-25.684508],[-57.0323299,-25.6842942],[-57.0324008,-25.6841471],[-57.0324532,-25.6840638],[-57.0325055,-25.684011],[-57.0325518,-25.6839277],[-57.0325579,-25.6838222],[-57.0325641,-25.6837223]]}},{"type":"Feature","properties":{"intermittent":"yes","waterway":"stream","audit_class":"stream","audit_color":"#3b82f6","feature_id":"lqv-sw-0367"},"geometry":{"type":"LineString","coordinates":[[-57.0385242,-25.6891688],[-57.0386628,-25.6892799],[-57.0387814,-25.6893826],[-57.0389047,-25.6894826],[-57.0390371,-25.6895589],[-57.0391635,-25.6896547],[-57.0392621,-25.6897199],[-57.0393144,-25.6898019],[-57.0393791,-25.6898935],[-57.0394485,-25.6899601],[-57.0395394,-25.689999],[-57.0397196,-25.6900615],[-57.0398321,-25.6901295],[-57.0399461,-25.6901878],[-57.0400616,-25.6902253],[-57.0401617,-25.6902766],[-57.0403296,-25.6903627],[-57.0404513,-25.6903974],[-57.0405931,-25.6903919],[-57.0407517,-25.6903558],[-57.0414743,-25.6900073],[-57.0438621,-25.6889037],[-57.0438775,-25.6888217],[-57.043899,-25.6887537],[-57.0439453,-25.6886843],[-57.0439838,-25.6885927],[-57.0439837,-25.6885549]]}},{"type":"Feature","properties":{"intermittent":"no","waterway":"ditch","audit_class":"ditch","audit_color":"#60a5fa","feature_id":"lqv-sw-0368"},"geometry":{"type":"LineString","coordinates":[[-57.0302028,-25.6517186],[-57.0297945,-25.6513409],[-57.0296774,-25.6512617],[-57.0292553,-25.6509881],[-57.0286545,-25.6505271],[-57.0283156,-25.6506659],[-57.028294,-25.650702],[-57.0282863,-25.6507548],[-57.0283086,-25.6508412],[-57.0284758,-25.6514881]]}},{"type":"Feature","properties":{"waterway":"ditch","audit_class":"ditch","audit_color":"#60a5fa","feature_id":"lqv-sw-0369"},"geometry":{"type":"LineString","coordinates":[[-57.0292831,-25.6475649],[-57.0293342,-25.6479127],[-57.0293616,-25.6480996],[-57.0293709,-25.648812],[-57.0293524,-25.6494369],[-57.0293524,-25.6498119],[-57.0293046,-25.6505282],[-57.0292921,-25.6507157],[-57.02928,-25.6508965],[-57.0292553,-25.6509881]]}},{"type":"Feature","properties":{"waterway":"ditch","audit_class":"ditch","audit_color":"#60a5fa","feature_id":"lqv-sw-0370"},"geometry":{"type":"LineString","coordinates":[[-57.0286545,-25.6505271],[-57.0286299,-25.6504146],[-57.0283218,-25.6499577],[-57.0281061,-25.6497591],[-57.0279829,-25.6496938],[-57.0279613,-25.6497022],[-57.0279505,-25.6497107],[-57.027855,-25.6497855],[-57.027761,-25.6498272],[-57.0276609,-25.6498522],[-57.0275577,-25.6498633],[-57.0274575,-25.6498744],[-57.027421,-25.6498822],[-57.0273944,-25.6498883],[-57.0273266,-25.6499202],[-57.0272619,-25.6499674],[-57.0272034,-25.6500257],[-57.0271525,-25.6500924],[-57.0271504,-25.6500963],[-57.0271017,-25.6501896],[-57.0270913,-25.6502289],[-57.0270755,-25.6502938],[-57.0270478,-25.650516],[-57.0270539,-25.6506382]]}},{"type":"Feature","properties":{"waterway":"ditch","audit_class":"ditch","audit_color":"#60a5fa","feature_id":"lqv-sw-0371"},"geometry":{"type":"LineString","coordinates":[[-57.0213521,-25.6495121],[-57.0215453,-25.6495084],[-57.0218423,-25.6495026],[-57.0234951,-25.6495743],[-57.0238721,-25.6495935],[-57.0239074,-25.6497131],[-57.0239181,-25.6498264],[-57.0239234,-25.6499572],[-57.0239128,-25.6500992],[-57.0239004,-25.6503943],[-57.0239163,-25.6506256],[-57.0239552,-25.6508569]]}},{"type":"Feature","properties":{"waterway":"ditch","audit_class":"ditch","audit_color":"#60a5fa","feature_id":"lqv-sw-0372"},"geometry":{"type":"LineString","coordinates":[[-57.0225069,-25.654503],[-57.0223293,-25.6543058],[-57.021832,-25.6536925],[-57.0215236,-25.6532857],[-57.02141,-25.6531358]]}},{"type":"Feature","properties":{"waterway":"stream","audit_class":"stream","audit_color":"#3b82f6","feature_id":"lqv-sw-0373"},"geometry":{"type":"LineString","coordinates":[[-57.0210941,-25.6536972],[-57.0210971,-25.6536208],[-57.0211295,-25.6535236],[-57.0212057,-25.6534292],[-57.0212851,-25.6533535],[-57.0213536,-25.6532973],[-57.0213829,-25.6532327],[-57.02141,-25.6531358],[-57.0215333,-25.6528247],[-57.0215762,-25.6526579],[-57.0216338,-25.6525382],[-57.0216942,-25.6524125],[-57.0217197,-25.6522662],[-57.021725,-25.6520969],[-57.0216794,-25.6519821],[-57.0216258,-25.6519023],[-57.0216164,-25.6518588],[-57.0216526,-25.6517923],[-57.0217331,-25.6517524],[-57.0217894,-25.651698],[-57.0218444,-25.6516001],[-57.021839,-25.6515336],[-57.0217881,-25.6514647],[-57.0217881,-25.6513776],[-57.0218015,-25.6512773],[-57.0218149,-25.651183],[-57.0219047,-25.6511274],[-57.0219946,-25.65105],[-57.0220187,-25.650969],[-57.0219892,-25.6508699],[-57.0218189,-25.6507514],[-57.0216982,-25.6506486],[-57.0215386,-25.6504214],[-57.0214045,-25.6500817],[-57.0213764,-25.6499076],[-57.0213589,-25.6497214],[-57.0213521,-25.6495121],[-57.0213549,-25.6493986],[-57.0213857,-25.6492837],[-57.0213777,-25.6492003],[-57.0212771,-25.6490673],[-57.021206,-25.6489452],[-57.0211309,-25.6489053],[-57.0210625,-25.6488582],[-57.0210679,-25.6487748],[-57.0211819,-25.6487155],[-57.0213187,-25.6486636],[-57.0214126,-25.6485366],[-57.0214729,-25.6483698],[-57.0215266,-25.6481763],[-57.0215614,-25.6480579],[-57.0216701,-25.647833],[-57.0217277,-25.6477085],[-57.0217197,-25.6475682],[-57.0216888,-25.6473893]]}},{"type":"Feature","properties":{"waterway":"ditch","audit_class":"ditch","audit_color":"#60a5fa","feature_id":"lqv-sw-0374"},"geometry":{"type":"LineString","coordinates":[[-57.0216888,-25.6473893],[-57.0218726,-25.6473042],[-57.0221649,-25.6471737],[-57.0226826,-25.6469754],[-57.0230608,-25.6468376]]}},{"type":"Feature","properties":{"waterway":"ditch","audit_class":"ditch","audit_color":"#60a5fa","feature_id":"lqv-sw-0375"},"geometry":{"type":"LineString","coordinates":[[-57.0235336,-25.6574898],[-57.0233727,-25.6573568],[-57.0231259,-25.6572226],[-57.0229838,-25.6571803],[-57.0228805,-25.6568152],[-57.0223481,-25.6562447],[-57.0215863,-25.6562289],[-57.0205456,-25.6565614]]}},{"type":"Feature","properties":{"waterway":"ditch","audit_class":"ditch","audit_color":"#60a5fa","feature_id":"lqv-sw-0376"},"geometry":{"type":"LineString","coordinates":[[-57.0229838,-25.6571803],[-57.0217636,-25.657249],[-57.0217079,-25.6572653],[-57.0208168,-25.6576811]]}},{"type":"Feature","properties":{"waterway":"ditch","audit_class":"ditch","audit_color":"#60a5fa","feature_id":"lqv-sw-0377"},"geometry":{"type":"LineString","coordinates":[[-57.0208168,-25.6576811],[-57.0199358,-25.655228]]}},{"type":"Feature","properties":{"waterway":"ditch","audit_class":"ditch","audit_color":"#60a5fa","feature_id":"lqv-sw-0378"},"geometry":{"type":"LineString","coordinates":[[-57.0208168,-25.6576811],[-57.021062,-25.6583371]]}},{"type":"Feature","properties":{"waterway":"stream","audit_class":"stream","audit_color":"#3b82f6","feature_id":"lqv-sw-0379"},"geometry":{"type":"LineString","coordinates":[[-57.0222469,-25.6656954],[-57.0221889,-25.6656652],[-57.0220822,-25.6656505],[-57.0220283,-25.6656102],[-57.0220141,-25.6655534],[-57.0219812,-25.665517],[-57.0219297,-25.6654838],[-57.0218495,-25.665449],[-57.0217915,-25.6653995]]}},{"type":"Feature","properties":{"waterway":"stream","audit_class":"stream","audit_color":"#3b82f6","feature_id":"lqv-sw-0380"},"geometry":{"type":"LineString","coordinates":[[-57.0262501,-25.6635444],[-57.0263102,-25.6633435],[-57.0263244,-25.6630595],[-57.0263916,-25.6627948],[-57.0264872,-25.6626289],[-57.0264943,-25.6624789],[-57.0264447,-25.6623482],[-57.0263562,-25.6622875],[-57.0262359,-25.6622429],[-57.026112,-25.6622269],[-57.0260519,-25.662144],[-57.0260377,-25.6620004],[-57.0260448,-25.6617388],[-57.0260625,-25.66149],[-57.026066,-25.661187],[-57.0258961,-25.6609605],[-57.0258643,-25.6608137],[-57.0258431,-25.6606574],[-57.02579,-25.6605362],[-57.0258926,-25.6603735],[-57.0259174,-25.6601438],[-57.0257652,-25.6601055],[-57.0256307,-25.6600736],[-57.0254927,-25.6599875],[-57.0253688,-25.6598822],[-57.0252485,-25.6598248],[-57.0251352,-25.6597195],[-57.0251034,-25.6595983],[-57.0250397,-25.6594547],[-57.0249512,-25.6593718],[-57.0248733,-25.6593367],[-57.0246504,-25.6592537],[-57.0244734,-25.6591899],[-57.024254,-25.6591261],[-57.0240275,-25.6590049],[-57.0238788,-25.6588645],[-57.0237939,-25.6587529],[-57.0237054,-25.6586029],[-57.0236877,-25.6585136],[-57.0236742,-25.6583223],[-57.0236548,-25.6582728],[-57.0236477,-25.6581468],[-57.0236229,-25.6579506],[-57.0236707,-25.6578405],[-57.0236866,-25.6577002],[-57.0236636,-25.6575534],[-57.0235336,-25.6574898]]}},{"type":"Feature","properties":{"waterway":"stream","audit_class":"stream","audit_color":"#3b82f6","feature_id":"lqv-sw-0381"},"geometry":{"type":"LineString","coordinates":[[-57.0235336,-25.6574898],[-57.0235168,-25.6574312],[-57.0235383,-25.6573451],[-57.0236647,-25.6573035],[-57.0237972,-25.6572674],[-57.0238957,-25.6571729],[-57.0239081,-25.6570396],[-57.023831,-25.6569258],[-57.023754,-25.6567897],[-57.0237263,-25.6566453],[-57.0237324,-25.6565397],[-57.0238126,-25.6563842],[-57.0238341,-25.6561953],[-57.0238557,-25.6561398],[-57.0238773,-25.6559982],[-57.0238095,-25.6559121],[-57.0236908,-25.6558431],[-57.0235869,-25.6557842],[-57.0233978,-25.6556074],[-57.0233009,-25.655499],[-57.0232542,-25.6554148],[-57.0231888,-25.6553232],[-57.0230195,-25.655138],[-57.0229168,-25.6550454],[-57.022751,-25.6549507],[-57.0226973,-25.6548539],[-57.0226809,-25.6547539],[-57.0226084,-25.6546216]]}},{"type":"Feature","properties":{"waterway":"stream","audit_class":"stream","audit_color":"#3b82f6","feature_id":"lqv-sw-0382"},"geometry":{"type":"LineString","coordinates":[[-57.0282911,-25.6658537],[-57.0280833,-25.6658264],[-57.0279292,-25.6658601],[-57.0278311,-25.6660011],[-57.0277144,-25.6660558],[-57.0274949,-25.66606],[-57.0273034,-25.6659127],[-57.0270115,-25.6657738],[-57.0267383,-25.665759],[-57.0265562,-25.6657653],[-57.0263997,-25.6657317],[-57.0262947,-25.6656349],[-57.0262083,-25.6655549],[-57.0260448,-25.6654791],[-57.0260191,-25.6653844],[-57.0260285,-25.6652518],[-57.0259654,-25.6651382],[-57.025879,-25.6651003],[-57.025844,-25.6650982],[-57.0256781,-25.665135]]}},{"type":"Feature","properties":{"waterway":"stream","audit_class":"stream","audit_color":"#3b82f6","feature_id":"lqv-sw-0383"},"geometry":{"type":"LineString","coordinates":[[-57.0222189,-25.6614287],[-57.0223357,-25.6614329],[-57.0224898,-25.6615087],[-57.0226906,-25.6616181],[-57.0228961,-25.6616855],[-57.0231763,-25.6617528],[-57.0234051,-25.6618244],[-57.0235826,-25.6619591],[-57.0236666,-25.6620938],[-57.0236526,-25.6622537],[-57.0235966,-25.6623969],[-57.0236013,-25.6624895],[-57.0237881,-25.6625863],[-57.0242597,-25.6625863],[-57.0245259,-25.6625147],[-57.0247734,-25.6622495],[-57.0251143,-25.6621359],[-57.0256654,-25.6619633],[-57.0259129,-25.661938],[-57.0260377,-25.6620004]]}},{"type":"Feature","properties":{"waterway":"stream","audit_class":"stream","audit_color":"#3b82f6","feature_id":"lqv-sw-0384"},"geometry":{"type":"LineString","coordinates":[[-57.0074943,-25.6711258],[-57.0069345,-25.6714027],[-57.0067047,-25.6715729]]}},{"type":"Feature","properties":{"waterway":"stream","audit_class":"stream","audit_color":"#3b82f6","feature_id":"lqv-sw-0385"},"geometry":{"type":"LineString","coordinates":[[-57.0099015,-25.6668553],[-57.01006,-25.6668535],[-57.0102796,-25.6669469],[-57.0105703,-25.6670019],[-57.0108162,-25.6670422],[-57.0110114,-25.6670165],[-57.0112187,-25.6670165],[-57.0113996,-25.6669872],[-57.0115155,-25.6669524],[-57.011611,-25.6669048],[-57.0117899,-25.6668187],[-57.0120521,-25.6666391]]}},{"type":"Feature","properties":{"layer":"-1","tunnel":"culvert","waterway":"stream","audit_class":"stream","audit_color":"#3b82f6","feature_id":"lqv-sw-0386"},"geometry":{"type":"LineString","coordinates":[[-57.0120521,-25.6666391],[-57.0121497,-25.6665585]]}},{"type":"Feature","properties":{"waterway":"stream","audit_class":"stream","audit_color":"#3b82f6","feature_id":"lqv-sw-0387"},"geometry":{"type":"LineString","coordinates":[[-57.0121497,-25.6665585],[-57.0126518,-25.6660858],[-57.0128673,-25.6657707],[-57.0130014,-25.6656681],[-57.0132555,-25.6655801],[-57.0134933,-25.6655288],[-57.0136986,-25.665527],[-57.0138999,-25.6656149],[-57.0140259,-25.6656259],[-57.0141865,-25.6655343],[-57.014339,-25.6654555],[-57.0144812,-25.6654097],[-57.0146479,-25.6653822],[-57.0147821,-25.6653786],[-57.0149081,-25.6653163],[-57.0150545,-25.6652155],[-57.0152618,-25.6651074],[-57.0153655,-25.6649883],[-57.0154712,-25.6648949],[-57.0156257,-25.6648692],[-57.0158025,-25.6648399],[-57.015957,-25.6648381],[-57.0161704,-25.6648014],[-57.0163493,-25.6648271],[-57.0165384,-25.6648656],[-57.016762,-25.6648766],[-57.0169734,-25.6648601],[-57.0171868,-25.6648857],[-57.0174389,-25.6649425],[-57.0175974,-25.664981],[-57.0178109,-25.6649993],[-57.0179918,-25.664981],[-57.0181442,-25.6648582],[-57.018256,-25.6647813],[-57.0184166,-25.6648161],[-57.0185284,-25.6649059],[-57.0186443,-25.6649535],[-57.0188577,-25.6649645],[-57.019002,-25.6649279],[-57.0190834,-25.6648656],[-57.0191952,-25.6648124],[-57.0192948,-25.6647923],[-57.0194432,-25.6647538],[-57.0195773,-25.6647062],[-57.019746,-25.6646127],[-57.0199452,-25.6645999],[-57.0201526,-25.6645999]]}},{"type":"Feature","properties":{"waterway":"stream","audit_class":"stream","audit_color":"#3b82f6","feature_id":"lqv-sw-0388"},"geometry":{"type":"LineString","coordinates":[[-57.0109545,-25.6639715],[-57.0110317,-25.6639733],[-57.0110561,-25.663933],[-57.0111374,-25.6639293],[-57.0112167,-25.6639348],[-57.0112817,-25.6639531],[-57.0113488,-25.6639806],[-57.0113956,-25.6639898],[-57.0114281,-25.6640063],[-57.0114972,-25.6640191],[-57.01155,-25.6640191],[-57.0116029,-25.6640173],[-57.0117086,-25.6640173],[-57.0117696,-25.6640283],[-57.0117919,-25.6640851],[-57.0118387,-25.664129],[-57.0119586,-25.664239],[-57.0121029,-25.6642518],[-57.0121822,-25.664239],[-57.0123855,-25.6642884],[-57.0124668,-25.6643544],[-57.0125806,-25.6643984],[-57.0126437,-25.6644625],[-57.0127148,-25.6645504],[-57.0127697,-25.6645981],[-57.0128571,-25.6646439],[-57.0129425,-25.6646549],[-57.0129811,-25.6647062],[-57.0130136,-25.6647575],[-57.0130848,-25.6647721],[-57.0131579,-25.6647776],[-57.0132514,-25.6648308],[-57.013284,-25.6649022],[-57.0133368,-25.664948],[-57.0133714,-25.665003],[-57.0133632,-25.6650653],[-57.013351,-25.6651111],[-57.0133836,-25.6651679],[-57.0134649,-25.665254],[-57.0134893,-25.6654079],[-57.0134527,-25.6654812],[-57.0134933,-25.6655288]]}},{"type":"Feature","properties":{"layer":"-1","tunnel":"culvert","waterway":"ditch","audit_class":"ditch","audit_color":"#60a5fa","feature_id":"lqv-sw-0389"},"geometry":{"type":"LineString","coordinates":[[-57.0226084,-25.6546216],[-57.0225069,-25.654503]]}},{"type":"Feature","properties":{"waterway":"ditch","audit_class":"ditch","audit_color":"#60a5fa","feature_id":"lqv-sw-0390"},"geometry":{"type":"LineString","coordinates":[[-57.0258916,-25.6470171],[-57.0258942,-25.6469596],[-57.0258986,-25.6469397],[-57.0259331,-25.6469277],[-57.0260154,-25.6469118],[-57.0260667,-25.6468942],[-57.0260951,-25.6468679],[-57.0261048,-25.646832],[-57.0261021,-25.6467778],[-57.0260703,-25.6466214],[-57.0259676,-25.6461086]]}},{"type":"Feature","properties":{"waterway":"ditch","audit_class":"ditch","audit_color":"#60a5fa","feature_id":"lqv-sw-0391"},"geometry":{"type":"LineString","coordinates":[[-57.0264645,-25.6679042],[-57.026869,-25.6692343],[-57.0274721,-25.670986],[-57.027512,-25.6710896]]}},{"type":"Feature","properties":{"waterway":"ditch","audit_class":"ditch","audit_color":"#60a5fa","feature_id":"lqv-sw-0392"},"geometry":{"type":"LineString","coordinates":[[-57.026869,-25.6692343],[-57.026848,-25.6693417],[-57.0267926,-25.6693972],[-57.0260901,-25.6697277],[-57.0228581,-25.6711745]]}},{"type":"Feature","properties":{"waterway":"ditch","audit_class":"ditch","audit_color":"#60a5fa","feature_id":"lqv-sw-0393"},"geometry":{"type":"LineString","coordinates":[[-57.0233266,-25.6682432],[-57.0222939,-25.6690978]]}},{"type":"Feature","properties":{"layer":"-1","tunnel":"culvert","waterway":"stream","audit_class":"stream","audit_color":"#3b82f6","feature_id":"lqv-sw-0394"},"geometry":{"type":"LineString","coordinates":[[-57.0131946,-25.6780162],[-57.0131092,-25.6780289]]}},{"type":"Feature","properties":{"waterway":"stream","audit_class":"stream","audit_color":"#3b82f6","feature_id":"lqv-sw-0395"},"geometry":{"type":"LineString","coordinates":[[-57.0131092,-25.6780289],[-57.0127509,-25.6780457]]}},{"type":"Feature","properties":{"waterway":"stream","audit_class":"stream","audit_color":"#3b82f6","feature_id":"lqv-sw-0396"},"geometry":{"type":"LineString","coordinates":[[-57.0134222,-25.6778657],[-57.0131946,-25.6780162]]}},{"type":"Feature","properties":{"waterway":"ditch","audit_class":"ditch","audit_color":"#60a5fa","feature_id":"lqv-sw-0397"},"geometry":{"type":"LineString","coordinates":[[-57.0253109,-25.6675998],[-57.0251822,-25.6680193],[-57.0249515,-25.6687034],[-57.0248992,-25.6687929],[-57.0248321,-25.6688702],[-57.0246658,-25.6690249],[-57.0243239,-25.669303]]}},{"type":"Feature","properties":{"waterway":"ditch","audit_class":"ditch","audit_color":"#60a5fa","feature_id":"lqv-sw-0398"},"geometry":{"type":"LineString","coordinates":[[-57.0243667,-25.6723556],[-57.0242922,-25.6723203],[-57.024103,-25.6722081],[-57.023681,-25.6719768],[-57.0231713,-25.6719106]]}},{"type":"Feature","properties":{"waterway":"ditch","audit_class":"ditch","audit_color":"#60a5fa","feature_id":"lqv-sw-0399"},"geometry":{"type":"LineString","coordinates":[[-57.0211476,-25.6735514],[-57.021115,-25.6734807],[-57.0206269,-25.6721635],[-57.0203397,-25.6712217]]}},{"type":"Feature","properties":{"waterway":"ditch","audit_class":"ditch","audit_color":"#60a5fa","feature_id":"lqv-sw-0400"},"geometry":{"type":"LineString","coordinates":[[-57.0203696,-25.6737453],[-57.0202344,-25.6736708],[-57.0197688,-25.6733815],[-57.0195053,-25.6732226],[-57.0189245,-25.6732365],[-57.0181705,-25.6731011]]}},{"type":"Feature","properties":{"waterway":"stream","audit_class":"stream","audit_color":"#3b82f6","feature_id":"lqv-sw-0401"},"geometry":{"type":"LineString","coordinates":[[-57.0313116,-25.6468336],[-57.0314555,-25.647015]]}},{"type":"Feature","properties":{"waterway":"stream","audit_class":"stream","audit_color":"#3b82f6","feature_id":"lqv-sw-0402"},"geometry":{"type":"LineString","coordinates":[[-57.0315346,-25.6470947],[-57.0316736,-25.6472515]]}},{"type":"Feature","properties":{"layer":"-1","tunnel":"culvert","waterway":"stream","audit_class":"stream","audit_color":"#3b82f6","feature_id":"lqv-sw-0403"},"geometry":{"type":"LineString","coordinates":[[-57.0314555,-25.647015],[-57.0315346,-25.6470947]]}},{"type":"Feature","properties":{"waterway":"ditch","audit_class":"ditch","audit_color":"#60a5fa","feature_id":"lqv-sw-0404"},"geometry":{"type":"LineString","coordinates":[[-57.0301967,-25.6461955],[-57.0302971,-25.6462797],[-57.0302924,-25.6463408],[-57.0302457,-25.6464523],[-57.0302037,-25.6465807],[-57.0302037,-25.6466986],[-57.03022,-25.6468354],[-57.0303531,-25.6472227]]}},{"type":"Feature","properties":{"waterway":"ditch","audit_class":"ditch","audit_color":"#60a5fa","feature_id":"lqv-sw-0405"},"geometry":{"type":"LineString","coordinates":[[-57.0294545,-25.6472399],[-57.0293669,-25.6473077],[-57.0293164,-25.6473866],[-57.0292925,-25.6474656]]}},{"type":"Feature","properties":{"layer":"-1","tunnel":"culvert","waterway":"ditch","audit_class":"ditch","audit_color":"#60a5fa","feature_id":"lqv-sw-0406"},"geometry":{"type":"LineString","coordinates":[[-57.0292925,-25.6474656],[-57.0292831,-25.6475649]]}},{"type":"Feature","properties":{"waterway":"ditch","audit_class":"ditch","audit_color":"#60a5fa","feature_id":"lqv-sw-0407"},"geometry":{"type":"LineString","coordinates":[[-57.0116715,-25.6548473],[-57.0116701,-25.6549029],[-57.0116567,-25.6549646],[-57.0116299,-25.6550214],[-57.011595,-25.6550686],[-57.0115709,-25.6551205],[-57.01154,-25.6552064],[-57.0115387,-25.655262],[-57.0115655,-25.6554602]]}},{"type":"Feature","properties":{"waterway":"stream","audit_class":"stream","audit_color":"#3b82f6","feature_id":"lqv-sw-0408"},"geometry":{"type":"LineString","coordinates":[[-57.0114094,-25.6554128],[-57.0115655,-25.6554602],[-57.0116353,-25.6554893],[-57.0116902,-25.6555316],[-57.0116902,-25.6556234],[-57.011709,-25.6557431],[-57.0117184,-25.6558011],[-57.0117358,-25.655887],[-57.0117157,-25.6559885],[-57.0117278,-25.6560731],[-57.0117881,-25.6561324],[-57.0118793,-25.6561747],[-57.011992,-25.656194],[-57.0120926,-25.6561928],[-57.0121583,-25.6561747],[-57.0122843,-25.6561215],[-57.012346,-25.6561118],[-57.0124386,-25.656217],[-57.0125077,-25.6563145],[-57.0125333,-25.6564387],[-57.012559,-25.6566492],[-57.012573,-25.6566934],[-57.0125975,-25.6567884],[-57.0126767,-25.6569383],[-57.0127142,-25.6569878],[-57.0127451,-25.6571099],[-57.0127451,-25.6572163],[-57.0128617,-25.6572357],[-57.0129999,-25.6572381],[-57.0131394,-25.6572671],[-57.0132426,-25.6573094],[-57.0133003,-25.6574061],[-57.0133714,-25.6574375],[-57.0136195,-25.6577637],[-57.0137611,-25.65777],[-57.013846,-25.657703],[-57.0139947,-25.6577062],[-57.0141486,-25.6577222],[-57.0142548,-25.6577605],[-57.0143822,-25.6578019],[-57.0144742,-25.6577828],[-57.0145733,-25.6577557],[-57.014722,-25.6577397],[-57.0148529,-25.6577477],[-57.0149273,-25.6577605],[-57.0150193,-25.6578035]]}},{"type":"Feature","properties":{"waterway":"stream","audit_class":"stream","audit_color":"#3b82f6","feature_id":"lqv-sw-0409"},"geometry":{"type":"LineString","coordinates":[[-57.0109285,-25.6552668],[-57.0113405,-25.6553919]]}},{"type":"Feature","properties":{"layer":"-1","tunnel":"culvert","waterway":"stream","audit_class":"stream","audit_color":"#3b82f6","feature_id":"lqv-sw-0410"},"geometry":{"type":"LineString","coordinates":[[-57.0113405,-25.6553919],[-57.0113733,-25.6554019],[-57.0114094,-25.6554128]]}}]}