{"type":"FeatureCollection","name":"water_combined_10km","metadata":{"schema_version":1,"bbox":[-25.698062,-57.129997,-25.5184,-56.930765],"family_taxonomy":{"main_river":{"kind":"line","color":"#0c4a6e","width":3.5,"label":"Main river (\u2265 25 km\u00b2 catchment, DEM)","priority":0},"river":{"kind":"line","color":"#1d4ed8","width":3,"label":"River (OSM waterway=river)","priority":1},"tributary":{"kind":"line","color":"#3b82f6","width":2.2,"label":"Tributary (5\u201325 km\u00b2, DEM)","priority":2},"creek":{"kind":"line","color":"#60a5fa","width":1.6,"label":"Creek (1\u20135 km\u00b2, DEM)","priority":3},"rill":{"kind":"line","color":"#93c5fd","width":1,"label":"Rill (< 1 km\u00b2, DEM)","priority":4},"stream":{"kind":"line","color":"#7dd3fc","width":1.4,"label":"Stream (OSM waterway=stream)","priority":4},"tidal_channel":{"kind":"line","color":"#a3e635","width":1.4,"label":"Tidal channel (OSM)","priority":6},"canal":{"kind":"line","color":"#2563eb","width":1.4,"label":"Canal (OSM)","priority":5},"ditch":{"kind":"line","color":"#fb923c","width":0.8,"label":"Ditch / drain (OSM)","priority":7},"dam":{"kind":"line","color":"#94a3b8","width":1,"label":"Dam (OSM)","priority":8},"verified_lake":{"kind":"poly","color":"#0ea5e9","fill_opacity":0.75,"label":"Verified lake (JRC \u2265 50%)","priority":0},"verified_wetland":{"kind":"poly","color":"#0369a1","fill_opacity":0.7,"label":"Verified wetland (JRC 20\u201350%)","priority":1},"seasonal_wetland":{"kind":"poly","color":"#67e8f9","fill_opacity":0.5,"label":"Seasonal wetland (JRC 10\u201320%)","priority":2},"stream_riparian_pool":{"kind":"poly","color":"#7dd3fc","fill_opacity":0.55,"label":"Stream riparian pool (within 200 m of a stream)","priority":3},"river_corridor_polygon":{"kind":"poly","color":"#1d4ed8","fill_opacity":0.5,"label":"River corridor polygon (OSM natural=water water=river)","priority":4},"reservoir_polygon":{"kind":"poly","color":"#1e40af","fill_opacity":0.55,"label":"Reservoir / farm dam (OSM)","priority":5},"pond_polygon_depiction":{"kind":"poly","color":"#c4b5fd","fill_opacity":0.45,"label":"Pond / basin (OSM, not JRC-verified)","priority":6},"stream_polygon_depiction":{"kind":"poly","color":"#a78bfa","fill_opacity":0.35,"label":"Stream centreline as polygon (OSM water=stream)","priority":7},"dry_depression":{"kind":"poly","color":"#fbbf24","fill_opacity":0.35,"label":"Dry depression (OSM wetland, flat, no water)","priority":8},"likely_mis-tagged":{"kind":"poly","color":"#f87171","fill_opacity":0.4,"label":"Likely mis-tagged (steep + JRC < 5%)","priority":9},"unclassified":{"kind":"poly","color":"#94a3b8","fill_opacity":0.25,"label":"Unclassified OSM water polygon","priority":99}},"source_counts":{"osm_waterway":187,"dem_streams":320,"jrc_gsw":3,"osm_polygon":224},"generated_utc":"2026-07-05T19:19:17.019348+00:00","feature_count":734},"features":[{"type":"Feature","properties":{"category":"main_river","class":"main","threshold_label":"main_rivers \u2265 500 cells","catchment_km2":25.27,"accumulation_cells":780,"vertex_count":401,"decimated":true,"source":"dem_streams","class_label":"Main river (\u2265 25 km\u00b2 catchment, DEM)","color":"#0c4a6e","width":3.5,"draw_priority":0,"feature_id":"lqv-wat-00000"},"geometry":{"type":"MultiLineString","coordinates":[[[-57.029209965785,-25.623075922995],[-57.026987743625,-25.620853700835],[-57.027543299164996,-25.619187034215]],[[-57.027543299164996,-25.619187034215],[-57.026987743625,-25.619187034215]]]}},{"type":"Feature","properties":{"category":"main_river","class":"main","threshold_label":"tributaries \u2265 200 cells","catchment_km2":28.8,"accumulation_cells":889,"vertex_count":401,"decimated":true,"source":"dem_streams","class_label":"Main river (\u2265 25 km\u00b2 catchment, DEM)","color":"#0c4a6e","width":3.5,"draw_priority":0,"feature_id":"lqv-wat-00001"},"geometry":{"type":"MultiLineString","coordinates":[[[-57.105876630305,-25.633631478255],[-57.108654408005,-25.633631478255],[-57.111432185705,-25.631964811635],[-57.114209963405,-25.632520367175],[-57.116987741105,-25.633075922715],[-57.117543296645,-25.633075922715]],[[-57.117543296645,-25.633075922715],[-57.118098852185,-25.633631478255]]]}},{"type":"Feature","properties":{"category":"main_river","class":"main","threshold_label":"tributaries \u2265 200 cells","catchment_km2":30.65,"accumulation_cells":946,"vertex_count":401,"decimated":true,"source":"dem_streams","class_label":"Main river (\u2265 25 km\u00b2 catchment, DEM)","color":"#0c4a6e","width":3.5,"draw_priority":0,"feature_id":"lqv-wat-00002"},"geometry":{"type":"LineString","coordinates":[[-57.096987741665,-25.664187032955],[-57.099765519365,-25.665298144035],[-57.102543297065,-25.668075921735],[-57.103098852605,-25.669187032815]]}},{"type":"Feature","properties":{"category":"main_river","class":"main","threshold_label":"tributaries \u2265 200 cells","catchment_km2":31.33,"accumulation_cells":967,"vertex_count":401,"decimated":true,"source":"dem_streams","class_label":"Main river (\u2265 25 km\u00b2 catchment, DEM)","color":"#0c4a6e","width":3.5,"draw_priority":0,"feature_id":"lqv-wat-00003"},"geometry":{"type":"MultiLineString","coordinates":[[[-57.074209964525,-25.551964813875],[-57.075321075605,-25.549187036175],[-57.076987742225,-25.546409258475],[-57.076432186685,-25.543631480774998]],[[-57.076432186685,-25.543631480774998],[-57.076432186685,-25.543075925234998]]]}},{"type":"Feature","properties":{"category":"main_river","class":"main","threshold_label":"tributaries \u2265 200 cells","catchment_km2":50.38,"accumulation_cells":1555,"vertex_count":401,"decimated":true,"source":"dem_streams","class_label":"Main river (\u2265 25 km\u00b2 catchment, DEM)","color":"#0c4a6e","width":3.5,"draw_priority":0,"feature_id":"lqv-wat-00004"},"geometry":{"type":"MultiLineString","coordinates":[[[-57.030321076865,-25.633631478255],[-57.030321076865,-25.630853700555],[-57.030321076865,-25.628075922855],[-57.030321076865,-25.625298145155],[-57.028654410245,-25.623075922995],[-57.027543299164996,-25.620298145295],[-57.026987743625,-25.619187034215]],[[-57.026987743625,-25.619187034215],[-57.027543299164996,-25.619187034215]]]}},{"type":"Feature","properties":{"category":"main_river","class":"main","threshold_label":"tributaries \u2265 200 cells","catchment_km2":27.35,"accumulation_cells":844,"vertex_count":401,"decimated":true,"source":"dem_streams","class_label":"Main river (\u2265 25 km\u00b2 catchment, DEM)","color":"#0c4a6e","width":3.5,"draw_priority":0,"feature_id":"lqv-wat-00005"},"geometry":{"type":"LineString","coordinates":[[-57.013098855125,-25.666964810655],[-57.010321077425,-25.664742588495],[-57.007543299725,-25.661964810795],[-57.006432188645,-25.659187033094998],[-57.004209966485,-25.656964810934998],[-57.003098855405,-25.656409255395]]}},{"type":"Feature","properties":{"category":"main_river","class":"main","threshold_label":"headwaters \u2265 80 cells","catchment_km2":28.8,"accumulation_cells":889,"vertex_count":401,"decimated":true,"source":"dem_streams","class_label":"Main river (\u2265 25 km\u00b2 catchment, DEM)","color":"#0c4a6e","width":3.5,"draw_priority":0,"feature_id":"lqv-wat-00006"},"geometry":{"type":"MultiLineString","coordinates":[[[-57.099209963825,-25.633631478255],[-57.101987741525,-25.632520367175],[-57.104765519225,-25.633075922715],[-57.107543296925,-25.633631478255],[-57.110321074625,-25.632520367175],[-57.113098852325,-25.631964811635],[-57.115876630025,-25.632520367175],[-57.117543296645,-25.633075922715]],[[-57.117543296645,-25.633075922715],[-57.118098852185,-25.633631478255]]]}},{"type":"Feature","properties":{"category":"main_river","class":"main","threshold_label":"headwaters \u2265 80 cells","catchment_km2":30.65,"accumulation_cells":946,"vertex_count":401,"decimated":true,"source":"dem_streams","class_label":"Main river (\u2265 25 km\u00b2 catchment, DEM)","color":"#0c4a6e","width":3.5,"draw_priority":0,"feature_id":"lqv-wat-00007"},"geometry":{"type":"LineString","coordinates":[[-57.091432186265,-25.662520366335],[-57.094209963965,-25.662520366335],[-57.096987741665,-25.664187032955],[-57.099765519365,-25.665298144035],[-57.102543297065,-25.668075921735],[-57.103098852605,-25.669187032815]]}},{"type":"Feature","properties":{"category":"main_river","class":"main","threshold_label":"headwaters \u2265 80 cells","catchment_km2":31.33,"accumulation_cells":967,"vertex_count":401,"decimated":true,"source":"dem_streams","class_label":"Main river (\u2265 25 km\u00b2 catchment, DEM)","color":"#0c4a6e","width":3.5,"draw_priority":0,"feature_id":"lqv-wat-00008"},"geometry":{"type":"MultiLineString","coordinates":[[[-57.072543297905,-25.556409258195],[-57.073654408985,-25.553631480495],[-57.074209964525,-25.550853702795],[-57.075876631145,-25.548075925095],[-57.076987742225,-25.545298147395],[-57.076432186685,-25.543631480774998]],[[-57.076432186685,-25.543631480774998],[-57.076432186685,-25.543075925234998]]]}},{"type":"Feature","properties":{"category":"main_river","class":"main","threshold_label":"headwaters \u2265 80 cells","catchment_km2":25.27,"accumulation_cells":780,"vertex_count":401,"decimated":true,"source":"dem_streams","class_label":"Main river (\u2265 25 km\u00b2 catchment, DEM)","color":"#0c4a6e","width":3.5,"draw_priority":0,"feature_id":"lqv-wat-00009"},"geometry":{"type":"MultiLineString","coordinates":[[[-57.039765521045,-25.630853700555],[-57.038098854425,-25.628075922855],[-57.035321076725,-25.625298145155],[-57.032543299025,-25.623075922995],[-57.029765521325,-25.622520367455],[-57.026987743625,-25.620853700835],[-57.027543299164996,-25.619187034215]],[[-57.027543299164996,-25.619187034215],[-57.026987743625,-25.619187034215]]]}},{"type":"Feature","properties":{"category":"main_river","class":"main","threshold_label":"headwaters \u2265 80 cells","catchment_km2":29.65,"accumulation_cells":915,"vertex_count":8,"decimated":true,"source":"dem_streams","class_label":"Main river (\u2265 25 km\u00b2 catchment, DEM)","color":"#0c4a6e","width":3.5,"draw_priority":0,"feature_id":"lqv-wat-00010"},"geometry":{"type":"LineString","coordinates":[[-57.013654410665,-25.694742587655],[-57.016432188365,-25.696409254275],[-57.01849812052125,-25.698062]]}},{"type":"Feature","properties":{"category":"main_river","class":"main","threshold_label":"headwaters \u2265 80 cells","catchment_km2":27.35,"accumulation_cells":844,"vertex_count":401,"decimated":true,"source":"dem_streams","class_label":"Main river (\u2265 25 km\u00b2 catchment, DEM)","color":"#0c4a6e","width":3.5,"draw_priority":0,"feature_id":"lqv-wat-00011"},"geometry":{"type":"LineString","coordinates":[[-57.013098855125,-25.671964810515],[-57.013654410665,-25.669187032815],[-57.012543299585,-25.666409255115],[-57.009765521885,-25.664187032955],[-57.006987744185,-25.661409255255],[-57.006432188645,-25.658631477554998],[-57.003654410944996,-25.656409255395],[-57.003098855405,-25.656409255395]]}},{"type":"Feature","properties":{"name":"Arroyo Zanja Moroti","waterway":"river","audit_class":"river","audit_color":"#1d4ed8","feature_id":"lqv-wat-00012","category":"river","source":"osm_waterway","class_label":"River (OSM waterway=river)","color":"#1d4ed8","width":3,"draw_priority":1},"geometry":{"type":"LineString","coordinates":[[-57.1256488,-25.5802545],[-57.1259479,-25.5802678],[-57.1261119,-25.5802812],[-57.1262849,-25.5803082],[-57.1266102,-25.5804162],[-57.1268122,-25.5804703],[-57.1269974,-25.5805378],[-57.1272125,-25.5806008],[-57.1276665,-25.5806546],[-57.1280418,-25.5806769],[-57.128371,-25.5806856],[-57.1286038,-25.5806899],[-57.1287136,-25.5806898],[-57.1288533,-25.5807078],[-57.1289944,-25.580807],[-57.1292679,-25.581037],[-57.1294708,-25.581091],[-57.1299678,-25.5811267],[-57.129997,-25.581130318573184]]}},{"type":"Feature","properties":{"category":"tributary","class":"tributary","threshold_label":"main_rivers \u2265 500 cells","catchment_km2":16.72,"accumulation_cells":516,"vertex_count":401,"decimated":true,"source":"dem_streams","class_label":"Tributary (5\u201325 km\u00b2, DEM)","color":"#3b82f6","width":2.2,"draw_priority":2,"feature_id":"lqv-wat-00014"},"geometry":{"type":"MultiLineString","coordinates":[[[-57.084209964245,-25.629742589475],[-57.084765519785,-25.629742589475]],[[-57.084765519785,-25.629742589475],[-57.084765519785,-25.630298145015]]]}},{"type":"Feature","properties":{"category":"tributary","class":"tributary","threshold_label":"tributaries \u2265 200 cells","catchment_km2":15.62,"accumulation_cells":482,"vertex_count":401,"decimated":true,"source":"dem_streams","class_label":"Tributary (5\u201325 km\u00b2, DEM)","color":"#3b82f6","width":2.2,"draw_priority":2,"feature_id":"lqv-wat-00015"},"geometry":{"type":"LineString","coordinates":[[-57.104765519225,-25.560298146975],[-57.107543296925,-25.558631480355],[-57.109765519085,-25.560853702515],[-57.110321074625,-25.561409258055]]}},{"type":"Feature","properties":{"category":"tributary","class":"tributary","threshold_label":"tributaries \u2265 200 cells","catchment_km2":7.13,"accumulation_cells":220,"vertex_count":401,"decimated":true,"source":"dem_streams","class_label":"Tributary (5\u201325 km\u00b2, DEM)","color":"#3b82f6","width":2.2,"draw_priority":2,"feature_id":"lqv-wat-00016"},"geometry":{"type":"MultiLineString","coordinates":[[[-57.085321075325,-25.531964814435],[-57.083654408705,-25.530853703355]],[[-57.083654408705,-25.530853703355],[-57.084209964245,-25.530853703355]]]}},{"type":"Feature","properties":{"category":"tributary","class":"tributary","threshold_label":"tributaries \u2265 200 cells","catchment_km2":13.19,"accumulation_cells":407,"vertex_count":401,"decimated":true,"source":"dem_streams","class_label":"Tributary (5\u201325 km\u00b2, DEM)","color":"#3b82f6","width":2.2,"draw_priority":2,"feature_id":"lqv-wat-00017"},"geometry":{"type":"MultiLineString","coordinates":[[[-57.081987742085,-25.532520369975],[-57.081987742085,-25.531964814435]],[[-57.081987742085,-25.531964814435],[-57.082543297625,-25.532520369975]]]}},{"type":"Feature","properties":{"category":"tributary","class":"tributary","threshold_label":"tributaries \u2265 200 cells","catchment_km2":8.33,"accumulation_cells":257,"vertex_count":401,"decimated":true,"source":"dem_streams","class_label":"Tributary (5\u201325 km\u00b2, DEM)","color":"#3b82f6","width":2.2,"draw_priority":2,"feature_id":"lqv-wat-00018"},"geometry":{"type":"MultiLineString","coordinates":[[[-57.078654408845,-25.545298147395],[-57.078098853305,-25.542520369694998],[-57.078098853305,-25.541964814154998]],[[-57.078098853305,-25.541964814154998],[-57.078098853305,-25.541409258615]]]}},{"type":"Feature","properties":{"category":"tributary","class":"tributary","threshold_label":"tributaries \u2265 200 cells","catchment_km2":16.72,"accumulation_cells":516,"vertex_count":401,"decimated":true,"source":"dem_streams","class_label":"Tributary (5\u201325 km\u00b2, DEM)","color":"#3b82f6","width":2.2,"draw_priority":2,"feature_id":"lqv-wat-00019"},"geometry":{"type":"MultiLineString","coordinates":[[[-57.074209964525,-25.623075922995],[-57.076432186685,-25.624742589615],[-57.079209964385,-25.626409256235],[-57.081432186545,-25.628631478395],[-57.084209964245,-25.629742589475],[-57.084765519785,-25.629742589475]],[[-57.084765519785,-25.629742589475],[-57.084765519785,-25.630298145015]]]}},{"type":"Feature","properties":{"category":"tributary","class":"tributary","threshold_label":"tributaries \u2265 200 cells","catchment_km2":9.27,"accumulation_cells":286,"vertex_count":401,"decimated":true,"source":"dem_streams","class_label":"Tributary (5\u201325 km\u00b2, DEM)","color":"#3b82f6","width":2.2,"draw_priority":2,"feature_id":"lqv-wat-00021"},"geometry":{"type":"MultiLineString","coordinates":[[[-57.069209964665,-25.675298143755],[-57.071987742365,-25.674742588215],[-57.073654408985,-25.675298143755]],[[-57.073654408985,-25.675298143755],[-57.073654408985,-25.675853699295]]]}},{"type":"Feature","properties":{"category":"tributary","class":"tributary","threshold_label":"tributaries \u2265 200 cells","catchment_km2":5.25,"accumulation_cells":162,"vertex_count":10,"decimated":false,"source":"dem_streams","class_label":"Tributary (5\u201325 km\u00b2, DEM)","color":"#3b82f6","width":2.2,"draw_priority":2,"feature_id":"lqv-wat-00022"},"geometry":{"type":"LineString","coordinates":[[-57.064765520345,-25.567520368994998],[-57.065321075885,-25.568075924534998],[-57.065876631425,-25.568631480075],[-57.065876631425,-25.569187035615],[-57.065876631425,-25.569742591155],[-57.066432186965,-25.570298146695],[-57.066432186965,-25.570853702235],[-57.066987742505,-25.571409257775],[-57.066987742505,-25.571964813315],[-57.066987742505,-25.572520368855]]}},{"type":"Feature","properties":{"category":"tributary","class":"tributary","threshold_label":"tributaries \u2265 200 cells","catchment_km2":15.62,"accumulation_cells":482,"vertex_count":401,"decimated":true,"source":"dem_streams","class_label":"Tributary (5\u201325 km\u00b2, DEM)","color":"#3b82f6","width":2.2,"draw_priority":2,"feature_id":"lqv-wat-00023"},"geometry":{"type":"LineString","coordinates":[[-57.064209964805,-25.689742587795],[-57.066987742505,-25.691409254415]]}},{"type":"Feature","properties":{"category":"tributary","class":"tributary","threshold_label":"tributaries \u2265 200 cells","catchment_km2":20.09,"accumulation_cells":620,"vertex_count":401,"decimated":true,"source":"dem_streams","class_label":"Tributary (5\u201325 km\u00b2, DEM)","color":"#3b82f6","width":2.2,"draw_priority":2,"feature_id":"lqv-wat-00024"},"geometry":{"type":"LineString","coordinates":[[-57.060321076025,-25.666409255115],[-57.061432187105,-25.665298144035]]}},{"type":"Feature","properties":{"category":"tributary","class":"tributary","threshold_label":"tributaries \u2265 200 cells","catchment_km2":13.96,"accumulation_cells":431,"vertex_count":401,"decimated":true,"source":"dem_streams","class_label":"Tributary (5\u201325 km\u00b2, DEM)","color":"#3b82f6","width":2.2,"draw_priority":2,"feature_id":"lqv-wat-00025"},"geometry":{"type":"LineString","coordinates":[[-57.055321076165,-25.603631479095],[-57.058098853865,-25.605298145715],[-57.059209964945,-25.604742590175]]}},{"type":"Feature","properties":{"category":"tributary","class":"tributary","threshold_label":"tributaries \u2265 200 cells","catchment_km2":11.08,"accumulation_cells":342,"vertex_count":7,"decimated":false,"source":"dem_streams","class_label":"Tributary (5\u201325 km\u00b2, DEM)","color":"#3b82f6","width":2.2,"draw_priority":2,"feature_id":"lqv-wat-00026"},"geometry":{"type":"LineString","coordinates":[[-57.050876631845,-25.630298145015],[-57.051432187385,-25.630298145015],[-57.051987742925,-25.630853700555],[-57.052543298465,-25.630853700555],[-57.053098854005,-25.630853700555],[-57.053654409545,-25.631409256095],[-57.054209965085,-25.631409256095]]}},{"type":"Feature","properties":{"category":"tributary","class":"tributary","threshold_label":"tributaries \u2265 200 cells","catchment_km2":7.52,"accumulation_cells":232,"vertex_count":401,"decimated":true,"source":"dem_streams","class_label":"Tributary (5\u201325 km\u00b2, DEM)","color":"#3b82f6","width":2.2,"draw_priority":2,"feature_id":"lqv-wat-00027"},"geometry":{"type":"LineString","coordinates":[[-57.039765521045,-25.697520365355],[-57.039946065926664,-25.698062]]}},{"type":"Feature","properties":{"category":"tributary","class":"tributary","threshold_label":"tributaries \u2265 200 cells","catchment_km2":15.03,"accumulation_cells":464,"vertex_count":401,"decimated":true,"source":"dem_streams","class_label":"Tributary (5\u201325 km\u00b2, DEM)","color":"#3b82f6","width":2.2,"draw_priority":2,"feature_id":"lqv-wat-00028"},"geometry":{"type":"LineString","coordinates":[[-57.035876632265,-25.616409256515],[-57.035321076725,-25.616409256515]]}},{"type":"Feature","properties":{"category":"tributary","class":"tributary","threshold_label":"tributaries \u2265 200 cells","catchment_km2":7.61,"accumulation_cells":235,"vertex_count":401,"decimated":true,"source":"dem_streams","class_label":"Tributary (5\u201325 km\u00b2, DEM)","color":"#3b82f6","width":2.2,"draw_priority":2,"feature_id":"lqv-wat-00029"},"geometry":{"type":"MultiLineString","coordinates":[[[-57.035321076725,-25.585298146275],[-57.035321076725,-25.584742590735]],[[-57.035321076725,-25.584742590735],[-57.035321076725,-25.584187035195]]]}},{"type":"Feature","properties":{"category":"tributary","class":"tributary","threshold_label":"tributaries \u2265 200 cells","catchment_km2":15.03,"accumulation_cells":464,"vertex_count":401,"decimated":true,"source":"dem_streams","class_label":"Tributary (5\u201325 km\u00b2, DEM)","color":"#3b82f6","width":2.2,"draw_priority":2,"feature_id":"lqv-wat-00030"},"geometry":{"type":"LineString","coordinates":[[-57.033098854565,-25.618075923135],[-57.031987743485,-25.617520367595]]}},{"type":"Feature","properties":{"category":"tributary","class":"tributary","threshold_label":"tributaries \u2265 200 cells","catchment_km2":14.97,"accumulation_cells":462,"vertex_count":401,"decimated":true,"source":"dem_streams","class_label":"Tributary (5\u201325 km\u00b2, DEM)","color":"#3b82f6","width":2.2,"draw_priority":2,"feature_id":"lqv-wat-00031"},"geometry":{"type":"LineString","coordinates":[[-57.025321077005,-25.676409254835],[-57.026432188084996,-25.679187032535],[-57.026432188084996,-25.680298143614998]]}},{"type":"Feature","properties":{"category":"tributary","class":"tributary","threshold_label":"tributaries \u2265 200 cells","catchment_km2":14.39,"accumulation_cells":444,"vertex_count":401,"decimated":true,"source":"dem_streams","class_label":"Tributary (5\u201325 km\u00b2, DEM)","color":"#3b82f6","width":2.2,"draw_priority":2,"feature_id":"lqv-wat-00032"},"geometry":{"type":"LineString","coordinates":[[-56.998654411085,-25.663631477415],[-56.998098855545,-25.663075921875]]}},{"type":"Feature","properties":{"category":"tributary","class":"tributary","threshold_label":"tributaries \u2265 200 cells","catchment_km2":9.56,"accumulation_cells":295,"vertex_count":401,"decimated":true,"source":"dem_streams","class_label":"Tributary (5\u201325 km\u00b2, DEM)","color":"#3b82f6","width":2.2,"draw_priority":2,"feature_id":"lqv-wat-00033"},"geometry":{"type":"MultiLineString","coordinates":[[[-56.980321078265,-25.521409259174998],[-56.979765522725,-25.518631481474998]],[[-56.979765522725,-25.518631481474998],[-56.979765522725,-25.519187037014998]]]}},{"type":"Feature","properties":{"category":"tributary","class":"tributary","threshold_label":"tributaries \u2265 200 cells","catchment_km2":6.9,"accumulation_cells":213,"vertex_count":401,"decimated":true,"source":"dem_streams","class_label":"Tributary (5\u201325 km\u00b2, DEM)","color":"#3b82f6","width":2.2,"draw_priority":2,"feature_id":"lqv-wat-00034"},"geometry":{"type":"LineString","coordinates":[[-56.978098856105,-25.642520366895],[-56.978654411645,-25.641964811355]]}},{"type":"Feature","properties":{"category":"tributary","class":"tributary","threshold_label":"tributaries \u2265 200 cells","catchment_km2":11.6,"accumulation_cells":358,"vertex_count":401,"decimated":true,"source":"dem_streams","class_label":"Tributary (5\u201325 km\u00b2, DEM)","color":"#3b82f6","width":2.2,"draw_priority":2,"feature_id":"lqv-wat-00035"},"geometry":{"type":"MultiLineString","coordinates":[[[-56.967543300845,-25.584742590735],[-56.966987745305,-25.581964813035],[-56.964765523145,-25.579187035335],[-56.965876634225,-25.576409257635],[-56.963654412065,-25.574187035475],[-56.963098856525,-25.573631479935]],[[-56.963098856525,-25.573631479935],[-56.963098856525,-25.573075924395]]]}},{"type":"Feature","properties":{"category":"tributary","class":"tributary","threshold_label":"tributaries \u2265 200 cells","catchment_km2":14.97,"accumulation_cells":462,"vertex_count":401,"decimated":true,"source":"dem_streams","class_label":"Tributary (5\u201325 km\u00b2, DEM)","color":"#3b82f6","width":2.2,"draw_priority":2,"feature_id":"lqv-wat-00036"},"geometry":{"type":"MultiLineString","coordinates":[[[-56.953098856805,-25.549742591715],[-56.953098856805,-25.549187036175]],[[-56.953098856805,-25.549187036175],[-56.952543301265,-25.548631480635]]]}},{"type":"Feature","properties":{"category":"tributary","class":"tributary","threshold_label":"headwaters \u2265 80 cells","catchment_km2":6.77,"accumulation_cells":209,"vertex_count":401,"decimated":true,"source":"dem_streams","class_label":"Tributary (5\u201325 km\u00b2, DEM)","color":"#3b82f6","width":2.2,"draw_priority":2,"feature_id":"lqv-wat-00037"},"geometry":{"type":"MultiLineString","coordinates":[[[-57.129765518525,-25.583631479655],[-57.129765518525,-25.584187035195]],[[-57.129765518525,-25.584187035195],[-57.129765518525,-25.584742590735]]]}},{"type":"Feature","properties":{"category":"tributary","class":"tributary","threshold_label":"headwaters \u2265 80 cells","catchment_km2":7.45,"accumulation_cells":230,"vertex_count":401,"decimated":true,"source":"dem_streams","class_label":"Tributary (5\u201325 km\u00b2, DEM)","color":"#3b82f6","width":2.2,"draw_priority":2,"feature_id":"lqv-wat-00038"},"geometry":{"type":"MultiLineString","coordinates":[[[-57.128654407445,-25.555853702655],[-57.129209962985,-25.555853702655]],[[-57.129209962985,-25.555853702655],[-57.129765518525,-25.555853702655]]]}},{"type":"Feature","properties":{"category":"tributary","class":"tributary","threshold_label":"headwaters \u2265 80 cells","catchment_km2":8.33,"accumulation_cells":257,"vertex_count":401,"decimated":true,"source":"dem_streams","class_label":"Tributary (5\u201325 km\u00b2, DEM)","color":"#3b82f6","width":2.2,"draw_priority":2,"feature_id":"lqv-wat-00039"},"geometry":{"type":"MultiLineString","coordinates":[[[-57.128098851905,-25.534742592135],[-57.129765518525,-25.536409258755]],[[-57.129765518525,-25.536409258755],[-57.129765518525,-25.536964814295]]]}},{"type":"Feature","properties":{"category":"tributary","class":"tributary","threshold_label":"headwaters \u2265 80 cells","catchment_km2":9.14,"accumulation_cells":282,"vertex_count":401,"decimated":true,"source":"dem_streams","class_label":"Tributary (5\u201325 km\u00b2, DEM)","color":"#3b82f6","width":2.2,"draw_priority":2,"feature_id":"lqv-wat-00040"},"geometry":{"type":"MultiLineString","coordinates":[[[-57.128098851905,-25.685853699015],[-57.128654407445,-25.685853699015]],[[-57.128654407445,-25.685853699015],[-57.128654407445,-25.685298143475]]]}},{"type":"Feature","properties":{"category":"tributary","class":"tributary","threshold_label":"headwaters \u2265 80 cells","catchment_km2":6.74,"accumulation_cells":208,"vertex_count":401,"decimated":true,"source":"dem_streams","class_label":"Tributary (5\u201325 km\u00b2, DEM)","color":"#3b82f6","width":2.2,"draw_priority":2,"feature_id":"lqv-wat-00042"},"geometry":{"type":"MultiLineString","coordinates":[[[-57.126432185285,-25.566409257914998],[-57.129209962985,-25.565298146834998],[-57.129765518525,-25.565298146834998]],[[-57.129765518525,-25.565298146834998],[-57.129765518525,-25.564742591294998]]]}},{"type":"Feature","properties":{"category":"tributary","class":"tributary","threshold_label":"headwaters \u2265 80 cells","catchment_km2":6.12,"accumulation_cells":189,"vertex_count":8,"decimated":false,"source":"dem_streams","class_label":"Tributary (5\u201325 km\u00b2, DEM)","color":"#3b82f6","width":2.2,"draw_priority":2,"feature_id":"lqv-wat-00043"},"geometry":{"type":"LineString","coordinates":[[-57.125321074205,-25.681964810234998],[-57.125876629745,-25.682520365774998],[-57.126432185285,-25.682520365774998],[-57.126987740825,-25.683075921314998],[-57.127543296365,-25.683075921314998],[-57.128098851905,-25.683631476855],[-57.128098851905,-25.684187032395],[-57.128654407445,-25.684742587935]]}},{"type":"Feature","properties":{"category":"tributary","class":"tributary","threshold_label":"headwaters \u2265 80 cells","catchment_km2":5.48,"accumulation_cells":169,"vertex_count":401,"decimated":true,"source":"dem_streams","class_label":"Tributary (5\u201325 km\u00b2, DEM)","color":"#3b82f6","width":2.2,"draw_priority":2,"feature_id":"lqv-wat-00044"},"geometry":{"type":"MultiLineString","coordinates":[[[-57.123098852045,-25.671964810515],[-57.125876629745,-25.670298143895],[-57.126987740825,-25.669742588355]],[[-57.126987740825,-25.669742588355],[-57.126432185285,-25.669187032815]]]}},{"type":"Feature","properties":{"category":"tributary","class":"tributary","threshold_label":"headwaters \u2265 80 cells","catchment_km2":6.58,"accumulation_cells":203,"vertex_count":401,"decimated":true,"source":"dem_streams","class_label":"Tributary (5\u201325 km\u00b2, DEM)","color":"#3b82f6","width":2.2,"draw_priority":2,"feature_id":"lqv-wat-00045"},"geometry":{"type":"LineString","coordinates":[[-57.121987740965,-25.606409256795],[-57.124765518665,-25.606409256795]]}},{"type":"Feature","properties":{"category":"tributary","class":"tributary","threshold_label":"headwaters \u2265 80 cells","catchment_km2":8.0,"accumulation_cells":247,"vertex_count":401,"decimated":true,"source":"dem_streams","class_label":"Tributary (5\u201325 km\u00b2, DEM)","color":"#3b82f6","width":2.2,"draw_priority":2,"feature_id":"lqv-wat-00046"},"geometry":{"type":"MultiLineString","coordinates":[[[-57.121432185425,-25.586409257355],[-57.123098852045,-25.586409257355]],[[-57.123098852045,-25.586409257355],[-57.123098852045,-25.586964812895]]]}},{"type":"Feature","properties":{"category":"tributary","class":"tributary","threshold_label":"headwaters \u2265 80 cells","catchment_km2":7.35,"accumulation_cells":227,"vertex_count":401,"decimated":true,"source":"dem_streams","class_label":"Tributary (5\u201325 km\u00b2, DEM)","color":"#3b82f6","width":2.2,"draw_priority":2,"feature_id":"lqv-wat-00047"},"geometry":{"type":"MultiLineString","coordinates":[[[-57.114765518945,-25.626964811775],[-57.115321074485,-25.626409256235]],[[-57.115321074485,-25.626409256235],[-57.115876630025,-25.626409256235]]]}},{"type":"Feature","properties":{"category":"tributary","class":"tributary","threshold_label":"headwaters \u2265 80 cells","catchment_km2":7.45,"accumulation_cells":230,"vertex_count":8,"decimated":false,"source":"dem_streams","class_label":"Tributary (5\u201325 km\u00b2, DEM)","color":"#3b82f6","width":2.2,"draw_priority":2,"feature_id":"lqv-wat-00048"},"geometry":{"type":"LineString","coordinates":[[-57.112543296785,-25.667520366195],[-57.113098852325,-25.666964810655],[-57.113654407865,-25.666964810655],[-57.114209963405,-25.666409255115],[-57.114765518945,-25.665853699575],[-57.115321074485,-25.665298144035],[-57.115321074485,-25.664742588495],[-57.115321074485,-25.664187032955]]}},{"type":"Feature","properties":{"category":"tributary","class":"tributary","threshold_label":"headwaters \u2265 80 cells","catchment_km2":5.22,"accumulation_cells":161,"vertex_count":401,"decimated":true,"source":"dem_streams","class_label":"Tributary (5\u201325 km\u00b2, DEM)","color":"#3b82f6","width":2.2,"draw_priority":2,"feature_id":"lqv-wat-00049"},"geometry":{"type":"MultiLineString","coordinates":[[[-57.111432185705,-25.546964814015],[-57.113098852325,-25.549187036175]],[[-57.113098852325,-25.549187036175],[-57.112543296785,-25.549187036175]]]}},{"type":"Feature","properties":{"category":"tributary","class":"tributary","threshold_label":"headwaters \u2265 80 cells","catchment_km2":11.08,"accumulation_cells":342,"vertex_count":401,"decimated":true,"source":"dem_streams","class_label":"Tributary (5\u201325 km\u00b2, DEM)","color":"#3b82f6","width":2.2,"draw_priority":2,"feature_id":"lqv-wat-00050"},"geometry":{"type":"LineString","coordinates":[[-57.106432185845,-25.525298147955],[-57.104209963685,-25.523075925795]]}},{"type":"Feature","properties":{"category":"tributary","class":"tributary","threshold_label":"headwaters \u2265 80 cells","catchment_km2":7.42,"accumulation_cells":229,"vertex_count":20,"decimated":false,"source":"dem_streams","class_label":"Tributary (5\u201325 km\u00b2, DEM)","color":"#3b82f6","width":2.2,"draw_priority":2,"feature_id":"lqv-wat-00051"},"geometry":{"type":"LineString","coordinates":[[-57.104209963685,-25.638075922575],[-57.104765519225,-25.638631478115],[-57.105321074765,-25.638631478115],[-57.105876630305,-25.638631478115],[-57.106432185845,-25.638075922575],[-57.106987741385,-25.638075922575],[-57.107543296925,-25.638075922575],[-57.108098852465,-25.638075922575],[-57.108654408005,-25.638075922575],[-57.109209963545,-25.638631478115],[-57.109765519085,-25.639187033655],[-57.110321074625,-25.639187033655],[-57.110876630165,-25.639187033655],[-57.111432185705,-25.639187033655],[-57.111987741245,-25.639742589195],[-57.112543296785,-25.640298144735],[-57.113098852325,-25.640853700275],[-57.113654407865,-25.640853700275],[-57.114209963405,-25.641409255815],[-57.114765518945,-25.641964811355]]}},{"type":"Feature","properties":{"category":"tributary","class":"tributary","threshold_label":"headwaters \u2265 80 cells","catchment_km2":15.62,"accumulation_cells":482,"vertex_count":401,"decimated":true,"source":"dem_streams","class_label":"Tributary (5\u201325 km\u00b2, DEM)","color":"#3b82f6","width":2.2,"draw_priority":2,"feature_id":"lqv-wat-00052"},"geometry":{"type":"LineString","coordinates":[[-57.103654408145,-25.557520369275],[-57.106432185845,-25.556964813735],[-57.108654408005,-25.559187035895],[-57.110321074625,-25.561409258055]]}},{"type":"Feature","properties":{"category":"tributary","class":"tributary","threshold_label":"headwaters \u2265 80 cells","catchment_km2":10.59,"accumulation_cells":327,"vertex_count":7,"decimated":false,"source":"dem_streams","class_label":"Tributary (5\u201325 km\u00b2, DEM)","color":"#3b82f6","width":2.2,"draw_priority":2,"feature_id":"lqv-wat-00053"},"geometry":{"type":"LineString","coordinates":[[-57.103654408145,-25.560298146975],[-57.104209963685,-25.560298146975],[-57.104765519225,-25.560298146975],[-57.105321074765,-25.559742591435],[-57.105876630305,-25.559187035895],[-57.106432185845,-25.559187035895],[-57.106987741385,-25.558631480355]]}},{"type":"Feature","properties":{"category":"tributary","class":"tributary","threshold_label":"headwaters \u2265 80 cells","catchment_km2":7.0,"accumulation_cells":216,"vertex_count":401,"decimated":true,"source":"dem_streams","class_label":"Tributary (5\u201325 km\u00b2, DEM)","color":"#3b82f6","width":2.2,"draw_priority":2,"feature_id":"lqv-wat-00054"},"geometry":{"type":"MultiLineString","coordinates":[[[-57.101987741525,-25.547520369555],[-57.103098852605,-25.550298147255]],[[-57.103098852605,-25.550298147255],[-57.103098852605,-25.549742591715]]]}},{"type":"Feature","properties":{"category":"tributary","class":"tributary","threshold_label":"headwaters \u2265 80 cells","catchment_km2":6.12,"accumulation_cells":189,"vertex_count":9,"decimated":false,"source":"dem_streams","class_label":"Tributary (5\u201325 km\u00b2, DEM)","color":"#3b82f6","width":2.2,"draw_priority":2,"feature_id":"lqv-wat-00055"},"geometry":{"type":"LineString","coordinates":[[-57.101432185985,-25.610853701114998],[-57.101987741525,-25.610298145575],[-57.102543297065,-25.610298145575],[-57.103098852605,-25.609742590035],[-57.103654408145,-25.609187034495],[-57.104209963685,-25.609187034495],[-57.104765519225,-25.609187034495],[-57.105321074765,-25.609187034495],[-57.105876630305,-25.609187034495]]}},{"type":"Feature","properties":{"category":"tributary","class":"tributary","threshold_label":"headwaters \u2265 80 cells","catchment_km2":5.51,"accumulation_cells":170,"vertex_count":5,"decimated":false,"source":"dem_streams","class_label":"Tributary (5\u201325 km\u00b2, DEM)","color":"#3b82f6","width":2.2,"draw_priority":2,"feature_id":"lqv-wat-00056"},"geometry":{"type":"LineString","coordinates":[[-57.101432185985,-25.627520367315],[-57.101987741525,-25.628075922855],[-57.102543297065,-25.628075922855],[-57.103098852605,-25.628631478395],[-57.103654408145,-25.628631478395]]}},{"type":"Feature","properties":{"category":"tributary","class":"tributary","threshold_label":"headwaters \u2265 80 cells","catchment_km2":5.15,"accumulation_cells":159,"vertex_count":10,"decimated":false,"source":"dem_streams","class_label":"Tributary (5\u201325 km\u00b2, DEM)","color":"#3b82f6","width":2.2,"draw_priority":2,"feature_id":"lqv-wat-00057"},"geometry":{"type":"LineString","coordinates":[[-57.099765519365,-25.563075924675],[-57.100321074905,-25.563075924675],[-57.100876630445,-25.563075924675],[-57.101432185985,-25.562520369135],[-57.101987741525,-25.562520369135],[-57.102543297065,-25.561964813595],[-57.103098852605,-25.561964813595],[-57.103654408145,-25.561409258055],[-57.103654408145,-25.560853702515],[-57.104209963685,-25.560853702515]]}},{"type":"Feature","properties":{"category":"tributary","class":"tributary","threshold_label":"headwaters \u2265 80 cells","catchment_km2":12.64,"accumulation_cells":390,"vertex_count":6,"decimated":true,"source":"dem_streams","class_label":"Tributary (5\u201325 km\u00b2, DEM)","color":"#3b82f6","width":2.2,"draw_priority":2,"feature_id":"lqv-wat-00058"},"geometry":{"type":"LineString","coordinates":[[-57.095876630584996,-25.681409254694998],[-57.098654408285,-25.683075921314998],[-57.101432185985,-25.685298143475],[-57.102543297065,-25.688075921175],[-57.104209963685,-25.690853698875],[-57.104209963685,-25.691409254415]]}},{"type":"Feature","properties":{"category":"tributary","class":"tributary","threshold_label":"headwaters \u2265 80 cells","catchment_km2":7.29,"accumulation_cells":225,"vertex_count":401,"decimated":true,"source":"dem_streams","class_label":"Tributary (5\u201325 km\u00b2, DEM)","color":"#3b82f6","width":2.2,"draw_priority":2,"feature_id":"lqv-wat-00059"},"geometry":{"type":"MultiLineString","coordinates":[[[-57.088654408565,-25.542520369694998],[-57.089209964105,-25.539742591995],[-57.088654408565,-25.536964814295],[-57.087543297485,-25.534742592135],[-57.085321075325,-25.532520369975],[-57.084209964245,-25.530853703355]],[[-57.084209964245,-25.530853703355],[-57.083654408705,-25.530853703355]]]}},{"type":"Feature","properties":{"category":"tributary","class":"tributary","threshold_label":"headwaters \u2265 80 cells","catchment_km2":14.58,"accumulation_cells":450,"vertex_count":401,"decimated":true,"source":"dem_streams","class_label":"Tributary (5\u201325 km\u00b2, DEM)","color":"#3b82f6","width":2.2,"draw_priority":2,"feature_id":"lqv-wat-00060"},"geometry":{"type":"LineString","coordinates":[[-57.086432186405,-25.633631478255],[-57.086432186405,-25.636409255954998],[-57.086432186405,-25.639187033655],[-57.086432186405,-25.639742589195]]}},{"type":"Feature","properties":{"category":"tributary","class":"tributary","threshold_label":"headwaters \u2265 80 cells","catchment_km2":17.95,"accumulation_cells":554,"vertex_count":401,"decimated":true,"source":"dem_streams","class_label":"Tributary (5\u201325 km\u00b2, DEM)","color":"#3b82f6","width":2.2,"draw_priority":2,"feature_id":"lqv-wat-00061"},"geometry":{"type":"MultiLineString","coordinates":[[[-57.085876630865,-25.538075925375],[-57.085321075325,-25.535298147675],[-57.083098853165,-25.533075925515],[-57.082543297625,-25.532520369975]],[[-57.082543297625,-25.532520369975],[-57.081987742085,-25.531964814435]]]}},{"type":"Feature","properties":{"category":"tributary","class":"tributary","threshold_label":"headwaters \u2265 80 cells","catchment_km2":7.39,"accumulation_cells":228,"vertex_count":18,"decimated":false,"source":"dem_streams","class_label":"Tributary (5\u201325 km\u00b2, DEM)","color":"#3b82f6","width":2.2,"draw_priority":2,"feature_id":"lqv-wat-00062"},"geometry":{"type":"LineString","coordinates":[[-57.082543297625,-25.541964814154998],[-57.082543297625,-25.541409258615],[-57.081987742085,-25.540853703075],[-57.081987742085,-25.540298147535],[-57.081987742085,-25.539742591995],[-57.081432186545,-25.539187036455],[-57.080876631005,-25.538631480915],[-57.080876631005,-25.538075925375],[-57.080321075465,-25.537520369835],[-57.080321075465,-25.536964814295],[-57.080876631005,-25.536409258755],[-57.080876631005,-25.535853703215],[-57.081432186545,-25.535298147675],[-57.081432186545,-25.534742592135],[-57.081432186545,-25.534187036595],[-57.081432186545,-25.533631481055],[-57.081987742085,-25.533075925515],[-57.081987742085,-25.532520369975]]}},{"type":"Feature","properties":{"category":"tributary","class":"tributary","threshold_label":"headwaters \u2265 80 cells","catchment_km2":16.49,"accumulation_cells":509,"vertex_count":401,"decimated":true,"source":"dem_streams","class_label":"Tributary (5\u201325 km\u00b2, DEM)","color":"#3b82f6","width":2.2,"draw_priority":2,"feature_id":"lqv-wat-00063"},"geometry":{"type":"MultiLineString","coordinates":[[[-57.081432186545,-25.549187036175],[-57.079209964385,-25.546409258475],[-57.078098853305,-25.543631480774998],[-57.078098853305,-25.541964814154998]],[[-57.078098853305,-25.541964814154998],[-57.078098853305,-25.541409258615]]]}},{"type":"Feature","properties":{"category":"tributary","class":"tributary","threshold_label":"headwaters \u2265 80 cells","catchment_km2":7.71,"accumulation_cells":238,"vertex_count":401,"decimated":true,"source":"dem_streams","class_label":"Tributary (5\u201325 km\u00b2, DEM)","color":"#3b82f6","width":2.2,"draw_priority":2,"feature_id":"lqv-wat-00064"},"geometry":{"type":"LineString","coordinates":[[-57.081432186545,-25.594742590455],[-57.081987742085,-25.596409257075]]}},{"type":"Feature","properties":{"category":"tributary","class":"tributary","threshold_label":"headwaters \u2265 80 cells","catchment_km2":5.64,"accumulation_cells":174,"vertex_count":401,"decimated":true,"source":"dem_streams","class_label":"Tributary (5\u201325 km\u00b2, DEM)","color":"#3b82f6","width":2.2,"draw_priority":2,"feature_id":"lqv-wat-00065"},"geometry":{"type":"MultiLineString","coordinates":[[[-57.072543297905,-25.520298148094998],[-57.075321075605,-25.518631481474998],[-57.075876631145,-25.518631481474998]],[[-57.075876631145,-25.518631481474998],[-57.076432186685,-25.518631481474998]]]}},{"type":"Feature","properties":{"category":"tributary","class":"tributary","threshold_label":"headwaters \u2265 80 cells","catchment_km2":16.72,"accumulation_cells":516,"vertex_count":401,"decimated":true,"source":"dem_streams","class_label":"Tributary (5\u201325 km\u00b2, DEM)","color":"#3b82f6","width":2.2,"draw_priority":2,"feature_id":"lqv-wat-00066"},"geometry":{"type":"MultiLineString","coordinates":[[[-57.071987742365,-25.623075922995],[-57.074765520065,-25.623075922995],[-57.076987742225,-25.625298145155],[-57.079765519925,-25.626964811775],[-57.081987742085,-25.628631478395],[-57.084765519785,-25.629742589475]],[[-57.084765519785,-25.629742589475],[-57.084765519785,-25.630298145015]]]}},{"type":"Feature","properties":{"category":"tributary","class":"tributary","threshold_label":"headwaters \u2265 80 cells","catchment_km2":9.27,"accumulation_cells":286,"vertex_count":401,"decimated":true,"source":"dem_streams","class_label":"Tributary (5\u201325 km\u00b2, DEM)","color":"#3b82f6","width":2.2,"draw_priority":2,"feature_id":"lqv-wat-00068"},"geometry":{"type":"MultiLineString","coordinates":[[[-57.068098853585,-25.675853699295],[-57.070876631285,-25.674742588215],[-57.073654408985,-25.675298143755]],[[-57.073654408985,-25.675298143755],[-57.073654408985,-25.675853699295]]]}},{"type":"Feature","properties":{"category":"tributary","class":"tributary","threshold_label":"headwaters \u2265 80 cells","catchment_km2":15.68,"accumulation_cells":484,"vertex_count":401,"decimated":true,"source":"dem_streams","class_label":"Tributary (5\u201325 km\u00b2, DEM)","color":"#3b82f6","width":2.2,"draw_priority":2,"feature_id":"lqv-wat-00070"},"geometry":{"type":"MultiLineString","coordinates":[[[-57.065876631425,-25.646409255675],[-57.068654409125,-25.646409255675]],[[-57.068654409125,-25.646409255675],[-57.069209964665,-25.646409255675]]]}},{"type":"Feature","properties":{"category":"tributary","class":"tributary","threshold_label":"headwaters \u2265 80 cells","catchment_km2":5.99,"accumulation_cells":185,"vertex_count":401,"decimated":true,"source":"dem_streams","class_label":"Tributary (5\u201325 km\u00b2, DEM)","color":"#3b82f6","width":2.2,"draw_priority":2,"feature_id":"lqv-wat-00071"},"geometry":{"type":"MultiLineString","coordinates":[[[-57.064765520345,-25.534187036595],[-57.063654409265,-25.531409258895],[-57.061432187105,-25.529187036735]],[[-57.061432187105,-25.529187036735],[-57.060876631565,-25.529187036735]]]}},{"type":"Feature","properties":{"category":"tributary","class":"tributary","threshold_label":"headwaters \u2265 80 cells","catchment_km2":7.03,"accumulation_cells":217,"vertex_count":401,"decimated":true,"source":"dem_streams","class_label":"Tributary (5\u201325 km\u00b2, DEM)","color":"#3b82f6","width":2.2,"draw_priority":2,"feature_id":"lqv-wat-00072"},"geometry":{"type":"MultiLineString","coordinates":[[[-57.064765520345,-25.666964810655],[-57.065876631425,-25.666964810655]],[[-57.065876631425,-25.666964810655],[-57.066432186965,-25.666964810655]]]}},{"type":"Feature","properties":{"category":"tributary","class":"tributary","threshold_label":"headwaters \u2265 80 cells","catchment_km2":12.64,"accumulation_cells":390,"vertex_count":401,"decimated":true,"source":"dem_streams","class_label":"Tributary (5\u201325 km\u00b2, DEM)","color":"#3b82f6","width":2.2,"draw_priority":2,"feature_id":"lqv-wat-00073"},"geometry":{"type":"LineString","coordinates":[[-57.062543298185,-25.572520368855],[-57.065321075885,-25.572520368855],[-57.067543298045,-25.573631479935],[-57.068098853585,-25.574187035475]]}},{"type":"Feature","properties":{"category":"tributary","class":"tributary","threshold_label":"headwaters \u2265 80 cells","catchment_km2":7.0,"accumulation_cells":216,"vertex_count":401,"decimated":true,"source":"dem_streams","class_label":"Tributary (5\u201325 km\u00b2, DEM)","color":"#3b82f6","width":2.2,"draw_priority":2,"feature_id":"lqv-wat-00074"},"geometry":{"type":"LineString","coordinates":[[-57.062543298185,-25.589742590594998],[-57.064765520345,-25.590853701674998]]}},{"type":"Feature","properties":{"category":"tributary","class":"tributary","threshold_label":"headwaters \u2265 80 cells","catchment_km2":15.62,"accumulation_cells":482,"vertex_count":401,"decimated":true,"source":"dem_streams","class_label":"Tributary (5\u201325 km\u00b2, DEM)","color":"#3b82f6","width":2.2,"draw_priority":2,"feature_id":"lqv-wat-00075"},"geometry":{"type":"LineString","coordinates":[[-57.061987742645,-25.688631476715],[-57.064765520345,-25.690298143335],[-57.066987742505,-25.691409254415]]}},{"type":"Feature","properties":{"category":"tributary","class":"tributary","threshold_label":"headwaters \u2265 80 cells","catchment_km2":9.01,"accumulation_cells":278,"vertex_count":16,"decimated":false,"source":"dem_streams","class_label":"Tributary (5\u201325 km\u00b2, DEM)","color":"#3b82f6","width":2.2,"draw_priority":2,"feature_id":"lqv-wat-00076"},"geometry":{"type":"LineString","coordinates":[[-57.061432187105,-25.565298146834998],[-57.061987742645,-25.565298146834998],[-57.062543298185,-25.565298146834998],[-57.063098853725,-25.565853702374998],[-57.063654409265,-25.565853702374998],[-57.064209964805,-25.566409257914998],[-57.064765520345,-25.566964813454998],[-57.064765520345,-25.567520368994998],[-57.065321075885,-25.568075924534998],[-57.065876631425,-25.568631480075],[-57.065876631425,-25.569187035615],[-57.065876631425,-25.569742591155],[-57.066432186965,-25.570298146695],[-57.066432186965,-25.570853702235],[-57.066987742505,-25.571409257775],[-57.066987742505,-25.571964813315]]}},{"type":"Feature","properties":{"category":"tributary","class":"tributary","threshold_label":"headwaters \u2265 80 cells","catchment_km2":6.84,"accumulation_cells":211,"vertex_count":11,"decimated":false,"source":"dem_streams","class_label":"Tributary (5\u201325 km\u00b2, DEM)","color":"#3b82f6","width":2.2,"draw_priority":2,"feature_id":"lqv-wat-00077"},"geometry":{"type":"LineString","coordinates":[[-57.060321076025,-25.543631480774998],[-57.060876631565,-25.543075925234998],[-57.061432187105,-25.542520369694998],[-57.061432187105,-25.541964814154998],[-57.061987742645,-25.541409258615],[-57.062543298185,-25.540853703075],[-57.062543298185,-25.540298147535],[-57.062543298185,-25.539742591995],[-57.063098853725,-25.539187036455],[-57.063654409265,-25.538631480915],[-57.064209964805,-25.538631480915]]}},{"type":"Feature","properties":{"category":"tributary","class":"tributary","threshold_label":"headwaters \u2265 80 cells","catchment_km2":20.09,"accumulation_cells":620,"vertex_count":401,"decimated":true,"source":"dem_streams","class_label":"Tributary (5\u201325 km\u00b2, DEM)","color":"#3b82f6","width":2.2,"draw_priority":2,"feature_id":"lqv-wat-00078"},"geometry":{"type":"LineString","coordinates":[[-57.059209964945,-25.667520366195],[-57.061432187105,-25.665298144035]]}},{"type":"Feature","properties":{"category":"tributary","class":"tributary","threshold_label":"headwaters \u2265 80 cells","catchment_km2":7.91,"accumulation_cells":244,"vertex_count":401,"decimated":true,"source":"dem_streams","class_label":"Tributary (5\u201325 km\u00b2, DEM)","color":"#3b82f6","width":2.2,"draw_priority":2,"feature_id":"lqv-wat-00079"},"geometry":{"type":"LineString","coordinates":[[-57.058098853865,-25.652520366615],[-57.058654409405,-25.655298144315],[-57.058654409405,-25.655853699855]]}},{"type":"Feature","properties":{"category":"tributary","class":"tributary","threshold_label":"headwaters \u2265 80 cells","catchment_km2":8.42,"accumulation_cells":260,"vertex_count":401,"decimated":true,"source":"dem_streams","class_label":"Tributary (5\u201325 km\u00b2, DEM)","color":"#3b82f6","width":2.2,"draw_priority":2,"feature_id":"lqv-wat-00080"},"geometry":{"type":"LineString","coordinates":[[-57.056987742785,-25.626409256235],[-57.057543298325,-25.626964811775]]}},{"type":"Feature","properties":{"category":"tributary","class":"tributary","threshold_label":"headwaters \u2265 80 cells","catchment_km2":8.1,"accumulation_cells":250,"vertex_count":401,"decimated":true,"source":"dem_streams","class_label":"Tributary (5\u201325 km\u00b2, DEM)","color":"#3b82f6","width":2.2,"draw_priority":2,"feature_id":"lqv-wat-00081"},"geometry":{"type":"LineString","coordinates":[[-57.056987742785,-25.696409254275],[-57.05740092921625,-25.698062]]}},{"type":"Feature","properties":{"category":"tributary","class":"tributary","threshold_label":"headwaters \u2265 80 cells","catchment_km2":5.09,"accumulation_cells":157,"vertex_count":14,"decimated":false,"source":"dem_streams","class_label":"Tributary (5\u201325 km\u00b2, DEM)","color":"#3b82f6","width":2.2,"draw_priority":2,"feature_id":"lqv-wat-00082"},"geometry":{"type":"LineString","coordinates":[[-57.053098854005,-25.665298144035],[-57.053654409545,-25.664742588495],[-57.054209965085,-25.664742588495],[-57.054765520625,-25.664742588495],[-57.055321076165,-25.664187032955],[-57.055876631705,-25.664187032955],[-57.056432187245,-25.664187032955],[-57.056987742785,-25.664187032955],[-57.057543298325,-25.664187032955],[-57.058098853865,-25.664187032955],[-57.058654409405,-25.664187032955],[-57.059209964945,-25.664742588495],[-57.059209964945,-25.665298144035],[-57.059765520485,-25.665853699575]]}},{"type":"Feature","properties":{"category":"tributary","class":"tributary","threshold_label":"headwaters \u2265 80 cells","catchment_km2":5.48,"accumulation_cells":169,"vertex_count":10,"decimated":false,"source":"dem_streams","class_label":"Tributary (5\u201325 km\u00b2, DEM)","color":"#3b82f6","width":2.2,"draw_priority":2,"feature_id":"lqv-wat-00083"},"geometry":{"type":"LineString","coordinates":[[-57.051987742925,-25.540298147535],[-57.051987742925,-25.539742591995],[-57.052543298465,-25.539187036455],[-57.052543298465,-25.538631480915],[-57.052543298465,-25.538075925375],[-57.053098854005,-25.537520369835],[-57.053654409545,-25.536964814295],[-57.054209965085,-25.536409258755],[-57.054765520625,-25.535853703215],[-57.054765520625,-25.535298147675]]}},{"type":"Feature","properties":{"category":"tributary","class":"tributary","threshold_label":"headwaters \u2265 80 cells","catchment_km2":13.96,"accumulation_cells":431,"vertex_count":401,"decimated":true,"source":"dem_streams","class_label":"Tributary (5\u201325 km\u00b2, DEM)","color":"#3b82f6","width":2.2,"draw_priority":2,"feature_id":"lqv-wat-00084"},"geometry":{"type":"LineString","coordinates":[[-57.050876631845,-25.599187034775],[-57.053098854005,-25.601409256935],[-57.055321076165,-25.603631479095],[-57.058098853865,-25.605298145715],[-57.059209964945,-25.604742590175]]}},{"type":"Feature","properties":{"category":"tributary","class":"tributary","threshold_label":"headwaters \u2265 80 cells","catchment_km2":11.08,"accumulation_cells":342,"vertex_count":8,"decimated":false,"source":"dem_streams","class_label":"Tributary (5\u201325 km\u00b2, DEM)","color":"#3b82f6","width":2.2,"draw_priority":2,"feature_id":"lqv-wat-00085"},"geometry":{"type":"LineString","coordinates":[[-57.050321076304996,-25.630853700555],[-57.050876631845,-25.630298145015],[-57.051432187385,-25.630298145015],[-57.051987742925,-25.630853700555],[-57.052543298465,-25.630853700555],[-57.053098854005,-25.630853700555],[-57.053654409545,-25.631409256095],[-57.054209965085,-25.631409256095]]}},{"type":"Feature","properties":{"category":"tributary","class":"tributary","threshold_label":"headwaters \u2265 80 cells","catchment_km2":5.18,"accumulation_cells":160,"vertex_count":401,"decimated":true,"source":"dem_streams","class_label":"Tributary (5\u201325 km\u00b2, DEM)","color":"#3b82f6","width":2.2,"draw_priority":2,"feature_id":"lqv-wat-00086"},"geometry":{"type":"MultiLineString","coordinates":[[[-57.049209965225,-25.519742592554998],[-57.051432187385,-25.518631481474998]],[[-57.051432187385,-25.518631481474998],[-57.050876631845,-25.518631481474998]]]}},{"type":"Feature","properties":{"category":"tributary","class":"tributary","threshold_label":"headwaters \u2265 80 cells","catchment_km2":5.18,"accumulation_cells":160,"vertex_count":4,"decimated":false,"source":"dem_streams","class_label":"Tributary (5\u201325 km\u00b2, DEM)","color":"#3b82f6","width":2.2,"draw_priority":2,"feature_id":"lqv-wat-00087"},"geometry":{"type":"LineString","coordinates":[[-57.048654409685,-25.630298145015],[-57.049209965225,-25.629742589475],[-57.049765520765,-25.629742589475],[-57.050321076304996,-25.629742589475]]}},{"type":"Feature","properties":{"category":"tributary","class":"tributary","threshold_label":"headwaters \u2265 80 cells","catchment_km2":7.97,"accumulation_cells":246,"vertex_count":401,"decimated":true,"source":"dem_streams","class_label":"Tributary (5\u201325 km\u00b2, DEM)","color":"#3b82f6","width":2.2,"draw_priority":2,"feature_id":"lqv-wat-00089"},"geometry":{"type":"LineString","coordinates":[[-57.043654409825,-25.529187036735],[-57.040876632125,-25.528075925655],[-57.040321076585,-25.528075925655]]}},{"type":"Feature","properties":{"category":"tributary","class":"tributary","threshold_label":"headwaters \u2265 80 cells","catchment_km2":6.61,"accumulation_cells":204,"vertex_count":401,"decimated":true,"source":"dem_streams","class_label":"Tributary (5\u201325 km\u00b2, DEM)","color":"#3b82f6","width":2.2,"draw_priority":2,"feature_id":"lqv-wat-00090"},"geometry":{"type":"LineString","coordinates":[[-57.043654409825,-25.613631478814998],[-57.040876632125,-25.611964812194998]]}},{"type":"Feature","properties":{"category":"tributary","class":"tributary","threshold_label":"headwaters \u2265 80 cells","catchment_km2":7.71,"accumulation_cells":238,"vertex_count":401,"decimated":true,"source":"dem_streams","class_label":"Tributary (5\u201325 km\u00b2, DEM)","color":"#3b82f6","width":2.2,"draw_priority":2,"feature_id":"lqv-wat-00091"},"geometry":{"type":"MultiLineString","coordinates":[[[-57.039765521045,-25.588075923974998],[-57.036987743345,-25.586964812895],[-57.035321076725,-25.584742590735]],[[-57.035321076725,-25.584742590735],[-57.035321076725,-25.584187035195]]]}},{"type":"Feature","properties":{"category":"tributary","class":"tributary","threshold_label":"headwaters \u2265 80 cells","catchment_km2":15.03,"accumulation_cells":464,"vertex_count":401,"decimated":true,"source":"dem_streams","class_label":"Tributary (5\u201325 km\u00b2, DEM)","color":"#3b82f6","width":2.2,"draw_priority":2,"feature_id":"lqv-wat-00092"},"geometry":{"type":"LineString","coordinates":[[-57.038654409965,-25.619187034215],[-57.036432187805,-25.617520367595],[-57.035321076725,-25.616409256515]]}},{"type":"Feature","properties":{"category":"tributary","class":"tributary","threshold_label":"headwaters \u2265 80 cells","catchment_km2":15.03,"accumulation_cells":464,"vertex_count":401,"decimated":true,"source":"dem_streams","class_label":"Tributary (5\u201325 km\u00b2, DEM)","color":"#3b82f6","width":2.2,"draw_priority":2,"feature_id":"lqv-wat-00093"},"geometry":{"type":"LineString","coordinates":[[-57.036432187805,-25.621409256375],[-57.034209965645,-25.619742589755],[-57.031987743485,-25.617520367595]]}},{"type":"Feature","properties":{"category":"tributary","class":"tributary","threshold_label":"headwaters \u2265 80 cells","catchment_km2":7.29,"accumulation_cells":225,"vertex_count":401,"decimated":true,"source":"dem_streams","class_label":"Tributary (5\u201325 km\u00b2, DEM)","color":"#3b82f6","width":2.2,"draw_priority":2,"feature_id":"lqv-wat-00094"},"geometry":{"type":"LineString","coordinates":[[-57.034209965645,-25.694742587655],[-57.036987743345,-25.695298143195],[-57.039765521045,-25.696964809815],[-57.040131251106665,-25.698062]]}},{"type":"Feature","properties":{"category":"tributary","class":"tributary","threshold_label":"headwaters \u2265 80 cells","catchment_km2":19.47,"accumulation_cells":601,"vertex_count":7,"decimated":true,"source":"dem_streams","class_label":"Tributary (5\u201325 km\u00b2, DEM)","color":"#3b82f6","width":2.2,"draw_priority":2,"feature_id":"lqv-wat-00095"},"geometry":{"type":"LineString","coordinates":[[-57.032543299025,-25.636964811494998],[-57.031432187945,-25.634742589334998],[-57.030321076865,-25.631964811635],[-57.030321076865,-25.629187033935],[-57.030321076865,-25.626409256235],[-57.029765521325,-25.623631478535],[-57.027543299164996,-25.621964811915]]}},{"type":"Feature","properties":{"category":"tributary","class":"tributary","threshold_label":"headwaters \u2265 80 cells","catchment_km2":11.11,"accumulation_cells":343,"vertex_count":401,"decimated":true,"source":"dem_streams","class_label":"Tributary (5\u201325 km\u00b2, DEM)","color":"#3b82f6","width":2.2,"draw_priority":2,"feature_id":"lqv-wat-00096"},"geometry":{"type":"MultiLineString","coordinates":[[[-57.027543299164996,-25.522520370255],[-57.028098854705,-25.519742592554998],[-57.028654410245,-25.518631481474998]],[[-57.028654410245,-25.518631481474998],[-57.028098854705,-25.518631481474998]]]}},{"type":"Feature","properties":{"category":"tributary","class":"tributary","threshold_label":"headwaters \u2265 80 cells","catchment_km2":10.5,"accumulation_cells":324,"vertex_count":401,"decimated":true,"source":"dem_streams","class_label":"Tributary (5\u201325 km\u00b2, DEM)","color":"#3b82f6","width":2.2,"draw_priority":2,"feature_id":"lqv-wat-00097"},"geometry":{"type":"MultiLineString","coordinates":[[[-57.026987743625,-25.591409257215],[-57.029209965785,-25.589187035054998],[-57.028098854705,-25.588075923974998]],[[-57.028098854705,-25.588075923974998],[-57.028654410245,-25.588075923974998]]]}},{"type":"Feature","properties":{"category":"tributary","class":"tributary","threshold_label":"headwaters \u2265 80 cells","catchment_km2":8.39,"accumulation_cells":259,"vertex_count":7,"decimated":false,"source":"dem_streams","class_label":"Tributary (5\u201325 km\u00b2, DEM)","color":"#3b82f6","width":2.2,"draw_priority":2,"feature_id":"lqv-wat-00098"},"geometry":{"type":"LineString","coordinates":[[-57.026987743625,-25.684187032395],[-57.027543299164996,-25.684187032395],[-57.028098854705,-25.684742587935],[-57.028654410245,-25.684742587935],[-57.028654410245,-25.685298143475],[-57.029209965785,-25.685853699015],[-57.029765521325,-25.685853699015]]}},{"type":"Feature","properties":{"category":"tributary","class":"tributary","threshold_label":"headwaters \u2265 80 cells","catchment_km2":14.97,"accumulation_cells":462,"vertex_count":401,"decimated":true,"source":"dem_streams","class_label":"Tributary (5\u201325 km\u00b2, DEM)","color":"#3b82f6","width":2.2,"draw_priority":2,"feature_id":"lqv-wat-00099"},"geometry":{"type":"LineString","coordinates":[[-57.023098854845,-25.673631477135],[-57.025321077005,-25.675853699295],[-57.026432188084996,-25.678631476995],[-57.026432188084996,-25.680298143614998]]}},{"type":"Feature","properties":{"category":"tributary","class":"tributary","threshold_label":"headwaters \u2265 80 cells","catchment_km2":10.66,"accumulation_cells":329,"vertex_count":401,"decimated":true,"source":"dem_streams","class_label":"Tributary (5\u201325 km\u00b2, DEM)","color":"#3b82f6","width":2.2,"draw_priority":2,"feature_id":"lqv-wat-00101"},"geometry":{"type":"MultiLineString","coordinates":[[[-57.016987743905,-25.592520368295],[-57.014209966205,-25.591964812755]],[[-57.014209966205,-25.591964812755],[-57.013654410665,-25.591964812755]]]}},{"type":"Feature","properties":{"category":"tributary","class":"tributary","threshold_label":"headwaters \u2265 80 cells","catchment_km2":5.9,"accumulation_cells":182,"vertex_count":401,"decimated":true,"source":"dem_streams","class_label":"Tributary (5\u201325 km\u00b2, DEM)","color":"#3b82f6","width":2.2,"draw_priority":2,"feature_id":"lqv-wat-00102"},"geometry":{"type":"MultiLineString","coordinates":[[[-57.015876632825,-25.524742592415],[-57.013654410665,-25.523075925795],[-57.010876632965,-25.521409259174998],[-57.008098855265,-25.520298148094998],[-57.005321077565,-25.519742592554998],[-57.004765522025,-25.518631481474998]],[[-57.004765522025,-25.518631481474998],[-57.004209966485,-25.518631481474998]]]}},{"type":"Feature","properties":{"category":"tributary","class":"tributary","threshold_label":"headwaters \u2265 80 cells","catchment_km2":5.44,"accumulation_cells":168,"vertex_count":401,"decimated":true,"source":"dem_streams","class_label":"Tributary (5\u201325 km\u00b2, DEM)","color":"#3b82f6","width":2.2,"draw_priority":2,"feature_id":"lqv-wat-00104"},"geometry":{"type":"LineString","coordinates":[[-57.009209966345,-25.518631481474998],[-57.008098855265,-25.518631481474998]]}},{"type":"Feature","properties":{"category":"tributary","class":"tributary","threshold_label":"headwaters \u2265 80 cells","catchment_km2":8.36,"accumulation_cells":258,"vertex_count":401,"decimated":true,"source":"dem_streams","class_label":"Tributary (5\u201325 km\u00b2, DEM)","color":"#3b82f6","width":2.2,"draw_priority":2,"feature_id":"lqv-wat-00106"},"geometry":{"type":"LineString","coordinates":[[-57.003098855405,-25.554187036035],[-57.005321077565,-25.556409258195]]}},{"type":"Feature","properties":{"category":"tributary","class":"tributary","threshold_label":"headwaters \u2265 80 cells","catchment_km2":6.09,"accumulation_cells":188,"vertex_count":401,"decimated":true,"source":"dem_streams","class_label":"Tributary (5\u201325 km\u00b2, DEM)","color":"#3b82f6","width":2.2,"draw_priority":2,"feature_id":"lqv-wat-00107"},"geometry":{"type":"LineString","coordinates":[[-57.003098855405,-25.595853701535],[-57.002543299865,-25.595853701535]]}},{"type":"Feature","properties":{"category":"tributary","class":"tributary","threshold_label":"headwaters \u2265 80 cells","catchment_km2":8.26,"accumulation_cells":255,"vertex_count":9,"decimated":false,"source":"dem_streams","class_label":"Tributary (5\u201325 km\u00b2, DEM)","color":"#3b82f6","width":2.2,"draw_priority":2,"feature_id":"lqv-wat-00108"},"geometry":{"type":"LineString","coordinates":[[-57.003098855405,-25.683631476855],[-57.003098855405,-25.683075921314998],[-57.002543299865,-25.682520365774998],[-57.001987744325,-25.681964810234998],[-57.001432188785,-25.681409254694998],[-57.000876633245,-25.680853699154998],[-57.000321077705,-25.680298143614998],[-56.999765522165,-25.679742588075],[-56.999209966625,-25.679187032535]]}},{"type":"Feature","properties":{"category":"tributary","class":"tributary","threshold_label":"headwaters \u2265 80 cells","catchment_km2":14.39,"accumulation_cells":444,"vertex_count":401,"decimated":true,"source":"dem_streams","class_label":"Tributary (5\u201325 km\u00b2, DEM)","color":"#3b82f6","width":2.2,"draw_priority":2,"feature_id":"lqv-wat-00109"},"geometry":{"type":"LineString","coordinates":[[-57.002543299865,-25.668075921735],[-56.999765522165,-25.666964810655],[-56.999209966625,-25.664187032955],[-56.998098855545,-25.663075921875]]}},{"type":"Feature","properties":{"category":"tributary","class":"tributary","threshold_label":"headwaters \u2265 80 cells","catchment_km2":5.64,"accumulation_cells":174,"vertex_count":401,"decimated":true,"source":"dem_streams","class_label":"Tributary (5\u201325 km\u00b2, DEM)","color":"#3b82f6","width":2.2,"draw_priority":2,"feature_id":"lqv-wat-00110"},"geometry":{"type":"LineString","coordinates":[[-56.999765522165,-25.574187035475],[-56.998654411085,-25.574187035475]]}},{"type":"Feature","properties":{"category":"tributary","class":"tributary","threshold_label":"headwaters \u2265 80 cells","catchment_km2":5.9,"accumulation_cells":182,"vertex_count":401,"decimated":true,"source":"dem_streams","class_label":"Tributary (5\u201325 km\u00b2, DEM)","color":"#3b82f6","width":2.2,"draw_priority":2,"feature_id":"lqv-wat-00111"},"geometry":{"type":"LineString","coordinates":[[-56.998654411085,-25.523075925795],[-56.996987744465,-25.522520370255]]}},{"type":"Feature","properties":{"category":"tributary","class":"tributary","threshold_label":"headwaters \u2265 80 cells","catchment_km2":6.35,"accumulation_cells":196,"vertex_count":401,"decimated":true,"source":"dem_streams","class_label":"Tributary (5\u201325 km\u00b2, DEM)","color":"#3b82f6","width":2.2,"draw_priority":2,"feature_id":"lqv-wat-00112"},"geometry":{"type":"MultiLineString","coordinates":[[[-56.992543300145,-25.663075921875],[-56.993098855685,-25.663075921875]],[[-56.993098855685,-25.663075921875],[-56.993654411225,-25.663631477415]]]}},{"type":"Feature","properties":{"category":"tributary","class":"tributary","threshold_label":"headwaters \u2265 80 cells","catchment_km2":7.84,"accumulation_cells":242,"vertex_count":401,"decimated":true,"source":"dem_streams","class_label":"Tributary (5\u201325 km\u00b2, DEM)","color":"#3b82f6","width":2.2,"draw_priority":2,"feature_id":"lqv-wat-00113"},"geometry":{"type":"LineString","coordinates":[[-56.988654411365,-25.537520369835],[-56.985876633665,-25.536409258755],[-56.985321078125,-25.536409258755]]}},{"type":"Feature","properties":{"category":"tributary","class":"tributary","threshold_label":"headwaters \u2265 80 cells","catchment_km2":5.48,"accumulation_cells":169,"vertex_count":401,"decimated":true,"source":"dem_streams","class_label":"Tributary (5\u201325 km\u00b2, DEM)","color":"#3b82f6","width":2.2,"draw_priority":2,"feature_id":"lqv-wat-00114"},"geometry":{"type":"MultiLineString","coordinates":[[[-56.986987744745,-25.652520366615],[-56.989765522445,-25.650853699995],[-56.990321077985,-25.650853699995]],[[-56.990321077985,-25.650853699995],[-56.990321077985,-25.650298144455]]]}},{"type":"Feature","properties":{"category":"tributary","class":"tributary","threshold_label":"headwaters \u2265 80 cells","catchment_km2":9.56,"accumulation_cells":295,"vertex_count":401,"decimated":true,"source":"dem_streams","class_label":"Tributary (5\u201325 km\u00b2, DEM)","color":"#3b82f6","width":2.2,"draw_priority":2,"feature_id":"lqv-wat-00115"},"geometry":{"type":"MultiLineString","coordinates":[[[-56.979765522725,-25.524742592415],[-56.980321078265,-25.521964814715],[-56.979765522725,-25.519187037014998]],[[-56.979765522725,-25.519187037014998],[-56.979765522725,-25.518631481474998]]]}},{"type":"Feature","properties":{"category":"tributary","class":"tributary","threshold_label":"headwaters \u2265 80 cells","catchment_km2":5.51,"accumulation_cells":170,"vertex_count":401,"decimated":true,"source":"dem_streams","class_label":"Tributary (5\u201325 km\u00b2, DEM)","color":"#3b82f6","width":2.2,"draw_priority":2,"feature_id":"lqv-wat-00116"},"geometry":{"type":"LineString","coordinates":[[-56.975321078405,-25.555298147115],[-56.972543300705,-25.553631480495],[-56.969765523005,-25.553075924955]]}},{"type":"Feature","properties":{"category":"tributary","class":"tributary","threshold_label":"headwaters \u2265 80 cells","catchment_km2":6.9,"accumulation_cells":213,"vertex_count":401,"decimated":true,"source":"dem_streams","class_label":"Tributary (5\u201325 km\u00b2, DEM)","color":"#3b82f6","width":2.2,"draw_priority":2,"feature_id":"lqv-wat-00117"},"geometry":{"type":"LineString","coordinates":[[-56.974765522865,-25.645853700135],[-56.976987745025,-25.643075922435],[-56.978654411645,-25.641964811355]]}},{"type":"Feature","properties":{"category":"tributary","class":"tributary","threshold_label":"headwaters \u2265 80 cells","catchment_km2":6.12,"accumulation_cells":189,"vertex_count":12,"decimated":false,"source":"dem_streams","class_label":"Tributary (5\u201325 km\u00b2, DEM)","color":"#3b82f6","width":2.2,"draw_priority":2,"feature_id":"lqv-wat-00118"},"geometry":{"type":"LineString","coordinates":[[-56.971432189625,-25.663075921875],[-56.971432189625,-25.662520366335],[-56.971987745165,-25.661964810795],[-56.972543300705,-25.661409255255],[-56.972543300705,-25.660853699715],[-56.972543300705,-25.660298144174998],[-56.971987745165,-25.659742588634998],[-56.972543300705,-25.659187033094998],[-56.971987745165,-25.658631477554998],[-56.971987745165,-25.658075922014998],[-56.971432189625,-25.657520366474998],[-56.971432189625,-25.656964810934998]]}},{"type":"Feature","properties":{"category":"tributary","class":"tributary","threshold_label":"headwaters \u2265 80 cells","catchment_km2":11.63,"accumulation_cells":359,"vertex_count":401,"decimated":true,"source":"dem_streams","class_label":"Tributary (5\u201325 km\u00b2, DEM)","color":"#3b82f6","width":2.2,"draw_priority":2,"feature_id":"lqv-wat-00119"},"geometry":{"type":"MultiLineString","coordinates":[[[-56.969765523005,-25.590853701674998],[-56.969765523005,-25.588075923974998],[-56.968098856385,-25.585298146275],[-56.967543300845,-25.582520368575],[-56.965321078685,-25.579742590875],[-56.965876634225,-25.576964813175],[-56.964209967605,-25.574187035475],[-56.963098856525,-25.573075924395]],[[-56.963098856525,-25.573075924395],[-56.963098856525,-25.573631479935]]]}},{"type":"Feature","properties":{"category":"tributary","class":"tributary","threshold_label":"headwaters \u2265 80 cells","catchment_km2":9.14,"accumulation_cells":282,"vertex_count":401,"decimated":true,"source":"dem_streams","class_label":"Tributary (5\u201325 km\u00b2, DEM)","color":"#3b82f6","width":2.2,"draw_priority":2,"feature_id":"lqv-wat-00120"},"geometry":{"type":"LineString","coordinates":[[-56.968654411925,-25.655298144315],[-56.970876634085,-25.653075922155],[-56.971432189625,-25.651964811075]]}},{"type":"Feature","properties":{"category":"tributary","class":"tributary","threshold_label":"headwaters \u2265 80 cells","catchment_km2":10.4,"accumulation_cells":321,"vertex_count":401,"decimated":true,"source":"dem_streams","class_label":"Tributary (5\u201325 km\u00b2, DEM)","color":"#3b82f6","width":2.2,"draw_priority":2,"feature_id":"lqv-wat-00122"},"geometry":{"type":"MultiLineString","coordinates":[[[-56.965321078685,-25.614187034354998],[-56.965876634225,-25.613631478814998]],[[-56.965876634225,-25.613631478814998],[-56.966432189765,-25.614187034354998]]]}},{"type":"Feature","properties":{"category":"tributary","class":"tributary","threshold_label":"headwaters \u2265 80 cells","catchment_km2":5.51,"accumulation_cells":170,"vertex_count":401,"decimated":true,"source":"dem_streams","class_label":"Tributary (5\u201325 km\u00b2, DEM)","color":"#3b82f6","width":2.2,"draw_priority":2,"feature_id":"lqv-wat-00123"},"geometry":{"type":"MultiLineString","coordinates":[[[-56.964209967605,-25.693631476575],[-56.966432189765,-25.692520365495],[-56.966987745305,-25.693075921035]],[[-56.966987745305,-25.693075921035],[-56.967543300845,-25.693075921035]]]}},{"type":"Feature","properties":{"category":"tributary","class":"tributary","threshold_label":"headwaters \u2265 80 cells","catchment_km2":9.27,"accumulation_cells":286,"vertex_count":401,"decimated":true,"source":"dem_streams","class_label":"Tributary (5\u201325 km\u00b2, DEM)","color":"#3b82f6","width":2.2,"draw_priority":2,"feature_id":"lqv-wat-00124"},"geometry":{"type":"LineString","coordinates":[[-56.963654412065,-25.534742592135],[-56.961432189905,-25.533631481055]]}},{"type":"Feature","properties":{"category":"tributary","class":"tributary","threshold_label":"headwaters \u2265 80 cells","catchment_km2":5.83,"accumulation_cells":180,"vertex_count":401,"decimated":true,"source":"dem_streams","class_label":"Tributary (5\u201325 km\u00b2, DEM)","color":"#3b82f6","width":2.2,"draw_priority":2,"feature_id":"lqv-wat-00125"},"geometry":{"type":"MultiLineString","coordinates":[[[-56.963654412065,-25.644742589055],[-56.964209967605,-25.644742589055]],[[-56.964209967605,-25.644742589055],[-56.964765523145,-25.644742589055]]]}},{"type":"Feature","properties":{"category":"tributary","class":"tributary","threshold_label":"headwaters \u2265 80 cells","catchment_km2":6.48,"accumulation_cells":200,"vertex_count":401,"decimated":true,"source":"dem_streams","class_label":"Tributary (5\u201325 km\u00b2, DEM)","color":"#3b82f6","width":2.2,"draw_priority":2,"feature_id":"lqv-wat-00126"},"geometry":{"type":"MultiLineString","coordinates":[[[-56.955876634505,-25.579187035335],[-56.957543301125,-25.578075924255]],[[-56.957543301125,-25.578075924255],[-56.956987745584996,-25.578075924255]]]}},{"type":"Feature","properties":{"category":"tributary","class":"tributary","threshold_label":"headwaters \u2265 80 cells","catchment_km2":8.23,"accumulation_cells":254,"vertex_count":401,"decimated":true,"source":"dem_streams","class_label":"Tributary (5\u201325 km\u00b2, DEM)","color":"#3b82f6","width":2.2,"draw_priority":2,"feature_id":"lqv-wat-00127"},"geometry":{"type":"LineString","coordinates":[[-56.954765523425,-25.577520368715],[-56.956987745584996,-25.575853702095]]}},{"type":"Feature","properties":{"category":"tributary","class":"tributary","threshold_label":"headwaters \u2265 80 cells","catchment_km2":6.84,"accumulation_cells":211,"vertex_count":401,"decimated":true,"source":"dem_streams","class_label":"Tributary (5\u201325 km\u00b2, DEM)","color":"#3b82f6","width":2.2,"draw_priority":2,"feature_id":"lqv-wat-00128"},"geometry":{"type":"MultiLineString","coordinates":[[[-56.950876634645,-25.605298145715],[-56.950876634645,-25.604742590175]],[[-56.950876634645,-25.604742590175],[-56.950321079105,-25.604742590175]]]}},{"type":"Feature","properties":{"category":"tributary","class":"tributary","threshold_label":"headwaters \u2265 80 cells","catchment_km2":14.97,"accumulation_cells":462,"vertex_count":401,"decimated":true,"source":"dem_streams","class_label":"Tributary (5\u201325 km\u00b2, DEM)","color":"#3b82f6","width":2.2,"draw_priority":2,"feature_id":"lqv-wat-00129"},"geometry":{"type":"MultiLineString","coordinates":[[[-56.950321079105,-25.557520369275],[-56.950321079105,-25.554742591575],[-56.950876634645,-25.552520369415],[-56.953098856805,-25.550298147255],[-56.952543301265,-25.548631480635]],[[-56.952543301265,-25.548631480635],[-56.953098856805,-25.549187036175]]]}},{"type":"Feature","properties":{"category":"tributary","class":"tributary","threshold_label":"headwaters \u2265 80 cells","catchment_km2":5.99,"accumulation_cells":185,"vertex_count":401,"decimated":true,"source":"dem_streams","class_label":"Tributary (5\u201325 km\u00b2, DEM)","color":"#3b82f6","width":2.2,"draw_priority":2,"feature_id":"lqv-wat-00130"},"geometry":{"type":"MultiLineString","coordinates":[[[-56.950321079105,-25.634187033794998],[-56.950321079105,-25.633631478255]],[[-56.950321079105,-25.633631478255],[-56.950321079105,-25.633075922715]]]}},{"type":"Feature","properties":{"category":"creek","class":"creek","threshold_label":"main_rivers \u2265 500 cells","catchment_km2":1.39,"accumulation_cells":43,"vertex_count":7,"decimated":false,"source":"dem_streams","class_label":"Creek (1\u20135 km\u00b2, DEM)","color":"#60a5fa","width":1.6,"draw_priority":3,"feature_id":"lqv-wat-00133"},"geometry":{"type":"LineString","coordinates":[[-57.104209963685,-25.693075921035],[-57.104209963685,-25.693631476575],[-57.104209963685,-25.694187032115],[-57.104765519225,-25.694742587655],[-57.105321074765,-25.695298143195],[-57.105876630305,-25.695853698735],[-57.105876630305,-25.696409254275]]}},{"type":"Feature","properties":{"category":"creek","class":"creek","threshold_label":"tributaries \u2265 200 cells","catchment_km2":1.39,"accumulation_cells":43,"vertex_count":6,"decimated":true,"source":"dem_streams","class_label":"Creek (1\u20135 km\u00b2, DEM)","color":"#60a5fa","width":1.6,"draw_priority":3,"feature_id":"lqv-wat-00136"},"geometry":{"type":"LineString","coordinates":[[-57.098654408285,-25.683075921314998],[-57.101432185985,-25.685298143475],[-57.102543297065,-25.688075921175],[-57.104209963685,-25.690853698875],[-57.104209963685,-25.693631476575],[-57.105876630305,-25.696409254275]]}},{"type":"Feature","properties":{"category":"creek","class":"creek","threshold_label":"tributaries \u2265 200 cells","catchment_km2":2.49,"accumulation_cells":77,"vertex_count":5,"decimated":false,"source":"dem_streams","class_label":"Creek (1\u20135 km\u00b2, DEM)","color":"#60a5fa","width":1.6,"draw_priority":3,"feature_id":"lqv-wat-00137"},"geometry":{"type":"LineString","coordinates":[[-57.055321076165,-25.534742592135],[-57.055321076165,-25.534187036595],[-57.055321076165,-25.533631481055],[-57.055876631705,-25.533631481055],[-57.056432187245,-25.533075925515]]}},{"type":"Feature","properties":{"category":"creek","class":"creek","threshold_label":"tributaries \u2265 200 cells","catchment_km2":4.15,"accumulation_cells":128,"vertex_count":8,"decimated":true,"source":"dem_streams","class_label":"Creek (1\u20135 km\u00b2, DEM)","color":"#60a5fa","width":1.6,"draw_priority":3,"feature_id":"lqv-wat-00138"},"geometry":{"type":"LineString","coordinates":[[-57.016432188365,-25.696409254275],[-57.01849812052125,-25.698062]]}},{"type":"Feature","properties":{"category":"creek","class":"creek","threshold_label":"headwaters \u2265 80 cells","catchment_km2":1.3,"accumulation_cells":40,"vertex_count":7,"decimated":false,"source":"dem_streams","class_label":"Creek (1\u20135 km\u00b2, DEM)","color":"#60a5fa","width":1.6,"draw_priority":3,"feature_id":"lqv-wat-00139"},"geometry":{"type":"LineString","coordinates":[[-57.126432185285,-25.690298143335],[-57.126987740825,-25.689742587795],[-57.126987740825,-25.689187032255],[-57.127543296365,-25.688631476715],[-57.128098851905,-25.688075921175],[-57.128654407445,-25.688075921175],[-57.129209962985,-25.688075921175]]}},{"type":"Feature","properties":{"category":"creek","class":"creek","threshold_label":"headwaters \u2265 80 cells","catchment_km2":4.24,"accumulation_cells":131,"vertex_count":6,"decimated":false,"source":"dem_streams","class_label":"Creek (1\u20135 km\u00b2, DEM)","color":"#60a5fa","width":1.6,"draw_priority":3,"feature_id":"lqv-wat-00140"},"geometry":{"type":"LineString","coordinates":[[-57.121987740965,-25.597520368155],[-57.122543296505,-25.597520368155],[-57.123098852045,-25.597520368155],[-57.123654407585,-25.596964812615],[-57.124209963125,-25.596409257075],[-57.124765518665,-25.595853701535]]}},{"type":"Feature","properties":{"category":"creek","class":"creek","threshold_label":"headwaters \u2265 80 cells","catchment_km2":4.15,"accumulation_cells":128,"vertex_count":4,"decimated":false,"source":"dem_streams","class_label":"Creek (1\u20135 km\u00b2, DEM)","color":"#60a5fa","width":1.6,"draw_priority":3,"feature_id":"lqv-wat-00141"},"geometry":{"type":"LineString","coordinates":[[-57.120876629885,-25.525853703495],[-57.121432185425,-25.526409259035],[-57.121987740965,-25.526964814575],[-57.121987740965,-25.527520370115]]}},{"type":"Feature","properties":{"category":"creek","class":"creek","threshold_label":"headwaters \u2265 80 cells","catchment_km2":3.69,"accumulation_cells":114,"vertex_count":9,"decimated":false,"source":"dem_streams","class_label":"Creek (1\u20135 km\u00b2, DEM)","color":"#60a5fa","width":1.6,"draw_priority":3,"feature_id":"lqv-wat-00142"},"geometry":{"type":"LineString","coordinates":[[-57.118098852185,-25.588631479514998],[-57.118654407724996,-25.588631479514998],[-57.119209963265,-25.588631479514998],[-57.119765518804996,-25.588631479514998],[-57.120321074345,-25.588631479514998],[-57.120876629885,-25.588631479514998],[-57.121432185425,-25.588075923974998],[-57.121987740965,-25.587520368435],[-57.122543296505,-25.586964812895]]}},{"type":"Feature","properties":{"category":"creek","class":"creek","threshold_label":"headwaters \u2265 80 cells","catchment_km2":3.89,"accumulation_cells":120,"vertex_count":401,"decimated":true,"source":"dem_streams","class_label":"Creek (1\u20135 km\u00b2, DEM)","color":"#60a5fa","width":1.6,"draw_priority":3,"feature_id":"lqv-wat-00143"},"geometry":{"type":"MultiLineString","coordinates":[[[-57.117543296645,-25.653075922155],[-57.118098852185,-25.651409255535]],[[-57.118098852185,-25.651409255535],[-57.118654407724996,-25.651964811075]]]}},{"type":"Feature","properties":{"category":"creek","class":"creek","threshold_label":"headwaters \u2265 80 cells","catchment_km2":2.24,"accumulation_cells":69,"vertex_count":10,"decimated":false,"source":"dem_streams","class_label":"Creek (1\u20135 km\u00b2, DEM)","color":"#60a5fa","width":1.6,"draw_priority":3,"feature_id":"lqv-wat-00144"},"geometry":{"type":"LineString","coordinates":[[-57.111987741245,-25.649187033375],[-57.112543296785,-25.649187033375],[-57.113098852325,-25.649187033375],[-57.113654407865,-25.649187033375],[-57.114209963405,-25.649187033375],[-57.114765518945,-25.648631477835],[-57.115321074485,-25.648631477835],[-57.115876630025,-25.648631477835],[-57.115876630025,-25.648075922295],[-57.115321074485,-25.647520366755]]}},{"type":"Feature","properties":{"category":"creek","class":"creek","threshold_label":"headwaters \u2265 80 cells","catchment_km2":4.44,"accumulation_cells":137,"vertex_count":401,"decimated":true,"source":"dem_streams","class_label":"Creek (1\u20135 km\u00b2, DEM)","color":"#60a5fa","width":1.6,"draw_priority":3,"feature_id":"lqv-wat-00145"},"geometry":{"type":"MultiLineString","coordinates":[[[-57.111432185705,-25.519187037014998],[-57.110876630165,-25.518631481474998]],[[-57.110876630165,-25.518631481474998],[-57.110321074625,-25.518631481474998]]]}},{"type":"Feature","properties":{"category":"creek","class":"creek","threshold_label":"headwaters \u2265 80 cells","catchment_km2":4.54,"accumulation_cells":140,"vertex_count":401,"decimated":true,"source":"dem_streams","class_label":"Creek (1\u20135 km\u00b2, DEM)","color":"#60a5fa","width":1.6,"draw_priority":3,"feature_id":"lqv-wat-00146"},"geometry":{"type":"MultiLineString","coordinates":[[[-57.111432185705,-25.565298146834998],[-57.111432185705,-25.564742591294998]],[[-57.111432185705,-25.564742591294998],[-57.111987741245,-25.565298146834998]]]}},{"type":"Feature","properties":{"category":"creek","class":"creek","threshold_label":"headwaters \u2265 80 cells","catchment_km2":1.26,"accumulation_cells":39,"vertex_count":3,"decimated":false,"source":"dem_streams","class_label":"Creek (1\u20135 km\u00b2, DEM)","color":"#60a5fa","width":1.6,"draw_priority":3,"feature_id":"lqv-wat-00147"},"geometry":{"type":"LineString","coordinates":[[-57.107543296925,-25.595853701535],[-57.108098852465,-25.596409257075],[-57.108654408005,-25.596964812615]]}},{"type":"Feature","properties":{"category":"creek","class":"creek","threshold_label":"headwaters \u2265 80 cells","catchment_km2":1.1,"accumulation_cells":34,"vertex_count":6,"decimated":true,"source":"dem_streams","class_label":"Creek (1\u20135 km\u00b2, DEM)","color":"#60a5fa","width":1.6,"draw_priority":3,"feature_id":"lqv-wat-00148"},"geometry":{"type":"LineString","coordinates":[[-57.105876630305,-25.623075922995],[-57.108654408005,-25.621964811915],[-57.111432185705,-25.621964811915],[-57.114209963405,-25.622520367455],[-57.116432185565,-25.623631478535],[-57.116432185565,-25.624187034075]]}},{"type":"Feature","properties":{"category":"creek","class":"creek","threshold_label":"headwaters \u2265 80 cells","catchment_km2":4.83,"accumulation_cells":149,"vertex_count":11,"decimated":false,"source":"dem_streams","class_label":"Creek (1\u20135 km\u00b2, DEM)","color":"#60a5fa","width":1.6,"draw_priority":3,"feature_id":"lqv-wat-00149"},"geometry":{"type":"LineString","coordinates":[[-57.105321074765,-25.578075924255],[-57.105876630305,-25.578075924255],[-57.106432185845,-25.577520368715],[-57.106987741385,-25.578075924255],[-57.107543296925,-25.578075924255],[-57.108098852465,-25.578075924255],[-57.108654408005,-25.578075924255],[-57.109209963545,-25.577520368715],[-57.109765519085,-25.577520368715],[-57.109765519085,-25.576964813175],[-57.110321074625,-25.576409257635]]}},{"type":"Feature","properties":{"category":"creek","class":"creek","threshold_label":"headwaters \u2265 80 cells","catchment_km2":1.39,"accumulation_cells":43,"vertex_count":10,"decimated":false,"source":"dem_streams","class_label":"Creek (1\u20135 km\u00b2, DEM)","color":"#60a5fa","width":1.6,"draw_priority":3,"feature_id":"lqv-wat-00150"},"geometry":{"type":"LineString","coordinates":[[-57.103654408145,-25.691409254415],[-57.104209963685,-25.691964809955],[-57.104209963685,-25.692520365495],[-57.104209963685,-25.693075921035],[-57.104209963685,-25.693631476575],[-57.104209963685,-25.694187032115],[-57.104765519225,-25.694742587655],[-57.105321074765,-25.695298143195],[-57.105876630305,-25.695853698735],[-57.105876630305,-25.696409254275]]}},{"type":"Feature","properties":{"category":"creek","class":"creek","threshold_label":"headwaters \u2265 80 cells","catchment_km2":3.76,"accumulation_cells":116,"vertex_count":401,"decimated":true,"source":"dem_streams","class_label":"Creek (1\u20135 km\u00b2, DEM)","color":"#60a5fa","width":1.6,"draw_priority":3,"feature_id":"lqv-wat-00153"},"geometry":{"type":"MultiLineString","coordinates":[[[-57.099765519365,-25.609742590035],[-57.100321074905,-25.609742590035]],[[-57.100321074905,-25.609742590035],[-57.100876630445,-25.609742590035]]]}},{"type":"Feature","properties":{"category":"creek","class":"creek","threshold_label":"headwaters \u2265 80 cells","catchment_km2":3.05,"accumulation_cells":94,"vertex_count":401,"decimated":true,"source":"dem_streams","class_label":"Creek (1\u20135 km\u00b2, DEM)","color":"#60a5fa","width":1.6,"draw_priority":3,"feature_id":"lqv-wat-00154"},"geometry":{"type":"MultiLineString","coordinates":[[[-57.093654408425,-25.538075925375],[-57.092543297345,-25.536409258755]],[[-57.092543297345,-25.536409258755],[-57.092543297345,-25.536964814295]]]}},{"type":"Feature","properties":{"category":"creek","class":"creek","threshold_label":"headwaters \u2265 80 cells","catchment_km2":1.59,"accumulation_cells":49,"vertex_count":3,"decimated":false,"source":"dem_streams","class_label":"Creek (1\u20135 km\u00b2, DEM)","color":"#60a5fa","width":1.6,"draw_priority":3,"feature_id":"lqv-wat-00155"},"geometry":{"type":"LineString","coordinates":[[-57.090321075185,-25.524742592415],[-57.090321075185,-25.524187036875],[-57.090321075185,-25.523631481335]]}},{"type":"Feature","properties":{"category":"creek","class":"creek","threshold_label":"headwaters \u2265 80 cells","catchment_km2":1.78,"accumulation_cells":55,"vertex_count":6,"decimated":false,"source":"dem_streams","class_label":"Creek (1\u20135 km\u00b2, DEM)","color":"#60a5fa","width":1.6,"draw_priority":3,"feature_id":"lqv-wat-00156"},"geometry":{"type":"LineString","coordinates":[[-57.088654408565,-25.660298144174998],[-57.089209964105,-25.660853699715],[-57.089765519645,-25.660853699715],[-57.090321075185,-25.660853699715],[-57.090321075185,-25.661409255255],[-57.090876630725,-25.661964810795]]}},{"type":"Feature","properties":{"category":"creek","class":"creek","threshold_label":"headwaters \u2265 80 cells","catchment_km2":4.63,"accumulation_cells":143,"vertex_count":401,"decimated":true,"source":"dem_streams","class_label":"Creek (1\u20135 km\u00b2, DEM)","color":"#60a5fa","width":1.6,"draw_priority":3,"feature_id":"lqv-wat-00157"},"geometry":{"type":"MultiLineString","coordinates":[[[-57.086432186405,-25.581409257495],[-57.089209964105,-25.581409257495]],[[-57.089209964105,-25.581409257495],[-57.089765519645,-25.581964813035]]]}},{"type":"Feature","properties":{"category":"creek","class":"creek","threshold_label":"headwaters \u2265 80 cells","catchment_km2":1.94,"accumulation_cells":60,"vertex_count":4,"decimated":false,"source":"dem_streams","class_label":"Creek (1\u20135 km\u00b2, DEM)","color":"#60a5fa","width":1.6,"draw_priority":3,"feature_id":"lqv-wat-00158"},"geometry":{"type":"LineString","coordinates":[[-57.085876630865,-25.561964813595],[-57.086432186405,-25.561964813595],[-57.086987741945,-25.562520369135],[-57.087543297485,-25.562520369135]]}},{"type":"Feature","properties":{"category":"creek","class":"creek","threshold_label":"headwaters \u2265 80 cells","catchment_km2":3.63,"accumulation_cells":112,"vertex_count":401,"decimated":true,"source":"dem_streams","class_label":"Creek (1\u20135 km\u00b2, DEM)","color":"#60a5fa","width":1.6,"draw_priority":3,"feature_id":"lqv-wat-00159"},"geometry":{"type":"LineString","coordinates":[[-57.083654408705,-25.614187034354998],[-57.084765519785,-25.615853700975]]}},{"type":"Feature","properties":{"category":"creek","class":"creek","threshold_label":"headwaters \u2265 80 cells","catchment_km2":4.08,"accumulation_cells":126,"vertex_count":401,"decimated":true,"source":"dem_streams","class_label":"Creek (1\u20135 km\u00b2, DEM)","color":"#60a5fa","width":1.6,"draw_priority":3,"feature_id":"lqv-wat-00160"},"geometry":{"type":"LineString","coordinates":[[-57.083098853165,-25.618075923135],[-57.084765519785,-25.616964812055]]}},{"type":"Feature","properties":{"category":"creek","class":"creek","threshold_label":"headwaters \u2265 80 cells","catchment_km2":4.44,"accumulation_cells":137,"vertex_count":401,"decimated":true,"source":"dem_streams","class_label":"Creek (1\u20135 km\u00b2, DEM)","color":"#60a5fa","width":1.6,"draw_priority":3,"feature_id":"lqv-wat-00162"},"geometry":{"type":"MultiLineString","coordinates":[[[-57.080321075465,-25.640853700275],[-57.081987742085,-25.640298144735]],[[-57.081987742085,-25.640298144735],[-57.081432186545,-25.640298144735]]]}},{"type":"Feature","properties":{"category":"creek","class":"creek","threshold_label":"headwaters \u2265 80 cells","catchment_km2":1.56,"accumulation_cells":48,"vertex_count":6,"decimated":false,"source":"dem_streams","class_label":"Creek (1\u20135 km\u00b2, DEM)","color":"#60a5fa","width":1.6,"draw_priority":3,"feature_id":"lqv-wat-00163"},"geometry":{"type":"LineString","coordinates":[[-57.076987742225,-25.599742590315],[-57.077543297765,-25.600298145855],[-57.078098853305,-25.599742590315],[-57.078654408845,-25.599742590315],[-57.079209964385,-25.599742590315],[-57.079765519925,-25.599742590315]]}},{"type":"Feature","properties":{"category":"creek","class":"creek","threshold_label":"headwaters \u2265 80 cells","catchment_km2":1.1,"accumulation_cells":34,"vertex_count":7,"decimated":false,"source":"dem_streams","class_label":"Creek (1\u20135 km\u00b2, DEM)","color":"#60a5fa","width":1.6,"draw_priority":3,"feature_id":"lqv-wat-00164"},"geometry":{"type":"LineString","coordinates":[[-57.075321075605,-25.540853703075],[-57.075876631145,-25.540853703075],[-57.076432186685,-25.540298147535],[-57.076987742225,-25.539742591995],[-57.077543297765,-25.539742591995],[-57.077543297765,-25.539187036455],[-57.078098853305,-25.538631480915]]}},{"type":"Feature","properties":{"category":"creek","class":"creek","threshold_label":"headwaters \u2265 80 cells","catchment_km2":1.75,"accumulation_cells":54,"vertex_count":4,"decimated":false,"source":"dem_streams","class_label":"Creek (1\u20135 km\u00b2, DEM)","color":"#60a5fa","width":1.6,"draw_priority":3,"feature_id":"lqv-wat-00165"},"geometry":{"type":"LineString","coordinates":[[-57.074209964525,-25.653075922155],[-57.074765520065,-25.653631477695],[-57.074765520065,-25.654187033235],[-57.075321075605,-25.654742588775]]}},{"type":"Feature","properties":{"category":"creek","class":"creek","threshold_label":"headwaters \u2265 80 cells","catchment_km2":3.18,"accumulation_cells":98,"vertex_count":401,"decimated":true,"source":"dem_streams","class_label":"Creek (1\u20135 km\u00b2, DEM)","color":"#60a5fa","width":1.6,"draw_priority":3,"feature_id":"lqv-wat-00166"},"geometry":{"type":"MultiLineString","coordinates":[[[-57.065321075885,-25.687520365635],[-57.066432186965,-25.688631476715]],[[-57.066432186965,-25.688631476715],[-57.065876631425,-25.688631476715]]]}},{"type":"Feature","properties":{"category":"creek","class":"creek","threshold_label":"headwaters \u2265 80 cells","catchment_km2":3.79,"accumulation_cells":117,"vertex_count":401,"decimated":true,"source":"dem_streams","class_label":"Creek (1\u20135 km\u00b2, DEM)","color":"#60a5fa","width":1.6,"draw_priority":3,"feature_id":"lqv-wat-00167"},"geometry":{"type":"MultiLineString","coordinates":[[[-57.064765520345,-25.640298144735],[-57.065321075885,-25.640853700275]],[[-57.065321075885,-25.640853700275],[-57.065876631425,-25.640853700275]]]}},{"type":"Feature","properties":{"category":"creek","class":"creek","threshold_label":"headwaters \u2265 80 cells","catchment_km2":3.43,"accumulation_cells":106,"vertex_count":6,"decimated":false,"source":"dem_streams","class_label":"Creek (1\u20135 km\u00b2, DEM)","color":"#60a5fa","width":1.6,"draw_priority":3,"feature_id":"lqv-wat-00168"},"geometry":{"type":"LineString","coordinates":[[-57.057543298325,-25.582520368575],[-57.058098853865,-25.583075924115],[-57.058098853865,-25.583631479655],[-57.058654409405,-25.584187035195],[-57.058654409405,-25.584742590735],[-57.058654409405,-25.585298146275]]}},{"type":"Feature","properties":{"category":"creek","class":"creek","threshold_label":"headwaters \u2265 80 cells","catchment_km2":2.11,"accumulation_cells":65,"vertex_count":6,"decimated":false,"source":"dem_streams","class_label":"Creek (1\u20135 km\u00b2, DEM)","color":"#60a5fa","width":1.6,"draw_priority":3,"feature_id":"lqv-wat-00169"},"geometry":{"type":"LineString","coordinates":[[-57.057543298325,-25.631964811635],[-57.058098853865,-25.631964811635],[-57.058654409405,-25.632520367175],[-57.059209964945,-25.633075922715],[-57.059765520485,-25.633631478255],[-57.059765520485,-25.634187033794998]]}},{"type":"Feature","properties":{"category":"creek","class":"creek","threshold_label":"headwaters \u2265 80 cells","catchment_km2":2.49,"accumulation_cells":77,"vertex_count":11,"decimated":false,"source":"dem_streams","class_label":"Creek (1\u20135 km\u00b2, DEM)","color":"#60a5fa","width":1.6,"draw_priority":3,"feature_id":"lqv-wat-00170"},"geometry":{"type":"LineString","coordinates":[[-57.056432187245,-25.538075925375],[-57.055876631705,-25.537520369835],[-57.055876631705,-25.536964814295],[-57.055321076165,-25.536409258755],[-57.055321076165,-25.535853703215],[-57.055321076165,-25.535298147675],[-57.055321076165,-25.534742592135],[-57.055321076165,-25.534187036595],[-57.055321076165,-25.533631481055],[-57.055876631705,-25.533631481055],[-57.056432187245,-25.533075925515]]}},{"type":"Feature","properties":{"category":"creek","class":"creek","threshold_label":"headwaters \u2265 80 cells","catchment_km2":4.31,"accumulation_cells":133,"vertex_count":401,"decimated":true,"source":"dem_streams","class_label":"Creek (1\u20135 km\u00b2, DEM)","color":"#60a5fa","width":1.6,"draw_priority":3,"feature_id":"lqv-wat-00172"},"geometry":{"type":"MultiLineString","coordinates":[[[-57.046432187525,-25.551409258335],[-57.045876631985,-25.551409258335]],[[-57.045876631985,-25.551409258335],[-57.045321076445,-25.551409258335]]]}},{"type":"Feature","properties":{"category":"creek","class":"creek","threshold_label":"headwaters \u2265 80 cells","catchment_km2":2.75,"accumulation_cells":85,"vertex_count":3,"decimated":false,"source":"dem_streams","class_label":"Creek (1\u20135 km\u00b2, DEM)","color":"#60a5fa","width":1.6,"draw_priority":3,"feature_id":"lqv-wat-00173"},"geometry":{"type":"LineString","coordinates":[[-57.033098854565,-25.619742589755],[-57.033098854565,-25.619187034215],[-57.033098854565,-25.618631478675]]}},{"type":"Feature","properties":{"category":"creek","class":"creek","threshold_label":"headwaters \u2265 80 cells","catchment_km2":4.47,"accumulation_cells":138,"vertex_count":3,"decimated":false,"source":"dem_streams","class_label":"Creek (1\u20135 km\u00b2, DEM)","color":"#60a5fa","width":1.6,"draw_priority":3,"feature_id":"lqv-wat-00174"},"geometry":{"type":"LineString","coordinates":[[-57.032543299025,-25.596409257075],[-57.032543299025,-25.595853701535],[-57.032543299025,-25.595298145995]]}},{"type":"Feature","properties":{"category":"creek","class":"creek","threshold_label":"headwaters \u2265 80 cells","catchment_km2":4.34,"accumulation_cells":134,"vertex_count":7,"decimated":false,"source":"dem_streams","class_label":"Creek (1\u20135 km\u00b2, DEM)","color":"#60a5fa","width":1.6,"draw_priority":3,"feature_id":"lqv-wat-00175"},"geometry":{"type":"LineString","coordinates":[[-57.025321077005,-25.680853699154998],[-57.025876632545,-25.680853699154998],[-57.026432188084996,-25.681409254694998],[-57.026432188084996,-25.681964810234998],[-57.026987743625,-25.682520365774998],[-57.027543299164996,-25.683075921314998],[-57.027543299164996,-25.683631476855]]}},{"type":"Feature","properties":{"category":"creek","class":"creek","threshold_label":"headwaters \u2265 80 cells","catchment_km2":3.69,"accumulation_cells":114,"vertex_count":401,"decimated":true,"source":"dem_streams","class_label":"Creek (1\u20135 km\u00b2, DEM)","color":"#60a5fa","width":1.6,"draw_priority":3,"feature_id":"lqv-wat-00176"},"geometry":{"type":"MultiLineString","coordinates":[[[-57.016432188365,-25.645298144595],[-57.016432188365,-25.644187033515]],[[-57.016432188365,-25.644187033515],[-57.016432188365,-25.643631477975]]]}},{"type":"Feature","properties":{"category":"creek","class":"creek","threshold_label":"headwaters \u2265 80 cells","catchment_km2":1.07,"accumulation_cells":33,"vertex_count":8,"decimated":false,"source":"dem_streams","class_label":"Creek (1\u20135 km\u00b2, DEM)","color":"#60a5fa","width":1.6,"draw_priority":3,"feature_id":"lqv-wat-00177"},"geometry":{"type":"LineString","coordinates":[[-56.990876633525,-25.685853699015],[-56.990876633525,-25.685298143475],[-56.990321077985,-25.684742587935],[-56.990876633525,-25.684187032395],[-56.990876633525,-25.683631476855],[-56.991432189065,-25.683075921314998],[-56.991432189065,-25.682520365774998],[-56.991432189065,-25.681964810234998]]}},{"type":"Feature","properties":{"category":"creek","class":"creek","threshold_label":"headwaters \u2265 80 cells","catchment_km2":1.81,"accumulation_cells":56,"vertex_count":7,"decimated":false,"source":"dem_streams","class_label":"Creek (1\u20135 km\u00b2, DEM)","color":"#60a5fa","width":1.6,"draw_priority":3,"feature_id":"lqv-wat-00178"},"geometry":{"type":"LineString","coordinates":[[-56.990321077985,-25.670853699435],[-56.990876633525,-25.670298143895],[-56.990321077985,-25.669742588355],[-56.990876633525,-25.669187032815],[-56.991432189065,-25.668631477275],[-56.991432189065,-25.668075921735],[-56.991987744605,-25.667520366195]]}},{"type":"Feature","properties":{"category":"creek","class":"creek","threshold_label":"headwaters \u2265 80 cells","catchment_km2":3.99,"accumulation_cells":123,"vertex_count":7,"decimated":false,"source":"dem_streams","class_label":"Creek (1\u20135 km\u00b2, DEM)","color":"#60a5fa","width":1.6,"draw_priority":3,"feature_id":"lqv-wat-00180"},"geometry":{"type":"LineString","coordinates":[[-56.987543300285,-25.641964811355],[-56.988098855825,-25.641409255815],[-56.988654411365,-25.640853700275],[-56.989209966905,-25.640298144735],[-56.989765522445,-25.639742589195],[-56.990321077985,-25.639187033655],[-56.990876633525,-25.638631478115]]}},{"type":"Feature","properties":{"category":"creek","class":"creek","threshold_label":"headwaters \u2265 80 cells","catchment_km2":3.56,"accumulation_cells":110,"vertex_count":401,"decimated":true,"source":"dem_streams","class_label":"Creek (1\u20135 km\u00b2, DEM)","color":"#60a5fa","width":1.6,"draw_priority":3,"feature_id":"lqv-wat-00181"},"geometry":{"type":"MultiLineString","coordinates":[[[-56.984765522585,-25.673075921595],[-56.987543300285,-25.673631477135],[-56.988098855825,-25.673631477135]],[[-56.988098855825,-25.673631477135],[-56.988654411365,-25.674187032675]]]}},{"type":"Feature","properties":{"category":"creek","class":"creek","threshold_label":"headwaters \u2265 80 cells","catchment_km2":4.86,"accumulation_cells":150,"vertex_count":401,"decimated":true,"source":"dem_streams","class_label":"Creek (1\u20135 km\u00b2, DEM)","color":"#60a5fa","width":1.6,"draw_priority":3,"feature_id":"lqv-wat-00182"},"geometry":{"type":"MultiLineString","coordinates":[[[-56.981987744885,-25.524187036875],[-56.981987744885,-25.521409259174998],[-56.981432189345,-25.519742592554998]],[[-56.981432189345,-25.519742592554998],[-56.981987744885,-25.520298148094998]]]}},{"type":"Feature","properties":{"category":"creek","class":"creek","threshold_label":"headwaters \u2265 80 cells","catchment_km2":2.82,"accumulation_cells":87,"vertex_count":401,"decimated":true,"source":"dem_streams","class_label":"Creek (1\u20135 km\u00b2, DEM)","color":"#60a5fa","width":1.6,"draw_priority":3,"feature_id":"lqv-wat-00183"},"geometry":{"type":"LineString","coordinates":[[-56.981987744885,-25.675298143755],[-56.982543300425,-25.674742588215]]}},{"type":"Feature","properties":{"category":"creek","class":"creek","threshold_label":"headwaters \u2265 80 cells","catchment_km2":3.66,"accumulation_cells":113,"vertex_count":401,"decimated":true,"source":"dem_streams","class_label":"Creek (1\u20135 km\u00b2, DEM)","color":"#60a5fa","width":1.6,"draw_priority":3,"feature_id":"lqv-wat-00184"},"geometry":{"type":"MultiLineString","coordinates":[[[-56.980876633804996,-25.595298145995],[-56.981432189345,-25.594742590455]],[[-56.981432189345,-25.594742590455],[-56.980876633804996,-25.594742590455]]]}},{"type":"Feature","properties":{"category":"creek","class":"creek","threshold_label":"headwaters \u2265 80 cells","catchment_km2":3.89,"accumulation_cells":120,"vertex_count":401,"decimated":true,"source":"dem_streams","class_label":"Creek (1\u20135 km\u00b2, DEM)","color":"#60a5fa","width":1.6,"draw_priority":3,"feature_id":"lqv-wat-00185"},"geometry":{"type":"LineString","coordinates":[[-56.980321078265,-25.544742591854998],[-56.979209967185,-25.544187036314998]]}},{"type":"Feature","properties":{"category":"creek","class":"creek","threshold_label":"headwaters \u2265 80 cells","catchment_km2":4.99,"accumulation_cells":154,"vertex_count":401,"decimated":true,"source":"dem_streams","class_label":"Creek (1\u20135 km\u00b2, DEM)","color":"#60a5fa","width":1.6,"draw_priority":3,"feature_id":"lqv-wat-00186"},"geometry":{"type":"MultiLineString","coordinates":[[[-56.976432189485,-25.600853701395],[-56.979209967185,-25.600853701395],[-56.981432189345,-25.598075923695]],[[-56.981432189345,-25.598075923695],[-56.981987744885,-25.598075923695]]]}},{"type":"Feature","properties":{"category":"creek","class":"creek","threshold_label":"headwaters \u2265 80 cells","catchment_km2":4.15,"accumulation_cells":128,"vertex_count":401,"decimated":true,"source":"dem_streams","class_label":"Creek (1\u20135 km\u00b2, DEM)","color":"#60a5fa","width":1.6,"draw_priority":3,"feature_id":"lqv-wat-00187"},"geometry":{"type":"MultiLineString","coordinates":[[[-56.965321078685,-25.593631479375],[-56.964765523145,-25.591964812755]],[[-56.964765523145,-25.591964812755],[-56.964765523145,-25.592520368295]]]}},{"type":"Feature","properties":{"category":"creek","class":"creek","threshold_label":"headwaters \u2265 80 cells","catchment_km2":3.82,"accumulation_cells":118,"vertex_count":401,"decimated":true,"source":"dem_streams","class_label":"Creek (1\u20135 km\u00b2, DEM)","color":"#60a5fa","width":1.6,"draw_priority":3,"feature_id":"lqv-wat-00188"},"geometry":{"type":"MultiLineString","coordinates":[[[-56.964765523145,-25.599742590315],[-56.964765523145,-25.598631479235]],[[-56.964765523145,-25.598631479235],[-56.964765523145,-25.598075923695]]]}},{"type":"Feature","properties":{"category":"creek","class":"creek","threshold_label":"headwaters \u2265 80 cells","catchment_km2":3.79,"accumulation_cells":117,"vertex_count":401,"decimated":true,"source":"dem_streams","class_label":"Creek (1\u20135 km\u00b2, DEM)","color":"#60a5fa","width":1.6,"draw_priority":3,"feature_id":"lqv-wat-00189"},"geometry":{"type":"MultiLineString","coordinates":[[[-56.958654412205,-25.553075924955],[-56.959209967745,-25.551409258335]],[[-56.959209967745,-25.551409258335],[-56.958654412205,-25.550853702795]]]}},{"type":"Feature","properties":{"category":"creek","class":"creek","threshold_label":"headwaters \u2265 80 cells","catchment_km2":2.95,"accumulation_cells":91,"vertex_count":401,"decimated":true,"source":"dem_streams","class_label":"Creek (1\u20135 km\u00b2, DEM)","color":"#60a5fa","width":1.6,"draw_priority":3,"feature_id":"lqv-wat-00190"},"geometry":{"type":"LineString","coordinates":[[-56.958654412205,-25.626964811775],[-56.959209967745,-25.626409256235]]}},{"type":"Feature","properties":{"name":"R\u00edo Yhaguy","waterway":"stream","audit_class":"stream","audit_color":"#3b82f6","feature_id":"lqv-wat-00224","category":"stream","source":"osm_waterway","class_label":"Stream (OSM waterway=stream)","color":"#7dd3fc","width":1.4,"draw_priority":4},"geometry":{"type":"MultiLineString","coordinates":[[[-57.0605491,-25.5201458],[-57.0604663,-25.5200549],[-57.0604447,-25.5199737],[-57.0603116,-25.5199412],[-57.0602144,-25.5199315],[-57.0600273,-25.5198892],[-57.0599445,-25.5198503],[-57.0598689,-25.5197463],[-57.0598617,-25.5196522],[-57.0598365,-25.5195905],[-57.0597862,-25.5195515],[-57.059707,-25.519584],[-57.0596494,-25.5196554],[-57.0595739,-25.5197074],[-57.0594947,-25.5197334],[-57.0593903,-25.5197106],[-57.0593543,-25.5196489],[-57.0593184,-25.5195547],[-57.0593184,-25.519493],[-57.0593723,-25.5194086],[-57.0593687,-25.5193567],[-57.0593399,-25.5193404],[-57.0592752,-25.5193209],[-57.059196,-25.5193437],[-57.0591214,-25.5194153],[-57.0590579,-25.5194414],[-57.059006,-25.5194831],[-57.0589194,-25.5194987],[-57.0588501,-25.5194726],[-57.0587462,-25.5195404],[-57.0587,-25.5196289],[-57.058648,-25.5196967],[-57.0585787,-25.5197488],[-57.0585152,-25.5197748],[-57.0584459,-25.5197852],[-57.0583305,-25.5198009],[-57.0582554,-25.5198113],[-57.0581573,-25.5198217],[-57.0580476,-25.5198373],[-57.0579783,-25.5198842],[-57.0579899,-25.5199468],[-57.0580245,-25.5200093],[-57.0580303,-25.5200979],[-57.0579552,-25.5201395],[-57.0578686,-25.5201291],[-57.0577474,-25.5200666],[-57.0577416,-25.5200041],[-57.0577705,-25.5199363],[-57.0577878,-25.5198738],[-57.0577762,-25.5198061],[-57.0577012,-25.5197748],[-57.0576319,-25.5197852],[-57.0575742,-25.5198321],[-57.0574702,-25.5199207],[-57.057401,-25.519952],[-57.0573086,-25.5199832],[-57.0571816,-25.5200197],[-57.0570372,-25.5200353],[-57.0569218,-25.5200145],[-57.0567717,-25.5198373],[-57.056558,-25.5197071],[-57.0560749,-25.5197071],[-57.0554957,-25.5197071],[-57.054445,-25.5197957],[-57.0529554,-25.5201343],[-57.0528862,-25.5201447],[-57.0527591,-25.5201447],[-57.0526783,-25.5201395],[-57.0526264,-25.5200926],[-57.0525629,-25.5200405],[-57.0524936,-25.5199989],[-57.0524243,-25.5199468],[-57.0523146,-25.5198894],[-57.0522453,-25.5198478],[-57.0521703,-25.5198113],[-57.0520432,-25.5197905],[-57.051922,-25.5197905],[-57.0518123,-25.5197905],[-57.0517315,-25.5197488],[-57.0516911,-25.5196863],[-57.0516853,-25.5196081],[-57.0516853,-25.5195299],[-57.051668,-25.5194414],[-57.0516333,-25.5193632],[-57.0515756,-25.5193111],[-57.0515063,-25.5192799],[-57.0514255,-25.5192799],[-57.0513216,-25.5192903],[-57.0511715,-25.5193059],[-57.0510502,-25.5193268],[-57.0509174,-25.5193476],[-57.0507731,-25.5193997],[-57.050623,-25.5194518],[-57.0504325,-25.5195195],[-57.0503055,-25.5195299],[-57.0502246,-25.5195299],[-57.0501323,-25.5195299],[-57.0499533,-25.5195299],[-57.0497454,-25.5195456],[-57.0495087,-25.519556],[-57.0493413,-25.5195821],[-57.0492316,-25.5196342],[-57.0491623,-25.5196654],[-57.0490873,-25.5197175],[-57.0489083,-25.5199363],[-57.0485619,-25.5203063],[-57.0481924,-25.5204938],[-57.0481116,-25.5205199],[-57.0480423,-25.5205459],[-57.047921,-25.5205876],[-57.0478344,-25.5206137],[-57.0477363,-25.5206449],[-57.0476035,-25.5207231],[-57.0474649,-25.520796],[-57.0472802,-25.520895],[-57.047055,-25.5210305],[-57.0468761,-25.5211659],[-57.0467144,-25.5212805],[-57.0465932,-25.5213587],[-57.0464892,-25.5214264],[-57.04642,-25.5214577],[-57.0463507,-25.5214733],[-57.0462352,-25.5214733],[-57.0461544,-25.5214629],[-57.0460447,-25.5214629],[-57.0459292,-25.5214733],[-57.0457907,-25.5214889],[-57.0456117,-25.5214994],[-57.0454327,-25.5214994],[-57.0451902,-25.5215046],[-57.0449015,-25.5215358],[-57.0446129,-25.5215984],[-57.04433,-25.5216505],[-57.0441048,-25.5216765],[-57.0438797,-25.5217078],[-57.0436487,-25.5217338],[-57.0433716,-25.5217338],[-57.0431811,-25.5217338],[-57.042979,-25.5217338],[-57.0427365,-25.5217338],[-57.0425575,-25.5217338],[-57.0424825,-25.5216973],[-57.0423728,-25.5216452],[-57.0420841,-25.5216452],[-57.0418359,-25.521911],[-57.0418012,-25.52201],[-57.0417666,-25.5220777],[-57.041732,-25.5221558],[-57.0416915,-25.5222861],[-57.0416396,-25.5224111],[-57.0415934,-25.5225049],[-57.041553,-25.5226352],[-57.0415357,-25.5227498],[-57.0414837,-25.5228383],[-57.0413798,-25.5229269],[-57.0412354,-25.5230155],[-57.0411719,-25.5231041],[-57.0411777,-25.523177],[-57.0412181,-25.523276],[-57.0412701,-25.5233802],[-57.0413047,-25.5234844],[-57.0412816,-25.5235938],[-57.0412239,-25.5237345],[-57.0411431,-25.5237866],[-57.0410738,-25.5237918],[-57.0409525,-25.5237918],[-57.0408198,-25.5237657],[-57.0407332,-25.5237449],[-57.040583,-25.523724],[-57.0397401,-25.5235886],[-57.0387933,-25.5232656],[-57.0380427,-25.5231457],[-57.0374423,-25.5231562],[-57.0371479,-25.5229478],[-57.0369804,-25.522953],[-57.0366052,-25.5231353],[-57.0364031,-25.523177],[-57.0361318,-25.5230884],[-57.0360451,-25.5229321],[-57.0358142,-25.5229738],[-57.0354967,-25.5231093],[-57.0353292,-25.5233177],[-57.0347057,-25.5238803],[-57.034163,-25.5243701],[-57.0339263,-25.524667],[-57.03373,-25.5248754],[-57.0333432,-25.5249067],[-57.0330141,-25.5248754],[-57.0326619,-25.5250578],[-57.0319922,-25.5252141],[-57.0315996,-25.5251932],[-57.0311435,-25.5251047],[-57.0304103,-25.5248494],[-57.0297983,-25.5244899],[-57.0294577,-25.5243701],[-57.0292736,-25.5243735],[-57.0289471,-25.5243795],[-57.0286148,-25.5243857],[-57.0275698,-25.5246722],[-57.027258,-25.5248859],[-57.0256761,-25.5250265],[-57.025018,-25.5252922],[-57.0244175,-25.5258862],[-57.023794,-25.5265947],[-57.0234418,-25.5273189],[-57.0230492,-25.5279857],[-57.0229857,-25.5280378],[-57.0228818,-25.5280534],[-57.0227201,-25.5280534],[-57.0226335,-25.5280691],[-57.0225585,-25.5281733],[-57.0225238,-25.5282827],[-57.0224661,-25.5284025],[-57.0224026,-25.5285484],[-57.022316,-25.5286942],[-57.0222121,-25.5288193],[-57.0221082,-25.5289287],[-57.0220389,-25.5289912],[-57.0219523,-25.529111],[-57.0218484,-25.5292673],[-57.0217733,-25.5294288],[-57.0217387,-25.5295122],[-57.0217156,-25.5296111],[-57.0217098,-25.5296893],[-57.0217098,-25.5298247],[-57.0217098,-25.5299758],[-57.0217098,-25.5300904],[-57.0217329,-25.5302259],[-57.0217502,-25.5303509],[-57.0217675,-25.530476],[-57.0217848,-25.5305854],[-57.0218253,-25.5307573],[-57.021883,-25.5309084],[-57.0220793,-25.5311011],[-57.0221024,-25.5313876],[-57.0220735,-25.5315075],[-57.0220558,-25.531597],[-57.0220447,-25.5316533],[-57.0220158,-25.5317523],[-57.0219696,-25.5318982],[-57.0219292,-25.532018],[-57.0219003,-25.5321118],[-57.0218426,-25.5322368],[-57.0217848,-25.532315],[-57.0217329,-25.5323618],[-57.0216636,-25.5323983],[-57.0215886,-25.5324191],[-57.0214962,-25.5324191],[-57.0214096,-25.5324139],[-57.0212826,-25.5324139],[-57.0211729,-25.5324139],[-57.0209535,-25.5324139],[-57.0207052,-25.5323931],[-57.0205898,-25.5323827],[-57.020353,-25.5323514],[-57.0201337,-25.5323254],[-57.0199662,-25.5322993],[-57.0197873,-25.5322785],[-57.0196545,-25.5322629],[-57.0194755,-25.5322629],[-57.0192792,-25.5322576],[-57.0191637,-25.5322316],[-57.0190656,-25.5322056],[-57.0189212,-25.5321587],[-57.0187827,-25.5321066],[-57.0186499,-25.5320649],[-57.0185344,-25.5320388],[-57.0183785,-25.5319867],[-57.0182458,-25.531919],[-57.0181361,-25.5318461],[-57.0180552,-25.5317888],[-57.017934,-25.5317002],[-57.0178185,-25.5316117],[-57.01768,-25.5315231],[-57.0175298,-25.5314658],[-57.0173624,-25.5314189],[-57.0172527,-25.5313929],[-57.0171488,-25.5313564],[-57.0170333,-25.5313147],[-57.0164618,-25.5311011],[-57.0163983,-25.5310699],[-57.016329,-25.5310282],[-57.0162655,-25.5309917],[-57.0161731,-25.5309657],[-57.0160576,-25.53095],[-57.0159941,-25.5309188],[-57.0159364,-25.5308667],[-57.0159075,-25.5308094],[-57.0159075,-25.5307416],[-57.015896,-25.5306322],[-57.0158382,-25.5303509],[-57.0157516,-25.5300904],[-57.0156939,-25.529955],[-57.0156419,-25.5298768],[-57.0155669,-25.5297674],[-57.0155092,-25.529658],[-57.0154687,-25.5295903],[-57.0154168,-25.5294965],[-57.0153475,-25.5294028],[-57.0153013,-25.529335],[-57.0152436,-25.5292777],[-57.0151916,-25.5292204],[-57.0151281,-25.5291735],[-57.0150242,-25.5291631],[-57.0149145,-25.5291787],[-57.0147933,-25.5292152],[-57.0147182,-25.5292569],[-57.0146374,-25.5292934],[-57.0144873,-25.5293455],[-57.0143833,-25.5293715],[-57.0142967,-25.5293767],[-57.0141062,-25.5293767],[-57.0134711,-25.529335],[-57.0125647,-25.5291319],[-57.0123222,-25.5290641],[-57.0113581,-25.5291371],[-57.0109597,-25.5290641],[-57.0101976,-25.5289391],[-57.0097242,-25.5289964],[-57.0089852,-25.5292204],[-57.008558,-25.5292152],[-57.0082751,-25.5292465],[-57.0079749,-25.529533],[-57.0077613,-25.5298039],[-57.0075881,-25.53008],[-57.0070569,-25.530627],[-57.0068433,-25.5311376],[-57.0068086,-25.5312001],[-57.0067451,-25.5312782],[-57.0067047,-25.5313512],[-57.0066643,-25.5314241],[-57.0066066,-25.5315075],[-57.0065546,-25.53157],[-57.0064911,-25.5316429],[-57.0064334,-25.5317367],[-57.0063814,-25.5317836],[-57.0061851,-25.5317836],[-57.006087,-25.5317836],[-57.005983,-25.5317627],[-57.0059022,-25.5317211],[-57.0058445,-25.531669],[-57.0058098,-25.5316064],[-57.0057579,-25.5315335],[-57.0056828,-25.5315023],[-57.0055847,-25.5315335],[-57.0055269,-25.5315856],[-57.0054461,-25.5316481],[-57.0053768,-25.5317002],[-57.0053018,-25.5317315],[-57.0052325,-25.5317523],[-57.0050997,-25.5317679],[-57.0048976,-25.5318148],[-57.0047764,-25.53182],[-57.004684,-25.53182],[-57.0044877,-25.5318305],[-57.0043723,-25.5318461],[-57.0041991,-25.5318669],[-57.0041356,-25.531893],[-57.0040605,-25.5319294],[-57.0039162,-25.5319867],[-57.0037314,-25.5320388],[-57.0036275,-25.5320805],[-57.0034658,-25.532143],[-57.0033908,-25.5321691],[-57.0032926,-25.5322003],[-57.0031772,-25.5322212],[-57.0030097,-25.5322212],[-57.0027846,-25.5322212],[-57.0025132,-25.5322212],[-57.00234,-25.532216],[-57.0021668,-25.5322108],[-57.0020109,-25.5322056],[-57.0018782,-25.5322056],[-57.001728,-25.5322056],[-57.0015837,-25.5322056],[-57.0014625,-25.5322264],[-57.001295,-25.5322524],[-57.0011565,-25.5322837],[-57.0009544,-25.532341],[-57.000787,-25.5323566],[-57.0006831,-25.5323566],[-57.0005965,-25.5323306],[-57.000481,-25.5322993],[-57.0003771,-25.5322524],[-57.0002962,-25.5322264],[-57.0002154,-25.5322003],[-57.0001173,-25.5321691],[-57.0000538,-25.532143],[-56.9999037,-25.532117],[-56.9997016,-25.5320701],[-56.999384,-25.531893],[-56.999055,-25.5315387],[-56.9989453,-25.5315179],[-56.9988702,-25.5315075],[-56.9987894,-25.5314918],[-56.9986681,-25.5314554],[-56.9985758,-25.5314293],[-56.9984488,-25.5313772],[-56.9983679,-25.5313408],[-56.9982929,-25.5312991],[-56.9982178,-25.5312678],[-56.998085,-25.5311845],[-56.9980215,-25.5311167],[-56.9979292,-25.5310386],[-56.9978599,-25.5309969],[-56.9977559,-25.5309396],[-56.9976289,-25.5308823],[-56.9975654,-25.530851],[-56.9974788,-25.530799],[-56.9973749,-25.5307521],[-56.9972883,-25.5307052],[-56.9971959,-25.5306583],[-56.9971093,-25.5306062],[-56.9970516,-25.5305437],[-56.9970054,-25.5304864],[-56.9969073,-25.5303457],[-56.9968438,-25.5302728],[-56.9967687,-25.5301894],[-56.9966936,-25.5301425],[-56.9965955,-25.5300956],[-56.9965262,-25.5300592],[-56.9964454,-25.5300227],[-56.9963357,-25.529981],[-56.9962491,-25.5299394],[-56.996174,-25.5299029],[-56.9960182,-25.529856],[-56.9959431,-25.5298404],[-56.9958738,-25.52983],[-56.9954639,-25.5296789],[-56.9949443,-25.5293246],[-56.9944362,-25.5287515],[-56.9939397,-25.5283035],[-56.9937377,-25.5279805],[-56.9932758,-25.5276419],[-56.9925195,-25.5266103],[-56.992352,-25.5261779],[-56.9923174,-25.5257194],[-56.9922654,-25.5255475],[-56.9919999,-25.5255058],[-56.9914687,-25.5255527],[-56.9912666,-25.5254329],[-56.9908741,-25.5255163],[-56.990314,-25.5256361],[-56.989448,-25.5257455],[-56.9880566,-25.5255944],[-56.9879469,-25.5253652],[-56.9878026,-25.5250474],[-56.9874793,-25.5248702],[-56.9869308,-25.5250057],[-56.9859436,-25.5252245],[-56.9854413,-25.525162],[-56.985118,-25.5249901],[-56.9848697,-25.5246827],[-56.9848235,-25.5246201],[-56.9847716,-25.5245524],[-56.9847023,-25.5245107],[-56.984558,-25.524417],[-56.9844656,-25.5243857],[-56.9843963,-25.5243492],[-56.9843559,-25.5242919],[-56.9842866,-25.5241929],[-56.984252,-25.5241304],[-56.9841942,-25.5240366],[-56.9841654,-25.5239533],[-56.9841307,-25.5238543],[-56.9840845,-25.5237657],[-56.9840557,-25.523698],[-56.9840383,-25.5235886],[-56.9840082,-25.5234233],[-56.9839691,-25.5233229],[-56.9839056,-25.5231822],[-56.9838767,-25.5231249],[-56.983842,-25.523052],[-56.9838247,-25.5229894],[-56.983819,-25.5229217],[-56.9837439,-25.5229061],[-56.9836515,-25.5228904],[-56.9835649,-25.5228696],[-56.9834668,-25.5228279],[-56.983386,-25.5227915],[-56.9831781,-25.5227237],[-56.9830338,-25.5226873],[-56.9829414,-25.5226404],[-56.9828548,-25.5225935],[-56.9827451,-25.5225362],[-56.9826758,-25.5224997],[-56.982595,-25.5224372],[-56.9825488,-25.5223799],[-56.9823525,-25.5220621],[-56.9820638,-25.5217599],[-56.9820177,-25.521713],[-56.9819484,-25.5216973],[-56.9818445,-25.5216973],[-56.9817348,-25.5216973],[-56.9816424,-25.5217078],[-56.9815442,-25.521713],[-56.9814461,-25.5217182],[-56.9813595,-25.5217182],[-56.981244,-25.5217182],[-56.9811343,-25.5217182],[-56.9810419,-25.5217182],[-56.9809553,-25.5217182],[-56.9808283,-25.5217182],[-56.9807475,-25.5217182],[-56.9807225,-25.5217209],[-56.9806032,-25.5217338],[-56.9804704,-25.5217442],[-56.9803318,-25.5217651],[-56.9802568,-25.5217859],[-56.9801528,-25.5218172],[-56.9800432,-25.5218484],[-56.9799277,-25.5218536],[-56.9798353,-25.5218536],[-56.979639,-25.5218536],[-56.9794369,-25.5218068],[-56.9793734,-25.5217703],[-56.9793272,-25.5217182],[-56.9792811,-25.52164],[-56.9792002,-25.5215046],[-56.979154,-25.5214421],[-56.9791194,-25.5213379],[-56.9790963,-25.5212337],[-56.9790617,-25.5211555],[-56.9789982,-25.5210878],[-56.9789289,-25.5210357],[-56.9788596,-25.5209992],[-56.9787903,-25.5209784],[-56.9787153,-25.5209679],[-56.978646,-25.5209575],[-56.9785536,-25.5209471],[-56.9784843,-25.5209419],[-56.9783804,-25.5209263],[-56.9782765,-25.5209054],[-56.9782014,-25.5208794],[-56.9781322,-25.5208273],[-56.9781091,-25.5207543],[-56.9781033,-25.5206814],[-56.9780686,-25.5206084],[-56.9780167,-25.5205251],[-56.9779416,-25.520499],[-56.977855,-25.520473],[-56.9777396,-25.5204469],[-56.9774163,-25.5203636],[-56.9771103,-25.5201604],[-56.9764636,-25.5198321],[-56.9764117,-25.5197905],[-56.9763539,-25.5197488],[-56.9762789,-25.5196758],[-56.9762269,-25.5196185],[-56.9761692,-25.5195508],[-56.9761115,-25.5194883],[-56.9760711,-25.5194362],[-56.9760422,-25.5193372],[-56.9759787,-25.5192799],[-56.9759094,-25.519233],[-56.9757997,-25.5191652],[-56.9757073,-25.5191288],[-56.9755745,-25.5190715],[-56.9754533,-25.5190194],[-56.9752281,-25.5189099],[-56.9751646,-25.5188735],[-56.9751069,-25.5188318],[-56.9750549,-25.5187745],[-56.9750145,-25.5187224],[-56.9749568,-25.5186494],[-56.9749279,-25.5185921],[-56.9748529,-25.5185088],[-56.9747951,-25.5184462],[-56.974738261194034,-25.5184]],[[-56.97421909041534,-25.5184],[-56.9741831,-25.518415],[-56.9740619,-25.5184671],[-56.9739984,-25.5184931],[-56.9739176,-25.5185348],[-56.9738483,-25.5185661],[-56.9737386,-25.5185973],[-56.9736693,-25.5186182],[-56.9735769,-25.5186755],[-56.9735019,-25.5187276],[-56.9734095,-25.5187849],[-56.973346,-25.5188214],[-56.973219,-25.5189047],[-56.973167,-25.5189829],[-56.9731093,-25.5190558],[-56.9729938,-25.5191548],[-56.9729303,-25.5191913],[-56.9728322,-25.5192226],[-56.9727571,-25.5192434],[-56.9726821,-25.5192642],[-56.9726012,-25.5192747],[-56.9725031,-25.5192955],[-56.9723645,-25.5193268],[-56.9722722,-25.5193372],[-56.9721971,-25.5193476],[-56.9720759,-25.5193736],[-56.9718911,-25.5194153],[-56.9716775,-25.5194153],[-56.9715505,-25.5193945],[-56.9714581,-25.5193789],[-56.9713888,-25.519358],[-56.9713022,-25.5193372],[-56.9709443,-25.5192121],[-56.9706671,-25.519061],[-56.9704997,-25.518712],[-56.97037096337281,-25.5184]],[[-56.96557947864407,-25.5184],[-56.9656096,-25.5184462],[-56.9656501,-25.5185504],[-56.9656789,-25.5186338],[-56.9656962,-25.5187588],[-56.9656962,-25.5188318],[-56.9656905,-25.5189099],[-56.9656789,-25.5189725],[-56.9656327,-25.5190923],[-56.9655981,-25.5191704],[-56.9655519,-25.5192538],[-56.9655057,-25.5193215],[-56.9654538,-25.5194153],[-56.9654076,-25.5194674],[-56.9653729,-25.5195456],[-56.9653152,-25.5196394],[-56.9652806,-25.5196967],[-56.9651882,-25.5197905],[-56.9651131,-25.5198321],[-56.9650208,-25.5198738],[-56.9649573,-25.5198999],[-56.9648822,-25.5199103],[-56.964761,-25.5199415],[-56.9646628,-25.5199415],[-56.9645935,-25.5199259],[-56.9645531,-25.5198634],[-56.9645242,-25.5198009],[-56.9644723,-25.5197227],[-56.9644088,-25.519681],[-56.9643453,-25.5196498],[-56.9642587,-25.5196342],[-56.9638834,-25.5197331],[-56.9635139,-25.5197331],[-56.9630867,-25.5197331],[-56.9629481,-25.5197331],[-56.9626941,-25.5197279],[-56.962544,-25.5197175],[-56.962365,-25.5197123],[-56.9622668,-25.5197123],[-56.9621687,-25.5197123],[-56.9619955,-25.5197123],[-56.9619089,-25.5197123],[-56.961805,-25.5197123],[-56.9617357,-25.5197331],[-56.9616491,-25.519754],[-56.9614817,-25.5198113],[-56.9613431,-25.5198478],[-56.9611353,-25.5198634],[-56.9610487,-25.5198634],[-56.9609794,-25.5198426],[-56.960939,-25.5197852],[-56.9609101,-25.5197279],[-56.9608755,-25.5196394],[-56.9608812,-25.5195352],[-56.9609101,-25.5194257],[-56.9609794,-25.5192486],[-56.9610775,-25.5190819],[-56.9611179,-25.5190246],[-56.9611757,-25.5189256],[-56.9612045,-25.5188318],[-56.9612045,-25.5187432],[-56.9611872,-25.5186755],[-56.961141,-25.5186078],[-56.9610544,-25.5185609],[-56.96081332240406,-25.5184]]]}},{"type":"Feature","properties":{"name":"Arroyo Mbaiovi","waterway":"stream","audit_class":"stream","audit_color":"#3b82f6","feature_id":"lqv-wat-00225","category":"stream","source":"osm_waterway","class_label":"Stream (OSM waterway=stream)","color":"#7dd3fc","width":1.4,"draw_priority":4},"geometry":{"type":"LineString","coordinates":[[-57.093291,-25.5750366],[-57.0935726,-25.5749822],[-57.0938541,-25.5748872],[-57.0942482,-25.5747515],[-57.0945858,-25.5746926],[-57.0949641,-25.5746111],[-57.0951326,-25.5744575],[-57.0953176,-25.5743129],[-57.095559,-25.5742676],[-57.0958483,-25.5741635],[-57.0960735,-25.5740505],[-57.0963469,-25.5739374],[-57.09654,-25.573838],[-57.0966927,-25.5737927],[-57.0970708,-25.5737654],[-57.0972718,-25.5737607],[-57.0974568,-25.5736884],[-57.0976497,-25.5735979],[-57.0979712,-25.573381],[-57.0981883,-25.5732544],[-57.0985742,-25.5730284],[-57.0987832,-25.572956],[-57.0989201,-25.5728746],[-57.0997484,-25.5725671],[-57.1001984,-25.5723545],[-57.1004077,-25.5722054],[-57.1008176,-25.572011],[-57.1010829,-25.5718482],[-57.1011715,-25.5717669],[-57.101662,-25.5715408],[-57.1017903,-25.5712969],[-57.1017982,-25.5711298],[-57.10179,-25.5709628],[-57.1018863,-25.5707505],[-57.1022,-25.570538],[-57.1024091,-25.5705108],[-57.1026182,-25.5705107],[-57.1028674,-25.5705331],[-57.1031409,-25.57056],[-57.1033342,-25.5706095],[-57.1036639,-25.5705686],[-57.1038167,-25.5706001],[-57.104074,-25.5705503],[-57.1043474,-25.5704959],[-57.1045487,-25.5704461],[-57.1047416,-25.5704098],[-57.1050312,-25.5704096],[-57.1052322,-25.5703598],[-57.1055136,-25.5702467],[-57.1056826,-25.570215],[-57.1057871,-25.5702601],[-57.1058981,-25.5704082],[-57.1059559,-25.5705209],[-57.1060365,-25.5705666],[-57.1061655,-25.5706255],[-57.1063585,-25.5706976],[-57.1064987,-25.5707385],[-57.1066049,-25.5707426]]}},{"type":"Feature","properties":{"name":"Arroyo Mbaiovi","waterway":"stream","audit_class":"stream","audit_color":"#3b82f6","feature_id":"lqv-wat-00227","category":"stream","source":"osm_waterway","class_label":"Stream (OSM waterway=stream)","color":"#7dd3fc","width":1.4,"draw_priority":4},"geometry":{"type":"LineString","coordinates":[[-57.1054303,-25.5677332],[-57.1057127,-25.5679282],[-57.1059985,-25.5680162],[-57.1061554,-25.5680665],[-57.1063192,-25.5681703],[-57.1065249,-25.5683621],[-57.1073406,-25.5685979],[-57.1083654,-25.5686451],[-57.1090451,-25.5686231],[-57.1093304,-25.5685357],[-57.109446,-25.5685147],[-57.1095794,-25.568461],[-57.109724,-25.5682746],[-57.1098497,-25.5681708],[-57.1099767,-25.5680041],[-57.1100714,-25.5678231],[-57.1101892,-25.56775],[-57.1103166,-25.5677219],[-57.1104413,-25.5677217],[-57.1105166,-25.5676946],[-57.1105725,-25.5676377],[-57.1106679,-25.5675618],[-57.1107175,-25.567524],[-57.1108583,-25.5674673],[-57.1110111,-25.5673537],[-57.1112761,-25.5672014],[-57.1114223,-25.5671675],[-57.1116655,-25.5671365],[-57.1119551,-25.5670503],[-57.1120705,-25.5669386],[-57.1121384,-25.5667291],[-57.1122462,-25.5665598],[-57.1123979,-25.5664814],[-57.1125125,-25.5664244],[-57.1126364,-25.5664023],[-57.112742,-25.5664079],[-57.1128412,-25.5663446],[-57.11294,-25.5661956],[-57.1130392,-25.5661052],[-57.1132041,-25.5660825],[-57.1134023,-25.5660823],[-57.113559,-25.5660596],[-57.1137736,-25.5659556],[-57.1138889,-25.5658517],[-57.1140375,-25.5657251],[-57.1141778,-25.5656708],[-57.1142518,-25.5656572],[-57.11445,-25.5656255],[-57.1145987,-25.5656118],[-57.1147636,-25.565571],[-57.1148708,-25.5654987],[-57.1149945,-25.5653722],[-57.1154154,-25.5652635],[-57.1156465,-25.5651866],[-57.116026,-25.5651095],[-57.1162241,-25.5650597],[-57.1164717,-25.5650143],[-57.1167028,-25.5649916],[-57.1168761,-25.565005],[-57.117028,-25.5650536],[-57.1171818,-25.5651402],[-57.1173138,-25.5652439],[-57.1174461,-25.565307],[-57.1176604,-25.5652843],[-57.1179081,-25.565248],[-57.1181476,-25.5652478],[-57.1183044,-25.5652612],[-57.1184858,-25.5652023],[-57.118618,-25.5651797],[-57.1187005,-25.5652473],[-57.1187585,-25.5653827],[-57.118841,-25.5654504],[-57.1190392,-25.5654593],[-57.1191795,-25.5654411],[-57.1194601,-25.5653957],[-57.1196252,-25.5652782],[-57.1197486,-25.5652013],[-57.1199138,-25.5652283],[-57.1200626,-25.5652598],[-57.1201864,-25.5652055],[-57.1203101,-25.5651693],[-57.1204669,-25.5651511],[-57.1205155,-25.5651656],[-57.1206484,-25.5652051],[-57.1207807,-25.5653269],[-57.1209211,-25.5654442],[-57.1210697,-25.5655569],[-57.1212265,-25.5655929],[-57.1213833,-25.5655702],[-57.1215071,-25.5655656],[-57.1216473,-25.5654707],[-57.1217794,-25.5652899],[-57.1219361,-25.5651724],[-57.1220843,-25.5650368],[-57.122208,-25.5649013],[-57.1223895,-25.5646483],[-57.1225874,-25.5644043],[-57.1227606,-25.5642868],[-57.1228843,-25.5642415],[-57.1230906,-25.5642729],[-57.123297,-25.5643811],[-57.123454,-25.5645255],[-57.1235944,-25.5646608],[-57.1238257,-25.5647283],[-57.1241064,-25.5647958],[-57.1243296,-25.5649582],[-57.1244864,-25.5649716],[-57.1246268,-25.5650663],[-57.1247094,-25.5651701],[-57.1248084,-25.5652242],[-57.1249737,-25.5653008],[-57.1250184,-25.5652782],[-57.1251741,-25.5653819],[-57.1253194,-25.5653998],[-57.1256308,-25.5653815],[-57.1260047,-25.5655437],[-57.1261811,-25.5656158],[-57.1263678,-25.5656382],[-57.1265339,-25.5655975],[-57.126783,-25.5654844],[-57.1270526,-25.5653171],[-57.1272287,-25.5650234],[-57.1274359,-25.5647523],[-57.1276227,-25.5645625],[-57.1278714,-25.5643546],[-57.1282241,-25.5642414],[-57.1285353,-25.5641012],[-57.1289502,-25.5639383],[-57.1294899,-25.5638159],[-57.129997,-25.56372923255534]]}},{"type":"Feature","properties":{"name":"Arroyo Tairy","waterway":"stream","audit_class":"stream","audit_color":"#3b82f6","feature_id":"lqv-wat-00228","category":"stream","source":"osm_waterway","class_label":"Stream (OSM waterway=stream)","color":"#7dd3fc","width":1.4,"draw_priority":4},"geometry":{"type":"LineString","coordinates":[[-57.1155514,-25.5482396],[-57.1157874,-25.5481191],[-57.1162732,-25.547818],[-57.1171029,-25.5471729],[-57.1172562,-25.5468732],[-57.1173477,-25.5467676],[-57.1174265,-25.546735],[-57.1174648,-25.5467484],[-57.1174967,-25.5468003],[-57.1175329,-25.5468867],[-57.1176245,-25.5469405],[-57.1177224,-25.5469347],[-57.1177799,-25.5468925],[-57.1178544,-25.5467676],[-57.1180098,-25.5465794],[-57.1182035,-25.5464123],[-57.1183653,-25.5463297],[-57.1185079,-25.5462701],[-57.1186612,-25.5462317],[-57.1189392,-25.5461849],[-57.1190976,-25.5461924],[-57.119231,-25.5462301],[-57.1193723,-25.5463123],[-57.1196044,-25.5464369],[-57.1198806,-25.5466039],[-57.1200523,-25.546691],[-57.1202025,-25.5467491],[-57.1203715,-25.546766],[-57.1205378,-25.546737],[-57.1206692,-25.5467031],[-57.1208516,-25.5466862],[-57.1210018,-25.5466934],[-57.121152,-25.5467491],[-57.1213907,-25.5468895],[-57.1217515,-25.547062],[-57.1220409,-25.547152],[-57.122869,-25.5471581],[-57.1230601,-25.5472224],[-57.1234019,-25.5474547],[-57.1235702,-25.5474949],[-57.1237103,-25.547482],[-57.1238252,-25.5474352],[-57.1239357,-25.5474428],[-57.1240837,-25.5474969],[-57.1242807,-25.5476205],[-57.1246275,-25.5477934],[-57.1250525,-25.5480845],[-57.1251483,-25.5481156],[-57.1253979,-25.5481011],[-57.1255967,-25.5480809],[-57.1258839,-25.5480406],[-57.1260538,-25.5479834],[-57.1262399,-25.5478875],[-57.1264647,-25.5478189],[-57.1266797,-25.5477737],[-57.1268065,-25.547779],[-57.1268879,-25.5478122],[-57.1269181,-25.5478245],[-57.1270547,-25.5479193],[-57.1274525,-25.5480793],[-57.1276737,-25.5482595],[-57.1280069,-25.5482881],[-57.1284321,-25.5483357]]}},{"type":"Feature","properties":{"name":"Arroyo Mbaiovi","waterway":"stream","audit_class":"stream","audit_color":"#3b82f6","feature_id":"lqv-wat-00229","category":"stream","source":"osm_waterway","class_label":"Stream (OSM waterway=stream)","color":"#7dd3fc","width":1.4,"draw_priority":4},"geometry":{"type":"LineString","coordinates":[[-57.0983654,-25.5787267],[-57.0987284,-25.5785052],[-57.0989345,-25.5782838],[-57.0991241,-25.5780625],[-57.0993056,-25.577814],[-57.0994872,-25.5776333],[-57.099784,-25.5771906],[-57.0999569,-25.5767976],[-57.1001957,-25.5761518],[-57.100435,-25.5758536],[-57.1006491,-25.5755149],[-57.100905,-25.5752302],[-57.1009958,-25.5751715],[-57.1014494,-25.574828],[-57.1017627,-25.5744485],[-57.1019358,-25.5742],[-57.1020679,-25.5739968],[-57.1021916,-25.573789],[-57.1023233,-25.5735993],[-57.1026287,-25.573432],[-57.1028928,-25.5732828],[-57.1031733,-25.573111],[-57.103404,-25.5729302],[-57.1036434,-25.5727269],[-57.1038495,-25.5725687],[-57.1041631,-25.5724646],[-57.1043528,-25.5723516],[-57.1046003,-25.5722341],[-57.1051781,-25.5721704],[-57.1054751,-25.5720935],[-57.1057063,-25.5720391],[-57.1059787,-25.5719441],[-57.1061435,-25.5718401],[-57.1063745,-25.5715736],[-57.1064403,-25.5714245],[-57.106498,-25.5712303],[-57.1065062,-25.5710316],[-57.1065061,-25.570914],[-57.1066049,-25.5707426]]}},{"type":"Feature","properties":{"name":"Arroyo Zanja Moroti","waterway":"stream","audit_class":"stream","audit_color":"#3b82f6","feature_id":"lqv-wat-00230","category":"stream","source":"osm_waterway","class_label":"Stream (OSM waterway=stream)","color":"#7dd3fc","width":1.4,"draw_priority":4},"geometry":{"type":"LineString","coordinates":[[-57.106677,-25.5959364],[-57.1069753,-25.5957701],[-57.1076761,-25.5953145],[-57.1079006,-25.5950788],[-57.1080434,-25.5947273],[-57.1081444,-25.5942645],[-57.1082278,-25.5934921],[-57.1084154,-25.593051],[-57.1088388,-25.5927501],[-57.1097497,-25.5925433],[-57.1105997,-25.592335],[-57.1110118,-25.5923784],[-57.1117447,-25.5925679],[-57.1120943,-25.5926084],[-57.11297,-25.5929295],[-57.1132426,-25.5929613],[-57.1138504,-25.5928658],[-57.1141375,-25.5927212],[-57.1143187,-25.592552],[-57.114431,-25.592497],[-57.1147357,-25.592429],[-57.1149538,-25.5922974],[-57.1155295,-25.5920732],[-57.1155428,-25.5920603],[-57.1156273,-25.5919778],[-57.1157701,-25.5916885],[-57.1157861,-25.5915323],[-57.1158182,-25.5912661],[-57.1159497,-25.5911172],[-57.1163522,-25.5908655],[-57.1163843,-25.5908409],[-57.1165415,-25.5906182],[-57.1168125,-25.590284],[-57.1169969,-25.5899904],[-57.1171942,-25.5896245],[-57.1172583,-25.5895493],[-57.1176849,-25.589179],[-57.1179415,-25.5887827],[-57.1182655,-25.5885556],[-57.1182987,-25.5885405],[-57.1189759,-25.588233],[-57.1193704,-25.5880739],[-57.1196318,-25.5880667],[-57.1201194,-25.5880638],[-57.1204305,-25.5880305],[-57.1209437,-25.5879582],[-57.1214601,-25.5880377],[-57.1216798,-25.588113],[-57.1217037,-25.588114],[-57.1218514,-25.5881202],[-57.1220903,-25.5880667],[-57.1223132,-25.5880667],[-57.1225121,-25.5880623],[-57.1226677,-25.5880016],[-57.1228713,-25.5879032],[-57.1229307,-25.5878917],[-57.1232429,-25.5877713],[-57.1235592,-25.5877752],[-57.1239272,-25.5878295],[-57.1243747,-25.5877907],[-57.1248072,-25.5876782],[-57.125315,-25.5877247],[-57.1257582,-25.5878761],[-57.1258313,-25.5878683],[-57.1260121,-25.5878082],[-57.1262229,-25.5876646],[-57.1265758,-25.5875637],[-57.126877,-25.5875423],[-57.1270578,-25.5876025],[-57.1271826,-25.5876879],[-57.1272536,-25.5878121],[-57.1273289,-25.5880081],[-57.127473,-25.58814],[-57.1276796,-25.5882603],[-57.1278388,-25.5883768],[-57.1279356,-25.5884253],[-57.1280592,-25.5884479],[-57.129234,-25.5882318],[-57.129874,-25.5881813],[-57.129997,-25.588234505150588]]}},{"type":"Feature","properties":{"waterway":"stream","audit_class":"stream","audit_color":"#3b82f6","feature_id":"lqv-wat-00231","category":"stream","source":"osm_waterway","class_label":"Stream (OSM waterway=stream)","color":"#7dd3fc","width":1.4,"draw_priority":4},"geometry":{"type":"LineString","coordinates":[[-57.1258941,-25.5773252],[-57.1264512,-25.5772843],[-57.1267168,-25.5772201],[-57.1270341,-25.5771207],[-57.1272738,-25.5768578],[-57.1277272,-25.5765832],[-57.1280381,-25.5764488],[-57.1283406,-25.5761163],[-57.1285838,-25.575949],[-57.1287308,-25.575845],[-57.1291024,-25.5756099],[-57.1291232,-25.5755918],[-57.1292382,-25.5754156],[-57.1292868,-25.5752305],[-57.129318,-25.5750092],[-57.1293921,-25.5747879],[-57.1295273,-25.5746207],[-57.1296719,-25.5745258],[-57.1298697,-25.5744533],[-57.129997,-25.574439871522408]]}},{"type":"Feature","properties":{"name":"Arroyo Tairy","waterway":"stream","audit_class":"stream","audit_color":"#3b82f6","feature_id":"lqv-wat-00232","category":"stream","source":"osm_waterway","class_label":"Stream (OSM waterway=stream)","color":"#7dd3fc","width":1.4,"draw_priority":4},"geometry":{"type":"LineString","coordinates":[[-57.1284321,-25.5483357],[-57.1287678,-25.5484649],[-57.1291633,-25.5486873],[-57.1292749,-25.5487498],[-57.1293285,-25.5488211],[-57.1293908,-25.5489519],[-57.1294532,-25.5490738],[-57.1294639,-25.5492273],[-57.129464,-25.5493221],[-57.1295472,-25.5494124],[-57.129713,-25.5494799],[-57.1299,-25.5494798],[-57.129997,-25.54947972205705]]}},{"type":"Feature","properties":{"name":"Arroyo Tuyuti","waterway":"stream","audit_class":"stream","audit_color":"#3b82f6","feature_id":"lqv-wat-00233","category":"stream","source":"osm_waterway","class_label":"Stream (OSM waterway=stream)","color":"#7dd3fc","width":1.4,"draw_priority":4},"geometry":{"type":"LineString","coordinates":[[-57.1253066,-25.6513415],[-57.1254883,-25.6514633],[-57.1256332,-25.6515851],[-57.125751,-25.6517249],[-57.1257917,-25.6519236],[-57.1257863,-25.6521539],[-57.1258059,-25.6523796],[-57.1258804,-25.6527723],[-57.1259099,-25.6530161],[-57.1259179,-25.6532419],[-57.1259117,-25.6534947],[-57.1258917,-25.6537341],[-57.1258186,-25.6541495],[-57.1257896,-25.6543934],[-57.1257836,-25.6546462],[-57.1258059,-25.6551248],[-57.1258288,-25.6555537],[-57.1258207,-25.6558021],[-57.1257779,-25.6560098],[-57.1256944,-25.6562176],[-57.12552,-25.6565022],[-57.125271,-25.65685],[-57.1251419,-25.6569901],[-57.1250001,-25.6571167],[-57.1249273,-25.6572251],[-57.1248894,-25.6573064],[-57.124867,-25.6576089],[-57.1248605,-25.6579024],[-57.1248722,-25.658092],[-57.1249272,-25.6582861],[-57.1249999,-25.6584847],[-57.1250421,-25.6585976],[-57.1250933,-25.6587736],[-57.1251647,-25.6591077],[-57.1251658,-25.6592657],[-57.1251177,-25.6594825],[-57.1250172,-25.6598573],[-57.125004,-25.6600154],[-57.1250341,-25.6601734],[-57.1250925,-25.6603539],[-57.1251633,-25.6605209],[-57.1253434,-25.6609271],[-57.1254565,-25.6613199],[-57.1254514,-25.6614779],[-57.1254036,-25.661636],[-57.1253886,-25.661803],[-57.1254513,-25.66197],[-57.125544,-25.6621325],[-57.1257663,-25.6624664],[-57.1258865,-25.6627147],[-57.1260196,-25.6629358],[-57.1262102,-25.6632065],[-57.126412,-25.6635179],[-57.1265826,-25.6638474],[-57.1266398,-25.664046],[-57.1266442,-25.6640956],[-57.1266661,-25.6644884],[-57.1267034,-25.6646645],[-57.1268088,-25.6648179],[-57.12709,-25.6651292],[-57.1272116,-25.6652736],[-57.1273646,-25.6653773],[-57.1276839,-25.665526],[-57.1280045,-25.6656928],[-57.128021,-25.6657018],[-57.1281335,-25.6658146],[-57.1282053,-25.6659365],[-57.1283295,-25.6661937],[-57.1284224,-25.6663562],[-57.1285241,-25.6665051],[-57.1286603,-25.6666449],[-57.1288155,-25.6667757],[-57.1289483,-25.6669156],[-57.1290385,-25.6670735],[-57.1292248,-25.6674481],[-57.1293162,-25.6675745],[-57.1294437,-25.6676782],[-57.1295985,-25.6677774],[-57.1299668,-25.6679486],[-57.129997,-25.667966971043217]]}},{"type":"Feature","properties":{"name":"Arroyo Tuyuti","waterway":"stream","audit_class":"stream","audit_color":"#3b82f6","feature_id":"lqv-wat-00234","category":"stream","source":"osm_waterway","class_label":"Stream (OSM waterway=stream)","color":"#7dd3fc","width":1.4,"draw_priority":4},"geometry":{"type":"MultiLineString","coordinates":[[[-57.1147152,-25.6344746],[-57.1147167,-25.6345677],[-57.1146951,-25.6346219],[-57.1146443,-25.634651],[-57.1146104,-25.6346844],[-57.1145904,-25.6347371],[-57.1145133,-25.6347996],[-57.1144517,-25.6348566],[-57.114407,-25.634933],[-57.1143916,-25.635033],[-57.1143747,-25.6350913],[-57.1143963,-25.6351663],[-57.1144548,-25.6352219],[-57.1145056,-25.6352371],[-57.1146181,-25.6352219],[-57.1146951,-25.6352191],[-57.1147644,-25.635251],[-57.1148908,-25.6352955],[-57.1149909,-25.6353066],[-57.1150726,-25.6353038],[-57.1151588,-25.6352983],[-57.1152297,-25.635326],[-57.115299,-25.635401],[-57.1153914,-25.6354663],[-57.115547,-25.6355413],[-57.1156117,-25.6355635],[-57.1157042,-25.6355649],[-57.1157612,-25.6355594],[-57.1158182,-25.6355927],[-57.1158782,-25.6356649],[-57.1159245,-25.635783],[-57.115946,-25.6358899],[-57.115983,-25.635976],[-57.1160539,-25.6360733],[-57.1161186,-25.636108],[-57.1162079,-25.6361246],[-57.1163004,-25.6361385],[-57.1164482,-25.6361996],[-57.1165052,-25.6362496],[-57.1165746,-25.6363163],[-57.1166824,-25.6363899],[-57.1167409,-25.636433],[-57.116764,-25.6364885],[-57.116858,-25.6365538],[-57.1169689,-25.6366052],[-57.1170398,-25.636626],[-57.1170999,-25.636651],[-57.1171538,-25.6366607],[-57.1172262,-25.6366621],[-57.1172817,-25.6366982],[-57.117314,-25.6367316],[-57.1173387,-25.636808],[-57.1173541,-25.6368427],[-57.1174172,-25.6368844],[-57.1175081,-25.6368857],[-57.1175513,-25.6368649],[-57.1175913,-25.6368246],[-57.1176622,-25.6368024],[-57.11777,-25.6367635],[-57.117847,-25.6367663],[-57.1179025,-25.6367885],[-57.1179395,-25.6368357],[-57.1179487,-25.6368871],[-57.1179533,-25.636951],[-57.1179934,-25.6369927],[-57.1180596,-25.6370149],[-57.1181151,-25.6370705],[-57.1181628,-25.6371607],[-57.118206,-25.6372468],[-57.1182183,-25.6373121],[-57.1182676,-25.6373885],[-57.1183246,-25.6374232],[-57.1184032,-25.6374538],[-57.1184648,-25.637476],[-57.1185233,-25.6375329],[-57.1185526,-25.6376149],[-57.1186004,-25.6376691],[-57.1186912,-25.6376885],[-57.118776,-25.6376774],[-57.1188752,-25.637709],[-57.1189369,-25.6377671],[-57.1189985,-25.6378275],[-57.1190415,-25.6379121],[-57.1190817,-25.6379968],[-57.1191595,-25.6380597],[-57.1192238,-25.6380766],[-57.1192641,-25.6380669],[-57.1193097,-25.6380524],[-57.1193633,-25.6380621],[-57.119417,-25.6380476],[-57.1194733,-25.6380451],[-57.1195055,-25.6380742],[-57.1195108,-25.6381322],[-57.1195913,-25.6381806],[-57.1196879,-25.6382338],[-57.1197791,-25.6382821],[-57.119932,-25.6383305],[-57.1201492,-25.6383643],[-57.1203879,-25.6383934],[-57.1204711,-25.6384151],[-57.120522,-25.6384586],[-57.1205301,-25.6385167],[-57.120522,-25.6385844],[-57.1205435,-25.6386473],[-57.1206079,-25.6387198],[-57.1207098,-25.638831],[-57.1207768,-25.6389399],[-57.120801,-25.6390342],[-57.1208761,-25.6391212],[-57.1209861,-25.639172],[-57.1210531,-25.6391938],[-57.1211363,-25.6392421],[-57.1212275,-25.6392784],[-57.121324,-25.6392832],[-57.1214072,-25.6392687],[-57.1214608,-25.6392421],[-57.1215118,-25.6392228],[-57.1215681,-25.6392276],[-57.1215976,-25.6392518],[-57.1216164,-25.6393098],[-57.1216593,-25.6393485],[-57.1217693,-25.6393896],[-57.1218524,-25.6394211],[-57.1219436,-25.6394428],[-57.122008,-25.6394525],[-57.1220643,-25.6394863],[-57.1220965,-25.6395468],[-57.1221206,-25.6396169],[-57.1221528,-25.6396846],[-57.1222199,-25.6397306],[-57.1223433,-25.6397789],[-57.1224425,-25.6398176],[-57.1225015,-25.6398491],[-57.1225391,-25.639895],[-57.1225417,-25.6399458],[-57.1225471,-25.6400207],[-57.1225873,-25.6400546],[-57.1226544,-25.6400522],[-57.1227644,-25.6400014],[-57.1228851,-25.6399917],[-57.1229816,-25.6400087],[-57.1231104,-25.640057],[-57.1232177,-25.6401054],[-57.1232686,-25.6401828],[-57.1232847,-25.6402601],[-57.1233437,-25.640294],[-57.1234296,-25.6402916],[-57.12351,-25.6403375],[-57.1235556,-25.6404221],[-57.1236495,-25.6404947],[-57.1237916,-25.640514],[-57.1239311,-25.6404753],[-57.1240411,-25.640427],[-57.1241672,-25.6404246],[-57.1243361,-25.6404705],[-57.1244837,-25.6405092],[-57.124599,-25.6405406],[-57.1247116,-25.6405576],[-57.1248619,-25.6405116],[-57.1250094,-25.6404512],[-57.1251274,-25.6404512],[-57.1252266,-25.6404608],[-57.1253768,-25.6404391],[-57.1254734,-25.6403931],[-57.1255244,-25.6403278],[-57.1255941,-25.6402601],[-57.1256638,-25.6402214],[-57.1257363,-25.6401973],[-57.1258435,-25.6401537],[-57.1259857,-25.640028],[-57.126042,-25.6399893],[-57.1261144,-25.6399675],[-57.1262137,-25.6399966],[-57.1263719,-25.6400594],[-57.1265302,-25.6401416],[-57.1266428,-25.6401997],[-57.1267501,-25.6402722],[-57.1269969,-25.6405068],[-57.1270639,-25.6406543],[-57.1271283,-25.6407969],[-57.1271739,-25.640855],[-57.127249,-25.6408961],[-57.1273268,-25.6409324],[-57.1273724,-25.6409976],[-57.1274099,-25.6410968],[-57.127426,-25.6411838],[-57.1274797,-25.6412709],[-57.1275387,-25.6413313],[-57.1276192,-25.6413845],[-57.1276996,-25.6413894],[-57.1277318,-25.6413362],[-57.127756,-25.6412757],[-57.1278445,-25.6412395],[-57.1279947,-25.641283],[-57.1281234,-25.6413604],[-57.1282951,-25.641474],[-57.128433,-25.6416042],[-57.1286857,-25.6418252],[-57.1287547,-25.6419967],[-57.1287872,-25.6421186],[-57.1288059,-25.6424121],[-57.1288524,-25.64257],[-57.1289208,-25.64271],[-57.128942,-25.6427325],[-57.1290669,-25.6428137],[-57.1292133,-25.6428632],[-57.1293242,-25.6429534],[-57.1293844,-25.6430888],[-57.1294789,-25.6432197],[-57.1296104,-25.6433144],[-57.1297767,-25.643391],[-57.129997,-25.643521344997737]],[[-57.129997,-25.66269304501107],[-57.1298702,-25.6630137],[-57.1297177,-25.6634112],[-57.1295871,-25.6635738],[-57.129286,-25.663854],[-57.1291277,-25.6640303],[-57.1288519,-25.6643917],[-57.1286452,-25.6646809],[-57.128368,-25.6649836],[-57.1281651,-25.665345],[-57.1281216,-25.6654534],[-57.1280045,-25.6656928]]]}},{"type":"Feature","properties":{"name":"Arroyo Yacare","waterway":"stream","audit_class":"stream","audit_color":"#3b82f6","feature_id":"lqv-wat-00235","category":"stream","source":"osm_waterway","class_label":"Stream (OSM waterway=stream)","color":"#7dd3fc","width":1.4,"draw_priority":4},"geometry":{"type":"LineString","coordinates":[[-57.0954074,-25.6118385],[-57.0954003,-25.6118972],[-57.095372,-25.611992],[-57.0953566,-25.6121049],[-57.0953561,-25.6122539],[-57.0954023,-25.612448],[-57.0954871,-25.6126602],[-57.0956175,-25.6129942],[-57.0957043,-25.6133825],[-57.0957309,-25.6135585],[-57.0957444,-25.6137527],[-57.0957431,-25.6139784],[-57.0957403,-25.6144119],[-57.0957291,-25.6148228],[-57.0957398,-25.6150034],[-57.0957875,-25.6153826],[-57.0958223,-25.6157032],[-57.0958601,-25.6159199],[-57.0959228,-25.6161366],[-57.0960048,-25.6163126],[-57.096103,-25.616457],[-57.0962251,-25.6165472],[-57.0964007,-25.6166149],[-57.0965878,-25.6166418],[-57.0969893,-25.6166551],[-57.0972025,-25.6166821],[-57.0975873,-25.6167631],[-57.0977492,-25.6168217],[-57.0979008,-25.6168983],[-57.0979965,-25.6169931],[-57.0981305,-25.6172774],[-57.0982254,-25.617373],[-57.0983357,-25.6174331],[-57.0984103,-25.6174655],[-57.0984715,-25.6175027],[-57.0984906,-25.6175355],[-57.0986324,-25.6178313],[-57.0988439,-25.6180174],[-57.0988935,-25.6181167],[-57.0989971,-25.6184147],[-57.0991574,-25.6187713],[-57.0992862,-25.6191775],[-57.0994528,-25.6195477],[-57.0995308,-25.6197734],[-57.0996637,-25.6201751],[-57.099685,-25.6204009],[-57.0997186,-25.6206537],[-57.0998089,-25.6210826],[-57.0998399,-25.6213083],[-57.0998541,-25.6215115],[-57.0998396,-25.6217102],[-57.0997909,-25.621936],[-57.0997341,-25.6221301],[-57.0996441,-25.6224553],[-57.0996132,-25.6226675],[-57.0996102,-25.6228391],[-57.0996377,-25.6230107],[-57.0997666,-25.6233808],[-57.0997801,-25.6235388],[-57.0996575,-25.6239227],[-57.0996402,-25.6241214],[-57.0997023,-25.6242839],[-57.0998008,-25.6244328],[-57.0999086,-25.6245502],[-57.1000101,-25.6246404],[-57.1000908,-25.6247442],[-57.1001865,-25.6249067],[-57.1002149,-25.6250105],[-57.1002224,-25.6250331],[-57.100335,-25.6253355],[-57.1003464,-25.6254845],[-57.1003312,-25.6256335],[-57.1003179,-25.6256606],[-57.1000946,-25.625891],[-57.1000094,-25.626022],[-57.0999021,-25.6261305],[-57.0997521,-25.6261848],[-57.0993569,-25.6262844],[-57.099149,-25.6263613],[-57.0990358,-25.6264381],[-57.0989527,-25.626551],[-57.0989061,-25.6266775],[-57.0988452,-25.6268085],[-57.0987722,-25.6269304],[-57.0987179,-25.6272014],[-57.098731,-25.6272465],[-57.0988143,-25.6273819],[-57.0989803,-25.6275669],[-57.0991648,-25.6278287],[-57.0993425,-25.6281356],[-57.0994625,-25.6283116],[-57.0995825,-25.628465],[-57.0996657,-25.6285959],[-57.0996652,-25.6287359],[-57.0995117,-25.629052],[-57.0992744,-25.6293818],[-57.0992589,-25.6294179],[-57.0991758,-25.6297521],[-57.0990729,-25.6299192],[-57.0989469,-25.6300638],[-57.0986149,-25.6302808],[-57.0984809,-25.6304299],[-57.0984138,-25.630606],[-57.0983804,-25.6308092],[-57.0982569,-25.6309131],[-57.0979139,-25.6309901],[-57.097724,-25.6310489],[-57.0973559,-25.6312208],[-57.0970462,-25.6312481],[-57.0968314,-25.6312843],[-57.0966223,-25.6313477],[-57.0964518,-25.6314336],[-57.0963364,-25.6315375],[-57.0962935,-25.6316685],[-57.0962734,-25.6318491],[-57.0962582,-25.6322284],[-57.0962244,-25.6323819],[-57.0961205,-25.6325355],[-57.0959669,-25.6326756],[-57.095656,-25.6328835],[-57.0953613,-25.632992],[-57.0952655,-25.6330688],[-57.095256,-25.6332585],[-57.095268,-25.6334255],[-57.0953068,-25.6337235],[-57.0953063,-25.633859],[-57.0952581,-25.6339628],[-57.0950565,-25.6341255],[-57.0949616,-25.6341753],[-57.0949661,-25.6343378],[-57.0949404,-25.6344958],[-57.0948208,-25.6348053]]}},{"type":"Feature","properties":{"name":"Arroyo Mbaey","waterway":"stream","audit_class":"stream","audit_color":"#3b82f6","feature_id":"lqv-wat-00236","category":"stream","source":"osm_waterway","class_label":"Stream (OSM waterway=stream)","color":"#7dd3fc","width":1.4,"draw_priority":4},"geometry":{"type":"LineString","coordinates":[[-57.1107992,-25.6915966],[-57.1110956,-25.6915964],[-57.1114474,-25.6914381],[-57.1117475,-25.6912843],[-57.1121303,-25.6910131],[-57.1131339,-25.6904976],[-57.1134857,-25.6903077],[-57.1139822,-25.6900816],[-57.1144065,-25.6898284],[-57.114727,-25.6895843],[-57.1150685,-25.6893719],[-57.1154616,-25.6891052],[-57.1165483,-25.6888515],[-57.1175728,-25.6887107],[-57.1182352,-25.688683],[-57.1188357,-25.6887593],[-57.1193327,-25.6889711],[-57.1198193,-25.6891694],[-57.1201401,-25.6891962],[-57.1206163,-25.6891687],[-57.1210715,-25.6890374],[-57.121558,-25.6887842],[-57.1219615,-25.6886709],[-57.1221719,-25.68866],[-57.1223135,-25.6886526],[-57.1226031,-25.6886885],[-57.1228723,-25.6887244],[-57.1230793,-25.68867],[-57.1233584,-25.688426],[-57.1237619,-25.6880102],[-57.1240513,-25.6877391],[-57.1243825,-25.6875627],[-57.1246306,-25.6874857],[-57.1249928,-25.6874944],[-57.1252019,-25.6876071],[-57.1254106,-25.687625],[-57.1255358,-25.6875888],[-57.1259117,-25.6876065],[-57.1261205,-25.6877192],[-57.126225,-25.6879449],[-57.1263088,-25.6882519],[-57.1263301,-25.6886266],[-57.1264556,-25.6888929],[-57.1267063,-25.6889694],[-57.1268941,-25.6888925],[-57.1268939,-25.6887029],[-57.1271024,-25.6886259],[-57.1273532,-25.6889102],[-57.1275417,-25.6892893],[-57.1276673,-25.6897045],[-57.1278346,-25.690025],[-57.1281269,-25.6901782],[-57.128503,-25.6904036],[-57.1287329,-25.690706],[-57.1288167,-25.6909723],[-57.1288796,-25.6913109],[-57.1289216,-25.6915772],[-57.1291308,-25.6917667],[-57.1294646,-25.6917077],[-57.1297988,-25.6916712],[-57.129997,-25.691727160633988]]}},{"type":"Feature","properties":{"waterway":"stream","audit_class":"stream","audit_color":"#3b82f6","feature_id":"lqv-wat-00237","category":"stream","source":"osm_waterway","class_label":"Stream (OSM waterway=stream)","color":"#7dd3fc","width":1.4,"draw_priority":4},"geometry":{"type":"LineString","coordinates":[[-57.03106589481947,-25.5184],[-57.031007,-25.5184996],[-57.0309393,-25.5186554],[-57.0308919,-25.5187196],[-57.0308851,-25.5188113],[-57.0309224,-25.5189029],[-57.0310239,-25.518964],[-57.0311154,-25.5190099],[-57.0311357,-25.5190893],[-57.0311086,-25.5191504],[-57.0308953,-25.519349],[-57.0307734,-25.5194987],[-57.0306718,-25.5196668],[-57.0306549,-25.5198165],[-57.0306922,-25.5199448],[-57.0307565,-25.5201006],[-57.0307294,-25.5201648],[-57.0306278,-25.520232],[-57.0305127,-25.5202564],[-57.0304348,-25.5203695],[-57.0304281,-25.5204489],[-57.0304653,-25.5205222],[-57.0306854,-25.5206353],[-57.0307734,-25.520675],[-57.0307937,-25.5208064],[-57.0307633,-25.5209041],[-57.0307328,-25.5210569],[-57.0307362,-25.5212616],[-57.0307396,-25.5214572],[-57.0306786,-25.5215916],[-57.030577,-25.5217199],[-57.0304856,-25.5218971],[-57.0304281,-25.5220315],[-57.0302893,-25.5222851],[-57.0302723,-25.5224593],[-57.0302859,-25.5228106],[-57.0302351,-25.5229603],[-57.0302114,-25.5232872],[-57.0300997,-25.5235347],[-57.03012,-25.523718],[-57.0299101,-25.523935],[-57.0298187,-25.5240205],[-57.0297103,-25.5241519],[-57.0295681,-25.5242405],[-57.029453,-25.5242985],[-57.029365,-25.5243291],[-57.0292736,-25.5243735]]}},{"type":"Feature","properties":{"waterway":"stream","audit_class":"stream","audit_color":"#3b82f6","feature_id":"lqv-wat-00238","category":"stream","source":"osm_waterway","class_label":"Stream (OSM waterway=stream)","color":"#7dd3fc","width":1.4,"draw_priority":4},"geometry":{"type":"LineString","coordinates":[[-57.05877827977528,-25.5184],[-57.0587216,-25.5184225],[-57.0586812,-25.5184711],[-57.0586453,-25.5185521],[-57.0586498,-25.5186938],[-57.0586678,-25.5188193],[-57.0586274,-25.518876],[-57.0585332,-25.5189812],[-57.0584165,-25.5191229],[-57.0583044,-25.5192039],[-57.0582595,-25.5193091],[-57.0581833,-25.5193901],[-57.058125,-25.5194954],[-57.0580891,-25.5195723],[-57.0580532,-25.5196573],[-57.0580532,-25.5197504],[-57.0580476,-25.5198373]]}},{"type":"Feature","properties":{"waterway":"stream","audit_class":"stream","audit_color":"#3b82f6","feature_id":"lqv-wat-00239","category":"stream","source":"osm_waterway","class_label":"Stream (OSM waterway=stream)","color":"#7dd3fc","width":1.4,"draw_priority":4},"geometry":{"type":"LineString","coordinates":[[-57.0579007,-25.5184],[-57.0579007,-25.5184064],[-57.0578693,-25.5185076],[-57.0577795,-25.5185926],[-57.0577033,-25.5186452],[-57.0573803,-25.5188274],[-57.0571874,-25.518965],[-57.0570304,-25.5190743],[-57.0569137,-25.5192241],[-57.056824,-25.5193658],[-57.0567208,-25.5194346],[-57.0565324,-25.5195196],[-57.0564248,-25.5195156],[-57.0563036,-25.5195237],[-57.0562274,-25.5195439],[-57.0561646,-25.5196006],[-57.0561107,-25.5196573],[-57.0560749,-25.5197071]]}},{"type":"Feature","properties":{"waterway":"stream","audit_class":"stream","audit_color":"#3b82f6","feature_id":"lqv-wat-00240","category":"stream","source":"osm_waterway","class_label":"Stream (OSM waterway=stream)","color":"#7dd3fc","width":1.4,"draw_priority":4},"geometry":{"type":"LineString","coordinates":[[-57.053739204191615,-25.5184],[-57.0537377,-25.5184064],[-57.0538408,-25.5185157],[-57.0539036,-25.5186816],[-57.0539126,-25.5188193],[-57.0539575,-25.5190177],[-57.0539171,-25.5191512],[-57.0538767,-25.5193172],[-57.0539081,-25.5194954],[-57.0539216,-25.5196047],[-57.0538184,-25.5196775],[-57.0536883,-25.5197302],[-57.0534506,-25.5198395],[-57.0532891,-25.5198637],[-57.0531455,-25.519888],[-57.0530244,-25.5199326],[-57.0528943,-25.5199812],[-57.052827,-25.5200459],[-57.0527866,-25.5201026],[-57.0527591,-25.5201447]]}},{"type":"Feature","properties":{"waterway":"stream","audit_class":"stream","audit_color":"#3b82f6","feature_id":"lqv-wat-00241","category":"stream","source":"osm_waterway","class_label":"Stream (OSM waterway=stream)","color":"#7dd3fc","width":1.4,"draw_priority":4},"geometry":{"type":"LineString","coordinates":[[-57.0631877817029,-25.5184],[-57.06314,-25.5184214],[-57.0630573,-25.5184896],[-57.0629601,-25.518626],[-57.0629205,-25.5186974],[-57.0627298,-25.5188013],[-57.0626398,-25.5188598],[-57.0625679,-25.5189475],[-57.0625499,-25.5190027],[-57.0625139,-25.5190969],[-57.0624743,-25.5191326],[-57.0624203,-25.5191553],[-57.0623304,-25.5192138],[-57.062244,-25.5192917],[-57.0622404,-25.5193599],[-57.0623483,-25.5194378],[-57.0624275,-25.5195158],[-57.0624563,-25.519584],[-57.0624059,-25.5196782],[-57.0623088,-25.5197366],[-57.0621684,-25.5197593],[-57.0620677,-25.5197528],[-57.0620209,-25.5197204],[-57.0619741,-25.5196652],[-57.0619273,-25.5196587],[-57.0618445,-25.5197593],[-57.0617294,-25.5198665],[-57.0616826,-25.5199444],[-57.061661,-25.5200126],[-57.0616142,-25.5201068],[-57.0615926,-25.5201393],[-57.0615027,-25.5201685],[-57.0613731,-25.520188],[-57.06124,-25.520201],[-57.0611104,-25.5202205],[-57.0610241,-25.5202367],[-57.0609809,-25.5201945],[-57.0609269,-25.5201848],[-57.0608693,-25.5201815],[-57.0608369,-25.5201653],[-57.0607902,-25.5200971],[-57.0607254,-25.5200792],[-57.060639,-25.5201425],[-57.0605491,-25.5201458]]}},{"type":"Feature","properties":{"waterway":"stream","audit_class":"stream","audit_color":"#3b82f6","feature_id":"lqv-wat-00242","category":"stream","source":"osm_waterway","class_label":"Stream (OSM waterway=stream)","color":"#7dd3fc","width":1.4,"draw_priority":4},"geometry":{"type":"LineString","coordinates":[[-56.9774404,-25.6557774],[-56.9774162,-25.6557041],[-56.977513,-25.6555851],[-56.9775218,-25.6555474],[-56.9774947,-25.6554776]]}},{"type":"Feature","properties":{"waterway":"stream","audit_class":"stream","audit_color":"#3b82f6","feature_id":"lqv-wat-00243","category":"stream","source":"osm_waterway","class_label":"Stream (OSM waterway=stream)","color":"#7dd3fc","width":1.4,"draw_priority":4},"geometry":{"type":"LineString","coordinates":[[-57.0313484,-25.6426161],[-57.0313185,-25.6424394],[-57.0312887,-25.6420821],[-57.0312589,-25.6418669]]}},{"type":"Feature","properties":{"name":"Yukyry","waterway":"stream","audit_class":"stream","audit_color":"#3b82f6","feature_id":"lqv-wat-00244","category":"stream","source":"osm_waterway","class_label":"Stream (OSM waterway=stream)","color":"#7dd3fc","width":1.4,"draw_priority":4},"geometry":{"type":"LineString","coordinates":[[-57.1239035,-25.6233301],[-57.1241771,-25.6232237],[-57.125014,-25.6228465],[-57.1254431,-25.6225949],[-57.1257864,-25.6222564],[-57.1260701,-25.621855],[-57.1261351,-25.6217581],[-57.1263282,-25.6217266],[-57.1264328,-25.6216734],[-57.1265347,-25.6215912],[-57.1267359,-25.6215525],[-57.1269344,-25.6215815],[-57.1272482,-25.6216275],[-57.1275727,-25.6216516],[-57.1277685,-25.6216589],[-57.1278552,-25.621659],[-57.1280984,-25.6215731],[-57.12815,-25.621563],[-57.1283017,-25.6215698],[-57.1284307,-25.6217237],[-57.1286734,-25.6217682],[-57.1292386,-25.6216793],[-57.1295497,-25.6215459],[-57.129929,-25.6213407],[-57.129997,-25.6212904049763]]}},{"type":"Feature","properties":{"waterway":"stream","audit_class":"stream","audit_color":"#3b82f6","feature_id":"lqv-wat-00245","category":"stream","source":"osm_waterway","class_label":"Stream (OSM waterway=stream)","color":"#7dd3fc","width":1.4,"draw_priority":4},"geometry":{"type":"LineString","coordinates":[[-56.9774519,-25.6553673],[-56.9774448,-25.6553491],[-56.9773326,-25.6551012],[-56.9773414,-25.655016]]}},{"type":"Feature","properties":{"layer":"-1","tunnel":"culvert","waterway":"stream","audit_class":"stream","audit_color":"#3b82f6","feature_id":"lqv-wat-00246","category":"stream","source":"osm_waterway","class_label":"Stream (OSM waterway=stream)","color":"#7dd3fc","width":1.4,"draw_priority":4},"geometry":{"type":"LineString","coordinates":[[-56.9774947,-25.6554776],[-56.9774519,-25.6553673]]}},{"type":"Feature","properties":{"name:ca":"Soledat. Rierol Envoltat - 0","name:de":"Einsamkeit. Umgebener Bach - 0","name:el":"\u039c\u03bf\u03bd\u03b1\u03be\u03b9\u03ac. \u03a0\u03b5\u03c1\u03b9\u03c4\u03c1\u03b9\u03b3\u03c5\u03c1\u03b9\u03c3\u03bc\u03ad\u03bd\u03bf\u03c2 \u03ba\u03bf\u03bb\u03c0\u03af\u03c3\u03ba\u03bf\u03c2 - 0","name:en":"Loneliness. Surrounded Creek - 0","name:es":"Soledad. Arroyo Rodeado - 0","name:fr":"Solitude. Ruisseau entour\u00e9 - 0","name:ig":"owu \u1ecdm\u1ee5ma. Creek gbara ya gburugburu - 0","name:it":"Solitudine. Insenatura Circondata - 0","name:ja":"\u5b64\u72ec\u3002 \u56f2\u307e\u308c\u305f\u30af\u30ea\u30fc\u30af - 0","name:ka":"\u10db\u10d0\u10e0\u10e2\u10dd\u10dd\u10d1\u10d0. \u10d2\u10d0\u10e0\u10e8\u10d4\u10db\u10dd\u10e0\u10e2\u10e7\u10db\u10e3\u10da\u10d8 \u10d9\u10e0\u10d8\u10d9\u10d8 - 0","name:ko":"\uc678\ub85c\uc6c0. \ub458\ub7ec\uc2f8\uc778 \ud06c\ub9ad - 0","name:la":"Solitudo. Circumdederunt Creek - 0","name:lb":"Einsamkeet. \u00cbmginn Creek - 0","name:nl":"Eenzaamheid. Omringde Kreek - 0","name:no":"Ensomhet. Omgitt Creek - 0","name:pl":"Samotno\u015b\u0107. Otoczony potok - 0","name:pt":"Solid\u00e3o. Riacho Cercado - 0","name:sv":"Ensamhet. Surrounded Creek - 0","name:uk":"\u0421\u0430\u043c\u043e\u0442\u043d\u0456\u0441\u0442\u044c. \u041e\u0442\u043e\u0447\u0435\u043d\u0438\u0439 \u0441\u0442\u0440\u0443\u043c\u043e\u043a - 0","name:zh-Hant":"\u5b64\u7368\u3002 \u74b0\u7e5e\u5c0f\u6eaa - 0","name:zu":"Isizungu. UCreek Ozungezwe - 0","waterway":"stream","audit_class":"stream","audit_color":"#3b82f6","feature_id":"lqv-wat-00247","category":"stream","source":"osm_waterway","class_label":"Stream (OSM waterway=stream)","color":"#7dd3fc","width":1.4,"draw_priority":4},"geometry":{"type":"LineString","coordinates":[[-57.071064,-25.606745],[-57.0710459,-25.6067561],[-57.071029,-25.6067708],[-57.0709992,-25.6067961],[-57.0709841,-25.6068156],[-57.0709555,-25.6068556],[-57.0709181,-25.6069009],[-57.0708796,-25.6069403],[-57.0708445,-25.606973],[-57.0708189,-25.6069988],[-57.0707885,-25.6070267],[-57.0707669,-25.6070625],[-57.0707406,-25.607103],[-57.0707155,-25.6071367],[-57.0706963,-25.6071699],[-57.0706694,-25.6071972],[-57.0706326,-25.6072335],[-57.0706099,-25.6072504],[-57.0705766,-25.6072657],[-57.0705398,-25.6072583],[-57.0705007,-25.6072462],[-57.0704412,-25.6072309],[-57.0703822,-25.6072904],[-57.0703612,-25.6073194],[-57.07037,-25.6073457],[-57.0703752,-25.6073862],[-57.0703711,-25.6074194],[-57.070363,-25.6074557],[-57.0703268,-25.6074704],[-57.0702882,-25.6074741],[-57.0702485,-25.6074746],[-57.0702118,-25.607481],[-57.0701884,-25.6074925],[-57.070161,-25.607511],[-57.0701493,-25.6075357],[-57.0701411,-25.6075673],[-57.070116,-25.6076015],[-57.0700968,-25.6076289],[-57.0700687,-25.6076731],[-57.0700588,-25.6077147],[-57.0700594,-25.60775],[-57.0700623,-25.6077926],[-57.0700629,-25.6078321],[-57.0700635,-25.6078631],[-57.0700506,-25.6078937],[-57.070029,-25.6079205],[-57.0699929,-25.6079421],[-57.0699672,-25.6079589],[-57.0699391,-25.6079774],[-57.0699193,-25.6079963],[-57.0698936,-25.6080226],[-57.0698749,-25.608039],[-57.0698364,-25.6080574],[-57.0698125,-25.6080763],[-57.0697915,-25.6080953],[-57.0697827,-25.6081153],[-57.0697722,-25.6081395],[-57.0697588,-25.6081827],[-57.0697518,-25.6082285],[-57.0697471,-25.6082911],[-57.0697523,-25.608348],[-57.0697623,-25.608399],[-57.0697815,-25.6084417],[-57.0698084,-25.6084864],[-57.0698428,-25.6085296],[-57.0698539,-25.608559],[-57.0698533,-25.6086017],[-57.0698615,-25.608658],[-57.0698895,-25.6087264],[-57.0698969,-25.6087655],[-57.0699016,-25.6088163],[-57.0699063,-25.6088507],[-57.0699076,-25.6088931],[-57.069911,-25.6089233],[-57.0699304,-25.6089535],[-57.0699392,-25.6089832],[-57.0699304,-25.6090067],[-57.0698989,-25.6090255],[-57.069858,-25.6090467],[-57.0698064,-25.6090733],[-57.0697739,-25.6091023],[-57.0697474,-25.6091295]]}},{"type":"Feature","properties":{"name:ca":"Soledat. Rierol Envoltat - 2","name:de":"Einsamkeit. Umgebener Bach - 2","name:el":"\u039c\u03bf\u03bd\u03b1\u03be\u03b9\u03ac. \u03a0\u03b5\u03c1\u03b9\u03c4\u03c1\u03b9\u03b3\u03c5\u03c1\u03b9\u03c3\u03bc\u03ad\u03bd\u03bf\u03c2 \u03ba\u03bf\u03bb\u03c0\u03af\u03c3\u03ba\u03bf\u03c2 - 2","name:en":"Loneliness. Surrounded Creek - 2","name:es":"Soledad. Arroyo Rodeado - 2","name:fr":"Solitude. Ruisseau Entour\u00e9 - 2","name:ig":"owu \u1ecdm\u1ee5ma. Creek gbara ya gburugburu - 2","name:it":"Solitudine. Insenatura Circondata - 2","name:ja":"\u5b64\u72ec\u3002 \u56f2\u307e\u308c\u305f\u30af\u30ea\u30fc\u30af - 2","name:ka":"\u10db\u10d0\u10e0\u10e2\u10dd\u10dd\u10d1\u10d0. \u10d2\u10d0\u10e0\u10e8\u10d4\u10db\u10dd\u10e0\u10e2\u10e7\u10db\u10e3\u10da\u10d8 \u10d9\u10e0\u10d8\u10d9\u10d8 - 2","name:ko":"\uc678\ub85c\uc6c0. \ub458\ub7ec\uc2f8\uc778 \ud06c\ub9ad - 2","name:la":"Solitudo. Circumdederunt Creek - 2","name:lb":"Einsamkeet. \u00cbmginn Creek - 2","name:nl":"Eenzaamheid. Omringde Kreek - 2","name:no":"Ensomhet. Omgitt bekk - 2","name:pl":"Samotno\u015b\u0107. Otoczony potok \u2013 2","name:pt":"Solid\u00e3o. Riacho Cercado - 2","name:uk":"\u0421\u0430\u043c\u043e\u0442\u043d\u0456\u0441\u0442\u044c. \u041e\u0442\u043e\u0447\u0435\u043d\u0438\u0439 \u0441\u0442\u0440\u0443\u043c\u043e\u043a - 2","name:zh-Hant":"\u5b64\u7368\u3002 \u74b0\u7e5e\u6eaa - 2","name:zu":"Isizungu. I-Srounded Creek - 2","waterway":"stream","audit_class":"stream","audit_color":"#3b82f6","feature_id":"lqv-wat-00248","category":"stream","source":"osm_waterway","class_label":"Stream (OSM waterway=stream)","color":"#7dd3fc","width":1.4,"draw_priority":4},"geometry":{"type":"LineString","coordinates":[[-57.0715849,-25.6046449],[-57.0715345,-25.6048013],[-57.0715097,-25.6048899],[-57.0714549,-25.6050239],[-57.0714077,-25.6051218],[-57.0713485,-25.6052367],[-57.0713893,-25.605417],[-57.0713913,-25.6054756],[-57.0713974,-25.6055315],[-57.0713934,-25.6055856],[-57.0713842,-25.6056388],[-57.0713801,-25.6056929],[-57.0713954,-25.6057414],[-57.0714167,-25.6058019],[-57.0714005,-25.6058267],[-57.0713974,-25.6058642],[-57.0713862,-25.6059082],[-57.0713649,-25.6059339],[-57.0713354,-25.6059651],[-57.0713171,-25.6059962],[-57.0713222,-25.606043],[-57.0713242,-25.6060943],[-57.0713151,-25.6061374],[-57.07131,-25.6061887],[-57.0712856,-25.6062254],[-57.0712572,-25.6062744],[-57.0712379,-25.6063175],[-57.0712338,-25.6063606],[-57.0712297,-25.6064238],[-57.0712338,-25.6064623],[-57.0712297,-25.6065072],[-57.0712053,-25.6065347],[-57.0711759,-25.6065604],[-57.0711545,-25.6065861],[-57.0711387,-25.6066181],[-57.0711265,-25.6066511],[-57.071096,-25.6066704],[-57.0710746,-25.6066841],[-57.0710685,-25.6067135],[-57.071064,-25.606745]]}},{"type":"Feature","properties":{"intermittent":"yes","name":"Soledad, Arroyo Rodeado - 1","name:ca":"Soledat. Rierol Envoltat - 1","name:de":"Einsamkeit. Umgebener Bach - 1","name:el":"\u039c\u03bf\u03bd\u03b1\u03be\u03b9\u03ac. \u03a0\u03b5\u03c1\u03b9\u03c4\u03c1\u03b9\u03b3\u03c5\u03c1\u03b9\u03c3\u03bc\u03ad\u03bd\u03bf\u03c2 \u03ba\u03bf\u03bb\u03c0\u03af\u03c3\u03ba\u03bf\u03c2 - 1","name:en":"Loneliness. Surrounded Creek - 1","name:es":"Soledad. Arroyo Rodeado - 1","name:fr":"Solitude. Ruisseau Entour\u00e9 - 1","name:ig":"owu \u1ecdm\u1ee5ma. Creek gbara ya gburugburu - 1","name:it":"Solitudine. Insenatura Circondata - 1","name:ja":"\u5b64\u72ec\u3002 \u56f2\u307e\u308c\u305f\u30af\u30ea\u30fc\u30af - 1","name:ka":"\u10db\u10d0\u10e0\u10e2\u10dd\u10dd\u10d1\u10d0. \u10d2\u10d0\u10e0\u10e8\u10d4\u10db\u10dd\u10e0\u10e2\u10e7\u10db\u10e3\u10da\u10d8 \u10d9\u10e0\u10d8\u10d9\u10d8 - 1","name:ko":"\uc678\ub85c\uc6c0. \ub458\ub7ec\uc2f8\uc778 \ud06c\ub9ad - 1","name:la":"Solitudo. Circumdederunt Creek - 1","name:lb":"Einsamkeet. \u00cbmginn Creek - 1","name:nl":"Eenzaamheid. Omringde Kreek - 1","name:no":"Ensomhet. Omgitt bekk - 1","name:pl":"Samotno\u015b\u0107. Otoczony potok \u2013 1","name:pt":"Solid\u00e3o. Riacho Cercado - 1","name:uk":"\u0421\u0430\u043c\u043e\u0442\u043d\u0456\u0441\u0442\u044c. \u041e\u0442\u043e\u0447\u0435\u043d\u0438\u0439 \u0441\u0442\u0440\u0443\u043c\u043e\u043a - 1","name:zh-Hant":"\u5b64\u7368\u3002 \u74b0\u7e5e\u6eaa - 1","name:zu":"Isizungu. I-Srounded Creek - 1","waterway":"stream","audit_class":"stream","audit_color":"#3b82f6","feature_id":"lqv-wat-00249","category":"stream","source":"osm_waterway","class_label":"Stream (OSM waterway=stream)","color":"#7dd3fc","width":1.4,"draw_priority":4},"geometry":{"type":"LineString","coordinates":[[-57.0721798,-25.606449],[-57.0721486,-25.6064876],[-57.0721241,-25.6065113],[-57.0721019,-25.6065303],[-57.0720786,-25.6065355],[-57.0720512,-25.6065324],[-57.0720284,-25.6065413],[-57.0720132,-25.6065513],[-57.0719969,-25.6065597],[-57.0719764,-25.6065592],[-57.071956,-25.6065518],[-57.0719362,-25.6065482],[-57.0719146,-25.6065476],[-57.0718918,-25.606545],[-57.0718708,-25.6065455],[-57.0718521,-25.6065429],[-57.0718363,-25.6065424],[-57.0718223,-25.6065487],[-57.0717791,-25.6065834],[-57.0717406,-25.606614],[-57.0717225,-25.6066282],[-57.0717091,-25.6066429],[-57.0716968,-25.6066603],[-57.0716869,-25.6066745],[-57.0716741,-25.6066819],[-57.0716583,-25.6066908],[-57.0716495,-25.6067003],[-57.0716361,-25.6067135],[-57.0716285,-25.6067329],[-57.0716244,-25.6067477],[-57.0716081,-25.6067608],[-57.0715807,-25.6067677],[-57.0715474,-25.6067745],[-57.0715217,-25.6067766],[-57.0714913,-25.6067787],[-57.071468,-25.606785],[-57.0714446,-25.6067945],[-57.0714265,-25.6068019],[-57.071395,-25.6067993],[-57.0713664,-25.6067929],[-57.0713425,-25.6067856],[-57.0713238,-25.6067766],[-57.0712993,-25.606764],[-57.0712736,-25.6067593],[-57.0712397,-25.6067593],[-57.0712117,-25.6067619],[-57.0711884,-25.6067608],[-57.0711668,-25.6067566],[-57.0711434,-25.6067519],[-57.0711166,-25.606744],[-57.071095,-25.6067419],[-57.071064,-25.606745]]}},{"type":"Feature","properties":{"layer":"-1","tunnel":"flooded","waterway":"stream","audit_class":"stream","audit_color":"#3b82f6","feature_id":"lqv-wat-00250","category":"stream","source":"osm_waterway","class_label":"Stream (OSM waterway=stream)","color":"#7dd3fc","width":1.4,"draw_priority":4},"geometry":{"type":"LineString","coordinates":[[-57.0694652,-25.6028308],[-57.0694164,-25.6028858],[-57.0693757,-25.6029463],[-57.0693188,-25.6030324]]}},{"type":"Feature","properties":{"waterway":"stream","audit_class":"stream","audit_color":"#3b82f6","feature_id":"lqv-wat-00251","category":"stream","source":"osm_waterway","class_label":"Stream (OSM waterway=stream)","color":"#7dd3fc","width":1.4,"draw_priority":4},"geometry":{"type":"LineString","coordinates":[[-57.0416263,-25.5517477],[-57.0415051,-25.5517983],[-57.0414078,-25.5517668],[-57.0412444,-25.5516824],[-57.0410902,-25.5516393],[-57.0408627,-25.5516571],[-57.0407088,-25.5516657],[-57.0405422,-25.5516524],[-57.0404024,-25.5516118],[-57.0403504,-25.5515921],[-57.0402752,-25.5515261],[-57.0401919,-25.5513849],[-57.0401431,-25.5512382],[-57.0399743,-25.551174],[-57.0398382,-25.5511776],[-57.0396755,-25.5510933],[-57.0395312,-25.5509044],[-57.0394377,-25.5507375],[-57.0394235,-25.5505963],[-57.0395028,-25.5502882],[-57.0396024,-25.5500919],[-57.0396125,-25.5499067],[-57.0395739,-25.549793],[-57.0394723,-25.5496811],[-57.0392792,-25.5495271],[-57.0390901,-25.549351],[-57.0389722,-25.5490998],[-57.0388848,-25.5487623],[-57.0389336,-25.5484946],[-57.038956,-25.5482378],[-57.0389336,-25.547926],[-57.0387974,-25.5475464],[-57.0386449,-25.5473006],[-57.0385738,-25.546954],[-57.0385087,-25.5463726],[-57.0386043,-25.5458096],[-57.0386632,-25.5455877],[-57.0389031,-25.5451108],[-57.0394418,-25.5443149],[-57.0396857,-25.5438233],[-57.0396999,-25.543451],[-57.039645,-25.5432823],[-57.0396369,-25.5431246],[-57.0396085,-25.5428366],[-57.0396369,-25.5425743],[-57.039578,-25.5423488],[-57.039519,-25.542202],[-57.039582,-25.5420278],[-57.0396186,-25.5418774],[-57.0396105,-25.5415619],[-57.039145,-25.5406852],[-57.0388645,-25.540434],[-57.0386327,-25.5400763],[-57.0382343,-25.5396838],[-57.0380839,-25.5395206],[-57.0379193,-25.5393207],[-57.0375198,-25.5389959],[-57.0373904,-25.5388013],[-57.0372795,-25.5385872],[-57.0371244,-25.5383504],[-57.0370713,-25.5382578],[-57.0370023,-25.5381173],[-57.036912,-25.5380119],[-57.0368855,-25.5378475],[-57.0368519,-25.5376942],[-57.0367935,-25.5375473],[-57.0366837,-25.5374547],[-57.0365953,-25.5373381],[-57.0365528,-25.5371673],[-57.036574,-25.5369405],[-57.0365846,-25.5367713],[-57.0364962,-25.5366356],[-57.0362962,-25.5365717],[-57.0361635,-25.536519],[-57.0361334,-25.5364136],[-57.0361316,-25.5362667],[-57.0360927,-25.536048],[-57.0360343,-25.5358356],[-57.035983,-25.5356631],[-57.035852,-25.535561],[-57.0355583,-25.5354428],[-57.0354079,-25.5353326],[-57.0351477,-25.5351841],[-57.0349248,-25.535058],[-57.0345301,-25.5349606],[-57.0344647,-25.5348536],[-57.0342802,-25.534778],[-57.0340817,-25.5347175],[-57.0337357,-25.5346256],[-57.033438,-25.5345893],[-57.0331403,-25.5345578],[-57.0328586,-25.5344949],[-57.0325448,-25.5344513],[-57.0321237,-25.5344586],[-57.0318769,-25.5344465],[-57.031539,-25.5343932],[-57.0312815,-25.5343254],[-57.0310508,-25.5342165],[-57.0304875,-25.5339067],[-57.0300262,-25.5337373],[-57.0290579,-25.5335243],[-57.0284732,-25.5333448],[-57.0282774,-25.5332847],[-57.0267968,-25.5325514],[-57.0258178,-25.5319512],[-57.0249515,-25.5314647],[-57.0245786,-25.5313074],[-57.024356,-25.531259],[-57.0239617,-25.5312275],[-57.023664,-25.5312469],[-57.0235621,-25.5312977],[-57.0234763,-25.5313945],[-57.0233019,-25.5317309],[-57.0232214,-25.5318035],[-57.0231088,-25.5318398],[-57.0227628,-25.531835],[-57.02227,-25.5316265],[-57.0220558,-25.531597]]}},{"type":"Feature","properties":{"intermittent":"yes","waterway":"stream","width":1.4,"audit_class":"stream","audit_color":"#3b82f6","feature_id":"lqv-wat-00252","category":"stream","source":"osm_waterway","class_label":"Stream (OSM waterway=stream)","color":"#7dd3fc","draw_priority":4},"geometry":{"type":"LineString","coordinates":[[-57.0381348,-25.6876034],[-57.0382039,-25.6876437],[-57.038275,-25.6876583],[-57.0383401,-25.6876583],[-57.0384153,-25.6876821],[-57.0384539,-25.6877206],[-57.0384925,-25.6877499],[-57.0385271,-25.6877591],[-57.0385718,-25.6877517],[-57.0386186,-25.6877499],[-57.0386592,-25.6877572],[-57.0387039,-25.6877774],[-57.0387243,-25.6877994],[-57.0387669,-25.687814],[-57.03883,-25.6878232],[-57.0389418,-25.6878378],[-57.0390088,-25.6878433],[-57.0390495,-25.6878342],[-57.03908,-25.6878232],[-57.0391288,-25.6878213],[-57.0391654,-25.6878104],[-57.0391877,-25.6877902],[-57.0392162,-25.6877719],[-57.039269,-25.6877591],[-57.0393178,-25.6877627],[-57.0393524,-25.6877847],[-57.0394012,-25.6878067],[-57.0394621,-25.6878232],[-57.0395048,-25.6878415],[-57.0395313,-25.6878616],[-57.0395678,-25.6878855],[-57.0396451,-25.6879166],[-57.0397081,-25.6879441],[-57.0397244,-25.6879697],[-57.0397325,-25.6880228],[-57.0397305,-25.6880522],[-57.0397514,-25.6880812],[-57.0397932,-25.6881047],[-57.0398138,-25.6881163],[-57.0398667,-25.6881547],[-57.0399378,-25.6881987],[-57.0400964,-25.6882903],[-57.0402407,-25.6883599],[-57.0403423,-25.6883654],[-57.04045,-25.6883709],[-57.0405212,-25.6883727],[-57.0405781,-25.6883727],[-57.040631,-25.6883892],[-57.0406858,-25.6884185],[-57.0407224,-25.688457],[-57.0407387,-25.6884973],[-57.0407509,-25.6885413],[-57.0407692,-25.6885632],[-57.0407976,-25.6885724],[-57.0409135,-25.6885834],[-57.0410619,-25.6885797],[-57.0411981,-25.6885944],[-57.0413079,-25.6886475],[-57.0413953,-25.6887006],[-57.0414969,-25.6887501],[-57.0415477,-25.6887519],[-57.0416046,-25.6887226],[-57.041686,-25.6887189],[-57.0417347,-25.6887318],[-57.0417693,-25.6887446],[-57.0429773,-25.6887422],[-57.0431688,-25.6886706],[-57.0432762,-25.6885949],[-57.0433696,-25.6886033],[-57.0435144,-25.6886243],[-57.0436265,-25.6886454],[-57.0437152,-25.6886286],[-57.0437572,-25.6885781],[-57.0438273,-25.6885738],[-57.0439113,-25.6885865],[-57.0439837,-25.6885549],[-57.0440234,-25.6885065],[-57.0441028,-25.6884834],[-57.0441845,-25.6884707],[-57.0442359,-25.6884476],[-57.0442826,-25.6884329],[-57.044334,-25.6884329],[-57.0444087,-25.6884266],[-57.0444577,-25.6884097],[-57.0445114,-25.6883908],[-57.0445254,-25.688355],[-57.0445208,-25.6883171],[-57.0445394,-25.6882729],[-57.0445581,-25.6882414],[-57.0446048,-25.6882182],[-57.0446445,-25.6882014],[-57.0447169,-25.6881993],[-57.0447893,-25.6882245],[-57.0448757,-25.6882793],[-57.0449621,-25.6883192],[-57.0450181,-25.6883655],[-57.0450812,-25.6884034],[-57.0451489,-25.688435],[-57.0452096,-25.6884413],[-57.0452423,-25.6884097],[-57.045289,-25.6883655],[-57.0453357,-25.6883424],[-57.0454007,-25.6883072],[-57.0454291,-25.6883024],[-57.0455015,-25.6882477],[-57.0455536,-25.6881893],[-57.0456065,-25.6881299],[-57.0456836,-25.6880625],[-57.045756,-25.688031],[-57.0459348,-25.6881026],[-57.0460866,-25.6882078],[-57.046257,-25.6883004],[-57.0463458,-25.6883761],[-57.0464252,-25.6884056],[-57.0465326,-25.6884266],[-57.0466236,-25.6884582],[-57.0467591,-25.6884855]]}},{"type":"Feature","properties":{"intermittent":"yes","waterway":"stream","width":1.4,"audit_class":"stream","audit_color":"#3b82f6","feature_id":"lqv-wat-00253","category":"stream","source":"osm_waterway","class_label":"Stream (OSM waterway=stream)","color":"#7dd3fc","draw_priority":4},"geometry":{"type":"LineString","coordinates":[[-57.0455568,-25.6961821],[-57.0454915,-25.6962242],[-57.0454401,-25.6962558],[-57.0453946,-25.6962642],[-57.0453584,-25.6962768],[-57.045335,-25.6962873],[-57.0453187,-25.6963042],[-57.0453257,-25.6963305],[-57.045293,-25.6963715],[-57.0452428,-25.6964157],[-57.0451821,-25.6964609],[-57.0451167,-25.6965009],[-57.0450385,-25.6965325],[-57.0449824,-25.6965682],[-57.0449229,-25.6966082],[-57.0448739,-25.6966314],[-57.0448412,-25.6966608],[-57.0448097,-25.6966966],[-57.0447781,-25.6967492],[-57.0447174,-25.6967902],[-57.0446614,-25.6968228],[-57.0446334,-25.6968554],[-57.0446077,-25.6969112],[-57.0446042,-25.6969417],[-57.0446007,-25.6969827],[-57.0445516,-25.6970606],[-57.0445283,-25.6970974],[-57.0444711,-25.6971363],[-57.044429,-25.6971626],[-57.0443812,-25.6972005],[-57.0443613,-25.6972342],[-57.0443602,-25.6972784],[-57.0443251,-25.6973152],[-57.0442714,-25.6973604],[-57.0442236,-25.6973993],[-57.0441453,-25.6974014],[-57.0440951,-25.6973951],[-57.0440321,-25.6973815],[-57.0439831,-25.6973499],[-57.04394,-25.6973142],[-57.0439237,-25.6973307],[-57.0438973,-25.6973673],[-57.043879,-25.6973912],[-57.0438587,-25.6974461],[-57.0438444,-25.6974937],[-57.0438221,-25.6975743],[-57.04382,-25.6976055],[-57.0438404,-25.6976439],[-57.0438953,-25.6976696],[-57.04394,-25.6977044],[-57.0439501,-25.697752],[-57.0439583,-25.6978289],[-57.0439623,-25.6979224],[-57.0439806,-25.6979663],[-57.0440192,-25.6979938],[-57.0441046,-25.6979956],[-57.0441534,-25.6980121],[-57.04417820903955,-25.698062]]}},{"type":"Feature","properties":{"intermittent":"yes","waterway":"stream","width":1.4,"audit_class":"stream","audit_color":"#3b82f6","feature_id":"lqv-wat-00254","category":"stream","source":"osm_waterway","class_label":"Stream (OSM waterway=stream)","color":"#7dd3fc","draw_priority":4},"geometry":{"type":"LineString","coordinates":[[-57.0429314,-25.693693],[-57.0429529,-25.6937293],[-57.0429931,-25.6937824],[-57.0430655,-25.6937994],[-57.0431111,-25.6938574],[-57.0430977,-25.6939033],[-57.0430897,-25.694],[-57.0430977,-25.6940821],[-57.0431246,-25.6941305],[-57.0431085,-25.6942054],[-57.043087,-25.6942828],[-57.0431192,-25.694348],[-57.0431567,-25.6944133],[-57.0431461,-25.694433],[-57.0430745,-25.6945798],[-57.0430468,-25.6946187],[-57.0429502,-25.6947686],[-57.0428912,-25.6948749],[-57.0427571,-25.695003],[-57.0425664,-25.6952114],[-57.0425248,-25.6952877],[-57.042514,-25.6953446],[-57.0424354,-25.6954377],[-57.0424447,-25.6954793],[-57.0424832,-25.6955057],[-57.0424909,-25.6955487],[-57.0424709,-25.6955917],[-57.0424185,-25.6956389],[-57.0423723,-25.6957417],[-57.0422783,-25.6958209],[-57.0422768,-25.6958222],[-57.0422675,-25.6958735],[-57.0422891,-25.6959499],[-57.0423199,-25.696029],[-57.0423692,-25.6961429],[-57.0423985,-25.696265],[-57.0424585,-25.6964191],[-57.0425464,-25.6965149],[-57.0427158,-25.6965968],[-57.0428617,-25.6967265],[-57.0430369,-25.6968134],[-57.0431404,-25.6968756],[-57.0431856,-25.6969195],[-57.0432218,-25.6969657],[-57.0432723,-25.6970247],[-57.0433466,-25.6970678],[-57.0434351,-25.6971028],[-57.0434828,-25.6971874],[-57.0435333,-25.6972208],[-57.0435881,-25.6972719],[-57.0436881,-25.6972615],[-57.0437456,-25.6972121],[-57.0437828,-25.6972073],[-57.0438527,-25.6972312],[-57.0439005,-25.6972703],[-57.04394,-25.6973142]]}},{"type":"Feature","properties":{"intermittent":"yes","waterway":"stream","width":1.4,"audit_class":"stream","audit_color":"#3b82f6","feature_id":"lqv-wat-00255","category":"stream","source":"osm_waterway","class_label":"Stream (OSM waterway=stream)","color":"#7dd3fc","draw_priority":4},"geometry":{"type":"LineString","coordinates":[[-57.0397841,-25.6915299],[-57.0397117,-25.6915657],[-57.0396136,-25.6916225],[-57.0395553,-25.6917677],[-57.0394595,-25.6918834],[-57.0393661,-25.6920181],[-57.0393311,-25.6921444],[-57.0393194,-25.692298],[-57.0393148,-25.6923443],[-57.0393148,-25.6923905],[-57.0393404,-25.6924642],[-57.0393731,-25.6925294],[-57.0393778,-25.6926115],[-57.0393685,-25.692683],[-57.0393895,-25.6927314],[-57.0394152,-25.6927504],[-57.0394642,-25.6927735],[-57.0395016,-25.6927882],[-57.0395156,-25.6928135],[-57.0395553,-25.692824],[-57.039595,-25.6928556],[-57.039616,-25.6928871],[-57.039658,-25.6929397],[-57.039693,-25.6929818],[-57.0397024,-25.6930702],[-57.0396907,-25.6931312],[-57.0397421,-25.6931754],[-57.0398121,-25.6931628],[-57.0398635,-25.6931817],[-57.0398892,-25.6932553],[-57.0399195,-25.6933458],[-57.0400106,-25.6934405],[-57.040104,-25.6935373],[-57.040125,-25.6935773],[-57.0401694,-25.6936299],[-57.0401997,-25.6936972],[-57.0402558,-25.6937456],[-57.0403188,-25.6938129],[-57.0403422,-25.693895],[-57.0403608,-25.6939497],[-57.0404099,-25.6939686],[-57.0404916,-25.6939939],[-57.0405173,-25.6940149],[-57.0405827,-25.6940528],[-57.040634,-25.6940823],[-57.0406457,-25.6941475],[-57.0407087,-25.694238],[-57.0408815,-25.6943032],[-57.0409586,-25.6943285],[-57.0410237,-25.6944448],[-57.0410216,-25.6944952],[-57.0410308,-25.6945584],[-57.0410054,-25.6946005],[-57.0409251,-25.6946252],[-57.0409047,-25.6947086],[-57.0409261,-25.6947791],[-57.0409383,-25.6948414],[-57.0409678,-25.6948807],[-57.0410552,-25.6948844],[-57.0411395,-25.6948826],[-57.0411893,-25.6948936],[-57.0412269,-25.6949302],[-57.0412635,-25.6949668],[-57.0413103,-25.6949861],[-57.0413316,-25.6950181],[-57.0413723,-25.6950502],[-57.0414078,-25.6950841],[-57.0414068,-25.6951189],[-57.041417,-25.6951454],[-57.0414404,-25.6951756],[-57.0414475,-25.6952279],[-57.0414455,-25.6952801],[-57.0414475,-25.6953259],[-57.0415003,-25.6953781],[-57.0415532,-25.6954156],[-57.0415979,-25.6954449],[-57.0416518,-25.6954724],[-57.0417107,-25.6954861],[-57.0417666,-25.6955109],[-57.0417849,-25.6955612],[-57.04179,-25.6956079],[-57.0418164,-25.6956519],[-57.041887,-25.6956759],[-57.0419597,-25.6957133],[-57.0419801,-25.6957261],[-57.0420604,-25.6957691],[-57.0421396,-25.6957893],[-57.0422291,-25.6957929],[-57.0422783,-25.6958209]]}},{"type":"Feature","properties":{"intermittent":"yes","waterway":"stream","width":1.4,"audit_class":"stream","audit_color":"#3b82f6","feature_id":"lqv-wat-00256","category":"stream","source":"osm_waterway","class_label":"Stream (OSM waterway=stream)","color":"#7dd3fc","draw_priority":4},"geometry":{"type":"LineString","coordinates":[[-57.0437187,-25.6895855],[-57.0437958,-25.6895055],[-57.0438728,-25.6894403],[-57.0439756,-25.689415],[-57.04409,-25.689434],[-57.0441787,-25.6894929],[-57.0442161,-25.6895434],[-57.0442908,-25.6895812],[-57.0443655,-25.6896044],[-57.0444472,-25.689636],[-57.0445383,-25.6896865],[-57.0446154,-25.6897138],[-57.0447274,-25.6897706],[-57.0448419,-25.6897748],[-57.0449002,-25.6897243],[-57.0449516,-25.6896991],[-57.045059,-25.6896844],[-57.0451501,-25.6896991],[-57.0452365,-25.6896991],[-57.0453859,-25.6897201],[-57.045477,-25.6896738],[-57.0455494,-25.6896507],[-57.0456264,-25.6896444],[-57.0456614,-25.6895981],[-57.0456755,-25.6895244],[-57.0457128,-25.689516],[-57.0457595,-25.6895392],[-57.0458132,-25.6895623],[-57.0458412,-25.6895434],[-57.0458482,-25.6894866],[-57.0458482,-25.6894403],[-57.0458809,-25.6894129],[-57.0459393,-25.6894213],[-57.046021,-25.6894297],[-57.0460514,-25.6893919],[-57.0460444,-25.6893498],[-57.0460304,-25.6893098],[-57.0460444,-25.6892803],[-57.0460887,-25.6892509],[-57.0461378,-25.6892341],[-57.0462102,-25.6892298],[-57.0463012,-25.6892025],[-57.0463806,-25.689192],[-57.046383,-25.6891415],[-57.046397,-25.6890783],[-57.046474,-25.6890257],[-57.0465511,-25.6889879],[-57.0466632,-25.6889626],[-57.0467986,-25.6889332],[-57.0468943,-25.6888932],[-57.0470274,-25.6889016],[-57.0470861,-25.6889051],[-57.0471699,-25.68891],[-57.0472399,-25.6889079],[-57.0472889,-25.6889647],[-57.0473006,-25.6890194],[-57.047331,-25.6890552],[-57.0474034,-25.689091],[-57.0478493,-25.6893435],[-57.0478774,-25.6893982],[-57.0479171,-25.6894676],[-57.0479964,-25.6895497],[-57.0480315,-25.6896002],[-57.0480724,-25.6896404],[-57.0481085,-25.6896759],[-57.0482229,-25.6897306],[-57.0482556,-25.6897517],[-57.0482813,-25.6897875],[-57.0483303,-25.6898443],[-57.0483887,-25.6899053],[-57.0483911,-25.6899432],[-57.0483654,-25.6899747],[-57.0483654,-25.6900273],[-57.0483654,-25.6900947],[-57.0483841,-25.6901578],[-57.0484121,-25.690242],[-57.0484424,-25.6902988],[-57.0485055,-25.6903598],[-57.0485101,-25.690385],[-57.0485615,-25.6904334],[-57.049185,-25.6911762],[-57.049234,-25.6912436],[-57.0492886,-25.6913307],[-57.0493196,-25.691379],[-57.0493367,-25.6914056],[-57.0494208,-25.6915045],[-57.0495235,-25.6916013],[-57.0495842,-25.6916938],[-57.0496566,-25.6918054],[-57.0496823,-25.6918874],[-57.0497127,-25.6919905],[-57.0497967,-25.6922346],[-57.0498971,-25.6923019],[-57.0500489,-25.6924029],[-57.0501026,-25.6924808],[-57.0501797,-25.6925713],[-57.0502731,-25.6926891],[-57.0503338,-25.6928006],[-57.0504062,-25.6929058],[-57.0504669,-25.6929942],[-57.0505346,-25.6930994],[-57.050621,-25.6931436],[-57.0507798,-25.6931562],[-57.0508662,-25.6931646],[-57.0509666,-25.6931815],[-57.0510226,-25.6932383],[-57.0510366,-25.6933098],[-57.0510716,-25.6933961],[-57.0510997,-25.6934571],[-57.051151,-25.6935329],[-57.0512187,-25.6935728],[-57.0513262,-25.6935981],[-57.0514172,-25.6935981],[-57.0515013,-25.693556],[-57.051534,-25.6934929],[-57.0515036,-25.6934213],[-57.0514592,-25.6933435],[-57.0514663,-25.6932151],[-57.051513,-25.6931625],[-57.0516134,-25.6931078],[-57.0517021,-25.6931078],[-57.0518422,-25.6931373],[-57.0519192,-25.6932404],[-57.0519916,-25.6933225],[-57.0521154,-25.6934256],[-57.0522461,-25.6934908],[-57.0523349,-25.6935202],[-57.0524259,-25.6935202],[-57.0525497,-25.6935181],[-57.0526805,-25.6934782],[-57.0527412,-25.6934634],[-57.0527832,-25.6934718],[-57.0528416,-25.6934403],[-57.0529023,-25.6934403],[-57.052998,-25.6934192],[-57.0531054,-25.6933877],[-57.0532502,-25.6933814],[-57.0533389,-25.6933414],[-57.053388,-25.6932656],[-57.053409,-25.6931689],[-57.0534206,-25.6930489],[-57.0535,-25.6928869],[-57.0536448,-25.6928111],[-57.0538059,-25.6927922],[-57.0538853,-25.6927333],[-57.0540044,-25.6927228],[-57.0540861,-25.6927606],[-57.0541935,-25.6928196],[-57.0543733,-25.6928869],[-57.0544924,-25.6929416],[-57.0545461,-25.6930279],[-57.0546348,-25.6931415],[-57.0547656,-25.6932004],[-57.0549431,-25.6931962],[-57.0551065,-25.6932025],[-57.0552069,-25.6931962],[-57.0553517,-25.6932215],[-57.0554498,-25.693253],[-57.0555432,-25.6932215],[-57.0556249,-25.6932109],[-57.0556879,-25.6932677],[-57.055765,-25.693333],[-57.0559238,-25.6933793],[-57.0560218,-25.6934403],[-57.0560685,-25.6934824],[-57.0560942,-25.6935434],[-57.0560895,-25.6936191],[-57.0560755,-25.6936823],[-57.0560452,-25.6938043],[-57.0560452,-25.6938885],[-57.0560475,-25.693981],[-57.0561152,-25.6940841],[-57.0561876,-25.6941389],[-57.0562834,-25.694223],[-57.0563301,-25.694263],[-57.0563884,-25.6942672],[-57.0564678,-25.6942483],[-57.0565379,-25.6942041],[-57.0566616,-25.6941515],[-57.05679,-25.6940799],[-57.0569185,-25.6940358],[-57.0570539,-25.6939621],[-57.0571707,-25.6938569],[-57.0572033,-25.6938001],[-57.0572874,-25.693779],[-57.0573528,-25.6938043],[-57.0574555,-25.693798],[-57.0574905,-25.693758],[-57.0575466,-25.6936865],[-57.0575419,-25.6935665],[-57.0575629,-25.6934803],[-57.0576236,-25.6933919],[-57.0576844,-25.6933267],[-57.0577754,-25.6932362],[-57.0578571,-25.6931583],[-57.0578805,-25.6930552],[-57.0578875,-25.6929626],[-57.0579412,-25.6929016],[-57.0580416,-25.6928406],[-57.0582588,-25.692767],[-57.0583825,-25.6927186],[-57.0584853,-25.6926996],[-57.0585973,-25.692666],[-57.0586651,-25.6926218],[-57.0587281,-25.6926155],[-57.0587795,-25.6926197],[-57.0588752,-25.6925965],[-57.0589219,-25.692546],[-57.0589616,-25.6924934],[-57.0590176,-25.6924724],[-57.059062,-25.692525],[-57.059104,-25.6925755],[-57.0591904,-25.6926028],[-57.0592418,-25.6925986],[-57.0592605,-25.6925523],[-57.0592535,-25.6925039],[-57.0591998,-25.6924598],[-57.0591507,-25.6924114],[-57.0591064,-25.692363],[-57.0590924,-25.692283],[-57.0590783,-25.6922073],[-57.0590994,-25.6921526],[-57.0591297,-25.6921105],[-57.0592044,-25.6921042],[-57.0592955,-25.6921336],[-57.0594029,-25.6921967],[-57.0595127,-25.6922304],[-57.0596481,-25.6922851],[-57.0597532,-25.6922599],[-57.0598512,-25.6922472],[-57.059926,-25.6921589],[-57.0599727,-25.6920894],[-57.0600474,-25.6920494],[-57.0601384,-25.6920305],[-57.0602575,-25.6919947],[-57.0603439,-25.691919],[-57.0603953,-25.691818],[-57.0603976,-25.6917401],[-57.0604467,-25.6916286],[-57.0604864,-25.691576],[-57.0605938,-25.6915444],[-57.0606965,-25.6915087],[-57.0607432,-25.6914477],[-57.0607829,-25.691374],[-57.0608214,-25.691302],[-57.0608703,-25.6911962],[-57.0609294,-25.6910712],[-57.0609894,-25.691009],[-57.0610413,-25.6909647],[-57.0611094,-25.6909295],[-57.0611822,-25.6909213],[-57.0612831,-25.6909123],[-57.0613531,-25.6909074],[-57.0614213,-25.6908713],[-57.0614658,-25.6908369],[-57.0614995,-25.6908173],[-57.0616295,-25.6907624],[-57.0617322,-25.6907247],[-57.0618277,-25.6907001],[-57.061974,-25.690678],[-57.0620622,-25.6906665],[-57.0621586,-25.6906001],[-57.0622186,-25.6905231],[-57.0622577,-25.6904248],[-57.0622677,-25.6903634],[-57.0622741,-25.6902798],[-57.0622931,-25.6902184],[-57.0623341,-25.6901676],[-57.062385,-25.6901356],[-57.0624286,-25.6900963],[-57.0624559,-25.6900357],[-57.0624732,-25.6899562],[-57.062465,-25.6898849],[-57.0624304,-25.6898112],[-57.0623795,-25.6897342],[-57.0623568,-25.6896801],[-57.0623541,-25.6896113],[-57.0623568,-25.6895523],[-57.0623941,-25.6894654],[-57.0624386,-25.6894015]]}},{"type":"Feature","properties":{"intermittent":"yes","waterway":"stream","width":1.4,"audit_class":"stream","audit_color":"#3b82f6","feature_id":"lqv-wat-00257","category":"stream","source":"osm_waterway","class_label":"Stream (OSM waterway=stream)","color":"#7dd3fc","draw_priority":4},"geometry":{"type":"LineString","coordinates":[[-57.0485211,-25.6916568],[-57.0486238,-25.6916336],[-57.0487756,-25.6915957],[-57.0488924,-25.6915852],[-57.0490395,-25.6915495],[-57.0491095,-25.6914947],[-57.0491912,-25.6914295],[-57.0492702,-25.6913709],[-57.0493196,-25.691379]]}},{"type":"Feature","properties":{"intermittent":"yes","waterway":"stream","width":1.4,"audit_class":"stream","audit_color":"#3b82f6","feature_id":"lqv-wat-00258","category":"stream","source":"osm_waterway","class_label":"Stream (OSM waterway=stream)","color":"#7dd3fc","draw_priority":4},"geometry":{"type":"LineString","coordinates":[[-57.05635449145299,-25.698062],[-57.056326,-25.6980055],[-57.0562836,-25.6978939],[-57.0562553,-25.6978046],[-57.0561774,-25.6976165],[-57.0560712,-25.6975017],[-57.0560146,-25.6973837],[-57.0559792,-25.6972529],[-57.0559757,-25.6970839],[-57.0559863,-25.6969659],[-57.0560146,-25.6968638],[-57.0560854,-25.6967937],[-57.0561845,-25.6967586],[-57.0562128,-25.6966693],[-57.0561809,-25.6965959],[-57.0561774,-25.6965385],[-57.056188,-25.696462],[-57.0562163,-25.6963663],[-57.0562623,-25.6963025],[-57.0562659,-25.6962292],[-57.0562623,-25.6961112],[-57.0562623,-25.696057],[-57.0562305,-25.6959581],[-57.0561668,-25.6958847],[-57.0560783,-25.6957667],[-57.0559615,-25.6955754],[-57.055919,-25.6954638],[-57.0558305,-25.6953745],[-57.0557031,-25.6953075],[-57.0556961,-25.6951576],[-57.0557562,-25.6950747],[-57.0559332,-25.6949886],[-57.0560571,-25.6948291],[-57.0562482,-25.6946952],[-57.0563473,-25.6945899],[-57.0563862,-25.6945006],[-57.056372,-25.6944305],[-57.0563614,-25.6943539],[-57.0563884,-25.6942672]]}},{"type":"Feature","properties":{"intermittent":"yes","waterway":"stream","width":1.4,"audit_class":"stream","audit_color":"#3b82f6","feature_id":"lqv-wat-00259","category":"stream","source":"osm_waterway","class_label":"Stream (OSM waterway=stream)","color":"#7dd3fc","draw_priority":4},"geometry":{"type":"LineString","coordinates":[[-57.0526457,-25.6951388],[-57.0528552,-25.6951888],[-57.0531448,-25.6951832],[-57.0534406,-25.6951555],[-57.0536316,-25.6950888],[-57.0537302,-25.6950111],[-57.0538534,-25.6949223],[-57.0539952,-25.6948889],[-57.0541985,-25.6948945],[-57.0544142,-25.6949445],[-57.0546052,-25.69495],[-57.0547654,-25.6949722],[-57.0548887,-25.695],[-57.0549996,-25.6950167],[-57.0550797,-25.6950111],[-57.055129,-25.6949833],[-57.0552091,-25.6949611],[-57.0552769,-25.6949611],[-57.0553878,-25.6949833],[-57.0554541,-25.6949988],[-57.0555517,-25.6949896],[-57.0556513,-25.6950208],[-57.0556879,-25.6950519],[-57.0557562,-25.6950747]]}},{"type":"Feature","properties":{"intermittent":"yes","waterway":"stream","width":1.4,"audit_class":"stream","audit_color":"#3b82f6","feature_id":"lqv-wat-00260","category":"stream","source":"osm_waterway","class_label":"Stream (OSM waterway=stream)","color":"#7dd3fc","draw_priority":4},"geometry":{"type":"LineString","coordinates":[[-57.068550823636365,-25.698062],[-57.0685577,-25.6980527],[-57.0686268,-25.6980307],[-57.0686451,-25.6979849],[-57.068635,-25.6979245],[-57.0685943,-25.6978659],[-57.068576,-25.6978274],[-57.0685659,-25.6977834],[-57.0685537,-25.6977248],[-57.0685659,-25.6976699],[-57.0686512,-25.6976314],[-57.0687102,-25.6975783],[-57.068696,-25.6974354],[-57.0686939,-25.6973493],[-57.0687325,-25.6972962],[-57.0688281,-25.6972632],[-57.0688667,-25.6972321],[-57.0688876,-25.6971975],[-57.0689292,-25.6971697],[-57.0690003,-25.6971745],[-57.0690432,-25.6971951],[-57.0690727,-25.6971818],[-57.0690807,-25.6971371],[-57.0691223,-25.6971153],[-57.0691693,-25.6971117],[-57.0692242,-25.6971177],[-57.0692766,-25.6971407],[-57.0693248,-25.6971697],[-57.0693584,-25.6971926],[-57.069412,-25.6971987],[-57.0694764,-25.6971818],[-57.069526,-25.6971661],[-57.0695676,-25.6971516],[-57.0696132,-25.6971479],[-57.0696494,-25.6971407],[-57.0697044,-25.6971516],[-57.069758,-25.6971661],[-57.0697379,-25.6972192],[-57.0697151,-25.6972265],[-57.0696856,-25.6972277],[-57.0696574,-25.6972591],[-57.0696628,-25.6972954],[-57.0696775,-25.6973256],[-57.0697084,-25.6973594],[-57.06975,-25.6973812],[-57.0697929,-25.6973836],[-57.0698345,-25.6973642],[-57.0698666,-25.6973304],[-57.0698961,-25.6972845],[-57.0699203,-25.6972422],[-57.0699391,-25.6971975],[-57.0699337,-25.6971685],[-57.0699015,-25.6971322],[-57.0698707,-25.6971008],[-57.0698599,-25.6970718],[-57.0698572,-25.6970343],[-57.0698868,-25.6969969],[-57.0699203,-25.6969642],[-57.0699686,-25.696934],[-57.0706852,-25.6971981],[-57.0707178,-25.6971676],[-57.0706992,-25.697115],[-57.0706887,-25.6970729],[-57.070691,-25.697033],[-57.0706793,-25.6969846],[-57.0706536,-25.6969425],[-57.0706046,-25.6969025],[-57.0705439,-25.6968846],[-57.0704505,-25.6968636],[-57.0704061,-25.696791],[-57.0703886,-25.6967068],[-57.0703629,-25.6966037],[-57.0703209,-25.6965553],[-57.0702754,-25.6965133],[-57.0702368,-25.6964743],[-57.0702135,-25.6964154],[-57.07021,-25.6963291],[-57.070238,-25.6962692],[-57.0702625,-25.696226],[-57.0702684,-25.6961808],[-57.0702508,-25.6961345],[-57.0702427,-25.6960956],[-57.0702737,-25.6959469],[-57.0702797,-25.695911],[-57.0702838,-25.6958689],[-57.0703001,-25.6957744]]}},{"type":"Feature","properties":{"intermittent":"yes","waterway":"stream","audit_class":"stream","audit_color":"#3b82f6","feature_id":"lqv-wat-00261","category":"stream","source":"osm_waterway","class_label":"Stream (OSM waterway=stream)","color":"#7dd3fc","width":1.4,"draw_priority":4},"geometry":{"type":"LineString","coordinates":[[-57.0366043,-25.6786089],[-57.0367176,-25.6786503],[-57.036937,-25.6786376],[-57.0370573,-25.6786184],[-57.0372166,-25.678628],[-57.0373935,-25.6785929],[-57.0374891,-25.6785802],[-57.0376413,-25.6785514],[-57.0377581,-25.67851],[-57.0378324,-25.678494],[-57.037928,-25.6785227],[-57.0380023,-25.678561],[-57.0380624,-25.6785929],[-57.038112,-25.6785998],[-57.038171,-25.6785869],[-57.0382198,-25.6785485],[-57.0382523,-25.6785448],[-57.038299,-25.6785686],[-57.0383336,-25.6786291],[-57.0383478,-25.6786877],[-57.038356,-25.6788049],[-57.0384251,-25.6788782],[-57.0385044,-25.6789405],[-57.0385491,-25.6790175],[-57.0386304,-25.6790779],[-57.0387239,-25.6790944],[-57.0388113,-25.6791127],[-57.0389373,-25.6791695],[-57.0390288,-25.6792061],[-57.0391264,-25.6792043],[-57.0392117,-25.6792098],[-57.039289,-25.6792611],[-57.0393967,-25.6793435],[-57.0394557,-25.6794113],[-57.0394801,-25.6794681],[-57.0395309,-25.6795048],[-57.039598,-25.679578],[-57.039663,-25.6796348],[-57.0396894,-25.6796916],[-57.0397403,-25.6797979],[-57.0397829,-25.679917],[-57.0398297,-25.6800012],[-57.0398886,-25.6800672],[-57.0399313,-25.6801661],[-57.03997,-25.6802394],[-57.040033,-25.6803493]]}},{"type":"Feature","properties":{"intermittent":"yes","waterway":"stream","audit_class":"stream","audit_color":"#3b82f6","feature_id":"lqv-wat-00262","category":"stream","source":"osm_waterway","class_label":"Stream (OSM waterway=stream)","color":"#7dd3fc","width":1.4,"draw_priority":4},"geometry":{"type":"LineString","coordinates":[[-57.0383336,-25.6786291],[-57.0384149,-25.6785668],[-57.0384454,-25.6785155],[-57.0385105,-25.6784642],[-57.0385938,-25.6784605],[-57.0386609,-25.6784972],[-57.0386975,-25.6785631],[-57.0387137,-25.6786456],[-57.038728,-25.678728],[-57.03873,-25.6788068],[-57.0387402,-25.6788947],[-57.0387788,-25.6790449],[-57.0388113,-25.6791127]]}},{"type":"Feature","properties":{"intermittent":"yes","waterway":"stream","audit_class":"stream","audit_color":"#3b82f6","feature_id":"lqv-wat-00263","category":"stream","source":"osm_waterway","class_label":"Stream (OSM waterway=stream)","color":"#7dd3fc","width":1.4,"draw_priority":4},"geometry":{"type":"LineString","coordinates":[[-57.0431108,-25.685049],[-57.0432979,-25.6851052],[-57.0434942,-25.6851376],[-57.0436189,-25.6851549],[-57.0438229,-25.6852047],[-57.0439764,-25.6852198],[-57.0441276,-25.685222],[-57.0443291,-25.6852285],[-57.0444826,-25.6852912],[-57.0451592,-25.6860479],[-57.0453152,-25.6860587],[-57.0454879,-25.6860587],[-57.0456439,-25.6861214],[-57.045903,-25.6862058],[-57.0460781,-25.6861755],[-57.0463133,-25.6861149],[-57.046546,-25.6860674],[-57.0467484,-25.6859974],[-57.0468608,-25.6859289],[-57.0469177,-25.6858505],[-57.0469352,-25.6857421],[-57.0469447,-25.6856336],[-57.0470254,-25.6855252],[-57.047209,-25.6853469],[-57.0473008,-25.6853098],[-57.0475145,-25.6852742],[-57.0476396,-25.6852542],[-57.0477045,-25.6851772],[-57.0477678,-25.6850488],[-57.0477773,-25.6849461],[-57.0477804,-25.6848876],[-57.0478058,-25.6848434],[-57.0478517,-25.6848277],[-57.0478944,-25.6847749],[-57.047934,-25.6847193],[-57.04801,-25.6846508],[-57.048167,-25.6843583],[-57.048249,-25.6842054],[-57.0484263,-25.6839858],[-57.0485656,-25.6838973],[-57.0487112,-25.6838831],[-57.0488315,-25.6838174],[-57.0489771,-25.683709],[-57.0491766,-25.6836149],[-57.0492652,-25.6836149]]}},{"type":"Feature","properties":{"intermittent":"yes","waterway":"stream","audit_class":"stream","audit_color":"#3b82f6","feature_id":"lqv-wat-00264","category":"stream","source":"osm_waterway","class_label":"Stream (OSM waterway=stream)","color":"#7dd3fc","width":1.4,"draw_priority":4},"geometry":{"type":"LineString","coordinates":[[-57.0355741,-25.674199],[-57.0354994,-25.6743126],[-57.0355414,-25.6744052],[-57.0357329,-25.6745525],[-57.0357236,-25.6747377],[-57.0355648,-25.6748977],[-57.0352612,-25.6751544],[-57.0348729,-25.6754359],[-57.0348387,-25.6754606],[-57.0348184,-25.6755229],[-57.034794,-25.6755705],[-57.034729,-25.6756401],[-57.0347493,-25.6757281],[-57.0347534,-25.6757794],[-57.0346883,-25.6758343],[-57.0345623,-25.6758856],[-57.0344647,-25.6759479],[-57.03442,-25.6760505],[-57.0344119,-25.6761531],[-57.03442,-25.6762557],[-57.0345135,-25.6763656],[-57.0346233,-25.6764646],[-57.0347452,-25.6765195],[-57.0348957,-25.6765268],[-57.0350176,-25.6765268],[-57.0351762,-25.6765598],[-57.0352575,-25.6766331],[-57.0353022,-25.6767503],[-57.0352656,-25.6768566],[-57.0352209,-25.6769519],[-57.0352494,-25.6770545],[-57.0353103,-25.6771607],[-57.035416,-25.6773219],[-57.0354933,-25.6774429],[-57.0355746,-25.6775967],[-57.0357088,-25.6777433],[-57.0357982,-25.6779082],[-57.0358145,-25.6781207],[-57.0358023,-25.6782966],[-57.0357331,-25.6785017],[-57.0357006,-25.678652],[-57.0357941,-25.6789268],[-57.0358673,-25.6791173],[-57.0359527,-25.6793481],[-57.0360584,-25.6796119],[-57.036156,-25.6798061],[-57.0361766,-25.6800114],[-57.0360832,-25.6801671],[-57.035901,-25.6803313]]}},{"type":"Feature","properties":{"waterway":"stream","audit_class":"stream","audit_color":"#3b82f6","feature_id":"lqv-wat-00265","category":"stream","source":"osm_waterway","class_label":"Stream (OSM waterway=stream)","color":"#7dd3fc","width":1.4,"draw_priority":4},"geometry":{"type":"LineString","coordinates":[[-57.0377585,-25.6680205],[-57.0378399,-25.6679854],[-57.0379036,-25.6679376],[-57.037978,-25.6678897],[-57.0380452,-25.6678419],[-57.0381125,-25.6677877],[-57.0381691,-25.6677653],[-57.0382363,-25.6677239],[-57.0383,-25.6676313],[-57.038392,-25.6675644],[-57.0384593,-25.6675197],[-57.038477,-25.6674431],[-57.0384522,-25.667373],[-57.0384522,-25.6673187],[-57.0383967,-25.6672632],[-57.0382735,-25.6672521],[-57.0381503,-25.6672076],[-57.0380332,-25.6670799],[-57.0379469,-25.6669466],[-57.0378976,-25.6668688],[-57.0378914,-25.6667688],[-57.0379654,-25.66668],[-57.0380886,-25.6666467],[-57.0382427,-25.6667189],[-57.0383906,-25.6668466],[-57.0385508,-25.6669799],[-57.038748,-25.6670854],[-57.0389328,-25.6671299],[-57.0390561,-25.6671354],[-57.0391917,-25.6670132],[-57.0392533,-25.6669133],[-57.0393087,-25.6667355],[-57.0393642,-25.6665967],[-57.0395429,-25.6663245]]}},{"type":"Feature","properties":{"intermittent":"no","waterway":"stream","audit_class":"stream","audit_color":"#3b82f6","feature_id":"lqv-wat-00266","category":"stream","source":"osm_waterway","class_label":"Stream (OSM waterway=stream)","color":"#7dd3fc","width":1.4,"draw_priority":4},"geometry":{"type":"LineString","coordinates":[[-57.034242,-25.6687263],[-57.0343584,-25.6687573],[-57.0344619,-25.668778],[-57.0345826,-25.6687819],[-57.0346953,-25.6687433],[-57.0347731,-25.6686852],[-57.0348374,-25.6685692],[-57.0348964,-25.6684822],[-57.034985,-25.6684386],[-57.0350547,-25.6684314],[-57.035111,-25.6684024],[-57.0351405,-25.6683444],[-57.0351486,-25.6682743],[-57.0351861,-25.6682162],[-57.035229,-25.6681655],[-57.0352854,-25.6681389],[-57.0353336,-25.6681219],[-57.0354007,-25.6680929],[-57.0354731,-25.6680204],[-57.0355133,-25.66796],[-57.0355482,-25.667885],[-57.0356045,-25.6677666],[-57.0356501,-25.6676771],[-57.0357038,-25.6676239],[-57.0357628,-25.6675635],[-57.0358513,-25.6675393],[-57.0359774,-25.667491],[-57.0361222,-25.6674112],[-57.0362429,-25.6673387]]}},{"type":"Feature","properties":{"intermittent":"no","waterway":"stream","audit_class":"stream","audit_color":"#3b82f6","feature_id":"lqv-wat-00267","category":"stream","source":"osm_waterway","class_label":"Stream (OSM waterway=stream)","color":"#7dd3fc","width":1.4,"draw_priority":4},"geometry":{"type":"LineString","coordinates":[[-57.0317662,-25.6683411],[-57.0318783,-25.6682948],[-57.0319623,-25.6682948],[-57.0320324,-25.6683579],[-57.0320978,-25.6684337],[-57.0321585,-25.6684379],[-57.0322425,-25.668421],[-57.0323266,-25.6684379],[-57.0323593,-25.6684842],[-57.0324013,-25.6685263],[-57.032462,-25.6685641],[-57.0325601,-25.6685515],[-57.0326675,-25.6685263],[-57.0327375,-25.6684968],[-57.0328076,-25.6684968],[-57.0329103,-25.6684842],[-57.0329524,-25.6684507],[-57.0330325,-25.6684062],[-57.0331126,-25.6683729],[-57.0331742,-25.6683535],[-57.0332512,-25.6683535],[-57.0333467,-25.6683396],[-57.0334515,-25.6683201],[-57.0335449,-25.6682983],[-57.0336458,-25.6682601],[-57.0337413,-25.6682186],[-57.0338192,-25.6681963],[-57.0338758,-25.6681867],[-57.0339289,-25.6681883],[-57.033959,-25.6682106],[-57.0339908,-25.6682425],[-57.0340439,-25.6682585],[-57.0341076,-25.6682585],[-57.0341536,-25.668225],[-57.0341802,-25.6681739],[-57.0341713,-25.6681133],[-57.0341572,-25.6680575],[-57.0341572,-25.6680144],[-57.034189,-25.667949],[-57.0342156,-25.6678789],[-57.034228,-25.6678422],[-57.0342704,-25.6677991],[-57.0343129,-25.6677927],[-57.0343748,-25.6678342],[-57.0344102,-25.6678565],[-57.0344616,-25.6678549],[-57.0346173,-25.6678454],[-57.0347058,-25.6678549],[-57.0347925,-25.6678884],[-57.0348739,-25.6679267],[-57.0349712,-25.6679666],[-57.0350668,-25.6679873],[-57.0351552,-25.6679666],[-57.0352225,-25.6679299],[-57.035249,-25.6678565],[-57.0352756,-25.6677624],[-57.0353127,-25.6676859],[-57.0353393,-25.6675966],[-57.0353658,-25.6675631],[-57.0354419,-25.6675072],[-57.0355481,-25.6674546],[-57.0357109,-25.6674211],[-57.0359321,-25.6673637],[-57.036017,-25.667327],[-57.0361781,-25.6673142],[-57.0362429,-25.6673387],[-57.0363479,-25.6673254],[-57.0364276,-25.6673238],[-57.0368204,-25.6672154]]}},{"type":"Feature","properties":{"waterway":"stream","audit_class":"stream","audit_color":"#3b82f6","feature_id":"lqv-wat-00268","category":"stream","source":"osm_waterway","class_label":"Stream (OSM waterway=stream)","color":"#7dd3fc","width":1.4,"draw_priority":4},"geometry":{"type":"LineString","coordinates":[[-57.031546,-25.6693267],[-57.0317001,-25.6692383],[-57.0318543,-25.669091],[-57.0321158,-25.6688721],[-57.0323493,-25.668628],[-57.032462,-25.6685641]]}},{"type":"Feature","properties":{"waterway":"stream","audit_class":"stream","audit_color":"#3b82f6","feature_id":"lqv-wat-00269","category":"stream","source":"osm_waterway","class_label":"Stream (OSM waterway=stream)","color":"#7dd3fc","width":1.4,"draw_priority":4},"geometry":{"type":"LineString","coordinates":[[-57.0299863,-25.6654164],[-57.0302898,-25.6653532],[-57.0304486,-25.6653238],[-57.0307101,-25.665349],[-57.030981,-25.6654079],[-57.0313125,-25.6655048],[-57.0315367,-25.6656226],[-57.0318449,-25.6657994],[-57.0321018,-25.665972],[-57.0322372,-25.6660983],[-57.032466,-25.6661782],[-57.0327929,-25.666334],[-57.0330218,-25.666456],[-57.0331992,-25.6664981],[-57.0333813,-25.6665108],[-57.0335962,-25.6664518],[-57.0336863,-25.6662739],[-57.0337749,-25.6661502],[-57.0338874,-25.666049],[-57.0339974,-25.6659717],[-57.0342495,-25.6658436],[-57.034448,-25.6657541],[-57.0346921,-25.6656501],[-57.0350006,-25.6656042],[-57.035199,-25.665609],[-57.0353868,-25.6656429],[-57.0356443,-25.6657686],[-57.0357999,-25.6658798],[-57.0359232,-25.6659838],[-57.0362746,-25.6662545],[-57.0364168,-25.6663682],[-57.0365348,-25.6665277],[-57.0366126,-25.6666559],[-57.0367252,-25.6668783],[-57.0367869,-25.6670886],[-57.0368204,-25.6672154],[-57.0368593,-25.6673594],[-57.0369586,-25.6675576],[-57.0370685,-25.6677075],[-57.0373019,-25.6678719],[-57.0375031,-25.6679782],[-57.0376104,-25.6680048],[-57.0377585,-25.6680205]]}},{"type":"Feature","properties":{"intermittent":"yes","waterway":"stream","audit_class":"stream","audit_color":"#3b82f6","feature_id":"lqv-wat-00270","category":"stream","source":"osm_waterway","class_label":"Stream (OSM waterway=stream)","color":"#7dd3fc","width":1.4,"draw_priority":4},"geometry":{"type":"LineString","coordinates":[[-57.0372062,-25.6693834],[-57.037263,-25.6692997],[-57.0373657,-25.6692231],[-57.0374435,-25.6691817],[-57.0375143,-25.6690924],[-57.0375108,-25.6689743],[-57.0375391,-25.6688786],[-57.0374789,-25.6687702],[-57.037486,-25.6686904],[-57.037532,-25.668566],[-57.0375072,-25.6684863],[-57.0375497,-25.6684033],[-57.0375391,-25.6683331],[-57.0374966,-25.668263],[-57.0374294,-25.6682087],[-57.0374152,-25.6681449],[-57.0374577,-25.6680652],[-57.0375072,-25.6680397],[-57.0375851,-25.6680333],[-57.0376594,-25.6680365],[-57.0377585,-25.6680205]]}},{"type":"Feature","properties":{"waterway":"stream","audit_class":"stream","audit_color":"#3b82f6","feature_id":"lqv-wat-00271","category":"stream","source":"osm_waterway","class_label":"Stream (OSM waterway=stream)","color":"#7dd3fc","width":1.4,"draw_priority":4},"geometry":{"type":"LineString","coordinates":[[-57.0310781,-25.6677674],[-57.0312836,-25.6677632],[-57.0314144,-25.6677674],[-57.0315031,-25.6677253],[-57.0316105,-25.6676285],[-57.03176,-25.6676201],[-57.0318767,-25.6676832],[-57.0319841,-25.6677422],[-57.0320635,-25.6677674],[-57.0321616,-25.6677211],[-57.0322363,-25.6676832],[-57.0323484,-25.6676832],[-57.0324791,-25.6676917],[-57.0326192,-25.6677295],[-57.0326846,-25.6677338],[-57.0327827,-25.6678179],[-57.0328481,-25.6678474],[-57.0329134,-25.6678264],[-57.0330115,-25.6676959],[-57.0330629,-25.6675822],[-57.0331049,-25.667477],[-57.0331189,-25.6673339],[-57.0331703,-25.667195],[-57.0332497,-25.6671445],[-57.0333898,-25.6671108],[-57.0334925,-25.6670771],[-57.0335719,-25.6670056],[-57.0336933,-25.6669593],[-57.0337914,-25.666934]]}},{"type":"Feature","properties":{"intermittent":"yes","waterway":"stream","audit_class":"stream","audit_color":"#3b82f6","feature_id":"lqv-wat-00272","category":"stream","source":"osm_waterway","class_label":"Stream (OSM waterway=stream)","color":"#7dd3fc","width":1.4,"draw_priority":4},"geometry":{"type":"LineString","coordinates":[[-57.0539467,-25.6664439],[-57.0539789,-25.6663658],[-57.0540005,-25.6663005],[-57.0541946,-25.6659812],[-57.0542639,-25.665827],[-57.0543194,-25.6657118],[-57.0543533,-25.6656021],[-57.0543487,-25.6654924],[-57.0543671,-25.6653994]]}},{"type":"Feature","properties":{"intermittent":"yes","waterway":"stream","audit_class":"stream","audit_color":"#3b82f6","feature_id":"lqv-wat-00273","category":"stream","source":"osm_waterway","class_label":"Stream (OSM waterway=stream)","color":"#7dd3fc","width":1.4,"draw_priority":4},"geometry":{"type":"LineString","coordinates":[[-57.0457009,-25.6805997],[-57.0457036,-25.6806794],[-57.0456982,-25.6807495],[-57.0457518,-25.680839],[-57.0458001,-25.6809163],[-57.045843,-25.6810058],[-57.0459047,-25.6810686],[-57.0460093,-25.6811121],[-57.0461917,-25.6812499],[-57.0463446,-25.6813587],[-57.0464653,-25.6813974],[-57.0465538,-25.6814554],[-57.0468381,-25.6816391],[-57.0469293,-25.681714],[-57.0470232,-25.6818107],[-57.0471171,-25.6819219],[-57.047219,-25.6820597],[-57.047278,-25.682183],[-57.0473397,-25.6822579],[-57.0474497,-25.6823715],[-57.0476052,-25.6824561],[-57.0476911,-25.6825407],[-57.0477903,-25.6825794],[-57.0479191,-25.6825987],[-57.0479995,-25.6826568],[-57.0480505,-25.6827075],[-57.0481175,-25.6827607],[-57.0482141,-25.6828042],[-57.0483026,-25.6828139],[-57.0483777,-25.6828284],[-57.0484287,-25.6828574],[-57.0484555,-25.6828888],[-57.0484984,-25.6829033],[-57.0485467,-25.6828985],[-57.0486111,-25.6828912],[-57.0486647,-25.6828961],[-57.048705,-25.6829251],[-57.0487398,-25.6829613],[-57.0487452,-25.6830024],[-57.0487479,-25.6830556],[-57.0487666,-25.6831064],[-57.0488149,-25.6831765],[-57.048882,-25.6832732],[-57.048941,-25.6833578],[-57.0490161,-25.6834424],[-57.049118,-25.6835439],[-57.0491851,-25.6835874],[-57.0492652,-25.6836149],[-57.0494104,-25.6836261],[-57.0495284,-25.6835922],[-57.0496759,-25.6835656],[-57.0498529,-25.6835584],[-57.0499415,-25.6835681],[-57.0500622,-25.6835656],[-57.0501399,-25.6835439],[-57.0502231,-25.6835318],[-57.0503009,-25.6835439],[-57.0503652,-25.6835826],[-57.0504028,-25.6836309],[-57.0504833,-25.6836768],[-57.0505879,-25.6836913],[-57.0506978,-25.6836696],[-57.0507917,-25.6836406],[-57.0508963,-25.6836091],[-57.0510814,-25.6835729]]}},{"type":"Feature","properties":{"intermittent":"yes","waterway":"stream","width":1.4,"audit_class":"stream","audit_color":"#3b82f6","feature_id":"lqv-wat-00274","category":"stream","source":"osm_waterway","class_label":"Stream (OSM waterway=stream)","color":"#7dd3fc","draw_priority":4},"geometry":{"type":"LineString","coordinates":[[-57.0629214,-25.6800007],[-57.0629725,-25.6800472],[-57.0630557,-25.6800902],[-57.0631543,-25.6801458],[-57.0632421,-25.680186],[-57.0633145,-25.6802166],[-57.0633977,-25.680218],[-57.0634516,-25.6801888],[-57.0634593,-25.6801402],[-57.063447,-25.6801041],[-57.0634609,-25.6800791],[-57.0634963,-25.6800611],[-57.0635795,-25.6800569],[-57.0636273,-25.68005],[-57.0637012,-25.6800236],[-57.0638537,-25.67995],[-57.0640434,-25.6798681],[-57.0640877,-25.6798434],[-57.0641279,-25.6798209]]}},{"type":"Feature","properties":{"intermittent":"yes","waterway":"stream","audit_class":"stream","audit_color":"#3b82f6","feature_id":"lqv-wat-00275","category":"stream","source":"osm_waterway","class_label":"Stream (OSM waterway=stream)","color":"#7dd3fc","width":1.4,"draw_priority":4},"geometry":{"type":"LineString","coordinates":[[-57.0693878,-25.6881288],[-57.0695112,-25.6880878],[-57.0696399,-25.6880781],[-57.0697311,-25.688066],[-57.0697901,-25.6880418],[-57.0698223,-25.6879959],[-57.0698491,-25.6879379],[-57.0698947,-25.6879065],[-57.0699323,-25.6878654],[-57.0699645,-25.6878364],[-57.0700074,-25.6878074],[-57.0700637,-25.6877687],[-57.0700879,-25.6877276],[-57.0700986,-25.6876696],[-57.0700986,-25.6876188],[-57.0700959,-25.6875391],[-57.0700932,-25.6874714],[-57.0701147,-25.6874206],[-57.0701442,-25.6873892],[-57.0701871,-25.6873747],[-57.070222,-25.6873747],[-57.0702649,-25.6873602],[-57.0702971,-25.6873264],[-57.0703319,-25.6872901],[-57.0703829,-25.6872732],[-57.0704178,-25.6872563],[-57.0704473,-25.6872321],[-57.0704553,-25.6871862],[-57.0704553,-25.6871354],[-57.0704607,-25.6870774],[-57.0704821,-25.6870266],[-57.0705197,-25.6869855],[-57.0705613,-25.6869517],[-57.070609,-25.6868823],[-57.0706321,-25.6868448],[-57.0706768,-25.6868018],[-57.070701,-25.6867846]]}},{"type":"Feature","properties":{"waterway":"stream","width":1.4,"audit_class":"stream","audit_color":"#3b82f6","feature_id":"lqv-wat-00276","category":"stream","source":"osm_waterway","class_label":"Stream (OSM waterway=stream)","color":"#7dd3fc","draw_priority":4},"geometry":{"type":"LineString","coordinates":[[-57.0685689,-25.6897937],[-57.0685713,-25.6896275],[-57.068611,-25.6894339],[-57.0687114,-25.689255],[-57.0688585,-25.6891667],[-57.0690219,-25.689114],[-57.0692344,-25.6891077],[-57.0694679,-25.6891751],[-57.0695753,-25.6892235],[-57.0696617,-25.6893203],[-57.0697248,-25.6894823],[-57.0697645,-25.6896317],[-57.0697434,-25.6897958],[-57.0697341,-25.689941],[-57.0697878,-25.6901283],[-57.0699209,-25.6902819],[-57.070089,-25.6904607],[-57.0703622,-25.6906122],[-57.0704463,-25.6906733],[-57.070598,-25.6907722],[-57.0708245,-25.6907911],[-57.0710207,-25.6908184],[-57.0710907,-25.6908248],[-57.0712518,-25.6909026],[-57.0713826,-25.6909826],[-57.0716044,-25.6910604],[-57.0717982,-25.6911109],[-57.071936,-25.6911509],[-57.0721041,-25.6911698],[-57.0722629,-25.6911509],[-57.0724614,-25.6910625],[-57.0725571,-25.6909952],[-57.0727066,-25.6909742],[-57.0727929,-25.6909657],[-57.0729517,-25.6909868],[-57.0730591,-25.6910015],[-57.0731806,-25.6909847],[-57.073337,-25.6909426],[-57.0734514,-25.6909047],[-57.0735612,-25.6908458],[-57.0737106,-25.6907322],[-57.0738017,-25.6906417],[-57.0739161,-25.6905533],[-57.0740025,-25.6904271],[-57.0740396,-25.6903962]]}},{"type":"Feature","properties":{"waterway":"stream","width":1.4,"audit_class":"stream","audit_color":"#3b82f6","feature_id":"lqv-wat-00277","category":"stream","source":"osm_waterway","class_label":"Stream (OSM waterway=stream)","color":"#7dd3fc","draw_priority":4},"geometry":{"type":"LineString","coordinates":[[-57.0650609,-25.6930551],[-57.065069,-25.6929729],[-57.0650556,-25.6929076],[-57.0650716,-25.6928037],[-57.0650716,-25.6927312],[-57.0650716,-25.6926683],[-57.0650985,-25.6925692],[-57.065136,-25.6924895],[-57.0651548,-25.6924291],[-57.0651575,-25.6923735],[-57.0651441,-25.6923203],[-57.0650985,-25.6922623],[-57.0650904,-25.6922115],[-57.0650904,-25.6921293],[-57.0650743,-25.6920641],[-57.0650582,-25.691994],[-57.0650609,-25.691936],[-57.0651226,-25.6918055],[-57.0651575,-25.6917064],[-57.0651628,-25.6916194],[-57.0651468,-25.6915613],[-57.0651092,-25.6915178],[-57.0650609,-25.6914937],[-57.0650314,-25.6914526],[-57.0650126,-25.6913946],[-57.0650073,-25.6913076],[-57.0650046,-25.6912423],[-57.0649697,-25.691206],[-57.0649295,-25.6911867],[-57.0649054,-25.6911577],[-57.0648973,-25.6911166]]}},{"type":"Feature","properties":{"waterway":"stream","width":1.4,"audit_class":"stream","audit_color":"#3b82f6","feature_id":"lqv-wat-00278","category":"stream","source":"osm_waterway","class_label":"Stream (OSM waterway=stream)","color":"#7dd3fc","draw_priority":4},"geometry":{"type":"LineString","coordinates":[[-57.0626496,-25.6910127],[-57.0627381,-25.6909619],[-57.0628266,-25.6908652],[-57.0628669,-25.6907976],[-57.0629312,-25.6906912],[-57.0629876,-25.6906235],[-57.0630198,-25.690551],[-57.0630841,-25.6904978],[-57.0631592,-25.6904785],[-57.0632558,-25.6905003],[-57.0633363,-25.6905583],[-57.0634006,-25.6906259],[-57.0634731,-25.6906985],[-57.0635535,-25.6907613],[-57.0636098,-25.6907758],[-57.0636957,-25.6907782],[-57.0638083,-25.6907565],[-57.0639103,-25.6907202],[-57.0639854,-25.6906598],[-57.0640497,-25.6906066],[-57.0641409,-25.6905728],[-57.0642241,-25.6905583],[-57.0643233,-25.6905873],[-57.0643743,-25.6906284],[-57.0644413,-25.690725],[-57.0644842,-25.6908169],[-57.0645272,-25.6908846],[-57.0645969,-25.6909958],[-57.0646479,-25.6910949],[-57.0647149,-25.6911553],[-57.0648142,-25.6911698],[-57.0648973,-25.6911166],[-57.06501,-25.6910441],[-57.0650797,-25.6910296],[-57.0651253,-25.6909909],[-57.065128,-25.6909232],[-57.0651628,-25.6908676],[-57.0652004,-25.6908338],[-57.065246,-25.6908217],[-57.0652916,-25.6907927],[-57.0652996,-25.6907444],[-57.0653372,-25.6907154],[-57.0654445,-25.6906912],[-57.0655813,-25.6907105],[-57.0656617,-25.6907347],[-57.0657288,-25.6907347],[-57.0657851,-25.6906936],[-57.0658414,-25.6906549],[-57.0659219,-25.6906646],[-57.0659756,-25.690684],[-57.0660131,-25.6906767],[-57.0660775,-25.6906404],[-57.0661311,-25.6905873],[-57.0661848,-25.6905703],[-57.0662491,-25.6905921],[-57.0663242,-25.6906622],[-57.0663698,-25.6907057],[-57.0663672,-25.6907468],[-57.0663591,-25.6908217],[-57.0663672,-25.6908749],[-57.0664235,-25.6909329],[-57.0664637,-25.6909692],[-57.0664959,-25.6909426],[-57.0665469,-25.6909232],[-57.06663,-25.6909329],[-57.0666783,-25.6909788],[-57.0667158,-25.6910513],[-57.066748,-25.6911214],[-57.0668446,-25.6911819],[-57.0669197,-25.6912254],[-57.0670216,-25.6912592],[-57.0671182,-25.6912616],[-57.0672147,-25.691235],[-57.0673328,-25.6911577],[-57.0674159,-25.6911094],[-57.067499,-25.6910949],[-57.0676171,-25.6911021],[-57.0677029,-25.6911263],[-57.067829,-25.6911529],[-57.067888,-25.6911722],[-57.0679604,-25.6911674],[-57.0680355,-25.6911456],[-57.0681267,-25.6911553],[-57.0681884,-25.6911746],[-57.0682554,-25.6912205],[-57.0683198,-25.6913003],[-57.0683574,-25.6913921],[-57.0684056,-25.6914477],[-57.0684566,-25.6915057],[-57.0685102,-25.6915517],[-57.0685827,-25.6916218],[-57.0686336,-25.6916556],[-57.0686926,-25.6916967],[-57.0687436,-25.6917064],[-57.068816,-25.6917064],[-57.0688965,-25.6916725],[-57.0689555,-25.6916],[-57.0690306,-25.6915033],[-57.0690681,-25.6914429],[-57.0690708,-25.6913704],[-57.0690547,-25.6913293],[-57.069052,-25.6912761],[-57.0690735,-25.6912326],[-57.0691406,-25.691194],[-57.0692237,-25.6911625],[-57.0692827,-25.691148],[-57.0693256,-25.6911553],[-57.0693712,-25.691177],[-57.0694383,-25.6911794],[-57.0695402,-25.6911794],[-57.0696126,-25.691177],[-57.0696475,-25.6911915],[-57.0697146,-25.6912157],[-57.0697897,-25.6912133],[-57.069846,-25.6912109],[-57.0698916,-25.6912278],[-57.0699479,-25.691235],[-57.0700015,-25.6912375],[-57.0700552,-25.691235],[-57.0701088,-25.6912205],[-57.0701598,-25.6911867],[-57.0702725,-25.6911142],[-57.0704012,-25.6909861],[-57.070598,-25.6907722]]}},{"type":"Feature","properties":{"waterway":"stream","width":1.4,"audit_class":"stream","audit_color":"#3b82f6","feature_id":"lqv-wat-00279","category":"stream","source":"osm_waterway","class_label":"Stream (OSM waterway=stream)","color":"#7dd3fc","draw_priority":4},"geometry":{"type":"LineString","coordinates":[[-57.0606608,-25.6907205],[-57.0607734,-25.6907592],[-57.0608968,-25.690764],[-57.0610094,-25.6907278],[-57.0611355,-25.6906673],[-57.061275,-25.6906069],[-57.0613849,-25.690561],[-57.061511,-25.6904933],[-57.0616424,-25.6904256],[-57.0617631,-25.6903966],[-57.0618973,-25.6904039],[-57.0620448,-25.6904256],[-57.0621467,-25.6904522],[-57.0622577,-25.6904248]]}},{"type":"Feature","properties":{"waterway":"stream","width":1.4,"audit_class":"stream","audit_color":"#3b82f6","feature_id":"lqv-wat-00280","category":"stream","source":"osm_waterway","class_label":"Stream (OSM waterway=stream)","color":"#7dd3fc","draw_priority":4},"geometry":{"type":"LineString","coordinates":[[-57.0703001,-25.6957744],[-57.0703235,-25.6957364],[-57.0703611,-25.6957062],[-57.0703987,-25.6956604],[-57.0704334,-25.6955897],[-57.0704688,-25.6955231],[-57.0705013,-25.695453],[-57.0705089,-25.6954079],[-57.0704673,-25.695351],[-57.0703933,-25.695301],[-57.0703332,-25.695251],[-57.0703163,-25.6952038],[-57.0703348,-25.6951108],[-57.0703194,-25.6949069],[-57.0702855,-25.6947153],[-57.0702978,-25.694496],[-57.0703009,-25.6942544],[-57.0703933,-25.6940629],[-57.0706121,-25.6937713],[-57.0708308,-25.6935825],[-57.0709048,-25.6934048],[-57.0710157,-25.6930078],[-57.0711297,-25.6927385],[-57.0712622,-25.6925136],[-57.0715888,-25.6921888],[-57.0719827,-25.691773],[-57.0722724,-25.6914636],[-57.0724614,-25.6910625]]}},{"type":"Feature","properties":{"waterway":"stream","audit_class":"stream","audit_color":"#3b82f6","feature_id":"lqv-wat-00281","category":"stream","source":"osm_waterway","class_label":"Stream (OSM waterway=stream)","color":"#7dd3fc","width":1.4,"draw_priority":4},"geometry":{"type":"LineString","coordinates":[[-57.0802586,-25.6871812],[-57.0803467,-25.6871938],[-57.080454,-25.6872215],[-57.0806525,-25.6873014],[-57.0808323,-25.6874172],[-57.0809957,-25.6875245]]}},{"type":"Feature","properties":{"name":"Arroyo Tairy","waterway":"stream","audit_class":"stream","audit_color":"#3b82f6","feature_id":"lqv-wat-00284","category":"stream","source":"osm_waterway","class_label":"Stream (OSM waterway=stream)","color":"#7dd3fc","width":1.4,"draw_priority":4},"geometry":{"type":"LineString","coordinates":[[-57.1224985,-25.5381592],[-57.1226584,-25.538828],[-57.1231381,-25.5393395],[-57.1234578,-25.5398772],[-57.1235886,-25.5404411],[-57.1238357,-25.5411099],[-57.1239872,-25.5413896],[-57.1241555,-25.5417001],[-57.1241051,-25.5418867],[-57.1241778,-25.5421289],[-57.1241778,-25.5423863],[-57.1240548,-25.5431027],[-57.1240213,-25.5433096],[-57.1238871,-25.5435518],[-57.1238759,-25.5437536],[-57.1239877,-25.5438949],[-57.1242282,-25.5439302],[-57.1245357,-25.543905],[-57.1248881,-25.5439302],[-57.1251173,-25.544016],[-57.1254249,-25.5443036],[-57.1259003,-25.5448435],[-57.1261456,-25.5452937],[-57.1261369,-25.5462044],[-57.1264045,-25.5467523],[-57.1265214,-25.5472262],[-57.1267812,-25.5475059],[-57.1268879,-25.5478122]]}},{"type":"Feature","properties":{"waterway":"stream","audit_class":"stream","audit_color":"#3b82f6","feature_id":"lqv-wat-00285","category":"stream","source":"osm_waterway","class_label":"Stream (OSM waterway=stream)","color":"#7dd3fc","width":1.4,"draw_priority":4},"geometry":{"type":"LineString","coordinates":[[-57.1194753,-25.5406903],[-57.1200131,-25.5405722],[-57.1208125,-25.5406509],[-57.1218009,-25.5409657],[-57.1225276,-25.5412804],[-57.12292,-25.5412804],[-57.123516,-25.5413722],[-57.1239872,-25.5413896]]}},{"type":"Feature","properties":{"waterway":"stream","audit_class":"stream","audit_color":"#3b82f6","feature_id":"lqv-wat-00286","category":"stream","source":"osm_waterway","class_label":"Stream (OSM waterway=stream)","color":"#7dd3fc","width":1.4,"draw_priority":4},"geometry":{"type":"LineString","coordinates":[[-57.1064467,-25.6149274],[-57.1066134,-25.6152114],[-57.1066991,-25.6155309],[-57.1069677,-25.6157481]]}},{"type":"Feature","properties":{"waterway":"stream","audit_class":"stream","audit_color":"#3b82f6","feature_id":"lqv-wat-00287","category":"stream","source":"osm_waterway","class_label":"Stream (OSM waterway=stream)","color":"#7dd3fc","width":1.4,"draw_priority":4},"geometry":{"type":"LineString","coordinates":[[-57.089753,-25.6200944],[-57.0895684,-25.6201462],[-57.0895107,-25.6202087],[-57.0895107,-25.6203388],[-57.0895511,-25.6204898],[-57.0896781,-25.620875],[-57.0898253,-25.6211535]]}},{"type":"Feature","properties":{"waterway":"stream","audit_class":"stream","audit_color":"#3b82f6","feature_id":"lqv-wat-00288","category":"stream","source":"osm_waterway","class_label":"Stream (OSM waterway=stream)","color":"#7dd3fc","width":1.4,"draw_priority":4},"geometry":{"type":"LineString","coordinates":[[-57.1147806,-25.5934545],[-57.1148604,-25.5933965],[-57.1149581,-25.5933211],[-57.1152695,-25.5931285],[-57.1153467,-25.5929986],[-57.1153981,-25.5928118],[-57.1154715,-25.5925484],[-57.1155203,-25.592162],[-57.1155428,-25.5920603]]}},{"type":"Feature","properties":{"waterway":"stream","audit_class":"stream","audit_color":"#3b82f6","feature_id":"lqv-wat-00289","category":"stream","source":"osm_waterway","class_label":"Stream (OSM waterway=stream)","color":"#7dd3fc","width":1.4,"draw_priority":4},"geometry":{"type":"LineString","coordinates":[[-57.1093726,-25.5896669],[-57.1104845,-25.5894949],[-57.111924,-25.5890308],[-57.113752,-25.5885764],[-57.114245,-25.5883427],[-57.1147164,-25.5881804],[-57.1155261,-25.588109],[-57.1159903,-25.587976],[-57.1164114,-25.587937],[-57.1167784,-25.5879857],[-57.1175017,-25.5882973],[-57.1178328,-25.5883979],[-57.1181351,-25.5884466],[-57.1182987,-25.5885405]]}},{"type":"Feature","properties":{"waterway":"stream","audit_class":"stream","audit_color":"#3b82f6","feature_id":"lqv-wat-00290","category":"stream","source":"osm_waterway","class_label":"Stream (OSM waterway=stream)","color":"#7dd3fc","width":1.4,"draw_priority":4},"geometry":{"type":"LineString","coordinates":[[-57.1190969,-25.5895969],[-57.1192888,-25.5893474],[-57.1193361,-25.5891766],[-57.1193436,-25.5890665],[-57.1194059,-25.5889766],[-57.1195231,-25.588844],[-57.1197972,-25.5886484],[-57.1198969,-25.5886372],[-57.1201935,-25.5886484],[-57.1204402,-25.5886956],[-57.1206321,-25.5886754],[-57.1207991,-25.5885855],[-57.1209262,-25.5884146],[-57.1210607,-25.5883494],[-57.1213872,-25.588318],[-57.1215766,-25.5882191],[-57.1217037,-25.588114]]}},{"type":"Feature","properties":{"waterway":"stream","audit_class":"stream","audit_color":"#3b82f6","feature_id":"lqv-wat-00291","category":"stream","source":"osm_waterway","class_label":"Stream (OSM waterway=stream)","color":"#7dd3fc","width":1.4,"draw_priority":4},"geometry":{"type":"LineString","coordinates":[[-57.1277774,-25.5921722],[-57.1279464,-25.59207],[-57.128173,-25.5919895],[-57.1288622,-25.5919895],[-57.1294325,-25.5920532],[-57.129739,-25.5920649],[-57.1298709,-25.5920549],[-57.1299805,-25.5920214],[-57.129997,-25.59201225128519]]}},{"type":"Feature","properties":{"name":"Arroyo Mbaiovi","waterway":"stream","audit_class":"stream","audit_color":"#3b82f6","feature_id":"lqv-wat-00292","category":"stream","source":"osm_waterway","class_label":"Stream (OSM waterway=stream)","color":"#7dd3fc","width":1.4,"draw_priority":4},"geometry":{"type":"LineString","coordinates":[[-57.1066049,-25.5707426],[-57.1068195,-25.570598],[-57.1069927,-25.5705527],[-57.1071246,-25.570539],[-57.1073558,-25.5705073],[-57.1075459,-25.5704845],[-57.1077026,-25.5703941],[-57.1079253,-25.570254],[-57.1080571,-25.570132],[-57.1081068,-25.5700281],[-57.1081287,-25.5699245],[-57.1081785,-25.5698383],[-57.1082704,-25.5697693],[-57.1083463,-25.5697285],[-57.108432,-25.5697152],[-57.1086359,-25.5696908],[-57.1092265,-25.5697878],[-57.1093259,-25.5698274],[-57.1093961,-25.5698554],[-57.1094969,-25.5698848],[-57.1096348,-25.5698991],[-57.1097264,-25.5699117],[-57.110314,-25.5695262],[-57.1108267,-25.5693812],[-57.1110527,-25.569342],[-57.1113047,-25.5692009],[-57.1116089,-25.5689147],[-57.1119609,-25.5685737],[-57.1120608,-25.5683581],[-57.1121521,-25.5682052],[-57.1122433,-25.5680876],[-57.1124389,-25.5679073],[-57.1126996,-25.5678054],[-57.1128865,-25.567676],[-57.1131472,-25.5675976],[-57.1138946,-25.567578],[-57.1142162,-25.5675388],[-57.1145004,-25.5674881],[-57.1149853,-25.5674016],[-57.1151591,-25.5672841],[-57.1154068,-25.5671861],[-57.1155937,-25.5671351],[-57.115824,-25.5670724],[-57.1160325,-25.5668999],[-57.1165931,-25.5660493],[-57.1167365,-25.5658729],[-57.1170146,-25.5656534],[-57.1171537,-25.5654966],[-57.1174461,-25.565307]]}},{"type":"Feature","properties":{"waterway":"stream","audit_class":"stream","audit_color":"#3b82f6","feature_id":"lqv-wat-00293","category":"stream","source":"osm_waterway","class_label":"Stream (OSM waterway=stream)","color":"#7dd3fc","width":1.4,"draw_priority":4},"geometry":{"type":"LineString","coordinates":[[-57.1140119,-25.570439],[-57.1142946,-25.5701047],[-57.1144506,-25.5696825],[-57.1145286,-25.5694802],[-57.1145481,-25.5689173],[-57.1143239,-25.5683544],[-57.1143434,-25.567809],[-57.1145004,-25.5674881]]}},{"type":"Feature","properties":{"waterway":"stream","audit_class":"stream","audit_color":"#3b82f6","feature_id":"lqv-wat-00294","category":"stream","source":"osm_waterway","class_label":"Stream (OSM waterway=stream)","color":"#7dd3fc","width":1.4,"draw_priority":4},"geometry":{"type":"LineString","coordinates":[[-57.116079,-25.5707204],[-57.1169468,-25.5697089],[-57.1171321,-25.5693659],[-57.1173661,-25.5688645],[-57.1175611,-25.5684775],[-57.1175513,-25.5681697],[-57.1178244,-25.5676331],[-57.1185167,-25.5669646],[-57.1195405,-25.5663225],[-57.1202328,-25.5660059],[-57.1207301,-25.5658475],[-57.1212265,-25.5655929]]}},{"type":"Feature","properties":{"waterway":"stream","audit_class":"stream","audit_color":"#3b82f6","feature_id":"lqv-wat-00295","category":"stream","source":"osm_waterway","class_label":"Stream (OSM waterway=stream)","color":"#7dd3fc","width":1.4,"draw_priority":4},"geometry":{"type":"LineString","coordinates":[[-57.1085027,-25.5599541],[-57.1095168,-25.56013],[-57.1103846,-25.5605962],[-57.1120325,-25.5620564],[-57.112559,-25.5624083],[-57.113105,-25.5626546],[-57.1136449,-25.5628461],[-57.1138158,-25.563075],[-57.1140497,-25.563622],[-57.1145673,-25.5642044],[-57.1149064,-25.5643901],[-57.1151527,-25.5647507],[-57.1151608,-25.5649256],[-57.1154154,-25.5652635]]}},{"type":"Feature","properties":{"waterway":"stream","audit_class":"stream","audit_color":"#3b82f6","feature_id":"lqv-wat-00296","category":"stream","source":"osm_waterway","class_label":"Stream (OSM waterway=stream)","color":"#7dd3fc","width":1.4,"draw_priority":4},"geometry":{"type":"LineString","coordinates":[[-57.1133146,-25.5605005],[-57.1140255,-25.5608],[-57.1148626,-25.5617071],[-57.1152648,-25.5619982],[-57.1154519,-25.5621712],[-57.1156062,-25.5623864],[-57.1156577,-25.5625931],[-57.1157393,-25.5627719],[-57.1167833,-25.5627052],[-57.1171288,-25.5627475],[-57.1173373,-25.5628697],[-57.1176436,-25.5634394],[-57.1182178,-25.5639915],[-57.1184374,-25.5642292],[-57.118618,-25.5651797]]}},{"type":"Feature","properties":{"waterway":"stream","audit_class":"stream","audit_color":"#3b82f6","feature_id":"lqv-wat-00297","category":"stream","source":"osm_waterway","class_label":"Stream (OSM waterway=stream)","color":"#7dd3fc","width":1.4,"draw_priority":4},"geometry":{"type":"LineString","coordinates":[[-57.1069883,-25.5729287],[-57.107544,-25.5723108],[-57.1078993,-25.5720133],[-57.1081634,-25.5718457],[-57.108761,-25.5710634],[-57.1093003,-25.5703518],[-57.1093149,-25.5702417],[-57.109262,-25.5700971],[-57.1092584,-25.5699935],[-57.1092912,-25.5699114],[-57.1093259,-25.5698274]]}},{"type":"Feature","properties":{"waterway":"stream","audit_class":"stream","audit_color":"#3b82f6","feature_id":"lqv-wat-00300","category":"stream","source":"osm_waterway","class_label":"Stream (OSM waterway=stream)","color":"#7dd3fc","width":1.4,"draw_priority":4},"geometry":{"type":"LineString","coordinates":[[-57.1273323,-25.5530957],[-57.1275928,-25.5535056],[-57.1277074,-25.5540923],[-57.1277575,-25.5547334],[-57.1280367,-25.5556735],[-57.128218,-25.5559762],[-57.1288766,-25.5567001],[-57.1294414,-25.5570216],[-57.1298707,-25.5571626],[-57.129997,-25.55715321378756]]}},{"type":"Feature","properties":{"waterway":"stream","audit_class":"stream","audit_color":"#3b82f6","feature_id":"lqv-wat-00301","category":"stream","source":"osm_waterway","class_label":"Stream (OSM waterway=stream)","color":"#7dd3fc","width":1.4,"draw_priority":4},"geometry":{"type":"LineString","coordinates":[[-57.1123664,-25.5578142],[-57.1126222,-25.5578332],[-57.1132,-25.5580232],[-57.1135039,-25.5582078],[-57.1138921,-25.5586286],[-57.1142201,-25.5589218],[-57.1147468,-25.5590331],[-57.1152975,-25.5591173],[-57.1154539,-25.5592232],[-57.1155533,-25.5594811],[-57.1155653,-25.5595598],[-57.1156452,-25.5598225],[-57.1158798,-25.5599793],[-57.116204,-25.5602882],[-57.1164387,-25.5607116],[-57.1167907,-25.5609726],[-57.1173773,-25.5611843],[-57.1179639,-25.5614721],[-57.11866,-25.5614383],[-57.1199739,-25.5612549],[-57.1211002,-25.5613184],[-57.1217103,-25.5614948],[-57.1222813,-25.5615371],[-57.1230712,-25.5613678],[-57.1236004,-25.56112],[-57.1244869,-25.5607257],[-57.1257227,-25.5605352],[-57.126364,-25.560387],[-57.1270601,-25.5602953],[-57.1274903,-25.5601259],[-57.1279205,-25.5598437],[-57.1283907,-25.5593953],[-57.1285149,-25.5592722],[-57.1285791,-25.5591951],[-57.1287114,-25.5591061],[-57.1291397,-25.5589113],[-57.1294887,-25.5587247],[-57.1299691,-25.5586273],[-57.129997,-25.558617131955824]]}},{"type":"Feature","properties":{"waterway":"stream","audit_class":"stream","audit_color":"#3b82f6","feature_id":"lqv-wat-00302","category":"stream","source":"osm_waterway","class_label":"Stream (OSM waterway=stream)","color":"#7dd3fc","width":1.4,"draw_priority":4},"geometry":{"type":"LineString","coordinates":[[-57.1121195,-25.5559404],[-57.1129634,-25.5562862],[-57.1135931,-25.5570881],[-57.1141581,-25.5577163],[-57.1149174,-25.5582876],[-57.1152975,-25.5591173]]}},{"type":"Feature","properties":{"waterway":"stream","audit_class":"stream","audit_color":"#3b82f6","feature_id":"lqv-wat-00303","category":"stream","source":"osm_waterway","class_label":"Stream (OSM waterway=stream)","color":"#7dd3fc","width":1.4,"draw_priority":4},"geometry":{"type":"LineString","coordinates":[[-57.1244862,-25.5579249],[-57.1260259,-25.5588932],[-57.1262232,-25.5590485],[-57.1266077,-25.5596292],[-57.1270601,-25.5602953]]}},{"type":"Feature","properties":{"intermittent":"yes","waterway":"stream","audit_class":"stream","audit_color":"#3b82f6","feature_id":"lqv-wat-00304","category":"stream","source":"osm_waterway","class_label":"Stream (OSM waterway=stream)","color":"#7dd3fc","width":1.4,"draw_priority":4},"geometry":{"type":"LineString","coordinates":[[-57.0813145,-25.6659761],[-57.0813145,-25.666119],[-57.0812982,-25.6662253],[-57.0812819,-25.6663169],[-57.0812372,-25.6664085],[-57.0812047,-25.6665074],[-57.0811396,-25.6665881],[-57.0810746,-25.666676],[-57.0810177,-25.6668006],[-57.0809567,-25.6670974],[-57.0809404,-25.6672037],[-57.0808876,-25.6672953],[-57.0808266,-25.6673869],[-57.0808063,-25.6674602],[-57.0808144,-25.6675738],[-57.0808225,-25.6677496],[-57.0807616,-25.6679842],[-57.0805501,-25.6683359],[-57.080355,-25.6687756],[-57.0802859,-25.6690248],[-57.0803672,-25.6693546],[-57.0803306,-25.6694499],[-57.0803022,-25.6695268],[-57.0803103,-25.6696147],[-57.0803387,-25.669699],[-57.0803753,-25.6697723],[-57.0803591,-25.6698383],[-57.0804079,-25.6699115],[-57.0805136,-25.6699958],[-57.0805827,-25.6700874],[-57.0806396,-25.6701424],[-57.0806193,-25.6702193],[-57.0806193,-25.6703366],[-57.0806355,-25.6704245],[-57.0806884,-25.6705418],[-57.0807006,-25.6706627],[-57.080725,-25.6707983],[-57.0807575,-25.6709558],[-57.0808347,-25.6710291],[-57.0809242,-25.6710804],[-57.0809201,-25.6711537],[-57.080916,-25.671227],[-57.080973,-25.6713039],[-57.0810461,-25.6713699],[-57.0811315,-25.6714029],[-57.0812331,-25.6714432],[-57.0813267,-25.6715165],[-57.0813348,-25.6716191],[-57.0813145,-25.671751],[-57.0813185,-25.6718316],[-57.0813592,-25.6718902],[-57.0813958,-25.6720441],[-57.0814771,-25.672242],[-57.0814933,-25.6723959],[-57.0814649,-25.6724801],[-57.0813795,-25.6725608],[-57.0812535,-25.6726707],[-57.0811559,-25.6727989],[-57.0811152,-25.6729345],[-57.0811152,-25.6730774],[-57.0811518,-25.673213],[-57.0811559,-25.6734145],[-57.0811396,-25.6735317],[-57.0810583,-25.6736087],[-57.0809689,-25.67366],[-57.0809038,-25.6737369],[-57.0808551,-25.6738872],[-57.0807819,-25.6740704],[-57.0806437,-25.6742059],[-57.0805623,-25.6743195],[-57.0805136,-25.6744478],[-57.0805217,-25.6745833],[-57.0805014,-25.6747006],[-57.080416,-25.6747702],[-57.0802615,-25.6748105],[-57.0801802,-25.6749204],[-57.0802127,-25.6751476],[-57.0796752,-25.6755786]]}},{"type":"Feature","properties":{"intermittent":"yes","waterway":"stream","audit_class":"stream","audit_color":"#3b82f6","feature_id":"lqv-wat-00305","category":"stream","source":"osm_waterway","class_label":"Stream (OSM waterway=stream)","color":"#7dd3fc","width":1.4,"draw_priority":4},"geometry":{"type":"LineString","coordinates":[[-57.0798796,-25.6665085],[-57.0799664,-25.6665244],[-57.0799982,-25.6665723],[-57.0800301,-25.6666472],[-57.0800354,-25.6666935],[-57.0800601,-25.6667382],[-57.080092,-25.666778],[-57.0800991,-25.6668753],[-57.0800938,-25.6669519],[-57.0800743,-25.6670364],[-57.0800796,-25.6670906],[-57.0801185,-25.6671927],[-57.0801239,-25.6672677],[-57.0801451,-25.6673538],[-57.0801522,-25.6674511],[-57.0801416,-25.6675069],[-57.0801469,-25.6675915],[-57.0801522,-25.6676569],[-57.0801345,-25.6677223],[-57.0800832,-25.6678211],[-57.0800548,-25.6679232],[-57.0800548,-25.6680253],[-57.0800725,-25.6681689],[-57.0800601,-25.6682374],[-57.080023,-25.6683283],[-57.0800389,-25.6684384],[-57.0800531,-25.6685197],[-57.080092,-25.6685867],[-57.0800955,-25.6686745],[-57.080115,-25.6687797],[-57.0801964,-25.6688993],[-57.0802859,-25.6690248]]}},{"type":"Feature","properties":{"intermittent":"yes","waterway":"stream","audit_class":"stream","audit_color":"#3b82f6","feature_id":"lqv-wat-00306","category":"stream","source":"osm_waterway","class_label":"Stream (OSM waterway=stream)","color":"#7dd3fc","width":1.4,"draw_priority":4},"geometry":{"type":"LineString","coordinates":[[-57.0279182,-25.6918305],[-57.0279853,-25.6918598],[-57.0280321,-25.6918616],[-57.0280951,-25.6918616],[-57.0281398,-25.6918397],[-57.0281865,-25.6917994],[-57.028217,-25.6917609],[-57.0282638,-25.6917334],[-57.0282983,-25.6916803],[-57.0283268,-25.6916583],[-57.0283532,-25.6916107],[-57.0283878,-25.6915612],[-57.0284732,-25.6915374],[-57.0285443,-25.6915411],[-57.0286358,-25.6915411],[-57.0287029,-25.6915301],[-57.0287801,-25.6915356],[-57.0288289,-25.6915063],[-57.0288573,-25.6914623],[-57.0288899,-25.6914239],[-57.028959,-25.6913781]]}},{"type":"Feature","properties":{"intermittent":"yes","waterway":"stream","audit_class":"stream","audit_color":"#3b82f6","feature_id":"lqv-wat-00307","category":"stream","source":"osm_waterway","class_label":"Stream (OSM waterway=stream)","color":"#7dd3fc","width":1.4,"draw_priority":4},"geometry":{"type":"LineString","coordinates":[[-57.0312648,-25.6913574],[-57.0312343,-25.6914106],[-57.031155,-25.6915003],[-57.0310615,-25.6915626],[-57.0309924,-25.6916175],[-57.0309416,-25.691645],[-57.0309253,-25.6916945],[-57.0308887,-25.6917659],[-57.0308318,-25.6918355],[-57.0307261,-25.6918978],[-57.0306488,-25.6919198],[-57.0305838,-25.6919583],[-57.0305228,-25.6919912],[-57.0304801,-25.6920389],[-57.0304334,-25.6920846],[-57.0303419,-25.692092],[-57.030283,-25.692103],[-57.0302382,-25.6921323],[-57.0301854,-25.6921762],[-57.0301346,-25.6922055],[-57.0301142,-25.6922422],[-57.030098,-25.6923081],[-57.0300431,-25.6923704],[-57.0300024,-25.6924309],[-57.0299394,-25.6925389],[-57.0299089,-25.6926104],[-57.0298683,-25.6926562],[-57.0297829,-25.6927294],[-57.0297443,-25.6927734],[-57.0297544,-25.6928265],[-57.0297036,-25.692898],[-57.0296853,-25.6929401],[-57.0296589,-25.6929602],[-57.029667,-25.6930115],[-57.0296528,-25.6930555],[-57.0296589,-25.6931141],[-57.0297016,-25.6931654],[-57.0297118,-25.6932258],[-57.0297118,-25.6932826],[-57.0297036,-25.6933449],[-57.0297158,-25.6934182],[-57.0297443,-25.6935262],[-57.0297422,-25.6935739],[-57.0296996,-25.6937277],[-57.0296569,-25.693823],[-57.0295552,-25.6939274],[-57.0295024,-25.6940062],[-57.0294414,-25.6940703],[-57.0294028,-25.6941472],[-57.0293723,-25.6942205],[-57.0293235,-25.6942663],[-57.0292625,-25.6942956],[-57.0292158,-25.6943322],[-57.0291786,-25.6943836],[-57.0291548,-25.6944165],[-57.029108,-25.69453]]}},{"type":"Feature","properties":{"intermittent":"yes","waterway":"stream","audit_class":"stream","audit_color":"#3b82f6","feature_id":"lqv-wat-00308","category":"stream","source":"osm_waterway","class_label":"Stream (OSM waterway=stream)","color":"#7dd3fc","width":1.4,"draw_priority":4},"geometry":{"type":"LineString","coordinates":[[-57.0300594,-25.6912585],[-57.0300472,-25.6913208],[-57.0300187,-25.6914032],[-57.0300329,-25.6914618],[-57.0300451,-25.6915058],[-57.0300451,-25.6915388],[-57.0300248,-25.6915882],[-57.0300106,-25.691623],[-57.0300126,-25.6916725],[-57.0300004,-25.6917238],[-57.029976,-25.6917696],[-57.0299536,-25.691808],[-57.0299557,-25.6918575],[-57.0299984,-25.691907],[-57.0300004,-25.6919509],[-57.0300268,-25.692004],[-57.0300451,-25.6920627],[-57.0300533,-25.6921213],[-57.0300573,-25.6921707],[-57.0300675,-25.6922184],[-57.0301142,-25.6922422]]}},{"type":"Feature","properties":{"intermittent":"yes","waterway":"stream","audit_class":"stream","audit_color":"#3b82f6","feature_id":"lqv-wat-00309","category":"stream","source":"osm_waterway","class_label":"Stream (OSM waterway=stream)","color":"#7dd3fc","width":1.4,"draw_priority":4},"geometry":{"type":"LineString","coordinates":[[-57.0316891,-25.6853993],[-57.0318185,-25.685205],[-57.0318924,-25.6850689],[-57.0319294,-25.6849745],[-57.0319879,-25.6848884],[-57.0320619,-25.6847357],[-57.0321235,-25.6846052],[-57.032179,-25.684508],[-57.0323299,-25.6842942],[-57.0324008,-25.6841471],[-57.0324532,-25.6840638],[-57.0325055,-25.684011],[-57.0325518,-25.6839277],[-57.0325579,-25.6838222],[-57.0325641,-25.6837223]]}},{"type":"Feature","properties":{"intermittent":"yes","waterway":"stream","audit_class":"stream","audit_color":"#3b82f6","feature_id":"lqv-wat-00310","category":"stream","source":"osm_waterway","class_label":"Stream (OSM waterway=stream)","color":"#7dd3fc","width":1.4,"draw_priority":4},"geometry":{"type":"LineString","coordinates":[[-57.0385242,-25.6891688],[-57.0386628,-25.6892799],[-57.0387814,-25.6893826],[-57.0389047,-25.6894826],[-57.0390371,-25.6895589],[-57.0391635,-25.6896547],[-57.0392621,-25.6897199],[-57.0393144,-25.6898019],[-57.0393791,-25.6898935],[-57.0394485,-25.6899601],[-57.0395394,-25.689999],[-57.0397196,-25.6900615],[-57.0398321,-25.6901295],[-57.0399461,-25.6901878],[-57.0400616,-25.6902253],[-57.0401617,-25.6902766],[-57.0403296,-25.6903627],[-57.0404513,-25.6903974],[-57.0405931,-25.6903919],[-57.0407517,-25.6903558],[-57.0414743,-25.6900073],[-57.0438621,-25.6889037],[-57.0438775,-25.6888217],[-57.043899,-25.6887537],[-57.0439453,-25.6886843],[-57.0439838,-25.6885927],[-57.0439837,-25.6885549]]}},{"type":"Feature","properties":{"waterway":"stream","audit_class":"stream","audit_color":"#3b82f6","feature_id":"lqv-wat-00311","category":"stream","source":"osm_waterway","class_label":"Stream (OSM waterway=stream)","color":"#7dd3fc","width":1.4,"draw_priority":4},"geometry":{"type":"LineString","coordinates":[[-57.0210941,-25.6536972],[-57.0210971,-25.6536208],[-57.0211295,-25.6535236],[-57.0212057,-25.6534292],[-57.0212851,-25.6533535],[-57.0213536,-25.6532973],[-57.0213829,-25.6532327],[-57.02141,-25.6531358],[-57.0215333,-25.6528247],[-57.0215762,-25.6526579],[-57.0216338,-25.6525382],[-57.0216942,-25.6524125],[-57.0217197,-25.6522662],[-57.021725,-25.6520969],[-57.0216794,-25.6519821],[-57.0216258,-25.6519023],[-57.0216164,-25.6518588],[-57.0216526,-25.6517923],[-57.0217331,-25.6517524],[-57.0217894,-25.651698],[-57.0218444,-25.6516001],[-57.021839,-25.6515336],[-57.0217881,-25.6514647],[-57.0217881,-25.6513776],[-57.0218015,-25.6512773],[-57.0218149,-25.651183],[-57.0219047,-25.6511274],[-57.0219946,-25.65105],[-57.0220187,-25.650969],[-57.0219892,-25.6508699],[-57.0218189,-25.6507514],[-57.0216982,-25.6506486],[-57.0215386,-25.6504214],[-57.0214045,-25.6500817],[-57.0213764,-25.6499076],[-57.0213589,-25.6497214],[-57.0213521,-25.6495121],[-57.0213549,-25.6493986],[-57.0213857,-25.6492837],[-57.0213777,-25.6492003],[-57.0212771,-25.6490673],[-57.021206,-25.6489452],[-57.0211309,-25.6489053],[-57.0210625,-25.6488582],[-57.0210679,-25.6487748],[-57.0211819,-25.6487155],[-57.0213187,-25.6486636],[-57.0214126,-25.6485366],[-57.0214729,-25.6483698],[-57.0215266,-25.6481763],[-57.0215614,-25.6480579],[-57.0216701,-25.647833],[-57.0217277,-25.6477085],[-57.0217197,-25.6475682],[-57.0216888,-25.6473893]]}},{"type":"Feature","properties":{"waterway":"stream","audit_class":"stream","audit_color":"#3b82f6","feature_id":"lqv-wat-00312","category":"stream","source":"osm_waterway","class_label":"Stream (OSM waterway=stream)","color":"#7dd3fc","width":1.4,"draw_priority":4},"geometry":{"type":"LineString","coordinates":[[-57.0222469,-25.6656954],[-57.0221889,-25.6656652],[-57.0220822,-25.6656505],[-57.0220283,-25.6656102],[-57.0220141,-25.6655534],[-57.0219812,-25.665517],[-57.0219297,-25.6654838],[-57.0218495,-25.665449],[-57.0217915,-25.6653995]]}},{"type":"Feature","properties":{"waterway":"stream","audit_class":"stream","audit_color":"#3b82f6","feature_id":"lqv-wat-00313","category":"stream","source":"osm_waterway","class_label":"Stream (OSM waterway=stream)","color":"#7dd3fc","width":1.4,"draw_priority":4},"geometry":{"type":"LineString","coordinates":[[-57.0262501,-25.6635444],[-57.0263102,-25.6633435],[-57.0263244,-25.6630595],[-57.0263916,-25.6627948],[-57.0264872,-25.6626289],[-57.0264943,-25.6624789],[-57.0264447,-25.6623482],[-57.0263562,-25.6622875],[-57.0262359,-25.6622429],[-57.026112,-25.6622269],[-57.0260519,-25.662144],[-57.0260377,-25.6620004],[-57.0260448,-25.6617388],[-57.0260625,-25.66149],[-57.026066,-25.661187],[-57.0258961,-25.6609605],[-57.0258643,-25.6608137],[-57.0258431,-25.6606574],[-57.02579,-25.6605362],[-57.0258926,-25.6603735],[-57.0259174,-25.6601438],[-57.0257652,-25.6601055],[-57.0256307,-25.6600736],[-57.0254927,-25.6599875],[-57.0253688,-25.6598822],[-57.0252485,-25.6598248],[-57.0251352,-25.6597195],[-57.0251034,-25.6595983],[-57.0250397,-25.6594547],[-57.0249512,-25.6593718],[-57.0248733,-25.6593367],[-57.0246504,-25.6592537],[-57.0244734,-25.6591899],[-57.024254,-25.6591261],[-57.0240275,-25.6590049],[-57.0238788,-25.6588645],[-57.0237939,-25.6587529],[-57.0237054,-25.6586029],[-57.0236877,-25.6585136],[-57.0236742,-25.6583223],[-57.0236548,-25.6582728],[-57.0236477,-25.6581468],[-57.0236229,-25.6579506],[-57.0236707,-25.6578405],[-57.0236866,-25.6577002],[-57.0236636,-25.6575534],[-57.0235336,-25.6574898]]}},{"type":"Feature","properties":{"waterway":"stream","audit_class":"stream","audit_color":"#3b82f6","feature_id":"lqv-wat-00314","category":"stream","source":"osm_waterway","class_label":"Stream (OSM waterway=stream)","color":"#7dd3fc","width":1.4,"draw_priority":4},"geometry":{"type":"LineString","coordinates":[[-57.0235336,-25.6574898],[-57.0235168,-25.6574312],[-57.0235383,-25.6573451],[-57.0236647,-25.6573035],[-57.0237972,-25.6572674],[-57.0238957,-25.6571729],[-57.0239081,-25.6570396],[-57.023831,-25.6569258],[-57.023754,-25.6567897],[-57.0237263,-25.6566453],[-57.0237324,-25.6565397],[-57.0238126,-25.6563842],[-57.0238341,-25.6561953],[-57.0238557,-25.6561398],[-57.0238773,-25.6559982],[-57.0238095,-25.6559121],[-57.0236908,-25.6558431],[-57.0235869,-25.6557842],[-57.0233978,-25.6556074],[-57.0233009,-25.655499],[-57.0232542,-25.6554148],[-57.0231888,-25.6553232],[-57.0230195,-25.655138],[-57.0229168,-25.6550454],[-57.022751,-25.6549507],[-57.0226973,-25.6548539],[-57.0226809,-25.6547539],[-57.0226084,-25.6546216]]}},{"type":"Feature","properties":{"waterway":"stream","audit_class":"stream","audit_color":"#3b82f6","feature_id":"lqv-wat-00315","category":"stream","source":"osm_waterway","class_label":"Stream (OSM waterway=stream)","color":"#7dd3fc","width":1.4,"draw_priority":4},"geometry":{"type":"LineString","coordinates":[[-57.0282911,-25.6658537],[-57.0280833,-25.6658264],[-57.0279292,-25.6658601],[-57.0278311,-25.6660011],[-57.0277144,-25.6660558],[-57.0274949,-25.66606],[-57.0273034,-25.6659127],[-57.0270115,-25.6657738],[-57.0267383,-25.665759],[-57.0265562,-25.6657653],[-57.0263997,-25.6657317],[-57.0262947,-25.6656349],[-57.0262083,-25.6655549],[-57.0260448,-25.6654791],[-57.0260191,-25.6653844],[-57.0260285,-25.6652518],[-57.0259654,-25.6651382],[-57.025879,-25.6651003],[-57.025844,-25.6650982],[-57.0256781,-25.665135]]}},{"type":"Feature","properties":{"waterway":"stream","audit_class":"stream","audit_color":"#3b82f6","feature_id":"lqv-wat-00316","category":"stream","source":"osm_waterway","class_label":"Stream (OSM waterway=stream)","color":"#7dd3fc","width":1.4,"draw_priority":4},"geometry":{"type":"LineString","coordinates":[[-57.0222189,-25.6614287],[-57.0223357,-25.6614329],[-57.0224898,-25.6615087],[-57.0226906,-25.6616181],[-57.0228961,-25.6616855],[-57.0231763,-25.6617528],[-57.0234051,-25.6618244],[-57.0235826,-25.6619591],[-57.0236666,-25.6620938],[-57.0236526,-25.6622537],[-57.0235966,-25.6623969],[-57.0236013,-25.6624895],[-57.0237881,-25.6625863],[-57.0242597,-25.6625863],[-57.0245259,-25.6625147],[-57.0247734,-25.6622495],[-57.0251143,-25.6621359],[-57.0256654,-25.6619633],[-57.0259129,-25.661938],[-57.0260377,-25.6620004]]}},{"type":"Feature","properties":{"waterway":"stream","audit_class":"stream","audit_color":"#3b82f6","feature_id":"lqv-wat-00317","category":"stream","source":"osm_waterway","class_label":"Stream (OSM waterway=stream)","color":"#7dd3fc","width":1.4,"draw_priority":4},"geometry":{"type":"LineString","coordinates":[[-57.0074943,-25.6711258],[-57.0069345,-25.6714027],[-57.0067047,-25.6715729]]}},{"type":"Feature","properties":{"waterway":"stream","audit_class":"stream","audit_color":"#3b82f6","feature_id":"lqv-wat-00318","category":"stream","source":"osm_waterway","class_label":"Stream (OSM waterway=stream)","color":"#7dd3fc","width":1.4,"draw_priority":4},"geometry":{"type":"LineString","coordinates":[[-57.0099015,-25.6668553],[-57.01006,-25.6668535],[-57.0102796,-25.6669469],[-57.0105703,-25.6670019],[-57.0108162,-25.6670422],[-57.0110114,-25.6670165],[-57.0112187,-25.6670165],[-57.0113996,-25.6669872],[-57.0115155,-25.6669524],[-57.011611,-25.6669048],[-57.0117899,-25.6668187],[-57.0120521,-25.6666391]]}},{"type":"Feature","properties":{"layer":"-1","tunnel":"culvert","waterway":"stream","audit_class":"stream","audit_color":"#3b82f6","feature_id":"lqv-wat-00319","category":"stream","source":"osm_waterway","class_label":"Stream (OSM waterway=stream)","color":"#7dd3fc","width":1.4,"draw_priority":4},"geometry":{"type":"LineString","coordinates":[[-57.0120521,-25.6666391],[-57.0121497,-25.6665585]]}},{"type":"Feature","properties":{"waterway":"stream","audit_class":"stream","audit_color":"#3b82f6","feature_id":"lqv-wat-00320","category":"stream","source":"osm_waterway","class_label":"Stream (OSM waterway=stream)","color":"#7dd3fc","width":1.4,"draw_priority":4},"geometry":{"type":"LineString","coordinates":[[-57.0121497,-25.6665585],[-57.0126518,-25.6660858],[-57.0128673,-25.6657707],[-57.0130014,-25.6656681],[-57.0132555,-25.6655801],[-57.0134933,-25.6655288],[-57.0136986,-25.665527],[-57.0138999,-25.6656149],[-57.0140259,-25.6656259],[-57.0141865,-25.6655343],[-57.014339,-25.6654555],[-57.0144812,-25.6654097],[-57.0146479,-25.6653822],[-57.0147821,-25.6653786],[-57.0149081,-25.6653163],[-57.0150545,-25.6652155],[-57.0152618,-25.6651074],[-57.0153655,-25.6649883],[-57.0154712,-25.6648949],[-57.0156257,-25.6648692],[-57.0158025,-25.6648399],[-57.015957,-25.6648381],[-57.0161704,-25.6648014],[-57.0163493,-25.6648271],[-57.0165384,-25.6648656],[-57.016762,-25.6648766],[-57.0169734,-25.6648601],[-57.0171868,-25.6648857],[-57.0174389,-25.6649425],[-57.0175974,-25.664981],[-57.0178109,-25.6649993],[-57.0179918,-25.664981],[-57.0181442,-25.6648582],[-57.018256,-25.6647813],[-57.0184166,-25.6648161],[-57.0185284,-25.6649059],[-57.0186443,-25.6649535],[-57.0188577,-25.6649645],[-57.019002,-25.6649279],[-57.0190834,-25.6648656],[-57.0191952,-25.6648124],[-57.0192948,-25.6647923],[-57.0194432,-25.6647538],[-57.0195773,-25.6647062],[-57.019746,-25.6646127],[-57.0199452,-25.6645999],[-57.0201526,-25.6645999]]}},{"type":"Feature","properties":{"waterway":"stream","audit_class":"stream","audit_color":"#3b82f6","feature_id":"lqv-wat-00321","category":"stream","source":"osm_waterway","class_label":"Stream (OSM waterway=stream)","color":"#7dd3fc","width":1.4,"draw_priority":4},"geometry":{"type":"LineString","coordinates":[[-57.0109545,-25.6639715],[-57.0110317,-25.6639733],[-57.0110561,-25.663933],[-57.0111374,-25.6639293],[-57.0112167,-25.6639348],[-57.0112817,-25.6639531],[-57.0113488,-25.6639806],[-57.0113956,-25.6639898],[-57.0114281,-25.6640063],[-57.0114972,-25.6640191],[-57.01155,-25.6640191],[-57.0116029,-25.6640173],[-57.0117086,-25.6640173],[-57.0117696,-25.6640283],[-57.0117919,-25.6640851],[-57.0118387,-25.664129],[-57.0119586,-25.664239],[-57.0121029,-25.6642518],[-57.0121822,-25.664239],[-57.0123855,-25.6642884],[-57.0124668,-25.6643544],[-57.0125806,-25.6643984],[-57.0126437,-25.6644625],[-57.0127148,-25.6645504],[-57.0127697,-25.6645981],[-57.0128571,-25.6646439],[-57.0129425,-25.6646549],[-57.0129811,-25.6647062],[-57.0130136,-25.6647575],[-57.0130848,-25.6647721],[-57.0131579,-25.6647776],[-57.0132514,-25.6648308],[-57.013284,-25.6649022],[-57.0133368,-25.664948],[-57.0133714,-25.665003],[-57.0133632,-25.6650653],[-57.013351,-25.6651111],[-57.0133836,-25.6651679],[-57.0134649,-25.665254],[-57.0134893,-25.6654079],[-57.0134527,-25.6654812],[-57.0134933,-25.6655288]]}},{"type":"Feature","properties":{"layer":"-1","tunnel":"culvert","waterway":"stream","audit_class":"stream","audit_color":"#3b82f6","feature_id":"lqv-wat-00322","category":"stream","source":"osm_waterway","class_label":"Stream (OSM waterway=stream)","color":"#7dd3fc","width":1.4,"draw_priority":4},"geometry":{"type":"LineString","coordinates":[[-57.0131946,-25.6780162],[-57.0131092,-25.6780289]]}},{"type":"Feature","properties":{"waterway":"stream","audit_class":"stream","audit_color":"#3b82f6","feature_id":"lqv-wat-00323","category":"stream","source":"osm_waterway","class_label":"Stream (OSM waterway=stream)","color":"#7dd3fc","width":1.4,"draw_priority":4},"geometry":{"type":"LineString","coordinates":[[-57.0131092,-25.6780289],[-57.0127509,-25.6780457]]}},{"type":"Feature","properties":{"waterway":"stream","audit_class":"stream","audit_color":"#3b82f6","feature_id":"lqv-wat-00324","category":"stream","source":"osm_waterway","class_label":"Stream (OSM waterway=stream)","color":"#7dd3fc","width":1.4,"draw_priority":4},"geometry":{"type":"LineString","coordinates":[[-57.0134222,-25.6778657],[-57.0131946,-25.6780162]]}},{"type":"Feature","properties":{"waterway":"stream","audit_class":"stream","audit_color":"#3b82f6","feature_id":"lqv-wat-00325","category":"stream","source":"osm_waterway","class_label":"Stream (OSM waterway=stream)","color":"#7dd3fc","width":1.4,"draw_priority":4},"geometry":{"type":"LineString","coordinates":[[-57.0313116,-25.6468336],[-57.0314555,-25.647015]]}},{"type":"Feature","properties":{"waterway":"stream","audit_class":"stream","audit_color":"#3b82f6","feature_id":"lqv-wat-00326","category":"stream","source":"osm_waterway","class_label":"Stream (OSM waterway=stream)","color":"#7dd3fc","width":1.4,"draw_priority":4},"geometry":{"type":"LineString","coordinates":[[-57.0315346,-25.6470947],[-57.0316736,-25.6472515]]}},{"type":"Feature","properties":{"layer":"-1","tunnel":"culvert","waterway":"stream","audit_class":"stream","audit_color":"#3b82f6","feature_id":"lqv-wat-00327","category":"stream","source":"osm_waterway","class_label":"Stream (OSM waterway=stream)","color":"#7dd3fc","width":1.4,"draw_priority":4},"geometry":{"type":"LineString","coordinates":[[-57.0314555,-25.647015],[-57.0315346,-25.6470947]]}},{"type":"Feature","properties":{"waterway":"stream","audit_class":"stream","audit_color":"#3b82f6","feature_id":"lqv-wat-00328","category":"stream","source":"osm_waterway","class_label":"Stream (OSM waterway=stream)","color":"#7dd3fc","width":1.4,"draw_priority":4},"geometry":{"type":"LineString","coordinates":[[-57.0114094,-25.6554128],[-57.0115655,-25.6554602],[-57.0116353,-25.6554893],[-57.0116902,-25.6555316],[-57.0116902,-25.6556234],[-57.011709,-25.6557431],[-57.0117184,-25.6558011],[-57.0117358,-25.655887],[-57.0117157,-25.6559885],[-57.0117278,-25.6560731],[-57.0117881,-25.6561324],[-57.0118793,-25.6561747],[-57.011992,-25.656194],[-57.0120926,-25.6561928],[-57.0121583,-25.6561747],[-57.0122843,-25.6561215],[-57.012346,-25.6561118],[-57.0124386,-25.656217],[-57.0125077,-25.6563145],[-57.0125333,-25.6564387],[-57.012559,-25.6566492],[-57.012573,-25.6566934],[-57.0125975,-25.6567884],[-57.0126767,-25.6569383],[-57.0127142,-25.6569878],[-57.0127451,-25.6571099],[-57.0127451,-25.6572163],[-57.0128617,-25.6572357],[-57.0129999,-25.6572381],[-57.0131394,-25.6572671],[-57.0132426,-25.6573094],[-57.0133003,-25.6574061],[-57.0133714,-25.6574375],[-57.0136195,-25.6577637],[-57.0137611,-25.65777],[-57.013846,-25.657703],[-57.0139947,-25.6577062],[-57.0141486,-25.6577222],[-57.0142548,-25.6577605],[-57.0143822,-25.6578019],[-57.0144742,-25.6577828],[-57.0145733,-25.6577557],[-57.014722,-25.6577397],[-57.0148529,-25.6577477],[-57.0149273,-25.6577605],[-57.0150193,-25.6578035]]}},{"type":"Feature","properties":{"waterway":"stream","audit_class":"stream","audit_color":"#3b82f6","feature_id":"lqv-wat-00329","category":"stream","source":"osm_waterway","class_label":"Stream (OSM waterway=stream)","color":"#7dd3fc","width":1.4,"draw_priority":4},"geometry":{"type":"LineString","coordinates":[[-57.0109285,-25.6552668],[-57.0113405,-25.6553919]]}},{"type":"Feature","properties":{"layer":"-1","tunnel":"culvert","waterway":"stream","audit_class":"stream","audit_color":"#3b82f6","feature_id":"lqv-wat-00330","category":"stream","source":"osm_waterway","class_label":"Stream (OSM waterway=stream)","color":"#7dd3fc","width":1.4,"draw_priority":4},"geometry":{"type":"LineString","coordinates":[[-57.0113405,-25.6553919],[-57.0113733,-25.6554019],[-57.0114094,-25.6554128]]}},{"type":"Feature","properties":{"category":"rill","class":"rill","threshold_label":"main_rivers \u2265 500 cells","catchment_km2":0.94,"accumulation_cells":29,"vertex_count":3,"decimated":false,"source":"dem_streams","class_label":"Rill (< 1 km\u00b2, DEM)","color":"#93c5fd","width":1,"draw_priority":4,"feature_id":"lqv-wat-00331"},"geometry":{"type":"LineString","coordinates":[[-57.118098852185,-25.662520366335],[-57.118654407724996,-25.662520366335],[-57.119209963265,-25.661964810795]]}},{"type":"Feature","properties":{"category":"rill","class":"rill","threshold_label":"main_rivers \u2265 500 cells","catchment_km2":0.39,"accumulation_cells":12,"vertex_count":5,"decimated":false,"source":"dem_streams","class_label":"Rill (< 1 km\u00b2, DEM)","color":"#93c5fd","width":1,"draw_priority":4,"feature_id":"lqv-wat-00332"},"geometry":{"type":"LineString","coordinates":[[-57.054765520625,-25.631964811635],[-57.055321076165,-25.631964811635],[-57.055876631705,-25.631964811635],[-57.056432187245,-25.631964811635],[-57.056987742785,-25.631964811635]]}},{"type":"Feature","properties":{"category":"rill","class":"rill","threshold_label":"main_rivers \u2265 500 cells","catchment_km2":0.16,"accumulation_cells":5,"vertex_count":5,"decimated":false,"source":"dem_streams","class_label":"Rill (< 1 km\u00b2, DEM)","color":"#93c5fd","width":1,"draw_priority":4,"feature_id":"lqv-wat-00333"},"geometry":{"type":"LineString","coordinates":[[-57.033098854565,-25.688075921175],[-57.033654410105,-25.688631476715],[-57.034209965645,-25.688631476715],[-57.034765521185,-25.688075921175],[-57.035321076725,-25.688631476715]]}},{"type":"Feature","properties":{"category":"rill","class":"rill","threshold_label":"tributaries \u2265 200 cells","catchment_km2":0.16,"accumulation_cells":5,"vertex_count":6,"decimated":false,"source":"dem_streams","class_label":"Rill (< 1 km\u00b2, DEM)","color":"#93c5fd","width":1,"draw_priority":4,"feature_id":"lqv-wat-00334"},"geometry":{"type":"LineString","coordinates":[[-57.125321074205,-25.595853701535],[-57.125876629745,-25.596409257075],[-57.126432185285,-25.596964812615],[-57.126432185285,-25.597520368155],[-57.126987740825,-25.596964812615],[-57.127543296365,-25.596964812615]]}},{"type":"Feature","properties":{"category":"rill","class":"rill","threshold_label":"tributaries \u2265 200 cells","catchment_km2":0.65,"accumulation_cells":20,"vertex_count":3,"decimated":false,"source":"dem_streams","class_label":"Rill (< 1 km\u00b2, DEM)","color":"#93c5fd","width":1,"draw_priority":4,"feature_id":"lqv-wat-00335"},"geometry":{"type":"LineString","coordinates":[[-57.122543296505,-25.528075925655],[-57.123098852045,-25.528631481195],[-57.123654407585,-25.529187036735]]}},{"type":"Feature","properties":{"category":"rill","class":"rill","threshold_label":"tributaries \u2265 200 cells","catchment_km2":0.23,"accumulation_cells":7,"vertex_count":18,"decimated":false,"source":"dem_streams","class_label":"Rill (< 1 km\u00b2, DEM)","color":"#93c5fd","width":1,"draw_priority":4,"feature_id":"lqv-wat-00336"},"geometry":{"type":"LineString","coordinates":[[-57.119765518804996,-25.537520369835],[-57.120321074345,-25.537520369835],[-57.120876629885,-25.537520369835],[-57.121432185425,-25.538075925375],[-57.121987740965,-25.538075925375],[-57.122543296505,-25.538075925375],[-57.123098852045,-25.538631480915],[-57.123654407585,-25.539187036455],[-57.124209963125,-25.539187036455],[-57.124765518665,-25.539742591995],[-57.125321074205,-25.540298147535],[-57.125876629745,-25.540853703075],[-57.125876629745,-25.541409258615],[-57.126432185285,-25.541964814154998],[-57.126432185285,-25.542520369694998],[-57.126987740825,-25.543075925234998],[-57.127543296365,-25.543631480774998],[-57.128098851905,-25.543631480774998]]}},{"type":"Feature","properties":{"category":"rill","class":"rill","threshold_label":"tributaries \u2265 200 cells","catchment_km2":0.94,"accumulation_cells":29,"vertex_count":11,"decimated":false,"source":"dem_streams","class_label":"Rill (< 1 km\u00b2, DEM)","color":"#93c5fd","width":1,"draw_priority":4,"feature_id":"lqv-wat-00337"},"geometry":{"type":"LineString","coordinates":[[-57.114765518945,-25.665853699575],[-57.115321074485,-25.665298144035],[-57.115321074485,-25.664742588495],[-57.115321074485,-25.664187032955],[-57.115876630025,-25.663631477415],[-57.116432185565,-25.663631477415],[-57.116987741105,-25.663075921875],[-57.117543296645,-25.663075921875],[-57.118098852185,-25.662520366335],[-57.118654407724996,-25.662520366335],[-57.119209963265,-25.661964810795]]}},{"type":"Feature","properties":{"category":"rill","class":"rill","threshold_label":"tributaries \u2265 200 cells","catchment_km2":0.94,"accumulation_cells":29,"vertex_count":9,"decimated":false,"source":"dem_streams","class_label":"Rill (< 1 km\u00b2, DEM)","color":"#93c5fd","width":1,"draw_priority":4,"feature_id":"lqv-wat-00338"},"geometry":{"type":"LineString","coordinates":[[-57.112543296785,-25.640298144735],[-57.113098852325,-25.640853700275],[-57.113654407865,-25.640853700275],[-57.114209963405,-25.641409255815],[-57.114765518945,-25.641964811355],[-57.114765518945,-25.642520366895],[-57.115321074485,-25.643075922435],[-57.115876630025,-25.643631477975],[-57.116432185565,-25.643631477975]]}},{"type":"Feature","properties":{"category":"rill","class":"rill","threshold_label":"tributaries \u2265 200 cells","catchment_km2":0.19,"accumulation_cells":6,"vertex_count":7,"decimated":false,"source":"dem_streams","class_label":"Rill (< 1 km\u00b2, DEM)","color":"#93c5fd","width":1,"draw_priority":4,"feature_id":"lqv-wat-00339"},"geometry":{"type":"LineString","coordinates":[[-57.110876630165,-25.575853702095],[-57.111432185705,-25.575853702095],[-57.111987741245,-25.575853702095],[-57.112543296785,-25.575298146555],[-57.113098852325,-25.575298146555],[-57.113654407865,-25.575298146555],[-57.114209963405,-25.575298146555]]}},{"type":"Feature","properties":{"category":"rill","class":"rill","threshold_label":"tributaries \u2265 200 cells","catchment_km2":0.71,"accumulation_cells":22,"vertex_count":4,"decimated":false,"source":"dem_streams","class_label":"Rill (< 1 km\u00b2, DEM)","color":"#93c5fd","width":1,"draw_priority":4,"feature_id":"lqv-wat-00340"},"geometry":{"type":"LineString","coordinates":[[-57.106432185845,-25.609187034495],[-57.106987741385,-25.609187034495],[-57.107543296925,-25.609742590035],[-57.108098852465,-25.610298145575]]}},{"type":"Feature","properties":{"category":"rill","class":"rill","threshold_label":"tributaries \u2265 200 cells","catchment_km2":0.58,"accumulation_cells":18,"vertex_count":6,"decimated":false,"source":"dem_streams","class_label":"Rill (< 1 km\u00b2, DEM)","color":"#93c5fd","width":1,"draw_priority":4,"feature_id":"lqv-wat-00341"},"geometry":{"type":"LineString","coordinates":[[-57.104209963685,-25.628631478395],[-57.104765519225,-25.629187033935],[-57.105321074765,-25.629187033935],[-57.105876630305,-25.629742589475],[-57.106432185845,-25.629187033935],[-57.106987741385,-25.629742589475]]}},{"type":"Feature","properties":{"category":"rill","class":"rill","threshold_label":"tributaries \u2265 200 cells","catchment_km2":0.06,"accumulation_cells":2,"vertex_count":15,"decimated":false,"source":"dem_streams","class_label":"Rill (< 1 km\u00b2, DEM)","color":"#93c5fd","width":1,"draw_priority":4,"feature_id":"lqv-wat-00342"},"geometry":{"type":"LineString","coordinates":[[-57.102543297065,-25.529187036735],[-57.101987741525,-25.528631481195],[-57.101432185985,-25.528075925655],[-57.100876630445,-25.527520370115],[-57.100876630445,-25.526964814575],[-57.100321074905,-25.526409259035],[-57.100876630445,-25.525853703495],[-57.101432185985,-25.525298147955],[-57.100876630445,-25.524742592415],[-57.100876630445,-25.524187036875],[-57.100321074905,-25.523631481335],[-57.100321074905,-25.523075925795],[-57.099765519365,-25.522520370255],[-57.099765519365,-25.521964814715],[-57.099765519365,-25.521409259174998]]}},{"type":"Feature","properties":{"category":"rill","class":"rill","threshold_label":"tributaries \u2265 200 cells","catchment_km2":0.65,"accumulation_cells":20,"vertex_count":4,"decimated":false,"source":"dem_streams","class_label":"Rill (< 1 km\u00b2, DEM)","color":"#93c5fd","width":1,"draw_priority":4,"feature_id":"lqv-wat-00343"},"geometry":{"type":"LineString","coordinates":[[-57.093654408425,-25.591409257215],[-57.093654408425,-25.591964812755],[-57.093654408425,-25.592520368295],[-57.093654408425,-25.593075923835]]}},{"type":"Feature","properties":{"category":"rill","class":"rill","threshold_label":"tributaries \u2265 200 cells","catchment_km2":0.13,"accumulation_cells":4,"vertex_count":3,"decimated":false,"source":"dem_streams","class_label":"Rill (< 1 km\u00b2, DEM)","color":"#93c5fd","width":1,"draw_priority":4,"feature_id":"lqv-wat-00344"},"geometry":{"type":"LineString","coordinates":[[-57.084765519785,-25.576964813175],[-57.085321075325,-25.576964813175],[-57.085876630865,-25.577520368715]]}},{"type":"Feature","properties":{"category":"rill","class":"rill","threshold_label":"tributaries \u2265 200 cells","catchment_km2":0.52,"accumulation_cells":16,"vertex_count":18,"decimated":false,"source":"dem_streams","class_label":"Rill (< 1 km\u00b2, DEM)","color":"#93c5fd","width":1,"draw_priority":4,"feature_id":"lqv-wat-00345"},"geometry":{"type":"LineString","coordinates":[[-57.069209964665,-25.550298147255],[-57.069765520205,-25.549742591715],[-57.070321075745,-25.549187036175],[-57.070321075745,-25.548631480635],[-57.070876631285,-25.548075925095],[-57.070876631285,-25.547520369555],[-57.071432186825,-25.546964814015],[-57.071432186825,-25.546409258475],[-57.071987742365,-25.545853702935],[-57.072543297905,-25.545298147395],[-57.073098853444996,-25.544742591854998],[-57.073654408985,-25.544187036314998],[-57.074209964525,-25.543631480774998],[-57.074765520065,-25.543631480774998],[-57.075321075605,-25.543075925234998],[-57.075321075605,-25.542520369694998],[-57.075876631145,-25.541964814154998],[-57.076432186685,-25.541964814154998]]}},{"type":"Feature","properties":{"category":"rill","class":"rill","threshold_label":"tributaries \u2265 200 cells","catchment_km2":0.23,"accumulation_cells":7,"vertex_count":6,"decimated":false,"source":"dem_streams","class_label":"Rill (< 1 km\u00b2, DEM)","color":"#93c5fd","width":1,"draw_priority":4,"feature_id":"lqv-wat-00346"},"geometry":{"type":"LineString","coordinates":[[-57.063098853725,-25.539187036455],[-57.063654409265,-25.538631480915],[-57.064209964805,-25.538631480915],[-57.064765520345,-25.538631480915],[-57.064765520345,-25.538075925375],[-57.064765520345,-25.537520369835]]}},{"type":"Feature","properties":{"category":"rill","class":"rill","threshold_label":"tributaries \u2265 200 cells","catchment_km2":0.29,"accumulation_cells":9,"vertex_count":4,"decimated":false,"source":"dem_streams","class_label":"Rill (< 1 km\u00b2, DEM)","color":"#93c5fd","width":1,"draw_priority":4,"feature_id":"lqv-wat-00347"},"geometry":{"type":"LineString","coordinates":[[-57.062543298185,-25.549742591715],[-57.062543298185,-25.549187036175],[-57.063098853725,-25.548631480635],[-57.063098853725,-25.548075925095]]}},{"type":"Feature","properties":{"category":"rill","class":"rill","threshold_label":"tributaries \u2265 200 cells","catchment_km2":0.16,"accumulation_cells":5,"vertex_count":5,"decimated":false,"source":"dem_streams","class_label":"Rill (< 1 km\u00b2, DEM)","color":"#93c5fd","width":1,"draw_priority":4,"feature_id":"lqv-wat-00348"},"geometry":{"type":"LineString","coordinates":[[-57.058654409405,-25.585853701815],[-57.059209964945,-25.586409257355],[-57.059765520485,-25.586409257355],[-57.060321076025,-25.586409257355],[-57.060876631565,-25.586964812895]]}},{"type":"Feature","properties":{"category":"rill","class":"rill","threshold_label":"tributaries \u2265 200 cells","catchment_km2":0.39,"accumulation_cells":12,"vertex_count":8,"decimated":false,"source":"dem_streams","class_label":"Rill (< 1 km\u00b2, DEM)","color":"#93c5fd","width":1,"draw_priority":4,"feature_id":"lqv-wat-00349"},"geometry":{"type":"LineString","coordinates":[[-57.053098854005,-25.632520367175],[-57.053654409545,-25.631964811635],[-57.054209965085,-25.631964811635],[-57.054765520625,-25.631964811635],[-57.055321076165,-25.631964811635],[-57.055876631705,-25.631964811635],[-57.056432187245,-25.631964811635],[-57.056987742785,-25.631964811635]]}},{"type":"Feature","properties":{"category":"rill","class":"rill","threshold_label":"tributaries \u2265 200 cells","catchment_km2":0.13,"accumulation_cells":4,"vertex_count":5,"decimated":false,"source":"dem_streams","class_label":"Rill (< 1 km\u00b2, DEM)","color":"#93c5fd","width":1,"draw_priority":4,"feature_id":"lqv-wat-00350"},"geometry":{"type":"LineString","coordinates":[[-57.041987743205,-25.672520366055],[-57.042543298745,-25.673075921595],[-57.042543298745,-25.673631477135],[-57.043098854285,-25.674187032675],[-57.043098854285,-25.674742588215]]}},{"type":"Feature","properties":{"category":"rill","class":"rill","threshold_label":"tributaries \u2265 200 cells","catchment_km2":0.1,"accumulation_cells":3,"vertex_count":3,"decimated":false,"source":"dem_streams","class_label":"Rill (< 1 km\u00b2, DEM)","color":"#93c5fd","width":1,"draw_priority":4,"feature_id":"lqv-wat-00351"},"geometry":{"type":"LineString","coordinates":[[-57.041432187665,-25.582520368575],[-57.040876632125,-25.581964813035],[-57.040321076585,-25.581409257495]]}},{"type":"Feature","properties":{"category":"rill","class":"rill","threshold_label":"tributaries \u2265 200 cells","catchment_km2":0.36,"accumulation_cells":11,"vertex_count":12,"decimated":false,"source":"dem_streams","class_label":"Rill (< 1 km\u00b2, DEM)","color":"#93c5fd","width":1,"draw_priority":4,"feature_id":"lqv-wat-00352"},"geometry":{"type":"LineString","coordinates":[[-57.040321076585,-25.651409255535],[-57.040876632125,-25.651409255535],[-57.041432187665,-25.651964811075],[-57.041987743205,-25.651964811075],[-57.042543298745,-25.652520366615],[-57.043098854285,-25.653075922155],[-57.043654409825,-25.653631477695],[-57.044209965365,-25.654187033235],[-57.044765520905,-25.654742588775],[-57.045321076445,-25.655298144315],[-57.045321076445,-25.655853699855],[-57.045321076445,-25.656409255395]]}},{"type":"Feature","properties":{"category":"rill","class":"rill","threshold_label":"tributaries \u2265 200 cells","catchment_km2":0.29,"accumulation_cells":9,"vertex_count":15,"decimated":false,"source":"dem_streams","class_label":"Rill (< 1 km\u00b2, DEM)","color":"#93c5fd","width":1,"draw_priority":4,"feature_id":"lqv-wat-00353"},"geometry":{"type":"LineString","coordinates":[[-57.039209965505,-25.680298143614998],[-57.039765521045,-25.680853699154998],[-57.040321076585,-25.681409254694998],[-57.040876632125,-25.681409254694998],[-57.041432187665,-25.681964810234998],[-57.041987743205,-25.682520365774998],[-57.041987743205,-25.683075921314998],[-57.042543298745,-25.683075921314998],[-57.043098854285,-25.683631476855],[-57.043098854285,-25.684187032395],[-57.043098854285,-25.684742587935],[-57.043098854285,-25.685298143475],[-57.043098854285,-25.685853699015],[-57.043098854285,-25.686409254555],[-57.043654409825,-25.686964810095]]}},{"type":"Feature","properties":{"category":"rill","class":"rill","threshold_label":"tributaries \u2265 200 cells","catchment_km2":0.19,"accumulation_cells":6,"vertex_count":18,"decimated":false,"source":"dem_streams","class_label":"Rill (< 1 km\u00b2, DEM)","color":"#93c5fd","width":1,"draw_priority":4,"feature_id":"lqv-wat-00354"},"geometry":{"type":"LineString","coordinates":[[-57.038654409965,-25.660853699715],[-57.039209965505,-25.660853699715],[-57.039765521045,-25.660853699715],[-57.040321076585,-25.660853699715],[-57.040876632125,-25.660298144174998],[-57.041432187665,-25.660298144174998],[-57.041987743205,-25.660298144174998],[-57.042543298745,-25.660298144174998],[-57.043098854285,-25.660298144174998],[-57.043654409825,-25.659742588634998],[-57.044209965365,-25.659742588634998],[-57.044765520905,-25.659742588634998],[-57.045321076445,-25.659187033094998],[-57.045321076445,-25.658631477554998],[-57.045876631985,-25.658075922014998],[-57.046432187525,-25.657520366474998],[-57.046987743065,-25.656964810934998],[-57.047543298605,-25.657520366474998]]}},{"type":"Feature","properties":{"category":"rill","class":"rill","threshold_label":"tributaries \u2265 200 cells","catchment_km2":0.52,"accumulation_cells":16,"vertex_count":6,"decimated":false,"source":"dem_streams","class_label":"Rill (< 1 km\u00b2, DEM)","color":"#93c5fd","width":1,"draw_priority":4,"feature_id":"lqv-wat-00356"},"geometry":{"type":"LineString","coordinates":[[-57.032543299025,-25.594742590455],[-57.031987743485,-25.594187034915],[-57.031432187945,-25.593631479375],[-57.031432187945,-25.593075923835],[-57.030876632405,-25.592520368295],[-57.030321076865,-25.591964812755]]}},{"type":"Feature","properties":{"category":"rill","class":"rill","threshold_label":"tributaries \u2265 200 cells","catchment_km2":0.52,"accumulation_cells":16,"vertex_count":6,"decimated":false,"source":"dem_streams","class_label":"Rill (< 1 km\u00b2, DEM)","color":"#93c5fd","width":1,"draw_priority":4,"feature_id":"lqv-wat-00357"},"geometry":{"type":"LineString","coordinates":[[-57.031987743485,-25.650298144455],[-57.032543299025,-25.650298144455],[-57.033098854565,-25.650298144455],[-57.033654410105,-25.650853699995],[-57.034209965645,-25.651409255535],[-57.034765521185,-25.651409255535]]}},{"type":"Feature","properties":{"category":"rill","class":"rill","threshold_label":"tributaries \u2265 200 cells","catchment_km2":0.16,"accumulation_cells":5,"vertex_count":17,"decimated":false,"source":"dem_streams","class_label":"Rill (< 1 km\u00b2, DEM)","color":"#93c5fd","width":1,"draw_priority":4,"feature_id":"lqv-wat-00358"},"geometry":{"type":"LineString","coordinates":[[-57.027543299164996,-25.684187032395],[-57.028098854705,-25.684742587935],[-57.028654410245,-25.684742587935],[-57.028654410245,-25.685298143475],[-57.029209965785,-25.685853699015],[-57.029765521325,-25.685853699015],[-57.030321076865,-25.686409254555],[-57.030876632405,-25.686409254555],[-57.031432187945,-25.686409254555],[-57.031987743485,-25.686964810095],[-57.032543299025,-25.686964810095],[-57.033098854565,-25.687520365635],[-57.033098854565,-25.688075921175],[-57.033654410105,-25.688631476715],[-57.034209965645,-25.688631476715],[-57.034765521185,-25.688075921175],[-57.035321076725,-25.688631476715]]}},{"type":"Feature","properties":{"category":"rill","class":"rill","threshold_label":"tributaries \u2265 200 cells","catchment_km2":0.39,"accumulation_cells":12,"vertex_count":8,"decimated":false,"source":"dem_streams","class_label":"Rill (< 1 km\u00b2, DEM)","color":"#93c5fd","width":1,"draw_priority":4,"feature_id":"lqv-wat-00359"},"geometry":{"type":"LineString","coordinates":[[-57.019765521605,-25.683075921314998],[-57.020321077145,-25.683075921314998],[-57.020876632685,-25.683075921314998],[-57.021432188225,-25.683631476855],[-57.021987743765,-25.683631476855],[-57.022543299305,-25.683631476855],[-57.023098854845,-25.683631476855],[-57.023654410385,-25.683075921314998]]}},{"type":"Feature","properties":{"category":"rill","class":"rill","threshold_label":"tributaries \u2265 200 cells","catchment_km2":0.06,"accumulation_cells":2,"vertex_count":5,"decimated":false,"source":"dem_streams","class_label":"Rill (< 1 km\u00b2, DEM)","color":"#93c5fd","width":1,"draw_priority":4,"feature_id":"lqv-wat-00360"},"geometry":{"type":"LineString","coordinates":[[-57.016432188365,-25.630853700555],[-57.016987743905,-25.630298145015],[-57.016432188365,-25.629742589475],[-57.015876632825,-25.629187033935],[-57.015876632825,-25.628631478395]]}},{"type":"Feature","properties":{"category":"rill","class":"rill","threshold_label":"tributaries \u2265 200 cells","catchment_km2":0.26,"accumulation_cells":8,"vertex_count":13,"decimated":false,"source":"dem_streams","class_label":"Rill (< 1 km\u00b2, DEM)","color":"#93c5fd","width":1,"draw_priority":4,"feature_id":"lqv-wat-00361"},"geometry":{"type":"LineString","coordinates":[[-57.012543299585,-25.659187033094998],[-57.011987744045,-25.658631477554998],[-57.011987744045,-25.658075922014998],[-57.011432188505,-25.657520366474998],[-57.011432188505,-25.656964810934998],[-57.010876632965,-25.656409255395],[-57.010321077425,-25.655853699855],[-57.009765521885,-25.655853699855],[-57.009209966345,-25.655853699855],[-57.008654410805,-25.655853699855],[-57.008098855265,-25.655298144315],[-57.007543299725,-25.655298144315],[-57.006987744185,-25.655298144315]]}},{"type":"Feature","properties":{"category":"rill","class":"rill","threshold_label":"tributaries \u2265 200 cells","catchment_km2":0.45,"accumulation_cells":14,"vertex_count":14,"decimated":false,"source":"dem_streams","class_label":"Rill (< 1 km\u00b2, DEM)","color":"#93c5fd","width":1,"draw_priority":4,"feature_id":"lqv-wat-00364"},"geometry":{"type":"LineString","coordinates":[[-57.001987744325,-25.681964810234998],[-57.001432188785,-25.681409254694998],[-57.000876633245,-25.680853699154998],[-57.000321077705,-25.680298143614998],[-56.999765522165,-25.679742588075],[-56.999209966625,-25.679187032535],[-56.999209966625,-25.678631476995],[-56.998654411085,-25.678075921455],[-56.998654411085,-25.677520365915],[-56.998098855545,-25.676964810375],[-56.997543300005,-25.676964810375],[-56.996987744465,-25.676409254835],[-56.996987744465,-25.675853699295],[-56.996987744465,-25.675298143755]]}},{"type":"Feature","properties":{"category":"rill","class":"rill","threshold_label":"tributaries \u2265 200 cells","catchment_km2":0.16,"accumulation_cells":5,"vertex_count":3,"decimated":false,"source":"dem_streams","class_label":"Rill (< 1 km\u00b2, DEM)","color":"#93c5fd","width":1,"draw_priority":4,"feature_id":"lqv-wat-00365"},"geometry":{"type":"LineString","coordinates":[[-56.991432189065,-25.638631478115],[-56.991432189065,-25.638075922575],[-56.990876633525,-25.637520367035]]}},{"type":"Feature","properties":{"category":"rill","class":"rill","threshold_label":"tributaries \u2265 200 cells","catchment_km2":0.06,"accumulation_cells":2,"vertex_count":5,"decimated":false,"source":"dem_streams","class_label":"Rill (< 1 km\u00b2, DEM)","color":"#93c5fd","width":1,"draw_priority":4,"feature_id":"lqv-wat-00366"},"geometry":{"type":"LineString","coordinates":[[-56.971987745165,-25.656409255395],[-56.971432189625,-25.655853699855],[-56.971432189625,-25.655298144315],[-56.971432189625,-25.654742588775],[-56.971432189625,-25.654187033235]]}},{"type":"Feature","properties":{"category":"rill","class":"rill","threshold_label":"tributaries \u2265 200 cells","catchment_km2":0.32,"accumulation_cells":10,"vertex_count":3,"decimated":false,"source":"dem_streams","class_label":"Rill (< 1 km\u00b2, DEM)","color":"#93c5fd","width":1,"draw_priority":4,"feature_id":"lqv-wat-00367"},"geometry":{"type":"LineString","coordinates":[[-56.964765523145,-25.656964810934998],[-56.965321078685,-25.656409255395],[-56.965876634225,-25.656964810934998]]}},{"type":"Feature","properties":{"category":"rill","class":"rill","threshold_label":"tributaries \u2265 200 cells","catchment_km2":0.29,"accumulation_cells":9,"vertex_count":12,"decimated":false,"source":"dem_streams","class_label":"Rill (< 1 km\u00b2, DEM)","color":"#93c5fd","width":1,"draw_priority":4,"feature_id":"lqv-wat-00368"},"geometry":{"type":"LineString","coordinates":[[-56.956987745584996,-25.599742590315],[-56.956432190045,-25.599187034775],[-56.955876634505,-25.598631479235],[-56.955321078965,-25.598075923695],[-56.954765523425,-25.597520368155],[-56.954765523425,-25.596964812615],[-56.954765523425,-25.596409257075],[-56.954765523425,-25.595853701535],[-56.955321078965,-25.595298145995],[-56.955321078965,-25.594742590455],[-56.955321078965,-25.594187034915],[-56.954765523425,-25.593631479375]]}},{"type":"Feature","properties":{"category":"rill","class":"rill","threshold_label":"headwaters \u2265 80 cells","catchment_km2":0.29,"accumulation_cells":9,"vertex_count":4,"decimated":false,"source":"dem_streams","class_label":"Rill (< 1 km\u00b2, DEM)","color":"#93c5fd","width":1,"draw_priority":4,"feature_id":"lqv-wat-00369"},"geometry":{"type":"LineString","coordinates":[[-57.125321074205,-25.530298147815],[-57.125876629745,-25.530853703355],[-57.126432185285,-25.531409258895],[-57.126432185285,-25.531964814435]]}},{"type":"Feature","properties":{"category":"rill","class":"rill","threshold_label":"headwaters \u2265 80 cells","catchment_km2":0.13,"accumulation_cells":4,"vertex_count":3,"decimated":false,"source":"dem_streams","class_label":"Rill (< 1 km\u00b2, DEM)","color":"#93c5fd","width":1,"draw_priority":4,"feature_id":"lqv-wat-00370"},"geometry":{"type":"LineString","coordinates":[[-57.123654407585,-25.591964812755],[-57.124209963125,-25.592520368295],[-57.124765518665,-25.593075923835]]}},{"type":"Feature","properties":{"category":"rill","class":"rill","threshold_label":"headwaters \u2265 80 cells","catchment_km2":0.16,"accumulation_cells":5,"vertex_count":12,"decimated":false,"source":"dem_streams","class_label":"Rill (< 1 km\u00b2, DEM)","color":"#93c5fd","width":1,"draw_priority":4,"feature_id":"lqv-wat-00371"},"geometry":{"type":"LineString","coordinates":[[-57.122543296505,-25.595298145995],[-57.123098852045,-25.594742590455],[-57.123654407585,-25.594742590455],[-57.124209963125,-25.594742590455],[-57.124765518665,-25.594742590455],[-57.125321074205,-25.595298145995],[-57.125321074205,-25.595853701535],[-57.125876629745,-25.596409257075],[-57.126432185285,-25.596964812615],[-57.126432185285,-25.597520368155],[-57.126987740825,-25.596964812615],[-57.127543296365,-25.596964812615]]}},{"type":"Feature","properties":{"category":"rill","class":"rill","threshold_label":"headwaters \u2265 80 cells","catchment_km2":0.65,"accumulation_cells":20,"vertex_count":5,"decimated":false,"source":"dem_streams","class_label":"Rill (< 1 km\u00b2, DEM)","color":"#93c5fd","width":1,"draw_priority":4,"feature_id":"lqv-wat-00372"},"geometry":{"type":"LineString","coordinates":[[-57.121432185425,-25.529187036735],[-57.121987740965,-25.528631481195],[-57.122543296505,-25.528075925655],[-57.123098852045,-25.528631481195],[-57.123654407585,-25.529187036735]]}},{"type":"Feature","properties":{"category":"rill","class":"rill","threshold_label":"headwaters \u2265 80 cells","catchment_km2":0.49,"accumulation_cells":15,"vertex_count":9,"decimated":false,"source":"dem_streams","class_label":"Rill (< 1 km\u00b2, DEM)","color":"#93c5fd","width":1,"draw_priority":4,"feature_id":"lqv-wat-00373"},"geometry":{"type":"LineString","coordinates":[[-57.121432185425,-25.550853702795],[-57.121987740965,-25.551409258335],[-57.122543296505,-25.551409258335],[-57.123098852045,-25.551409258335],[-57.123654407585,-25.551409258335],[-57.124209963125,-25.551964813875],[-57.124765518665,-25.552520369415],[-57.125321074205,-25.553075924955],[-57.125876629745,-25.553631480495]]}},{"type":"Feature","properties":{"category":"rill","class":"rill","threshold_label":"headwaters \u2265 80 cells","catchment_km2":0.23,"accumulation_cells":7,"vertex_count":6,"decimated":true,"source":"dem_streams","class_label":"Rill (< 1 km\u00b2, DEM)","color":"#93c5fd","width":1,"draw_priority":4,"feature_id":"lqv-wat-00374"},"geometry":{"type":"LineString","coordinates":[[-57.116432185565,-25.536409258755],[-57.119209963265,-25.537520369835],[-57.121987740965,-25.538075925375],[-57.124765518665,-25.539742591995],[-57.126432185285,-25.542520369694998],[-57.128098851905,-25.543631480774998]]}},{"type":"Feature","properties":{"category":"rill","class":"rill","threshold_label":"headwaters \u2265 80 cells","catchment_km2":0.94,"accumulation_cells":29,"vertex_count":8,"decimated":false,"source":"dem_streams","class_label":"Rill (< 1 km\u00b2, DEM)","color":"#93c5fd","width":1,"draw_priority":4,"feature_id":"lqv-wat-00375"},"geometry":{"type":"LineString","coordinates":[[-57.115321074485,-25.663631477415],[-57.115876630025,-25.663631477415],[-57.116432185565,-25.663631477415],[-57.116987741105,-25.663075921875],[-57.117543296645,-25.663075921875],[-57.118098852185,-25.662520366335],[-57.118654407724996,-25.662520366335],[-57.119209963265,-25.661964810795]]}},{"type":"Feature","properties":{"category":"rill","class":"rill","threshold_label":"headwaters \u2265 80 cells","catchment_km2":0.91,"accumulation_cells":28,"vertex_count":7,"decimated":false,"source":"dem_streams","class_label":"Rill (< 1 km\u00b2, DEM)","color":"#93c5fd","width":1,"draw_priority":4,"feature_id":"lqv-wat-00376"},"geometry":{"type":"LineString","coordinates":[[-57.114765518945,-25.684187032395],[-57.114765518945,-25.684742587935],[-57.115321074485,-25.685298143475],[-57.115321074485,-25.685853699015],[-57.115321074485,-25.686409254555],[-57.115321074485,-25.686964810095],[-57.115876630025,-25.687520365635]]}},{"type":"Feature","properties":{"category":"rill","class":"rill","threshold_label":"headwaters \u2265 80 cells","catchment_km2":0.45,"accumulation_cells":14,"vertex_count":5,"decimated":false,"source":"dem_streams","class_label":"Rill (< 1 km\u00b2, DEM)","color":"#93c5fd","width":1,"draw_priority":4,"feature_id":"lqv-wat-00377"},"geometry":{"type":"LineString","coordinates":[[-57.114209963405,-25.619742589755],[-57.114765518945,-25.619742589755],[-57.114765518945,-25.620298145295],[-57.115321074485,-25.620853700835],[-57.115876630025,-25.621409256375]]}},{"type":"Feature","properties":{"category":"rill","class":"rill","threshold_label":"headwaters \u2265 80 cells","catchment_km2":0.36,"accumulation_cells":11,"vertex_count":4,"decimated":false,"source":"dem_streams","class_label":"Rill (< 1 km\u00b2, DEM)","color":"#93c5fd","width":1,"draw_priority":4,"feature_id":"lqv-wat-00378"},"geometry":{"type":"LineString","coordinates":[[-57.110876630165,-25.599742590315],[-57.111432185705,-25.600298145855],[-57.111432185705,-25.600853701395],[-57.111432185705,-25.601409256935]]}},{"type":"Feature","properties":{"category":"rill","class":"rill","threshold_label":"headwaters \u2265 80 cells","catchment_km2":0.19,"accumulation_cells":6,"vertex_count":9,"decimated":false,"source":"dem_streams","class_label":"Rill (< 1 km\u00b2, DEM)","color":"#93c5fd","width":1,"draw_priority":4,"feature_id":"lqv-wat-00379"},"geometry":{"type":"LineString","coordinates":[[-57.109765519085,-25.575298146555],[-57.110321074625,-25.575853702095],[-57.110876630165,-25.575853702095],[-57.111432185705,-25.575853702095],[-57.111987741245,-25.575853702095],[-57.112543296785,-25.575298146555],[-57.113098852325,-25.575298146555],[-57.113654407865,-25.575298146555],[-57.114209963405,-25.575298146555]]}},{"type":"Feature","properties":{"category":"rill","class":"rill","threshold_label":"headwaters \u2265 80 cells","catchment_km2":0.06,"accumulation_cells":2,"vertex_count":8,"decimated":false,"source":"dem_streams","class_label":"Rill (< 1 km\u00b2, DEM)","color":"#93c5fd","width":1,"draw_priority":4,"feature_id":"lqv-wat-00380"},"geometry":{"type":"LineString","coordinates":[[-57.108654408005,-25.580298146415],[-57.109209963545,-25.579742590875],[-57.109765519085,-25.579742590875],[-57.110321074625,-25.579187035335],[-57.110321074625,-25.578631479795],[-57.110321074625,-25.578075924255],[-57.110321074625,-25.577520368715],[-57.110876630165,-25.576964813175]]}},{"type":"Feature","properties":{"category":"rill","class":"rill","threshold_label":"headwaters \u2265 80 cells","catchment_km2":0.94,"accumulation_cells":29,"vertex_count":16,"decimated":false,"source":"dem_streams","class_label":"Rill (< 1 km\u00b2, DEM)","color":"#93c5fd","width":1,"draw_priority":4,"feature_id":"lqv-wat-00381"},"geometry":{"type":"LineString","coordinates":[[-57.108098852465,-25.643075922435],[-57.108654408005,-25.642520366895],[-57.109209963545,-25.642520366895],[-57.109765519085,-25.642520366895],[-57.110321074625,-25.641964811355],[-57.110876630165,-25.641409255815],[-57.111432185705,-25.641409255815],[-57.111987741245,-25.641409255815],[-57.112543296785,-25.641409255815],[-57.113098852325,-25.641409255815],[-57.113654407865,-25.641409255815],[-57.114209963405,-25.641964811355],[-57.114765518945,-25.642520366895],[-57.115321074485,-25.643075922435],[-57.115876630025,-25.643631477975],[-57.116432185565,-25.643631477975]]}},{"type":"Feature","properties":{"category":"rill","class":"rill","threshold_label":"headwaters \u2265 80 cells","catchment_km2":0.71,"accumulation_cells":22,"vertex_count":6,"decimated":false,"source":"dem_streams","class_label":"Rill (< 1 km\u00b2, DEM)","color":"#93c5fd","width":1,"draw_priority":4,"feature_id":"lqv-wat-00382"},"geometry":{"type":"LineString","coordinates":[[-57.105321074765,-25.608075923415],[-57.105876630305,-25.608631478955],[-57.106432185845,-25.609187034495],[-57.106987741385,-25.609187034495],[-57.107543296925,-25.609742590035],[-57.108098852465,-25.610298145575]]}},{"type":"Feature","properties":{"category":"rill","class":"rill","threshold_label":"headwaters \u2265 80 cells","catchment_km2":0.58,"accumulation_cells":18,"vertex_count":7,"decimated":false,"source":"dem_streams","class_label":"Rill (< 1 km\u00b2, DEM)","color":"#93c5fd","width":1,"draw_priority":4,"feature_id":"lqv-wat-00383"},"geometry":{"type":"LineString","coordinates":[[-57.104209963685,-25.628075922855],[-57.104209963685,-25.628631478395],[-57.104765519225,-25.629187033935],[-57.105321074765,-25.629187033935],[-57.105876630305,-25.629742589475],[-57.106432185845,-25.629187033935],[-57.106987741385,-25.629742589475]]}},{"type":"Feature","properties":{"category":"rill","class":"rill","threshold_label":"headwaters \u2265 80 cells","catchment_km2":0.06,"accumulation_cells":2,"vertex_count":6,"decimated":true,"source":"dem_streams","class_label":"Rill (< 1 km\u00b2, DEM)","color":"#93c5fd","width":1,"draw_priority":4,"feature_id":"lqv-wat-00384"},"geometry":{"type":"LineString","coordinates":[[-57.103654408145,-25.533631481055],[-57.102543297065,-25.530853703355],[-57.101432185985,-25.528075925655],[-57.101432185985,-25.525298147955],[-57.099765519365,-25.522520370255],[-57.099765519365,-25.521409259174998]]}},{"type":"Feature","properties":{"category":"rill","class":"rill","threshold_label":"headwaters \u2265 80 cells","catchment_km2":0.87,"accumulation_cells":27,"vertex_count":8,"decimated":false,"source":"dem_streams","class_label":"Rill (< 1 km\u00b2, DEM)","color":"#93c5fd","width":1,"draw_priority":4,"feature_id":"lqv-wat-00385"},"geometry":{"type":"LineString","coordinates":[[-57.103654408145,-25.590853701674998],[-57.103654408145,-25.591409257215],[-57.103654408145,-25.591964812755],[-57.104209963685,-25.592520368295],[-57.104765519225,-25.593075923835],[-57.104765519225,-25.593631479375],[-57.105321074765,-25.594187034915],[-57.105876630305,-25.594742590455]]}},{"type":"Feature","properties":{"category":"rill","class":"rill","threshold_label":"headwaters \u2265 80 cells","catchment_km2":0.1,"accumulation_cells":3,"vertex_count":5,"decimated":false,"source":"dem_streams","class_label":"Rill (< 1 km\u00b2, DEM)","color":"#93c5fd","width":1,"draw_priority":4,"feature_id":"lqv-wat-00386"},"geometry":{"type":"LineString","coordinates":[[-57.096987741665,-25.549187036175],[-57.097543297205,-25.549187036175],[-57.098098852745,-25.548631480635],[-57.098654408285,-25.548631480635],[-57.099209963825,-25.548631480635]]}},{"type":"Feature","properties":{"category":"rill","class":"rill","threshold_label":"headwaters \u2265 80 cells","catchment_km2":0.49,"accumulation_cells":15,"vertex_count":5,"decimated":false,"source":"dem_streams","class_label":"Rill (< 1 km\u00b2, DEM)","color":"#93c5fd","width":1,"draw_priority":4,"feature_id":"lqv-wat-00387"},"geometry":{"type":"LineString","coordinates":[[-57.096432186125,-25.608075923415],[-57.096987741665,-25.608631478955],[-57.097543297205,-25.609187034495],[-57.098098852745,-25.609187034495],[-57.098654408285,-25.609187034495]]}},{"type":"Feature","properties":{"category":"rill","class":"rill","threshold_label":"headwaters \u2265 80 cells","catchment_km2":0.13,"accumulation_cells":4,"vertex_count":13,"decimated":false,"source":"dem_streams","class_label":"Rill (< 1 km\u00b2, DEM)","color":"#93c5fd","width":1,"draw_priority":4,"feature_id":"lqv-wat-00388"},"geometry":{"type":"LineString","coordinates":[[-57.093654408425,-25.544742591854998],[-57.093098852885,-25.544187036314998],[-57.093098852885,-25.543631480774998],[-57.093098852885,-25.543075925234998],[-57.093098852885,-25.542520369694998],[-57.092543297345,-25.541964814154998],[-57.091987741805,-25.541409258615],[-57.091987741805,-25.540853703075],[-57.091432186265,-25.540298147535],[-57.090876630725,-25.539742591995],[-57.090876630725,-25.539187036455],[-57.090876630725,-25.538631480915],[-57.090321075185,-25.538075925375]]}},{"type":"Feature","properties":{"category":"rill","class":"rill","threshold_label":"headwaters \u2265 80 cells","catchment_km2":0.65,"accumulation_cells":20,"vertex_count":11,"decimated":false,"source":"dem_streams","class_label":"Rill (< 1 km\u00b2, DEM)","color":"#93c5fd","width":1,"draw_priority":4,"feature_id":"lqv-wat-00389"},"geometry":{"type":"LineString","coordinates":[[-57.091432186265,-25.588631479514998],[-57.091987741805,-25.588631479514998],[-57.092543297345,-25.588631479514998],[-57.092543297345,-25.589187035054998],[-57.093098852885,-25.589742590594998],[-57.093654408425,-25.590298146134998],[-57.093654408425,-25.590853701674998],[-57.093654408425,-25.591409257215],[-57.093654408425,-25.591964812755],[-57.093654408425,-25.592520368295],[-57.093654408425,-25.593075923835]]}},{"type":"Feature","properties":{"category":"rill","class":"rill","threshold_label":"headwaters \u2265 80 cells","catchment_km2":0.62,"accumulation_cells":19,"vertex_count":5,"decimated":false,"source":"dem_streams","class_label":"Rill (< 1 km\u00b2, DEM)","color":"#93c5fd","width":1,"draw_priority":4,"feature_id":"lqv-wat-00390"},"geometry":{"type":"LineString","coordinates":[[-57.090876630725,-25.566409257914998],[-57.091432186265,-25.566964813454998],[-57.091987741805,-25.566964813454998],[-57.092543297345,-25.567520368994998],[-57.092543297345,-25.568075924534998]]}},{"type":"Feature","properties":{"category":"rill","class":"rill","threshold_label":"headwaters \u2265 80 cells","catchment_km2":0.39,"accumulation_cells":12,"vertex_count":6,"decimated":false,"source":"dem_streams","class_label":"Rill (< 1 km\u00b2, DEM)","color":"#93c5fd","width":1,"draw_priority":4,"feature_id":"lqv-wat-00391"},"geometry":{"type":"LineString","coordinates":[[-57.089765519645,-25.522520370255],[-57.089209964105,-25.521964814715],[-57.089209964105,-25.521409259174998],[-57.088654408565,-25.520853703634998],[-57.089209964105,-25.520298148094998],[-57.088654408565,-25.519742592554998]]}},{"type":"Feature","properties":{"category":"rill","class":"rill","threshold_label":"headwaters \u2265 80 cells","catchment_km2":0.45,"accumulation_cells":14,"vertex_count":3,"decimated":false,"source":"dem_streams","class_label":"Rill (< 1 km\u00b2, DEM)","color":"#93c5fd","width":1,"draw_priority":4,"feature_id":"lqv-wat-00392"},"geometry":{"type":"LineString","coordinates":[[-57.089765519645,-25.651409255535],[-57.090321075185,-25.651964811075],[-57.090321075185,-25.652520366615]]}},{"type":"Feature","properties":{"category":"rill","class":"rill","threshold_label":"headwaters \u2265 80 cells","catchment_km2":0.1,"accumulation_cells":3,"vertex_count":12,"decimated":false,"source":"dem_streams","class_label":"Rill (< 1 km\u00b2, DEM)","color":"#93c5fd","width":1,"draw_priority":4,"feature_id":"lqv-wat-00393"},"geometry":{"type":"LineString","coordinates":[[-57.086432186405,-25.654187033235],[-57.086987741945,-25.654742588775],[-57.087543297485,-25.654742588775],[-57.088098853025,-25.654742588775],[-57.088098853025,-25.655298144315],[-57.088654408565,-25.655853699855],[-57.089209964105,-25.656409255395],[-57.089209964105,-25.656964810934998],[-57.089765519645,-25.657520366474998],[-57.090321075185,-25.657520366474998],[-57.090876630725,-25.658075922014998],[-57.091432186265,-25.658631477554998]]}},{"type":"Feature","properties":{"category":"rill","class":"rill","threshold_label":"headwaters \u2265 80 cells","catchment_km2":0.32,"accumulation_cells":10,"vertex_count":3,"decimated":false,"source":"dem_streams","class_label":"Rill (< 1 km\u00b2, DEM)","color":"#93c5fd","width":1,"draw_priority":4,"feature_id":"lqv-wat-00394"},"geometry":{"type":"LineString","coordinates":[[-57.084765519785,-25.604187034635],[-57.085321075325,-25.604742590175],[-57.085876630865,-25.604742590175]]}},{"type":"Feature","properties":{"category":"rill","class":"rill","threshold_label":"headwaters \u2265 80 cells","catchment_km2":0.13,"accumulation_cells":4,"vertex_count":5,"decimated":false,"source":"dem_streams","class_label":"Rill (< 1 km\u00b2, DEM)","color":"#93c5fd","width":1,"draw_priority":4,"feature_id":"lqv-wat-00395"},"geometry":{"type":"LineString","coordinates":[[-57.083654408705,-25.576409257635],[-57.084209964245,-25.576409257635],[-57.084765519785,-25.576964813175],[-57.085321075325,-25.576964813175],[-57.085876630865,-25.577520368715]]}},{"type":"Feature","properties":{"category":"rill","class":"rill","threshold_label":"headwaters \u2265 80 cells","catchment_km2":0.32,"accumulation_cells":10,"vertex_count":3,"decimated":false,"source":"dem_streams","class_label":"Rill (< 1 km\u00b2, DEM)","color":"#93c5fd","width":1,"draw_priority":4,"feature_id":"lqv-wat-00397"},"geometry":{"type":"LineString","coordinates":[[-57.079209964385,-25.683631476855],[-57.079209964385,-25.684187032395],[-57.079765519925,-25.684742587935]]}},{"type":"Feature","properties":{"category":"rill","class":"rill","threshold_label":"headwaters \u2265 80 cells","catchment_km2":0.13,"accumulation_cells":4,"vertex_count":3,"decimated":false,"source":"dem_streams","class_label":"Rill (< 1 km\u00b2, DEM)","color":"#93c5fd","width":1,"draw_priority":4,"feature_id":"lqv-wat-00398"},"geometry":{"type":"LineString","coordinates":[[-57.078098853305,-25.608075923415],[-57.078654408845,-25.608631478955],[-57.079209964385,-25.608631478955]]}},{"type":"Feature","properties":{"category":"rill","class":"rill","threshold_label":"headwaters \u2265 80 cells","catchment_km2":0.19,"accumulation_cells":6,"vertex_count":5,"decimated":false,"source":"dem_streams","class_label":"Rill (< 1 km\u00b2, DEM)","color":"#93c5fd","width":1,"draw_priority":4,"feature_id":"lqv-wat-00399"},"geometry":{"type":"LineString","coordinates":[[-57.073654408985,-25.610853701114998],[-57.074209964525,-25.610853701114998],[-57.074765520065,-25.610853701114998],[-57.075321075605,-25.610853701114998],[-57.075876631145,-25.611409256654998]]}},{"type":"Feature","properties":{"category":"rill","class":"rill","threshold_label":"headwaters \u2265 80 cells","catchment_km2":0.29,"accumulation_cells":9,"vertex_count":3,"decimated":false,"source":"dem_streams","class_label":"Rill (< 1 km\u00b2, DEM)","color":"#93c5fd","width":1,"draw_priority":4,"feature_id":"lqv-wat-00400"},"geometry":{"type":"LineString","coordinates":[[-57.068654409125,-25.694742587655],[-57.068654409125,-25.695298143195],[-57.069209964665,-25.695853698735]]}},{"type":"Feature","properties":{"category":"rill","class":"rill","threshold_label":"headwaters \u2265 80 cells","catchment_km2":0.23,"accumulation_cells":7,"vertex_count":5,"decimated":false,"source":"dem_streams","class_label":"Rill (< 1 km\u00b2, DEM)","color":"#93c5fd","width":1,"draw_priority":4,"feature_id":"lqv-wat-00401"},"geometry":{"type":"LineString","coordinates":[[-57.067543298045,-25.576964813175],[-57.067543298045,-25.577520368715],[-57.067543298045,-25.578075924255],[-57.067543298045,-25.578631479795],[-57.068098853585,-25.579187035335]]}},{"type":"Feature","properties":{"category":"rill","class":"rill","threshold_label":"headwaters \u2265 80 cells","catchment_km2":0.36,"accumulation_cells":11,"vertex_count":6,"decimated":false,"source":"dem_streams","class_label":"Rill (< 1 km\u00b2, DEM)","color":"#93c5fd","width":1,"draw_priority":4,"feature_id":"lqv-wat-00402"},"geometry":{"type":"LineString","coordinates":[[-57.067543298045,-25.661409255255],[-57.067543298045,-25.661964810795],[-57.068098853585,-25.662520366335],[-57.068098853585,-25.663075921875],[-57.068098853585,-25.663631477415],[-57.068098853585,-25.664187032955]]}},{"type":"Feature","properties":{"category":"rill","class":"rill","threshold_label":"headwaters \u2265 80 cells","catchment_km2":0.52,"accumulation_cells":16,"vertex_count":6,"decimated":true,"source":"dem_streams","class_label":"Rill (< 1 km\u00b2, DEM)","color":"#93c5fd","width":1,"draw_priority":4,"feature_id":"lqv-wat-00403"},"geometry":{"type":"LineString","coordinates":[[-57.066987742505,-25.553631480495],[-57.068654409125,-25.550853702795],[-57.070876631285,-25.548075925095],[-57.072543297905,-25.545298147395],[-57.075321075605,-25.543075925234998],[-57.076432186685,-25.541964814154998]]}},{"type":"Feature","properties":{"category":"rill","class":"rill","threshold_label":"headwaters \u2265 80 cells","catchment_km2":0.23,"accumulation_cells":7,"vertex_count":4,"decimated":false,"source":"dem_streams","class_label":"Rill (< 1 km\u00b2, DEM)","color":"#93c5fd","width":1,"draw_priority":4,"feature_id":"lqv-wat-00404"},"geometry":{"type":"LineString","coordinates":[[-57.065321075885,-25.538631480915],[-57.064765520345,-25.538631480915],[-57.064765520345,-25.538075925375],[-57.064765520345,-25.537520369835]]}},{"type":"Feature","properties":{"category":"rill","class":"rill","threshold_label":"headwaters \u2265 80 cells","catchment_km2":0.19,"accumulation_cells":6,"vertex_count":3,"decimated":false,"source":"dem_streams","class_label":"Rill (< 1 km\u00b2, DEM)","color":"#93c5fd","width":1,"draw_priority":4,"feature_id":"lqv-wat-00405"},"geometry":{"type":"LineString","coordinates":[[-57.064765520345,-25.558075924815],[-57.065321075885,-25.557520369275],[-57.065321075885,-25.556964813735]]}},{"type":"Feature","properties":{"category":"rill","class":"rill","threshold_label":"headwaters \u2265 80 cells","catchment_km2":0.29,"accumulation_cells":9,"vertex_count":8,"decimated":false,"source":"dem_streams","class_label":"Rill (< 1 km\u00b2, DEM)","color":"#93c5fd","width":1,"draw_priority":4,"feature_id":"lqv-wat-00406"},"geometry":{"type":"LineString","coordinates":[[-57.060876631565,-25.551964813875],[-57.061432187105,-25.551409258335],[-57.061987742645,-25.550853702795],[-57.061987742645,-25.550298147255],[-57.062543298185,-25.549742591715],[-57.062543298185,-25.549187036175],[-57.063098853725,-25.548631480635],[-57.063098853725,-25.548075925095]]}},{"type":"Feature","properties":{"category":"rill","class":"rill","threshold_label":"headwaters \u2265 80 cells","catchment_km2":0.16,"accumulation_cells":5,"vertex_count":4,"decimated":false,"source":"dem_streams","class_label":"Rill (< 1 km\u00b2, DEM)","color":"#93c5fd","width":1,"draw_priority":4,"feature_id":"lqv-wat-00407"},"geometry":{"type":"LineString","coordinates":[[-57.060876631565,-25.678075921455],[-57.061432187105,-25.678075921455],[-57.061987742645,-25.678075921455],[-57.062543298185,-25.678631476995]]}},{"type":"Feature","properties":{"category":"rill","class":"rill","threshold_label":"headwaters \u2265 80 cells","catchment_km2":0.16,"accumulation_cells":5,"vertex_count":6,"decimated":false,"source":"dem_streams","class_label":"Rill (< 1 km\u00b2, DEM)","color":"#93c5fd","width":1,"draw_priority":4,"feature_id":"lqv-wat-00408"},"geometry":{"type":"LineString","coordinates":[[-57.058098853865,-25.585853701815],[-57.058654409405,-25.585853701815],[-57.059209964945,-25.586409257355],[-57.059765520485,-25.586409257355],[-57.060321076025,-25.586409257355],[-57.060876631565,-25.586964812895]]}},{"type":"Feature","properties":{"category":"rill","class":"rill","threshold_label":"headwaters \u2265 80 cells","catchment_km2":0.65,"accumulation_cells":20,"vertex_count":7,"decimated":false,"source":"dem_streams","class_label":"Rill (< 1 km\u00b2, DEM)","color":"#93c5fd","width":1,"draw_priority":4,"feature_id":"lqv-wat-00409"},"geometry":{"type":"LineString","coordinates":[[-57.056432187245,-25.531964814435],[-57.056987742785,-25.531409258895],[-57.057543298325,-25.530853703355],[-57.058098853865,-25.530298147815],[-57.058098853865,-25.529742592275],[-57.058654409405,-25.529187036735],[-57.059209964945,-25.529742592275]]}},{"type":"Feature","properties":{"category":"rill","class":"rill","threshold_label":"headwaters \u2265 80 cells","catchment_km2":0.39,"accumulation_cells":12,"vertex_count":8,"decimated":false,"source":"dem_streams","class_label":"Rill (< 1 km\u00b2, DEM)","color":"#93c5fd","width":1,"draw_priority":4,"feature_id":"lqv-wat-00410"},"geometry":{"type":"LineString","coordinates":[[-57.056432187245,-25.643075922435],[-57.056987742785,-25.642520366895],[-57.057543298325,-25.641964811355],[-57.058098853865,-25.641964811355],[-57.058654409405,-25.641964811355],[-57.059209964945,-25.641964811355],[-57.059765520485,-25.641964811355],[-57.060321076025,-25.641409255815]]}},{"type":"Feature","properties":{"category":"rill","class":"rill","threshold_label":"headwaters \u2265 80 cells","catchment_km2":0.39,"accumulation_cells":12,"vertex_count":14,"decimated":false,"source":"dem_streams","class_label":"Rill (< 1 km\u00b2, DEM)","color":"#93c5fd","width":1,"draw_priority":4,"feature_id":"lqv-wat-00411"},"geometry":{"type":"LineString","coordinates":[[-57.050876631845,-25.635298144874998],[-57.051432187385,-25.634742589334998],[-57.051987742925,-25.634742589334998],[-57.052543298465,-25.634187033794998],[-57.053098854005,-25.633631478255],[-57.053098854005,-25.633075922715],[-57.053098854005,-25.632520367175],[-57.053654409545,-25.631964811635],[-57.054209965085,-25.631964811635],[-57.054765520625,-25.631964811635],[-57.055321076165,-25.631964811635],[-57.055876631705,-25.631964811635],[-57.056432187245,-25.631964811635],[-57.056987742785,-25.631964811635]]}},{"type":"Feature","properties":{"category":"rill","class":"rill","threshold_label":"headwaters \u2265 80 cells","catchment_km2":0.58,"accumulation_cells":18,"vertex_count":3,"decimated":false,"source":"dem_streams","class_label":"Rill (< 1 km\u00b2, DEM)","color":"#93c5fd","width":1,"draw_priority":4,"feature_id":"lqv-wat-00413"},"geometry":{"type":"LineString","coordinates":[[-57.048654409685,-25.658631477554998],[-57.049209965225,-25.659187033094998],[-57.049765520765,-25.659742588634998]]}},{"type":"Feature","properties":{"category":"rill","class":"rill","threshold_label":"headwaters \u2265 80 cells","catchment_km2":0.81,"accumulation_cells":25,"vertex_count":6,"decimated":false,"source":"dem_streams","class_label":"Rill (< 1 km\u00b2, DEM)","color":"#93c5fd","width":1,"draw_priority":4,"feature_id":"lqv-wat-00414"},"geometry":{"type":"LineString","coordinates":[[-57.045876631985,-25.690853698875],[-57.046432187525,-25.691409254415],[-57.046432187525,-25.691964809955],[-57.046432187525,-25.692520365495],[-57.046432187525,-25.693075921035],[-57.046987743065,-25.693631476575]]}},{"type":"Feature","properties":{"category":"rill","class":"rill","threshold_label":"headwaters \u2265 80 cells","catchment_km2":0.1,"accumulation_cells":3,"vertex_count":6,"decimated":false,"source":"dem_streams","class_label":"Rill (< 1 km\u00b2, DEM)","color":"#93c5fd","width":1,"draw_priority":4,"feature_id":"lqv-wat-00416"},"geometry":{"type":"LineString","coordinates":[[-57.043098854285,-25.583631479655],[-57.042543298745,-25.583075924115],[-57.041987743205,-25.582520368575],[-57.041432187665,-25.582520368575],[-57.040876632125,-25.581964813035],[-57.040321076585,-25.581409257495]]}},{"type":"Feature","properties":{"category":"rill","class":"rill","threshold_label":"headwaters \u2265 80 cells","catchment_km2":0.1,"accumulation_cells":3,"vertex_count":4,"decimated":false,"source":"dem_streams","class_label":"Rill (< 1 km\u00b2, DEM)","color":"#93c5fd","width":1,"draw_priority":4,"feature_id":"lqv-wat-00417"},"geometry":{"type":"LineString","coordinates":[[-57.040876632125,-25.563631480215],[-57.040321076585,-25.563631480215],[-57.039765521045,-25.563075924675],[-57.039765521045,-25.562520369135]]}},{"type":"Feature","properties":{"category":"rill","class":"rill","threshold_label":"headwaters \u2265 80 cells","catchment_km2":0.13,"accumulation_cells":4,"vertex_count":11,"decimated":false,"source":"dem_streams","class_label":"Rill (< 1 km\u00b2, DEM)","color":"#93c5fd","width":1,"draw_priority":4,"feature_id":"lqv-wat-00418"},"geometry":{"type":"LineString","coordinates":[[-57.039209965505,-25.669742588355],[-57.039765521045,-25.669742588355],[-57.040321076585,-25.670298143895],[-57.040321076585,-25.670853699435],[-57.040876632125,-25.671409254975],[-57.041432187665,-25.671964810515],[-57.041987743205,-25.672520366055],[-57.042543298745,-25.673075921595],[-57.042543298745,-25.673631477135],[-57.043098854285,-25.674187032675],[-57.043098854285,-25.674742588215]]}},{"type":"Feature","properties":{"category":"rill","class":"rill","threshold_label":"headwaters \u2265 80 cells","catchment_km2":0.52,"accumulation_cells":16,"vertex_count":13,"decimated":false,"source":"dem_streams","class_label":"Rill (< 1 km\u00b2, DEM)","color":"#93c5fd","width":1,"draw_priority":4,"feature_id":"lqv-wat-00419"},"geometry":{"type":"LineString","coordinates":[[-57.036432187805,-25.596409257075],[-57.035876632265,-25.595853701535],[-57.035321076725,-25.595298145995],[-57.034765521185,-25.595298145995],[-57.034209965645,-25.595298145995],[-57.033654410105,-25.595298145995],[-57.033098854565,-25.595298145995],[-57.032543299025,-25.594742590455],[-57.031987743485,-25.594187034915],[-57.031432187945,-25.593631479375],[-57.031432187945,-25.593075923835],[-57.030876632405,-25.592520368295],[-57.030321076865,-25.591964812755]]}},{"type":"Feature","properties":{"category":"rill","class":"rill","threshold_label":"headwaters \u2265 80 cells","catchment_km2":0.19,"accumulation_cells":6,"vertex_count":6,"decimated":true,"source":"dem_streams","class_label":"Rill (< 1 km\u00b2, DEM)","color":"#93c5fd","width":1,"draw_priority":4,"feature_id":"lqv-wat-00420"},"geometry":{"type":"LineString","coordinates":[[-57.036432187805,-25.661409255255],[-57.039209965505,-25.660853699715],[-57.041987743205,-25.660298144174998],[-57.044765520905,-25.659742588634998],[-57.046987743065,-25.656964810934998],[-57.047543298605,-25.657520366474998]]}},{"type":"Feature","properties":{"category":"rill","class":"rill","threshold_label":"headwaters \u2265 80 cells","catchment_km2":0.36,"accumulation_cells":11,"vertex_count":6,"decimated":true,"source":"dem_streams","class_label":"Rill (< 1 km\u00b2, DEM)","color":"#93c5fd","width":1,"draw_priority":4,"feature_id":"lqv-wat-00421"},"geometry":{"type":"LineString","coordinates":[[-57.035321076725,-25.651964811075],[-57.037543298885,-25.651409255535],[-57.040321076585,-25.651409255535],[-57.043098854285,-25.653075922155],[-57.045321076445,-25.655853699855],[-57.045321076445,-25.656409255395]]}},{"type":"Feature","properties":{"category":"rill","class":"rill","threshold_label":"headwaters \u2265 80 cells","catchment_km2":0.29,"accumulation_cells":9,"vertex_count":6,"decimated":true,"source":"dem_streams","class_label":"Rill (< 1 km\u00b2, DEM)","color":"#93c5fd","width":1,"draw_priority":4,"feature_id":"lqv-wat-00422"},"geometry":{"type":"LineString","coordinates":[[-57.034209965645,-25.675298143755],[-57.036432187805,-25.677520365915],[-57.039209965505,-25.680298143614998],[-57.041987743205,-25.682520365774998],[-57.043098854285,-25.684742587935],[-57.043654409825,-25.686964810095]]}},{"type":"Feature","properties":{"category":"rill","class":"rill","threshold_label":"headwaters \u2265 80 cells","catchment_km2":0.52,"accumulation_cells":16,"vertex_count":12,"decimated":false,"source":"dem_streams","class_label":"Rill (< 1 km\u00b2, DEM)","color":"#93c5fd","width":1,"draw_priority":4,"feature_id":"lqv-wat-00424"},"geometry":{"type":"LineString","coordinates":[[-57.028654410245,-25.650298144455],[-57.029209965785,-25.650853699995],[-57.029765521325,-25.650853699995],[-57.030321076865,-25.650298144455],[-57.030876632405,-25.650298144455],[-57.031432187945,-25.650853699995],[-57.031987743485,-25.650298144455],[-57.032543299025,-25.650298144455],[-57.033098854565,-25.650298144455],[-57.033654410105,-25.650853699995],[-57.034209965645,-25.651409255535],[-57.034765521185,-25.651409255535]]}},{"type":"Feature","properties":{"category":"rill","class":"rill","threshold_label":"headwaters \u2265 80 cells","catchment_km2":0.16,"accumulation_cells":5,"vertex_count":15,"decimated":false,"source":"dem_streams","class_label":"Rill (< 1 km\u00b2, DEM)","color":"#93c5fd","width":1,"draw_priority":4,"feature_id":"lqv-wat-00425"},"geometry":{"type":"LineString","coordinates":[[-57.028098854705,-25.687520365635],[-57.028654410245,-25.686964810095],[-57.029209965785,-25.686409254555],[-57.029765521325,-25.686409254555],[-57.030321076865,-25.686409254555],[-57.030876632405,-25.686409254555],[-57.031432187945,-25.686409254555],[-57.031987743485,-25.686964810095],[-57.032543299025,-25.686964810095],[-57.033098854565,-25.687520365635],[-57.033098854565,-25.688075921175],[-57.033654410105,-25.688631476715],[-57.034209965645,-25.688631476715],[-57.034765521185,-25.688075921175],[-57.035321076725,-25.688631476715]]}},{"type":"Feature","properties":{"category":"rill","class":"rill","threshold_label":"headwaters \u2265 80 cells","catchment_km2":0.32,"accumulation_cells":10,"vertex_count":3,"decimated":false,"source":"dem_streams","class_label":"Rill (< 1 km\u00b2, DEM)","color":"#93c5fd","width":1,"draw_priority":4,"feature_id":"lqv-wat-00426"},"geometry":{"type":"LineString","coordinates":[[-57.023098854845,-25.625298145155],[-57.023654410385,-25.624742589615],[-57.023654410385,-25.624187034075]]}},{"type":"Feature","properties":{"category":"rill","class":"rill","threshold_label":"headwaters \u2265 80 cells","catchment_km2":0.06,"accumulation_cells":2,"vertex_count":15,"decimated":false,"source":"dem_streams","class_label":"Rill (< 1 km\u00b2, DEM)","color":"#93c5fd","width":1,"draw_priority":4,"feature_id":"lqv-wat-00427"},"geometry":{"type":"LineString","coordinates":[[-57.020876632685,-25.634187033794998],[-57.020321077145,-25.634187033794998],[-57.019765521605,-25.634187033794998],[-57.019209966065,-25.634187033794998],[-57.018654410525,-25.633631478255],[-57.018098854985,-25.633631478255],[-57.017543299445,-25.633075922715],[-57.016987743905,-25.632520367175],[-57.017543299445,-25.631964811635],[-57.016987743905,-25.631409256095],[-57.016432188365,-25.630853700555],[-57.016987743905,-25.630298145015],[-57.016432188365,-25.629742589475],[-57.015876632825,-25.629187033935],[-57.015876632825,-25.628631478395]]}},{"type":"Feature","properties":{"category":"rill","class":"rill","threshold_label":"headwaters \u2265 80 cells","catchment_km2":0.26,"accumulation_cells":8,"vertex_count":6,"decimated":true,"source":"dem_streams","class_label":"Rill (< 1 km\u00b2, DEM)","color":"#93c5fd","width":1,"draw_priority":4,"feature_id":"lqv-wat-00428"},"geometry":{"type":"LineString","coordinates":[[-57.018654410525,-25.661964810795],[-57.015876632825,-25.660853699715],[-57.013098855125,-25.659187033094998],[-57.011432188505,-25.656964810934998],[-57.008654410805,-25.655853699855],[-57.006987744185,-25.655298144315]]}},{"type":"Feature","properties":{"category":"rill","class":"rill","threshold_label":"headwaters \u2265 80 cells","catchment_km2":0.39,"accumulation_cells":12,"vertex_count":15,"decimated":false,"source":"dem_streams","class_label":"Rill (< 1 km\u00b2, DEM)","color":"#93c5fd","width":1,"draw_priority":4,"feature_id":"lqv-wat-00429"},"geometry":{"type":"LineString","coordinates":[[-57.015876632825,-25.682520365774998],[-57.016432188365,-25.683075921314998],[-57.016987743905,-25.683075921314998],[-57.017543299445,-25.683075921314998],[-57.018098854985,-25.683075921314998],[-57.018654410525,-25.683075921314998],[-57.019209966065,-25.683075921314998],[-57.019765521605,-25.683075921314998],[-57.020321077145,-25.683075921314998],[-57.020876632685,-25.683075921314998],[-57.021432188225,-25.683631476855],[-57.021987743765,-25.683631476855],[-57.022543299305,-25.683631476855],[-57.023098854845,-25.683631476855],[-57.023654410385,-25.683075921314998]]}},{"type":"Feature","properties":{"category":"rill","class":"rill","threshold_label":"headwaters \u2265 80 cells","catchment_km2":0.16,"accumulation_cells":5,"vertex_count":9,"decimated":false,"source":"dem_streams","class_label":"Rill (< 1 km\u00b2, DEM)","color":"#93c5fd","width":1,"draw_priority":4,"feature_id":"lqv-wat-00431"},"geometry":{"type":"LineString","coordinates":[[-57.010876632965,-25.525298147955],[-57.010321077425,-25.524742592415],[-57.009765521885,-25.524742592415],[-57.009209966345,-25.524187036875],[-57.008654410805,-25.523631481335],[-57.008098855265,-25.523075925795],[-57.008098855265,-25.522520370255],[-57.007543299725,-25.521964814715],[-57.007543299725,-25.521409259174998]]}},{"type":"Feature","properties":{"category":"rill","class":"rill","threshold_label":"headwaters \u2265 80 cells","catchment_km2":0.19,"accumulation_cells":6,"vertex_count":3,"decimated":false,"source":"dem_streams","class_label":"Rill (< 1 km\u00b2, DEM)","color":"#93c5fd","width":1,"draw_priority":4,"feature_id":"lqv-wat-00433"},"geometry":{"type":"LineString","coordinates":[[-57.005876633105,-25.538075925375],[-57.006432188645,-25.537520369835],[-57.006432188645,-25.536964814295]]}},{"type":"Feature","properties":{"category":"rill","class":"rill","threshold_label":"headwaters \u2265 80 cells","catchment_km2":0.45,"accumulation_cells":14,"vertex_count":17,"decimated":false,"source":"dem_streams","class_label":"Rill (< 1 km\u00b2, DEM)","color":"#93c5fd","width":1,"draw_priority":4,"feature_id":"lqv-wat-00434"},"geometry":{"type":"LineString","coordinates":[[-57.004209966485,-25.682520365774998],[-57.003654410944996,-25.681964810234998],[-57.003098855405,-25.681409254694998],[-57.002543299865,-25.680853699154998],[-57.001987744325,-25.680853699154998],[-57.001432188785,-25.680298143614998],[-57.000876633245,-25.679742588075],[-57.000321077705,-25.679742588075],[-56.999765522165,-25.679187032535],[-56.999209966625,-25.678631476995],[-56.998654411085,-25.678075921455],[-56.998654411085,-25.677520365915],[-56.998098855545,-25.676964810375],[-56.997543300005,-25.676964810375],[-56.996987744465,-25.676409254835],[-56.996987744465,-25.675853699295],[-56.996987744465,-25.675298143755]]}},{"type":"Feature","properties":{"category":"rill","class":"rill","threshold_label":"headwaters \u2265 80 cells","catchment_km2":0.36,"accumulation_cells":11,"vertex_count":9,"decimated":false,"source":"dem_streams","class_label":"Rill (< 1 km\u00b2, DEM)","color":"#93c5fd","width":1,"draw_priority":4,"feature_id":"lqv-wat-00435"},"geometry":{"type":"LineString","coordinates":[[-57.001987744325,-25.599742590315],[-57.001987744325,-25.599187034775],[-57.001987744325,-25.598631479235],[-57.001432188785,-25.598075923695],[-57.001432188785,-25.597520368155],[-57.001432188785,-25.596964812615],[-57.001432188785,-25.596409257075],[-57.000876633245,-25.596409257075],[-57.000321077705,-25.596409257075]]}},{"type":"Feature","properties":{"category":"rill","class":"rill","threshold_label":"headwaters \u2265 80 cells","catchment_km2":0.58,"accumulation_cells":18,"vertex_count":8,"decimated":false,"source":"dem_streams","class_label":"Rill (< 1 km\u00b2, DEM)","color":"#93c5fd","width":1,"draw_priority":4,"feature_id":"lqv-wat-00437"},"geometry":{"type":"LineString","coordinates":[[-56.996432188925,-25.541964814154998],[-56.995876633385,-25.541409258615],[-56.995876633385,-25.540853703075],[-56.996432188925,-25.540298147535],[-56.996987744465,-25.539742591995],[-56.996987744465,-25.539187036455],[-56.996987744465,-25.538631480915],[-56.997543300005,-25.538075925375]]}},{"type":"Feature","properties":{"category":"rill","class":"rill","threshold_label":"headwaters \u2265 80 cells","catchment_km2":0.42,"accumulation_cells":13,"vertex_count":3,"decimated":false,"source":"dem_streams","class_label":"Rill (< 1 km\u00b2, DEM)","color":"#93c5fd","width":1,"draw_priority":4,"feature_id":"lqv-wat-00438"},"geometry":{"type":"LineString","coordinates":[[-56.994209966765,-25.655298144315],[-56.994765522305,-25.654742588775],[-56.995321077845,-25.654187033235]]}},{"type":"Feature","properties":{"category":"rill","class":"rill","threshold_label":"headwaters \u2265 80 cells","catchment_km2":0.13,"accumulation_cells":4,"vertex_count":7,"decimated":false,"source":"dem_streams","class_label":"Rill (< 1 km\u00b2, DEM)","color":"#93c5fd","width":1,"draw_priority":4,"feature_id":"lqv-wat-00439"},"geometry":{"type":"LineString","coordinates":[[-56.994209966765,-25.682520365774998],[-56.993654411225,-25.681964810234998],[-56.993654411225,-25.681409254694998],[-56.993098855685,-25.680853699154998],[-56.992543300145,-25.680853699154998],[-56.991987744605,-25.680298143614998],[-56.991432189065,-25.680298143614998]]}},{"type":"Feature","properties":{"category":"rill","class":"rill","threshold_label":"headwaters \u2265 80 cells","catchment_km2":0.62,"accumulation_cells":19,"vertex_count":10,"decimated":false,"source":"dem_streams","class_label":"Rill (< 1 km\u00b2, DEM)","color":"#93c5fd","width":1,"draw_priority":4,"feature_id":"lqv-wat-00440"},"geometry":{"type":"LineString","coordinates":[[-56.993654411225,-25.625853700695],[-56.993098855685,-25.625298145155],[-56.992543300145,-25.625298145155],[-56.991987744605,-25.624742589615],[-56.991432189065,-25.624187034075],[-56.990876633525,-25.623631478535],[-56.990321077985,-25.623075922995],[-56.989765522445,-25.623075922995],[-56.989209966905,-25.623075922995],[-56.988654411365,-25.623075922995]]}},{"type":"Feature","properties":{"category":"rill","class":"rill","threshold_label":"headwaters \u2265 80 cells","catchment_km2":0.23,"accumulation_cells":7,"vertex_count":3,"decimated":false,"source":"dem_streams","class_label":"Rill (< 1 km\u00b2, DEM)","color":"#93c5fd","width":1,"draw_priority":4,"feature_id":"lqv-wat-00441"},"geometry":{"type":"LineString","coordinates":[[-56.991987744605,-25.543631480774998],[-56.991432189065,-25.543075925234998],[-56.991432189065,-25.542520369694998]]}},{"type":"Feature","properties":{"category":"rill","class":"rill","threshold_label":"headwaters \u2265 80 cells","catchment_km2":0.16,"accumulation_cells":5,"vertex_count":9,"decimated":false,"source":"dem_streams","class_label":"Rill (< 1 km\u00b2, DEM)","color":"#93c5fd","width":1,"draw_priority":4,"feature_id":"lqv-wat-00442"},"geometry":{"type":"LineString","coordinates":[[-56.991987744605,-25.641964811355],[-56.991432189065,-25.641409255815],[-56.991987744605,-25.640853700275],[-56.991432189065,-25.640298144735],[-56.991987744605,-25.639742589195],[-56.991987744605,-25.639187033655],[-56.991432189065,-25.638631478115],[-56.991432189065,-25.638075922575],[-56.990876633525,-25.637520367035]]}},{"type":"Feature","properties":{"category":"rill","class":"rill","threshold_label":"headwaters \u2265 80 cells","catchment_km2":0.1,"accumulation_cells":3,"vertex_count":4,"decimated":false,"source":"dem_streams","class_label":"Rill (< 1 km\u00b2, DEM)","color":"#93c5fd","width":1,"draw_priority":4,"feature_id":"lqv-wat-00443"},"geometry":{"type":"LineString","coordinates":[[-56.989765522445,-25.529187036735],[-56.989209966905,-25.528631481195],[-56.988654411365,-25.528075925655],[-56.988654411365,-25.527520370115]]}},{"type":"Feature","properties":{"category":"rill","class":"rill","threshold_label":"headwaters \u2265 80 cells","catchment_km2":0.52,"accumulation_cells":16,"vertex_count":7,"decimated":false,"source":"dem_streams","class_label":"Rill (< 1 km\u00b2, DEM)","color":"#93c5fd","width":1,"draw_priority":4,"feature_id":"lqv-wat-00444"},"geometry":{"type":"LineString","coordinates":[[-56.985876633665,-25.665298144035],[-56.986432189205,-25.665298144035],[-56.986987744745,-25.665298144035],[-56.987543300285,-25.665298144035],[-56.988098855825,-25.664742588495],[-56.988654411365,-25.664187032955],[-56.989209966905,-25.664187032955]]}},{"type":"Feature","properties":{"category":"rill","class":"rill","threshold_label":"headwaters \u2265 80 cells","catchment_km2":0.1,"accumulation_cells":3,"vertex_count":4,"decimated":false,"source":"dem_streams","class_label":"Rill (< 1 km\u00b2, DEM)","color":"#93c5fd","width":1,"draw_priority":4,"feature_id":"lqv-wat-00445"},"geometry":{"type":"LineString","coordinates":[[-56.983098855965,-25.633631478255],[-56.983098855965,-25.633075922715],[-56.983654411505,-25.632520367175],[-56.983654411505,-25.631964811635]]}},{"type":"Feature","properties":{"category":"rill","class":"rill","threshold_label":"headwaters \u2265 80 cells","catchment_km2":0.23,"accumulation_cells":7,"vertex_count":3,"decimated":false,"source":"dem_streams","class_label":"Rill (< 1 km\u00b2, DEM)","color":"#93c5fd","width":1,"draw_priority":4,"feature_id":"lqv-wat-00446"},"geometry":{"type":"LineString","coordinates":[[-56.981432189345,-25.636964811494998],[-56.981987744885,-25.636409255954998],[-56.981987744885,-25.635853700414998]]}},{"type":"Feature","properties":{"category":"rill","class":"rill","threshold_label":"headwaters \u2265 80 cells","catchment_km2":0.49,"accumulation_cells":15,"vertex_count":8,"decimated":false,"source":"dem_streams","class_label":"Rill (< 1 km\u00b2, DEM)","color":"#93c5fd","width":1,"draw_priority":4,"feature_id":"lqv-wat-00447"},"geometry":{"type":"LineString","coordinates":[[-56.979209967185,-25.604742590175],[-56.979765522725,-25.604187034635],[-56.979765522725,-25.603631479095],[-56.979765522725,-25.603075923555],[-56.980321078265,-25.602520368015],[-56.980876633804996,-25.601964812475],[-56.981432189345,-25.601409256935],[-56.980876633804996,-25.600853701395]]}},{"type":"Feature","properties":{"category":"rill","class":"rill","threshold_label":"headwaters \u2265 80 cells","catchment_km2":0.75,"accumulation_cells":23,"vertex_count":3,"decimated":false,"source":"dem_streams","class_label":"Rill (< 1 km\u00b2, DEM)","color":"#93c5fd","width":1,"draw_priority":4,"feature_id":"lqv-wat-00448"},"geometry":{"type":"LineString","coordinates":[[-56.978098856105,-25.613631478814998],[-56.978654411645,-25.613075923274998],[-56.978654411645,-25.612520367734998]]}},{"type":"Feature","properties":{"category":"rill","class":"rill","threshold_label":"headwaters \u2265 80 cells","catchment_km2":0.36,"accumulation_cells":11,"vertex_count":4,"decimated":false,"source":"dem_streams","class_label":"Rill (< 1 km\u00b2, DEM)","color":"#93c5fd","width":1,"draw_priority":4,"feature_id":"lqv-wat-00449"},"geometry":{"type":"LineString","coordinates":[[-56.976432189485,-25.617520367595],[-56.976987745025,-25.616964812055],[-56.976987745025,-25.616409256515],[-56.977543300565,-25.615853700975]]}},{"type":"Feature","properties":{"category":"rill","class":"rill","threshold_label":"headwaters \u2265 80 cells","catchment_km2":0.19,"accumulation_cells":6,"vertex_count":3,"decimated":false,"source":"dem_streams","class_label":"Rill (< 1 km\u00b2, DEM)","color":"#93c5fd","width":1,"draw_priority":4,"feature_id":"lqv-wat-00450"},"geometry":{"type":"LineString","coordinates":[[-56.974765522865,-25.628631478395],[-56.975321078405,-25.628075922855],[-56.975321078405,-25.627520367315]]}},{"type":"Feature","properties":{"category":"rill","class":"rill","threshold_label":"headwaters \u2265 80 cells","catchment_km2":0.06,"accumulation_cells":2,"vertex_count":9,"decimated":false,"source":"dem_streams","class_label":"Rill (< 1 km\u00b2, DEM)","color":"#93c5fd","width":1,"draw_priority":4,"feature_id":"lqv-wat-00451"},"geometry":{"type":"LineString","coordinates":[[-56.974209967325,-25.656964810934998],[-56.973654411785,-25.656964810934998],[-56.973098856245,-25.656409255395],[-56.972543300705,-25.656409255395],[-56.971987745165,-25.656409255395],[-56.971432189625,-25.655853699855],[-56.971432189625,-25.655298144315],[-56.971432189625,-25.654742588775],[-56.971432189625,-25.654187033235]]}},{"type":"Feature","properties":{"category":"rill","class":"rill","threshold_label":"headwaters \u2265 80 cells","catchment_km2":0.32,"accumulation_cells":10,"vertex_count":5,"decimated":false,"source":"dem_streams","class_label":"Rill (< 1 km\u00b2, DEM)","color":"#93c5fd","width":1,"draw_priority":4,"feature_id":"lqv-wat-00452"},"geometry":{"type":"LineString","coordinates":[[-56.971987745165,-25.612520367734998],[-56.972543300705,-25.612520367734998],[-56.973098856245,-25.612520367734998],[-56.973654411785,-25.611964812194998],[-56.974209967325,-25.611409256654998]]}},{"type":"Feature","properties":{"category":"rill","class":"rill","threshold_label":"headwaters \u2265 80 cells","catchment_km2":0.58,"accumulation_cells":18,"vertex_count":4,"decimated":false,"source":"dem_streams","class_label":"Rill (< 1 km\u00b2, DEM)","color":"#93c5fd","width":1,"draw_priority":4,"feature_id":"lqv-wat-00453"},"geometry":{"type":"LineString","coordinates":[[-56.970876634085,-25.578075924255],[-56.970321078545,-25.577520368715],[-56.970321078545,-25.576964813175],[-56.969765523005,-25.576409257635]]}},{"type":"Feature","properties":{"category":"rill","class":"rill","threshold_label":"headwaters \u2265 80 cells","catchment_km2":0.13,"accumulation_cells":4,"vertex_count":7,"decimated":false,"source":"dem_streams","class_label":"Rill (< 1 km\u00b2, DEM)","color":"#93c5fd","width":1,"draw_priority":4,"feature_id":"lqv-wat-00454"},"geometry":{"type":"LineString","coordinates":[[-56.968654411925,-25.574742591015],[-56.968098856385,-25.574187035475],[-56.967543300845,-25.574187035475],[-56.966987745305,-25.573631479935],[-56.967543300845,-25.573075924395],[-56.967543300845,-25.572520368855],[-56.966987745305,-25.571964813315]]}},{"type":"Feature","properties":{"category":"rill","class":"rill","threshold_label":"headwaters \u2265 80 cells","catchment_km2":0.16,"accumulation_cells":5,"vertex_count":3,"decimated":false,"source":"dem_streams","class_label":"Rill (< 1 km\u00b2, DEM)","color":"#93c5fd","width":1,"draw_priority":4,"feature_id":"lqv-wat-00456"},"geometry":{"type":"LineString","coordinates":[[-56.962543300985,-25.582520368575],[-56.963098856525,-25.581964813035],[-56.963098856525,-25.581409257495]]}},{"type":"Feature","properties":{"category":"rill","class":"rill","threshold_label":"headwaters \u2265 80 cells","catchment_km2":0.65,"accumulation_cells":20,"vertex_count":4,"decimated":false,"source":"dem_streams","class_label":"Rill (< 1 km\u00b2, DEM)","color":"#93c5fd","width":1,"draw_priority":4,"feature_id":"lqv-wat-00457"},"geometry":{"type":"LineString","coordinates":[[-56.962543300985,-25.601409256935],[-56.963098856525,-25.600853701395],[-56.963654412065,-25.600853701395],[-56.964209967605,-25.600298145855]]}},{"type":"Feature","properties":{"category":"rill","class":"rill","threshold_label":"headwaters \u2265 80 cells","catchment_km2":0.32,"accumulation_cells":10,"vertex_count":12,"decimated":false,"source":"dem_streams","class_label":"Rill (< 1 km\u00b2, DEM)","color":"#93c5fd","width":1,"draw_priority":4,"feature_id":"lqv-wat-00458"},"geometry":{"type":"LineString","coordinates":[[-56.962543300985,-25.661964810795],[-56.962543300985,-25.661409255255],[-56.962543300985,-25.660853699715],[-56.962543300985,-25.660298144174998],[-56.963098856525,-25.659742588634998],[-56.963098856525,-25.659187033094998],[-56.963654412065,-25.658631477554998],[-56.964209967605,-25.658075922014998],[-56.964209967605,-25.657520366474998],[-56.964765523145,-25.656964810934998],[-56.965321078685,-25.656409255395],[-56.965876634225,-25.656964810934998]]}},{"type":"Feature","properties":{"category":"rill","class":"rill","threshold_label":"headwaters \u2265 80 cells","catchment_km2":0.26,"accumulation_cells":8,"vertex_count":6,"decimated":false,"source":"dem_streams","class_label":"Rill (< 1 km\u00b2, DEM)","color":"#93c5fd","width":1,"draw_priority":4,"feature_id":"lqv-wat-00459"},"geometry":{"type":"LineString","coordinates":[[-56.961432189905,-25.669187032815],[-56.961987745445,-25.669187032815],[-56.962543300985,-25.668631477275],[-56.963098856525,-25.668075921735],[-56.963654412065,-25.667520366195],[-56.963654412065,-25.666964810655]]}},{"type":"Feature","properties":{"category":"rill","class":"rill","threshold_label":"headwaters \u2265 80 cells","catchment_km2":0.29,"accumulation_cells":9,"vertex_count":19,"decimated":false,"source":"dem_streams","class_label":"Rill (< 1 km\u00b2, DEM)","color":"#93c5fd","width":1,"draw_priority":4,"feature_id":"lqv-wat-00460"},"geometry":{"type":"LineString","coordinates":[[-56.958654412205,-25.603075923555],[-56.958654412205,-25.602520368015],[-56.959209967745,-25.601964812475],[-56.959209967745,-25.601409256935],[-56.958654412205,-25.600853701395],[-56.958098856664996,-25.600298145855],[-56.957543301125,-25.599742590315],[-56.956987745584996,-25.599742590315],[-56.956432190045,-25.599187034775],[-56.955876634505,-25.598631479235],[-56.955321078965,-25.598075923695],[-56.954765523425,-25.597520368155],[-56.954765523425,-25.596964812615],[-56.954765523425,-25.596409257075],[-56.954765523425,-25.595853701535],[-56.955321078965,-25.595298145995],[-56.955321078965,-25.594742590455],[-56.955321078965,-25.594187034915],[-56.954765523425,-25.593631479375]]}},{"type":"Feature","properties":{"category":"rill","class":"rill","threshold_label":"headwaters \u2265 80 cells","catchment_km2":0.39,"accumulation_cells":12,"vertex_count":6,"decimated":false,"source":"dem_streams","class_label":"Rill (< 1 km\u00b2, DEM)","color":"#93c5fd","width":1,"draw_priority":4,"feature_id":"lqv-wat-00461"},"geometry":{"type":"LineString","coordinates":[[-56.958654412205,-25.648075922295],[-56.959209967745,-25.647520366755],[-56.959765523285,-25.646964811215],[-56.959765523285,-25.646409255675],[-56.960321078825,-25.645853700135],[-56.960876634365,-25.645298144595]]}},{"type":"Feature","properties":{"category":"rill","class":"rill","threshold_label":"headwaters \u2265 80 cells","catchment_km2":0.68,"accumulation_cells":21,"vertex_count":10,"decimated":false,"source":"dem_streams","class_label":"Rill (< 1 km\u00b2, DEM)","color":"#93c5fd","width":1,"draw_priority":4,"feature_id":"lqv-wat-00462"},"geometry":{"type":"LineString","coordinates":[[-56.955321078965,-25.569742591155],[-56.955876634505,-25.570298146695],[-56.956432190045,-25.570298146695],[-56.956987745584996,-25.570298146695],[-56.957543301125,-25.570298146695],[-56.958098856664996,-25.570853702235],[-56.958654412205,-25.571409257775],[-56.959209967745,-25.571409257775],[-56.959765523285,-25.570853702235],[-56.959765523285,-25.570298146695]]}},{"type":"Feature","properties":{"category":"rill","class":"rill","threshold_label":"headwaters \u2265 80 cells","catchment_km2":0.29,"accumulation_cells":9,"vertex_count":14,"decimated":false,"source":"dem_streams","class_label":"Rill (< 1 km\u00b2, DEM)","color":"#93c5fd","width":1,"draw_priority":4,"feature_id":"lqv-wat-00463"},"geometry":{"type":"LineString","coordinates":[[-56.951432190185,-25.678075921455],[-56.950876634645,-25.677520365915],[-56.950321079105,-25.676964810375],[-56.950321079105,-25.676409254835],[-56.950321079105,-25.675853699295],[-56.950321079105,-25.675298143755],[-56.950876634645,-25.674742588215],[-56.950876634645,-25.674187032675],[-56.950876634645,-25.673631477135],[-56.950876634645,-25.673075921595],[-56.950321079105,-25.673075921595],[-56.950321079105,-25.672520366055],[-56.950321079105,-25.671964810515],[-56.950321079105,-25.671409254975]]}},{"type":"Feature","properties":{"waterway":"tidal_channel","audit_class":"tidal_channel","audit_color":"#3b82f6","feature_id":"lqv-wat-00464","category":"tidal_channel","source":"osm_waterway","class_label":"Tidal channel (OSM)","color":"#a3e635","width":1.4,"draw_priority":6},"geometry":{"type":"LineString","coordinates":[[-57.0838214,-25.6899741],[-57.0837844,-25.6899117],[-57.0837644,-25.6898506],[-57.0838291,-25.6895854],[-57.0838722,-25.6894924],[-57.0838815,-25.6894272],[-57.0838984,-25.6892162]]}},{"type":"Feature","properties":{"waterway":"tidal_channel","audit_class":"tidal_channel","audit_color":"#3b82f6","feature_id":"lqv-wat-00465","category":"tidal_channel","source":"osm_waterway","class_label":"Tidal channel (OSM)","color":"#a3e635","width":1.4,"draw_priority":6},"geometry":{"type":"LineString","coordinates":[[-57.0838784,-25.6904461],[-57.083906,-25.6903369],[-57.0839169,-25.6902351],[-57.0839123,-25.6901268],[-57.0838738,-25.6900324]]}},{"type":"Feature","properties":{"layer":"-1","tunnel":"culvert","waterway":"tidal_channel","audit_class":"tidal_channel","audit_color":"#3b82f6","feature_id":"lqv-wat-00466","category":"tidal_channel","source":"osm_waterway","class_label":"Tidal channel (OSM)","color":"#a3e635","width":1.4,"draw_priority":6},"geometry":{"type":"LineString","coordinates":[[-57.0838738,-25.6900324],[-57.0838214,-25.6899741]]}},{"type":"Feature","properties":{"waterway":"tidal_channel","audit_class":"tidal_channel","audit_color":"#3b82f6","feature_id":"lqv-wat-00467","category":"tidal_channel","source":"osm_waterway","class_label":"Tidal channel (OSM)","color":"#a3e635","width":1.4,"draw_priority":6},"geometry":{"type":"LineString","coordinates":[[-57.0783336,-25.6944753],[-57.0784165,-25.6944168],[-57.0785345,-25.694279],[-57.0785935,-25.6942283],[-57.0787008,-25.6941534],[-57.0787866,-25.6940132],[-57.0787812,-25.6938851],[-57.0788161,-25.6937328],[-57.0789314,-25.693537],[-57.0783494,-25.6919104],[-57.0783682,-25.6917823],[-57.0784379,-25.6916542],[-57.0784996,-25.6914801],[-57.0785264,-25.6913279],[-57.0784781,-25.6911683],[-57.0783735,-25.6910088]]}},{"type":"Feature","properties":{"waterway":"tidal_channel","audit_class":"tidal_channel","audit_color":"#3b82f6","feature_id":"lqv-wat-00468","category":"tidal_channel","source":"osm_waterway","class_label":"Tidal channel (OSM)","color":"#a3e635","width":1.4,"draw_priority":6},"geometry":{"type":"LineString","coordinates":[[-57.0770834,-25.6953546],[-57.0772497,-25.6953353],[-57.0773141,-25.6952966],[-57.0773194,-25.6951951],[-57.0773489,-25.6951032],[-57.077424,-25.6950235],[-57.0774938,-25.6949679],[-57.0775692,-25.6948858],[-57.0777298,-25.6946996],[-57.0779793,-25.6946368],[-57.0781938,-25.6945739],[-57.0782539,-25.6945316]]}},{"type":"Feature","properties":{"layer":"-1","tunnel":"culvert","waterway":"tidal_channel","audit_class":"tidal_channel","audit_color":"#3b82f6","feature_id":"lqv-wat-00469","category":"tidal_channel","source":"osm_waterway","class_label":"Tidal channel (OSM)","color":"#a3e635","width":1.4,"draw_priority":6},"geometry":{"type":"LineString","coordinates":[[-57.0782539,-25.6945316],[-57.0783336,-25.6944753]]}},{"type":"Feature","properties":{"waterway":"tidal_channel","audit_class":"tidal_channel","audit_color":"#3b82f6","feature_id":"lqv-wat-00470","category":"tidal_channel","source":"osm_waterway","class_label":"Tidal channel (OSM)","color":"#a3e635","width":1.4,"draw_priority":6},"geometry":{"type":"LineString","coordinates":[[-57.1034199,-25.6964736],[-57.1037775,-25.696177],[-57.1042163,-25.6958262],[-57.104641,-25.6956986],[-57.1051507,-25.6957114],[-57.1054763,-25.6956348],[-57.1058514,-25.6956221],[-57.1061416,-25.695807],[-57.1061983,-25.6960558],[-57.1063681,-25.6962535],[-57.1067433,-25.6963811],[-57.1070689,-25.6964066]]}},{"type":"Feature","properties":{"waterway":"ditch","audit_class":"ditch","audit_color":"#60a5fa","feature_id":"lqv-wat-00530","category":"ditch","source":"osm_waterway","class_label":"Ditch / drain (OSM)","color":"#fb923c","width":0.8,"draw_priority":7},"geometry":{"type":"LineString","coordinates":[[-57.0619921,-25.619392],[-57.0620507,-25.61943],[-57.0620914,-25.6194575],[-57.0620771,-25.6195052],[-57.0620528,-25.6195345],[-57.0620467,-25.619562],[-57.0620446,-25.6195986],[-57.0620304,-25.6196298],[-57.0620182,-25.6196665],[-57.0620304,-25.6196976],[-57.0620771,-25.6197049],[-57.0621361,-25.6197141],[-57.0621808,-25.6197214],[-57.0622093,-25.6197526],[-57.0622215,-25.6197764],[-57.0622235,-25.6198021],[-57.0622642,-25.6198241],[-57.0622784,-25.6198497],[-57.0622845,-25.6198685],[-57.0622845,-25.6198829],[-57.0622845,-25.6199212],[-57.0622906,-25.6199744],[-57.0623068,-25.6200092],[-57.0623231,-25.6200385],[-57.0623211,-25.6200642],[-57.0623312,-25.6200953],[-57.0623536,-25.6201338],[-57.0623739,-25.6201632],[-57.0623943,-25.6201815],[-57.0624146,-25.6202236],[-57.0624349,-25.6202511],[-57.0624756,-25.6202768]]}},{"type":"Feature","properties":{"waterway":"ditch","audit_class":"ditch","audit_color":"#60a5fa","feature_id":"lqv-wat-00531","category":"ditch","source":"osm_waterway","class_label":"Ditch / drain (OSM)","color":"#fb923c","width":0.8,"draw_priority":7},"geometry":{"type":"LineString","coordinates":[[-57.0822506,-25.6146731],[-57.0821816,-25.6147449],[-57.0821498,-25.6148343],[-57.082102,-25.6149013],[-57.0820666,-25.6149683],[-57.08201,-25.6150577],[-57.0819286,-25.6151391],[-57.0818737,-25.6152157],[-57.0818471,-25.6152783],[-57.0818153,-25.6153278],[-57.081725,-25.6154443],[-57.0816206,-25.6155608],[-57.0815782,-25.615615],[-57.0815658,-25.6156485],[-57.0815693,-25.6156789],[-57.0815764,-25.6157044],[-57.0815817,-25.6157267],[-57.0815817,-25.6157554],[-57.0815711,-25.6157906],[-57.0815597,-25.6158195],[-57.0815443,-25.6158359],[-57.0815316,-25.6158564],[-57.0815195,-25.6159048],[-57.0815016,-25.6159831],[-57.0814866,-25.6160142],[-57.0814558,-25.6160529],[-57.081274,-25.6161775],[-57.0812304,-25.616215],[-57.0811975,-25.6162404],[-57.0811479,-25.6162646],[-57.0811023,-25.6162863],[-57.0810547,-25.6163147],[-57.0810105,-25.6163462],[-57.0809588,-25.6163631],[-57.0808455,-25.6164345],[-57.0807818,-25.6164641],[-57.0806598,-25.6165445],[-57.0805578,-25.616628],[-57.0804438,-25.6166824],[-57.0802231,-25.6168511],[-57.0800032,-25.6170349],[-57.0798979,-25.6171358],[-57.0797205,-25.6173127],[-57.0794905,-25.6174845],[-57.0792588,-25.61771],[-57.0791962,-25.6177607],[-57.0791535,-25.6177928],[-57.078981,-25.6179385],[-57.0787992,-25.618083],[-57.0786474,-25.6182261],[-57.078522,-25.6182823]]}},{"type":"Feature","properties":{"waterway":"ditch","audit_class":"ditch","audit_color":"#60a5fa","feature_id":"lqv-wat-00532","category":"ditch","source":"osm_waterway","class_label":"Ditch / drain (OSM)","color":"#fb923c","width":0.8,"draw_priority":7},"geometry":{"type":"LineString","coordinates":[[-57.0847947,-25.6129658],[-57.0847691,-25.6129814],[-57.0847116,-25.6129972],[-57.0846069,-25.6129972],[-57.0845265,-25.612973],[-57.0844487,-25.6129779],[-57.0843951,-25.6129972],[-57.084379,-25.6130674],[-57.0843816,-25.6131351],[-57.084387,-25.6132028],[-57.0843629,-25.6132609],[-57.0843307,-25.6133576],[-57.0842958,-25.6134713],[-57.0842502,-25.6135559],[-57.0841966,-25.6136551],[-57.0841483,-25.6137325],[-57.0841081,-25.6138341],[-57.0840866,-25.6138945],[-57.0840973,-25.6139598],[-57.0841081,-25.6140542],[-57.0841161,-25.614117],[-57.0841295,-25.614209],[-57.0841139,-25.6143033],[-57.0840946,-25.6144024],[-57.0840678,-25.6145089],[-57.0840705,-25.6146298],[-57.0840732,-25.6147773]]}},{"type":"Feature","properties":{"waterway":"ditch","audit_class":"ditch","audit_color":"#60a5fa","feature_id":"lqv-wat-00533","category":"ditch","source":"osm_waterway","class_label":"Ditch / drain (OSM)","color":"#fb923c","width":0.8,"draw_priority":7},"geometry":{"type":"LineString","coordinates":[[-57.0783934,-25.6183318],[-57.0781801,-25.6185058],[-57.0780507,-25.618553],[-57.0778381,-25.6185974],[-57.0776594,-25.6186419],[-57.0775023,-25.6187391],[-57.0773174,-25.6188364],[-57.0770863,-25.6188836],[-57.0769107,-25.6188447],[-57.0767135,-25.6187641],[-57.0765225,-25.6186058],[-57.0764331,-25.6185058],[-57.0763345,-25.618428],[-57.0761959,-25.6183891],[-57.0760326,-25.6183335],[-57.0758724,-25.6182529],[-57.0757306,-25.6181779],[-57.0756043,-25.6181335],[-57.0753825,-25.618114],[-57.0751237,-25.618114],[-57.0748556,-25.6180863],[-57.0744921,-25.6180585]]}},{"type":"Feature","properties":{"intermittent":"yes","waterway":"ditch","audit_class":"ditch","audit_color":"#60a5fa","feature_id":"lqv-wat-00534","category":"ditch","source":"osm_waterway","class_label":"Ditch / drain (OSM)","color":"#fb923c","width":0.8,"draw_priority":7},"geometry":{"type":"LineString","coordinates":[[-57.036046577360935,-25.698062],[-57.0360734,-25.6979949],[-57.036076,-25.6979356],[-57.0360693,-25.6978813],[-57.0360559,-25.6978293],[-57.0360532,-25.6977773],[-57.0360573,-25.6976903],[-57.0360492,-25.6976299],[-57.0360291,-25.6976021],[-57.0360278,-25.6975719],[-57.0360345,-25.6975501],[-57.0360425,-25.6975187],[-57.0360425,-25.6974921],[-57.0360304,-25.697445],[-57.0359808,-25.6973894],[-57.0359312,-25.6973604],[-57.0359124,-25.6973145],[-57.0359138,-25.6972323],[-57.0359097,-25.6971791],[-57.0359299,-25.6971344],[-57.0359379,-25.6970921],[-57.0359191,-25.6970414],[-57.0358977,-25.6969749],[-57.035899,-25.6969157],[-57.0359057,-25.6968251],[-57.0359205,-25.6967876],[-57.0358869,-25.6967622],[-57.0358735,-25.6967368],[-57.0358843,-25.6966982],[-57.0359607,-25.6966305],[-57.0360023,-25.696587],[-57.036131,-25.6964649],[-57.0362034,-25.6964154],[-57.0363013,-25.6963707],[-57.0363858,-25.6963102],[-57.0364288,-25.6962559],[-57.0365194,-25.696155],[-57.0365744,-25.6960863],[-57.0367588,-25.6959878],[-57.0368851,-25.6959178],[-57.0370004,-25.6957873],[-57.0372311,-25.695461],[-57.0373223,-25.6952556],[-57.0373357,-25.6949704],[-57.0372821,-25.6946417],[-57.0372016,-25.6943299],[-57.0370809,-25.6940858]]}},{"type":"Feature","properties":{"intermittent":"yes","waterway":"ditch","audit_class":"ditch","audit_color":"#60a5fa","feature_id":"lqv-wat-00535","category":"ditch","source":"osm_waterway","class_label":"Ditch / drain (OSM)","color":"#fb923c","width":0.8,"draw_priority":7},"geometry":{"type":"LineString","coordinates":[[-57.0316371,-25.673614],[-57.031818,-25.6743438],[-57.031842,-25.6744442],[-57.0318635,-25.6745691],[-57.0318697,-25.6746885],[-57.0318605,-25.6747774],[-57.0318142,-25.6749412],[-57.0317765,-25.6750583],[-57.0317617,-25.6751164],[-57.0317483,-25.6751877],[-57.0317362,-25.6752723],[-57.031747,-25.6753823],[-57.0317617,-25.6754681],[-57.0318006,-25.6755744],[-57.031861,-25.6756542],[-57.0319186,-25.6757134],[-57.032046,-25.6757944],[-57.0321386,-25.6758259],[-57.0322325,-25.6758416]]}},{"type":"Feature","properties":{"intermittent":"yes","waterway":"ditch","audit_class":"ditch","audit_color":"#60a5fa","feature_id":"lqv-wat-00536","category":"ditch","source":"osm_waterway","class_label":"Ditch / drain (OSM)","color":"#fb923c","width":0.8,"draw_priority":7},"geometry":{"type":"LineString","coordinates":[[-57.0300419,-25.675183],[-57.0306894,-25.6745481],[-57.0316371,-25.673614],[-57.0336272,-25.6716313]]}},{"type":"Feature","properties":{"intermittent":"yes","waterway":"ditch","audit_class":"ditch","audit_color":"#60a5fa","feature_id":"lqv-wat-00537","category":"ditch","source":"osm_waterway","class_label":"Ditch / drain (OSM)","color":"#fb923c","width":0.8,"draw_priority":7},"geometry":{"type":"LineString","coordinates":[[-57.0338568,-25.6726834],[-57.0372062,-25.6693834]]}},{"type":"Feature","properties":{"waterway":"ditch","audit_class":"ditch","audit_color":"#60a5fa","feature_id":"lqv-wat-00538","category":"ditch","source":"osm_waterway","class_label":"Ditch / drain (OSM)","color":"#fb923c","width":0.8,"draw_priority":7},"geometry":{"type":"LineString","coordinates":[[-57.0454007,-25.6737698],[-57.045448,-25.6737194],[-57.0454597,-25.6737069],[-57.0455402,-25.6736368],[-57.0455885,-25.6735571],[-57.0456502,-25.6735208],[-57.0458245,-25.6734942],[-57.0459238,-25.6734773],[-57.0459801,-25.6734362],[-57.0460176,-25.6733782],[-57.0460954,-25.6733516],[-57.0461839,-25.6733467],[-57.0462751,-25.6733226],[-57.0463824,-25.6732549],[-57.0464924,-25.6731969],[-57.0465702,-25.6731364],[-57.0466345,-25.6730712],[-57.0466962,-25.6730276],[-57.0467418,-25.672972],[-57.0468303,-25.6728898],[-57.0469269,-25.6727883],[-57.0470154,-25.6726868],[-57.0470637,-25.6725925],[-57.0471147,-25.6724692],[-57.0471308,-25.6723532],[-57.0471522,-25.6722323],[-57.0471468,-25.6721646],[-57.0472461,-25.6721791],[-57.0473668,-25.6721767],[-57.0475089,-25.6721598],[-57.0476189,-25.6721018],[-57.0477101,-25.6720075],[-57.0477664,-25.6719205],[-57.0478281,-25.6717657],[-57.0478979,-25.6714781],[-57.048032,-25.6710139],[-57.0481178,-25.6706392],[-57.0481768,-25.6703588],[-57.0481786,-25.6702221],[-57.0481795,-25.6701533],[-57.048158,-25.6700469],[-57.048158,-25.6699405],[-57.0482224,-25.6698535],[-57.0483377,-25.6697786],[-57.0484477,-25.6697206],[-57.0485201,-25.6696359],[-57.0485791,-25.6695199],[-57.0486221,-25.6693555],[-57.0486757,-25.6692346],[-57.0487749,-25.669121]]}},{"type":"Feature","properties":{"intermittent":"yes","waterway":"ditch","audit_class":"ditch","audit_color":"#60a5fa","feature_id":"lqv-wat-00539","category":"ditch","source":"osm_waterway","class_label":"Ditch / drain (OSM)","color":"#fb923c","width":0.8,"draw_priority":7},"geometry":{"type":"LineString","coordinates":[[-57.0471468,-25.6721646],[-57.0471505,-25.6720993],[-57.0471151,-25.6719622],[-57.0470957,-25.6717644],[-57.0470939,-25.6716224],[-57.047101,-25.6714869],[-57.0471222,-25.6713481],[-57.0471293,-25.6711998],[-57.0471328,-25.6710802],[-57.0471364,-25.6709621],[-57.0472018,-25.6708441],[-57.0473257,-25.6707564],[-57.0474337,-25.6706798],[-57.0475115,-25.6705857],[-57.0475929,-25.6704502],[-57.0476584,-25.6703816],[-57.0478247,-25.6703114],[-57.0479805,-25.6702604],[-57.0480796,-25.6702364],[-57.0481786,-25.6702221]]}},{"type":"Feature","properties":{"intermittent":"yes","waterway":"ditch","audit_class":"ditch","audit_color":"#60a5fa","feature_id":"lqv-wat-00540","category":"ditch","source":"osm_waterway","class_label":"Ditch / drain (OSM)","color":"#fb923c","width":0.8,"draw_priority":7},"geometry":{"type":"LineString","coordinates":[[-57.0408918,-25.6706921],[-57.0488132,-25.6688121],[-57.0531945,-25.6677763],[-57.0532511,-25.6677611],[-57.0548028,-25.6673431],[-57.0549045,-25.6673042],[-57.0549562,-25.6672002],[-57.0549544,-25.667164],[-57.0548774,-25.667139],[-57.0537266,-25.6669571],[-57.0536696,-25.6669182],[-57.053645,-25.6668765],[-57.0536435,-25.6668335]]}},{"type":"Feature","properties":{"intermittent":"yes","waterway":"ditch","audit_class":"ditch","audit_color":"#60a5fa","feature_id":"lqv-wat-00541","category":"ditch","source":"osm_waterway","class_label":"Ditch / drain (OSM)","color":"#fb923c","width":0.8,"draw_priority":7},"geometry":{"type":"LineString","coordinates":[[-57.0535603,-25.666939],[-57.0536435,-25.6668335],[-57.0538906,-25.6664758],[-57.0539467,-25.6664439]]}},{"type":"Feature","properties":{"intermittent":"yes","waterway":"ditch","audit_class":"ditch","audit_color":"#60a5fa","feature_id":"lqv-wat-00542","category":"ditch","source":"osm_waterway","class_label":"Ditch / drain (OSM)","color":"#fb923c","width":0.8,"draw_priority":7},"geometry":{"type":"LineString","coordinates":[[-57.0483996,-25.6752203],[-57.0484153,-25.6751881],[-57.0488981,-25.6748236],[-57.0492223,-25.6744874],[-57.0501909,-25.6732975],[-57.0503627,-25.6731207],[-57.0505161,-25.6729778],[-57.0507702,-25.6727561],[-57.0522673,-25.6714333],[-57.05243,-25.671273],[-57.0525316,-25.6711594],[-57.052618,-25.6710422],[-57.0527765,-25.6708091],[-57.0528676,-25.6706481],[-57.0529318,-25.6705229],[-57.0530521,-25.6702304],[-57.0531922,-25.6698874],[-57.0532645,-25.6696716],[-57.0533288,-25.6694349],[-57.0533708,-25.6692686],[-57.0533801,-25.6691024],[-57.0533708,-25.6689445],[-57.0533264,-25.6685489],[-57.0532902,-25.6683005],[-57.0532622,-25.6679185],[-57.0532547,-25.6678118],[-57.0532511,-25.6677611]]}},{"type":"Feature","properties":{"intermittent":"yes","waterway":"ditch","audit_class":"ditch","audit_color":"#60a5fa","feature_id":"lqv-wat-00543","category":"ditch","source":"osm_waterway","class_label":"Ditch / drain (OSM)","color":"#fb923c","width":0.8,"draw_priority":7},"geometry":{"type":"LineString","coordinates":[[-57.0512142,-25.6796475],[-57.0513912,-25.6797683],[-57.0514972,-25.6798155],[-57.0517117,-25.6798916],[-57.0518888,-25.6799726],[-57.0519987,-25.6800355],[-57.0521194,-25.6800729],[-57.0522147,-25.6800971],[-57.0523273,-25.6801261],[-57.0524426,-25.680195],[-57.0524936,-25.6802591],[-57.05257,-25.680334],[-57.052672,-25.6804162],[-57.0527498,-25.680502],[-57.0527913,-25.6806011],[-57.0528342,-25.6806797],[-57.0528959,-25.6807594],[-57.0530368,-25.680896],[-57.0531612,-25.6810105],[-57.0534512,-25.6812477],[-57.053824,-25.6815523],[-57.0541083,-25.6818025],[-57.0544932,-25.6822074],[-57.0543269,-25.68235],[-57.0541753,-25.6824974],[-57.0540345,-25.6825893],[-57.0538012,-25.6826485],[-57.0535853,-25.6827198],[-57.0534243,-25.6827464],[-57.0532835,-25.6827948],[-57.0532102,-25.6828174],[-57.0531387,-25.6828395]]}},{"type":"Feature","properties":{"intermittent":"yes","waterway":"ditch","audit_class":"ditch","audit_color":"#60a5fa","feature_id":"lqv-wat-00544","category":"ditch","source":"osm_waterway","class_label":"Ditch / drain (OSM)","color":"#fb923c","width":0.8,"draw_priority":7},"geometry":{"type":"LineString","coordinates":[[-57.0556237,-25.6773416],[-57.0557256,-25.6774093],[-57.0558731,-25.6774818],[-57.0559992,-25.6775833],[-57.0560797,-25.6776728],[-57.0561655,-25.6777719],[-57.056312,-25.677884],[-57.0563694,-25.6779142],[-57.0564525,-25.677958],[-57.0565437,-25.6780281],[-57.0566724,-25.6780692],[-57.0568736,-25.6780861],[-57.0570533,-25.6781345],[-57.0571579,-25.6781587],[-57.0573028,-25.6782263],[-57.0575495,-25.6783351],[-57.0576434,-25.6784028],[-57.0577453,-25.6784463],[-57.0578875,-25.6784439],[-57.0580538,-25.6784342],[-57.0581664,-25.6784439],[-57.0582791,-25.6784681],[-57.0583166,-25.6785092],[-57.0583166,-25.678572],[-57.0583354,-25.6786421],[-57.0583864,-25.6786929],[-57.0584642,-25.6787388],[-57.0585419,-25.6787533],[-57.058668,-25.6787654],[-57.0587404,-25.6787654],[-57.0588665,-25.6787962],[-57.0590677,-25.6788186],[-57.0592366,-25.6787847],[-57.0593109,-25.6787562],[-57.0594539,-25.6786808],[-57.0595505,-25.6786252],[-57.0595961,-25.6785793],[-57.0596577,-25.6785503],[-57.059883,-25.6784681],[-57.0599984,-25.6784512],[-57.0600949,-25.6784463],[-57.060221,-25.6784608],[-57.0604007,-25.6785188],[-57.0605214,-25.6785841]]}},{"type":"Feature","properties":{"intermittent":"yes","waterway":"ditch","audit_class":"ditch","audit_color":"#60a5fa","feature_id":"lqv-wat-00545","category":"ditch","source":"osm_waterway","class_label":"Ditch / drain (OSM)","color":"#fb923c","width":0.8,"draw_priority":7},"geometry":{"type":"LineString","coordinates":[[-57.0601493,-25.6774918],[-57.0601981,-25.6776713],[-57.060251,-25.6778362],[-57.0602794,-25.6779607],[-57.0603119,-25.6781073],[-57.0603526,-25.6782099],[-57.0604054,-25.6783565],[-57.0604624,-25.6784737],[-57.0605214,-25.6785841],[-57.0606412,-25.6786496],[-57.0607917,-25.6787412],[-57.0609218,-25.6788108],[-57.0610397,-25.6788987],[-57.0611494,-25.679005],[-57.0612511,-25.6790783],[-57.061336,-25.6790978],[-57.0614148,-25.6791188],[-57.0615759,-25.6791798],[-57.0617533,-25.6792535],[-57.0618281,-25.6793061],[-57.0619191,-25.6793966],[-57.0619542,-25.679445],[-57.0619939,-25.6795439],[-57.0620802,-25.6796301],[-57.0621783,-25.6796975],[-57.0622951,-25.6797396],[-57.0624468,-25.679769],[-57.0625519,-25.6798027],[-57.062664,-25.6798658],[-57.0628699,-25.6799653],[-57.0629043,-25.6799889],[-57.0629214,-25.6800007]]}},{"type":"Feature","properties":{"intermittent":"yes","waterway":"ditch","audit_class":"ditch","audit_color":"#60a5fa","feature_id":"lqv-wat-00546","category":"ditch","source":"osm_waterway","class_label":"Ditch / drain (OSM)","color":"#fb923c","width":0.8,"draw_priority":7},"geometry":{"type":"LineString","coordinates":[[-57.0622685,-25.6675951],[-57.0621471,-25.6677214],[-57.0620677,-25.6678014],[-57.0619859,-25.6678498],[-57.0618342,-25.6679045],[-57.0616987,-25.6679361],[-57.0616334,-25.6679697],[-57.0616044,-25.6679865],[-57.0615893,-25.6680138]]}},{"type":"Feature","properties":{"intermittent":"yes","waterway":"ditch","audit_class":"ditch","audit_color":"#60a5fa","feature_id":"lqv-wat-00547","category":"ditch","source":"osm_waterway","class_label":"Ditch / drain (OSM)","color":"#fb923c","width":0.8,"draw_priority":7},"geometry":{"type":"LineString","coordinates":[[-57.0738047,-25.6721719],[-57.0739328,-25.6735789],[-57.0740019,-25.6743008],[-57.0740385,-25.6748046],[-57.0740527,-25.6753487],[-57.0740507,-25.6755905],[-57.0740283,-25.6761566],[-57.0740344,-25.6763856],[-57.0740446,-25.6765487],[-57.0741117,-25.6767593],[-57.0741482,-25.6769609],[-57.0743231,-25.6774885],[-57.0745162,-25.678082],[-57.0745995,-25.6783532],[-57.074691,-25.6786903],[-57.0747987,-25.6792032],[-57.0748475,-25.6793846],[-57.0748841,-25.6795018],[-57.0751097,-25.6799305],[-57.0753984,-25.6804032],[-57.0756748,-25.6806889],[-57.0758029,-25.6808556],[-57.0759777,-25.6810938],[-57.0761546,-25.68144],[-57.0762704,-25.6816434],[-57.0764432,-25.6818852],[-57.0765143,-25.6821343],[-57.0765611,-25.6826363],[-57.0765733,-25.6829697],[-57.0765631,-25.6833471],[-57.0765408,-25.6835449],[-57.0765428,-25.6836457],[-57.076555,-25.6837574],[-57.0766221,-25.6841494],[-57.0767278,-25.6848492],[-57.0767603,-25.6849665],[-57.0768721,-25.6851716],[-57.0770551,-25.6853603],[-57.077175,-25.6854336],[-57.0772969,-25.6854812],[-57.0775327,-25.6856443],[-57.0777706,-25.6858641],[-57.0779515,-25.6860088],[-57.0781324,-25.6861004],[-57.0784272,-25.6862158],[-57.0785532,-25.6862854],[-57.0786548,-25.6863495],[-57.0787321,-25.6864136],[-57.0788093,-25.6865803],[-57.0788317,-25.6866518],[-57.0788804,-25.6867305],[-57.0790573,-25.6868771],[-57.079165,-25.6869559],[-57.0792748,-25.68702],[-57.0795126,-25.6870548],[-57.0797098,-25.6870548],[-57.0799415,-25.6870841],[-57.080031,-25.6870969],[-57.0800905,-25.6871244],[-57.0801855,-25.6871684],[-57.0802277,-25.6871758],[-57.0802586,-25.6871812]]}},{"type":"Feature","properties":{"intermittent":"yes","waterway":"ditch","audit_class":"ditch","audit_color":"#60a5fa","feature_id":"lqv-wat-00548","category":"ditch","source":"osm_waterway","class_label":"Ditch / drain (OSM)","color":"#fb923c","width":0.8,"draw_priority":7},"geometry":{"type":"LineString","coordinates":[[-57.0710638,-25.6760703],[-57.0714232,-25.6758672],[-57.0718658,-25.6756098],[-57.0722105,-25.6754007],[-57.072472,-25.6752822],[-57.0729735,-25.6750381],[-57.0730996,-25.6749643],[-57.0733316,-25.6748012],[-57.0735931,-25.6745691],[-57.0738305,-25.674389],[-57.0739324,-25.6743261],[-57.0740019,-25.6743008]]}},{"type":"Feature","properties":{"intermittent":"no","waterway":"ditch","audit_class":"ditch","audit_color":"#60a5fa","feature_id":"lqv-wat-00549","category":"ditch","source":"osm_waterway","class_label":"Ditch / drain (OSM)","color":"#fb923c","width":0.8,"draw_priority":7},"geometry":{"type":"LineString","coordinates":[[-57.0740396,-25.6903962],[-57.074063,-25.6903752],[-57.0740893,-25.6903373],[-57.074116,-25.6903083],[-57.0741355,-25.6902493],[-57.0741762,-25.6901871],[-57.0742293,-25.6901249],[-57.0742824,-25.6900723],[-57.0743089,-25.6900164],[-57.0743372,-25.6899622],[-57.0743921,-25.6898968],[-57.074424,-25.6898267],[-57.074447,-25.6897422],[-57.0744717,-25.6896098],[-57.074493,-25.6894822],[-57.0745124,-25.6894216],[-57.0745531,-25.6893499],[-57.0746186,-25.6892909],[-57.0746912,-25.6892542],[-57.0755003,-25.6886833],[-57.0755707,-25.6886336]]}},{"type":"Feature","properties":{"intermittent":"yes","waterway":"ditch","audit_class":"ditch","audit_color":"#60a5fa","feature_id":"lqv-wat-00550","category":"ditch","source":"osm_waterway","class_label":"Ditch / drain (OSM)","color":"#fb923c","width":0.8,"draw_priority":7},"geometry":{"type":"LineString","coordinates":[[-57.070701,-25.6867846],[-57.0707395,-25.6867409],[-57.0707492,-25.6866852],[-57.0707307,-25.6865672],[-57.0707076,-25.6864894],[-57.0707045,-25.6863672],[-57.0707431,-25.6862603],[-57.0708047,-25.6861784],[-57.0709233,-25.6860937],[-57.0710373,-25.6860354],[-57.0710647,-25.686029]]}},{"type":"Feature","properties":{"intermittent":"yes","waterway":"ditch","audit_class":"ditch","audit_color":"#60a5fa","feature_id":"lqv-wat-00551","category":"ditch","source":"osm_waterway","class_label":"Ditch / drain (OSM)","color":"#fb923c","width":0.8,"draw_priority":7},"geometry":{"type":"LineString","coordinates":[[-57.0701754,-25.6860446],[-57.0702699,-25.6860491],[-57.070336,-25.6860555],[-57.0704244,-25.6860913],[-57.0704925,-25.6861362],[-57.070588,-25.6861636],[-57.0706653,-25.6861691],[-57.0707293,-25.6861563],[-57.0708139,-25.6861437],[-57.0709233,-25.6860937]]}},{"type":"Feature","properties":{"waterway":"ditch","audit_class":"ditch","audit_color":"#60a5fa","feature_id":"lqv-wat-00552","category":"ditch","source":"osm_waterway","class_label":"Ditch / drain (OSM)","color":"#fb923c","width":0.8,"draw_priority":7},"geometry":{"type":"LineString","coordinates":[[-57.0958965,-25.6901507],[-57.0963799,-25.6911586],[-57.096555,-25.6914385],[-57.0968866,-25.6917751],[-57.0978805,-25.692913],[-57.0989999,-25.6941945],[-57.1001416,-25.6955016],[-57.101183,-25.6969365],[-57.101664,-25.6978497],[-57.101748,-25.6979212],[-57.1018274,-25.6979402],[-57.1019325,-25.6979402],[-57.1020026,-25.697917],[-57.1021777,-25.6978034],[-57.1034199,-25.6964736]]}},{"type":"Feature","properties":{"waterway":"ditch","audit_class":"ditch","audit_color":"#60a5fa","feature_id":"lqv-wat-00553","category":"ditch","source":"osm_waterway","class_label":"Ditch / drain (OSM)","color":"#fb923c","width":0.8,"draw_priority":7},"geometry":{"type":"LineString","coordinates":[[-57.081937,-25.6809447],[-57.0826526,-25.6802576],[-57.0827519,-25.6801619],[-57.0828523,-25.6800251],[-57.0829749,-25.6798536],[-57.0830075,-25.6797968],[-57.0830216,-25.6797389],[-57.0830134,-25.6796863],[-57.0829608,-25.6796126],[-57.0828266,-25.6795127],[-57.0827577,-25.6794643],[-57.082732,-25.6794348],[-57.0827052,-25.6793875],[-57.0826982,-25.679338],[-57.082704,-25.6792886],[-57.0827332,-25.679197],[-57.0827822,-25.6791034],[-57.0828581,-25.6789887],[-57.0829188,-25.6789129],[-57.0829702,-25.6788971],[-57.0830566,-25.678894],[-57.0831488,-25.6789056],[-57.0833625,-25.6789498],[-57.0859044,-25.6795087]]}},{"type":"Feature","properties":{"waterway":"ditch","audit_class":"ditch","audit_color":"#60a5fa","feature_id":"lqv-wat-00554","category":"ditch","source":"osm_waterway","class_label":"Ditch / drain (OSM)","color":"#fb923c","width":0.8,"draw_priority":7},"geometry":{"type":"LineString","coordinates":[[-57.0829188,-25.6789129],[-57.0834801,-25.6780965],[-57.0844801,-25.6783111],[-57.0852056,-25.6785072]]}},{"type":"Feature","properties":{"intermittent":"no","waterway":"ditch","audit_class":"ditch","audit_color":"#60a5fa","feature_id":"lqv-wat-00555","category":"ditch","source":"osm_waterway","class_label":"Ditch / drain (OSM)","color":"#fb923c","width":0.8,"draw_priority":7},"geometry":{"type":"LineString","coordinates":[[-57.1020836,-25.6884636],[-57.1020979,-25.6884271],[-57.1021056,-25.6883563],[-57.1021642,-25.6881286],[-57.1021903,-25.6879634],[-57.1022119,-25.6878246],[-57.1022212,-25.6877038],[-57.1022212,-25.6875928],[-57.1021996,-25.6874859],[-57.1021626,-25.6874109],[-57.1021179,-25.6873582],[-57.102101,-25.6872971],[-57.1021072,-25.6872554],[-57.1021457,-25.6871971],[-57.1022273,-25.6870777],[-57.1022705,-25.6870097],[-57.1022782,-25.6869306],[-57.1022566,-25.6867529],[-57.1020502,-25.684937],[-57.1018427,-25.6831211],[-57.1017389,-25.6822127],[-57.1016333,-25.6812879],[-57.101522,-25.6803141],[-57.1014129,-25.6793588],[-57.1013056,-25.6784196],[-57.1012121,-25.677601],[-57.101132,-25.6768998],[-57.1011181,-25.6767804],[-57.1010796,-25.6767137],[-57.1010118,-25.6766874],[-57.095238,-25.67536]]}},{"type":"Feature","properties":{"waterway":"ditch","audit_class":"ditch","audit_color":"#60a5fa","feature_id":"lqv-wat-00556","category":"ditch","source":"osm_waterway","class_label":"Ditch / drain (OSM)","color":"#fb923c","width":0.8,"draw_priority":7},"geometry":{"type":"LineString","coordinates":[[-57.101522,-25.6803141],[-57.0979257,-25.6795223],[-57.0975776,-25.6794556],[-57.0974512,-25.6794529],[-57.0974143,-25.679489],[-57.0972787,-25.679986],[-57.097137,-25.6804886],[-57.0970261,-25.6807885],[-57.0969614,-25.6808912],[-57.0969275,-25.6809689],[-57.0969151,-25.6810606],[-57.0969059,-25.6811522]]}},{"type":"Feature","properties":{"waterway":"ditch","audit_class":"ditch","audit_color":"#60a5fa","feature_id":"lqv-wat-00557","category":"ditch","source":"osm_waterway","class_label":"Ditch / drain (OSM)","color":"#fb923c","width":0.8,"draw_priority":7},"geometry":{"type":"LineString","coordinates":[[-57.0969059,-25.6811522],[-57.0969891,-25.6811828],[-57.0976684,-25.6811981],[-57.1016333,-25.6812879]]}},{"type":"Feature","properties":{"waterway":"ditch","audit_class":"ditch","audit_color":"#60a5fa","feature_id":"lqv-wat-00558","category":"ditch","source":"osm_waterway","class_label":"Ditch / drain (OSM)","color":"#fb923c","width":0.8,"draw_priority":7},"geometry":{"type":"LineString","coordinates":[[-57.1017389,-25.6822127],[-57.1005015,-25.6822018],[-57.0998884,-25.6822157],[-57.0975899,-25.6821713]]}},{"type":"Feature","properties":{"waterway":"ditch","audit_class":"ditch","audit_color":"#60a5fa","feature_id":"lqv-wat-00559","category":"ditch","source":"osm_waterway","class_label":"Ditch / drain (OSM)","color":"#fb923c","width":0.8,"draw_priority":7},"geometry":{"type":"LineString","coordinates":[[-57.1018427,-25.6831211],[-57.0996727,-25.6831931],[-57.0982862,-25.6832292],[-57.0982492,-25.6832097],[-57.098203,-25.6831209],[-57.0981568,-25.6828043],[-57.0981044,-25.6826488],[-57.0980336,-25.6825544],[-57.0979257,-25.6825461],[-57.0977439,-25.6825267],[-57.0976176,-25.6824711],[-57.0975776,-25.6823295],[-57.0975899,-25.6821713],[-57.0975406,-25.6820352],[-57.0975252,-25.6818658],[-57.0975468,-25.6817881],[-57.0975745,-25.6817409],[-57.0976885,-25.6817075],[-57.0977809,-25.6816826],[-57.0978241,-25.681627],[-57.0978487,-25.6815632],[-57.0978302,-25.6815021],[-57.0977797,-25.6814491],[-57.0977113,-25.6814152],[-57.0976751,-25.6813621],[-57.0976724,-25.6812823],[-57.0976684,-25.6811981]]}},{"type":"Feature","properties":{"waterway":"ditch","audit_class":"ditch","audit_color":"#60a5fa","feature_id":"lqv-wat-00560","category":"ditch","source":"osm_waterway","class_label":"Ditch / drain (OSM)","color":"#fb923c","width":0.8,"draw_priority":7},"geometry":{"type":"LineString","coordinates":[[-57.0864213,-25.6788788],[-57.0859044,-25.6795087],[-57.0853383,-25.6802743],[-57.0848216,-25.680984]]}},{"type":"Feature","properties":{"waterway":"ditch","audit_class":"ditch","audit_color":"#60a5fa","feature_id":"lqv-wat-00561","category":"ditch","source":"osm_waterway","class_label":"Ditch / drain (OSM)","color":"#fb923c","width":0.8,"draw_priority":7},"geometry":{"type":"LineString","coordinates":[[-57.0872672,-25.6779794],[-57.0867098,-25.6787481],[-57.0900366,-25.6795184],[-57.0927299,-25.6801467],[-57.0928857,-25.6801595],[-57.0929972,-25.6801324],[-57.093114,-25.6800558],[-57.0932431,-25.679941],[-57.0933334,-25.6798947],[-57.0934307,-25.6798708],[-57.0935351,-25.6798549],[-57.0936466,-25.6798628],[-57.0937439,-25.6798915],[-57.0938501,-25.6799187]]}},{"type":"Feature","properties":{"waterway":"ditch","audit_class":"ditch","audit_color":"#60a5fa","feature_id":"lqv-wat-00562","category":"ditch","source":"osm_waterway","class_label":"Ditch / drain (OSM)","color":"#fb923c","width":0.8,"draw_priority":7},"geometry":{"type":"LineString","coordinates":[[-57.0864691,-25.6787927],[-57.0852056,-25.6785072],[-57.0851773,-25.6783797],[-57.0838519,-25.6780623],[-57.0837315,-25.6778215],[-57.0837298,-25.6777832],[-57.0837475,-25.6777465],[-57.0841102,-25.677233],[-57.0852959,-25.67752],[-57.0872672,-25.6779794],[-57.0881591,-25.6781771],[-57.0902631,-25.678654]]}},{"type":"Feature","properties":{"waterway":"ditch","audit_class":"ditch","audit_color":"#60a5fa","feature_id":"lqv-wat-00563","category":"ditch","source":"osm_waterway","class_label":"Ditch / drain (OSM)","color":"#fb923c","width":0.8,"draw_priority":7},"geometry":{"type":"LineString","coordinates":[[-57.0841102,-25.677233],[-57.0846793,-25.6764481],[-57.0855514,-25.6766002],[-57.0863096,-25.6767706],[-57.0876105,-25.6770637],[-57.0910194,-25.6778588],[-57.094841,-25.678718]]}},{"type":"Feature","properties":{"waterway":"ditch","audit_class":"ditch","audit_color":"#60a5fa","feature_id":"lqv-wat-00564","category":"ditch","source":"osm_waterway","class_label":"Ditch / drain (OSM)","color":"#fb923c","width":0.8,"draw_priority":7},"geometry":{"type":"LineString","coordinates":[[-57.0846793,-25.6764481],[-57.0851835,-25.675763],[-57.0853379,-25.6758161],[-57.0875374,-25.6763327],[-57.0913487,-25.6772047],[-57.0951317,-25.6780768]]}},{"type":"Feature","properties":{"waterway":"ditch","audit_class":"ditch","audit_color":"#60a5fa","feature_id":"lqv-wat-00565","category":"ditch","source":"osm_waterway","class_label":"Ditch / drain (OSM)","color":"#fb923c","width":0.8,"draw_priority":7},"geometry":{"type":"LineString","coordinates":[[-57.1014129,-25.6793588],[-57.1011736,-25.6793227],[-57.0977995,-25.6785378],[-57.0977154,-25.6784852],[-57.0976594,-25.6784683],[-57.0975566,-25.6784662],[-57.0970383,-25.6783568],[-57.0955625,-25.6780117]]}},{"type":"Feature","properties":{"waterway":"ditch","audit_class":"ditch","audit_color":"#60a5fa","feature_id":"lqv-wat-00566","category":"ditch","source":"osm_waterway","class_label":"Ditch / drain (OSM)","color":"#fb923c","width":0.8,"draw_priority":7},"geometry":{"type":"LineString","coordinates":[[-57.1013056,-25.6784196],[-57.0973652,-25.6775361],[-57.0955229,-25.6771278]]}},{"type":"Feature","properties":{"waterway":"ditch","audit_class":"ditch","audit_color":"#60a5fa","feature_id":"lqv-wat-00567","category":"ditch","source":"osm_waterway","class_label":"Ditch / drain (OSM)","color":"#fb923c","width":0.8,"draw_priority":7},"geometry":{"type":"LineString","coordinates":[[-57.1012121,-25.677601],[-57.1008513,-25.6775466],[-57.0956349,-25.6763155]]}},{"type":"Feature","properties":{"waterway":"ditch","audit_class":"ditch","audit_color":"#60a5fa","feature_id":"lqv-wat-00568","category":"ditch","source":"osm_waterway","class_label":"Ditch / drain (OSM)","color":"#fb923c","width":0.8,"draw_priority":7},"geometry":{"type":"LineString","coordinates":[[-57.0304116,-25.6613486],[-57.0303674,-25.6613655],[-57.0303271,-25.6613667],[-57.0302829,-25.6612845],[-57.0301944,-25.6611165],[-57.0300442,-25.6608457],[-57.0299557,-25.6606862],[-57.0298967,-25.6605568],[-57.0298484,-25.6604698],[-57.0297786,-25.6603694],[-57.0297644,-25.6603506],[-57.0296794,-25.6602377],[-57.0295761,-25.6601301]]}},{"type":"Feature","properties":{"waterway":"ditch","audit_class":"ditch","audit_color":"#60a5fa","feature_id":"lqv-wat-00569","category":"ditch","source":"osm_waterway","class_label":"Ditch / drain (OSM)","color":"#fb923c","width":0.8,"draw_priority":7},"geometry":{"type":"LineString","coordinates":[[-57.0303271,-25.6613667],[-57.0302413,-25.6613752],[-57.0301919,-25.6613746],[-57.0301394,-25.661374],[-57.0300777,-25.6613595],[-57.0300442,-25.6613329],[-57.0300227,-25.661287],[-57.0299932,-25.6612072],[-57.0299557,-25.6611346],[-57.0299087,-25.6610669],[-57.0298953,-25.6609763],[-57.0298926,-25.6608747],[-57.0298819,-25.6607406],[-57.0298376,-25.6606028],[-57.0297652,-25.6604722],[-57.0297585,-25.6604275],[-57.0297644,-25.6603506]]}},{"type":"Feature","properties":{"waterway":"ditch","audit_class":"ditch","audit_color":"#60a5fa","feature_id":"lqv-wat-00570","category":"ditch","source":"osm_waterway","class_label":"Ditch / drain (OSM)","color":"#fb923c","width":0.8,"draw_priority":7},"geometry":{"type":"LineString","coordinates":[[-57.0297263,-25.6600527],[-57.0295761,-25.6601301],[-57.0293803,-25.6602546],[-57.0291269,-25.6604371],[-57.028699,-25.6607647],[-57.0280446,-25.6612555],[-57.0279333,-25.6613413],[-57.027822,-25.6614368],[-57.0276382,-25.6616049],[-57.0272418,-25.6619841],[-57.0272088,-25.6620157]]}},{"type":"Feature","properties":{"waterway":"ditch","audit_class":"ditch","audit_color":"#60a5fa","feature_id":"lqv-wat-00571","category":"ditch","source":"osm_waterway","class_label":"Ditch / drain (OSM)","color":"#fb923c","width":0.8,"draw_priority":7},"geometry":{"type":"LineString","coordinates":[[-57.0323985,-25.6601638],[-57.0321861,-25.6603536],[-57.0319331,-25.6605514],[-57.0318163,-25.6606376],[-57.0316712,-25.6607524],[-57.0315579,-25.6608242],[-57.0314518,-25.6608609],[-57.0313367,-25.6608864],[-57.031204,-25.6609087],[-57.0310589,-25.6609518],[-57.0309156,-25.6610236],[-57.0306785,-25.6611703]]}},{"type":"Feature","properties":{"layer":"-1","tunnel":"culvert","waterway":"ditch","audit_class":"ditch","audit_color":"#60a5fa","feature_id":"lqv-wat-00572","category":"ditch","source":"osm_waterway","class_label":"Ditch / drain (OSM)","color":"#fb923c","width":0.8,"draw_priority":7},"geometry":{"type":"LineString","coordinates":[[-57.0306785,-25.6611703],[-57.0305248,-25.661273],[-57.0304116,-25.6613486]]}},{"type":"Feature","properties":{"waterway":"ditch","audit_class":"ditch","audit_color":"#60a5fa","feature_id":"lqv-wat-00573","category":"ditch","source":"osm_waterway","class_label":"Ditch / drain (OSM)","color":"#fb923c","width":0.8,"draw_priority":7},"geometry":{"type":"LineString","coordinates":[[-57.0296711,-25.6652206],[-57.0292554,-25.664742],[-57.0276541,-25.6626193],[-57.0272088,-25.6620157],[-57.0269353,-25.661645],[-57.0268977,-25.6615241],[-57.026828,-25.6611518],[-57.0264525,-25.6589154],[-57.0262647,-25.6577646],[-57.026085,-25.6567733]]}},{"type":"Feature","properties":{"waterway":"ditch","audit_class":"ditch","audit_color":"#60a5fa","feature_id":"lqv-wat-00574","category":"ditch","source":"osm_waterway","class_label":"Ditch / drain (OSM)","color":"#fb923c","width":0.8,"draw_priority":7},"geometry":{"type":"LineString","coordinates":[[-57.029081,-25.6586108],[-57.0288542,-25.6585451],[-57.0263505,-25.6578202]]}},{"type":"Feature","properties":{"waterway":"ditch","audit_class":"ditch","audit_color":"#60a5fa","feature_id":"lqv-wat-00575","category":"ditch","source":"osm_waterway","class_label":"Ditch / drain (OSM)","color":"#fb923c","width":0.8,"draw_priority":7},"geometry":{"type":"LineString","coordinates":[[-57.0288542,-25.6585451],[-57.0287967,-25.6582239],[-57.0287216,-25.6579507],[-57.0286975,-25.6573802],[-57.0287109,-25.6572883],[-57.0287377,-25.6572109],[-57.0287833,-25.657136],[-57.0291454,-25.6565509],[-57.0294136,-25.6561544],[-57.0295585,-25.6559029],[-57.0293003,-25.6554704],[-57.0292742,-25.6554266],[-57.0293841,-25.6552501]]}},{"type":"Feature","properties":{"waterway":"ditch","audit_class":"ditch","audit_color":"#60a5fa","feature_id":"lqv-wat-00576","category":"ditch","source":"osm_waterway","class_label":"Ditch / drain (OSM)","color":"#fb923c","width":0.8,"draw_priority":7},"geometry":{"type":"LineString","coordinates":[[-57.026769,-25.6530547],[-57.0267422,-25.6540799],[-57.0267073,-25.6552211]]}},{"type":"Feature","properties":{"waterway":"ditch","audit_class":"ditch","audit_color":"#60a5fa","feature_id":"lqv-wat-00577","category":"ditch","source":"osm_waterway","class_label":"Ditch / drain (OSM)","color":"#fb923c","width":0.8,"draw_priority":7},"geometry":{"type":"LineString","coordinates":[[-57.0255888,-25.6538671],[-57.026769,-25.6530547],[-57.0271579,-25.6527404],[-57.0273456,-25.6525905],[-57.0274878,-25.6524624],[-57.0276326,-25.6522907],[-57.0277319,-25.6521577],[-57.0278767,-25.6520102],[-57.0284024,-25.6515484]]}},{"type":"Feature","properties":{"waterway":"ditch","audit_class":"ditch","audit_color":"#60a5fa","feature_id":"lqv-wat-00578","category":"ditch","source":"osm_waterway","class_label":"Ditch / drain (OSM)","color":"#fb923c","width":0.8,"draw_priority":7},"geometry":{"type":"LineString","coordinates":[[-57.032887,-25.6629293],[-57.0320337,-25.6625542],[-57.0318128,-25.6624571]]}},{"type":"Feature","properties":{"intermittent":"no","waterway":"ditch","audit_class":"ditch","audit_color":"#60a5fa","feature_id":"lqv-wat-00579","category":"ditch","source":"osm_waterway","class_label":"Ditch / drain (OSM)","color":"#fb923c","width":0.8,"draw_priority":7},"geometry":{"type":"LineString","coordinates":[[-57.0302028,-25.6517186],[-57.0297945,-25.6513409],[-57.0296774,-25.6512617],[-57.0292553,-25.6509881],[-57.0286545,-25.6505271],[-57.0283156,-25.6506659],[-57.028294,-25.650702],[-57.0282863,-25.6507548],[-57.0283086,-25.6508412],[-57.0284758,-25.6514881]]}},{"type":"Feature","properties":{"waterway":"ditch","audit_class":"ditch","audit_color":"#60a5fa","feature_id":"lqv-wat-00580","category":"ditch","source":"osm_waterway","class_label":"Ditch / drain (OSM)","color":"#fb923c","width":0.8,"draw_priority":7},"geometry":{"type":"LineString","coordinates":[[-57.0292831,-25.6475649],[-57.0293342,-25.6479127],[-57.0293616,-25.6480996],[-57.0293709,-25.648812],[-57.0293524,-25.6494369],[-57.0293524,-25.6498119],[-57.0293046,-25.6505282],[-57.0292921,-25.6507157],[-57.02928,-25.6508965],[-57.0292553,-25.6509881]]}},{"type":"Feature","properties":{"waterway":"ditch","audit_class":"ditch","audit_color":"#60a5fa","feature_id":"lqv-wat-00581","category":"ditch","source":"osm_waterway","class_label":"Ditch / drain (OSM)","color":"#fb923c","width":0.8,"draw_priority":7},"geometry":{"type":"LineString","coordinates":[[-57.0286545,-25.6505271],[-57.0286299,-25.6504146],[-57.0283218,-25.6499577],[-57.0281061,-25.6497591],[-57.0279829,-25.6496938],[-57.0279613,-25.6497022],[-57.0279505,-25.6497107],[-57.027855,-25.6497855],[-57.027761,-25.6498272],[-57.0276609,-25.6498522],[-57.0275577,-25.6498633],[-57.0274575,-25.6498744],[-57.027421,-25.6498822],[-57.0273944,-25.6498883],[-57.0273266,-25.6499202],[-57.0272619,-25.6499674],[-57.0272034,-25.6500257],[-57.0271525,-25.6500924],[-57.0271504,-25.6500963],[-57.0271017,-25.6501896],[-57.0270913,-25.6502289],[-57.0270755,-25.6502938],[-57.0270478,-25.650516],[-57.0270539,-25.6506382]]}},{"type":"Feature","properties":{"waterway":"ditch","audit_class":"ditch","audit_color":"#60a5fa","feature_id":"lqv-wat-00582","category":"ditch","source":"osm_waterway","class_label":"Ditch / drain (OSM)","color":"#fb923c","width":0.8,"draw_priority":7},"geometry":{"type":"LineString","coordinates":[[-57.0213521,-25.6495121],[-57.0215453,-25.6495084],[-57.0218423,-25.6495026],[-57.0234951,-25.6495743],[-57.0238721,-25.6495935],[-57.0239074,-25.6497131],[-57.0239181,-25.6498264],[-57.0239234,-25.6499572],[-57.0239128,-25.6500992],[-57.0239004,-25.6503943],[-57.0239163,-25.6506256],[-57.0239552,-25.6508569]]}},{"type":"Feature","properties":{"waterway":"ditch","audit_class":"ditch","audit_color":"#60a5fa","feature_id":"lqv-wat-00583","category":"ditch","source":"osm_waterway","class_label":"Ditch / drain (OSM)","color":"#fb923c","width":0.8,"draw_priority":7},"geometry":{"type":"LineString","coordinates":[[-57.0225069,-25.654503],[-57.0223293,-25.6543058],[-57.021832,-25.6536925],[-57.0215236,-25.6532857],[-57.02141,-25.6531358]]}},{"type":"Feature","properties":{"waterway":"ditch","audit_class":"ditch","audit_color":"#60a5fa","feature_id":"lqv-wat-00584","category":"ditch","source":"osm_waterway","class_label":"Ditch / drain (OSM)","color":"#fb923c","width":0.8,"draw_priority":7},"geometry":{"type":"LineString","coordinates":[[-57.0216888,-25.6473893],[-57.0218726,-25.6473042],[-57.0221649,-25.6471737],[-57.0226826,-25.6469754],[-57.0230608,-25.6468376]]}},{"type":"Feature","properties":{"waterway":"ditch","audit_class":"ditch","audit_color":"#60a5fa","feature_id":"lqv-wat-00585","category":"ditch","source":"osm_waterway","class_label":"Ditch / drain (OSM)","color":"#fb923c","width":0.8,"draw_priority":7},"geometry":{"type":"LineString","coordinates":[[-57.0235336,-25.6574898],[-57.0233727,-25.6573568],[-57.0231259,-25.6572226],[-57.0229838,-25.6571803],[-57.0228805,-25.6568152],[-57.0223481,-25.6562447],[-57.0215863,-25.6562289],[-57.0205456,-25.6565614]]}},{"type":"Feature","properties":{"waterway":"ditch","audit_class":"ditch","audit_color":"#60a5fa","feature_id":"lqv-wat-00586","category":"ditch","source":"osm_waterway","class_label":"Ditch / drain (OSM)","color":"#fb923c","width":0.8,"draw_priority":7},"geometry":{"type":"LineString","coordinates":[[-57.0229838,-25.6571803],[-57.0217636,-25.657249],[-57.0217079,-25.6572653],[-57.0208168,-25.6576811]]}},{"type":"Feature","properties":{"waterway":"ditch","audit_class":"ditch","audit_color":"#60a5fa","feature_id":"lqv-wat-00587","category":"ditch","source":"osm_waterway","class_label":"Ditch / drain (OSM)","color":"#fb923c","width":0.8,"draw_priority":7},"geometry":{"type":"LineString","coordinates":[[-57.0208168,-25.6576811],[-57.0199358,-25.655228]]}},{"type":"Feature","properties":{"waterway":"ditch","audit_class":"ditch","audit_color":"#60a5fa","feature_id":"lqv-wat-00588","category":"ditch","source":"osm_waterway","class_label":"Ditch / drain (OSM)","color":"#fb923c","width":0.8,"draw_priority":7},"geometry":{"type":"LineString","coordinates":[[-57.0208168,-25.6576811],[-57.021062,-25.6583371]]}},{"type":"Feature","properties":{"layer":"-1","tunnel":"culvert","waterway":"ditch","audit_class":"ditch","audit_color":"#60a5fa","feature_id":"lqv-wat-00589","category":"ditch","source":"osm_waterway","class_label":"Ditch / drain (OSM)","color":"#fb923c","width":0.8,"draw_priority":7},"geometry":{"type":"LineString","coordinates":[[-57.0226084,-25.6546216],[-57.0225069,-25.654503]]}},{"type":"Feature","properties":{"waterway":"ditch","audit_class":"ditch","audit_color":"#60a5fa","feature_id":"lqv-wat-00590","category":"ditch","source":"osm_waterway","class_label":"Ditch / drain (OSM)","color":"#fb923c","width":0.8,"draw_priority":7},"geometry":{"type":"LineString","coordinates":[[-57.0258916,-25.6470171],[-57.0258942,-25.6469596],[-57.0258986,-25.6469397],[-57.0259331,-25.6469277],[-57.0260154,-25.6469118],[-57.0260667,-25.6468942],[-57.0260951,-25.6468679],[-57.0261048,-25.646832],[-57.0261021,-25.6467778],[-57.0260703,-25.6466214],[-57.0259676,-25.6461086]]}},{"type":"Feature","properties":{"waterway":"ditch","audit_class":"ditch","audit_color":"#60a5fa","feature_id":"lqv-wat-00591","category":"ditch","source":"osm_waterway","class_label":"Ditch / drain (OSM)","color":"#fb923c","width":0.8,"draw_priority":7},"geometry":{"type":"LineString","coordinates":[[-57.0264645,-25.6679042],[-57.026869,-25.6692343],[-57.0274721,-25.670986],[-57.027512,-25.6710896]]}},{"type":"Feature","properties":{"waterway":"ditch","audit_class":"ditch","audit_color":"#60a5fa","feature_id":"lqv-wat-00592","category":"ditch","source":"osm_waterway","class_label":"Ditch / drain (OSM)","color":"#fb923c","width":0.8,"draw_priority":7},"geometry":{"type":"LineString","coordinates":[[-57.026869,-25.6692343],[-57.026848,-25.6693417],[-57.0267926,-25.6693972],[-57.0260901,-25.6697277],[-57.0228581,-25.6711745]]}},{"type":"Feature","properties":{"waterway":"ditch","audit_class":"ditch","audit_color":"#60a5fa","feature_id":"lqv-wat-00593","category":"ditch","source":"osm_waterway","class_label":"Ditch / drain (OSM)","color":"#fb923c","width":0.8,"draw_priority":7},"geometry":{"type":"LineString","coordinates":[[-57.0233266,-25.6682432],[-57.0222939,-25.6690978]]}},{"type":"Feature","properties":{"waterway":"ditch","audit_class":"ditch","audit_color":"#60a5fa","feature_id":"lqv-wat-00594","category":"ditch","source":"osm_waterway","class_label":"Ditch / drain (OSM)","color":"#fb923c","width":0.8,"draw_priority":7},"geometry":{"type":"LineString","coordinates":[[-57.0253109,-25.6675998],[-57.0251822,-25.6680193],[-57.0249515,-25.6687034],[-57.0248992,-25.6687929],[-57.0248321,-25.6688702],[-57.0246658,-25.6690249],[-57.0243239,-25.669303]]}},{"type":"Feature","properties":{"waterway":"ditch","audit_class":"ditch","audit_color":"#60a5fa","feature_id":"lqv-wat-00595","category":"ditch","source":"osm_waterway","class_label":"Ditch / drain (OSM)","color":"#fb923c","width":0.8,"draw_priority":7},"geometry":{"type":"LineString","coordinates":[[-57.0243667,-25.6723556],[-57.0242922,-25.6723203],[-57.024103,-25.6722081],[-57.023681,-25.6719768],[-57.0231713,-25.6719106]]}},{"type":"Feature","properties":{"waterway":"ditch","audit_class":"ditch","audit_color":"#60a5fa","feature_id":"lqv-wat-00596","category":"ditch","source":"osm_waterway","class_label":"Ditch / drain (OSM)","color":"#fb923c","width":0.8,"draw_priority":7},"geometry":{"type":"LineString","coordinates":[[-57.0211476,-25.6735514],[-57.021115,-25.6734807],[-57.0206269,-25.6721635],[-57.0203397,-25.6712217]]}},{"type":"Feature","properties":{"waterway":"ditch","audit_class":"ditch","audit_color":"#60a5fa","feature_id":"lqv-wat-00597","category":"ditch","source":"osm_waterway","class_label":"Ditch / drain (OSM)","color":"#fb923c","width":0.8,"draw_priority":7},"geometry":{"type":"LineString","coordinates":[[-57.0203696,-25.6737453],[-57.0202344,-25.6736708],[-57.0197688,-25.6733815],[-57.0195053,-25.6732226],[-57.0189245,-25.6732365],[-57.0181705,-25.6731011]]}},{"type":"Feature","properties":{"waterway":"ditch","audit_class":"ditch","audit_color":"#60a5fa","feature_id":"lqv-wat-00598","category":"ditch","source":"osm_waterway","class_label":"Ditch / drain (OSM)","color":"#fb923c","width":0.8,"draw_priority":7},"geometry":{"type":"LineString","coordinates":[[-57.0301967,-25.6461955],[-57.0302971,-25.6462797],[-57.0302924,-25.6463408],[-57.0302457,-25.6464523],[-57.0302037,-25.6465807],[-57.0302037,-25.6466986],[-57.03022,-25.6468354],[-57.0303531,-25.6472227]]}},{"type":"Feature","properties":{"waterway":"ditch","audit_class":"ditch","audit_color":"#60a5fa","feature_id":"lqv-wat-00599","category":"ditch","source":"osm_waterway","class_label":"Ditch / drain (OSM)","color":"#fb923c","width":0.8,"draw_priority":7},"geometry":{"type":"LineString","coordinates":[[-57.0294545,-25.6472399],[-57.0293669,-25.6473077],[-57.0293164,-25.6473866],[-57.0292925,-25.6474656]]}},{"type":"Feature","properties":{"layer":"-1","tunnel":"culvert","waterway":"ditch","audit_class":"ditch","audit_color":"#60a5fa","feature_id":"lqv-wat-00600","category":"ditch","source":"osm_waterway","class_label":"Ditch / drain (OSM)","color":"#fb923c","width":0.8,"draw_priority":7},"geometry":{"type":"LineString","coordinates":[[-57.0292925,-25.6474656],[-57.0292831,-25.6475649]]}},{"type":"Feature","properties":{"waterway":"ditch","audit_class":"ditch","audit_color":"#60a5fa","feature_id":"lqv-wat-00601","category":"ditch","source":"osm_waterway","class_label":"Ditch / drain (OSM)","color":"#fb923c","width":0.8,"draw_priority":7},"geometry":{"type":"LineString","coordinates":[[-57.0116715,-25.6548473],[-57.0116701,-25.6549029],[-57.0116567,-25.6549646],[-57.0116299,-25.6550214],[-57.011595,-25.6550686],[-57.0115709,-25.6551205],[-57.01154,-25.6552064],[-57.0115387,-25.655262],[-57.0115655,-25.6554602]]}}]}