{"type":"FeatureCollection","features":[{"type":"Feature","geometry":{"type":"LineString","coordinates":[[-56.5491949,-25.4725344],[-56.5491519,-25.4724278],[-56.5490393,-25.4723213],[-56.5489679,-25.4723053],[-56.5489159,-25.4724036],[-56.5488982,-25.4725038],[-56.5489519,-25.4725959],[-56.5490216,-25.4726007],[-56.5491949,-25.4725344]]},"properties":{"natural":"wetland","osm_id":163061317,"osm_type":"way"}},{"type":"Feature","geometry":{"type":"LineString","coordinates":[[-56.5647195,-25.5231906],[-56.5644658,-25.523315],[-56.5643011,-25.5234666],[-56.5641922,-25.5236588],[-56.5641763,-25.5238524],[-56.5642528,-25.5240281],[-56.5643708,-25.5241346],[-56.5644781,-25.5241975],[-56.5645569,-25.5242203],[-56.5646337,-25.5241152],[-56.5648429,-25.5240523],[-56.5651057,-25.5240233],[-56.5652329,-25.5240363],[-56.5651916,-25.5238296],[-56.5653632,-25.5231567],[-56.5655724,-25.5227356],[-56.5658031,-25.5224935],[-56.5660965,-25.5223178],[-56.5664737,-25.5222563],[-56.5666829,-25.5222321],[-56.5669725,-25.5222902],[-56.5671227,-25.5223628],[-56.5674124,-25.5220337],[-56.5673427,-25.5212301],[-56.5670316,-25.5213946],[-56.5667885,-25.5215675],[-56.5666813,-25.5217175],[-56.5665632,-25.5218095],[-56.5664613,-25.5218918],[-56.5662913,-25.5219417],[-56.5660713,-25.5219562],[-56.5658889,-25.5219949],[-56.5657371,-25.522037],[-56.5656529,-25.5220966],[-56.5655993,-25.5221547],[-56.5656191,-25.5222355],[-56.5656084,-25.5223711],[-56.5655563,-25.5224935],[-56.5654635,-25.5225889],[-56.5654169,-25.5227162],[-56.5652972,-25.5228164],[-56.5651739,-25.5228794],[-56.5650145,-25.5229437],[-56.5648375,-25.5229776],[-56.5647088,-25.5229873],[-56.5647088,-25.5230841],[-56.5647195,-25.5231906]]},"properties":{"natural":"wetland","osm_id":163064306,"osm_type":"way"}},{"type":"Feature","geometry":{"type":"LineString","coordinates":[[-56.6111968,-25.4323508],[-56.6113363,-25.4324477],[-56.6114543,-25.4324719],[-56.6115616,-25.4324767],[-56.6116152,-25.4324428],[-56.6116297,-25.4323588],[-56.6115509,-25.4322442],[-56.6114473,-25.4321359],[-56.6113899,-25.4320552],[-56.6113363,-25.4319874],[-56.6113041,-25.4320698],[-56.6111845,-25.4321456],[-56.611052,-25.4321425],[-56.6111324,-25.432249],[-56.6111968,-25.4323508]]},"properties":{"natural":"wetland","osm_id":163068010,"osm_type":"way"}},{"type":"Feature","geometry":{"type":"LineString","coordinates":[[-56.567553,-25.4711636],[-56.5674985,-25.4712994],[-56.5675307,-25.471406],[-56.5676273,-25.4715028],[-56.5677507,-25.4715706],[-56.5678668,-25.4716232],[-56.5679848,-25.4716861],[-56.5680653,-25.4717927],[-56.5681028,-25.4718702],[-56.5681637,-25.4719338],[-56.5682048,-25.4720929],[-56.5681887,-25.4722915],[-56.5681779,-25.4724126],[-56.5682066,-25.4725005],[-56.5682442,-25.472699],[-56.5682477,-25.4725772],[-56.5682584,-25.4724368],[-56.5683121,-25.4723012],[-56.5683461,-25.4721663],[-56.5683837,-25.472021],[-56.5684247,-25.4717733],[-56.5684427,-25.4715173],[-56.5684783,-25.4713132],[-56.5685607,-25.4711929],[-56.568668,-25.4711008],[-56.5687645,-25.4711202],[-56.5688968,-25.4712115],[-56.5689523,-25.4714399],[-56.5689255,-25.4710476],[-56.567553,-25.4711636]]},"properties":{"natural":"wetland","osm_id":163084110,"osm_type":"way"}},{"type":"Feature","geometry":{"type":"LineString","coordinates":[[-56.7525223,-25.5444016],[-56.7524902,-25.5445226],[-56.752458,-25.5446],[-56.752399,-25.5446726],[-56.7524419,-25.5447113],[-56.7525974,-25.5446968],[-56.7528013,-25.5446484],[-56.752973,-25.5445952],[-56.7530266,-25.5445952],[-56.7532036,-25.5447743],[-56.7534236,-25.5446145],[-56.7539117,-25.5445565],[-56.7539493,-25.5440918],[-56.7540083,-25.543995],[-56.7538211,-25.5437203],[-56.7538533,-25.5440301],[-56.7527691,-25.5442031],[-56.7526404,-25.544208],[-56.7525599,-25.5442467],[-56.7524902,-25.5442999],[-56.7524794,-25.5443483],[-56.7525223,-25.5444016]]},"properties":{"natural":"wetland","osm_id":163195401,"osm_type":"way"}},{"type":"Feature","geometry":{"type":"LineString","coordinates":[[-56.7197299,-25.6621602],[-56.7198321,-25.6621179],[-56.7198697,-25.6620357],[-56.7198479,-25.6619281],[-56.7197567,-25.6618894],[-56.7196387,-25.6618459],[-56.7195744,-25.6617492],[-56.7195317,-25.6615328],[-56.7194405,-25.6614748],[-56.7192632,-25.6615219],[-56.7190969,-25.6616041],[-56.7190594,-25.6616863],[-56.7190057,-25.6617879],[-56.7189145,-25.6618459],[-56.7188341,-25.6618749],[-56.7187697,-25.6620103],[-56.7187643,-25.6621312],[-56.7187536,-25.6622714],[-56.718716,-25.6623536],[-56.7186356,-25.6625325],[-56.7186088,-25.6626389],[-56.7186785,-25.6627114],[-56.7187804,-25.6626776],[-56.7189628,-25.662547],[-56.7191506,-25.66246],[-56.7192528,-25.662408],[-56.7193491,-25.6623198],[-56.719392,-25.6622521],[-56.7194888,-25.6621953],[-56.7195636,-25.6621699],[-56.7196495,-25.6621602],[-56.7197299,-25.6621602]]},"properties":{"natural":"wetland","osm_id":163196886,"osm_type":"way"}},{"type":"Feature","geometry":{"type":"LineString","coordinates":[[-56.5451018,-25.4708295],[-56.5451554,-25.4708537],[-56.5452664,-25.4707336],[-56.5453968,-25.4705825],[-56.5454971,-25.4704479],[-56.5455792,-25.4703597],[-56.5457348,-25.470258],[-56.5457814,-25.4700411],[-56.5458367,-25.4698754],[-56.5457669,-25.469827],[-56.5457991,-25.4696769],[-56.5457884,-25.4696284],[-56.5456918,-25.4697156],[-56.5455615,-25.4698038],[-56.5455202,-25.46989],[-56.5455148,-25.4699868],[-56.5454612,-25.4701321],[-56.5454006,-25.4702445],[-56.5453217,-25.470384],[-56.5451822,-25.470505],[-56.5451216,-25.470598],[-56.5451179,-25.4706988],[-56.5451018,-25.4707714],[-56.5451018,-25.4708295]]},"properties":{"natural":"wetland","osm_id":163401775,"osm_type":"way"}},{"type":"Feature","geometry":{"type":"LineString","coordinates":[[-56.6740678,-25.4975746],[-56.6739551,-25.497531],[-56.6738414,-25.4975269],[-56.6737674,-25.4975455],[-56.6736923,-25.4976375],[-56.6736601,-25.4977683],[-56.6736172,-25.4978506],[-56.6736386,-25.497928],[-56.6737298,-25.4979668],[-56.6737448,-25.4979384],[-56.6738092,-25.4978271],[-56.6739229,-25.4977973],[-56.6740302,-25.497807],[-56.6741321,-25.497899],[-56.6741268,-25.4977876],[-56.6741107,-25.4976714],[-56.6740678,-25.4975746]]},"properties":{"natural":"wetland","osm_id":163815431,"osm_type":"way"}},{"type":"Feature","geometry":{"type":"LineString","coordinates":[[-56.6437913,-25.4854064],[-56.6439093,-25.4856001],[-56.6440273,-25.4858035],[-56.6441453,-25.485973],[-56.6442473,-25.4860892],[-56.6442634,-25.4861909],[-56.6443546,-25.486249],[-56.6444779,-25.4862151],[-56.644612,-25.4862103],[-56.6447891,-25.4862635],[-56.6448964,-25.4862926],[-56.6450841,-25.4863604],[-56.6451968,-25.486433],[-56.6452933,-25.4864379],[-56.6453416,-25.4863894],[-56.645487,-25.4863709],[-56.6455291,-25.48628],[-56.6455079,-25.4861473],[-56.6453413,-25.4859894],[-56.6451163,-25.4858422],[-56.6449661,-25.4857551],[-56.6448749,-25.4856776],[-56.644762,-25.4856456],[-56.644612,-25.4856389],[-56.6445313,-25.4855439],[-56.6444777,-25.4853696],[-56.6443114,-25.4852631],[-56.6441987,-25.4852243],[-56.6441397,-25.4852389],[-56.644199,-25.4854113],[-56.6441504,-25.4854326],[-56.6440005,-25.4854984],[-56.6438878,-25.4853871],[-56.6438503,-25.4852127],[-56.6437913,-25.4854064]]},"properties":{"natural":"wetland","osm_id":163827066,"osm_type":"way"}},{"type":"Feature","geometry":{"type":"LineString","coordinates":[[-56.7302669,-25.5350757],[-56.7304493,-25.5351834],[-56.7304768,-25.535204],[-56.7304929,-25.5352373],[-56.7304996,-25.5352754],[-56.7304989,-25.5353141],[-56.7304842,-25.5355356],[-56.7304943,-25.5355586],[-56.730511,-25.5355792],[-56.7305332,-25.5355949],[-56.7305607,-25.5356034],[-56.7308282,-25.5356076],[-56.7308611,-25.5355979],[-56.7308939,-25.5355822],[-56.7309187,-25.5355586],[-56.7309308,-25.5355295],[-56.7309367,-25.5346485],[-56.7309318,-25.5346214],[-56.7309204,-25.5346014],[-56.7309013,-25.534589],[-56.7308791,-25.5345814],[-56.7307956,-25.5345804],[-56.7308235,-25.5343957],[-56.7308265,-25.5343839],[-56.7308346,-25.5343727],[-56.7308453,-25.534363],[-56.730857,-25.534357],[-56.7308775,-25.5343533],[-56.7308973,-25.5343449],[-56.730905,-25.5343258],[-56.7309052,-25.5343073],[-56.730904,-25.5341307],[-56.7308919,-25.5341028],[-56.7308691,-25.5340805],[-56.7308403,-25.5340684],[-56.7308074,-25.5340641],[-56.730291,-25.5340725],[-56.7302703,-25.5340823],[-56.7302521,-25.5340986],[-56.7302378,-25.5341225],[-56.7302307,-25.53415],[-56.7302237,-25.5343037],[-56.7301944,-25.5349511],[-56.7302669,-25.5350757]]},"properties":{"name":"Laguna Kue","natural":"wetland","osm_id":163965622,"osm_type":"way"}},{"type":"Feature","geometry":{"type":"LineString","coordinates":[[-57.2414624,-25.4046073],[-57.2415107,-25.404428],[-57.2414946,-25.4042197],[-57.2413336,-25.4040646],[-57.2411234,-25.4039529],[-57.2408444,-25.4039045],[-57.2405397,-25.4039192],[-57.2402929,-25.4039628],[-57.2401202,-25.4040644],[-57.2399807,-25.404263],[-57.2399335,-25.4045056],[-57.2399807,-25.4047621],[-57.2401266,-25.4050144],[-57.2403841,-25.4051791],[-57.2406674,-25.4052176],[-57.2408938,-25.4051791],[-57.2410493,-25.4051113],[-57.2412156,-25.4049707],[-57.2413497,-25.4048205],[-57.241413,-25.4046846],[-57.2414624,-25.4046073]]},"properties":{"natural":"wetland","osm_id":164569189,"osm_type":"way"}},{"type":"Feature","geometry":{"type":"LineString","coordinates":[[-57.1016549,-25.2270865],[-57.1018153,-25.2268029],[-57.1018641,-25.2264945],[-57.1017997,-25.2262761],[-57.1016924,-25.2261548],[-57.1015154,-25.2260383],[-57.1012418,-25.2258248],[-57.1010374,-25.2255023],[-57.1009575,-25.225291],[-57.100641,-25.2248154],[-57.1005176,-25.224699],[-57.100324,-25.2246337],[-57.100104,-25.2246094],[-57.1000182,-25.2246191],[-57.0990526,-25.225284],[-57.0992248,-25.2254463],[-57.0993369,-25.2256819],[-57.0994501,-25.225951],[-57.0995306,-25.2262713],[-57.0995944,-25.2265409],[-57.0996003,-25.2268099],[-57.0995783,-25.2269873],[-57.0995354,-25.2271475],[-57.0994978,-25.2273027],[-57.0995037,-25.2276446],[-57.0995247,-25.2277589],[-57.0995569,-25.2278948],[-57.0996647,-25.2279406],[-57.0998256,-25.2278921],[-57.1000075,-25.2278074],[-57.1001528,-25.2277126],[-57.100287,-25.227499],[-57.1004581,-25.2273998],[-57.1005766,-25.2273874],[-57.1007376,-25.227368],[-57.1011131,-25.2272807],[-57.1014296,-25.2271885],[-57.1015422,-25.2271399],[-57.1016549,-25.2270865]]},"properties":{"natural":"wetland","osm_id":164599179,"osm_type":"way"}},{"type":"Feature","geometry":{"type":"LineString","coordinates":[[-57.1674315,-25.2698506],[-57.1672398,-25.2698154],[-57.1670735,-25.2698784],[-57.1666717,-25.2701375],[-57.1664249,-25.2703509],[-57.1662854,-25.2705401],[-57.1662366,-25.2707371],[-57.1662259,-25.2709311],[-57.1663069,-25.2711077],[-57.166559,-25.271195],[-57.1670204,-25.2712678],[-57.1672188,-25.2712484],[-57.1674602,-25.271132],[-57.1676534,-25.2709476],[-57.1677231,-25.2707681],[-57.1677982,-25.2705256],[-57.167766,-25.2702394],[-57.1677124,-25.270055],[-57.1676051,-25.2699435],[-57.1675353,-25.2698998],[-57.1674315,-25.2698506]]},"properties":{"natural":"wetland","osm_id":164600613,"osm_type":"way"}},{"type":"Feature","geometry":{"type":"LineString","coordinates":[[-57.3233876,-25.2037181],[-57.3232326,-25.2037894],[-57.3230556,-25.2038282],[-57.3228947,-25.2038962],[-57.3227391,-25.2040078],[-57.3226372,-25.2041632],[-57.3225943,-25.204401],[-57.3225299,-25.2045563],[-57.3224757,-25.204684],[-57.3226742,-25.2047956],[-57.3228732,-25.2047068],[-57.3231682,-25.2045029],[-57.3232809,-25.2043088],[-57.3233447,-25.2040918],[-57.3233662,-25.2039559],[-57.323393,-25.2038443],[-57.323452,-25.2036404],[-57.3233876,-25.2037181]]},"properties":{"natural":"wetland","osm_id":164682622,"osm_type":"way"}},{"type":"Feature","geometry":{"type":"LineString","coordinates":[[-57.304242,-25.2193218],[-57.3043064,-25.219181],[-57.3043011,-25.21905],[-57.3042479,-25.2189758],[-57.3041567,-25.2189175],[-57.3039368,-25.2189175],[-57.3037592,-25.2189627],[-57.3035774,-25.2190437],[-57.3034481,-25.2191471],[-57.3034213,-25.2192587],[-57.3034481,-25.2193509],[-57.303513,-25.2195193],[-57.3034857,-25.2195936],[-57.303395,-25.2196261],[-57.3032502,-25.2196698],[-57.3031,-25.2197668],[-57.3029927,-25.2199173],[-57.3030082,-25.2200692],[-57.3031161,-25.2202861],[-57.3032931,-25.2204608],[-57.3034749,-25.2205496],[-57.3036144,-25.2205739],[-57.3037485,-25.2205448],[-57.3039416,-25.2203506],[-57.3040382,-25.2201225],[-57.3040436,-25.2199672],[-57.304006,-25.2198459],[-57.3039953,-25.2196566],[-57.3040167,-25.2195305],[-57.3040972,-25.2194286],[-57.3041889,-25.2193689],[-57.304242,-25.2193218]]},"properties":{"natural":"wetland","osm_id":164682979,"osm_type":"way"}},{"type":"Feature","geometry":{"type":"LineString","coordinates":[[-57.3028848,-25.220472],[-57.3027668,-25.2203895],[-57.3026601,-25.2204074],[-57.3025528,-25.2204851],[-57.3024616,-25.2205724],[-57.3024348,-25.2206695],[-57.3024503,-25.2208068],[-57.3024664,-25.2209184],[-57.3025415,-25.2209961],[-57.3026595,-25.2210058],[-57.302762,-25.2209558],[-57.3028366,-25.2208699],[-57.3028693,-25.220752],[-57.3028747,-25.2206501],[-57.3028956,-25.2205981],[-57.3028848,-25.220472]]},"properties":{"natural":"wetland","osm_id":164682985,"osm_type":"way"}},{"type":"Feature","geometry":{"type":"LineString","coordinates":[[-57.3070584,-25.2232479],[-57.3071013,-25.2231266],[-57.3070905,-25.2230149],[-57.3070154,-25.2229421],[-57.3068813,-25.2228936],[-57.3066834,-25.222897],[-57.3064849,-25.2229407],[-57.3062912,-25.2230052],[-57.3061362,-25.223096],[-57.3060016,-25.2231557],[-57.3058621,-25.2231896],[-57.3057387,-25.2231896],[-57.3055622,-25.2231542],[-57.3054013,-25.2230863],[-57.3052613,-25.2230732],[-57.3051277,-25.223096],[-57.3050151,-25.2231688],[-57.3049453,-25.2232707],[-57.3049394,-25.2233983],[-57.3049609,-25.2235148],[-57.3050789,-25.2236167],[-57.305213,-25.2236507],[-57.3053257,-25.2236507],[-57.3053691,-25.2236735],[-57.3053906,-25.2237366],[-57.3054061,-25.2238302],[-57.3054651,-25.2239127],[-57.3055563,-25.2239467],[-57.3056368,-25.2239467],[-57.3056904,-25.2238836],[-57.3057124,-25.2237997],[-57.3057548,-25.2236264],[-57.305846,-25.2235439],[-57.3059801,-25.2235002],[-57.3061571,-25.2235391],[-57.3062805,-25.2236216],[-57.3064254,-25.2236992],[-57.3065541,-25.2237186],[-57.3067048,-25.2236832],[-57.3068331,-25.2235924],[-57.3069564,-25.2234226],[-57.3070053,-25.2233241],[-57.3070584,-25.2232479]]},"properties":{"natural":"wetland","osm_id":164683157,"osm_type":"way"}},{"type":"Feature","geometry":{"type":"LineString","coordinates":[[-57.3822032,-25.4653375],[-57.3821925,-25.465197],[-57.3821227,-25.4651002],[-57.3820208,-25.4650372],[-57.3819556,-25.4651031],[-57.3819717,-25.4652241],[-57.3820101,-25.465352],[-57.3819618,-25.4654537],[-57.3819028,-25.4655118],[-57.3818545,-25.4656135],[-57.381843,-25.4657182],[-57.3818698,-25.4658199],[-57.3819234,-25.4659022],[-57.3819564,-25.4659671],[-57.3819556,-25.4660475],[-57.3819457,-25.4661802],[-57.3819342,-25.4663187],[-57.3819242,-25.4664708],[-57.381935,-25.4665822],[-57.3819618,-25.4667081],[-57.3819824,-25.4668612],[-57.3819771,-25.4669822],[-57.3819932,-25.4670839],[-57.3820254,-25.4672002],[-57.3820637,-25.4673087],[-57.3820744,-25.4674201],[-57.381994,-25.467575],[-57.381935,-25.4677397],[-57.3818859,-25.467917],[-57.3818384,-25.4680206],[-57.3818116,-25.468224],[-57.3817625,-25.4683819],[-57.3817043,-25.4685824],[-57.3816453,-25.4689263],[-57.3816453,-25.469057],[-57.3816775,-25.4691684],[-57.3816882,-25.469304],[-57.3817472,-25.4694009],[-57.3817464,-25.4695636],[-57.3816399,-25.4696818],[-57.3815157,-25.4698929],[-57.3814254,-25.4700644],[-57.3814307,-25.470355],[-57.3814085,-25.4704693],[-57.3813977,-25.4706049],[-57.3814031,-25.4707259],[-57.3814728,-25.4707841],[-57.381564,-25.4708034],[-57.3816453,-25.4707473],[-57.3817633,-25.4705438],[-57.3818438,-25.4703695],[-57.381902,-25.4702126],[-57.3818921,-25.4700789],[-57.381876,-25.4698852],[-57.3819127,-25.4696847],[-57.381961,-25.4695442],[-57.3820101,-25.4693379],[-57.382079,-25.4691859],[-57.382171,-25.4690134],[-57.3822185,-25.4688565],[-57.3822614,-25.4687209],[-57.3822622,-25.4684274],[-57.3822989,-25.4682075],[-57.3823266,-25.4680158],[-57.3823588,-25.4678608],[-57.3823802,-25.4676864],[-57.3823695,-25.4675314],[-57.3823373,-25.4674394],[-57.3822936,-25.4673406],[-57.3822837,-25.4672166],[-57.3822944,-25.4671052],[-57.3823373,-25.4669987],[-57.3823373,-25.4669212],[-57.3823319,-25.4667565],[-57.3822829,-25.4666384],[-57.3822193,-25.4664611],[-57.3821656,-25.4662335],[-57.3821871,-25.4660446],[-57.3822193,-25.4658557],[-57.3822032,-25.4656474],[-57.3821442,-25.4654828],[-57.3821549,-25.4653859],[-57.3822032,-25.4653375]]},"properties":{"natural":"wetland","osm_id":164779387,"osm_type":"way"}},{"type":"Feature","geometry":{"type":"LineString","coordinates":[[-57.3816667,-25.4616614],[-57.381715,-25.4617244],[-57.3818001,-25.4617031],[-57.3818652,-25.4615984],[-57.3818974,-25.461487],[-57.3818706,-25.4613805],[-57.3818269,-25.4613253],[-57.3817097,-25.461332],[-57.3816399,-25.4613708],[-57.3815863,-25.4614483],[-57.3816131,-25.4615597],[-57.3816346,-25.461613],[-57.3816667,-25.4616614]]},"properties":{"natural":"wetland","osm_id":164779801,"osm_type":"way"}},{"type":"Feature","geometry":{"type":"LineString","coordinates":[[-57.381656,-25.463962],[-57.381715,-25.464146],[-57.3818277,-25.4641799],[-57.3821495,-25.4641024],[-57.3821764,-25.463991],[-57.3821549,-25.4637634],[-57.3821227,-25.46356],[-57.3821066,-25.4633178],[-57.3820959,-25.4631725],[-57.3820959,-25.4630466],[-57.3821066,-25.4628965],[-57.3820691,-25.4626882],[-57.3820262,-25.4625041],[-57.3819618,-25.4623298],[-57.3819296,-25.4622039],[-57.3818491,-25.4621603],[-57.3817625,-25.4621729],[-57.3817258,-25.4622571],[-57.3817311,-25.4624121],[-57.3817633,-25.4626737],[-57.3818269,-25.4629381],[-57.381902,-25.4632239],[-57.3819556,-25.4634563],[-57.3819449,-25.4635338],[-57.3818599,-25.4635842],[-57.3817955,-25.4636569],[-57.3816713,-25.4638002],[-57.381656,-25.463962]]},"properties":{"natural":"wetland","osm_id":164779805,"osm_type":"way"}},{"type":"Feature","geometry":{"type":"LineString","coordinates":[[-57.3650318,-25.4624899],[-57.3650049,-25.4623398],[-57.364417,-25.4623325],[-57.3644095,-25.4624366],[-57.3644309,-25.4624754],[-57.3645543,-25.4624947],[-57.3645704,-25.4626643],[-57.3644814,-25.4626812],[-57.3645919,-25.4627611],[-57.3646777,-25.4628774],[-57.3646938,-25.4630372],[-57.3646777,-25.4631728],[-57.3646723,-25.4633133],[-57.3646777,-25.4634198],[-57.3647099,-25.4634925],[-57.3647582,-25.4636426],[-57.3647957,-25.4638702],[-57.3647957,-25.4639526],[-57.3647957,-25.4640688],[-57.364785,-25.4642093],[-57.3648065,-25.4643352],[-57.3648816,-25.4643982],[-57.3649727,-25.4644175],[-57.3650371,-25.464403],[-57.3650908,-25.4643546],[-57.365109,-25.4642214],[-57.365123,-25.4639429],[-57.3652163,-25.4636063],[-57.365109,-25.4635143],[-57.365109,-25.4633254],[-57.3651176,-25.4631389],[-57.3650961,-25.4629985],[-57.3650479,-25.4628725],[-57.3650371,-25.4627175],[-57.3650371,-25.4625965],[-57.3650318,-25.4624899]]},"properties":{"natural":"wetland","osm_id":164784134,"osm_type":"way"}},{"type":"Feature","geometry":{"type":"LineString","coordinates":[[-57.3650318,-25.4622429],[-57.3650157,-25.4620443],[-57.3649513,-25.4618215],[-57.364844,-25.4616956],[-57.3647421,-25.4616132],[-57.364653,-25.4616302],[-57.3645811,-25.4617925],[-57.3644953,-25.4620104],[-57.3644524,-25.462146],[-57.3643794,-25.4622453],[-57.3650318,-25.4622429]]},"properties":{"natural":"wetland","osm_id":164784135,"osm_type":"way"}},{"type":"Feature","geometry":{"type":"LineString","coordinates":[[-57.1844067,-25.4986108],[-57.1845301,-25.4984898],[-57.1846964,-25.4981993],[-57.1847661,-25.4979959],[-57.1849289,-25.4975645],[-57.1849767,-25.4974919],[-57.1850129,-25.4973907],[-57.1849163,-25.4972745],[-57.1848305,-25.497197],[-57.1846857,-25.4971486],[-57.1844925,-25.4971631],[-57.1843584,-25.4971582],[-57.1839722,-25.4971001],[-57.1833392,-25.497105],[-57.1831032,-25.4971486],[-57.1830763,-25.4972406],[-57.1831139,-25.4974149],[-57.1829637,-25.4976182],[-57.1829334,-25.4977371],[-57.183012,-25.4979572],[-57.1836557,-25.4986689],[-57.1838703,-25.4986931],[-57.1842404,-25.4986689],[-57.1844067,-25.4986108]]},"properties":{"natural":"wetland","osm_id":164785134,"osm_type":"way"}},{"type":"Feature","geometry":{"type":"LineString","coordinates":[[-57.4866003,-25.3272551],[-57.4866325,-25.3274006],[-57.4866955,-25.3274278],[-57.4868135,-25.3273647],[-57.4869061,-25.3272503],[-57.4871099,-25.32678],[-57.4873714,-25.3268217],[-57.4875069,-25.3268721],[-57.4875967,-25.3268701],[-57.487641,-25.3268091],[-57.4874693,-25.3267315],[-57.4871314,-25.3266975],[-57.4867237,-25.3266539],[-57.4862892,-25.3265715],[-57.4860853,-25.3265084],[-57.4859888,-25.326523],[-57.4857728,-25.3266132],[-57.4862664,-25.3277187],[-57.4865346,-25.3278011],[-57.4864876,-25.327483],[-57.4864716,-25.3273182],[-57.4864501,-25.3272357],[-57.4866003,-25.3272551]]},"properties":{"natural":"wetland","osm_id":166871523,"osm_type":"way"}},{"type":"Feature","geometry":{"type":"LineString","coordinates":[[-57.4513124,-25.509979],[-57.4516725,-25.5099573],[-57.4520086,-25.5098663],[-57.4521238,-25.5097017],[-57.4523062,-25.5096107],[-57.4526855,-25.5091644],[-57.4527143,-25.508965],[-57.4528632,-25.5087874],[-57.4529736,-25.5084104],[-57.4527816,-25.5080594],[-57.4524695,-25.5077517],[-57.4520662,-25.5074441],[-57.4518405,-25.5074311],[-57.4516148,-25.5072794],[-57.4509619,-25.5073011],[-57.4504721,-25.5071234],[-57.4502705,-25.5069241],[-57.4500544,-25.5068201],[-57.449776,-25.5068027],[-57.4495407,-25.5068894],[-57.4494399,-25.5070324],[-57.4494831,-25.508159],[-57.4497279,-25.508679],[-57.4497712,-25.5090864],[-57.4498816,-25.5093074],[-57.4500064,-25.509394],[-57.4499824,-25.5096107],[-57.4499056,-25.5097103],[-57.4499488,-25.5097883],[-57.45004,-25.5098317],[-57.4501072,-25.5099747],[-57.4503521,-25.5100397],[-57.4506162,-25.5100917],[-57.450669,-25.510187],[-57.450837,-25.5101913],[-57.4510915,-25.5101047],[-57.4513124,-25.509979]]},"properties":{"natural":"wetland","osm_id":166957111,"osm_type":"way"}},{"type":"Feature","geometry":{"type":"LineString","coordinates":[[-57.3955291,-25.8459092],[-57.395336,-25.8459671],[-57.3951107,-25.8459575],[-57.394902,-25.8458488],[-57.3947781,-25.8456388],[-57.3946922,-25.8451367],[-57.3947351,-25.8446733],[-57.394703,-25.8442581],[-57.3945528,-25.8441132],[-57.3943167,-25.8438815],[-57.39407,-25.8435822],[-57.3938661,-25.8435242],[-57.393555,-25.8434373],[-57.3933619,-25.8433408],[-57.3932546,-25.843167],[-57.3929971,-25.8431476],[-57.3924928,-25.8432056],[-57.3922941,-25.8431911],[-57.3921546,-25.8435097],[-57.392033,-25.8438155],[-57.391774,-25.8445381],[-57.3919564,-25.8447988],[-57.3921983,-25.8452212],[-57.3924236,-25.8457233],[-57.392606,-25.8460902],[-57.3927777,-25.8463316],[-57.3930674,-25.8465827],[-57.3934799,-25.8470775],[-57.3938876,-25.8474058],[-57.3940866,-25.8475675],[-57.3941987,-25.8476082],[-57.3949342,-25.8475482],[-57.39502,-25.8470848],[-57.3950141,-25.8468844],[-57.3950141,-25.8465851],[-57.3950248,-25.8464016],[-57.3951273,-25.8463123],[-57.3952823,-25.846334],[-57.3955184,-25.8462761],[-57.3957504,-25.8461092],[-57.3956685,-25.8459571],[-57.3961434,-25.8455765],[-57.3960226,-25.845465],[-57.3957437,-25.8456678],[-57.3955291,-25.8459092]]},"properties":{"natural":"wetland","osm_id":167189556,"osm_type":"way"}},{"type":"Feature","geometry":{"type":"LineString","coordinates":[[-57.2513976,-25.948663],[-57.2514566,-25.9485231],[-57.2514244,-25.948417],[-57.2512516,-25.9482634],[-57.2509083,-25.9479884],[-57.2507635,-25.9479257],[-57.2505929,-25.9479443],[-57.2504695,-25.9480552],[-57.2504427,-25.9481662],[-57.2503783,-25.9483012],[-57.2503515,-25.9483929],[-57.2503622,-25.9485279],[-57.2504041,-25.9486444],[-57.2504802,-25.9487112],[-57.250624,-25.9487602],[-57.2507688,-25.9487168],[-57.2509148,-25.9486968],[-57.2510274,-25.948774],[-57.2511604,-25.9487988],[-57.2512838,-25.9487554],[-57.2513976,-25.948663]]},"properties":{"natural":"wetland","osm_id":167298685,"osm_type":"way"}},{"type":"Feature","geometry":{"type":"LineString","coordinates":[[-57.5352126,-25.115902],[-57.5351402,-25.1159068],[-57.5351134,-25.1159165],[-57.535108,-25.1159578],[-57.5351429,-25.1160355],[-57.5352716,-25.1161861],[-57.535564,-25.1165747],[-57.5359368,-25.117058],[-57.536197,-25.1175073],[-57.5362936,-25.1177477],[-57.5364438,-25.1180586],[-57.53764,-25.1201058],[-57.5379726,-25.1206352],[-57.5382757,-25.1211865],[-57.538721,-25.1220851],[-57.5392601,-25.1235179],[-57.5397992,-25.1245524],[-57.5400084,-25.1251692],[-57.540054,-25.1252858],[-57.5402874,-25.1259293],[-57.5405583,-25.1268424],[-57.5408077,-25.1277603],[-57.5409472,-25.1286029],[-57.5410652,-25.1297904],[-57.5411081,-25.1303829],[-57.541135,-25.1311041],[-57.541143,-25.1313154],[-57.5411618,-25.1313567],[-57.5412047,-25.1313567],[-57.5412342,-25.1313372],[-57.5412959,-25.1309924],[-57.5413844,-25.1303975],[-57.541768,-25.1265631],[-57.5417733,-25.12616],[-57.541725,-25.1258297],[-57.5415587,-25.1250769],[-57.5412842,-25.1239279],[-57.5411081,-25.123207],[-57.5409687,-25.1222988],[-57.5409257,-25.1216625],[-57.5409848,-25.1211282],[-57.5410384,-25.1209388],[-57.5411135,-25.1208077],[-57.5411725,-25.1206182],[-57.5412047,-25.1203851],[-57.5411725,-25.1202734],[-57.5410438,-25.1200257],[-57.5407809,-25.1196614],[-57.5402284,-25.1190397],[-57.5396115,-25.1184811],[-57.5393754,-25.1182674],[-57.5391501,-25.1181071],[-57.5389946,-25.1180246],[-57.5388551,-25.11801],[-57.5387371,-25.1180148],[-57.5386405,-25.1180051],[-57.5385815,-25.1179371],[-57.5385439,-25.1178108],[-57.5384045,-25.1175097],[-57.5383347,-25.117398],[-57.5382757,-25.1173251],[-57.5380182,-25.1171163],[-57.5378841,-25.1170628],[-57.5377661,-25.1170434],[-57.5376481,-25.1170046],[-57.5375301,-25.1169414],[-57.5374335,-25.1168491],[-57.537396,-25.1167083],[-57.5373477,-25.1166208],[-57.5372887,-25.116548],[-57.5371224,-25.116446],[-57.5366449,-25.1162517],[-57.5357598,-25.1159603],[-57.5352126,-25.115902]]},"properties":{"name":"Paso Confuso","natural":"wetland","osm_id":176569903,"osm_type":"way"}},{"type":"Feature","geometry":{"type":"LineString","coordinates":[[-56.5464947,-25.951986],[-56.5471598,-25.9517448],[-56.547707,-25.9514265],[-56.548104,-25.9510309],[-56.5483615,-25.9506547],[-56.5485331,-25.9503942],[-56.5484795,-25.9502399],[-56.5483722,-25.9500469],[-56.5482756,-25.9499215],[-56.5480825,-25.9498829],[-56.5478894,-25.9500373],[-56.5476856,-25.9503267],[-56.5475354,-25.9505775],[-56.5474281,-25.950674],[-56.5472779,-25.9506933],[-56.5471384,-25.9505968],[-56.5470096,-25.9504714],[-56.5468809,-25.9504328],[-56.5468273,-25.95051],[-56.546677,-25.9507222],[-56.5465268,-25.9509055],[-56.5464303,-25.951002],[-56.5461835,-25.9510985],[-56.5459689,-25.9511467],[-56.5457115,-25.9511756],[-56.5456149,-25.9512528],[-56.545572,-25.9513782],[-56.5456364,-25.9515905],[-56.5457544,-25.9517641],[-56.5459046,-25.9518606],[-56.5461406,-25.9519281],[-56.5463552,-25.951957],[-56.5464947,-25.951986]]},"properties":{"natural":"wetland","osm_id":258634219,"osm_type":"way"}},{"type":"Feature","geometry":{"type":"LineString","coordinates":[[-57.0234901,-25.4079557],[-57.0237878,-25.4075196],[-57.0238683,-25.4072725],[-57.0239005,-25.4070593],[-57.0238522,-25.4068219],[-57.0237315,-25.4066426],[-57.0236054,-25.4064827],[-57.0235062,-25.4064439],[-57.0233774,-25.4064633],[-57.0233077,-25.4065263],[-57.0231387,-25.4067153],[-57.0229536,-25.4069139],[-57.0227122,-25.4070738],[-57.0223957,-25.4072919],[-57.0217091,-25.4076069],[-57.0214891,-25.4077474],[-57.0213684,-25.4078685],[-57.0212799,-25.4080187],[-57.0212424,-25.4082949],[-57.0212317,-25.4084791],[-57.0212638,-25.408605],[-57.0213121,-25.4087116],[-57.021414,-25.4088376],[-57.0214918,-25.4088861],[-57.021693,-25.4089297],[-57.0221865,-25.40892],[-57.0224333,-25.4088619],[-57.0228249,-25.4086293],[-57.023136,-25.4083725],[-57.0232567,-25.4082029],[-57.0233506,-25.4080769],[-57.0234901,-25.4079557]]},"properties":{"natural":"wetland","osm_id":267198208,"osm_type":"way"}},{"type":"Feature","geometry":{"type":"LineString","coordinates":[[-57.3636638,-25.1242416],[-57.3642807,-25.1239793],[-57.364624,-25.123751],[-57.3649727,-25.1235033],[-57.3650317,-25.1233576],[-57.3650692,-25.1229933],[-57.3650585,-25.1225659],[-57.3647366,-25.1215799],[-57.3646133,-25.121444],[-57.3644362,-25.1214051],[-57.3641948,-25.1214002],[-57.3640124,-25.1214342],[-57.3634157,-25.1216144],[-57.3628323,-25.1217597],[-57.3625533,-25.1217791],[-57.3623495,-25.1218131],[-57.3619619,-25.121935],[-57.3617312,-25.122003],[-57.3615609,-25.1221142],[-57.3614415,-25.1222361],[-57.3613182,-25.1224061],[-57.3612229,-25.1225805],[-57.3611532,-25.122969],[-57.3610835,-25.123105],[-57.3609266,-25.1233727],[-57.3608582,-25.1236004],[-57.3608367,-25.1238433],[-57.360885,-25.1241104],[-57.3609494,-25.1245572],[-57.3610178,-25.1248686],[-57.3610513,-25.1250332],[-57.3610942,-25.1251838],[-57.3611948,-25.1252863],[-57.3613731,-25.1253878],[-57.3617004,-25.1254801],[-57.3625627,-25.125568],[-57.3629543,-25.1255388],[-57.363067,-25.1254757],[-57.3633312,-25.1251401],[-57.3634492,-25.1249167],[-57.3635296,-25.1246592],[-57.3635122,-25.1245383],[-57.3634908,-25.1244606],[-57.3635068,-25.1243586],[-57.3635887,-25.1242901],[-57.3636638,-25.1242416]]},"properties":{"natural":"wetland","osm_id":267255484,"osm_type":"way"}},{"type":"Feature","geometry":{"type":"LineString","coordinates":[[-57.3563681,-25.1262669],[-57.3565505,-25.1260289],[-57.3565613,-25.1258735],[-57.3566256,-25.1256938],[-57.3567597,-25.1254703],[-57.3569368,-25.1252518],[-57.3569904,-25.1251449],[-57.3569891,-25.1250386],[-57.3569529,-25.1249069],[-57.3568711,-25.1248006],[-57.3567758,-25.1247564],[-57.3566785,-25.1247323],[-57.3565827,-25.1247418],[-57.3564902,-25.1247957],[-57.3563467,-25.1248729],[-57.3562501,-25.1248778],[-57.3561321,-25.1248292],[-57.3559913,-25.1247034],[-57.3559323,-25.1246403],[-57.3558371,-25.1246204],[-57.355737,-25.1246656],[-57.3556421,-25.1247523],[-57.355589,-25.1248734],[-57.3555943,-25.1249851],[-57.3555943,-25.1250774],[-57.35553,-25.1251697],[-57.3554656,-25.1252426],[-57.3554334,-25.1253834],[-57.3554495,-25.125704],[-57.3554227,-25.1258108],[-57.3553905,-25.1260391],[-57.3554119,-25.1261556],[-57.3555085,-25.1263742],[-57.3555997,-25.1265102],[-57.3556748,-25.126583],[-57.3557982,-25.1266267],[-57.355884,-25.1266267],[-57.3560141,-25.1265583],[-57.3561428,-25.126432],[-57.3562649,-25.1263402],[-57.3563681,-25.1262669]]},"properties":{"natural":"wetland","osm_id":267255485,"osm_type":"way"}},{"type":"Feature","geometry":{"type":"LineString","coordinates":[[-57.3591308,-25.1258977],[-57.3592046,-25.1257914],[-57.3591456,-25.1255194],[-57.3589578,-25.1251794],[-57.3588358,-25.1250769],[-57.3586963,-25.1250381],[-57.3585354,-25.1250575],[-57.3583369,-25.1251595],[-57.3582618,-25.1252906],[-57.3582779,-25.1254266],[-57.3583101,-25.1255626],[-57.3583047,-25.1257035],[-57.3583208,-25.1258297],[-57.3584066,-25.125922],[-57.3585126,-25.1259468],[-57.3587392,-25.1259754],[-57.3588988,-25.1259759],[-57.3590276,-25.1259468],[-57.3591308,-25.1258977]]},"properties":{"natural":"wetland","osm_id":267255487,"osm_type":"way"}},{"type":"Feature","geometry":{"type":"LineString","coordinates":[[-57.3137693,-25.1158048],[-57.3140214,-25.1155911],[-57.3141059,-25.1153439],[-57.3142132,-25.1150816],[-57.3142628,-25.114916],[-57.3142078,-25.1147805],[-57.3140375,-25.1146051],[-57.3138538,-25.1145376],[-57.3136298,-25.1145371],[-57.3134193,-25.1146007],[-57.3129915,-25.1149208],[-57.3126267,-25.1152171],[-57.3122713,-25.1154799],[-57.3122458,-25.1155766],[-57.3123155,-25.1156737],[-57.3124644,-25.1157665],[-57.3126629,-25.1157519],[-57.312911,-25.1157271],[-57.3131899,-25.1157368],[-57.3134528,-25.1157951],[-57.3135373,-25.1158248],[-57.3136352,-25.115834],[-57.3137693,-25.1158048]]},"properties":{"natural":"wetland","osm_id":267256366,"osm_type":"way"}},{"type":"Feature","geometry":{"type":"LineString","coordinates":[[-57.3446685,-25.5611422],[-57.3448884,-25.5608131],[-57.3448938,-25.5607212],[-57.344867,-25.5606438],[-57.3447597,-25.5605809],[-57.3445719,-25.5605712],[-57.3444191,-25.5606038],[-57.3442662,-25.5606099],[-57.3441589,-25.560576],[-57.3440516,-25.560547],[-57.3439497,-25.5605373],[-57.3438719,-25.5605748],[-57.3438209,-25.5607793],[-57.3438102,-25.5609244],[-57.3438182,-25.5610246],[-57.3438477,-25.5611713],[-57.3439819,-25.5613358],[-57.3440731,-25.5613648],[-57.3441803,-25.5613648],[-57.3444432,-25.5612777],[-57.3444593,-25.5612003],[-57.3445022,-25.5611519],[-57.3445612,-25.5611519],[-57.3446202,-25.5611616],[-57.3446685,-25.5611422]]},"properties":{"natural":"wetland","osm_id":267939745,"osm_type":"way"}},{"type":"Feature","geometry":{"type":"LineString","coordinates":[[-57.3499722,-25.5061372],[-57.3499079,-25.5059532],[-57.3498328,-25.5058563],[-57.3497469,-25.5058418],[-57.3496718,-25.5058805],[-57.3496289,-25.5059725],[-57.3496504,-25.5060791],[-57.3496343,-25.5061662],[-57.3495753,-25.5062146],[-57.3495002,-25.5062485],[-57.3494626,-25.5062969],[-57.3494519,-25.5063599],[-57.3494948,-25.5064857],[-57.3496396,-25.5066262],[-57.3497255,-25.5067569],[-57.349763,-25.5068585],[-57.3498059,-25.5070619],[-57.3497791,-25.5071975],[-57.349763,-25.5073863],[-57.3497684,-25.507609],[-57.3496289,-25.5078801],[-57.3495323,-25.5080012],[-57.3491622,-25.5084127],[-57.3490549,-25.5084901],[-57.3489905,-25.5085047],[-57.3489262,-25.5085192],[-57.3488296,-25.5086063],[-57.3486579,-25.5088097],[-57.3486452,-25.5088469],[-57.3486311,-25.5089017],[-57.3486526,-25.5089743],[-57.3487223,-25.5090227],[-57.3488081,-25.5090372],[-57.3488833,-25.5090711],[-57.3489423,-25.5091244],[-57.3490656,-25.5092067],[-57.3492051,-25.5092454],[-57.3493553,-25.5092164],[-57.3494948,-25.5091583],[-57.3495323,-25.5090711],[-57.3494948,-25.508921],[-57.3498596,-25.5087661],[-57.3498488,-25.5085289],[-57.3498757,-25.5083013],[-57.3499132,-25.5080544],[-57.3499615,-25.5078559],[-57.3500581,-25.5077784],[-57.3500795,-25.5076913],[-57.3500634,-25.5074299],[-57.3501171,-25.5073282],[-57.3501707,-25.507212],[-57.350219,-25.5070667],[-57.3502512,-25.5068779],[-57.3502083,-25.5066794],[-57.3501224,-25.506447],[-57.3500259,-25.5062437],[-57.3499722,-25.5061372]]},"properties":{"natural":"wetland","osm_id":268053537,"osm_type":"way"}},{"type":"Feature","geometry":{"type":"LineString","coordinates":[[-57.4289166,-25.4661758],[-57.4292599,-25.4660983],[-57.4296354,-25.465924],[-57.4297212,-25.4657302],[-57.4298203,-25.4654155],[-57.4298327,-25.465376],[-57.4300109,-25.46481],[-57.4300002,-25.464471],[-57.4299036,-25.4641513],[-57.429335,-25.4630664],[-57.4291312,-25.4629114],[-57.4289536,-25.4628349],[-57.4288141,-25.4628446],[-57.4284815,-25.4629318],[-57.4283694,-25.4628921],[-57.4282514,-25.4626887],[-57.4281489,-25.4625928],[-57.4280524,-25.4626024],[-57.4279403,-25.4627565],[-57.4280046,-25.4637832],[-57.4280797,-25.4640254],[-57.4281656,-25.4644322],[-57.4281977,-25.4648585],[-57.4282299,-25.4654493],[-57.4282455,-25.4657506],[-57.428267,-25.4659637],[-57.428348,-25.4660886],[-57.4284982,-25.4661661],[-57.4286591,-25.4661952],[-57.4289166,-25.4661758]]},"properties":{"natural":"wetland","osm_id":268559413,"osm_type":"way"}},{"type":"Feature","geometry":{"type":"LineString","coordinates":[[-57.5263883,-25.3919349],[-57.5259699,-25.3918186],[-57.5255085,-25.3918379],[-57.524448,-25.3919916],[-57.5236219,-25.3920691],[-57.523234,-25.3920803],[-57.5231498,-25.392137],[-57.5231176,-25.392263],[-57.5232662,-25.392623],[-57.5234057,-25.3926424],[-57.5244802,-25.3925053],[-57.5245537,-25.3925455],[-57.5246288,-25.3926327],[-57.5247468,-25.3926521],[-57.5263776,-25.3922353],[-57.5264972,-25.3921563],[-57.5265063,-25.3920221],[-57.5263883,-25.3919349]]},"properties":{"natural":"wetland","osm_id":279382110,"osm_type":"way"}},{"type":"Feature","geometry":{"type":"LineString","coordinates":[[-57.0811952,-25.3336018],[-57.08156,-25.3335533],[-57.0816769,-25.3336357],[-57.081752,-25.3338588],[-57.081796,-25.3340769],[-57.0819666,-25.3341497],[-57.082193,-25.3341545],[-57.0823432,-25.3341157],[-57.0823324,-25.3333594],[-57.0821286,-25.3332042],[-57.0819891,-25.333146],[-57.081796,-25.3332042],[-57.0815804,-25.3332187],[-57.0813658,-25.33318],[-57.0813668,-25.3330587],[-57.0813668,-25.3328842],[-57.0812166,-25.3327387],[-57.0807338,-25.332603],[-57.0801212,-25.33254],[-57.0794035,-25.3324478],[-57.0789518,-25.3322781],[-57.0786525,-25.3322539],[-57.0778156,-25.3323896],[-57.0767642,-25.3325642],[-57.0762277,-25.3326806],[-57.0758844,-25.3326806],[-57.0756698,-25.3325836],[-57.0753576,-25.332443],[-57.0751645,-25.3324333],[-57.0751431,-25.3325884],[-57.0753051,-25.3327484],[-57.0754756,-25.3328987],[-57.0755722,-25.3331218],[-57.0754864,-25.3332963],[-57.0752611,-25.3334224],[-57.074951,-25.3335242],[-57.0747139,-25.3336357],[-57.0746388,-25.3338297],[-57.0747364,-25.3339994],[-57.0749939,-25.3341933],[-57.0752621,-25.3342321],[-57.0755089,-25.3341933],[-57.0756258,-25.3340139],[-57.0756377,-25.333883],[-57.0757879,-25.3338054],[-57.0760239,-25.3338636],[-57.076614,-25.33398],[-57.0771826,-25.3340285],[-57.0773961,-25.3340915],[-57.0777394,-25.3341788],[-57.0779765,-25.334203],[-57.078234,-25.3341448],[-57.0786192,-25.3340527],[-57.0789421,-25.3340188],[-57.0802403,-25.333786],[-57.0811952,-25.3336018]]},"properties":{"natural":"wetland","osm_id":279564686,"osm_type":"way"}},{"type":"Feature","geometry":{"type":"LineString","coordinates":[[-57.3027188,-25.3661264],[-57.301202,-25.3641097],[-57.3010076,-25.3640809],[-57.3006267,-25.3640906],[-57.30016,-25.3642166],[-57.2999079,-25.3643039],[-57.2997188,-25.3644733],[-57.2993285,-25.3648759],[-57.299177,-25.3649629],[-57.2990066,-25.3650067],[-57.2987652,-25.3650116],[-57.2985399,-25.3650407],[-57.2983723,-25.3651083],[-57.2982221,-25.3653022],[-57.2981001,-25.3654818],[-57.2979646,-25.3656851],[-57.297746,-25.3658889],[-57.2974389,-25.3660826],[-57.2968287,-25.3664754],[-57.2964693,-25.3667711],[-57.2963244,-25.3669844],[-57.2962386,-25.3672025],[-57.2961461,-25.367401],[-57.2961528,-25.3675176],[-57.2991783,-25.371182],[-57.2993808,-25.3705032],[-57.2995002,-25.3702174],[-57.2995485,-25.3699702],[-57.29959,-25.3697567],[-57.2996866,-25.3696162],[-57.2999508,-25.3694274],[-57.3003156,-25.3691365],[-57.3007394,-25.3687827],[-57.3008252,-25.3686082],[-57.3009526,-25.3682929],[-57.3010183,-25.3681089],[-57.3010706,-25.3680118],[-57.3011363,-25.3679635],[-57.301312,-25.3679294],[-57.3015226,-25.3678327],[-57.3017103,-25.3677842],[-57.3017894,-25.367687],[-57.3018699,-25.3673622],[-57.3019785,-25.3672025],[-57.3020491,-25.3671364],[-57.3021234,-25.3670668],[-57.3022776,-25.3669502],[-57.3024506,-25.3667323],[-57.3025311,-25.3666984],[-57.3029173,-25.3672122],[-57.3032915,-25.3669745],[-57.3027188,-25.3661264]]},"properties":{"natural":"wetland","osm_id":279978575,"osm_type":"way"}},{"type":"Feature","geometry":{"type":"LineString","coordinates":[[-57.3067692,-25.3643473],[-57.3069178,-25.3640419],[-57.3069087,-25.3637656],[-57.307016,-25.3635523],[-57.3071431,-25.3633826],[-57.3072735,-25.3633002],[-57.307465,-25.3633487],[-57.3073537,-25.3631551],[-57.3072625,-25.3630484],[-57.3071485,-25.3629949],[-57.3070211,-25.3629466],[-57.3066027,-25.3623892],[-57.3061091,-25.3617687],[-57.3060072,-25.3615894],[-57.3059804,-25.3614003],[-57.3057178,-25.3613904],[-57.3053638,-25.3614873],[-57.3050204,-25.3614582],[-57.3047415,-25.361497],[-57.303903,-25.3619866],[-57.303549,-25.3621514],[-57.3033789,-25.3621563],[-57.3032073,-25.3622047],[-57.3030769,-25.3623647],[-57.3029803,-25.3626265],[-57.3028731,-25.3628107],[-57.3027872,-25.3629609],[-57.3026642,-25.3630472],[-57.3048257,-25.3656512],[-57.3052994,-25.3655009],[-57.3054496,-25.3653555],[-57.3057929,-25.3651325],[-57.3060826,-25.3649968],[-57.3063814,-25.3648174],[-57.3065439,-25.3646575],[-57.3066727,-25.3645024],[-57.3067692,-25.3643473]]},"properties":{"natural":"wetland","osm_id":279985437,"osm_type":"way"}},{"type":"Feature","geometry":{"type":"LineString","coordinates":[[-57.3031877,-25.3665419],[-57.3034591,-25.3664367],[-57.3035597,-25.3663104],[-57.3037381,-25.3659616],[-57.3039137,-25.3656609],[-57.3041297,-25.3655108],[-57.3043161,-25.3654524],[-57.3044784,-25.3654284],[-57.3025661,-25.3631161],[-57.302338,-25.3632762],[-57.3021824,-25.3634798],[-57.3019396,-25.3636299],[-57.3017948,-25.3636977],[-57.3016298,-25.3638725],[-57.3014193,-25.364197],[-57.3031877,-25.3665419]]},"properties":{"natural":"wetland","osm_id":279985438,"osm_type":"way"}},{"type":"Feature","geometry":{"type":"LineString","coordinates":[[-57.3077992,-25.3616812],[-57.3077761,-25.3614825],[-57.307649,-25.3613225],[-57.3075294,-25.3611528],[-57.3074181,-25.3609786],[-57.3072343,-25.3610171],[-57.3070466,-25.3609783],[-57.3068534,-25.3609832],[-57.3066657,-25.3610462],[-57.307406,-25.3620739],[-57.3075347,-25.3623065],[-57.3077563,-25.3620787],[-57.3078083,-25.3618897],[-57.3077992,-25.3616812]]},"properties":{"natural":"wetland","osm_id":279985501,"osm_type":"way"}},{"type":"Feature","geometry":{"type":"LineString","coordinates":[[-57.2707737,-25.3570571],[-57.2708381,-25.3569505],[-57.270881,-25.356679],[-57.2704272,-25.3565016],[-57.2703306,-25.3566955],[-57.2701053,-25.3566567],[-57.2698371,-25.3565113],[-57.2696762,-25.3563077],[-57.2695614,-25.3561942],[-57.2690893,-25.3560197],[-57.2689788,-25.3560847],[-57.268893,-25.3562689],[-57.2690679,-25.3564657],[-57.2691966,-25.3565626],[-57.2692073,-25.3567178],[-57.2690968,-25.3569379],[-57.2690142,-25.3572219],[-57.2690893,-25.3573286],[-57.2692932,-25.3573673],[-57.2697223,-25.3571831],[-57.2699262,-25.356805],[-57.2707737,-25.3570571]]},"properties":{"natural":"wetland","osm_id":279991915,"osm_type":"way"}},{"type":"Feature","geometry":{"type":"LineString","coordinates":[[-57.2872852,-25.3393815],[-57.2871993,-25.3395512],[-57.2871832,-25.3396336],[-57.28721,-25.3396966],[-57.2873772,-25.3399151],[-57.2874386,-25.3397783],[-57.2874476,-25.3397661],[-57.2875401,-25.3396408],[-57.2876018,-25.3395536],[-57.2876933,-25.3395145],[-57.2877333,-25.3394493],[-57.2877127,-25.3393836],[-57.2876355,-25.3392976],[-57.2875757,-25.339204],[-57.2875279,-25.3390962],[-57.2873656,-25.3391294],[-57.2873495,-25.3391779],[-57.2873442,-25.3392603],[-57.2872852,-25.3393815]]},"properties":{"natural":"wetland","osm_id":280004885,"osm_type":"way"}},{"type":"Feature","geometry":{"type":"LineString","coordinates":[[-57.2569796,-25.3938328],[-57.2571159,-25.3935925],[-57.2571727,-25.3932319],[-57.2571588,-25.3929915],[-57.2570622,-25.392788],[-57.2569228,-25.3926426],[-57.2561825,-25.3923228],[-57.2559679,-25.3922937],[-57.2556782,-25.3923131],[-57.2554744,-25.3923809],[-57.2547266,-25.3926988],[-57.2545442,-25.3928345],[-57.2544659,-25.3930497],[-57.2544766,-25.3932726],[-57.2546161,-25.3936215],[-57.2549165,-25.3939802],[-57.2551847,-25.3941449],[-57.2558392,-25.3943969],[-57.2561503,-25.3943872],[-57.2564829,-25.3943194],[-57.2566545,-25.3941934],[-57.2568369,-25.3939898],[-57.2569796,-25.3938328]]},"properties":{"natural":"wetland","osm_id":280032288,"osm_type":"way"}},{"type":"Feature","geometry":{"type":"LineString","coordinates":[[-57.2519768,-25.3956278],[-57.2520304,-25.3954146],[-57.2519768,-25.3952401],[-57.251862,-25.3951025],[-57.2509683,-25.3946198],[-57.2507891,-25.3946082],[-57.2506067,-25.394647],[-57.2504211,-25.3947555],[-57.2502709,-25.3949784],[-57.2502172,-25.395434],[-57.2502709,-25.3955697],[-57.2504426,-25.3957344],[-57.2508502,-25.3959961],[-57.2510326,-25.3960543],[-57.2514296,-25.396064],[-57.2515723,-25.3960426],[-57.2517407,-25.395938],[-57.2518909,-25.3957926],[-57.2519768,-25.3956278]]},"properties":{"natural":"wetland","osm_id":280033123,"osm_type":"way"}},{"type":"Feature","geometry":{"type":"LineString","coordinates":[[-57.2464836,-25.3935828],[-57.246519,-25.3932998],[-57.2464729,-25.3929528],[-57.2463334,-25.3926717],[-57.2461864,-25.3924565],[-57.2459472,-25.3923422],[-57.2456714,-25.3923208],[-57.245282,-25.3923325],[-57.2450384,-25.3924178],[-57.2444773,-25.3927589],[-57.2442016,-25.3930671],[-57.2439977,-25.3934064],[-57.2439087,-25.3936894],[-57.243898,-25.393922],[-57.2440696,-25.3942321],[-57.2442198,-25.3944648],[-57.2444559,-25.3945714],[-57.2447348,-25.3946101],[-57.2450781,-25.3945423],[-57.24565,-25.3943271],[-57.2459794,-25.3940674],[-57.246269,-25.393796],[-57.2464836,-25.3935828]]},"properties":{"natural":"wetland","osm_id":280033124,"osm_type":"way"}},{"type":"Feature","geometry":{"type":"LineString","coordinates":[[-57.2492624,-25.3946392],[-57.2492978,-25.3944725],[-57.2492195,-25.3943388],[-57.2489405,-25.3941352],[-57.2486541,-25.3939976],[-57.2483933,-25.3939995],[-57.2481605,-25.3939976],[-57.2479427,-25.3939802],[-57.2476852,-25.3939705],[-57.247549,-25.3940267],[-57.2475028,-25.394174],[-57.2475704,-25.3943174],[-57.2477067,-25.3944066],[-57.2478033,-25.3945714],[-57.2479642,-25.3947846],[-57.2480929,-25.3948815],[-57.2482431,-25.3949203],[-57.2484255,-25.3949203],[-57.2485865,-25.3949203],[-57.2488364,-25.3948214],[-57.2490188,-25.3947827],[-57.2491583,-25.3947439],[-57.2492624,-25.3946392]]},"properties":{"natural":"wetland","osm_id":280033125,"osm_type":"way"}},{"type":"Feature","geometry":{"type":"LineString","coordinates":[[-57.2594467,-25.3867108],[-57.2603775,-25.3859644],[-57.2608173,-25.3855185],[-57.2609997,-25.3852181],[-57.2610673,-25.384935],[-57.2610748,-25.384714],[-57.2610105,-25.3844717],[-57.2608742,-25.3841693],[-57.2607315,-25.3840743],[-57.2605384,-25.3840064],[-57.2601983,-25.3839463],[-57.2597337,-25.383958],[-57.2593078,-25.3840239],[-57.2588464,-25.3841208],[-57.2586533,-25.3842274],[-57.2580064,-25.3850533],[-57.2580064,-25.3851987],[-57.2580708,-25.3853732],[-57.2583315,-25.3858752],[-57.2583958,-25.3860691],[-57.2584892,-25.3862067],[-57.258575,-25.386294],[-57.2587038,-25.3863812],[-57.2591973,-25.3866817],[-57.2593046,-25.3867205],[-57.2594467,-25.3867108]]},"properties":{"natural":"wetland","osm_id":280035061,"osm_type":"way"}},{"type":"Feature","geometry":{"type":"LineString","coordinates":[[-57.1436236,-25.3751401],[-57.1436869,-25.3750725],[-57.1437003,-25.3750046],[-57.1437083,-25.374898],[-57.1437056,-25.3747962],[-57.1436225,-25.3747356],[-57.143475,-25.3746605],[-57.1433918,-25.3746387],[-57.1432872,-25.3746654],[-57.1432255,-25.3747187],[-57.143196,-25.3748011],[-57.1431558,-25.3750071],[-57.1431799,-25.3750628],[-57.1432389,-25.3750943],[-57.1433194,-25.3751379],[-57.1434535,-25.375167],[-57.1435313,-25.375167],[-57.1435715,-25.3751549],[-57.1436236,-25.3751401]]},"properties":{"natural":"wetland","osm_id":280182817,"osm_type":"way"}},{"type":"Feature","geometry":{"type":"LineString","coordinates":[[-57.1175714,-25.3721564],[-57.1172045,-25.3721067],[-57.1160458,-25.3724799],[-57.1159299,-25.3725102],[-57.1158655,-25.3725539],[-57.1155973,-25.3728835],[-57.1154578,-25.3729755],[-57.1151574,-25.373121],[-57.114857,-25.3732373],[-57.1145351,-25.3733051],[-57.1143184,-25.3733669],[-57.1141092,-25.3734736],[-57.1139,-25.3736432],[-57.1137358,-25.3738431],[-57.1136929,-25.3739692],[-57.1137305,-25.3740564],[-57.1137337,-25.3741764],[-57.1137122,-25.3743169],[-57.1135835,-25.3745253],[-57.1134408,-25.3746041],[-57.1119924,-25.3749385],[-57.1119978,-25.3750694],[-57.1120278,-25.3751894],[-57.1121405,-25.3752863],[-57.1122821,-25.3752972],[-57.1124355,-25.3753009],[-57.1125213,-25.3753348],[-57.1126233,-25.3753639],[-57.1127488,-25.3753699],[-57.1128754,-25.3753493],[-57.1130277,-25.3752924],[-57.1132209,-25.3751518],[-57.1133636,-25.3749955],[-57.1134515,-25.3749434],[-57.113929,-25.3747544],[-57.1139912,-25.3746659],[-57.1140717,-25.3745496],[-57.1142004,-25.3744769],[-57.11446,-25.3743812],[-57.1145652,-25.3742491],[-57.1147014,-25.3740806],[-57.1147175,-25.3739255],[-57.1147444,-25.3737995],[-57.1148034,-25.3736541],[-57.1150051,-25.3734978],[-57.1151306,-25.3734215],[-57.1156166,-25.3732652],[-57.1157132,-25.3731779],[-57.1158741,-25.3729889],[-57.1159996,-25.3729125],[-57.1164234,-25.3726847],[-57.1169706,-25.3723891],[-57.1171508,-25.3723151],[-57.1173922,-25.3722279],[-57.1175714,-25.3721564]]},"properties":{"natural":"wetland","osm_id":280208969,"osm_type":"way"}},{"type":"Feature","geometry":{"type":"LineString","coordinates":[[-57.1143506,-25.3750488],[-57.1143903,-25.3748465],[-57.1143581,-25.374798],[-57.1142937,-25.3747931],[-57.1141114,-25.3749579],[-57.1140309,-25.3750112],[-57.1139772,-25.3749919],[-57.1139451,-25.3749143],[-57.113929,-25.3747544],[-57.1134515,-25.3749434],[-57.1135964,-25.3750694],[-57.1137251,-25.3751518],[-57.1138517,-25.3752669],[-57.1136371,-25.375485],[-57.1134462,-25.3756123],[-57.113237,-25.3757092],[-57.1129473,-25.3758304],[-57.1128132,-25.3758885],[-57.1127413,-25.3759746],[-57.1125964,-25.3761975],[-57.1124892,-25.3763332],[-57.1121641,-25.3766446],[-57.1118562,-25.3768858],[-57.1118208,-25.3769791],[-57.1118422,-25.3770372],[-57.1119388,-25.3770469],[-57.1121748,-25.3769985],[-57.1123572,-25.3769354],[-57.1124484,-25.3769354],[-57.1125321,-25.3769924],[-57.1126697,-25.3773574],[-57.1127649,-25.3773523],[-57.1128539,-25.3772202],[-57.1129612,-25.3770651],[-57.1129956,-25.3769694],[-57.1130921,-25.3770469],[-57.1132155,-25.3770275],[-57.1133121,-25.3769597],[-57.1133797,-25.376847],[-57.1133689,-25.3767501],[-57.1133153,-25.3766628],[-57.1132938,-25.3765853],[-57.1133099,-25.3765029],[-57.1133496,-25.3764023],[-57.1134762,-25.3762702],[-57.113768,-25.3760242],[-57.1139451,-25.375874],[-57.1140502,-25.3757565],[-57.1141328,-25.3756316],[-57.1143098,-25.3752633],[-57.1143506,-25.3750488]]},"properties":{"natural":"wetland","osm_id":280211780,"osm_type":"way"}},{"type":"Feature","geometry":{"type":"LineString","coordinates":[[-57.1217449,-25.3422614],[-57.1218415,-25.3421401],[-57.1218308,-25.3419074],[-57.1214123,-25.3406663],[-57.1213372,-25.3403851],[-57.1213211,-25.3401718],[-57.121407,-25.3399536],[-57.1215679,-25.3396385],[-57.121584,-25.3394445],[-57.1214928,-25.3390227],[-57.1213748,-25.3388676],[-57.1211817,-25.3388045],[-57.1210261,-25.3388142],[-57.1209134,-25.3389064],[-57.120804,-25.3389391],[-57.120715,-25.3389258],[-57.1206345,-25.3388676],[-57.1205916,-25.3387367],[-57.1206216,-25.3385561],[-57.1208169,-25.3381306],[-57.1208577,-25.3379743],[-57.1208383,-25.3378494],[-57.1206828,-25.3376022],[-57.1205733,-25.3374022],[-57.1205036,-25.3371888],[-57.1205218,-25.3369573],[-57.1205916,-25.3367004],[-57.1205808,-25.3365937],[-57.1204467,-25.3363901],[-57.1201839,-25.3357598],[-57.1199639,-25.3352022],[-57.1199049,-25.3349404],[-57.1196904,-25.3343149],[-57.119508,-25.3339173],[-57.1192612,-25.3334907],[-57.1190123,-25.3331888],[-57.1184404,-25.332807],[-57.1182795,-25.3327101],[-57.1182076,-25.3326507],[-57.1181615,-25.3325452],[-57.1181969,-25.3324082],[-57.1184619,-25.3320603],[-57.1185102,-25.3319537],[-57.1185048,-25.3318034],[-57.1184351,-25.3316676],[-57.1180842,-25.3313658],[-57.1178965,-25.3312882],[-57.1177538,-25.3312749],[-57.1175982,-25.3312846],[-57.1175231,-25.3313476],[-57.1173407,-25.3314931],[-57.1172528,-25.3315209],[-57.1171262,-25.3315367],[-57.117035,-25.3315028],[-57.1169684,-25.3314143],[-57.1165897,-25.33079],[-57.1165575,-25.3306445],[-57.1164556,-25.3301451],[-57.1163644,-25.3299803],[-57.1159546,-25.3294021],[-57.1158366,-25.3293051],[-57.1157185,-25.3292906],[-57.1154149,-25.3293596],[-57.1145351,-25.3297136],[-57.1143903,-25.3297088],[-57.1141414,-25.3296154],[-57.1139397,-25.3294809],[-57.113827,-25.3293354],[-57.1136929,-25.3292481],[-57.1135266,-25.329156],[-57.1134354,-25.3291608],[-57.1133925,-25.3292287],[-57.1133979,-25.3293257],[-57.1133475,-25.3293924],[-57.1131919,-25.3294312],[-57.1128346,-25.3293645],[-57.1126018,-25.3292518],[-57.1125771,-25.329156],[-57.1125771,-25.3290251],[-57.1126447,-25.3289124],[-57.1127145,-25.328893],[-57.1128218,-25.3288978],[-57.1129044,-25.3288845],[-57.1129344,-25.3288105],[-57.1129151,-25.3287439],[-57.1127703,-25.3286954],[-57.1126415,-25.3286178],[-57.1124806,-25.3284578],[-57.112398,-25.3282481],[-57.1124055,-25.3280941],[-57.1125664,-25.3279438],[-57.1126952,-25.3279487],[-57.1130417,-25.3279329],[-57.1132101,-25.3278517],[-57.1133121,-25.3277305],[-57.1133872,-25.3274153],[-57.1133121,-25.3271535],[-57.1131136,-25.3269741],[-57.1127703,-25.326751],[-57.1125718,-25.326688],[-57.1124108,-25.3266734],[-57.1123357,-25.3267268],[-57.1123175,-25.326808],[-57.112355,-25.3268856],[-57.1123068,-25.3270165],[-57.1122445,-25.3271389],[-57.1122177,-25.3272989],[-57.1121855,-25.3273862],[-57.1120997,-25.3273862],[-57.1119924,-25.3272504],[-57.1118744,-25.3271098],[-57.1117864,-25.3270116],[-57.1116652,-25.326911],[-57.1115933,-25.3269292],[-57.1116201,-25.3270844],[-57.1115933,-25.3272783],[-57.1115236,-25.3274917],[-57.1114646,-25.3276226],[-57.1114002,-25.3280541],[-57.1113895,-25.3284226],[-57.1114184,-25.3286905],[-57.1115182,-25.3294506],[-57.111751,-25.3303924],[-57.1118368,-25.3305476],[-57.1119634,-25.3307112],[-57.1121587,-25.3308336],[-57.1123121,-25.33091],[-57.1125181,-25.33095],[-57.1127037,-25.3310167],[-57.1131994,-25.3312506],[-57.1153859,-25.3320058],[-57.1156381,-25.3320834],[-57.1158655,-25.3320846],[-57.116005,-25.3320555],[-57.1163676,-25.3319088],[-57.1164964,-25.3318894],[-57.116579,-25.3319149],[-57.1165951,-25.3319682],[-57.1165307,-25.3320652],[-57.1163033,-25.332384],[-57.1162839,-25.3325113],[-57.1163194,-25.3326507],[-57.1164932,-25.333064],[-57.1166809,-25.3333016],[-57.1168558,-25.3335282],[-57.1169867,-25.3336264],[-57.1172281,-25.3337525],[-57.1174834,-25.3338192],[-57.1177377,-25.3339028],[-57.117875,-25.3339792],[-57.1187087,-25.3343392],[-57.1188675,-25.3344979],[-57.1190305,-25.3346689],[-57.1191271,-25.3348628],[-57.1192451,-25.3351731],[-57.1193202,-25.3355901],[-57.1193717,-25.3358798],[-57.11942,-25.3361173],[-57.1195756,-25.3364422],[-57.1197311,-25.3367282],[-57.1203234,-25.3378009],[-57.1203534,-25.3379161],[-57.1203427,-25.3380131],[-57.1202783,-25.3381149],[-57.1201549,-25.3383282],[-57.119833,-25.3388615],[-57.1196904,-25.3389985],[-57.1193792,-25.3392845],[-57.1192988,-25.3393912],[-57.1192376,-25.3395403],[-57.1192376,-25.3396615],[-57.1192591,-25.3397972],[-57.1193395,-25.3400833],[-57.1194114,-25.3402202],[-57.1195294,-25.3403318],[-57.1197472,-25.3404954],[-57.1200659,-25.340802],[-57.1202965,-25.3410057],[-57.1204017,-25.3412614],[-57.120509,-25.3416056],[-57.1205808,-25.3416699],[-57.1207257,-25.3417765],[-57.1208008,-25.3418735],[-57.1208308,-25.3419547],[-57.1208383,-25.3420868],[-57.1207718,-25.3422601],[-57.1206023,-25.3424795],[-57.1204982,-25.3426383],[-57.1202398,-25.3430247],[-57.119994,-25.3433219],[-57.1198298,-25.3434104],[-57.1192719,-25.3438225],[-57.119082,-25.3440346],[-57.1188052,-25.3444188],[-57.1186153,-25.3448539],[-57.1184351,-25.3453496],[-57.1182935,-25.345552],[-57.1181486,-25.3457556],[-57.1180649,-25.3459071],[-57.1180306,-25.3460998],[-57.118537,-25.3460089],[-57.1187087,-25.3457665],[-57.1188594,-25.3454975],[-57.118964,-25.3453096],[-57.119111,-25.3449278],[-57.1193041,-25.344603],[-57.1194919,-25.3443509],[-57.1196367,-25.3442685],[-57.119833,-25.3441849],[-57.1201442,-25.3440249],[-57.1208598,-25.3436431],[-57.1211205,-25.3435497],[-57.1212224,-25.343511],[-57.1212729,-25.3434492],[-57.1212836,-25.3433328],[-57.121246,-25.3431292],[-57.1212299,-25.3429159],[-57.12126,-25.3427401],[-57.1213351,-25.3425898],[-57.1214552,-25.3424601],[-57.1216055,-25.3423583],[-57.1217449,-25.3422614]]},"properties":{"natural":"wetland","osm_id":280219813,"osm_type":"way"}},{"type":"Feature","geometry":{"type":"LineString","coordinates":[[-57.1247651,-25.3333258],[-57.1248059,-25.3335379],[-57.1248702,-25.3337513],[-57.1249475,-25.3339513],[-57.1249775,-25.3341634],[-57.1249958,-25.3343489],[-57.1249528,-25.3345719],[-57.1248885,-25.3347319],[-57.1248026,-25.3348386],[-57.1247114,-25.3349113],[-57.1245773,-25.3349549],[-57.1243842,-25.3349598],[-57.1241965,-25.3348676],[-57.1240463,-25.3347464],[-57.1239443,-25.3346301],[-57.12388,-25.3344895],[-57.1238585,-25.3343489],[-57.1238585,-25.3342179],[-57.1238478,-25.334121],[-57.1237405,-25.3340628],[-57.1236708,-25.3340773],[-57.1235688,-25.334184],[-57.1234862,-25.3343864],[-57.123542,-25.3345525],[-57.1236708,-25.3347561],[-57.1243392,-25.3351864],[-57.124175,-25.3352749],[-57.1247683,-25.3354628],[-57.1250548,-25.3355125],[-57.125323,-25.3355804],[-57.1255032,-25.3356422],[-57.1257629,-25.3357743],[-57.1257092,-25.3363028],[-57.125514,-25.3369804],[-57.1243713,-25.3367573],[-57.1243306,-25.3365404],[-57.1242287,-25.3364143],[-57.1240999,-25.3363416],[-57.1239336,-25.3362979],[-57.1237566,-25.3362495],[-57.1236225,-25.3361816],[-57.1229981,-25.3351379],[-57.1229626,-25.3349452],[-57.122968,-25.3347901],[-57.1230195,-25.3346192],[-57.1231772,-25.3344216],[-57.1232791,-25.3341937],[-57.1234701,-25.3337367],[-57.1235098,-25.3335682],[-57.123542,-25.3334373],[-57.1236064,-25.3333646],[-57.1237598,-25.3332761],[-57.1239765,-25.3331998],[-57.1240334,-25.3331113],[-57.1240495,-25.3329901],[-57.1240087,-25.3326325],[-57.1238961,-25.3321622],[-57.1238853,-25.3319391],[-57.1239229,-25.3317937],[-57.1240119,-25.3316276],[-57.1241621,-25.3314046],[-57.1242104,-25.3312494],[-57.1241643,-25.331047],[-57.124057,-25.3307512],[-57.1238531,-25.3305815],[-57.1235688,-25.3304506],[-57.1233596,-25.3303973],[-57.1231397,-25.3304312],[-57.1229787,-25.3304797],[-57.1228661,-25.3305039],[-57.1227695,-25.33047],[-57.1227105,-25.3303633],[-57.1226622,-25.3302518],[-57.1225582,-25.3301439],[-57.1224133,-25.3300857],[-57.1219005,-25.3299463],[-57.1216301,-25.329853],[-57.1215786,-25.329733],[-57.1215175,-25.3295572],[-57.1215196,-25.3293887],[-57.121555,-25.3292518],[-57.121702,-25.3291463],[-57.1218608,-25.3291305],[-57.1220378,-25.3291887],[-57.1222363,-25.3293099],[-57.1225657,-25.3295536],[-57.122821,-25.3296687],[-57.1230839,-25.3296833],[-57.1232845,-25.3297572],[-57.1237888,-25.3300433],[-57.1245559,-25.330567],[-57.1247973,-25.3307949],[-57.1251835,-25.3312021],[-57.125618,-25.3317306],[-57.1256985,-25.3318906],[-57.1258128,-25.332047],[-57.1258498,-25.3331084],[-57.1252479,-25.3331173],[-57.1250526,-25.3326991],[-57.1249689,-25.3324531],[-57.1249046,-25.3321719],[-57.1247683,-25.3319185],[-57.1246578,-25.3318373],[-57.124513,-25.331847],[-57.1243735,-25.3319003],[-57.1242823,-25.3320022],[-57.1242265,-25.3322773],[-57.1242447,-25.3327004],[-57.1243145,-25.333001],[-57.1243949,-25.3331949],[-57.1244754,-25.3332579],[-57.1245806,-25.3332761],[-57.1246878,-25.3332858],[-57.1247651,-25.3333258]]},"properties":{"natural":"wetland","osm_id":280226883,"osm_type":"way"}},{"type":"Feature","geometry":{"type":"LineString","coordinates":[[-57.126015,-25.3319294],[-57.1260236,-25.3331016],[-57.1263401,-25.3330191],[-57.1265085,-25.3330107],[-57.1266265,-25.3330543],[-57.1267317,-25.3331258],[-57.1268712,-25.3331791],[-57.1270267,-25.3332082],[-57.1272113,-25.3331658],[-57.1273829,-25.3330494],[-57.1277799,-25.3328167],[-57.1282251,-25.3324094],[-57.1283732,-25.3323743],[-57.1284987,-25.3324046],[-57.1286275,-25.3324143],[-57.1290566,-25.3323076],[-57.1295448,-25.3321185],[-57.1303044,-25.3317779],[-57.1315704,-25.3312834],[-57.1320049,-25.3311718],[-57.1323912,-25.3311427],[-57.1329061,-25.331007],[-57.1335627,-25.330853],[-57.1337698,-25.3307694],[-57.134671,-25.3303524],[-57.1359907,-25.3296203],[-57.1366366,-25.3293112],[-57.1370121,-25.3292239],[-57.1373318,-25.329053],[-57.1375839,-25.3289027],[-57.1383296,-25.3285438],[-57.1388518,-25.3281669],[-57.1394097,-25.327745],[-57.1399622,-25.3274589],[-57.1406703,-25.3269256],[-57.1408884,-25.3267934],[-57.1411156,-25.3267316],[-57.1414535,-25.3266007],[-57.1416735,-25.326431],[-57.1418129,-25.3262322],[-57.1418344,-25.3260479],[-57.1418612,-25.3253885],[-57.1418862,-25.3251933],[-57.1419827,-25.3250091],[-57.1421777,-25.3247581],[-57.1430897,-25.3236962],[-57.1433686,-25.3235168],[-57.1436744,-25.3233326],[-57.1452408,-25.322484],[-57.1459363,-25.3222112],[-57.1460991,-25.3221882],[-57.1464049,-25.3221155],[-57.1466409,-25.3219845],[-57.1466981,-25.3218912],[-57.1466785,-25.3217372],[-57.1464835,-25.3216003],[-57.1460221,-25.3216051],[-57.1454983,-25.3216451],[-57.1446883,-25.3218391],[-57.1437066,-25.3219215],[-57.1430468,-25.32197],[-57.1423261,-25.322124],[-57.1418076,-25.3222027],[-57.1416252,-25.3221882],[-57.1415125,-25.3221349],[-57.1412819,-25.3218633],[-57.14096,-25.3222221],[-57.1419095,-25.3232986],[-57.1420275,-25.3234586],[-57.1420739,-25.323632],[-57.1420578,-25.323792],[-57.1419666,-25.3239956],[-57.1416091,-25.3242442],[-57.141339,-25.3245339],[-57.1411352,-25.3248103],[-57.1408938,-25.3251788],[-57.1407186,-25.325437],[-57.1405469,-25.3256309],[-57.140309,-25.3258867],[-57.1397887,-25.3263086],[-57.1391629,-25.3268092],[-57.1390001,-25.3269777],[-57.1388303,-25.3271292],[-57.1382706,-25.3275547],[-57.1379272,-25.3277729],[-57.1374305,-25.3279438],[-57.1363254,-25.3282493],[-57.1358373,-25.3284384],[-57.1354993,-25.3285402],[-57.1353309,-25.3286457],[-57.1351721,-25.3287826],[-57.1349521,-25.3289911],[-57.13473,-25.3290869],[-57.1342547,-25.3291851],[-57.1339919,-25.3292675],[-57.1338095,-25.3293742],[-57.1336593,-25.3295293],[-57.1335735,-25.3295827],[-57.1332141,-25.3297136],[-57.1329598,-25.32979],[-57.1327098,-25.3299027],[-57.1323987,-25.3300336],[-57.132286,-25.3301257],[-57.1321734,-25.3301888],[-57.131991,-25.3302033],[-57.1317067,-25.330247],[-57.131476,-25.3303003],[-57.1312292,-25.3303973],[-57.1310361,-25.3304021],[-57.1306552,-25.3304312],[-57.1304943,-25.3304797],[-57.1301134,-25.3305961],[-57.1293892,-25.3308676],[-57.128547,-25.3311682],[-57.1283539,-25.3312894],[-57.1281962,-25.3313755],[-57.128032,-25.3313912],[-57.1278765,-25.3313524],[-57.1276672,-25.3313524],[-57.1272756,-25.33143],[-57.1269731,-25.3315597],[-57.1264549,-25.3318325],[-57.1262886,-25.3318809],[-57.1261952,-25.331904],[-57.126015,-25.3319294]]},"properties":{"natural":"wetland","osm_id":280226889,"osm_type":"way"}},{"type":"Feature","geometry":{"type":"LineString","coordinates":[[-57.0829548,-25.3896525],[-57.0830675,-25.3895168],[-57.0830406,-25.3894102],[-57.0829226,-25.3892405],[-57.0826919,-25.3891824],[-57.082354,-25.3892212],[-57.0806749,-25.3897979],[-57.0803262,-25.3899869],[-57.0800712,-25.3902098],[-57.0799185,-25.3904327],[-57.0797469,-25.3908156],[-57.0795913,-25.3909561],[-57.0794196,-25.3910773],[-57.0790763,-25.3912081],[-57.0786364,-25.3913632],[-57.0783307,-25.3914795],[-57.0780756,-25.3915861],[-57.0777245,-25.3917945],[-57.0769842,-25.3923664],[-57.0766087,-25.3926038],[-57.0763405,-25.392725],[-57.0761366,-25.392788],[-57.0758869,-25.3928558],[-57.0755841,-25.3928704],[-57.0756324,-25.3933938],[-57.0759274,-25.3933938],[-57.0760186,-25.3934131],[-57.076142,-25.3935101],[-57.0761903,-25.3936167],[-57.0762332,-25.3937427],[-57.0763458,-25.3938202],[-57.0764799,-25.3938396],[-57.0767184,-25.3937572],[-57.0770432,-25.3934907],[-57.07729,-25.3932096],[-57.0777191,-25.3928219],[-57.0781,-25.3925602],[-57.0786633,-25.3922791],[-57.079012,-25.392095],[-57.0794894,-25.3917606],[-57.0799936,-25.391402],[-57.0803048,-25.3911839],[-57.0806964,-25.390835],[-57.0813723,-25.3903019],[-57.0815922,-25.3901516],[-57.0817854,-25.3900983],[-57.0821233,-25.3900305],[-57.0823594,-25.3899433],[-57.0825847,-25.3898512],[-57.082767,-25.3897639],[-57.0829548,-25.3896525]]},"properties":{"natural":"wetland","osm_id":280268057,"osm_type":"way"}},{"type":"Feature","geometry":{"type":"LineString","coordinates":[[-57.0737065,-25.3930836],[-57.0737924,-25.3929964],[-57.0737763,-25.3928994],[-57.0736982,-25.3927928],[-57.0734997,-25.3926717],[-57.0731832,-25.3925408],[-57.0728185,-25.3925166],[-57.0724191,-25.3925505],[-57.0720943,-25.3925021],[-57.0716276,-25.39241],[-57.0713569,-25.3922549],[-57.0711233,-25.3921047],[-57.0709141,-25.3918963],[-57.07078,-25.3917558],[-57.0706166,-25.3916394],[-57.070445,-25.3915571],[-57.0701523,-25.3914214],[-57.0697017,-25.3913632],[-57.069294,-25.3914262],[-57.0691146,-25.3915037],[-57.0689966,-25.3916201],[-57.0688142,-25.3918188],[-57.0686908,-25.3919787],[-57.0686908,-25.3920611],[-57.0687874,-25.3921241],[-57.069061,-25.3921241],[-57.0693024,-25.3920998],[-57.0695223,-25.3920998],[-57.0697691,-25.3920804],[-57.0699407,-25.3920368],[-57.0701124,-25.3920368],[-57.0702948,-25.392095],[-57.0704718,-25.3921725],[-57.070504,-25.3922452],[-57.0705791,-25.3924342],[-57.070681,-25.3925651],[-57.0707347,-25.3927104],[-57.070901,-25.3928558],[-57.0710833,-25.3929867],[-57.0711102,-25.3930933],[-57.0712175,-25.3933162],[-57.0713784,-25.3934471],[-57.0716466,-25.3935682],[-57.0718665,-25.3935876],[-57.0720221,-25.393544],[-57.0724727,-25.3934228],[-57.0734383,-25.3931999],[-57.0735885,-25.3931466],[-57.0737065,-25.3930836]]},"properties":{"natural":"wetland","osm_id":280268059,"osm_type":"way"}},{"type":"Feature","geometry":{"type":"LineString","coordinates":[[-57.0750208,-25.3936021],[-57.0749618,-25.3927347],[-57.0747472,-25.3927201],[-57.0744868,-25.3927056],[-57.0743151,-25.3927298],[-57.0742591,-25.3928025],[-57.0741732,-25.3928946],[-57.0740523,-25.3929382],[-57.0739533,-25.3929818],[-57.073905,-25.3930545],[-57.0739211,-25.3931805],[-57.0740552,-25.3934374],[-57.0742484,-25.3935973],[-57.0744146,-25.3936603],[-57.0746078,-25.3936312],[-57.0747472,-25.3936264],[-57.0748706,-25.3936167],[-57.0750208,-25.3936021]]},"properties":{"natural":"wetland","osm_id":280268074,"osm_type":"way"}},{"type":"Feature","geometry":{"type":"LineString","coordinates":[[-57.1337989,-25.3764551],[-57.1335349,-25.3763814],[-57.1333912,-25.3761938],[-57.1333697,-25.3759418],[-57.1333311,-25.3756932],[-57.1331551,-25.3754668],[-57.1328268,-25.3752569],[-57.1325221,-25.3752342],[-57.1320286,-25.3752826],[-57.1317067,-25.3753893],[-57.1316209,-25.3755056],[-57.1316745,-25.3756898],[-57.1318784,-25.3760581],[-57.131975,-25.3763484],[-57.1324561,-25.377014],[-57.1326616,-25.3772984],[-57.1329405,-25.3775117],[-57.1332195,-25.3777346],[-57.1336487,-25.3778703],[-57.1339491,-25.3779578],[-57.1341583,-25.3779966],[-57.1343407,-25.37789],[-57.1344533,-25.3777882],[-57.134566,-25.3777397],[-57.1346625,-25.37773],[-57.1347645,-25.3777058],[-57.1348342,-25.3776719],[-57.1348342,-25.3776089],[-57.1348074,-25.3774586],[-57.1346035,-25.377163],[-57.1344147,-25.3770212],[-57.1341314,-25.3767801],[-57.1339534,-25.3766044],[-57.1337989,-25.3764551]]},"properties":{"natural":"wetland","osm_id":280430237,"osm_type":"way"}},{"type":"Feature","geometry":{"type":"LineString","coordinates":[[-57.1414099,-25.395709],[-57.1412382,-25.3954812],[-57.1410237,-25.3952583],[-57.1407876,-25.3950838],[-57.1406213,-25.3950402],[-57.1404658,-25.3950354],[-57.1402565,-25.3950257],[-57.1400902,-25.3949772],[-57.1398864,-25.3948464],[-57.1396986,-25.3945217],[-57.1396074,-25.3943569],[-57.1396343,-25.3942018],[-57.1396289,-25.3940661],[-57.1394304,-25.3937754],[-57.1392856,-25.3937075],[-57.1391837,-25.393756],[-57.13913,-25.3938771],[-57.1390281,-25.3939595],[-57.138894,-25.3939838],[-57.1385882,-25.3939886],[-57.1386419,-25.3940952],[-57.1387223,-25.3941921],[-57.1387867,-25.3942794],[-57.1388457,-25.3943763],[-57.1388564,-25.3944974],[-57.1386633,-25.3945265],[-57.1387545,-25.3951081],[-57.1387706,-25.3954134],[-57.138835,-25.395486],[-57.1390013,-25.3954909],[-57.1392963,-25.3955006],[-57.1394036,-25.3955297],[-57.1395484,-25.395646],[-57.1399186,-25.3959416],[-57.1412329,-25.3959658],[-57.1414099,-25.395709]]},"properties":{"natural":"wetland","osm_id":280439953,"osm_type":"way"}},{"type":"Feature","geometry":{"type":"LineString","coordinates":[[-57.1382352,-25.3948318],[-57.1380625,-25.3948367],[-57.1378801,-25.3948706],[-57.1377675,-25.3949142],[-57.1377031,-25.3950547],[-57.1385989,-25.3950499],[-57.1385024,-25.3944587],[-57.1384005,-25.3944587],[-57.1383736,-25.3945023],[-57.1383897,-25.3945895],[-57.1384112,-25.3946768],[-57.1383575,-25.3947397],[-57.1382352,-25.3948318]]},"properties":{"natural":"wetland","osm_id":280439955,"osm_type":"way"}},{"type":"Feature","geometry":{"type":"LineString","coordinates":[[-57.138615,-25.3951517],[-57.1377084,-25.3951662],[-57.1376977,-25.395297],[-57.1377031,-25.3954182],[-57.1376923,-25.3954909],[-57.1376387,-25.3955393],[-57.1377326,-25.3958083],[-57.1378801,-25.3958519],[-57.1386043,-25.3958956],[-57.1386419,-25.395583],[-57.138615,-25.3951517]]},"properties":{"natural":"wetland","osm_id":280439956,"osm_type":"way"}},{"type":"Feature","geometry":{"type":"LineString","coordinates":[[-57.1322485,-25.4359208],[-57.1324578,-25.4357706],[-57.1325382,-25.4356495],[-57.1325704,-25.435538],[-57.1325436,-25.4354121],[-57.1324631,-25.4353007],[-57.1323011,-25.4352219],[-57.1321252,-25.4352183],[-57.1319159,-25.4352958],[-57.1316048,-25.4355235],[-57.1313945,-25.43575],[-57.1312872,-25.4359486],[-57.13124,-25.4360564],[-57.1312711,-25.4361182],[-57.1313688,-25.4361388],[-57.1315876,-25.4361133],[-57.1320125,-25.436008],[-57.1322485,-25.4359208]]},"properties":{"natural":"wetland","osm_id":280449149,"osm_type":"way"}},{"type":"Feature","geometry":{"type":"LineString","coordinates":[[-57.1161285,-25.4462244],[-57.1160802,-25.4460936],[-57.1160051,-25.4448099],[-57.1166005,-25.4448099],[-57.1164128,-25.4433034],[-57.1164503,-25.4432308],[-57.1165308,-25.4432211],[-57.1166316,-25.4432538],[-57.11674,-25.4434245],[-57.1169814,-25.4444321],[-57.1170662,-25.444615],[-57.117152,-25.4446731],[-57.1172335,-25.4446695],[-57.1172979,-25.4446162],[-57.117314,-25.444466],[-57.117019,-25.4429886],[-57.1169009,-25.4425623],[-57.1156939,-25.4428093],[-57.1154365,-25.4434439],[-57.1153828,-25.4436086],[-57.115297,-25.4438411],[-57.1153238,-25.4439138],[-57.1153764,-25.4441645],[-57.1153442,-25.4443195],[-57.1152905,-25.4444357],[-57.1151564,-25.4445133],[-57.1149268,-25.4445629],[-57.1147337,-25.4445484],[-57.1146211,-25.4444321],[-57.1145567,-25.4442868],[-57.1145352,-25.4439768],[-57.1144762,-25.4438993],[-57.1144215,-25.4438593],[-57.1143475,-25.4438896],[-57.1143303,-25.4440288],[-57.1143421,-25.4442335],[-57.1143099,-25.4444951],[-57.1142498,-25.444707],[-57.1141383,-25.4448439],[-57.1139709,-25.4449492],[-57.1138153,-25.4451188],[-57.1136598,-25.4454046],[-57.1136705,-25.4455838],[-57.1136823,-25.4457691],[-57.113752,-25.4460549],[-57.1140256,-25.4467815],[-57.1143786,-25.4478072],[-57.1146254,-25.4476376],[-57.1153882,-25.4470237],[-57.115812,-25.4465877],[-57.1160158,-25.4463552],[-57.1161285,-25.4462244]]},"properties":{"natural":"wetland","osm_id":280449152,"osm_type":"way"}},{"type":"Feature","geometry":{"type":"LineString","coordinates":[[-57.0319286,-25.4421406],[-57.0319286,-25.4418403],[-57.031847,-25.4416019],[-57.0316217,-25.4414178],[-57.0313814,-25.4413558],[-57.0312097,-25.4413946],[-57.03033,-25.4420437],[-57.030287,-25.4422278],[-57.03033,-25.4423441],[-57.0305875,-25.4424119],[-57.0310488,-25.4425475],[-57.0314779,-25.4424603],[-57.0316818,-25.4423344],[-57.0319286,-25.4421406]]},"properties":{"natural":"wetland","osm_id":280468100,"osm_type":"way"}},{"type":"Feature","geometry":{"type":"LineString","coordinates":[[-57.0273903,-25.4460837],[-57.0275769,-25.4459655],[-57.0276585,-25.4452796],[-57.0275941,-25.4449986],[-57.0274546,-25.4445336],[-57.0273044,-25.4443398],[-57.0269761,-25.4440627],[-57.0268753,-25.4440589],[-57.0268431,-25.4444367],[-57.0266929,-25.4448242],[-57.0264676,-25.4453958],[-57.0264461,-25.4455993],[-57.0264569,-25.4458318],[-57.026532,-25.4459771],[-57.0267573,-25.4461224],[-57.0269611,-25.4461418],[-57.0273903,-25.4460837]]},"properties":{"natural":"wetland","osm_id":280468103,"osm_type":"way"}},{"type":"Feature","geometry":{"type":"LineString","coordinates":[[-56.9399287,-25.441618],[-56.9397248,-25.4416422],[-56.9390865,-25.4415744],[-56.9388183,-25.4419958],[-56.9386782,-25.4420702],[-56.9384159,-25.4420782],[-56.9382657,-25.4420152],[-56.9381847,-25.4419249],[-56.9380565,-25.4418602],[-56.9378629,-25.4418231],[-56.9375785,-25.441828],[-56.9373269,-25.4419377],[-56.9371928,-25.4420927],[-56.9369836,-25.4421993],[-56.936769,-25.4422284],[-56.9366349,-25.4421751],[-56.9366135,-25.4420588],[-56.936592,-25.4419425],[-56.9364949,-25.4418571],[-56.9363667,-25.4418505],[-56.9362809,-25.4419329],[-56.9362755,-25.4421024],[-56.9364204,-25.4422913],[-56.9366081,-25.442427],[-56.9367261,-25.4426207],[-56.9367959,-25.4429259],[-56.9368334,-25.4433231],[-56.9368334,-25.4442871],[-56.9369085,-25.4445342],[-56.9369353,-25.4446456],[-56.9368817,-25.4448539],[-56.9367422,-25.4451203],[-56.9366028,-25.4453625],[-56.9365706,-25.4455902],[-56.9366081,-25.4457985],[-56.9366028,-25.4458953],[-56.9365491,-25.4459825],[-56.9364579,-25.4459971],[-56.9363184,-25.4459535],[-56.9354811,-25.4455773],[-56.9353577,-25.445524],[-56.9352611,-25.4455192],[-56.9351973,-25.4455708],[-56.9352026,-25.4456677],[-56.9352831,-25.4458033],[-56.9357874,-25.4464718],[-56.9358464,-25.4466123],[-56.9358464,-25.4467721],[-56.9358083,-25.4469336],[-56.9357015,-25.4470773],[-56.9355781,-25.4471984],[-56.9354923,-25.4473582],[-56.9354119,-25.4475617],[-56.9354011,-25.4478136],[-56.935444,-25.448017],[-56.9355084,-25.4481236],[-56.9355406,-25.4482447],[-56.9355406,-25.4483512],[-56.9355567,-25.4484869],[-56.9356586,-25.4488986],[-56.9360502,-25.4504438],[-56.936136,-25.4505649],[-56.9362755,-25.4506763],[-56.9363828,-25.4508507],[-56.9364847,-25.4512236],[-56.9365062,-25.4514804],[-56.9364472,-25.451708],[-56.9363292,-25.4521391],[-56.9361843,-25.4524152],[-56.9360878,-25.4525702],[-56.9358195,-25.452764],[-56.9355621,-25.4529093],[-56.9353314,-25.4529674],[-56.9351007,-25.452948],[-56.9348266,-25.4527899],[-56.9346925,-25.4526155],[-56.9346067,-25.4524702],[-56.9345053,-25.4523474],[-56.9343813,-25.4522958],[-56.9342424,-25.452328],[-56.9340702,-25.4523103],[-56.9339205,-25.4522069],[-56.933765,-25.452081],[-56.9336572,-25.4520488],[-56.9335772,-25.4520616],[-56.933486,-25.4521876],[-56.9335719,-25.452328],[-56.9337596,-25.4524104],[-56.933942,-25.4525072],[-56.9340225,-25.4526768],[-56.9340225,-25.4529722],[-56.933942,-25.4535874],[-56.9339152,-25.4537472],[-56.9339581,-25.4538102],[-56.9340225,-25.4537957],[-56.934119,-25.4536891],[-56.9342419,-25.4535988],[-56.9343765,-25.4535971],[-56.9344677,-25.4536455],[-56.9345857,-25.4536891],[-56.9347354,-25.4536472],[-56.9348647,-25.4535438],[-56.9350042,-25.4534663],[-56.9351436,-25.4534663],[-56.9352831,-25.4534615],[-56.935546,-25.453413],[-56.9358571,-25.4534227],[-56.936077,-25.4534324],[-56.9366296,-25.4535826],[-56.9368602,-25.4537472],[-56.9370963,-25.4539652],[-56.9373269,-25.4541735],[-56.9374825,-25.4543915],[-56.9375469,-25.4544883],[-56.937622,-25.4545271],[-56.9377025,-25.4545222],[-56.9377615,-25.4544641],[-56.9377561,-25.454314],[-56.9377395,-25.4541752],[-56.9378312,-25.4540233],[-56.937938,-25.45387],[-56.9380404,-25.4536552],[-56.9380887,-25.4534663],[-56.9381102,-25.453258],[-56.9382282,-25.4529287],[-56.9384803,-25.4525654],[-56.9387056,-25.4522602],[-56.9390275,-25.4519308],[-56.9393166,-25.4517582],[-56.9394507,-25.4516177],[-56.9395473,-25.4513707],[-56.9395532,-25.4511171],[-56.9395907,-25.4508071],[-56.9396009,-25.4503535],[-56.9395103,-25.4500369],[-56.9393917,-25.4496947],[-56.9392415,-25.4494961],[-56.9390221,-25.449291],[-56.9387265,-25.4488761],[-56.9384368,-25.4484111],[-56.9383778,-25.4481543],[-56.9383403,-25.4477426],[-56.9383832,-25.447452],[-56.9384905,-25.4471565],[-56.9387914,-25.4468012],[-56.9391991,-25.4462344],[-56.9397892,-25.4454739],[-56.9398911,-25.4453528],[-56.9399067,-25.4451946],[-56.9398745,-25.4449379],[-56.9399228,-25.4447393],[-56.9400092,-25.4446165],[-56.9401481,-25.4445455],[-56.9403149,-25.4445342],[-56.9404866,-25.4445874],[-56.9406797,-25.444631],[-56.9408675,-25.4446165],[-56.9410874,-25.4445535],[-56.9413014,-25.4444099],[-56.9418062,-25.4437833],[-56.9419189,-25.4436768],[-56.9420798,-25.4435799],[-56.9422461,-25.4435411],[-56.9424875,-25.4435508],[-56.9428094,-25.4435314],[-56.943024,-25.4434975],[-56.9432439,-25.4434345],[-56.9433673,-25.4432698],[-56.9433989,-25.4430972],[-56.9433399,-25.4429421],[-56.943238,-25.4427678],[-56.9429483,-25.4424965],[-56.9426908,-25.4423221],[-56.9425948,-25.4422816],[-56.9424602,-25.4423124],[-56.9418921,-25.4425239],[-56.9413717,-25.4427031],[-56.9409259,-25.4427968],[-56.9407119,-25.4427903],[-56.9406684,-25.4427338],[-56.9406953,-25.442637],[-56.9409694,-25.4422138],[-56.9410338,-25.4420491],[-56.9410279,-25.4419249],[-56.9409152,-25.4417747],[-56.9406899,-25.4416439],[-56.9405397,-25.4414937],[-56.9404383,-25.4413031],[-56.9404861,-25.4410723],[-56.9406684,-25.4405249],[-56.9406529,-25.4404748],[-56.940331,-25.4411626],[-56.9402452,-25.4413176],[-56.9401374,-25.4414744],[-56.9400413,-25.4415599],[-56.9399287,-25.441618]]},"properties":{"natural":"wetland","osm_id":280515488,"osm_type":"way"}},{"type":"Feature","geometry":{"type":"LineString","coordinates":[[-56.9399448,-25.4414775],[-56.9400521,-25.4413564],[-56.9402447,-25.4411159],[-56.9407119,-25.4400727],[-56.9406684,-25.4399775],[-56.9405075,-25.4398709],[-56.939558,-25.4394156],[-56.9394668,-25.4393477],[-56.9393434,-25.4391637],[-56.9393279,-25.4389343],[-56.9394024,-25.4387906],[-56.9395746,-25.4386049],[-56.9399072,-25.4383869],[-56.9401642,-25.4381996],[-56.9402393,-25.4380495],[-56.9402988,-25.437791],[-56.9402935,-25.4370401],[-56.9402398,-25.4368754],[-56.940132,-25.4367027],[-56.9399711,-25.4365961],[-56.939794,-25.4365622],[-56.9395693,-25.4365799],[-56.9393064,-25.4366284],[-56.9391455,-25.4366429],[-56.9390006,-25.4366138],[-56.9388016,-25.4365186],[-56.9386139,-25.4363539],[-56.9385393,-25.4362214],[-56.9385441,-25.4360245],[-56.938652,-25.4356546],[-56.9386573,-25.4354802],[-56.938593,-25.4352961],[-56.9385018,-25.435146],[-56.9384696,-25.434957],[-56.9384696,-25.4347245],[-56.9385227,-25.434358],[-56.9385763,-25.4341206],[-56.9385179,-25.4340027],[-56.937976,-25.4342401],[-56.937828,-25.4342951],[-56.937571,-25.4343975],[-56.937335,-25.434475],[-56.9372519,-25.4345452],[-56.9372143,-25.4345646],[-56.9380511,-25.4366526],[-56.9381155,-25.4368657],[-56.9380994,-25.4371273],[-56.937968,-25.438353],[-56.937968,-25.4386122],[-56.9379303,-25.4387816],[-56.9378769,-25.4389561],[-56.9378393,-25.4392201],[-56.9377722,-25.4393582],[-56.9376488,-25.4395059],[-56.937343,-25.4398498],[-56.9368114,-25.4404474],[-56.9367905,-25.4405329],[-56.936871,-25.4407073],[-56.9371714,-25.4409495],[-56.9376536,-25.4413145],[-56.9381584,-25.4413419],[-56.9382496,-25.441182],[-56.9382657,-25.440935],[-56.9381799,-25.440717],[-56.9380989,-25.440554],[-56.9380506,-25.4403214],[-56.9380458,-25.4400872],[-56.9381048,-25.4399855],[-56.9381794,-25.4399339],[-56.9383998,-25.4398838],[-56.9385119,-25.4398176],[-56.9385983,-25.4397045],[-56.9387271,-25.4395834],[-56.9388344,-25.4395834],[-56.938947,-25.4396367],[-56.9390597,-25.4398062],[-56.9391133,-25.4399952],[-56.9391026,-25.4401793],[-56.9390865,-25.4403633],[-56.9391079,-25.4405135],[-56.9392206,-25.4406346],[-56.9394132,-25.4407671],[-56.9396068,-25.4408817],[-56.9396766,-25.4410464],[-56.9396015,-25.4411336],[-56.9393762,-25.4413176],[-56.939183,-25.4414727],[-56.9397839,-25.4415163],[-56.9398643,-25.4415114],[-56.9399448,-25.4414775]]},"properties":{"natural":"wetland","osm_id":280515494,"osm_type":"way"}},{"type":"Feature","geometry":{"type":"LineString","coordinates":[[-57.4501786,-25.5112948],[-57.4503422,-25.5113965],[-57.4503395,-25.5116579],[-57.4502134,-25.5118588],[-57.4499988,-25.5118637],[-57.4498004,-25.5116845],[-57.4496314,-25.5113771],[-57.4494249,-25.5111108],[-57.4494731,-25.5109365],[-57.4496475,-25.5108131],[-57.4498486,-25.5108373],[-57.4499801,-25.5109511],[-57.4500766,-25.5111544],[-57.4501786,-25.5112948]]},"properties":{"natural":"wetland","osm_id":387047295,"osm_type":"way"}},{"type":"Feature","geometry":{"type":"LineString","coordinates":[[-57.4293573,-25.1302235],[-57.4289823,-25.1311208],[-57.4269631,-25.1325217],[-57.4263699,-25.1332187],[-57.426378,-25.1334175],[-57.4266951,-25.1336825],[-57.4279392,-25.1340358],[-57.4291995,-25.1338739],[-57.4296385,-25.1342125],[-57.4300695,-25.1344333],[-57.4308501,-25.1343523],[-57.4313217,-25.1345069],[-57.4315818,-25.1348014],[-57.4314843,-25.1351988],[-57.4309151,-25.1356699],[-57.4301345,-25.1360233],[-57.4280124,-25.1360895],[-57.4275326,-25.1363472],[-57.4275245,-25.1365606],[-57.4279148,-25.1369949],[-57.4280368,-25.1377973],[-57.4288742,-25.1391296],[-57.429297,-25.1391884],[-57.4293865,-25.1390044],[-57.4292645,-25.1386217],[-57.4288255,-25.1380034],[-57.4288986,-25.1377163],[-57.4291507,-25.1375911],[-57.429419,-25.1377604],[-57.429634,-25.1383072],[-57.4299719,-25.1385996],[-57.430476,-25.1388057],[-57.4315331,-25.1387247],[-57.4333625,-25.1379077],[-57.4338748,-25.1378856],[-57.4342651,-25.1381874],[-57.4345822,-25.1390928],[-57.4349724,-25.1399392],[-57.4350538,-25.1410654],[-57.4346635,-25.1411906],[-57.4342244,-25.1408888],[-57.4341756,-25.1398951],[-57.4341106,-25.1396522],[-57.433826,-25.1395712],[-57.4324844,-25.1397994],[-57.4320778,-25.1399392],[-57.4318583,-25.1402926],[-57.431964,-25.1408446],[-57.4327608,-25.1421327],[-57.4340699,-25.143833],[-57.4343098,-25.1443164],[-57.4338755,-25.1447588],[-57.4325575,-25.145295],[-57.4320342,-25.1452012],[-57.4311408,-25.1445979],[-57.4306669,-25.1437087],[-57.4308298,-25.1431099],[-57.4307755,-25.1428329],[-57.430499,-25.1425737],[-57.4293884,-25.1423771],[-57.4290527,-25.1424888],[-57.4289589,-25.1427792],[-57.4292995,-25.1430563],[-57.4300498,-25.1432619],[-57.43004,-25.1435255],[-57.4296944,-25.1435434],[-57.4291268,-25.1439679],[-57.4286874,-25.1447633],[-57.4285393,-25.1458759],[-57.4289096,-25.1470109],[-57.428796,-25.1474354],[-57.4279766,-25.1483872],[-57.4270733,-25.1498573],[-57.4263723,-25.1503845],[-57.4258244,-25.1501432],[-57.4254986,-25.1496919],[-57.4253505,-25.1486821],[-57.4251876,-25.1483916],[-57.4249408,-25.1481369],[-57.4245558,-25.1481369],[-57.4243731,-25.1482755],[-57.424304,-25.1485793],[-57.4244077,-25.1491691],[-57.4242695,-25.1496785],[-57.4239141,-25.1499913],[-57.4233217,-25.1499913],[-57.4228281,-25.1497366],[-57.4224036,-25.1489681],[-57.4222061,-25.148901],[-57.4219494,-25.14891],[-57.421594,-25.149473],[-57.4209523,-25.1497455],[-57.4201526,-25.1496964],[-57.4189877,-25.1492406],[-57.4186915,-25.1492451],[-57.4184891,-25.1494775],[-57.418573,-25.1500271],[-57.4191407,-25.1512111],[-57.4190222,-25.1521003],[-57.4183756,-25.1530521],[-57.4179856,-25.1532978],[-57.4168009,-25.1533112],[-57.4161148,-25.1529627],[-57.415784,-25.1524757],[-57.4153348,-25.1523327],[-57.4148363,-25.1523505],[-57.4142291,-25.1529984],[-57.413227,-25.1536999],[-57.4125063,-25.1540395],[-57.4116277,-25.154044],[-57.4095989,-25.153624],[-57.4089473,-25.1535972],[-57.408508,-25.1538027],[-57.4083994,-25.1542451],[-57.4086215,-25.1549868],[-57.4094903,-25.1555721],[-57.4101517,-25.1567919],[-57.4112081,-25.1573772],[-57.4117215,-25.157328],[-57.4121855,-25.1577212],[-57.4122497,-25.1582574],[-57.4119633,-25.1592806],[-57.4120868,-25.1604601],[-57.4124372,-25.1612509],[-57.4125014,-25.1614564],[-57.4124323,-25.1616307],[-57.4122546,-25.1617424],[-57.4105269,-25.1615994],[-57.4103689,-25.1616396],[-57.410211,-25.1617334],[-57.4101764,-25.1619166],[-57.4102505,-25.1621087],[-57.4106849,-25.1626851],[-57.4108478,-25.16298],[-57.4108872,-25.163248],[-57.4108286,-25.1634597],[-57.4106416,-25.1636878],[-57.4101049,-25.164041],[-57.4093,-25.1643428],[-57.4090073,-25.1645267],[-57.408186,-25.1651744],[-57.407812,-25.1655938],[-57.4073892,-25.1661384],[-57.4073079,-25.1663224],[-57.4072103,-25.1665873],[-57.4070965,-25.167176],[-57.4069908,-25.1685375],[-57.4070396,-25.1693617],[-57.4069745,-25.1696928],[-57.4067387,-25.1701417],[-57.4065517,-25.1703698],[-57.4063322,-25.1704361],[-57.406072,-25.1704581],[-57.4058281,-25.1702963],[-57.405698,-25.1701049],[-57.4054947,-25.1689937],[-57.4053158,-25.1686699],[-57.4051776,-25.1685227],[-57.4050068,-25.1684271],[-57.4047467,-25.1684124],[-57.4046328,-25.1686184],[-57.404706,-25.1691556],[-57.404641,-25.1693617],[-57.4044377,-25.1695456],[-57.4041775,-25.1695898],[-57.4035189,-25.1695015],[-57.4032343,-25.1694353],[-57.4028034,-25.1693911],[-57.4023968,-25.1693102],[-57.4020228,-25.1691556],[-57.4017219,-25.1689422],[-57.4009495,-25.1681916],[-57.4007218,-25.1680518],[-57.4004942,-25.1679782],[-57.4001039,-25.1680076],[-57.399738,-25.1683903],[-57.3993144,-25.1693636],[-57.3989096,-25.1694619],[-57.3987171,-25.1691983],[-57.3988257,-25.16889],[-57.3988207,-25.1687426],[-57.3983419,-25.1684566],[-57.3978088,-25.1684566],[-57.3967376,-25.1679697],[-57.3965155,-25.1681975],[-57.3965352,-25.1684611],[-57.3969301,-25.1689347],[-57.3968067,-25.1694842],[-57.3972313,-25.1704403],[-57.3975225,-25.1707798],[-57.3979075,-25.1709138],[-57.3985591,-25.1706145],[-57.3988405,-25.1706547],[-57.3990527,-25.1709317],[-57.3990231,-25.1716286],[-57.399165,-25.17217],[-57.399634,-25.1728267],[-57.4000042,-25.1730903],[-57.4011741,-25.1732467],[-57.4011494,-25.174301],[-57.401258,-25.1748326],[-57.4011692,-25.1755608],[-57.4008829,-25.175811],[-57.400409,-25.1757976],[-57.4000289,-25.1753508],[-57.3988146,-25.1753464],[-57.3985678,-25.1755161],[-57.39801,-25.1764096],[-57.3978224,-25.1772137],[-57.3988738,-25.177513],[-57.3993131,-25.1774728],[-57.4000585,-25.1776068],[-57.4007101,-25.1780446],[-57.4023786,-25.1783395],[-57.4027636,-25.1785986],[-57.4032177,-25.1794563],[-57.4036027,-25.1799789],[-57.4039582,-25.1801934],[-57.4043975,-25.1806222],[-57.4043234,-25.1810153],[-57.4036027,-25.1812163],[-57.4027784,-25.1817256],[-57.4026155,-25.1822349],[-57.402186,-25.1823465],[-57.4016973,-25.182141],[-57.401416,-25.1818373],[-57.4013074,-25.1813638],[-57.4016282,-25.180917],[-57.4020637,-25.1806659],[-57.4020967,-25.1804083],[-57.4019888,-25.1802429],[-57.4017131,-25.1801832],[-57.4012576,-25.1802862],[-57.400862,-25.1800422],[-57.4005923,-25.1801018],[-57.4003705,-25.1802483],[-57.4002686,-25.1808829],[-57.4006313,-25.1818131],[-57.4011587,-25.1822958],[-57.4014104,-25.1826674],[-57.4014464,-25.1827786],[-57.4014284,-25.1828816],[-57.4013745,-25.1830091],[-57.4012876,-25.1831555],[-57.4009849,-25.1833698],[-57.400853,-25.1835813],[-57.4007661,-25.1842105],[-57.4006372,-25.1849454],[-57.4006582,-25.1853115],[-57.400874,-25.1856939],[-57.400892,-25.1858512],[-57.400838,-25.186022],[-57.3997682,-25.1868112],[-57.3992228,-25.1869902],[-57.3989321,-25.1869712],[-57.3987972,-25.186898],[-57.3985934,-25.1867271],[-57.3985455,-25.18654],[-57.3986713,-25.1860356],[-57.3988182,-25.1856397],[-57.3988571,-25.185458],[-57.3988392,-25.1853359],[-57.3987382,-25.1851886],[-57.3984562,-25.1851079],[-57.3981123,-25.1850585],[-57.3975629,-25.1850141],[-57.3972772,-25.1850371],[-57.3970171,-25.1851656],[-57.3968224,-25.1852759],[-57.3963348,-25.1854487],[-57.3960146,-25.1854718],[-57.3956853,-25.1854504],[-57.395507,-25.1854125],[-57.3953178,-25.1854224],[-57.3952396,-25.1854652],[-57.3952305,-25.1855755],[-57.3952832,-25.1857138],[-57.3954688,-25.1859673],[-57.3955889,-25.1862192],[-57.3957599,-25.1864942],[-57.3959255,-25.1866391],[-57.3959964,-25.1868119],[-57.3959309,-25.1869502],[-57.3956762,-25.1870869],[-57.3953578,-25.1871379],[-57.3949485,-25.1871165],[-57.3947756,-25.1872136],[-57.3946883,-25.1873305],[-57.3947556,-25.1876697],[-57.3947156,-25.1878096],[-57.3944263,-25.1881307],[-57.3942498,-25.188483],[-57.3942007,-25.1886888],[-57.3942899,-25.1887925],[-57.3944536,-25.1888254],[-57.3946101,-25.1887382],[-57.3947247,-25.1885982],[-57.3947956,-25.1883892],[-57.3949084,-25.1882756],[-57.3950376,-25.1882574],[-57.3951886,-25.1884073],[-57.3953051,-25.1887201],[-57.395436,-25.189079],[-57.3956507,-25.1894757],[-57.3958454,-25.1901145],[-57.3960255,-25.1908159],[-57.3960947,-25.1914118],[-57.3961128,-25.1922695],[-57.3959691,-25.1925626],[-57.3950431,-25.1931882],[-57.3944027,-25.1935043],[-57.3942244,-25.1934894],[-57.3940643,-25.1934516],[-57.3938878,-25.1933544],[-57.393779,-25.1931149],[-57.3937353,-25.1929009],[-57.3938026,-25.1925683],[-57.3939118,-25.1923214],[-57.3943939,-25.1918045],[-57.3944649,-25.1917073],[-57.3944921,-25.1916036],[-57.3944467,-25.1914275],[-57.3942447,-25.1911212],[-57.393688,-25.190517],[-57.3935479,-25.1904117],[-57.3934351,-25.1903969],[-57.3933223,-25.1904825],[-57.3931859,-25.1905039],[-57.3930385,-25.1904841],[-57.3929621,-25.1904281],[-57.392882,-25.1904545],[-57.3928365,-25.1905302],[-57.3928311,-25.1906224],[-57.3928456,-25.1907508],[-57.3932295,-25.1918209],[-57.3933205,-25.1930458],[-57.3931513,-25.1935907],[-57.3931422,-25.1939414],[-57.3930312,-25.1945719],[-57.3929584,-25.1947744],[-57.3927801,-25.1949242],[-57.3926128,-25.1949703],[-57.3923726,-25.1949472],[-57.3922343,-25.1948419],[-57.3921052,-25.1945159],[-57.3920506,-25.1942723],[-57.3919396,-25.1941685],[-57.3918541,-25.1941751],[-57.391774,-25.1942755],[-57.3917522,-25.1944319],[-57.391714,-25.1946147],[-57.3917322,-25.1949752],[-57.3916776,-25.1951925],[-57.391503,-25.195372],[-57.3912883,-25.1954905],[-57.3906351,-25.1955942],[-57.3904659,-25.1955975],[-57.3903568,-25.1954905],[-57.3901897,-25.1951937],[-57.3899805,-25.1951509],[-57.3895511,-25.195281],[-57.3894165,-25.1953748],[-57.3894019,-25.195625],[-57.3893637,-25.1958127],[-57.3892836,-25.1959889],[-57.3891563,-25.1961107],[-57.3888324,-25.1961304],[-57.3882903,-25.1961123],[-57.3880337,-25.1961403],[-57.3879537,-25.1962523],[-57.3879428,-25.1963905],[-57.3880556,-25.1967544],[-57.3880174,-25.1969634],[-57.3877317,-25.197426],[-57.3875171,-25.197803],[-57.3874534,-25.1979775],[-57.387477,-25.1980516],[-57.3875371,-25.1981092],[-57.3876244,-25.1981076],[-57.3877117,-25.1980565],[-57.3878282,-25.198096],[-57.3879166,-25.198222],[-57.3880006,-25.1985448],[-57.3880061,-25.1987787],[-57.3879498,-25.1989336],[-57.387857,-25.1990076],[-57.3877377,-25.1990086],[-57.3876173,-25.1989696],[-57.387477,-25.1989736],[-57.3873368,-25.1990166],[-57.3871976,-25.1991185],[-57.3870242,-25.1993983],[-57.3868424,-25.1997925],[-57.3867727,-25.2001266],[-57.3867716,-25.2005284],[-57.3866799,-25.2006233],[-57.3865474,-25.2006313],[-57.3863938,-25.2005554],[-57.3861829,-25.2003625],[-57.3858935,-25.2000507],[-57.3857003,-25.1998218],[-57.3855589,-25.1996219],[-57.3854452,-25.199411],[-57.3854021,-25.1992551],[-57.3853612,-25.1991482],[-57.385243,-25.1990762],[-57.3850773,-25.1990692],[-57.3847427,-25.1991582],[-57.3844754,-25.1992911],[-57.3843241,-25.1992871],[-57.3841597,-25.1991961],[-57.3841254,-25.1990672],[-57.384195,-25.1989183],[-57.3843276,-25.1988143],[-57.3844436,-25.1987454],[-57.3845109,-25.1986344],[-57.3845441,-25.1985315],[-57.3845098,-25.1983976],[-57.3844248,-25.1982836],[-57.3842028,-25.1982107],[-57.3840901,-25.1981637],[-57.3839001,-25.1981537],[-57.3833446,-25.1982297],[-57.3828575,-25.1982587],[-57.3826421,-25.1983636],[-57.3824499,-25.1985315],[-57.382356,-25.1986664],[-57.3821461,-25.1988263],[-57.3820633,-25.1990452],[-57.3820931,-25.1992741],[-57.3821296,-25.199391],[-57.3822478,-25.1994919],[-57.3824267,-25.1995699],[-57.382694,-25.1996019],[-57.3829734,-25.1996129],[-57.3832054,-25.1995759],[-57.3834031,-25.1995049],[-57.3835566,-25.199388],[-57.3836969,-25.199323],[-57.3838195,-25.199349],[-57.383888,-25.1995119],[-57.3838791,-25.1997238],[-57.3839145,-25.1999307],[-57.384036,-25.2001695],[-57.3840735,-25.2003684],[-57.384047,-25.2005083],[-57.3839454,-25.2006742],[-57.3832827,-25.2013678],[-57.3830673,-25.2015527],[-57.3829621,-25.2017593],[-57.3828467,-25.2018641],[-57.384599,-25.2031826],[-57.3852313,-25.2018458],[-57.386496,-25.2022254],[-57.3881306,-25.2005989],[-57.3885592,-25.1989871],[-57.3886931,-25.1975571],[-57.3893226,-25.1962483],[-57.3900592,-25.1958847],[-57.3909432,-25.1959817],[-57.3919441,-25.1955075],[-57.392848,-25.1950225],[-57.3931705,-25.1949074],[-57.3938034,-25.1943159],[-57.3944741,-25.1937771],[-57.3956441,-25.1930973],[-57.3961093,-25.1927044],[-57.3963004,-25.1922854],[-57.3973585,-25.1899584],[-57.3968094,-25.1889404],[-57.3974656,-25.188904],[-57.3977603,-25.1881284],[-57.3970906,-25.1872558],[-57.3978272,-25.1862619],[-57.3978808,-25.1867952],[-57.3989924,-25.1873406],[-57.4000639,-25.1871588],[-57.4014431,-25.1860165],[-57.4012023,-25.1836683],[-57.4036131,-25.1820805],[-57.4044483,-25.1810987],[-57.404564,-25.1805776],[-57.4026488,-25.1778262],[-57.4004523,-25.1775354],[-57.3993407,-25.1772081],[-57.3998228,-25.1763475],[-57.4007871,-25.1761899],[-57.4017112,-25.1749173],[-57.4027023,-25.1746385],[-57.402488,-25.1741294],[-57.4014702,-25.1731233],[-57.4005728,-25.1725052],[-57.4009612,-25.1706142],[-57.4046979,-25.1711233],[-57.4070149,-25.1704082],[-57.4072828,-25.16939],[-57.4078989,-25.1670747],[-57.4090239,-25.1660565],[-57.4109793,-25.1644685],[-57.4121043,-25.1651474],[-57.4133097,-25.1650868],[-57.4132427,-25.1643594],[-57.4128008,-25.1631715],[-57.4116134,-25.1635594],[-57.4119302,-25.1623957],[-57.4129615,-25.1621047],[-57.412774,-25.1613531],[-57.4125329,-25.1593651],[-57.4125865,-25.1574982],[-57.4131356,-25.1566496],[-57.4156568,-25.1558468],[-57.4208801,-25.155374],[-57.4195408,-25.1537616],[-57.4192595,-25.1523554],[-57.4198488,-25.1515795],[-57.4257552,-25.1518098],[-57.4258891,-25.1542951],[-57.4239204,-25.1543557],[-57.423532,-25.1554346],[-57.4255007,-25.1553861],[-57.4271347,-25.1558468],[-57.4275633,-25.1552164],[-57.4268267,-25.1531312],[-57.4270142,-25.1519068],[-57.4297699,-25.1512063],[-57.4313368,-25.1502122],[-57.4323848,-25.1499064],[-57.432194,-25.1478481],[-57.4323547,-25.1460659],[-57.4330646,-25.1455689],[-57.4339217,-25.14529],[-57.4347795,-25.1448561],[-57.4353055,-25.1453868],[-57.4368969,-25.1443294],[-57.4357233,-25.1415982],[-57.4355118,-25.1403819],[-57.4354619,-25.1398463],[-57.434578,-25.1377851],[-57.4329976,-25.1367302],[-57.4332922,-25.1352631],[-57.4341591,-25.1335457],[-57.4345528,-25.1332266],[-57.4382912,-25.1348482],[-57.4399085,-25.1331898],[-57.4428716,-25.1326172],[-57.4457244,-25.130859],[-57.446086,-25.1302169],[-57.4467173,-25.130677],[-57.4482691,-25.1297314],[-57.4493673,-25.1292221],[-57.4497959,-25.1283612],[-57.4513629,-25.1274396],[-57.452287,-25.1263119],[-57.4545189,-25.1243008],[-57.4561207,-25.124713],[-57.4572183,-25.1245658],[-57.4580152,-25.1229904],[-57.4591616,-25.1224015],[-57.4616416,-25.122188],[-57.4622351,-25.1213929],[-57.4628775,-25.1211352],[-57.4635022,-25.1196876],[-57.4664144,-25.1193757],[-57.4677479,-25.1195819],[-57.468065,-25.1193978],[-57.4683089,-25.1189929],[-57.4688374,-25.1185438],[-57.4711222,-25.1177635],[-57.4742301,-25.1173593],[-57.4752078,-25.117808],[-57.4760248,-25.1174927],[-57.4764802,-25.1174078],[-57.477565,-25.1190085],[-57.4766141,-25.1195906],[-57.4783954,-25.1203788],[-57.4781945,-25.1168742],[-57.4776721,-25.1165104],[-57.4769757,-25.1156615],[-57.47644,-25.1154432],[-57.4762525,-25.1147763],[-57.4768552,-25.1141942],[-57.477484,-25.1138288],[-57.478542,-25.1125676],[-57.4811939,-25.1083958],[-57.4814617,-25.1067222],[-57.4815153,-25.105849],[-57.481488,-25.1051112],[-57.4810067,-25.1053703],[-57.4806941,-25.1055459],[-57.4802327,-25.105818],[-57.4793905,-25.1062454],[-57.4766117,-25.1074647],[-57.4742031,-25.1081788],[-57.4734038,-25.1083682],[-57.4710006,-25.1085868],[-57.469933,-25.1086062],[-57.4689996,-25.1086256],[-57.4674279,-25.1087714],[-57.4672669,-25.1087422],[-57.467161,-25.1086961],[-57.4670845,-25.1086657],[-57.4670134,-25.1086439],[-57.4669115,-25.1086414],[-57.4667801,-25.1086815],[-57.4666742,-25.1087301],[-57.4666205,-25.1087726],[-57.4665588,-25.1088357],[-57.4664971,-25.1088819],[-57.4663965,-25.1089183],[-57.4662732,-25.1089632],[-57.4661525,-25.1089705],[-57.4660049,-25.1089742],[-57.4659191,-25.1089827],[-57.4658293,-25.1090033],[-57.46538,-25.1089985],[-57.4650487,-25.1090155],[-57.4649803,-25.109024],[-57.464916,-25.1090203],[-57.4648556,-25.1089972],[-57.4647751,-25.108979],[-57.4646866,-25.1089632],[-57.4645981,-25.1089742],[-57.4644935,-25.10899],[-57.4643996,-25.1089972],[-57.4643098,-25.1090045],[-57.4642374,-25.1089912],[-57.4641918,-25.1089535],[-57.4641448,-25.1089414],[-57.4640389,-25.1089365],[-57.463882,-25.1089426],[-57.463776,-25.1089645],[-57.4636889,-25.1089669],[-57.463595,-25.108956],[-57.4635038,-25.1089353],[-57.46343,-25.1089244],[-57.4633683,-25.108922],[-57.463147,-25.1089329],[-57.462966,-25.1089207],[-57.4626911,-25.1088782],[-57.4624631,-25.1088382],[-57.4622807,-25.108809],[-57.462105,-25.1087677],[-57.4619816,-25.1087434],[-57.4618717,-25.1087337],[-57.4617697,-25.1087447],[-57.4617094,-25.1087471],[-57.4616598,-25.108741],[-57.4615605,-25.1087167],[-57.461472,-25.1086949],[-57.4613473,-25.1086876],[-57.461185,-25.10869],[-57.4610616,-25.1087022],[-57.4609396,-25.1086864],[-57.4608538,-25.1086475],[-57.4607652,-25.1086244],[-57.4606875,-25.108622],[-57.4604782,-25.1085831],[-57.4603361,-25.108537],[-57.4601738,-25.1084981],[-57.460037,-25.1084775],[-57.4598815,-25.1084738],[-57.459746,-25.1084751],[-57.4595341,-25.1084581],[-57.4594188,-25.1084398],[-57.4590969,-25.1083791],[-57.4586718,-25.1082638],[-57.458248,-25.1081278],[-57.4577115,-25.1079577],[-57.457155,-25.1077671],[-57.4563986,-25.1074781],[-57.4560204,-25.1073105],[-57.4556449,-25.1071866],[-57.4555483,-25.1071635],[-57.4554545,-25.1071307],[-57.4553378,-25.1070858],[-57.4552935,-25.1070372],[-57.4552493,-25.1069923],[-57.4551849,-25.1069632],[-57.4551018,-25.1069498],[-57.4549891,-25.1069352],[-57.4548644,-25.1068976],[-57.4540155,-25.1065138],[-57.4538921,-25.1064604],[-57.4538022,-25.1064082],[-57.4537593,-25.1063535],[-57.4537177,-25.1062964],[-57.4536547,-25.1062588],[-57.4535595,-25.1062321],[-57.453483,-25.1062224],[-57.4533892,-25.1061908],[-57.4533127,-25.1061519],[-57.4532644,-25.1061204],[-57.4532001,-25.1060657],[-57.4531437,-25.1060208],[-57.4530847,-25.1059673],[-57.4530137,-25.1059273],[-57.4529198,-25.1059006],[-57.4528568,-25.1058787],[-57.4527977,-25.1058556],[-57.4527374,-25.1058228],[-57.4518241,-25.1051974],[-57.4514955,-25.1050298],[-57.4512313,-25.1049302],[-57.4510838,-25.1048926],[-57.4509282,-25.1048877],[-57.4507472,-25.1048513],[-57.4499895,-25.1046072],[-57.4489622,-25.1041712],[-57.4480543,-25.1038154],[-57.4476801,-25.1036527],[-57.4474709,-25.1035397],[-57.4468964,-25.1032778],[-57.437857,-25.1164635],[-57.4388974,-25.1163711],[-57.4388884,-25.1167944],[-57.4391794,-25.1163411],[-57.4398979,-25.1176297],[-57.4431524,-25.1190121],[-57.445215,-25.1205522],[-57.4470097,-25.1212797],[-57.4489249,-25.1218254],[-57.4522062,-25.1222498],[-57.4540411,-25.1220922],[-57.4557286,-25.1214253],[-57.458434,-25.1200671],[-57.4585148,-25.1204672],[-57.4557157,-25.122177],[-57.4514299,-25.1232319],[-57.4483494,-25.1227105],[-57.4434208,-25.1223225],[-57.4403002,-25.1217404],[-57.4385055,-25.1205884],[-57.4376215,-25.1228318],[-57.4389341,-25.1239838],[-57.43951,-25.1252934],[-57.4403869,-25.1259917],[-57.442302,-25.1274391],[-57.4437397,-25.1284541],[-57.4450325,-25.1295177],[-57.4452632,-25.129542],[-57.4454938,-25.1297557],[-57.4451934,-25.1299985],[-57.444083,-25.1290369],[-57.4421893,-25.1276188],[-57.4405478,-25.12639],[-57.4408594,-25.12703],[-57.4404844,-25.1271634],[-57.4387433,-25.1266541],[-57.4377656,-25.1266905],[-57.4363191,-25.1276727],[-57.4346048,-25.1271877],[-57.4327029,-25.1271392],[-57.4315377,-25.1273938],[-57.4308949,-25.1282184],[-57.4301363,-25.1276877],[-57.4295193,-25.1286128],[-57.4293573,-25.1302235]]},"properties":{"name":"Pantano Desembocadura de R\u00edo Salado Limpio Noreste -- Crecida 2015-2016","natural":"wetland","osm_id":398800912,"osm_type":"way"}},{"type":"Feature","geometry":{"type":"LineString","coordinates":[[-57.5003931,-25.1037492],[-57.5002352,-25.1039827],[-57.5001476,-25.1039049],[-57.5002829,-25.1037392],[-57.5001427,-25.1036694],[-57.5001884,-25.1035057],[-57.5001454,-25.1034754],[-57.5001086,-25.1034511],[-57.5000609,-25.103431],[-57.4999798,-25.103411],[-57.4999027,-25.1033855],[-57.4999212,-25.1036028],[-57.4999631,-25.1037847],[-57.5000786,-25.1038514],[-57.5001465,-25.1039058],[-57.5002345,-25.1039834],[-57.5000934,-25.1041031],[-57.5003557,-25.104388],[-57.5006507,-25.104785],[-57.5009012,-25.1050542],[-57.5006722,-25.1052065],[-57.5004163,-25.1050148],[-57.5000689,-25.10482],[-57.4996994,-25.1046252],[-57.4994705,-25.1048499],[-57.5001709,-25.1052245],[-57.500546,-25.1052844],[-57.5006618,-25.105267],[-57.5006728,-25.105207],[-57.5009017,-25.1050547],[-57.50112,-25.1052],[-57.5011388,-25.105207],[-57.501227,-25.105368],[-57.5024716,-25.1066472],[-57.503229,-25.1076059],[-57.5036019,-25.1081717],[-57.5036208,-25.1084035],[-57.5033846,-25.1084323],[-57.5031711,-25.1087737],[-57.5029804,-25.109148],[-57.5033392,-25.1096087],[-57.5036481,-25.1098143],[-57.5038071,-25.1096827],[-57.5038616,-25.1095346],[-57.5037707,-25.1092549],[-57.5037753,-25.1088848],[-57.5039433,-25.1086956],[-57.5044548,-25.1097977],[-57.50435,-25.11015],[-57.5042154,-25.1099603],[-57.5036991,-25.1101636],[-57.5032352,-25.1098248],[-57.5020306,-25.108585],[-57.5009158,-25.1075417],[-57.5006016,-25.1069996],[-57.50022,-25.1068032],[-57.5001227,-25.1065525],[-57.4995765,-25.1064644],[-57.4985814,-25.1057463],[-57.4977135,-25.1048113],[-57.4962096,-25.1037408],[-57.4957158,-25.1036595],[-57.4953268,-25.1031785],[-57.4947132,-25.1030904],[-57.4939127,-25.1026974],[-57.4938977,-25.1033478],[-57.4957084,-25.1049197],[-57.496479,-25.1061866],[-57.4954465,-25.1066541],[-57.4964715,-25.1077043],[-57.4969204,-25.1083276],[-57.4974292,-25.1087612],[-57.4982298,-25.1092083],[-57.4981774,-25.109398],[-57.497938,-25.1095335],[-57.4980053,-25.1097164],[-57.4982298,-25.1097029],[-57.4984917,-25.1096148],[-57.4988583,-25.1094793],[-57.4998384,-25.1109156],[-57.5021728,-25.1117218],[-57.5037739,-25.112528],[-57.5045221,-25.1128125],[-57.5053152,-25.1138626],[-57.5056669,-25.1147975],[-57.5059138,-25.1155766],[-57.5060335,-25.116376],[-57.5053975,-25.1182525],[-57.5056088,-25.1195012],[-57.5053704,-25.1213177],[-57.5058478,-25.1208417],[-57.506159,-25.1205454],[-57.5063682,-25.1203851],[-57.5065774,-25.1202782],[-57.506969,-25.120152],[-57.5073713,-25.12005],[-57.5078863,-25.1198897],[-57.5081813,-25.1197828],[-57.5086695,-25.1195643],[-57.5090021,-25.11937],[-57.509324,-25.1191951],[-57.5095546,-25.11903],[-57.509914,-25.1187871],[-57.5102252,-25.1185491],[-57.510488,-25.118248],[-57.5107509,-25.1179371],[-57.510944,-25.1176797],[-57.5111854,-25.1173057],[-57.5113383,-25.117007],[-57.5115529,-25.1165213],[-57.511687,-25.1161278],[-57.5117916,-25.1158145],[-57.5119016,-25.1152851],[-57.5119847,-25.1148455],[-57.5120437,-25.1143695],[-57.5120544,-25.1141266],[-57.5120625,-25.1136409],[-57.5120732,-25.113092],[-57.512041,-25.1124606],[-57.5119552,-25.1119044],[-57.5118506,-25.1114794],[-57.5117701,-25.1111904],[-57.5116414,-25.1108552],[-57.5115502,-25.1106221],[-57.5114161,-25.1103573],[-57.5112766,-25.1101558],[-57.5110406,-25.1098497],[-57.5108314,-25.1095729],[-57.5106436,-25.1093446],[-57.5104719,-25.1091673],[-57.5102574,-25.1089584],[-57.5099903,-25.1086982],[-57.509788,-25.1085312],[-57.5094929,-25.1083439],[-57.5092033,-25.1081763],[-57.5088894,-25.1079772],[-57.5086024,-25.1078096],[-57.5081733,-25.1075788],[-57.5079694,-25.1074768],[-57.5076181,-25.1072995],[-57.507433,-25.1071963],[-57.5073733,-25.1071781],[-57.5073317,-25.1071714],[-57.5072452,-25.1071465],[-57.5071688,-25.1071235],[-57.5068751,-25.1069947],[-57.5066525,-25.1069012],[-57.5063024,-25.1067215],[-57.5059444,-25.1065187],[-57.505593,-25.1062989],[-57.5053167,-25.1061167],[-57.5050981,-25.1059661],[-57.5060861,-25.1069683],[-57.5069991,-25.1077005],[-57.5070899,-25.1080378],[-57.5064812,-25.1074989],[-57.5056591,-25.1068779],[-57.505164,-25.1066187],[-57.5047915,-25.106191],[-57.5042964,-25.1059565],[-57.5039541,-25.1059599],[-57.5036204,-25.1059899],[-57.5034687,-25.1059349],[-57.5033253,-25.1057726],[-57.5031681,-25.1058375],[-57.5030496,-25.1058275],[-57.50284,-25.1055304],[-57.5025091,-25.1053231],[-57.5022361,-25.1050709],[-57.5020954,-25.105006],[-57.5022057,-25.1047413],[-57.5017452,-25.1045166],[-57.5015619,-25.1043092],[-57.5012907,-25.1040803],[-57.5011015,-25.1041591],[-57.5008437,-25.1040454],[-57.5008655,-25.1039651],[-57.5003931,-25.1037492]]},"properties":{"name":"pantano PiqueteCue Limpio noroeste -- crecida 2015-2016","natural":"wetland","osm_id":398808984,"osm_type":"way"}},{"type":"Feature","geometry":{"type":"LineString","coordinates":[[-57.4468815,-25.1032689],[-57.4377701,-25.1164794],[-57.4358648,-25.1167596],[-57.4338672,-25.1167122],[-57.4325234,-25.1164913],[-57.4230839,-25.1129806],[-57.4210335,-25.1113814],[-57.4198155,-25.1101498],[-57.415857,-25.1077234],[-57.4145375,-25.1060506],[-57.4127511,-25.1022087],[-57.4129541,-25.0982195],[-57.4143142,-25.0948553],[-57.4158164,-25.0891929],[-57.4140862,-25.0864109],[-57.4140659,-25.0842782],[-57.4134919,-25.0829192],[-57.4134919,-25.0812725],[-57.4133423,-25.0798088],[-57.4130654,-25.0780807],[-57.4127661,-25.0768813],[-57.4126015,-25.0757292],[-57.4120554,-25.0748415],[-57.4103665,-25.0740645],[-57.408489,-25.0740645],[-57.4069548,-25.074424],[-57.4044228,-25.0754735],[-57.4032426,-25.0766008],[-57.4028564,-25.0769117],[-57.4014402,-25.0771838],[-57.3999979,-25.076795],[-57.3992671,-25.0759676],[-57.3955115,-25.0734486],[-57.394192,-25.0717202],[-57.3933876,-25.0711084],[-57.3916215,-25.0690673],[-57.3919509,-25.0681446],[-57.391689,-25.0675211],[-57.3910975,-25.0674149],[-57.3918151,-25.0670784],[-57.3923394,-25.066686],[-57.3924145,-25.0666739],[-57.3925272,-25.0666301],[-57.3926345,-25.0666192],[-57.3926988,-25.0665973],[-57.3927444,-25.0665439],[-57.392786,-25.0664576],[-57.3928142,-25.0664127],[-57.3929429,-25.0663435],[-57.3930475,-25.0662803],[-57.3931655,-25.0661175],[-57.3955527,-25.0648978],[-57.3957512,-25.0647691],[-57.3959953,-25.064684],[-57.3963225,-25.0645796],[-57.3964754,-25.0645285],[-57.3966551,-25.0645188],[-57.3968402,-25.064531],[-57.3969984,-25.0645455],[-57.3971057,-25.0645042],[-57.397221,-25.0644532],[-57.397382,-25.0644119],[-57.3975402,-25.0644216],[-57.397787,-25.0644799],[-57.3980673,-25.0645868],[-57.398314,-25.0646986],[-57.3984656,-25.06478],[-57.3986828,-25.0649039],[-57.3988357,-25.0649975],[-57.399049,-25.065125],[-57.3993467,-25.0652914],[-57.3996806,-25.0654542],[-57.4000172,-25.0656121],[-57.4003619,-25.0657761],[-57.4005188,-25.0658527],[-57.4007642,-25.0659742],[-57.4009044,-25.066024],[-57.4010438,-25.0660689],[-57.4011652,-25.0660981],[-57.4013141,-25.0661406],[-57.4014576,-25.0661953],[-57.4015595,-25.0662572],[-57.4017218,-25.0663544],[-57.4019229,-25.0664479],[-57.4021268,-25.0665548],[-57.4023025,-25.0666423],[-57.4024527,-25.0667371],[-57.4025184,-25.066765],[-57.4025895,-25.0668112],[-57.4026337,-25.0668561],[-57.4026901,-25.0669108],[-57.4027571,-25.0669472],[-57.4028483,-25.0669849],[-57.402965,-25.0670444],[-57.4030575,-25.0671015],[-57.4031299,-25.0671683],[-57.4032211,-25.06724],[-57.4033217,-25.0673226],[-57.4033995,-25.067387],[-57.403492,-25.0674586],[-57.4036463,-25.067557],[-57.40383,-25.0676822],[-57.4040553,-25.0678534],[-57.4041908,-25.0679737],[-57.4043436,-25.0681098],[-57.4044429,-25.0682191],[-57.40453,-25.0683272],[-57.4045998,-25.0684074],[-57.4046575,-25.0684754],[-57.4047124,-25.0685264],[-57.4047956,-25.0685823],[-57.4048533,-25.0686345],[-57.4049297,-25.0687354],[-57.4050142,-25.0688277],[-57.405104,-25.0689067],[-57.4051899,-25.068971],[-57.4052824,-25.0690451],[-57.4053642,-25.0691156],[-57.405446,-25.0691933],[-57.405501,-25.0692735],[-57.405613,-25.0693938],[-57.405729,-25.069494],[-57.4058269,-25.0695675],[-57.4059188,-25.0696319],[-57.4059664,-25.0696774],[-57.406016,-25.0697266],[-57.4060596,-25.0697819],[-57.4061434,-25.0698785],[-57.4062621,-25.0699659],[-57.4063298,-25.0700163],[-57.4064257,-25.0700625],[-57.4065042,-25.0701074],[-57.4065598,-25.0701682],[-57.4066282,-25.0702277],[-57.4067402,-25.0703474],[-57.4069896,-25.0705271],[-57.4073464,-25.0707434],[-57.4075194,-25.070843],[-57.4076857,-25.0709147],[-57.4079123,-25.0710349],[-57.4081054,-25.071126],[-57.4085252,-25.0713544],[-57.4089275,-25.0716022],[-57.4091448,-25.0717516],[-57.4093352,-25.071901],[-57.4095297,-25.0720237],[-57.4097617,-25.0721646],[-57.4099615,-25.0722679],[-57.4102083,-25.0723711],[-57.410502,-25.0725071],[-57.4108239,-25.0726627],[-57.4110264,-25.0727756],[-57.4111953,-25.0728801],[-57.4114797,-25.0730392],[-57.4115789,-25.0731],[-57.411646,-25.0731413],[-57.4117559,-25.0731947],[-57.4118471,-25.0732506],[-57.4119651,-25.0733089],[-57.4121529,-25.073417],[-57.4122803,-25.0734875],[-57.4124345,-25.073581],[-57.4126183,-25.0736903],[-57.4127162,-25.073779],[-57.4128784,-25.0739284],[-57.4129897,-25.0740377],[-57.4131158,-25.0741641],[-57.4132445,-25.0743013],[-57.4133948,-25.0744677],[-57.4135342,-25.0746257],[-57.4136308,-25.0747459],[-57.4137448,-25.0748893],[-57.4139097,-25.0750787],[-57.4140304,-25.0752537],[-57.4141619,-25.0754359],[-57.4142531,-25.0755756],[-57.4143268,-25.07568],[-57.4143966,-25.0757772],[-57.4144448,-25.0758549],[-57.4144797,-25.0759412],[-57.4145347,-25.0761076],[-57.4146366,-25.0763299],[-57.4147198,-25.0764963],[-57.4147895,-25.0765886],[-57.4148478,-25.0766597],[-57.4148706,-25.0767228],[-57.414882,-25.0767878],[-57.4148981,-25.076885],[-57.4149149,-25.0769227],[-57.4149451,-25.0769658],[-57.414996,-25.0770247],[-57.4150564,-25.0770903],[-57.4150993,-25.077168],[-57.4151234,-25.0772931],[-57.4151784,-25.0775045],[-57.4152616,-25.0777207],[-57.415334,-25.0778665],[-57.4154091,-25.0779916],[-57.415448,-25.0781106],[-57.4155217,-25.0783378],[-57.4155888,-25.078537],[-57.4156934,-25.0787848],[-57.4157873,-25.0789791],[-57.415853,-25.0791067],[-57.4159066,-25.079216],[-57.4159254,-25.0793083],[-57.4159616,-25.0794516],[-57.416022,-25.0796278],[-57.4160971,-25.0797917],[-57.4161775,-25.0799472],[-57.41625,-25.0801051],[-57.416313,-25.0802302],[-57.4163774,-25.0803723],[-57.4164216,-25.0804938],[-57.4164981,-25.0807367],[-57.4165504,-25.0808606],[-57.4166161,-25.0810428],[-57.4166778,-25.0812153],[-57.4167126,-25.081304],[-57.4167663,-25.0814048],[-57.4168347,-25.0815226],[-57.4169044,-25.0816283],[-57.4169621,-25.0817825],[-57.4169862,-25.0819356],[-57.417056,-25.0820595],[-57.4171552,-25.0821664],[-57.4172558,-25.0822465],[-57.4173644,-25.0824239],[-57.4174932,-25.0826668],[-57.4176152,-25.0828709],[-57.4177359,-25.0830859],[-57.4178553,-25.0832923],[-57.4179974,-25.0835219],[-57.4180886,-25.0836519],[-57.4182066,-25.0838171],[-57.4183314,-25.083975],[-57.4184252,-25.0841207],[-57.4185231,-25.0842713],[-57.4185929,-25.0843746],[-57.4186653,-25.084479],[-57.4187256,-25.0845373],[-57.4188249,-25.0846187],[-57.4188986,-25.0846807],[-57.4189791,-25.0847426],[-57.4190569,-25.0848167],[-57.4191427,-25.0849224],[-57.4192929,-25.08509],[-57.4193922,-25.0852041],[-57.4194887,-25.0853001],[-57.4196067,-25.0854276],[-57.4196926,-25.0855272],[-57.4197744,-25.0856305],[-57.4198401,-25.0857252],[-57.4199326,-25.0858479],[-57.4200064,-25.0859329],[-57.420115,-25.0860762],[-57.4201901,-25.0861874],[-57.4202344,-25.0862694],[-57.4202894,-25.0863507],[-57.4203537,-25.0864613],[-57.4204704,-25.0866592],[-57.4205549,-25.0867904],[-57.4206394,-25.086924],[-57.4206984,-25.0870285],[-57.4207252,-25.0870783],[-57.4207601,-25.0871281],[-57.420807,-25.0871803],[-57.4208714,-25.0872398],[-57.420972,-25.0873394],[-57.4210887,-25.0874463],[-57.421196,-25.0875763],[-57.4213582,-25.0877584],[-57.4215151,-25.0879333],[-57.4216734,-25.0881119],[-57.421833,-25.0883111],[-57.421959,-25.0884605],[-57.4220918,-25.0886208],[-57.4221884,-25.0887459],[-57.4222769,-25.0888771],[-57.4223346,-25.0889827],[-57.4223949,-25.0890653],[-57.4224459,-25.0891455],[-57.4225082,-25.0892178],[-57.4225786,-25.0892773],[-57.4226537,-25.089324],[-57.4227141,-25.0893738],[-57.4227516,-25.0894212],[-57.4227959,-25.089471],[-57.4228147,-25.0895335],[-57.4228167,-25.0895827],[-57.4228328,-25.0896107],[-57.4228532,-25.0896334],[-57.4229045,-25.0896593],[-57.4229555,-25.0897018],[-57.4230051,-25.0897637],[-57.4230306,-25.0898281],[-57.4230614,-25.0899034],[-57.4231218,-25.0899629],[-57.423209,-25.0900224],[-57.4232908,-25.0900771],[-57.4233457,-25.0901366],[-57.4233887,-25.0901912],[-57.4234436,-25.0902653],[-57.4234973,-25.0903467],[-57.4235523,-25.0904208],[-57.4236421,-25.0904937],[-57.4237065,-25.0905665],[-57.4237709,-25.090626],[-57.423846,-25.0906686],[-57.4239211,-25.0906989],[-57.4239881,-25.0907329],[-57.4240726,-25.0908009],[-57.4241571,-25.090875],[-57.4242711,-25.0909625],[-57.4243771,-25.091039],[-57.424479,-25.0911167],[-57.4245702,-25.091226],[-57.4246667,-25.0912855],[-57.424766,-25.0913268],[-57.4248505,-25.0913693],[-57.4249229,-25.0914131],[-57.4250208,-25.0914847],[-57.4251147,-25.0915418],[-57.4252112,-25.0915916],[-57.4253145,-25.091611],[-57.4254017,-25.091622],[-57.4254955,-25.0916572],[-57.4255572,-25.0917021],[-57.4256296,-25.0917677],[-57.4257208,-25.0918224],[-57.4258362,-25.0918843],[-57.4259569,-25.0919511],[-57.4261098,-25.0920131],[-57.426209,-25.0920361],[-57.4262935,-25.0920616],[-57.4263378,-25.0921054],[-57.4263914,-25.0921892],[-57.4264357,-25.092239],[-57.4265362,-25.0923021],[-57.4266261,-25.092341],[-57.4267119,-25.092358],[-57.4268018,-25.0923726],[-57.4268782,-25.0924175],[-57.4269573,-25.0924697],[-57.4270271,-25.0925547],[-57.4271169,-25.0926167],[-57.4272443,-25.0926628],[-57.4273503,-25.0926956],[-57.4274576,-25.0927236],[-57.4275568,-25.0927721],[-57.427644,-25.0928049],[-57.427707,-25.0928244],[-57.4277928,-25.0928499],[-57.4278988,-25.0928827],[-57.4279618,-25.0929094],[-57.428041,-25.0929385],[-57.4281509,-25.0929786],[-57.4282461,-25.0930272],[-57.4283373,-25.0931001],[-57.4284178,-25.0931839],[-57.4284983,-25.0932434],[-57.4286431,-25.0933102],[-57.4288134,-25.0933709],[-57.4289556,-25.093411],[-57.4291018,-25.0934693],[-57.429205,-25.0935312],[-57.4293365,-25.0936102],[-57.4294558,-25.0936794],[-57.429539,-25.0937401],[-57.4296369,-25.0938239],[-57.4297334,-25.0938798],[-57.4298447,-25.093949],[-57.4299735,-25.0940413],[-57.430117,-25.0941324],[-57.4302283,-25.0941798],[-57.4303731,-25.094232],[-57.4304938,-25.0942684],[-57.4305958,-25.0942976],[-57.4307084,-25.0943535],[-57.4308077,-25.0944118],[-57.4309136,-25.0944761],[-57.431033,-25.0945356],[-57.4311349,-25.0945879],[-57.4312261,-25.0946413],[-57.4314232,-25.09477],[-57.4315842,-25.0948757],[-57.431678,-25.0949255],[-57.431737,-25.0949619],[-57.4318537,-25.0950469],[-57.4320079,-25.0951478],[-57.4321434,-25.0952449],[-57.4322802,-25.0953396],[-57.4324156,-25.0954271],[-57.4325041,-25.0955097],[-57.4326409,-25.0956153],[-57.4328059,-25.0957198],[-57.4329749,-25.0958279],[-57.4332029,-25.0959906],[-57.4333584,-25.0960951],[-57.4336293,-25.0962663],[-57.4337849,-25.0963635],[-57.433864,-25.0964145],[-57.4339686,-25.0964764],[-57.4341081,-25.0965578],[-57.4341846,-25.0966027],[-57.4342704,-25.096661],[-57.4344474,-25.0967582],[-57.434603,-25.0968396],[-57.4347679,-25.0969088],[-57.4349235,-25.0969731],[-57.4350764,-25.0970509],[-57.4352199,-25.0971347],[-57.4353755,-25.09721],[-57.435476,-25.0972476],[-57.4355726,-25.0972743],[-57.4356705,-25.0973241],[-57.4357885,-25.097397],[-57.4359146,-25.097465],[-57.4360675,-25.09755],[-57.4363357,-25.0976861],[-57.4365208,-25.0977784],[-57.4367514,-25.0978974],[-57.4369714,-25.0980285],[-57.4372852,-25.0981864],[-57.4374864,-25.0982617],[-57.4377304,-25.0983783],[-57.4379504,-25.0985022],[-57.4381784,-25.0986115],[-57.43857,-25.0988252],[-57.438916,-25.0989953],[-57.4391145,-25.0991289],[-57.4393344,-25.099294],[-57.4394766,-25.099379],[-57.4404234,-25.0999013],[-57.4416143,-25.1005158],[-57.4425828,-25.101056],[-57.4436206,-25.1016306],[-57.4441302,-25.1018735],[-57.444723,-25.1021607],[-57.4458012,-25.1027261],[-57.4463484,-25.1029945],[-57.4466233,-25.1031359],[-57.4467611,-25.1032042],[-57.4468432,-25.103244],[-57.4468815,-25.1032689]]},"properties":{"name":"Pantano Emboscada Suroeste Crecida 2015-2016","natural":"wetland","osm_id":399235741,"osm_type":"way"}},{"type":"Feature","geometry":{"type":"LineString","coordinates":[[-57.4267594,-25.1324902],[-57.4262916,-25.1331856],[-57.4262934,-25.1334521],[-57.4266503,-25.133747],[-57.4279165,-25.1341554],[-57.4291884,-25.1339827],[-57.4295745,-25.1342993],[-57.4300469,-25.1345707],[-57.430819,-25.1344967],[-57.4312733,-25.1346324],[-57.4314731,-25.1348298],[-57.4313914,-25.1351505],[-57.4308508,-25.1355864],[-57.4301104,-25.1359195],[-57.4279619,-25.13601],[-57.4274441,-25.1362732],[-57.4274259,-25.1365692],[-57.4278166,-25.1370216],[-57.4279347,-25.1378193],[-57.4287886,-25.1392298],[-57.429361,-25.1392914],[-57.4295199,-25.1389913],[-57.4293846,-25.1385751],[-57.4289304,-25.137987],[-57.4289713,-25.1377897],[-57.4291439,-25.137691],[-57.4293165,-25.137802],[-57.4295699,-25.1383539],[-57.4299242,-25.1386993],[-57.4304557,-25.1389049],[-57.431524,-25.13883],[-57.4334182,-25.1379953],[-57.4338406,-25.1379912],[-57.4341813,-25.1382379],[-57.434472,-25.1391425],[-57.4348581,-25.1399691],[-57.4349716,-25.1410053],[-57.43469,-25.1410957],[-57.4343266,-25.1408408],[-57.4342767,-25.1398457],[-57.4341858,-25.139562],[-57.4338361,-25.1394838],[-57.4324779,-25.1397018],[-57.4320191,-25.1398539],[-57.4317375,-25.1402651],[-57.4318511,-25.1408901],[-57.4326551,-25.1421936],[-57.4339587,-25.1438919],[-57.4341994,-25.1442989],[-57.4338133,-25.144669],[-57.4325688,-25.1452118],[-57.43206,-25.1451213],[-57.431197,-25.1445415],[-57.4307382,-25.143715],[-57.4309154,-25.1430983],[-57.4308381,-25.1427858],[-57.4305338,-25.142502],[-57.4293761,-25.1422593],[-57.4289571,-25.1423947],[-57.4288374,-25.142774],[-57.4292788,-25.1431669],[-57.4299447,-25.1433159],[-57.4299447,-25.1434446],[-57.4296604,-25.1434378],[-57.4290319,-25.1438848],[-57.4285755,-25.1447518],[-57.4284333,-25.1458896],[-57.4287925,-25.1470071],[-57.4286952,-25.1473796],[-57.4278722,-25.1483278],[-57.4269968,-25.149784],[-57.4263384,-25.1502513],[-57.4258969,-25.1500684],[-57.4256201,-25.1496553],[-57.4254405,-25.1486529],[-57.425261,-25.1483211],[-57.4249916,-25.1480298],[-57.4245203,-25.1480366],[-57.4242958,-25.1481991],[-57.424206,-25.148592],[-57.4243108,-25.1491609],[-57.4241836,-25.1496214],[-57.4238618,-25.1498923],[-57.4233456,-25.149872],[-57.4229116,-25.1496553],[-57.4224777,-25.1488629],[-57.4222308,-25.1487884],[-57.4218941,-25.1487884],[-57.4214696,-25.1493561],[-57.4209418,-25.1495766],[-57.420211,-25.1494847],[-57.4190539,-25.1490804],[-57.4186479,-25.1490621],[-57.4182825,-25.1494663],[-57.4183637,-25.1500176],[-57.4189727,-25.1512488],[-57.4188103,-25.1520573],[-57.4182622,-25.1528842],[-57.4179374,-25.1531231],[-57.4168615,-25.1531231],[-57.4162728,-25.152829],[-57.4158871,-25.1523145],[-57.4153796,-25.1521124],[-57.4148112,-25.1521492],[-57.4141413,-25.1528474],[-57.4131262,-25.1535457],[-57.4124157,-25.1538581],[-57.4116646,-25.1538397],[-57.4096955,-25.1533987],[-57.4089241,-25.1534171],[-57.4083557,-25.1536559],[-57.4082339,-25.1542623],[-57.4084572,-25.1550708],[-57.4093504,-25.1557139],[-57.4099797,-25.156945],[-57.4111977,-25.1575698],[-57.4116646,-25.157533],[-57.41203,-25.1577903],[-57.4120503,-25.1582864],[-57.4117864,-25.1592786],[-57.4119082,-25.1604913],[-57.4123164,-25.1612852],[-57.4123539,-25.1615357],[-57.412233,-25.1615937],[-57.4105432,-25.1614409],[-57.4100203,-25.1616489],[-57.4100344,-25.1619217],[-57.4101317,-25.1621655],[-57.4105881,-25.1627479],[-57.4107078,-25.1629985],[-57.4107377,-25.1632355],[-57.4107078,-25.1633913],[-57.4105282,-25.1635606],[-57.4100045,-25.1639262],[-57.4091965,-25.1642242],[-57.4086428,-25.1645899],[-57.4080667,-25.1650775],[-57.4076477,-25.1655312],[-57.4072437,-25.1660729],[-57.4071314,-25.1663032],[-57.4069487,-25.167161],[-57.4068448,-25.1685062],[-57.4068972,-25.1689667],[-57.4069046,-25.1693459],[-57.4068373,-25.169671],[-57.4066428,-25.1700299],[-57.4064782,-25.1702533],[-57.4062762,-25.1703007],[-57.4060891,-25.1702669],[-57.405932,-25.1701856],[-57.4058497,-25.1700366],[-57.4056477,-25.1689464],[-57.4054831,-25.1685807],[-57.4052885,-25.1684047],[-57.4051164,-25.1682895],[-57.4049069,-25.1682692],[-57.404718,-25.1682653],[-57.4045478,-25.1684047],[-57.404488,-25.1686078],[-57.4045403,-25.1691563],[-57.4044805,-25.1693324],[-57.4043608,-25.169434],[-57.4041662,-25.1694475],[-57.4039418,-25.169434],[-57.4035452,-25.1693392],[-57.403231,-25.169285],[-57.4027895,-25.1692579],[-57.4024304,-25.1691969],[-57.4020713,-25.1690344],[-57.4017944,-25.1688651],[-57.4010088,-25.1680525],[-57.4007993,-25.1679036],[-57.4005075,-25.1678223],[-57.4000362,-25.1678765],[-57.3995648,-25.1683166],[-57.3992431,-25.1692647],[-57.3989438,-25.1693459],[-57.3988316,-25.1691834],[-57.3989288,-25.1689193],[-57.3988914,-25.1686688],[-57.3983602,-25.1683505],[-57.3978514,-25.1683505],[-57.3967291,-25.1678426],[-57.3963999,-25.1681406],[-57.3964149,-25.1684724],[-57.3968114,-25.1689735],[-57.3966992,-25.1694746],[-57.3971257,-25.1704768],[-57.3974699,-25.1708763],[-57.3978589,-25.1710253],[-57.3985847,-25.1707138],[-57.3988016,-25.170768],[-57.3989438,-25.1709711],[-57.3988839,-25.1716347],[-57.399056,-25.1722035],[-57.3995349,-25.1729145],[-57.3999539,-25.1731786],[-57.4010911,-25.1733208],[-57.4010462,-25.1743026],[-57.401151,-25.1748173],[-57.4010762,-25.1755012],[-57.4008667,-25.1757178],[-57.4004626,-25.175684],[-57.4000661,-25.1752235],[-57.3987717,-25.1752371],[-57.3984874,-25.1754605],[-57.3979263,-25.1763476],[-57.3976868,-25.1772752],[-57.3988615,-25.1776341],[-57.3993091,-25.1776078],[-57.4000116,-25.1777751],[-57.4006894,-25.1782212],[-57.4023162,-25.1784666],[-57.4026367,-25.1786673],[-57.4030557,-25.179515],[-57.4034993,-25.1800726],[-57.4038937,-25.180318],[-57.4042265,-25.1806526],[-57.4042018,-25.1809314],[-57.4035733,-25.1810875],[-57.4026613,-25.181634],[-57.4025381,-25.1821025],[-57.402193,-25.1821694],[-57.401774,-25.1820132],[-57.4015644,-25.1817567],[-57.4014659,-25.1813998],[-57.4017,-25.1810429],[-57.4022053,-25.1806972],[-57.4022669,-25.1803849],[-57.4020697,-25.1801061],[-57.4017493,-25.1800391],[-57.4012933,-25.1801172],[-57.4008989,-25.1798942],[-57.4005662,-25.1799165],[-57.4001791,-25.1801751],[-57.4001348,-25.1808756],[-57.4005046,-25.1818682],[-57.4010345,-25.1824147],[-57.4013426,-25.1827493],[-57.4011701,-25.1830839],[-57.4008866,-25.1832512],[-57.4007018,-25.1835412],[-57.4006525,-25.1842884],[-57.4004922,-25.1849241],[-57.4005292,-25.1853368],[-57.4007757,-25.1857717],[-57.4007387,-25.185939],[-57.3997158,-25.1866751],[-57.3992475,-25.1868535],[-57.3989887,-25.1868423],[-57.3987176,-25.1866528],[-57.3986806,-25.1865189],[-57.3987915,-25.1860505],[-57.3989256,-25.185651],[-57.3989437,-25.1852893],[-57.3987711,-25.1851084],[-57.3984711,-25.1850022],[-57.3975538,-25.1849399],[-57.3972222,-25.1849686],[-57.3967998,-25.1851947],[-57.3963274,-25.1853797],[-57.3960412,-25.185392],[-57.3957142,-25.1853715],[-57.3955325,-25.1853345],[-57.3952917,-25.1853386],[-57.39516,-25.1854372],[-57.39516,-25.1855852],[-57.3952191,-25.1857579],[-57.3954053,-25.1859963],[-57.3955325,-25.186247],[-57.3957051,-25.1865347],[-57.3958686,-25.1866663],[-57.3959186,-25.1868019],[-57.3958822,-25.1868923],[-57.395646,-25.187028],[-57.3953553,-25.1870855],[-57.3949374,-25.187065],[-57.3947512,-25.1871636],[-57.3946195,-25.1873075],[-57.3946876,-25.1876651],[-57.3946422,-25.1877843],[-57.3943696,-25.1880967],[-57.3941834,-25.1884584],[-57.3941334,-25.1886845],[-57.3942515,-25.1888366],[-57.3944559,-25.1888736],[-57.3946422,-25.1887872],[-57.394783,-25.1886023],[-57.3948511,-25.1884214],[-57.3949238,-25.1883269],[-57.3950101,-25.1883186],[-57.3951418,-25.1884584],[-57.395378,-25.1891037],[-57.3955779,-25.1894901],[-57.3957868,-25.1901067],[-57.395964,-25.1908218],[-57.3960276,-25.1914014],[-57.3960548,-25.192244],[-57.3959049,-25.1925317],[-57.3950283,-25.1931318],[-57.3944105,-25.1934401],[-57.394088,-25.1933949],[-57.3939381,-25.1933086],[-57.3938337,-25.1930866],[-57.3938019,-25.1929016],[-57.3938518,-25.1925975],[-57.393979,-25.1923427],[-57.3944514,-25.1918248],[-57.394515,-25.1917343],[-57.3945513,-25.1915987],[-57.3945014,-25.1913891],[-57.3942879,-25.1910685],[-57.3937292,-25.1904684],[-57.3935611,-25.1903533],[-57.3934067,-25.1903327],[-57.393284,-25.1904149],[-57.3931796,-25.1904437],[-57.3930751,-25.1904149],[-57.3929752,-25.1903615],[-57.3928616,-25.1903738],[-57.3927571,-25.1905177],[-57.392739,-25.1906369],[-57.3927753,-25.1907602],[-57.3931523,-25.1918371],[-57.3932568,-25.1930373],[-57.3930887,-25.1935757],[-57.3930751,-25.1939333],[-57.3929661,-25.1945704],[-57.3929252,-25.1947266],[-57.3927571,-25.1948745],[-57.3925981,-25.194928],[-57.3923983,-25.1949033],[-57.3922847,-25.1948088],[-57.392153,-25.1945046],[-57.3920985,-25.1942292],[-57.3919622,-25.19411],[-57.3918285,-25.194116],[-57.391724,-25.1942557],[-57.3916831,-25.1944242],[-57.3916559,-25.1946174],[-57.391674,-25.1949791],[-57.3916195,-25.1951764],[-57.3914878,-25.1953079],[-57.3912743,-25.1954353],[-57.3906384,-25.195534],[-57.3904885,-25.195534],[-57.3903931,-25.1954353],[-57.3902614,-25.1951476],[-57.3899797,-25.1950654],[-57.3895346,-25.1951969],[-57.3893484,-25.195349],[-57.3892939,-25.1957724],[-57.3892257,-25.1959409],[-57.3891394,-25.1960436],[-57.3887987,-25.1960683],[-57.3883036,-25.196056],[-57.388006,-25.1960801],[-57.387897,-25.1962199],[-57.3878743,-25.1964007],[-57.3880015,-25.1967665],[-57.3879697,-25.1969433],[-57.3876926,-25.197383],[-57.3874655,-25.1977858],[-57.3873928,-25.1979626],[-57.3874155,-25.1980776],[-57.3875109,-25.1981639],[-57.3876427,-25.1981681],[-57.3877244,-25.1981105],[-57.3878016,-25.1981434],[-57.3878607,-25.198242],[-57.3879379,-25.1985421],[-57.387947,-25.1987722],[-57.3879016,-25.1988955],[-57.3878352,-25.1989548],[-57.3877381,-25.1989449],[-57.3876336,-25.1989038],[-57.3874746,-25.1989038],[-57.3873058,-25.1989598],[-57.3871651,-25.1990796],[-57.3869701,-25.1993526],[-57.3868055,-25.1997384],[-57.3866858,-25.2000972],[-57.3866933,-25.2004899],[-57.3866501,-25.2005617],[-57.386557,-25.2005636],[-57.3864464,-25.2004764],[-57.3862369,-25.2003139],[-57.3857506,-25.1997655],[-57.3856084,-25.1995895],[-57.3855261,-25.1993999],[-57.3853914,-25.1991154],[-57.3852507,-25.1990305],[-57.3850742,-25.1990256],[-57.3847295,-25.1991129],[-57.3844648,-25.1992501],[-57.3843297,-25.1992376],[-57.3841973,-25.1991678],[-57.384167,-25.1990779],[-57.3842221,-25.1989482],[-57.3843628,-25.1988509],[-57.3844758,-25.198776],[-57.3845558,-25.1986413],[-57.3845999,-25.1985115],[-57.3845668,-25.1983743],[-57.3844553,-25.1982338],[-57.3842464,-25.1981845],[-57.3841101,-25.198127],[-57.3838966,-25.1980982],[-57.383347,-25.1981804],[-57.3828382,-25.198205],[-57.3826111,-25.1983078],[-57.3824158,-25.1984928],[-57.3823159,-25.1986202],[-57.3820979,-25.1987928],[-57.382007,-25.1990271],[-57.3820206,-25.1992778],[-57.3820524,-25.1994093],[-57.3822114,-25.1995696],[-57.3823976,-25.1996559],[-57.3826702,-25.1997093],[-57.38297,-25.199697],[-57.3832289,-25.1996477],[-57.3834515,-25.199549],[-57.3835605,-25.1994586],[-57.3836967,-25.1993887],[-57.3837785,-25.1994052],[-57.3838239,-25.1995244],[-57.3838058,-25.1997134],[-57.3838466,-25.1999436],[-57.3839647,-25.2001984],[-57.3839965,-25.2003628],[-57.3839829,-25.200482],[-57.3838784,-25.2006135],[-57.3832425,-25.2013122],[-57.3829933,-25.2014692],[-57.3827851,-25.2017798],[-57.3826611,-25.201789],[-57.3825743,-25.2016253],[-57.382414,-25.2014469],[-57.3821676,-25.2013465],[-57.3814651,-25.2012127],[-57.3811323,-25.2010343],[-57.3806517,-25.2009116],[-57.3793576,-25.2007332],[-57.3791468,-25.2007826],[-57.3790242,-25.2009018],[-57.3790196,-25.2011073],[-57.3790651,-25.20121],[-57.3790923,-25.2013045],[-57.3788924,-25.2016826],[-57.3786472,-25.2019292],[-57.3786199,-25.2020895],[-57.3786699,-25.2023279],[-57.3788152,-25.202595],[-57.3789424,-25.2027512],[-57.379115,-25.2028581],[-57.3796101,-25.2030348],[-57.3797464,-25.2031458],[-57.3797964,-25.2032691],[-57.3798009,-25.2034047],[-57.3797328,-25.203602],[-57.3795329,-25.2038116],[-57.3793966,-25.2039102],[-57.379006,-25.2039061],[-57.3787698,-25.2039842],[-57.3782202,-25.2049377],[-57.3780885,-25.2050938],[-57.3779476,-25.2051473],[-57.3778477,-25.2051596],[-57.3777205,-25.2050733],[-57.3776706,-25.2049541],[-57.3776797,-25.2047363],[-57.3776342,-25.2044938],[-57.3774934,-25.2041815],[-57.3773072,-25.203902],[-57.3771346,-25.2036801],[-57.3768484,-25.2035321],[-57.3766168,-25.2034581],[-57.3763851,-25.2035157],[-57.3763033,-25.2037006],[-57.3763306,-25.2039267],[-57.3763533,-25.2042595],[-57.3762988,-25.2043787],[-57.3761989,-25.2044322],[-57.3760671,-25.204465],[-57.375999,-25.2044322],[-57.3758582,-25.204313],[-57.3756583,-25.2042226],[-57.3754176,-25.2041568],[-57.3752132,-25.2042719],[-57.3749361,-25.2045513],[-57.3748271,-25.2047609],[-57.3749543,-25.2050158],[-57.3750179,-25.2052171],[-57.3750769,-25.2057062],[-57.3750678,-25.2058501],[-57.3751301,-25.2061684],[-57.3750406,-25.2062816],[-57.3748713,-25.2062497],[-57.3746587,-25.2061955],[-57.3744941,-25.2062023],[-57.3740579,-25.2064727],[-57.3683121,-25.203185],[-57.3698955,-25.2011094],[-57.3757213,-25.2002515],[-57.3807372,-25.198523],[-57.3863762,-25.1946521],[-57.3897664,-25.190813],[-57.3912221,-25.1890261],[-57.3927911,-25.1883514],[-57.3936437,-25.1855408],[-57.3960797,-25.1839425],[-57.3978462,-25.1830735],[-57.3979067,-25.1821238],[-57.3978052,-25.1808379],[-57.3980475,-25.1791463],[-57.3957287,-25.1753398],[-57.3967483,-25.1741859],[-57.3961393,-25.1722752],[-57.3954445,-25.1710039],[-57.3926228,-25.1689462],[-57.3970482,-25.1672375],[-57.4030368,-25.1551658],[-57.4059803,-25.1542838],[-57.4085384,-25.1529025],[-57.4115631,-25.1525167],[-57.4148576,-25.1514679],[-57.4159791,-25.150252],[-57.4175813,-25.1494599],[-57.4181401,-25.1488446],[-57.4197873,-25.1487571],[-57.4213155,-25.148322],[-57.4229177,-25.1477642],[-57.425173,-25.1462804],[-57.4271079,-25.144462],[-57.4276748,-25.143324],[-57.4271942,-25.1415724],[-57.4252452,-25.1412735],[-57.4235603,-25.1386272],[-57.423134,-25.1373959],[-57.4236212,-25.1359441],[-57.42527,-25.1342046],[-57.4258273,-25.1338858],[-57.425455,-25.1335013],[-57.4254854,-25.1328897],[-57.4262134,-25.1325252],[-57.4267594,-25.1324902]]},"properties":{"name":"Pantano Cuenca de R\u00edo Salado Emboscada Suroeste -- Crecida 2015-2016","natural":"wetland","osm_id":399235744,"osm_type":"way"}},{"type":"Feature","geometry":{"type":"LineString","coordinates":[[-57.3739039,-25.2068669],[-57.3736419,-25.2071214],[-57.3735372,-25.2072237],[-57.3735206,-25.2073759],[-57.3736199,-25.2076553],[-57.3736557,-25.2078973],[-57.3736833,-25.2085959],[-57.3736557,-25.2086783],[-57.3731428,-25.2087506],[-57.3728505,-25.2087307],[-57.3726299,-25.2086733],[-57.3724321,-25.2086536],[-57.3721732,-25.2087399],[-57.3719688,-25.2087317],[-57.3718371,-25.2086618],[-57.3717689,-25.2085303],[-57.3717235,-25.2083618],[-57.3715645,-25.2082385],[-57.3714146,-25.2082057],[-57.3712329,-25.2082262],[-57.3711057,-25.2083166],[-57.3710512,-25.2085221],[-57.3710295,-25.208763],[-57.3710613,-25.2090548],[-57.3710113,-25.2091739],[-57.3709205,-25.2092726],[-57.3707933,-25.2093671],[-57.3702618,-25.2097657],[-57.3701528,-25.2099137],[-57.3701029,-25.210037],[-57.3700029,-25.2101562],[-57.3697894,-25.2103616],[-57.3695623,-25.2106699],[-57.3694579,-25.2107274],[-57.3692852,-25.2108055],[-57.3690854,-25.2109534],[-57.3686857,-25.2116192],[-57.3685312,-25.211726],[-57.3684177,-25.2117548],[-57.3682723,-25.2117219],[-57.3682042,-25.2116397],[-57.368127,-25.2114877],[-57.3680225,-25.2113027],[-57.3678998,-25.2111219],[-57.3676455,-25.2109247],[-57.3673957,-25.2108589],[-57.3669005,-25.2109123],[-57.3663963,-25.2110685],[-57.3658558,-25.2113397],[-57.3656832,-25.211611],[-57.3655787,-25.2118699],[-57.3655606,-25.2121041],[-57.3656196,-25.2124411],[-57.3657786,-25.2127082],[-57.3659966,-25.2129795],[-57.3661102,-25.2132055],[-57.3661556,-25.2134068],[-57.3661147,-25.2135589],[-57.3658785,-25.2138301],[-57.3656741,-25.2140479],[-57.3654833,-25.2143233],[-57.3652747,-25.2148445],[-57.3652293,-25.2150336],[-57.3650975,-25.2152144],[-57.3649295,-25.2153089],[-57.3648114,-25.2153418],[-57.3644889,-25.2152472],[-57.3644026,-25.2151733],[-57.3641869,-25.2151554],[-57.3639847,-25.2151897],[-57.3637621,-25.2152801],[-57.3635849,-25.2154445],[-57.3634123,-25.2157979],[-57.3632806,-25.216213],[-57.3631761,-25.2164102],[-57.3627037,-25.2168623],[-57.3624721,-25.2170184],[-57.3621905,-25.2170883],[-57.3617135,-25.2170225],[-57.3615134,-25.2170064],[-57.3613772,-25.2170809],[-57.361332,-25.217228],[-57.3610256,-25.2172443],[-57.360788,-25.2175079],[-57.3605758,-25.2177601],[-57.3604744,-25.2178633],[-57.3602685,-25.2178776],[-57.3601006,-25.2179034],[-57.3599738,-25.2180129],[-57.3598966,-25.2179718],[-57.3598466,-25.2177252],[-57.3597422,-25.2175239],[-57.3595832,-25.217491],[-57.3583394,-25.2178977],[-57.3582444,-25.218041],[-57.3581652,-25.218147],[-57.3580195,-25.2182502],[-57.3575846,-25.2183951],[-57.3572751,-25.218488],[-57.3569393,-25.2187259],[-57.3567809,-25.219001],[-57.3566827,-25.2193277],[-57.3566171,-25.2194882],[-57.3564626,-25.2195375],[-57.3563173,-25.2195046],[-57.3560544,-25.219491],[-57.3556544,-25.2196024],[-57.3552159,-25.219745],[-57.3549236,-25.2199138],[-57.354939,-25.2200391],[-57.3548025,-25.2202774],[-57.354814,-25.2204897],[-57.3547332,-25.2207193],[-57.3547063,-25.2210899],[-57.3547102,-25.2216379],[-57.3546544,-25.2217562],[-57.3545544,-25.221871],[-57.3543277,-25.2220893],[-57.3540007,-25.2221756],[-57.3527697,-25.2221756],[-57.3524659,-25.2221998],[-57.3523967,-25.222386],[-57.3523409,-25.2224347],[-57.3522025,-25.2224886],[-57.3520111,-25.2226238],[-57.351864,-25.2227844],[-57.3516217,-25.2230175],[-57.3514442,-25.2231206],[-57.3511659,-25.2234281],[-57.3511005,-25.2236195],[-57.3512602,-25.2238996],[-57.3513928,-25.2240753],[-57.3514217,-25.2241466],[-57.3513794,-25.2242336],[-57.3512197,-25.2244405],[-57.3509578,-25.2245758],[-57.3507775,-25.2247155],[-57.3507178,-25.2248199],[-57.3508217,-25.2248842],[-57.351014,-25.224973],[-57.3510409,-25.2250808],[-57.3509486,-25.2251956],[-57.3505736,-25.22534],[-57.3504178,-25.2254844],[-57.3502544,-25.2257262],[-57.3501025,-25.2259211],[-57.3500675,-25.2261123],[-57.3498275,-25.2263943],[-57.3497101,-25.2266326],[-57.3497063,-25.2268066],[-57.3496717,-25.2269719],[-57.349639,-25.2272102],[-57.349714,-25.2273528],[-57.3497755,-25.2274346],[-57.3497351,-25.2274694],[-57.3496371,-25.2275372],[-57.3493659,-25.2277669],[-57.3491464,-25.2279426],[-57.3490542,-25.2280335],[-57.3489596,-25.2280325],[-57.3487739,-25.2278358],[-57.3486656,-25.2278124],[-57.3485598,-25.2277857],[-57.348505,-25.2278321],[-57.3484209,-25.2279082],[-57.3483197,-25.2278728],[-57.3482189,-25.227849],[-57.3481244,-25.2279198],[-57.348108,-25.2280856],[-57.3480178,-25.2283618],[-57.3479198,-25.2285254],[-57.3480017,-25.2287233],[-57.3479063,-25.2289247],[-57.347602,-25.2291794],[-57.3473431,-25.229426],[-57.3471841,-25.2297218],[-57.3470933,-25.2302724],[-57.3468616,-25.2308066],[-57.3466163,-25.2311969],[-57.3462802,-25.2314599],[-57.3461212,-25.2316489],[-57.3459986,-25.2318503],[-57.3459986,-25.2320927],[-57.3459259,-25.2322488],[-57.3457079,-25.2323187],[-57.3451265,-25.232331],[-57.344545,-25.2323967],[-57.3441771,-25.2323557],[-57.3439182,-25.2322735],[-57.3435912,-25.2322447],[-57.3430007,-25.2320023],[-57.3422805,-25.2319723],[-57.3417343,-25.2320062],[-57.3413677,-25.2320603],[-57.3409487,-25.23204],[-57.3407242,-25.2321348],[-57.3405447,-25.2321551],[-57.3403127,-25.2320739],[-57.3400508,-25.2320739],[-57.3397291,-25.2319859],[-57.339355,-25.231952],[-57.3384048,-25.2319994],[-57.3379933,-25.2319588],[-57.3376117,-25.2319791],[-57.3374247,-25.2321551],[-57.3373424,-25.2325002],[-57.3373648,-25.2330417],[-57.33729,-25.2335087],[-57.3371628,-25.2338742],[-57.3370206,-25.2341043],[-57.3367438,-25.2342058],[-57.3365268,-25.234375],[-57.3364819,-25.2346254],[-57.3363547,-25.2347608],[-57.336265,-25.2349503],[-57.3362724,-25.2351127],[-57.3362275,-25.2352819],[-57.3360405,-25.2354443],[-57.3359058,-25.2356947],[-57.3357637,-25.235891],[-57.335397,-25.2362836],[-57.3349481,-25.2364934],[-57.3346339,-25.2365543],[-57.3343196,-25.2366422],[-57.3340428,-25.2368317],[-57.333751,-25.2370957],[-57.3335415,-25.2373326],[-57.3333536,-25.2381603],[-57.3330948,-25.2389852],[-57.3331441,-25.2393531],[-57.333292,-25.2397879],[-57.333292,-25.2401334],[-57.3330332,-25.2405013],[-57.3326881,-25.24078],[-57.3323431,-25.2413039],[-57.3319364,-25.2415046],[-57.3317885,-25.2418056],[-57.3316283,-25.24214],[-57.3316529,-25.2424633],[-57.3319117,-25.2427977],[-57.3317638,-25.2430875],[-57.3315543,-25.2432101],[-57.331505,-25.2434777],[-57.331924,-25.2437898],[-57.331542,-25.2441688],[-57.331542,-25.2444921],[-57.3318871,-25.2446927],[-57.3319364,-25.2449045],[-57.3315666,-25.2455845],[-57.3311353,-25.2457963],[-57.3306916,-25.245774],[-57.3303465,-25.2458297],[-57.3293606,-25.2464094],[-57.3289046,-25.2464763],[-57.3276599,-25.2461641],[-57.3276352,-25.2451052],[-57.3292497,-25.2448934],[-57.3309997,-25.2435334],[-57.3311353,-25.2422849],[-57.3310244,-25.2404567],[-57.3316652,-25.2391748],[-57.3327185,-25.2374273],[-57.333347,-25.236534],[-57.3338632,-25.2358301],[-57.3341924,-25.2352751],[-57.3352624,-25.2343344],[-57.3357861,-25.233732],[-57.3359881,-25.2332041],[-57.3363398,-25.2327439],[-57.336856,-25.2323649],[-57.3371104,-25.2318708],[-57.3398488,-25.2310383],[-57.340896,-25.2304904],[-57.343176,-25.2290634],[-57.3429295,-25.2284614],[-57.3441496,-25.2268894],[-57.3443737,-25.2254362],[-57.3446096,-25.224212],[-57.3454003,-25.2230146],[-57.3467841,-25.2219183],[-57.3482537,-25.2207987],[-57.3492679,-25.2197646],[-57.349689,-25.2185361],[-57.3519923,-25.2169499],[-57.354195,-25.2156273],[-57.3551625,-25.2148254],[-57.3565452,-25.2143108],[-57.3579002,-25.2144807],[-57.3584539,-25.214122],[-57.3589252,-25.2134451],[-57.3593146,-25.2121029],[-57.360289,-25.212507],[-57.3620348,-25.2113499],[-57.3618521,-25.2095133],[-57.3637603,-25.2081909],[-57.3654453,-25.2062623],[-57.3680843,-25.2036358],[-57.3737385,-25.2067671],[-57.3739039,-25.2068669]]},"properties":{"name":"Pantano Cuenca Sureste del R\u00edo Salado - San Bernardino Noroeste -- Crecida 2015-2016","natural":"wetland","osm_id":399246851,"osm_type":"way"}},{"type":"Feature","geometry":{"type":"LineString","coordinates":[[-57.4186164,-25.2960521],[-57.4180733,-25.2960788],[-57.4180438,-25.2957817],[-57.4180424,-25.2957344],[-57.4180558,-25.2956932],[-57.4180746,-25.2956665],[-57.4181014,-25.2956398],[-57.4181376,-25.295635],[-57.4182007,-25.2956289],[-57.4182637,-25.2956204],[-57.4183817,-25.2956144],[-57.4184924,-25.2956095],[-57.4185755,-25.2956089],[-57.418611,-25.2956089],[-57.4186379,-25.2957502],[-57.4186989,-25.2960466],[-57.4186164,-25.2960521]]},"properties":{"name":"Pradera H\u00fameda","natural":"wetland","wetland":"wet_meadow","osm_id":512675579,"osm_type":"way"}},{"type":"Feature","geometry":{"type":"LineString","coordinates":[[-57.4179677,-25.2960806],[-57.4172345,-25.2961499],[-57.4171826,-25.2961537],[-57.4172585,-25.2960422],[-57.4173865,-25.2958504],[-57.417437,-25.2957994],[-57.4175007,-25.2957592],[-57.4175699,-25.2957328],[-57.4176451,-25.29571],[-57.4177286,-25.295688],[-57.4177989,-25.295673],[-57.4178507,-25.2956668],[-57.417888,-25.2956668],[-57.4179044,-25.2956756],[-57.4179138,-25.2956912],[-57.4179191,-25.2957144],[-57.4179291,-25.2957726],[-57.4179522,-25.295958],[-57.4179677,-25.2960806]]},"properties":{"name":"Pradera H\u00fameda","natural":"wetland","wetland":"wet_meadow","osm_id":512675580,"osm_type":"way"}},{"type":"Feature","geometry":{"type":"LineString","coordinates":[[-57.2809017,-25.1974954],[-57.2814649,-25.197874],[-57.2815561,-25.1981215],[-57.2815239,-25.1983157],[-57.2814006,-25.1983885],[-57.2809178,-25.1981264],[-57.2808373,-25.1981895],[-57.2806978,-25.198471],[-57.2804564,-25.1986895],[-57.2803599,-25.198738],[-57.2799039,-25.1987477],[-57.2798288,-25.1988157],[-57.2797269,-25.1990972],[-57.2796089,-25.1991797],[-57.2793835,-25.1992379],[-57.2789544,-25.1992282],[-57.2787505,-25.1991603],[-57.278654,-25.1991069],[-57.2785842,-25.1988011],[-57.2784984,-25.198738],[-57.2779673,-25.1985827],[-57.2777635,-25.1984904],[-57.2770125,-25.1983254],[-57.2768354,-25.1982089],[-57.2768247,-25.1979953],[-57.2768998,-25.1978012],[-57.2773612,-25.197476],[-57.2776079,-25.1975051],[-57.2780478,-25.1976993],[-57.2781766,-25.1976895],[-57.2783965,-25.1975342],[-57.2785735,-25.197277],[-57.2789598,-25.1968789],[-57.2793406,-25.1966314],[-57.2797,-25.1966168],[-57.2803921,-25.1967867],[-57.2806549,-25.1969857],[-57.2807032,-25.1970731],[-57.2807676,-25.1973692],[-57.2809017,-25.1974954]]},"properties":{"natural":"wetland","osm_id":610840283,"osm_type":"way"}},{"type":"Feature","geometry":{"type":"LineString","coordinates":[[-57.2945917,-25.2154343],[-57.2947741,-25.2150218],[-57.2947741,-25.2147112],[-57.2946614,-25.2143472],[-57.2945809,-25.2141531],[-57.2942966,-25.213823],[-57.2938621,-25.2131096],[-57.2935724,-25.2129446],[-57.2930306,-25.21293],[-57.2927678,-25.2130368],[-57.292285,-25.2133329],[-57.2921401,-25.2134785],[-57.2917217,-25.21409],[-57.2916251,-25.2143181],[-57.2916359,-25.2144152],[-57.2917217,-25.2144977],[-57.2921562,-25.2146675],[-57.292344,-25.2148131],[-57.2926444,-25.2152645],[-57.2928321,-25.2153907],[-57.2935134,-25.2155411],[-57.2941142,-25.2155896],[-57.2943664,-25.2155848],[-57.2945917,-25.2154343]]},"properties":{"natural":"wetland","osm_id":610840285,"osm_type":"way"}},{"type":"Feature","geometry":{"type":"LineString","coordinates":[[-57.2461694,-25.6967365],[-57.2461896,-25.6968243],[-57.2462114,-25.6968822],[-57.246258,-25.6969015],[-57.2462836,-25.6969262],[-57.2463223,-25.6969729],[-57.2463567,-25.6970358],[-57.2463889,-25.6970745],[-57.2463939,-25.6971335],[-57.2464258,-25.6971685],[-57.2464624,-25.6971937],[-57.24648,-25.6972323],[-57.2464624,-25.6972654],[-57.2464247,-25.6972637],[-57.2463927,-25.6972615],[-57.2463563,-25.6972831],[-57.2463448,-25.6973345],[-57.2463697,-25.6973653],[-57.2463952,-25.6973972],[-57.2464395,-25.6974121],[-57.2464802,-25.6974392],[-57.2465244,-25.6974546],[-57.2465476,-25.697483],[-57.2465366,-25.6975237],[-57.2465238,-25.6975641],[-57.2465194,-25.6976097],[-57.2464795,-25.697629],[-57.2464522,-25.697626],[-57.2464376,-25.6975838],[-57.2464054,-25.697566],[-57.2463748,-25.6975915],[-57.2463536,-25.697623],[-57.2463482,-25.6976584],[-57.2463528,-25.6977097],[-57.2463744,-25.6977541],[-57.2463647,-25.6978078],[-57.2463427,-25.6978713],[-57.2461756,-25.6978938],[-57.2460458,-25.6978444],[-57.2459616,-25.697785],[-57.245912,-25.6977182],[-57.2459157,-25.6976427],[-57.2458932,-25.6975847],[-57.2458148,-25.6975484],[-57.2457106,-25.6975358],[-57.245643,-25.697547],[-57.2456188,-25.6976179],[-57.2455743,-25.6976662],[-57.2455438,-25.6977049],[-57.2455002,-25.6976914],[-57.2454361,-25.6977143],[-57.2453269,-25.6977436],[-57.245265,-25.6977266],[-57.245204,-25.6976756],[-57.2451733,-25.6976011],[-57.2451312,-25.6975446],[-57.2450337,-25.6974963],[-57.2449415,-25.6974528],[-57.2448688,-25.6974902],[-57.2447681,-25.6975258],[-57.2446775,-25.6975653],[-57.2445946,-25.6975827],[-57.2445007,-25.6975596],[-57.244411,-25.6975663],[-57.2443335,-25.697582],[-57.2442419,-25.6976027],[-57.2441799,-25.697602],[-57.2441082,-25.6976511],[-57.2440435,-25.6976881],[-57.2440254,-25.6977378],[-57.2440229,-25.6977942],[-57.2439871,-25.6978571],[-57.2439042,-25.6979179],[-57.2438464,-25.697985],[-57.2437993,-25.6980331],[-57.243731,-25.6980957],[-57.2436745,-25.6981398],[-57.2436015,-25.6981893],[-57.2435386,-25.6982177],[-57.2434997,-25.6982736],[-57.2434619,-25.6983271],[-57.2434004,-25.698385],[-57.2433551,-25.6982928],[-57.2433302,-25.6982249],[-57.2433047,-25.6981625],[-57.2432903,-25.698089],[-57.2432942,-25.6980224],[-57.2432937,-25.697948],[-57.2432683,-25.6978579],[-57.2432265,-25.6977514],[-57.2431893,-25.697678],[-57.2431463,-25.6975973],[-57.2431268,-25.6975277],[-57.2430907,-25.697458],[-57.2430665,-25.6973994],[-57.2430829,-25.6973408],[-57.2431114,-25.6972822],[-57.2431216,-25.6972199],[-57.2431206,-25.697154],[-57.2431343,-25.6970953],[-57.2431656,-25.6970496],[-57.2432036,-25.6969992],[-57.2432612,-25.6969648],[-57.2433388,-25.696955],[-57.2434081,-25.6969592],[-57.2435163,-25.6969604],[-57.2436043,-25.6969909],[-57.2436663,-25.6970153],[-57.2437132,-25.6970567],[-57.2437174,-25.6971029],[-57.2436934,-25.6971477],[-57.2436576,-25.697175],[-57.2436063,-25.6971709],[-57.2435606,-25.6971885],[-57.2435546,-25.6972419],[-57.2435685,-25.6973073],[-57.2435963,-25.6973392],[-57.2436518,-25.6973518],[-57.2436938,-25.697388],[-57.2436802,-25.697453],[-57.2436531,-25.6975133],[-57.2436638,-25.6975571],[-57.243734,-25.6975604],[-57.2438053,-25.6975267],[-57.2438708,-25.6975289],[-57.2439285,-25.6975515],[-57.2440032,-25.6975456],[-57.2440568,-25.6974914],[-57.2440889,-25.6974422],[-57.2441204,-25.6973805],[-57.2442038,-25.6973045],[-57.2442894,-25.6972552],[-57.244371,-25.6971896],[-57.2444407,-25.6971354],[-57.2445192,-25.6971074],[-57.2446153,-25.6970624],[-57.2447301,-25.6970458],[-57.2448336,-25.6970345],[-57.2449484,-25.697032],[-57.2450235,-25.6970265],[-57.2451211,-25.697007],[-57.2451802,-25.6969791],[-57.2451679,-25.6969319],[-57.2451793,-25.6968901],[-57.2452093,-25.6968456],[-57.2452229,-25.6967953],[-57.2452618,-25.6967441],[-57.2453038,-25.696704],[-57.245357,-25.6966793],[-57.2454288,-25.6966462],[-57.2454944,-25.6966325],[-57.245564,-25.6966273],[-57.2456187,-25.6966351],[-57.2456703,-25.6966416],[-57.2457304,-25.6966516],[-57.2457704,-25.6966662],[-57.2458015,-25.6967014],[-57.2458398,-25.6966556],[-57.2459126,-25.6965972],[-57.2459348,-25.6965361],[-57.245946,-25.6964481],[-57.2460233,-25.6964455],[-57.2461077,-25.6964685],[-57.2461774,-25.6965144],[-57.2462177,-25.6965935],[-57.2462064,-25.6966561],[-57.2461694,-25.6967365]]},"properties":{"natural":"wetland","wetland":"bog","osm_id":656933972,"osm_type":"way"}},{"type":"Feature","geometry":{"type":"LineString","coordinates":[[-57.1692467,-26.0101818],[-57.1695256,-26.0089476],[-57.1695471,-26.0076556],[-57.1691609,-26.0075013],[-57.1687317,-26.0075398],[-57.1681094,-26.0077327],[-57.1668434,-26.0082148],[-57.1648908,-26.0091598],[-57.1621442,-26.0109532],[-57.1595802,-26.012891],[-57.158196,-26.013788],[-57.157681,-26.0144822],[-57.1568227,-26.0170661],[-57.1567798,-26.0174518],[-57.1572304,-26.0179532],[-57.157166,-26.0183388],[-57.1563506,-26.0197465],[-57.1563077,-26.0205178],[-57.1566296,-26.022099],[-57.1560931,-26.0227546],[-57.1556854,-26.0230245],[-57.1547628,-26.0232559],[-57.1534324,-26.0232366],[-57.1517801,-26.0237765],[-57.1509004,-26.0242007],[-57.1506858,-26.0245285],[-57.1507931,-26.0257433],[-57.1528316,-26.025589],[-57.1565867,-26.0244514],[-57.1590972,-26.0244321],[-57.1600628,-26.0244707],[-57.1623802,-26.0251263],[-57.1638608,-26.026206],[-57.1643543,-26.026341],[-57.1654058,-26.0263217],[-57.1696115,-26.0248563],[-57.1731091,-26.0249142],[-57.1746326,-26.0245092],[-57.174933,-26.0241429],[-57.1749759,-26.023738],[-57.174654,-26.0233137],[-57.1742463,-26.0231209],[-57.172637,-26.0227546],[-57.1700406,-26.0225425],[-57.1676374,-26.0225039],[-57.1654487,-26.0221182],[-57.1643114,-26.0215398],[-57.1637106,-26.0202671],[-57.1636677,-26.0198429],[-57.1627021,-26.0175482],[-57.1623159,-26.0156199],[-57.1624661,-26.0152342],[-57.1646118,-26.0142508],[-57.1668864,-26.0120331],[-57.1688605,-26.0107796],[-57.1692467,-26.0101818]]},"properties":{"natural":"wetland","osm_id":664748724,"osm_type":"way"}},{"type":"Feature","geometry":{"type":"LineString","coordinates":[[-57.1199048,-26.0282017],[-57.119937,-26.0278064],[-57.1197116,-26.0274594],[-57.119304,-26.0271701],[-57.118671,-26.0269484],[-57.112459,-26.0269966],[-57.1110642,-26.026717],[-57.1083605,-26.0267459],[-57.1079314,-26.0265917],[-57.1066868,-26.0263699],[-57.1056461,-26.0258783],[-57.1044016,-26.0251359],[-57.1031141,-26.0245671],[-57.1026421,-26.0244418],[-57.1004319,-26.0245285],[-57.0999706,-26.0244514],[-57.0971489,-26.0244803],[-57.0968163,-26.024085],[-57.0965803,-26.0235066],[-57.0963979,-26.0233041],[-57.0959902,-26.0231402],[-57.0957863,-26.0232366],[-57.0954859,-26.0235837],[-57.0957649,-26.0246442],[-57.0965588,-26.025107],[-57.096709,-26.0254637],[-57.0966232,-26.0263025],[-57.0962262,-26.0269966],[-57.0958078,-26.0274883],[-57.0956147,-26.027575],[-57.092911,-26.0279896],[-57.0922673,-26.028221],[-57.0919132,-26.0285102],[-57.089746,-26.0313445],[-57.0891988,-26.0316723],[-57.089113,-26.0318844],[-57.0891452,-26.0322893],[-57.0893705,-26.0326267],[-57.0894563,-26.0330219],[-57.0893383,-26.0331858],[-57.0883191,-26.0335618],[-57.0880294,-26.0338414],[-57.087847,-26.0345065],[-57.0878041,-26.0356248],[-57.0869565,-26.0375142],[-57.0869351,-26.037707],[-57.0866454,-26.0380059],[-57.0843387,-26.0391434],[-57.0841134,-26.0390759],[-57.0839632,-26.0389024],[-57.0838773,-26.0383722],[-57.0837271,-26.038189],[-57.0833087,-26.0380155],[-57.0830834,-26.0380251],[-57.0826435,-26.0382372],[-57.08215,-26.0386614],[-57.0818281,-26.0392398],[-57.0817745,-26.0396928],[-57.0820534,-26.0424691],[-57.081238,-26.0442042],[-57.08112,-26.0443873],[-57.0809269,-26.0444837],[-57.0796931,-26.044503],[-57.0795107,-26.0444162],[-57.0792425,-26.0438089],[-57.0789957,-26.0434426],[-57.078234,-26.0429703],[-57.0780194,-26.0429028],[-57.0776761,-26.0429318],[-57.0768285,-26.0432113],[-57.0763028,-26.0436354],[-57.0761418,-26.0440692],[-57.0759702,-26.0449464],[-57.0752835,-26.0460163],[-57.0748758,-26.0458621],[-57.0735562,-26.0461995],[-57.0725155,-26.0461995],[-57.0723653,-26.0463537],[-57.0722795,-26.0471441],[-57.0720971,-26.0477225],[-57.0715499,-26.0480695],[-57.070874,-26.0481562],[-57.0700157,-26.0474815],[-57.0692325,-26.0470381],[-57.0683205,-26.0463923],[-57.0674515,-26.0461417],[-57.0663679,-26.0461417],[-57.0646083,-26.0464405],[-57.0640183,-26.0467104],[-57.0636428,-26.0469899],[-57.063278,-26.0480406],[-57.0625913,-26.0485322],[-57.0621514,-26.0486671],[-57.0607674,-26.0485996],[-57.059598,-26.0482333],[-57.0574737,-26.0471249],[-57.0571518,-26.0468839],[-57.0563364,-26.0465465],[-57.055639,-26.0465369],[-57.0542765,-26.0467971],[-57.0540726,-26.04672],[-57.053622,-26.0462477],[-57.0528925,-26.0456886],[-57.0510256,-26.0456501],[-57.0494914,-26.0452356],[-57.0481181,-26.045197],[-57.0474959,-26.0449078],[-57.0472384,-26.0445801],[-57.0471955,-26.0441752],[-57.0473671,-26.0437125],[-57.0478821,-26.0429028],[-57.0482254,-26.0425751],[-57.0500064,-26.0418425],[-57.0509291,-26.0413027],[-57.0517016,-26.0407821],[-57.052002,-26.0404736],[-57.0523453,-26.0390855],[-57.0525599,-26.0387192],[-57.0535469,-26.0373696],[-57.054255,-26.0362321],[-57.0549417,-26.0355573],[-57.0563579,-26.0356151],[-57.056787,-26.0358079],[-57.058568,-26.0363285],[-57.0609284,-26.0364056],[-57.0613575,-26.0363863],[-57.0618081,-26.0362321],[-57.0625377,-26.0357501],[-57.0635247,-26.0348054],[-57.0648337,-26.0330316],[-57.0667863,-26.0322218],[-57.0673013,-26.0321447],[-57.0677948,-26.0319711],[-57.0706916,-26.0303708],[-57.0730734,-26.0293875],[-57.0749402,-26.0288862],[-57.0780516,-26.0283656],[-57.0784593,-26.0282306],[-57.0792961,-26.0276714],[-57.0795751,-26.0273437],[-57.0810986,-26.0263603],[-57.0841456,-26.0212505],[-57.0844889,-26.0204407],[-57.0846606,-26.0196308],[-57.0846606,-26.018416],[-57.0845747,-26.0180303],[-57.0842099,-26.0173168],[-57.082386,-26.0153306],[-57.0819354,-26.0141929],[-57.0819354,-26.0137494],[-57.0821071,-26.0133637],[-57.08318,-26.0126116],[-57.0838237,-26.0122838],[-57.0842958,-26.0121681],[-57.0847678,-26.0121681],[-57.0851541,-26.0119174],[-57.0853043,-26.011551],[-57.0849395,-26.0113196],[-57.0844889,-26.0113003],[-57.0833087,-26.0106061],[-57.082901,-26.0104904],[-57.0819998,-26.0104904],[-57.081399,-26.0106832],[-57.0807767,-26.0112618],[-57.0803476,-26.0113196],[-57.0795107,-26.0110111],[-57.0780516,-26.009989],[-57.0762062,-26.0089283],[-57.0757342,-26.0089283],[-57.0749188,-26.0091598],[-57.0745111,-26.0090055],[-57.0734811,-26.0076363],[-57.0727086,-26.0057078],[-57.0724082,-26.0054185],[-57.0716572,-26.0049557],[-57.0704341,-26.0045314],[-57.0699406,-26.0039335],[-57.0702195,-26.0027185],[-57.0702625,-26.0010407],[-57.0706058,-26.0006743],[-57.0724726,-26.0005585],[-57.0733524,-26.0003271],[-57.0736742,-26.0000185],[-57.0743394,-25.9988228],[-57.0776224,-25.9967977],[-57.0781374,-25.9967013],[-57.079854,-25.9970485],[-57.0810127,-25.9971063],[-57.0814848,-25.9970485],[-57.0832014,-25.9962963],[-57.0841456,-25.9959877],[-57.0845962,-25.9959298],[-57.0850468,-25.9959877],[-57.0868492,-25.9965084],[-57.0876646,-25.9969327],[-57.0882225,-25.9970099],[-57.0891667,-25.9968363],[-57.0900679,-25.9965277],[-57.0908618,-25.9960455],[-57.0910979,-25.9956984],[-57.0909047,-25.9953512],[-57.0900464,-25.9950812],[-57.0888663,-25.9943676],[-57.0879865,-25.9934611],[-57.087965,-25.9930561],[-57.0882654,-25.9927089],[-57.0886731,-25.9925546],[-57.0906687,-25.992651],[-57.0910979,-25.9925353],[-57.0916558,-25.9914552],[-57.0918489,-25.990568],[-57.0920849,-25.9901823],[-57.0926857,-25.9895843],[-57.0953679,-25.9885814],[-57.0967627,-25.9881956],[-57.0975137,-25.987752],[-57.0977497,-25.9874048],[-57.0975781,-25.987019],[-57.0965696,-25.9869805],[-57.0952392,-25.9871348],[-57.0936299,-25.9876363],[-57.0923424,-25.988157],[-57.0919562,-25.9883692],[-57.0909691,-25.9892564],[-57.0899391,-25.9905487],[-57.0896173,-25.990838],[-57.0888877,-25.9913588],[-57.0870209,-25.9924003],[-57.0856047,-25.9938661],[-57.0826006,-25.994734],[-57.0817423,-25.9948498],[-57.0812917,-25.9948498],[-57.0808625,-25.9946376],[-57.0795751,-25.9945219],[-57.0782876,-25.9942904],[-57.0779014,-25.9940397],[-57.077601,-25.9937118],[-57.0774937,-25.9933261],[-57.0775581,-25.9928825],[-57.0780087,-25.9920917],[-57.0786524,-25.9914167],[-57.0797467,-25.9905294],[-57.0808411,-25.9897772],[-57.0813132,-25.9895458],[-57.0827079,-25.98943],[-57.0835233,-25.9889864],[-57.0838237,-25.9886971],[-57.0838452,-25.9883113],[-57.0833087,-25.9876555],[-57.0818496,-25.9882149],[-57.0807767,-25.9889478],[-57.0792747,-25.9897193],[-57.0783949,-25.9899701],[-57.0770216,-25.9900858],[-57.0765925,-25.9902015],[-57.0761633,-25.9903366],[-57.0750046,-25.9909152],[-57.0742321,-25.9918796],[-57.0739961,-25.9934032],[-57.0736742,-25.9941362],[-57.0730949,-25.9947148],[-57.0726872,-25.9949269],[-57.0722795,-25.9949076],[-57.0714641,-25.9946183],[-57.0705199,-25.9948305],[-57.0688892,-25.9956984],[-57.0682025,-25.996277],[-57.0679665,-25.9966049],[-57.0671511,-25.9967399],[-57.0663572,-25.9970677],[-57.0653272,-25.9977042],[-57.0635677,-25.9975692],[-57.0620227,-25.9967399],[-57.0611644,-25.9965856],[-57.0598769,-25.9968749],[-57.0592332,-25.9974535],[-57.0589757,-25.9978585],[-57.058847,-25.9982828],[-57.0586753,-25.9994785],[-57.0580101,-26.0015036],[-57.0577526,-26.00349],[-57.0572591,-26.0056306],[-57.0564652,-26.006672],[-57.0554352,-26.0089669],[-57.0557142,-26.0093333],[-57.0574951,-26.0096997],[-57.058332,-26.010124],[-57.0586968,-26.010394],[-57.0589328,-26.0107411],[-57.059083,-26.0115124],[-57.0590615,-26.0136915],[-57.058096,-26.0136915],[-57.0576668,-26.0136337],[-57.0572376,-26.0134601],[-57.0561433,-26.0127852],[-57.0547056,-26.0117246],[-57.0543194,-26.0118788],[-57.0538688,-26.0119367],[-57.0525384,-26.0117439],[-57.0520449,-26.0117439],[-57.0512939,-26.012226],[-57.0510364,-26.0125538],[-57.0516587,-26.013518],[-57.0519162,-26.0143279],[-57.0523024,-26.0150992],[-57.0526028,-26.0159091],[-57.0526028,-26.0166805],[-57.0522595,-26.0173747],[-57.0502425,-26.0199971],[-57.0492125,-26.022311],[-57.0487833,-26.0230438],[-57.0481825,-26.0245478],[-57.0480109,-26.0254347],[-57.0480109,-26.0262446],[-57.0483113,-26.0270158],[-57.0495558,-26.0292139],[-57.0507145,-26.0306793],[-57.0514441,-26.0323374],[-57.0516587,-26.0331472],[-57.048955,-26.0353452],[-57.0482684,-26.0357694],[-57.0446206,-26.0367334],[-57.0426465,-26.0367334],[-57.0416165,-26.0365791],[-57.039857,-26.0370033],[-57.0394278,-26.0378516],[-57.0392561,-26.0386228],[-57.0392991,-26.0394325],[-57.0391703,-26.0402037],[-57.0387841,-26.0408978],[-57.0377541,-26.0422088],[-57.0374537,-26.0429414],[-57.0373249,-26.0437511],[-57.0368529,-26.0455247],[-57.0371533,-26.0479538],[-57.0371962,-26.0496117],[-57.0374108,-26.0503828],[-57.0374108,-26.0520021],[-57.0373249,-26.0527732],[-57.0368958,-26.0534672],[-57.036295,-26.0540841],[-57.0339776,-26.0550865],[-57.0330334,-26.0553178],[-57.0321751,-26.0553564],[-57.0314026,-26.0549708],[-57.0308018,-26.054354],[-57.0299864,-26.0528889],[-57.0298577,-26.0521178],[-57.0300293,-26.0513081],[-57.0316172,-26.049149],[-57.0320464,-26.0483779],[-57.0330334,-26.046026],[-57.033248,-26.0451777],[-57.0331192,-26.0442909],[-57.0315743,-26.0435968],[-57.0301152,-26.0427871],[-57.0296431,-26.0420931],[-57.0295144,-26.0413219],[-57.0294714,-26.0397024],[-57.0295573,-26.038777],[-57.0298577,-26.0380444],[-57.0302868,-26.0373503],[-57.0313597,-26.0360778],[-57.0322609,-26.0346897],[-57.0326043,-26.033957],[-57.0331622,-26.032376],[-57.0338488,-26.0308721],[-57.0337201,-26.0300623],[-57.0329047,-26.0296767],[-57.0323468,-26.0303708],[-57.0321322,-26.031142],[-57.0320464,-26.0319518],[-57.031703,-26.0327231],[-57.030716,-26.0339956],[-57.0292998,-26.0360393],[-57.0282269,-26.0372346],[-57.0277548,-26.0379287],[-57.0269394,-26.0386228],[-57.0253945,-26.0377745],[-57.0246649,-26.0372732],[-57.0242358,-26.0365791],[-57.024107,-26.0357694],[-57.0241929,-26.0349596],[-57.0250512,-26.0333786],[-57.0241499,-26.0334557],[-57.0225621,-26.0341498],[-57.0207167,-26.0346511],[-57.0190001,-26.0348439],[-57.0180989,-26.0350753],[-57.0171977,-26.0354223],[-57.016511,-26.035885],[-57.0160389,-26.0366562],[-57.0158244,-26.0382372],[-57.0158244,-26.0398567],[-57.0163393,-26.0405507],[-57.0171547,-26.0410134],[-57.0179272,-26.0413605],[-57.0188284,-26.0415147],[-57.0196867,-26.0418232],[-57.0204163,-26.0423244],[-57.0207596,-26.0430956],[-57.0209742,-26.0445993],[-57.0214892,-26.0452163],[-57.0221329,-26.0457946],[-57.0224333,-26.0465272],[-57.022605,-26.0472983],[-57.022605,-26.0498045],[-57.0224762,-26.0505756],[-57.0220042,-26.051231],[-57.0214034,-26.0518094],[-57.0206738,-26.0523491],[-57.0199871,-26.0528118],[-57.0191288,-26.0531202],[-57.0181847,-26.0532744],[-57.0155669,-26.0531973],[-57.0147086,-26.0530431],[-57.0138932,-26.0525805],[-57.0128632,-26.051231],[-57.0121766,-26.0506141],[-57.0116616,-26.0499587],[-57.0108891,-26.0495346],[-57.009902,-26.0496503],[-57.0091725,-26.0500358],[-57.0086146,-26.0506141],[-57.0077992,-26.0510383],[-57.0069409,-26.0510768],[-57.0044518,-26.0501129],[-57.0060396,-26.0636066],[-57.006855,-26.0639536],[-57.0074558,-26.0646282],[-57.0079065,-26.0647439],[-57.0083571,-26.0646282],[-57.0090866,-26.0641849],[-57.0095372,-26.0641656],[-57.0110178,-26.0644355],[-57.012198,-26.0648788],[-57.0126057,-26.0651101],[-57.0131421,-26.065804],[-57.0132494,-26.0661895],[-57.0134855,-26.0665557],[-57.0144296,-26.0669798],[-57.0148802,-26.0674038],[-57.0152235,-26.0681363],[-57.0153952,-26.0693313],[-57.0161462,-26.0705842],[-57.0170689,-26.0712973],[-57.0184636,-26.0718755],[-57.0199871,-26.0721454],[-57.020545,-26.0721454],[-57.0222616,-26.0715093],[-57.0226693,-26.0712973],[-57.0233345,-26.0706227],[-57.0236778,-26.0702372],[-57.023871,-26.0698325],[-57.0245147,-26.0676159],[-57.025137,-26.0664786],[-57.026403,-26.0649559],[-57.0270896,-26.0644933],[-57.0275402,-26.0646089],[-57.0293641,-26.0654378],[-57.0298147,-26.0655149],[-57.0311022,-26.0659775],[-57.0326472,-26.0660931],[-57.0355225,-26.0668063],[-57.0361018,-26.0667678],[-57.0373249,-26.0661895],[-57.0382476,-26.0659775],[-57.0389128,-26.0657076],[-57.0393634,-26.0656691],[-57.0399213,-26.0658426],[-57.040329,-26.0661317],[-57.0405865,-26.0664786],[-57.0407152,-26.0676351],[-57.0406938,-26.0692542],[-57.0409942,-26.0705456],[-57.0422387,-26.0726851],[-57.0429683,-26.0733789],[-57.0443845,-26.073668],[-57.0450068,-26.0736873],[-57.0464015,-26.0731476],[-57.0468736,-26.0730513],[-57.0473242,-26.0732055],[-57.0476675,-26.0734753],[-57.0477748,-26.0741499],[-57.0473886,-26.0749208],[-57.0468092,-26.0767325],[-57.0469594,-26.077966],[-57.0472384,-26.078313],[-57.0481611,-26.078949],[-57.0489764,-26.0793537],[-57.0508218,-26.0798741],[-57.0519161,-26.0806835],[-57.0523882,-26.0809341],[-57.0542765,-26.0814737],[-57.0546627,-26.0817243],[-57.0551992,-26.0824952],[-57.0553279,-26.0828999],[-57.0558,-26.083478],[-57.0569158,-26.0843838],[-57.0609713,-26.0817821],[-57.0614219,-26.081705],[-57.0619583,-26.0809726],[-57.062366,-26.0802017],[-57.0627094,-26.0793922],[-57.0627523,-26.0789875],[-57.0626021,-26.0785828],[-57.0623017,-26.0782359],[-57.0599628,-26.077966],[-57.0576668,-26.0768096],[-57.0569372,-26.0762314],[-57.0556712,-26.0747859],[-57.0554352,-26.0744197],[-57.0551992,-26.0735138],[-57.0552206,-26.0722225],[-57.0556712,-26.0715093],[-57.0567227,-26.0706613],[-57.0572806,-26.0703336],[-57.0578385,-26.0700638],[-57.0588684,-26.0697168],[-57.060585,-26.0694277],[-57.0619798,-26.0690615],[-57.0629239,-26.0687145],[-57.0659709,-26.0680399],[-57.0682669,-26.0659967],[-57.0710993,-26.0643391],[-57.0745755,-26.0628741],[-57.07685,-26.061255],[-57.0791245,-26.0598671],[-57.0862055,-26.0580165],[-57.0870638,-26.0578238],[-57.0889521,-26.0575925],[-57.099166,-26.0577081],[-57.1000243,-26.0578238],[-57.1010542,-26.0578238],[-57.1044875,-26.0569371],[-57.1056462,-26.0568214],[-57.1067191,-26.0564744],[-57.1094227,-26.0562431],[-57.1105814,-26.0559732],[-57.1124268,-26.0551636],[-57.1152592,-26.0542383],[-57.1170617,-26.0534287],[-57.1177912,-26.0528889],[-57.11689,-26.0524648],[-57.1160746,-26.052272],[-57.1143151,-26.0522335],[-57.1133709,-26.0520407],[-57.1125555,-26.0516166],[-57.111826,-26.0509611],[-57.1109248,-26.0495346],[-57.1106244,-26.0486478],[-57.1106244,-26.0468356],[-57.1112252,-26.0450235],[-57.1116114,-26.0431342],[-57.1121264,-26.0414762],[-57.1121264,-26.0397796],[-57.112341,-26.0390084],[-57.1134139,-26.0376202],[-57.1137143,-26.0367719],[-57.1141434,-26.0360393],[-57.115388,-26.0347668],[-57.1159029,-26.0341113],[-57.1167613,-26.0326845],[-57.1174479,-26.0321446],[-57.1190358,-26.0312963],[-57.1198941,-26.0309878],[-57.1204519,-26.0302648],[-57.120409,-26.0298406],[-57.1200121,-26.0292236],[-57.1199048,-26.0282017]]},"properties":{"natural":"wetland","osm_id":664748726,"osm_type":"way"}},{"type":"Feature","geometry":{"type":"LineString","coordinates":[[-57.3869428,-25.1120307],[-57.3868999,-25.1117344],[-57.3867926,-25.1116227],[-57.3863286,-25.1113701],[-57.3861247,-25.1113191],[-57.3858458,-25.1113507],[-57.3856232,-25.1114843],[-57.3855078,-25.1116518],[-57.3852852,-25.1118607],[-57.3852316,-25.1119457],[-57.3850814,-25.112259],[-57.3850653,-25.1124557],[-57.3850921,-25.112599],[-57.3851511,-25.1126792],[-57.3853523,-25.1127447],[-57.3856339,-25.1128176],[-57.3859745,-25.1129026],[-57.3860818,-25.1129196],[-57.3861918,-25.112905],[-57.3863876,-25.1128055],[-57.3866317,-25.1125213],[-57.3868328,-25.1123464],[-57.3869187,-25.1122177],[-57.3869482,-25.1121206],[-57.3869428,-25.1120307]]},"properties":{"natural":"wetland","osm_id":667445502,"osm_type":"way"}},{"type":"Feature","geometry":{"type":"LineString","coordinates":[[-57.3869053,-25.1113628],[-57.387042,-25.111273],[-57.3870689,-25.1112292],[-57.3870796,-25.1111321],[-57.3870447,-25.1110398],[-57.3868114,-25.1107119],[-57.3866719,-25.1105662],[-57.3865673,-25.1103938],[-57.3864681,-25.11035],[-57.3864171,-25.1103598],[-57.3863608,-25.1104399],[-57.386342,-25.1105371],[-57.3862535,-25.1106561],[-57.3862991,-25.1107969],[-57.3863849,-25.1109232],[-57.3865888,-25.1110884],[-57.3866719,-25.1112147],[-57.3868409,-25.1113482],[-57.3869053,-25.1113628]]},"properties":{"natural":"wetland","osm_id":667445504,"osm_type":"way"}},{"type":"Feature","geometry":{"type":"LineString","coordinates":[[-57.387144,-25.1089195],[-57.3871923,-25.1088297],[-57.3871869,-25.1087082],[-57.3872137,-25.1085868],[-57.3872647,-25.1085674],[-57.3875463,-25.1085989],[-57.3877689,-25.1085746],[-57.3878092,-25.1086086],[-57.3878253,-25.1086572],[-57.3877502,-25.1087859],[-57.3877099,-25.1089317],[-57.3877099,-25.1094174],[-57.3876402,-25.109755],[-57.3876402,-25.1099469],[-57.3877555,-25.1101047],[-57.3877287,-25.110299],[-57.3874873,-25.1107289],[-57.3874095,-25.1107994],[-57.3871386,-25.1109475],[-57.3870125,-25.1108552],[-57.3869455,-25.1107775],[-57.3868784,-25.1106439],[-57.3866531,-25.110367],[-57.3866183,-25.1102699],[-57.3866531,-25.1101728],[-57.3869348,-25.1098522],[-57.3870394,-25.1096773],[-57.3871681,-25.109177],[-57.3871359,-25.1090288],[-57.387144,-25.1089195]]},"properties":{"natural":"wetland","osm_id":667445505,"osm_type":"way"}},{"type":"Feature","geometry":{"type":"LineString","coordinates":[[-57.3808347,-25.1195385],[-57.3808011,-25.1195708],[-57.3808189,-25.1195859],[-57.3808525,-25.1195536],[-57.3808347,-25.1195385]]},"properties":{"natural":"wetland","osm_id":667445620,"osm_type":"way"}},{"type":"Feature","geometry":{"type":"LineString","coordinates":[[-57.377142,-25.1188527],[-57.3772278,-25.1186584],[-57.3771474,-25.1184253],[-57.3769918,-25.1182868],[-57.3767853,-25.1182407],[-57.376737,-25.1182601],[-57.3766109,-25.1184156],[-57.3765841,-25.1185054],[-57.3766619,-25.1186851],[-57.376796,-25.1187823],[-57.3769435,-25.1188503],[-57.3770508,-25.1188794],[-57.377142,-25.1188527]]},"properties":{"natural":"wetland","osm_id":667445644,"osm_type":"way"}},{"type":"Feature","geometry":{"type":"LineString","coordinates":[[-57.370987,-25.1109068],[-57.3709629,-25.1108977],[-57.3709441,-25.1108862],[-57.3709159,-25.1108777],[-57.3709035,-25.1108844],[-57.3708837,-25.1108862],[-57.3708734,-25.1108671],[-57.370871,-25.1108461],[-57.3708784,-25.1108036],[-57.3709032,-25.1107617],[-57.3709173,-25.1107247],[-57.3709421,-25.1107137],[-57.3709904,-25.1107332],[-57.3710279,-25.1107927],[-57.3710534,-25.1108564],[-57.3710373,-25.1108892],[-57.3710158,-25.110902],[-57.370987,-25.1109068]]},"properties":{"natural":"wetland","osm_id":667445755,"osm_type":"way"}},{"type":"Feature","geometry":{"type":"LineString","coordinates":[[-57.3744451,-25.119414],[-57.3744786,-25.1194489],[-57.3745084,-25.1194526],[-57.3745309,-25.1194356],[-57.3745319,-25.1194],[-57.3745228,-25.1193651],[-57.3744571,-25.1192741],[-57.3744196,-25.1192486],[-57.3743881,-25.1192445],[-57.3743579,-25.1192472],[-57.3743443,-25.1192656],[-57.3743378,-25.1192874],[-57.3743488,-25.1193205],[-57.3743767,-25.1193506],[-57.3743741,-25.1193571],[-57.3743653,-25.11936],[-57.3743244,-25.1193688],[-57.374317,-25.1193794],[-57.3743176,-25.1193931],[-57.3743391,-25.1194383],[-57.3743458,-25.119489],[-57.3743663,-25.1195075],[-57.3743927,-25.119506],[-57.3744038,-25.1194957],[-57.3744062,-25.1194841],[-57.3744085,-25.1194674],[-57.3744048,-25.1194492],[-57.3743914,-25.1194113],[-57.374386,-25.1193735],[-57.3743993,-25.1193677],[-57.3744149,-25.1193771],[-57.3744451,-25.119414]]},"properties":{"natural":"wetland","osm_id":667446062,"osm_type":"way"}},{"type":"Feature","geometry":{"type":"LineString","coordinates":[[-57.3542373,-25.1113051],[-57.3540556,-25.1113762],[-57.3540053,-25.1112711],[-57.354179,-25.1112104],[-57.3542135,-25.1112312],[-57.3542433,-25.1112547],[-57.35425,-25.1112657],[-57.3542442,-25.1112938],[-57.3542373,-25.1113051]]},"properties":{"natural":"wetland","osm_id":667446440,"osm_type":"way"}},{"type":"Feature","geometry":{"type":"LineString","coordinates":[[-57.3534605,-25.1076393],[-57.3534229,-25.1075697],[-57.3534853,-25.1075488],[-57.3535128,-25.1075503],[-57.3535768,-25.1076156],[-57.353613,-25.1076884],[-57.3536133,-25.107731],[-57.3535962,-25.1077744],[-57.3535245,-25.1078272],[-57.3534715,-25.1078345],[-57.3534206,-25.1078223],[-57.3533347,-25.1076954],[-57.353328,-25.1076462],[-57.3533736,-25.1075931],[-57.3534112,-25.1076639],[-57.3534605,-25.1076393]]},"properties":{"natural":"wetland","osm_id":667446448,"osm_type":"way"}},{"type":"Feature","geometry":{"type":"LineString","coordinates":[[-57.3624653,-25.1111618],[-57.3624727,-25.1111643],[-57.3624774,-25.1111707],[-57.3624789,-25.1111782],[-57.3624784,-25.1111864],[-57.3624807,-25.1111911],[-57.3624836,-25.1111955],[-57.3624854,-25.1111995],[-57.3624852,-25.1112056],[-57.3624822,-25.1112121],[-57.3624757,-25.1112144],[-57.3624708,-25.1112147],[-57.3624645,-25.1112128],[-57.3624604,-25.1112027],[-57.3624588,-25.1111931],[-57.3624531,-25.1111878],[-57.3624407,-25.1111819],[-57.3624393,-25.1111707],[-57.3624452,-25.1111631],[-57.3624561,-25.1111597],[-57.3624653,-25.1111618]]},"properties":{"natural":"wetland","osm_id":667446501,"osm_type":"way"}},{"type":"Feature","geometry":{"type":"LineString","coordinates":[[-57.4064961,-25.108956],[-57.4065203,-25.1089147],[-57.4065283,-25.1088175],[-57.4064961,-25.1087762],[-57.4062815,-25.1087447],[-57.4062601,-25.1087932],[-57.4062145,-25.1091454],[-57.4062333,-25.1092911],[-57.4061528,-25.1094247],[-57.4061474,-25.1095219],[-57.4061528,-25.1097162],[-57.4062064,-25.1097404],[-57.4062601,-25.1097162],[-57.4063191,-25.1096311],[-57.4063727,-25.1093834],[-57.4064666,-25.109194],[-57.4064961,-25.108956]]},"properties":{"natural":"wetland","osm_id":667448325,"osm_type":"way"}},{"type":"Feature","geometry":{"type":"LineString","coordinates":[[-57.3488038,-25.1289684],[-57.3488501,-25.1289332],[-57.3489064,-25.1288118],[-57.349011,-25.1287632],[-57.349125,-25.128762],[-57.3491585,-25.1288021],[-57.3491679,-25.1288986],[-57.3491585,-25.1289472],[-57.3491612,-25.1289963],[-57.3491941,-25.1290492],[-57.3492417,-25.1291056],[-57.3492457,-25.1291785],[-57.3492162,-25.1292185],[-57.3490794,-25.1292228],[-57.3490264,-25.1292137],[-57.3489661,-25.1292112],[-57.3489198,-25.1292216],[-57.3488702,-25.1292355],[-57.3486932,-25.1292938],[-57.3486536,-25.1293066],[-57.3486221,-25.1293017],[-57.3486134,-25.1292756],[-57.3486047,-25.1291967],[-57.3485926,-25.1291457],[-57.3485819,-25.1291238],[-57.3484853,-25.1290303],[-57.3484746,-25.1289332],[-57.348488,-25.1289089],[-57.3485416,-25.1288871],[-57.3485953,-25.1289053],[-57.3486851,-25.128972],[-57.3487119,-25.1289805],[-57.348788,-25.1289769],[-57.3488038,-25.1289684]]},"properties":{"natural":"wetland","osm_id":667448575,"osm_type":"way"}},{"type":"Feature","geometry":{"type":"LineString","coordinates":[[-57.5011685,-25.171732],[-57.5010031,-25.1716189],[-57.5008455,-25.1715676],[-57.5005987,-25.1714802],[-57.5005234,-25.1713776],[-57.5005853,-25.1713345],[-57.5006282,-25.1712399],[-57.5007409,-25.1712277],[-57.5007838,-25.1710991],[-57.5008991,-25.1711039],[-57.5010306,-25.1710966],[-57.5010794,-25.1710341],[-57.5011808,-25.170951],[-57.5012666,-25.1709728],[-57.5013202,-25.1710165],[-57.5013471,-25.1711015],[-57.5014842,-25.1712381],[-57.5016367,-25.1712399],[-57.5018588,-25.1712058],[-57.5019801,-25.17115],[-57.50209,-25.1710554],[-57.5021931,-25.1710197],[-57.5022456,-25.1710675],[-57.5022268,-25.171167],[-57.50222,-25.1712971],[-57.5021955,-25.171401],[-57.5022404,-25.1714748],[-57.5023255,-25.1715259],[-57.5024629,-25.171607],[-57.5027029,-25.171684],[-57.5026897,-25.1717225],[-57.5026964,-25.1717842],[-57.5026718,-25.1718458],[-57.5026752,-25.1718965],[-57.5026891,-25.1719376],[-57.5026728,-25.1719689],[-57.5026219,-25.1719891],[-57.5025425,-25.1719878],[-57.5024965,-25.1719633],[-57.5024722,-25.1719193],[-57.5024827,-25.1718642],[-57.5024706,-25.1718206],[-57.5024279,-25.1717673],[-57.5023451,-25.1717061],[-57.5021009,-25.171611],[-57.5019521,-25.171575],[-57.501863,-25.171589],[-57.5017817,-25.171634],[-57.5016533,-25.1716941],[-57.5015454,-25.1717678],[-57.5013953,-25.1717691],[-57.5012532,-25.1717496],[-57.5011685,-25.171732]]},"properties":{"natural":"wetland","osm_id":747451638,"osm_type":"way"}},{"type":"Feature","geometry":{"type":"Polygon","coordinates":[[[-57.3388374,-25.506532],[-57.3392665,-25.5066966],[-57.3394919,-25.5066966],[-57.3398888,-25.5064836],[-57.3401141,-25.5064836],[-57.3404896,-25.506745],[-57.340951,-25.5067837],[-57.3411763,-25.5068225],[-57.3413801,-25.5069193],[-57.3414767,-25.507113],[-57.3415413,-25.5073937],[-57.3411977,-25.5076359],[-57.3409617,-25.5079941],[-57.3408869,-25.5080521],[-57.3409081,-25.5084395],[-57.3404038,-25.5088075],[-57.3400176,-25.5090205],[-57.3397923,-25.5090786],[-57.3396206,-25.5092142],[-57.3394704,-25.5093691],[-57.3391271,-25.5096306],[-57.3390842,-25.5098339],[-57.3388374,-25.5101728],[-57.3386228,-25.5102406],[-57.3381615,-25.5102503],[-57.3377001,-25.5100856],[-57.3375285,-25.5099791],[-57.3374212,-25.5097855],[-57.3368096,-25.5094853],[-57.3366273,-25.5093594],[-57.3364878,-25.5091948],[-57.3364127,-25.5089915],[-57.3364127,-25.5087881],[-57.3364556,-25.5085751],[-57.3366916,-25.5082265],[-57.3367775,-25.5080329],[-57.3369277,-25.5078683],[-57.3371101,-25.5077617],[-57.3375607,-25.5072776],[-57.3378182,-25.5066966],[-57.3379469,-25.506532],[-57.3381508,-25.5064448],[-57.3385906,-25.5063964],[-57.3388374,-25.506532]]]},"properties":{"natural":"wetland","osm_id":747473648,"osm_type":"way"}},{"type":"Feature","geometry":{"type":"Polygon","coordinates":[[[-57.3461813,-25.5094998],[-57.3457038,-25.5094998],[-57.3455751,-25.5094902],[-57.3454624,-25.5094563],[-57.3453659,-25.5093982],[-57.3452106,-25.5092432],[-57.3451674,-25.5090351],[-57.3451138,-25.5089479],[-57.3450923,-25.5088414],[-57.3450816,-25.5087397],[-57.3451567,-25.5085509],[-57.3451513,-25.5084492],[-57.3450869,-25.5083669],[-57.3450387,-25.5082749],[-57.3450065,-25.5079845],[-57.3451191,-25.5077811],[-57.3453766,-25.5075729],[-57.3454946,-25.5075342],[-57.3457253,-25.5075197],[-57.3458433,-25.5075487],[-57.3459345,-25.5076262],[-57.346074,-25.5077908],[-57.3461384,-25.5078925],[-57.3461759,-25.5079893],[-57.3462027,-25.508183],[-57.3462725,-25.5083863],[-57.3463315,-25.5084734],[-57.3465675,-25.5087204],[-57.3466909,-25.5089237],[-57.3467177,-25.5090254],[-57.3467177,-25.5092287],[-57.3466158,-25.5094127],[-57.3465353,-25.5094853],[-57.3463371,-25.5095821],[-57.3462296,-25.5095725],[-57.3461813,-25.5094998]]]},"properties":{"natural":"wetland","osm_id":747473651,"osm_type":"way"}},{"type":"Feature","geometry":{"type":"Polygon","coordinates":[[[-57.353257,-25.5173185],[-57.3530853,-25.5176768],[-57.3529458,-25.5178317],[-57.3525381,-25.5180738],[-57.351476,-25.518432],[-57.3507786,-25.518403],[-57.3505855,-25.5182674],[-57.3504245,-25.5178995],[-57.3498988,-25.5174831],[-57.3496735,-25.5171443],[-57.3495019,-25.5169893],[-57.3490512,-25.5169409],[-57.3486543,-25.5167473],[-57.3481822,-25.5163116],[-57.3476029,-25.515963],[-57.3473024,-25.5156338],[-57.347002,-25.5150819],[-57.3463369,-25.5148011],[-57.3461759,-25.5146462],[-57.3459721,-25.5145494],[-57.3457468,-25.5145203],[-57.3455322,-25.5145203],[-57.3446417,-25.5146365],[-57.3426247,-25.5146075],[-57.3417986,-25.5148979],[-57.3413158,-25.514956],[-57.340951,-25.5151594],[-57.3383332,-25.5160114],[-57.3375821,-25.5163213],[-57.3372174,-25.5160889],[-57.3365736,-25.5149851],[-57.3365307,-25.5145978],[-57.336638,-25.5141911],[-57.3373461,-25.5136876],[-57.3382688,-25.5133003],[-57.3392344,-25.5130292],[-57.339685,-25.5129517],[-57.3401571,-25.512913],[-57.3415947,-25.5128936],[-57.3420239,-25.5127387],[-57.342968,-25.5126225],[-57.3438263,-25.5124095],[-57.3441482,-25.5120997],[-57.3445773,-25.511325],[-57.3449421,-25.5110152],[-57.3453498,-25.5108022],[-57.3456502,-25.510473],[-57.345779,-25.5100663],[-57.3461867,-25.5098726],[-57.3466373,-25.5098145],[-57.3480964,-25.5098145],[-57.348901,-25.5100953],[-57.3488903,-25.5101922],[-57.349298,-25.510318],[-57.3494136,-25.5102984],[-57.3497149,-25.5103185],[-57.3499012,-25.5103203],[-57.3508215,-25.5104149],[-57.351315,-25.5105117],[-57.352109,-25.5109184],[-57.3534608,-25.5109377],[-57.3539329,-25.5110927],[-57.3542547,-25.5113831],[-57.3543835,-25.5117704],[-57.354362,-25.5129517],[-57.3539329,-25.5140556],[-57.3535907,-25.5144094],[-57.3535728,-25.5144749],[-57.353505,-25.514507],[-57.3534611,-25.5145262],[-57.3529887,-25.5151787],[-57.3529887,-25.515934],[-57.3533535,-25.5166892],[-57.353257,-25.5173185]]]},"properties":{"natural":"wetland","osm_id":747473652,"osm_type":"way"}},{"type":"Feature","geometry":{"type":"Polygon","coordinates":[[[-57.3561376,-25.5218498],[-57.3560947,-25.521753],[-57.3559445,-25.5216174],[-57.3552632,-25.5213269],[-57.3547,-25.520959],[-57.3546624,-25.5207654],[-57.354759,-25.5206879],[-57.3548663,-25.5206444],[-57.3553491,-25.5206347],[-57.3567492,-25.5208574],[-57.3578113,-25.5209251],[-57.359013,-25.5210607],[-57.359249,-25.5211236],[-57.3600966,-25.521235],[-57.3612499,-25.521264],[-57.3617649,-25.5213463],[-57.3620385,-25.521356],[-57.3624837,-25.5214528],[-57.3642647,-25.5214431],[-57.3645866,-25.5216368],[-57.3648065,-25.5217094],[-57.3650587,-25.5216707],[-57.3651713,-25.5216949],[-57.3662549,-25.5216997],[-57.3669952,-25.5218546],[-57.3677462,-25.521811],[-57.3679233,-25.5219611],[-57.3681271,-25.5222032],[-57.3681432,-25.5224065],[-57.3681003,-25.5225033],[-57.3680198,-25.5225759],[-57.3673064,-25.5229099],[-57.3670435,-25.5231084],[-57.366271,-25.5233892],[-57.3658955,-25.523578],[-57.3657399,-25.5237184],[-57.3654449,-25.5239023],[-57.365402,-25.5239895],[-57.3653966,-25.5243138],[-57.3655146,-25.5246042],[-57.3655093,-25.5247011],[-57.3655468,-25.5247979],[-57.365638,-25.5248608],[-57.3662818,-25.5251609],[-57.3663247,-25.5252578],[-57.3667699,-25.5254708],[-57.3672527,-25.5256499],[-57.3674244,-25.5258048],[-57.3674941,-25.5260032],[-57.3676014,-25.5261678],[-57.367757,-25.5263373],[-57.3678052,-25.5264389],[-57.3679662,-25.5266616],[-57.3681057,-25.5270876],[-57.368567,-25.5279492],[-57.3687065,-25.5281235],[-57.3687172,-25.5289464],[-57.368964,-25.5292949],[-57.3691571,-25.5294305],[-57.3692966,-25.5295951],[-57.3693609,-25.5297887],[-57.3693609,-25.529992],[-57.3690927,-25.5305632],[-57.3690391,-25.5309795],[-57.368846,-25.5316862],[-57.3688781,-25.5323252],[-57.368803,-25.5325381],[-57.3687923,-25.5327221],[-57.368846,-25.5329254],[-57.368964,-25.5330996],[-57.3689103,-25.5333029],[-57.368331,-25.534029],[-57.3681593,-25.5341549],[-57.367698,-25.5341742],[-57.3671508,-25.533787],[-57.3663998,-25.5333223],[-57.3660565,-25.5330706],[-57.3657346,-25.5327608],[-57.3653054,-25.5325865],[-57.3645544,-25.5321412],[-57.3640609,-25.5321025],[-57.3631811,-25.5324316],[-57.362988,-25.5320638],[-57.3627305,-25.5317346],[-57.3626876,-25.5313086],[-57.3629022,-25.530902],[-57.3633099,-25.5306116],[-57.3637176,-25.5304373],[-57.3640609,-25.5301469],[-57.3644257,-25.5299339],[-57.3647261,-25.529566],[-57.3649621,-25.5286947],[-57.365005,-25.5283074],[-57.3646832,-25.5280364],[-57.3639536,-25.5275329],[-57.3635459,-25.5274555],[-57.3630738,-25.5272812],[-57.3627734,-25.5270101],[-57.3626876,-25.5266229],[-57.3624516,-25.5262937],[-57.3620224,-25.5260807],[-57.3615933,-25.5260032],[-57.3611427,-25.5260613],[-57.3602414,-25.5260613],[-57.3595119,-25.525616],[-57.3592973,-25.5252481],[-57.358439,-25.5247156],[-57.3583746,-25.5243186],[-57.3583746,-25.5238926],[-57.358278,-25.5237087],[-57.3581064,-25.5235828],[-57.3573661,-25.5226243],[-57.3572159,-25.5224791],[-57.356658,-25.5221596],[-57.3564327,-25.5221305],[-57.3562074,-25.5220434],[-57.3561376,-25.5218498]]]},"properties":{"natural":"wetland","osm_id":747473653,"osm_type":"way"}},{"type":"Feature","geometry":{"type":"Polygon","coordinates":[[[-57.355156,-25.5155757],[-57.3555744,-25.5157113],[-57.355746,-25.5158856],[-57.3559177,-25.5162632],[-57.3560679,-25.5164084],[-57.356261,-25.5165149],[-57.3564649,-25.5165924],[-57.3566473,-25.5167279],[-57.3566902,-25.5169312],[-57.3566365,-25.5173185],[-57.356658,-25.5175025],[-57.3568404,-25.5176477],[-57.3572803,-25.5177542],[-57.3574948,-25.5178607],[-57.3576021,-25.518035],[-57.3576021,-25.5182384],[-57.357527,-25.518432],[-57.3573983,-25.5185966],[-57.3573118,-25.5186819],[-57.3571964,-25.5187981],[-57.3569986,-25.5191037],[-57.356894,-25.5192743],[-57.3568833,-25.519468],[-57.3569691,-25.519652],[-57.3570335,-25.5198456],[-57.3570335,-25.5200392],[-57.3569799,-25.5202329],[-57.3568404,-25.5203781],[-57.3566258,-25.5204652],[-57.3560733,-25.5205526],[-57.3556173,-25.5205524],[-57.3549521,-25.5204749],[-57.3547161,-25.5204265],[-57.3540509,-25.5203975],[-57.353611,-25.5203006],[-57.3529351,-25.5202813],[-57.3522914,-25.5201361],[-57.3520875,-25.5200489],[-57.3519373,-25.5199037],[-57.3519266,-25.5195067],[-57.3519588,-25.5193131],[-57.3521519,-25.5189355],[-57.3527312,-25.5185579],[-57.3530209,-25.5182287],[-57.353214,-25.5181319],[-57.3535037,-25.517822],[-57.3540616,-25.5166892],[-57.3542225,-25.5163019],[-57.3548341,-25.5154208],[-57.3550487,-25.5154014],[-57.355156,-25.5155757]]]},"properties":{"natural":"wetland","osm_id":747473654,"osm_type":"way"}},{"type":"Feature","geometry":{"type":"LineString","coordinates":[[-57.3455912,-25.5022253],[-57.3455349,-25.5022374],[-57.3454919,-25.5022737],[-57.3454088,-25.502465],[-57.3453712,-25.5025037],[-57.345323,-25.5025328],[-57.345162,-25.5025521],[-57.3451111,-25.5025812],[-57.3450574,-25.5025933],[-57.344934,-25.5025933],[-57.3448885,-25.5025642],[-57.3448777,-25.502511],[-57.3448777,-25.5024045],[-57.3449582,-25.5022665],[-57.3450467,-25.5020728],[-57.3450547,-25.5019687],[-57.3451245,-25.5018138],[-57.3452157,-25.5017484],[-57.3453015,-25.5016128],[-57.3453417,-25.5015765],[-57.3453954,-25.5015499],[-57.3456234,-25.5015233],[-57.3458353,-25.5014337],[-57.3459506,-25.501424],[-57.3460713,-25.5014289],[-57.3461223,-25.5014482],[-57.3461786,-25.501487],[-57.3462215,-25.501533],[-57.346251,-25.5015838],[-57.3462617,-25.5016322],[-57.3462617,-25.5016855],[-57.3461545,-25.501913],[-57.3461464,-25.5019663],[-57.3461384,-25.5021188],[-57.3461249,-25.5021817],[-57.3460981,-25.502235],[-57.3460659,-25.502281],[-57.346023,-25.5023173],[-57.3459667,-25.5023391],[-57.3459157,-25.5023464],[-57.3458701,-25.5023197],[-57.3458299,-25.5022858],[-57.3457226,-25.5022374],[-57.3455912,-25.5022253]]},"properties":{"name":"humedal","natural":"wetland","osm_id":751315562,"osm_type":"way"}},{"type":"Feature","geometry":{"type":"LineString","coordinates":[[-57.3434776,-25.5039562],[-57.3438424,-25.5038691],[-57.3439443,-25.5039175],[-57.3440087,-25.5039998],[-57.3440409,-25.5040966],[-57.3440409,-25.5042952],[-57.3439068,-25.5044646],[-57.3438209,-25.5045179],[-57.3437458,-25.5045953],[-57.3436385,-25.5047842],[-57.3435688,-25.5048762],[-57.3434883,-25.5049488],[-57.343204,-25.5051134],[-57.3430377,-25.5052732],[-57.3428232,-25.5053555],[-57.3427105,-25.50537],[-57.3426139,-25.5053167],[-57.3425013,-25.5052974],[-57.3422706,-25.5053071],[-57.3421633,-25.505341],[-57.3420721,-25.5053991],[-57.3420131,-25.505491],[-57.341997,-25.5056847],[-57.3419648,-25.5057815],[-57.3418844,-25.5058542],[-57.3416001,-25.5059946],[-57.341305,-25.5061834],[-57.3410851,-25.5062609],[-57.3405325,-25.5062802],[-57.3402911,-25.5062318],[-57.3402,-25.506164],[-57.3400873,-25.5059994],[-57.3400068,-25.5059219],[-57.3399693,-25.5058154],[-57.3399854,-25.5057186],[-57.3400444,-25.5056314],[-57.3401356,-25.5055782],[-57.3403448,-25.5056557],[-57.3405594,-25.5056653],[-57.3406881,-25.505646],[-57.3408973,-25.5055637],[-57.3410904,-25.5054329],[-57.3409993,-25.5052296],[-57.3409724,-25.5051279],[-57.3409671,-25.5050262],[-57.3409188,-25.5049391],[-57.3407632,-25.5047938],[-57.340672,-25.5047309],[-57.3404574,-25.5046292],[-57.340377,-25.5045518],[-57.3403072,-25.5044646],[-57.3402536,-25.5042564],[-57.3402751,-25.5041596],[-57.3403287,-25.5040628],[-57.340495,-25.5039127],[-57.3407364,-25.5036125],[-57.3408276,-25.5035399],[-57.3411119,-25.503351],[-57.3413426,-25.503259],[-57.3414606,-25.5032397],[-57.3415679,-25.5032832],[-57.3416698,-25.5033656],[-57.3417449,-25.5034575],[-57.3417878,-25.5035495],[-57.3418361,-25.5037529],[-57.3419112,-25.5039369],[-57.3420292,-25.5041305],[-57.342115,-25.504208],[-57.3421204,-25.504329],[-57.3420936,-25.504421],[-57.3419273,-25.5046873],[-57.3419112,-25.5047842],[-57.3419005,-25.505094],[-57.3419702,-25.5051715],[-57.3420829,-25.5051957],[-57.3421794,-25.5051521],[-57.3422653,-25.5050843],[-57.3423296,-25.505002],[-57.3424316,-25.5045905],[-57.342571,-25.5043048],[-57.3425978,-25.5040918],[-57.3426998,-25.5038981],[-57.3429841,-25.5037238],[-57.3430967,-25.5036803],[-57.3432148,-25.5036657],[-57.3433113,-25.503719],[-57.3434025,-25.5038933],[-57.3434776,-25.5039562]]},"properties":{"name":"humedal","natural":"wetland","osm_id":751315605,"osm_type":"way"}},{"type":"Feature","geometry":{"type":"LineString","coordinates":[[-56.7069894,-25.5313256],[-56.706917,-25.5314393],[-56.7068566,-25.5315676],[-56.7068419,-25.5317612],[-56.7067373,-25.5319186],[-56.7066273,-25.5320178],[-56.7066246,-25.5322671],[-56.7065844,-25.5323784],[-56.7064422,-25.5325599],[-56.7064905,-25.5328189],[-56.7062867,-25.5332061],[-56.7061043,-25.5333707],[-56.7051816,-25.5337095],[-56.704613,-25.5340774],[-56.704495,-25.5343485],[-56.7042053,-25.534697],[-56.7041838,-25.5349293],[-56.7040765,-25.535123],[-56.7039156,-25.5352779],[-56.7037225,-25.535394],[-56.7034972,-25.5354618],[-56.7032611,-25.5354908],[-56.7027784,-25.5356167],[-56.7023385,-25.5357813],[-56.7021561,-25.5356554],[-56.7021132,-25.5354424],[-56.7021132,-25.5352101],[-56.7022097,-25.5347648],[-56.7022205,-25.5345324],[-56.7021024,-25.5343291],[-56.7019415,-25.5341549],[-56.7018986,-25.5339419],[-56.7019737,-25.5337289],[-56.7021239,-25.5335353],[-56.7027354,-25.5328383],[-56.7031753,-25.5322283],[-56.7036474,-25.5316959],[-56.7040444,-25.5314248],[-56.7045057,-25.5312215],[-56.7052674,-25.5310472],[-56.7055035,-25.5310279],[-56.7060185,-25.5310279],[-56.7069894,-25.5313256]]},"properties":{"natural":"wetland","osm_id":780555135,"osm_type":"way"}},{"type":"Feature","geometry":{"type":"LineString","coordinates":[[-57.4988929,-25.2006917],[-57.4988205,-25.2008907],[-57.4987722,-25.2010193],[-57.4984932,-25.20133],[-57.4984503,-25.2014173],[-57.4984127,-25.2017037],[-57.4984235,-25.2018008],[-57.4987614,-25.2017717],[-57.4988741,-25.2017377],[-57.498976,-25.2016794],[-57.4990243,-25.2015872],[-57.4991101,-25.2010873],[-57.4991449,-25.2008592],[-57.4991611,-25.2007136],[-57.4990431,-25.2006553],[-57.4988929,-25.2006917]]},"properties":{"natural":"wetland","osm_id":843301772,"osm_type":"way"}},{"type":"Feature","geometry":{"type":"LineString","coordinates":[[-57.3933757,-25.2703529],[-57.3934512,-25.2704804],[-57.3934411,-25.2706305],[-57.3932448,-25.2707307],[-57.3930486,-25.2709355],[-57.3932554,-25.2712587],[-57.3931771,-25.2714192],[-57.3931237,-25.2715883],[-57.3930665,-25.2717072],[-57.3930426,-25.271848],[-57.3928318,-25.2721433],[-57.3926125,-25.272624],[-57.392133,-25.2734773],[-57.3920411,-25.2738527],[-57.3905018,-25.2748478],[-57.3875666,-25.2751418],[-57.383051,-25.2767376],[-57.3764618,-25.2728188],[-57.3814112,-25.2701181],[-57.3819961,-25.26884],[-57.38336,-25.2676357],[-57.3839187,-25.2649367],[-57.3853455,-25.2634142],[-57.3880621,-25.26253],[-57.3901646,-25.2637441],[-57.3910152,-25.2649412],[-57.3907636,-25.266375],[-57.3905924,-25.2672534],[-57.3915588,-25.2683184],[-57.3933757,-25.2703529]]},"properties":{"natural":"wetland","osm_id":948386235,"osm_type":"way"}},{"type":"Feature","geometry":{"type":"LineString","coordinates":[[-57.2876946,-25.1747057],[-57.2878487,-25.1743633],[-57.2879514,-25.1741731],[-57.2872649,-25.1740252],[-57.2871856,-25.1739111],[-57.2870268,-25.1731884],[-57.2868073,-25.1734166],[-57.2868773,-25.1737758],[-57.2866438,-25.1737505],[-57.2862002,-25.1736913],[-57.2857098,-25.1736871],[-57.2856585,-25.17389],[-57.2865691,-25.1739238],[-57.2867326,-25.1740886],[-57.2871622,-25.1745239],[-57.2876946,-25.1747057]]},"properties":{"natural":"wetland","osm_id":967587236,"osm_type":"way"}},{"type":"Feature","geometry":{"type":"LineString","coordinates":[[-57.2799304,-25.1695683],[-57.2797455,-25.169836],[-57.2792772,-25.169836],[-57.278624,-25.1696799],[-57.2783198,-25.1696276],[-57.2780312,-25.1694956],[-57.2773989,-25.1688035],[-57.2773546,-25.1687429],[-57.2773423,-25.1681964],[-57.2778599,-25.1679621],[-57.2782789,-25.1686314],[-57.2789445,-25.1688545],[-57.2784515,-25.1678394],[-57.2785378,-25.1676387],[-57.2790923,-25.1677948],[-57.2792649,-25.1685533],[-57.2794744,-25.1689549],[-57.2795483,-25.1689325],[-57.2799304,-25.1695683]]},"properties":{"natural":"wetland","osm_id":967592308,"osm_type":"way"}},{"type":"Feature","geometry":{"type":"LineString","coordinates":[[-57.2747923,-25.167582],[-57.2745763,-25.1674732],[-57.2745074,-25.1675735],[-57.2747176,-25.1676824],[-57.2747923,-25.167582]]},"properties":{"natural":"wetland","osm_id":967596143,"osm_type":"way"}},{"type":"Feature","geometry":{"type":"LineString","coordinates":[[-57.509957,-25.1525345],[-57.5099999,-25.1524908],[-57.5100294,-25.1524471],[-57.5100991,-25.152248],[-57.5101715,-25.1521703],[-57.5102198,-25.1521946],[-57.5102252,-25.1522431],[-57.5102145,-25.1522893],[-57.5101528,-25.1523694],[-57.510083,-25.1525029],[-57.5099489,-25.1526534],[-57.5098926,-25.152736],[-57.5099033,-25.1528331],[-57.5099248,-25.1528792],[-57.5100562,-25.1530443],[-57.5101125,-25.1531293],[-57.5101179,-25.1531779],[-57.5100857,-25.1532167],[-57.5100321,-25.1532191],[-57.5099516,-25.1531512],[-57.5099194,-25.1531099],[-57.5098684,-25.1530201],[-57.5097773,-25.1527797],[-57.5097799,-25.1526801],[-57.5098014,-25.152634],[-57.5098443,-25.1526],[-57.509957,-25.1525345]]},"properties":{"natural":"wetland","osm_id":988726982,"osm_type":"way"}},{"type":"Feature","geometry":{"type":"LineString","coordinates":[[-57.5105417,-25.1520343],[-57.5106382,-25.1519906],[-57.5107509,-25.1519809],[-57.5108367,-25.152044],[-57.5109172,-25.1524276],[-57.5109601,-25.152515],[-57.5110406,-25.1525976],[-57.5112605,-25.152617],[-57.5113732,-25.1525782],[-57.5115717,-25.1524811],[-57.5116575,-25.1524179],[-57.5118814,-25.1523475],[-57.5119364,-25.152299],[-57.5119633,-25.1523014],[-57.5120142,-25.1523378],[-57.5119793,-25.1523985],[-57.5116709,-25.1526547],[-57.5115703,-25.1527566],[-57.5115153,-25.1528355],[-57.5114483,-25.1529084],[-57.5113732,-25.1529326],[-57.5112712,-25.1529715],[-57.511164,-25.1530055],[-57.511062,-25.1529472],[-57.5109118,-25.1528113],[-57.5108635,-25.1527238],[-57.5107938,-25.152651],[-57.5106061,-25.1525539],[-57.5105256,-25.1524908],[-57.5104666,-25.1522965],[-57.5104666,-25.1521946],[-57.5104934,-25.1520975],[-57.5105417,-25.1520343]]},"properties":{"natural":"wetland","osm_id":988726983,"osm_type":"way"}},{"type":"Feature","geometry":{"type":"LineString","coordinates":[[-57.498579,-25.1933476],[-57.49863,-25.1933646],[-57.498748,-25.1933719],[-57.4988043,-25.1933816],[-57.4990833,-25.1934957],[-57.4992523,-25.1935272],[-57.4993569,-25.1935612],[-57.4994561,-25.1936073],[-57.4995688,-25.1936413],[-57.4995929,-25.193685],[-57.4995473,-25.1937117],[-57.49944,-25.1937141],[-57.4993944,-25.1937384],[-57.4993837,-25.1937869],[-57.4993864,-25.1939301],[-57.4994642,-25.1940005],[-57.499558,-25.194049],[-57.499668,-25.1940757],[-57.4997807,-25.194083],[-57.4997887,-25.1941291],[-57.4998236,-25.1941728],[-57.499837,-25.1942213],[-57.4998343,-25.1942747],[-57.4998102,-25.1943694],[-57.499845,-25.1944155],[-57.499955,-25.1944568],[-57.5000006,-25.1944883],[-57.5000301,-25.194532],[-57.5000328,-25.1945805],[-57.4999952,-25.1946145],[-57.4999416,-25.1946291],[-57.499786,-25.1946388],[-57.4996761,-25.1946364],[-57.4995688,-25.1946145],[-57.4992925,-25.1945393],[-57.4991825,-25.1945344],[-57.4991289,-25.1945466],[-57.4990377,-25.1946048],[-57.4988821,-25.1946509],[-57.4987131,-25.1946922],[-57.4986085,-25.1946898],[-57.49852,-25.1946315],[-57.4984771,-25.1945369],[-57.498394,-25.1944009],[-57.4983564,-25.1943087],[-57.4983054,-25.1942238],[-57.4982947,-25.1941267],[-57.4983242,-25.1940272],[-57.4983215,-25.1939786],[-57.4982947,-25.1939374],[-57.4982518,-25.1939058],[-57.4982035,-25.1938888],[-57.4981633,-25.1938549],[-57.4980131,-25.1937893],[-57.4979916,-25.1937432],[-57.497997,-25.1936922],[-57.4980265,-25.1936486],[-57.498064,-25.1936121],[-57.4982035,-25.1935321],[-57.498284,-25.1934592],[-57.4983189,-25.1934156],[-57.4983671,-25.1933816],[-57.4984771,-25.1933427],[-57.4985307,-25.1933403],[-57.498579,-25.1933476]]},"properties":{"natural":"wetland","osm_id":989669812,"osm_type":"way"}},{"type":"Feature","geometry":{"type":"LineString","coordinates":[[-57.5006269,-25.1981871],[-57.5006805,-25.1981992],[-57.5007033,-25.198215],[-57.5007141,-25.198238],[-57.5007167,-25.1982878],[-57.500761,-25.1983193],[-57.5007784,-25.1983388],[-57.5007932,-25.1983606],[-57.5008053,-25.1984091],[-57.5008106,-25.1984868],[-57.5008079,-25.1985111],[-57.5007865,-25.1985645],[-57.5007825,-25.19859],[-57.5007758,-25.1987829],[-57.5007905,-25.198846],[-57.5007932,-25.1989006],[-57.5007999,-25.1989249],[-57.5008053,-25.1989746],[-57.5008066,-25.1990559],[-57.5007851,-25.1991008],[-57.5007677,-25.1991202],[-57.5007463,-25.1991069],[-57.5007221,-25.1990608],[-57.5007194,-25.1990098],[-57.5007395,-25.1989625],[-57.5007463,-25.1988873],[-57.5007261,-25.1988387],[-57.5007033,-25.1987938],[-57.5006872,-25.1987429],[-57.5006846,-25.1986943],[-57.5006913,-25.1986191],[-57.5007194,-25.1984953],[-57.5007181,-25.1984431],[-57.5006765,-25.1984055],[-57.5006631,-25.1983824],[-57.500643,-25.1983655],[-57.5006256,-25.1983436],[-57.5006148,-25.1982672],[-57.5006014,-25.1982174],[-57.5006001,-25.1981931],[-57.5006269,-25.1981871]]},"properties":{"natural":"wetland","osm_id":989669854,"osm_type":"way"}},{"type":"Feature","geometry":{"type":"LineString","coordinates":[[-57.5094487,-25.1925018],[-57.5094487,-25.1924775],[-57.5094634,-25.1924544],[-57.5094996,-25.1924132],[-57.5095788,-25.1922748],[-57.5096069,-25.19227],[-57.5096338,-25.19227],[-57.5096619,-25.1922748],[-57.5096847,-25.1922918],[-57.5096995,-25.1923125],[-57.5097008,-25.1923367],[-57.5097062,-25.192361],[-57.5097182,-25.1923841],[-57.509729,-25.1924314],[-57.5097384,-25.1924557],[-57.509796,-25.1924605],[-57.5098524,-25.1924702],[-57.509906,-25.1924702],[-57.5099288,-25.192486],[-57.5099328,-25.1925115],[-57.5099315,-25.192537],[-57.509914,-25.1925588],[-57.5098483,-25.1926037],[-57.5098322,-25.1926231],[-57.5098202,-25.1926474],[-57.5098161,-25.1926717],[-57.5098175,-25.1927214],[-57.5098349,-25.1928234],[-57.5098349,-25.1928755],[-57.5098255,-25.1928974],[-57.5097813,-25.1929326],[-57.5097317,-25.1929581],[-57.5096284,-25.1929932],[-57.5096042,-25.1930054],[-57.5095238,-25.1930297],[-57.5094192,-25.1930697],[-57.5093655,-25.1930855],[-57.5093065,-25.1930903],[-57.509277,-25.1930903],[-57.5092515,-25.1930843],[-57.5092046,-25.1930576],[-57.5091845,-25.1930394],[-57.5091751,-25.1930163],[-57.5091697,-25.1929908],[-57.5091697,-25.1929326],[-57.5091791,-25.1928804],[-57.5091992,-25.1928306],[-57.5092126,-25.1928088],[-57.5092381,-25.1927942],[-57.5093186,-25.1927627],[-57.5093454,-25.1927481],[-57.509391,-25.1927069],[-57.5094017,-25.1926535],[-57.5093991,-25.192628],[-57.5093776,-25.1925794],[-57.5093749,-25.1925552],[-57.5093856,-25.1925297],[-57.5094487,-25.1925018]]},"properties":{"natural":"wetland","osm_id":989669874,"osm_type":"way"}},{"type":"Feature","geometry":{"type":"LineString","coordinates":[[-57.4991865,-25.1988642],[-57.4991973,-25.1988411],[-57.4992147,-25.1988217],[-57.4992389,-25.1988096],[-57.4992657,-25.1988084],[-57.4992912,-25.1988181],[-57.499318,-25.1988242],[-57.4993716,-25.198829],[-57.4994279,-25.1988278],[-57.4994467,-25.1988096],[-57.4994963,-25.1987805],[-57.4995232,-25.1987683],[-57.4995446,-25.1987513],[-57.4995701,-25.1987392],[-57.4996264,-25.1987368],[-57.4996331,-25.1987611],[-57.4996318,-25.1987853],[-57.4996184,-25.1988339],[-57.4996184,-25.1988824],[-57.4996305,-25.1989309],[-57.4995406,-25.1989831],[-57.4995218,-25.1990025],[-57.4995098,-25.1990244],[-57.4994937,-25.1990717],[-57.4994789,-25.1990923],[-57.4994427,-25.1991324],[-57.4993998,-25.1991664],[-57.4993837,-25.1991858],[-57.4993609,-25.1991967],[-57.4993394,-25.1992113],[-57.4993032,-25.1992513],[-57.4992563,-25.1992731],[-57.4992295,-25.1992816],[-57.4991825,-25.1993035],[-57.4991637,-25.1993217],[-57.4991396,-25.1993302],[-57.4991302,-25.199352],[-57.4991316,-25.1993763],[-57.4991222,-25.1993993],[-57.4990685,-25.1994054],[-57.4990417,-25.199403],[-57.4989907,-25.1993799],[-57.4989451,-25.199352],[-57.4989277,-25.1993302],[-57.4989183,-25.1993059],[-57.4989237,-25.1992804],[-57.4989492,-25.1992707],[-57.4990873,-25.1992464],[-57.4991396,-25.1992234],[-57.4991772,-25.1991821],[-57.4991852,-25.1991579],[-57.4991865,-25.1991081],[-57.4992013,-25.1990863],[-57.499212,-25.1990632],[-57.4992161,-25.1990389],[-57.4992161,-25.1989868],[-57.499212,-25.1989613],[-57.4991758,-25.1989212],[-57.4991664,-25.1988958],[-57.4991865,-25.1988642]]},"properties":{"natural":"wetland","osm_id":989669884,"osm_type":"way"}},{"type":"Feature","geometry":{"type":"LineString","coordinates":[[-57.4987721,-25.1913234],[-57.4988419,-25.1912409],[-57.4988902,-25.1912069],[-57.4989304,-25.1911681],[-57.4989975,-25.1910807],[-57.4990377,-25.1910443],[-57.4990913,-25.1910322],[-57.4992013,-25.1910589],[-57.4992469,-25.1910928],[-57.4992844,-25.1911292],[-57.4993354,-25.1912215],[-57.4993971,-25.191304],[-57.49944,-25.1913355],[-57.4995151,-25.1914132],[-57.4995768,-25.1916098],[-57.4996224,-25.1916414],[-57.4996385,-25.1916923],[-57.4996251,-25.1917409],[-57.4995849,-25.1917773],[-57.4995339,-25.1917943],[-57.4994803,-25.1917918],[-57.4994266,-25.1917773],[-57.4993756,-25.1917821],[-57.49933,-25.1918113],[-57.4992657,-25.1918088],[-57.4991664,-25.1917724],[-57.4991316,-25.1917336],[-57.4991262,-25.191685],[-57.4989626,-25.1916826],[-57.4989116,-25.1917045],[-57.498697,-25.1917651],[-57.4986541,-25.1917967],[-57.4985495,-25.191969],[-57.4985093,-25.192003],[-57.498461,-25.1920224],[-57.4984127,-25.1920054],[-57.4983779,-25.1919642],[-57.4983779,-25.1918647],[-57.4984476,-25.1917239],[-57.4985334,-25.1916462],[-57.4985629,-25.1916025],[-57.4986193,-25.191452],[-57.4986488,-25.1914084],[-57.4987721,-25.1913234]]},"properties":{"natural":"wetland","osm_id":989669886,"osm_type":"way"}},{"type":"Feature","geometry":{"type":"LineString","coordinates":[[-57.5051035,-25.1885553],[-57.5050512,-25.1885407],[-57.5050338,-25.1885213],[-57.5050324,-25.1884715],[-57.5050458,-25.1884485],[-57.5050847,-25.1884096],[-57.5051719,-25.1883392],[-57.5052162,-25.1883089],[-57.5052443,-25.1883113],[-57.5052631,-25.1883307],[-57.5052752,-25.1883538],[-57.5052845,-25.1884023],[-57.5052859,-25.1884278],[-57.5052564,-25.1884946],[-57.505247,-25.1885431],[-57.5052336,-25.1885892],[-57.5052027,-25.1886317],[-57.5051692,-25.1886997],[-57.5051276,-25.1887652],[-57.5051075,-25.188781],[-57.5050069,-25.1888162],[-57.50496,-25.1888417],[-57.5049412,-25.1888599],[-57.5049198,-25.1888744],[-57.5048675,-25.1888878],[-57.5048165,-25.1888914],[-57.5047642,-25.1888902],[-57.5046609,-25.1888817],[-57.5045805,-25.1888587],[-57.5044759,-25.1888441],[-57.50439,-25.1888441],[-57.5043364,-25.1888599],[-57.5043149,-25.1888453],[-57.5043257,-25.1888222],[-57.504378,-25.1888101],[-57.5044946,-25.188804],[-57.5045805,-25.1888186],[-57.5047199,-25.1888259],[-57.5048044,-25.1888174],[-57.5049144,-25.1887992],[-57.5049667,-25.1887761],[-57.5050163,-25.1887494],[-57.5050324,-25.1887288],[-57.5050834,-25.1886997],[-57.505125,-25.1886354],[-57.5051343,-25.1885868],[-57.5051035,-25.1885553]]},"properties":{"natural":"wetland","osm_id":989669891,"osm_type":"way"}},{"type":"Feature","geometry":{"type":"LineString","coordinates":[[-57.5063521,-25.1811],[-57.5063977,-25.1811267],[-57.5064567,-25.1812141],[-57.5065693,-25.1814398],[-57.5065774,-25.1814859],[-57.5066122,-25.1815782],[-57.5066283,-25.181583],[-57.5066847,-25.1817772],[-57.5067169,-25.181969],[-57.5067598,-25.1820636],[-57.5068992,-25.1822238],[-57.5070146,-25.1823306],[-57.507036,-25.1823743],[-57.5070387,-25.1824229],[-57.5070092,-25.1824617],[-57.5069582,-25.1824811],[-57.5069046,-25.182486],[-57.5066364,-25.1824714],[-57.5065962,-25.1824374],[-57.5065532,-25.1824107],[-57.5064728,-25.1822797],[-57.5064486,-25.1821826],[-57.5064486,-25.1821292],[-57.5065506,-25.182003],[-57.5065559,-25.1819034],[-57.5064835,-25.1817117],[-57.5063467,-25.1815418],[-57.5062904,-25.181401],[-57.5062126,-25.1812699],[-57.5061804,-25.1811752],[-57.5061804,-25.1811267],[-57.5062206,-25.1810903],[-57.506277,-25.1810879],[-57.5063521,-25.1811]]},"properties":{"natural":"wetland","osm_id":989669892,"osm_type":"way"}},{"type":"Feature","geometry":{"type":"LineString","coordinates":[[-57.5289772,-25.2463657],[-57.5289785,-25.2463402],[-57.529004,-25.2463305],[-57.5291193,-25.2463159],[-57.5292078,-25.2463123],[-57.529236,-25.2463038],[-57.5292628,-25.246288],[-57.5293232,-25.2462698],[-57.5293446,-25.2462541],[-57.5293339,-25.2462262],[-57.5292937,-25.246191],[-57.5292789,-25.2461692],[-57.5292762,-25.2461437],[-57.5292964,-25.2460939],[-57.5293232,-25.2460855],[-57.5293835,-25.2460818],[-57.5294399,-25.2460964],[-57.529464,-25.2461085],[-57.5294828,-25.2461279],[-57.5294868,-25.2461522],[-57.5294868,-25.2462055],[-57.5294814,-25.2462589],[-57.5294841,-25.2463584],[-57.5295082,-25.2464081],[-57.5295364,-25.2464518],[-57.5295404,-25.246476],[-57.5295364,-25.2465258],[-57.5295243,-25.2465488],[-57.5294761,-25.2465743],[-57.5294506,-25.2465804],[-57.5293406,-25.2465743],[-57.5291676,-25.2465779],[-57.5290965,-25.2466168],[-57.5290697,-25.2466228],[-57.5290067,-25.2466192],[-57.5289698,-25.2465919],[-57.5289175,-25.2465597],[-57.5288799,-25.2465422],[-57.5288779,-25.2465355],[-57.5289168,-25.2464991],[-57.5289289,-25.2464773],[-57.5289396,-25.2464263],[-57.528949,-25.2464033],[-57.5289772,-25.2463657]]},"properties":{"natural":"wetland","osm_id":989689860,"osm_type":"way"}},{"type":"Feature","geometry":{"type":"LineString","coordinates":[[-57.4239634,-25.2243507],[-57.4245604,-25.2245362],[-57.4251062,-25.2244863],[-57.42519,-25.2243386],[-57.4252676,-25.2240229],[-57.4253781,-25.2239301],[-57.4258516,-25.2238682],[-57.4264698,-25.2239563],[-57.4267013,-25.224099],[-57.426846,-25.2242966],[-57.4268329,-25.224487],[-57.4267987,-25.2246512],[-57.4266014,-25.2248225],[-57.4262462,-25.2251176],[-57.4256147,-25.2254559],[-57.4248434,-25.2263463],[-57.4247857,-25.2273787],[-57.4234599,-25.2289761],[-57.4204888,-25.2295068],[-57.4191835,-25.2292602],[-57.4186023,-25.2279023],[-57.4184709,-25.2256331],[-57.4193583,-25.2245163],[-57.4239634,-25.2243507]]},"properties":{"natural":"wetland","wetland":"zona_inundable","osm_id":993433793,"osm_type":"way"}},{"type":"Feature","geometry":{"type":"LineString","coordinates":[[-57.5061094,-25.1568844],[-57.5060865,-25.1569062],[-57.5032733,-25.1569964],[-57.5031661,-25.1569324],[-57.5028966,-25.1568926],[-57.5027693,-25.1569484],[-57.5026981,-25.1568645],[-57.5026269,-25.1567552],[-57.5026134,-25.1566143],[-57.5025208,-25.1564764],[-57.5024852,-25.1563278],[-57.502489,-25.1561574],[-57.5025666,-25.1560367],[-57.5029791,-25.1557531],[-57.5033178,-25.1555244],[-57.5036865,-25.1554565],[-57.5040778,-25.1554393],[-57.5044301,-25.1556588],[-57.5047981,-25.1558608],[-57.5049417,-25.1558994],[-57.5050538,-25.1558649],[-57.5051637,-25.1557857],[-57.5052938,-25.1556517],[-57.5053431,-25.1555847],[-57.505471,-25.1554792],[-57.5056415,-25.1553289],[-57.5058231,-25.1551706],[-57.5059667,-25.1550569],[-57.5060564,-25.1549472],[-57.5063861,-25.154728],[-57.506523,-25.1546],[-57.5066104,-25.1544864],[-57.5066845,-25.1544579],[-57.5067607,-25.15446],[-57.5068639,-25.1544742],[-57.5069873,-25.154466],[-57.5071645,-25.1544721],[-57.5074179,-25.1545534],[-57.5075345,-25.1545838],[-57.5077454,-25.1546082],[-57.5078867,-25.1546244],[-57.5079988,-25.1546346],[-57.5080773,-25.1546528],[-57.5081424,-25.1546975],[-57.5081828,-25.1547665],[-57.5081783,-25.1548559],[-57.5081491,-25.154935],[-57.5080751,-25.1550142],[-57.5078194,-25.1552294],[-57.5076265,-25.1553086],[-57.5074852,-25.1553269],[-57.5073977,-25.1553127],[-57.507216,-25.1552721],[-57.5070388,-25.1552802],[-57.5067248,-25.1553797],[-57.5065274,-25.1554934],[-57.5063615,-25.1556639],[-57.5062134,-25.1558081],[-57.5061372,-25.1559867],[-57.5060811,-25.1561471],[-57.5060676,-25.1562628],[-57.5061327,-25.1564659],[-57.5061596,-25.1565349],[-57.5061708,-25.1565998],[-57.5061955,-25.156675],[-57.506274,-25.1567034],[-57.506339,-25.1567217],[-57.5064087,-25.1567293],[-57.5061094,-25.1568844]]},"properties":{"natural":"wetland","osm_id":1009976895,"osm_type":"way"}},{"type":"Feature","geometry":{"type":"LineString","coordinates":[[-57.0704008,-25.6126693],[-57.0704294,-25.6126862],[-57.0704659,-25.6127189],[-57.0704948,-25.6127696],[-57.0705119,-25.6128151],[-57.0705292,-25.6128679],[-57.0705441,-25.6129244],[-57.0705549,-25.6129841],[-57.0705608,-25.6130503],[-57.0705573,-25.6131155],[-57.0705475,-25.6132012],[-57.0705391,-25.6132741],[-57.0705291,-25.6133664],[-57.0705071,-25.6134717],[-57.0704891,-25.6135591],[-57.0704717,-25.6136323],[-57.0704528,-25.6137026],[-57.070441,-25.6137866],[-57.0704355,-25.6138697],[-57.0704247,-25.6139381],[-57.0703835,-25.6140248],[-57.0701179,-25.6141733],[-57.0698122,-25.6143419],[-57.0698276,-25.6142468],[-57.069831,-25.6140632],[-57.0697496,-25.6138469],[-57.069583,-25.6137003],[-57.0694,-25.6135133],[-57.0693797,-25.6132934],[-57.0694651,-25.6130404],[-57.0694651,-25.6128168],[-57.0693919,-25.6126482],[-57.0692806,-25.6124436],[-57.0692058,-25.6124169],[-57.0691619,-25.6123805],[-57.0692281,-25.6123494],[-57.0693173,-25.6123372],[-57.0694002,-25.6123905],[-57.0694859,-25.6124082],[-57.0695659,-25.6123698],[-57.0696643,-25.6123439],[-57.0697299,-25.612362],[-57.0698157,-25.6123214],[-57.0698188,-25.6122293],[-57.0698277,-25.6122118],[-57.0698629,-25.6122288],[-57.0699173,-25.6122581],[-57.0699615,-25.612279],[-57.0699923,-25.6122988],[-57.0700333,-25.6123227],[-57.0700604,-25.6123508],[-57.070084,-25.6123799],[-57.0701057,-25.6124093],[-57.0701327,-25.6124519],[-57.070161,-25.6124824],[-57.0701947,-25.6125182],[-57.0702431,-25.6125599],[-57.070286,-25.6125883],[-57.0703145,-25.6126115],[-57.0703629,-25.612641],[-57.0704008,-25.6126693]]},"properties":{"natural":"wetland","wetland":"bog","osm_id":1056112427,"osm_type":"way"}},{"type":"Feature","geometry":{"type":"LineString","coordinates":[[-57.0714571,-25.6216521],[-57.0714385,-25.6214244],[-57.0712025,-25.6210471],[-57.0711918,-25.6207762],[-57.0712722,-25.6206215],[-57.0713726,-25.6205753],[-57.0715244,-25.6205054],[-57.071619,-25.6204319],[-57.0717175,-25.6203554],[-57.0719267,-25.6201329],[-57.0720608,-25.6199395],[-57.0721735,-25.619775],[-57.0722432,-25.6196928],[-57.0724202,-25.6196492],[-57.0726402,-25.6195622],[-57.0727636,-25.6194364],[-57.0727796,-25.6191655],[-57.0727957,-25.6190204],[-57.0726348,-25.618943],[-57.0723934,-25.6188705],[-57.0723064,-25.6188222],[-57.0721842,-25.6187544],[-57.0720179,-25.618677],[-57.0719589,-25.6185174],[-57.0719911,-25.6183577],[-57.0720662,-25.6182658],[-57.0722754,-25.618232],[-57.0725382,-25.6180095],[-57.0728708,-25.6177144],[-57.0730425,-25.6175838],[-57.0732088,-25.6175741],[-57.0733858,-25.6175548],[-57.0734824,-25.6176709],[-57.0734502,-25.6178402],[-57.0735092,-25.6180143],[-57.0734824,-25.618203],[-57.073477,-25.6183529],[-57.0735897,-25.6185174],[-57.0737935,-25.6185319],[-57.0739705,-25.6185319],[-57.0741154,-25.6185174],[-57.0742549,-25.6185222],[-57.074271,-25.6187108],[-57.0742309,-25.6189878],[-57.074169,-25.6192284],[-57.0740832,-25.6193493],[-57.0740349,-25.6194606],[-57.0740081,-25.619359],[-57.0738257,-25.6194219],[-57.0736594,-25.619509],[-57.073595,-25.6196541],[-57.0736058,-25.6197702],[-57.0737291,-25.6198137],[-57.0738364,-25.6197411],[-57.0739169,-25.6196637],[-57.073933,-25.6197992],[-57.0737077,-25.6200757],[-57.0736219,-25.6202692],[-57.0735199,-25.6205159],[-57.0733912,-25.6208061],[-57.0732571,-25.6210189],[-57.0730961,-25.6211169],[-57.0728977,-25.6213249],[-57.0727904,-25.6215039],[-57.0726402,-25.6217651],[-57.0725222,-25.6219441],[-57.0723559,-25.6220553],[-57.0722241,-25.6221667],[-57.0714571,-25.6216521]]},"properties":{"natural":"wetland","wetland":"string_bog","osm_id":1056122060,"osm_type":"way"}},{"type":"Feature","geometry":{"type":"LineString","coordinates":[[-57.0733038,-25.6158486],[-57.0732225,-25.6159915],[-57.0731006,-25.6159989],[-57.0729501,-25.6159146],[-57.0728241,-25.6158046],[-57.0727428,-25.6157166],[-57.072633,-25.6156249],[-57.072568,-25.615559],[-57.0724582,-25.6154966],[-57.0723485,-25.615438],[-57.0722428,-25.6153757],[-57.0721086,-25.615284],[-57.0719948,-25.6152364],[-57.071885,-25.615196],[-57.0717793,-25.6151667],[-57.071637,-25.6151007],[-57.0715394,-25.6150421],[-57.0714663,-25.6149651],[-57.0714134,-25.6149028],[-57.0714012,-25.6148368],[-57.0713971,-25.6147818],[-57.0714093,-25.6147195],[-57.07145,-25.6146681],[-57.0714825,-25.6146645],[-57.071572,-25.6146865],[-57.071637,-25.6147268],[-57.0717183,-25.6146645],[-57.0717712,-25.6145912],[-57.0718809,-25.6145692],[-57.0719704,-25.6145765],[-57.0720801,-25.6146205],[-57.0721614,-25.6146535],[-57.0722672,-25.6146865],[-57.0723322,-25.6147671],[-57.0723891,-25.6148441],[-57.0724257,-25.6149138],[-57.0724054,-25.6149981],[-57.0723972,-25.6151007],[-57.0724623,-25.615185],[-57.0725273,-25.615251],[-57.0726086,-25.615306],[-57.0727387,-25.615317],[-57.0729054,-25.6153793],[-57.0730111,-25.6154307],[-57.0731494,-25.6155003],[-57.0732551,-25.6155846],[-57.0733526,-25.6156506],[-57.0733364,-25.6157533],[-57.0733038,-25.6158486]]},"properties":{"natural":"wetland","wetland":"string_bog","osm_id":1056525082,"osm_type":"way"}},{"type":"Feature","geometry":{"type":"LineString","coordinates":[[-57.0737104,-25.6160539],[-57.0736331,-25.6160795],[-57.0735559,-25.6161418],[-57.0735071,-25.6162152],[-57.0734624,-25.6162921],[-57.0734461,-25.6163875],[-57.0734665,-25.6164351],[-57.0735315,-25.6164828],[-57.0735884,-25.6165414],[-57.0736372,-25.6165964],[-57.0736901,-25.6166514],[-57.0737348,-25.6167174],[-57.0737348,-25.6167614],[-57.0737836,-25.6168017],[-57.0738486,-25.6168457],[-57.0739137,-25.616875],[-57.0740072,-25.6168823],[-57.07406,-25.616809],[-57.0740519,-25.6166917],[-57.0740356,-25.6166074],[-57.0740072,-25.6165121],[-57.0739746,-25.6164131],[-57.0739259,-25.6163435],[-57.0739137,-25.6162921],[-57.073934,-25.6162262],[-57.0739259,-25.6161492],[-57.0738974,-25.6160978],[-57.0738527,-25.6160465],[-57.0737632,-25.6160209],[-57.0737104,-25.6160539]]},"properties":{"natural":"wetland","wetland":"string_bog","osm_id":1056525083,"osm_type":"way"}},{"type":"Feature","geometry":{"type":"LineString","coordinates":[[-57.0702478,-25.6244171],[-57.0701081,-25.6244617],[-57.0700585,-25.6245096],[-57.0700337,-25.6245894],[-57.070016,-25.6246915],[-57.0700054,-25.6247968],[-57.070016,-25.6248925],[-57.069963,-25.6249883],[-57.0698851,-25.6250872],[-57.0698143,-25.6251734],[-57.0697506,-25.625234],[-57.0696444,-25.625285],[-57.0696657,-25.6253584],[-57.0697895,-25.6253042],[-57.0699028,-25.6252308],[-57.0699842,-25.625167],[-57.0700904,-25.6251159],[-57.0701753,-25.625084],[-57.0702532,-25.6250393],[-57.070331,-25.6249596],[-57.0704124,-25.6248574],[-57.0704195,-25.6247745],[-57.0704407,-25.6246596],[-57.0704124,-25.6245766],[-57.0703664,-25.6245128],[-57.0703434,-25.6244617],[-57.0702478,-25.6244171]]},"properties":{"natural":"wetland","osm_id":1059428344,"osm_type":"way"}},{"type":"Feature","geometry":{"type":"LineString","coordinates":[[-57.0693409,-25.6221268],[-57.0692758,-25.6222405],[-57.069221,-25.6223669],[-57.0691681,-25.6224421],[-57.0690705,-25.6225447],[-57.0689953,-25.6226199],[-57.0689872,-25.6226675],[-57.0690201,-25.6226797],[-57.0691229,-25.6226208],[-57.0692279,-25.6225303],[-57.0693354,-25.6223997],[-57.0694498,-25.6222271],[-57.069531,-25.6220952],[-57.0695401,-25.6220407],[-57.0695055,-25.6219875],[-57.0694303,-25.6220169],[-57.0693978,-25.6220682],[-57.0693409,-25.6221268]]},"properties":{"natural":"wetland","osm_id":1059428359,"osm_type":"way"}},{"type":"Feature","geometry":{"type":"LineString","coordinates":[[-57.060636,-25.6164179],[-57.0604943,-25.6163846],[-57.0603895,-25.6164207],[-57.0602755,-25.6164985],[-57.0602201,-25.6165874],[-57.0601893,-25.6166985],[-57.0602139,-25.6168235],[-57.0602293,-25.6169263],[-57.0602047,-25.6170319],[-57.0601739,-25.6171069],[-57.0601615,-25.6172014],[-57.0601492,-25.6172819],[-57.0600814,-25.6174292],[-57.0600321,-25.6175403],[-57.0599459,-25.6176848],[-57.0598812,-25.6177681],[-57.0598719,-25.6179098],[-57.0598719,-25.617982],[-57.0597792,-25.6180501],[-57.0597484,-25.6180723],[-57.0597299,-25.6180987],[-57.0597068,-25.6181765],[-57.0596902,-25.6182183],[-57.0598565,-25.6183737],[-57.0600075,-25.6185377],[-57.0600937,-25.6185988],[-57.0601523,-25.6185293],[-57.0601584,-25.6184432],[-57.0601092,-25.618371],[-57.0600444,-25.6183321],[-57.0600044,-25.618296],[-57.059989,-25.6182293],[-57.0600136,-25.6181515],[-57.0600044,-25.618082],[-57.0599643,-25.6180181],[-57.0599335,-25.6179015],[-57.0599767,-25.6177848],[-57.0600814,-25.6176709],[-57.060143,-25.6175458],[-57.0602447,-25.6172652],[-57.06025,-25.6172475],[-57.0602554,-25.6172132],[-57.0602971,-25.6171458],[-57.0603279,-25.6170597],[-57.0603957,-25.6169847],[-57.0604943,-25.6169402],[-57.0605867,-25.6168846],[-57.0606514,-25.6167957],[-57.060713,-25.6167179],[-57.0607161,-25.6166124],[-57.0607069,-25.6165096],[-57.060636,-25.6164179]]},"properties":{"natural":"wetland","wetland":"bog","osm_id":1059434049,"osm_type":"way"}},{"type":"Feature","geometry":{"type":"LineString","coordinates":[[-57.0712398,-25.6260942],[-57.0711207,-25.6261817],[-57.0710581,-25.6262608],[-57.0709735,-25.6263569],[-57.0708513,-25.6264247],[-57.0707416,-25.6264501],[-57.0706758,-25.6264162],[-57.0706069,-25.6263512],[-57.0705035,-25.6263569],[-57.0704095,-25.6263738],[-57.0703311,-25.6263767],[-57.0702183,-25.6263428],[-57.0701557,-25.6263823],[-57.070093,-25.626419],[-57.0699864,-25.6264134],[-57.0698705,-25.6264134],[-57.0696856,-25.6263823],[-57.0696261,-25.6263738],[-57.0696198,-25.6264077],[-57.0697295,-25.626436],[-57.0698047,-25.6264642],[-57.0699269,-25.6264868],[-57.0700366,-25.6265123],[-57.0702277,-25.626566],[-57.0704439,-25.6266564],[-57.0706006,-25.6266903],[-57.0707823,-25.6267213],[-57.0709703,-25.6267298],[-57.0711928,-25.6267468],[-57.0714215,-25.6267807],[-57.0716534,-25.6267863],[-57.0718884,-25.6268061],[-57.0720451,-25.6268004],[-57.072161,-25.6267383],[-57.0722801,-25.6267072],[-57.0723835,-25.6267044],[-57.0724681,-25.6267468],[-57.0725182,-25.6266903],[-57.0725934,-25.6265914],[-57.072631,-25.6265207],[-57.0726247,-25.6264021],[-57.0725903,-25.6263117],[-57.0725057,-25.6262156],[-57.0723365,-25.6261648],[-57.0721547,-25.6261139],[-57.0720513,-25.62608],[-57.0718947,-25.6260744],[-57.0717693,-25.6260376],[-57.0716503,-25.626015],[-57.0715061,-25.6259811],[-57.0713965,-25.625984],[-57.0713244,-25.6260376],[-57.0712398,-25.6260942]]},"properties":{"natural":"wetland","wetland":"string_bog","osm_id":1059435022,"osm_type":"way"}},{"type":"Feature","geometry":{"type":"LineString","coordinates":[[-57.0719041,-25.6273796],[-57.071832,-25.6273259],[-57.0717255,-25.6273118],[-57.0715249,-25.6273005],[-57.0714497,-25.6272666],[-57.0713902,-25.6271649],[-57.0713965,-25.627066],[-57.0712993,-25.6270462],[-57.0711176,-25.6271366],[-57.0709327,-25.6271508],[-57.0707823,-25.627179],[-57.0706601,-25.6271847],[-57.0705035,-25.6272496],[-57.0703625,-25.6273033],[-57.0702309,-25.6273909],[-57.0701243,-25.6274728],[-57.0700209,-25.6275208],[-57.0700334,-25.6275943],[-57.0701682,-25.6276339],[-57.0703217,-25.627631],[-57.0704314,-25.6277327],[-57.0705191,-25.6277836],[-57.0706601,-25.6277892],[-57.0707823,-25.627744],[-57.0709265,-25.6275999],[-57.0711207,-25.6275632],[-57.0713025,-25.6275039],[-57.0714999,-25.6274643],[-57.0716659,-25.6274728],[-57.0717411,-25.6275237],[-57.0718477,-25.6275293],[-57.0719135,-25.6274615],[-57.0719041,-25.6273796]]},"properties":{"natural":"wetland","wetland":"string_bog","osm_id":1059435023,"osm_type":"way"}},{"type":"Feature","geometry":{"type":"LineString","coordinates":[[-57.0677649,-25.6293249],[-57.0676889,-25.6294063],[-57.0675726,-25.6294406],[-57.0674704,-25.6294406],[-57.067385,-25.6294299],[-57.0673113,-25.6293999],[-57.0672876,-25.6293399],[-57.0673161,-25.6292629],[-57.0673636,-25.6292222],[-57.0674514,-25.6291922],[-57.0675417,-25.6291751],[-57.0676272,-25.6291772],[-57.067715,-25.6292072],[-57.0677483,-25.6292522],[-57.0677649,-25.6293249]]},"properties":{"natural":"wetland","wetland":"string_bog","osm_id":1059437890,"osm_type":"way"}},{"type":"Feature","geometry":{"type":"LineString","coordinates":[[-57.0670193,-25.6295669],[-57.0669219,-25.6296397],[-57.0668412,-25.6297467],[-57.0668127,-25.6298645],[-57.0667723,-25.6300015],[-57.0667604,-25.6300764],[-57.066758,-25.6302006],[-57.0667557,-25.6302691],[-57.0668174,-25.6303441],[-57.0668554,-25.6304169],[-57.0669077,-25.6304447],[-57.0669718,-25.6304875],[-57.0670335,-25.6305667],[-57.0671214,-25.6306716],[-57.0671689,-25.6307444],[-57.0672259,-25.6307894],[-57.0672638,-25.6308236],[-57.067347,-25.6311448],[-57.0673968,-25.6313418],[-57.0673066,-25.6313824],[-57.0672401,-25.6314338],[-57.0671902,-25.6314488],[-57.0671309,-25.6314038],[-57.0671475,-25.6312069],[-57.0671499,-25.6311341],[-57.067081,-25.6310335],[-57.0670003,-25.631027],[-57.0669433,-25.6310335],[-57.0668792,-25.6310142],[-57.066815,-25.6309542],[-57.0667533,-25.6308707],[-57.0667224,-25.6308044],[-57.0667224,-25.6307316],[-57.0667652,-25.6306502],[-57.0667842,-25.6305946],[-57.0668032,-25.6305496],[-57.0667913,-25.6304618],[-57.0667509,-25.6303719],[-57.0667082,-25.6303055],[-57.0666583,-25.6302691],[-57.0665966,-25.6302349],[-57.0665467,-25.6301942],[-57.0664968,-25.6301449],[-57.0665016,-25.6300807],[-57.0665515,-25.6299565],[-57.0665776,-25.6298431],[-57.0665894,-25.6296911],[-57.0665111,-25.629644],[-57.0664137,-25.6296097],[-57.0663734,-25.6295305],[-57.0663591,-25.6294427],[-57.0663496,-25.629387],[-57.0663947,-25.629205],[-57.0664945,-25.6290295],[-57.0665776,-25.6289182],[-57.0666749,-25.6288646],[-57.0667319,-25.6288197],[-57.0667984,-25.6288047],[-57.0668697,-25.6288154],[-57.0669005,-25.6289289],[-57.0669053,-25.6290316],[-57.0668388,-25.6291258],[-57.0667984,-25.6292372],[-57.0667509,-25.6293142],[-57.0668055,-25.6294384],[-57.0668863,-25.629432],[-57.0669575,-25.6294448],[-57.0669931,-25.6294684],[-57.0670193,-25.6295669]]},"properties":{"natural":"wetland","wetland":"string_bog","osm_id":1059437891,"osm_type":"way"}},{"type":"Feature","geometry":{"type":"LineString","coordinates":[[-57.0573112,-25.6254435],[-57.0572177,-25.6255168],[-57.0571201,-25.6255791],[-57.057055,-25.6256854],[-57.0570469,-25.6258357],[-57.0570062,-25.625931],[-57.0570022,-25.626052],[-57.0569981,-25.6261803],[-57.0570347,-25.6262902],[-57.0571038,-25.6263745],[-57.0571689,-25.6264808],[-57.0572136,-25.6265248],[-57.0572908,-25.6265505],[-57.0573477,-25.6265578],[-57.057299,-25.6266201],[-57.0573071,-25.6266751],[-57.0573681,-25.6267008],[-57.0574331,-25.6267081],[-57.057486,-25.6266861],[-57.0575632,-25.6265981],[-57.0576405,-25.6265505],[-57.0577299,-25.6264845],[-57.0578437,-25.6263709],[-57.0578641,-25.6262829],[-57.0578681,-25.6261363],[-57.0578193,-25.625964],[-57.057799,-25.6258577],[-57.0577706,-25.6257331],[-57.0577177,-25.6256304],[-57.0576689,-25.6255608],[-57.0575835,-25.6255094],[-57.0574656,-25.6254728],[-57.0573843,-25.6254545],[-57.0573112,-25.6254435]]},"properties":{"natural":"wetland","wetland":"bog","osm_id":1059716712,"osm_type":"way"}},{"type":"Feature","geometry":{"type":"LineString","coordinates":[[-57.0653701,-25.6225044],[-57.0652985,-25.6225482],[-57.06521,-25.6225337],[-57.0651697,-25.6225071],[-57.0651402,-25.6224659],[-57.0650946,-25.6224272],[-57.0650302,-25.62242],[-57.0649328,-25.6224128],[-57.0649165,-25.622345],[-57.0649104,-25.622279],[-57.0648596,-25.6222057],[-57.0647864,-25.6221306],[-57.0647478,-25.6220664],[-57.064699,-25.6219894],[-57.0646238,-25.6219454],[-57.0645743,-25.6218952],[-57.0645099,-25.6218009],[-57.0644697,-25.6217356],[-57.0643838,-25.6217017],[-57.06429,-25.6216582],[-57.0642095,-25.6216267],[-57.0641478,-25.6216074],[-57.0641014,-25.6215496],[-57.0640407,-25.6214549],[-57.0639519,-25.6213686],[-57.0638375,-25.6212949],[-57.0637324,-25.6212696],[-57.0636414,-25.6212233],[-57.0635386,-25.6211454],[-57.0634546,-25.6210886],[-57.0632818,-25.6210886],[-57.063165,-25.6210465],[-57.0629642,-25.6209391],[-57.0629175,-25.6208991],[-57.0628416,-25.6208625],[-57.0629274,-25.6208504],[-57.0629757,-25.6208383],[-57.0629891,-25.6207779],[-57.0629515,-25.6207343],[-57.0630343,-25.6207475],[-57.0631277,-25.6207812],[-57.0632117,-25.6208149],[-57.0632865,-25.6208254],[-57.0633588,-25.6208275],[-57.0634499,-25.6208359],[-57.063534,-25.6208106],[-57.063618,-25.6208443],[-57.0636531,-25.620897],[-57.0637208,-25.6209201],[-57.0637978,-25.6209707],[-57.0638118,-25.6210149],[-57.0638772,-25.6210633],[-57.0639823,-25.6210759],[-57.064022,-25.6211454],[-57.0640523,-25.6212128],[-57.064113,-25.6212633],[-57.0641971,-25.6212886],[-57.0642952,-25.6213286],[-57.0643349,-25.6213602],[-57.0643745,-25.6214039],[-57.0643932,-25.6214628],[-57.0644353,-25.6215323],[-57.0645146,-25.6215744],[-57.0646057,-25.6215765],[-57.0646641,-25.6215597],[-57.0647061,-25.6216102],[-57.0647808,-25.6216321],[-57.0649326,-25.6218658],[-57.0649513,-25.6219795],[-57.06497,-25.6220616],[-57.0650424,-25.6221416],[-57.0651054,-25.6222111],[-57.0651808,-25.6222411],[-57.0652728,-25.6223321],[-57.0653542,-25.6223672],[-57.0653878,-25.6224549],[-57.0653701,-25.6225044]]},"properties":{"natural":"wetland","wetland":"string_bog","osm_id":1059981751,"osm_type":"way"}},{"type":"Feature","geometry":{"type":"LineString","coordinates":[[-57.0811021,-25.616465],[-57.0810002,-25.6164699],[-57.080791,-25.6165678],[-57.0807548,-25.6166488],[-57.0807776,-25.6167286],[-57.0808071,-25.6167613],[-57.0809143,-25.6167746],[-57.0809894,-25.6167685],[-57.0811557,-25.6166331],[-57.0811852,-25.6165775],[-57.0811692,-25.6165291],[-57.0811021,-25.616465]]},"properties":{"natural":"wetland","osm_id":1066597524,"osm_type":"way"}},{"type":"Feature","geometry":{"type":"LineString","coordinates":[[-57.0785017,-25.6182126],[-57.0783716,-25.6182375],[-57.0783934,-25.6183318],[-57.0783987,-25.6183546],[-57.0785288,-25.618328],[-57.078522,-25.6182823],[-57.0785017,-25.6182126]]},"properties":{"natural":"wetland","osm_id":1066597526,"osm_type":"way"}},{"type":"Feature","geometry":{"type":"LineString","coordinates":[[-57.0856435,-25.6095894],[-57.0855572,-25.6096477],[-57.0853878,-25.6098367],[-57.0851351,-25.6099006],[-57.0851049,-25.6099169],[-57.0852417,-25.6100051],[-57.0851779,-25.6101493],[-57.0850612,-25.6101978],[-57.0852183,-25.6104007],[-57.0852275,-25.6104951],[-57.0852183,-25.6106035],[-57.0851474,-25.6107174],[-57.0850842,-25.6109345],[-57.084987,-25.6110664],[-57.0848992,-25.6111419],[-57.0848105,-25.6112345],[-57.0846056,-25.6114129],[-57.0845098,-25.6115947],[-57.0845775,-25.6117166],[-57.0846206,-25.6117722],[-57.0846576,-25.6118416],[-57.0846791,-25.6119389],[-57.0846576,-25.6120278],[-57.0846144,-25.6120806],[-57.0846114,-25.6121556],[-57.0846607,-25.6122523],[-57.0847192,-25.6123496],[-57.0847685,-25.6124301],[-57.0848147,-25.6125413],[-57.0848163,-25.6126627],[-57.0848587,-25.6127967],[-57.0847632,-25.6129387],[-57.0847947,-25.6129658],[-57.084841,-25.6130074],[-57.0848782,-25.6129324],[-57.0849189,-25.612835],[-57.0849455,-25.6128143],[-57.0850003,-25.6128191],[-57.0850746,-25.6127983],[-57.085126,-25.6127169],[-57.0851419,-25.6126276],[-57.0851012,-25.6124808],[-57.0851029,-25.6121616],[-57.0851366,-25.6117435],[-57.0851879,-25.611568],[-57.0852127,-25.6114068],[-57.0852675,-25.6112553],[-57.0854746,-25.6110143],[-57.0855117,-25.6109457],[-57.0855206,-25.6107196],[-57.08554,-25.6106382],[-57.0855365,-25.6105472],[-57.0855772,-25.6104834],[-57.0856816,-25.6104786],[-57.0858063,-25.6104547],[-57.085893,-25.6104052],[-57.086001,-25.6101802],[-57.0860134,-25.6100477],[-57.0860045,-25.6099265],[-57.086001,-25.6097908],[-57.0859603,-25.6097063],[-57.0858966,-25.609644],[-57.0857709,-25.6096057],[-57.0856435,-25.6095894]]},"properties":{"natural":"wetland","osm_id":1066604118,"osm_type":"way"}},{"type":"Feature","geometry":{"type":"LineString","coordinates":[[-57.0704794,-25.6138061],[-57.0704887,-25.6137527],[-57.0705056,-25.6136801],[-57.070525,-25.6135988],[-57.0705409,-25.6135357],[-57.070556,-25.6134703],[-57.070571,-25.6134081],[-57.0705861,-25.6133291],[-57.0705949,-25.6132629],[-57.070602,-25.613203],[-57.0706073,-25.6131376],[-57.070617,-25.613073],[-57.0706179,-25.6130084],[-57.0706162,-25.6129477],[-57.0706055,-25.6128943],[-57.0705905,-25.6128336],[-57.0705763,-25.6127834],[-57.0705507,-25.6127291],[-57.0705179,-25.6126852],[-57.0704781,-25.6126437],[-57.0704374,-25.612619],[-57.0703914,-25.6125959],[-57.0703445,-25.6125711],[-57.07031,-25.612544],[-57.0702729,-25.6125161],[-57.0702322,-25.6124931],[-57.0703961,-25.6124319],[-57.0705465,-25.6123475],[-57.0705505,-25.6122229],[-57.0706684,-25.6119883],[-57.0712753,-25.6125873],[-57.0711777,-25.6126705],[-57.0710605,-25.6127779],[-57.0709417,-25.6127613],[-57.0708452,-25.6127164],[-57.0707739,-25.6126444],[-57.0707171,-25.6126436],[-57.0706443,-25.6127293],[-57.0706583,-25.6127755],[-57.0706715,-25.6128553],[-57.0706822,-25.6129461],[-57.0706855,-25.6130153],[-57.0706851,-25.6130764],[-57.0706808,-25.6131501],[-57.0706725,-25.6132302],[-57.0706562,-25.6133167],[-57.0706389,-25.613407],[-57.0706242,-25.6134867],[-57.0706047,-25.6135697],[-57.0705898,-25.6136515],[-57.070576,-25.613726],[-57.0705663,-25.6137709],[-57.0705168,-25.6137897],[-57.0704794,-25.6138061]]},"properties":{"natural":"wetland","wetland":"bog","osm_id":1071137240,"osm_type":"way"}},{"type":"Feature","geometry":{"type":"LineString","coordinates":[[-57.5331551,-25.4687469],[-57.5333959,-25.4688807],[-57.5333774,-25.4690312],[-57.5330995,-25.4692403],[-57.5326549,-25.4693657],[-57.5324141,-25.4692988],[-57.5323307,-25.4691734],[-57.5322752,-25.4690229],[-57.5323678,-25.4687553],[-57.5326179,-25.4686298],[-57.5328772,-25.4686215],[-57.5331551,-25.4687469]]},"properties":{"natural":"wetland","osm_id":1071673053,"osm_type":"way"}},{"type":"Feature","geometry":{"type":"LineString","coordinates":[[-57.5358648,-25.4736793],[-57.5357744,-25.4739357],[-57.5356582,-25.4741882],[-57.5354775,-25.474332],[-57.5354043,-25.4743553],[-57.5350988,-25.4743553],[-57.5348578,-25.4743553],[-57.5346728,-25.4743164],[-57.5346297,-25.4741843],[-57.534634,-25.4740018],[-57.5344877,-25.4738231],[-57.5343586,-25.4737492],[-57.5341822,-25.4736987],[-57.5340703,-25.4736599],[-57.5339283,-25.4735667],[-57.5338164,-25.4734346],[-57.5337218,-25.4732131],[-57.5338078,-25.4730966],[-57.533967,-25.4730072],[-57.5341177,-25.4729373],[-57.5342941,-25.4728713],[-57.5349826,-25.4729062],[-57.5353656,-25.4730267],[-57.5356969,-25.4732131],[-57.5358002,-25.4734385],[-57.5358648,-25.4736793]]},"properties":{"natural":"wetland","wetland":"wet_meadow","osm_id":1071743134,"osm_type":"way"}},{"type":"Feature","geometry":{"type":"LineString","coordinates":[[-57.5341521,-25.4716242],[-57.5338595,-25.471764],[-57.5337175,-25.4718806],[-57.5335023,-25.4718845],[-57.5332527,-25.4717563],[-57.5330849,-25.4715776],[-57.5329988,-25.4714222],[-57.5330677,-25.4711852],[-57.5330332,-25.4710065],[-57.5330419,-25.4708744],[-57.5331064,-25.470719],[-57.5333345,-25.4704004],[-57.5338939,-25.470245],[-57.5341736,-25.470245],[-57.5344576,-25.4702139],[-57.5346728,-25.4702528],[-57.5347718,-25.4704237],[-57.5347761,-25.4705869],[-57.5349353,-25.4708938],[-57.5346168,-25.4712979],[-57.5343457,-25.4715076],[-57.5341521,-25.4716242]]},"properties":{"natural":"wetland","wetland":"wet_meadow","osm_id":1071743135,"osm_type":"way"}},{"type":"Feature","geometry":{"type":"LineString","coordinates":[[-57.5334679,-25.4687066],[-57.5334593,-25.4688697],[-57.5332269,-25.4692038],[-57.5327751,-25.4694641],[-57.5325728,-25.4695185],[-57.5323792,-25.4694564],[-57.5321597,-25.4692971],[-57.5320392,-25.4691261],[-57.5318886,-25.4689397],[-57.5317638,-25.4688115],[-57.5316476,-25.4686522],[-57.5316519,-25.4684968],[-57.5317896,-25.4683647],[-57.532207,-25.4683025],[-57.5324179,-25.4683064],[-57.5327923,-25.4683103],[-57.5331731,-25.4684579],[-57.5334679,-25.4687066]]},"properties":{"natural":"wetland","wetland":"wet_meadow","osm_id":1071743136,"osm_type":"way"}},{"type":"Feature","geometry":{"type":"LineString","coordinates":[[-57.5316863,-25.4654392],[-57.5318369,-25.4656296],[-57.5319359,-25.4658044],[-57.5319402,-25.4659986],[-57.5318972,-25.4661269],[-57.5317767,-25.4662318],[-57.5315271,-25.4662784],[-57.5312646,-25.4663056],[-57.5311484,-25.4663095],[-57.5309763,-25.46629],[-57.53083,-25.4662589],[-57.5306751,-25.4660841],[-57.5306751,-25.4659248],[-57.530787,-25.4657383],[-57.5309074,-25.465548],[-57.531015,-25.4654275],[-57.5311699,-25.4653887],[-57.5313851,-25.465377],[-57.5316863,-25.4654392]]},"properties":{"natural":"wetland","osm_id":1071743137,"osm_type":"way"}},{"type":"Feature","geometry":{"type":"LineString","coordinates":[[-57.5327492,-25.4661541],[-57.5330548,-25.4660919],[-57.5333043,-25.4660841],[-57.5334507,-25.4661968],[-57.5334291,-25.4663872],[-57.5333904,-25.4664804],[-57.5332828,-25.4665892],[-57.5329945,-25.4667096],[-57.5327966,-25.4666941],[-57.5325599,-25.4665503],[-57.5325341,-25.4664299],[-57.5325341,-25.4663172],[-57.5325599,-25.4662046],[-57.5327492,-25.4661541]]},"properties":{"natural":"wetland","osm_id":1071743138,"osm_type":"way"}},{"type":"Feature","geometry":{"type":"LineString","coordinates":[[-57.5043019,-25.4644658],[-57.5047135,-25.4644658],[-57.505136,-25.4647299],[-57.5052985,-25.464994],[-57.5052552,-25.4652972],[-57.5051577,-25.4658743],[-57.5051035,-25.4661775],[-57.5049099,-25.4664101],[-57.5046919,-25.4664514],[-57.5042152,-25.466021],[-57.5037494,-25.4657276],[-57.5033052,-25.4651701],[-57.5033269,-25.4647691],[-57.5036844,-25.4643583],[-57.5038577,-25.4643485],[-57.5043019,-25.4644658]]},"properties":{"natural":"wetland","osm_id":1072028061,"osm_type":"way"}},{"type":"Feature","geometry":{"type":"LineString","coordinates":[[-57.5083925,-25.4807839],[-57.5085164,-25.4809902],[-57.5087217,-25.4814097],[-57.5087023,-25.4815705],[-57.5080904,-25.4821544],[-57.5079471,-25.4822698],[-57.5078038,-25.4824236],[-57.5076992,-25.482497],[-57.5075637,-25.482525],[-57.5074398,-25.4824621],[-57.5073546,-25.4823292],[-57.5071958,-25.4822872],[-57.5070602,-25.4822068],[-57.5067388,-25.4819097],[-57.5066264,-25.4816055],[-57.5064638,-25.4808993],[-57.5064096,-25.4807105],[-57.5064251,-25.4805182],[-57.5067659,-25.4802385],[-57.5069828,-25.4801266],[-57.5074824,-25.4800846],[-57.5077961,-25.4801336],[-57.5081524,-25.4803434],[-57.5082957,-25.4805182],[-57.5083925,-25.4807839]]},"properties":{"natural":"wetland","osm_id":1072368051,"osm_type":"way"}},{"type":"Feature","geometry":{"type":"LineString","coordinates":[[-57.482335,-25.4784678],[-57.4824481,-25.4786937],[-57.4825127,-25.4789197],[-57.4823431,-25.4791894],[-57.4821493,-25.4792696],[-57.482012,-25.4791894],[-57.481899,-25.4790874],[-57.4818748,-25.478825],[-57.4818748,-25.478701],[-57.4819071,-25.478548],[-57.4818748,-25.4784532],[-57.4818748,-25.4783584],[-57.4819232,-25.478322],[-57.482117,-25.4784095],[-57.4822058,-25.4784896],[-57.482335,-25.4784678]]},"properties":{"natural":"wetland","osm_id":1072466956,"osm_type":"way"}},{"type":"Feature","geometry":{"type":"LineString","coordinates":[[-57.4799922,-25.4871609],[-57.4800858,-25.4872152],[-57.4801727,-25.4872877],[-57.4802396,-25.4874054],[-57.4802229,-25.4874838],[-57.480166,-25.4876076],[-57.4800457,-25.487671],[-57.4799186,-25.4877313],[-57.4798116,-25.4877826],[-57.4796712,-25.4877917],[-57.4795274,-25.4877223],[-57.4794271,-25.4876197],[-57.4793702,-25.487514],[-57.4793301,-25.4873963],[-57.4793535,-25.4873058],[-57.4795775,-25.4872303],[-57.4797247,-25.4871337],[-57.4798016,-25.4870854],[-57.4798818,-25.4870885],[-57.4799922,-25.4871609]]},"properties":{"natural":"wetland","osm_id":1073234319,"osm_type":"way"}},{"type":"Feature","geometry":{"type":"LineString","coordinates":[[-57.4996441,-25.4779561],[-57.4998909,-25.4778039],[-57.5001076,-25.4777876],[-57.5001738,-25.4779398],[-57.5001979,-25.4781028],[-57.5000654,-25.478331],[-57.4998247,-25.4784233],[-57.4996562,-25.4784451],[-57.4995178,-25.4783744],[-57.4995117,-25.4781354],[-57.4996441,-25.4779561]]},"properties":{"natural":"wetland","osm_id":1073234344,"osm_type":"way"}},{"type":"Feature","geometry":{"type":"LineString","coordinates":[[-57.5182776,-25.4818734],[-57.5185244,-25.481944],[-57.5188735,-25.4820201],[-57.5191323,-25.4820636],[-57.5192045,-25.4822537],[-57.5189638,-25.4823678],[-57.5186147,-25.4824982],[-57.5182476,-25.4824656],[-57.5180851,-25.4824058],[-57.5178563,-25.4823352],[-57.5178082,-25.4822211],[-57.5179286,-25.4820364],[-57.518079,-25.4819169],[-57.5182776,-25.4818734]]},"properties":{"natural":"wetland","osm_id":1073234345,"osm_type":"way"}},{"type":"Feature","geometry":{"type":"LineString","coordinates":[[-57.4720462,-25.4962224],[-57.4721865,-25.4963256],[-57.4723944,-25.4964006],[-57.4725295,-25.4964663],[-57.4725347,-25.496607],[-57.4724203,-25.4966914],[-57.4722125,-25.496682],[-57.472041,-25.4965882],[-57.4719111,-25.4965179],[-57.471854,-25.4964006],[-57.4720462,-25.4962224]]},"properties":{"natural":"wetland","osm_id":1073234346,"osm_type":"way"}},{"type":"Feature","geometry":{"type":"LineString","coordinates":[[-57.4798715,-25.4963537],[-57.4796325,-25.4963537],[-57.4794662,-25.4963912],[-57.4793519,-25.4963537],[-57.4792584,-25.4962599],[-57.4792896,-25.4961896],[-57.479435,-25.4961286],[-57.4796169,-25.4959926],[-57.4797832,-25.4959269],[-57.4799598,-25.4958706],[-57.4800846,-25.4958378],[-57.4802248,-25.4958753],[-57.4803236,-25.4959457],[-57.4803158,-25.4961544],[-57.4798715,-25.4963537]]},"properties":{"natural":"wetland","osm_id":1073234347,"osm_type":"way"}},{"type":"Feature","geometry":{"type":"LineString","coordinates":[[-57.4905352,-25.4906957],[-57.4904655,-25.4906125],[-57.4902935,-25.4904595],[-57.4901714,-25.4903898],[-57.4900019,-25.4903605],[-57.4899197,-25.490347],[-57.4896954,-25.49032],[-57.4896081,-25.490248],[-57.4896754,-25.4901986],[-57.4898947,-25.4901468],[-57.4900293,-25.4900186],[-57.4901415,-25.4899264],[-57.4902112,-25.4899084],[-57.4902088,-25.4899967],[-57.4901003,-25.4902163],[-57.4903508,-25.4902514],[-57.4904954,-25.4903515],[-57.4906374,-25.4906282],[-57.4906798,-25.4907317],[-57.490625,-25.4909094],[-57.4904879,-25.4909117],[-57.490443,-25.4908509],[-57.4904679,-25.4907924],[-57.4905352,-25.4906957]]},"properties":{"natural":"wetland","osm_id":1073234362,"osm_type":"way"}},{"type":"Feature","geometry":{"type":"LineString","coordinates":[[-57.490244,-25.4994631],[-57.4903251,-25.4994117],[-57.4903907,-25.4994117],[-57.4904692,-25.4994449],[-57.4904729,-25.4994634],[-57.4904287,-25.499527],[-57.4903441,-25.4996049],[-57.4902768,-25.4996563],[-57.4901646,-25.4996859],[-57.4901128,-25.4997233],[-57.4900559,-25.4997466],[-57.4900214,-25.4997435],[-57.4899903,-25.4997295],[-57.4899817,-25.499689],[-57.4899839,-25.499651],[-57.4900059,-25.4996143],[-57.4900404,-25.4995581],[-57.4900939,-25.4995021],[-57.490244,-25.4994631]]},"properties":{"natural":"wetland","osm_id":1073234365,"osm_type":"way"}},{"type":"Feature","geometry":{"type":"LineString","coordinates":[[-57.4969081,-25.4885062],[-57.4969403,-25.4885667],[-57.4969028,-25.4885837],[-57.4968089,-25.4885643],[-57.4966453,-25.4885401],[-57.4965165,-25.4885498],[-57.4964039,-25.4886345],[-57.4963449,-25.4886854],[-57.4962295,-25.4886902],[-57.4961759,-25.4886466],[-57.4961705,-25.4886103],[-57.4962322,-25.4885086],[-57.4963315,-25.4884723],[-57.4965246,-25.4884578],[-57.4966372,-25.4884166],[-57.4967445,-25.4883948],[-57.4967928,-25.4884069],[-57.4969081,-25.4885062]]},"properties":{"natural":"wetland","osm_id":1073241853,"osm_type":"way"}},{"type":"Feature","geometry":{"type":"LineString","coordinates":[[-57.5099443,-25.4913617],[-57.5097134,-25.4915363],[-57.5094536,-25.4917552],[-57.5092804,-25.4919871],[-57.5089859,-25.492331],[-57.5087925,-25.4924639],[-57.5085933,-25.4925369],[-57.5082094,-25.4925916],[-57.5078745,-25.4925603],[-57.5077937,-25.4924535],[-57.5077158,-25.4924535],[-57.5076696,-25.4924275],[-57.5076321,-25.4923076],[-57.5076811,-25.4921982],[-57.5078457,-25.4920913],[-57.5079727,-25.4919741],[-57.5081228,-25.4919272],[-57.5082412,-25.4918021],[-57.5082412,-25.4915155],[-57.5083018,-25.4914165],[-57.5085241,-25.4913148],[-57.508856,-25.4913826],[-57.5092457,-25.4912731],[-57.5095748,-25.4912601],[-57.5097538,-25.4912497],[-57.5099357,-25.4912184],[-57.5099443,-25.4913617]]},"properties":{"natural":"wetland","osm_id":1073241861,"osm_type":"way"}},{"type":"Feature","geometry":{"type":"LineString","coordinates":[[-57.4511487,-25.5003291],[-57.4511773,-25.5006697],[-57.4512573,-25.5009174],[-57.451366,-25.50116],[-57.4514803,-25.5012632],[-57.4512745,-25.5013457],[-57.4510744,-25.5013509],[-57.4508857,-25.5012425],[-57.4505712,-25.5012116],[-57.4502968,-25.5012271],[-57.4500223,-25.5008297],[-57.4505026,-25.5002156],[-57.4509428,-25.5001846],[-57.4510915,-25.5001588],[-57.4511487,-25.5003291]]},"properties":{"natural":"wetland","osm_id":1077209876,"osm_type":"way"}},{"type":"Feature","geometry":{"type":"LineString","coordinates":[[-57.231352,-25.4156371],[-57.2316963,-25.4159049],[-57.2317823,-25.4163194],[-57.2317058,-25.4165872],[-57.2314763,-25.416829],[-57.2311608,-25.4170795],[-57.2308452,-25.4172091],[-57.2305201,-25.4170881],[-57.2299367,-25.4165786],[-57.2282441,-25.4160603],[-57.2280529,-25.4159653],[-57.227613,-25.4155853],[-57.2275174,-25.4150239],[-57.2272592,-25.4147302],[-57.2269723,-25.4146093],[-57.2268671,-25.4144106],[-57.227001,-25.4142033],[-57.227393,-25.4142465],[-57.2279094,-25.4145056],[-57.2284545,-25.4147561],[-57.2288657,-25.4147906],[-57.2293152,-25.414972],[-57.2296307,-25.4152398],[-57.230061,-25.4153866],[-57.2309886,-25.4154644],[-57.231352,-25.4156371]]},"properties":{"natural":"wetland","osm_id":1082451219,"osm_type":"way"}},{"type":"Feature","geometry":{"type":"LineString","coordinates":[[-57.2332585,-25.4208526],[-57.2332966,-25.4209481],[-57.2333385,-25.4210532],[-57.2331341,-25.4214063],[-57.2327343,-25.4217755],[-57.2323966,-25.4218236],[-57.2321034,-25.4217755],[-57.2317569,-25.4216872],[-57.2315703,-25.4215668],[-57.2313215,-25.4215107],[-57.2309928,-25.4215026],[-57.2307617,-25.4213582],[-57.2307084,-25.4211977],[-57.2307084,-25.4210613],[-57.2310372,-25.4208366],[-57.2313571,-25.420652],[-57.2318635,-25.4204032],[-57.2322811,-25.420339],[-57.2327076,-25.4204032],[-57.2330008,-25.4205316],[-57.2331341,-25.4206119],[-57.2332585,-25.4208526]]},"properties":{"natural":"wetland","osm_id":1082451222,"osm_type":"way"}},{"type":"Feature","geometry":{"type":"LineString","coordinates":[[-57.2421736,-25.4198769],[-57.2425695,-25.4198769],[-57.2428966,-25.4200012],[-57.2431204,-25.4201878],[-57.2430788,-25.4203378],[-57.2430171,-25.4205609],[-57.2427072,-25.4208718],[-57.2423286,-25.4210895],[-57.2419499,-25.4212294],[-57.24164,-25.4211983],[-57.2412614,-25.4210118],[-57.2407105,-25.4204987],[-57.2405384,-25.42025],[-57.2404007,-25.4200012],[-57.2402458,-25.419737],[-57.2401425,-25.419597],[-57.2402286,-25.4195349],[-57.24059,-25.4198147],[-57.2409687,-25.4198769],[-57.2414335,-25.4197991],[-57.2417605,-25.4197991],[-57.2421736,-25.4198769]]},"properties":{"natural":"wetland","osm_id":1082451225,"osm_type":"way"}},{"type":"Feature","geometry":{"type":"LineString","coordinates":[[-57.2404696,-25.4191928],[-57.2402286,-25.4195349],[-57.2401425,-25.419597],[-57.2398843,-25.4196437],[-57.2396433,-25.4196281],[-57.2393851,-25.4194105],[-57.2391097,-25.4191151],[-57.2386794,-25.418742],[-57.2382319,-25.4185243],[-57.2379393,-25.4182756],[-57.2374401,-25.418089],[-57.2372335,-25.4178558],[-57.2371647,-25.4176382],[-57.2367516,-25.4170474],[-57.2367344,-25.416923],[-57.2369237,-25.4168297],[-57.2372507,-25.4170785],[-57.2380253,-25.4174671],[-57.2383696,-25.4175138],[-57.2387483,-25.4174982],[-57.2391269,-25.4173428],[-57.2396606,-25.4170785],[-57.2399015,-25.4169075],[-57.2401425,-25.4169075],[-57.2404007,-25.4170318],[-57.2406417,-25.4173117],[-57.2407278,-25.4175604],[-57.2408655,-25.4178714],[-57.2408655,-25.418089],[-57.2408999,-25.4183844],[-57.2408827,-25.4186487],[-57.240745,-25.4189596],[-57.2404696,-25.4191928]]},"properties":{"natural":"wetland","osm_id":1082451226,"osm_type":"way"}},{"type":"Feature","geometry":{"type":"LineString","coordinates":[[-57.2348964,-25.4282178],[-57.2352084,-25.4283386],[-57.2351044,-25.4286741],[-57.2344951,-25.4288486],[-57.2338561,-25.4289962],[-57.2335589,-25.4292914],[-57.2333509,-25.4295867],[-57.2328902,-25.4298283],[-57.2325335,-25.429882],[-57.2322363,-25.4298417],[-57.2320134,-25.4298551],[-57.2318648,-25.429788],[-57.2319688,-25.4295867],[-57.2323255,-25.4293317],[-57.2325187,-25.4289559],[-57.2328456,-25.428768],[-57.2331725,-25.4283922],[-57.2333509,-25.4281238],[-57.233767,-25.4280567],[-57.2341385,-25.4280299],[-57.2343465,-25.4280299],[-57.2348964,-25.4282178]]},"properties":{"natural":"wetland","osm_id":1082451229,"osm_type":"way"}},{"type":"Feature","geometry":{"type":"LineString","coordinates":[[-57.2230709,-25.4276521],[-57.2233859,-25.4276354],[-57.2236823,-25.4276521],[-57.2241073,-25.427479],[-57.2241915,-25.4275128],[-57.2238305,-25.4277357],[-57.2235711,-25.428338],[-57.22346,-25.4287396],[-57.2229413,-25.4292248],[-57.2224226,-25.4294423],[-57.2217927,-25.4293419],[-57.2214778,-25.4290742],[-57.221274,-25.4287228],[-57.2213296,-25.4282209],[-57.221626,-25.4277859],[-57.2219224,-25.4275517],[-57.2224596,-25.4274848],[-57.2230709,-25.4276521]]},"properties":{"natural":"wetland","osm_id":1082451230,"osm_type":"way"}},{"type":"Feature","geometry":{"type":"LineString","coordinates":[[-57.2285729,-25.4336415],[-57.2289064,-25.433675],[-57.2290546,-25.4339092],[-57.2291843,-25.4342438],[-57.2290546,-25.4345617],[-57.2285544,-25.4346119],[-57.2281839,-25.4344613],[-57.2277393,-25.4343442],[-57.2273873,-25.4342438],[-57.2274429,-25.4340263],[-57.2276652,-25.4337754],[-57.2280172,-25.4336917],[-57.2285729,-25.4336415]]},"properties":{"natural":"wetland","osm_id":1082451231,"osm_type":"way"}},{"type":"Feature","geometry":{"type":"LineString","coordinates":[[-57.0912492,-25.6274835],[-57.0910936,-25.6274545],[-57.090989,-25.6273674],[-57.0908951,-25.6272586],[-57.0908227,-25.6271014],[-57.0908039,-25.6269345],[-57.0908174,-25.6268112],[-57.090812,-25.6266758],[-57.0907423,-25.6265597],[-57.0906806,-25.6264605],[-57.0905625,-25.6264436],[-57.0905089,-25.6265621],[-57.0904794,-25.6267362],[-57.0904177,-25.626833],[-57.0903453,-25.6269369],[-57.0903104,-25.6270772],[-57.0903051,-25.6271981],[-57.0902782,-25.6274013],[-57.0903721,-25.6275053],[-57.0904687,-25.6275754],[-57.0906591,-25.6276431],[-57.0907825,-25.6276697],[-57.0909246,-25.6276697],[-57.0911178,-25.6275923],[-57.0912492,-25.6275705],[-57.0913618,-25.6275101],[-57.0912492,-25.6274835]]},"properties":{"natural":"wetland","wetland":"marsh","osm_id":1101568034,"osm_type":"way"}},{"type":"Feature","geometry":{"type":"LineString","coordinates":[[-57.0922636,-25.6283613],[-57.0921858,-25.628475],[-57.0921134,-25.6285378],[-57.0920329,-25.6285499],[-57.0919927,-25.6284798],[-57.0919792,-25.6283976],[-57.0919766,-25.6283323],[-57.091931,-25.6282428],[-57.0918398,-25.628163],[-57.0917888,-25.6281074],[-57.0917432,-25.6280276],[-57.0916601,-25.6279115],[-57.0917164,-25.6278583],[-57.0918398,-25.6278849],[-57.0920061,-25.6279671],[-57.0921268,-25.6280227],[-57.0922126,-25.6280638],[-57.0923708,-25.6281195],[-57.0924111,-25.6281944],[-57.0923923,-25.6282646],[-57.0923548,-25.6282912],[-57.0922636,-25.6283613]]},"properties":{"natural":"wetland","wetland":"marsh","osm_id":1101568035,"osm_type":"way"}},{"type":"Feature","geometry":{"type":"LineString","coordinates":[[-57.0914106,-25.628799],[-57.091365,-25.6287531],[-57.0912685,-25.6287482],[-57.0911531,-25.628712],[-57.0910834,-25.6286515],[-57.0909895,-25.6285717],[-57.0908018,-25.6285233],[-57.0906676,-25.6285233],[-57.0905389,-25.628562],[-57.0904209,-25.6285886],[-57.0903243,-25.6286539],[-57.090276,-25.6287144],[-57.0902304,-25.6287918],[-57.0901339,-25.6289006],[-57.0900615,-25.6289538],[-57.0899488,-25.629036],[-57.0899247,-25.6290989],[-57.0898523,-25.6291811],[-57.0898442,-25.6292029],[-57.0914106,-25.628799]]},"properties":{"natural":"wetland","wetland":"fen","osm_id":1101568036,"osm_type":"way"}},{"type":"Feature","geometry":{"type":"LineString","coordinates":[[-57.0874312,-25.6296853],[-57.0871462,-25.6297589],[-57.0871632,-25.6296784],[-57.0871385,-25.6296187],[-57.0871108,-25.6295381],[-57.0870985,-25.6294881],[-57.0870615,-25.629427],[-57.0870107,-25.62937],[-57.0869768,-25.6293423],[-57.087043,-25.6293395],[-57.0871509,-25.6293492],[-57.0872156,-25.6294034],[-57.0872572,-25.6294645],[-57.087308,-25.6295228],[-57.0873234,-25.6295631],[-57.0873403,-25.6295978],[-57.0873712,-25.6296173],[-57.0874312,-25.6296853]]},"properties":{"natural":"wetland","wetland":"marsh","osm_id":1101568037,"osm_type":"way"}},{"type":"Feature","geometry":{"type":"LineString","coordinates":[[-57.0800424,-25.6268937],[-57.0798619,-25.6268139],[-57.0797381,-25.6268331],[-57.0796,-25.626849],[-57.0795116,-25.6268395],[-57.0794549,-25.6268044],[-57.0794054,-25.6267182],[-57.079324,-25.6266703],[-57.0791966,-25.6266831],[-57.0790408,-25.6267118],[-57.0789241,-25.6268203],[-57.0789241,-25.6268841],[-57.0789311,-25.6270437],[-57.0789276,-25.627149],[-57.0789028,-25.6272543],[-57.0789205,-25.6273564],[-57.0789807,-25.6274458],[-57.0790055,-25.6275032],[-57.0790833,-25.6276277],[-57.079147,-25.6276851],[-57.0792355,-25.6277074],[-57.0793204,-25.6277202],[-57.07937,-25.6277681],[-57.0794549,-25.6278064],[-57.0795611,-25.6277968],[-57.0796814,-25.6277298],[-57.0797522,-25.6276596],[-57.0798796,-25.6276021],[-57.0799929,-25.6275862],[-57.0800884,-25.6275638],[-57.0801734,-25.6275383],[-57.0802017,-25.6274841],[-57.0802088,-25.6273979],[-57.0801911,-25.6273149],[-57.0801345,-25.6272511],[-57.0801026,-25.6272032],[-57.0800637,-25.6271458],[-57.0800531,-25.6270979],[-57.0800637,-25.6270373],[-57.0800778,-25.6269863],[-57.0800778,-25.6269448],[-57.0800424,-25.6268937]]},"properties":{"natural":"wetland","osm_id":1101568043,"osm_type":"way"}},{"type":"Feature","geometry":{"type":"LineString","coordinates":[[-57.0928446,-25.628227],[-57.0927873,-25.6282229],[-57.0927414,-25.6282612],[-57.0927244,-25.6283103],[-57.0926597,-25.6283425],[-57.0926138,-25.6283747],[-57.0925764,-25.6284054],[-57.092573,-25.628456],[-57.0925903,-25.6285153],[-57.0930833,-25.6283717],[-57.0930901,-25.6283487],[-57.0930068,-25.6282904],[-57.0928945,-25.6283318],[-57.0928704,-25.6282968],[-57.0928446,-25.628227]]},"properties":{"natural":"wetland","wetland":"string_bog","osm_id":1101568046,"osm_type":"way"}},{"type":"Feature","geometry":{"type":"LineString","coordinates":[[-56.9536605,-25.5641886],[-56.9534593,-25.5641587],[-56.9532184,-25.5641408],[-56.9529995,-25.5641388],[-56.9528536,-25.5641468],[-56.9526436,-25.5641468],[-56.9525022,-25.5641527],[-56.9524336,-25.5641747],[-56.9524005,-25.5642265],[-56.9524093,-25.5642863],[-56.9524668,-25.5643541],[-56.9525464,-25.564416],[-56.9527033,-25.5644698],[-56.9528293,-25.5645017],[-56.9529907,-25.5645077],[-56.9531631,-25.5644838],[-56.9533864,-25.5644399],[-56.9535411,-25.564414],[-56.953634,-25.5643581],[-56.9537003,-25.5643222],[-56.9537401,-25.5642644],[-56.9537268,-25.5642146],[-56.9536605,-25.5641886]]},"properties":{"natural":"wetland","osm_id":1103951658,"osm_type":"way"}},{"type":"Feature","geometry":{"type":"LineString","coordinates":[[-56.9977695,-25.5756784],[-56.9977124,-25.5756647],[-56.9976704,-25.5756795],[-56.9976436,-25.5757079],[-56.9976412,-25.5757394],[-56.9976704,-25.5757626],[-56.9977217,-25.5757752],[-56.9977567,-25.5757699],[-56.9977823,-25.5757468],[-56.9977963,-25.5757173],[-56.9977917,-25.5756952],[-56.9977695,-25.5756784]]},"properties":{"natural":"wetland","wetland":"string_bog","osm_id":1103958576,"osm_type":"way"}},{"type":"Feature","geometry":{"type":"LineString","coordinates":[[-56.9145965,-25.5912716],[-56.9146003,-25.5914159],[-56.9145984,-25.5915399],[-56.9146662,-25.591601],[-56.9148112,-25.5916078],[-56.9149656,-25.5915909],[-56.9151031,-25.5915535],[-56.9152556,-25.5914923],[-56.9153799,-25.591404],[-56.9155193,-25.5912868],[-56.9155739,-25.5912189],[-56.9156285,-25.5911663],[-56.9156699,-25.5910949],[-56.9156793,-25.5910355],[-56.9156492,-25.5909624],[-56.9155984,-25.5908962],[-56.9155136,-25.5908571],[-56.9154232,-25.5908419],[-56.9153215,-25.5908419],[-56.915233,-25.5908741],[-56.9150861,-25.5909302],[-56.9149619,-25.5909743],[-56.9148376,-25.5910304],[-56.9147679,-25.5910932],[-56.9147039,-25.5911476],[-56.9146474,-25.5911951],[-56.9145965,-25.5912716]]},"properties":{"natural":"wetland","osm_id":1103963398,"osm_type":"way"}},{"type":"Feature","geometry":{"type":"LineString","coordinates":[[-56.916533,-25.5921169],[-56.9166398,-25.5920541],[-56.916697,-25.5919914],[-56.9167144,-25.591904],[-56.9167293,-25.5917247],[-56.916769,-25.5916754],[-56.9168461,-25.5916485],[-56.9169206,-25.5916463],[-56.9170175,-25.5916709],[-56.9171194,-25.5917292],[-56.9172213,-25.5918233],[-56.9172809,-25.5918748],[-56.9173803,-25.5918928],[-56.9174797,-25.5918614],[-56.9175542,-25.5918323],[-56.9176362,-25.59183],[-56.9176959,-25.59183],[-56.917758,-25.5918614],[-56.9178176,-25.591886],[-56.9178797,-25.5918973],[-56.9180164,-25.5918883],[-56.9181232,-25.591895],[-56.9182152,-25.5919241],[-56.9183046,-25.591951],[-56.9183916,-25.5919466],[-56.9184686,-25.5919241],[-56.9184985,-25.5918704],[-56.9185283,-25.5917942],[-56.9186078,-25.591765],[-56.9186948,-25.5917449],[-56.9187594,-25.5917583],[-56.9188314,-25.5917874],[-56.918901,-25.5918323],[-56.9189581,-25.5918973],[-56.9190153,-25.5919488],[-56.9190749,-25.5919847],[-56.9191197,-25.5920003],[-56.9191942,-25.5920519],[-56.9192588,-25.5920653],[-56.9193284,-25.592034],[-56.9193756,-25.5919914],[-56.9194129,-25.5919533],[-56.9195023,-25.5918457],[-56.919552,-25.5917381],[-56.9196241,-25.5916933],[-56.9196738,-25.5916709],[-56.9197309,-25.5916597],[-56.9197781,-25.5916911],[-56.9197756,-25.5917673],[-56.9197881,-25.5918704],[-56.919798,-25.5919286],[-56.9198005,-25.5920048],[-56.9198154,-25.5920541],[-56.9198154,-25.5921281],[-56.9197732,-25.5921595],[-56.9197433,-25.592211],[-56.9197259,-25.5923006],[-56.9196862,-25.592341],[-56.9196166,-25.5923791],[-56.9195446,-25.5923589],[-56.9194998,-25.5923186],[-56.919475,-25.5922782],[-56.9194526,-25.5922446],[-56.9193632,-25.5922043],[-56.9192886,-25.5921886],[-56.9191892,-25.5922244],[-56.9191271,-25.5922603],[-56.9190625,-25.5922984],[-56.9190675,-25.5923432],[-56.9191172,-25.592397],[-56.9191445,-25.5924553],[-56.9191395,-25.5925023],[-56.9191296,-25.5925382],[-56.9190252,-25.5925628],[-56.9189358,-25.5926032],[-56.9188041,-25.5926054],[-56.9186948,-25.592574],[-56.9185829,-25.5925606],[-56.918496,-25.5925315],[-56.9184015,-25.5925046],[-56.918322,-25.5925292],[-56.9182028,-25.5925472],[-56.9181083,-25.5925315],[-56.9180313,-25.5924754],[-56.9179692,-25.5924463],[-56.9178748,-25.5924463],[-56.9178102,-25.5924485],[-56.9176909,-25.5923948],[-56.9174648,-25.5923006],[-56.9173132,-25.5922424],[-56.9171939,-25.5922065],[-56.9171169,-25.592211],[-56.9170051,-25.5922132],[-56.9169057,-25.592202],[-56.9168162,-25.5921751],[-56.9167342,-25.5921751],[-56.9166647,-25.5921729],[-56.9165926,-25.5921729],[-56.9165653,-25.5921572],[-56.916533,-25.5921169]]},"properties":{"natural":"wetland","osm_id":1103963399,"osm_type":"way"}},{"type":"Feature","geometry":{"type":"LineString","coordinates":[[-56.9180164,-25.5918883],[-56.9181158,-25.5918457],[-56.9181953,-25.5918278],[-56.91824,-25.5917673],[-56.9182351,-25.5916709],[-56.9182003,-25.5915992],[-56.9181705,-25.5915275],[-56.9181555,-25.591458],[-56.9181829,-25.5913953],[-56.9182624,-25.5913594],[-56.9183593,-25.5913415],[-56.9184736,-25.5913079],[-56.9185581,-25.5913191],[-56.9186426,-25.5913348],[-56.9187146,-25.5913639],[-56.9187718,-25.5914177],[-56.9188165,-25.5915028],[-56.9188414,-25.5915678],[-56.9188737,-25.5916597],[-56.9188811,-25.5917247],[-56.9188935,-25.5917583],[-56.918901,-25.5918323],[-56.9188314,-25.5917874],[-56.9187594,-25.5917583],[-56.9186948,-25.5917449],[-56.9186078,-25.591765],[-56.9185283,-25.5917942],[-56.9184985,-25.5918704],[-56.9184686,-25.5919241],[-56.9183916,-25.5919466],[-56.9183046,-25.591951],[-56.9182152,-25.5919241],[-56.9181232,-25.591895],[-56.9180164,-25.5918883]]},"properties":{"natural":"wetland","wetland":"fen","osm_id":1103963400,"osm_type":"way"}},{"type":"Feature","geometry":{"type":"LineString","coordinates":[[-56.9199897,-25.5680439],[-56.9198234,-25.5679616],[-56.919649,-25.5678624],[-56.9195337,-25.5677463],[-56.9194586,-25.5676398],[-56.9193915,-25.5675721],[-56.9193245,-25.5674995],[-56.9192681,-25.567439],[-56.9192386,-25.5673882],[-56.9191904,-25.5673156],[-56.919134,-25.5672576],[-56.9190589,-25.5671995],[-56.9190965,-25.5671148],[-56.9191689,-25.5671729],[-56.9192386,-25.5672188],[-56.9192413,-25.5671704],[-56.9193406,-25.5671898],[-56.919421,-25.5672213],[-56.919523,-25.567289],[-56.9196222,-25.5673543],[-56.9197027,-25.5674608],[-56.9197751,-25.5675431],[-56.9198341,-25.567635],[-56.9198743,-25.5677366],[-56.9199119,-25.567831],[-56.9199789,-25.5678963],[-56.919987,-25.5679737],[-56.9199897,-25.5680439]]},"properties":{"natural":"wetland","osm_id":1103973272,"osm_type":"way"}},{"type":"Feature","geometry":{"type":"LineString","coordinates":[[-57.0664162,-25.685843],[-57.0663625,-25.685814],[-57.0663424,-25.6857814],[-57.0663035,-25.6857657],[-57.0662298,-25.6857488],[-57.0661842,-25.6857149],[-57.0661627,-25.6856738],[-57.0661775,-25.685646],[-57.0662257,-25.6856315],[-57.0663008,-25.6856521],[-57.0663639,-25.6856642],[-57.0664175,-25.6856642],[-57.0664752,-25.6856944],[-57.0665114,-25.6857125],[-57.0665409,-25.6857234],[-57.0665583,-25.6857705],[-57.0665637,-25.685808],[-57.0665221,-25.6858273],[-57.0664819,-25.6858321],[-57.0664162,-25.685843]]},"properties":{"natural":"wetland","osm_id":1104200847,"osm_type":"way"}},{"type":"Feature","geometry":{"type":"LineString","coordinates":[[-57.0790836,-25.6930002],[-57.0790301,-25.6927358],[-57.0789273,-25.6925829],[-57.0788128,-25.6924086],[-57.0788118,-25.6921236],[-57.078858,-25.6917468],[-57.0785871,-25.6917732],[-57.0781774,-25.6918446],[-57.0779095,-25.691955],[-57.0781234,-25.6921777],[-57.0783176,-25.6925138],[-57.0783661,-25.6926337],[-57.0785519,-25.6930933],[-57.0785955,-25.6933563],[-57.0785394,-25.6936181],[-57.0783559,-25.6940887],[-57.0784265,-25.6942448],[-57.0782757,-25.6944288],[-57.0784198,-25.694532],[-57.078516,-25.6944174],[-57.0785803,-25.6943408],[-57.0789277,-25.6940969],[-57.0790965,-25.6937589],[-57.0791846,-25.6935855],[-57.0792161,-25.6934575],[-57.0791611,-25.6933262],[-57.0790838,-25.6931575],[-57.0790837,-25.6931153],[-57.0790836,-25.6930002]]},"properties":{"natural":"wetland","wetland":"marsh","osm_id":1104200874,"osm_type":"way"}},{"type":"Feature","geometry":{"type":"LineString","coordinates":[[-57.0991822,-25.7244634],[-57.0990911,-25.7244087],[-57.0989603,-25.7243961],[-57.0988202,-25.7244424],[-57.0987105,-25.7245265],[-57.0986755,-25.7246569],[-57.0986124,-25.7247158],[-57.098491,-25.7247958],[-57.0984466,-25.7249451],[-57.0984443,-25.725105],[-57.0984536,-25.7252102],[-57.0985751,-25.7252796],[-57.0987455,-25.725309],[-57.0989066,-25.7253069],[-57.0989977,-25.7252396],[-57.0990397,-25.7251071],[-57.0991028,-25.7249472],[-57.0991308,-25.7247937],[-57.0991728,-25.7246759],[-57.0991962,-25.7245833],[-57.0992125,-25.7245391],[-57.0991822,-25.7244634]]},"properties":{"natural":"wetland","osm_id":1104201664,"osm_type":"way"}},{"type":"Feature","geometry":{"type":"LineString","coordinates":[[-57.0887945,-25.6317616],[-57.0887293,-25.6316987],[-57.0886091,-25.6316376],[-57.0884705,-25.6316154],[-57.0883565,-25.6316515],[-57.0882733,-25.6317459],[-57.0882425,-25.631882],[-57.0882887,-25.631982],[-57.0884058,-25.6320487],[-57.0884674,-25.632057],[-57.0885383,-25.6321043],[-57.0886122,-25.6321543],[-57.0886923,-25.6321376],[-57.0888094,-25.632082],[-57.0888864,-25.6320348],[-57.088948,-25.6319793],[-57.0889635,-25.6319209],[-57.0889296,-25.6318487],[-57.088871,-25.6317904],[-57.0887945,-25.6317616]]},"properties":{"natural":"wetland","osm_id":1104852930,"osm_type":"way"}},{"type":"Feature","geometry":{"type":"LineString","coordinates":[[-57.0557528,-25.7500894],[-57.055722,-25.7500908],[-57.0557004,-25.7501074],[-57.0556973,-25.7501324],[-57.0557035,-25.7501518],[-57.0557281,-25.7501615],[-57.055762,-25.7501643],[-57.0557759,-25.7501491],[-57.0557851,-25.7501241],[-57.0557805,-25.7501019],[-57.0557528,-25.7500894]]},"properties":{"natural":"wetland","osm_id":1104852967,"osm_type":"way"}},{"type":"Feature","geometry":{"type":"LineString","coordinates":[[-57.0550641,-25.7504377],[-57.0550195,-25.7504113],[-57.054981,-25.7504002],[-57.0549532,-25.7504141],[-57.0549471,-25.7504418],[-57.0549332,-25.7504668],[-57.0549101,-25.7504835],[-57.0549055,-25.7505112],[-57.054927,-25.7505306],[-57.0549702,-25.7505473],[-57.0550041,-25.7505528],[-57.0550287,-25.7505459],[-57.0550688,-25.7505292],[-57.0550826,-25.7505057],[-57.0550919,-25.7504765],[-57.0550903,-25.7504529],[-57.0550641,-25.7504377]]},"properties":{"natural":"wetland","osm_id":1104852968,"osm_type":"way"}},{"type":"Feature","geometry":{"type":"LineString","coordinates":[[-57.0509513,-25.7565528],[-57.0510484,-25.7565732],[-57.0511663,-25.7565769],[-57.0512395,-25.7565769],[-57.0513167,-25.756597],[-57.0513919,-25.7566592],[-57.051461,-25.7567105],[-57.0515525,-25.7567105],[-57.0516013,-25.756716],[-57.0516765,-25.7567581],[-57.051766,-25.7568167],[-57.051831,-25.7568313],[-57.0519082,-25.7568313],[-57.0519875,-25.756846],[-57.0521014,-25.7568954],[-57.0521583,-25.7569137],[-57.052266,-25.7569393],[-57.0523209,-25.7569448],[-57.052268,-25.7569906],[-57.0522457,-25.7570474],[-57.0522254,-25.7571133],[-57.05214,-25.7570675],[-57.0520282,-25.7570547],[-57.0518818,-25.7570492],[-57.0517721,-25.7569961],[-57.0517192,-25.7569613],[-57.0516115,-25.7569339],[-57.0515098,-25.7569174],[-57.0514245,-25.7569046],[-57.0513472,-25.7568936],[-57.0512537,-25.7568936],[-57.0511958,-25.7569073],[-57.0511175,-25.7568991],[-57.0510565,-25.7568698],[-57.0509915,-25.7568368],[-57.0509274,-25.7568228],[-57.0508922,-25.7568052],[-57.0509532,-25.7567924],[-57.0510101,-25.7567283],[-57.0510223,-25.7566551],[-57.0509513,-25.7565528]]},"properties":{"natural":"wetland","osm_id":1104852971,"osm_type":"way"}},{"type":"Feature","geometry":{"type":"LineString","coordinates":[[-57.0497661,-25.7577956],[-57.0497997,-25.7578368],[-57.0498028,-25.7578951],[-57.0498244,-25.7579589],[-57.0498521,-25.7580061],[-57.0499014,-25.7579964],[-57.0499414,-25.7579714],[-57.0499923,-25.75797],[-57.0500308,-25.7579964],[-57.0500724,-25.7580477],[-57.0500955,-25.7581171],[-57.050097,-25.7581753],[-57.0500955,-25.7582281],[-57.050114,-25.7582641],[-57.0501433,-25.7582919],[-57.050151,-25.7583349],[-57.0501802,-25.758389],[-57.0501987,-25.7584459],[-57.0502434,-25.7585028],[-57.0502819,-25.7585624],[-57.0502973,-25.7586165],[-57.0503404,-25.7586471],[-57.0503928,-25.7586526],[-57.0504498,-25.7586901],[-57.0505053,-25.7586845],[-57.0505453,-25.7586818],[-57.0505977,-25.7587067],[-57.0506408,-25.7587234],[-57.0506934,-25.7587262],[-57.0507747,-25.7587482],[-57.0508459,-25.7587885],[-57.0508845,-25.7588727],[-57.0508947,-25.7589276],[-57.0509069,-25.7589825],[-57.0509191,-25.759021],[-57.050915,-25.7590924],[-57.0508764,-25.7591564],[-57.0507971,-25.7591528],[-57.0507463,-25.759107],[-57.0507056,-25.7590484],[-57.0506873,-25.7589953],[-57.0506833,-25.7589331],[-57.0506385,-25.758869],[-57.0505511,-25.7588233],[-57.0504759,-25.7587885],[-57.0504251,-25.7587427],[-57.050356,-25.7587152],[-57.0502787,-25.7586896],[-57.0502381,-25.7586585],[-57.0502239,-25.7586127],[-57.0502035,-25.7585669],[-57.0501751,-25.7585413],[-57.0501425,-25.7584955],[-57.050106,-25.7584187],[-57.0500836,-25.7583418],[-57.0500612,-25.7582887],[-57.0500348,-25.7582612],[-57.0500084,-25.7582008],[-57.0500043,-25.7581624],[-57.0499718,-25.7581184],[-57.0499189,-25.7581001],[-57.0498742,-25.7580983],[-57.0498214,-25.7580873],[-57.0497929,-25.7580543],[-57.0497767,-25.7580159],[-57.0497462,-25.7579738],[-57.0497157,-25.7579591],[-57.049673,-25.7579555],[-57.0496177,-25.7579622],[-57.0496624,-25.7579238],[-57.0497071,-25.7578945],[-57.0497518,-25.7578652],[-57.0497661,-25.7577956]]},"properties":{"natural":"wetland","osm_id":1104852972,"osm_type":"way"}},{"type":"Feature","geometry":{"type":"LineString","coordinates":[[-57.0560209,-25.7603807],[-57.0558107,-25.7603513],[-57.0556099,-25.7602755],[-57.0553764,-25.760183],[-57.0551149,-25.760162],[-57.0549468,-25.7602629],[-57.05483,-25.7603849],[-57.054844,-25.7605321],[-57.0549141,-25.7606541],[-57.0549655,-25.7607803],[-57.0550682,-25.7609527],[-57.0551896,-25.7610578],[-57.0553297,-25.7611378],[-57.0555399,-25.7611672],[-57.0556987,-25.7611293],[-57.0558528,-25.761062],[-57.0560629,-25.7609695],[-57.056231,-25.7609569],[-57.0564038,-25.7609443],[-57.0564599,-25.7609443],[-57.0564318,-25.7610326],[-57.0564318,-25.7611251],[-57.0565112,-25.7611798],[-57.0566327,-25.7611714],[-57.0566887,-25.7610873],[-57.056712,-25.7610158],[-57.0568148,-25.7609779],[-57.0569175,-25.7609695],[-57.0570389,-25.7609863],[-57.0571277,-25.7610284],[-57.0572491,-25.7610494],[-57.0574312,-25.7610452],[-57.0575713,-25.7609948],[-57.057646,-25.7608812],[-57.057618,-25.760734],[-57.0575059,-25.760633],[-57.0573985,-25.7605321],[-57.0571837,-25.7604228],[-57.0569689,-25.7603428],[-57.0567541,-25.760284],[-57.0565159,-25.760326],[-57.0563758,-25.7603597],[-57.056217,-25.7604017],[-57.0560209,-25.7603807]]},"properties":{"natural":"wetland","wetland":"marsh","osm_id":1104852975,"osm_type":"way"}},{"type":"Feature","geometry":{"type":"LineString","coordinates":[[-57.0231559,-25.7844296],[-57.0229924,-25.7844023],[-57.0228523,-25.784417],[-57.0227169,-25.7844527],[-57.0225464,-25.7844864],[-57.0224227,-25.7845284],[-57.0223596,-25.7846125],[-57.0223059,-25.7847239],[-57.0222756,-25.7848312],[-57.0222779,-25.7849426],[-57.0222826,-25.7850162],[-57.0222733,-25.7850835],[-57.0222709,-25.7851318],[-57.0222172,-25.7851339],[-57.0222172,-25.7851718],[-57.0222476,-25.7852222],[-57.022327,-25.7852475],[-57.0224297,-25.7852222],[-57.0225021,-25.7852159],[-57.0225838,-25.7852285],[-57.0226679,-25.7852475],[-57.0227659,-25.7852643],[-57.0228663,-25.7852769],[-57.0229808,-25.7852853],[-57.0230578,-25.785319],[-57.0231279,-25.7853211],[-57.0231956,-25.7853211],[-57.0231932,-25.7852475],[-57.0231606,-25.7850961],[-57.0231535,-25.7849279],[-57.0231559,-25.7847681],[-57.0231816,-25.7846272],[-57.0231932,-25.7845116],[-57.0232213,-25.7844359],[-57.0231559,-25.7844296]]},"properties":{"natural":"wetland","wetland":"marsh","osm_id":1104852988,"osm_type":"way"}},{"type":"Feature","geometry":{"type":"LineString","coordinates":[[-57.0236649,-25.7846504],[-57.0235645,-25.7846062],[-57.0235342,-25.7845536],[-57.0235318,-25.7844653],[-57.0235061,-25.7843981],[-57.0234408,-25.7843707],[-57.0234034,-25.7843686],[-57.0233684,-25.7845137],[-57.023352,-25.7846693],[-57.023331,-25.784848],[-57.0233333,-25.7849804],[-57.0233474,-25.7851129],[-57.023366,-25.7852601],[-57.0233987,-25.7853862],[-57.0234244,-25.7855439],[-57.0235178,-25.7855607],[-57.0235015,-25.7854136],[-57.0234968,-25.7853042],[-57.0235201,-25.7852327],[-57.0235762,-25.7851739],[-57.0236369,-25.7851655],[-57.0237373,-25.7851886],[-57.0238354,-25.7852327],[-57.0239171,-25.7852538],[-57.0239941,-25.7852664],[-57.0240782,-25.7852643],[-57.02423,-25.7852517],[-57.0243561,-25.7852285],[-57.0244728,-25.7852264],[-57.0245616,-25.7852327],[-57.024683,-25.785258],[-57.0247484,-25.7852748],[-57.0248464,-25.7852727],[-57.0249375,-25.7852622],[-57.0250356,-25.7852496],[-57.02515,-25.7852496],[-57.0253017,-25.7852517],[-57.0253741,-25.7852727],[-57.0254535,-25.7852895],[-57.0255796,-25.7852979],[-57.0256964,-25.7852727],[-57.0257898,-25.7852243],[-57.0258902,-25.7851886],[-57.0259766,-25.7851465],[-57.026084,-25.7851087],[-57.0262474,-25.7850814],[-57.0263782,-25.7850582],[-57.0265113,-25.7850162],[-57.026621,-25.7849678],[-57.0267378,-25.7849363],[-57.0268312,-25.7849048],[-57.0269456,-25.7848585],[-57.0270343,-25.7848354],[-57.0271487,-25.7848312],[-57.0272935,-25.7848354],[-57.0274243,-25.7848501],[-57.027478,-25.7848753],[-57.0275363,-25.7849195],[-57.0275854,-25.7849552],[-57.0276508,-25.7849889],[-57.0276998,-25.785033],[-57.0277652,-25.7850961],[-57.0278516,-25.7851592],[-57.0279123,-25.7852306],[-57.027987,-25.7852832],[-57.0280804,-25.7853147],[-57.0282018,-25.785319],[-57.0282882,-25.7853063],[-57.0283676,-25.7852601],[-57.0284306,-25.7852033],[-57.0285404,-25.7851276],[-57.0286245,-25.7850835],[-57.0287202,-25.785033],[-57.0287739,-25.7849868],[-57.0288346,-25.7849552],[-57.0288953,-25.784869],[-57.0289187,-25.7847765],[-57.0289093,-25.7847155],[-57.028907,-25.7846609],[-57.0288673,-25.7845915],[-57.0288159,-25.7845515],[-57.0287529,-25.7844948],[-57.0286501,-25.7844002],[-57.0285591,-25.7843034],[-57.0284727,-25.7842299],[-57.0283839,-25.7841563],[-57.0283256,-25.7841016],[-57.0282532,-25.7840406],[-57.0280709,-25.7838743],[-57.0278636,-25.7837608],[-57.0275749,-25.7836876],[-57.0271968,-25.783651],[-57.0267943,-25.7836766],[-57.0264854,-25.7837205],[-57.02603,-25.7838011],[-57.0256804,-25.7838853],[-57.0255218,-25.7839036],[-57.0253552,-25.7839585],[-57.0252129,-25.784028],[-57.0251153,-25.7841195],[-57.0250259,-25.7842257],[-57.0249161,-25.7843136],[-57.02478,-25.7843988],[-57.0246324,-25.784423],[-57.0244366,-25.7845413],[-57.0243508,-25.7845631],[-57.0242462,-25.78458],[-57.0241443,-25.7845872],[-57.0239673,-25.7846572],[-57.0238895,-25.7846693],[-57.0237983,-25.7846814],[-57.02375,-25.7846742],[-57.0236649,-25.7846504]]},"properties":{"natural":"wetland","wetland":"marsh","osm_id":1104852989,"osm_type":"way"}},{"type":"Feature","geometry":{"type":"LineString","coordinates":[[-57.039363,-25.7708192],[-57.0392817,-25.7708998],[-57.0392329,-25.7710096],[-57.0392025,-25.7711286],[-57.0391862,-25.7712018],[-57.0391882,-25.7712512],[-57.0392533,-25.7713007],[-57.0393285,-25.7712915],[-57.0393996,-25.771211],[-57.0394626,-25.7711561],[-57.0395846,-25.7710426],[-57.0395948,-25.7709419],[-57.0396049,-25.7708558],[-57.039609,-25.7707991],[-57.0395826,-25.7707515],[-57.0395196,-25.7707131],[-57.0394606,-25.7707424],[-57.0394383,-25.7707826],[-57.039363,-25.7708192]]},"properties":{"natural":"wetland","wetland":"tidalflat","osm_id":1104852990,"osm_type":"way"}},{"type":"Feature","geometry":{"type":"LineString","coordinates":[[-57.2466441,-25.6979579],[-57.2468078,-25.6984292],[-57.2467541,-25.6985452],[-57.2467487,-25.6986516],[-57.2467943,-25.6987434],[-57.2468802,-25.6988667],[-57.246966,-25.6989634],[-57.2469928,-25.6990407],[-57.2472691,-25.7000824],[-57.2470813,-25.7001887],[-57.2468829,-25.7002153],[-57.2467085,-25.7002105],[-57.2465422,-25.7001549],[-57.2464752,-25.7000727],[-57.2464832,-25.6998745],[-57.2464376,-25.6997054],[-57.2464054,-25.6995072],[-57.2463571,-25.6993912],[-57.2460809,-25.6994371],[-57.2459789,-25.6994129],[-57.2459038,-25.6993428],[-57.2458422,-25.6993912],[-57.2457617,-25.6994081],[-57.2457054,-25.6994008],[-57.245649,-25.6993912],[-57.2455471,-25.6992437],[-57.2454747,-25.6986733],[-57.2453996,-25.6986878],[-57.2454644,-25.6992563],[-57.2454985,-25.6995723],[-57.2455069,-25.6998141],[-57.2454613,-25.6999712],[-57.2454023,-25.7000824],[-57.2453915,-25.700196],[-57.2453996,-25.7003072],[-57.245413,-25.7004014],[-57.2454452,-25.7004715],[-57.2455096,-25.7005392],[-57.2455739,-25.7006068],[-57.2455954,-25.7007011],[-57.2455927,-25.7008002],[-57.2455686,-25.700892],[-57.2455578,-25.7009815],[-57.2455766,-25.7010322],[-57.2456195,-25.7010709],[-57.2456732,-25.7011265],[-57.2456946,-25.7012135],[-57.2456812,-25.7013102],[-57.2456437,-25.7013609],[-57.2455766,-25.7013875],[-57.2454881,-25.7014044],[-57.245413,-25.7013972],[-57.2453513,-25.7013802],[-57.2453433,-25.7014165],[-57.2453889,-25.7014648],[-57.2454371,-25.7015422],[-57.245464,-25.7016533],[-57.2454586,-25.7017524],[-57.2454264,-25.7017984],[-57.2453996,-25.7018249],[-57.2453486,-25.701837],[-57.2452655,-25.7018346],[-57.2452011,-25.7018419],[-57.245126,-25.7019192],[-57.2451206,-25.7019724],[-57.2450777,-25.7020135],[-57.2449812,-25.7020594],[-57.244898,-25.702057],[-57.2448444,-25.7020304],[-57.2447961,-25.7020014],[-57.2447425,-25.7019579],[-57.2447049,-25.7018999],[-57.2446915,-25.7018346],[-57.2446781,-25.7017186],[-57.2446781,-25.7016219],[-57.2446352,-25.7015978],[-57.244552,-25.7015953],[-57.2444555,-25.7015712],[-57.2443884,-25.7015398],[-57.2443616,-25.7015059],[-57.2443321,-25.7014431],[-57.2443133,-25.7013754],[-57.2442999,-25.701315],[-57.2443267,-25.7011941],[-57.2443294,-25.7011434],[-57.2443187,-25.7010975],[-57.2442784,-25.7010588],[-57.2442301,-25.7010032],[-57.2441926,-25.7009621],[-57.2441524,-25.7009235],[-57.2441202,-25.7008775],[-57.2441094,-25.7008147],[-57.2441229,-25.7007664],[-57.2441765,-25.7007132],[-57.2442301,-25.7006697],[-57.2442704,-25.7006383],[-57.2443133,-25.7006093],[-57.2443428,-25.7005875],[-57.2443508,-25.7005488],[-57.2443428,-25.7005126],[-57.2443348,-25.7004667],[-57.2443348,-25.7004183],[-57.2443267,-25.7003168],[-57.2443267,-25.7002129],[-57.244316,-25.700109],[-57.2443133,-25.7000316],[-57.2443133,-25.699964],[-57.2443106,-25.6998939],[-57.2443106,-25.6998407],[-57.2442892,-25.6997803],[-57.244257,-25.6997561],[-57.2442087,-25.6997706],[-57.2441229,-25.6998238],[-57.2440209,-25.6998794],[-57.2439485,-25.6999011],[-57.2438895,-25.6998721],[-57.2438681,-25.6998141],[-57.2438681,-25.6997489],[-57.2438734,-25.6996715],[-57.2438359,-25.6996328],[-57.2437688,-25.6995458],[-57.2437393,-25.699483],[-57.2437474,-25.6994274],[-57.2437393,-25.6993573],[-57.2437044,-25.6993114],[-57.2436588,-25.6992582],[-57.2436132,-25.6991761],[-57.2436025,-25.6991108],[-57.2436025,-25.699019],[-57.243632,-25.6989223],[-57.2436722,-25.6988401],[-57.2436937,-25.69877],[-57.2437286,-25.6986685],[-57.2437956,-25.6986153],[-57.2438466,-25.698567],[-57.243911,-25.6985283],[-57.2440156,-25.6984993],[-57.2441068,-25.69848],[-57.2442409,-25.6984462],[-57.2442865,-25.6983688],[-57.244324,-25.6983108],[-57.2443696,-25.6982552],[-57.2444099,-25.6982238],[-57.2444689,-25.6981972],[-57.2445064,-25.6981779],[-57.2445815,-25.6981706],[-57.2446486,-25.6981706],[-57.2447398,-25.6981634],[-57.2448095,-25.6981634],[-57.2448953,-25.6981368],[-57.2449597,-25.6980884],[-57.245008,-25.6980522],[-57.2450509,-25.6980159],[-57.2450885,-25.6979845],[-57.2451153,-25.6979434],[-57.2451394,-25.6978903],[-57.2451931,-25.6978564],[-57.2452616,-25.6978478],[-57.2453287,-25.6978295],[-57.2454039,-25.6978624],[-57.245469,-25.6978789],[-57.2455096,-25.6979027],[-57.2455747,-25.6979027],[-57.2456255,-25.6978899],[-57.2456702,-25.6979046],[-57.2457068,-25.6979449],[-57.2457109,-25.6979833],[-57.2456946,-25.6980529],[-57.2457088,-25.6981134],[-57.2457617,-25.6981793],[-57.2458572,-25.6982031],[-57.2459589,-25.6982214],[-57.2460219,-25.6982306],[-57.2461256,-25.6982398],[-57.2462353,-25.6982471],[-57.2462943,-25.6982507],[-57.2463756,-25.6982544],[-57.2464264,-25.6982233],[-57.246465,-25.6981756],[-57.2464914,-25.6981299],[-57.2465382,-25.6980419],[-57.2465687,-25.6979943],[-57.2465951,-25.6979504],[-57.2466441,-25.6979579]]},"properties":{"natural":"wetland","wetland":"bog","osm_id":1105022451,"osm_type":"way"}},{"type":"Feature","geometry":{"type":"LineString","coordinates":[[-57.2461756,-25.6978938],[-57.2460385,-25.6979024],[-57.2459148,-25.6978561],[-57.2458517,-25.6977783],[-57.2457513,-25.6977572],[-57.2456673,-25.6977614],[-57.2456416,-25.6977762],[-57.2456766,-25.6978351],[-57.245735,-25.6978856],[-57.2457466,-25.697934],[-57.2457109,-25.6979833],[-57.2457068,-25.6979449],[-57.2456702,-25.6979046],[-57.2456255,-25.6978899],[-57.2455747,-25.6979027],[-57.2455096,-25.6979027],[-57.245469,-25.6978789],[-57.2454039,-25.6978624],[-57.2453287,-25.6978295],[-57.2452616,-25.6978478],[-57.2451931,-25.6978564],[-57.2451394,-25.6978903],[-57.2451153,-25.6979434],[-57.2450885,-25.6979845],[-57.2450509,-25.6980159],[-57.245008,-25.6980522],[-57.2449597,-25.6980884],[-57.2448953,-25.6981368],[-57.2448095,-25.6981634],[-57.2447398,-25.6981634],[-57.2446486,-25.6981706],[-57.2445815,-25.6981706],[-57.2445064,-25.6981779],[-57.2444689,-25.6981972],[-57.2444099,-25.6982238],[-57.2443696,-25.6982552],[-57.244324,-25.6983108],[-57.2442865,-25.6983688],[-57.2442409,-25.6984462],[-57.2441068,-25.69848],[-57.2440156,-25.6984993],[-57.243911,-25.6985283],[-57.2438466,-25.698567],[-57.2437956,-25.6986153],[-57.2437286,-25.6986685],[-57.2436937,-25.69877],[-57.2436722,-25.6988401],[-57.243632,-25.6989223],[-57.2436025,-25.699019],[-57.2436025,-25.6991108],[-57.2436132,-25.6991761],[-57.2436588,-25.6992582],[-57.2437044,-25.6993114],[-57.2437393,-25.6993573],[-57.2437474,-25.6994274],[-57.2437393,-25.699483],[-57.2437688,-25.6995458],[-57.2438359,-25.6996328],[-57.2438734,-25.6996715],[-57.2438681,-25.6997489],[-57.2437981,-25.6996824],[-57.2436919,-25.6996553],[-57.243561,-25.6997127],[-57.2434601,-25.6997797],[-57.2433999,-25.6998467],[-57.2433628,-25.6999328],[-57.2432867,-25.700003],[-57.2432309,-25.7000659],[-57.2431416,-25.7001964],[-57.2431293,-25.7002824],[-57.2431878,-25.7004296],[-57.2432648,-25.7005378],[-57.2432556,-25.7006378],[-57.2431385,-25.7007044],[-57.2430153,-25.7006739],[-57.2428181,-25.7005795],[-57.2427102,-25.7004962],[-57.2426117,-25.7004185],[-57.2425254,-25.7002991],[-57.2424484,-25.7001908],[-57.2423713,-25.7000825],[-57.242319,-25.6999992],[-57.2422881,-25.6998577],[-57.2422697,-25.6997383],[-57.2422635,-25.6996189],[-57.2422666,-25.6995051],[-57.2423066,-25.6993413],[-57.2424083,-25.6992025],[-57.2425069,-25.6990775],[-57.2425747,-25.698972],[-57.2426363,-25.6988832],[-57.2427226,-25.6988082],[-57.2428797,-25.6987194],[-57.2430214,-25.6985889],[-57.2431015,-25.6985028],[-57.2431816,-25.6983779],[-57.2432123,-25.6982806],[-57.2432053,-25.6981116],[-57.2431982,-25.6979808],[-57.2431769,-25.6978564],[-57.2431893,-25.697678],[-57.2432265,-25.6977514],[-57.2432683,-25.6978579],[-57.2432937,-25.697948],[-57.2432942,-25.6980224],[-57.2432903,-25.698089],[-57.2433047,-25.6981625],[-57.2433302,-25.6982249],[-57.2433551,-25.6982928],[-57.2434004,-25.698385],[-57.2434619,-25.6983271],[-57.2434997,-25.6982736],[-57.2435386,-25.6982177],[-57.2436015,-25.6981893],[-57.2436745,-25.6981398],[-57.243731,-25.6980957],[-57.2437993,-25.6980331],[-57.2438464,-25.697985],[-57.2439042,-25.6979179],[-57.2439871,-25.6978571],[-57.2440229,-25.6977942],[-57.2440254,-25.6977378],[-57.2440435,-25.6976881],[-57.2441082,-25.6976511],[-57.2441799,-25.697602],[-57.2442419,-25.6976027],[-57.2443335,-25.697582],[-57.244411,-25.6975663],[-57.2445007,-25.6975596],[-57.2445946,-25.6975827],[-57.2446775,-25.6975653],[-57.2447681,-25.6975258],[-57.2448688,-25.6974902],[-57.2449415,-25.6974528],[-57.2450337,-25.6974963],[-57.2451312,-25.6975446],[-57.2451733,-25.6976011],[-57.245204,-25.6976756],[-57.245265,-25.6977266],[-57.2453269,-25.6977436],[-57.2454361,-25.6977143],[-57.2455002,-25.6976914],[-57.2455438,-25.6977049],[-57.2455743,-25.6976662],[-57.2456188,-25.6976179],[-57.245643,-25.697547],[-57.2457106,-25.6975358],[-57.2458148,-25.6975484],[-57.2458932,-25.6975847],[-57.2459157,-25.6976427],[-57.245912,-25.6977182],[-57.2459616,-25.697785],[-57.2460458,-25.6978444],[-57.2461756,-25.6978938]]},"properties":{"natural":"wetland","wetland":"swamp","osm_id":1105022452,"osm_type":"way"}},{"type":"Feature","geometry":{"type":"LineString","coordinates":[[-57.2402606,-25.7072938],[-57.2400695,-25.7073493],[-57.2399648,-25.7074159],[-57.2398785,-25.7074937],[-57.2397429,-25.7075742],[-57.2396135,-25.707613],[-57.2394718,-25.7076741],[-57.2393886,-25.7076769],[-57.2391267,-25.7077796],[-57.2390435,-25.707824],[-57.2390281,-25.707924],[-57.2390959,-25.7080045],[-57.2392623,-25.7080322],[-57.2394811,-25.7079934],[-57.2396505,-25.7080017],[-57.2397953,-25.7080267],[-57.2399617,-25.7080211],[-57.240088,-25.7079517],[-57.2402082,-25.7078795],[-57.240316,-25.7077824],[-57.2404269,-25.7077491],[-57.2405379,-25.7077102],[-57.2405286,-25.7076325],[-57.2405101,-25.7075575],[-57.2404423,-25.7075186],[-57.2403746,-25.7074992],[-57.2403314,-25.7074548],[-57.2403006,-25.7073937],[-57.2403099,-25.7073493],[-57.2402606,-25.7072938]]},"properties":{"natural":"wetland","wetland":"marsh","osm_id":1105022453,"osm_type":"way"}},{"type":"Feature","geometry":{"type":"LineString","coordinates":[[-57.213575,-25.7626644],[-57.2135073,-25.7626791],[-57.2134489,-25.7626981],[-57.2133858,-25.7627359],[-57.2133321,-25.7627759],[-57.2133181,-25.7628495],[-57.2132878,-25.7629546],[-57.2132201,-25.7630534],[-57.2131547,-25.7630934],[-57.2130012,-25.7631028],[-57.2131794,-25.7631776],[-57.2133454,-25.7632068],[-57.2134834,-25.7631854],[-57.2136099,-25.7631091],[-57.2137836,-25.7630069],[-57.2139102,-25.7629391],[-57.2138015,-25.762902],[-57.2137104,-25.7628684],[-57.2136894,-25.7628179],[-57.2137011,-25.7627611],[-57.2137291,-25.7627107],[-57.2136987,-25.7626581],[-57.213652,-25.762635],[-57.213575,-25.7626644]]},"properties":{"natural":"wetland","wetland":"reedbed","osm_id":1105029861,"osm_type":"way"}},{"type":"Feature","geometry":{"type":"LineString","coordinates":[[-57.2183152,-25.7543992],[-57.218209,-25.7545426],[-57.2181453,-25.7546733],[-57.218032,-25.7547817],[-57.2178621,-25.7548327],[-57.2176463,-25.7548487],[-57.2175472,-25.7548168],[-57.2174728,-25.7547339],[-57.217487,-25.7546223],[-57.2175861,-25.7544789],[-57.21771,-25.7542366],[-57.2178763,-25.7540517],[-57.2180002,-25.753886],[-57.2181311,-25.7537011],[-57.2182302,-25.7535577],[-57.2183399,-25.7533919],[-57.218524,-25.7532357],[-57.2187328,-25.753105],[-57.2188708,-25.7530221],[-57.2189947,-25.7529711],[-57.2190938,-25.7529711],[-57.2192672,-25.7529775],[-57.2193698,-25.7529169],[-57.2194265,-25.7528341],[-57.2194265,-25.7526428],[-57.2194512,-25.7524611],[-57.2195751,-25.7522762],[-57.2197131,-25.7521041],[-57.2198016,-25.7519606],[-57.2199043,-25.7517853],[-57.2199892,-25.7516451],[-57.2200388,-25.7515526],[-57.2201343,-25.7516514],[-57.2201379,-25.7517534],[-57.2200388,-25.7518873],[-57.219929,-25.7520371],[-57.219837,-25.7521838],[-57.2197415,-25.752289],[-57.2196459,-25.7524133],[-57.2196176,-25.7525057],[-57.219607,-25.7526269],[-57.2195964,-25.7527512],[-57.2195822,-25.7528755],[-57.2195264,-25.7529788],[-57.219454,-25.7530573],[-57.2193467,-25.7531407],[-57.2192676,-25.7532506],[-57.2191442,-25.7533774],[-57.2189806,-25.7535284],[-57.2188291,-25.7536963],[-57.2187325,-25.753869],[-57.2186319,-25.7539814],[-57.2185206,-25.754101],[-57.2184294,-25.7542218],[-57.218412,-25.7542568],[-57.2183152,-25.7543992]]},"properties":{"natural":"wetland","wetland":"marsh","osm_id":1105035342,"osm_type":"way"}},{"type":"Feature","geometry":{"type":"LineString","coordinates":[[-57.1782564,-25.8021657],[-57.1783212,-25.8021005],[-57.1783293,-25.8020566],[-57.1783537,-25.8019889],[-57.1784045,-25.8019267],[-57.1784513,-25.801901],[-57.1785102,-25.8018827],[-57.1785956,-25.8018974],[-57.1786403,-25.8019431],[-57.1786403,-25.8020255],[-57.1786322,-25.8021023],[-57.1786485,-25.8021682],[-57.1786769,-25.8022341],[-57.1787074,-25.8022963],[-57.1786891,-25.8023714],[-57.1786586,-25.8024556],[-57.178622,-25.8025672],[-57.1786037,-25.8026477],[-57.1785692,-25.8027154],[-57.1785062,-25.8027923],[-57.1784696,-25.8028472],[-57.178372,-25.8029332],[-57.1783415,-25.8029753],[-57.1783171,-25.803043],[-57.1783049,-25.8030942],[-57.1782968,-25.8031491],[-57.1782663,-25.803204],[-57.1782399,-25.803237],[-57.178185,-25.8032663],[-57.1781443,-25.8032773],[-57.1780712,-25.8032901],[-57.1780143,-25.8032901],[-57.1779777,-25.8032626],[-57.1779434,-25.8032308],[-57.1780023,-25.8032198],[-57.1780735,-25.8031979],[-57.1781284,-25.8031539],[-57.1781507,-25.8031155],[-57.178171,-25.8030661],[-57.1782178,-25.8030203],[-57.1782605,-25.8029654],[-57.178293,-25.8029124],[-57.1783337,-25.802841],[-57.1783723,-25.8027641],[-57.1783967,-25.8027001],[-57.1784129,-25.802625],[-57.1784678,-25.8025372],[-57.1785268,-25.8024677],[-57.1785878,-25.8023853],[-57.1785898,-25.8023103],[-57.1785654,-25.8022297],[-57.1784841,-25.8021767],[-57.178419,-25.8021492],[-57.1783418,-25.8021382],[-57.1783011,-25.8021456],[-57.1782564,-25.8021657]]},"properties":{"natural":"wetland","wetland":"string_bog","osm_id":1105056249,"osm_type":"way"}},{"type":"Feature","geometry":{"type":"LineString","coordinates":[[-57.0977357,-25.8050718],[-57.0976915,-25.805213],[-57.0976204,-25.8052975],[-57.0974809,-25.8053724],[-57.0973696,-25.8053591],[-57.0973991,-25.8052746],[-57.0974031,-25.8051768],[-57.0974608,-25.8051128],[-57.0975533,-25.8050851],[-57.0976539,-25.8050742],[-57.0977357,-25.8050718]]},"properties":{"natural":"wetland","wetland":"reedbed","osm_id":1105056250,"osm_type":"way"}},{"type":"Feature","geometry":{"type":"LineString","coordinates":[[-57.1951151,-25.7752094],[-57.1951705,-25.7753771],[-57.1951827,-25.7755327],[-57.1951095,-25.7757084],[-57.1951095,-25.7758055],[-57.1951014,-25.7760013],[-57.1949591,-25.7760855],[-57.1947965,-25.7760855],[-57.1946054,-25.7761166],[-57.1945098,-25.776102],[-57.1943798,-25.7761203],[-57.1943432,-25.7760837],[-57.1943106,-25.7760343],[-57.1942598,-25.7759647],[-57.1942246,-25.7759171],[-57.1943212,-25.7757915],[-57.194458,-25.7756804],[-57.1946296,-25.7755934],[-57.1948174,-25.7754606],[-57.1949783,-25.7753616],[-57.1951151,-25.7752094]]},"properties":{"natural":"wetland","wetland":"tidalflat","osm_id":1105062106,"osm_type":"way"}},{"type":"Feature","geometry":{"type":"LineString","coordinates":[[-57.1933377,-25.7762534],[-57.1932198,-25.7763156],[-57.19311,-25.7764328],[-57.1931568,-25.77657],[-57.1931039,-25.7766799],[-57.1930084,-25.7768153],[-57.1929901,-25.7769526],[-57.1930348,-25.777099],[-57.1929718,-25.7773169],[-57.1928559,-25.777467],[-57.1927807,-25.7776317],[-57.1927197,-25.7778312],[-57.1926079,-25.7779868],[-57.1925063,-25.7780234],[-57.1924047,-25.777985],[-57.1924616,-25.777899],[-57.192551,-25.7777946],[-57.1925551,-25.7776866],[-57.1926283,-25.7775384],[-57.1927075,-25.7774084],[-57.1927238,-25.7772931],[-57.1927441,-25.7771668],[-57.192797,-25.7771247],[-57.1928071,-25.7770295],[-57.1927787,-25.7769361],[-57.1926977,-25.7768654],[-57.1925504,-25.7768141],[-57.1923646,-25.7768392],[-57.1921897,-25.776898],[-57.1919849,-25.7769537],[-57.1918785,-25.7769946],[-57.1918236,-25.777047],[-57.1918439,-25.7771348],[-57.1918965,-25.7772266],[-57.1918963,-25.7773346],[-57.1918802,-25.7773918],[-57.1919021,-25.777469],[-57.1918777,-25.7775061],[-57.1918124,-25.7775326],[-57.1917506,-25.7774634],[-57.1917484,-25.7773949],[-57.1917439,-25.7773215],[-57.1917066,-25.7772199],[-57.1916532,-25.7771507],[-57.1916066,-25.7770727],[-57.1915843,-25.77699],[-57.1916239,-25.7769535],[-57.1916812,-25.7769649],[-57.1917475,-25.7769624],[-57.191843,-25.776927],[-57.1920089,-25.7768749],[-57.1921923,-25.7768054],[-57.1923983,-25.7767297],[-57.1925498,-25.7767041],[-57.1927033,-25.7767033],[-57.1927954,-25.7766472],[-57.1928417,-25.7765041],[-57.1928519,-25.7763815],[-57.1928315,-25.7762973],[-57.1926283,-25.7761948],[-57.192982,-25.7762534],[-57.1933377,-25.7762534]]},"properties":{"natural":"wetland","wetland":"tidalflat","osm_id":1105062107,"osm_type":"way"}},{"type":"Feature","geometry":{"type":"LineString","coordinates":[[-57.2186349,-25.750539],[-57.2184732,-25.7505322],[-57.2183566,-25.7504679],[-57.218225,-25.7504577],[-57.2181084,-25.7504374],[-57.2179542,-25.7504239],[-57.2178339,-25.7504273],[-57.2176835,-25.7504408],[-57.2175218,-25.7505187],[-57.2174203,-25.7506508],[-57.2173225,-25.7507998],[-57.2172548,-25.7508642],[-57.2172022,-25.7510132],[-57.217127,-25.7511283],[-57.2171763,-25.7512829],[-57.217069,-25.751372],[-57.2169159,-25.7514081],[-57.2168494,-25.7514865],[-57.2168858,-25.7516041],[-57.2169538,-25.7516745],[-57.2168811,-25.7517971],[-57.2168557,-25.7519257],[-57.2168374,-25.7520428],[-57.2167472,-25.7521139],[-57.216672,-25.7521918],[-57.2166645,-25.7522968],[-57.2166381,-25.752412],[-57.2166005,-25.7525068],[-57.2164798,-25.7525915],[-57.2164292,-25.7527135],[-57.2163501,-25.7528607],[-57.2162157,-25.752865],[-57.2161092,-25.7529674],[-57.2160944,-25.7530817],[-57.2160032,-25.753188],[-57.2159477,-25.7533561],[-57.2159271,-25.7535458],[-57.2159429,-25.753729],[-57.2160065,-25.7538649],[-57.2160383,-25.7539417],[-57.2160311,-25.7540753],[-57.2161025,-25.7542385],[-57.2162322,-25.7542936],[-57.2163017,-25.7542092],[-57.2163752,-25.7540876],[-57.2163521,-25.7539859],[-57.2163058,-25.7538238],[-57.2162972,-25.7536842],[-57.2163586,-25.7535581],[-57.2163833,-25.7534417],[-57.2164234,-25.7532947],[-57.2164838,-25.7531538],[-57.216559,-25.7530314],[-57.2166757,-25.7529071],[-57.216706,-25.7527824],[-57.2167735,-25.7526761],[-57.2167961,-25.7525373],[-57.2168261,-25.7523984],[-57.216969,-25.7523239],[-57.2170781,-25.7522325],[-57.2171608,-25.7521207],[-57.2172699,-25.752036],[-57.2173676,-25.752053],[-57.2174541,-25.7521478],[-57.2175256,-25.7521579],[-57.2176609,-25.7520868],[-57.2177324,-25.7520123],[-57.2178602,-25.7518125],[-57.2178912,-25.7517628],[-57.2177254,-25.7517078],[-57.2177253,-25.7516019],[-57.2177298,-25.7514574],[-57.2178322,-25.7513703],[-57.2179296,-25.7513643],[-57.2180375,-25.7513875],[-57.2181543,-25.7514243],[-57.2182569,-25.7514692],[-57.218363,-25.7514282],[-57.2184831,-25.7513527],[-57.2186067,-25.7513163],[-57.2186981,-25.7513138],[-57.2187563,-25.751173],[-57.21877,-25.7509166],[-57.218816,-25.7507318],[-57.218852,-25.7506063],[-57.2186911,-25.7504708],[-57.2186349,-25.750539]]},"properties":{"natural":"wetland","wetland":"bog","osm_id":1105062108,"osm_type":"way"}},{"type":"Feature","geometry":{"type":"LineString","coordinates":[[-57.0298682,-25.7787391],[-57.0298266,-25.7787647],[-57.0298083,-25.7788059],[-57.0298378,-25.7788315],[-57.029852,-25.778858],[-57.029851,-25.778902],[-57.0298449,-25.7789413],[-57.0298408,-25.7789816],[-57.0298611,-25.77901],[-57.0299028,-25.7790209],[-57.0299536,-25.7790109],[-57.0299882,-25.7789761],[-57.0300075,-25.778923],[-57.0300095,-25.7788599],[-57.0300014,-25.7788159],[-57.0299678,-25.7787885],[-57.0299374,-25.7787628],[-57.029918,-25.7787482],[-57.0298682,-25.7787391]]},"properties":{"natural":"wetland","wetland":"marsh","osm_id":1105087144,"osm_type":"way"}},{"type":"Feature","geometry":{"type":"LineString","coordinates":[[-57.0196485,-25.7843074],[-57.0195561,-25.7843102],[-57.0194344,-25.7843213],[-57.0193389,-25.7843268],[-57.0192172,-25.7842921],[-57.0191063,-25.7842464],[-57.0189907,-25.7841923],[-57.0189106,-25.7841645],[-57.0188197,-25.784116],[-57.018695,-25.7840605],[-57.0185887,-25.783987],[-57.0186688,-25.7840952],[-57.0187997,-25.7841687],[-57.0189106,-25.7842353],[-57.0190138,-25.7843088],[-57.0191402,-25.7843879],[-57.0192002,-25.7844433],[-57.0192542,-25.7845058],[-57.0192988,-25.7845654],[-57.0193759,-25.7846112],[-57.0194822,-25.7846361],[-57.0195869,-25.7846375],[-57.0196871,-25.7846361],[-57.0197872,-25.7845918],[-57.0198426,-25.7845529],[-57.019875,-25.7845335],[-57.0198904,-25.7844628],[-57.0199274,-25.78441],[-57.0199505,-25.7843726],[-57.0198319,-25.784331],[-57.0197364,-25.7843213],[-57.0196485,-25.7843074]]},"properties":{"natural":"wetland","osm_id":1105395694,"osm_type":"way"}},{"type":"Feature","geometry":{"type":"LineString","coordinates":[[-57.009381,-25.7872033],[-57.0093032,-25.7872612],[-57.0092576,-25.7872999],[-57.0091798,-25.7872974],[-57.0091181,-25.7873047],[-57.0091155,-25.7873602],[-57.0091503,-25.7874037],[-57.0091477,-25.7874568],[-57.009145,-25.7875148],[-57.0091986,-25.7875583],[-57.0092496,-25.7876042],[-57.0093676,-25.7875559],[-57.00944,-25.7874737],[-57.0095124,-25.7874254],[-57.0096224,-25.7873868],[-57.0097565,-25.7873747],[-57.0098638,-25.7873675],[-57.0099952,-25.7873771],[-57.0100837,-25.7874109],[-57.010191,-25.7874327],[-57.0102903,-25.7874254],[-57.0103573,-25.7873554],[-57.0103976,-25.7873095],[-57.0104673,-25.7872829],[-57.0104941,-25.7872346],[-57.0104646,-25.7872008],[-57.0103761,-25.7871839],[-57.0102822,-25.7871912],[-57.0102339,-25.7871888],[-57.010191,-25.7871501],[-57.0101267,-25.7871018],[-57.0100408,-25.7871042],[-57.0099872,-25.7871332],[-57.0099201,-25.7871332],[-57.0098128,-25.787126],[-57.0097029,-25.7870922],[-57.0096197,-25.7870704],[-57.0095473,-25.7870583],[-57.009491,-25.787068],[-57.0094373,-25.7871187],[-57.0094105,-25.7871429],[-57.009381,-25.7872033]]},"properties":{"natural":"wetland","osm_id":1105395738,"osm_type":"way"}},{"type":"Feature","geometry":{"type":"LineString","coordinates":[[-57.0132224,-25.7880697],[-57.0130525,-25.7880856],[-57.0128402,-25.7880601],[-57.0126384,-25.7880442],[-57.0124615,-25.7880282],[-57.0122598,-25.7879741],[-57.0121607,-25.7879486],[-57.0120828,-25.7878976],[-57.0121536,-25.7880187],[-57.0123235,-25.788143],[-57.0125358,-25.7882258],[-57.0127659,-25.7882832],[-57.0130313,-25.7882959],[-57.0132366,-25.7882991],[-57.01341,-25.7882736],[-57.0134914,-25.7882131],[-57.0135162,-25.7881207],[-57.0134737,-25.7880155],[-57.0134418,-25.7879103],[-57.0134171,-25.7877637],[-57.0134277,-25.7876458],[-57.0134525,-25.7875821],[-57.0135339,-25.7874164],[-57.013594,-25.7873463],[-57.0136507,-25.787273],[-57.0135268,-25.7871965],[-57.0134277,-25.7873367],[-57.0133746,-25.7874291],[-57.0133321,-25.7874961],[-57.0133003,-25.7875948],[-57.0132967,-25.7876905],[-57.013272,-25.7878084],[-57.0132826,-25.7878785],[-57.0132932,-25.7879613],[-57.0133074,-25.7880378],[-57.0132861,-25.7880665],[-57.0132224,-25.7880697]]},"properties":{"natural":"wetland","osm_id":1105395739,"osm_type":"way"}},{"type":"Feature","geometry":{"type":"LineString","coordinates":[[-57.0074564,-25.7865968],[-57.0075257,-25.7866301],[-57.0076028,-25.78668],[-57.0076582,-25.786723],[-57.0077445,-25.7867716],[-57.0078,-25.7868146],[-57.0078631,-25.7868229],[-57.0079602,-25.7868493],[-57.0079941,-25.786895],[-57.0079987,-25.7869283],[-57.0079571,-25.7869436],[-57.0079155,-25.7869353],[-57.0078539,-25.7869339],[-57.0077907,-25.7869269],[-57.0077337,-25.7868978],[-57.0076844,-25.7868687],[-57.0076274,-25.7868395],[-57.0075781,-25.7868035],[-57.0075442,-25.7867633],[-57.0075319,-25.7867216],[-57.0075011,-25.7866953],[-57.007461,-25.786662],[-57.0074302,-25.7866134],[-57.0074564,-25.7865968]]},"properties":{"natural":"wetland","osm_id":1105395740,"osm_type":"way"}},{"type":"Feature","geometry":{"type":"LineString","coordinates":[[-57.0680038,-25.6881717],[-57.0679128,-25.6882439],[-57.0678478,-25.6882986],[-57.0677504,-25.6883005],[-57.0676421,-25.6883239],[-57.0675663,-25.6883825],[-57.0674948,-25.6884469],[-57.067419,-25.6885074],[-57.0673778,-25.6885874],[-57.0673735,-25.6886343],[-57.0673692,-25.6886909],[-57.0673345,-25.6887338],[-57.0672609,-25.6887884],[-57.0672089,-25.6888099],[-57.0671504,-25.6887728],[-57.0671483,-25.6887065],[-57.0671288,-25.6886694],[-57.067092,-25.6887377],[-57.0670941,-25.6888353],[-57.0671461,-25.6889173],[-57.0671678,-25.6889563],[-57.0672609,-25.6890149],[-57.0673367,-25.6890754],[-57.0674536,-25.6890812],[-57.0675576,-25.6890695],[-57.0676551,-25.6890461],[-57.0677417,-25.6889914],[-57.0678175,-25.6889056],[-57.0678695,-25.6887728],[-57.0679063,-25.6886831],[-57.0679713,-25.6885894],[-57.0679886,-25.6884879],[-57.0680103,-25.6884098],[-57.0680254,-25.6883356],[-57.0680319,-25.6882595],[-57.0680038,-25.6881717]]},"properties":{"natural":"wetland","wetland":"fen","osm_id":1105644289,"osm_type":"way"}},{"type":"Feature","geometry":{"type":"LineString","coordinates":[[-57.1965997,-25.4836386],[-57.1965397,-25.4836761],[-57.1964873,-25.4837401],[-57.196458,-25.483818],[-57.1964334,-25.4838917],[-57.1964303,-25.4839529],[-57.1964426,-25.4840196],[-57.1964688,-25.4840864],[-57.1965104,-25.4841337],[-57.1965628,-25.4841712],[-57.1966444,-25.484206],[-57.1967199,-25.484206],[-57.1968031,-25.4841907],[-57.1968755,-25.4841476],[-57.1969279,-25.4840892],[-57.1969556,-25.4840099],[-57.1969664,-25.4839223],[-57.1969541,-25.4838458],[-57.1969171,-25.4837832],[-57.1968709,-25.4837248],[-57.1967908,-25.4836664],[-57.1967045,-25.4836289],[-57.1966537,-25.4836219],[-57.1965997,-25.4836386]]},"properties":{"natural":"wetland","wetland":"bog","osm_id":1106700986,"osm_type":"way"}},{"type":"Feature","geometry":{"type":"LineString","coordinates":[[-57.1940742,-25.4847334],[-57.1941278,-25.4848],[-57.1941654,-25.4848666],[-57.194219,-25.4849283],[-57.1942793,-25.4849876],[-57.1943102,-25.4850312],[-57.1943276,-25.4850663],[-57.194329,-25.4850978],[-57.194282,-25.4851595],[-57.1941533,-25.4852721],[-57.1940594,-25.485306],[-57.1939642,-25.485277],[-57.1938663,-25.4852237],[-57.1937952,-25.4851668],[-57.1937429,-25.4851135],[-57.1937094,-25.4850554],[-57.1936893,-25.4850009],[-57.193696,-25.484938],[-57.1937121,-25.4848799],[-57.1937697,-25.4848121],[-57.1938354,-25.4847516],[-57.1939105,-25.4847177],[-57.193987,-25.4847092],[-57.1940339,-25.4847128],[-57.1940742,-25.4847334]]},"properties":{"natural":"wetland","osm_id":1106700987,"osm_type":"way"}},{"type":"Feature","geometry":{"type":"LineString","coordinates":[[-57.3153812,-25.6683134],[-57.3154371,-25.6682094],[-57.3154601,-25.6680403],[-57.3155078,-25.6679128],[-57.315591,-25.6677852],[-57.3157078,-25.6676352],[-57.3157697,-25.6674662],[-57.3158423,-25.6672604],[-57.3160057,-25.6670349],[-57.3161399,-25.6667674],[-57.3163879,-25.6665146],[-57.3165993,-25.6663387],[-57.3167985,-25.6661445],[-57.3169571,-25.6659246],[-57.3171481,-25.6655985],[-57.317262,-25.6653236],[-57.3173799,-25.6650818],[-57.3175384,-25.6649096],[-57.3177214,-25.6646714],[-57.3179653,-25.6646018],[-57.3182418,-25.6646237],[-57.3185019,-25.664741],[-57.3186727,-25.6649425],[-57.3187703,-25.6651917],[-57.3189329,-25.6654299],[-57.3191524,-25.6655765],[-57.3195264,-25.6654372],[-57.3198192,-25.665254],[-57.3200306,-25.6651404],[-57.3204208,-25.6650635],[-57.3207176,-25.6650671],[-57.3209778,-25.66521],[-57.3210632,-25.6654409],[-57.3211404,-25.6657084],[-57.3211404,-25.6660272],[-57.3211282,-25.666258],[-57.3212258,-25.6664669],[-57.3214616,-25.6665219],[-57.3218316,-25.666401],[-57.3223967,-25.6661958],[-57.3226812,-25.6660015],[-57.3229455,-25.6658],[-57.3232016,-25.6656021],[-57.323596,-25.6654519],[-57.3238968,-25.6653676],[-57.3241611,-25.6653676],[-57.3244091,-25.6654702],[-57.3245432,-25.6655948],[-57.3247831,-25.6657121],[-57.3250473,-25.6657744],[-57.3253319,-25.6656974],[-57.3255759,-25.6655691],[-57.3257954,-25.6654519],[-57.326084,-25.6653859],[-57.3262833,-25.6653749],[-57.3265556,-25.6654336],[-57.3267711,-25.6655105],[-57.3269703,-25.6655655],[-57.3272183,-25.6655582],[-57.3274135,-25.6655362],[-57.3276858,-25.6654812],[-57.3279623,-25.6654556],[-57.3284298,-25.6656205],[-57.3287063,-25.665745],[-57.3289136,-25.6657853],[-57.3291819,-25.6657011],[-57.3293283,-25.6656095],[-57.3295803,-25.6654995],[-57.3298405,-25.6654739],[-57.3300926,-25.6654665],[-57.3302593,-25.6654849],[-57.3304219,-25.6655288],[-57.330613,-25.6655362],[-57.3306577,-25.6654116],[-57.3306292,-25.6652833],[-57.3306089,-25.6651697],[-57.3306374,-25.6650158],[-57.3307146,-25.6648583],[-57.3310642,-25.6646897],[-57.3313976,-25.6646127],[-57.3329791,-25.664228],[-57.3332555,-25.6643013],[-57.3333775,-25.6644955],[-57.3335808,-25.6645395],[-57.3337353,-25.6645065],[-57.333906,-25.6643782],[-57.3340605,-25.66425],[-57.3343369,-25.6641877],[-57.3346337,-25.6641254],[-57.3349102,-25.6640741],[-57.335146,-25.6640448],[-57.3353289,-25.6640594],[-57.3354956,-25.6640411],[-57.335581,-25.6639715],[-57.3355932,-25.6638945],[-57.3355485,-25.6638102],[-57.3354956,-25.663737],[-57.3354468,-25.663594],[-57.3354468,-25.6634145],[-57.33552,-25.6632386],[-57.3356664,-25.663103],[-57.3358615,-25.6630297],[-57.3360607,-25.6630151],[-57.3362355,-25.6630371],[-57.3363941,-25.6630187],[-57.3365608,-25.6629125],[-57.336703,-25.6627109],[-57.3368006,-25.662601],[-57.3369592,-25.6625424],[-57.3370933,-25.66259],[-57.3372031,-25.6627182],[-57.3372925,-25.6628905],[-57.3373129,-25.6630774],[-57.3372925,-25.6631763],[-57.3372925,-25.6633155],[-57.3373901,-25.6634621],[-57.3375812,-25.6636197],[-57.3376747,-25.6636014],[-57.3378414,-25.6635098],[-57.3380203,-25.6635354],[-57.3380934,-25.6637296],[-57.3380243,-25.6639238],[-57.3379959,-25.6640887],[-57.3379308,-25.664272],[-57.3379796,-25.6643929],[-57.3380934,-25.6644552],[-57.3382764,-25.6644772],[-57.3384715,-25.6644405],[-57.3386341,-25.6644075],[-57.3388252,-25.6643343],[-57.3389716,-25.6643123],[-57.339057,-25.6643599],[-57.3391098,-25.6645211],[-57.3391911,-25.6646494],[-57.339244,-25.6647923],[-57.3393375,-25.6648876],[-57.3394757,-25.6648912],[-57.3395611,-25.664752],[-57.3396342,-25.6646934],[-57.3398,-25.6646821],[-57.3399611,-25.6647032],[-57.3400802,-25.6648253],[-57.3401035,-25.6649726],[-57.3400895,-25.6650652],[-57.3400615,-25.6651599],[-57.3399354,-25.6652778],[-57.3397906,-25.665322],[-57.3396622,-25.6653767],[-57.3395641,-25.665423],[-57.3395011,-25.665484],[-57.3394847,-25.6655808],[-57.3395478,-25.6656355],[-57.3396762,-25.6656692],[-57.3397976,-25.6656903],[-57.3399564,-25.665726],[-57.3401642,-25.6657934],[-57.3402927,-25.6658818],[-57.3404258,-25.6659975],[-57.3402903,-25.666088],[-57.3400615,-25.6659744],[-57.3398817,-25.6659028],[-57.3397136,-25.6658586],[-57.3395688,-25.6658376],[-57.3394287,-25.6657955],[-57.339312,-25.6657281],[-57.3392466,-25.6656482],[-57.3392419,-25.665524],[-57.3392349,-25.6653704],[-57.3391695,-25.6652588],[-57.3390598,-25.665162],[-57.338971,-25.6650105],[-57.3389033,-25.6648779],[-57.3387772,-25.6647895],[-57.3386441,-25.6647663],[-57.338406,-25.6647748],[-57.3382098,-25.6648379],[-57.3379507,-25.66484],[-57.3377709,-25.6648105],[-57.3375957,-25.66472],[-57.3375117,-25.664619],[-57.3374416,-25.6643854],[-57.3373856,-25.6641876],[-57.3373132,-25.6640444],[-57.3371964,-25.6639055],[-57.3369653,-25.6637372],[-57.3368859,-25.6636193],[-57.3368299,-25.663533],[-57.3367178,-25.6634593],[-57.3365917,-25.6634299],[-57.3363769,-25.6633983],[-57.3362087,-25.6633646],[-57.3359939,-25.6633604],[-57.3358165,-25.6634194],[-57.3358001,-25.6634804],[-57.3358562,-25.6635877],[-57.3359402,-25.6638929],[-57.3359869,-25.6640508],[-57.3359729,-25.6641791],[-57.3359169,-25.6642486],[-57.335674,-25.6643601],[-57.3353962,-25.6643854],[-57.3351557,-25.6645306],[-57.3349058,-25.664558],[-57.3346326,-25.6645853],[-57.3343548,-25.6646674],[-57.3341656,-25.66476],[-57.3340582,-25.6648232],[-57.3339111,-25.6648758],[-57.3336192,-25.664901],[-57.3334558,-25.6648821],[-57.333262,-25.6648505],[-57.3331009,-25.6647748],[-57.3329047,-25.6646737],[-57.3326759,-25.6646695],[-57.3324914,-25.6647474],[-57.3321062,-25.6648737],[-57.3317279,-25.6650126],[-57.3314827,-25.6651136],[-57.3313052,-25.6652188],[-57.3311792,-25.6653283],[-57.3311885,-25.6654103],[-57.3312142,-25.6655787],[-57.3311605,-25.665766],[-57.3310671,-25.665947],[-57.3308826,-25.6660291],[-57.3306725,-25.6660607],[-57.3304273,-25.6660165],[-57.3301961,-25.6659554],[-57.3299159,-25.6659218],[-57.3296661,-25.665947],[-57.3294396,-25.6660354],[-57.3292738,-25.6661322],[-57.3289376,-25.6661954],[-57.3287041,-25.6661912],[-57.3284449,-25.6661322],[-57.3283048,-25.6660291],[-57.3282277,-25.6659176],[-57.3279966,-25.6658355],[-57.3277537,-25.6657408],[-57.3274688,-25.665745],[-57.3271536,-25.665806],[-57.326787,-25.6658186],[-57.3263924,-25.6657281],[-57.3258927,-25.6658039],[-57.3256592,-25.6659218],[-57.3254911,-25.6659975],[-57.3252156,-25.6662354],[-57.3250241,-25.6662796],[-57.3248233,-25.666248],[-57.3246575,-25.6661449],[-57.3245361,-25.666067],[-57.3242839,-25.6659155],[-57.3241111,-25.665825],[-57.3238659,-25.6657955],[-57.3236628,-25.6658081],[-57.3234106,-25.6659155],[-57.3232518,-25.666048],[-57.3230067,-25.6662375],[-57.3227265,-25.6664837],[-57.322542,-25.66665],[-57.3221427,-25.6668752],[-57.3218088,-25.6669993],[-57.3214796,-25.6670877],[-57.3210242,-25.6670372],[-57.320695,-25.6669425],[-57.3206436,-25.666812],[-57.320618,-25.6666373],[-57.3206787,-25.6662417],[-57.3207137,-25.6660859],[-57.3207487,-25.6659197],[-57.320744,-25.6657913],[-57.320688,-25.6656734],[-57.3205759,-25.6656061],[-57.3204522,-25.6655703],[-57.3202747,-25.6655935],[-57.320151,-25.6656882],[-57.3200342,-25.6658102],[-57.3198264,-25.6659344],[-57.3196092,-25.6660144],[-57.3193687,-25.6661007],[-57.3191422,-25.6660901],[-57.3189438,-25.6660586],[-57.3187336,-25.665907],[-57.3186239,-25.6657387],[-57.3185001,-25.6654735],[-57.3183974,-25.6653198],[-57.3182199,-25.6652083],[-57.3180588,-25.6651809],[-57.3179047,-25.665242],[-57.3178113,-25.6653788],[-57.3176175,-25.6656987],[-57.3174867,-25.6659091],[-57.3171878,-25.6662543],[-57.3170968,-25.6664332],[-57.3168679,-25.6667384],[-57.3165948,-25.6670982],[-57.3164173,-25.6673634],[-57.3159293,-25.667757],[-57.3158476,-25.6678601],[-57.3157728,-25.6679548],[-57.3156608,-25.6681547],[-57.3155977,-25.6682852],[-57.3155557,-25.6683673],[-57.3154918,-25.6684609],[-57.3154173,-25.6683545],[-57.3153812,-25.6683134]]},"properties":{"natural":"wetland","osm_id":1108072988,"osm_type":"way"}},{"type":"Feature","geometry":{"type":"LineString","coordinates":[[-57.3528386,-25.6617955],[-57.3527574,-25.6616956],[-57.3526696,-25.6615692],[-57.3525772,-25.6614554],[-57.3524801,-25.6613873],[-57.3523554,-25.6613526],[-57.3521751,-25.6613415],[-57.3520072,-25.661336],[-57.3518547,-25.6613137],[-57.3515728,-25.6613221],[-57.3514049,-25.6613276],[-57.3512585,-25.6613401],[-57.351089,-25.6613818],[-57.3509982,-25.6614262],[-57.3508888,-25.6615206],[-57.3508274,-25.6615756],[-57.3508657,-25.6614373],[-57.3509284,-25.6613431],[-57.3510051,-25.6612959],[-57.3511341,-25.6612834],[-57.3513293,-25.6612394],[-57.3516291,-25.6612111],[-57.3517685,-25.6612111],[-57.3519497,-25.6612394],[-57.3521449,-25.6612425],[-57.3523471,-25.6612457],[-57.3525179,-25.6612897],[-57.3526434,-25.661431],[-57.3527514,-25.6616038],[-57.3528386,-25.6617955]]},"properties":{"natural":"wetland","wetland":"tidalflat","osm_id":1108072989,"osm_type":"way"}},{"type":"Feature","geometry":{"type":"LineString","coordinates":[[-57.3554109,-25.6602348],[-57.3555301,-25.6601339],[-57.3556472,-25.6600186],[-57.3557396,-25.6599318],[-57.3558144,-25.6598617],[-57.3559029,-25.6597853],[-57.3559809,-25.6597093],[-57.3558935,-25.6597648],[-57.3557315,-25.6598085],[-57.355683,-25.6598261],[-57.3556344,-25.659864],[-57.3556152,-25.6599253],[-57.3556052,-25.6600129],[-57.3554984,-25.660118],[-57.3554498,-25.6601793],[-57.3554109,-25.6602348]]},"properties":{"natural":"wetland","wetland":"tidalflat","osm_id":1108072990,"osm_type":"way"}},{"type":"Feature","geometry":{"type":"LineString","coordinates":[[-57.356308,-25.6594903],[-57.3564073,-25.6594813],[-57.3564916,-25.6594648],[-57.356577,-25.6594547],[-57.356639,-25.659485],[-57.3566817,-25.6595253],[-57.3567223,-25.6595949],[-57.3567569,-25.6596517],[-57.3567975,-25.6597012],[-57.3568219,-25.6597589],[-57.3568473,-25.6598313],[-57.3568951,-25.6599037],[-57.3569426,-25.6599633],[-57.3569498,-25.6598864],[-57.3569389,-25.6597965],[-57.3569199,-25.6597094],[-57.356862,-25.6595931],[-57.3567885,-25.6595074],[-57.3567366,-25.6594669],[-57.356683,-25.6594601],[-57.3566092,-25.6594203],[-57.3565736,-25.659394],[-57.356525,-25.6593882],[-57.3564797,-25.659394],[-57.3564117,-25.6594495],[-57.356308,-25.6594903]]},"properties":{"natural":"wetland","wetland":"tidalflat","osm_id":1108073705,"osm_type":"way"}},{"type":"Feature","geometry":{"type":"LineString","coordinates":[[-57.0437819,-25.7032424],[-57.0437725,-25.7032003],[-57.0436943,-25.7031372],[-57.0435986,-25.7031046],[-57.0435425,-25.7030551],[-57.0434596,-25.7030046],[-57.0434328,-25.7029636],[-57.0434515,-25.7029131],[-57.0434818,-25.7028447],[-57.043511,-25.7028048],[-57.0435227,-25.7027364],[-57.0435332,-25.702708],[-57.0435122,-25.7026733],[-57.0434515,-25.7026385],[-57.0434305,-25.7025923],[-57.0434188,-25.702547],[-57.0434246,-25.7024944],[-57.0434596,-25.7024481],[-57.0435005,-25.702385],[-57.0434853,-25.7023208],[-57.0434433,-25.7022861],[-57.0433849,-25.7022703],[-57.0433394,-25.702243],[-57.043295,-25.702163],[-57.0432845,-25.7021104],[-57.0433172,-25.7019947],[-57.0433125,-25.7018853],[-57.043316,-25.7017812],[-57.0432939,-25.7016697],[-57.0432787,-25.7015897],[-57.0432647,-25.7015234],[-57.0432542,-25.7014256],[-57.0432763,-25.7013088],[-57.0432728,-25.7011447],[-57.043323,-25.7010374],[-57.0433791,-25.7009974],[-57.0434001,-25.7009385],[-57.0433908,-25.7008544],[-57.0433721,-25.7007502],[-57.0433779,-25.7006524],[-57.0433884,-25.7005703],[-57.0434118,-25.7004904],[-57.0434421,-25.7004262],[-57.0434737,-25.7003399],[-57.0434737,-25.700281],[-57.0434713,-25.7002158],[-57.043483,-25.7001895],[-57.0435507,-25.70018],[-57.0435916,-25.7001369],[-57.0436231,-25.7000948],[-57.0436418,-25.7000086],[-57.0436651,-25.6999191],[-57.0436756,-25.6998371],[-57.0438951,-25.6992416],[-57.043957,-25.6992027],[-57.0440235,-25.6991385],[-57.0440481,-25.6990859],[-57.0440305,-25.6990155],[-57.0440434,-25.6989534],[-57.0440913,-25.6988903],[-57.0441146,-25.6988208],[-57.0441368,-25.6987304],[-57.0441578,-25.6986325],[-57.0442267,-25.6985536],[-57.0442746,-25.6984979],[-57.0443306,-25.6984011],[-57.0444135,-25.698299],[-57.0444357,-25.6982086],[-57.0444392,-25.6981097],[-57.0444497,-25.6980076],[-57.044403,-25.6979098],[-57.0443236,-25.6978056],[-57.0442045,-25.6977257],[-57.044173,-25.6976731],[-57.0441788,-25.6975226],[-57.0441952,-25.6974795],[-57.044264,-25.6974132],[-57.0443446,-25.6973522],[-57.0443913,-25.6973154],[-57.044424,-25.6972565],[-57.0444695,-25.6972028],[-57.0445396,-25.697145],[-57.0445851,-25.6970818],[-57.0446271,-25.6969977],[-57.0446341,-25.6969303],[-57.0446528,-25.6968651],[-57.0446782,-25.6968269],[-57.0447553,-25.6967932],[-57.0447903,-25.6967585],[-57.0448206,-25.6966986],[-57.044858,-25.6966596],[-57.0448919,-25.6966344],[-57.0449584,-25.6966018],[-57.0450121,-25.6965576],[-57.045081,-25.6965334],[-57.0451359,-25.6965071],[-57.0451884,-25.6964755],[-57.045248,-25.6964377],[-57.0452841,-25.6964029],[-57.0453215,-25.6963672],[-57.0453402,-25.6963367],[-57.0453379,-25.6963072],[-57.0453565,-25.6962935],[-57.0454012,-25.6962882],[-57.0454993,-25.6962609],[-57.045602,-25.6962251],[-57.045658,-25.6961662],[-57.0456907,-25.6961031],[-57.0457164,-25.6960136],[-57.0456814,-25.6959789],[-57.0456125,-25.6959558],[-57.0455553,-25.6959768],[-57.0455215,-25.6960494],[-57.0455203,-25.6961588],[-57.0454958,-25.6961893],[-57.0454561,-25.6962198],[-57.0454047,-25.696244],[-57.045358,-25.696264],[-57.0453101,-25.6962924],[-57.0453055,-25.6963124],[-57.0453008,-25.6963303],[-57.0452728,-25.6963619],[-57.0452261,-25.6964071],[-57.0451735,-25.6964524],[-57.0451128,-25.6964881],[-57.0450556,-25.6965155],[-57.0449996,-25.6965334],[-57.0449611,-25.6965607],[-57.044926,-25.696587],[-57.0449003,-25.6965996],[-57.0448536,-25.6966133],[-57.0448408,-25.6966322],[-57.0448046,-25.6966743],[-57.0447871,-25.6967048],[-57.0447626,-25.6967385],[-57.044724,-25.6967638],[-57.0446937,-25.696788],[-57.0446587,-25.69681],[-57.04464,-25.6968269],[-57.0446061,-25.6968658],[-57.0445863,-25.69691],[-57.0445851,-25.696951],[-57.0445699,-25.6969931],[-57.0445489,-25.6970383],[-57.0445162,-25.6970783],[-57.0444579,-25.6971267],[-57.0444007,-25.6971667],[-57.0443469,-25.6972067],[-57.0443002,-25.697234],[-57.0442314,-25.6972435],[-57.0441917,-25.6972224],[-57.0441391,-25.6971604],[-57.0441123,-25.6971004],[-57.0440784,-25.6970762],[-57.0440119,-25.6970762],[-57.043964,-25.6970531],[-57.0439056,-25.6970194],[-57.0438006,-25.6969963],[-57.0437317,-25.696971],[-57.0436289,-25.6969594],[-57.0434947,-25.6969037],[-57.0433791,-25.6968248],[-57.0433266,-25.6967606],[-57.0432635,-25.6966943],[-57.0431771,-25.6966354],[-57.0431106,-25.6965828],[-57.043016,-25.6965481],[-57.04296,-25.696527],[-57.04296,-25.6964744],[-57.0429541,-25.6964103],[-57.0429366,-25.6963861],[-57.0428164,-25.6962914],[-57.0427031,-25.6962262],[-57.0426552,-25.6961473],[-57.0426155,-25.6960757],[-57.04257,-25.6960263],[-57.0424941,-25.6959621],[-57.0424568,-25.69592],[-57.0424509,-25.6958148],[-57.0424649,-25.6957212],[-57.042535,-25.695637],[-57.0425653,-25.6955771],[-57.0426179,-25.6955234],[-57.0426611,-25.6954676],[-57.0426798,-25.6954056],[-57.0426926,-25.6953161],[-57.0427148,-25.6952593],[-57.0427778,-25.6951825],[-57.0428549,-25.6951247],[-57.0429389,-25.6950352],[-57.0429798,-25.6949847],[-57.0430207,-25.6949006],[-57.0430242,-25.6948385],[-57.0430347,-25.6947575],[-57.0430569,-25.6946975],[-57.0431071,-25.6946313],[-57.0431596,-25.6945723],[-57.0432075,-25.6944934],[-57.0432437,-25.6944524],[-57.043256,-25.6944094],[-57.0431875,-25.694349],[-57.043152,-25.6943129],[-57.0430781,-25.6943268],[-57.043112,-25.6943851],[-57.0431058,-25.6944379],[-57.0430581,-25.6945198],[-57.043018,-25.694567],[-57.0429278,-25.6947269],[-57.0420013,-25.695647],[-57.0419133,-25.6957567],[-57.0413754,-25.6963142],[-57.0434397,-25.6973206],[-57.0435413,-25.6973956],[-57.0437077,-25.6974497],[-57.0437509,-25.6974858],[-57.0437308,-25.6975483],[-57.0436785,-25.6976108],[-57.0436507,-25.6976816],[-57.0436538,-25.6977274],[-57.0436846,-25.6977426],[-57.0437308,-25.6977371],[-57.0437955,-25.6977329],[-57.0438356,-25.6977496],[-57.0438726,-25.6977815],[-57.043908,-25.6979078],[-57.0439234,-25.6980092],[-57.0439095,-25.6980758],[-57.0439034,-25.6982937],[-57.0438572,-25.698377],[-57.0438279,-25.6984784],[-57.0437539,-25.698595],[-57.0436831,-25.6986533],[-57.0435845,-25.6987893],[-57.0435244,-25.6988934],[-57.0433041,-25.6991683],[-57.0432302,-25.6991808],[-57.0431809,-25.6992044],[-57.0431655,-25.6992613],[-57.0431793,-25.6993251],[-57.0431655,-25.6993737],[-57.043147,-25.6994084],[-57.0430576,-25.6994931],[-57.0430191,-25.69955],[-57.0430006,-25.6996055],[-57.0429636,-25.6996999],[-57.0429036,-25.6997499],[-57.0428497,-25.6998013],[-57.0427927,-25.6998901],[-57.0427079,-25.699997],[-57.0426632,-25.7000484],[-57.0426217,-25.7000664],[-57.0425724,-25.7001191],[-57.0425708,-25.7001969],[-57.04256,-25.7002524],[-57.0425292,-25.700301],[-57.0425261,-25.7003648],[-57.0424938,-25.7004148],[-57.042483,-25.7005023],[-57.0424754,-25.7005614],[-57.0423303,-25.7007129],[-57.0421427,-25.7008643],[-57.0420595,-25.700901],[-57.0420277,-25.7009536],[-57.0420807,-25.7009807],[-57.0421498,-25.7010334],[-57.0421905,-25.701078],[-57.0421922,-25.7011577],[-57.0421958,-25.7012327],[-57.0422312,-25.7013411],[-57.0422683,-25.7014352],[-57.0422559,-25.7015101],[-57.0422789,-25.7016473],[-57.0423409,-25.701794],[-57.0423816,-25.7019183],[-57.0424453,-25.7019885],[-57.0425284,-25.7020602],[-57.0425709,-25.7021495],[-57.0426081,-25.7022229],[-57.0426736,-25.7023393],[-57.0427461,-25.7024318],[-57.042778,-25.7024987],[-57.042847,-25.7025816],[-57.0428753,-25.7026582],[-57.0429018,-25.7027331],[-57.0429071,-25.7028033],[-57.0429001,-25.7028846],[-57.0428921,-25.7029173],[-57.0428779,-25.7029508],[-57.0428611,-25.7030201],[-57.0428399,-25.7030751],[-57.0428487,-25.7031405],[-57.0428461,-25.7032075],[-57.0428656,-25.7032306],[-57.0428886,-25.7031915],[-57.042893,-25.7031421],[-57.042885,-25.7031086],[-57.0428948,-25.7030847],[-57.0429178,-25.7030544],[-57.0429275,-25.7030162],[-57.042924,-25.7029731],[-57.0429346,-25.702942],[-57.0429647,-25.7029221],[-57.0430266,-25.7029053],[-57.0431,-25.7029045],[-57.0431469,-25.7029189],[-57.0431982,-25.7029213],[-57.0432443,-25.702942],[-57.043246,-25.7029715],[-57.0432266,-25.7030313],[-57.0432513,-25.7030648],[-57.0433159,-25.7030783],[-57.0433779,-25.703068],[-57.0434371,-25.7030736],[-57.0434929,-25.7031086],[-57.0435345,-25.7031405],[-57.0435876,-25.7031692],[-57.0436557,-25.7031979],[-57.0436999,-25.703225],[-57.0437406,-25.7032753],[-57.043753,-25.703296],[-57.0437819,-25.7032424]]},"properties":{"natural":"wetland","wetland":"marsh","osm_id":1108550728,"osm_type":"way"}},{"type":"Feature","geometry":{"type":"LineString","coordinates":[[-57.0677796,-25.6967269],[-57.0676851,-25.696748],[-57.0676384,-25.6967974],[-57.0676185,-25.6968711],[-57.0676419,-25.6969668],[-57.0676862,-25.6970247],[-57.0677084,-25.6970815],[-57.0677598,-25.6971067],[-57.067845,-25.6970573],[-57.0678975,-25.6970036],[-57.0679863,-25.6969142],[-57.0679793,-25.6968542],[-57.0679466,-25.6968006],[-57.0678567,-25.6967638],[-57.0677796,-25.6967269]]},"properties":{"natural":"wetland","wetland":"string_bog","osm_id":1111162672,"osm_type":"way"}},{"type":"Feature","geometry":{"type":"LineString","coordinates":[[-57.0435645,-25.6851272],[-57.0435717,-25.6851704],[-57.043622,-25.6851985],[-57.0438284,-25.6852526],[-57.0439819,-25.685272],[-57.0440779,-25.685272],[-57.0441811,-25.6852526],[-57.0442914,-25.6852569],[-57.0443922,-25.6853153],[-57.0444378,-25.6853996],[-57.0444666,-25.6854991],[-57.044469,-25.6856483],[-57.0445194,-25.6857672],[-57.0445758,-25.6858546],[-57.0445738,-25.685719],[-57.0446368,-25.6855725],[-57.0446897,-25.6854717],[-57.0447629,-25.6854131],[-57.0446801,-25.6853758],[-57.0445937,-25.685311],[-57.0445338,-25.6852591],[-57.0444258,-25.6852072],[-57.0442962,-25.6851726],[-57.0441643,-25.6851639],[-57.0440443,-25.6851747],[-57.0439219,-25.6851747],[-57.0438044,-25.6851488],[-57.0436988,-25.685138],[-57.0435645,-25.6851272]]},"properties":{"natural":"wetland","wetland":"fen","osm_id":1111189584,"osm_type":"way"}},{"type":"Feature","geometry":{"type":"LineString","coordinates":[[-57.045208,-25.6858381],[-57.0453063,-25.685912],[-57.0454863,-25.6859856],[-57.045683,-25.6860483],[-57.0458365,-25.6860807],[-57.0460021,-25.6861066],[-57.0461628,-25.686085],[-57.046302,-25.6860569],[-57.0464795,-25.6860353],[-57.0466955,-25.6859618],[-57.0467962,-25.6859034],[-57.046873,-25.6858385],[-57.0468946,-25.6857304],[-57.0469114,-25.685631],[-57.0469906,-25.6855099],[-57.0470745,-25.6854018],[-57.0471729,-25.6853088],[-57.0472905,-25.6852612],[-57.0474248,-25.6852418],[-57.0475424,-25.685231],[-57.0476,-25.6852223],[-57.0476072,-25.6852937],[-57.0474896,-25.6853066],[-57.0473433,-25.6853304],[-57.0472209,-25.685365],[-57.0471321,-25.6854493],[-57.0470578,-25.6855423],[-57.0469762,-25.685672],[-57.046981,-25.6857693],[-57.046981,-25.6858537],[-57.0469378,-25.6859358],[-57.0468442,-25.6860245],[-57.0467027,-25.6860699],[-57.0462684,-25.6861693],[-57.0461292,-25.6862256],[-57.0460285,-25.6862666],[-57.0459205,-25.6863012],[-57.0458341,-25.6863012],[-57.045731,-25.6862774],[-57.0456494,-25.6862299],[-57.045551,-25.6861607],[-57.0454287,-25.6861218],[-57.0453087,-25.6861218],[-57.045204,-25.6861367],[-57.0452487,-25.6859865],[-57.045208,-25.6858381]]},"properties":{"natural":"wetland","wetland":"fen","osm_id":1111189585,"osm_type":"way"}},{"type":"Feature","geometry":{"type":"LineString","coordinates":[[-57.0467044,-25.685006],[-57.0465735,-25.6849896],[-57.0464208,-25.6849339],[-57.0462789,-25.6848323],[-57.0461698,-25.6847537],[-57.0460462,-25.6847176],[-57.0458607,-25.6846685],[-57.045748,-25.6845046],[-57.0456753,-25.6843768],[-57.0454862,-25.6842064],[-57.0453952,-25.6840982],[-57.0453043,-25.6839573],[-57.0452461,-25.6837181],[-57.045108,-25.6835902],[-57.0448498,-25.6835214],[-57.0446534,-25.6835312],[-57.0444134,-25.6835247],[-57.0442206,-25.6834788],[-57.0440897,-25.683387],[-57.0440134,-25.6832855],[-57.0439297,-25.6831871],[-57.0437442,-25.6830659],[-57.043617,-25.6830265],[-57.0435261,-25.6829708],[-57.0434497,-25.6829184],[-57.043337,-25.6828791],[-57.0432242,-25.6828529],[-57.043126,-25.682843],[-57.0430642,-25.6828496],[-57.0430678,-25.6829151],[-57.0431188,-25.6829512],[-57.0432606,-25.6829446],[-57.0433406,-25.6829971],[-57.0434097,-25.6830888],[-57.0435261,-25.6831511],[-57.0436679,-25.6831806],[-57.0437952,-25.6832527],[-57.043897,-25.6833149],[-57.0439079,-25.6834198],[-57.0439552,-25.6835312],[-57.044057,-25.6836263],[-57.044217,-25.6837181],[-57.0444061,-25.6837672],[-57.0446498,-25.6837639],[-57.0447879,-25.6837934],[-57.044897,-25.6838688],[-57.044948,-25.6839606],[-57.0450425,-25.6840884],[-57.0451043,-25.6842359],[-57.045188,-25.6843342],[-57.0453152,-25.6844063],[-57.045468,-25.6844849],[-57.045548,-25.6846259],[-57.0456607,-25.684734],[-57.0458171,-25.6848028],[-57.0460062,-25.6848782],[-57.0462098,-25.6850093],[-57.0463153,-25.6851502],[-57.0464317,-25.6852321],[-57.0465371,-25.6852387],[-57.0467044,-25.6851928],[-57.0467262,-25.6851568],[-57.046679,-25.6850847],[-57.0467044,-25.685006]]},"properties":{"natural":"wetland","wetland":"fen","osm_id":1111189588,"osm_type":"way"}},{"type":"Feature","geometry":{"type":"LineString","coordinates":[[-57.0483816,-25.6892827],[-57.0484375,-25.6892255],[-57.0481164,-25.6890987],[-57.0478717,-25.6889819],[-57.0476701,-25.688863],[-57.0475142,-25.6887592],[-57.0473846,-25.6886857],[-57.0472239,-25.6886425],[-57.0470367,-25.6886295],[-57.046784,-25.6886072],[-57.0470638,-25.6888317],[-57.0475896,-25.6889888],[-57.0477135,-25.6890255],[-57.0477772,-25.6890654],[-57.0483816,-25.6892827]]},"properties":{"natural":"wetland","wetland":"fen","osm_id":1111189590,"osm_type":"way"}},{"type":"Feature","geometry":{"type":"LineString","coordinates":[[-57.0468588,-25.6885277],[-57.0466886,-25.6885181],[-57.0465063,-25.6884879],[-57.0462856,-25.6884381],[-57.0460792,-25.6883668],[-57.0457889,-25.6882392],[-57.0455152,-25.6881082],[-57.0455473,-25.6880413],[-57.0455793,-25.6879744],[-57.0456458,-25.6879508],[-57.0457548,-25.6879555],[-57.0458625,-25.6879952],[-57.0459723,-25.6880574],[-57.0461102,-25.6881428],[-57.0462488,-25.6881569],[-57.0463393,-25.6882315],[-57.0464053,-25.6883158],[-57.0466093,-25.6883525],[-57.0467244,-25.6884217],[-57.0468588,-25.6885277]]},"properties":{"natural":"wetland","wetland":"fen","osm_id":1111189591,"osm_type":"way"}},{"type":"Feature","geometry":{"type":"LineString","coordinates":[[-57.0455496,-25.6741134],[-57.0455281,-25.6739466],[-57.0454772,-25.6737604],[-57.0454691,-25.6736662],[-57.0455442,-25.673567],[-57.0456542,-25.6734921],[-57.0458956,-25.6734534],[-57.0459787,-25.6733882],[-57.046027,-25.6733301],[-57.0462175,-25.6732915],[-57.0463784,-25.6732214],[-57.0465366,-25.6731295],[-57.0466842,-25.6729989],[-57.046821,-25.6728563],[-57.0469524,-25.6727161],[-57.0470409,-25.6726001],[-57.0470972,-25.6724721],[-57.0471185,-25.6723525],[-57.047122,-25.6722361],[-57.0471397,-25.6721468],[-57.0471847,-25.672137],[-57.0472973,-25.6721588],[-57.0474046,-25.6721443],[-57.0475065,-25.6720935],[-57.0475816,-25.6720017],[-57.0476541,-25.6718687],[-57.0476836,-25.671772],[-57.0476728,-25.6716777],[-57.0476433,-25.6716173],[-57.0476299,-25.6715448],[-57.0476433,-25.6714577],[-57.0476836,-25.6713828],[-57.0477748,-25.6713103],[-57.0478338,-25.6712474],[-57.0478713,-25.6712111],[-57.0478874,-25.671158],[-57.0478928,-25.6710806],[-57.0478981,-25.670996],[-57.0479357,-25.6708727],[-57.0479759,-25.6707784],[-57.0480215,-25.6706938],[-57.0480591,-25.6705463],[-57.0480993,-25.6704327],[-57.04811,-25.6703264],[-57.0481127,-25.6702853],[-57.0481077,-25.670193],[-57.0480794,-25.6700877],[-57.0480864,-25.6699761],[-57.0481201,-25.6698788],[-57.0481926,-25.6698118],[-57.0482616,-25.6697703],[-57.0483342,-25.6697416],[-57.0484173,-25.669697],[-57.0484616,-25.6696475],[-57.0485076,-25.6695773],[-57.0485217,-25.669496],[-57.048543,-25.6693939],[-57.0485642,-25.6692903],[-57.0486279,-25.669185],[-57.0486651,-25.6691084],[-57.0487273,-25.6690122],[-57.0487105,-25.6690532],[-57.0487297,-25.6691245],[-57.0487225,-25.6691935],[-57.0487752,-25.6691698],[-57.0489092,-25.669118],[-57.0487925,-25.6691962],[-57.0487235,-25.6692679],[-57.0486633,-25.6693652],[-57.0486332,-25.6694593],[-57.0486226,-25.6695295],[-57.0486032,-25.6696284],[-57.0485801,-25.6696842],[-57.0485253,-25.6697448],[-57.0484386,-25.6698006],[-57.0483129,-25.6698357],[-57.0482563,-25.6698724],[-57.0482121,-25.6699266],[-57.0482015,-25.6699857],[-57.0482121,-25.6700463],[-57.0482315,-25.6700861],[-57.0482422,-25.6701946],[-57.0482368,-25.6702903],[-57.0482262,-25.6703987],[-57.0482156,-25.6704785],[-57.0481944,-25.6705614],[-57.0481572,-25.6706587],[-57.0481484,-25.6707927],[-57.0481307,-25.6709123],[-57.0481183,-25.6710016],[-57.0481271,-25.6710638],[-57.0480935,-25.6711452],[-57.0480351,-25.6712441],[-57.0479661,-25.6714243],[-57.0478882,-25.6716587],[-57.0478405,-25.6717736],[-57.0478068,-25.6718804],[-57.0477821,-25.6719474],[-57.0477307,-25.6720176],[-57.04766,-25.6720973],[-57.0475697,-25.6721611],[-57.0474777,-25.6721946],[-57.0474193,-25.6722233],[-57.0473715,-25.6722792],[-57.0473432,-25.6723812],[-57.0472848,-25.6725312],[-57.0472494,-25.6726891],[-57.0472229,-25.6727879],[-57.0472052,-25.6728709],[-57.047145,-25.6729618],[-57.0470618,-25.6730288],[-57.0469486,-25.6730878],[-57.0468159,-25.673142],[-57.046577,-25.6732728],[-57.0462867,-25.6734243],[-57.0462284,-25.6734594],[-57.0461841,-25.6735104],[-57.0461027,-25.6735519],[-57.0460231,-25.6736332],[-57.04597,-25.6736875],[-57.0459399,-25.67378],[-57.045924,-25.6738677],[-57.0459045,-25.6739634],[-57.0458532,-25.6740495],[-57.0457629,-25.6741005],[-57.045655,-25.6741229],[-57.045609,-25.6741277],[-57.0455496,-25.6741134]]},"properties":{"natural":"wetland","wetland":"fen","osm_id":1111804640,"osm_type":"way"}},{"type":"Feature","geometry":{"type":"LineString","coordinates":[[-57.0457334,-25.6804907],[-57.0456774,-25.6804423],[-57.0456564,-25.680537],[-57.0456283,-25.680699],[-57.045647,-25.6808316],[-57.045696,-25.6809684],[-57.0457614,-25.6810568],[-57.0458595,-25.6811536],[-57.046065,-25.6812798],[-57.0465647,-25.6815176],[-57.0467701,-25.6817007],[-57.0470036,-25.6819385],[-57.0471274,-25.68209],[-57.0472698,-25.6822983],[-57.0473656,-25.6824162],[-57.0474613,-25.6824982],[-57.0475127,-25.6825593],[-57.0476178,-25.6826813],[-57.0477812,-25.6827865],[-57.0479376,-25.6828728],[-57.0481688,-25.6829149],[-57.0483112,-25.6829317],[-57.048428,-25.6829591],[-57.0485844,-25.6829549],[-57.0486335,-25.6829759],[-57.0486638,-25.6830159],[-57.0487596,-25.6833589],[-57.0488039,-25.6833926],[-57.048867,-25.683422],[-57.04893,-25.6834473],[-57.048958,-25.6834725],[-57.0489627,-25.6835083],[-57.0489417,-25.6835525],[-57.0486942,-25.683744],[-57.0485938,-25.6837713],[-57.0484467,-25.6838471],[-57.0483673,-25.6839292],[-57.0482645,-25.6840596],[-57.0482062,-25.6841059],[-57.0481315,-25.6841291],[-57.047989,-25.6840996],[-57.0483874,-25.6844261],[-57.0483352,-25.6843188],[-57.048331,-25.6842379],[-57.0483895,-25.6841513],[-57.048496,-25.6840628],[-57.048615,-25.6839838],[-57.0486986,-25.6839443],[-57.0487863,-25.683933],[-57.0488845,-25.683884],[-57.0489451,-25.6838407],[-57.0490474,-25.6837974],[-57.0491518,-25.6837843],[-57.0492667,-25.6838257],[-57.049344,-25.683869],[-57.0494421,-25.6838713],[-57.0495027,-25.6838595],[-57.0495633,-25.68382],[-57.0495842,-25.6837447],[-57.0496051,-25.6836901],[-57.0496406,-25.6836525],[-57.0497325,-25.6836243],[-57.0501544,-25.6836224],[-57.0502191,-25.6836318],[-57.0502714,-25.6836657],[-57.050286,-25.6837014],[-57.0503173,-25.6837617],[-57.0503528,-25.6837937],[-57.0504301,-25.6838106],[-57.0505721,-25.6837918],[-57.0506557,-25.6837541],[-57.0507162,-25.6837278],[-57.0507998,-25.6837165],[-57.0508854,-25.6837221],[-57.0507917,-25.6836406],[-57.0507318,-25.6835812],[-57.0506586,-25.6836178],[-57.0505794,-25.6836343],[-57.0505021,-25.6836233],[-57.0504188,-25.6835885],[-57.0503497,-25.6835409],[-57.0502541,-25.6835043],[-57.0501566,-25.6835006],[-57.0500366,-25.6835134],[-57.0499391,-25.6835317],[-57.0498496,-25.6835281],[-57.0497277,-25.6835171],[-57.049628,-25.6835061],[-57.0495183,-25.6835281],[-57.049437,-25.6835592],[-57.0493557,-25.6835739],[-57.0492723,-25.6835702],[-57.049191,-25.6835409],[-57.0491178,-25.6834841],[-57.0490589,-25.683387],[-57.0490345,-25.6832661],[-57.0489979,-25.683125],[-57.0489755,-25.6830481],[-57.0489044,-25.6829437],[-57.0488211,-25.6828448],[-57.0487214,-25.6828045],[-57.0485995,-25.6827971],[-57.0484978,-25.6828008],[-57.0483576,-25.682755],[-57.0481889,-25.6826671],[-57.0479775,-25.682548],[-57.0478291,-25.6824454],[-57.0476848,-25.6823813],[-57.0475567,-25.6822989],[-57.0470261,-25.6817603],[-57.0469672,-25.6816778],[-57.0469225,-25.6815917],[-57.0468412,-25.6815349],[-57.0467416,-25.6815148],[-57.0465993,-25.6814305],[-57.0463696,-25.6813316],[-57.0460382,-25.6811081],[-57.0458634,-25.680956],[-57.045772,-25.6808186],[-57.0457313,-25.6807399],[-57.0457191,-25.6806373],[-57.0457334,-25.6804907]]},"properties":{"natural":"wetland","wetland":"fen","osm_id":1112283073,"osm_type":"way"}},{"type":"Feature","geometry":{"type":"LineString","coordinates":[[-57.0553403,-25.6830785],[-57.0553378,-25.6829389],[-57.055197,-25.6829026],[-57.0550562,-25.6828809],[-57.0549543,-25.6828301],[-57.0548805,-25.6827407],[-57.0548347,-25.6826122],[-57.0547947,-25.6824216],[-57.0547477,-25.6823056],[-57.0547021,-25.682221],[-57.0546297,-25.6821328],[-57.0545412,-25.6820699],[-57.0544245,-25.6820119],[-57.0543172,-25.6819442],[-57.0542193,-25.6818572],[-57.0531912,-25.6809801],[-57.053011,-25.6808323],[-57.0528876,-25.680686],[-57.0528313,-25.6805821],[-57.0527911,-25.6804951],[-57.0526985,-25.6803718],[-57.0525604,-25.6802231],[-57.0524397,-25.6801216],[-57.0523686,-25.6800733],[-57.0522318,-25.6800346],[-57.0519971,-25.6799488],[-57.0518402,-25.6798726],[-57.051741,-25.6798376],[-57.0516444,-25.6798231],[-57.0515358,-25.6797928],[-57.0514258,-25.6797421],[-57.0513601,-25.6796708],[-57.0512998,-25.6796116],[-57.05123,-25.6795789],[-57.0511643,-25.6795753],[-57.0511335,-25.6796128],[-57.0511563,-25.679672],[-57.051226,-25.6797288],[-57.0513507,-25.6798013],[-57.051458,-25.6798581],[-57.0516404,-25.6799222],[-57.0517544,-25.679956],[-57.0518161,-25.6799947],[-57.0518858,-25.6800636],[-57.051969,-25.6801107],[-57.0520642,-25.6801434],[-57.0522654,-25.6801506],[-57.0523378,-25.6801905],[-57.0524156,-25.6802461],[-57.0524705,-25.6803138],[-57.0526462,-25.6804491],[-57.0527066,-25.680512],[-57.0528125,-25.6807054],[-57.0528715,-25.68079],[-57.0529426,-25.6808758],[-57.0531324,-25.6810396],[-57.0537365,-25.6815212],[-57.0538747,-25.681636],[-57.0540477,-25.6817956],[-57.0540919,-25.6818959],[-57.0543548,-25.6821654],[-57.0543615,-25.6822367],[-57.0540866,-25.6825147],[-57.0540222,-25.6825038],[-57.0539471,-25.6825062],[-57.0538908,-25.6825461],[-57.0537352,-25.6826102],[-57.0535662,-25.6826609],[-57.0533409,-25.682725],[-57.0532401,-25.6827458],[-57.0532776,-25.6828337],[-57.0533426,-25.6828007],[-57.0534687,-25.6827879],[-57.05355,-25.6827751],[-57.0537065,-25.6827476],[-57.0538142,-25.6826908],[-57.0539443,-25.6826377],[-57.0540647,-25.6826287],[-57.0541725,-25.6825482],[-57.0545085,-25.6822487],[-57.0545801,-25.6823342],[-57.0543143,-25.6826065],[-57.054379,-25.6826954],[-57.0544652,-25.6827648],[-57.0546162,-25.682862],[-57.0546902,-25.6829286],[-57.0548473,-25.6830313],[-57.0550753,-25.6830591],[-57.0552632,-25.6831119],[-57.0553403,-25.6830785]]},"properties":{"natural":"wetland","wetland":"fen","osm_id":1112283075,"osm_type":"way"}},{"type":"Feature","geometry":{"type":"LineString","coordinates":[[-57.0554285,-25.677094],[-57.0554936,-25.6772424],[-57.055524,-25.6773604],[-57.0555912,-25.6774292],[-57.0557069,-25.6774623],[-57.0557131,-25.6774641],[-57.0558026,-25.6775025],[-57.0559001,-25.6775593],[-57.0559692,-25.6776509],[-57.0560038,-25.6777608],[-57.0560526,-25.677825],[-57.0561745,-25.6778891],[-57.056205,-25.6779129],[-57.056325,-25.6778011],[-57.0562559,-25.6777407],[-57.0561684,-25.6776692],[-57.0561054,-25.6776015],[-57.0560343,-25.6775337],[-57.0559286,-25.6774714],[-57.055833,-25.6773944],[-57.0557619,-25.677323],[-57.0556908,-25.6772314],[-57.0556684,-25.6771911],[-57.0554285,-25.677094]]},"properties":{"natural":"wetland","wetland":"fen","osm_id":1112286247,"osm_type":"way"}},{"type":"Feature","geometry":{"type":"LineString","coordinates":[[-57.0564241,-25.6778593],[-57.0563694,-25.6779142],[-57.0563031,-25.6779791],[-57.0564476,-25.6780928],[-57.0566766,-25.6781438],[-57.0568242,-25.6781543],[-57.0569749,-25.6781815],[-57.0571271,-25.6782573],[-57.0571842,-25.678285],[-57.0572728,-25.6783224],[-57.0574265,-25.6783605],[-57.0575189,-25.6784191],[-57.0576144,-25.6784706],[-57.0577673,-25.6784941],[-57.0579223,-25.678503],[-57.0580264,-25.6784871],[-57.0581324,-25.6785042],[-57.0582103,-25.6785434],[-57.0582431,-25.6786033],[-57.0582549,-25.6786999],[-57.0583114,-25.6787789],[-57.0584229,-25.6788462],[-57.0585649,-25.6788785],[-57.0587197,-25.6788644],[-57.0588064,-25.6788365],[-57.0588665,-25.6787962],[-57.0588827,-25.6787511],[-57.0588558,-25.6787254],[-57.0587696,-25.6787031],[-57.058665,-25.6786975],[-57.0585649,-25.6786887],[-57.0584787,-25.6786516],[-57.0584388,-25.6786108],[-57.0584287,-25.6785552],[-57.0584392,-25.6784799],[-57.0583917,-25.6784195],[-57.0583121,-25.6783849],[-57.0582054,-25.6783683],[-57.058035,-25.6783602],[-57.0578673,-25.6783895],[-57.0577692,-25.6783703],[-57.0576868,-25.6783367],[-57.057602,-25.6782972],[-57.0575187,-25.6782283],[-57.0574138,-25.6781793],[-57.0573246,-25.6781541],[-57.0571616,-25.6781008],[-57.0569959,-25.6780582],[-57.0565973,-25.6780032],[-57.0564759,-25.677908],[-57.0564241,-25.6778593]]},"properties":{"natural":"wetland","wetland":"fen","osm_id":1112286248,"osm_type":"way"}},{"type":"Feature","geometry":{"type":"LineString","coordinates":[[-57.0600391,-25.6773825],[-57.0601935,-25.6774391],[-57.0603277,-25.6779686],[-57.0603947,-25.6781536],[-57.0605167,-25.678357],[-57.060659,-25.6785365],[-57.0607362,-25.6786208],[-57.060848,-25.6786757],[-57.0609253,-25.6786922],[-57.061031,-25.6787014],[-57.0611021,-25.678749],[-57.0611631,-25.678826],[-57.0615041,-25.6790257],[-57.0616442,-25.6791351],[-57.0617983,-25.6792088],[-57.0619267,-25.6792971],[-57.0620108,-25.6793834],[-57.0620645,-25.6794971],[-57.0621299,-25.6795897],[-57.0622209,-25.6796633],[-57.0623003,-25.6796928],[-57.0624077,-25.6797075],[-57.0625432,-25.6797412],[-57.062765,-25.6798232],[-57.0628761,-25.6798467],[-57.0626459,-25.680061],[-57.0626062,-25.6799705],[-57.0625805,-25.679878],[-57.0625081,-25.6798253],[-57.0624101,-25.6798022],[-57.0622793,-25.6797727],[-57.0621836,-25.6797727],[-57.0621088,-25.6797917],[-57.0620691,-25.6798211],[-57.0620061,-25.6798148],[-57.0619571,-25.6797643],[-57.0619197,-25.6797054],[-57.0619057,-25.6796212],[-57.061887,-25.6794823],[-57.061845,-25.6793834],[-57.0617679,-25.6793119],[-57.0617282,-25.6792887],[-57.0616208,-25.6792361],[-57.0615204,-25.6792003],[-57.0614387,-25.6791877],[-57.0613239,-25.6791751],[-57.0612637,-25.679156],[-57.0611221,-25.6791017],[-57.0610549,-25.6790571],[-57.0609699,-25.6789327],[-57.0609062,-25.6788785],[-57.0607576,-25.6787764],[-57.060301,-25.6785786],[-57.0601595,-25.6785244],[-57.0600108,-25.6785435],[-57.0598763,-25.6786041],[-57.059756,-25.6787126],[-57.0596286,-25.6788147],[-57.0595436,-25.6788179],[-57.0594269,-25.678786],[-57.0593278,-25.6787828],[-57.0593109,-25.6787562],[-57.0592994,-25.6787381],[-57.0593207,-25.6786775],[-57.0594799,-25.6785786],[-57.059579,-25.6784989],[-57.0596711,-25.678451],[-57.0597949,-25.6783936],[-57.0600604,-25.6783968],[-57.0602232,-25.6783936],[-57.0603081,-25.6783745],[-57.0603293,-25.6783107],[-57.0603152,-25.6782437],[-57.0602869,-25.6781767],[-57.0602409,-25.6780715],[-57.0602196,-25.6779503],[-57.0601949,-25.6778035],[-57.0601205,-25.6776185],[-57.0600391,-25.6773825]]},"properties":{"natural":"wetland","wetland":"fen","osm_id":1112286249,"osm_type":"way"}},{"type":"Feature","geometry":{"type":"LineString","coordinates":[[-57.0766984,-25.6736707],[-57.0767373,-25.67369],[-57.0767775,-25.6737505],[-57.0768124,-25.6738073],[-57.0768285,-25.6738544],[-57.0768701,-25.6738834],[-57.076917,-25.6738883],[-57.0769546,-25.6738484],[-57.0769666,-25.6737783],[-57.0769653,-25.673713],[-57.0769452,-25.6736344],[-57.0769291,-25.6735764],[-57.076921,-25.6735111],[-57.0769505,-25.6734858],[-57.0770069,-25.6735075],[-57.0770431,-25.6735341],[-57.07709,-25.673545],[-57.0771463,-25.6735486],[-57.0772362,-25.6735389],[-57.0772885,-25.6735208],[-57.0773381,-25.6735401],[-57.077385,-25.6735921],[-57.0774253,-25.6736344],[-57.0774615,-25.6736332],[-57.0774602,-25.673551],[-57.077436,-25.6734978],[-57.0774176,-25.6734774],[-57.0772483,-25.6734342],[-57.0772224,-25.6733556],[-57.0771648,-25.6733658],[-57.0771273,-25.6734601],[-57.0770039,-25.6734601],[-57.0769315,-25.6733585],[-57.0768966,-25.6732739],[-57.0768242,-25.6732618],[-57.0767544,-25.6731966],[-57.0767464,-25.6732497],[-57.0767974,-25.6732715],[-57.0768483,-25.6733102],[-57.0768832,-25.6733658],[-57.0768993,-25.6734842],[-57.0768537,-25.6736003],[-57.0767893,-25.6735978],[-57.0767089,-25.6735543],[-57.0766984,-25.6736707]]},"properties":{"natural":"wetland","osm_id":1112360304,"osm_type":"way"}},{"type":"Feature","geometry":{"type":"LineString","coordinates":[[-57.0727837,-25.6912345],[-57.0726358,-25.691601],[-57.0722291,-25.6920786],[-57.0719087,-25.6922729],[-57.071539,-25.692495],[-57.0712987,-25.6927449],[-57.0711446,-25.6930226],[-57.0710152,-25.6934057],[-57.0710091,-25.6936778],[-57.0709228,-25.6939943],[-57.0707872,-25.6943774],[-57.0706455,-25.6945496],[-57.0705099,-25.6946828],[-57.0705038,-25.6949383],[-57.0704421,-25.6950826],[-57.070421,-25.6949383],[-57.0703656,-25.6947772],[-57.0703748,-25.6946079],[-57.0704611,-25.6944024],[-57.0706244,-25.6941692],[-57.0706552,-25.6940304],[-57.0707322,-25.6939055],[-57.0708801,-25.6937111],[-57.0709448,-25.6934418],[-57.0709941,-25.6932697],[-57.0708893,-25.6932197],[-57.0707969,-25.6934307],[-57.0706675,-25.6935612],[-57.0705319,-25.6936278],[-57.0704087,-25.6937555],[-57.0702423,-25.6939193],[-57.0702023,-25.6940943],[-57.0702208,-25.6942608],[-57.0702054,-25.694433],[-57.0701653,-25.694619],[-57.0701129,-25.6946107],[-57.0700328,-25.6944552],[-57.0698572,-25.6943025],[-57.0697802,-25.6942164],[-57.0697524,-25.694122],[-57.0698141,-25.6939804],[-57.0699558,-25.6938749],[-57.0700883,-25.6937805],[-57.0702978,-25.6936306],[-57.0705412,-25.6934918],[-57.0706429,-25.6933807],[-57.0706952,-25.6931753],[-57.0706952,-25.6930364],[-57.0707415,-25.6929004],[-57.0708986,-25.6926838],[-57.070954,-25.6924812],[-57.071028,-25.6923507],[-57.0712036,-25.6922424],[-57.0715148,-25.6919842],[-57.0716719,-25.691787],[-57.0717551,-25.6915927],[-57.0718291,-25.6913373],[-57.0718044,-25.6912401],[-57.0715641,-25.6911596],[-57.0713669,-25.6910568],[-57.0711574,-25.6909374],[-57.070954,-25.6909347],[-57.0707322,-25.6909902],[-57.0706552,-25.6912317],[-57.0705843,-25.6915372],[-57.070495,-25.6917204],[-57.0703163,-25.6918398],[-57.070079,-25.6919397],[-57.0698757,-25.6920925],[-57.069713,-25.6922414],[-57.0696114,-25.6924539],[-57.0695748,-25.6926225],[-57.0694894,-25.6926151],[-57.0694894,-25.6924686],[-57.0695423,-25.6922817],[-57.0696398,-25.6920766],[-57.0696886,-25.6919154],[-57.0696073,-25.6917176],[-57.0695219,-25.6915893],[-57.0694081,-25.6914611],[-57.069278,-25.6914281],[-57.0691439,-25.6915344],[-57.06903,-25.6916663],[-57.0688633,-25.6917688],[-57.068763,-25.6917655],[-57.0686556,-25.6917213],[-57.0686393,-25.691614],[-57.0687817,-25.6916203],[-57.0688868,-25.691534],[-57.0689498,-25.6914351],[-57.0689452,-25.6913278],[-57.0688845,-25.6912962],[-57.0688051,-25.6912941],[-57.0687817,-25.6912436],[-57.0687887,-25.6911868],[-57.0688961,-25.6911258],[-57.0690292,-25.6911279],[-57.0691717,-25.6911047],[-57.0692838,-25.6910963],[-57.0694052,-25.6911279],[-57.0696644,-25.6910732],[-57.0698348,-25.6911153],[-57.0700029,-25.6911047],[-57.07015,-25.6910563],[-57.0702598,-25.6909848],[-57.0703158,-25.6908712],[-57.0703158,-25.6907597],[-57.0702668,-25.690665],[-57.0701827,-25.6906018],[-57.0700847,-25.6905261],[-57.0698722,-25.6903557],[-57.0698231,-25.6902757],[-57.0697508,-25.6903325],[-57.0696457,-25.6904188],[-57.0695406,-25.6904777],[-57.0694589,-25.6905324],[-57.0693001,-25.690604],[-57.0692581,-25.6905934],[-57.0694052,-25.6904777],[-57.0694612,-25.6903914],[-57.0695079,-25.6902757],[-57.0695546,-25.6901852],[-57.0696784,-25.6899201],[-57.0697157,-25.6897686],[-57.0697297,-25.6896066],[-57.0696807,-25.6894361],[-57.0696083,-25.6893204],[-57.0694565,-25.6892446],[-57.0692884,-25.6891962],[-57.069132,-25.6891689],[-57.0690456,-25.6891773],[-57.0689498,-25.6892173],[-57.0688261,-25.6892657],[-57.0687257,-25.6893877],[-57.068679,-25.6895413],[-57.0686743,-25.689676],[-57.0686743,-25.6898275],[-57.0686123,-25.6899995],[-57.0684672,-25.690025],[-57.0684535,-25.6899771],[-57.0684535,-25.689891],[-57.0685101,-25.6897442],[-57.068549,-25.6895561],[-57.0685597,-25.6894253],[-57.0687225,-25.6891638],[-57.0688923,-25.6890872],[-57.0691189,-25.6890394],[-57.0692569,-25.6890553],[-57.0695188,-25.6891255],[-57.0696356,-25.6892021],[-57.0697559,-25.6893392],[-57.0698302,-25.6895178],[-57.0699081,-25.6897634],[-57.0699116,-25.689942],[-57.0699506,-25.6900759],[-57.0700674,-25.6902003],[-57.0701948,-25.6903598],[-57.0705098,-25.6905384],[-57.0707327,-25.6906341],[-57.0710513,-25.6906819],[-57.0713273,-25.6907553],[-57.0715078,-25.6908446],[-57.0716671,-25.6908828],[-57.0718334,-25.6909658],[-57.072067,-25.6910359],[-57.0722687,-25.6910296],[-57.0725023,-25.6909339],[-57.072743,-25.6909243],[-57.0729164,-25.6909243],[-57.0730226,-25.6909403],[-57.0731712,-25.6909211],[-57.073334,-25.6909849],[-57.0731783,-25.691071],[-57.0729695,-25.6911125],[-57.0728492,-25.6911476],[-57.0727837,-25.6912345]]},"properties":{"natural":"wetland","wetland":"fen","osm_id":1112369138,"osm_type":"way"}},{"type":"Feature","geometry":{"type":"LineString","coordinates":[[-57.0704421,-25.6950826],[-57.0703694,-25.6951392],[-57.0702774,-25.6950881],[-57.0701747,-25.6948968],[-57.0701393,-25.6948107],[-57.0701535,-25.6946927],[-57.0701653,-25.694619],[-57.0702054,-25.694433],[-57.0702208,-25.6942608],[-57.0702023,-25.6940943],[-57.0702423,-25.6939193],[-57.0704087,-25.6937555],[-57.0705319,-25.6936278],[-57.0706675,-25.6935612],[-57.0707969,-25.6934307],[-57.0708893,-25.6932197],[-57.0709941,-25.6932697],[-57.0709448,-25.6934418],[-57.0708801,-25.6937111],[-57.0707322,-25.6939055],[-57.0706552,-25.6940304],[-57.0706244,-25.6941692],[-57.0704611,-25.6944024],[-57.0703748,-25.6946079],[-57.0703656,-25.6947772],[-57.070421,-25.6949383],[-57.0704421,-25.6950826]]},"properties":{"natural":"wetland","wetland":"swamp","osm_id":1112369144,"osm_type":"way"}},{"type":"Feature","geometry":{"type":"LineString","coordinates":[[-57.0658465,-25.6859699],[-57.0657757,-25.6860019],[-57.065708,-25.6860461],[-57.0656286,-25.6861176],[-57.0655259,-25.6861429],[-57.0654395,-25.6861681],[-57.0653344,-25.6862376],[-57.0652581,-25.6862645],[-57.0653679,-25.6862561],[-57.0654449,-25.686294],[-57.065494,-25.6863339],[-57.0655337,-25.6863992],[-57.0655453,-25.6864602],[-57.0655547,-25.6865528],[-57.0655687,-25.6866454],[-57.065599,-25.6867106],[-57.0656831,-25.6867316],[-57.0657578,-25.6866959],[-57.0658068,-25.6866075],[-57.0658139,-25.6865338],[-57.0657765,-25.6864391],[-57.0657695,-25.6863297],[-57.0657765,-25.6862119],[-57.0657882,-25.686134],[-57.0658139,-25.6860414],[-57.0658465,-25.6859699]]},"properties":{"natural":"wetland","wetland":"fen","osm_id":1112372023,"osm_type":"way"}},{"type":"Feature","geometry":{"type":"LineString","coordinates":[[-57.0806959,-25.6868958],[-57.0807646,-25.6869311],[-57.0808463,-25.6869584],[-57.080921,-25.6870026],[-57.0809701,-25.68707],[-57.0809981,-25.6871667],[-57.0810098,-25.687253],[-57.0809817,-25.6873225],[-57.0809023,-25.6873267],[-57.0808183,-25.6872488],[-57.0807436,-25.6871689],[-57.0806899,-25.6871099],[-57.0806688,-25.6870678],[-57.0806642,-25.6870173],[-57.0806593,-25.6869618],[-57.0806959,-25.6868958]]},"properties":{"natural":"wetland","osm_id":1112383965,"osm_type":"way"}},{"type":"Feature","geometry":{"type":"LineString","coordinates":[[-57.2121081,-25.5013109],[-57.2126078,-25.5016156],[-57.2136071,-25.5022495],[-57.2139583,-25.5025907],[-57.2141068,-25.503188],[-57.2139042,-25.5033343],[-57.21331,-25.5032977],[-57.2123106,-25.5029077],[-57.2118515,-25.5027248],[-57.2116354,-25.5023713],[-57.2116084,-25.5017741],[-57.2115949,-25.5013596],[-57.2121081,-25.5013109]]},"properties":{"natural":"wetland","osm_id":1119996258,"osm_type":"way"}},{"type":"Feature","geometry":{"type":"LineString","coordinates":[[-57.0994652,-25.688785],[-57.0992022,-25.688815],[-57.0990327,-25.6889149],[-57.0988817,-25.6890149],[-57.098706,-25.6890532],[-57.0987363,-25.6890175],[-57.0987247,-25.6889585],[-57.0987083,-25.6889207],[-57.098671,-25.6888954],[-57.0986126,-25.6889165],[-57.0985846,-25.6889038],[-57.0985355,-25.688908],[-57.0984958,-25.6889165],[-57.0984912,-25.6889585],[-57.0985122,-25.6890175],[-57.0985215,-25.689068],[-57.0985565,-25.6891164],[-57.098435,-25.6891537],[-57.0982501,-25.6892259],[-57.0981157,-25.6892349],[-57.0982148,-25.6890308],[-57.0981582,-25.6889383],[-57.0981814,-25.6888849],[-57.0982071,-25.6888112],[-57.0982398,-25.6887418],[-57.0983087,-25.6887039],[-57.0984406,-25.6886765],[-57.0985309,-25.6886478],[-57.0985963,-25.6886],[-57.0986901,-25.688608],[-57.0987804,-25.6886223],[-57.0988866,-25.6886558],[-57.0989644,-25.6886765],[-57.0990193,-25.6886973],[-57.0990794,-25.6886909],[-57.0990794,-25.6886367],[-57.0990547,-25.6885824],[-57.0990936,-25.6885394],[-57.0991608,-25.6884979],[-57.0992369,-25.6884724],[-57.0993537,-25.6884724],[-57.0994511,-25.688466],[-57.0995148,-25.6884804],[-57.0995378,-25.6885314],[-57.0995006,-25.6885824],[-57.0994988,-25.6886207],[-57.099536,-25.6886606],[-57.0995891,-25.6886957],[-57.0995785,-25.6887403],[-57.0995095,-25.6887403],[-57.0994457,-25.6887403],[-57.0994369,-25.6887642],[-57.0994652,-25.688785]]},"properties":{"natural":"wetland","wetland":"marsh","osm_id":1268177598,"osm_type":"way"}},{"type":"Feature","geometry":{"type":"LineString","coordinates":[[-57.081823,-25.7041499],[-57.0816105,-25.7041183],[-57.0814798,-25.7040426],[-57.0813163,-25.7040152],[-57.0811412,-25.7040489],[-57.0810058,-25.7040889],[-57.0808727,-25.7041457],[-57.0808493,-25.7042046],[-57.0809964,-25.7042404],[-57.0811902,-25.7042909],[-57.0813163,-25.7043035],[-57.0815358,-25.704293],[-57.0816806,-25.7042172],[-57.081795,-25.7042067],[-57.081823,-25.7041499]]},"properties":{"natural":"wetland","osm_id":1268177612,"osm_type":"way"}},{"type":"Feature","geometry":{"type":"LineString","coordinates":[[-57.0767956,-25.6993884],[-57.0772097,-25.699535],[-57.0780389,-25.6998287],[-57.0780368,-25.7002307],[-57.0778563,-25.7005847],[-57.0776191,-25.7007601],[-57.077152,-25.7009387],[-57.0766883,-25.7011332],[-57.0763319,-25.7014955],[-57.0760755,-25.7013237],[-57.0757252,-25.701649],[-57.0760347,-25.7018429],[-57.0757646,-25.7019879],[-57.0754248,-25.7021346],[-57.0754638,-25.7023514],[-57.0757504,-25.7027564],[-57.076023,-25.7029669],[-57.0764229,-25.7032539],[-57.0765538,-25.7036972],[-57.0765211,-25.7038709],[-57.0762631,-25.70391],[-57.0759729,-25.7039483],[-57.0759977,-25.7042098],[-57.0754779,-25.7043222],[-57.0750745,-25.7044721],[-57.0747241,-25.7046475],[-57.0744799,-25.7048611],[-57.0743595,-25.7050684],[-57.0740941,-25.7053778],[-57.0738322,-25.7056552],[-57.0737013,-25.7059199],[-57.0735703,-25.7061367],[-57.0733615,-25.7064652],[-57.0730996,-25.706698],[-57.0728129,-25.7067841],[-57.0725015,-25.706749],[-57.0723705,-25.7065864],[-57.0723599,-25.7063823],[-57.0725333,-25.7061527],[-57.0726926,-25.7059167],[-57.072728,-25.7057413],[-57.072636,-25.7055914],[-57.0724378,-25.7054989],[-57.0720838,-25.7053554],[-57.0719104,-25.7051673],[-57.0718963,-25.7049249],[-57.0718042,-25.7047145],[-57.0716698,-25.704488],[-57.0714255,-25.7042042],[-57.0714857,-25.7035983],[-57.0715459,-25.7033591],[-57.0717582,-25.7031742],[-57.0721122,-25.7030753],[-57.0725085,-25.7029924],[-57.0728023,-25.7029541],[-57.0730571,-25.7027692],[-57.0730748,-25.7025172],[-57.0730713,-25.7022621],[-57.0731314,-25.7019177],[-57.0731173,-25.7014266],[-57.0732447,-25.7011428],[-57.0733438,-25.7007282],[-57.0734217,-25.700438],[-57.0735455,-25.7001446],[-57.0736446,-25.6997874],[-57.073588,-25.6995004],[-57.0733969,-25.6992261],[-57.0732058,-25.6990635],[-57.0730288,-25.6988945],[-57.0729474,-25.6986648],[-57.0730253,-25.6984352],[-57.0735349,-25.6984225],[-57.0741065,-25.6984359],[-57.0767956,-25.6993884]]},"properties":{"natural":"wetland","wetland":"fen","osm_id":1268179761,"osm_type":"way"}},{"type":"Feature","geometry":{"type":"LineString","coordinates":[[-57.0956461,-25.688256],[-57.0955706,-25.6882477],[-57.0954967,-25.6882283],[-57.0954181,-25.688188],[-57.0953472,-25.6881949],[-57.0953257,-25.6882227],[-57.0953426,-25.6882366],[-57.0953981,-25.6882477],[-57.0954797,-25.6882907],[-57.0955413,-25.6883504],[-57.0956076,-25.6884407],[-57.0956307,-25.6885017],[-57.0956361,-25.6885161],[-57.0956491,-25.6885059],[-57.095665,-25.6884999],[-57.0956822,-25.6884986],[-57.0956989,-25.6885022],[-57.0957147,-25.6885113],[-57.0957339,-25.6884819],[-57.095744,-25.6884416],[-57.0957095,-25.6884087],[-57.0956566,-25.6883904],[-57.0956404,-25.688372],[-57.0956343,-25.6883354],[-57.0956461,-25.688256]]},"properties":{"natural":"wetland","wetland":"fen","osm_id":1272908401,"osm_type":"way"}},{"type":"Feature","geometry":{"type":"LineString","coordinates":[[-57.0803004,-25.6773067],[-57.0803165,-25.6773695],[-57.0803447,-25.6774251],[-57.0803433,-25.6774832],[-57.0803393,-25.6775194],[-57.0803782,-25.6776028],[-57.0804265,-25.677662],[-57.080456,-25.6777611],[-57.0804533,-25.6778482],[-57.0804245,-25.6779261],[-57.0803844,-25.677885],[-57.0803232,-25.6778328],[-57.0802909,-25.6778006],[-57.080287,-25.6777696],[-57.0802951,-25.6776971],[-57.0802629,-25.6776512],[-57.0802253,-25.677604],[-57.0802025,-25.67754],[-57.0801998,-25.6774602],[-57.0802106,-25.6773623],[-57.0802146,-25.6772825],[-57.0802133,-25.6772245],[-57.0802347,-25.677181],[-57.0803192,-25.6771919],[-57.0803004,-25.6773067]]},"properties":{"natural":"wetland","osm_id":1276127357,"osm_type":"way"}},{"type":"Feature","geometry":{"type":"LineString","coordinates":[[-57.0780139,-25.6715708],[-57.0781365,-25.6715641],[-57.0782692,-25.6715465],[-57.0783825,-25.6714779],[-57.0784532,-25.6714094],[-57.0785223,-25.6712945],[-57.0785771,-25.6711829],[-57.0785736,-25.6710696],[-57.0785594,-25.6709404],[-57.0785789,-25.6708575],[-57.078632,-25.6706996],[-57.0786957,-25.6706119],[-57.078724,-25.6703583],[-57.0787204,-25.6702243],[-57.0786868,-25.6700409],[-57.0786408,-25.6698958],[-57.0785913,-25.6697809],[-57.0785913,-25.6696565],[-57.0785594,-25.6695114],[-57.0784993,-25.6693981],[-57.0784497,-25.6692961],[-57.0783754,-25.6692083],[-57.0782816,-25.6691701],[-57.07814,-25.6690696],[-57.0779808,-25.6690409],[-57.0779719,-25.6691525],[-57.0780976,-25.6692546],[-57.0782143,-25.669363],[-57.0783028,-25.6694875],[-57.0783789,-25.6696278],[-57.0784019,-25.6697267],[-57.0784709,-25.6698734],[-57.0785435,-25.6699931],[-57.0786249,-25.6701573],[-57.078632,-25.6702913],[-57.0786072,-25.6705162],[-57.0786037,-25.6706007],[-57.0785276,-25.6706805],[-57.0784161,-25.6707411],[-57.0783294,-25.6708065],[-57.0783117,-25.6708878],[-57.0782639,-25.6709149],[-57.078117,-25.6709612],[-57.0780268,-25.6710218],[-57.0779481,-25.6710326],[-57.0779403,-25.6710979],[-57.0779169,-25.67114],[-57.077888,-25.6711732],[-57.0778757,-25.6712143],[-57.0779047,-25.6712665],[-57.0779448,-25.6713308],[-57.0779738,-25.6714031],[-57.0779972,-25.6714473],[-57.0780116,-25.6714894],[-57.0780139,-25.6715708]]},"properties":{"natural":"wetland","osm_id":1276127366,"osm_type":"way"}},{"type":"Feature","geometry":{"type":"LineString","coordinates":[[-57.0777443,-25.6678041],[-57.0776789,-25.6677956],[-57.0776252,-25.6677788],[-57.0776042,-25.6677304],[-57.0775785,-25.6676904],[-57.0775435,-25.6676778],[-57.0774944,-25.6676609],[-57.0774524,-25.6675957],[-57.077436,-25.6675305],[-57.0774127,-25.6674842],[-57.0773893,-25.6674315],[-57.077366,-25.6673789],[-57.0773543,-25.6673347],[-57.077401,-25.6673389],[-57.0774711,-25.6673726],[-57.0775201,-25.6673831],[-57.0775832,-25.6673916],[-57.0776439,-25.6673747],[-57.0776882,-25.6673179],[-57.0777256,-25.6672569],[-57.0777419,-25.6672064],[-57.0777326,-25.6671411],[-57.0777233,-25.6670611],[-57.0777419,-25.6669938],[-57.0777513,-25.6669454],[-57.0776999,-25.6668423],[-57.0776742,-25.6668086],[-57.0776228,-25.6667833],[-57.0776345,-25.6667097],[-57.0776532,-25.6666676],[-57.0776789,-25.6666339],[-57.0777513,-25.6666571],[-57.077805,-25.6666991],[-57.0778727,-25.666756],[-57.0779334,-25.6668465],[-57.0779638,-25.6669054],[-57.0780105,-25.6669664],[-57.0780618,-25.6670001],[-57.0781389,-25.6670043],[-57.0782019,-25.6670317],[-57.0782416,-25.6670822],[-57.0782696,-25.6671306],[-57.0782253,-25.6671558],[-57.0781692,-25.6671348],[-57.0780969,-25.6671222],[-57.0780969,-25.6671516],[-57.0781249,-25.6672253],[-57.0780922,-25.667259],[-57.0780408,-25.6672127],[-57.0780268,-25.6671685],[-57.0779941,-25.6671411],[-57.0779077,-25.6671474],[-57.077882,-25.6671979],[-57.0778704,-25.6672548],[-57.0778517,-25.6673137],[-57.0778774,-25.6673579],[-57.077868,-25.6674],[-57.0778237,-25.6674189],[-57.0777793,-25.6674842],[-57.07777,-25.6675368],[-57.0777956,-25.6675789],[-57.0777746,-25.6676273],[-57.07777,-25.667682],[-57.0777956,-25.6677325],[-57.0778026,-25.667783],[-57.0777443,-25.6678041]]},"properties":{"natural":"wetland","osm_id":1276127369,"osm_type":"way"}},{"type":"Feature","geometry":{"type":"LineString","coordinates":[[-57.0776782,-25.6671779],[-57.0776551,-25.6672501],[-57.0776181,-25.6672807],[-57.0775118,-25.6672946],[-57.0774332,-25.6672793],[-57.07735,-25.6672404],[-57.0773038,-25.6671835],[-57.0772746,-25.6671418],[-57.0772283,-25.6670683],[-57.0772561,-25.6670238],[-57.0773054,-25.6669988],[-57.0773516,-25.6669599],[-57.0773439,-25.6669072],[-57.07729,-25.6668711],[-57.0772021,-25.6668614],[-57.0771297,-25.6668461],[-57.0771467,-25.6668142],[-57.0772391,-25.6668225],[-57.0773254,-25.6668336],[-57.0773716,-25.6668725],[-57.0774178,-25.6668808],[-57.0774794,-25.6668544],[-57.0775103,-25.666828],[-57.0775673,-25.6668225],[-57.0776258,-25.6668322],[-57.0776797,-25.6668822],[-57.0776997,-25.6669294],[-57.0776997,-25.6669933],[-57.0776766,-25.6670502],[-57.0776859,-25.6671113],[-57.0776782,-25.6671779]]},"properties":{"natural":"wetland","osm_id":1276127370,"osm_type":"way"}},{"type":"Feature","geometry":{"type":"LineString","coordinates":[[-57.0781872,-25.666484],[-57.0781358,-25.6664503],[-57.0781124,-25.6664166],[-57.0780844,-25.6663598],[-57.078033,-25.6663324],[-57.078012,-25.6663914],[-57.0780004,-25.6664187],[-57.0779303,-25.6664629],[-57.0779163,-25.6665261],[-57.0779256,-25.6665661],[-57.0779023,-25.6666208],[-57.0779373,-25.6666124],[-57.0779957,-25.6665745],[-57.0780634,-25.6665997],[-57.0781288,-25.6666081],[-57.0782128,-25.6666103],[-57.0782572,-25.6665766],[-57.0782735,-25.6665134],[-57.0782642,-25.6664987],[-57.0781872,-25.666484]]},"properties":{"natural":"wetland","osm_id":1276127371,"osm_type":"way"}},{"type":"Feature","geometry":{"type":"LineString","coordinates":[[-57.0775824,-25.6661136],[-57.0775871,-25.6661851],[-57.0776174,-25.6662188],[-57.0776735,-25.6662335],[-57.0776618,-25.6663051],[-57.0775894,-25.6663409],[-57.077503,-25.6663345],[-57.0774446,-25.6663051],[-57.0773372,-25.6662462],[-57.0773092,-25.6662125],[-57.0772928,-25.666122],[-57.0773045,-25.6660904],[-57.0773652,-25.6660525],[-57.0773886,-25.6659831],[-57.0774423,-25.6659494],[-57.077524,-25.6659515],[-57.0776057,-25.6659599],[-57.0776664,-25.6660041],[-57.0776524,-25.6660799],[-57.0776221,-25.666103],[-57.0775824,-25.6661136]]},"properties":{"natural":"wetland","osm_id":1276127372,"osm_type":"way"}},{"type":"Feature","geometry":{"type":"LineString","coordinates":[[-57.0771901,-25.6656],[-57.0771761,-25.6657137],[-57.0771014,-25.665781],[-57.0770056,-25.6658252],[-57.0769659,-25.6658947],[-57.0769636,-25.665981],[-57.0769426,-25.6660883],[-57.0768912,-25.6660273],[-57.0768842,-25.6659747],[-57.0768305,-25.6659789],[-57.0767418,-25.6660104],[-57.0767208,-25.6660504],[-57.0767745,-25.6661115],[-57.0768048,-25.6661683],[-57.0768936,-25.6662335],[-57.0769006,-25.666284],[-57.0767885,-25.6662672],[-57.0767301,-25.6662377],[-57.0766227,-25.6662335],[-57.076534,-25.6662188],[-57.07652,-25.6661683],[-57.0765456,-25.6660778],[-57.0765013,-25.6660441],[-57.0764266,-25.6660357],[-57.0763635,-25.6660673],[-57.0763168,-25.6661493],[-57.0763192,-25.6662525],[-57.0763051,-25.6663451],[-57.0762888,-25.6664419],[-57.0762865,-25.6665513],[-57.0763378,-25.6666608],[-57.0763635,-25.6667555],[-57.0764569,-25.6668481],[-57.0765386,-25.6669217],[-57.076576,-25.666968],[-57.0765106,-25.6669701],[-57.0764102,-25.6669112],[-57.0763472,-25.666846],[-57.0762538,-25.6667723],[-57.0762024,-25.6666902],[-57.0761324,-25.6665808],[-57.0760997,-25.6664966],[-57.0760203,-25.666444],[-57.0758662,-25.666425],[-57.0757588,-25.6664335],[-57.0756794,-25.666425],[-57.075677,-25.6663051],[-57.0757774,-25.6662167],[-57.0759502,-25.6661704],[-57.0761137,-25.6660567],[-57.0762141,-25.6659305],[-57.0762935,-25.6657979],[-57.0763402,-25.6656737],[-57.0762584,-25.6655916],[-57.0762398,-25.6654843],[-57.0764079,-25.6653938],[-57.0765643,-25.6653349],[-57.0767278,-25.6652507],[-57.0770033,-25.6652444],[-57.0771317,-25.6652507],[-57.0771831,-25.6652717],[-57.07705,-25.6651097],[-57.0770197,-25.6650339],[-57.0770103,-25.6649371],[-57.0770593,-25.6648992],[-57.0771901,-25.6649939],[-57.0772858,-25.6651223],[-57.0774003,-25.6652233],[-57.0774656,-25.665358],[-57.0774913,-25.6653685],[-57.0776431,-25.6654317],[-57.0777669,-25.6654843],[-57.0778813,-25.6655222],[-57.0778369,-25.6656295],[-57.0776945,-25.6655979],[-57.0775193,-25.6655495],[-57.0773886,-25.6655137],[-57.0772578,-25.6654969],[-57.0771691,-25.6654569],[-57.0770523,-25.6654148],[-57.0769613,-25.6654106],[-57.0768445,-25.6654169],[-57.0767114,-25.6655011],[-57.0766204,-25.6655222],[-57.0765176,-25.6656169],[-57.0764779,-25.6657221],[-57.0764601,-25.6658426],[-57.076545,-25.6658495],[-57.0765596,-25.6657618],[-57.076688,-25.6656836],[-57.0768,-25.6655903],[-57.0769073,-25.6655048],[-57.0770378,-25.6654685],[-57.0771399,-25.6655264],[-57.0771901,-25.6656]]},"properties":{"natural":"wetland","osm_id":1276127373,"osm_type":"way"}},{"type":"Feature","geometry":{"type":"LineString","coordinates":[[-57.0656003,-25.6575154],[-57.0656681,-25.6576265],[-57.0657728,-25.657696],[-57.0657913,-25.657832],[-57.0657205,-25.6578681],[-57.0656896,-25.6579792],[-57.0658406,-25.6580264],[-57.0658252,-25.6581348],[-57.0657636,-25.6582347],[-57.0656681,-25.6583542],[-57.0656003,-25.6584902],[-57.0655017,-25.6585958],[-57.0653692,-25.6586291],[-57.0652244,-25.6586652],[-57.0651659,-25.6588041],[-57.0650765,-25.6589846],[-57.064944,-25.6590623],[-57.0647468,-25.6590374],[-57.0647099,-25.6588985],[-57.064867,-25.6587624],[-57.0649594,-25.6586597],[-57.0650734,-25.6585319],[-57.065209,-25.6584097],[-57.0653322,-25.658257],[-57.0653692,-25.6580959],[-57.0653446,-25.6580292],[-57.0652768,-25.6579154],[-57.0653045,-25.6578126],[-57.0652953,-25.6576598],[-57.0653322,-25.6575515],[-57.0654524,-25.6575015],[-57.0656003,-25.6575154]]},"properties":{"natural":"wetland","wetland":"swamp","osm_id":1278169637,"osm_type":"way"}},{"type":"Feature","geometry":{"type":"LineString","coordinates":[[-57.0644134,-25.6601634],[-57.0643706,-25.6602346],[-57.0642693,-25.6603811],[-57.0641213,-25.6604652],[-57.0638913,-25.6605435],[-57.0636902,-25.6606029],[-57.0636275,-25.6606827],[-57.0636934,-25.6608117],[-57.0638446,-25.6608972],[-57.0640248,-25.6609335],[-57.0642001,-25.660903],[-57.0644462,-25.6608015],[-57.064696,-25.6607277],[-57.0645404,-25.6607388],[-57.0644003,-25.660686],[-57.0643448,-25.6605749],[-57.0643571,-25.6604583],[-57.064411,-25.6603555],[-57.0644141,-25.660175],[-57.0644134,-25.6601634]]},"properties":{"natural":"wetland","osm_id":1278169639,"osm_type":"way"}},{"type":"Feature","geometry":{"type":"LineString","coordinates":[[-57.0293003,-25.6554704],[-57.0292555,-25.6554503],[-57.0291978,-25.6554092],[-57.0291495,-25.6553789],[-57.0291294,-25.6553439],[-57.0291307,-25.65531],[-57.0291442,-25.6552871],[-57.0291737,-25.6552883],[-57.02923,-25.6553125],[-57.0292836,-25.6553306],[-57.0293105,-25.6553197],[-57.0293386,-25.6552967],[-57.0293721,-25.6552992],[-57.0293265,-25.6553656],[-57.0293078,-25.6554152],[-57.0293145,-25.655437],[-57.0293003,-25.6554704]]},"properties":{"natural":"wetland","osm_id":1280065277,"osm_type":"way"}},{"type":"Feature","geometry":{"type":"LineString","coordinates":[[-57.0530479,-25.7077295],[-57.052979,-25.7075978],[-57.0528327,-25.7074384],[-57.0526985,-25.7073651],[-57.0525501,-25.7072919],[-57.0524383,-25.707226],[-57.0523062,-25.7071069],[-57.0522493,-25.7070043],[-57.0521842,-25.7069476],[-57.0520826,-25.7069421],[-57.0520379,-25.7069659],[-57.0520704,-25.7070153],[-57.05217,-25.7070666],[-57.0522025,-25.7071802],[-57.0522432,-25.7072809],[-57.0523448,-25.7073835],[-57.0524566,-25.7074641],[-57.0525664,-25.7075703],[-57.0526802,-25.7077168],[-57.0527554,-25.7078267],[-57.0527814,-25.7078384],[-57.0528199,-25.7078116],[-57.0529406,-25.7077657],[-57.0530479,-25.7077295]]},"properties":{"natural":"wetland","osm_id":1280338665,"osm_type":"way"}},{"type":"Feature","geometry":{"type":"LineString","coordinates":[[-57.0212194,-25.653539],[-57.0211523,-25.6536176],[-57.0211375,-25.6536793],[-57.0211054,-25.6537155],[-57.0210745,-25.6537119],[-57.0210477,-25.653666],[-57.0210531,-25.6536067],[-57.0210705,-25.6535584],[-57.021108,-25.6534979],[-57.0211818,-25.6534109],[-57.0212556,-25.653319],[-57.0213038,-25.6532404],[-57.0213401,-25.653151],[-57.0213682,-25.6530664],[-57.0214125,-25.6529878],[-57.021454,-25.652914],[-57.0214996,-25.6528113],[-57.0215345,-25.6526602],[-57.021568,-25.6525598],[-57.0215734,-25.6524462],[-57.0215318,-25.6523144],[-57.0215144,-25.6522334],[-57.0215211,-25.6521488],[-57.0215573,-25.6520968],[-57.0216029,-25.65204],[-57.021619,-25.6519807],[-57.0215935,-25.6518973],[-57.0215922,-25.6518308],[-57.0216364,-25.6517583],[-57.021678,-25.6516894],[-57.0217062,-25.6515987],[-57.0217035,-25.6515081],[-57.0216954,-25.6514186],[-57.0217196,-25.6513473],[-57.0217491,-25.6512155],[-57.0217679,-25.6510704],[-57.0217424,-25.6509568],[-57.0216592,-25.6508673],[-57.0215721,-25.6508238],[-57.0215144,-25.6508032],[-57.0212167,-25.65042],[-57.0212422,-25.6502556],[-57.0212019,-25.6501045],[-57.0211952,-25.6499775],[-57.0211751,-25.6498047],[-57.0211845,-25.64972],[-57.0212127,-25.6496487],[-57.0212448,-25.6495629],[-57.0212153,-25.6494819],[-57.0211845,-25.6493465],[-57.0211349,-25.649234],[-57.021104,-25.6491518],[-57.0210906,-25.6490599],[-57.0210665,-25.6489185],[-57.0210303,-25.6488472],[-57.0210262,-25.6487734],[-57.0210933,-25.6486695],[-57.0211845,-25.6486102],[-57.0212502,-25.6485643],[-57.0213092,-25.6485123],[-57.0213749,-25.6484168],[-57.0214125,-25.6483164],[-57.021438,-25.6482439],[-57.0214447,-25.648129],[-57.0214178,-25.6480215],[-57.0213561,-25.6479163],[-57.0213106,-25.647851],[-57.0213079,-25.6477627],[-57.0213441,-25.6476745],[-57.0214125,-25.647585],[-57.0213857,-25.647498],[-57.0213763,-25.6474121],[-57.0213789,-25.6473505],[-57.0213629,-25.6472791],[-57.0213709,-25.6472501],[-57.0214259,-25.647319],[-57.0214742,-25.6473589],[-57.0215345,-25.647371],[-57.0216217,-25.6473747],[-57.0216928,-25.647371],[-57.0218014,-25.6473227],[-57.0218832,-25.6472864],[-57.0218886,-25.6473082],[-57.0218416,-25.6473432],[-57.0218296,-25.6473843],[-57.0218765,-25.6474665],[-57.0219114,-25.6475342],[-57.0219087,-25.6475947],[-57.0219301,-25.6476769],[-57.0219167,-25.6477736],[-57.0218685,-25.6478486],[-57.0217638,-25.6480178],[-57.0216901,-25.6481327],[-57.0216391,-25.6481835],[-57.021615,-25.6482487],[-57.0216096,-25.6484059],[-57.0215949,-25.6484543],[-57.0215761,-25.648505],[-57.0215989,-25.6485909],[-57.0216445,-25.6486598],[-57.0216901,-25.6487057],[-57.0216968,-25.6487432],[-57.0216539,-25.6487638],[-57.0215828,-25.648748],[-57.0215064,-25.6487299],[-57.0214353,-25.6487384],[-57.0213937,-25.6487734],[-57.0212904,-25.6488738],[-57.0212851,-25.6489427],[-57.021324,-25.6490176],[-57.0214071,-25.6491264],[-57.0214688,-25.6491929],[-57.0214822,-25.6492546],[-57.0214688,-25.6493259],[-57.0214487,-25.6494009],[-57.0214487,-25.6494492],[-57.0214943,-25.6494988],[-57.0215453,-25.6495084],[-57.0215224,-25.6495351],[-57.0214581,-25.6496016],[-57.0214313,-25.6496656],[-57.0214245,-25.6497551],[-57.0214473,-25.6498313],[-57.0214675,-25.6499243],[-57.0215157,-25.6500247],[-57.0215734,-25.6501021],[-57.0216405,-25.6501915],[-57.02167,-25.6502629],[-57.0217156,-25.6503233],[-57.021741,-25.6504055],[-57.0217437,-25.6504877],[-57.0217786,-25.6505554],[-57.0218483,-25.6505917],[-57.0219462,-25.6506485],[-57.02202,-25.6506957],[-57.0220468,-25.6507549],[-57.0220871,-25.6508528],[-57.0220964,-25.6509773],[-57.0220817,-25.651062],[-57.0220347,-25.6511297],[-57.0219717,-25.6511841],[-57.0218939,-25.6512578],[-57.0218617,-25.651334],[-57.0218658,-25.6514186],[-57.0218953,-25.6514996],[-57.0219181,-25.6515685],[-57.021906,-25.6516386],[-57.0218939,-25.651716],[-57.0218953,-25.6518163],[-57.0219516,-25.6519022],[-57.0219784,-25.6519759],[-57.0219932,-25.6520763],[-57.0219865,-25.652144],[-57.0219543,-25.6522491],[-57.0219047,-25.6523277],[-57.0218336,-25.6523954],[-57.0217585,-25.6524667],[-57.0217048,-25.652555],[-57.0216351,-25.652694],[-57.0215855,-25.6528306],[-57.0215439,-25.6529527],[-57.0215171,-25.6530772],[-57.021505,-25.6531848],[-57.0215236,-25.6532857],[-57.0214728,-25.6532815],[-57.0213977,-25.6533396],[-57.0213025,-25.6534508],[-57.0212194,-25.653539]]},"properties":{"natural":"wetland","wetland":"fen","osm_id":1282498827,"osm_type":"way"}},{"type":"Feature","geometry":{"type":"LineString","coordinates":[[-57.0279137,-25.6497781],[-57.0279845,-25.6497749],[-57.028073,-25.6498068],[-57.0281738,-25.649893],[-57.0284127,-25.6501913],[-57.0285083,-25.6503285],[-57.0285632,-25.6504385],[-57.0285596,-25.6505343],[-57.0284623,-25.6505773],[-57.0283243,-25.6506459],[-57.028257,-25.6506922],[-57.0282712,-25.6507576],[-57.0283086,-25.6508412],[-57.028372,-25.650764],[-57.0284941,-25.6507049],[-57.0286109,-25.6506635],[-57.0287295,-25.6506507],[-57.028864,-25.6507209],[-57.0290657,-25.6508852],[-57.0292037,-25.6510064],[-57.029294,-25.6511404],[-57.0295028,-25.6513207],[-57.0296108,-25.6514467],[-57.029632,-25.6515313],[-57.0296373,-25.6516254],[-57.0297081,-25.6516732],[-57.0297948,-25.6516892],[-57.0299098,-25.6517019],[-57.0300478,-25.6517897],[-57.0302018,-25.6519285],[-57.0302248,-25.6519125],[-57.0302018,-25.6516732],[-57.030177,-25.6514866],[-57.0301169,-25.6513047],[-57.0300921,-25.651217],[-57.0298921,-25.651166],[-57.0297116,-25.6510862],[-57.0295417,-25.6509889],[-57.0294073,-25.6508629],[-57.0292921,-25.6507157],[-57.0291754,-25.6508007],[-57.0290321,-25.6507049],[-57.0288622,-25.6505646],[-57.0286941,-25.6503588],[-57.0285808,-25.6501977],[-57.0284959,-25.650078],[-57.0284782,-25.6498387],[-57.0284747,-25.6494511],[-57.0284534,-25.6492469],[-57.0282641,-25.6493331],[-57.0281597,-25.6494128],[-57.0281101,-25.6495133],[-57.0280747,-25.6496218],[-57.0280287,-25.6496665],[-57.0279137,-25.6497781]]},"properties":{"natural":"wetland","osm_id":1282498828,"osm_type":"way"}},{"type":"Feature","geometry":{"type":"LineString","coordinates":[[-57.0225694,-25.6545228],[-57.0225057,-25.6545275],[-57.0224438,-25.6545786],[-57.0223969,-25.6546241],[-57.0223845,-25.6545738],[-57.0223933,-25.6545076],[-57.0223924,-25.6544438],[-57.0223933,-25.6544071],[-57.0224216,-25.6543856],[-57.0225694,-25.6545228]]},"properties":{"natural":"wetland","osm_id":1282926372,"osm_type":"way"}},{"type":"Feature","geometry":{"type":"LineString","coordinates":[[-57.0228968,-25.6546472],[-57.0228109,-25.65464],[-57.0227242,-25.6546225],[-57.0226605,-25.6545961],[-57.0226119,-25.6545746],[-57.0225818,-25.6545658],[-57.0225535,-25.6545794],[-57.0224977,-25.6546312],[-57.0224225,-25.6546783],[-57.0223447,-25.6547182],[-57.0222385,-25.6547628],[-57.0223146,-25.6547931],[-57.0223969,-25.654853],[-57.0225075,-25.6548458],[-57.0225996,-25.6549129],[-57.0226719,-25.6549937],[-57.022694,-25.6550017],[-57.0227046,-25.65502],[-57.022702,-25.6550376],[-57.022725,-25.6550894],[-57.0231488,-25.6556557],[-57.0231886,-25.6556573],[-57.0232028,-25.6556804],[-57.0232426,-25.6556884],[-57.0232824,-25.6557394],[-57.0232983,-25.6558],[-57.023324,-25.6558686],[-57.0233832,-25.6559245],[-57.0233974,-25.6559771],[-57.0233735,-25.6559938],[-57.0234054,-25.6560289],[-57.0234505,-25.6560241],[-57.0234576,-25.6560632],[-57.0234505,-25.6560736],[-57.0235069,-25.6560555],[-57.0236062,-25.6559056],[-57.0236625,-25.6559249],[-57.0237403,-25.6558475],[-57.0237523,-25.6557835],[-57.0235418,-25.6555864],[-57.0231099,-25.6550968],[-57.022953,-25.6548466],[-57.0228632,-25.6547462],[-57.0228686,-25.6547039],[-57.0228968,-25.6546472]]},"properties":{"natural":"wetland","wetland":"fen","osm_id":1282926373,"osm_type":"way"}},{"type":"Feature","geometry":{"type":"LineString","coordinates":[[-57.0228354,-25.6595976],[-57.0230315,-25.659787],[-57.0231249,-25.6600143],[-57.0231016,-25.660149],[-57.0230876,-25.6603006],[-57.0231483,-25.6604774],[-57.0231436,-25.6606752],[-57.0231389,-25.6608225],[-57.023049,-25.6611372],[-57.0229901,-25.6612987],[-57.0228672,-25.6612869],[-57.0228564,-25.6610309],[-57.0228447,-25.6607257],[-57.0227933,-25.6605195],[-57.022714,-25.6603385],[-57.0225552,-25.6601827],[-57.0224384,-25.6599301],[-57.0224151,-25.6597239],[-57.0225832,-25.6595513],[-57.0226719,-25.6595429],[-57.0228354,-25.6595976]]},"properties":{"natural":"wetland","osm_id":1282926404,"osm_type":"way"}},{"type":"Feature","geometry":{"type":"LineString","coordinates":[[-57.0239375,-25.6598165],[-57.0240169,-25.6598712],[-57.0241056,-25.6599596],[-57.0241383,-25.6601322],[-57.0241196,-25.6602627],[-57.0241476,-25.6603932],[-57.0242691,-25.66049],[-57.0244512,-25.6605026],[-57.0247454,-25.66049],[-57.0249742,-25.6604479],[-57.0251564,-25.6603974],[-57.0253718,-25.6603337],[-57.0255119,-25.6603463],[-57.0255866,-25.6603989],[-57.0254628,-25.6604473],[-57.0253974,-25.6604958],[-57.0252714,-25.6605336],[-57.0250776,-25.660561],[-57.02483,-25.6605863],[-57.0245709,-25.660622],[-57.0243304,-25.6606052],[-57.0242066,-25.6605968],[-57.0240105,-25.660622],[-57.0237956,-25.6606157],[-57.0236929,-25.6605526],[-57.0236018,-25.6604894],[-57.0235294,-25.6604053],[-57.0235738,-25.6602958],[-57.0236579,-25.6602221],[-57.0236789,-25.6600874],[-57.0236789,-25.6599527],[-57.0237116,-25.6598749],[-57.0238026,-25.6598054],[-57.0239375,-25.6598165]]},"properties":{"natural":"wetland","osm_id":1282926405,"osm_type":"way"}},{"type":"Feature","geometry":{"type":"LineString","coordinates":[[-57.0214448,-25.650811],[-57.0212253,-25.6505399],[-57.0211866,-25.6505893],[-57.0211633,-25.650669],[-57.0211439,-25.6507698],[-57.0211419,-25.6508532],[-57.0211145,-25.6509256],[-57.0211216,-25.6509998],[-57.0211378,-25.6510575],[-57.0211307,-25.6511116],[-57.0211338,-25.6511455],[-57.0211572,-25.6511867],[-57.0211877,-25.651194],[-57.021212,-25.6511702],[-57.0212192,-25.6511152],[-57.0212242,-25.6510428],[-57.0212425,-25.650976],[-57.0212771,-25.6509201],[-57.0213269,-25.650877],[-57.0213828,-25.6508376],[-57.0214448,-25.650811]]},"properties":{"natural":"wetland","wetland":"fen","osm_id":1284275790,"osm_type":"way"}},{"type":"Feature","geometry":{"type":"LineString","coordinates":[[-57.0286161,-25.6697188],[-57.0285386,-25.6696771],[-57.0284307,-25.6696389],[-57.0283334,-25.6696086],[-57.0282236,-25.6695687],[-57.0281086,-25.6695543],[-57.0280254,-25.6695575],[-57.028006,-25.6696038],[-57.0280715,-25.6696293],[-57.0281617,-25.6696612],[-57.0282325,-25.6697027],[-57.0282562,-25.6697618],[-57.0283107,-25.6697398],[-57.0283817,-25.6698391],[-57.0284585,-25.6699032],[-57.0285253,-25.6698441],[-57.0286152,-25.6697913],[-57.0286161,-25.6697188]]},"properties":{"natural":"wetland","osm_id":1286295606,"osm_type":"way"}},{"type":"Feature","geometry":{"type":"LineString","coordinates":[[-56.6845356,-25.3523017],[-56.6840057,-25.3532373],[-56.6839933,-25.3533598],[-56.6830444,-25.3544401],[-56.6828842,-25.3548076],[-56.6832169,-25.3555315],[-56.6837838,-25.3558099],[-56.6839441,-25.3560549],[-56.6835127,-25.3566118],[-56.6835565,-25.3575069],[-56.6851395,-25.358583],[-56.6873958,-25.3585945],[-56.6880603,-25.352569],[-56.6884424,-25.349484],[-56.6888614,-25.3472564],[-56.6944936,-25.345931],[-56.6908826,-25.3409189],[-56.6865198,-25.3440933],[-56.6860761,-25.3479247],[-56.6845356,-25.3523017]]},"properties":{"natural":"wetland","wetland":"wet_meadow","osm_id":1360703790,"osm_type":"way"}},{"type":"Feature","geometry":{"type":"LineString","coordinates":[[-57.4208468,-25.3633933],[-57.4207782,-25.3634145],[-57.4207031,-25.3632558],[-57.4205455,-25.3632951],[-57.4204832,-25.363306],[-57.4203537,-25.3634345],[-57.4204744,-25.3635345],[-57.4205288,-25.3635454],[-57.4205596,-25.363543],[-57.420795,-25.3634915],[-57.4208761,-25.3634665],[-57.4208468,-25.3633933]]},"properties":{"natural":"wetland","osm_id":1414313693,"osm_type":"way"}},{"type":"Feature","geometry":{"type":"Polygon","coordinates":[[[-57.4173108,-25.34701],[-57.417284,-25.3467361],[-57.4171659,-25.3465131],[-57.4169779,-25.3465746],[-57.4168253,-25.3466246],[-57.4165571,-25.3465907],[-57.4164766,-25.346581],[-57.4159085,-25.3456329],[-57.4156572,-25.3458586],[-57.416549,-25.3474542],[-57.416771,-25.3474409],[-57.4171619,-25.3473033],[-57.4173242,-25.3471397],[-57.4173108,-25.34701]]]},"properties":{"name":"Area inundable","natural":"wetland","osm_id":1416204410,"osm_type":"way"}},{"type":"Feature","geometry":{"type":"Polygon","coordinates":[[[-57.4153233,-25.345941],[-57.4145366,-25.3466256],[-57.4141645,-25.3469494],[-57.4143375,-25.3479614],[-57.4143543,-25.3480108],[-57.4144991,-25.3479741],[-57.4145971,-25.3479178],[-57.4146768,-25.3478845],[-57.4147707,-25.347879],[-57.4148579,-25.3479135],[-57.4149337,-25.3479287],[-57.4150249,-25.3478711],[-57.4151679,-25.3478582],[-57.4152267,-25.3478408],[-57.4155841,-25.3478511],[-57.4156719,-25.3478711],[-57.4157766,-25.3479275],[-57.4158289,-25.347962],[-57.4158953,-25.3479821],[-57.415973,-25.3479939],[-57.4160998,-25.3479602],[-57.4161977,-25.3478899],[-57.4162567,-25.3478511],[-57.416372,-25.3476936],[-57.4153233,-25.345941]]]},"properties":{"name":"Area inundable","natural":"wetland","osm_id":1416204411,"osm_type":"way"}},{"type":"Feature","geometry":{"type":"Polygon","coordinates":[[[-57.4165159,-25.3479339],[-57.4162669,-25.3480338],[-57.4160201,-25.348138],[-57.4157814,-25.3481283],[-57.415717,-25.3480508],[-57.415363,-25.3479805],[-57.4151592,-25.3479732],[-57.4149633,-25.3481138],[-57.4146978,-25.3480217],[-57.4143733,-25.3481017],[-57.4142016,-25.348109],[-57.413987,-25.3481502],[-57.4140457,-25.3492746],[-57.4143662,-25.3491075],[-57.4148098,-25.3490602],[-57.4149608,-25.34923],[-57.4151457,-25.349348],[-57.4155862,-25.3493118],[-57.4162086,-25.3489582],[-57.4168433,-25.3486018],[-57.4165159,-25.3479339]]]},"properties":{"name":"area inundable","natural":"wetland","wetland":"yes","osm_id":1416951421,"osm_type":"way"}},{"type":"Feature","geometry":{"type":"Polygon","coordinates":[[[-57.4167056,-25.3477488],[-57.4167564,-25.3478769],[-57.4171277,-25.3477265],[-57.4173922,-25.3475666],[-57.417645,-25.3473553],[-57.4178746,-25.3470107],[-57.41833,-25.3467037],[-57.4186093,-25.3465714],[-57.4191726,-25.3463656],[-57.4194776,-25.3462097],[-57.4198294,-25.3461454],[-57.4201934,-25.3461766],[-57.4201339,-25.346103],[-57.4200961,-25.3459358],[-57.4200686,-25.3459156],[-57.4199885,-25.3459086],[-57.4198864,-25.3459384],[-57.4197813,-25.3459521],[-57.4196733,-25.3459556],[-57.4195661,-25.3459255],[-57.4194486,-25.3459353],[-57.4193064,-25.3459373],[-57.4191681,-25.3459604],[-57.4191008,-25.3460105],[-57.4189949,-25.346127],[-57.4189406,-25.3462949],[-57.4188659,-25.3463601],[-57.4187894,-25.34639],[-57.4186621,-25.3463857],[-57.418492,-25.3462505],[-57.418455,-25.3462166],[-57.4184196,-25.346225],[-57.4184101,-25.3462658],[-57.4184186,-25.3463343],[-57.4184076,-25.3463883],[-57.4183496,-25.3464168],[-57.4182736,-25.3464232],[-57.4181598,-25.3464586],[-57.418054,-25.3465193],[-57.4179866,-25.3466057],[-57.4178351,-25.346797],[-57.4177612,-25.3468338],[-57.4176602,-25.3468106],[-57.4176017,-25.3468117],[-57.4175745,-25.346843],[-57.4175632,-25.3469248],[-57.4174953,-25.3470995],[-57.4174273,-25.3472214],[-57.4173859,-25.3472921],[-57.4173192,-25.3473606],[-57.4172341,-25.3474292],[-57.4171513,-25.3474833],[-57.4169995,-25.3475664],[-57.416896,-25.3476101],[-57.4167902,-25.3476662],[-57.4167351,-25.3476849],[-57.4166686,-25.3477431],[-57.4167056,-25.3477488]]]},"properties":{"name":"area inundable","natural":"wetland","osm_id":1416951422,"osm_type":"way"}},{"type":"Feature","geometry":{"type":"Polygon","coordinates":[[[-57.425164,-25.3381759],[-57.4253398,-25.3381133],[-57.4256201,-25.3380391],[-57.425769,-25.3379255],[-57.4259106,-25.3378318],[-57.4267736,-25.3383849],[-57.428099,-25.3366625],[-57.4280566,-25.3355006],[-57.4266741,-25.3347713],[-57.4277449,-25.3338445],[-57.4281033,-25.3325283],[-57.4261415,-25.3323589],[-57.425731,-25.3329602],[-57.4251081,-25.3333697],[-57.4246268,-25.3339583],[-57.4242304,-25.3347388],[-57.4240888,-25.3351099],[-57.424466,-25.3356613],[-57.4245729,-25.3359719],[-57.4243623,-25.3366397],[-57.4241909,-25.3370858],[-57.4250361,-25.3375602],[-57.4249913,-25.3380325],[-57.425164,-25.3381759]]]},"properties":{"name":"zona inundable","natural":"wetland","wetland":"yes","osm_id":1417013018,"osm_type":"way"}},{"type":"Feature","geometry":{"type":"LineString","coordinates":[[-57.4263395,-25.3390094],[-57.4266936,-25.3391209],[-57.4274232,-25.3393439],[-57.4271442,-25.3402651],[-57.4271603,-25.3412348],[-57.4265274,-25.3419638],[-57.4259159,-25.3429819],[-57.4256906,-25.3432534],[-57.4254653,-25.3433988],[-57.4265518,-25.3458947],[-57.4279465,-25.3469419],[-57.425908,-25.3475818],[-57.424406,-25.3450415],[-57.4240841,-25.343684],[-57.4237754,-25.3423811],[-57.4240898,-25.3406157],[-57.4248256,-25.3405637],[-57.4251193,-25.3396904],[-57.4249178,-25.3392371],[-57.4248934,-25.3383993],[-57.4249178,-25.338245],[-57.4252105,-25.3384361],[-57.4253081,-25.3387447],[-57.4260073,-25.3388623],[-57.4263395,-25.3390094]]},"properties":{"name":"zona inundable","natural":"wetland","osm_id":1417013019,"osm_type":"way"}},{"type":"Feature","geometry":{"type":"LineString","coordinates":[[-57.2183475,-25.7501212],[-57.2181504,-25.7500282],[-57.2178492,-25.7498683],[-57.217555,-25.7497274],[-57.2172374,-25.7495466],[-57.2170506,-25.7494456],[-57.216684,-25.7492079],[-57.2165789,-25.749168],[-57.2163618,-25.7490902],[-57.2161703,-25.7489871],[-57.2160162,-25.7490439],[-57.2158388,-25.7491091],[-57.215666,-25.7491428],[-57.2156309,-25.7492689],[-57.2155726,-25.7493762],[-57.2154815,-25.7494624],[-57.2153671,-25.7495697],[-57.2152188,-25.7497025],[-57.2153507,-25.7498222],[-57.2153377,-25.7499667],[-57.21529,-25.7500686],[-57.2151759,-25.7501636],[-57.2150496,-25.7502364],[-57.2149752,-25.7503982],[-57.2149455,-25.7505705],[-57.2150888,-25.7506615],[-57.2152709,-25.7506328],[-57.2153882,-25.7506218],[-57.2153905,-25.7504029],[-57.2154443,-25.7503307],[-57.2155592,-25.7504025],[-57.2156441,-25.7502913],[-57.2156033,-25.750157],[-57.2155531,-25.7500424],[-57.2155278,-25.7498809],[-57.2155134,-25.7497343],[-57.215672,-25.7496903],[-57.2158427,-25.7496684],[-57.2160013,-25.7497086],[-57.2159972,-25.7497709],[-57.2160867,-25.7498698],[-57.2161802,-25.7499064],[-57.2162981,-25.7498844],[-57.2164363,-25.7497965],[-57.2165095,-25.7497855],[-57.2165461,-25.7498698],[-57.2165867,-25.7499796],[-57.2166439,-25.7500949],[-57.2167055,-25.7501865],[-57.2167363,-25.7502919],[-57.2167456,-25.7503974],[-57.2167086,-25.7504695],[-57.2166747,-25.7505167],[-57.2166439,-25.7505889],[-57.2167795,-25.7507082],[-57.2169335,-25.7506083],[-57.2170105,-25.7505056],[-57.2169643,-25.7503558],[-57.2169736,-25.7502531],[-57.2169458,-25.7501365],[-57.2169119,-25.750081],[-57.216989,-25.7500422],[-57.2170598,-25.7499978],[-57.2170629,-25.7499173],[-57.2171461,-25.7498923],[-57.2172077,-25.7499589],[-57.2172817,-25.7500422],[-57.2173587,-25.7500921],[-57.217408,-25.7501615],[-57.2174018,-25.7502448],[-57.2174608,-25.7502848],[-57.2175095,-25.7503452],[-57.2175767,-25.7502999],[-57.2176725,-25.7502536],[-57.2177986,-25.7501842],[-57.2178896,-25.7501127],[-57.2180437,-25.7501337],[-57.2181091,-25.7501589],[-57.2181278,-25.7501947],[-57.2180998,-25.7502368],[-57.2181441,-25.7502809],[-57.2182375,-25.7503104],[-57.2183925,-25.7503644],[-57.2185228,-25.750435],[-57.2186911,-25.7504708],[-57.218852,-25.7506063],[-57.218816,-25.7507318],[-57.21877,-25.7509166],[-57.2187563,-25.751173],[-57.2186981,-25.7513138],[-57.2186067,-25.7513163],[-57.2184831,-25.7513527],[-57.218363,-25.7514282],[-57.2182569,-25.7514692],[-57.2181543,-25.7514243],[-57.2180375,-25.7513875],[-57.2179296,-25.7513643],[-57.2178322,-25.7513703],[-57.2177298,-25.7514574],[-57.2177253,-25.7516019],[-57.2177254,-25.7517078],[-57.2178912,-25.7517628],[-57.2179928,-25.7518261],[-57.2180553,-25.7519503],[-57.2180594,-25.7520598],[-57.2180684,-25.7521294],[-57.2180108,-25.7521788],[-57.2179307,-25.7521965],[-57.2178255,-25.7522192],[-57.2177387,-25.7523011],[-57.217646,-25.7523959],[-57.2175854,-25.752486],[-57.2175278,-25.7525997],[-57.2175193,-25.7526991],[-57.2175575,-25.7528019],[-57.2175521,-25.7529241],[-57.2175085,-25.75305],[-57.2174256,-25.7531052],[-57.2172985,-25.753125],[-57.2171745,-25.7531426],[-57.217052,-25.7532021],[-57.2169433,-25.7533115],[-57.2169191,-25.7534732],[-57.216879,-25.7535735],[-57.2168049,-25.7536218],[-57.2167679,-25.7537217],[-57.2167753,-25.7537931],[-57.216833,-25.753823],[-57.2168834,-25.7537893],[-57.2169167,-25.7537024],[-57.2169889,-25.7536855],[-57.2170382,-25.7537218],[-57.217066,-25.7538107],[-57.2170073,-25.7539228],[-57.2169568,-25.7540438],[-57.2169465,-25.7542329],[-57.2169602,-25.7543715],[-57.2169144,-25.7544984],[-57.2168464,-25.7546262],[-57.2168011,-25.7547138],[-57.2168048,-25.7548389],[-57.2169044,-25.754871],[-57.2169467,-25.7549344],[-57.2169415,-25.7551727],[-57.2168637,-25.7552817],[-57.216806,-25.7554073],[-57.2167847,-25.7555616],[-57.2168492,-25.7556794],[-57.2168627,-25.7558839],[-57.2169363,-25.7560884],[-57.2170638,-25.7561625],[-57.2172593,-25.7562482],[-57.2174716,-25.7562765],[-57.2177191,-25.7562833],[-57.2180314,-25.7563314],[-57.2182124,-25.7561812],[-57.2182483,-25.755972],[-57.2182315,-25.755787],[-57.2182212,-25.7556248],[-57.2183237,-25.75551],[-57.2184685,-25.7554971],[-57.218585,-25.7554376],[-57.2186603,-25.7553049],[-57.2186453,-25.755175],[-57.2186455,-25.75501],[-57.2186082,-25.7548698],[-57.2185863,-25.7546976],[-57.2185125,-25.7545294],[-57.2186053,-25.7543519],[-57.2186583,-25.7542189],[-57.2186946,-25.7540787],[-57.2187422,-25.7539526],[-57.2188053,-25.7538601],[-57.2188722,-25.7537944],[-57.2189391,-25.7537288],[-57.2190278,-25.7536992],[-57.219096,-25.753694],[-57.2191887,-25.7536263],[-57.2193084,-25.7535314],[-57.2194077,-25.7534552],[-57.2195025,-25.7534019],[-57.2195762,-25.7533379],[-57.2195886,-25.7532247],[-57.2195347,-25.7531494],[-57.2195208,-25.7530762],[-57.2195757,-25.752997],[-57.2196493,-25.7529279],[-57.2197326,-25.7529184],[-57.2198311,-25.7529504],[-57.2199172,-25.7529492],[-57.2200031,-25.7528468],[-57.2199839,-25.7527587],[-57.2198716,-25.7526656],[-57.2198257,-25.752557],[-57.2198633,-25.7524566],[-57.2199508,-25.7523888],[-57.2201197,-25.7523532],[-57.2202357,-25.7523597],[-57.2203012,-25.7524116],[-57.2203214,-25.7525264],[-57.2203185,-25.7526284],[-57.2202328,-25.7527603],[-57.2201105,-25.7528852],[-57.2199523,-25.7530074],[-57.2199317,-25.7531242],[-57.2200445,-25.753208],[-57.22019,-25.7531924],[-57.2203886,-25.7530834],[-57.2206317,-25.7529654],[-57.2208345,-25.7527903],[-57.2209936,-25.7525735],[-57.22109,-25.7523674],[-57.221178,-25.7522105],[-57.2213415,-25.7520909],[-57.2214777,-25.7520571],[-57.2216453,-25.7520949],[-57.2216908,-25.7522205],[-57.2216709,-25.7523719],[-57.2216434,-25.7525191],[-57.2216378,-25.7526581],[-57.2216512,-25.7528142],[-57.221678,-25.7529486],[-57.2217193,-25.753051],[-57.2218512,-25.7530726],[-57.2220163,-25.7530492],[-57.2222419,-25.7530025],[-57.2223602,-25.7528535],[-57.2225105,-25.7526887],[-57.2225401,-25.752559],[-57.222493,-25.7523643],[-57.2225404,-25.7521749],[-57.2221362,-25.7519902],[-57.2219398,-25.7518993],[-57.2203235,-25.7510898],[-57.2203329,-25.7509861],[-57.220192,-25.7509223],[-57.2200932,-25.7509495],[-57.2193842,-25.7506072],[-57.2190475,-25.7504526],[-57.2187501,-25.7503164],[-57.2183475,-25.7501212]]},"properties":{"osm_id":1105029857,"osm_type":"way"}},{"type":"Feature","geometry":{"type":"LineString","coordinates":[[-57.2183152,-25.7543992],[-57.218209,-25.7545426],[-57.2181453,-25.7546733],[-57.218032,-25.7547817],[-57.2178621,-25.7548327],[-57.2176463,-25.7548487],[-57.2175472,-25.7548168],[-57.2174728,-25.7547339],[-57.217487,-25.7546223],[-57.2175861,-25.7544789],[-57.21771,-25.7542366],[-57.2178763,-25.7540517],[-57.2180002,-25.753886],[-57.2181311,-25.7537011],[-57.2182302,-25.7535577],[-57.2183399,-25.7533919],[-57.218524,-25.7532357],[-57.2187328,-25.753105],[-57.2188708,-25.7530221],[-57.2189947,-25.7529711],[-57.2190938,-25.7529711],[-57.2192672,-25.7529775],[-57.2193698,-25.7529169],[-57.2194265,-25.7528341],[-57.2194265,-25.7526428],[-57.2194512,-25.7524611],[-57.2195751,-25.7522762],[-57.2197131,-25.7521041],[-57.2198016,-25.7519606],[-57.2199043,-25.7517853],[-57.2199892,-25.7516451],[-57.2200388,-25.7515526],[-57.2201343,-25.7516514],[-57.2201379,-25.7517534],[-57.2200388,-25.7518873],[-57.219929,-25.7520371],[-57.219837,-25.7521838],[-57.2197415,-25.752289],[-57.2196459,-25.7524133],[-57.2196176,-25.7525057],[-57.219607,-25.7526269],[-57.2195964,-25.7527512],[-57.2195822,-25.7528755],[-57.2195264,-25.7529788],[-57.219454,-25.7530573],[-57.2193467,-25.7531407],[-57.2192676,-25.7532506],[-57.2191442,-25.7533774],[-57.2189806,-25.7535284],[-57.2188291,-25.7536963],[-57.2187325,-25.753869],[-57.2186319,-25.7539814],[-57.2185206,-25.754101],[-57.2184294,-25.7542218],[-57.218412,-25.7542568],[-57.2183152,-25.7543992]]},"properties":{"osm_id":1105035342,"osm_type":"way"}},{"type":"Feature","geometry":{"type":"LineString","coordinates":[[-57.0590928,-25.7690911],[-57.0589424,-25.769201],[-57.0587106,-25.7691717],[-57.0585399,-25.7690728],[-57.0584586,-25.7689666],[-57.0584505,-25.7688495],[-57.0584586,-25.7686957],[-57.0584708,-25.7685566],[-57.0585114,-25.7684321],[-57.0585887,-25.768304],[-57.0586822,-25.7682088],[-57.0587716,-25.7681575],[-57.0588448,-25.768055],[-57.0589383,-25.7680074],[-57.0590481,-25.7680147],[-57.0591416,-25.7680404],[-57.0592554,-25.7680697],[-57.0593774,-25.7680697],[-57.0594668,-25.7680477],[-57.0595644,-25.7679232],[-57.0596457,-25.7677768],[-57.0596945,-25.7676633],[-57.0597799,-25.7675534],[-57.0598734,-25.7675388],[-57.05991,-25.7675974],[-57.0599303,-25.7676926],[-57.0599506,-25.7678024],[-57.0599384,-25.7679195],[-57.0598693,-25.7680477],[-57.0597839,-25.7681356],[-57.0597026,-25.7681905],[-57.0595888,-25.7682491],[-57.0595237,-25.768293],[-57.0594668,-25.7683626],[-57.059418,-25.7684211],[-57.0593489,-25.7684797],[-57.0592961,-25.768542],[-57.0592595,-25.7686042],[-57.0592107,-25.7686664],[-57.0591619,-25.7686957],[-57.0591253,-25.7687543],[-57.0591253,-25.7688239],[-57.0591172,-25.7689044],[-57.0591253,-25.768974],[-57.0591253,-25.7690033],[-57.0590928,-25.7690911]]},"properties":{"osm_id":1105071519,"osm_type":"way"}},{"type":"Feature","geometry":{"type":"LineString","coordinates":[[-57.0615324,-25.7662053],[-57.0614592,-25.7663664],[-57.0614328,-25.766436],[-57.0613647,-25.7665257],[-57.0612839,-25.766587],[-57.061199,-25.7666483],[-57.0610811,-25.7666794],[-57.0609876,-25.7666702],[-57.0608332,-25.7666336],[-57.0607132,-25.766608],[-57.0606115,-25.7666208],[-57.0604571,-25.766716],[-57.0603066,-25.7667124],[-57.0600079,-25.7666666],[-57.0598696,-25.76663],[-57.0596989,-25.7666446],[-57.0595932,-25.7667252],[-57.0595891,-25.7668387],[-57.0596054,-25.7670144],[-57.0596542,-25.7671792],[-57.0596298,-25.7673695],[-57.0595566,-25.7674867],[-57.0593696,-25.7676222],[-57.0591704,-25.7677174],[-57.0589265,-25.7678565],[-57.0587598,-25.767948],[-57.0586419,-25.7680688],[-57.0585565,-25.768197],[-57.0584223,-25.7684789],[-57.0584142,-25.768629],[-57.0583654,-25.7688267],[-57.0582556,-25.768856],[-57.0581215,-25.7688413],[-57.0580077,-25.7689585],[-57.0579223,-25.769072],[-57.057906,-25.7692917],[-57.0579955,-25.7694381],[-57.0579833,-25.769515],[-57.0579263,-25.7696248],[-57.0578654,-25.7698115],[-57.057841,-25.7699983],[-57.0577922,-25.7702069],[-57.0576621,-25.7703241],[-57.0575361,-25.7703607],[-57.0575279,-25.7707049],[-57.0574344,-25.7709758],[-57.0576296,-25.7709355],[-57.0578857,-25.770855],[-57.0581093,-25.7707451],[-57.058341,-25.770595],[-57.058524,-25.7704815],[-57.0586785,-25.7703607],[-57.0588086,-25.770185],[-57.0589183,-25.7700861],[-57.0590565,-25.7700202],[-57.0591785,-25.7698774],[-57.0592964,-25.7696431],[-57.0592517,-25.7695516],[-57.0590809,-25.7694857],[-57.0588126,-25.7694198],[-57.0586541,-25.7694015],[-57.0584752,-25.7694747],[-57.0583288,-25.7694454],[-57.058276,-25.7693649],[-57.0582882,-25.7692514],[-57.058341,-25.7691342],[-57.058463,-25.769094],[-57.0585768,-25.7691452],[-57.0586988,-25.7692038],[-57.0588533,-25.7692221],[-57.0590037,-25.7692331],[-57.0591053,-25.7691525],[-57.0591785,-25.7690244],[-57.059211,-25.7687864],[-57.0592517,-25.7686839],[-57.0593249,-25.7686143],[-57.0594102,-25.7685228],[-57.0595078,-25.7684313],[-57.0596135,-25.7683105],[-57.0597395,-25.7682409],[-57.0598981,-25.7681787],[-57.0600038,-25.7681457],[-57.0601746,-25.7680322],[-57.0602924,-25.7679443],[-57.0602965,-25.7677174],[-57.0603616,-25.7675196],[-57.0604347,-25.7674098],[-57.0607153,-25.7672597],[-57.061008,-25.7671462],[-57.0613861,-25.7669631],[-57.0616706,-25.7667691],[-57.0618617,-25.7666446],[-57.061939,-25.7665018],[-57.0619796,-25.766414],[-57.0615324,-25.7662053]]},"properties":{"osm_id":1105071520,"osm_type":"way"}},{"type":"Feature","geometry":{"type":"LineString","coordinates":[[-57.0965007,-25.688659],[-57.0965044,-25.6886439],[-57.0965133,-25.6886305],[-57.0965263,-25.6886203],[-57.0965422,-25.6886143],[-57.0965594,-25.688613],[-57.0965761,-25.6886166],[-57.096592,-25.6886257],[-57.0966034,-25.6886391],[-57.0966092,-25.6886552],[-57.0966086,-25.6886721],[-57.0966017,-25.6886878],[-57.0965892,-25.6887005],[-57.0965728,-25.6887086],[-57.0965542,-25.6887112],[-57.0965358,-25.688708],[-57.0965209,-25.6887003],[-57.0965093,-25.6886887],[-57.0965024,-25.6886745],[-57.0965007,-25.688659]]},"properties":{"osm_id":1272907185,"osm_type":"way"}},{"type":"Feature","geometry":{"type":"LineString","coordinates":[[-57.09704,-25.6890549],[-57.0970437,-25.6890397],[-57.0970525,-25.6890264],[-57.0970656,-25.6890162],[-57.0970814,-25.6890101],[-57.0970986,-25.6890089],[-57.0971154,-25.6890125],[-57.0971312,-25.6890216],[-57.0971427,-25.689035],[-57.0971485,-25.6890511],[-57.0971479,-25.689068],[-57.0971409,-25.6890837],[-57.0971285,-25.6890963],[-57.097112,-25.6891045],[-57.0970935,-25.6891071],[-57.0970751,-25.6891039],[-57.0970601,-25.6890962],[-57.0970486,-25.6890846],[-57.0970416,-25.6890704],[-57.09704,-25.6890549]]},"properties":{"osm_id":1272907186,"osm_type":"way"}},{"type":"Feature","geometry":{"type":"LineString","coordinates":[[-57.0974838,-25.6890372],[-57.0974875,-25.689022],[-57.0974964,-25.6890086],[-57.0975094,-25.6889984],[-57.0975253,-25.6889924],[-57.0975425,-25.6889911],[-57.0975592,-25.6889948],[-57.0975751,-25.6890038],[-57.0975865,-25.6890172],[-57.0975923,-25.6890333],[-57.0975917,-25.6890502],[-57.0975847,-25.6890659],[-57.0975723,-25.6890786],[-57.0975559,-25.6890867],[-57.0975373,-25.6890893],[-57.0975189,-25.6890861],[-57.0975039,-25.6890784],[-57.0974924,-25.6890668],[-57.0974855,-25.6890526],[-57.0974838,-25.6890372]]},"properties":{"osm_id":1272907187,"osm_type":"way"}},{"type":"Feature","geometry":{"type":"LineString","coordinates":[[-57.0964825,-25.6884857],[-57.0964863,-25.6884705],[-57.0964951,-25.6884571],[-57.0965081,-25.6884469],[-57.096524,-25.6884409],[-57.0965412,-25.6884396],[-57.096558,-25.6884433],[-57.0965738,-25.6884524],[-57.0965853,-25.6884657],[-57.096591,-25.6884818],[-57.0965904,-25.6884987],[-57.0965835,-25.6885144],[-57.096571,-25.6885271],[-57.0965546,-25.6885352],[-57.0965361,-25.6885378],[-57.0965176,-25.6885347],[-57.0965027,-25.6885269],[-57.0964911,-25.6885154],[-57.0964842,-25.6885011],[-57.0964825,-25.6884857]]},"properties":{"osm_id":1272907188,"osm_type":"way"}},{"type":"Feature","geometry":{"type":"LineString","coordinates":[[-57.0964037,-25.6883997],[-57.0964075,-25.6883845],[-57.0964163,-25.6883711],[-57.0964293,-25.6883609],[-57.0964452,-25.6883549],[-57.0964624,-25.6883536],[-57.0964792,-25.6883573],[-57.096495,-25.6883664],[-57.0965065,-25.6883797],[-57.0965123,-25.6883958],[-57.0965116,-25.6884127],[-57.0965047,-25.6884284],[-57.0964923,-25.6884411],[-57.0964758,-25.6884492],[-57.0964573,-25.6884518],[-57.0964389,-25.6884487],[-57.0964239,-25.6884409],[-57.0964124,-25.6884294],[-57.0964054,-25.6884151],[-57.0964037,-25.6883997]]},"properties":{"osm_id":1272907189,"osm_type":"way"}},{"type":"Feature","geometry":{"type":"LineString","coordinates":[[-57.0963674,-25.6885334],[-57.0963711,-25.6885183],[-57.09638,-25.6885049],[-57.096393,-25.6884947],[-57.0964089,-25.6884887],[-57.0964261,-25.6884874],[-57.0964428,-25.688491],[-57.0964587,-25.6885001],[-57.0964701,-25.6885135],[-57.0964759,-25.6885296],[-57.0964753,-25.6885465],[-57.0964684,-25.6885622],[-57.0964559,-25.6885749],[-57.0964395,-25.688583],[-57.0964209,-25.6885856],[-57.0964025,-25.6885824],[-57.0963876,-25.6885747],[-57.096376,-25.6885631],[-57.0963691,-25.6885489],[-57.0963674,-25.6885334]]},"properties":{"osm_id":1272907190,"osm_type":"way"}},{"type":"Feature","geometry":{"type":"LineString","coordinates":[[-57.0956386,-25.6887849],[-57.0956424,-25.6887697],[-57.0956512,-25.6887564],[-57.0956642,-25.6887462],[-57.0956801,-25.6887401],[-57.0956973,-25.6887389],[-57.0957141,-25.6887425],[-57.0957299,-25.6887516],[-57.0957414,-25.688765],[-57.0957471,-25.6887811],[-57.0957465,-25.6887979],[-57.0957396,-25.6888137],[-57.0957272,-25.6888263],[-57.0957107,-25.6888345],[-57.0956922,-25.6888371],[-57.0956737,-25.6888339],[-57.0956588,-25.6888261],[-57.0956473,-25.6888146],[-57.0956403,-25.6888004],[-57.0956386,-25.6887849]]},"properties":{"osm_id":1272907194,"osm_type":"way"}},{"type":"Feature","geometry":{"type":"LineString","coordinates":[[-57.0967,-25.6894581],[-57.0965337,-25.6894231],[-57.0964346,-25.6893433],[-57.0965514,-25.6892381],[-57.0966469,-25.6892126],[-57.0967991,-25.689203],[-57.0969194,-25.6891838],[-57.0969902,-25.6891615],[-57.0970822,-25.6891998],[-57.0971636,-25.6892668],[-57.0972875,-25.6892955],[-57.0974114,-25.6892859],[-57.097514,-25.6892572],[-57.0976237,-25.6891838],[-57.0976556,-25.6890977],[-57.0976096,-25.6890084],[-57.0975919,-25.6889255],[-57.0976308,-25.6888681],[-57.0976804,-25.6888266],[-57.0976386,-25.6888091],[-57.0975767,-25.6887944],[-57.0974685,-25.6887988],[-57.0973977,-25.6888002],[-57.097296,-25.6888072],[-57.0972914,-25.6887738],[-57.0973253,-25.6887072],[-57.0972236,-25.6887072],[-57.0971389,-25.6887058],[-57.0970449,-25.688678],[-57.096954,-25.6886461],[-57.0968678,-25.6886151],[-57.0968069,-25.6886241],[-57.0967259,-25.6886099],[-57.096721,-25.6885625],[-57.0967553,-25.6885253],[-57.0968,-25.6885078],[-57.0968332,-25.6884965],[-57.0968677,-25.6884934],[-57.096914,-25.6884754],[-57.0969663,-25.6884851],[-57.0970095,-25.6885476],[-57.0970742,-25.6885864],[-57.097125,-25.6885864],[-57.0971774,-25.688542],[-57.0971959,-25.6884906],[-57.0971882,-25.6884323],[-57.0971343,-25.6883837],[-57.0970449,-25.6883671],[-57.0969463,-25.6883504],[-57.0968693,-25.6883601],[-57.0968184,-25.6883254],[-57.096743,-25.6882879],[-57.0966675,-25.688263],[-57.0965519,-25.6882491],[-57.0964965,-25.6882213],[-57.0963994,-25.6882033],[-57.0963393,-25.6882047],[-57.0962854,-25.6882394],[-57.0962839,-25.6882907],[-57.0962731,-25.6883365],[-57.0962146,-25.6883643],[-57.0961345,-25.6883962],[-57.0961241,-25.6884655],[-57.0961038,-25.6885003],[-57.0961323,-25.6885644],[-57.0961689,-25.6886725],[-57.0961851,-25.6887897],[-57.0961811,-25.6889033],[-57.0961546,-25.6889894],[-57.0960998,-25.6890223],[-57.0960103,-25.6890223],[-57.0959188,-25.6890553],[-57.0958538,-25.6890901],[-57.0958416,-25.6891322],[-57.0958131,-25.6891817],[-57.0958579,-25.6892147],[-57.0958883,-25.6892825],[-57.0958538,-25.6893447],[-57.0960334,-25.6894233],[-57.0961516,-25.6895545],[-57.0963021,-25.6896378],[-57.0965069,-25.6895792],[-57.0967,-25.6894581]]},"properties":{"osm_id":1272908400,"osm_type":"way"}},{"type":"Feature","geometry":{"type":"LineString","coordinates":[[-57.095712,-25.6885861],[-57.0956956,-25.6885942],[-57.095677,-25.6885968],[-57.0956586,-25.6885936],[-57.0956436,-25.6885859],[-57.0956321,-25.6885743],[-57.0955244,-25.6886836],[-57.0954689,-25.6887586],[-57.0953873,-25.6888294],[-57.0952702,-25.6889099],[-57.0951886,-25.6890043],[-57.095102,-25.6890731],[-57.0950888,-25.6891429],[-57.095143,-25.6892596],[-57.0952581,-25.6893264],[-57.0952572,-25.6894313],[-57.0952833,-25.6895027],[-57.0953887,-25.6895097],[-57.0954894,-25.6894672],[-57.0954757,-25.6894107],[-57.0954432,-25.6893649],[-57.0954025,-25.6893319],[-57.09537,-25.6892678],[-57.0953395,-25.689211],[-57.0952887,-25.6891451],[-57.095244,-25.6890993],[-57.0952196,-25.6890608],[-57.0952663,-25.6890425],[-57.0953395,-25.6889985],[-57.0954147,-25.6889124],[-57.095433,-25.6888575],[-57.0954838,-25.6888172],[-57.095559,-25.6888043],[-57.0956282,-25.6888062],[-57.0956708,-25.688863],[-57.0957481,-25.6888868],[-57.0958131,-25.6888391],[-57.0958436,-25.6887585],[-57.0958253,-25.6886944],[-57.0957704,-25.6886431],[-57.0957298,-25.6886138],[-57.095712,-25.6885861]]},"properties":{"osm_id":1272908402,"osm_type":"way"}},{"type":"Feature","geometry":{"type":"LineString","coordinates":[[-57.0824488,-25.70148],[-57.0821149,-25.7013495],[-57.0816923,-25.7016988],[-57.0814261,-25.7018797],[-57.0812448,-25.7019535],[-57.0807796,-25.7016676],[-57.0805916,-25.701576],[-57.0803297,-25.7015649],[-57.0801079,-25.701662],[-57.0799692,-25.7018536],[-57.0800493,-25.7020868],[-57.0803359,-25.7021729],[-57.0807643,-25.7023109],[-57.0810478,-25.7024414],[-57.0811988,-25.7027385],[-57.0812142,-25.7029245],[-57.0810724,-25.7031965],[-57.0810517,-25.7032255],[-57.0809061,-25.7034297],[-57.0806965,-25.7036657],[-57.0804501,-25.703724],[-57.0801019,-25.7037323],[-57.0797846,-25.7036963],[-57.0795627,-25.7035436],[-57.079461,-25.703377],[-57.0792947,-25.7031743],[-57.0791129,-25.7030827],[-57.0789558,-25.7030189],[-57.0787185,-25.7030494],[-57.0785398,-25.7030772],[-57.0783457,-25.7030355],[-57.0781331,-25.7029328],[-57.0778805,-25.702794],[-57.0775908,-25.702769],[-57.0774553,-25.7026857],[-57.0773598,-25.702422],[-57.0772057,-25.7021499],[-57.0769069,-25.7018973],[-57.0765464,-25.7016391],[-57.0763319,-25.7014955],[-57.0760755,-25.7013237],[-57.0757252,-25.701649],[-57.0760347,-25.7018429],[-57.0761782,-25.7019328],[-57.0765993,-25.7022868],[-57.0767798,-25.7025005],[-57.0768435,-25.7026886],[-57.0770524,-25.7028704],[-57.0772187,-25.7030298],[-57.0774134,-25.7031255],[-57.0775868,-25.7032467],[-57.0775124,-25.7034029],[-57.0772612,-25.7035528],[-57.076978,-25.7036613],[-57.0766206,-25.7038558],[-57.0765211,-25.7038709],[-57.0762631,-25.70391],[-57.0759729,-25.7039483],[-57.0759977,-25.7042098],[-57.0762773,-25.7041396],[-57.0764401,-25.7042353],[-57.076479,-25.7044394],[-57.076295,-25.7049209],[-57.076617,-25.7049783],[-57.0768365,-25.7046084],[-57.0769072,-25.704417],[-57.0769993,-25.7042129],[-57.0771727,-25.704079],[-57.0775408,-25.7037888],[-57.0778805,-25.7035401],[-57.0781035,-25.7034221],[-57.0783796,-25.7033711],[-57.0787759,-25.7033583],[-57.0790803,-25.7034859],[-57.0792643,-25.7036389],[-57.0794413,-25.7038845],[-57.0796289,-25.7040567],[-57.0799899,-25.7041811],[-57.0804571,-25.7042927],[-57.0808747,-25.7043756],[-57.0814728,-25.704417],[-57.0818444,-25.7043565],[-57.0821736,-25.704417],[-57.0824461,-25.7044936],[-57.0829239,-25.704551],[-57.0834689,-25.7047423],[-57.0843856,-25.7049432],[-57.0847112,-25.7052207],[-57.0850616,-25.7055236],[-57.085158,-25.7057716],[-57.0852067,-25.7059394],[-57.0852732,-25.7061351],[-57.0852777,-25.7063468],[-57.0851979,-25.7064986],[-57.0850738,-25.7066184],[-57.0849807,-25.7067462],[-57.0850117,-25.706914],[-57.0850693,-25.7070737],[-57.0851092,-25.7072854],[-57.0850772,-25.7075143],[-57.0850365,-25.7077268],[-57.0849349,-25.7078403],[-57.084882,-25.7079575],[-57.084882,-25.7080606],[-57.0848495,-25.7082359],[-57.0848129,-25.7083972],[-57.0847704,-25.7085467],[-57.0847832,-25.7086444],[-57.0850406,-25.7086919],[-57.0852921,-25.7085548],[-57.0854325,-25.7087024],[-57.0857132,-25.708792],[-57.0858185,-25.7089027],[-57.0861578,-25.7088921],[-57.0862163,-25.7086919],[-57.0860525,-25.7084178],[-57.085877,-25.708128],[-57.0860349,-25.7078908],[-57.0861636,-25.7077011],[-57.0862982,-25.70768],[-57.0863917,-25.7077748],[-57.0865146,-25.7078486],[-57.0867602,-25.7077643],[-57.086848,-25.7074797],[-57.0868714,-25.7071108],[-57.0868304,-25.7068683],[-57.0869883,-25.7068188],[-57.0870071,-25.7066569],[-57.0870715,-25.7065723],[-57.0871251,-25.7063089],[-57.087101,-25.706217],[-57.0871627,-25.7061083],[-57.0872056,-25.7060068],[-57.0872646,-25.7058956],[-57.0873558,-25.705811],[-57.0874336,-25.7056298],[-57.0874604,-25.7055403],[-57.0875462,-25.7054461],[-57.0876723,-25.7053808],[-57.0877983,-25.7053083],[-57.087911,-25.7052672],[-57.0880344,-25.7052769],[-57.0885439,-25.7051745],[-57.0887018,-25.7050837],[-57.0887622,-25.7051972],[-57.0889487,-25.7050019],[-57.0889957,-25.7048718],[-57.0890175,-25.7047113],[-57.0891267,-25.7046099],[-57.0893501,-25.7046145],[-57.0895887,-25.7046992],[-57.089733,-25.7046313],[-57.0901034,-25.7045904],[-57.0902356,-25.7045501],[-57.0903413,-25.7045574],[-57.090508,-25.7045153],[-57.0906319,-25.7044566],[-57.0905304,-25.7043483],[-57.0900377,-25.7041628],[-57.0882905,-25.7035767],[-57.0881857,-25.7034559],[-57.0881491,-25.7033792],[-57.0880854,-25.7034157],[-57.0879986,-25.7034296],[-57.0879658,-25.70348],[-57.0878674,-25.7034731],[-57.0877748,-25.703494],[-57.0877015,-25.7035253],[-57.0876433,-25.7035798],[-57.0877205,-25.7036905],[-57.0877205,-25.7037544],[-57.0876465,-25.7038154],[-57.0873723,-25.7039667],[-57.0869718,-25.7040681],[-57.0861377,-25.7041234],[-57.0854758,-25.704066],[-57.08486,-25.7041808],[-57.0844884,-25.7042701],[-57.0839929,-25.704235],[-57.0835894,-25.7042382],[-57.0831824,-25.7041936],[-57.0827542,-25.7039831],[-57.0822021,-25.7038364],[-57.081926,-25.7037057],[-57.0817632,-25.7035048],[-57.0817066,-25.7032847],[-57.0817243,-25.7030105],[-57.0817526,-25.7028319],[-57.081696,-25.7026406],[-57.0815933,-25.7024652],[-57.0815827,-25.7023376],[-57.0817278,-25.7021718],[-57.0820322,-25.7018943],[-57.0823401,-25.7016456],[-57.0824488,-25.70148]]},"properties":{"osm_id":1268177613,"osm_type":"way"}},{"type":"Feature","geometry":{"type":"LineString","coordinates":[[-57.081823,-25.7041499],[-57.0816105,-25.7041183],[-57.0814798,-25.7040426],[-57.0813163,-25.7040152],[-57.0811412,-25.7040489],[-57.0810058,-25.7040889],[-57.0808727,-25.7041457],[-57.0808493,-25.7042046],[-57.0809964,-25.7042404],[-57.0811902,-25.7042909],[-57.0813163,-25.7043035],[-57.0815358,-25.704293],[-57.0816806,-25.7042172],[-57.081795,-25.7042067],[-57.081823,-25.7041499]]},"properties":{"osm_id":1268177612,"osm_type":"way"}},{"type":"Feature","geometry":{"type":"LineString","coordinates":[[-57.0772208,-25.6951754],[-57.0772824,-25.6952364],[-57.0772994,-25.6953239],[-57.0772763,-25.6953989],[-57.0771931,-25.6954502],[-57.077056,-25.695471],[-57.0769512,-25.6954821],[-57.0769019,-25.6954225],[-57.0768881,-25.6953489],[-57.0769173,-25.6952628],[-57.076979,-25.6951643],[-57.0770421,-25.6951018],[-57.0771161,-25.6950893],[-57.0772208,-25.6951754]]},"properties":{"osm_id":1264538862,"osm_type":"way"}},{"type":"Feature","geometry":{"type":"LineString","coordinates":[[-57.0773188,-25.6949933],[-57.0772535,-25.6948039],[-57.0769593,-25.6946987],[-57.0766183,-25.6946525],[-57.0762494,-25.6945767],[-57.0757591,-25.6942905],[-57.0743207,-25.6959991],[-57.0747841,-25.696667],[-57.0747593,-25.6967834],[-57.0748549,-25.6969141],[-57.0749681,-25.6970194],[-57.0750159,-25.6971629],[-57.0750318,-25.697249],[-57.0750035,-25.6973558],[-57.0749044,-25.6975839],[-57.0750831,-25.697788],[-57.0752247,-25.6977991],[-57.075391,-25.6978119],[-57.0755238,-25.6978789],[-57.0756441,-25.6979841],[-57.0756724,-25.6981149],[-57.0756759,-25.6982089],[-57.0756034,-25.69848],[-57.0755556,-25.6986299],[-57.0755202,-25.6987511],[-57.0755025,-25.6988436],[-57.075472,-25.6989195],[-57.0767956,-25.6993884],[-57.0767766,-25.6992438],[-57.0767784,-25.6991178],[-57.0768386,-25.6990206],[-57.0769164,-25.6988085],[-57.0769766,-25.6986666],[-57.0770226,-25.6985916],[-57.0771129,-25.6985247],[-57.0772827,-25.6985789],[-57.0774526,-25.6987176],[-57.0775977,-25.6987814],[-57.0777641,-25.6987367],[-57.0778791,-25.6986155],[-57.0781198,-25.6984768],[-57.0782136,-25.698354],[-57.0782684,-25.6982026],[-57.0783799,-25.6980399],[-57.0784967,-25.6979123],[-57.0785816,-25.6977672],[-57.0786418,-25.6976397],[-57.078679,-25.6974643],[-57.0786489,-25.6972012],[-57.0785787,-25.6967693],[-57.07844,-25.69645],[-57.0782182,-25.6961363],[-57.0778269,-25.695717],[-57.0776112,-25.6954977],[-57.0774183,-25.6953147],[-57.0773935,-25.6951505],[-57.0773188,-25.6949933]]},"properties":{"osm_id":1268177616,"osm_type":"way"}},{"type":"Feature","geometry":{"type":"LineString","coordinates":[[-57.0679845,-25.6639014],[-57.0679651,-25.6638384],[-57.0678879,-25.6637358],[-57.0678187,-25.6635947],[-57.0677903,-25.6634884],[-57.0677313,-25.6633748],[-57.0677273,-25.6632264],[-57.0677537,-25.6630395],[-57.0676785,-25.6628893],[-57.0676602,-25.6628398],[-57.0675911,-25.6627189],[-57.0674935,-25.662543],[-57.0674935,-25.6624312],[-57.0675504,-25.6623268],[-57.0676256,-25.6621765],[-57.0676643,-25.662019],[-57.0676521,-25.6618467],[-57.06765,-25.6617496],[-57.067646,-25.6615627],[-57.0676256,-25.6614125],[-57.0675748,-25.6612861],[-57.0674833,-25.6611468],[-57.0674224,-25.6610167],[-57.0674102,-25.6608665],[-57.0674447,-25.6607785],[-57.0674447,-25.6606594],[-57.0673878,-25.660522],[-57.0673207,-25.6604762],[-57.067276,-25.6603901],[-57.0672069,-25.6603003],[-57.0671195,-25.6601922],[-57.0670463,-25.6600933],[-57.0670158,-25.6600548],[-57.0668654,-25.6600328],[-57.0667028,-25.6600108],[-57.0665056,-25.6600273],[-57.0663105,-25.6600365],[-57.06616,-25.660053],[-57.0660137,-25.6600768],[-57.0658694,-25.6600768],[-57.0657108,-25.660031],[-57.0655299,-25.6599155],[-57.0653896,-25.65978],[-57.0652778,-25.6595857],[-57.065286,-25.6594831],[-57.065286,-25.6592944],[-57.0653368,-25.6591405],[-57.0654303,-25.659047],[-57.065599,-25.6588785],[-57.0657311,-25.6587466],[-57.0658633,-25.6585267],[-57.0659202,-25.6583306],[-57.0660198,-25.6581089],[-57.0660991,-25.6577919],[-57.066097,-25.6575409],[-57.066034,-25.6573613],[-57.0659608,-25.6570682],[-57.0659466,-25.6569417],[-57.065816,-25.6569312],[-57.0658222,-25.6571367],[-57.0656373,-25.6571312],[-57.0656496,-25.6569256],[-57.065511,-25.6569284],[-57.0655695,-25.6570145],[-57.0655726,-25.6571645],[-57.0655741,-25.6572159],[-57.0655048,-25.6572686],[-57.0654262,-25.657245],[-57.0653877,-25.6571867],[-57.065323,-25.6571159],[-57.0652707,-25.6571534],[-57.0651474,-25.6571312],[-57.0650118,-25.6570964],[-57.0649132,-25.6571145],[-57.064807,-25.6571298],[-57.0647176,-25.6571409],[-57.0646668,-25.6571117],[-57.064676,-25.6572575],[-57.0647669,-25.6574117],[-57.0648562,-25.6575269],[-57.0649687,-25.6576616],[-57.0651043,-25.6578769],[-57.0652106,-25.6579866],[-57.065266,-25.6580963],[-57.0652753,-25.6582185],[-57.0651875,-25.6583393],[-57.0650272,-25.6584503],[-57.0649055,-25.6585434],[-57.0647161,-25.6587031],[-57.0646021,-25.6588114],[-57.0644834,-25.6589419],[-57.064408,-25.6590613],[-57.0643848,-25.6592641],[-57.0643771,-25.6594807],[-57.0643525,-25.6595821],[-57.0643171,-25.6597084],[-57.0643633,-25.659857],[-57.0644049,-25.6600167],[-57.0644134,-25.6601634],[-57.0644141,-25.660175],[-57.064411,-25.6603555],[-57.0643571,-25.6604583],[-57.0643448,-25.6605749],[-57.0644003,-25.660686],[-57.0645404,-25.6607388],[-57.064696,-25.6607277],[-57.0648732,-25.6607207],[-57.0650457,-25.6607374],[-57.0652337,-25.6608082],[-57.065397,-25.6608915],[-57.0655865,-25.6609845],[-57.0656696,-25.6610165],[-57.0658992,-25.661079],[-57.0661102,-25.6611109],[-57.0663275,-25.6611873],[-57.0664538,-25.6612303],[-57.0666402,-25.6613595],[-57.066768,-25.6615122],[-57.0667989,-25.6616552],[-57.0667619,-25.6617996],[-57.0667588,-25.6618746],[-57.0667927,-25.6619871],[-57.0668374,-25.6621051],[-57.0669005,-25.662219],[-57.0669051,-25.6623217],[-57.0669406,-25.6624384],[-57.0669498,-25.6624842],[-57.0669375,-25.6625634],[-57.0669883,-25.6627133],[-57.0670746,-25.6628633],[-57.0670715,-25.6629619],[-57.0670654,-25.6630507],[-57.0670315,-25.6631479],[-57.0671254,-25.6632896],[-57.0672379,-25.6634298],[-57.0672718,-25.663534],[-57.0673442,-25.6636298],[-57.0674751,-25.6637214],[-57.0676015,-25.6638269],[-57.0677031,-25.6639422],[-57.0677365,-25.6639736],[-57.0678197,-25.66395],[-57.0678905,-25.6639056],[-57.0679845,-25.6639014]]},"properties":{"osm_id":1278169636,"osm_type":"way"}},{"type":"Feature","geometry":{"type":"LineString","coordinates":[[-57.0656003,-25.6575154],[-57.0656681,-25.6576265],[-57.0657728,-25.657696],[-57.0657913,-25.657832],[-57.0657205,-25.6578681],[-57.0656896,-25.6579792],[-57.0658406,-25.6580264],[-57.0658252,-25.6581348],[-57.0657636,-25.6582347],[-57.0656681,-25.6583542],[-57.0656003,-25.6584902],[-57.0655017,-25.6585958],[-57.0653692,-25.6586291],[-57.0652244,-25.6586652],[-57.0651659,-25.6588041],[-57.0650765,-25.6589846],[-57.064944,-25.6590623],[-57.0647468,-25.6590374],[-57.0647099,-25.6588985],[-57.064867,-25.6587624],[-57.0649594,-25.6586597],[-57.0650734,-25.6585319],[-57.065209,-25.6584097],[-57.0653322,-25.658257],[-57.0653692,-25.6580959],[-57.0653446,-25.6580292],[-57.0652768,-25.6579154],[-57.0653045,-25.6578126],[-57.0652953,-25.6576598],[-57.0653322,-25.6575515],[-57.0654524,-25.6575015],[-57.0656003,-25.6575154]]},"properties":{"osm_id":1278169637,"osm_type":"way"}},{"type":"Feature","geometry":{"type":"LineString","coordinates":[[-57.0804353,-25.6274426],[-57.0803114,-25.6275287],[-57.0801557,-25.6275926],[-57.0800212,-25.6276308],[-57.0798655,-25.6276947],[-57.0797168,-25.6277808],[-57.0795434,-25.6278351],[-57.0794195,-25.6278702],[-57.0793134,-25.6278702],[-57.0791753,-25.6278351],[-57.079055,-25.6277202],[-57.0789736,-25.6276245],[-57.0787896,-25.627449],[-57.0786834,-25.6273277],[-57.0786161,-25.627216],[-57.0784993,-25.6270054],[-57.0785631,-25.626782],[-57.0786657,-25.6266863],[-57.0787719,-25.6266448],[-57.0788851,-25.6265331],[-57.0789594,-25.6264565],[-57.0789913,-25.6263959],[-57.0790762,-25.6262459],[-57.0791364,-25.6261853],[-57.0792143,-25.6261215],[-57.0792249,-25.6260353],[-57.079186,-25.6259619],[-57.0791683,-25.6259236],[-57.079193,-25.6258694],[-57.0792461,-25.6258598],[-57.0792886,-25.6258917],[-57.0793169,-25.6259843],[-57.0793806,-25.6260289],[-57.0794479,-25.6260226],[-57.0795753,-25.6260257],[-57.0796814,-25.6260513],[-57.0798018,-25.6260736],[-57.0798726,-25.6260832],[-57.0799469,-25.6261055],[-57.080007,-25.6261406],[-57.0800531,-25.626214],[-57.0801203,-25.626297],[-57.0801628,-25.6263959],[-57.0802406,-25.6265076],[-57.0802796,-25.626648],[-57.0803114,-25.6267405],[-57.0803468,-25.6268331],[-57.0803893,-25.6268905],[-57.0804601,-25.6269575],[-57.0805273,-25.6270469],[-57.0805415,-25.6271203],[-57.0805096,-25.627232],[-57.0805273,-25.6272894],[-57.0805131,-25.6273756],[-57.0804353,-25.6274426]]},"properties":{"osm_id":1101568042,"osm_type":"way"}},{"type":"Feature","geometry":{"type":"LineString","coordinates":[[-57.0800424,-25.6268937],[-57.0798619,-25.6268139],[-57.0797381,-25.6268331],[-57.0796,-25.626849],[-57.0795116,-25.6268395],[-57.0794549,-25.6268044],[-57.0794054,-25.6267182],[-57.079324,-25.6266703],[-57.0791966,-25.6266831],[-57.0790408,-25.6267118],[-57.0789241,-25.6268203],[-57.0789241,-25.6268841],[-57.0789311,-25.6270437],[-57.0789276,-25.627149],[-57.0789028,-25.6272543],[-57.0789205,-25.6273564],[-57.0789807,-25.6274458],[-57.0790055,-25.6275032],[-57.0790833,-25.6276277],[-57.079147,-25.6276851],[-57.0792355,-25.6277074],[-57.0793204,-25.6277202],[-57.07937,-25.6277681],[-57.0794549,-25.6278064],[-57.0795611,-25.6277968],[-57.0796814,-25.6277298],[-57.0797522,-25.6276596],[-57.0798796,-25.6276021],[-57.0799929,-25.6275862],[-57.0800884,-25.6275638],[-57.0801734,-25.6275383],[-57.0802017,-25.6274841],[-57.0802088,-25.6273979],[-57.0801911,-25.6273149],[-57.0801345,-25.6272511],[-57.0801026,-25.6272032],[-57.0800637,-25.6271458],[-57.0800531,-25.6270979],[-57.0800637,-25.6270373],[-57.0800778,-25.6269863],[-57.0800778,-25.6269448],[-57.0800424,-25.6268937]]},"properties":{"osm_id":1101568043,"osm_type":"way"}},{"type":"Feature","geometry":{"type":"LineString","coordinates":[[-56.9270795,-25.56981],[-56.9267787,-25.5698706],[-56.9264779,-25.5698866],[-56.9261523,-25.5698579],[-56.925947,-25.569794],[-56.9257453,-25.5697557],[-56.9255541,-25.5697366],[-56.9253383,-25.5697429],[-56.9250445,-25.5697717],[-56.9247154,-25.5697717],[-56.9242022,-25.5697876],[-56.9238022,-25.5698259],[-56.9234412,-25.5698483],[-56.9230555,-25.5698706],[-56.9228113,-25.5698515],[-56.9224715,-25.5697525],[-56.9221034,-25.5696344],[-56.9217601,-25.5695227],[-56.921569,-25.5693854],[-56.9213531,-25.5692768],[-56.92107,-25.5691651],[-56.9206878,-25.5690214],[-56.9203763,-25.5688714],[-56.9202277,-25.5687724],[-56.9201002,-25.5686032],[-56.9199304,-25.5684244],[-56.9197534,-25.5683031],[-56.9195234,-25.5680636],[-56.9194545,-25.5679346],[-56.9193405,-25.5677706],[-56.9192265,-25.5676706],[-56.9191402,-25.5675205],[-56.9190755,-25.567401],[-56.9190231,-25.5672703],[-56.9189831,-25.5671175],[-56.9189831,-25.5670035],[-56.9190724,-25.5669841],[-56.9191679,-25.5670869],[-56.919285,-25.5671064],[-56.9194761,-25.5672175],[-56.9196239,-25.567262],[-56.9197349,-25.567337],[-56.919818,-25.5674482],[-56.9199074,-25.5675761],[-56.9199598,-25.56769],[-56.9200892,-25.5679096],[-56.9202494,-25.5680263],[-56.9203233,-25.5681208],[-56.9204004,-25.5682403],[-56.9205082,-25.5683404],[-56.9206253,-25.5684043],[-56.9207578,-25.5684377],[-56.9209457,-25.5684682],[-56.9210998,-25.5684794],[-56.9212107,-25.5684655],[-56.9214294,-25.5685294],[-56.9216359,-25.5685905],[-56.9218515,-25.5686183],[-56.9220364,-25.56861],[-56.9221658,-25.568585],[-56.9223075,-25.5685238],[-56.9223846,-25.5685044],[-56.9224585,-25.5685238],[-56.9225047,-25.5685933],[-56.922517,-25.5686795],[-56.9225201,-25.5687962],[-56.9225201,-25.5688824],[-56.9225725,-25.5689824],[-56.9227266,-25.569113],[-56.9228621,-25.5692075],[-56.92301,-25.5692353],[-56.9231702,-25.5692214],[-56.9233366,-25.5691909],[-56.9235091,-25.5691297],[-56.9236447,-25.5691214],[-56.923882,-25.5691214],[-56.9240391,-25.5691186],[-56.9241469,-25.5691019],[-56.9243256,-25.5691047],[-56.9244458,-25.5691269],[-56.9245536,-25.5691603],[-56.9246707,-25.5692214],[-56.9247477,-25.5692576],[-56.9248586,-25.5692576],[-56.9250035,-25.5692381],[-56.9251205,-25.5692325],[-56.9252068,-25.5692603],[-56.9252469,-25.5693048],[-56.9253085,-25.5693521],[-56.9253639,-25.5694132],[-56.9253947,-25.5694632],[-56.9254718,-25.5694632],[-56.9255765,-25.5694827],[-56.925786,-25.5695383],[-56.9259863,-25.5695633],[-56.9262081,-25.5696022],[-56.9263067,-25.5696189],[-56.9264238,-25.5696161],[-56.9265193,-25.5695966],[-56.9266302,-25.5695661],[-56.926698,-25.5695549],[-56.9267751,-25.5695327],[-56.9268798,-25.5695744],[-56.9270246,-25.5695911],[-56.9270924,-25.5696383],[-56.9272249,-25.5696661],[-56.9273081,-25.5696661],[-56.9274098,-25.5696995],[-56.9274652,-25.5697328],[-56.9275114,-25.5697856],[-56.9274375,-25.5698245],[-56.9273666,-25.5698412],[-56.9272526,-25.569819],[-56.9270795,-25.56981]]},"properties":{"osm_id":1103973273,"osm_type":"way"}},{"type":"Feature","geometry":{"type":"LineString","coordinates":[[-56.9536605,-25.5641886],[-56.9534593,-25.5641587],[-56.9532184,-25.5641408],[-56.9529995,-25.5641388],[-56.9528536,-25.5641468],[-56.9526436,-25.5641468],[-56.9525022,-25.5641527],[-56.9524336,-25.5641747],[-56.9524005,-25.5642265],[-56.9524093,-25.5642863],[-56.9524668,-25.5643541],[-56.9525464,-25.564416],[-56.9527033,-25.5644698],[-56.9528293,-25.5645017],[-56.9529907,-25.5645077],[-56.9531631,-25.5644838],[-56.9533864,-25.5644399],[-56.9535411,-25.564414],[-56.953634,-25.5643581],[-56.9537003,-25.5643222],[-56.9537401,-25.5642644],[-56.9537268,-25.5642146],[-56.9536605,-25.5641886]]},"properties":{"osm_id":1103951658,"osm_type":"way"}},{"type":"Feature","geometry":{"type":"LineString","coordinates":[[-56.9537003,-25.5641547],[-56.9535057,-25.5641188],[-56.9532714,-25.5640929],[-56.953046,-25.5640889],[-56.952878,-25.5640849],[-56.9526879,-25.5640909],[-56.9524867,-25.5640929],[-56.9523519,-25.5641089],[-56.9522236,-25.5641926],[-56.9521728,-25.5642903],[-56.952175,-25.5644738],[-56.9522723,-25.5645735],[-56.952416,-25.5646513],[-56.952637,-25.5647111],[-56.9528912,-25.564739],[-56.9531145,-25.564735],[-56.9532847,-25.564729],[-56.9535124,-25.5646892],[-56.9536627,-25.5646393],[-56.9537887,-25.5645795],[-56.9538793,-25.5644977],[-56.9539302,-25.564392],[-56.9539103,-25.5642923],[-56.9538616,-25.5642185],[-56.9537909,-25.5641747],[-56.9537003,-25.5641547]]},"properties":{"osm_id":1103951659,"osm_type":"way"}},{"type":"Feature","geometry":{"type":"LineString","coordinates":[[-56.9199897,-25.5680439],[-56.9198234,-25.5679616],[-56.919649,-25.5678624],[-56.9195337,-25.5677463],[-56.9194586,-25.5676398],[-56.9193915,-25.5675721],[-56.9193245,-25.5674995],[-56.9192681,-25.567439],[-56.9192386,-25.5673882],[-56.9191904,-25.5673156],[-56.919134,-25.5672576],[-56.9190589,-25.5671995],[-56.9190965,-25.5671148],[-56.9191689,-25.5671729],[-56.9192386,-25.5672188],[-56.9192413,-25.5671704],[-56.9193406,-25.5671898],[-56.919421,-25.5672213],[-56.919523,-25.567289],[-56.9196222,-25.5673543],[-56.9197027,-25.5674608],[-56.9197751,-25.5675431],[-56.9198341,-25.567635],[-56.9198743,-25.5677366],[-56.9199119,-25.567831],[-56.9199789,-25.5678963],[-56.919987,-25.5679737],[-56.9199897,-25.5680439]]},"properties":{"osm_id":1103973272,"osm_type":"way"}}]}